Arrival_Date,Commodity,Commodity_Code,District,Grade,Market,Max_Price,Min_Price,Modal_Price,State,Variety
2023-01-01,Wheat,1,Chattrapati Sambhajinagar,FAQ,Paithan,3500,2500,3076,Maharashtra,Bansi
2023-01-01,Wheat,1,Ahmednagar,FAQ,Shevgaon,3000,2300,3000,Maharashtra,Maharashtra 2189
2023-01-02,Wheat,1,Dhule,FAQ,Shirpur,3119,2600,2800,Maharashtra,Other
2023-01-02,Wheat,1,Jalgaon,FAQ,Chopada,2125,2062,2125,Maharashtra,Other
2023-01-04,Wheat,1,Chattrapati Sambhajinagar,FAQ,Vaijpur,3020,2700,2750,Maharashtra,Other
2023-01-11,Wheat,1,Hingoli,FAQ,Akhadabalapur,2200,2000,2100,Maharashtra,Maharashtra 2189
2023-01-11,Wheat,1,Chattrapati Sambhajinagar,FAQ,Sillod,2900,2800,2900,Maharashtra,Other
2023-01-12,Wheat,1,Chattrapati Sambhajinagar,FAQ,Lasur Station,3175,2650,2900,Maharashtra,Other
2023-01-14,Wheat,1,Ahmednagar,FAQ,Jamkhed,3000,2200,2600,Maharashtra,Maharashtra 2189
2023-01-15,Wheat,1,Chattrapati Sambhajinagar,FAQ,Paithan,2631,2631,2631,Maharashtra,Bansi
2023-01-16,Wheat,1,Ahmednagar,FAQ,Shevgaon,2600,2600,2600,Maharashtra,Maharashtra 2189
2023-01-17,Wheat,1,Ahmednagar,FAQ,Rahuri(Vambori),3200,2651,2925,Maharashtra,Other
2023-01-17,Wheat,1,Ahmednagar,FAQ,Kopargaon,2951,2740,2899,Maharashtra,Other
2023-01-17,Wheat,1,Ahmednagar,FAQ,Shevgaon,2400,2400,2400,Maharashtra,Maharashtra 2189
2023-01-20,Wheat,1,Jalgaon,FAQ,Pachora,3000,2600,2800,Maharashtra,Other
2023-01-20,Wheat,1,Chattrapati Sambhajinagar,FAQ,Kannad,2900,2500,2700,Maharashtra,Other
2023-01-21,Wheat,1,Chattrapati Sambhajinagar,FAQ,Lasur Station,3060,2700,2900,Maharashtra,Other
2023-01-21,Wheat,1,Ahmednagar,FAQ,Kopargaon,2951,2500,2800,Maharashtra,Other
2023-01-23,Wheat,1,Jalgaon,FAQ,Pachora,3073,2725,2821,Maharashtra,Other
2023-01-23,Wheat,1,Chattrapati Sambhajinagar,FAQ,Sillod,2900,2700,2800,Maharashtra,Other
2023-01-23,Wheat,1,Dharashiv(Usmanabad),FAQ,Kalamb (Dharashiv),3411,2400,3200,Maharashtra,Maharashtra 2189
2023-01-24,Wheat,1,Jalgaon,FAQ,Parola,2948,2500,2948,Maharashtra,Kalyan
2023-01-24,Wheat,1,Dharashiv(Usmanabad),FAQ,Kalamb (Dharashiv),2701,2400,2600,Maharashtra,Maharashtra 2189
2023-01-25,Wheat,1,Ahmednagar,FAQ,Rahuri,2800,2200,2500,Maharashtra,Other
2023-01-25,Wheat,1,Ahmednagar,FAQ,Pathardi,2500,2000,2300,Maharashtra,Maharashtra 2189
2023-01-25,Wheat,1,Ahmednagar,FAQ,Ahmednagar,3050,2400,2725,Maharashtra,Other
2023-01-25,Wheat,1,Chattrapati Sambhajinagar,FAQ,Paithan,3300,2600,2881,Maharashtra,Bansi
2023-01-27,Wheat,1,Dharashiv(Usmanabad),FAQ,Kalamb (Dharashiv),3272,2200,2651,Maharashtra,Maharashtra 2189
2023-01-28,Wheat,1,Ahmednagar,FAQ,Rahata,3110,3110,3110,Maharashtra,Other
2023-01-28,Wheat,1,Ahmednagar,FAQ,Ahmednagar,2900,2600,2750,Maharashtra,Other
2023-01-28,Wheat,1,Ahmednagar,FAQ,Pathardi,2600,2000,2300,Maharashtra,Maharashtra 2189
2023-01-28,Wheat,1,Jalgaon,FAQ,Pachora,2960,2580,2711,Maharashtra,Other
2023-01-30,Wheat,1,Ahmednagar,FAQ,Rahata,2801,2500,2650,Maharashtra,Other
2023-01-30,Wheat,1,Dharashiv(Usmanabad),FAQ,Kalamb (Dharashiv),3500,2300,2700,Maharashtra,Maharashtra 2189
2023-01-30,Wheat,1,Ahmednagar,FAQ,Sangamner,2800,2600,2700,Maharashtra,Other
2023-01-30,Wheat,1,Ahmednagar,FAQ,Kopargaon,3130,2466,2828,Maharashtra,Other
2023-01-31,Wheat,1,Ahmednagar,FAQ,Rahuri(Vambori),1800,1800,1800,Maharashtra,Other
2023-01-31,Wheat,1,Ahmednagar,FAQ,Jamkhed,2500,2200,2350,Maharashtra,Maharashtra 2189
2023-02-01,Wheat,1,Chattrapati Sambhajinagar,FAQ,Paithan,2900,2300,2500,Maharashtra,Bansi
2023-02-01,Wheat,1,Chattrapati Sambhajinagar,FAQ,Lasur Station,3075,2500,2650,Maharashtra,Other
2023-02-01,Wheat,1,Ahmednagar,FAQ,Rahuri(Vambori),2811,2300,2555,Maharashtra,Other
2023-02-01,Wheat,1,Ahmednagar,FAQ,Rahata,2476,2476,2476,Maharashtra,Other
2023-02-02,Wheat,1,Ahmednagar,FAQ,Kopargaon,3075,2490,3000,Maharashtra,Other
2023-02-02,Wheat,1,Jalgaon,FAQ,Chalisgaon,3171,2400,2500,Maharashtra,Maharashtra 2189
2023-02-02,Wheat,1,Dharashiv(Usmanabad),FAQ,Kalamb (Dharashiv),3201,2300,2700,Maharashtra,Maharashtra 2189
2023-02-03,Wheat,1,Dhule,FAQ,Shirpur,2952,2300,2400,Maharashtra,Other
2023-02-03,Wheat,1,Chattrapati Sambhajinagar,FAQ,Sillod,2650,2500,2600,Maharashtra,Other
2023-02-03,Wheat,1,Jalgaon,FAQ,Parola,2377,2377,2377,Maharashtra,Kalyan
2023-02-03,Wheat,1,Dharashiv(Usmanabad),FAQ,Kalamb (Dharashiv),3600,2300,3175,Maharashtra,Maharashtra 2189
2023-02-03,Wheat,1,Ahmednagar,FAQ,Shevgaon,2500,2300,2500,Maharashtra,Maharashtra 2189
2023-02-04,Wheat,1,Chattrapati Sambhajinagar,FAQ,Sillod(Bharadi),2500,2500,2500,Maharashtra,Other
2023-02-04,Wheat,1,Jalgaon,FAQ,Parola,2900,2900,2900,Maharashtra,Kalyan
2023-02-04,Wheat,1,Ahmednagar,FAQ,Rahata,2600,2400,2500,Maharashtra,Other
2023-02-04,Wheat,1,Chattrapati Sambhajinagar,FAQ,Kannad,3100,2500,2800,Maharashtra,Other
2023-02-06,Wheat,1,Ahmednagar,FAQ,Ahmednagar,3050,1950,2500,Maharashtra,Other
2023-02-07,Wheat,1,Chattrapati Sambhajinagar,FAQ,Sillod,2600,2500,2600,Maharashtra,Other
2023-02-07,Wheat,1,Jalgaon,FAQ,Chalisgaon,2800,2351,2400,Maharashtra,Maharashtra 2189
2023-02-07,Wheat,1,Dhule,FAQ,Shirpur,2881,2250,2526,Maharashtra,Other
2023-02-08,Wheat,1,Ahmednagar,FAQ,Pathardi,2400,1900,2200,Maharashtra,Maharashtra 2189
2023-02-08,Wheat,1,Dhule,FAQ,Shirpur,3037,2251,2386,Maharashtra,Other
2023-02-08,Wheat,1,Jalgaon,FAQ,Chopada,3199,3100,3199,Maharashtra,Other
2023-02-09,Wheat,1,Jalgaon,FAQ,Pachora,2651,2452,2521,Maharashtra,Other
2023-02-09,Wheat,1,Jalgaon,FAQ,Parola,2900,2700,2848,Maharashtra,Kalyan
2023-02-09,Wheat,1,Ahmednagar,FAQ,Kopargaon,2952,2440,2500,Maharashtra,Other
2023-02-09,Wheat,1,Chattrapati Sambhajinagar,FAQ,Kannad,3000,2300,2650,Maharashtra,Other
2023-02-09,Wheat,1,Ahmednagar,FAQ,Jamkhed,2800,2000,2400,Maharashtra,Maharashtra 2189
2023-02-09,Wheat,1,Ahmednagar,FAQ,Ahmednagar,2800,2200,2500,Maharashtra,Other
2023-02-10,Wheat,1,Chattrapati Sambhajinagar,FAQ,Paithan,3150,2101,2630,Maharashtra,Bansi
2023-02-11,Wheat,1,Chattrapati Sambhajinagar,FAQ,Paithan,2980,1500,2835,Maharashtra,Bansi
2023-02-11,Wheat,1,Ahmednagar,FAQ,Pathardi,2600,2200,2400,Maharashtra,Maharashtra 2189
2023-02-11,Wheat,1,Ahmednagar,FAQ,Ahmednagar,2850,2400,2625,Maharashtra,Other
2023-02-13,Wheat,1,Ahmednagar,FAQ,Shevgaon,2200,2200,2200,Maharashtra,Maharashtra 2189
2023-02-13,Wheat,1,Dharashiv(Usmanabad),FAQ,Kalamb (Dharashiv),3101,2301,3011,Maharashtra,Maharashtra 2189
2023-02-14,Wheat,1,Ahmednagar,FAQ,Jamkhed,2300,2000,2150,Maharashtra,Other
2023-02-14,Wheat,1,Jalgaon,FAQ,Parola,2181,2181,2181,Maharashtra,Kalyan
2023-02-14,Wheat,1,Dharashiv(Usmanabad),FAQ,Kalamb (Dharashiv),3000,2000,2700,Maharashtra,Maharashtra 2189
2023-02-14,Wheat,1,Chattrapati Sambhajinagar,FAQ,Kannad,2900,2300,2700,Maharashtra,Other
2023-02-14,Wheat,1,Chattrapati Sambhajinagar,FAQ,Lasur Station,2800,2250,2400,Maharashtra,Other
2023-02-15,Wheat,1,Chattrapati Sambhajinagar,FAQ,Kannad,2700,2500,2600,Maharashtra,Other
2023-02-15,Wheat,1,Ahmednagar,FAQ,Kopargaon,2901,2153,2701,Maharashtra,Other
2023-02-15,Wheat,1,Ahmednagar,FAQ,Rahata,2451,2200,2300,Maharashtra,Other
2023-02-15,Wheat,1,Chattrapati Sambhajinagar,FAQ,Sillod,2650,2400,2600,Maharashtra,Other
2023-02-16,Wheat,1,Jalgaon,FAQ,Dharangaon,2831,2281,2281,Maharashtra,Other
2023-02-16,Wheat,1,Ahmednagar,FAQ,Ahmednagar,2800,2100,2450,Maharashtra,Other
2023-02-16,Wheat,1,Jalgaon,FAQ,Parola,2276,2276,2276,Maharashtra,Kalyan
2023-02-16,Wheat,1,Jalgaon,FAQ,Pachora,2350,2200,2251,Maharashtra,Other
2023-02-16,Wheat,1,Dharashiv(Usmanabad),FAQ,Kalamb (Dharashiv),2800,2000,2800,Maharashtra,Maharashtra 2189
2023-02-17,Wheat,1,Ahmednagar,FAQ,Jamkhed,2700,2000,2350,Maharashtra,Maharashtra 2189
2023-02-17,Wheat,1,Jalgaon,FAQ,Chalisgaon,2960,2280,2300,Maharashtra,Maharashtra 2189
2023-02-17,Wheat,1,Ahmednagar,FAQ,Rahata,2250,2100,2200,Maharashtra,Other
2023-02-18,Wheat,1,Ahmednagar,FAQ,Rahata,2600,2600,2600,Maharashtra,Other
2023-02-20,Wheat,1,Jalgaon,FAQ,Dharangaon,2477,2250,2370,Maharashtra,Other
2023-02-22,Wheat,1,Ahmednagar,FAQ,Ahmednagar,2675,1800,2237,Maharashtra,Other
2023-02-22,Wheat,1,Chattrapati Sambhajinagar,FAQ,Sillod,2400,2200,2300,Maharashtra,Other
2023-02-22,Wheat,1,Jalgaon,FAQ,Chopada,2326,1900,1926,Maharashtra,Other
2023-02-22,Wheat,1,Dhule,FAQ,Shirpur,2531,2002,2340,Maharashtra,Other
2023-02-22,Wheat,1,Ahmednagar,FAQ,Rahuri(Vambori),2151,2151,2151,Maharashtra,Other
2023-02-23,Wheat,1,Jalgaon,FAQ,Chalisgaon,2475,2070,2080,Maharashtra,Maharashtra 2189
2023-02-23,Wheat,1,Jalgaon,FAQ,Parola,2301,2301,2301,Maharashtra,Kalyan
2023-02-23,Wheat,1,Dhule,FAQ,Shirpur,2552,2000,2300,Maharashtra,Other
2023-02-23,Wheat,1,Chattrapati Sambhajinagar,FAQ,Lasur Station,2470,2100,2300,Maharashtra,Other
2023-02-23,Wheat,1,Ahmednagar,FAQ,Rahuri,2700,2200,2450,Maharashtra,Other
2023-02-23,Wheat,1,Dharashiv(Usmanabad),FAQ,Kalamb (Dharashiv),3076,2026,2450,Maharashtra,Maharashtra 2189
2023-02-23,Wheat,1,Chattrapati Sambhajinagar,FAQ,Paithan,2651,1950,2411,Maharashtra,Bansi
2023-02-24,Wheat,1,Jalgaon,FAQ,Dharangaon,2251,1825,2022,Maharashtra,Other
2023-02-24,Wheat,1,Chattrapati Sambhajinagar,FAQ,Sillod,2300,2100,2250,Maharashtra,Other
2023-02-24,Wheat,1,Jalgaon,FAQ,Chalisgaon,2452,2070,2100,Maharashtra,Maharashtra 2189
2023-02-24,Wheat,1,Dharashiv(Usmanabad),FAQ,Kalamb (Dharashiv),2678,1861,2201,Maharashtra,Maharashtra 2189
2023-02-25,Wheat,1,Ahmednagar,FAQ,Jamkhed,2500,2200,2350,Maharashtra,Maharashtra 2189
2023-02-25,Wheat,1,Ahmednagar,FAQ,Ahmednagar,2700,2000,2350,Maharashtra,Other
2023-02-25,Wheat,1,Jalgaon,FAQ,Parola,2151,2151,2151,Maharashtra,Kalyan
2023-02-25,Wheat,1,Chattrapati Sambhajinagar,FAQ,Sillod(Bharadi),2100,2100,2100,Maharashtra,Other
2023-02-26,Wheat,1,Jalgaon,FAQ,Parola,2451,1600,2000,Maharashtra,Kalyan
2023-02-27,Wheat,1,Chattrapati Sambhajinagar,FAQ,Lasur Station,2450,2100,2300,Maharashtra,Other
2023-02-27,Wheat,1,Jalgaon,FAQ,Pachora,2406,2151,2311,Maharashtra,Other
2023-02-27,Wheat,1,Ahmednagar,FAQ,Kopargaon,2211,2112,2150,Maharashtra,Other
2023-02-28,Wheat,1,Jalgaon,FAQ,Parola,2300,2050,2050,Maharashtra,Kalyan
2023-02-28,Wheat,1,Jalgaon,FAQ,Chopada,2322,2005,2226,Maharashtra,Other
2023-02-28,Wheat,1,Ahmednagar,FAQ,Kopargaon,23800,1899,2108,Maharashtra,Other
2023-02-28,Wheat,1,Ahmednagar,FAQ,Newasa,2500,2500,2500,Maharashtra,Maharashtra 2189
2023-02-28,Wheat,1,Ahmednagar,FAQ,Rahata,2450,1821,2000,Maharashtra,Other
2023-03-01,Wheat,1,Ahmednagar,FAQ,Ahmednagar,2600,2000,2300,Maharashtra,Other
2023-03-01,Wheat,1,Dhule,FAQ,Dondaicha(Sindhkheda),2212,2126,2161,Maharashtra,Other
2023-03-01,Wheat,1,Ahmednagar,FAQ,Rahata,2383,1946,2100,Maharashtra,Other
2023-03-02,Wheat,1,Ahmednagar,FAQ,Jamkhed,2400,2000,2200,Maharashtra,Other
2023-03-02,Wheat,1,Ahmednagar,FAQ,Rahuri(Vambori),2151,1700,2100,Maharashtra,Other
2023-03-02,Wheat,1,Chattrapati Sambhajinagar,FAQ,Paithan,2426,2000,2325,Maharashtra,Bansi
2023-03-02,Wheat,1,Ahmednagar,FAQ,Rahuri,2050,1950,2000,Maharashtra,Other
2023-03-03,Wheat,1,Ahmednagar,FAQ,Jamkhed,2300,2000,2150,Maharashtra,Other
2023-03-03,Wheat,1,Ahmednagar,FAQ,Rahata,2387,1900,2150,Maharashtra,Other
2023-03-03,Wheat,1,Jalgaon,FAQ,Dharangaon,2399,2000,2178,Maharashtra,Other
2023-03-04,Wheat,1,Chattrapati Sambhajinagar,FAQ,Paithan,2621,2060,2290,Maharashtra,Bansi
2023-03-04,Wheat,1,Chattrapati Sambhajinagar,FAQ,Sillod(Bharadi),2025,2025,2025,Maharashtra,Other
2023-03-04,Wheat,1,Ahmednagar,FAQ,Pathardi,2300,2000,2100,Maharashtra,Maharashtra 2189
2023-03-04,Wheat,1,Chattrapati Sambhajinagar,FAQ,Lasur Station,2461,2075,2300,Maharashtra,Other
2023-03-04,Wheat,1,Ahmednagar,FAQ,Jamkhed,2300,2000,2150,Maharashtra,Other
2023-03-04,Wheat,1,Chattrapati Sambhajinagar,FAQ,Kannad,2301,1900,2105,Maharashtra,Other
2023-03-05,Wheat,1,Chattrapati Sambhajinagar,FAQ,Paithan,2600,2091,2332,Maharashtra,Bansi
2023-03-06,Wheat,1,Ahmednagar,FAQ,Rahuri,2400,1900,2250,Maharashtra,Other
2023-03-06,Wheat,1,Jalgaon,FAQ,Dharangaon,2173,2171,2171,Maharashtra,Other
2023-03-06,Wheat,1,Ahmednagar,FAQ,Rahata,2200,2200,2200,Maharashtra,Other
2023-03-07,Wheat,1,Chattrapati Sambhajinagar,FAQ,Sillod,2325,2100,2250,Maharashtra,Other
2023-03-07,Wheat,1,Ahmednagar,FAQ,Rahuri(Vambori),2277,1904,2277,Maharashtra,Other
2023-03-08,Wheat,1,Dhule,FAQ,Shirpur,2461,1812,2151,Maharashtra,Other
2023-03-08,Wheat,1,Ahmednagar,FAQ,Rahuri,2250,1850,2050,Maharashtra,Other
2023-03-08,Wheat,1,Jalgaon,FAQ,Amalner,2355,2000,2355,Maharashtra,Other
2023-03-08,Wheat,1,Jalgaon,FAQ,Chopada,2372,2000,2242,Maharashtra,Other
2023-03-08,Wheat,1,Jalgaon,FAQ,Pachora,2185,1935,2021,Maharashtra,Other
2023-03-09,Wheat,1,Jalgaon,FAQ,Chopada,2601,2000,2371,Maharashtra,Other
2023-03-09,Wheat,1,Dhule,FAQ,Shirpur,2512,1851,2111,Maharashtra,Other
2023-03-09,Wheat,1,Ahmednagar,FAQ,Jamkhed,2300,2000,2150,Maharashtra,Other
2023-03-10,Wheat,1,Jalgaon,FAQ,Jalgaon,2075,2050,2075,Maharashtra,147 Average
2023-03-10,Wheat,1,Ahmednagar,FAQ,Jamkhed,2300,2000,2150,Maharashtra,Other
2023-03-10,Wheat,1,Ahmednagar,FAQ,Newasa,2000,2000,2000,Maharashtra,Maharashtra 2189
2023-03-10,Wheat,1,Ahmednagar,FAQ,Shevgaon,2400,2000,2000,Maharashtra,Maharashtra 2189
2023-03-11,Wheat,1,Jalgaon,FAQ,Jalgaon(Masawat),2300,2300,2300,Maharashtra,147 Average
2023-03-11,Wheat,1,Chattrapati Sambhajinagar,FAQ,Lasur Station,2471,2075,2250,Maharashtra,Other
2023-03-11,Wheat,1,Jalgaon,FAQ,Amalner,2261,1953,2261,Maharashtra,Other
2023-03-12,Wheat,1,Ahmednagar,FAQ,Rahuri,2400,1750,2250,Maharashtra,Other
2023-03-13,Wheat,1,Ahmednagar,FAQ,Ahmednagar,2300,2000,2200,Maharashtra,Other
2023-03-14,Wheat,1,Jalgaon,FAQ,Chopada,2401,1926,2256,Maharashtra,Other
2023-03-14,Wheat,1,Chattrapati Sambhajinagar,FAQ,Lasur Station,2541,1975,2275,Maharashtra,Other
2023-03-14,Wheat,1,Ahmednagar,FAQ,Jamkhed,2300,2000,2150,Maharashtra,Other
2023-03-14,Wheat,1,Dhule,FAQ,Shirpur,2641,1600,2111,Maharashtra,Other
2023-03-15,Wheat,1,Jalgaon,FAQ,Chopada,2399,1976,2250,Maharashtra,Other
2023-03-15,Wheat,1,Dhule,FAQ,Shirpur,2425,1500,2100,Maharashtra,Other
2023-03-15,Wheat,1,Jalgaon,FAQ,Parola,2415,1800,2300,Maharashtra,Kalyan
2023-03-16,Wheat,1,Ahmednagar,FAQ,Jamkhed,2500,2200,2350,Maharashtra,Maharashtra 2189
2023-03-16,Wheat,1,Jalgaon,FAQ,Amalner,2301,2001,2301,Maharashtra,Other
2023-03-16,Wheat,1,Dharashiv(Usmanabad),FAQ,Kalamb (Dharashiv),2790,1900,2500,Maharashtra,Maharashtra 2189
2023-03-16,Wheat,1,Chattrapati Sambhajinagar,FAQ,Kannad,2661,2000,2350,Maharashtra,Other
2023-03-16,Wheat,1,Ahmednagar,FAQ,Ahmednagar,2350,2000,2175,Maharashtra,Other
2023-03-17,Wheat,1,Ahmednagar,FAQ,Sangamner,2501,2436,2468,Maharashtra,Other
2023-03-17,Wheat,1,Ahmednagar,FAQ,Jamkhed,2400,2000,2200,Maharashtra,Maharashtra 2189
2023-03-17,Wheat,1,Ahmednagar,FAQ,Rahuri(Vambori),2400,1975,2100,Maharashtra,Other
2023-03-18,Wheat,1,Ahmednagar,FAQ,Jamkhed,2200,2000,2100,Maharashtra,Other
2023-03-18,Wheat,1,Ahmednagar,FAQ,Kopargaon,2481,1653,2367,Maharashtra,Other
2023-03-18,Wheat,1,Dharashiv(Usmanabad),FAQ,Kalamb (Dharashiv),2976,2501,2751,Maharashtra,Maharashtra 2189
2023-03-20,Wheat,1,Jalgaon,FAQ,Chalisgaon,2575,1980,2140,Maharashtra,Maharashtra 2189
2023-03-20,Wheat,1,Dhule,FAQ,Shirpur,2615,1650,2000,Maharashtra,Other
2023-03-21,Wheat,1,Ahmednagar,FAQ,Jamkhed,2200,2000,2100,Maharashtra,Other
2023-03-21,Wheat,1,Dhule,FAQ,Shirpur,2650,1500,2151,Maharashtra,Other
2023-03-21,Wheat,1,Chattrapati Sambhajinagar,FAQ,Kannad,2650,1950,2300,Maharashtra,Other
2023-03-21,Wheat,1,Jalgaon,FAQ,Chalisgaon,2601,1919,2025,Maharashtra,Maharashtra 2189
2023-03-21,Wheat,1,Jalgaon,FAQ,Amalner,2450,2000,2450,Maharashtra,Other
2023-03-21,Wheat,1,Dhule,FAQ,Dondaicha(Sindhkheda),2200,2140,2177,Maharashtra,Other
2023-03-21,Wheat,1,Ahmednagar,FAQ,Kopargaon,2511,2142,2396,Maharashtra,Other
2023-03-22,Wheat,1,Dharashiv(Usmanabad),FAQ,Kalamb (Dharashiv),3200,2390,3000,Maharashtra,Maharashtra 2189
2023-03-22,Wheat,1,Hingoli,FAQ,Akhadabalapur,2200,2000,2100,Maharashtra,Maharashtra 2189
2023-03-22,Wheat,1,Chattrapati Sambhajinagar,FAQ,Lasur Station,2600,2100,2325,Maharashtra,Other
2023-03-23,Wheat,1,Jalgaon,FAQ,Dharangaon,2398,1950,2200,Maharashtra,Other
2023-03-23,Wheat,1,Chattrapati Sambhajinagar,FAQ,Paithan,2481,2011,2250,Maharashtra,Bansi
2023-03-23,Wheat,1,Jalgaon,FAQ,Parola,2471,1950,2375,Maharashtra,Kalyan
2023-03-23,Wheat,1,Ahmednagar,FAQ,Rahata,2655,2025,2286,Maharashtra,Other
2023-03-23,Wheat,1,Chattrapati Sambhajinagar,FAQ,Sillod,2150,2000,2100,Maharashtra,Other
2023-03-24,Wheat,1,Ahmednagar,FAQ,Sangamner,2638,2200,2419,Maharashtra,Other
2023-03-24,Wheat,1,Dhule,FAQ,Sakri,2375,2000,2275,Maharashtra,Other
2023-03-24,Wheat,1,Chattrapati Sambhajinagar,FAQ,Lasur Station,2750,2100,2400,Maharashtra,Other
2023-03-24,Wheat,1,Ahmednagar,FAQ,Jamkhed,2600,2000,2300,Maharashtra,Maharashtra 2189
2023-03-24,Wheat,1,Ahmednagar,FAQ,Rahuri(Vambori),2041,2041,2041,Maharashtra,Other
2023-03-24,Wheat,1,Chattrapati Sambhajinagar,FAQ,Paithan,2441,2000,2291,Maharashtra,Bansi
2023-03-25,Wheat,1,Dhule,FAQ,Sakri,2375,2000,2250,Maharashtra,Other
2023-03-25,Wheat,1,Dharashiv(Usmanabad),FAQ,Kalamb (Dharashiv),3800,1900,2500,Maharashtra,Maharashtra 2189
2023-03-25,Wheat,1,Ahmednagar,FAQ,Jamkhed,2400,2000,2200,Maharashtra,Other
2023-03-25,Wheat,1,Ahmednagar,FAQ,Jamkhed,2600,2000,2300,Maharashtra,Maharashtra 2189
2023-03-26,Wheat,1,Chattrapati Sambhajinagar,FAQ,Sillod,2200,2075,2100,Maharashtra,Other
2023-03-27,Wheat,1,Ahmednagar,FAQ,Rahata,2400,2050,2225,Maharashtra,Other
2023-03-27,Wheat,1,Ahmednagar,FAQ,Jamkhed,2300,2000,2150,Maharashtra,Other
2023-03-27,Wheat,1,Jalgaon,FAQ,Chalisgaon,2800,2022,2051,Maharashtra,Maharashtra 2189
2023-03-28,Wheat,1,Dharashiv(Usmanabad),FAQ,Kalamb (Dharashiv),3081,1800,2600,Maharashtra,Maharashtra 2189
2023-03-28,Wheat,1,Jalgaon,FAQ,Parola,2500,2100,2350,Maharashtra,Kalyan
2023-03-29,Wheat,1,Hingoli,FAQ,Akhadabalapur,2400,2200,2300,Maharashtra,Maharashtra 2189
2023-03-29,Wheat,1,Dhule,FAQ,Dondaicha(Sindhkheda),2326,2176,2265,Maharashtra,Other
2023-03-29,Wheat,1,Chattrapati Sambhajinagar,FAQ,Kannad,3300,1900,2600,Maharashtra,Other
2023-03-29,Wheat,1,Jalgaon,FAQ,Pachora,2450,2051,2231,Maharashtra,Other
2023-03-30,Wheat,1,Jalgaon,FAQ,Parola,2470,2150,2200,Maharashtra,Kalyan
2023-03-30,Wheat,1,Ahmednagar,FAQ,Rahata,2401,2011,2300,Maharashtra,Other
2023-03-31,Wheat,1,Dharashiv(Usmanabad),FAQ,Kalamb (Dharashiv),3000,2075,2800,Maharashtra,Maharashtra 2189
2023-03-31,Wheat,1,Chattrapati Sambhajinagar,FAQ,Paithan,2400,2100,2375,Maharashtra,Bansi
2023-04-01,Wheat,1,Jalgaon,FAQ,Pachora,2400,2151,2300,Maharashtra,Other
2023-04-01,Wheat,1,Dharashiv(Usmanabad),FAQ,Kalamb (Dharashiv),3100,2500,2800,Maharashtra,Maharashtra 2189
2023-04-01,Wheat,1,Ahmednagar,FAQ,Rahata,2386,1900,2150,Maharashtra,Other
2023-04-01,Wheat,1,Chattrapati Sambhajinagar,FAQ,Lasur Station,2865,2175,2300,Maharashtra,Other
2023-04-01,Wheat,1,Ahmednagar,FAQ,Pathardi,2200,1800,2000,Maharashtra,Maharashtra 2189
2023-04-02,Wheat,1,Ahmednagar,FAQ,Rahuri,2100,1500,1800,Maharashtra,Other
2023-04-02,Wheat,1,Chattrapati Sambhajinagar,FAQ,Kannad,3002,1900,2451,Maharashtra,Other
2023-04-03,Wheat,1,Ahmednagar,FAQ,Rahata,2499,1900,2240,Maharashtra,Other
2023-04-03,Wheat,1,Chattrapati Sambhajinagar,FAQ,Lasur Station,2750,2150,2350,Maharashtra,Other
2023-04-04,Wheat,1,Chattrapati Sambhajinagar,FAQ,Paithan,2450,2100,2300,Maharashtra,Bansi
2023-04-05,Wheat,1,Dhule,FAQ,Shirpur,2727,1571,2240,Maharashtra,Other
2023-04-05,Wheat,1,Dharashiv(Usmanabad),FAQ,Kalamb (Dharashiv),3011,2400,2701,Maharashtra,Maharashtra 2189
2023-04-05,Wheat,1,Jalgaon,FAQ,Dharangaon,2400,2182,2233,Maharashtra,Other
2023-04-05,Wheat,1,Jalgaon,FAQ,Chopada,2451,2151,2375,Maharashtra,Other
2023-04-06,Wheat,1,Jalgaon,FAQ,Jalgaon,2460,2205,2460,Maharashtra,147 Average
2023-04-06,Wheat,1,Ahmednagar,FAQ,Kopargaon,2273,2020,2150,Maharashtra,Other
2023-04-06,Wheat,1,Chattrapati Sambhajinagar,FAQ,Sillod,2300,2100,2200,Maharashtra,Other
2023-04-06,Wheat,1,Dhule,FAQ,Dondaicha(Sindhkheda),2390,2126,2240,Maharashtra,Other
2023-04-06,Wheat,1,Ahmednagar,FAQ,Jamkhed,2300,2000,2150,Maharashtra,Other
2023-04-08,Wheat,1,Ahmednagar,FAQ,Kopargaon,2450,2032,2110,Maharashtra,Other
2023-04-08,Wheat,1,Ahmednagar,FAQ,Rahuri(Vambori),2050,2000,2025,Maharashtra,Other
2023-04-08,Wheat,1,Jalgaon,FAQ,Amalner,2600,2025,2600,Maharashtra,Other
2023-04-08,Wheat,1,Chattrapati Sambhajinagar,FAQ,Paithan,2451,2050,2351,Maharashtra,Bansi
2023-04-09,Wheat,1,Jalgaon,FAQ,Parola,2475,2101,2375,Maharashtra,Kalyan
2023-04-09,Wheat,1,Ahmednagar,FAQ,Rahuri,2100,1900,2000,Maharashtra,Other
2023-04-10,Wheat,1,Jalgaon,FAQ,Pachora,2300,2015,2100,Maharashtra,Other
2023-04-10,Wheat,1,Ahmednagar,FAQ,Jamkhed,2600,2200,2400,Maharashtra,Maharashtra 2189
2023-04-10,Wheat,1,Ahmednagar,FAQ,Rahuri,2150,1900,2025,Maharashtra,Other
2023-04-10,Wheat,1,Ahmednagar,FAQ,Sangamner,2491,2160,2325,Maharashtra,Other
2023-04-11,Wheat,1,Chattrapati Sambhajinagar,FAQ,Kannad,3200,1950,2575,Maharashtra,Other
2023-04-11,Wheat,1,Dharashiv(Usmanabad),FAQ,Kalamb (Dharashiv),3280,2500,2900,Maharashtra,Maharashtra 2189
2023-04-11,Wheat,1,Jalgaon,FAQ,Amalner,2550,2250,2550,Maharashtra,Other
2023-04-11,Wheat,1,Ahmednagar,FAQ,Rahata,2199,1950,2075,Maharashtra,Other
2023-04-11,Wheat,1,Ahmednagar,FAQ,Rahuri(Vambori),2401,2000,2200,Maharashtra,Other
2023-04-12,Wheat,1,Ahmednagar,FAQ,Rahuri,2200,1900,2050,Maharashtra,Other
2023-04-12,Wheat,1,Dhule,FAQ,Dondaicha(Sindhkheda),2252,2130,2186,Maharashtra,Other
2023-04-12,Wheat,1,Jalgaon,FAQ,Pachora,2250,2050,2131,Maharashtra,Other
2023-04-12,Wheat,1,Ahmednagar,FAQ,Kopargaon,2437,2114,2313,Maharashtra,Other
2023-04-12,Wheat,1,Ahmednagar,FAQ,Rahata,2351,2060,2270,Maharashtra,Other
2023-04-12,Wheat,1,Chattrapati Sambhajinagar,FAQ,Lasur Station,2839,2150,2350,Maharashtra,Other
2023-04-12,Wheat,1,Dharashiv(Usmanabad),FAQ,Kalamb (Dharashiv),2700,2000,2551,Maharashtra,Maharashtra 2189
2023-04-13,Wheat,1,Jalgaon,FAQ,Amalner,2500,1950,2500,Maharashtra,Other
2023-04-14,Wheat,1,Ahmednagar,FAQ,Rahata,2355,2000,2251,Maharashtra,Other
2023-04-15,Wheat,1,Chattrapati Sambhajinagar,FAQ,Kannad,3100,1900,2800,Maharashtra,Other
2023-04-15,Wheat,1,Ahmednagar,FAQ,Ahmednagar,2575,2050,2312,Maharashtra,Other
2023-04-15,Wheat,1,Jalgaon,FAQ,Parola,2376,2376,2376,Maharashtra,Kalyan
2023-04-15,Wheat,1,Jalgaon,FAQ,Dharangaon,2301,2100,2214,Maharashtra,Other
2023-04-15,Wheat,1,Ahmednagar,FAQ,Kopargaon,2451,2040,2253,Maharashtra,Other
2023-04-15,Wheat,1,Chattrapati Sambhajinagar,FAQ,Paithan,2540,2100,2370,Maharashtra,Bansi
2023-04-15,Wheat,1,Jalgaon,FAQ,Amalner,2400,2200,2400,Maharashtra,Other
2023-04-16,Wheat,1,Ahmednagar,FAQ,Rahuri,2100,2000,2050,Maharashtra,Other
2023-04-17,Wheat,1,Jalgaon,FAQ,Dharangaon,2122,2075,2122,Maharashtra,Other
2023-04-18,Wheat,1,Ahmednagar,FAQ,Jamkhed,2400,2000,2200,Maharashtra,Other
2023-04-18,Wheat,1,Chattrapati Sambhajinagar,FAQ,Paithan,2700,2252,2500,Maharashtra,Bansi
2023-04-19,Wheat,1,Jalgaon,FAQ,Jalgaon,1900,1900,1900,Maharashtra,147 Average
2023-04-19,Wheat,1,Chattrapati Sambhajinagar,FAQ,Lasur Station,2956,2125,2275,Maharashtra,Other
2023-04-19,Wheat,1,Dhule,FAQ,Shirpur,2425,1800,2121,Maharashtra,Other
2023-04-19,Wheat,1,Jalgaon,FAQ,Chalisgaon,2700,2000,2100,Maharashtra,Maharashtra 2189
2023-04-19,Wheat,1,Ahmednagar,FAQ,Newasa,2300,2300,2300,Maharashtra,Maharashtra 2189
2023-04-19,Wheat,1,Ahmednagar,FAQ,Pathardi,2300,1800,2000,Maharashtra,Maharashtra 2189
2023-04-19,Wheat,1,Jalgaon,FAQ,Chopada,2501,2100,2375,Maharashtra,Other
2023-04-20,Wheat,1,Ahmednagar,FAQ,Jamkhed,2500,2000,2250,Maharashtra,Maharashtra 2189
2023-04-20,Wheat,1,Ahmednagar,FAQ,Rahuri,2200,1950,2125,Maharashtra,Other
2023-04-20,Wheat,1,Jalgaon,FAQ,Chalisgaon,2601,2070,2300,Maharashtra,Maharashtra 2189
2023-04-21,Wheat,1,Chattrapati Sambhajinagar,FAQ,Paithan,2700,200,2400,Maharashtra,Bansi
2023-04-21,Wheat,1,Ahmednagar,FAQ,Jamkhed,2400,2000,2200,Maharashtra,Other
2023-04-21,Wheat,1,Ahmednagar,FAQ,Rahata,2330,2011,2241,Maharashtra,Other
2023-04-21,Wheat,1,Ahmednagar,FAQ,Kopargaon,2392,2101,2223,Maharashtra,Other
2023-04-21,Wheat,1,Jalgaon,FAQ,Jalgaon,2050,2050,2050,Maharashtra,147 Average
2023-04-24,Wheat,1,Ahmednagar,FAQ,Rahata,2260,2025,2155,Maharashtra,Other
2023-04-25,Wheat,1,Hingoli,FAQ,Akhadabalapur,2800,2500,2700,Maharashtra,Maharashtra 2189
2023-04-25,Wheat,1,Jalgaon,FAQ,Jalgaon,2190,2190,2190,Maharashtra,147 Average
2023-04-25,Wheat,1,Jalgaon,FAQ,Parola,2411,2386,2386,Maharashtra,Kalyan
2023-04-25,Wheat,1,Chattrapati Sambhajinagar,FAQ,Kannad,2800,1800,2500,Maharashtra,Other
2023-04-25,Wheat,1,Ahmednagar,FAQ,Jamkhed,2600,2200,2400,Maharashtra,Maharashtra 2189
2023-04-25,Wheat,1,Dharashiv(Usmanabad),FAQ,Kalamb (Dharashiv),3020,2500,2900,Maharashtra,Maharashtra 2189
2023-04-26,Wheat,1,Dharashiv(Usmanabad),FAQ,Kalamb (Dharashiv),3251,2500,3000,Maharashtra,Maharashtra 2189
2023-04-26,Wheat,1,Chattrapati Sambhajinagar,FAQ,Sillod,2350,2100,2250,Maharashtra,Other
2023-04-26,Wheat,1,Ahmednagar,FAQ,Pathardi,2300,1900,2000,Maharashtra,Maharashtra 2189
2023-04-26,Wheat,1,Ahmednagar,FAQ,Rahata,2351,2026,2216,Maharashtra,Other
2023-04-27,Wheat,1,Dhule,FAQ,Shirpur,2576,1800,2301,Maharashtra,Other
2023-04-27,Wheat,1,Jalgaon,FAQ,Chopada,2100,2100,2100,Maharashtra,Other
2023-04-27,Wheat,1,Dharashiv(Usmanabad),FAQ,Kalamb (Dharashiv),3151,2500,2800,Maharashtra,Maharashtra 2189
2023-04-27,Wheat,1,Jalgaon,FAQ,Chalisgaon,3191,2050,2502,Maharashtra,Maharashtra 2189
2023-04-29,Wheat,1,Ahmednagar,FAQ,Pathardi,2300,1900,2000,Maharashtra,Maharashtra 2189
2023-04-29,Wheat,1,Chattrapati Sambhajinagar,FAQ,Lasur Station,2680,1950,2150,Maharashtra,Other
2023-04-29,Wheat,1,Jalgaon,FAQ,Amalner,2509,2251,2509,Maharashtra,Other
2023-04-29,Wheat,1,Ahmednagar,FAQ,Rahuri(Vambori),2200,1951,2000,Maharashtra,Other
2023-05-01,Wheat,1,Chattrapati Sambhajinagar,FAQ,Sillod,2300,2100,2200,Maharashtra,Other
2023-05-02,Wheat,1,Chattrapati Sambhajinagar,FAQ,Sillod,2250,2100,2200,Maharashtra,Other
2023-05-02,Wheat,1,Chattrapati Sambhajinagar,FAQ,Kannad,3251,1900,2575,Maharashtra,Other
2023-05-03,Wheat,1,Jalgaon,FAQ,Parola,2450,2450,2450,Maharashtra,Kalyan
2023-05-04,Wheat,1,Jalgaon,FAQ,Amalner,2625,2200,2625,Maharashtra,Other
2023-05-04,Wheat,1,Chattrapati Sambhajinagar,FAQ,Lasur Station,2900,2025,2300,Maharashtra,Other
2023-05-04,Wheat,1,Ahmednagar,FAQ,Jamkhed,2400,2000,2200,Maharashtra,Other
2023-05-05,Wheat,1,Chattrapati Sambhajinagar,FAQ,Lasur Station,2960,2100,2350,Maharashtra,Other
2023-05-05,Wheat,1,Chattrapati Sambhajinagar,FAQ,Sillod,2300,2100,2200,Maharashtra,Other
2023-05-06,Wheat,1,Chattrapati Sambhajinagar,FAQ,Sillod(Bharadi),2100,2100,2100,Maharashtra,Other
2023-05-06,Wheat,1,Ahmednagar,FAQ,Jamkhed,2600,2200,2400,Maharashtra,Maharashtra 2189
2023-05-06,Wheat,1,Ahmednagar,FAQ,Rahata,2266,2000,2130,Maharashtra,Other
2023-05-07,Wheat,1,Chattrapati Sambhajinagar,FAQ,Kannad,3200,1850,2525,Maharashtra,Other
2023-05-08,Wheat,1,Ahmednagar,FAQ,Jamkhed,2400,2200,2300,Maharashtra,Other
2023-05-09,Wheat,1,Chattrapati Sambhajinagar,FAQ,Kannad,3200,1850,2563,Maharashtra,Other
2023-05-10,Wheat,1,Chattrapati Sambhajinagar,FAQ,Paithan,2741,2081,2200,Maharashtra,Bansi
2023-05-10,Wheat,1,Ahmednagar,FAQ,Kopargaon,2250,2090,2111,Maharashtra,Other
2023-05-10,Wheat,1,Ahmednagar,FAQ,Rahata,2251,2101,2175,Maharashtra,Other
2023-05-10,Wheat,1,Ahmednagar,FAQ,Pathardi,2300,1900,2000,Maharashtra,Maharashtra 2189
2023-05-10,Wheat,1,Chattrapati Sambhajinagar,FAQ,Lasur Station,2500,2100,2250,Maharashtra,Other
2023-05-11,Wheat,1,Chattrapati Sambhajinagar,FAQ,Paithan,2550,2076,2400,Maharashtra,Bansi
2023-05-11,Wheat,1,Jalgaon,FAQ,Chalisgaon,2400,2011,2361,Maharashtra,Maharashtra 2189
2023-05-11,Wheat,1,Dhule,FAQ,Dondaicha(Sindhkheda),2291,1941,1941,Maharashtra,Other
2023-05-11,Wheat,1,Chattrapati Sambhajinagar,FAQ,Vaijpur,2690,2100,2300,Maharashtra,Other
2023-05-12,Wheat,1,Ahmednagar,FAQ,Rahata,2200,2050,2130,Maharashtra,Other
2023-05-12,Wheat,1,Ahmednagar,FAQ,Rahuri(Vambori),2355,2200,2277,Maharashtra,Other
2023-05-12,Wheat,1,Chattrapati Sambhajinagar,FAQ,Kannad,2900,2000,2900,Maharashtra,Other
2023-05-13,Wheat,1,Ahmednagar,FAQ,Rahata,2244,2136,2186,Maharashtra,Other
2023-05-13,Wheat,1,Dharashiv(Usmanabad),FAQ,Kalamb (Dharashiv),4600,4600,4600,Maharashtra,Bansi
2023-05-13,Wheat,1,Chattrapati Sambhajinagar,FAQ,Vaijpur,2700,2150,2305,Maharashtra,Other
2023-05-15,Wheat,1,Hingoli,FAQ,Akhadabalapur,2400,2000,2200,Maharashtra,Maharashtra 2189
2023-05-15,Wheat,1,Dharashiv(Usmanabad),FAQ,Kalamb (Dharashiv),3001,2100,2600,Maharashtra,Maharashtra 2189
2023-05-16,Wheat,1,Dharashiv(Usmanabad),FAQ,Kalamb (Dharashiv),2671,2000,2450,Maharashtra,Maharashtra 2189
2023-05-16,Wheat,1,Dhule,FAQ,Dondaicha(Sindhkheda),2242,2176,2242,Maharashtra,Other
2023-05-16,Wheat,1,Jalgaon,FAQ,Chalisgaon,3050,2080,2500,Maharashtra,Maharashtra 2189
2023-05-17,Wheat,1,Ahmednagar,FAQ,Rahuri(Vambori),2350,1901,2175,Maharashtra,Other
2023-05-17,Wheat,1,Dhule,FAQ,Dondaicha(Sindhkheda),2245,1905,2241,Maharashtra,Other
2023-05-17,Wheat,1,Ahmednagar,FAQ,Pathardi,2300,2000,2100,Maharashtra,Maharashtra 2189
2023-05-17,Wheat,1,Jalgaon,FAQ,Parola,2251,2000,2251,Maharashtra,Kalyan
2023-05-18,Wheat,1,Ahmednagar,FAQ,Jamkhed,2700,2200,2450,Maharashtra,Maharashtra 2189
2023-05-19,Wheat,1,Chattrapati Sambhajinagar,FAQ,Sillod,2300,2200,2300,Maharashtra,Other
2023-05-20,Wheat,1,Chattrapati Sambhajinagar,FAQ,Vaijpur,2715,2200,2305,Maharashtra,Other
2023-05-20,Wheat,1,Jalgaon,FAQ,Jalgaon,2065,2065,2065,Maharashtra,147 Average
2023-05-20,Wheat,1,Jalgaon,FAQ,Chopada,2075,2075,2075,Maharashtra,Other
2023-05-21,Wheat,1,Chattrapati Sambhajinagar,FAQ,Sillod,2500,2100,2200,Maharashtra,Other
2023-05-22,Wheat,1,Jalgaon,FAQ,Amalner,2526,2271,2526,Maharashtra,Other
2023-05-22,Wheat,1,Ahmednagar,FAQ,Jamkhed,2400,2000,2200,Maharashtra,Other
2023-05-23,Wheat,1,Dhule,FAQ,Shirpur,2526,1900,2300,Maharashtra,Other
2023-05-23,Wheat,1,Ahmednagar,FAQ,Newasa,2300,2300,2300,Maharashtra,Maharashtra 2189
2023-05-24,Wheat,1,Jalgaon,FAQ,Dharangaon,2130,2130,2130,Maharashtra,Other
2023-05-24,Wheat,1,Ahmednagar,FAQ,Pathardi,2300,1800,2100,Maharashtra,Maharashtra 2189
2023-05-24,Wheat,1,Jalgaon,FAQ,Jalgaon,2200,2100,2100,Maharashtra,147 Average
2023-05-24,Wheat,1,Chattrapati Sambhajinagar,FAQ,Sillod,2300,2200,2300,Maharashtra,Other
2023-05-24,Wheat,1,Chattrapati Sambhajinagar,FAQ,Kannad,3000,1850,2800,Maharashtra,Other
2023-05-24,Wheat,1,Chattrapati Sambhajinagar,FAQ,Vaijpur,2695,2200,2340,Maharashtra,Other
2023-05-24,Wheat,1,Jalgaon,FAQ,Amalner,2433,2231,2433,Maharashtra,Other
2023-05-25,Wheat,1,Ahmednagar,FAQ,Rahata,2420,2125,2275,Maharashtra,Other
2023-05-25,Wheat,1,Ahmednagar,FAQ,Kopargaon,2285,2251,2266,Maharashtra,Other
2023-05-25,Wheat,1,Jalgaon,FAQ,Amalner,2565,2300,2565,Maharashtra,Other
2023-05-25,Wheat,1,Jalgaon,FAQ,Parola,2400,2400,2400,Maharashtra,Kalyan
2023-05-26,Wheat,1,Jalgaon,FAQ,Parola,2337,1701,2020,Maharashtra,Kalyan
2023-05-26,Wheat,1,Ahmednagar,FAQ,Rahata,2376,1740,2268,Maharashtra,Other
2023-05-26,Wheat,1,Ahmednagar,FAQ,Jamkhed,2600,1800,2200,Maharashtra,Other
2023-05-26,Wheat,1,Chattrapati Sambhajinagar,FAQ,Paithan,2740,2250,2400,Maharashtra,Bansi
2023-05-27,Wheat,1,Ahmednagar,FAQ,Pathardi,2300,1900,2000,Maharashtra,Maharashtra 2189
2023-05-27,Wheat,1,Chattrapati Sambhajinagar,FAQ,Kannad,2400,1800,2100,Maharashtra,Other
2023-05-29,Wheat,1,Chattrapati Sambhajinagar,FAQ,Lasur Station,2935,2100,2200,Maharashtra,Other
2023-05-29,Wheat,1,Ahmednagar,FAQ,Jamkhed,2600,2000,2300,Maharashtra,Maharashtra 2189
2023-05-30,Wheat,1,Dhule,FAQ,Sakri,2200,2000,2121,Maharashtra,Other
2023-05-30,Wheat,1,Ahmednagar,FAQ,Rahata,2478,2150,2315,Maharashtra,Other
2023-05-31,Wheat,1,Chattrapati Sambhajinagar,FAQ,Vaijpur,2680,2305,2380,Maharashtra,Other
2023-05-31,Wheat,1,Chattrapati Sambhajinagar,FAQ,Sillod,2300,2100,2200,Maharashtra,Other
2023-05-31,Wheat,1,Ahmednagar,FAQ,Kopargaon,2356,2222,2300,Maharashtra,Other
2023-06-01,Wheat,1,Chattrapati Sambhajinagar,FAQ,Lasur Station,2991,2050,2250,Maharashtra,Other
2023-06-01,Wheat,1,Ahmednagar,FAQ,Sangamner,2540,2285,2412,Maharashtra,Other
2023-06-01,Wheat,1,Chattrapati Sambhajinagar,FAQ,Paithan,2600,2196,2281,Maharashtra,Bansi
2023-06-01,Wheat,1,Dhule,FAQ,Dondaicha(Sindhkheda),2287,2253,2287,Maharashtra,Other
2023-06-03,Wheat,1,Chattrapati Sambhajinagar,FAQ,Lasur Station,2901,2100,2275,Maharashtra,Other
2023-06-03,Wheat,1,Chattrapati Sambhajinagar,FAQ,Kannad,3012,1850,2431,Maharashtra,Other
2023-06-03,Wheat,1,Ahmednagar,FAQ,Kopargaon,2377,2235,2300,Maharashtra,Other
2023-06-04,Wheat,1,Chattrapati Sambhajinagar,FAQ,Sillod,2325,2200,2250,Maharashtra,Other
2023-06-05,Wheat,1,Dhule,FAQ,Dondaicha(Sindhkheda),2309,2192,2270,Maharashtra,Other
2023-06-05,Wheat,1,Chattrapati Sambhajinagar,FAQ,Sillod,2300,2100,2200,Maharashtra,Other
2023-06-05,Wheat,1,Jalgaon,FAQ,Chopada,2551,2251,2548,Maharashtra,Other
2023-06-06,Wheat,1,Chattrapati Sambhajinagar,FAQ,Vaijpur,2650,2305,2365,Maharashtra,Other
2023-06-06,Wheat,1,Ahmednagar,FAQ,Rahuri,2275,2000,2125,Maharashtra,Other
2023-06-06,Wheat,1,Ahmednagar,FAQ,Rahata,2526,2200,2325,Maharashtra,Other
2023-06-06,Wheat,1,Jalgaon,FAQ,Parola,2701,2172,2419,Maharashtra,Kalyan
2023-06-06,Wheat,1,Dhule,FAQ,Shirpur,2520,2000,2340,Maharashtra,Other
2023-06-06,Wheat,1,Ahmednagar,FAQ,Jamkhed,2400,2000,2200,Maharashtra,Other
2023-06-07,Wheat,1,Chattrapati Sambhajinagar,FAQ,Lasur Station,3030,2125,2275,Maharashtra,Other
2023-06-07,Wheat,1,Ahmednagar,FAQ,Pathardi,2300,2000,2100,Maharashtra,Maharashtra 2189
2023-06-07,Wheat,1,Ahmednagar,FAQ,Rahuri,2300,2100,2200,Maharashtra,Other
2023-06-07,Wheat,1,Jalgaon,FAQ,Chopada,2681,2200,2527,Maharashtra,Other
2023-06-07,Wheat,1,Ahmednagar,FAQ,Rahuri(Vambori),2400,2300,2350,Maharashtra,Other
2023-06-08,Wheat,1,Jalgaon,FAQ,Amalner,2431,2272,2431,Maharashtra,Other
2023-06-08,Wheat,1,Ahmednagar,FAQ,Rahuri(Vambori),2111,2100,2105,Maharashtra,Other
2023-06-08,Wheat,1,Ahmednagar,FAQ,Rahata,2412,2250,2331,Maharashtra,Other
2023-06-08,Wheat,1,Ahmednagar,FAQ,Jamkhed,2400,2200,2300,Maharashtra,Other
2023-06-09,Wheat,1,Dhule,FAQ,Shirpur,2541,2000,2311,Maharashtra,Other
2023-06-10,Wheat,1,Chattrapati Sambhajinagar,FAQ,Paithan,2700,2231,2400,Maharashtra,Bansi
2023-06-10,Wheat,1,Ahmednagar,FAQ,Rahuri(Vambori),2480,2020,2250,Maharashtra,Other
2023-06-10,Wheat,1,Ahmednagar,FAQ,Rahata,2325,2225,2275,Maharashtra,Other
2023-06-11,Wheat,1,Ahmednagar,FAQ,Rahuri,2300,2000,2150,Maharashtra,Other
2023-06-12,Wheat,1,Ahmednagar,FAQ,Kopargaon,2400,2185,2290,Maharashtra,Other
2023-06-13,Wheat,1,Chattrapati Sambhajinagar,FAQ,Paithan,2491,2200,2351,Maharashtra,Bansi
2023-06-13,Wheat,1,Ahmednagar,FAQ,Rahuri(Vambori),2296,2000,2148,Maharashtra,Other
2023-06-13,Wheat,1,Chattrapati Sambhajinagar,FAQ,Lasur Station,2700,2176,2325,Maharashtra,Other
2023-06-14,Wheat,1,Jalgaon,FAQ,Chopada,2351,2300,2351,Maharashtra,Other
2023-06-14,Wheat,1,Ahmednagar,FAQ,Pathardi,2300,1900,2100,Maharashtra,Maharashtra 2189
2023-06-15,Wheat,1,Chattrapati Sambhajinagar,FAQ,Paithan,2561,2181,2440,Maharashtra,Bansi
2023-06-15,Wheat,1,Jalgaon,FAQ,Parola,2095,2095,2095,Maharashtra,Kalyan
2023-06-16,Wheat,1,Jalgaon,FAQ,Pachora,2350,2150,2221,Maharashtra,Other
2023-06-16,Wheat,1,Jalgaon,FAQ,Chalisgaon,2600,2141,2251,Maharashtra,Maharashtra 2189
2023-06-16,Wheat,1,Dhule,FAQ,Shirpur,2457,2022,2250,Maharashtra,Other
2023-06-17,Wheat,1,Chattrapati Sambhajinagar,FAQ,Kannad,3112,2000,2556,Maharashtra,Other
2023-06-17,Wheat,1,Chattrapati Sambhajinagar,FAQ,Vaijpur,2890,2200,2240,Maharashtra,Other
2023-06-19,Wheat,1,Jalgaon,FAQ,Jalgaon,2250,2250,2250,Maharashtra,147 Average
2023-06-19,Wheat,1,Jalgaon,FAQ,Chalisgaon,3000,2100,2130,Maharashtra,Maharashtra 2189
2023-06-20,Wheat,1,Ahmednagar,FAQ,Jamkhed,2600,2200,2400,Maharashtra,Maharashtra 2189
2023-06-20,Wheat,1,Chattrapati Sambhajinagar,FAQ,Kannad,3000,2000,2500,Maharashtra,Other
2023-06-20,Wheat,1,Jalgaon,FAQ,Chalisgaon,2171,2100,2121,Maharashtra,Other
2023-06-20,Wheat,1,Chattrapati Sambhajinagar,FAQ,Sillod,2300,2150,2250,Maharashtra,Other
2023-06-21,Wheat,1,Ahmednagar,FAQ,Rahuri(Vambori),2186,1676,1900,Maharashtra,Other
2023-06-21,Wheat,1,Jalgaon,FAQ,Chalisgaon,2300,2121,2151,Maharashtra,Other
2023-06-21,Wheat,1,Dhule,FAQ,Dondaicha(Sindhkheda),2286,2030,2262,Maharashtra,Other
2023-06-21,Wheat,1,Jalgaon,FAQ,Pachora,2350,2150,2221,Maharashtra,Other
2023-06-22,Wheat,1,Chattrapati Sambhajinagar,FAQ,Paithan,2525,2090,2450,Maharashtra,Bansi
2023-06-22,Wheat,1,Jalgaon,FAQ,Jalgaon,2175,2175,2175,Maharashtra,Maharashtra 2189
2023-06-22,Wheat,1,Ahmednagar,FAQ,Jamkhed,2400,2000,2200,Maharashtra,Other
2023-06-22,Wheat,1,Ahmednagar,FAQ,Rahuri(Vambori),2301,2222,2261,Maharashtra,Other
2023-06-22,Wheat,1,Jalgaon,FAQ,Chalisgaon,2300,2100,2150,Maharashtra,Other
2023-06-22,Wheat,1,Dhule,FAQ,Sakri,2435,2050,2350,Maharashtra,Other
2023-06-23,Wheat,1,Chattrapati Sambhajinagar,FAQ,Kannad,2950,2000,2475,Maharashtra,Other
2023-06-23,Wheat,1,Ahmednagar,FAQ,Kopargaon,2361,2230,2280,Maharashtra,Other
2023-06-23,Wheat,1,Chattrapati Sambhajinagar,FAQ,Vaijpur,2870,2200,2300,Maharashtra,Other
2023-06-24,Wheat,1,Jalgaon,FAQ,Amalner,2300,1950,2300,Maharashtra,Other
2023-06-24,Wheat,1,Ahmednagar,FAQ,Jamkhed,2600,2200,2400,Maharashtra,Maharashtra 2189
2023-06-24,Wheat,1,Chattrapati Sambhajinagar,FAQ,Sillod(Bharadi),2175,2175,2175,Maharashtra,Other
2023-06-24,Wheat,1,Ahmednagar,FAQ,Ahmednagar,2550,2150,2350,Maharashtra,Other
2023-06-25,Wheat,1,Chattrapati Sambhajinagar,FAQ,Sillod,2250,2200,2250,Maharashtra,Other
2023-06-25,Wheat,1,Ahmednagar,FAQ,Rahuri,2200,1500,1850,Maharashtra,Other
2023-06-26,Wheat,1,Dhule,FAQ,Shirpur,2566,1951,2326,Maharashtra,Other
2023-06-27,Wheat,1,Ahmednagar,FAQ,Jamkhed,2500,2000,2250,Maharashtra,Other
2023-06-28,Wheat,1,Ahmednagar,FAQ,Pathardi,2300,2000,2100,Maharashtra,Maharashtra 2189
2023-06-28,Wheat,1,Jalgaon,FAQ,Amalner,2500,2000,2500,Maharashtra,Other
2023-06-29,Wheat,1,Chattrapati Sambhajinagar,FAQ,Paithan,2251,2141,2200,Maharashtra,Bansi
2023-06-30,Wheat,1,Ahmednagar,FAQ,Sangamner,2300,2300,2300,Maharashtra,Other
2023-06-30,Wheat,1,Jalgaon,FAQ,Parola,2308,2308,2308,Maharashtra,Kalyan
2023-06-30,Wheat,1,Chattrapati Sambhajinagar,FAQ,Paithan,2351,2100,2200,Maharashtra,Bansi
2023-06-30,Wheat,1,Ahmednagar,FAQ,Kopargaon,2376,1980,2211,Maharashtra,Other
2023-07-01,Wheat,1,Chattrapati Sambhajinagar,FAQ,Vaijpur,2400,2220,2300,Maharashtra,Other
2023-07-01,Wheat,1,Ahmednagar,FAQ,Kopargaon,2241,2235,2238,Maharashtra,Other
2023-07-03,Wheat,1,Dhule,FAQ,Shirpur,2412,2015,2200,Maharashtra,Other
2023-07-04,Wheat,1,Chattrapati Sambhajinagar,FAQ,Paithan,2320,2181,2231,Maharashtra,Bansi
2023-07-04,Wheat,1,Chattrapati Sambhajinagar,FAQ,Lasur Station,2300,2200,2250,Maharashtra,Other
2023-07-04,Wheat,1,Hingoli,FAQ,Akhadabalapur,2400,2000,2200,Maharashtra,Maharashtra 2189
2023-07-05,Wheat,1,Ahmednagar,FAQ,Rahuri,2300,2175,2250,Maharashtra,Other
2023-07-06,Wheat,1,Ahmednagar,FAQ,Ahmednagar,2450,1950,2200,Maharashtra,Other
2023-07-06,Wheat,1,Ahmednagar,FAQ,Rahuri,2250,1600,1925,Maharashtra,Other
2023-07-07,Wheat,1,Dhule,FAQ,Sakri,2480,2100,2350,Maharashtra,Other
2023-07-07,Wheat,1,Ahmednagar,FAQ,Ahmednagar,2500,2150,2325,Maharashtra,Other
2023-07-07,Wheat,1,Chattrapati Sambhajinagar,FAQ,Paithan,2476,2231,2250,Maharashtra,Bansi
2023-07-07,Wheat,1,Jalgaon,FAQ,Chalisgaon,2900,2140,2351,Maharashtra,Other
2023-07-08,Wheat,1,Ahmednagar,FAQ,Kopargaon,2255,1950,2211,Maharashtra,Other
2023-07-08,Wheat,1,Chattrapati Sambhajinagar,FAQ,Kannad,2751,1950,2350,Maharashtra,Other
2023-07-09,Wheat,1,Ahmednagar,FAQ,Om Chaitanya Multistate Agro Purpose CoOp Society ,2500,2500,2500,Maharashtra,Other
2023-07-10,Wheat,1,Jalgaon,FAQ,Amalner,2381,2000,2381,Maharashtra,Other
2023-07-11,Wheat,1,Chattrapati Sambhajinagar,FAQ,Sillod,2300,2200,2250,Maharashtra,Other
2023-07-11,Wheat,1,Dhule,FAQ,Dondaicha(Sindhkheda),2180,1951,2180,Maharashtra,Other
2023-07-12,Wheat,1,Ahmednagar,FAQ,Rahuri(Vambori),2550,2150,2350,Maharashtra,Other
2023-07-12,Wheat,1,Jalgaon,FAQ,Chalisgaon,2851,2111,2350,Maharashtra,Other
2023-07-13,Wheat,1,Jalgaon,FAQ,Pachora,2275,2170,2200,Maharashtra,Other
2023-07-13,Wheat,1,Ahmednagar,FAQ,Jamkhed,2200,2000,2100,Maharashtra,Other
2023-07-13,Wheat,1,Dhule,FAQ,Shirpur,2490,2000,2280,Maharashtra,Other
2023-07-13,Wheat,1,Ahmednagar,FAQ,Rahuri(Vambori),2200,2121,2200,Maharashtra,Other
2023-07-14,Wheat,1,Ahmednagar,FAQ,Ahmednagar,2150,1800,1975,Maharashtra,Other
2023-07-15,Wheat,1,Ahmednagar,FAQ,Ahmednagar,2450,1950,2200,Maharashtra,Other
2023-07-15,Wheat,1,Ahmednagar,FAQ,Rahuri(Vambori),2445,2050,2292,Maharashtra,Other
2023-07-15,Wheat,1,Jalgaon,FAQ,Amalner,2435,2201,2435,Maharashtra,Other
2023-07-16,Wheat,1,Chattrapati Sambhajinagar,FAQ,Kannad,2301,1950,2125,Maharashtra,Other
2023-07-17,Wheat,1,Jalgaon,FAQ,Amalner,2400,2225,2400,Maharashtra,Other
2023-07-17,Wheat,1,Jalgaon,FAQ,Pachora,2251,2168,2200,Maharashtra,Other
2023-07-17,Wheat,1,Ahmednagar,FAQ,Om Chaitanya Multistate Agro Purpose CoOp Society ,2600,2400,2500,Maharashtra,Other
2023-07-17,Wheat,1,Dhule,FAQ,Shirpur,2551,2085,2160,Maharashtra,Other
2023-07-17,Wheat,1,Ahmednagar,FAQ,Kopargaon,2511,2250,2359,Maharashtra,Other
2023-07-18,Wheat,1,Chattrapati Sambhajinagar,FAQ,Lasur Station,3000,2280,2350,Maharashtra,Other
2023-07-18,Wheat,1,Jalgaon,FAQ,Pachora,2400,2180,2300,Maharashtra,Other
2023-07-18,Wheat,1,Jalgaon,FAQ,Chalisgaon,2196,2051,2151,Maharashtra,Other
2023-07-18,Wheat,1,Jalgaon,FAQ,Amalner,2300,2249,2300,Maharashtra,Other
2023-07-19,Wheat,1,Chattrapati Sambhajinagar,FAQ,Sillod,2400,2200,2300,Maharashtra,Other
2023-07-20,Wheat,1,Jalgaon,FAQ,Chalisgaon,3061,1900,2600,Maharashtra,Other
2023-07-20,Wheat,1,Chattrapati Sambhajinagar,FAQ,Kannad,2899,2270,2525,Maharashtra,Other
2023-07-21,Wheat,1,Ahmednagar,FAQ,Kopargaon,2343,2316,2330,Maharashtra,Other
2023-07-21,Wheat,1,Jalgaon,FAQ,Amalner,2310,2100,2310,Maharashtra,Other
2023-07-21,Wheat,1,Chattrapati Sambhajinagar,FAQ,Kannad,2899,2270,2585,Maharashtra,Other
2023-07-21,Wheat,1,Jalgaon,FAQ,Jalgaon,2321,2321,2321,Maharashtra,147 Average
2023-07-22,Wheat,1,Chattrapati Sambhajinagar,FAQ,Vaijpur,2715,2310,2365,Maharashtra,Other
2023-07-22,Wheat,1,Ahmednagar,FAQ,Pathardi,2400,2000,2200,Maharashtra,Maharashtra 2189
2023-07-22,Wheat,1,Jalgaon,FAQ,Amalner,2300,2100,2300,Maharashtra,Other
2023-07-22,Wheat,1,Ahmednagar,FAQ,Kopargaon,2472,2350,2435,Maharashtra,Other
2023-07-23,Wheat,1,Ahmednagar,FAQ,Om Chaitanya Multistate Agro Purpose CoOp Society ,2250,2250,2250,Maharashtra,Other
2023-07-25,Wheat,1,Chattrapati Sambhajinagar,FAQ,Kannad,2500,2270,2385,Maharashtra,Other
2023-07-25,Wheat,1,Ahmednagar,FAQ,Rahuri(Vambori),2340,2049,2270,Maharashtra,Other
2023-07-25,Wheat,1,Ahmednagar,FAQ,Jamkhed,2400,2000,2200,Maharashtra,Other
2023-07-25,Wheat,1,Chattrapati Sambhajinagar,FAQ,Vaijpur,2700,2305,2415,Maharashtra,Other
2023-07-25,Wheat,1,Jalgaon,FAQ,Pachora,2471,2190,2300,Maharashtra,Other
2023-07-26,Wheat,1,Jalgaon,FAQ,Chopada,2500,2500,2500,Maharashtra,Other
2023-07-26,Wheat,1,Chattrapati Sambhajinagar,FAQ,Sillod,2400,2300,2350,Maharashtra,Other
2023-07-27,Wheat,1,Dhule,FAQ,Shirpur,2431,2291,2390,Maharashtra,Other
2023-07-28,Wheat,1,Chattrapati Sambhajinagar,FAQ,Lasur Station,2561,2325,2375,Maharashtra,Other
2023-07-28,Wheat,1,Ahmednagar,FAQ,Om Chaitanya Multistate Agro Purpose CoOp Society ,2300,2300,2300,Maharashtra,Other
2023-07-28,Wheat,1,Jalgaon,FAQ,Chopada,2423,2423,2423,Maharashtra,Other
2023-07-29,Wheat,1,Chattrapati Sambhajinagar,FAQ,Sillod(Bharadi),2350,2350,2350,Maharashtra,Other
2023-07-29,Wheat,1,Ahmednagar,FAQ,Pathardi,2300,2000,2200,Maharashtra,Maharashtra 2189
2023-07-29,Wheat,1,Chattrapati Sambhajinagar,FAQ,Paithan,2476,2336,2352,Maharashtra,Bansi
2023-07-29,Wheat,1,Chattrapati Sambhajinagar,FAQ,Lasur Station,2425,2300,2350,Maharashtra,Other
2023-07-31,Wheat,1,Chattrapati Sambhajinagar,FAQ,Sillod,2400,2200,2300,Maharashtra,Other
2023-08-01,Wheat,1,Jalgaon,FAQ,Chalisgaon,2351,2211,2300,Maharashtra,Other
2023-08-01,Wheat,1,Chattrapati Sambhajinagar,FAQ,Paithan,2511,2370,2440,Maharashtra,Bansi
2023-08-01,Wheat,1,Dhule,FAQ,Dondaicha(Sindhkheda),2181,2181,2181,Maharashtra,Other
2023-08-01,Wheat,1,Chattrapati Sambhajinagar,FAQ,Kannad,2750,2280,2515,Maharashtra,Other
2023-08-02,Wheat,1,Jalgaon,FAQ,Jalgaon,2175,2175,2175,Maharashtra,147 Average
2023-08-02,Wheat,1,Jalgaon,FAQ,Amalner,2550,2300,2550,Maharashtra,Other
2023-08-02,Wheat,1,Chattrapati Sambhajinagar,FAQ,Vaijpur,2605,2470,2530,Maharashtra,Other
2023-08-02,Wheat,1,Chattrapati Sambhajinagar,FAQ,Paithan,2550,2400,2430,Maharashtra,Bansi
2023-08-02,Wheat,1,Chattrapati Sambhajinagar,FAQ,Lasur Station,2703,2400,2525,Maharashtra,Other
2023-08-03,Wheat,1,Dhule,FAQ,Dondaicha(Sindhkheda),2200,2200,2200,Maharashtra,Other
2023-08-03,Wheat,1,Jalgaon,FAQ,Amalner,2500,2250,2500,Maharashtra,Other
2023-08-03,Wheat,1,Ahmednagar,FAQ,Jamkhed,2400,2000,2200,Maharashtra,Maharashtra 2189
2023-08-03,Wheat,1,Ahmednagar,FAQ,Rahuri(Vambori),2430,2322,2375,Maharashtra,Other
2023-08-03,Wheat,1,Jalgaon,FAQ,Chalisgaon,2865,2400,2651,Maharashtra,Other
2023-08-03,Wheat,1,Dhule,FAQ,Shirpur,2460,2000,2341,Maharashtra,Other
2023-08-05,Wheat,1,Ahmednagar,FAQ,Rahuri(Vambori),2400,2276,2300,Maharashtra,Other
2023-08-05,Wheat,1,Chattrapati Sambhajinagar,FAQ,Kannad,2675,2315,2495,Maharashtra,Other
2023-08-07,Wheat,1,Ahmednagar,FAQ,Om Chaitanya Multistate Agro Purpose CoOp Society ,2350,2350,2350,Maharashtra,Other
2023-08-07,Wheat,1,Ahmednagar,FAQ,Kopargaon,2570,2421,2435,Maharashtra,Other
2023-08-07,Wheat,1,Chattrapati Sambhajinagar,FAQ,Lasur Station,2780,2350,2450,Maharashtra,Other
2023-08-08,Wheat,1,Ahmednagar,FAQ,Om Chaitanya Multistate Agro Purpose CoOp Society ,2500,2500,2500,Maharashtra,Other
2023-08-08,Wheat,1,Dhule,FAQ,Sakri,2500,2175,2350,Maharashtra,Other
2023-08-09,Wheat,1,Ahmednagar,FAQ,Rahuri(Vambori),2500,1900,2350,Maharashtra,Other
2023-08-09,Wheat,1,Ahmednagar,FAQ,Pathardi,2500,2000,2200,Maharashtra,Maharashtra 2189
2023-08-09,Wheat,1,Chattrapati Sambhajinagar,FAQ,Kannad,2926,2325,2625,Maharashtra,Other
2023-08-09,Wheat,1,Jalgaon,FAQ,Pachora,2457,2400,2421,Maharashtra,Other
2023-08-10,Wheat,1,Jalgaon,FAQ,Chopada,2611,2476,2568,Maharashtra,Other
2023-08-10,Wheat,1,Ahmednagar,FAQ,Rahuri(Vambori),2425,2265,2345,Maharashtra,Other
2023-08-10,Wheat,1,Ahmednagar,FAQ,Rahuri,2375,2200,2275,Maharashtra,Other
2023-08-12,Wheat,1,Ahmednagar,FAQ,Jamkhed,2600,2000,2300,Maharashtra,Maharashtra 2189
2023-08-12,Wheat,1,Ahmednagar,FAQ,Kopargaon,2500,2400,2475,Maharashtra,Other
2023-08-13,Wheat,1,Chattrapati Sambhajinagar,FAQ,Kannad,3025,2330,2677,Maharashtra,Other
2023-08-14,Wheat,1,Ahmednagar,FAQ,Rahata,2590,2377,2455,Maharashtra,Other
2023-08-14,Wheat,1,Chattrapati Sambhajinagar,FAQ,Lasur Station,2551,2400,2450,Maharashtra,Other
2023-08-14,Wheat,1,Jalgaon,FAQ,Amalner,2621,2316,2621,Maharashtra,Other
2023-08-16,Wheat,1,Chattrapati Sambhajinagar,FAQ,Paithan,2621,2400,2500,Maharashtra,Bansi
2023-08-17,Wheat,1,Jalgaon,FAQ,Amalner,2685,2400,2685,Maharashtra,Other
2023-08-17,Wheat,1,Chattrapati Sambhajinagar,FAQ,Lasur Station,2676,2425,2500,Maharashtra,Other
2023-08-17,Wheat,1,Chattrapati Sambhajinagar,FAQ,Sillod,2450,2350,2400,Maharashtra,Other
2023-08-17,Wheat,1,Ahmednagar,FAQ,Ahmednagar,2750,2350,2550,Maharashtra,Other
2023-08-17,Wheat,1,Ahmednagar,FAQ,Newasa,2500,2500,2500,Maharashtra,Maharashtra 2189
2023-08-17,Wheat,1,Ahmednagar,FAQ,Rahuri(Vambori),2450,2200,2325,Maharashtra,Other
2023-08-18,Wheat,1,Jalgaon,FAQ,Dharangaon,2365,2051,2300,Maharashtra,Other
2023-08-19,Wheat,1,Chattrapati Sambhajinagar,FAQ,Lasur Station,2825,2400,2500,Maharashtra,Other
2023-08-19,Wheat,1,Chattrapati Sambhajinagar,FAQ,Paithan,2640,2431,2531,Maharashtra,Bansi
2023-08-19,Wheat,1,Ahmednagar,FAQ,Rahuri(Vambori),2600,2600,2600,Maharashtra,Other
2023-08-20,Wheat,1,Chattrapati Sambhajinagar,FAQ,Sillod,2700,2400,2500,Maharashtra,Other
2023-08-21,Wheat,1,Chattrapati Sambhajinagar,FAQ,Lasur Station,2801,2425,2500,Maharashtra,Other
2023-08-21,Wheat,1,Dhule,FAQ,Shirpur,2721,2176,2350,Maharashtra,Other
2023-08-21,Wheat,1,Jalgaon,FAQ,Chalisgaon,2650,2300,2340,Maharashtra,Other
2023-08-21,Wheat,1,Ahmednagar,FAQ,Kopargaon,2531,2182,2441,Maharashtra,Other
2023-08-22,Wheat,1,Ahmednagar,FAQ,Kopargaon,2655,2435,2475,Maharashtra,Other
2023-08-22,Wheat,1,Ahmednagar,FAQ,Rahata,2596,2445,2500,Maharashtra,Other
2023-08-22,Wheat,1,Dhule,FAQ,Shirpur,2702,2000,2450,Maharashtra,Other
2023-08-23,Wheat,1,Jalgaon,FAQ,Amalner,2700,2479,2700,Maharashtra,Other
2023-08-23,Wheat,1,Ahmednagar,FAQ,Kopargaon,2590,2425,2470,Maharashtra,Other
2023-08-23,Wheat,1,Dhule,FAQ,Dondaicha(Sindhkheda),2100,2100,2100,Maharashtra,Other
2023-08-24,Wheat,1,Jalgaon,FAQ,Amalner,2525,2300,2525,Maharashtra,Other
2023-08-24,Wheat,1,Jalgaon,FAQ,Chalisgaon,3000,2355,2800,Maharashtra,Other
2023-08-24,Wheat,1,Ahmednagar,FAQ,Kopargaon,2475,2460,2466,Maharashtra,Other
2023-08-25,Wheat,1,Jalgaon,FAQ,Chopada,2400,2400,2400,Maharashtra,Other
2023-08-25,Wheat,1,Chattrapati Sambhajinagar,FAQ,Paithan,2600,2350,2401,Maharashtra,Bansi
2023-08-25,Wheat,1,Dhule,FAQ,Shirpur,2776,2000,2500,Maharashtra,Other
2023-08-26,Wheat,1,Chattrapati Sambhajinagar,FAQ,Paithan,2650,2352,2500,Maharashtra,Bansi
2023-08-26,Wheat,1,Ahmednagar,FAQ,Rahuri(Vambori),2294,2256,2271,Maharashtra,Other
2023-08-28,Wheat,1,Chattrapati Sambhajinagar,FAQ,Kannad,2800,2300,2550,Maharashtra,Other
2023-08-28,Wheat,1,Ahmednagar,FAQ,Jamkhed,2500,2000,2250,Maharashtra,Other
2023-08-29,Wheat,1,Chattrapati Sambhajinagar,FAQ,Paithan,2425,2300,2356,Maharashtra,Bansi
2023-08-30,Wheat,1,Chattrapati Sambhajinagar,FAQ,Paithan,2461,2360,2400,Maharashtra,Bansi
2023-08-31,Wheat,1,Ahmednagar,FAQ,Kopargaon,2565,2426,2474,Maharashtra,Other
2023-08-31,Wheat,1,Chattrapati Sambhajinagar,FAQ,Kannad,2450,2355,2402,Maharashtra,Other
2023-08-31,Wheat,1,Dhule,FAQ,Dondaicha(Sindhkheda),2300,2000,2300,Maharashtra,Other
2023-09-01,Wheat,1,Jalgaon,FAQ,Amalner,2650,2342,2650,Maharashtra,Other
2023-09-03,Wheat,1,Ahmednagar,FAQ,Om Chaitanya Multistate Agro Purpose CoOp Society ,2500,2500,2500,Maharashtra,Other
2023-09-03,Wheat,1,Chattrapati Sambhajinagar,FAQ,Sillod,2500,2400,2450,Maharashtra,Other
2023-09-04,Wheat,1,Chattrapati Sambhajinagar,FAQ,Sillod,2500,2400,2500,Maharashtra,Other
2023-09-04,Wheat,1,Jalgaon,FAQ,Dharangaon,2411,2200,2400,Maharashtra,Other
2023-09-04,Wheat,1,Jalgaon,FAQ,Chopada,2651,2200,2400,Maharashtra,Other
2023-09-05,Wheat,1,Ahmednagar,FAQ,Rahuri(Vambori),2825,2290,2400,Maharashtra,Other
2023-09-05,Wheat,1,Jalgaon,FAQ,Chalisgaon,2751,2201,2331,Maharashtra,Other
2023-09-05,Wheat,1,Jalgaon,FAQ,Chopada,2746,2400,2400,Maharashtra,Other
2023-09-05,Wheat,1,Chattrapati Sambhajinagar,FAQ,Sillod,2500,2400,2500,Maharashtra,Other
2023-09-06,Wheat,1,Jalgaon,FAQ,Chalisgaon,2451,2300,2311,Maharashtra,Other
2023-09-06,Wheat,1,Jalgaon,FAQ,Chopada,2432,2365,2365,Maharashtra,Other
2023-09-07,Wheat,1,Dhule,FAQ,Shirpur,2650,2251,2550,Maharashtra,Other
2023-09-08,Wheat,1,Jalgaon,FAQ,Chopada,2400,2365,2365,Maharashtra,Other
2023-09-11,Wheat,1,Chattrapati Sambhajinagar,FAQ,Lasur Station,3000,2550,2700,Maharashtra,Other
2023-09-11,Wheat,1,Ahmednagar,FAQ,Om Chaitanya Multistate Agro Purpose CoOp Society ,2500,2500,2500,Maharashtra,Other
2023-09-11,Wheat,1,Ahmednagar,FAQ,Jamkhed,2900,2000,2450,Maharashtra,Other
2023-09-11,Wheat,1,Jalgaon,FAQ,Chalisgaon,2401,2051,2300,Maharashtra,Other
2023-09-12,Wheat,1,Jalgaon,FAQ,Chalisgaon,2400,2045,2300,Maharashtra,Other
2023-09-12,Wheat,1,Ahmednagar,FAQ,Rahata,2761,2450,2605,Maharashtra,Other
2023-09-12,Wheat,1,Dhule,FAQ,Dondaicha(Sindhkheda),2526,2261,2451,Maharashtra,Other
2023-09-12,Wheat,1,Chattrapati Sambhajinagar,FAQ,Lasur Station,2800,2550,2651,Maharashtra,Other
2023-09-13,Wheat,1,Ahmednagar,FAQ,Kopargaon,2800,2411,2719,Maharashtra,Other
2023-09-13,Wheat,1,Chattrapati Sambhajinagar,FAQ,Lasur Station,2900,2525,2650,Maharashtra,Other
2023-09-13,Wheat,1,Jalgaon,FAQ,Chalisgaon,2501,2300,2302,Maharashtra,Other
2023-09-13,Wheat,1,Chattrapati Sambhajinagar,FAQ,Sillod,2700,2600,2650,Maharashtra,Other
2023-09-15,Wheat,1,Ahmednagar,FAQ,Rahuri(Vambori),2851,2251,2425,Maharashtra,Other
2023-09-15,Wheat,1,Ahmednagar,FAQ,Kopargaon,2828,2500,2767,Maharashtra,Other
2023-09-16,Wheat,1,Ahmednagar,FAQ,Kopargaon,2761,2480,2678,Maharashtra,Other
2023-09-16,Wheat,1,Chattrapati Sambhajinagar,FAQ,Paithan,2600,2380,2515,Maharashtra,Bansi
2023-09-17,Wheat,1,Ahmednagar,FAQ,Om Chaitanya Multistate Agro Purpose CoOp Society ,2000,2000,2000,Maharashtra,Other
2023-09-17,Wheat,1,Chattrapati Sambhajinagar,FAQ,Sillod,2600,2450,2500,Maharashtra,Other
2023-09-18,Wheat,1,Chattrapati Sambhajinagar,FAQ,Sillod,2650,2500,2600,Maharashtra,Other
2023-09-18,Wheat,1,Ahmednagar,FAQ,Jamkhed,2600,2200,2400,Maharashtra,Maharashtra 2189
2023-09-18,Wheat,1,Jalgaon,FAQ,Pachora,2598,2350,2433,Maharashtra,Other
2023-09-19,Wheat,1,Ahmednagar,FAQ,Kopargaon,2621,2500,2600,Maharashtra,Other
2023-09-20,Wheat,1,Jalgaon,FAQ,Chalisgaon,2425,2300,2351,Maharashtra,Other
2023-09-20,Wheat,1,Jalgaon,FAQ,Amalner,2757,2500,2757,Maharashtra,Other
2023-09-20,Wheat,1,Jalgaon,FAQ,Chopada,2412,2412,2412,Maharashtra,Other
2023-09-21,Wheat,1,Jalgaon,FAQ,Chopada,2575,2351,2475,Maharashtra,Other
2023-09-22,Wheat,1,Chattrapati Sambhajinagar,FAQ,Lasur Station,3026,2550,2600,Maharashtra,Other
2023-09-22,Wheat,1,Jalgaon,FAQ,Chalisgaon,2325,2300,2311,Maharashtra,Other
2023-09-22,Wheat,1,Dhule,FAQ,Shirpur,2752,2500,2575,Maharashtra,Other
2023-09-22,Wheat,1,Jalgaon,FAQ,Jalgaon,2500,2300,2400,Maharashtra,147 Average
2023-09-24,Wheat,1,Chattrapati Sambhajinagar,FAQ,Sillod,2800,2450,2650,Maharashtra,Other
2023-09-24,Wheat,1,Ahmednagar,FAQ,Om Chaitanya Multistate Agro Purpose CoOp Society ,2600,2600,2600,Maharashtra,Other
2023-09-25,Wheat,1,Jalgaon,FAQ,Chopada,2485,2351,2485,Maharashtra,Other
2023-09-25,Wheat,1,Jalgaon,FAQ,Chalisgaon,2451,2330,2340,Maharashtra,Other
2023-09-25,Wheat,1,Ahmednagar,FAQ,Jamkhed,2600,2200,2400,Maharashtra,Maharashtra 2189
2023-09-26,Wheat,1,Jalgaon,FAQ,Chopada,2600,2300,2500,Maharashtra,Other
2023-09-26,Wheat,1,Chattrapati Sambhajinagar,FAQ,Sillod,2700,2600,2650,Maharashtra,Other
2023-09-26,Wheat,1,Ahmednagar,FAQ,Rahata,2792,2535,2685,Maharashtra,Other
2023-09-27,Wheat,1,Chattrapati Sambhajinagar,FAQ,Lasur Station,3976,2550,2650,Maharashtra,Other
2023-09-27,Wheat,1,Ahmednagar,FAQ,Rahuri(Vambori),2375,2375,2375,Maharashtra,Other
2023-09-27,Wheat,1,Ahmednagar,FAQ,Pathardi,2450,2050,2250,Maharashtra,Maharashtra 2189
2023-09-27,Wheat,1,Ahmednagar,FAQ,Kopargaon,2875,2101,2511,Maharashtra,Other
2023-09-29,Wheat,1,Jalgaon,FAQ,Dharangaon,3000,2421,2601,Maharashtra,Other
2023-09-30,Wheat,1,Ahmednagar,FAQ,Rahata,2751,2448,2600,Maharashtra,Other
2023-09-30,Wheat,1,Jalgaon,FAQ,Pachora,2571,2351,2451,Maharashtra,Other
2023-09-30,Wheat,1,Ahmednagar,FAQ,Rahuri(Vambori),2701,2100,2390,Maharashtra,Other
2023-09-30,Wheat,1,Chattrapati Sambhajinagar,FAQ,Kannad,2851,2300,2575,Maharashtra,Other
2023-10-01,Wheat,1,Chattrapati Sambhajinagar,FAQ,Sillod,2600,2400,2500,Maharashtra,Other
2023-10-02,Wheat,1,Ahmednagar,FAQ,Rahata,2800,2446,2700,Maharashtra,Other
2023-10-03,Wheat,1,Dhule,FAQ,Shirpur,2791,1850,2450,Maharashtra,Other
2023-10-03,Wheat,1,Chattrapati Sambhajinagar,FAQ,Paithan,2831,2400,2600,Maharashtra,Bansi
2023-10-04,Wheat,1,Jalgaon,FAQ,Chopada,2800,2426,2625,Maharashtra,Other
2023-10-04,Wheat,1,Chattrapati Sambhajinagar,FAQ,Sillod,2600,2400,2500,Maharashtra,Other
2023-10-04,Wheat,1,Ahmednagar,FAQ,Om Chaitanya Multistate Agro Purpose CoOp Society ,2700,2700,2700,Maharashtra,Other
2023-10-04,Wheat,1,Chattrapati Sambhajinagar,FAQ,Lasur Station,2941,2450,2625,Maharashtra,Other
2023-10-04,Wheat,1,Jalgaon,FAQ,Pachora,2540,2260,2321,Maharashtra,Other
2023-10-05,Wheat,1,Dhule,FAQ,Sakri,2351,2200,2300,Maharashtra,Other
2023-10-05,Wheat,1,Jalgaon,FAQ,Chopada,2761,2627,2627,Maharashtra,Other
2023-10-05,Wheat,1,Chattrapati Sambhajinagar,FAQ,Lasur Station,3051,2500,2640,Maharashtra,Other
2023-10-05,Wheat,1,Chattrapati Sambhajinagar,FAQ,Sillod,2650,2400,2550,Maharashtra,Other
2023-10-06,Wheat,1,Chattrapati Sambhajinagar,FAQ,Sillod,2600,2400,2500,Maharashtra,Other
2023-10-06,Wheat,1,Ahmednagar,FAQ,Rahata,2756,2427,2600,Maharashtra,Other
2023-10-06,Wheat,1,Ahmednagar,FAQ,Om Chaitanya Multistate Agro Purpose CoOp Society ,2700,2400,2500,Maharashtra,Other
2023-10-06,Wheat,1,Jalgaon,FAQ,Dharangaon,2612,2575,2586,Maharashtra,Other
2023-10-06,Wheat,1,Jalgaon,FAQ,Jalgaon,2575,2550,2575,Maharashtra,147 Average
2023-10-07,Wheat,1,Jalgaon,FAQ,Chopada,2600,2111,2451,Maharashtra,Other
2023-10-07,Wheat,1,Ahmednagar,FAQ,Kopargaon,2700,2400,2600,Maharashtra,Other
2023-10-07,Wheat,1,Chattrapati Sambhajinagar,FAQ,Kannad,2351,2300,2325,Maharashtra,Other
2023-10-07,Wheat,1,Chattrapati Sambhajinagar,FAQ,Paithan,2735,2400,2575,Maharashtra,Bansi
2023-10-07,Wheat,1,Ahmednagar,FAQ,Rahuri(Vambori),2750,2275,2500,Maharashtra,Other
2023-10-07,Wheat,1,Chattrapati Sambhajinagar,FAQ,Sillod(Bharadi),2460,2460,2460,Maharashtra,Other
2023-10-08,Wheat,1,Chattrapati Sambhajinagar,FAQ,Paithan,2660,2405,2500,Maharashtra,Bansi
2023-10-09,Wheat,1,Chattrapati Sambhajinagar,FAQ,Sillod,2525,2400,2500,Maharashtra,Other
2023-10-09,Wheat,1,Dhule,FAQ,Dondaicha(Sindhkheda),2603,2603,2603,Maharashtra,Other
2023-10-09,Wheat,1,Jalgaon,FAQ,Amalner,2550,2400,2550,Maharashtra,Other
2023-10-10,Wheat,1,Ahmednagar,FAQ,Rahata,2725,2460,2646,Maharashtra,Other
2023-10-10,Wheat,1,Ahmednagar,FAQ,Kopargaon,2951,2301,2740,Maharashtra,Other
2023-10-10,Wheat,1,Dhule,FAQ,Shirpur,2760,2205,2450,Maharashtra,Other
2023-10-10,Wheat,1,Jalgaon,FAQ,Chopada,2556,2211,2551,Maharashtra,Other
2023-10-11,Wheat,1,Ahmednagar,FAQ,Pathardi,2300,1800,2100,Maharashtra,Maharashtra 2189
2023-10-11,Wheat,1,Chattrapati Sambhajinagar,FAQ,Kannad,2750,2300,2525,Maharashtra,Other
2023-10-12,Wheat,1,Ahmednagar,FAQ,Rahuri(Vambori),2476,2476,2476,Maharashtra,Other
2023-10-12,Wheat,1,Chattrapati Sambhajinagar,FAQ,Sillod,2550,2400,2500,Maharashtra,Other
2023-10-13,Wheat,1,Chattrapati Sambhajinagar,FAQ,Sillod,2550,2450,2500,Maharashtra,Other
2023-10-13,Wheat,1,Jalgaon,FAQ,Chopada,2842,2425,2600,Maharashtra,Other
2023-10-13,Wheat,1,Dhule,FAQ,Shirpur,2772,2400,2500,Maharashtra,Other
2023-10-13,Wheat,1,Dhule,FAQ,Sakri,2499,2300,2450,Maharashtra,Other
2023-10-13,Wheat,1,Ahmednagar,FAQ,Kopargaon,2711,2501,2600,Maharashtra,Other
2023-10-14,Wheat,1,Ahmednagar,FAQ,Ahmednagar,2700,1950,2325,Maharashtra,Other
2023-10-15,Wheat,1,Chattrapati Sambhajinagar,FAQ,Sillod,2700,2420,2600,Maharashtra,Other
2023-10-15,Wheat,1,Chattrapati Sambhajinagar,FAQ,Paithan,2735,2421,2590,Maharashtra,Bansi
2023-10-16,Wheat,1,Jalgaon,FAQ,Chalisgaon,2700,2125,2400,Maharashtra,Other
2023-10-16,Wheat,1,Dhule,FAQ,Shirpur,2700,2450,2561,Maharashtra,Other
2023-10-17,Wheat,1,Chattrapati Sambhajinagar,FAQ,Vaijpur,2780,2300,2545,Maharashtra,Other
2023-10-17,Wheat,1,Ahmednagar,FAQ,Newasa,2500,2500,2500,Maharashtra,Maharashtra 2189
2023-10-18,Wheat,1,Jalgaon,FAQ,Chopada,2500,2400,2400,Maharashtra,Other
2023-10-18,Wheat,1,Jalgaon,FAQ,Amalner,2855,2451,2855,Maharashtra,Other
2023-10-18,Wheat,1,Ahmednagar,FAQ,Rahuri(Vambori),2600,2275,2400,Maharashtra,Other
2023-10-18,Wheat,1,Dhule,FAQ,Shirpur,2701,2201,2500,Maharashtra,Other
2023-10-19,Wheat,1,Jalgaon,FAQ,Chalisgaon,2751,2050,2411,Maharashtra,Other
2023-10-20,Wheat,1,Dhule,FAQ,Dondaicha(Sindhkheda),2302,2302,2302,Maharashtra,Other
2023-10-20,Wheat,1,Jalgaon,FAQ,Pachora,2626,2240,2421,Maharashtra,Other
2023-10-21,Wheat,1,Ahmednagar,FAQ,Om Chaitanya Multistate Agro Purpose CoOp Society ,2700,2500,2500,Maharashtra,Other
2023-10-21,Wheat,1,Jalgaon,FAQ,Amalner,2640,2480,2640,Maharashtra,Other
2023-10-23,Wheat,1,Ahmednagar,FAQ,Jamkhed,2300,2200,2250,Maharashtra,Maharashtra 2189
2023-10-23,Wheat,1,Dhule,FAQ,Dondaicha(Sindhkheda),2600,2600,2600,Maharashtra,Other
2023-10-23,Wheat,1,Ahmednagar,FAQ,Kopargaon,2599,2491,2535,Maharashtra,Other
2023-10-23,Wheat,1,Ahmednagar,FAQ,Rahata,2742,2375,2641,Maharashtra,Other
2023-10-24,Wheat,1,Ahmednagar,FAQ,Rahuri,2700,2300,2500,Maharashtra,Other
2023-10-25,Wheat,1,Ahmednagar,FAQ,Rahuri(Vambori),2380,2300,2375,Maharashtra,Other
2023-10-25,Wheat,1,Chattrapati Sambhajinagar,FAQ,Kannad,3251,2400,2825,Maharashtra,Other
2023-10-25,Wheat,1,Chattrapati Sambhajinagar,FAQ,Lasur Station,2900,2550,2625,Maharashtra,Other
2023-10-25,Wheat,1,Jalgaon,FAQ,Amalner,2970,2525,2970,Maharashtra,Other
2023-10-25,Wheat,1,Ahmednagar,FAQ,Rahata,2637,2480,2561,Maharashtra,Other
2023-10-26,Wheat,1,Chattrapati Sambhajinagar,FAQ,Sillod,2700,2500,2600,Maharashtra,Other
2023-10-27,Wheat,1,Ahmednagar,FAQ,Kopargaon,2701,2200,2621,Maharashtra,Other
2023-10-27,Wheat,1,Ahmednagar,FAQ,Newasa,3000,3000,3000,Maharashtra,Maharashtra 2189
2023-10-27,Wheat,1,Chattrapati Sambhajinagar,FAQ,Paithan,2844,2571,2681,Maharashtra,Bansi
2023-10-27,Wheat,1,Jalgaon,FAQ,Chopada,2951,2686,2772,Maharashtra,Other
2023-10-28,Wheat,1,Ahmednagar,FAQ,Ahmednagar,2600,2000,2300,Maharashtra,Other
2023-10-28,Wheat,1,Chattrapati Sambhajinagar,FAQ,Lasur Station,3070,2500,2650,Maharashtra,Other
2023-10-28,Wheat,1,Ahmednagar,FAQ,Om Chaitanya Multistate Agro Purpose CoOp Society ,2700,2500,2600,Maharashtra,Other
2023-10-30,Wheat,1,Ahmednagar,FAQ,Newasa,2500,2500,2500,Maharashtra,Maharashtra 2189
2023-10-30,Wheat,1,Chattrapati Sambhajinagar,FAQ,Sillod,2700,2500,2600,Maharashtra,Other
2023-10-30,Wheat,1,Ahmednagar,FAQ,Rahuri,2600,2200,2400,Maharashtra,Other
2023-11-01,Wheat,1,Ahmednagar,FAQ,Rahuri,2800,2400,2600,Maharashtra,Other
2023-11-02,Wheat,1,Chattrapati Sambhajinagar,FAQ,Sillod,2700,2500,2600,Maharashtra,Other
2023-11-02,Wheat,1,Ahmednagar,FAQ,Ahmednagar,2650,2050,2350,Maharashtra,Other
2023-11-03,Wheat,1,Chattrapati Sambhajinagar,FAQ,Sillod,2700,2600,2650,Maharashtra,Other
2023-11-04,Wheat,1,Chattrapati Sambhajinagar,FAQ,Paithan,2890,2600,2751,Maharashtra,Bansi
2023-11-06,Wheat,1,Ahmednagar,FAQ,Kopargaon,2900,2400,2750,Maharashtra,Other
2023-11-06,Wheat,1,Ahmednagar,FAQ,Jamkhed,2900,2200,2550,Maharashtra,Maharashtra 2189
2023-11-07,Wheat,1,Chattrapati Sambhajinagar,FAQ,Kannad,3551,2400,2975,Maharashtra,Other
2023-11-07,Wheat,1,Jalgaon,FAQ,Chalisgaon,2600,2450,2500,Maharashtra,Other
2023-11-07,Wheat,1,Dhule,FAQ,Dondaicha(Sindhkheda),2901,2901,2901,Maharashtra,Other
2023-11-08,Wheat,1,Chattrapati Sambhajinagar,FAQ,Sillod,2700,2650,2700,Maharashtra,Other
2023-11-09,Wheat,1,Jalgaon,FAQ,Amalner,2751,2511,2751,Maharashtra,Other
2023-11-09,Wheat,1,Jalgaon,FAQ,Chalisgaon,3027,2450,2501,Maharashtra,Other
2023-11-11,Wheat,1,Ahmednagar,FAQ,Rahuri,2700,2500,2600,Maharashtra,Other
2023-11-14,Wheat,1,Ahmednagar,FAQ,Rahuri(Vambori),2970,2371,2700,Maharashtra,Other
2023-11-16,Wheat,1,Jalgaon,FAQ,Chopada,2722,2722,2722,Maharashtra,Other
2023-11-16,Wheat,1,Jalgaon,FAQ,Chalisgaon,2586,2450,2500,Maharashtra,Other
2023-11-16,Wheat,1,Chattrapati Sambhajinagar,FAQ,Sillod,2850,2700,2800,Maharashtra,Other
2023-11-17,Wheat,1,Dhule,FAQ,Shirpur,3275,2481,2525,Maharashtra,Other
2023-11-17,Wheat,1,Jalgaon,FAQ,Chopada,2817,2500,2715,Maharashtra,Other
2023-11-17,Wheat,1,Chattrapati Sambhajinagar,FAQ,Kannad,2800,2500,2650,Maharashtra,Other
2023-11-17,Wheat,1,Chattrapati Sambhajinagar,FAQ,Vaijpur,3040,2680,2730,Maharashtra,Other
2023-11-18,Wheat,1,Ahmednagar,FAQ,Rahuri,2800,2500,2650,Maharashtra,Other
2023-11-18,Wheat,1,Chattrapati Sambhajinagar,FAQ,Kannad,3010,2400,2705,Maharashtra,Other
2023-11-18,Wheat,1,Jalgaon,FAQ,Pachora,3000,2555,2800,Maharashtra,Other
2023-11-19,Wheat,1,Chattrapati Sambhajinagar,FAQ,Kannad,3300,2400,2850,Maharashtra,Other
2023-11-19,Wheat,1,Chattrapati Sambhajinagar,FAQ,Sillod,2900,2700,2800,Maharashtra,Other
2023-11-20,Wheat,1,Dhule,FAQ,Dondaicha(Sindhkheda),2751,2751,2751,Maharashtra,Other
2023-11-20,Wheat,1,Chattrapati Sambhajinagar,FAQ,Sillod,2850,2700,2800,Maharashtra,Other
2023-11-21,Wheat,1,Ahmednagar,FAQ,Kopargaon,2900,2500,2725,Maharashtra,Other
2023-11-21,Wheat,1,Chattrapati Sambhajinagar,FAQ,Kannad,3201,2400,2850,Maharashtra,Other
2023-11-21,Wheat,1,Ahmednagar,FAQ,Om Chaitanya Multistate Agro Purpose CoOp Society ,2900,2400,2800,Maharashtra,Other
2023-11-21,Wheat,1,Ahmednagar,FAQ,Rahuri(Vambori),2700,2180,2450,Maharashtra,Other
2023-11-23,Wheat,1,Chattrapati Sambhajinagar,FAQ,Lasur Station,3352,2650,2900,Maharashtra,Other
2023-11-23,Wheat,1,Chattrapati Sambhajinagar,FAQ,Kannad,3001,2400,2700,Maharashtra,Other
2023-11-23,Wheat,1,Ahmednagar,FAQ,Kopargaon,3029,2685,2728,Maharashtra,Other
2023-11-23,Wheat,1,Ahmednagar,FAQ,Sangamner,2751,1800,2275,Maharashtra,Other
2023-11-23,Wheat,1,Chattrapati Sambhajinagar,FAQ,Gangapur,2735,2400,2636,Maharashtra,Other
2023-11-23,Wheat,1,Chattrapati Sambhajinagar,FAQ,Sillod,2800,2700,2750,Maharashtra,Other
2023-11-24,Wheat,1,Ahmednagar,FAQ,Rahuri,2750,2500,2625,Maharashtra,Other
2023-11-24,Wheat,1,Ahmednagar,FAQ,Rahuri(Vambori),2801,2401,2601,Maharashtra,Other
2023-11-24,Wheat,1,Chattrapati Sambhajinagar,FAQ,Lasur Station,3112,2650,2850,Maharashtra,Other
2023-11-24,Wheat,1,Chattrapati Sambhajinagar,FAQ,Sillod,2800,2700,2750,Maharashtra,Other
2023-11-24,Wheat,1,Ahmednagar,FAQ,Jamkhed,2700,2200,2450,Maharashtra,Maharashtra 2189
2023-11-25,Wheat,1,Ahmednagar,FAQ,Rahuri(Vambori),2650,2501,2600,Maharashtra,Other
2023-11-25,Wheat,1,Ahmednagar,FAQ,Jamkhed,2400,2000,2200,Maharashtra,Other
2023-11-25,Wheat,1,Jalgaon,FAQ,Jalgaon,2600,2600,2600,Maharashtra,147 Average
2023-11-28,Wheat,1,Ahmednagar,FAQ,Rahuri(Vambori),3011,2050,2711,Maharashtra,Other
2023-11-28,Wheat,1,Ahmednagar,FAQ,Rahata,3000,2600,2775,Maharashtra,Other
2023-11-28,Wheat,1,Ahmednagar,FAQ,Rahuri,3000,2200,2600,Maharashtra,Other
2023-11-28,Wheat,1,Chattrapati Sambhajinagar,FAQ,Lasur Station,3075,2650,2900,Maharashtra,Other
2023-11-28,Wheat,1,Chattrapati Sambhajinagar,FAQ,Paithan,2971,2620,2840,Maharashtra,Bansi
2023-11-29,Wheat,1,Chattrapati Sambhajinagar,FAQ,Paithan,3084,2621,2951,Maharashtra,Bansi
2023-12-04,Wheat,1,Jalgaon,FAQ,Pachora,2750,2575,2621,Maharashtra,Other
2023-12-04,Wheat,1,Ahmednagar,FAQ,Sangamner,2851,2600,2725,Maharashtra,Other
2023-12-04,Wheat,1,Jalgaon,FAQ,Amalner,2800,2400,2800,Maharashtra,Other
2023-12-04,Wheat,1,Chattrapati Sambhajinagar,FAQ,Lasur Station,3141,2550,2825,Maharashtra,Other
2023-12-04,Wheat,1,Ahmednagar,FAQ,Jamkhed,2800,2200,2500,Maharashtra,Other
2023-12-05,Wheat,1,Dhule,FAQ,Shirpur,2800,2451,2550,Maharashtra,Other
2023-12-05,Wheat,1,Jalgaon,FAQ,Chalisgaon,2601,2501,2550,Maharashtra,Other
2023-12-05,Wheat,1,Ahmednagar,FAQ,Kopargaon,2800,2300,2740,Maharashtra,Other
2023-12-05,Wheat,1,Jalgaon,FAQ,Chopada,2600,2600,2600,Maharashtra,Other
2023-12-06,Wheat,1,Jalgaon,FAQ,Amalner,2920,2855,2920,Maharashtra,Other
2023-12-07,Wheat,1,Chattrapati Sambhajinagar,FAQ,Lasur Station,2940,2600,2750,Maharashtra,Other
2023-12-07,Wheat,1,Ahmednagar,FAQ,Rahuri(Vambori),3000,2500,2750,Maharashtra,Other
2023-12-08,Wheat,1,Chattrapati Sambhajinagar,FAQ,Kannad,2700,2400,2562,Maharashtra,Other
2023-12-08,Wheat,1,Chattrapati Sambhajinagar,FAQ,Vaijpur,2755,2610,2690,Maharashtra,Other
2023-12-08,Wheat,1,Dhule,FAQ,Shirpur,2900,2600,2690,Maharashtra,Other
2023-12-09,Wheat,1,Chattrapati Sambhajinagar,FAQ,Vaijpur,3125,2555,2690,Maharashtra,Other
2023-12-09,Wheat,1,Ahmednagar,FAQ,Jamkhed,3000,2200,2600,Maharashtra,Other
2023-12-10,Wheat,1,Chattrapati Sambhajinagar,FAQ,Kannad,3301,2401,2851,Maharashtra,Other
2023-12-10,Wheat,1,Chattrapati Sambhajinagar,FAQ,Sillod,2900,2700,2800,Maharashtra,Other
2023-12-10,Wheat,1,Ahmednagar,FAQ,Rahuri,2500,2200,2350,Maharashtra,Other
2023-12-11,Wheat,1,Ahmednagar,FAQ,Rahata,2900,2450,2786,Maharashtra,Other
2023-12-11,Wheat,1,Jalgaon,FAQ,Chalisgaon,2756,2500,2630,Maharashtra,Other
2023-12-12,Wheat,1,Chattrapati Sambhajinagar,FAQ,Vaijpur,3220,2615,2660,Maharashtra,Other
2023-12-12,Wheat,1,Jalgaon,FAQ,Amalner,2900,2356,2900,Maharashtra,Other
2023-12-13,Wheat,1,Ahmednagar,FAQ,Rahuri,2700,2200,2350,Maharashtra,Other
2023-12-13,Wheat,1,Ahmednagar,FAQ,Rahata,2800,2400,2526,Maharashtra,Other
2023-12-13,Wheat,1,Ahmednagar,FAQ,Pathardi,3200,2600,2850,Maharashtra,Maharashtra 2189
2023-12-14,Wheat,1,Jalgaon,FAQ,Amalner,3150,2451,3150,Maharashtra,Other
2023-12-14,Wheat,1,Ahmednagar,FAQ,Rahata,3046,2400,2731,Maharashtra,Other
2023-12-15,Wheat,1,Chattrapati Sambhajinagar,FAQ,Kannad,3376,2300,2838,Maharashtra,Other
2023-12-15,Wheat,1,Ahmednagar,FAQ,Kopargaon,2890,2500,2700,Maharashtra,Other
2023-12-15,Wheat,1,Jalgaon,FAQ,Amalner,2750,2300,2750,Maharashtra,Other
2023-12-15,Wheat,1,Ahmednagar,FAQ,Rahuri(Vambori),2899,2476,2652,Maharashtra,Other
2023-12-18,Wheat,1,Ahmednagar,FAQ,Rahuri,2600,2400,2500,Maharashtra,Other
2023-12-19,Wheat,1,Ahmednagar,FAQ,Kopargaon,2765,2500,2550,Maharashtra,Other
2023-12-19,Wheat,1,Jalgaon,FAQ,Amalner,2900,2450,2900,Maharashtra,Other
2023-12-20,Wheat,1,Chattrapati Sambhajinagar,FAQ,Kannad,3352,2000,2676,Maharashtra,Other
2023-12-20,Wheat,1,Jalgaon,FAQ,Chopada,2700,2700,2700,Maharashtra,Other
2023-12-21,Wheat,1,Chattrapati Sambhajinagar,FAQ,Kannad,3100,2300,2700,Maharashtra,Other
2023-12-22,Wheat,1,Ahmednagar,FAQ,Ahmednagar,2900,2500,2700,Maharashtra,Other
2023-12-22,Wheat,1,Chattrapati Sambhajinagar,FAQ,Sillod,2700,2500,2600,Maharashtra,Other
2023-12-22,Wheat,1,Jalgaon,FAQ,Chalisgaon,2580,2560,2562,Maharashtra,Other
2023-12-22,Wheat,1,Ahmednagar,FAQ,Rahuri(Vambori),2376,2300,2351,Maharashtra,Other
2023-12-22,Wheat,1,Ahmednagar,FAQ,Kopargaon,2725,2400,2500,Maharashtra,Other
2023-12-22,Wheat,1,Jalgaon,FAQ,Chopada,2762,2762,2762,Maharashtra,Other
2023-12-23,Wheat,1,Jalgaon,FAQ,Pachora,2850,2651,2751,Maharashtra,Other
2023-12-23,Wheat,1,Jalgaon,FAQ,Chopada,2500,2500,2500,Maharashtra,Other
2023-12-23,Wheat,1,Ahmednagar,FAQ,Rahuri,2600,2400,2500,Maharashtra,Other
2023-12-26,Wheat,1,Ahmednagar,FAQ,Kopargaon,2821,2399,2713,Maharashtra,Other
2023-12-27,Wheat,1,Dhule,FAQ,Shirpur,2700,2550,2616,Maharashtra,Other
2023-12-28,Wheat,1,Dhule,FAQ,Shirpur,3021,2000,2500,Maharashtra,Other
2023-12-28,Wheat,1,Chattrapati Sambhajinagar,FAQ,Sillod,2700,2500,2600,Maharashtra,Other
2023-12-28,Wheat,1,Jalgaon,FAQ,Pachora,3039,2650,2821,Maharashtra,Other
2023-12-29,Wheat,1,Chattrapati Sambhajinagar,FAQ,Paithan,3373,2600,2900,Maharashtra,Bansi
2023-12-29,Wheat,1,Chattrapati Sambhajinagar,FAQ,Lasur Station,2900,2350,2700,Maharashtra,Other
2023-12-30,Wheat,1,Chattrapati Sambhajinagar,FAQ,Paithan,2900,2351,2600,Maharashtra,Bansi
2023-12-30,Wheat,1,Chattrapati Sambhajinagar,FAQ,Lasur Station,3126,2450,2600,Maharashtra,Other
2023-12-30,Wheat,1,Jalgaon,FAQ,Amalner,3100,2500,3100,Maharashtra,Other
2023-12-30,Wheat,1,Ahmednagar,FAQ,Jamkhed,2400,2000,2200,Maharashtra,Other
2023-12-30,Wheat,1,Ahmednagar,FAQ,Rahuri,2550,2200,2350,Maharashtra,Other
2023-12-30,Wheat,1,Chattrapati Sambhajinagar,FAQ,Sillod(Bharadi),2450,2450,2450,Maharashtra,Other
2023-12-30,Wheat,1,Ahmednagar,FAQ,Ahmednagar,2800,2450,2625,Maharashtra,Other
2023-12-31,Wheat,1,Chattrapati Sambhajinagar,FAQ,Sillod,2760,2550,2650,Maharashtra,Other
2025-03-01,Wheat,1,Chattrapati Sambhajinagar,FAQ,Gangapur,2751,2440,2540,Maharashtra,Other
2025-03-01,Wheat,1,Yavatmal,FAQ,Kisan Market Yard,2900,2500,2651,Maharashtra,Other
2025-03-01,Wheat,1,Ahmednagar,FAQ,Shevgaon,3000,2500,2500,Maharashtra,Maharashtra 2189
2025-03-01,Wheat,1,Ahmednagar,FAQ,Ahmednagar,3400,2600,3000,Maharashtra,Other
2025-03-01,Wheat,1,Jalana,FAQ,Bhokardan,2700,2300,2500,Maharashtra,Other
2025-03-01,Wheat,1,Jalgaon,FAQ,Jalgaon(Masawat),2800,2800,2800,Maharashtra,Maharashtra 2189
2025-03-01,Wheat,1,Ahmednagar,FAQ,Jamkhed,3000,2500,2750,Maharashtra,Other
2025-03-01,Wheat,1,Amarawati,FAQ,Achalpur,3000,2700,2850,Maharashtra,Other
2025-03-01,Wheat,1,Ahmednagar,FAQ,Om Chaitanya Multistate Agro Purpose CoOp Society ,3000,2600,2900,Maharashtra,Other
2025-03-01,Wheat,1,Buldhana,Non-FAQ,Sindkhed Raja,2200,1800,2000,Maharashtra,Other
2025-03-01,Wheat,1,Buldhana,FAQ,Shegaon,2500,2500,2500,Maharashtra,Other
2025-03-02,Wheat,1,Beed,FAQ,Kada,3000,2800,2900,Maharashtra,Maharashtra 2189
2025-03-02,Wheat,1,Nagpur,FAQ,Katol,2681,2631,2650,Maharashtra,Other
2025-03-03,Wheat,1,Chattrapati Sambhajinagar,FAQ,Sillod,2700,2600,2650,Maharashtra,Other
2025-03-03,Wheat,1,Yavatmal,FAQ,Kisan Market Yard,2800,2500,2778,Maharashtra,Other
2025-03-03,Wheat,1,Dharashiv(Usmanabad),FAQ,Murum,2891,2630,2753,Maharashtra,Bansi
2025-03-03,Wheat,1,Ahmednagar,FAQ,Shevgaon(Bodhegaon),2900,2700,2700,Maharashtra,Maharashtra 2189
2025-03-03,Wheat,1,Vashim,FAQ,Washim,2760,2445,2550,Maharashtra,Maharashtra 2189
2025-03-03,Wheat,1,Thane,FAQ,Kalyan,3600,3400,3500,Maharashtra,Sharbati
2025-03-03,Wheat,1,Dhule,FAQ,Dondaicha,2765,2275,2651,Maharashtra,Other
2025-03-03,Wheat,1,Wardha,FAQ,Sindi(Selu),2810,2610,2800,Maharashtra,Other
2025-03-03,Wheat,1,Latur,FAQ,Aurad Shahajani,2400,2400,2400,Maharashtra,Maharashtra 2189
2025-03-03,Wheat,1,Parbhani,FAQ,Sonpeth,2570,2570,2570,Maharashtra,Other
2025-03-03,Wheat,1,Buldhana,FAQ,Mehekar,2850,2500,2650,Maharashtra,Other
2025-03-03,Wheat,1,Jalgaon,FAQ,Dharangaon,2851,2650,2711,Maharashtra,Other
2025-03-03,Wheat,1,Nashik,FAQ,Lasalgaon(Vinchur),2866,2600,2775,Maharashtra,Other
2025-03-03,Wheat,1,Ahmednagar,FAQ,Ahmednagar,3000,2500,2750,Maharashtra,Other
2025-03-03,Wheat,1,Amarawati,FAQ,Dhamngaon-Railway,2800,2500,2600,Maharashtra,Other
2025-03-03,Wheat,1,Nashik,FAQ,Lasalgaon(Niphad),2823,2600,2750,Maharashtra,Maharashtra 2189
2025-03-03,Wheat,1,Nashik,FAQ,Lasalgaon,2860,2500,2652,Maharashtra,Maharashtra 2189
2025-03-03,Wheat,1,Nashik,FAQ,Nandgaon,2800,2450,2750,Maharashtra,Maharashtra 2189
2025-03-03,Wheat,1,Chattrapati Sambhajinagar,FAQ,Gangapur,2775,2310,2550,Maharashtra,Other
2025-03-04,Wheat,1,Nandurbar,FAQ,Nandurbar,2735,2350,2620,Maharashtra,Bansi
2025-03-04,Wheat,1,Buldhana,FAQ,BSK Krishi Bazar Private Ltd,2575,2575,2575,Maharashtra,Other
2025-03-04,Wheat,1,Ahmednagar,FAQ,Shevgaon(Bodhegaon),2700,2500,2500,Maharashtra,Maharashtra 2189
2025-03-04,Wheat,1,Jalgaon,FAQ,Raver,2565,2550,2550,Maharashtra,Other
2025-03-04,Wheat,1,Dhule,FAQ,Dondaicha,2755,2275,2651,Maharashtra,Other
2025-03-04,Wheat,1,Akola,FAQ,Murtizapur,2630,2450,2540,Maharashtra,Other
2025-03-04,Wheat,1,Mumbai,FAQ,Mumbai,6000,3000,4500,Maharashtra,Other
2025-03-04,Wheat,1,Ahmednagar,FAQ,Shrirampur,2700,2500,2600,Maharashtra,Other
2025-03-04,Wheat,1,Nashik,FAQ,Lasalgaon(Vinchur),2751,2551,2675,Maharashtra,Other
2025-03-04,Wheat,1,Jalana,FAQ,Ambad (Vadigodri),3150,2450,2820,Maharashtra,Other
2025-03-04,Wheat,1,Chattrapati Sambhajinagar,FAQ,Chattrapati Sambhajinagar,3121,2400,2760,Maharashtra,Other
2025-03-04,Wheat,1,Vashim,FAQ,Karanja,2640,2575,2600,Maharashtra,Other
2025-03-04,Wheat,1,Parbhani,FAQ,Tadkalas,3000,2700,2700,Maharashtra,Other
2025-03-04,Wheat,1,Chattrapati Sambhajinagar,FAQ,Paithan,3001,2520,2720,Maharashtra,Bansi
2025-03-04,Wheat,1,Nandurbar,FAQ,Shahada,2980,2500,2600,Maharashtra,Other
2025-03-04,Wheat,1,Yavatmal,FAQ,Kisan Market Yard,2800,2500,2584,Maharashtra,Other
2025-03-04,Wheat,1,Thane,FAQ,Ulhasnagar,3400,3200,3300,Maharashtra,Other
2025-03-04,Wheat,1,Jalgaon,FAQ,Chalisgaon,2962,2550,2850,Maharashtra,Other
2025-03-04,Wheat,1,Ahmednagar,FAQ,Shrirampur(Belapur),2600,2600,2600,Maharashtra,Other
2025-03-04,Wheat,1,Jalgaon,FAQ,Jalgaon(Masawat),2800,2700,2755,Maharashtra,147 Average
2025-03-04,Wheat,1,Ahmednagar,FAQ,Rahuri(Vambori),2651,2300,2500,Maharashtra,Other
2025-03-04,Wheat,1,Ahmednagar,FAQ,Jamkhed,3000,2500,2750,Maharashtra,Other
2025-03-04,Wheat,1,Nashik,FAQ,Satana,3200,2601,2950,Maharashtra,Other
2025-03-04,Wheat,1,Ahmednagar,Non-FAQ,Rahuri(Vambori),2225,2225,2225,Maharashtra,Other
2025-03-04,Wheat,1,Chattrapati Sambhajinagar,FAQ,Gangapur,2766,2430,2500,Maharashtra,Other
2025-03-04,Wheat,1,Akola,FAQ,Akola,2960,2500,2700,Maharashtra,Other
2025-03-05,Wheat,1,Jalana,FAQ,Partur,2850,2560,2800,Maharashtra,Maharashtra 2189
2025-03-05,Wheat,1,Amarawati,FAQ,Chandur Bazar,2700,2400,2550,Maharashtra,Other
2025-03-05,Wheat,1,Latur,FAQ,Aurad Shahajani,2451,2451,2451,Maharashtra,Maharashtra 2189
2025-03-05,Wheat,1,Beed,FAQ,Majalgaon,3221,2400,2901,Maharashtra,Other
2025-03-05,Wheat,1,Ahmednagar,FAQ,Shevgaon(Bodhegaon),2700,2600,2600,Maharashtra,Maharashtra 2189
2025-03-05,Wheat,1,Dhule,FAQ,Dondaicha,2717,2275,2671,Maharashtra,Other
2025-03-05,Wheat,1,Ahmednagar,FAQ,Shrirampur,2725,2300,2500,Maharashtra,Other
2025-03-05,Wheat,1,Yavatmal,FAQ,Pusad,3075,2581,2850,Maharashtra,Other
2025-03-05,Wheat,1,Chattrapati Sambhajinagar,FAQ,Gangapur,2870,2370,2750,Maharashtra,Other
2025-03-05,Wheat,1,Buldhana,FAQ,Khamgaon,2600,2300,2450,Maharashtra,Other
2025-03-05,Wheat,1,Ahmednagar,FAQ,Karjat,3000,2300,2600,Maharashtra,Other
2025-03-05,Wheat,1,Ahmednagar,FAQ,Rahuri(Vambori),2850,2276,2563,Maharashtra,Other
2025-03-05,Wheat,1,Nagpur,FAQ,Savner,2750,2600,2700,Maharashtra,Other
2025-03-05,Wheat,1,Ahmednagar,FAQ,Rahata,2830,2525,2646,Maharashtra,Other
2025-03-05,Wheat,1,Nashik,Non-FAQ,Satana,2200,2200,2200,Maharashtra,Other
2025-03-06,Wheat,1,Beed,FAQ,Kada,3000,2800,2900,Maharashtra,Maharashtra 2189
2025-03-06,Wheat,1,Buldhana,Non-FAQ,Shegaon,2250,2105,2150,Maharashtra,Other
2025-03-06,Wheat,1,Buldhana,FAQ,Deoulgaon Raja,2850,2400,2600,Maharashtra,Other
2025-03-06,Wheat,1,Buldhana,FAQ,Shegaon,2705,2575,2705,Maharashtra,Other
2025-03-06,Wheat,1,Dharashiv(Usmanabad),FAQ,Paranda,3000,2500,2850,Maharashtra,Maharashtra 2189
2025-03-06,Wheat,1,Wardha,FAQ,Sindi(Selu),2680,2400,2570,Maharashtra,Other
2025-03-06,Wheat,1,Buldhana,Non-FAQ,Sindkhed Raja,2200,1900,2000,Maharashtra,Other
2025-03-06,Wheat,1,Jalgaon,FAQ,Jalgaon(Masawat),2695,2500,2680,Maharashtra,147 Average
2025-03-06,Wheat,1,Nashik,FAQ,Lasalgaon,3100,2300,2752,Maharashtra,Maharashtra 2189
2025-03-06,Wheat,1,Nagpur,FAQ,Savner,2625,2400,2625,Maharashtra,Other
2025-03-06,Wheat,1,Jalgaon,FAQ,Chalisgaon,3000,2550,2850,Maharashtra,Other
2025-03-06,Wheat,1,Nanded,Non-FAQ,Bhokar,2200,2200,2200,Maharashtra,Other
2025-03-06,Wheat,1,Akola,FAQ,Akola,2800,2325,2600,Maharashtra,Other
2025-03-06,Wheat,1,Latur,FAQ,Aurad Shahajani,2750,2520,2635,Maharashtra,Maharashtra 2189
2025-03-07,Wheat,1,Chattrapati Sambhajinagar,FAQ,Kannad,2776,2300,2538,Maharashtra,Other
2025-03-07,Wheat,1,Buldhana,FAQ,Deoulgaon Raja,2700,2400,2500,Maharashtra,Other
2025-03-07,Wheat,1,Buldhana,FAQ,Chikali,2840,2280,2560,Maharashtra,Other
2025-03-07,Wheat,1,Nanded,FAQ,Nanded,2890,2500,2825,Maharashtra,Sharbati
2025-03-07,Wheat,1,Latur,FAQ,Aurad Shahajani,2800,2500,2650,Maharashtra,Maharashtra 2189
2025-03-07,Wheat,1,Nagpur,FAQ,Nagpur,3500,3200,3425,Maharashtra,Sharbati
2025-03-07,Wheat,1,Buldhana,FAQ,Malkapur,2800,2424,2611,Maharashtra,Other
2025-03-07,Wheat,1,Sangli,FAQ,Sangli,4500,3500,4000,Maharashtra,Other
2025-03-07,Wheat,1,Parbhani,FAQ,Pathari,2400,2400,2400,Maharashtra,Other
2025-03-07,Wheat,1,Ahmednagar,FAQ,Sangamner,2500,2500,2500,Maharashtra,Other
2025-03-07,Wheat,1,Dharashiv(Usmanabad),Non-FAQ,Washi (Dharashiv),2260,2060,2120,Maharashtra,Other
2025-03-08,Wheat,1,Chattrapati Sambhajinagar,FAQ,Gangapur,2855,2475,2692,Maharashtra,Other
2025-03-08,Wheat,1,Buldhana,FAQ,Khamgaon,2775,2400,2588,Maharashtra,Other
2025-03-08,Wheat,1,Dharashiv(Usmanabad),FAQ,Murum,3061,2500,2704,Maharashtra,Bansi
2025-03-08,Wheat,1,Ahmednagar,FAQ,Rahuri(Vambori),2575,2550,2562,Maharashtra,Other
2025-03-08,Wheat,1,Sholapur,FAQ,Solapur,3965,2570,3405,Maharashtra,Sharbati
2025-03-08,Wheat,1,Ahmednagar,FAQ,Karjat,3200,2300,2900,Maharashtra,Other
2025-03-08,Wheat,1,Chattrapati Sambhajinagar,FAQ,Kannad,3001,2400,2701,Maharashtra,Other
2025-03-08,Wheat,1,Bhandara,FAQ,Tumsar,2549,2485,2500,Maharashtra,Other
2025-03-08,Wheat,1,Ahmednagar,FAQ,Ahmednagar,2750,2550,2650,Maharashtra,Other
2025-03-08,Wheat,1,Wardha,FAQ,Sindi(Selu),2665,2560,2600,Maharashtra,Other
2025-03-08,Wheat,1,Nashik,FAQ,Lasalgaon(Niphad),3052,2400,2750,Maharashtra,Maharashtra 2189
2025-03-08,Wheat,1,Akola,FAQ,Telhara,2890,2650,2840,Maharashtra,Other
2025-03-08,Wheat,1,Jalana,FAQ,Bhokardan,2700,2400,2500,Maharashtra,Other
2025-03-08,Wheat,1,Dhule,Non-FAQ,Dhule,2274,2150,2250,Maharashtra,Other
2025-03-09,Wheat,1,Ahmednagar,FAQ,Karjat,3000,2300,2750,Maharashtra,Other
2025-03-09,Wheat,1,Nagpur,FAQ,Katol,2575,2525,2550,Maharashtra,Other
2025-03-09,Wheat,1,Beed,FAQ,Kada,3000,2800,2900,Maharashtra,Maharashtra 2189
2025-03-09,Wheat,1,Dharashiv(Usmanabad),Non-FAQ,Washi (Dharashiv),2250,2030,2140,Maharashtra,Other
2025-03-10,Wheat,1,Nashik,FAQ,Lasalgaon,3033,2401,2665,Maharashtra,Maharashtra 2189
2025-03-10,Wheat,1,Nashik,FAQ,Yeola,2723,2481,2575,Maharashtra,Maharashtra 2189
2025-03-10,Wheat,1,Nashik,FAQ,Nandgaon,2970,2529,2650,Maharashtra,Maharashtra 2189
2025-03-10,Wheat,1,Sangli,FAQ,Sangli,4500,3500,4000,Maharashtra,Other
2025-03-10,Wheat,1,Parbhani,FAQ,Sonpeth,3326,2700,2950,Maharashtra,Other
2025-03-10,Wheat,1,Parbhani,FAQ,Tadkalas,2800,2275,2500,Maharashtra,Other
2025-03-10,Wheat,1,Dharashiv(Usmanabad),FAQ,Paranda,2700,2500,2500,Maharashtra,Other
2025-03-10,Wheat,1,Sholapur,FAQ,Kurdwadi(Modnimb),3151,2500,2800,Maharashtra,Other
2025-03-10,Wheat,1,Dhule,FAQ,Dhule,2790,2275,2611,Maharashtra,Other
2025-03-10,Wheat,1,Pune,FAQ,Baramati,3112,2500,2800,Maharashtra,Maharashtra 2189
2025-03-10,Wheat,1,Nagpur,FAQ,Katol,2600,2541,2550,Maharashtra,Other
2025-03-10,Wheat,1,Latur,FAQ,Aurad Shahajani,2950,2930,2940,Maharashtra,Maharashtra 2189
2025-03-10,Wheat,1,Hingoli,FAQ,Hingoli,3025,2525,2775,Maharashtra,Sharbati
2025-03-10,Wheat,1,Jalgaon,FAQ,Raver,2676,2390,2390,Maharashtra,Other
2025-03-10,Wheat,1,Pune,FAQ,Indapur,3021,2275,2600,Maharashtra,Other
2025-03-10,Wheat,1,Nagpur,FAQ,Savner,2626,2400,2540,Maharashtra,Other
2025-03-10,Wheat,1,Nagpur,FAQ,Nagpur,2711,2600,2683,Maharashtra,Other
2025-03-10,Wheat,1,Nashik,FAQ,Satana,3085,2525,2750,Maharashtra,Other
2025-03-10,Wheat,1,Vashim,FAQ,Karanja,2650,2580,2620,Maharashtra,Other
2025-03-10,Wheat,1,Vashim,FAQ,Washim(Ansing),2650,2450,2550,Maharashtra,Maharashtra 2189
2025-03-10,Wheat,1,Wardha,FAQ,Ashti(Karanja),2605,2500,2525,Maharashtra,Other
2025-03-10,Wheat,1,Ahmednagar,FAQ,Jamkhed,3000,2500,2750,Maharashtra,Other
2025-03-10,Wheat,1,Yavatmal,FAQ,Digras,2875,2680,2730,Maharashtra,Other
2025-03-10,Wheat,1,Sholapur,FAQ,Solapur,3970,2565,3400,Maharashtra,Sharbati
2025-03-10,Wheat,1,Sholapur,FAQ,Karmala,2900,2431,2700,Maharashtra,Other
2025-03-10,Wheat,1,Bhandara,FAQ,Tumsar,2555,2450,2500,Maharashtra,Other
2025-03-10,Wheat,1,Akola,FAQ,Murtizapur,2750,2310,2530,Maharashtra,Other
2025-03-10,Wheat,1,Wardha,FAQ,Wardha,2740,2615,2700,Maharashtra,Other
2025-03-10,Wheat,1,Amarawati,FAQ,Morshi,2650,2500,2575,Maharashtra,Other
2025-03-10,Wheat,1,Ahmednagar,FAQ,Shrirampur,2650,2575,2600,Maharashtra,Other
2025-03-11,Wheat,1,Akola,FAQ,Akola,3200,2405,2800,Maharashtra,Other
2025-03-11,Wheat,1,Dhule,FAQ,Shirpur,2756,2550,2650,Maharashtra,Other
2025-03-11,Wheat,1,Buldhana,FAQ,Khamgaon,2526,2305,2416,Maharashtra,Other
2025-03-11,Wheat,1,Dhule,FAQ,Dhule,2805,2425,2745,Maharashtra,Other
2025-03-11,Wheat,1,Jalgaon,FAQ,Amalner,2926,2500,2926,Maharashtra,Other
2025-03-11,Wheat,1,Ahmednagar,Non-FAQ,Rahuri(Vambori),2226,2226,2226,Maharashtra,Other
2025-03-11,Wheat,1,Dharashiv(Usmanabad),FAQ,Paranda,2800,2800,2800,Maharashtra,Other
2025-03-11,Wheat,1,Amarawati,FAQ,Dhamngaon-Railway,2640,2400,2500,Maharashtra,Other
2025-03-11,Wheat,1,Ahmednagar,FAQ,Kopargaon,2627,2275,2410,Maharashtra,Other
2025-03-11,Wheat,1,Chattrapati Sambhajinagar,FAQ,Chattrapati Sambhajinagar,2841,2450,2646,Maharashtra,Other
2025-03-11,Wheat,1,Nashik,FAQ,Lasalgaon,2952,2500,2571,Maharashtra,Maharashtra 2189
2025-03-11,Wheat,1,Buldhana,FAQ,Mehekar,3000,2600,2800,Maharashtra,Other
2025-03-11,Wheat,1,Nashik,FAQ,Malegaon,2741,2280,2552,Maharashtra,Other
2025-03-11,Wheat,1,Nashik,Non-FAQ,Satana,2000,2000,2000,Maharashtra,Other
2025-03-11,Wheat,1,Chattrapati Sambhajinagar,FAQ,Paithan,2700,2450,2500,Maharashtra,Bansi
2025-03-11,Wheat,1,Sholapur,FAQ,Barshi(Vairag),3100,2300,2500,Maharashtra,Other
2025-03-11,Wheat,1,Chattrapati Sambhajinagar,FAQ,Fulmbri,2650,2350,2475,Maharashtra,Other
2025-03-11,Wheat,1,Parbhani,FAQ,Gangakhed,3000,2500,2500,Maharashtra,Other
2025-03-12,Wheat,1,Wardha,FAQ,Wardha,2675,2600,2650,Maharashtra,Other
2025-03-12,Wheat,1,Sangli,FAQ,Tasgaon,3160,2860,3000,Maharashtra,Other
2025-03-12,Wheat,1,Dharashiv(Usmanabad),FAQ,Tuljapur,2700,2400,2500,Maharashtra,Other
2025-03-12,Wheat,1,Chattrapati Sambhajinagar,FAQ,Kannad,2900,2450,2675,Maharashtra,Other
2025-03-12,Wheat,1,Ahmednagar,FAQ,Rahata,2770,2580,2681,Maharashtra,Other
2025-03-12,Wheat,1,Jalgaon,FAQ,Amalner,2725,2400,2725,Maharashtra,Other
2025-03-12,Wheat,1,Nagpur,FAQ,Savner,2500,2500,2500,Maharashtra,Other
2025-03-12,Wheat,1,Dhule,Non-FAQ,Dhule,2274,2175,2175,Maharashtra,Other
2025-03-12,Wheat,1,Buldhana,FAQ,Lonar,2539,2400,2469,Maharashtra,Other
2025-03-12,Wheat,1,Nagpur,FAQ,Katol,2500,2400,2450,Maharashtra,Other
2025-03-12,Wheat,1,Nagpur,FAQ,Nagpur,2612,2450,2571,Maharashtra,Other
2025-03-12,Wheat,1,Ahmednagar,Non-FAQ,Rahuri(Vambori),2222,2222,2222,Maharashtra,Other
2025-03-13,Wheat,1,Parbhani,FAQ,Tadkalas,2300,2300,2300,Maharashtra,Other
2025-03-13,Wheat,1,Sholapur,FAQ,Barshi,2700,2600,2600,Maharashtra,Other
2025-03-13,Wheat,1,Sangli,FAQ,Sangli,4500,3500,4000,Maharashtra,Other
2025-03-13,Wheat,1,Ahmednagar,FAQ,Rahuri(Vambori),2560,2350,2455,Maharashtra,Other
2025-03-13,Wheat,1,Dharashiv(Usmanabad),FAQ,Murum,2826,2412,2667,Maharashtra,Bansi
2025-03-13,Wheat,1,Jalgaon,FAQ,Amalner,2955,2300,2955,Maharashtra,Other
2025-03-13,Wheat,1,Chattrapati Sambhajinagar,FAQ,Chattrapati Sambhajinagar,2825,2300,2562,Maharashtra,Other
2025-03-13,Wheat,1,Jalgaon,FAQ,Jalgaon,2555,2450,2555,Maharashtra,147 Average
2025-03-13,Wheat,1,Ahmednagar,FAQ,Shevgaon(Bodhegaon),2700,2600,2700,Maharashtra,Maharashtra 2189
2025-03-14,Wheat,1,Thane,FAQ,Kalyan,3500,3100,3350,Maharashtra,Sharbati
2025-03-14,Wheat,1,Nashik,FAQ,Lasalgaon(Niphad),2766,2599,2650,Maharashtra,Maharashtra 2189
2025-03-15,Wheat,1,Nashik,FAQ,Nandgaon,2896,2491,2550,Maharashtra,Maharashtra 2189
2025-03-15,Wheat,1,Ahmednagar,FAQ,Shrirampur,2625,2500,2600,Maharashtra,Other
2025-03-15,Wheat,1,Jalgaon,FAQ,Amalner,2690,2300,2690,Maharashtra,Other
2025-03-15,Wheat,1,Jalgaon,FAQ,Raver,2521,2521,2521,Maharashtra,Other
2025-03-15,Wheat,1,Parbhani,FAQ,Gangakhed,3000,2500,2500,Maharashtra,Other
2025-03-15,Wheat,1,Ahmednagar,FAQ,Rahata,2656,2400,2551,Maharashtra,Other
2025-03-15,Wheat,1,Buldhana,Non-FAQ,Khamgaon,2100,2100,2100,Maharashtra,Other
2025-03-15,Wheat,1,Ahmednagar,FAQ,Newasa,2450,2450,2450,Maharashtra,Maharashtra 2189
2025-03-15,Wheat,1,Buldhana,FAQ,Chikali,2850,2325,2587,Maharashtra,Other
2025-03-15,Wheat,1,Yavatmal,FAQ,Kisan Market Yard,2600,2300,2530,Maharashtra,Other
2025-03-15,Wheat,1,Ahmednagar,FAQ,Pathardi,3100,2300,2800,Maharashtra,Maharashtra 2189
2025-03-15,Wheat,1,Beed,Non-FAQ,Majalgaon,2200,2000,2100,Maharashtra,Other
2025-03-15,Wheat,1,Dharashiv(Usmanabad),FAQ,Tuljapur,2700,2400,2600,Maharashtra,Other
2025-03-16,Wheat,1,Nagpur,FAQ,Bhiwapur,2400,2300,2350,Maharashtra,Other
2025-03-16,Wheat,1,Ahmednagar,FAQ,Karjat,3200,2500,2800,Maharashtra,Other
2025-03-16,Wheat,1,Wardha,FAQ,Ashti(Karanja),2555,2450,2525,Maharashtra,Other
2025-03-17,Wheat,1,Yavatmal,FAQ,Pusad,3300,2505,2800,Maharashtra,Other
2025-03-17,Wheat,1,Parbhani,FAQ,Purna,3000,2515,2900,Maharashtra,Maharashtra 2189
2025-03-17,Wheat,1,Yavatmal,FAQ,Babhulgaon,2550,2350,2450,Maharashtra,Other
2025-03-17,Wheat,1,Pune,Non-FAQ,Shirur,2000,2000,2000,Maharashtra,Other
2025-03-17,Wheat,1,Parbhani,FAQ,Jintur,2700,2700,2700,Maharashtra,Other
2025-03-17,Wheat,1,Latur,FAQ,Ausa,2551,2351,2551,Maharashtra,Maharashtra 2189
2025-03-17,Wheat,1,Jalgaon,FAQ,Jalgaon(Masawat),2750,2600,2675,Maharashtra,147 Average
2025-03-17,Wheat,1,Parbhani,FAQ,Gangakhed,3000,2500,2500,Maharashtra,Other
2025-03-17,Wheat,1,Pune,FAQ,Shirur,3000,3000,3000,Maharashtra,Other
2025-03-17,Wheat,1,Nandurbar,FAQ,Taloda,2669,2500,2588,Maharashtra,Other
2025-03-17,Wheat,1,Amarawati,FAQ,Chandur Bazar,2700,2400,2610,Maharashtra,Other
2025-03-17,Wheat,1,Vashim,FAQ,Manora,2770,2500,2573,Maharashtra,Other
2025-03-17,Wheat,1,Sholapur,FAQ,Solapur,3995,2540,3380,Maharashtra,Sharbati
2025-03-17,Wheat,1,Jalana,FAQ,Jalana,2745,2550,2550,Maharashtra,Other
2025-03-17,Wheat,1,Chattrapati Sambhajinagar,FAQ,Gangapur,2675,2360,2560,Maharashtra,Other
2025-03-18,Wheat,1,Ahmednagar,FAQ,Karjat,2800,2300,2500,Maharashtra,Other
2025-03-18,Wheat,1,Nanded,FAQ,Nanded,3000,2300,2670,Maharashtra,Sharbati
2025-03-18,Wheat,1,Nandurbar,FAQ,Shahada,2633,2300,2582,Maharashtra,Other
2025-03-18,Wheat,1,Chattrapati Sambhajinagar,FAQ,Sillod,2650,2500,2600,Maharashtra,Other
2025-03-18,Wheat,1,Nanded,FAQ,Bhokar,3000,3000,3000,Maharashtra,Other
2025-03-18,Wheat,1,Nashik,FAQ,Devala,2645,2400,2550,Maharashtra,Maharashtra 2189
2025-03-18,Wheat,1,Buldhana,FAQ,Lonar,2474,2350,2412,Maharashtra,Other
2025-03-18,Wheat,1,Dharashiv(Usmanabad),FAQ,Paranda,2600,2400,2500,Maharashtra,Other
2025-03-18,Wheat,1,Chattrapati Sambhajinagar,FAQ,Gangapur,2600,2300,2588,Maharashtra,Other
2025-03-18,Wheat,1,Wardha,FAQ,Sindi,2600,2400,2500,Maharashtra,Other
2025-03-18,Wheat,1,Ahmednagar,FAQ,Ahmednagar,2800,2400,2600,Maharashtra,Other
2025-03-18,Wheat,1,Ahmednagar,FAQ,Kopargaon,2560,2369,2475,Maharashtra,Other
2025-03-18,Wheat,1,Thane,FAQ,Palghar,3400,3400,3400,Maharashtra,Other
2025-03-18,Wheat,1,Sangli,FAQ,Sangli,4500,3500,4000,Maharashtra,Other
2025-03-18,Wheat,1,Chattrapati Sambhajinagar,FAQ,Fulmbri,2650,2350,2450,Maharashtra,Other
2025-03-18,Wheat,1,Vashim,FAQ,Karanja,2570,2480,2520,Maharashtra,Other
2025-03-18,Wheat,1,Beed,FAQ,Beed,2951,2550,2700,Maharashtra,Other
2025-03-18,Wheat,1,Jalana,FAQ,Jalana,2800,2450,2600,Maharashtra,Other
2025-03-19,Wheat,1,Ahmednagar,FAQ,Rahuri(Vambori),2550,2340,2445,Maharashtra,Other
2025-03-19,Wheat,1,Amarawati,FAQ,Chandur Bazar,2750,2400,2640,Maharashtra,Other
2025-03-19,Wheat,1,Thane,FAQ,Ulhasnagar,3400,3000,3200,Maharashtra,Other
2025-03-19,Wheat,1,Buldhana,FAQ,Deoulgaon Raja,2511,2400,2450,Maharashtra,Other
2025-03-19,Wheat,1,Buldhana,FAQ,Lonar,2570,2400,2485,Maharashtra,Other
2025-03-19,Wheat,1,Yavatmal,FAQ,Yeotmal,2575,2430,2502,Maharashtra,Other
2025-03-19,Wheat,1,Chattrapati Sambhajinagar,FAQ,Chattrapati Sambhajinagar,2775,2299,2537,Maharashtra,Other
2025-03-19,Wheat,1,Akola,FAQ,Akola,2730,2345,2400,Maharashtra,Other
2025-03-19,Wheat,1,Ahmednagar,Non-FAQ,Rahuri(Vambori),2100,2100,2100,Maharashtra,Other
2025-03-19,Wheat,1,Buldhana,FAQ,BSK Krishi Bazar Private Ltd,2626,2626,2626,Maharashtra,Other
2025-03-19,Wheat,1,Jalgaon,FAQ,Jalgaon(Masawat),2675,2625,2650,Maharashtra,147 Average
2025-03-19,Wheat,1,Sangli,FAQ,Tasgaon,3120,2860,2920,Maharashtra,Other
2025-03-19,Wheat,1,Buldhana,FAQ,Mehekar,3200,2700,3000,Maharashtra,Other
2025-03-19,Wheat,1,Ahmednagar,FAQ,Shevgaon(Bodhegaon),2700,2700,2700,Maharashtra,Maharashtra 2189
2025-03-19,Wheat,1,Jalana,FAQ,Ambad (Vadigodri),2926,2275,2626,Maharashtra,Other
2025-03-19,Wheat,1,Vashim,FAQ,Karanja,2545,2475,2510,Maharashtra,Other
2025-03-19,Wheat,1,Nashik,FAQ,Lasalgaon(Niphad),2640,2475,2600,Maharashtra,Maharashtra 2189
2025-03-19,Wheat,1,Jalgaon,FAQ,Dharangaon,2830,2500,2631,Maharashtra,Other
2025-03-19,Wheat,1,Dhule,FAQ,Dhule,2900,2275,2600,Maharashtra,Other
2025-03-19,Wheat,1,Amarawati,FAQ,Amarawati,2900,2700,2800,Maharashtra,Other
2025-03-20,Wheat,1,Nandurbar,FAQ,Shahada,2686,2300,2500,Maharashtra,Other
2025-03-20,Wheat,1,Sholapur,FAQ,Karmala,3150,2411,2700,Maharashtra,Other
2025-03-20,Wheat,1,Thane,FAQ,Ulhasnagar,3200,3000,3100,Maharashtra,Other
2025-03-20,Wheat,1,Chattrapati Sambhajinagar,FAQ,Gangapur,2585,2279,2450,Maharashtra,Other
2025-03-20,Wheat,1,Nashik,FAQ,Manmad,2870,2275,2550,Maharashtra,Other
2025-03-20,Wheat,1,Nashik,FAQ,Lasalgaon(Vinchur),2775,2400,2551,Maharashtra,Other
2025-03-20,Wheat,1,Nashik,FAQ,Lasalgaon(Niphad),2694,2300,2561,Maharashtra,Maharashtra 2189
2025-03-20,Wheat,1,Chattrapati Sambhajinagar,FAQ,Kannad,3000,2301,2651,Maharashtra,Other
2025-03-20,Wheat,1,Yavatmal,FAQ,"Mahesh Krushi Utpanna Bazar, Digras",2775,2500,2668,Maharashtra,Other
2025-03-20,Wheat,1,Nagpur,FAQ,Savner,2640,2350,2550,Maharashtra,Other
2025-03-20,Wheat,1,Jalana,FAQ,Partur,2670,2500,2556,Maharashtra,Maharashtra 2189
2025-03-20,Wheat,1,Wardha,FAQ,Wardha,2760,2540,2650,Maharashtra,Other
2025-03-20,Wheat,1,Ahmednagar,FAQ,Rahuri(Vambori),2525,2400,2470,Maharashtra,Other
2025-03-20,Wheat,1,Akola,FAQ,Murtizapur,3010,2450,2730,Maharashtra,Other
2025-03-20,Wheat,1,Pune,FAQ,Baramati,3200,2500,2851,Maharashtra,Maharashtra 2189
2025-03-20,Wheat,1,Dharashiv(Usmanabad),Non-FAQ,Murum,2150,2150,2150,Maharashtra,Bansi
2025-03-20,Wheat,1,Ahmednagar,FAQ,Shevgaon(Bodhegaon),2700,2600,2600,Maharashtra,Maharashtra 2189
2025-03-20,Wheat,1,Amarawati,FAQ,Morshi,2550,2400,2475,Maharashtra,Other
2025-03-20,Wheat,1,Parbhani,FAQ,Parbhani,3000,2600,2950,Maharashtra,Other
2025-03-20,Wheat,1,Ahmednagar,FAQ,Kopargaon,2681,2400,2505,Maharashtra,Other
2025-03-20,Wheat,1,Thane,FAQ,Kalyan,3400,3000,3250,Maharashtra,Sharbati
2025-03-21,Wheat,1,Jalana,FAQ,Partur,2780,2550,2600,Maharashtra,Maharashtra 2189
2025-03-21,Wheat,1,Amarawati,FAQ,Varud(Rajura Bazar),2500,2500,2500,Maharashtra,Other
2025-03-21,Wheat,1,Buldhana,FAQ,Mehekar,3200,2700,3000,Maharashtra,Other
2025-03-21,Wheat,1,Jalgaon,FAQ,Jalgaon(Masawat),2675,2600,2640,Maharashtra,147 Average
2025-03-21,Wheat,1,Beed,FAQ,Beed,2851,2650,2792,Maharashtra,Other
2025-03-21,Wheat,1,Parbhani,FAQ,Gangakhed,3000,2500,2800,Maharashtra,Other
2025-03-21,Wheat,1,Wardha,FAQ,Sindi(Selu),2655,2480,2580,Maharashtra,Other
2025-03-21,Wheat,1,Thane,FAQ,Palghar,3025,3025,3025,Maharashtra,Other
2025-03-21,Wheat,1,Buldhana,FAQ,Chikali,2850,2350,2600,Maharashtra,Other
2025-03-21,Wheat,1,Nagpur,FAQ,Nagpur,3500,3200,3425,Maharashtra,Sharbati
2025-03-21,Wheat,1,Vashim,FAQ,Manora,2781,2490,2564,Maharashtra,Other
2025-03-21,Wheat,1,Nashik,FAQ,Devala,2805,2495,2800,Maharashtra,Maharashtra 2189
2025-03-21,Wheat,1,Ahmednagar,FAQ,Kopargaon,2599,2400,2518,Maharashtra,Other
2025-03-21,Wheat,1,Buldhana,Non-FAQ,Khamgaon,2200,2000,2100,Maharashtra,Other
2025-03-21,Wheat,1,Latur,FAQ,Ausa,3102,2275,2510,Maharashtra,Maharashtra 2189
2025-03-21,Wheat,1,Amarawati,FAQ,Chandur Railway,2675,2400,2500,Maharashtra,Other
2025-03-22,Wheat,1,Sangli,FAQ,Sangli,4500,3500,4000,Maharashtra,Other
2025-03-22,Wheat,1,Wardha,FAQ,Sindi,2650,2410,2500,Maharashtra,Other
2025-03-22,Wheat,1,Sholapur,FAQ,Barshi(Vairag),2600,2300,2400,Maharashtra,Other
2025-03-22,Wheat,1,Yavatmal,FAQ,Kisan Market Yard,2650,2200,2474,Maharashtra,Other
2025-03-22,Wheat,1,Nagpur,FAQ,Savner,2449,2300,2400,Maharashtra,Other
2025-03-22,Wheat,1,Jalgaon,FAQ,Jalgaon,2500,2365,2470,Maharashtra,147 Average
2025-03-22,Wheat,1,Buldhana,FAQ,Shegaon,3000,2410,2800,Maharashtra,Other
2025-03-22,Wheat,1,Buldhana,FAQ,Chikali,2750,2300,2525,Maharashtra,Other
2025-03-22,Wheat,1,Nagpur,FAQ,Nagpur,2520,2400,2490,Maharashtra,Other
2025-03-22,Wheat,1,Ahmednagar,Non-FAQ,Ahmednagar,1700,1700,1700,Maharashtra,Other
2025-03-23,Wheat,1,Nanded,FAQ,Kandhar,3000,2400,2800,Maharashtra,Other
2025-03-24,Wheat,1,Beed,Non-FAQ,Majalgaon,2210,2025,2150,Maharashtra,Other
2025-03-24,Wheat,1,Ahmednagar,FAQ,Shevgaon,2550,2300,2550,Maharashtra,Maharashtra 2189
2025-03-24,Wheat,1,Nagpur,FAQ,Nagpur,2540,2400,2505,Maharashtra,Other
2025-03-24,Wheat,1,Sholapur,FAQ,Barshi(Vairag),2900,2400,2500,Maharashtra,Other
2025-03-24,Wheat,1,Sholapur,FAQ,Kurdwadi(Modnimb),3200,2411,2900,Maharashtra,Other
2025-03-24,Wheat,1,Wardha,FAQ,Sindi(Selu),2800,2460,2680,Maharashtra,Other
2025-03-24,Wheat,1,Buldhana,FAQ,Deoulgaon Raja,2800,2400,2600,Maharashtra,Other
2025-03-24,Wheat,1,Buldhana,FAQ,Shegaon,3100,2500,2800,Maharashtra,Other
2025-03-24,Wheat,1,Yavatmal,FAQ,"Mahesh Krushi Utpanna Bazar, Digras",2600,2300,2495,Maharashtra,Other
2025-03-24,Wheat,1,Buldhana,FAQ,Malkapur,3000,2440,2580,Maharashtra,Other
2025-03-24,Wheat,1,Nandurbar,FAQ,Shahada,2752,2411,2620,Maharashtra,Other
2025-03-24,Wheat,1,Chattrapati Sambhajinagar,FAQ,Lasur Station,2850,2400,2650,Maharashtra,Other
2025-03-24,Wheat,1,Nanded,FAQ,Nanded,2855,2500,2800,Maharashtra,Sharbati
2025-03-24,Wheat,1,Beed,Non-FAQ,Gevrai,2200,2200,2200,Maharashtra,Other
2025-03-24,Wheat,1,Thane,FAQ,Palghar,3170,3170,3170,Maharashtra,Other
2025-03-25,Wheat,1,Wardha,FAQ,Ashti(Karanja),2585,2450,2530,Maharashtra,Other
2025-03-25,Wheat,1,Buldhana,FAQ,Jalgaon Jamod(Aasalgaon),3000,2600,2800,Maharashtra,Maharashtra 2189
2025-03-25,Wheat,1,Dharashiv(Usmanabad),FAQ,Tuljapur,2700,2400,2600,Maharashtra,Other
2025-03-25,Wheat,1,Dhule,Non-FAQ,Dhule,2274,2060,2100,Maharashtra,Other
2025-03-25,Wheat,1,Bhandara,FAQ,Bhandara,2600,2600,2600,Maharashtra,Maharashtra 2189
2025-03-25,Wheat,1,Dhule,FAQ,Shirpur,2800,2661,2700,Maharashtra,Other
2025-03-25,Wheat,1,Vashim,FAQ,Karanja,2620,2530,2575,Maharashtra,Other
2025-03-25,Wheat,1,Thane,FAQ,Ulhasnagar,3200,3000,3100,Maharashtra,Other
2025-03-25,Wheat,1,Buldhana,FAQ,Khamgaon,2550,2300,2425,Maharashtra,Other
2025-03-25,Wheat,1,Chattrapati Sambhajinagar,FAQ,Paithan,2725,2490,2620,Maharashtra,Bansi
2025-03-25,Wheat,1,Buldhana,FAQ,Chikali,2800,2300,2550,Maharashtra,Other
2025-03-25,Wheat,1,Chattrapati Sambhajinagar,FAQ,Sillod,2550,2400,2500,Maharashtra,Other
2025-03-25,Wheat,1,Ahmednagar,FAQ,Om Chaitanya Multistate Agro Purpose CoOp Society ,3000,2500,2500,Maharashtra,Other
2025-03-25,Wheat,1,Nashik,FAQ,Nandgaon,3250,2300,2550,Maharashtra,Maharashtra 2189
2025-03-25,Wheat,1,Yavatmal,FAQ,"Mahesh Krushi Utpanna Bazar, Digras",2700,1800,2543,Maharashtra,Other
2025-03-25,Wheat,1,Nashik,FAQ,Lasalgaon,3070,2400,2690,Maharashtra,Maharashtra 2189
2025-03-25,Wheat,1,Nanded,FAQ,Nanded,2950,2300,2700,Maharashtra,Sharbati
2025-03-25,Wheat,1,Parbhani,FAQ,Jintur,3000,2600,2600,Maharashtra,Other
2025-03-25,Wheat,1,Sangli,FAQ,Sangli,4500,3500,4000,Maharashtra,Other
2025-03-25,Wheat,1,Parbhani,FAQ,Pathari,2651,2278,2501,Maharashtra,Other
2025-03-25,Wheat,1,Parbhani,FAQ,Purna,3100,2575,2750,Maharashtra,Maharashtra 2189
2025-03-25,Wheat,1,Jalgaon,FAQ,Jalgaon(Masawat),2835,2700,2765,Maharashtra,147 Average
2025-03-25,Wheat,1,Nagpur,FAQ,Nagpur,2510,2400,2482,Maharashtra,Other
2025-03-25,Wheat,1,Ahmednagar,FAQ,Shrirampur,2600,2400,2500,Maharashtra,Other
2025-03-25,Wheat,1,Jalgaon,FAQ,Pachora,2950,2300,2511,Maharashtra,Other
2025-03-25,Wheat,1,Akola,FAQ,Murtizapur,3025,2450,2740,Maharashtra,Other
2025-03-25,Wheat,1,Nagpur,FAQ,Nagpur,3500,3200,3425,Maharashtra,Sharbati
2025-03-26,Wheat,1,Ahmednagar,FAQ,Rahata,2621,2560,2600,Maharashtra,Other
2025-03-26,Wheat,1,Ahmednagar,FAQ,Shevgaon,2600,2400,2600,Maharashtra,Maharashtra 2189
2025-03-26,Wheat,1,Nanded,FAQ,Loha,3181,2850,3050,Maharashtra,Other
2025-03-26,Wheat,1,Parbhani,FAQ,Gangakhed,3000,2500,2800,Maharashtra,Other
2025-03-26,Wheat,1,Bhandara,FAQ,Tumsar,2451,2329,2430,Maharashtra,Other
2025-03-26,Wheat,1,Jalgaon,FAQ,Jalgaon,2600,2510,2600,Maharashtra,147 Average
2025-03-27,Wheat,1,Buldhana,FAQ,Deoulgaon Raja,2776,2400,2600,Maharashtra,Other
2025-03-27,Wheat,1,Nashik,FAQ,Satana,2900,2501,2771,Maharashtra,Other
2025-03-27,Wheat,1,Vashim,FAQ,Karanja,2590,2500,2550,Maharashtra,Other
2025-03-27,Wheat,1,Sholapur,FAQ,Kurdwadi,2901,2275,2400,Maharashtra,Other
2025-03-27,Wheat,1,Thane,FAQ,Vasai,3960,3250,3425,Maharashtra,Other
2025-03-27,Wheat,1,Nashik,Non-FAQ,Satana,2250,2025,2200,Maharashtra,Other
2025-03-27,Wheat,1,Thane,FAQ,Palghar,3170,3170,3170,Maharashtra,Other
2025-03-27,Wheat,1,Chattrapati Sambhajinagar,FAQ,Paithan,2756,2450,2650,Maharashtra,Bansi
2025-03-27,Wheat,1,Nanded,FAQ,Nanded,2960,2425,2700,Maharashtra,Sharbati
2025-03-27,Wheat,1,Nagpur,FAQ,Umared,2800,2400,2650,Maharashtra,Other
2025-03-27,Wheat,1,Yavatmal,FAQ,"Mahesh Krushi Utpanna Bazar, Digras",2600,2200,2558,Maharashtra,Other
2025-03-27,Wheat,1,Nagpur,FAQ,Katol,2580,2341,2500,Maharashtra,Other
2025-03-27,Wheat,1,Dharashiv(Usmanabad),FAQ,Tuljapur,2700,2400,2600,Maharashtra,Other
2025-03-27,Wheat,1,Mumbai,FAQ,Mumbai,6000,3000,4500,Maharashtra,Other
2025-03-27,Wheat,1,Dhule,FAQ,Dondaicha,2667,2275,2500,Maharashtra,Other
2025-03-27,Wheat,1,Buldhana,Non-FAQ,Shegaon,2250,2250,2250,Maharashtra,Other
2025-03-28,Wheat,1,Ahmednagar,FAQ,Rahuri,3625,2400,3000,Maharashtra,Other
2025-03-28,Wheat,1,Jalgaon,FAQ,Pachora,2751,2300,2511,Maharashtra,Other
2025-03-28,Wheat,1,Wardha,FAQ,Sindi(Selu),2600,2400,2500,Maharashtra,Other
2025-03-28,Wheat,1,Nashik,FAQ,Nandgaon,2775,2775,2775,Maharashtra,Maharashtra 2189
2025-03-28,Wheat,1,Sangli,FAQ,Tasgaon,3120,2860,2950,Maharashtra,Other
2025-03-28,Wheat,1,Dharashiv(Usmanabad),FAQ,Tuljapur,2700,2400,2600,Maharashtra,Other
2025-03-28,Wheat,1,Jalana,Non-FAQ,Jafrabad,2200,2000,2100,Maharashtra,Other
2025-03-28,Wheat,1,Buldhana,FAQ,Deoulgaon Raja,2711,2400,2500,Maharashtra,Other
2025-03-28,Wheat,1,Chattrapati Sambhajinagar,FAQ,Paithan,2871,2650,2700,Maharashtra,Bansi
2025-03-29,Wheat,1,Jalana,FAQ,Partur,2550,2475,2500,Maharashtra,Maharashtra 2189
2025-03-29,Wheat,1,Sangli,FAQ,Sangli,4500,3500,4000,Maharashtra,Other
2025-03-29,Wheat,1,Amarawati,FAQ,Achalpur,2650,2400,2525,Maharashtra,Other
2025-03-29,Wheat,1,Jalgaon,FAQ,Jalgaon(Masawat),2755,2600,2675,Maharashtra,147 Average
2025-03-29,Wheat,1,Dharashiv(Usmanabad),FAQ,Paranda,2700,2500,2550,Maharashtra,Other
2025-03-29,Wheat,1,Chattrapati Sambhajinagar,FAQ,Chattrapati Sambhajinagar,2716,2401,2558,Maharashtra,Other
2025-03-29,Wheat,1,Parbhani,FAQ,Gangakhed,2800,2500,2800,Maharashtra,Other
2025-03-29,Wheat,1,Yavatmal,FAQ,Kisan Market Yard,2600,2200,2413,Maharashtra,Other
2025-03-29,Wheat,1,Sholapur,FAQ,Solapur,4050,2490,3330,Maharashtra,Sharbati
2025-03-30,Wheat,1,Parbhani,FAQ,Parbhani,2800,2600,2700,Maharashtra,Other
2025-03-31,Wheat,1,Beed,FAQ,Kada,3000,2700,2800,Maharashtra,Maharashtra 2189
2025-03-31,Wheat,1,Chattrapati Sambhajinagar,FAQ,Sillod,2500,2400,2500,Maharashtra,Other
2025-03-31,Wheat,1,Nagpur,FAQ,Nagpur,2528,2350,2483,Maharashtra,Other
2025-04-25,Wheat,1,Chattrapati Sambhajinagar,FAQ,Kannad,2807,2500,2653,Maharashtra,Other
2025-04-25,Wheat,1,Ahmednagar,FAQ,Rahuri,2600,2400,2500,Maharashtra,Other
2025-11-01,Wheat,1,Nashik,FAQ,Manmad APMC,2571,2425,2480,Maharashtra,Other
2025-11-01,Wheat,1,Buldhana,Non-FAQ,Khamgaon APMC,2375,2275,2325,Maharashtra,Other
2025-11-01,Wheat,1,Bhandara,FAQ,Tumsar APMC,2451,2451,2451,Maharashtra,Other
2025-11-01,Wheat,1,Amarawati,Non-FAQ,Dharni APMC,2400,2300,2350,Maharashtra,Other
2025-11-01,Wheat,1,Akola,FAQ,Murtizapur APMC,2485,2430,2460,Maharashtra,Other
2025-11-01,Wheat,1,Jalgaon,FAQ,Raver APMC,2600,2481,2541,Maharashtra,Other
2025-11-01,Wheat,1,Thane,FAQ,Ulhasnagar APMC,3600,3200,3400,Maharashtra,Other
2025-11-01,Wheat,1,Vashim,FAQ,Washim(Ansing) APMC,2650,2450,2550,Maharashtra,Maharashtra 2189
2025-11-01,Wheat,1,Sholapur,FAQ,Dudhani APMC,2540,2540,2540,Maharashtra,Maharashtra 2189
2025-11-01,Wheat,1,Pune,FAQ,Indapur(Nimgaon Ketki) APMC,2700,2700,2700,Maharashtra,Maharashtra 2189
2025-11-01,Wheat,1,Nashik,FAQ,Lasalgaon(Niphad) APMC,2600,2525,2525,Maharashtra,Maharashtra 2189
2025-11-01,Wheat,1,Akola,FAQ,Akola APMC,2575,2445,2535,Maharashtra,Other
2025-11-01,Wheat,1,Ahmednagar,FAQ,Karjat(Rashin) APMC,2600,2600,2600,Maharashtra,Other
2025-11-01,Wheat,1,Ahmednagar,FAQ,Rahata APMC,2745,2500,2625,Maharashtra,Other
2025-11-01,Wheat,1,Ahmednagar,FAQ,Jamkhed APMC,2650,2450,2550,Maharashtra,Other
2025-11-01,Wheat,1,Buldhana,Non-FAQ,Malkapur APMC,2400,2400,2400,Maharashtra,Other
2025-11-01,Wheat,1,Chattrapati Sambhajinagar,FAQ,Chattrapati Sambhajinagar APMC,2751,2500,2626,Maharashtra,Other
2025-11-02,Wheat,1,Ahmednagar,FAQ,Shevgaon APMC,2650,2500,2650,Maharashtra,Maharashtra 2189
2025-11-02,Wheat,1,Pune,FAQ,Dound APMC,2800,2500,2550,Maharashtra,Maharashtra 2189
2025-11-03,Wheat,1,Jalgaon,FAQ,Amalner APMC,2701,2450,2701,Maharashtra,Other
2025-11-03,Wheat,1,Nandurbar,FAQ,Shahada APMC,2616,2450,2525,Maharashtra,Other
2025-11-03,Wheat,1,Buldhana,Non-FAQ,Nandura APMC,2400,2200,2400,Maharashtra,Other
2025-11-03,Wheat,1,Sholapur,FAQ,Karmala APMC,2711,2700,2700,Maharashtra,Other
2025-11-03,Wheat,1,Jalgaon,FAQ,Chalisgaon APMC,2650,2425,2473,Maharashtra,Other
2025-11-03,Wheat,1,Beed,FAQ,Majalgaon APMC,2771,2430,2500,Maharashtra,Other
2025-11-03,Wheat,1,Beed,FAQ,Gevrai APMC,2600,2425,2500,Maharashtra,Other
2025-11-03,Wheat,1,Amarawati,FAQ,Amarawati APMC,3000,2500,2750,Maharashtra,Other
2025-11-03,Wheat,1,Ahmednagar,Non-FAQ,Shrirampur(Belapur) APMC,2400,2400,2400,Maharashtra,Other
2025-11-03,Wheat,1,Ahmednagar,FAQ,Shrirampur APMC,2700,2425,2600,Maharashtra,Other
2025-11-03,Wheat,1,Sholapur,FAQ,Barshi(Vairag) APMC,2560,2500,2550,Maharashtra,Other
2025-11-03,Wheat,1,Nashik,FAQ,Lasalgaon(Niphad) APMC,2911,2537,2540,Maharashtra,Maharashtra 2189
2025-11-03,Wheat,1,Thane,FAQ,Ulhasnagar APMC,3200,2800,3000,Maharashtra,Other
2025-11-03,Wheat,1,Wardha,Non-FAQ,Hinganghat APMC,2420,2100,2270,Maharashtra,Other
2025-11-03,Wheat,1,Wardha,Non-FAQ,Sindi(Selu) APMC,2420,2150,2375,Maharashtra,Other
2025-11-03,Wheat,1,Nashik,FAQ,Malegaon APMC,2871,2425,2600,Maharashtra,Other
2025-11-03,Wheat,1,Mumbai,FAQ,Mumbai APMC,5800,3000,4400,Maharashtra,Other
2025-11-04,Wheat,1,Chattrapati Sambhajinagar,FAQ,Chattrapati Sambhajinagar APMC,2800,2500,2650,Maharashtra,Other
2025-11-04,Wheat,1,Amarawati,FAQ,Chandur Bazar APMC,2500,2500,2500,Maharashtra,Other
2025-11-04,Wheat,1,Ahmednagar,FAQ,Rahuri(Vambori) APMC,2800,2501,2600,Maharashtra,Other
2025-11-04,Wheat,1,Ahmednagar,FAQ,Rahata APMC,2570,2475,2525,Maharashtra,Other
2025-11-05,Wheat,1,Nashik,FAQ,Yeola APMC,2640,2450,2500,Maharashtra,Maharashtra 2189
2025-11-06,Wheat,1,Sangli,FAQ,Tasgaon APMC,3620,3150,3430,Maharashtra,Other
2025-11-06,Wheat,1,Nanded,FAQ,Loha APMC,3200,2500,2900,Maharashtra,Other
2025-11-06,Wheat,1,Pune,FAQ,Dound APMC,2737,2450,2650,Maharashtra,Maharashtra 2189
2025-11-06,Wheat,1,Buldhana,Non-FAQ,Sindkhed Raja APMC,2200,2000,2100,Maharashtra,Maharashtra 2189
2025-11-06,Wheat,1,Amarawati,Non-FAQ,Morshi APMC,2420,2200,2310,Maharashtra,Other
2025-11-07,Wheat,1,Vashim,FAQ,Washim(Ansing) APMC,2650,2450,2550,Maharashtra,Maharashtra 2189
2025-11-07,Wheat,1,Buldhana,Non-FAQ,Sindkhed Raja APMC,2200,2000,2100,Maharashtra,Maharashtra 2189
2025-11-07,Wheat,1,Pune,FAQ,Pune APMC,5000,4500,4750,Maharashtra,Sharbati
2025-11-07,Wheat,1,Sholapur,FAQ,Karmala APMC,2811,2811,2811,Maharashtra,Other
2025-11-07,Wheat,1,Jalgaon,FAQ,Pachora APMC,2691,2425,2511,Maharashtra,Other
2025-11-07,Wheat,1,Thane,FAQ,Ulhasnagar APMC,3600,3200,3400,Maharashtra,Other
2025-11-07,Wheat,1,Nagpur,FAQ,Nagpur APMC,2696,2550,2659,Maharashtra,Other
2025-11-07,Wheat,1,Dhule,Non-FAQ,Dhule APMC,2274,2215,2250,Maharashtra,Other
2025-11-07,Wheat,1,Dhule,FAQ,Dhule APMC,2750,2500,2600,Maharashtra,Other
2025-11-07,Wheat,1,Chattrapati Sambhajinagar,FAQ,Sillod APMC,2550,2440,2500,Maharashtra,Other
2025-11-07,Wheat,1,Yavatmal,FAQ,Pusad APMC,3150,2600,2891,Maharashtra,Other
2025-11-08,Wheat,1,Akola,FAQ,Akola APMC,2775,2475,2600,Maharashtra,Other
2025-11-08,Wheat,1,Chattrapati Sambhajinagar,FAQ,Chattrapati Sambhajinagar APMC,2851,2450,2650,Maharashtra,Other
2025-11-08,Wheat,1,Chattrapati Sambhajinagar,Non-FAQ,Chattrapati Sambhajinagar APMC,2400,2400,2400,Maharashtra,Other
2025-11-08,Wheat,1,Yavatmal,FAQ,Pusad APMC,2902,2621,2791,Maharashtra,Other
2025-11-08,Wheat,1,Jalgaon,Non-FAQ,Pachora APMC,2400,2290,2351,Maharashtra,Other
2025-11-08,Wheat,1,Nagpur,FAQ,Savner APMC,2773,2500,2700,Maharashtra,Other
2025-11-08,Wheat,1,Parbhani,FAQ,Selu APMC,2600,2600,2600,Maharashtra,Other
2025-11-08,Wheat,1,Amarawati,FAQ,Amarawati APMC,3000,2500,2750,Maharashtra,Other
2025-11-08,Wheat,1,Jalgaon,Non-FAQ,Parola APMC,2420,2400,2400,Maharashtra,Kalyan
2025-11-08,Wheat,1,Satara,FAQ,Vaduj APMC,3000,2700,2900,Maharashtra,Maharashtra 2189
2025-11-08,Wheat,1,Latur,Non-FAQ,Latur(Murud) APMC,2400,2000,2200,Maharashtra,Maharashtra 2189
2025-11-10,Wheat,1,Sholapur,FAQ,Dudhani APMC,2645,2645,2645,Maharashtra,Maharashtra 2189
2025-11-10,Wheat,1,Dharashiv(Usmanabad),Non-FAQ,Murum APMC,2251,2251,2251,Maharashtra,Bansi
2025-11-10,Wheat,1,Nashik,FAQ,Nandgaon APMC,2656,2450,2550,Maharashtra,Maharashtra 2189
2025-11-10,Wheat,1,Vashim,FAQ,Karanja APMC,2600,2480,2520,Maharashtra,Other
2025-11-10,Wheat,1,Ahmednagar,FAQ,Rahata APMC,2511,2511,2511,Maharashtra,Other
2025-11-10,Wheat,1,Ahmednagar,FAQ,Shevgaon(Bodhegaon) APMC,2600,2500,2500,Maharashtra,Maharashtra 2189
2025-11-10,Wheat,1,Thane,FAQ,Palghar APMC,3323,3323,3323,Maharashtra,Other
2025-11-10,Wheat,1,Nagpur,FAQ,Nagpur APMC,2666,2548,2636,Maharashtra,Other
2025-11-10,Wheat,1,Akola,FAQ,Akola APMC,2675,2450,2550,Maharashtra,Other
2025-11-10,Wheat,1,Jalgaon,Non-FAQ,Pachora APMC,2400,2151,2231,Maharashtra,Other
2025-11-10,Wheat,1,Nagpur,FAQ,Nagpur APMC,3500,3200,3425,Maharashtra,Sharbati
2025-11-11,Wheat,1,Latur,Non-FAQ,Aurad Shahajani APMC,2350,2350,2350,Maharashtra,Maharashtra 2189
2025-11-11,Wheat,1,Nashik,Non-FAQ,Lasalgaon(Niphad) APMC,2375,2375,2375,Maharashtra,Maharashtra 2189
2025-11-11,Wheat,1,Parbhani,FAQ,Gangakhed APMC,2600,2550,2550,Maharashtra,Other
2025-11-11,Wheat,1,Sholapur,Non-FAQ,Karmala APMC,2400,2100,2351,Maharashtra,Other
2025-11-11,Wheat,1,Jalana,FAQ,Bhokardan(Pimpalgaon Renu) APMC,2550,2425,2500,Maharashtra,Other
2025-11-11,Wheat,1,Ahmednagar,Non-FAQ,Jamkhed APMC,2400,2200,2300,Maharashtra,Other
2025-11-11,Wheat,1,Chattrapati Sambhajinagar,FAQ,Sillod APMC,2560,2440,2500,Maharashtra,Other
2025-11-11,Wheat,1,Dhule,FAQ,Dhule APMC,2800,2500,2650,Maharashtra,Other
2025-11-11,Wheat,1,Sangli,FAQ,Sangli APMC,4000,3000,3500,Maharashtra,Other
2025-11-11,Wheat,1,Nagpur,FAQ,Nagpur APMC,2658,2526,2625,Maharashtra,Other
2025-11-11,Wheat,1,Buldhana,FAQ,Malkapur APMC,2585,2500,2500,Maharashtra,Other
2025-11-11,Wheat,1,Buldhana,Non-FAQ,Chikali APMC,2400,1800,2100,Maharashtra,Other
2025-11-12,Wheat,1,Jalana,Non-FAQ,Partur APMC,2400,2200,2300,Maharashtra,Maharashtra 2189
2025-11-12,Wheat,1,Amarawati,Non-FAQ,Chandur Bazar APMC,2420,2300,2420,Maharashtra,Other
2025-11-12,Wheat,1,Ahmednagar,FAQ,Rahuri(Vambori) APMC,2550,2550,2550,Maharashtra,Other
2025-11-12,Wheat,1,Ahmednagar,FAQ,Kopargaon APMC,2875,2475,2700,Maharashtra,Other
2025-11-12,Wheat,1,Amarawati,FAQ,Chandur Bazar APMC,2600,2570,2570,Maharashtra,Other
2025-11-13,Wheat,1,Jalana,FAQ,Jalana APMC,2700,2475,2600,Maharashtra,Other
2025-11-13,Wheat,1,Chattrapati Sambhajinagar,Non-FAQ,Chattrapati Sambhajinagar APMC,2391,2300,2346,Maharashtra,Other
2025-11-13,Wheat,1,Akola,FAQ,Murtizapur APMC,2550,2430,2490,Maharashtra,Other
2025-11-13,Wheat,1,Beed,FAQ,Majalgaon APMC,2900,2450,2600,Maharashtra,Other
2025-11-13,Wheat,1,Wardha,Non-FAQ,Hinganghat APMC,2420,2100,2250,Maharashtra,Other
2025-11-13,Wheat,1,Nashik,FAQ,Satana APMC,2900,2475,2630,Maharashtra,Other
2025-11-13,Wheat,1,Sholapur,FAQ,Dudhani APMC,2720,2720,2720,Maharashtra,Maharashtra 2189
2025-11-13,Wheat,1,Thane,FAQ,Ulhasnagar APMC,3500,3000,3250,Maharashtra,Other
2025-11-13,Wheat,1,Nagpur,FAQ,Nagpur APMC,2622,2492,2587,Maharashtra,Other
2025-11-13,Wheat,1,Buldhana,Non-FAQ,Chikali APMC,2300,2050,2175,Maharashtra,Other
2025-11-13,Wheat,1,Ahmednagar,Non-FAQ,Jamkhed APMC,2400,2200,2300,Maharashtra,Other
2025-11-13,Wheat,1,Ahmednagar,FAQ,Shevgaon(Bodhegaon) APMC,2600,2500,2600,Maharashtra,Maharashtra 2189
2025-11-13,Wheat,1,Amarawati,FAQ,Amarawati APMC,3000,2550,2775,Maharashtra,Other
2025-11-13,Wheat,1,Sholapur,FAQ,Solapur APMC,3825,2670,3350,Maharashtra,Sharbati
2025-11-13,Wheat,1,Nashik,FAQ,Malegaon APMC,2776,2426,2525,Maharashtra,Other
2025-11-14,Wheat,1,Nashik,FAQ,Devala APMC,2930,2515,2610,Maharashtra,Maharashtra 2189
2025-11-14,Wheat,1,Dharashiv(Usmanabad),FAQ,Umarga APMC,3000,3000,3000,Maharashtra,Maharashtra 2189
2025-11-14,Wheat,1,Buldhana,FAQ,Mehekar APMC,2800,2500,2650,Maharashtra,Other
2025-11-14,Wheat,1,Buldhana,FAQ,Deoulgaon Raja APMC,2653,2450,2522,Maharashtra,Other
2025-11-14,Wheat,1,Dharashiv(Usmanabad),Non-FAQ,Paranda APMC,2300,2300,2300,Maharashtra,Other
2025-11-14,Wheat,1,Jalana,FAQ,Jalana APMC,2750,2500,2600,Maharashtra,Other
2025-11-14,Wheat,1,Jalgaon,FAQ,Pachora APMC,2700,2425,2551,Maharashtra,Other
2025-11-14,Wheat,1,Sangli,FAQ,Sangli APMC,4000,3200,3600,Maharashtra,Other
2025-11-14,Wheat,1,Yavatmal,FAQ,Yeotmal APMC,2505,2505,2505,Maharashtra,Other
2025-11-14,Wheat,1,Nagpur,FAQ,Nagpur APMC,2604,2545,2581,Maharashtra,Other
2025-11-14,Wheat,1,Ahmednagar,Non-FAQ,Jamkhed APMC,2400,2200,2300,Maharashtra,Other
2025-11-14,Wheat,1,Akola,FAQ,Murtizapur APMC,2525,2430,2480,Maharashtra,Other
2025-11-14,Wheat,1,Chattrapati Sambhajinagar,FAQ,Chattrapati Sambhajinagar APMC,2851,2601,2726,Maharashtra,Other
2025-11-14,Wheat,1,Wardha,Non-FAQ,Hinganghat APMC,2420,2100,2200,Maharashtra,Other
2025-11-14,Wheat,1,Thane,FAQ,Ulhasnagar APMC,3500,3000,3250,Maharashtra,Other
2025-11-14,Wheat,1,Akola,FAQ,Akola APMC,2725,2440,2600,Maharashtra,Other
2025-11-15,Wheat,1,Chattrapati Sambhajinagar,FAQ,Chattrapati Sambhajinagar APMC,2810,2701,2756,Maharashtra,Other
2025-11-15,Wheat,1,Amarawati,FAQ,Amarawati APMC,3000,2500,2750,Maharashtra,Other
2025-11-15,Wheat,1,Ahmednagar,FAQ,Kopargaon APMC,2486,2425,2470,Maharashtra,Other
2025-11-15,Wheat,1,Wardha,FAQ,Sindi(Selu) APMC,2500,2450,2470,Maharashtra,Other
2025-11-15,Wheat,1,Dharashiv(Usmanabad),Non-FAQ,Murum APMC,2300,2300,2300,Maharashtra,Bansi
2025-11-16,Wheat,1,Pune,FAQ,Dound APMC,2900,2500,2600,Maharashtra,Maharashtra 2189
2025-11-17,Wheat,1,Hingoli,Non-FAQ,Hingoli APMC,2400,2000,2200,Maharashtra,Sharbati
2025-11-17,Wheat,1,Ahmednagar,FAQ,Kopargaon APMC,2770,2425,2590,Maharashtra,Other
2025-11-17,Wheat,1,Nagpur,FAQ,Katol APMC,2500,2481,2490,Maharashtra,Other
2025-11-17,Wheat,1,Sangli,FAQ,Sangli APMC,4000,3200,3600,Maharashtra,Other
2025-11-17,Wheat,1,Sholapur,Non-FAQ,Karmala APMC,2400,1851,2300,Maharashtra,Other
2025-11-17,Wheat,1,Dhule,Non-FAQ,Dhule APMC,2272,2201,2240,Maharashtra,Other
2025-11-17,Wheat,1,Vashim,FAQ,Washim APMC,2590,2450,2500,Maharashtra,Maharashtra 2189
2025-11-18,Wheat,1,Nashik,FAQ,Lasalgaon(Niphad) APMC,2700,2476,2581,Maharashtra,Maharashtra 2189
2025-11-18,Wheat,1,Jalana,FAQ,Jalana APMC,2725,2500,2575,Maharashtra,Other
2025-11-18,Wheat,1,Jalgaon,FAQ,Amalner APMC,2525,2450,2525,Maharashtra,Other
2025-11-18,Wheat,1,Jalgaon,FAQ,Jalgaon APMC,2500,2500,2500,Maharashtra,147 Average
2025-11-18,Wheat,1,Nashik,Non-FAQ,Satana APMC,2361,2361,2361,Maharashtra,Other
2025-11-18,Wheat,1,Thane,FAQ,Palghar APMC,3400,3400,3400,Maharashtra,Other
2025-11-18,Wheat,1,Jalgaon,Non-FAQ,Pachora APMC,2400,2000,2200,Maharashtra,Other
2025-11-18,Wheat,1,Akola,FAQ,Akola APMC,2590,2460,2535,Maharashtra,Other
2025-11-18,Wheat,1,Beed,FAQ,Beed APMC,2871,2491,2637,Maharashtra,Other
2025-11-19,Wheat,1,Buldhana,Non-FAQ,Deoulgaon Raja APMC,2401,2300,2401,Maharashtra,Other
2025-11-19,Wheat,1,Sholapur,FAQ,Karmala APMC,2811,2700,2700,Maharashtra,Other
2025-11-19,Wheat,1,Jalgaon,FAQ,Raver APMC,2600,2600,2600,Maharashtra,Other
2025-11-19,Wheat,1,Ahmednagar,FAQ,Rahuri(Vambori) APMC,2751,2550,2650,Maharashtra,Other
2025-11-19,Wheat,1,Nashik,FAQ,Satana APMC,3131,2525,2850,Maharashtra,Other
2025-11-19,Wheat,1,Nagpur,FAQ,Nagpur APMC,2600,2498,2574,Maharashtra,Sharbati
2025-11-19,Wheat,1,Nashik,FAQ,Nandgaon APMC,2600,2540,2550,Maharashtra,Maharashtra 2189
2025-11-19,Wheat,1,Nashik,Non-FAQ,Malegaon APMC,2423,2121,2400,Maharashtra,Other
2025-11-20,Wheat,1,Sangli,FAQ,Sangli APMC,4000,3000,3500,Maharashtra,Other
2025-11-20,Wheat,1,Nashik,Non-FAQ,Satana APMC,2199,2199,2199,Maharashtra,Other
2025-11-20,Wheat,1,Bhandara,Non-FAQ,Bhandara APMC,2300,2300,2300,Maharashtra,Maharashtra 2189
2025-11-20,Wheat,1,Nagpur,FAQ,Savner APMC,2500,2460,2480,Maharashtra,Other
2025-11-20,Wheat,1,Yavatmal,FAQ,Yeotmal APMC,2565,2565,2565,Maharashtra,Other
2025-11-20,Wheat,1,Nashik,FAQ,Lasalgaon(Niphad) APMC,2571,2526,2550,Maharashtra,Maharashtra 2189
2025-11-20,Wheat,1,Ahmednagar,FAQ,Jamkhed APMC,2700,2500,2600,Maharashtra,Other
2025-11-20,Wheat,1,Thane,FAQ,Kalyan APMC,4000,3300,3650,Maharashtra,Sharbati
2025-11-21,Wheat,1,Buldhana,FAQ,Deoulgaon Raja APMC,2456,2456,2456,Maharashtra,Other
2025-11-21,Wheat,1,Sholapur,FAQ,Solapur APMC,3840,2670,3380,Maharashtra,Sharbati
2025-11-21,Wheat,1,Dhule,FAQ,Dhule APMC,2525,2500,2500,Maharashtra,Other
2025-11-21,Wheat,1,Beed,FAQ,Beed APMC,3101,2450,2768,Maharashtra,Other
2025-11-21,Wheat,1,Mumbai,FAQ,Mumbai APMC,5800,3000,4400,Maharashtra,Other
2025-11-21,Wheat,1,Buldhana,Non-FAQ,Chikali APMC,2400,2000,2200,Maharashtra,Other
2025-11-21,Wheat,1,Buldhana,FAQ,Lonar APMC,2450,2425,2437,Maharashtra,Other
2025-11-21,Wheat,1,Thane,FAQ,Ulhasnagar APMC,3400,3200,3300,Maharashtra,Other
2025-11-21,Wheat,1,Chattrapati Sambhajinagar,FAQ,Paithan APMC,2866,2500,2651,Maharashtra,Bansi
2025-11-21,Wheat,1,Nagpur,FAQ,Nagpur APMC,3500,3200,3425,Maharashtra,Sharbati
2025-11-21,Wheat,1,Sholapur,FAQ,Dudhani APMC,2650,2570,2650,Maharashtra,Maharashtra 2189
2025-11-21,Wheat,1,Buldhana,Non-FAQ,Sindkhed Raja APMC,2200,2000,2100,Maharashtra,Maharashtra 2189
2025-11-21,Wheat,1,Latur,Non-FAQ,Aurad Shahajani APMC,2424,2351,2400,Maharashtra,Maharashtra 2189
2025-11-22,Wheat,1,Akola,FAQ,Murtizapur APMC,2500,2430,2465,Maharashtra,Other
2025-11-22,Wheat,1,Buldhana,Non-FAQ,Deoulgaon Raja APMC,2400,2400,2400,Maharashtra,Other
2025-11-22,Wheat,1,Ahmednagar,FAQ,Rahuri(Vambori) APMC,2722,2431,2563,Maharashtra,Other
2025-11-22,Wheat,1,Dharashiv(Usmanabad),FAQ,Tuljapur APMC,2700,2430,2625,Maharashtra,Other
2025-11-22,Wheat,1,Buldhana,Non-FAQ,Sindkhed Raja APMC,2200,2000,2100,Maharashtra,Maharashtra 2189
2025-11-22,Wheat,1,Satara,FAQ,Vaduj APMC,3000,2700,2900,Maharashtra,Maharashtra 2189
2025-11-22,Wheat,1,Sholapur,FAQ,Solapur APMC,3850,2665,3375,Maharashtra,Sharbati
2025-11-22,Wheat,1,Buldhana,FAQ,Deoulgaon Raja APMC,2430,2430,2430,Maharashtra,Other
2025-11-22,Wheat,1,Akola,FAQ,Akola APMC,2615,2460,2540,Maharashtra,Other
2025-11-22,Wheat,1,Ahmednagar,FAQ,Jamkhed APMC,2700,2500,2600,Maharashtra,Other
2025-11-23,Wheat,1,Amarawati,FAQ,Varud APMC,2625,2500,2575,Maharashtra,Other
2025-11-24,Wheat,1,Buldhana,Non-FAQ,Deoulgaon Raja APMC,2400,2254,2400,Maharashtra,Other
2025-11-24,Wheat,1,Nashik,FAQ,Satana APMC,2971,2575,2850,Maharashtra,Other
2025-11-24,Wheat,1,Nashik,Non-FAQ,Satana APMC,2361,2361,2361,Maharashtra,Other
2025-11-24,Wheat,1,Jalgaon,FAQ,Raver APMC,2551,2551,2551,Maharashtra,Other
2025-11-24,Wheat,1,Beed,FAQ,Beed APMC,3000,2450,2669,Maharashtra,Other
2025-11-24,Wheat,1,Beed,FAQ,Majalgaon APMC,3000,2480,2650,Maharashtra,Other
2025-11-24,Wheat,1,Nashik,FAQ,Lasalgaon(Niphad) APMC,2641,2481,2500,Maharashtra,Maharashtra 2189
2025-11-25,Wheat,1,Vashim,FAQ,Mangrulpeer APMC,2745,2550,2650,Maharashtra,Kalyan
2025-11-25,Wheat,1,Buldhana,FAQ,Lonar APMC,2500,2425,2462,Maharashtra,Other
2025-11-25,Wheat,1,Nagpur,FAQ,Savner APMC,2585,2585,2585,Maharashtra,Other
2025-11-25,Wheat,1,Yavatmal,FAQ,Yeotmal APMC,2550,2550,2550,Maharashtra,Other
2025-11-25,Wheat,1,Sangli,FAQ,Sangli APMC,4000,3000,3500,Maharashtra,Other
2025-11-25,Wheat,1,Jalgaon,Non-FAQ,Pachora APMC,2400,2000,2200,Maharashtra,Other
2025-11-25,Wheat,1,Akola,FAQ,Akola APMC,2700,2460,2590,Maharashtra,Other
2025-11-25,Wheat,1,Thane,FAQ,Palghar APMC,3300,3300,3300,Maharashtra,Other
2025-11-25,Wheat,1,Latur,Non-FAQ,Latur(Murud) APMC,2400,2000,2200,Maharashtra,Maharashtra 2189
2025-11-25,Wheat,1,Sholapur,FAQ,Dudhani APMC,3230,3000,3230,Maharashtra,Maharashtra 2189
2025-11-25,Wheat,1,Sholapur,Non-FAQ,Karmala APMC,1951,1951,1951,Maharashtra,Other
2025-11-26,Wheat,1,Chattrapati Sambhajinagar,FAQ,Paithan APMC,2870,2511,2631,Maharashtra,Bansi
2025-11-26,Wheat,1,Ahmednagar,FAQ,Newasa APMC,2700,2700,2700,Maharashtra,Maharashtra 2189
2025-11-26,Wheat,1,Sholapur,FAQ,Dudhani APMC,2500,2500,2500,Maharashtra,Maharashtra 2189
2025-11-26,Wheat,1,Amarawati,FAQ,Amarawati APMC,3000,2500,2750,Maharashtra,Other
2025-11-26,Wheat,1,Buldhana,Non-FAQ,Chikali APMC,2300,2000,2150,Maharashtra,Other
2025-11-26,Wheat,1,Vashim,FAQ,Mangrulpeer APMC,3055,2540,2600,Maharashtra,Kalyan
2025-11-26,Wheat,1,Nanded,FAQ,Nanded APMC,2800,2800,2800,Maharashtra,Sharbati
2025-11-26,Wheat,1,Ahmednagar,Non-FAQ,Rahuri(Vambori) APMC,2301,2301,2301,Maharashtra,Other
2025-11-27,Wheat,1,Jalgaon,FAQ,Pachora APMC,2600,2425,2511,Maharashtra,Other
2025-11-27,Wheat,1,Ahmednagar,Non-FAQ,Jamkhed APMC,2400,2200,2300,Maharashtra,Other
2025-11-27,Wheat,1,Nagpur,FAQ,Nagpur APMC,3500,3200,3425,Maharashtra,Sharbati
2025-11-27,Wheat,1,Sholapur,FAQ,Akluj APMC,2600,2600,2600,Maharashtra,Other
2025-11-27,Wheat,1,Ahmednagar,FAQ,Kopargaon APMC,2600,2425,2550,Maharashtra,Other
2025-11-27,Wheat,1,Ahmednagar,Non-FAQ,Rahuri(Vambori) APMC,2350,2350,2350,Maharashtra,Other
2025-11-27,Wheat,1,Latur,FAQ,Ahmedpur APMC,2800,2751,2776,Maharashtra,Other
2025-11-27,Wheat,1,Vashim,FAQ,Washim APMC,2600,2425,2500,Maharashtra,Maharashtra 2189
2025-11-28,Wheat,1,Ahmednagar,FAQ,Rahuri APMC,2600,2500,2550,Maharashtra,Other
2025-11-28,Wheat,1,Akola,FAQ,Murtizapur APMC,2580,2435,2510,Maharashtra,Other
2025-11-28,Wheat,1,Buldhana,FAQ,Malkapur APMC,3030,2425,2500,Maharashtra,Other
2025-11-28,Wheat,1,Nagpur,FAQ,Nagpur APMC,2570,2426,2527,Maharashtra,Other
2025-11-28,Wheat,1,Yavatmal,FAQ,Yeotmal APMC,2550,2540,2545,Maharashtra,Other
2025-11-28,Wheat,1,Vashim,Non-FAQ,Mangrulpeer APMC,2195,2195,2195,Maharashtra,Other
2025-11-28,Wheat,1,Wardha,FAQ,Wardha APMC,2585,2550,2565,Maharashtra,Other
2025-11-28,Wheat,1,Ahmednagar,FAQ,Shevgaon(Bodhegaon) APMC,2600,2500,2500,Maharashtra,Maharashtra 2189
2025-11-28,Wheat,1,Bhandara,FAQ,Bhandara APMC,2800,2800,2800,Maharashtra,Maharashtra 2189
2025-11-28,Wheat,1,Amarawati,Non-FAQ,Chandur Bazar APMC,2400,2350,2400,Maharashtra,Other
2025-11-28,Wheat,1,Jalgaon,FAQ,Amalner APMC,2571,2450,2571,Maharashtra,Other
2025-11-29,Wheat,1,Buldhana,FAQ,Malkapur APMC,2770,2545,2600,Maharashtra,Other
2025-11-29,Wheat,1,Amarawati,FAQ,Achalpur APMC,2550,2500,2525,Maharashtra,Other
2025-11-29,Wheat,1,Chattrapati Sambhajinagar,FAQ,Chattrapati Sambhajinagar APMC,2800,2550,2675,Maharashtra,Other
2025-11-29,Wheat,1,Chattrapati Sambhajinagar,Non-FAQ,Chattrapati Sambhajinagar APMC,2400,2400,2400,Maharashtra,Other
2025-11-29,Wheat,1,Pune,FAQ,Pune APMC,5600,4000,4800,Maharashtra,Sharbati
2025-11-30,Wheat,1,Chattrapati Sambhajinagar,FAQ,Paithan APMC,2730,2510,2680,Maharashtra,Bansi
2026-04-01,Wheat,1,Latur,Non-FAQ,Aurad Shahajani APMC,2424,2000,2300,Maharashtra,Maharashtra 2189
2026-04-01,Wheat,1,Ahilyanagar,Non-FAQ,Shevgaon APMC,2300,2000,2000,Maharashtra,Maharashtra 2189
2026-04-01,Wheat,1,Ahmednagar,Local,Om Chaitanya Multistate Agro Purpose CoOp Society  APMC,2300,2300,2300,Maharashtra,Other
2026-04-01,Wheat,1,Ahmednagar,Non-FAQ,Shrirampur(Belapur) APMC,2100,2100,2100,Maharashtra,Other
2026-04-01,Wheat,1,Ahmednagar,Non-FAQ,Rahuri(Vambori) APMC,2158,2050,2091,Maharashtra,Other
2026-04-01,Wheat,1,Ahmednagar,Non-FAQ,Shevgaon(Bodhegaon) APMC,2300,2000,2000,Maharashtra,Maharashtra 2189
2026-04-01,Wheat,1,Nandurbar,Non-FAQ,Taloda APMC,2384,2126,2300,Maharashtra,Other
2026-04-01,Wheat,1,Jalgaon,Non-FAQ,Raver APMC,2400,2190,2190,Maharashtra,Other
2026-04-01,Wheat,1,Parbhani,FAQ,Gangakhed APMC,2700,2600,2600,Maharashtra,Other
2026-04-01,Wheat,1,Mumbai,FAQ,Mumbai APMC,5600,2900,4250,Maharashtra,Other
2026-04-01,Wheat,1,Beed,Non-FAQ,Beed APMC,2400,2018,2254,Maharashtra,Other
2026-04-01,Wheat,1,Thane,FAQ,Kalyan APMC,3200,2800,3000,Maharashtra,Sharbati
2026-04-01,Wheat,1,Ahilyanagar,Non-FAQ,Shrirampur APMC,2300,2100,2200,Maharashtra,Other
2026-04-01,Wheat,1,Parbhani,Non-FAQ,Jintur APMC,2100,2025,2025,Maharashtra,Other
2026-04-01,Wheat,1,Wardha,Non-FAQ,Wardha APMC,2390,2200,2300,Maharashtra,Other
2026-04-01,Wheat,1,Ahilyanagar,Non-FAQ,Rahuri(Vambori) APMC,2158,2050,2091,Maharashtra,Other
2026-04-01,Wheat,1,Beed,Non-FAQ,Vadvani APMC,2580,1800,2400,Maharashtra,Other
2026-04-01,Wheat,1,Nanded,Non-FAQ,Mudkhed APMC,2440,2440,2440,Maharashtra,Other
2026-04-01,Wheat,1,Ahilyanagar,Local,"Omchatinya Multi State Agro Purpose Co-Op Society, Dist Ahilyanagar",2300,2300,2300,Maharashtra,Other
2026-04-02,Wheat,1,Ahmednagar,Non-FAQ,Karjat(Rashin) APMC,2200,2200,2200,Maharashtra,Other
2026-04-02,Wheat,1,Dharashiv(Usmanabad),Non-FAQ,Tuljapur APMC,2400,2100,2325,Maharashtra,Other
2026-04-02,Wheat,1,Ahmednagar,Non-FAQ,Rahuri APMC,2200,2000,2100,Maharashtra,Other
2026-04-02,Wheat,1,Jalgaon,Non-FAQ,Jalgaon(Masawat) APMC,2550,2550,2550,Maharashtra,147 Average
2026-04-02,Wheat,1,Nashik,Non-FAQ,Lasalgaon(Niphad) APMC,2165,1800,2165,Maharashtra,Maharashtra 2189
2026-04-02,Wheat,1,Sholapur,Non-FAQ,Dudhani APMC,2500,2115,2221,Maharashtra,Maharashtra 2189
2026-04-02,Wheat,1,Latur,Non-FAQ,Latur(Murud) APMC,2584,2000,2111,Maharashtra,Maharashtra 2189
2026-04-02,Wheat,1,Pune,Non-FAQ,Baramati APMC,2500,2250,2300,Maharashtra,Maharashtra 2189
2026-04-02,Wheat,1,Pune,FAQ,Pune APMC,4700,4000,4350,Maharashtra,Sharbati
2026-04-02,Wheat,1,Solapur,FAQ,Kurdwadi(Modnimb) APMC,2900,2585,2700,Maharashtra,Other
2026-04-02,Wheat,1,Jalgaon,Non-FAQ,Raver APMC,2211,2200,2200,Maharashtra,Other
2026-04-02,Wheat,1,Buldhana,Local,"Bsk Krishi Bazar Private Limited, Mehkar, Dist Buldhana",2100,2040,2060,Maharashtra,Other
2026-04-02,Wheat,1,Ahilyanagar,Non-FAQ,Kopargaon APMC,2126,2080,2109,Maharashtra,Other
2026-04-03,Wheat,1,Solapur,FAQ,Solapur APMC,3775,2600,3270,Maharashtra,Sharbati
2026-04-03,Wheat,1,Ahmednagar,Local,Om Chaitanya Multistate Agro Purpose CoOp Society  APMC,2300,2200,2200,Maharashtra,Other
2026-04-03,Wheat,1,Ahmednagar,Non-FAQ,Rahuri APMC,2300,2100,2200,Maharashtra,Other
2026-04-03,Wheat,1,Yavatmal,Local,Kisan Market Yard APMC,2235,2105,2179,Maharashtra,Other
2026-04-03,Wheat,1,Solapur,FAQ,Barshi APMC,2700,2700,2700,Maharashtra,Other
2026-04-03,Wheat,1,Parbhani,Non-FAQ,Jintur APMC,2100,2100,2100,Maharashtra,Other
2026-04-03,Wheat,1,Pune,FAQ,Pune APMC,4700,4000,4350,Maharashtra,Sharbati
2026-04-03,Wheat,1,Buldhana,Local,"Bsk Krishi Bazar Private Limited, Mehkar, Dist Buldhana",2120,2070,2100,Maharashtra,Other
2026-04-03,Wheat,1,Nagpur,Non-FAQ,Katol APMC,2400,2141,2350,Maharashtra,Other
2026-04-04,Wheat,1,Vashim,Non-FAQ,Washim APMC,2350,2150,2250,Maharashtra,Maharashtra 2189
2026-04-04,Wheat,1,Solapur,Non-FAQ,Dudhani APMC,2250,2190,2214,Maharashtra,Maharashtra 2189
2026-04-04,Wheat,1,Dharashiv,Non-FAQ,Murum APMC,2500,1800,2141,Maharashtra,Bansi
2026-04-04,Wheat,1,Jalana,FAQ,Jalana APMC,2817,2817,2817,Maharashtra,Other
2026-04-04,Wheat,1,Ahmednagar,Non-FAQ,Rahuri(Vambori) APMC,2325,2085,2302,Maharashtra,Other
2026-04-04,Wheat,1,Buldhana,Non-FAQ,Chikali APMC,2410,1720,2065,Maharashtra,Other
2026-04-04,Wheat,1,Thane,FAQ,Palghar APMC,3425,3425,3425,Maharashtra,Other
2026-04-04,Wheat,1,Buldhana,Local,"Bsk Krishi Bazar Private Limited, Mehkar, Dist Buldhana",2120,1950,2075,Maharashtra,Other
2026-04-04,Wheat,1,Jalna,FAQ,Jalana APMC,2817,2817,2817,Maharashtra,Other
2026-04-04,Wheat,1,Dhule,Non-FAQ,Dhule APMC,2485,2155,2255,Maharashtra,Other
2026-04-04,Wheat,1,Chattrapati Sambhajinagar,Non-FAQ,Chattrapati Sambhajinagar APMC,2500,1811,2156,Maharashtra,Other
2026-04-04,Wheat,1,Hingoli,Non-FAQ,Hingoli(Kanegoan Naka) APMC,2200,1800,2000,Maharashtra,Other
2026-04-04,Wheat,1,Ahilyanagar,Non-FAQ,Kopargaon APMC,2451,2001,2250,Maharashtra,Other
2026-04-04,Wheat,1,Wardha,Non-FAQ,Pulgaon APMC,2275,2125,2250,Maharashtra,Other
2026-04-04,Wheat,1,Jalgaon,Non-FAQ,Jalgaon(Masawat) APMC,2250,2250,2250,Maharashtra,147 Average
2026-04-04,Wheat,1,Ahilyanagar,Non-FAQ,Rahuri(Vambori) APMC,2325,2085,2302,Maharashtra,Other
2026-04-04,Wheat,1,Palghar,FAQ,Palghar APMC,3425,3425,3425,Maharashtra,Other
2026-04-04,Wheat,1,Sholapur,FAQ,Solapur APMC,3770,2605,3265,Maharashtra,Sharbati
2026-04-05,Wheat,1,Pune,Non-FAQ,Shirur APMC,2500,2100,2100,Maharashtra,Other
2026-04-05,Wheat,1,Ahilyanagar,FAQ,Newasa APMC,2600,2600,2600,Maharashtra,Maharashtra 2189
2026-04-05,Wheat,1,Ahmednagar,Non-FAQ,Karjat(Rashin) APMC,2300,2300,2300,Maharashtra,Other
2026-04-05,Wheat,1,Ahilyanagar,Non-FAQ,Rahuri APMC,2325,1850,2100,Maharashtra,Other
2026-04-05,Wheat,1,Chattrapati Sambhajinagar,FAQ,Paithan APMC,2700,2700,2700,Maharashtra,Bansi
2026-04-06,Wheat,1,Ahmednagar,Non-FAQ,Ahmednagar APMC,2350,2100,2225,Maharashtra,Other
2026-04-06,Wheat,1,Dhule,Local,Keshranand Cotex  APMC,2700,2300,2500,Maharashtra,Other
2026-04-06,Wheat,1,Ahmednagar,Non-FAQ,Shrirampur APMC,2200,2000,2100,Maharashtra,Other
2026-04-06,Wheat,1,Vashim,Non-FAQ,Karanja APMC,2300,2150,2250,Maharashtra,Other
2026-04-06,Wheat,1,Dharashiv(Usmanabad),Non-FAQ,Tuljapur APMC,2400,2100,2200,Maharashtra,Other
2026-04-06,Wheat,1,Ahilyanagar,Non-FAQ,Shevgaon(Bodhegaon) APMC,2200,2000,2000,Maharashtra,Maharashtra 2189
2026-04-06,Wheat,1,Dharashiv(Usmanabad),Non-FAQ,Murum APMC,2000,2000,2000,Maharashtra,Bansi
2026-04-06,Wheat,1,Solapur,Non-FAQ,Barshi APMC,2150,2150,2150,Maharashtra,Other
2026-04-06,Wheat,1,Nagpur,Non-FAQ,Nagpur APMC,2200,2050,2162,Maharashtra,Other
2026-04-06,Wheat,1,Jalgaon,Non-FAQ,Amalner APMC,2300,2200,2300,Maharashtra,Other
2026-04-06,Wheat,1,Amarawati,Non-FAQ,Morshi APMC,2400,2200,2300,Maharashtra,Other
2026-04-06,Wheat,1,Ahilyanagar,Local,"Omchatinya Multi State Agro Purpose Co-Op Society, Dist Ahilyanagar",2200,2200,2200,Maharashtra,Other
2026-04-06,Wheat,1,Nashik,Non-FAQ,Malegaon APMC,2583,1201,2201,Maharashtra,Other
2026-04-06,Wheat,1,Solapur,Non-FAQ,Akluj APMC,2200,2200,2200,Maharashtra,Other
2026-04-06,Wheat,1,Solapur,Non-FAQ,Karmala APMC,2475,2000,2151,Maharashtra,Other
2026-04-06,Wheat,1,Nagpur,Non-FAQ,Katol APMC,2250,2151,2200,Maharashtra,Other
2026-04-06,Wheat,1,Parbhani,Non-FAQ,Sonpeth APMC,2299,2025,2200,Maharashtra,Other
2026-04-06,Wheat,1,Buldhana,Non-FAQ,Mehekar APMC,2400,2000,2300,Maharashtra,Other
2026-04-06,Wheat,1,Jalgaon,Non-FAQ,Raver APMC,2221,2135,2196,Maharashtra,Other
2026-04-06,Wheat,1,Nandurbar,Non-FAQ,Taloda APMC,2422,2200,2370,Maharashtra,Other
2026-04-06,Wheat,1,Ahilyanagar,Non-FAQ,Ahilyanagar APMC,2350,2100,2225,Maharashtra,Other
2026-04-06,Wheat,1,Solapur,FAQ,Kurdwadi(Modnimb) APMC,2900,2585,2700,Maharashtra,Other
2026-04-06,Wheat,1,Solapur,FAQ,Kurdwadi APMC,2700,2700,2700,Maharashtra,Other
2026-04-06,Wheat,1,Kolhapur,FAQ,Kolhapur(Laxmipuri) APMC,4500,2900,3700,Maharashtra,Other
2026-04-06,Wheat,1,Dhule,Non-FAQ,Sakri APMC,2160,2050,2151,Maharashtra,Other
2026-04-06,Wheat,1,Nashik,Non-FAQ,Lasalgaon APMC,2580,2000,2261,Maharashtra,Maharashtra 2189
2026-04-06,Wheat,1,Solapur,Non-FAQ,Dudhani APMC,2300,2000,2221,Maharashtra,Maharashtra 2189
2026-04-06,Wheat,1,Dharashiv(Usmanabad),Non-FAQ,Kalamb (Dharashiv) APMC,2100,1800,2100,Maharashtra,Maharashtra 2189
2026-04-06,Wheat,1,Dharashiv,FAQ,Kalamb (Dharashiv) APMC,2851,2851,2851,Maharashtra,Maharashtra 2189
2026-04-06,Wheat,1,Nashik,FAQ,Lasalgaon(Niphad) APMC,2600,2600,2600,Maharashtra,Maharashtra 2189
2026-04-07,Wheat,1,Sholapur,FAQ,Karmala APMC,2600,2600,2600,Maharashtra,Other
2026-04-07,Wheat,1,Ahmednagar,Non-FAQ,Kopargaon APMC,2500,2350,2401,Maharashtra,Other
2026-04-07,Wheat,1,Bhandara,Non-FAQ,Bhandara APMC,2300,2250,2290,Maharashtra,Maharashtra 2189
2026-04-07,Wheat,1,Dharashiv(Usmanabad),Non-FAQ,Murum APMC,2151,2151,2151,Maharashtra,Bansi
2026-04-07,Wheat,1,Ahmednagar,Non-FAQ,Shrirampur APMC,2400,2000,2200,Maharashtra,Other
2026-04-07,Wheat,1,Ahmednagar,Non-FAQ,Karjat(Rashin) APMC,2400,2000,2300,Maharashtra,Other
2026-04-07,Wheat,1,Sholapur,Non-FAQ,Barshi APMC,2200,2175,2200,Maharashtra,Other
2026-04-07,Wheat,1,Dharashiv,FAQ,Murum APMC,2800,2800,2800,Maharashtra,Bansi
2026-04-07,Wheat,1,Sholapur,Non-FAQ,Dudhani APMC,2300,2215,2241,Maharashtra,Maharashtra 2189
2026-04-07,Wheat,1,Vashim,Non-FAQ,Washim(Ansing) APMC,2250,2050,2150,Maharashtra,Maharashtra 2189
2026-04-07,Wheat,1,Sholapur,Non-FAQ,Karmala APMC,2500,1800,2300,Maharashtra,Other
2026-04-07,Wheat,1,Ahmednagar,Local,Om Chaitanya Multistate Agro Purpose CoOp Society  APMC,2200,2100,2100,Maharashtra,Other
2026-04-07,Wheat,1,Buldhana,Non-FAQ,Jalgaon Jamod(Aasalgaon) APMC,2300,2100,2200,Maharashtra,Maharashtra 2189
2026-04-07,Wheat,1,Wardha,Non-FAQ,Ashti(Karanja) APMC,2160,2000,2050,Maharashtra,Other
2026-04-07,Wheat,1,Jalgaon,Non-FAQ,Chopada APMC,2361,1811,2151,Maharashtra,Other
2026-04-07,Wheat,1,Ahilyanagar,Non-FAQ,Karjat(Rashin) APMC,2400,2000,2300,Maharashtra,Other
2026-04-07,Wheat,1,Solapur,Non-FAQ,Barshi APMC,2200,2175,2200,Maharashtra,Other
2026-04-07,Wheat,1,Nandurbar,Non-FAQ,Nandurbar APMC,2544,1711,2125,Maharashtra,Other
2026-04-07,Wheat,1,Ahilyanagar,Non-FAQ,Rahuri APMC,2300,2000,2150,Maharashtra,Other
2026-04-07,Wheat,1,Dhule,Non-FAQ,Dhule APMC,2520,2130,2375,Maharashtra,Other
2026-04-07,Wheat,1,Nashik,Non-FAQ,Manmad APMC,2386,1942,2150,Maharashtra,Other
2026-04-07,Wheat,1,Amarawati,Non-FAQ,Anajngaon APMC,2500,2000,2300,Maharashtra,Other
2026-04-07,Wheat,1,Nashik,Non-FAQ,Lasalgaon(Vinchur) APMC,2501,2000,2300,Maharashtra,Other
2026-04-07,Wheat,1,Parbhani,Non-FAQ,Jintur APMC,2101,2101,2101,Maharashtra,Other
2026-04-07,Wheat,1,Nagpur,Non-FAQ,Kalmeshwar APMC,2070,1900,2000,Maharashtra,Other
2026-04-07,Wheat,1,Solapur,FAQ,Karmala APMC,2600,2600,2600,Maharashtra,Other
2026-04-07,Wheat,1,Mumbai,FAQ,Mumbai APMC,5600,2900,4250,Maharashtra,Other
2026-04-07,Wheat,1,Beed,Non-FAQ,Beed APMC,2401,2070,2238,Maharashtra,Other
2026-04-07,Wheat,1,Nashik,Non-FAQ,Sinner APMC,2345,2100,2250,Maharashtra,Other
2026-04-07,Wheat,1,Akola,FAQ,Akola APMC,2780,2600,2650,Maharashtra,Other
2026-04-07,Wheat,1,Nashik,Non-FAQ,Nandgaon APMC,2584,2143,2150,Maharashtra,Maharashtra 2189
2026-04-07,Wheat,1,Buldhana,Non-FAQ,Mehekar APMC,2400,2000,2300,Maharashtra,Other
2026-04-08,Wheat,1,Wardha,Non-FAQ,Pulgaon APMC,2190,1930,2160,Maharashtra,Other
2026-04-08,Wheat,1,Yavatmal,Non-FAQ,Babhulgaon APMC,2280,2001,2151,Maharashtra,Other
2026-04-08,Wheat,1,Amarawati,Non-FAQ,Chandur Railway APMC,2200,2150,2175,Maharashtra,Other
2026-04-08,Wheat,1,Washim,Local,"Krushna Krishi Bazar, Washim",2250,2000,2085,Maharashtra,Other
2026-04-08,Wheat,1,Ahilyanagar,Non-FAQ,Shrirampur APMC,2400,2100,2300,Maharashtra,Other
2026-04-08,Wheat,1,Jalgaon,Non-FAQ,Pachora APMC,2580,1900,2300,Maharashtra,Other
2026-04-08,Wheat,1,Nashik,Non-FAQ,Sinner APMC,2540,2080,2300,Maharashtra,Other
2026-04-08,Wheat,1,Nagpur,FAQ,Savner APMC,2790,2585,2600,Maharashtra,Other
2026-04-08,Wheat,1,Buldhana,FAQ,Malkapur APMC,2900,2900,2900,Maharashtra,Other
2026-04-08,Wheat,1,Beed,Non-FAQ,Gevrai APMC,2450,2050,2300,Maharashtra,Other
2026-04-08,Wheat,1,Jalana,Non-FAQ,Jalana APMC,2325,2000,2325,Maharashtra,Other
2026-04-08,Wheat,1,Thane,FAQ,Palghar APMC,3220,3220,3220,Maharashtra,Other
2026-04-08,Wheat,1,Jalgaon,Non-FAQ,Jalgaon(Masawat) APMC,2200,2200,2200,Maharashtra,147 Average
2026-04-08,Wheat,1,Dharashiv(Usmanabad),Non-FAQ,Tuljapur APMC,2500,2100,2400,Maharashtra,Other
2026-04-08,Wheat,1,Buldhana,Local,BSK Krishi Bazar Private Ltd APMC,2120,2050,2099,Maharashtra,Other
2026-04-08,Wheat,1,Ahilyanagar,Non-FAQ,Ahilyanagar APMC,2350,2100,2225,Maharashtra,Other
2026-04-08,Wheat,1,Jalgaon,Non-FAQ,Amalner APMC,2425,2125,2425,Maharashtra,Other
2026-04-08,Wheat,1,Solapur,Non-FAQ,Karmala APMC,2551,2111,2400,Maharashtra,Other
2026-04-08,Wheat,1,Sholapur,FAQ,Solapur APMC,3775,2615,3255,Maharashtra,Sharbati
2026-04-08,Wheat,1,Nashik,Non-FAQ,Lasalgaon APMC,2580,2002,2271,Maharashtra,Maharashtra 2189
2026-04-08,Wheat,1,Jalna,FAQ,Jalana APMC,2600,2600,2600,Maharashtra,Other
2026-04-08,Wheat,1,Amarawati,Non-FAQ,Amarawati APMC,2400,2100,2250,Maharashtra,Other
2026-04-08,Wheat,1,Palghar,FAQ,Ulhasnagar APMC,3200,3000,3100,Maharashtra,Other
2026-04-08,Wheat,1,Nashik,Non-FAQ,Nandgaon APMC,2571,2080,2250,Maharashtra,Maharashtra 2189
2026-04-08,Wheat,1,Nagpur,Non-FAQ,Nagpur APMC,2216,2050,2174,Maharashtra,Other
2026-04-08,Wheat,1,Ahmednagar,Non-FAQ,Shevgaon APMC,2300,2000,2000,Maharashtra,Maharashtra 2189
2026-04-08,Wheat,1,Latur,Non-FAQ,Latur(Murud) APMC,2584,2300,2551,Maharashtra,Maharashtra 2189
2026-04-09,Wheat,1,Buldhana,Non-FAQ,Deoulgaon Raja APMC,2150,1000,2000,Maharashtra,Other
2026-04-09,Wheat,1,Yavatmal,Local,Shekari Krushi Khajgi Bazar APMC,2041,1890,1950,Maharashtra,Other
2026-04-09,Wheat,1,Ahilyanagar,Non-FAQ,Shevgaon(Bodhegaon) APMC,2200,2100,2100,Maharashtra,Maharashtra 2189
2026-04-09,Wheat,1,Jalgaon,Non-FAQ,Jalgaon(Masawat) APMC,2300,2300,2300,Maharashtra,147 Average
2026-04-09,Wheat,1,Pune,FAQ,Shirur APMC,2600,2600,2600,Maharashtra,Other
2026-04-09,Wheat,1,Pune,Non-FAQ,Shirur APMC,2200,2200,2200,Maharashtra,Other
2026-04-09,Wheat,1,Dhule,Local,"Keshranand Cottex Pvt Agro, Dondicha, Dist Dhule",2800,1900,2350,Maharashtra,Other
2026-04-09,Wheat,1,Nashik,Non-FAQ,Devala APMC,2505,2105,2200,Maharashtra,Maharashtra 2189
2026-04-09,Wheat,1,Nashik,Non-FAQ,Yeola APMC,2287,2065,2175,Maharashtra,Maharashtra 2189
2026-04-09,Wheat,1,Nashik,Non-FAQ,Manmad APMC,2451,1740,2451,Maharashtra,Other
2026-04-09,Wheat,1,Latur,Non-FAQ,Aurad Shahajani APMC,2584,2050,2500,Maharashtra,Maharashtra 2189
2026-04-09,Wheat,1,Yavatmal,Non-FAQ,Yavatmal APMC,2270,1800,2035,Maharashtra,Other
2026-04-09,Wheat,1,Yavatmal,Non-FAQ,Kalamb APMC,2250,2200,2225,Maharashtra,Other
2026-04-09,Wheat,1,Wardha,Non-FAQ,Pulgaon APMC,2265,2075,2240,Maharashtra,Other
2026-04-09,Wheat,1,Nashik,FAQ,Lasalgaon APMC,2755,2585,2585,Maharashtra,Maharashtra 2189
2026-04-09,Wheat,1,Vashim,Non-FAQ,Karanja APMC,2350,2150,2260,Maharashtra,Other
2026-04-09,Wheat,1,Thane,FAQ,Kalyan APMC,3200,2800,3000,Maharashtra,Sharbati
2026-04-09,Wheat,1,Yavatmal,Non-FAQ,Umarked(Danki) APMC,2500,2300,2400,Maharashtra,Other
2026-04-09,Wheat,1,Solapur,FAQ,Dudhani APMC,2900,2609,2900,Maharashtra,Maharashtra 2189
2026-04-09,Wheat,1,Dharashiv(Usmanabad),Non-FAQ,Tuljapur APMC,2200,2100,2150,Maharashtra,Other
2026-04-09,Wheat,1,Nashik,Non-FAQ,Lasalgaon(Vinchur) APMC,2500,2000,2250,Maharashtra,Other
2026-04-09,Wheat,1,Amarawati,Non-FAQ,Morshi APMC,2350,2250,2300,Maharashtra,Other
2026-04-09,Wheat,1,Nanded,Non-FAQ,Loha APMC,2350,2100,2217,Maharashtra,Other
2026-04-09,Wheat,1,Nandurbar,Non-FAQ,Nandurbar APMC,2430,1800,2250,Maharashtra,Other
2026-04-09,Wheat,1,Nashik,Non-FAQ,Malegaon APMC,2512,1200,2180,Maharashtra,Other
2026-04-09,Wheat,1,Dharashiv(Usmanabad),Non-FAQ,Umarga APMC,2200,2000,2100,Maharashtra,Maharashtra 2189
2026-04-09,Wheat,1,Dhule,Non-FAQ,Dhule APMC,2555,2300,2405,Maharashtra,Other
2026-04-09,Wheat,1,Sholapur,Non-FAQ,Dudhani APMC,2380,2210,2261,Maharashtra,Maharashtra 2189
2026-04-09,Wheat,1,Dharashiv,Non-FAQ,Tuljapur APMC,2200,2100,2150,Maharashtra,Other
2026-04-10,Wheat,1,Jalgaon,Non-FAQ,Jalgaon(Masawat) APMC,2300,2300,2300,Maharashtra,147 Average
2026-04-10,Wheat,1,Ahilyanagar,Non-FAQ,Rahuri APMC,2300,2050,2175,Maharashtra,Other
2026-04-10,Wheat,1,Buldhana,Non-FAQ,Malkapur APMC,2250,2120,2200,Maharashtra,Other
2026-04-10,Wheat,1,Parbhani,Non-FAQ,Tadkalas APMC,2200,2200,2200,Maharashtra,Other
2026-04-10,Wheat,1,Parbhani,Non-FAQ,Jintur APMC,2165,2165,2165,Maharashtra,Other
2026-04-10,Wheat,1,Buldhana,FAQ,Deoulgaon Raja APMC,2700,2700,2700,Maharashtra,Other
2026-04-10,Wheat,1,Washim,Local,"Krushna Krishi Bazar, Washim",2300,2000,2103,Maharashtra,Other
2026-04-10,Wheat,1,Ahilyanagar,Non-FAQ,Shevgaon APMC,2400,2000,2000,Maharashtra,Maharashtra 2189
2026-04-10,Wheat,1,Vashim,Non-FAQ,Washim APMC,2270,2150,2200,Maharashtra,Maharashtra 2189
2026-04-10,Wheat,1,Buldhana,Non-FAQ,Shegaon APMC,2400,1925,2210,Maharashtra,Other
2026-04-10,Wheat,1,Jalana,Non-FAQ,Partur APMC,2400,2000,2161,Maharashtra,Maharashtra 2189
2026-04-10,Wheat,1,Parbhani,FAQ,Gangakhed APMC,2800,2700,2700,Maharashtra,Other
2026-04-10,Wheat,1,Nashik,Non-FAQ,Manmad APMC,2512,2020,2202,Maharashtra,Other
2026-04-10,Wheat,1,Buldhana,Non-FAQ,Khamgaon APMC,2125,1675,1900,Maharashtra,Other
2026-04-10,Wheat,1,Ahmednagar,Non-FAQ,Rahata APMC,2500,2001,2300,Maharashtra,Other
2026-04-10,Wheat,1,Palghar,FAQ,Palghar APMC,3105,3105,3105,Maharashtra,Other
2026-04-10,Wheat,1,Washim,Non-FAQ,Washim(Ansing) APMC,2200,2050,2150,Maharashtra,Maharashtra 2189
2026-04-10,Wheat,1,Latur,FAQ,Aurad Shahajani APMC,2801,2585,2700,Maharashtra,Maharashtra 2189
2026-04-10,Wheat,1,Jalana,FAQ,Jalana APMC,2701,2701,2701,Maharashtra,Other
2026-04-10,Wheat,1,Chattrapati Sambhajinagar,Non-FAQ,Kannad APMC,2350,2150,2250,Maharashtra,Other
2026-04-10,Wheat,1,Jalna,Non-FAQ,Jafrabad APMC,2100,1900,2000,Maharashtra,Other
2026-04-10,Wheat,1,Chattrapati Sambhajinagar,Non-FAQ,Paithan APMC,2550,1900,2380,Maharashtra,Bansi
2026-04-10,Wheat,1,Solapur,FAQ,Barshi APMC,2700,2600,2650,Maharashtra,Other
2026-04-10,Wheat,1,Nashik,Non-FAQ,Lasalgaon APMC,2570,2000,2200,Maharashtra,Maharashtra 2189
2026-04-11,Wheat,1,Vashim,Non-FAQ,Washim APMC,2260,2055,2150,Maharashtra,Maharashtra 2189
2026-04-11,Wheat,1,Dharashiv,Non-FAQ,Murum APMC,2161,2126,2144,Maharashtra,Bansi
2026-04-11,Wheat,1,Dharashiv(Usmanabad),Non-FAQ,Murum APMC,2161,2126,2144,Maharashtra,Bansi
2026-04-11,Wheat,1,Bhandara,Non-FAQ,Bhandara APMC,2350,2080,2260,Maharashtra,Maharashtra 2189
2026-04-11,Wheat,1,Solapur,Non-FAQ,Barshi(Vairag) APMC,2550,2550,2550,Maharashtra,Other
2026-04-11,Wheat,1,Solapur,FAQ,Barshi APMC,2700,2675,2675,Maharashtra,Other
2026-04-11,Wheat,1,Nashik,Non-FAQ,Malegaon APMC,2560,1899,2225,Maharashtra,Other
2026-04-11,Wheat,1,Solapur,Non-FAQ,Akluj APMC,2200,2200,2200,Maharashtra,Other
2026-04-11,Wheat,1,Wardha,Non-FAQ,Sindi APMC,2000,1900,1950,Maharashtra,Other
2026-04-11,Wheat,1,Akola,Non-FAQ,Akola APMC,2525,2000,2390,Maharashtra,Other
2026-04-11,Wheat,1,Latur,Non-FAQ,Aurad Shahajani APMC,2070,2000,2035,Maharashtra,Maharashtra 2189
2026-04-11,Wheat,1,Jalana,Non-FAQ,Jalana APMC,2300,2000,2300,Maharashtra,Other
2026-04-11,Wheat,1,Ahmednagar,Non-FAQ,Rahuri(Vambori) APMC,2355,2097,2154,Maharashtra,Other
2026-04-11,Wheat,1,Sholapur,Non-FAQ,Akluj APMC,2200,2200,2200,Maharashtra,Other
2026-04-11,Wheat,1,Yavatmal,Non-FAQ,Umarked(Danki) APMC,2500,2300,2400,Maharashtra,Other
2026-04-11,Wheat,1,Amarawati,Non-FAQ,Anajngaon APMC,2500,1900,2400,Maharashtra,Other
2026-04-11,Wheat,1,Jalna,Non-FAQ,Bhokardan APMC,2150,2000,2100,Maharashtra,Other
2026-04-11,Wheat,1,Jalgaon,Non-FAQ,Pachora APMC,2461,1950,2251,Maharashtra,Other
2026-04-11,Wheat,1,Beed,Non-FAQ,Beed APMC,2400,2063,2272,Maharashtra,Other
2026-04-11,Wheat,1,Ahmednagar,Non-FAQ,Jamkhed APMC,2500,2200,2350,Maharashtra,Other
2026-04-11,Wheat,1,Jalna,Non-FAQ,Jalana APMC,2300,2000,2300,Maharashtra,Other
2026-04-12,Wheat,1,Akola,Non-FAQ,Balapur APMC,2550,2000,2250,Maharashtra,Other
2026-04-12,Wheat,1,Bhandara,Non-FAQ,Tumsar APMC,2400,2176,2235,Maharashtra,Other
2026-04-12,Wheat,1,Ahmednagar,Non-FAQ,Rahuri APMC,2181,1900,2040,Maharashtra,Other
2026-04-12,Wheat,1,Wardha,Non-FAQ,Ashti(Karanja) APMC,2350,2000,2150,Maharashtra,Other
2026-04-13,Wheat,1,Wardha,Non-FAQ,Ashti(Karanja) APMC,2350,2000,2200,Maharashtra,Other
2026-04-13,Wheat,1,Ahmednagar,Non-FAQ,Shevgaon APMC,2400,2000,2000,Maharashtra,Maharashtra 2189
2026-04-13,Wheat,1,Dhule,Non-FAQ,Dondaicha APMC,2541,1800,2400,Maharashtra,Other
2026-04-13,Wheat,1,Dharashiv,FAQ,Murum APMC,2891,2891,2891,Maharashtra,Bansi
2026-04-13,Wheat,1,Beed,FAQ,Majalgaon APMC,3326,2600,2800,Maharashtra,Other
2026-04-13,Wheat,1,Buldhana,FAQ,Deoulgaon Raja APMC,2700,2700,2700,Maharashtra,Other
2026-04-13,Wheat,1,Chattrapati Sambhajinagar,Non-FAQ,Sillod APMC,2200,2100,2200,Maharashtra,Other
2026-04-13,Wheat,1,Thane,FAQ,Palghar APMC,3245,3245,3245,Maharashtra,Other
2026-04-13,Wheat,1,Sholapur,Non-FAQ,Kurdwadi(Modnimb) APMC,2550,2151,2300,Maharashtra,Other
2026-04-13,Wheat,1,Jalana,Non-FAQ,Jalana APMC,2300,2100,2300,Maharashtra,Other
2026-04-13,Wheat,1,Mumbai,FAQ,Mumbai APMC,5000,2900,3950,Maharashtra,Other
2026-04-13,Wheat,1,Dhule,Non-FAQ,Sakri APMC,2400,2081,2250,Maharashtra,Other
2026-04-13,Wheat,1,Nashik,Non-FAQ,Devala APMC,2500,2100,2450,Maharashtra,Maharashtra 2189
2026-04-13,Wheat,1,Latur,Non-FAQ,Ausa APMC,2101,1901,2021,Maharashtra,Maharashtra 2189
2026-04-13,Wheat,1,Pune,FAQ,Pune APMC,5200,4200,4700,Maharashtra,Sharbati
2026-04-13,Wheat,1,Akola,FAQ,Akola APMC,3100,2800,3000,Maharashtra,Sharbati
2026-04-13,Wheat,1,Pune,Non-FAQ,Baramati APMC,2350,1900,2300,Maharashtra,Kalyan
2026-04-13,Wheat,1,Ahilyanagar,Non-FAQ,Shevgaon(Bodhegaon) APMC,2200,2100,2100,Maharashtra,Maharashtra 2189
2026-04-13,Wheat,1,Yavatmal,Local,"Kisan Market Yard, Tal Pusad, Dist Yeotmal",2255,1900,2067,Maharashtra,Other
2026-04-13,Wheat,1,Ahilyanagar,Non-FAQ,Shevgaon APMC,2400,2000,2000,Maharashtra,Maharashtra 2189
2026-04-13,Wheat,1,Pune,Non-FAQ,Baramati APMC,2550,2290,2400,Maharashtra,Maharashtra 2189
2026-04-13,Wheat,1,Nanded,FAQ,Loha APMC,2671,2630,2630,Maharashtra,Other
2026-04-13,Wheat,1,Jalgaon,Non-FAQ,Chalisgaon APMC,2530,1800,2251,Maharashtra,Other
2026-04-13,Wheat,1,Buldhana,Non-FAQ,Shegaon APMC,2070,1720,1855,Maharashtra,Other
2026-04-14,Wheat,1,Ahilyanagar,Non-FAQ,Karjat APMC,2400,2200,2300,Maharashtra,Other
2026-04-14,Wheat,1,Palghar,FAQ,Palghar APMC,3105,3105,3105,Maharashtra,Other
2026-04-14,Wheat,1,Ahmednagar,Non-FAQ,Rahata APMC,2350,2050,2200,Maharashtra,Other
2026-04-14,Wheat,1,Thane,FAQ,Palghar APMC,3105,3105,3105,Maharashtra,Other
2026-04-14,Wheat,1,Ahmednagar,Local,Om Chaitanya Multistate Agro Purpose CoOp Society  APMC,2200,2200,2200,Maharashtra,Other
2026-04-14,Wheat,1,Ahilyanagar,Non-FAQ,Rahuri(Vambori) APMC,2116,2100,2103,Maharashtra,Other
2026-04-15,Wheat,1,Pune,FAQ,Pune APMC,5300,4200,4750,Maharashtra,Sharbati
2026-04-15,Wheat,1,Dhule,Non-FAQ,Shirpur APMC,2486,1650,2335,Maharashtra,Other
2026-04-15,Wheat,1,Dharashiv,FAQ,Kalamb (Dharashiv) APMC,2826,2826,2826,Maharashtra,Maharashtra 2189
2026-04-15,Wheat,1,Sholapur,Non-FAQ,Kurdwadi APMC,2500,2500,2500,Maharashtra,Other
2026-04-15,Wheat,1,Vashim,Non-FAQ,Mangrulpeer APMC,2400,1900,2250,Maharashtra,Kalyan
2026-04-15,Wheat,1,Washim,Non-FAQ,Mangrulpeer APMC,2400,1900,2250,Maharashtra,Kalyan
2026-04-15,Wheat,1,Jalna,FAQ,Jalana APMC,2625,2625,2625,Maharashtra,Other
2026-04-15,Wheat,1,Akola,FAQ,Akola APMC,2895,2600,2680,Maharashtra,Other
2026-04-15,Wheat,1,Chattrapati Sambhajinagar,Non-FAQ,Chattrapati Sambhajinagar APMC,2460,1935,2198,Maharashtra,Other
2026-04-15,Wheat,1,Beed,FAQ,Majalgaon APMC,3225,2600,2700,Maharashtra,Other
2026-04-15,Wheat,1,Dhule,Non-FAQ,Dhule APMC,2570,2100,2300,Maharashtra,Other
2026-04-15,Wheat,1,Nandurbar,Non-FAQ,Dhadgaon APMC,2200,2050,2100,Maharashtra,Other
2026-04-15,Wheat,1,Solapur,Non-FAQ,Barshi(Vairag) APMC,2225,2225,2225,Maharashtra,Other
2026-04-15,Wheat,1,Yavatmal,Local,"Mahesh Krushi Utpanna Bazar, Digras, Dist Yeotmal",2150,1700,2042,Maharashtra,Other
2026-04-15,Wheat,1,Ahilyanagar,Local,"Omchatinya Multi State Agro Purpose Co-Op Society, Dist Ahilyanagar",2400,2200,2200,Maharashtra,Other
2026-04-15,Wheat,1,Dharashiv(Usmanabad),Non-FAQ,Tuljapur APMC,2200,2100,2150,Maharashtra,Other
2026-04-15,Wheat,1,Buldhana,Local,BSK Krishi Bazar Private Ltd APMC,2150,2080,2125,Maharashtra,Other
2026-04-15,Wheat,1,Vashim,Non-FAQ,Malegaon(Vashim) APMC,2300,2000,2200,Maharashtra,Other
2026-04-15,Wheat,1,Yavatmal,Local,Shekari Krushi Khajgi Bazar APMC,2125,1841,2000,Maharashtra,Other
2026-04-15,Wheat,1,Solapur,FAQ,Karmala APMC,2651,2651,2651,Maharashtra,Other
2026-04-15,Wheat,1,Palghar,FAQ,Ulhasnagar APMC,3500,3000,3250,Maharashtra,Other
2026-04-15,Wheat,1,Washim,Non-FAQ,Manora APMC,2201,2050,2125,Maharashtra,Other
2026-04-15,Wheat,1,Jalgaon,FAQ,Pachora APMC,2670,2585,2621,Maharashtra,Other
2026-04-15,Wheat,1,Chattrapati Sambhajinagar,Non-FAQ,Sillod APMC,2250,2000,2200,Maharashtra,Other
2026-04-15,Wheat,1,Nashik,Non-FAQ,Manmad APMC,2511,1951,2206,Maharashtra,Other
2026-04-15,Wheat,1,Ahilyanagar,Non-FAQ,Rahuri(Vambori) APMC,2486,2108,2192,Maharashtra,Other
2026-04-15,Wheat,1,Ahmednagar,Non-FAQ,Rahuri APMC,2350,2100,2225,Maharashtra,Other
2026-04-15,Wheat,1,Thane,FAQ,Kalyan APMC,3400,3000,3200,Maharashtra,Sharbati
2026-04-15,Wheat,1,Bhandara,Non-FAQ,Tumsar APMC,2237,2205,2231,Maharashtra,Other
2026-04-15,Wheat,1,Jalna,Non-FAQ,Partur APMC,2584,2180,2361,Maharashtra,Maharashtra 2189
2026-04-15,Wheat,1,Palghar,FAQ,Palghar APMC,3060,3060,3060,Maharashtra,Other
2026-04-15,Wheat,1,Latur,FAQ,Aurad Shahajani APMC,3000,2585,2800,Maharashtra,Maharashtra 2189
2026-04-16,Wheat,1,Ahmednagar,Non-FAQ,Jamkhed APMC,2400,2200,2300,Maharashtra,Other
2026-04-16,Wheat,1,Solapur,Non-FAQ,Dudhani APMC,2550,2200,2280,Maharashtra,Maharashtra 2189
2026-04-16,Wheat,1,Thane,FAQ,Ulhasnagar APMC,3400,3000,3200,Maharashtra,Other
2026-04-16,Wheat,1,Parbhani,Non-FAQ,Selu APMC,2100,2100,2100,Maharashtra,Other
2026-04-16,Wheat,1,Vashim,Non-FAQ,Malegaon(Vashim) APMC,2400,2100,2200,Maharashtra,Other
2026-04-16,Wheat,1,Nashik,Non-FAQ,Malegaon APMC,2583,1851,2245,Maharashtra,Other
2026-04-16,Wheat,1,Jalana,Non-FAQ,Jalana APMC,2550,2050,2300,Maharashtra,Other
2026-04-16,Wheat,1,Sholapur,FAQ,Barshi APMC,2700,2600,2650,Maharashtra,Other
2026-04-16,Wheat,1,Nanded,Non-FAQ,Himayatnagar APMC,2200,2000,2100,Maharashtra,Other
2026-04-16,Wheat,1,Sholapur,Non-FAQ,Karmala APMC,2530,2051,2200,Maharashtra,Other
2026-04-16,Wheat,1,Wardha,Non-FAQ,Ashti APMC,2205,1500,1900,Maharashtra,Other
2026-04-16,Wheat,1,Vashim,Non-FAQ,Mangrulpeer APMC,2520,1900,2250,Maharashtra,Sharbati
2026-04-16,Wheat,1,Nashik,Non-FAQ,Yeola APMC,2400,2151,2250,Maharashtra,Maharashtra 2189
2026-04-16,Wheat,1,Nashik,Non-FAQ,Devala APMC,2405,2175,2400,Maharashtra,Maharashtra 2189
2026-04-16,Wheat,1,Nashik,Non-FAQ,Lasalgaon APMC,2580,1700,2200,Maharashtra,Maharashtra 2189
2026-04-16,Wheat,1,Buldhana,Non-FAQ,Malkapur APMC,2275,2070,2200,Maharashtra,Other
2026-04-16,Wheat,1,Buldhana,FAQ,Malkapur APMC,2775,2775,2775,Maharashtra,Other
2026-04-16,Wheat,1,Dhule,FAQ,Dhule APMC,2620,2585,2600,Maharashtra,Other
2026-04-16,Wheat,1,Ahilyanagar,Non-FAQ,Rahuri APMC,2300,2100,2200,Maharashtra,Other
2026-04-16,Wheat,1,Dhule,Non-FAQ,Shirpur APMC,2431,2200,2325,Maharashtra,Other
2026-04-16,Wheat,1,Beed,FAQ,Majalgaon APMC,3251,2612,2861,Maharashtra,Other
2026-04-16,Wheat,1,Amarawati,Non-FAQ,Chandur Bazar APMC,2580,2250,2460,Maharashtra,Other
2026-04-16,Wheat,1,Yavatmal,Non-FAQ,Digras APMC,2550,2130,2485,Maharashtra,Other
2026-04-16,Wheat,1,Mumbai,FAQ,Mumbai APMC,5000,2900,3950,Maharashtra,Other
2026-04-16,Wheat,1,Jalgaon,Non-FAQ,Chopada APMC,2285,1891,2190,Maharashtra,Other
2026-04-16,Wheat,1,Nandurbar,Non-FAQ,Shahada APMC,2584,2100,2371,Maharashtra,Other
2026-04-16,Wheat,1,Amarawati,Non-FAQ,Morshi APMC,2350,2250,2300,Maharashtra,Other
2026-04-17,Wheat,1,Buldhana,FAQ,Malkapur APMC,2700,2700,2700,Maharashtra,Other
2026-04-17,Wheat,1,Chattrapati Sambhajinagar,Non-FAQ,Lasur Station APMC,2450,2050,2200,Maharashtra,Other
2026-04-17,Wheat,1,Akola,Non-FAQ,Akola APMC,2575,2140,2300,Maharashtra,Other
2026-04-17,Wheat,1,Wardha,Non-FAQ,Wardha APMC,2350,2275,2300,Maharashtra,Other
2026-04-17,Wheat,1,Nashik,FAQ,Lasalgaon APMC,2600,2585,2585,Maharashtra,Maharashtra 2189
2026-04-17,Wheat,1,Palghar,FAQ,Ulhasnagar APMC,3400,3000,3200,Maharashtra,Other
2026-04-17,Wheat,1,Dharashiv,Non-FAQ,Paranda APMC,2320,2320,2320,Maharashtra,Other
2026-04-17,Wheat,1,Nashik,Non-FAQ,Devala APMC,2425,2235,2300,Maharashtra,Maharashtra 2189
2026-04-17,Wheat,1,Wardha,Non-FAQ,Pulgaon APMC,2380,2180,2200,Maharashtra,Other
2026-04-17,Wheat,1,Nashik,Non-FAQ,Manmad APMC,2441,2100,2172,Maharashtra,Other
2026-04-17,Wheat,1,Nandurbar,Non-FAQ,Shahada APMC,2534,2025,2300,Maharashtra,Other
2026-04-17,Wheat,1,Wardha,Non-FAQ,Hinganghat APMC,2250,1950,2100,Maharashtra,Other
2026-04-17,Wheat,1,Sholapur,Non-FAQ,Karmala APMC,2551,2000,2151,Maharashtra,Other
2026-04-17,Wheat,1,Thane,FAQ,Ulhasnagar APMC,3400,3000,3200,Maharashtra,Other
2026-04-17,Wheat,1,Ahmednagar,Non-FAQ,Shevgaon(Bodhegaon) APMC,2300,2000,2000,Maharashtra,Maharashtra 2189
2026-04-17,Wheat,1,Ahmednagar,Non-FAQ,Kopargaon APMC,2311,2100,2226,Maharashtra,Other
2026-04-17,Wheat,1,Vashim,Non-FAQ,Karanja APMC,2440,2220,2330,Maharashtra,Other
2026-04-17,Wheat,1,Nagpur,Non-FAQ,Kalmeshwar APMC,2305,2000,2100,Maharashtra,Other
2026-04-17,Wheat,1,Ahmednagar,Non-FAQ,Rahuri APMC,2300,2100,2200,Maharashtra,Other
2026-04-17,Wheat,1,Chattrapati Sambhajinagar,Non-FAQ,Vaijpur APMC,2290,1980,2235,Maharashtra,Other
2026-04-17,Wheat,1,Buldhana,Local,BSK Krishi Bazar Private Ltd APMC,2170,1850,2123,Maharashtra,Other
2026-04-17,Wheat,1,Jalgaon,Non-FAQ,Jalgaon APMC,2125,2125,2125,Maharashtra,147 Average
2026-04-17,Wheat,1,Dhule,Non-FAQ,Dhule APMC,2584,2100,2350,Maharashtra,Other
2026-04-17,Wheat,1,Jalna,Non-FAQ,Mantha APMC,2584,2100,2450,Maharashtra,Other
2026-04-17,Wheat,1,Pune,FAQ,Pune APMC,5200,4200,4700,Maharashtra,Sharbati
2026-04-18,Wheat,1,Sholapur,FAQ,Solapur APMC,3835,2600,3310,Maharashtra,Sharbati
2026-04-18,Wheat,1,Chattrapati Sambhajinagar,Non-FAQ,Gangapur APMC,2390,2000,2161,Maharashtra,Other
2026-04-18,Wheat,1,Buldhana,Non-FAQ,Khamgaon APMC,2190,1800,1995,Maharashtra,Other
2026-04-18,Wheat,1,Ahilyanagar,Non-FAQ,Kopargaon APMC,2439,2132,2300,Maharashtra,Other
2026-04-18,Wheat,1,Ahmednagar,Non-FAQ,Jamkhed APMC,2400,2200,2300,Maharashtra,Other
2026-04-18,Wheat,1,Chattrapati Sambhajinagar,Non-FAQ,Chattrapati Sambhajinagar APMC,2580,1900,2300,Maharashtra,Other
2026-04-18,Wheat,1,Ahilyanagar,Non-FAQ,Shevgaon(Bodhegaon) APMC,2200,2100,2100,Maharashtra,Maharashtra 2189
2026-04-18,Wheat,1,Washim,Non-FAQ,Washim APMC,2350,2145,2250,Maharashtra,Maharashtra 2189
2026-04-18,Wheat,1,Jalgaon,Non-FAQ,Raver APMC,2531,1900,2286,Maharashtra,Other
2026-04-18,Wheat,1,Amarawati,Non-FAQ,Achalpur APMC,2500,2200,2350,Maharashtra,Other
2026-04-18,Wheat,1,Sangli,FAQ,Sangli APMC,4500,3000,3750,Maharashtra,Other
2026-04-18,Wheat,1,Washim,Non-FAQ,Karanja APMC,2415,2200,2300,Maharashtra,Other
2026-04-18,Wheat,1,Nagpur,Non-FAQ,Umared APMC,2550,2000,2275,Maharashtra,Other
2026-04-18,Wheat,1,Akola,Non-FAQ,Akola APMC,2500,2005,2430,Maharashtra,Other
2026-04-18,Wheat,1,Jalna,Non-FAQ,Jalana APMC,2330,2100,2330,Maharashtra,Other
2026-04-19,Wheat,1,Jalana,Non-FAQ,Partur APMC,2501,2200,2400,Maharashtra,Maharashtra 2189
2026-04-19,Wheat,1,Chattrapati Sambhajinagar,Non-FAQ,Paithan APMC,2536,2000,2320,Maharashtra,Bansi
2026-04-19,Wheat,1,Ahmednagar,Non-FAQ,Rahuri APMC,2211,2100,2155,Maharashtra,Other
2026-04-19,Wheat,1,Solapur,Non-FAQ,Mangal Wedha APMC,2400,1870,2200,Maharashtra,Other
2026-04-20,Wheat,1,Sholapur,Non-FAQ,Barshi APMC,2250,2200,2200,Maharashtra,Other
2026-04-20,Wheat,1,Ahmednagar,Non-FAQ,Shevgaon APMC,2400,2050,2050,Maharashtra,Maharashtra 2189
2026-04-20,Wheat,1,Ahmednagar,Local,Om Chaitanya Multistate Agro Purpose CoOp Society  APMC,2000,2000,2000,Maharashtra,Other
2026-04-20,Wheat,1,Buldhana,Local,BSK Krishi Bazar Private Ltd APMC,2145,2020,2131,Maharashtra,Other
2026-04-20,Wheat,1,Yavatmal,Local,Shekari Krushi Khajgi Bazar APMC,2160,1830,2000,Maharashtra,Other
2026-04-20,Wheat,1,Ahmednagar,Non-FAQ,Kopargaon APMC,2400,2100,2250,Maharashtra,Other
2026-04-20,Wheat,1,Ahmednagar,Non-FAQ,Shrirampur APMC,2350,2000,2200,Maharashtra,Other
2026-04-20,Wheat,1,Ahmednagar,Non-FAQ,Rahuri APMC,2300,2000,2150,Maharashtra,Other
2026-04-20,Wheat,1,Buldhana,Non-FAQ,Shegaon APMC,2000,1600,1830,Maharashtra,Other
2026-04-20,Wheat,1,Ahilyanagar,Non-FAQ,Shrirampur APMC,2350,2000,2200,Maharashtra,Other
2026-04-20,Wheat,1,Nashik,Non-FAQ,Nandgaon APMC,2499,2199,2250,Maharashtra,Maharashtra 2189
2026-04-20,Wheat,1,Washim,Non-FAQ,Washim APMC,2370,2055,2150,Maharashtra,Maharashtra 2189
2026-04-20,Wheat,1,Nanded,Non-FAQ,Himayatnagar APMC,2200,2000,2100,Maharashtra,Other
2026-04-20,Wheat,1,Nagpur,Non-FAQ,Kalmeshwar APMC,2520,2000,2300,Maharashtra,Other
2026-04-20,Wheat,1,Jalgaon,Non-FAQ,Chopada APMC,2341,1791,2335,Maharashtra,Other
2026-04-20,Wheat,1,Akola,Non-FAQ,Akola APMC,2480,2000,2275,Maharashtra,Other
2026-04-20,Wheat,1,Beed,Non-FAQ,Kada APMC,2300,30,2200,Maharashtra,Other
2026-04-20,Wheat,1,Yavatmal,Local,"Shekari Krushi Khajgi Bazar, Arni, Dist Yavatmal",2160,1830,2000,Maharashtra,Other
2026-04-20,Wheat,1,Nagpur,Non-FAQ,Savner APMC,2190,2100,2150,Maharashtra,Other
2026-04-20,Wheat,1,Jalgaon,Non-FAQ,Jalgaon APMC,2340,2340,2340,Maharashtra,147 Average
2026-04-20,Wheat,1,Beed,Non-FAQ,Parali Vaijyanath APMC,2500,2000,2300,Maharashtra,Other
2026-04-20,Wheat,1,Wardha,Non-FAQ,Sindi APMC,1975,1900,1950,Maharashtra,Other
2026-04-20,Wheat,1,Chattrapati Sambhajinagar,Non-FAQ,Gangapur APMC,2365,2196,2225,Maharashtra,Other
2026-04-21,Wheat,1,Nashik,Non-FAQ,Manmad APMC,2519,2060,2519,Maharashtra,Other
2026-04-21,Wheat,1,Washim,Non-FAQ,Manora APMC,2221,2051,2136,Maharashtra,Other
2026-04-21,Wheat,1,Sangli,FAQ,Tasgaon APMC,4000,3800,3900,Maharashtra,Other
2026-04-21,Wheat,1,Yavatmal,Local,"Mahesh Krushi Utpanna Bazar, Digras APMC",2300,2025,2112,Maharashtra,Other
2026-04-21,Wheat,1,Nanded,Non-FAQ,Himalyatnagar APMC,2200,2000,2100,Maharashtra,Other
2026-04-21,Wheat,1,Buldhana,Non-FAQ,Lonar APMC,2250,1900,2075,Maharashtra,Other
2026-04-21,Wheat,1,Sholapur,Non-FAQ,Barshi APMC,2200,2200,2200,Maharashtra,Other
2026-04-21,Wheat,1,Jalgaon,Non-FAQ,Raver APMC,2271,2030,2191,Maharashtra,Other
2026-04-21,Wheat,1,Buldhana,FAQ,Malkapur APMC,2740,2740,2740,Maharashtra,Other
2026-04-21,Wheat,1,Wardha,Non-FAQ,Ashti APMC,2225,1500,1800,Maharashtra,Other
2026-04-21,Wheat,1,Dharashiv,Non-FAQ,Tuljapur APMC,2500,2100,2400,Maharashtra,Other
2026-04-21,Wheat,1,Yavatmal,Non-FAQ,Vani APMC,2095,2095,2095,Maharashtra,Other
2026-04-21,Wheat,1,Beed,FAQ,Majalgaon APMC,3026,2611,2850,Maharashtra,Other
2026-04-21,Wheat,1,Jalna,Non-FAQ,Bhokardan(Pimpalgaon Renu) APMC,2150,2000,2100,Maharashtra,Other
2026-04-21,Wheat,1,Akola,Non-FAQ,Akola APMC,2500,1900,2300,Maharashtra,Other
2026-04-21,Wheat,1,Dhule,Non-FAQ,Sakri APMC,2351,2100,2325,Maharashtra,Other
2026-04-21,Wheat,1,Ahmednagar,Non-FAQ,Shrirampur APMC,2200,2050,2150,Maharashtra,Other
2026-04-21,Wheat,1,Sangli,FAQ,Sangli APMC,4000,3000,3500,Maharashtra,Other
2026-04-21,Wheat,1,Yavatmal,Local,"Shekari Krushi Khajgi Bazar, Arni, Dist Yavatmal",2130,1676,1950,Maharashtra,Other
2026-04-21,Wheat,1,Pune,Non-FAQ,Shirur APMC,2400,2050,2200,Maharashtra,Other
2026-04-21,Wheat,1,Nandurbar,Non-FAQ,Nandurbar APMC,2480,2000,2225,Maharashtra,Other
2026-04-21,Wheat,1,Buldhana,Non-FAQ,Deoulgaon Raja APMC,2350,1500,2150,Maharashtra,Other
2026-04-21,Wheat,1,Vashim,Non-FAQ,Manora APMC,2221,2051,2136,Maharashtra,Other
2026-04-21,Wheat,1,Dharashiv(Usmanabad),Non-FAQ,Kalamb (Dharashiv) APMC,2200,2000,2200,Maharashtra,Maharashtra 2189
2026-04-21,Wheat,1,Solapur,FAQ,Solapur APMC,3855,2610,3325,Maharashtra,Sharbati
2026-04-21,Wheat,1,Ahilyanagar,Non-FAQ,Shevgaon APMC,2400,2100,2400,Maharashtra,Maharashtra 2189
2026-04-21,Wheat,1,Yavatmal,Local,"Kisan Market Yard, Tal Pusad, Dist Yeotmal",2235,2000,2227,Maharashtra,Other
2026-04-22,Wheat,1,Beed,FAQ,Majalgaon APMC,3075,2675,2811,Maharashtra,Other
2026-04-22,Wheat,1,Nagpur,Non-FAQ,Savner APMC,2400,2130,2300,Maharashtra,Other
2026-04-22,Wheat,1,Akola,Non-FAQ,Akola APMC,2515,2200,2370,Maharashtra,Other
2026-04-22,Wheat,1,Buldhana,Non-FAQ,Buldhana APMC,2400,1800,2100,Maharashtra,Other
2026-04-22,Wheat,1,Nagpur,Non-FAQ,Katol APMC,2280,2175,2200,Maharashtra,Other
2026-04-22,Wheat,1,Parbhani,FAQ,Gangakhed APMC,2750,2600,2600,Maharashtra,Other
2026-04-22,Wheat,1,Nandurbar,Non-FAQ,Taloda APMC,2425,2200,2375,Maharashtra,Other
2026-04-22,Wheat,1,Ahilyanagar,Non-FAQ,Karjat APMC,2400,2200,2300,Maharashtra,Other
2026-04-22,Wheat,1,Yavatmal,Local,"Mahesh Krushi Utpanna Bazar, Digras APMC",2250,1800,2133,Maharashtra,Other
2026-04-22,Wheat,1,Jalgaon,Non-FAQ,Jalgaon APMC,2211,2211,2211,Maharashtra,147 Average
2026-04-22,Wheat,1,Latur,FAQ,Nilanga APMC,3100,2585,2600,Maharashtra,Maharashtra 2189
2026-04-22,Wheat,1,Ahilyanagar,FAQ,Pathardi APMC,2800,2590,2650,Maharashtra,Maharashtra 2189
2026-04-22,Wheat,1,Hingoli,FAQ,Hingoli APMC,3040,2600,2820,Maharashtra,Sharbati
2026-04-22,Wheat,1,Pune,FAQ,Pune APMC,5800,4500,5150,Maharashtra,Sharbati
2026-04-22,Wheat,1,Nagpur,FAQ,Nagpur APMC,3500,3200,3425,Maharashtra,Sharbati
2026-04-22,Wheat,1,Yavatmal,Local,"Mahesh Krushi Utpanna Bazar, Digras, Dist Yeotmal",2250,1800,2133,Maharashtra,Other
2026-04-22,Wheat,1,Ahmednagar,Non-FAQ,Kopargaon APMC,2451,2211,2327,Maharashtra,Other
2026-04-22,Wheat,1,Buldhana,Non-FAQ,Shegaon APMC,2550,1650,1850,Maharashtra,Other
2026-04-22,Wheat,1,Yavatmal,Local,Shekari Krushi Khajgi Bazar APMC,2127,1937,2000,Maharashtra,Other
2026-04-22,Wheat,1,Vashim,Non-FAQ,Karanja APMC,2450,2230,2325,Maharashtra,Other
2026-04-22,Wheat,1,Thane,FAQ,Kalyan APMC,3400,3000,3200,Maharashtra,Sharbati
2026-04-22,Wheat,1,Solapur,Non-FAQ,Barshi APMC,2500,2500,2500,Maharashtra,Other
2026-04-22,Wheat,1,Vashim,Non-FAQ,Malegaon(Vashim) APMC,2400,2000,2200,Maharashtra,Other
2026-04-22,Wheat,1,Ahmednagar,Non-FAQ,Karjat APMC,2400,2200,2300,Maharashtra,Other
2026-04-22,Wheat,1,Solapur,FAQ,Barshi APMC,2800,2800,2800,Maharashtra,Other
2026-04-22,Wheat,1,Sholapur,FAQ,Solapur APMC,3865,2600,3330,Maharashtra,Sharbati
2026-04-22,Wheat,1,Nandurbar,Non-FAQ,Nandurbar APMC,2575,1950,2250,Maharashtra,Other
2026-04-22,Wheat,1,Jalna,FAQ,Jalana APMC,2692,2692,2692,Maharashtra,Other
2026-04-22,Wheat,1,Ahmednagar,FAQ,Pathardi APMC,2800,2590,2650,Maharashtra,Maharashtra 2189
2026-04-23,Wheat,1,Ahmednagar,Non-FAQ,Rahuri APMC,2300,2050,2175,Maharashtra,Other
2026-04-23,Wheat,1,Solapur,Non-FAQ,Dudhani APMC,2400,2000,2244,Maharashtra,Maharashtra 2189
2026-04-23,Wheat,1,Nashik,Non-FAQ,Devala APMC,2485,2160,2400,Maharashtra,Maharashtra 2189
2026-04-23,Wheat,1,Nashik,Non-FAQ,Yeola APMC,2414,2101,2330,Maharashtra,Maharashtra 2189
2026-04-23,Wheat,1,Latur,Non-FAQ,Latur(Murud) APMC,2451,2000,2150,Maharashtra,Maharashtra 2189
2026-04-23,Wheat,1,Nagpur,Non-FAQ,Umared APMC,2570,1900,2250,Maharashtra,Other
2026-04-23,Wheat,1,Nagpur,FAQ,Umared APMC,3000,2600,2800,Maharashtra,Other
2026-04-23,Wheat,1,Nagpur,Non-FAQ,Katol APMC,2451,2226,2380,Maharashtra,Other
2026-04-23,Wheat,1,Nagpur,Non-FAQ,Savner APMC,2400,2011,2300,Maharashtra,Other
2026-04-23,Wheat,1,Dhule,Non-FAQ,Dhule APMC,2584,2100,2400,Maharashtra,Other
2026-04-23,Wheat,1,Chattrapati Sambhajinagar,Non-FAQ,Chattrapati Sambhajinagar APMC,2580,2075,2363,Maharashtra,Other
2026-04-23,Wheat,1,Jalna,Non-FAQ,Jalana APMC,2325,2100,2325,Maharashtra,Other
2026-04-23,Wheat,1,Thane,FAQ,Kalyan APMC,3400,3000,3200,Maharashtra,Sharbati
2026-04-23,Wheat,1,Yavatmal,Local,"Mahesh Krushi Utpanna Bazar, Digras, Dist Yeotmal",2300,1900,2122,Maharashtra,Other
2026-04-23,Wheat,1,Nanded,FAQ,Nanded APMC,2660,2660,2660,Maharashtra,Sharbati
2026-04-23,Wheat,1,Jalgaon,Non-FAQ,Chopada APMC,2451,2251,2311,Maharashtra,Other
2026-04-23,Wheat,1,Washim,Non-FAQ,Manora APMC,2326,2200,2263,Maharashtra,Other
2026-04-23,Wheat,1,Buldhana,Non-FAQ,Lonar APMC,2175,2050,2112,Maharashtra,Other
2026-04-23,Wheat,1,Ahilyanagar,Non-FAQ,Shrirampur(Belapur) APMC,2200,2100,2150,Maharashtra,Other
2026-04-23,Wheat,1,Ahmednagar,Non-FAQ,Shrirampur APMC,2350,2000,2200,Maharashtra,Other
2026-04-23,Wheat,1,Ahmednagar,Non-FAQ,Shrirampur(Belapur) APMC,2200,2100,2150,Maharashtra,Other
2026-04-23,Wheat,1,Vashim,Non-FAQ,Mangrulpeer APMC,2415,2200,2300,Maharashtra,Kalyan
2026-04-23,Wheat,1,Wardha,Non-FAQ,Hinganghat APMC,2335,1900,2140,Maharashtra,Other
2026-04-23,Wheat,1,Dhule,Non-FAQ,Shirpur APMC,2526,1800,2386,Maharashtra,Other
2026-04-23,Wheat,1,Jalgaon,Non-FAQ,Amalner APMC,2448,2200,2448,Maharashtra,Other
2026-04-23,Wheat,1,Nashik,Non-FAQ,Manmad APMC,2450,1872,2300,Maharashtra,Other
2026-04-23,Wheat,1,Chattrapati Sambhajinagar,Non-FAQ,Sillod APMC,2200,2050,2150,Maharashtra,Other
2026-04-23,Wheat,1,Amarawati,Non-FAQ,Achalpur APMC,2500,2100,2300,Maharashtra,Other
2026-04-23,Wheat,1,Buldhana,Non-FAQ,Khamgaon APMC,2275,2100,2188,Maharashtra,Other
2026-04-23,Wheat,1,Sangli,FAQ,Sangli APMC,4000,2800,3400,Maharashtra,Other
2026-04-23,Wheat,1,Nashik,Non-FAQ,Satana APMC,2570,2141,2320,Maharashtra,Other
2026-04-23,Wheat,1,Dhule,Non-FAQ,Dondaicha APMC,2515,1800,2400,Maharashtra,Other
2026-04-24,Wheat,1,Ahilyanagar,Non-FAQ,Shevgaon(Bodhegaon) APMC,2100,2000,2000,Maharashtra,Maharashtra 2189
2026-04-24,Wheat,1,Yavatmal,Local,"Mahesh Krushi Utpanna Bazar, Digras, Dist Yeotmal",2300,1900,2185,Maharashtra,Other
2026-04-24,Wheat,1,Thane,FAQ,Kalyan APMC,3400,3000,3200,Maharashtra,Sharbati
2026-04-24,Wheat,1,Akola,Non-FAQ,Akola APMC,2500,2100,2300,Maharashtra,Other
2026-04-24,Wheat,1,Thane,FAQ,Ulhasnagar APMC,3400,3000,3200,Maharashtra,Other
2026-04-24,Wheat,1,Amarawati,Non-FAQ,Amarawati APMC,2500,2100,2300,Maharashtra,Other
2026-04-24,Wheat,1,Jalgaon,Non-FAQ,Pachora APMC,2451,2000,2251,Maharashtra,Other
2026-04-24,Wheat,1,Palghar,FAQ,Ulhasnagar APMC,3400,3000,3200,Maharashtra,Other
2026-04-24,Wheat,1,Palghar,FAQ,Palghar APMC,3170,3170,3170,Maharashtra,Other
2026-04-24,Wheat,1,Nandurbar,Non-FAQ,Shahada APMC,2522,2300,2384,Maharashtra,Other
2026-04-24,Wheat,1,Parbhani,Non-FAQ,Tadkalas APMC,2250,2100,2200,Maharashtra,Other
2026-04-24,Wheat,1,Jalgaon,Non-FAQ,Amalner APMC,2400,2250,2400,Maharashtra,Other
2026-04-24,Wheat,1,Ahilyanagar,Non-FAQ,Rahuri APMC,2260,2000,2130,Maharashtra,Other
2026-04-24,Wheat,1,Buldhana,Non-FAQ,Shegaon APMC,1975,1850,1910,Maharashtra,Other
2026-04-24,Wheat,1,Solapur,FAQ,Barshi APMC,3200,3200,3200,Maharashtra,Other
2026-04-24,Wheat,1,Nashik,Non-FAQ,Lasalgaon(Vinchur) APMC,2451,2000,2300,Maharashtra,Other
2026-04-24,Wheat,1,Buldhana,Non-FAQ,Malkapur APMC,2305,2160,2250,Maharashtra,Other
2026-04-24,Wheat,1,Washim,Non-FAQ,Manora APMC,2356,2356,2356,Maharashtra,Other
2026-04-24,Wheat,1,Nagpur,Non-FAQ,Katol APMC,2326,2150,2250,Maharashtra,Other
2026-04-24,Wheat,1,Wardha,Non-FAQ,Ashti(Karanja) APMC,2350,2200,2280,Maharashtra,Other
2026-04-24,Wheat,1,Nashik,Non-FAQ,Manmad APMC,2446,2280,2350,Maharashtra,Other
2026-04-24,Wheat,1,Nashik,Non-FAQ,Yeola APMC,2411,2000,2320,Maharashtra,Maharashtra 2189
2026-04-24,Wheat,1,Buldhana,Non-FAQ,Jalgaon Jamod(Aasalgaon) APMC,2400,2200,2300,Maharashtra,Maharashtra 2189
2026-04-25,Wheat,1,Jalgaon,Non-FAQ,Pachora APMC,2500,2100,2300,Maharashtra,Other
2026-04-25,Wheat,1,Dhule,Non-FAQ,Dhule APMC,2500,2100,2380,Maharashtra,Other
2026-04-25,Wheat,1,Ahmednagar,Non-FAQ,Shevgaon APMC,2400,2200,2400,Maharashtra,Maharashtra 2189
2026-04-25,Wheat,1,Akola,Non-FAQ,Murtizapur APMC,2400,2000,2200,Maharashtra,Other
2026-04-25,Wheat,1,Jalgaon,Non-FAQ,Raver APMC,2240,1951,2011,Maharashtra,Other
2026-04-25,Wheat,1,Beed,FAQ,Majalgaon APMC,3100,2670,2800,Maharashtra,Other
2026-04-25,Wheat,1,Nagpur,FAQ,Nagpur APMC,3500,3200,3425,Maharashtra,Sharbati
2026-04-25,Wheat,1,Bhandara,Non-FAQ,Tumsar APMC,2310,2200,2271,Maharashtra,Other
2026-04-25,Wheat,1,Chattrapati Sambhajinagar,Non-FAQ,Sillod(Bharadi) APMC,2250,2250,2250,Maharashtra,Other
2026-04-25,Wheat,1,Jalana,FAQ,Jalana APMC,2600,2600,2600,Maharashtra,Other
2026-04-25,Wheat,1,Solapur,FAQ,Solapur APMC,3895,2605,3355,Maharashtra,Sharbati
2026-04-25,Wheat,1,Ahmednagar,Non-FAQ,Rahuri APMC,2400,2150,2275,Maharashtra,Other
2026-04-25,Wheat,1,Ahilyanagar,Non-FAQ,Rahuri APMC,2400,2150,2275,Maharashtra,Other
2026-04-26,Wheat,1,Wardha,Non-FAQ,Ashti(Karanja) APMC,2350,2200,2260,Maharashtra,Other
2026-04-27,Wheat,1,Wardha,Non-FAQ,Wardha APMC,2440,2365,2400,Maharashtra,Other
2026-04-27,Wheat,1,Buldhana,Local,"Bsk Krishi Bazar Private Limited, Mehkar, Dist Buldhana",2220,2000,2196,Maharashtra,Other
2026-04-27,Wheat,1,Jalana,Non-FAQ,Partur APMC,2300,2180,2260,Maharashtra,Maharashtra 2189
2026-04-27,Wheat,1,Dharashiv(Usmanabad),Non-FAQ,Tuljapur APMC,2300,2000,2150,Maharashtra,Other
2026-04-27,Wheat,1,Chattrapati Sambhajinagar,Non-FAQ,Lasur Station APMC,2500,2100,2300,Maharashtra,Other
2026-04-27,Wheat,1,Akola,FAQ,Akola APMC,3500,2750,3300,Maharashtra,Sharbati
2026-04-27,Wheat,1,Buldhana,FAQ,Malkapur APMC,3050,3050,3050,Maharashtra,Other
2026-04-27,Wheat,1,Pune,FAQ,Baramati APMC,2900,2590,2700,Maharashtra,Maharashtra 2189
2026-04-27,Wheat,1,Nashik,Non-FAQ,Devala APMC,2300,2250,2260,Maharashtra,Maharashtra 2189
2026-04-27,Wheat,1,Yavatmal,Non-FAQ,Vani APMC,2075,2075,2075,Maharashtra,Other
2026-04-27,Wheat,1,Beed,Non-FAQ,Beed APMC,2400,1951,2300,Maharashtra,Other
2026-04-27,Wheat,1,Ahilyanagar,Non-FAQ,Jamkhed APMC,2400,2200,2300,Maharashtra,Other
2026-04-27,Wheat,1,Nashik,Non-FAQ,Malegaon APMC,2580,1812,2324,Maharashtra,Other
2026-04-27,Wheat,1,Palghar,FAQ,Palghar APMC,3100,3100,3100,Maharashtra,Other
2026-04-27,Wheat,1,Nagpur,Non-FAQ,Nagpur APMC,2438,2240,2388,Maharashtra,Other
2026-04-27,Wheat,1,Ahilyanagar,Non-FAQ,Shevgaon APMC,2400,2100,2400,Maharashtra,Maharashtra 2189
2026-04-28,Wheat,1,Yavatmal,Non-FAQ,Babhulgaon APMC,2390,2201,2301,Maharashtra,Other
2026-04-28,Wheat,1,Thane,FAQ,Kalyan APMC,3400,3000,3200,Maharashtra,Sharbati
2026-04-28,Wheat,1,Ahmednagar,FAQ,Newasa APMC,2600,2600,2600,Maharashtra,Maharashtra 2189
2026-04-28,Wheat,1,Sholapur,FAQ,Dudhani APMC,2755,2755,2755,Maharashtra,Maharashtra 2189
2026-04-28,Wheat,1,Dhule,Non-FAQ,Dondaicha(Sindhkheda) APMC,2450,2271,2360,Maharashtra,Other
2026-04-28,Wheat,1,Nandurbar,Non-FAQ,Shahada APMC,2584,2290,2380,Maharashtra,Other
2026-04-28,Wheat,1,Yavatmal,Non-FAQ,Digras APMC,2385,2275,2315,Maharashtra,Other
2026-04-28,Wheat,1,Yavatmal,Local,"Mahesh Krushi Utpanna Bazar, Digras, Dist Yeotmal",2300,2100,2241,Maharashtra,Other
2026-04-28,Wheat,1,Dhule,FAQ,Dhule APMC,2610,2586,2601,Maharashtra,Other
2026-04-28,Wheat,1,Akola,Non-FAQ,Akola APMC,2500,1925,2360,Maharashtra,Other
2026-04-28,Wheat,1,Palghar,FAQ,Ulhasnagar APMC,3200,2800,3000,Maharashtra,Other
2026-04-28,Wheat,1,Ahilyanagar,Non-FAQ,Rahuri APMC,2350,2100,2225,Maharashtra,Other
2026-04-28,Wheat,1,Wardha,Non-FAQ,Ashti APMC,2300,1500,1900,Maharashtra,Other
2026-04-28,Wheat,1,Solapur,Non-FAQ,Dudhani APMC,2460,2000,2235,Maharashtra,Maharashtra 2189
2026-04-28,Wheat,1,Solapur,FAQ,Solapur APMC,3910,2610,3375,Maharashtra,Sharbati
2026-04-28,Wheat,1,Nagpur,Non-FAQ,Savner APMC,2319,2200,2275,Maharashtra,Other
2026-04-28,Wheat,1,Ahilyanagar,Non-FAQ,Shrirampur APMC,2400,2050,2300,Maharashtra,Other
2026-04-28,Wheat,1,Mumbai,FAQ,Mumbai APMC,5000,2900,3950,Maharashtra,Other
2026-04-28,Wheat,1,Chattrapati Sambhajinagar,Non-FAQ,Chattrapati Sambhajinagar APMC,2434,1500,1967,Maharashtra,Other
2026-04-28,Wheat,1,Yavatmal,Local,"Mahesh Krushi Utpanna Bazar, Digras APMC",2300,2100,2241,Maharashtra,Other
2026-04-28,Wheat,1,Thane,FAQ,Ulhasnagar APMC,3200,2800,3000,Maharashtra,Other
2026-04-28,Wheat,1,Buldhana,Local,BSK Krishi Bazar Private Ltd APMC,2200,2075,2187,Maharashtra,Other
2026-04-29,Wheat,1,Nagpur,FAQ,Nagpur APMC,3500,3200,3425,Maharashtra,Sharbati
2026-04-29,Wheat,1,Nashik,Non-FAQ,Lasalgaon(Niphad) APMC,2350,2050,2331,Maharashtra,Maharashtra 2189
2026-04-29,Wheat,1,Latur,Non-FAQ,Aurad Shahajani APMC,2150,2000,2075,Maharashtra,Maharashtra 2189
2026-04-29,Wheat,1,Solapur,Non-FAQ,Dudhani APMC,2410,2410,2410,Maharashtra,Maharashtra 2189
2026-04-29,Wheat,1,Yavatmal,Non-FAQ,Yavatmal APMC,2425,1900,2162,Maharashtra,Other
2026-04-29,Wheat,1,Chattrapati Sambhajinagar,Non-FAQ,Sillod APMC,2200,2000,2100,Maharashtra,Other
2026-04-29,Wheat,1,Parbhani,Non-FAQ,Jintur APMC,2175,2175,2175,Maharashtra,Other
2026-04-29,Wheat,1,Chattrapati Sambhajinagar,Non-FAQ,Vaijpur APMC,2580,2325,2530,Maharashtra,Other
2026-04-29,Wheat,1,Jalna,Non-FAQ,Jalana APMC,2325,2000,2325,Maharashtra,Other
2026-04-29,Wheat,1,Ahilyanagar,Local,"Omchatinya Multi State Agro Purpose Co-Op Society, Dist Ahilyanagar",2600,2350,2350,Maharashtra,Other
2026-04-29,Wheat,1,Mumbai,FAQ,Mumbai APMC,5000,2900,3950,Maharashtra,Other
2026-04-29,Wheat,1,Buldhana,Non-FAQ,Malkapur APMC,2575,2005,2335,Maharashtra,Other
2026-04-29,Wheat,1,Ahilyanagar,Non-FAQ,Kopargaon APMC,2451,2321,2411,Maharashtra,Other
2026-04-29,Wheat,1,Washim,Local,"Krushna Krishi Bazar, Washim",2400,2000,2329,Maharashtra,Other
2026-04-29,Wheat,1,Buldhana,Non-FAQ,Khamgaon APMC,2325,1750,2038,Maharashtra,Other
2026-04-29,Wheat,1,Wardha,Non-FAQ,Sindi(Selu) APMC,2400,2200,2350,Maharashtra,Other
2026-04-29,Wheat,1,Beed,Non-FAQ,Gevrai APMC,2550,2150,2400,Maharashtra,Other
2026-04-29,Wheat,1,Chattrapati Sambhajinagar,Non-FAQ,Chattrapati Sambhajinagar APMC,2550,1700,2125,Maharashtra,Other
2026-04-29,Wheat,1,Nanded,Non-FAQ,Loha APMC,2351,2025,2200,Maharashtra,Other
2026-04-29,Wheat,1,Solapur,Non-FAQ,Karmala APMC,2500,2300,2350,Maharashtra,Other
2026-04-29,Wheat,1,Vashim,Non-FAQ,Washim APMC,2321,2105,2250,Maharashtra,Maharashtra 2189
2026-04-29,Wheat,1,Buldhana,Non-FAQ,Nandura APMC,2500,2150,2500,Maharashtra,Other
2026-04-29,Wheat,1,Thane,FAQ,Ulhasnagar APMC,3400,3000,3200,Maharashtra,Other
2026-04-29,Wheat,1,Dharashiv,Non-FAQ,Paranda APMC,2410,2300,2300,Maharashtra,Other
2026-04-29,Wheat,1,Jalana,FAQ,Jalana APMC,2700,2700,2700,Maharashtra,Other
2026-04-29,Wheat,1,Nashik,Non-FAQ,Lasalgaon(Vinchur) APMC,2455,2300,2350,Maharashtra,Other
2026-04-29,Wheat,1,Solapur,FAQ,Barshi APMC,3000,2800,2800,Maharashtra,Other
2026-04-29,Wheat,1,Ahilyanagar,Non-FAQ,Rahuri(Vambori) APMC,2250,2250,2250,Maharashtra,Other
2026-04-29,Wheat,1,Chattrapati Sambhajinagar,Non-FAQ,Kannad APMC,2500,2200,2350,Maharashtra,Other
2026-04-30,Wheat,1,Chattrapati Sambhajinagar,Non-FAQ,Sillod APMC,2300,2150,2250,Maharashtra,Other
2026-04-30,Wheat,1,Buldhana,FAQ,Malkapur APMC,2675,2675,2675,Maharashtra,Other
2026-04-30,Wheat,1,Dharashiv,Non-FAQ,Tuljapur APMC,2300,2200,2250,Maharashtra,Other
2026-04-30,Wheat,1,Chattrapati Sambhajinagar,Non-FAQ,Chattrapati Sambhajinagar APMC,2455,2200,2328,Maharashtra,Other
2026-04-30,Wheat,1,Beed,Non-FAQ,Gevrai APMC,2500,2100,2350,Maharashtra,Other
2026-04-30,Wheat,1,Solapur,Non-FAQ,Karmala APMC,2351,2200,2300,Maharashtra,Other
2026-04-30,Wheat,1,Solapur,FAQ,Barshi APMC,2800,2800,2800,Maharashtra,Other
2026-04-30,Wheat,1,Dhule,Non-FAQ,Dhule APMC,2555,2200,2350,Maharashtra,Other
2026-04-30,Wheat,1,Amarawati,Non-FAQ,Amarawati APMC,2500,2100,2300,Maharashtra,Other
2026-04-30,Wheat,1,Jalna,Non-FAQ,Jalana APMC,2550,2000,2350,Maharashtra,Other
2026-04-30,Wheat,1,Chattrapati Sambhajinagar,Non-FAQ,Gangapur APMC,2548,2245,2400,Maharashtra,Other
2026-04-30,Wheat,1,Wardha,Non-FAQ,Pulgaon APMC,2345,2345,2345,Maharashtra,Other
2026-04-30,Wheat,1,Ahmednagar,Non-FAQ,Karjat APMC,2400,2200,2300,Maharashtra,Other
2026-04-30,Wheat,1,Sholapur,FAQ,Solapur APMC,3920,2605,3385,Maharashtra,Sharbati
2026-04-30,Wheat,1,Ahmednagar,Non-FAQ,Rahuri(Vambori) APMC,2533,2251,2301,Maharashtra,Other
2026-04-30,Wheat,1,Yavatmal,Local,Shekari Krushi Khajgi Bazar APMC,2250,2050,2100,Maharashtra,Other
2026-04-30,Wheat,1,Nashik,Non-FAQ,Lasalgaon(Niphad) APMC,2471,2000,2360,Maharashtra,Maharashtra 2189
2026-05-01,Wheat,1,Akola,Non-FAQ,Patur APMC,2350,1900,2240,Maharashtra,Maharashtra 2189
2026-05-02,Wheat,1,Ahmednagar,Non-FAQ,Shevgaon APMC,2400,2100,2400,Maharashtra,Maharashtra 2189
2026-05-02,Wheat,1,Akola,FAQ,Akola APMC,3500,3000,3300,Maharashtra,Sharbati
2026-05-02,Wheat,1,Solapur,FAQ,SHRI.SIDDHESHWAR  APMC,3925,2600,3390,Maharashtra,Sharbati
2026-05-02,Wheat,1,Ahmednagar,Non-FAQ,Jamkhed APMC,2400,2200,2300,Maharashtra,Other
2026-05-02,Wheat,1,Jalana,Non-FAQ,Bhokardan APMC,2150,2000,2100,Maharashtra,Other
2026-05-02,Wheat,1,Buldhana,Local,BSK Krishi Bazar Private Ltd APMC,2250,2100,2217,Maharashtra,Other
2026-05-02,Wheat,1,Solapur,Non-FAQ,Dudhani APMC,2425,2300,2375,Maharashtra,Maharashtra 2189
2026-05-02,Wheat,1,Buldhana,Local,"Bsk Krishi Bazar Private Limited, Mehkar, Dist Buldhana",2250,2100,2217,Maharashtra,Other
2026-05-02,Wheat,1,Vashim,Non-FAQ,Karanja APMC,2510,2375,2450,Maharashtra,Other
2026-05-02,Wheat,1,Ahmednagar,Non-FAQ,Kopargaon APMC,2440,2188,2352,Maharashtra,Other
2026-05-02,Wheat,1,Latur,Non-FAQ,Aurad Shahajani APMC,2320,1900,2110,Maharashtra,Maharashtra 2189
2026-05-02,Wheat,1,Bhandara,Non-FAQ,Tumsar APMC,2328,2288,2300,Maharashtra,Other
2026-05-03,Wheat,1,Ahmednagar,Non-FAQ,Shevgaon APMC,2500,2200,2500,Maharashtra,Maharashtra 2189
2026-05-03,Wheat,1,Ahilyanagar,Local,"Omchatinya Multi State Agro Purpose Co-Op Society, Dist Ahilyanagar",2400,2250,2300,Maharashtra,Other
2026-05-03,Wheat,1,Nagpur,Non-FAQ,Katol APMC,2350,2200,2300,Maharashtra,Other
2026-05-03,Wheat,1,Amarawati,Non-FAQ,Dharni APMC,2200,2100,2150,Maharashtra,Other
2026-05-03,Wheat,1,Satara,Non-FAQ,Phaltan APMC,2570,2200,2450,Maharashtra,Other
2026-05-03,Wheat,1,Chattrapati Sambhajinagar,Non-FAQ,Sillod APMC,2310,2150,2250,Maharashtra,Other
2026-05-03,Wheat,1,Chattrapati Sambhajinagar,Non-FAQ,Paithan APMC,2541,2041,2400,Maharashtra,Bansi
2026-05-03,Wheat,1,Chattrapati Sambhajinagar,Non-FAQ,Kannad APMC,2550,2300,2425,Maharashtra,Other
2026-05-04,Wheat,1,Washim,Non-FAQ,Washim(Ansing) APMC,2350,2150,2250,Maharashtra,Maharashtra 2189
2026-05-04,Wheat,1,Yavatmal,Local,"Shekari Krushi Khajgi Bazar, Arni, Dist Yavatmal",2150,1936,2050,Maharashtra,Other
2026-05-04,Wheat,1,Buldhana,Local,"Bsk Krishi Bazar Private Limited, Mehkar, Dist Buldhana",2230,2000,2186,Maharashtra,Other
2026-05-04,Wheat,1,Solapur,FAQ,SHRI.SIDDHESHWAR  APMC,3935,2610,3395,Maharashtra,Sharbati
2026-05-04,Wheat,1,Jalgaon,Non-FAQ,Pachora APMC,2400,1950,2200,Maharashtra,Other
2026-05-04,Wheat,1,Pune,FAQ,Baramati APMC,3000,2590,2800,Maharashtra,Maharashtra 2189
2026-05-04,Wheat,1,Latur,FAQ,Aurad Shahajani APMC,2700,2585,2600,Maharashtra,Maharashtra 2189
2026-05-04,Wheat,1,Nashik,Non-FAQ,Nandgaon APMC,2512,2399,2450,Maharashtra,Maharashtra 2189
2026-05-04,Wheat,1,Nashik,Non-FAQ,Devala APMC,2425,2200,2300,Maharashtra,Maharashtra 2189
2026-05-04,Wheat,1,Vashim,Non-FAQ,Manora APMC,2331,2251,2291,Maharashtra,Other
2026-05-04,Wheat,1,Dharashiv(Usmanabad),FAQ,Kalamb (Dharashiv) APMC,4400,4400,4400,Maharashtra,Bansi
2026-05-04,Wheat,1,Dharashiv(Usmanabad),Non-FAQ,Murum APMC,1900,1900,1900,Maharashtra,Bansi
2026-05-04,Wheat,1,Dhule,Local,Keshranand Cotex  APMC,2271,2125,2198,Maharashtra,Other
2026-05-04,Wheat,1,Yavatmal,Local,"Mahesh Krushi Utpanna Bazar, Digras APMC",2300,1900,2231,Maharashtra,Other
2026-05-04,Wheat,1,Ahmednagar,Non-FAQ,Shrirampur APMC,2400,2200,2300,Maharashtra,Other
2026-05-04,Wheat,1,Ahmednagar,Non-FAQ,Shevgaon(Bodhegaon) APMC,2300,2100,2100,Maharashtra,Maharashtra 2189
2026-05-05,Wheat,1,Jalna,Non-FAQ,Partur APMC,2431,2000,2300,Maharashtra,Maharashtra 2189
2026-05-05,Wheat,1,Jalgaon,Non-FAQ,Pachora APMC,2411,1850,2121,Maharashtra,Other
2026-05-05,Wheat,1,Jalgaon,Non-FAQ,Chopada APMC,2041,1517,1999,Maharashtra,Other
2026-05-05,Wheat,1,Nashik,Non-FAQ,Devala APMC,2300,2200,2270,Maharashtra,Maharashtra 2189
2026-05-05,Wheat,1,Parbhani,Non-FAQ,Purna APMC,2110,2110,2110,Maharashtra,Maharashtra 2189
2026-05-05,Wheat,1,Dharashiv,Non-FAQ,Kalamb (Dharashiv) APMC,2350,1800,2350,Maharashtra,Maharashtra 2189
2026-05-05,Wheat,1,Dharashiv(Usmanabad),Non-FAQ,Paranda APMC,2300,2150,2200,Maharashtra,Other
2026-05-05,Wheat,1,Vashim,Non-FAQ,Karanja APMC,2405,2300,2370,Maharashtra,Other
2026-05-05,Wheat,1,Ahmednagar,FAQ,Newasa APMC,2600,2600,2600,Maharashtra,Maharashtra 2189
2026-05-05,Wheat,1,Dharashiv,FAQ,Murum APMC,2650,2650,2650,Maharashtra,Bansi
2026-05-05,Wheat,1,Jalana,Non-FAQ,Partur APMC,2431,2000,2300,Maharashtra,Maharashtra 2189
2026-05-05,Wheat,1,Nashik,Non-FAQ,Lasalgaon(Niphad) APMC,2454,2100,2411,Maharashtra,Maharashtra 2189
2026-05-05,Wheat,1,Sholapur,Non-FAQ,Dudhani APMC,2500,1900,2385,Maharashtra,Maharashtra 2189
2026-05-06,Wheat,1,Yavatmal,Non-FAQ,Yeotmal APMC,2415,2000,2208,Maharashtra,Other
2026-05-06,Wheat,1,Jalgaon,Non-FAQ,Chopada APMC,2505,2201,2400,Maharashtra,Other
2026-05-06,Wheat,1,Buldhana,Local,"Bsk Krishi Bazar Private Limited, Mehkar, Dist Buldhana",2250,1900,2217,Maharashtra,Other
2026-05-06,Wheat,1,Nashik,Non-FAQ,Devala APMC,2425,2205,2260,Maharashtra,Maharashtra 2189
2026-05-06,Wheat,1,Nashik,Non-FAQ,Yeola APMC,2450,2350,2411,Maharashtra,Maharashtra 2189
2026-05-06,Wheat,1,Buldhana,Local,BSK Krishi Bazar Private Ltd APMC,2250,1900,2217,Maharashtra,Other
2026-05-06,Wheat,1,Dharashiv,FAQ,Kalamb (Dharashiv) APMC,2701,2701,2701,Maharashtra,Maharashtra 2189
2026-05-06,Wheat,1,Jalgaon,Non-FAQ,Pachora APMC,2400,1900,2151,Maharashtra,Other
2026-05-06,Wheat,1,Ahmednagar,Non-FAQ,Shrirampur APMC,2500,2300,2400,Maharashtra,Other
2026-05-06,Wheat,1,Nashik,Non-FAQ,Nandgaon APMC,2436,2400,2436,Maharashtra,Maharashtra 2189
2026-05-06,Wheat,1,Yavatmal,Local,"Mahesh Krushi Utpanna Bazar, Digras APMC",2400,2225,2362,Maharashtra,Other
2026-05-06,Wheat,1,Chattrapati Sambhajinagar,Non-FAQ,Vaijpur APMC,2425,1900,2350,Maharashtra,Other
2026-05-06,Wheat,1,Buldhana,Non-FAQ,Nandura APMC,2450,2050,2450,Maharashtra,Other
2026-05-06,Wheat,1,Nagpur,Non-FAQ,Kalmeshwar APMC,2274,2000,2100,Maharashtra,Other
2026-05-06,Wheat,1,Dharashiv,Non-FAQ,Kalamb (Dharashiv) APMC,2300,1800,2300,Maharashtra,Maharashtra 2189
2026-05-06,Wheat,1,Ahilyanagar,FAQ,Newasa APMC,2600,2600,2600,Maharashtra,Maharashtra 2189
2026-05-06,Wheat,1,Sholapur,FAQ,Solapur APMC,3955,2610,3410,Maharashtra,Sharbati
2026-05-06,Wheat,1,Washim,Local,"Krushna Krishi Bazar, Washim",2600,2200,2453,Maharashtra,Other
2026-05-06,Wheat,1,Dharashiv(Usmanabad),FAQ,Kalamb (Dharashiv) APMC,2701,2701,2701,Maharashtra,Maharashtra 2189
2026-05-06,Wheat,1,Dharashiv(Usmanabad),Non-FAQ,Kalamb (Dharashiv) APMC,2300,1800,2300,Maharashtra,Maharashtra 2189
2026-05-07,Wheat,1,Sholapur,FAQ,Kurdwadi(Modnimb) APMC,2951,2600,2800,Maharashtra,Other
2026-05-07,Wheat,1,Ahilyanagar,Non-FAQ,Shevgaon(Bodhegaon) APMC,2300,2000,2000,Maharashtra,Maharashtra 2189
2026-05-07,Wheat,1,Dharashiv,Non-FAQ,Umarga APMC,2300,1900,2000,Maharashtra,Maharashtra 2189
2026-05-07,Wheat,1,Vashim,Non-FAQ,Manora APMC,2360,2200,2280,Maharashtra,Other
2026-05-07,Wheat,1,Dharashiv(Usmanabad),FAQ,Umarga APMC,2600,2600,2600,Maharashtra,Maharashtra 2189
2026-05-07,Wheat,1,Ahmednagar,Non-FAQ,Rahuri(Vambori) APMC,2399,2270,2351,Maharashtra,Other
2026-05-07,Wheat,1,Ahmednagar,Non-FAQ,Rahata APMC,2400,2300,2350,Maharashtra,Other
2026-05-07,Wheat,1,Nashik,Non-FAQ,Yeola APMC,2550,2299,2410,Maharashtra,Maharashtra 2189
2026-05-07,Wheat,1,Jalana,Non-FAQ,Jalana APMC,2475,2200,2325,Maharashtra,Other
2026-05-08,Wheat,1,Chattrapati Sambhajinagar,Non-FAQ,Paithan APMC,2431,2000,2340,Maharashtra,Bansi
2026-05-08,Wheat,1,Latur,Non-FAQ,Aurad Shahajani APMC,2320,2126,2223,Maharashtra,Maharashtra 2189
2026-05-08,Wheat,1,Ahmednagar,Non-FAQ,Shevgaon(Bodhegaon) APMC,2400,2300,2300,Maharashtra,Maharashtra 2189
2026-05-08,Wheat,1,Sholapur,FAQ,Solapur APMC,3975,2600,3425,Maharashtra,Sharbati
2026-05-08,Wheat,1,Yavatmal,Non-FAQ,Yeotmal APMC,2440,2250,2345,Maharashtra,Other
2026-05-08,Wheat,1,Nanded,Non-FAQ,Nanded APMC,2545,2200,2375,Maharashtra,Sharbati
2026-05-09,Wheat,1,Sholapur,FAQ,Solapur APMC,3985,2605,3430,Maharashtra,Sharbati
2026-05-09,Wheat,1,Beed,FAQ,Majalgaon APMC,2651,2591,2610,Maharashtra,Other
2026-05-09,Wheat,1,Latur,FAQ,Ahmedpur APMC,2700,2585,2642,Maharashtra,Other
2026-05-09,Wheat,1,Ahilyanagar,Non-FAQ,Shevgaon(Bodhegaon) APMC,2400,2200,2200,Maharashtra,Maharashtra 2189
2026-05-09,Wheat,1,Ahmednagar,Non-FAQ,Kopargaon APMC,2476,2323,2360,Maharashtra,Other
2026-05-09,Wheat,1,Beed,Non-FAQ,Gevrai APMC,2400,2150,2250,Maharashtra,Other
2026-05-09,Wheat,1,Nagpur,Non-FAQ,Umared APMC,2300,2000,2150,Maharashtra,Other
2026-05-09,Wheat,1,Nagpur,FAQ,Umared APMC,3000,2600,2800,Maharashtra,Other
2026-05-09,Wheat,1,Dharashiv(Usmanabad),Non-FAQ,Tuljapur APMC,2500,2200,2400,Maharashtra,Other
2026-05-09,Wheat,1,Nagpur,Non-FAQ,Nagpur APMC,2374,2200,2330,Maharashtra,Other
2026-05-09,Wheat,1,Yavatmal,Local,Kisan Market Yard APMC,2320,2195,2269,Maharashtra,Other
2026-05-09,Wheat,1,Ahilyanagar,Non-FAQ,Rahuri(Vambori) APMC,2380,2285,2307,Maharashtra,Other
2026-05-11,Wheat,1,Dhule,Non-FAQ,Sakri APMC,2312,2175,2226,Maharashtra,Other
2026-05-11,Wheat,1,Yavatmal,Non-FAQ,Yavatmal APMC,2350,2000,2175,Maharashtra,Other
2026-05-11,Wheat,1,Yavatmal,Non-FAQ,Pandhakawada APMC,2155,1800,2000,Maharashtra,Other
2026-05-11,Wheat,1,Chattrapati Sambhajinagar,Non-FAQ,Chattrapati Sambhajinagar APMC,2500,2000,2250,Maharashtra,Other
2026-05-11,Wheat,1,Latur,Non-FAQ,Ausa APMC,2501,2101,2204,Maharashtra,Maharashtra 2189
2026-05-11,Wheat,1,Ahilyanagar,Non-FAQ,Shevgaon APMC,2400,2200,2400,Maharashtra,Maharashtra 2189
2026-05-11,Wheat,1,Yavatmal,Non-FAQ,Umarkhed APMC,2500,2300,2400,Maharashtra,Other
2026-05-11,Wheat,1,Buldhana,Non-FAQ,Khamgaon APMC,2310,2150,2230,Maharashtra,Other
2026-05-11,Wheat,1,Yavatmal,Non-FAQ,Vani APMC,2230,2120,2200,Maharashtra,Other
2026-05-11,Wheat,1,Latur,Non-FAQ,Aurad Shahajani APMC,2250,2200,2225,Maharashtra,Maharashtra 2189
2026-05-11,Wheat,1,Pune,Non-FAQ,Indapur APMC,2550,1800,2500,Maharashtra,Other
2026-05-11,Wheat,1,Solapur,Non-FAQ,Kurdwadi(Modnimb) APMC,2500,2051,2300,Maharashtra,Other
2026-05-11,Wheat,1,Wardha,Non-FAQ,Ashti(Karanja) APMC,2350,2100,2200,Maharashtra,Other
2026-05-11,Wheat,1,Ahilyanagar,Non-FAQ,Ahilyanagar APMC,2400,2100,2250,Maharashtra,Other
2026-05-11,Wheat,1,Nanded,Non-FAQ,Loha APMC,2451,2100,2251,Maharashtra,Other
2026-05-11,Wheat,1,Jalgaon,Non-FAQ,APMC CHOPADA,2551,2201,2482,Maharashtra,Other
2026-05-11,Wheat,1,Nashik,FAQ,Satana APMC,2755,2755,2755,Maharashtra,Other
2026-05-11,Wheat,1,Yavatmal,Non-FAQ,Umarked(Danki) APMC,2450,2250,2400,Maharashtra,Other
2026-05-11,Wheat,1,Nanded,Non-FAQ,Nanded APMC,2475,2200,2350,Maharashtra,Sharbati
2026-05-11,Wheat,1,Jalgaon,Non-FAQ,Chopada APMC,2551,2201,2482,Maharashtra,Other
2026-05-11,Wheat,1,Ahmednagar,Non-FAQ,Jamkhed APMC,2400,2200,2300,Maharashtra,Other
2026-05-11,Wheat,1,Dharashiv(Usmanabad),Non-FAQ,Tuljapur APMC,2350,2300,2300,Maharashtra,Other
2026-05-11,Wheat,1,Dharashiv(Usmanabad),Non-FAQ,Umarga APMC,2500,2390,2400,Maharashtra,Maharashtra 2189
2026-05-11,Wheat,1,Ahmednagar,Non-FAQ,Shevgaon APMC,2400,2200,2400,Maharashtra,Maharashtra 2189
2026-05-12,Wheat,1,Buldhana,Local,BSK Krishi Bazar Private Ltd APMC,2270,2195,2258,Maharashtra,Other
2026-05-12,Wheat,1,Buldhana,Non-FAQ,Khamgaon APMC,2285,2025,2155,Maharashtra,Other
2026-05-12,Wheat,1,Ahilyanagar,Non-FAQ,Kopargaon APMC,2435,2350,2414,Maharashtra,Other
2026-05-12,Wheat,1,Buldhana,Non-FAQ,Nandura APMC,2311,2190,2311,Maharashtra,Other
2026-05-12,Wheat,1,Buldhana,FAQ,Krushi Utpanna Bazar Samiti Shegaon,2600,2600,2600,Maharashtra,Other
2026-05-12,Wheat,1,Nagpur,Non-FAQ,Kalmeshwar APMC,2480,2000,2200,Maharashtra,Other
2026-05-12,Wheat,1,Nandurbar,Non-FAQ,Shahada APMC,2584,2199,2400,Maharashtra,Other
2026-05-12,Wheat,1,Yavatmal,Non-FAQ,Yavatmal APMC,2410,2200,2305,Maharashtra,Other
2026-05-12,Wheat,1,Jalna,Non-FAQ,Partur APMC,2440,2250,2381,Maharashtra,Maharashtra 2189
2026-05-12,Wheat,1,Nashik,Non-FAQ,Lasalgaon(Vinchur) APMC,2381,2000,2350,Maharashtra,Other
2026-05-12,Wheat,1,Thane,FAQ,Palghar APMC,3300,3300,3300,Maharashtra,Other
2026-05-12,Wheat,1,Latur,Non-FAQ,Latur(Murud) APMC,2151,2001,2075,Maharashtra,Maharashtra 2189
2026-05-12,Wheat,1,Nagpur,Non-FAQ,Katol APMC,2335,2311,2320,Maharashtra,Other
2026-05-12,Wheat,1,Chattrapati Sambhajinagar,Non-FAQ,Paithan APMC,2431,1900,2300,Maharashtra,Bansi
2026-05-12,Wheat,1,Amarawati,Non-FAQ,Anajngaon APMC,2300,1900,2200,Maharashtra,Other
2026-05-12,Wheat,1,Yavatmal,Local,"Mahesh Krushi Utpanna Bazar, Digras APMC",2500,2000,2209,Maharashtra,Other
2026-05-13,Wheat,1,Beed,Non-FAQ,Vadvani APMC,2300,1900,2150,Maharashtra,Other
2026-05-13,Wheat,1,Ahmednagar,Non-FAQ,Kopargaon APMC,2419,2350,2411,Maharashtra,Other
2026-05-13,Wheat,1,Dharashiv(Usmanabad),Non-FAQ,Tuljapur APMC,2500,2200,2400,Maharashtra,Other
2026-05-13,Wheat,1,Nashik,Non-FAQ,Malegaon APMC,2506,1851,2151,Maharashtra,Other
2026-05-13,Wheat,1,Jalgaon,Non-FAQ,APMC CHOPADA,2552,2111,2425,Maharashtra,Other
2026-05-13,Wheat,1,Ahmednagar,Local,Om Chaitanya Multistate Agro Purpose CoOp Society  APMC,2400,2300,2300,Maharashtra,Other
2026-05-13,Wheat,1,Vashim,Non-FAQ,Karanja APMC,2420,2350,2380,Maharashtra,Other
2026-05-13,Wheat,1,Kolhapur,FAQ,Kolhapur(Laxmipuri) APMC,5900,4000,4950,Maharashtra,Other
2026-05-13,Wheat,1,Buldhana,Non-FAQ,Mehekar APMC,2500,2000,2300,Maharashtra,Other
2026-05-13,Wheat,1,Dhule,FAQ,Dhule APMC,2675,2586,2610,Maharashtra,Other
2026-05-13,Wheat,1,Washim,Non-FAQ,Karanja APMC,2420,2350,2380,Maharashtra,Other
2026-05-13,Wheat,1,Ahilyanagar,FAQ,Newasa APMC,2600,2600,2600,Maharashtra,Maharashtra 2189
2026-05-13,Wheat,1,Ahilyanagar,Non-FAQ,Shevgaon APMC,2400,2200,2400,Maharashtra,Maharashtra 2189
2026-05-13,Wheat,1,Palghar,FAQ,Kalyan APMC,3600,2800,3200,Maharashtra,Sharbati
2026-05-13,Wheat,1,Buldhana,Non-FAQ,Lonar APMC,2400,2100,2250,Maharashtra,Other
2026-05-13,Wheat,1,Nashik,Non-FAQ,Devala APMC,2330,2285,2310,Maharashtra,Maharashtra 2189
2026-05-13,Wheat,1,Nashik,Non-FAQ,Lasalgaon(Niphad) APMC,2400,2250,2315,Maharashtra,Maharashtra 2189
2026-05-13,Wheat,1,Nashik,Non-FAQ,Nandgaon APMC,2410,2379,2410,Maharashtra,Maharashtra 2189
2026-05-13,Wheat,1,Pune,Non-FAQ,Shirur APMC,2450,2150,2250,Maharashtra,Other
2026-05-13,Wheat,1,Wardha,Non-FAQ,Sindi(Selu) APMC,2410,2300,2380,Maharashtra,Other
2026-05-13,Wheat,1,Solapur,Non-FAQ,Karmala APMC,2425,2200,2300,Maharashtra,Other
2026-05-13,Wheat,1,Wardha,Non-FAQ,Sindi APMC,2265,2000,2130,Maharashtra,Other
2026-05-13,Wheat,1,Nandurbar,Non-FAQ,Shahada APMC,2525,2300,2400,Maharashtra,Other
2026-05-13,Wheat,1,Wardha,Non-FAQ,Ashti(Karanja) APMC,2325,2000,2100,Maharashtra,Other
2026-05-14,Wheat,1,Yavatmal,Local,"Shekari Krushi Khajgi Bazar, Arni, Dist Yavatmal",2100,1900,2000,Maharashtra,Other
2026-05-14,Wheat,1,Buldhana,Local,"Bsk Krishi Bazar Private Limited, Mehkar, Dist Buldhana",2250,2100,2210,Maharashtra,Other
2026-05-14,Wheat,1,Buldhana,Non-FAQ,Krushi Utpanna Bazar Samiti Shegaon,2100,1600,1930,Maharashtra,Other
2026-05-14,Wheat,1,Chattrapati Sambhajinagar,Non-FAQ,Agricultural Produce Market Committee Sillod,2350,2200,2300,Maharashtra,Other
2026-05-14,Wheat,1,Amarawati,Non-FAQ,Achalpur APMC,2525,2200,2375,Maharashtra,Other
2026-05-14,Wheat,1,Buldhana,Non-FAQ,Malkapur APMC,2340,2215,2300,Maharashtra,Other
2026-05-14,Wheat,1,Akola,Non-FAQ,Akola APMC,2555,2200,2465,Maharashtra,Other
2026-05-14,Wheat,1,Solapur,Non-FAQ,Karmala APMC,2400,2300,2380,Maharashtra,Other
2026-05-14,Wheat,1,Ahilyanagar,Non-FAQ,Rahata APMC,2500,2200,2300,Maharashtra,Other
2026-05-14,Wheat,1,Yavatmal,Non-FAQ,Digras APMC,2480,2320,2415,Maharashtra,Other
2026-05-14,Wheat,1,Nashik,Non-FAQ,Malegaon APMC,2551,1951,2151,Maharashtra,Other
2026-05-14,Wheat,1,Beed,Non-FAQ,Parali Vaijyanath APMC,2200,2200,2200,Maharashtra,Other
2026-05-14,Wheat,1,Wardha,Non-FAQ,Ashti APMC,2370,2000,2200,Maharashtra,Other
2026-05-14,Wheat,1,Beed,Non-FAQ,Gevrai APMC,2350,2150,2250,Maharashtra,Other
2026-05-14,Wheat,1,Chattrapati Sambhajinagar,Non-FAQ,Sillod APMC,2350,2200,2300,Maharashtra,Other
2026-05-14,Wheat,1,Solapur,FAQ,Solapur APMC,3995,2610,3460,Maharashtra,Sharbati
2026-05-14,Wheat,1,Nagpur,Non-FAQ,Katol APMC,2360,2280,2300,Maharashtra,Other
2026-05-14,Wheat,1,Chattrapati Sambhajinagar,Non-FAQ,Paithan APMC,2300,2100,2200,Maharashtra,Bansi
2026-05-14,Wheat,1,Bhandara,Non-FAQ,Bhandara APMC,2500,2200,2300,Maharashtra,Maharashtra 2189
2026-05-14,Wheat,1,Buldhana,Non-FAQ,Chikali APMC,2380,1720,2050,Maharashtra,Other
2026-05-14,Wheat,1,Nashik,Non-FAQ,Nandgaon APMC,2480,2366,2366,Maharashtra,Maharashtra 2189
2026-05-14,Wheat,1,Nashik,Non-FAQ,Devala APMC,2350,2325,2350,Maharashtra,Maharashtra 2189
2026-05-14,Wheat,1,Dharashiv,Non-FAQ,Tuljapur APMC,2500,2200,2400,Maharashtra,Other
2026-05-14,Wheat,1,Nanded,Non-FAQ,Loha APMC,2270,2100,2251,Maharashtra,Other
2026-05-14,Wheat,1,Latur,Non-FAQ,Ahmedpur APMC,2450,2100,2334,Maharashtra,Other
2026-05-14,Wheat,1,Beed,Non-FAQ,Majalgaon APMC,2500,2200,2350,Maharashtra,Other
2026-05-14,Wheat,1,Chattrapati Sambhajinagar,Non-FAQ,Chattrapati Sambhajinagar APMC,2500,2275,2388,Maharashtra,Other
2026-05-14,Wheat,1,Buldhana,Non-FAQ,Deoulgaon Raja APMC,2357,2151,2275,Maharashtra,Other
2026-05-14,Wheat,1,Washim,Non-FAQ,Manora APMC,2301,2280,2295,Maharashtra,Other
2026-05-14,Wheat,1,Amarawati,Non-FAQ,Dhamngaon-Railway APMC,2350,2230,2250,Maharashtra,Other
2026-05-15,Wheat,1,Yavatmal,Local,"Shekari Krushi Khajgi Bazar, Arni, Dist Yavatmal",2170,1950,2000,Maharashtra,Other
2026-05-15,Wheat,1,Sangli,FAQ,Sangli APMC,4000,2900,3450,Maharashtra,Other
2026-05-15,Wheat,1,Buldhana,Local,"Bsk Krishi Bazar Private Limited, Mehkar, Dist Buldhana",2250,2100,2245,Maharashtra,Other
2026-05-15,Wheat,1,Nanded,Non-FAQ,Bhokar APMC,2230,2000,2070,Maharashtra,Other
2026-05-15,Wheat,1,Latur,FAQ,Ahmedpur APMC,2792,2585,2688,Maharashtra,Other
2026-05-15,Wheat,1,Nanded,Non-FAQ,Loha APMC,2500,2100,2270,Maharashtra,Other
2026-05-15,Wheat,1,Nagpur,Non-FAQ,Savner APMC,2584,2125,2400,Maharashtra,Other
2026-05-15,Wheat,1,Buldhana,Non-FAQ,Khamgaon APMC,2300,2100,2200,Maharashtra,Other
2026-05-15,Wheat,1,Ahilyanagar,Non-FAQ,Karjat APMC,2400,2200,2300,Maharashtra,Other
2026-05-15,Wheat,1,Beed,Non-FAQ,Kaij APMC,2400,2100,2251,Maharashtra,Other
2026-05-15,Wheat,1,Yavatmal,Non-FAQ,Pandhakawada APMC,2095,1800,1950,Maharashtra,Other
2026-05-15,Wheat,1,Nashik,Non-FAQ,Nandgaon APMC,2447,2330,2350,Maharashtra,Maharashtra 2189
2026-05-15,Wheat,1,Yavatmal,Non-FAQ,Umarkhed APMC,2450,2250,2350,Maharashtra,Other
2026-05-15,Wheat,1,Mumbai,FAQ,Mumbai APMC,5600,2900,4250,Maharashtra,Other
2026-05-15,Wheat,1,Ahilyanagar,Non-FAQ,Jamkhed APMC,2500,2200,2350,Maharashtra,Other
2026-05-15,Wheat,1,Buldhana,Non-FAQ,Deoulgaon Raja APMC,2325,1700,2250,Maharashtra,Other
2026-05-15,Wheat,1,Dharashiv,FAQ,Murum APMC,3101,3101,3101,Maharashtra,Bansi
2026-05-16,Wheat,1,Ahilyanagar,Non-FAQ,Rahuri(Vambori) APMC,2375,2251,2317,Maharashtra,Other
2026-05-16,Wheat,1,Ahilyanagar,Non-FAQ,Rahata APMC,2526,2250,2380,Maharashtra,Other
2026-05-16,Wheat,1,Solapur,Non-FAQ,Dudhani APMC,2410,2350,2389,Maharashtra,Maharashtra 2189
2026-05-16,Wheat,1,Amarawati,Non-FAQ,Dhamngaon-Railway APMC,2370,2270,2330,Maharashtra,Other
2026-05-16,Wheat,1,Washim,Non-FAQ,Washim(Ansing) APMC,2250,2150,2200,Maharashtra,Maharashtra 2189
2026-05-16,Wheat,1,Solapur,FAQ,Solapur APMC,4000,2600,3470,Maharashtra,Sharbati
2026-05-16,Wheat,1,Dhule,Non-FAQ,Dhule APMC,2330,2200,2275,Maharashtra,Other
2026-05-16,Wheat,1,Washim,Non-FAQ,Washim APMC,2370,2105,2250,Maharashtra,Maharashtra 2189
2026-05-17,Wheat,1,Nagpur,Non-FAQ,Agriculture Produce Market Committee Katol,2340,2276,2300,Maharashtra,Other
2026-05-17,Wheat,1,Chattrapati Sambhajinagar,Non-FAQ,Sillod APMC,2300,2200,2250,Maharashtra,Other
2026-05-17,Wheat,1,Chattrapati Sambhajinagar,Non-FAQ,Agricultural Produce Market Committee Sillod,2300,2200,2250,Maharashtra,Other
2026-05-18,Wheat,1,Nashik,Non-FAQ,Devala APMC,2560,2325,2400,Maharashtra,Maharashtra 2189
2026-05-18,Wheat,1,Yavatmal,Non-FAQ,Babhulgaon APMC,2375,2201,2251,Maharashtra,Other
2026-05-18,Wheat,1,Buldhana,Non-FAQ,Krushi Utpanna Bazar Samiti Shegaon,2130,2130,2130,Maharashtra,Other
2026-05-18,Wheat,1,Buldhana,Non-FAQ,Nandura APMC,2410,2001,2410,Maharashtra,Other
2026-05-18,Wheat,1,Amarawati,Non-FAQ,Chandur Bazar APMC,2550,2250,2363,Maharashtra,Other
2026-05-18,Wheat,1,Pune,FAQ,Baramati APMC,2785,2590,2700,Maharashtra,Maharashtra 2189
2026-05-18,Wheat,1,Nashik,Non-FAQ,Yeola APMC,2400,2251,2380,Maharashtra,Maharashtra 2189
2026-05-18,Wheat,1,Nashik,Non-FAQ,Lasalgaon(Niphad) APMC,2350,2000,2325,Maharashtra,Maharashtra 2189
2026-05-18,Wheat,1,Ahilyanagar,Non-FAQ,Shevgaon(Bodhegaon) APMC,2450,2250,2450,Maharashtra,Maharashtra 2189
2026-05-18,Wheat,1,Solapur,FAQ,Mangal Wedha APMC,3300,3300,3300,Maharashtra,Other
2026-05-18,Wheat,1,Nandurbar,Non-FAQ,Shahada APMC,2584,2180,2425,Maharashtra,Other
2026-05-18,Wheat,1,Palghar,FAQ,Palghar APMC,3170,3170,3170,Maharashtra,Other
2026-05-18,Wheat,1,Jalgaon,Non-FAQ,Chopada APMC,2351,2222,2299,Maharashtra,Other
2026-05-18,Wheat,1,Wardha,Non-FAQ,Ashti APMC,2420,2000,2200,Maharashtra,Other
2026-05-18,Wheat,1,Mumbai,FAQ,Mumbai APMC,5000,2900,3950,Maharashtra,Other
2026-05-18,Wheat,1,Amarawati,Non-FAQ,Amarawati APMC,2550,2250,2400,Maharashtra,Other
2026-05-18,Wheat,1,Nanded,FAQ,Loha APMC,2700,2600,2600,Maharashtra,Other
2026-05-18,Wheat,1,Wardha,Non-FAQ,Wardha APMC,2485,2425,2450,Maharashtra,Other
2026-05-18,Wheat,1,Beed,FAQ,Majalgaon APMC,3000,2655,2701,Maharashtra,Other
2026-05-18,Wheat,1,Ahilyanagar,Non-FAQ,Jamkhed APMC,2500,2200,2350,Maharashtra,Other
2026-05-18,Wheat,1,Amarawati,Non-FAQ,Dhamngaon-Railway APMC,2390,2200,2300,Maharashtra,Other
2026-05-18,Wheat,1,Sangli,FAQ,Sangli APMC,4000,2800,3400,Maharashtra,Other
2026-05-18,Wheat,1,Beed,Non-FAQ,Kille Dharur APMC,2350,2000,2350,Maharashtra,Other
2026-05-18,Wheat,1,Nashik,Non-FAQ,Lasalgaon(Vinchur) APMC,2401,2300,2370,Maharashtra,Other
2026-05-18,Wheat,1,Solapur,FAQ,Kurdwadi(Modnimb) APMC,2800,2600,2700,Maharashtra,Other
2026-05-19,Wheat,1,Buldhana,Non-FAQ,Deoulgaon Raja APMC,2350,1701,2150,Maharashtra,Other
2026-05-19,Wheat,1,Kolhapur,FAQ,Kolhapur(Laxmipuri) APMC,4150,2975,3562,Maharashtra,Other
2026-05-19,Wheat,1,Sangli,FAQ,Sangli APMC,4000,3000,3500,Maharashtra,Other
2026-05-19,Wheat,1,Nagpur,Non-FAQ,Nagpur APMC,2426,2200,2369,Maharashtra,Other
2026-05-19,Wheat,1,Washim,Non-FAQ,Malegaon(Vashim) APMC,2400,2000,2300,Maharashtra,Other
2026-05-19,Wheat,1,Ahilyanagar,Non-FAQ,Ahilyanagar APMC,2400,2100,2250,Maharashtra,Other
2026-05-19,Wheat,1,Akola,Non-FAQ,Murtizapur APMC,2480,2000,2240,Maharashtra,Other
2026-05-19,Wheat,1,Jalgaon,Non-FAQ,APMC CHOPADA,2451,2200,2451,Maharashtra,Other
2026-05-19,Wheat,1,Jalgaon,FAQ,Chopada APMC,2687,2687,2687,Maharashtra,Other
2026-05-19,Wheat,1,Ahilyanagar,Non-FAQ,Karjat(Rashin) APMC,2400,2300,2300,Maharashtra,Other
2026-05-19,Wheat,1,Jalgaon,Non-FAQ,Chopada APMC,2451,2200,2451,Maharashtra,Other
2026-05-19,Wheat,1,Buldhana,Local,"Bsk Krishi Bazar Private Limited, Mehkar, Dist Buldhana",2200,2100,2190,Maharashtra,Other
2026-05-19,Wheat,1,Jalgaon,Non-FAQ,Parola APMC,2285,2285,2285,Maharashtra,Kalyan
2026-05-19,Wheat,1,Nashik,FAQ,Lasalgaon APMC,2710,2585,2600,Maharashtra,Maharashtra 2189
2026-05-19,Wheat,1,Nashik,Non-FAQ,Lasalgaon(Niphad) APMC,2461,1900,2375,Maharashtra,Maharashtra 2189
2026-05-19,Wheat,1,Bhandara,Non-FAQ,Bhandara APMC,2390,2350,2370,Maharashtra,Maharashtra 2189
2026-05-19,Wheat,1,Dharashiv,FAQ,Kalamb (Dharashiv) APMC,3071,3071,3071,Maharashtra,Maharashtra 2189
2026-05-19,Wheat,1,Jalgaon,Non-FAQ,Jalgaon(Masawat) APMC,2250,2250,2250,Maharashtra,147 Average
2026-05-19,Wheat,1,Yavatmal,Non-FAQ,Vani APMC,2240,2240,2240,Maharashtra,Other
2026-05-19,Wheat,1,Amarawati,Non-FAQ,Achalpur APMC,2525,2150,2275,Maharashtra,Other
2026-05-19,Wheat,1,Nashik,Non-FAQ,Satana APMC,2461,2200,2380,Maharashtra,Other
2026-05-19,Wheat,1,Wardha,Non-FAQ,Ashti(Karanja) APMC,2345,2000,2150,Maharashtra,Other
2026-05-19,Wheat,1,Chattrapati Sambhajinagar,Non-FAQ,Gangapur APMC,2340,2111,2300,Maharashtra,Other
2026-05-20,Wheat,1,Akola,Non-FAQ,Murtizapur APMC,2435,2000,2220,Maharashtra,Other
2026-05-20,Wheat,1,Ahilyanagar,Non-FAQ,Rahuri(Vambori) APMC,2350,2309,2329,Maharashtra,Other
2026-05-20,Wheat,1,Nanded,Non-FAQ,Umari APMC,2050,2000,2000,Maharashtra,Other
2026-05-20,Wheat,1,Yavatmal,Non-FAQ,Umarkhed APMC,2500,2300,2400,Maharashtra,Other
2026-05-20,Wheat,1,Yavatmal,Non-FAQ,Umarked(Danki) APMC,2500,2300,2400,Maharashtra,Other
2026-05-20,Wheat,1,Buldhana,Non-FAQ,Chikali APMC,2300,1600,1950,Maharashtra,Other
2026-05-20,Wheat,1,Palghar,FAQ,Palghar APMC,3320,3320,3320,Maharashtra,Other
2026-05-20,Wheat,1,Beed,FAQ,Vadvani APMC,2700,2700,2700,Maharashtra,Other
2026-05-20,Wheat,1,Beed,Non-FAQ,Vadvani APMC,2300,2150,2250,Maharashtra,Other
2026-05-20,Wheat,1,Nanded,Non-FAQ,Bhokar APMC,2300,2000,2150,Maharashtra,Other
2026-05-20,Wheat,1,Wardha,Non-FAQ,Hinganghat APMC,2400,2000,2200,Maharashtra,Other
2026-05-20,Wheat,1,Dhule,Non-FAQ,Dhule APMC,2526,2100,2350,Maharashtra,Other
2026-05-20,Wheat,1,Ahilyanagar,Non-FAQ,Karjat(Rashin) APMC,2400,2200,2300,Maharashtra,Other
2026-05-20,Wheat,1,Palghar,FAQ,Ulhasnagar APMC,3200,3000,3100,Maharashtra,Other
2026-05-20,Wheat,1,Dhule,Non-FAQ,Shirpur APMC,2400,2200,2325,Maharashtra,Other
2026-05-20,Wheat,1,Yavatmal,Non-FAQ,Vani APMC,2105,1995,2000,Maharashtra,Other
2026-05-20,Wheat,1,Dharashiv,FAQ,Umarga APMC,2701,2701,2701,Maharashtra,Maharashtra 2189
2026-05-20,Wheat,1,Nashik,Non-FAQ,Nandgaon APMC,2491,2340,2450,Maharashtra,Maharashtra 2189
2026-05-20,Wheat,1,Dharashiv,Non-FAQ,Murum APMC,2191,2191,2191,Maharashtra,Bansi
2026-05-20,Wheat,1,Nandurbar,Non-FAQ,Nandurbar APMC,2491,2251,2375,Maharashtra,Other
2026-05-20,Wheat,1,Buldhana,Local,"Bsk Krishi Bazar Private Limited, Mehkar, Dist Buldhana",2200,2150,2180,Maharashtra,Other
2026-05-21,Wheat,1,Ahilyanagar,Non-FAQ,Shrirampur APMC,2350,2250,2300,Maharashtra,Other
2026-05-21,Wheat,1,Jalgaon,Non-FAQ,Parola APMC,2317,2100,2250,Maharashtra,Kalyan
2026-05-21,Wheat,1,Washim,Non-FAQ,Mangrulpeer APMC,2500,1950,2350,Maharashtra,Kalyan
2026-05-21,Wheat,1,Jalgaon,Non-FAQ,Chopada APMC,2521,2200,2472,Maharashtra,Other
2026-05-21,Wheat,1,Jalgaon,Non-FAQ,Pachora APMC,2290,2000,2100,Maharashtra,Other
2026-05-22,Wheat,1,Palghar,FAQ,Ulhasnagar APMC,3200,3000,3100,Maharashtra,Other
2026-05-22,Wheat,1,Washim,Non-FAQ,Karanja APMC,2405,2220,2235,Maharashtra,Other
2026-05-22,Wheat,1,Nanded,Non-FAQ,Bhokar APMC,2240,2000,2120,Maharashtra,Other
2026-05-22,Wheat,1,Buldhana,Non-FAQ,Shegaon APMC,2190,2000,2100,Maharashtra,Other
2026-05-22,Wheat,1,Wardha,Non-FAQ,Sindi APMC,2275,2100,2150,Maharashtra,Other
2026-05-22,Wheat,1,Buldhana,Non-FAQ,Lonar APMC,2350,2100,2225,Maharashtra,Other
2026-05-22,Wheat,1,Nanded,Non-FAQ,Umari APMC,2050,2000,2000,Maharashtra,Other
2026-05-22,Wheat,1,Solapur,Non-FAQ,Karmala APMC,2500,2300,2351,Maharashtra,Other
2026-05-22,Wheat,1,Amarawati,Non-FAQ,Achalpur APMC,2550,2100,2275,Maharashtra,Other
2026-05-22,Wheat,1,Buldhana,Non-FAQ,Chikali APMC,2350,1750,2050,Maharashtra,Other
2026-05-22,Wheat,1,Parbhani,Non-FAQ,Sonpeth APMC,2380,2252,2346,Maharashtra,Other
2026-05-22,Wheat,1,Solapur,FAQ,Solapur APMC,3990,2595,3495,Maharashtra,Sharbati
2026-05-22,Wheat,1,Jalgaon,Non-FAQ,Chopada APMC,2436,2211,2383,Maharashtra,Other
2026-05-22,Wheat,1,Nagpur,Non-FAQ,Agriculture Produce Market Committee Katol,2311,2260,2285,Maharashtra,Other
2026-05-22,Wheat,1,Amarawati,Non-FAQ,Nandgaon Khandeshwar APMC,2350,2180,2265,Maharashtra,Other
2026-05-22,Wheat,1,Buldhana,FAQ,Malkapur APMC,2670,2670,2670,Maharashtra,Other
2026-05-23,Wheat,1,Jalna,Non-FAQ,Bhokardan APMC,2200,2100,2150,Maharashtra,Other
2026-05-23,Wheat,1,Jalgaon,Non-FAQ,Amalner APMC,2425,2350,2425,Maharashtra,Other
2026-05-23,Wheat,1,Chattrapati Sambhajinagar,Non-FAQ,Chattrapati Sambhajinagar APMC,2580,2300,2550,Maharashtra,Other
2026-05-23,Wheat,1,Nagpur,FAQ,Umared APMC,3000,2600,2800,Maharashtra,Other
2026-05-23,Wheat,1,Beed,FAQ,Majalgaon APMC,2970,2671,2731,Maharashtra,Other
2026-05-23,Wheat,1,Sangli,FAQ,Sangli APMC,4000,3000,3500,Maharashtra,Other
2026-05-23,Wheat,1,Nagpur,Non-FAQ,Nagpur APMC,2460,2200,2395,Maharashtra,Other
2026-05-23,Wheat,1,Buldhana,Non-FAQ,Chikali APMC,2401,2100,2250,Maharashtra,Other
2026-05-23,Wheat,1,Satara,FAQ,Vaduj APMC,3000,2800,2900,Maharashtra,Maharashtra 2189
2026-05-23,Wheat,1,Chattrapati Sambhajinagar,Non-FAQ,Paithan APMC,2419,2000,2200,Maharashtra,Bansi
2026-05-23,Wheat,1,Dhule,Non-FAQ,Sakri APMC,2200,2200,2200,Maharashtra,Other
2026-05-25,Wheat,1,Mumbai,FAQ,Mumbai APMC,5000,2900,3950,Maharashtra,Other
2026-05-25,Wheat,1,Nashik,Non-FAQ,Lasalgaon(Niphad) APMC,2400,2200,2360,Maharashtra,Maharashtra 2189
2026-05-25,Wheat,1,Latur,Non-FAQ,Ausa APMC,2275,2201,2238,Maharashtra,Maharashtra 2189
2026-05-25,Wheat,1,Jalgaon,Non-FAQ,Amalner APMC,2440,2355,2440,Maharashtra,Other
2026-05-25,Wheat,1,Latur,FAQ,Ahmedpur APMC,2700,2585,2642,Maharashtra,Other
2026-05-25,Wheat,1,Chattrapati Sambhajinagar,Non-FAQ,Chattrapati Sambhajinagar APMC,2550,2000,2275,Maharashtra,Other
2026-05-25,Wheat,1,Yavatmal,Non-FAQ,Pandhakawada APMC,2185,1800,2000,Maharashtra,Other
2026-05-25,Wheat,1,Solapur,Non-FAQ,Barshi(Vairag) APMC,2381,1850,2344,Maharashtra,Other
2026-05-25,Wheat,1,Jalgaon,Non-FAQ,Chopada APMC,2451,2001,2300,Maharashtra,Other
2026-05-25,Wheat,1,Amarawati,Non-FAQ,Nandgaon Khandeshwar APMC,2320,2160,2240,Maharashtra,Other
2026-05-25,Wheat,1,Parbhani,Non-FAQ,Pathari APMC,2471,2200,2300,Maharashtra,Other
2026-05-25,Wheat,1,Dharashiv,Non-FAQ,Paranda APMC,2150,2150,2150,Maharashtra,Other
2026-05-25,Wheat,1,Ahilyanagar,Non-FAQ,Jamkhed APMC,2500,2300,2400,Maharashtra,Other
2026-05-25,Wheat,1,Buldhana,Non-FAQ,Malkapur APMC,2525,2170,2355,Maharashtra,Other
2026-05-25,Wheat,1,Dhule,Non-FAQ,Shirpur APMC,2401,2200,2300,Maharashtra,Other
2026-05-25,Wheat,1,Yavatmal,Non-FAQ,Umarkhed APMC,2400,2250,2300,Maharashtra,Other
2026-05-26,Wheat,1,Nagpur,Non-FAQ,Kalmeshwar APMC,2300,2000,2150,Maharashtra,Other
2026-05-26,Wheat,1,Nagpur,Non-FAQ,Savner APMC,2236,2160,2200,Maharashtra,Other
2026-05-26,Wheat,1,Amarawati,Non-FAQ,Chandur Bazar APMC,2550,2250,2360,Maharashtra,Other
2026-05-26,Wheat,1,Nashik,Non-FAQ,Lasalgaon(Vinchur) APMC,2480,2150,2350,Maharashtra,Other
2026-05-26,Wheat,1,Jalgaon,Non-FAQ,APMC CHOPADA,2500,2232,2442,Maharashtra,Other
2026-05-26,Wheat,1,Nandurbar,Non-FAQ,Nandurbar APMC,2477,1800,2125,Maharashtra,Other
2026-05-26,Wheat,1,Nandurbar,Non-FAQ,Navapur APMC,2500,2000,2329,Maharashtra,Other
2026-05-26,Wheat,1,Solapur,FAQ,Barshi APMC,2800,2800,2800,Maharashtra,Other
2026-05-26,Wheat,1,Solapur,FAQ,Solapur APMC,3990,2610,3490,Maharashtra,Sharbati
2026-05-26,Wheat,1,Buldhana,Non-FAQ,Khamgaon APMC,2260,2150,2205,Maharashtra,Other
2026-05-26,Wheat,1,Jalgaon,Non-FAQ,Chopada APMC,2500,2232,2442,Maharashtra,Other
2026-05-26,Wheat,1,Latur,Non-FAQ,Ausa APMC,2211,2151,2173,Maharashtra,Maharashtra 2189
2026-05-26,Wheat,1,Kolhapur,FAQ,Kolhapur(Laxmipuri) APMC,4000,2900,3450,Maharashtra,Other
2026-05-26,Wheat,1,Mumbai,FAQ,Mumbai APMC,5000,2900,3950,Maharashtra,Other
2026-05-26,Wheat,1,Parbhani,FAQ,Gangakhed APMC,2700,2650,2650,Maharashtra,Other
2026-05-26,Wheat,1,Nagpur,Non-FAQ,Agriculture Produce Market Committee Katol,2290,2211,2255,Maharashtra,Other
2026-05-26,Wheat,1,Yavatmal,Local,"Shekari Krushi Khajgi Bazar, Arni, Dist Yavatmal",2300,2100,2200,Maharashtra,Other
2026-05-26,Wheat,1,Yavatmal,Local,"Mahesh Krushi Utpanna Bazar, Digras, Dist Yeotmal",2375,2100,2265,Maharashtra,Other
2026-05-26,Wheat,1,Chattrapati Sambhajinagar,Non-FAQ,Agricultural Produce Market Committee Sillod,2320,2200,2300,Maharashtra,Other
2026-05-27,Wheat,1,Beed,Non-FAQ,Beed APMC,2402,2000,2353,Maharashtra,Other
2026-05-27,Wheat,1,Yavatmal,Non-FAQ,Digras APMC,2335,2180,2285,Maharashtra,Other
2026-05-27,Wheat,1,Beed,FAQ,Majalgaon APMC,2750,2597,2671,Maharashtra,Other
2026-05-27,Wheat,1,Chattrapati Sambhajinagar,Non-FAQ,Chattrapati Sambhajinagar APMC,2562,2200,2381,Maharashtra,Other
2026-05-27,Wheat,1,Yavatmal,Non-FAQ,Vani APMC,2050,2010,2030,Maharashtra,Other
2026-05-27,Wheat,1,Wardha,Non-FAQ,Sindi(Selu) APMC,2425,2275,2350,Maharashtra,Other
2026-05-27,Wheat,1,Chattrapati Sambhajinagar,Non-FAQ,Paithan APMC,2391,2100,2200,Maharashtra,Bansi
2026-05-27,Wheat,1,Dhule,Non-FAQ,Shirpur APMC,2431,2361,2401,Maharashtra,Other
2026-05-27,Wheat,1,Jalna,Non-FAQ,Jalana APMC,2475,2100,2325,Maharashtra,Other
2026-05-27,Wheat,1,Beed,Non-FAQ,Vadvani APMC,2300,2150,2225,Maharashtra,Other
2026-05-27,Wheat,1,Wardha,Non-FAQ,Ashti(Karanja) APMC,2285,2000,2150,Maharashtra,Other
2026-05-27,Wheat,1,Yavatmal,Local,"Mahesh Krushi Utpanna Bazar, Digras, Dist Yeotmal",2375,2200,2269,Maharashtra,Other
2026-05-27,Wheat,1,Washim,Local,"Krushna Krishi Bazar, Washim",2600,2200,2414,Maharashtra,Other
2026-05-27,Wheat,1,Dhule,Non-FAQ,Dhule APMC,2500,2150,2350,Maharashtra,Other
2026-05-27,Wheat,1,Ahilyanagar,FAQ,Pathardi APMC,3000,2586,2750,Maharashtra,Maharashtra 2189
2026-05-27,Wheat,1,Nashik,Non-FAQ,Lasalgaon(Vinchur) APMC,2525,2000,2350,Maharashtra,Other
2026-05-27,Wheat,1,Dharashiv,Non-FAQ,Murum APMC,2500,2210,2355,Maharashtra,Bansi
2026-05-27,Wheat,1,Buldhana,Non-FAQ,Mehekar APMC,2300,2000,2150,Maharashtra,Other
2026-05-28,Wheat,1,Jalgaon,Non-FAQ,Parola APMC,2315,2200,2200,Maharashtra,Kalyan
2026-05-28,Wheat,1,Ahilyanagar,Non-FAQ,Ahilyanagar APMC,2400,2100,2250,Maharashtra,Other
2026-05-28,Wheat,1,Pune,FAQ,Baramati APMC,2800,2590,2750,Maharashtra,Maharashtra 2189
2026-05-29,Wheat,1,Yavatmal,Non-FAQ,Umarkhed APMC,2400,2300,2350,Maharashtra,Other
2026-05-29,Wheat,1,Nagpur,Non-FAQ,Agriculture Produce Market Committee Katol,2285,2200,2250,Maharashtra,Other
2026-05-29,Wheat,1,Beed,Non-FAQ,Beed APMC,2432,1950,2346,Maharashtra,Other
2026-05-29,Wheat,1,Buldhana,Non-FAQ,Krushi Utpanna Bazar Samiti Shegaon,2150,1905,2060,Maharashtra,Other
2026-05-29,Wheat,1,Ahilyanagar,Local,"Omchatinya Multi State Agro Purpose Co-Op Society, Dist Ahilyanagar",2600,2400,2500,Maharashtra,Other
2026-05-29,Wheat,1,Buldhana,Local,"Bsk Krishi Bazar Private Limited, Mehkar, Dist Buldhana",2121,2121,2121,Maharashtra,Other
2026-05-29,Wheat,1,Parbhani,Non-FAQ,Jintur APMC,2280,2235,2235,Maharashtra,Other
2026-05-29,Wheat,1,Chattrapati Sambhajinagar,Non-FAQ,Lasur Station APMC,2425,1950,2300,Maharashtra,Other
2026-05-29,Wheat,1,Nanded,Non-FAQ,Loha APMC,2300,2126,2201,Maharashtra,Other
2026-05-29,Wheat,1,Solapur,FAQ,Karmala APMC,2600,2600,2600,Maharashtra,Other
2026-05-29,Wheat,1,Beed,Non-FAQ,Gevrai APMC,2350,2200,2300,Maharashtra,Other
2026-05-29,Wheat,1,Jalgaon,Non-FAQ,Parola APMC,2296,2000,2255,Maharashtra,Kalyan
2026-05-29,Wheat,1,Washim,Non-FAQ,Washim(Ansing) APMC,2200,2100,2150,Maharashtra,Maharashtra 2189
2026-05-29,Wheat,1,Chattrapati Sambhajinagar,Non-FAQ,Paithan APMC,2450,2100,2200,Maharashtra,Bansi
2026-05-29,Wheat,1,Nashik,Non-FAQ,Lasalgaon(Niphad) APMC,2396,2000,2361,Maharashtra,Maharashtra 2189
2026-05-30,Wheat,1,Washim,Non-FAQ,Malegaon(Vashim) APMC,2500,2100,2300,Maharashtra,Other
2026-05-30,Wheat,1,Yavatmal,Non-FAQ,Umarkhed APMC,2500,2300,2400,Maharashtra,Other
2026-05-30,Wheat,1,Yavatmal,Non-FAQ,Pandhakawada APMC,2145,1800,2000,Maharashtra,Other
2026-05-30,Wheat,1,Nagpur,Non-FAQ,Nagpur APMC,2425,2200,2368,Maharashtra,Other
2026-05-30,Wheat,1,Akola,Non-FAQ,Akola APMC,2470,2150,2300,Maharashtra,Other
2026-05-30,Wheat,1,Dharashiv,Non-FAQ,Tuljapur APMC,2500,2200,2300,Maharashtra,Other
2026-05-30,Wheat,1,Mumbai,FAQ,Mumbai APMC,5000,2900,3950,Maharashtra,Other
2026-05-31,Wheat,1,Latur,Non-FAQ,Ausa APMC,2311,2050,2164,Maharashtra,Maharashtra 2189
2026-05-31,Wheat,1,Palghar,FAQ,Ulhasnagar APMC,3400,3000,3200,Maharashtra,Other
2026-06-01,Wheat,1,Buldhana,Non-FAQ,Shegaon APMC,2175,1900,2060,Maharashtra,Other
2026-06-01,Wheat,1,Nashik,Non-FAQ,Manmad APMC,2455,2252,2337,Maharashtra,Other
2026-06-01,Wheat,1,Washim,Non-FAQ,Karanja APMC,2375,2185,2295,Maharashtra,Other
2026-06-01,Wheat,1,Yavatmal,Local,"Mahesh Krushi Utpanna Bazar, Digras, Dist Yeotmal",2300,2200,2260,Maharashtra,Other
2026-06-01,Wheat,1,Nagpur,Non-FAQ,Nagpur APMC,2425,2200,2368,Maharashtra,Other
2026-06-01,Wheat,1,Pune,Non-FAQ,Baramati APMC,2400,1900,2350,Maharashtra,Kalyan
2026-06-01,Wheat,1,Jalgaon,Non-FAQ,Pachora APMC,2300,1800,2100,Maharashtra,Other
2026-06-01,Wheat,1,Nashik,Non-FAQ,Devala APMC,2350,2265,2320,Maharashtra,Maharashtra 2189
2026-06-02,Wheat,1,Solapur,Non-FAQ,Karmala APMC,2451,2011,2351,Maharashtra,Other
2026-06-02,Wheat,1,Bhandara,Non-FAQ,Bhandara APMC,2250,2250,2250,Maharashtra,Maharashtra 2189
2026-06-02,Wheat,1,Wardha,Non-FAQ,Ashti(Karanja) APMC,2260,2000,2100,Maharashtra,Other
2026-06-02,Wheat,1,Wardha,Non-FAQ,Ashti APMC,2200,2000,2100,Maharashtra,Other
2026-06-02,Wheat,1,Mumbai,FAQ,Mumbai APMC,5000,2900,3950,Maharashtra,Other
2026-06-02,Wheat,1,Jalgaon,Non-FAQ,APMC CHOPADA,2412,2261,2352,Maharashtra,Other
2026-06-02,Wheat,1,Latur,Non-FAQ,Aurad Shahajani APMC,2250,2000,2125,Maharashtra,Maharashtra 2189
2026-06-02,Wheat,1,Nashik,FAQ,Lasalgaon APMC,2679,2585,2605,Maharashtra,Maharashtra 2189
2026-06-02,Wheat,1,Nagpur,Non-FAQ,Katol APMC,2240,2200,2200,Maharashtra,Other
2026-06-02,Wheat,1,Dharashiv,Non-FAQ,Tuljapur APMC,2500,2200,2300,Maharashtra,Other
2026-06-02,Wheat,1,Chattrapati Sambhajinagar,Non-FAQ,Gangapur APMC,2358,2332,2335,Maharashtra,Other
2026-06-02,Wheat,1,Nashik,Non-FAQ,Devala APMC,2365,2300,2350,Maharashtra,Maharashtra 2189
2026-06-02,Wheat,1,Chattrapati Sambhajinagar,Non-FAQ,Chattrapati Sambhajinagar APMC,2550,1500,2025,Maharashtra,Other
2026-06-03,Wheat,1,Jalna,Non-FAQ,Jalana APMC,2400,2000,2325,Maharashtra,Other
2026-06-03,Wheat,1,Buldhana,Non-FAQ,Malkapur APMC,2310,2180,2300,Maharashtra,Other
2026-06-03,Wheat,1,Ahilyanagar,Non-FAQ,Shrirampur APMC,2500,2200,2400,Maharashtra,Other
2026-06-03,Wheat,1,Yavatmal,Non-FAQ,Yavatmal APMC,2270,2100,2185,Maharashtra,Other
2026-06-03,Wheat,1,Buldhana,Non-FAQ,Nandura APMC,2300,2000,2300,Maharashtra,Other
2026-06-03,Wheat,1,Jalgaon,Non-FAQ,Pachora APMC,2370,2000,2211,Maharashtra,Other
2026-06-03,Wheat,1,Beed,Non-FAQ,Vadvani APMC,2375,2100,2300,Maharashtra,Other
2026-06-03,Wheat,1,Nagpur,Non-FAQ,Agriculture Produce Market Committee Katol,2257,2150,2200,Maharashtra,Other
2026-06-03,Wheat,1,Yavatmal,Non-FAQ,Umarkhed APMC,2400,2200,2300,Maharashtra,Other
2026-06-03,Wheat,1,Yavatmal,Non-FAQ,Vani APMC,2155,2155,2155,Maharashtra,Other
2026-06-03,Wheat,1,Buldhana,Local,"Bsk Krishi Bazar Private Limited, Mehkar, Dist Buldhana",2200,2050,2160,Maharashtra,Other
2026-06-04,Wheat,1,Solapur,Non-FAQ,Dudhani APMC,2400,2300,2341,Maharashtra,Maharashtra 2189
2026-06-04,Wheat,1,Chattrapati Sambhajinagar,Non-FAQ,Kannad APMC,2401,2001,2201,Maharashtra,Other
2026-06-04,Wheat,1,Pune,FAQ,Baramati APMC,2736,2590,2700,Maharashtra,Maharashtra 2189
2026-06-04,Wheat,1,Latur,Non-FAQ,Aurad Shahajani APMC,2200,2150,2175,Maharashtra,Maharashtra 2189
2026-06-04,Wheat,1,Yavatmal,Non-FAQ,Umarkhed APMC,2400,2200,2300,Maharashtra,Other
2026-06-04,Wheat,1,Jalgaon,Non-FAQ,Amalner APMC,2351,2250,2351,Maharashtra,Other
2026-06-04,Wheat,1,Dhule,Non-FAQ,Sakri APMC,2386,2150,2300,Maharashtra,Other
2026-06-04,Wheat,1,Buldhana,Non-FAQ,Chikali APMC,2300,2050,2175,Maharashtra,Other
2026-06-04,Wheat,1,Parbhani,Non-FAQ,Pathari APMC,2431,2150,2250,Maharashtra,Other
2026-06-04,Wheat,1,Solapur,Non-FAQ,Karmala APMC,2411,2111,2370,Maharashtra,Other
2026-06-04,Wheat,1,Nashik,Non-FAQ,Satana APMC,2425,2200,2365,Maharashtra,Other
2026-06-04,Wheat,1,Sangli,FAQ,Sangli APMC,4000,2800,3400,Maharashtra,Other
2026-06-04,Wheat,1,Amarawati,Non-FAQ,Amarawati APMC,2350,2150,2250,Maharashtra,Other
2026-06-04,Wheat,1,Ahilyanagar,Non-FAQ,Rahuri APMC,2300,2000,2150,Maharashtra,Other
2026-06-04,Wheat,1,Nagpur,Non-FAQ,Savner APMC,2250,2175,2225,Maharashtra,Other
2026-06-05,Wheat,1,Amarawati,Non-FAQ,Varud(Rajura Bazar) APMC,2250,2100,2165,Maharashtra,Other
2026-06-05,Wheat,1,Yavatmal,Non-FAQ,Umarked(Danki) APMC,2400,2200,2300,Maharashtra,Other
2026-06-05,Wheat,1,Parbhani,FAQ,Gangakhed APMC,2750,2700,2700,Maharashtra,Other
2026-06-05,Wheat,1,Solapur,Non-FAQ,Karmala APMC,2425,2200,2300,Maharashtra,Other
2026-06-05,Wheat,1,Dhule,Non-FAQ,Dondaicha APMC,2445,1800,2400,Maharashtra,Other
2026-06-05,Wheat,1,Nanded,Non-FAQ,Bhokar APMC,2120,2000,2015,Maharashtra,Other
2026-06-05,Wheat,1,Ahilyanagar,Non-FAQ,Karjat APMC,2500,2200,2300,Maharashtra,Other
2026-06-05,Wheat,1,Chattrapati Sambhajinagar,Non-FAQ,Kannad APMC,2420,2027,2223,Maharashtra,Other
2026-06-05,Wheat,1,Chattrapati Sambhajinagar,Non-FAQ,Gangapur APMC,2343,2317,2335,Maharashtra,Other
2026-06-05,Wheat,1,Nashik,Non-FAQ,Devala APMC,2360,2300,2340,Maharashtra,Maharashtra 2189
2026-06-05,Wheat,1,Nashik,Non-FAQ,Satana APMC,2551,2026,2410,Maharashtra,Other
2026-06-05,Wheat,1,Nashik,Non-FAQ,Lasalgaon APMC,2580,1800,2439,Maharashtra,Maharashtra 2189
2026-06-05,Wheat,1,Chattrapati Sambhajinagar,Non-FAQ,Chattrapati Sambhajinagar APMC,2584,2200,2416,Maharashtra,Other
2026-06-05,Wheat,1,Wardha,Non-FAQ,Sindi(Selu) APMC,2350,2250,2260,Maharashtra,Other
2026-06-06,Wheat,1,Jalna,Non-FAQ,Jalana APMC,2411,2200,2325,Maharashtra,Other
2026-06-06,Wheat,1,Amarawati,Non-FAQ,Nandgaon Khandeshwar APMC,2200,2130,2165,Maharashtra,Other
2026-06-06,Wheat,1,Nanded,Non-FAQ,Bhokar APMC,2100,2000,2050,Maharashtra,Other
2026-06-06,Wheat,1,Nagpur,Non-FAQ,Umared APMC,2325,2150,2240,Maharashtra,Other
2026-06-06,Wheat,1,Ahilyanagar,Non-FAQ,Shevgaon(Bodhegaon) APMC,2350,2200,2200,Maharashtra,Maharashtra 2189
2026-06-06,Wheat,1,Beed,Non-FAQ,Majalgaon APMC,2411,2000,2261,Maharashtra,Other
2026-06-06,Wheat,1,Washim,Non-FAQ,Karanja APMC,2350,2200,2285,Maharashtra,Other
2026-06-06,Wheat,1,Amarawati,Non-FAQ,Anajngaon APMC,2500,2100,2300,Maharashtra,Other
2026-06-06,Wheat,1,Ahilyanagar,Non-FAQ,Kopargaon APMC,2323,2200,2290,Maharashtra,Other
2026-06-06,Wheat,1,Jalgaon,Non-FAQ,Raver APMC,2250,2250,2250,Maharashtra,Other
2026-06-06,Wheat,1,Solapur,Non-FAQ,Dudhani APMC,2350,2200,2321,Maharashtra,Maharashtra 2189
2026-06-06,Wheat,1,Amarawati,Non-FAQ,Amarawati APMC,2350,2100,2225,Maharashtra,Other
2026-06-06,Wheat,1,Jalna,Non-FAQ,Partur APMC,2345,2250,2300,Maharashtra,Maharashtra 2189
2026-06-06,Wheat,1,Dhule,Non-FAQ,Sakri APMC,2260,2050,2260,Maharashtra,Other
2026-06-07,Wheat,1,Ahilyanagar,Non-FAQ,Rahuri APMC,2250,2000,2175,Maharashtra,Other
2026-06-07,Wheat,1,Chattrapati Sambhajinagar,Non-FAQ,Sillod APMC,2350,2200,2300,Maharashtra,Other
2026-06-07,Wheat,1,Pune,Non-FAQ,Shirur APMC,2500,2200,2250,Maharashtra,Other
2026-06-08,Wheat,1,Wardha,Non-FAQ,Sindi APMC,2225,2100,2100,Maharashtra,Other
2026-06-08,Wheat,1,Buldhana,FAQ,Deoulgaon Raja APMC,2800,2800,2800,Maharashtra,Other
2026-06-08,Wheat,1,Nagpur,Non-FAQ,Savner APMC,2300,2226,2270,Maharashtra,Other
2026-06-08,Wheat,1,Solapur,Non-FAQ,Kurdwadi(Modnimb) APMC,2500,2201,2350,Maharashtra,Other
2026-06-08,Wheat,1,Jalgaon,Non-FAQ,Chopada APMC,2382,2200,2341,Maharashtra,Other
2026-06-08,Wheat,1,Beed,Non-FAQ,Gevrai APMC,2370,2150,2250,Maharashtra,Other
2026-06-08,Wheat,1,Nashik,Non-FAQ,Lasalgaon APMC,2580,2000,2470,Maharashtra,Maharashtra 2189
2026-06-08,Wheat,1,Nashik,Non-FAQ,Devala APMC,2500,2230,2355,Maharashtra,Maharashtra 2189
2026-06-08,Wheat,1,Nashik,Non-FAQ,Lasalgaon(Niphad) APMC,2341,1751,2315,Maharashtra,Maharashtra 2189
2026-06-08,Wheat,1,Nashik,Non-FAQ,Nandgaon APMC,2500,2316,2350,Maharashtra,Maharashtra 2189
2026-06-08,Wheat,1,Nashik,FAQ,Lasalgaon APMC,2700,2585,2605,Maharashtra,Maharashtra 2189
2026-06-08,Wheat,1,Latur,Non-FAQ,Ausa APMC,2401,2150,2213,Maharashtra,Maharashtra 2189
2026-06-08,Wheat,1,Solapur,Non-FAQ,Mangal Wedha APMC,2410,2410,2410,Maharashtra,Other
2026-06-08,Wheat,1,Akola,Non-FAQ,Akola APMC,2440,2050,2275,Maharashtra,Other
2026-06-08,Wheat,1,Amarawati,Non-FAQ,Amarawati APMC,2350,2150,2250,Maharashtra,Other
2026-06-08,Wheat,1,Jalgaon,Non-FAQ,Amalner APMC,2359,2125,2359,Maharashtra,Other
2026-06-08,Wheat,1,Dharashiv,Non-FAQ,Paranda APMC,2550,2200,2200,Maharashtra,Other
2026-06-08,Wheat,1,Ahilyanagar,Non-FAQ,Kopargaon APMC,2382,2309,2350,Maharashtra,Other
2026-06-08,Wheat,1,Buldhana,Non-FAQ,Khamgaon APMC,2275,2050,2162,Maharashtra,Other
2026-06-08,Wheat,1,Buldhana,FAQ,Malkapur APMC,2590,2590,2590,Maharashtra,Other
2026-06-08,Wheat,1,Jalna,Non-FAQ,Jalana APMC,2441,2100,2325,Maharashtra,Other
2026-06-08,Wheat,1,Jalgaon,Non-FAQ,APMC CHOPADA,2382,2200,2341,Maharashtra,Other
2026-06-08,Wheat,1,Amarawati,Non-FAQ,Dhamngaon-Railway APMC,2350,2220,2300,Maharashtra,Other
2026-06-09,Wheat,1,Wardha,Non-FAQ,APMC SINDI BRANCH SELOO,2240,2050,2100,Maharashtra,Other
2026-06-09,Wheat,1,Ahilyanagar,Non-FAQ,Kopargaon APMC,2381,2260,2340,Maharashtra,Other
2026-06-09,Wheat,1,Sangli,FAQ,Sangli APMC,4000,3000,3500,Maharashtra,Other
2026-06-09,Wheat,1,Ahilyanagar,Non-FAQ,Rahuri(Vambori) APMC,2451,2226,2290,Maharashtra,Other
2026-06-09,Wheat,1,Ahilyanagar,Non-FAQ,Rahuri APMC,2275,2100,2185,Maharashtra,Other
2026-06-09,Wheat,1,Nashik,Non-FAQ,Malegaon APMC,2580,1700,2350,Maharashtra,Other
2026-06-09,Wheat,1,Solapur,FAQ,Barshi APMC,2850,2600,2600,Maharashtra,Other
2026-06-09,Wheat,1,Wardha,Non-FAQ,Hinganghat APMC,2315,1900,2100,Maharashtra,Other
2026-06-09,Wheat,1,Akola,Non-FAQ,Murtizapur APMC,2345,2000,2175,Maharashtra,Other
2026-06-09,Wheat,1,Jalgaon,Non-FAQ,APMC CHOPADA,2451,2151,2321,Maharashtra,Other
2026-06-09,Wheat,1,Buldhana,Local,"Bsk Krishi Bazar Private Limited, Mehkar, Dist Buldhana",2250,2171,2210,Maharashtra,Other
2026-06-09,Wheat,1,Jalgaon,Non-FAQ,Pachora APMC,2300,2000,2151,Maharashtra,Other
2026-06-09,Wheat,1,Buldhana,Non-FAQ,Chikali APMC,2300,2000,2150,Maharashtra,Other
2026-06-09,Wheat,1,Dhule,Non-FAQ,Dondaicha APMC,2457,2000,2400,Maharashtra,Other
2026-06-09,Wheat,1,Buldhana,FAQ,Malkapur APMC,2655,2655,2655,Maharashtra,Other
2026-06-09,Wheat,1,Nagpur,Non-FAQ,Nagpur APMC,2402,2200,2351,Maharashtra,Other
2026-06-09,Wheat,1,Jalna,Non-FAQ,Bhokardan(Pimpalgaon Renu) APMC,2200,2100,2150,Maharashtra,Other
2026-06-09,Wheat,1,Washim,Non-FAQ,Mangrulpeer APMC,2400,2200,2240,Maharashtra,Other
2026-06-09,Wheat,1,Ahilyanagar,Non-FAQ,Karjat APMC,2500,2200,2400,Maharashtra,Other
2026-06-09,Wheat,1,Dhule,Non-FAQ,Shirpur APMC,2405,2350,2375,Maharashtra,Other
2026-06-09,Wheat,1,Buldhana,Non-FAQ,Khamgaon APMC,2325,2000,2162,Maharashtra,Other
2026-06-09,Wheat,1,Washim,Non-FAQ,Karanja APMC,2340,2190,2290,Maharashtra,Other
2026-06-09,Wheat,1,Beed,Non-FAQ,Kille Dharur APMC,2160,2120,2120,Maharashtra,Other
2026-06-09,Wheat,1,Ahilyanagar,Local,"Omchatinya Multi State Agro Purpose Co-Op Society, Dist Ahilyanagar",2425,2300,2400,Maharashtra,Other
2026-06-09,Wheat,1,Dharashiv,Non-FAQ,Kalamb (Dharashiv) APMC,2301,1900,2211,Maharashtra,Maharashtra 2189
2026-06-09,Wheat,1,Nagpur,Non-FAQ,Savner APMC,2330,2225,2280,Maharashtra,Other
2026-06-09,Wheat,1,Solapur,Non-FAQ,Karmala APMC,2400,2300,2375,Maharashtra,Other
2026-06-09,Wheat,1,Wardha,Non-FAQ,Ashti(Karanja) APMC,2260,2000,2100,Maharashtra,Other
2026-06-09,Wheat,1,Akola,Non-FAQ,Akola APMC,2485,2180,2270,Maharashtra,Other
2026-06-09,Wheat,1,Nagpur,Non-FAQ,Katol APMC,2272,2255,2260,Maharashtra,Other
2026-06-09,Wheat,1,Washim,Local,"Krushna Krishi Bazar, Washim",2400,2000,2245,Maharashtra,Other
2026-06-09,Wheat,1,Buldhana,Non-FAQ,Krushi Utpanna Bazar Samiti Shegaon,2250,2000,2120,Maharashtra,Other
2026-06-10,Wheat,1,Nagpur,Non-FAQ,Kalmeshwar APMC,2310,2000,2150,Maharashtra,Other
2026-06-10,Wheat,1,Nandurbar,Non-FAQ,Navapur APMC,2200,2200,2200,Maharashtra,Other
2026-06-10,Wheat,1,Amarawati,Non-FAQ,Dhamngaon-Railway APMC,2300,2200,2250,Maharashtra,Other
2026-06-10,Wheat,1,Jalna,Non-FAQ,Jalana APMC,2375,2000,2311,Maharashtra,Other
2026-06-10,Wheat,1,Buldhana,Non-FAQ,Krushi Utpanna Bazar Samiti Shegaon,2250,1800,2115,Maharashtra,Other
2026-06-10,Wheat,1,Dhule,Non-FAQ,Sakri APMC,2280,2251,2260,Maharashtra,Other
2026-06-10,Wheat,1,Wardha,Non-FAQ,Hinganghat APMC,2325,1800,2100,Maharashtra,Other
2026-06-10,Wheat,1,Jalgaon,Non-FAQ,Chalisgaon APMC,2500,2150,2300,Maharashtra,Other
2026-06-10,Wheat,1,Nashik,FAQ,Satana APMC,2806,2806,2806,Maharashtra,Other
2026-06-10,Wheat,1,Yavatmal,Local,KISAN MARKET YARD,2290,2100,2273,Maharashtra,Other
2026-06-10,Wheat,1,Solapur,Non-FAQ,Barshi(Vairag) APMC,2290,2150,2276,Maharashtra,Other
2026-06-10,Wheat,1,Nanded,Non-FAQ,Loha APMC,2181,2111,2151,Maharashtra,Other
2026-06-10,Wheat,1,Nagpur,Non-FAQ,Savner APMC,2365,2240,2320,Maharashtra,Other
2026-06-10,Wheat,1,Yavatmal,Non-FAQ,Digras APMC,2305,2175,2285,Maharashtra,Other
2026-06-10,Wheat,1,Buldhana,Non-FAQ,Malkapur APMC,2310,2200,2300,Maharashtra,Other
2026-06-10,Wheat,1,Washim,Non-FAQ,Karanja APMC,2315,2200,2295,Maharashtra,Other
2026-06-10,Wheat,1,Beed,Non-FAQ,Beed APMC,2503,2051,2287,Maharashtra,Other
2026-06-10,Wheat,1,Akola,Non-FAQ,Akola APMC,2400,2000,2285,Maharashtra,Other
2026-06-10,Wheat,1,Palghar,FAQ,Ulhasnagar APMC,3600,3200,3400,Maharashtra,Other
2026-06-10,Wheat,1,Jalgaon,Non-FAQ,APMC PACHORA,2470,2135,2311,Maharashtra,Other
2026-06-10,Wheat,1,Nashik,Non-FAQ,Malegaon APMC,2584,1500,2425,Maharashtra,Other
2026-06-10,Wheat,1,Kolhapur,FAQ,Kolhapur(Laxmipuri) APMC,4100,2900,3500,Maharashtra,Other
2026-06-10,Wheat,1,Chattrapati Sambhajinagar,Non-FAQ,Vaijpur APMC,2400,2200,2350,Maharashtra,Other
2026-06-10,Wheat,1,Ahilyanagar,Non-FAQ,Kopargaon APMC,2350,2300,2331,Maharashtra,Other
2026-06-10,Wheat,1,Wardha,Non-FAQ,Ashti APMC,2160,2000,2050,Maharashtra,Other
2026-06-10,Wheat,1,Nashik,Non-FAQ,Devala APMC,2435,2290,2320,Maharashtra,Maharashtra 2189
2026-06-10,Wheat,1,Washim,Non-FAQ,Washim APMC,2325,2105,2250,Maharashtra,Maharashtra 2189
2026-06-10,Wheat,1,Nashik,Non-FAQ,Lasalgaon APMC,2580,1800,2441,Maharashtra,Maharashtra 2189
2026-06-10,Wheat,1,Dharashiv,Non-FAQ,Umarga APMC,2400,2200,2200,Maharashtra,Maharashtra 2189
2026-06-10,Wheat,1,Wardha,Non-FAQ,Sindi(Selu) APMC,2350,2250,2300,Maharashtra,Other
2026-06-10,Wheat,1,Dhule,Non-FAQ,Dondaicha APMC,2458,2000,2400,Maharashtra,Other
2026-06-10,Wheat,1,Jalgaon,Non-FAQ,Chopada APMC,2501,2285,2351,Maharashtra,Other
2026-06-10,Wheat,1,Yavatmal,Non-FAQ,Umarkhed APMC,2400,2250,2350,Maharashtra,Other
2026-06-10,Wheat,1,Latur,Non-FAQ,Aurad Shahajani APMC,2100,1900,2000,Maharashtra,Maharashtra 2189
2026-06-10,Wheat,1,Yavatmal,Local,"Kisan Market Yard, Tal Pusad, Dist Yeotmal",2290,2100,2273,Maharashtra,Other
2026-06-11,Wheat,1,Parbhani,Non-FAQ,Pathari APMC,2300,2200,2200,Maharashtra,Other
2026-06-11,Wheat,1,Buldhana,Non-FAQ,Mehekar APMC,2300,2000,2150,Maharashtra,Other
2026-06-11,Wheat,1,Parbhani,Non-FAQ,Jintur APMC,2200,2200,2200,Maharashtra,Other
2026-06-11,Wheat,1,Chattrapati Sambhajinagar,Non-FAQ,Gangapur APMC,2400,2311,2330,Maharashtra,Other
2026-06-11,Wheat,1,Chattrapati Sambhajinagar,Non-FAQ,Agricultural Produce Market Committee Sillod,2330,2200,2300,Maharashtra,Other
2026-06-11,Wheat,1,Nagpur,Non-FAQ,Kalmeshwar APMC,2230,2000,2100,Maharashtra,Other
2026-06-11,Wheat,1,Chattrapati Sambhajinagar,Non-FAQ,Vaijpur APMC,2390,2295,2360,Maharashtra,Other
2026-06-11,Wheat,1,Nagpur,Non-FAQ,Savner APMC,2260,2240,2250,Maharashtra,Other
2026-06-11,Wheat,1,Nanded,Non-FAQ,Mudkhed APMC,2330,2330,2330,Maharashtra,Other
2026-06-11,Wheat,1,Buldhana,Non-FAQ,Chikali APMC,2350,2000,2175,Maharashtra,Other
2026-06-11,Wheat,1,Solapur,Non-FAQ,Barshi APMC,2250,2250,2250,Maharashtra,Other
2026-06-11,Wheat,1,Solapur,Non-FAQ,Karmala APMC,2500,2100,2300,Maharashtra,Other
2026-06-11,Wheat,1,Dharashiv,Non-FAQ,Paranda APMC,2175,2175,2175,Maharashtra,Other
2026-06-11,Wheat,1,Amarawati,Non-FAQ,Nandgaon Khandeshwar APMC,2200,2050,2125,Maharashtra,Other
2026-06-11,Wheat,1,Nashik,Non-FAQ,Satana APMC,2550,1900,2328,Maharashtra,Other
2026-06-11,Wheat,1,Nashik,Non-FAQ,Malegaon APMC,2575,1600,2451,Maharashtra,Other
2026-06-11,Wheat,1,Solapur,FAQ,Solapur APMC,3995,2610,3500,Maharashtra,Sharbati
2026-06-11,Wheat,1,Yavatmal,Non-FAQ,Yavatmal APMC,2280,2100,2190,Maharashtra,Other
2026-06-11,Wheat,1,Yavatmal,Local,KISAN MARKET YARD,2295,2100,2277,Maharashtra,Other
2026-06-11,Wheat,1,Nashik,Non-FAQ,Nandgaon APMC,2558,2331,2450,Maharashtra,Maharashtra 2189
2026-06-11,Wheat,1,Jalgaon,Non-FAQ,Dharangaon APMC,2400,1900,2350,Maharashtra,Other
2026-06-11,Wheat,1,Yavatmal,Local,"Kisan Market Yard, Tal Pusad, Dist Yeotmal",2295,2100,2277,Maharashtra,Other
2026-06-11,Wheat,1,Jalgaon,Non-FAQ,Chopada APMC,2485,2025,2332,Maharashtra,Other
2026-06-11,Wheat,1,Yavatmal,Local,"Mahesh Krushi Utpanna Bazar, Digras, Dist Yeotmal",2300,2125,2231,Maharashtra,Other
2026-06-11,Wheat,1,Nashik,FAQ,Satana APMC,2600,2600,2600,Maharashtra,Other
2026-06-11,Wheat,1,Latur,Non-FAQ,Aurad Shahajani APMC,2400,2400,2400,Maharashtra,Maharashtra 2189
2026-06-11,Wheat,1,Nandurbar,Non-FAQ,Nandurbar APMC,2465,1900,2175,Maharashtra,Other
2026-06-11,Wheat,1,Amarawati,Non-FAQ,Dhamngaon-Railway APMC,2340,2190,2270,Maharashtra,Other
2026-06-11,Wheat,1,Buldhana,Non-FAQ,Malkapur APMC,2450,2250,2300,Maharashtra,Other
2026-06-11,Wheat,1,Wardha,Non-FAQ,Wardha APMC,2405,2275,2315,Maharashtra,Other
2026-06-11,Wheat,1,Wardha,Non-FAQ,APMC SINDI BRANCH SELOO,2340,2200,2250,Maharashtra,Other
2026-06-11,Wheat,1,Nagpur,FAQ,Umared APMC,3000,2600,2800,Maharashtra,Other
2026-06-12,Wheat,1,Ahilyanagar,Local,"Omchatinya Multi State Agro Purpose Co-Op Society, Dist Ahilyanagar",2400,2250,2300,Maharashtra,Other
2026-06-12,Wheat,1,Washim,Non-FAQ,Washim APMC,2351,2075,2150,Maharashtra,Maharashtra 2189
2026-06-12,Wheat,1,Dhule,Non-FAQ,Dhule APMC,2370,2150,2245,Maharashtra,Other
2026-06-12,Wheat,1,Nashik,Non-FAQ,Lasalgaon APMC,2452,1800,2373,Maharashtra,Maharashtra 2189
2026-06-12,Wheat,1,Buldhana,Non-FAQ,Malkapur APMC,2448,2230,2300,Maharashtra,Other
2026-06-12,Wheat,1,Nagpur,Non-FAQ,Savner APMC,2340,2200,2300,Maharashtra,Other
2026-06-12,Wheat,1,Buldhana,Non-FAQ,Buldhana APMC,2100,1800,1950,Maharashtra,Other
2026-06-12,Wheat,1,Parbhani,Non-FAQ,Sailu APMC,2250,2250,2250,Maharashtra,Other
2026-06-12,Wheat,1,Dhule,Non-FAQ,Shirpur APMC,2421,2301,2374,Maharashtra,Other
2026-06-12,Wheat,1,Ahilyanagar,Non-FAQ,Rahata APMC,2425,2200,2315,Maharashtra,Other
2026-06-12,Wheat,1,Mumbai,FAQ,Mumbai APMC,5000,2900,3950,Maharashtra,Other
2026-06-12,Wheat,1,Buldhana,Non-FAQ,Mehekar APMC,2350,2000,2150,Maharashtra,Other
2026-06-12,Wheat,1,Nashik,Non-FAQ,Lasalgaon(Vinchur) APMC,2411,2300,2350,Maharashtra,Other
2026-06-12,Wheat,1,Akola,Non-FAQ,Murtizapur APMC,2345,2000,2175,Maharashtra,Other
2026-06-12,Wheat,1,Amarawati,Non-FAQ,Achalpur APMC,2550,2050,2250,Maharashtra,Other
2026-06-12,Wheat,1,Ahilyanagar,Non-FAQ,Rahuri(Vambori) APMC,2250,2250,2250,Maharashtra,Other
2026-06-12,Wheat,1,Beed,Non-FAQ,Beed APMC,2385,2180,2274,Maharashtra,Other
2026-06-12,Wheat,1,Nandurbar,Non-FAQ,Shahada APMC,2551,2100,2391,Maharashtra,Other
2026-06-12,Wheat,1,Wardha,Non-FAQ,Sindi APMC,2255,1900,2100,Maharashtra,Other
2026-06-12,Wheat,1,Wardha,Non-FAQ,APMC SINDI BRANCH SELOO,2330,2200,2300,Maharashtra,Other
2026-06-12,Wheat,1,Nashik,Non-FAQ,Manmad APMC,2476,2240,2323,Maharashtra,Other
2026-06-12,Wheat,1,Solapur,FAQ,Solapur APMC,4000,2610,3505,Maharashtra,Sharbati
2026-06-12,Wheat,1,Buldhana,Non-FAQ,Chikali APMC,2300,2000,2150,Maharashtra,Other
2026-06-12,Wheat,1,Wardha,Non-FAQ,Wardha APMC,2395,2325,2350,Maharashtra,Other
2026-06-12,Wheat,1,Jalgaon,Non-FAQ,Amalner APMC,2383,2231,2383,Maharashtra,Other
2026-06-12,Wheat,1,Chattrapati Sambhajinagar,Non-FAQ,Agricultural Produce Market Committee Sillod,2300,2200,2250,Maharashtra,Other
2026-06-12,Wheat,1,Chattrapati Sambhajinagar,Non-FAQ,Kannad APMC,2350,2000,2175,Maharashtra,Other
2026-06-12,Wheat,1,Solapur,Non-FAQ,Karmala APMC,2400,2000,2300,Maharashtra,Other
2026-06-12,Wheat,1,Beed,Non-FAQ,Kille Dharur APMC,2300,2190,2250,Maharashtra,Other
2026-06-12,Wheat,1,Beed,FAQ,Majalgaon APMC,2700,2590,2631,Maharashtra,Other
2026-06-12,Wheat,1,Yavatmal,Non-FAQ,Umarked(Danki) APMC,2400,2200,2300,Maharashtra,Other
2026-06-13,Wheat,1,Ahilyanagar,Local,"Omchatinya Multi State Agro Purpose Co-Op Society, Dist Ahilyanagar",2200,2200,2200,Maharashtra,Other
2026-06-13,Wheat,1,Amarawati,Non-FAQ,Chandur Railway APMC,2175,2125,2175,Maharashtra,Other
2026-06-13,Wheat,1,Amarawati,Non-FAQ,Achalpur APMC,2550,2050,2250,Maharashtra,Other
2026-06-13,Wheat,1,Nagpur,FAQ,Umared APMC,3000,2600,2800,Maharashtra,Other
2026-06-13,Wheat,1,Buldhana,Non-FAQ,Chikali APMC,2350,1950,2150,Maharashtra,Other
2026-06-13,Wheat,1,Amarawati,Non-FAQ,Amarawati APMC,2350,2150,2250,Maharashtra,Other
2026-06-13,Wheat,1,Jalna,Non-FAQ,Jalana APMC,2400,2150,2325,Maharashtra,Other
2026-06-13,Wheat,1,Ahilyanagar,Non-FAQ,Jamkhed APMC,2500,2200,2350,Maharashtra,Other
2026-06-13,Wheat,1,Wardha,Non-FAQ,Hinganghat APMC,2350,2000,2200,Maharashtra,Other
2026-06-13,Wheat,1,Beed,Non-FAQ,Gevrai APMC,2320,2200,2250,Maharashtra,Other
2026-06-13,Wheat,1,Sangli,FAQ,Sangli APMC,4000,2900,3450,Maharashtra,Other
2026-06-13,Wheat,1,Buldhana,Non-FAQ,Nandura APMC,2321,2100,2321,Maharashtra,Other
2026-06-13,Wheat,1,Washim,Non-FAQ,Washim(Ansing) APMC,2100,2050,2080,Maharashtra,Maharashtra 2189
2026-06-13,Wheat,1,Bhandara,Non-FAQ,Tumsar APMC,2294,2250,2280,Maharashtra,Other
2026-06-13,Wheat,1,Ahilyanagar,FAQ,Pathardi APMC,2800,2585,2600,Maharashtra,Maharashtra 2189
2026-06-13,Wheat,1,Solapur,FAQ,Solapur APMC,3990,2605,3510,Maharashtra,Sharbati
2026-06-14,Wheat,1,Bhandara,Non-FAQ,Tumsar APMC,2301,2294,2300,Maharashtra,Other
2026-06-14,Wheat,1,Akola,Non-FAQ,Balapur APMC,2500,2100,2150,Maharashtra,Other
2026-06-14,Wheat,1,Nagpur,Non-FAQ,Agriculture Produce Market Committee Katol,2400,2200,2300,Maharashtra,Other
2026-06-15,Wheat,1,Washim,Non-FAQ,Washim APMC,2340,2055,2250,Maharashtra,Maharashtra 2189
2026-06-15,Wheat,1,Jalgaon,Non-FAQ,Pachora APMC,2200,1900,2100,Maharashtra,Other
2026-06-15,Wheat,1,Nashik,Non-FAQ,Lasalgaon APMC,2580,2280,2445,Maharashtra,Maharashtra 2189
2026-06-15,Wheat,1,Washim,Non-FAQ,Washim(Ansing) APMC,2150,2050,2100,Maharashtra,Maharashtra 2189
2026-06-15,Wheat,1,Buldhana,Non-FAQ,Shegaon APMC,2150,1850,2000,Maharashtra,Other
2026-06-15,Wheat,1,Pune,FAQ,Baramati APMC,2611,2590,2600,Maharashtra,Maharashtra 2189
2026-06-15,Wheat,1,Latur,Non-FAQ,Ausa APMC,2101,2101,2101,Maharashtra,Maharashtra 2189
2026-06-15,Wheat,1,Buldhana,Non-FAQ,Krushi Utpanna Bazar Samiti Shegaon,2150,1850,2000,Maharashtra,Other
2026-06-15,Wheat,1,Wardha,Non-FAQ,Ashti APMC,2170,2000,2100,Maharashtra,Other
2026-06-15,Wheat,1,Pune,Non-FAQ,Baramati APMC,2400,2000,2390,Maharashtra,Kalyan
2026-06-15,Wheat,1,Yavatmal,Local,KISAN MARKET YARD,2285,2100,2279,Maharashtra,Other
2026-06-15,Wheat,1,Ahilyanagar,Non-FAQ,Rahata APMC,2400,2330,2365,Maharashtra,Other
2026-06-15,Wheat,1,Buldhana,Non-FAQ,Malkapur APMC,2550,2150,2325,Maharashtra,Other
2026-06-15,Wheat,1,Jalgaon,Non-FAQ,APMC PACHORA,2200,1900,2100,Maharashtra,Other
2026-06-15,Wheat,1,Wardha,Non-FAQ,Wardha APMC,2390,2285,2300,Maharashtra,Other
2026-06-15,Wheat,1,Beed,Non-FAQ,Beed APMC,2400,2000,2300,Maharashtra,Other
2026-06-15,Wheat,1,Washim,Non-FAQ,Karanja APMC,2380,2315,2340,Maharashtra,Other
2026-06-15,Wheat,1,Yavatmal,Local,"Shekari Krushi Khajgi Bazar, Arni, Dist Yavatmal",2225,2025,2125,Maharashtra,Other
2026-06-15,Wheat,1,Amarawati,Non-FAQ,Chandur Bazar APMC,2450,2050,2240,Maharashtra,Other
2026-06-15,Wheat,1,Nagpur,Non-FAQ,Nagpur APMC,2372,2200,2329,Maharashtra,Other
2026-06-15,Wheat,1,Ahilyanagar,Non-FAQ,Ahilyanagar APMC,2400,2200,2300,Maharashtra,Other
2026-06-15,Wheat,1,Nandurbar,Non-FAQ,Navapur APMC,2300,2300,2300,Maharashtra,Other
2026-06-15,Wheat,1,Dhule,Non-FAQ,Dondaicha APMC,2496,2251,2453,Maharashtra,Other
2026-06-15,Wheat,1,Akola,Non-FAQ,Murtizapur APMC,2340,2000,2170,Maharashtra,Other
2026-06-15,Wheat,1,Buldhana,Non-FAQ,Mehekar APMC,2400,2000,2250,Maharashtra,Other
2026-06-15,Wheat,1,Jalgaon,Non-FAQ,Chalisgaon APMC,2321,2000,2200,Maharashtra,Other
2026-06-15,Wheat,1,Yavatmal,Non-FAQ,Pandhakawada APMC,2175,2000,2100,Maharashtra,Other
2026-06-15,Wheat,1,Nagpur,Non-FAQ,Savner APMC,2250,2200,2230,Maharashtra,Other
2026-06-15,Wheat,1,Ahilyanagar,Non-FAQ,Kopargaon APMC,2355,2270,2299,Maharashtra,Other
2026-06-15,Wheat,1,Nagpur,Non-FAQ,Agriculture Produce Market Committee Katol,2274,2225,2250,Maharashtra,Other
2026-06-15,Wheat,1,Chattrapati Sambhajinagar,Non-FAQ,Lasur Station APMC,2375,1550,2300,Maharashtra,Other
2026-06-15,Wheat,1,Dharashiv,Non-FAQ,Paranda APMC,2250,2250,2250,Maharashtra,Other
2026-06-16,Wheat,1,Latur,Non-FAQ,Aurad Shahajani APMC,2100,2100,2100,Maharashtra,Maharashtra 2189
2026-06-16,Wheat,1,Latur,Non-FAQ,Latur(Murud) APMC,2400,2000,2101,Maharashtra,Maharashtra 2189
2026-06-16,Wheat,1,Jalgaon,Non-FAQ,Parola APMC,2300,2125,2200,Maharashtra,Kalyan
2026-06-16,Wheat,1,Parbhani,Non-FAQ,Parbhani APMC,2500,1800,2350,Maharashtra,Maharashtra 2189
2026-06-16,Wheat,1,Pune,FAQ,Shirur APMC,2600,2600,2600,Maharashtra,Other
2026-06-16,Wheat,1,Dhule,Non-FAQ,Dondaicha APMC,2476,2100,2451,Maharashtra,Other
2026-06-16,Wheat,1,Yavatmal,Non-FAQ,Pandhakawada APMC,2245,2000,2150,Maharashtra,Other
2026-06-16,Wheat,1,Kolhapur,FAQ,Kolhapur(Laxmipuri) APMC,4200,3000,3600,Maharashtra,Other
2026-06-16,Wheat,1,Jalgaon,Non-FAQ,Chalisgaon APMC,2270,2150,2201,Maharashtra,Other
2026-06-16,Wheat,1,Amarawati,Non-FAQ,Dhamngaon-Railway APMC,2275,2100,2200,Maharashtra,Other
2026-06-16,Wheat,1,Buldhana,Non-FAQ,Chikali APMC,2250,1950,2100,Maharashtra,Other
2026-06-16,Wheat,1,Ahilyanagar,Non-FAQ,Kopargaon APMC,2375,2270,2343,Maharashtra,Other
2026-06-16,Wheat,1,Dhule,Non-FAQ,Dhule APMC,2526,2220,2351,Maharashtra,Other
2026-06-16,Wheat,1,Buldhana,Non-FAQ,Nandura APMC,2380,2150,2380,Maharashtra,Other
2026-06-16,Wheat,1,Dharashiv,Non-FAQ,Tuljapur APMC,2500,2200,2350,Maharashtra,Other
2026-06-16,Wheat,1,Sangli,FAQ,Sangli APMC,4000,2900,3450,Maharashtra,Other
2026-06-16,Wheat,1,Yavatmal,Non-FAQ,Babhulgaon APMC,2300,2101,2201,Maharashtra,Other
2026-06-16,Wheat,1,Buldhana,Non-FAQ,Deoulgaon Raja APMC,2375,1600,2200,Maharashtra,Other
2026-06-16,Wheat,1,Parbhani,FAQ,Gangakhed APMC,2700,2650,2650,Maharashtra,Other
2026-06-16,Wheat,1,Nashik,Non-FAQ,Devala APMC,2385,2345,2385,Maharashtra,Maharashtra 2189
2026-06-16,Wheat,1,Yavatmal,Local,"Shekari Krushi Khajgi Bazar, Arni, Dist Yavatmal",2260,1966,2100,Maharashtra,Other
2026-06-16,Wheat,1,Beed,Non-FAQ,Beed APMC,2400,2082,2319,Maharashtra,Other
2026-06-16,Wheat,1,Washim,Local,"Krushna Krishi Bazar, Washim",2400,2000,2255,Maharashtra,Other
2026-06-16,Wheat,1,Chattrapati Sambhajinagar,Non-FAQ,Gangapur APMC,2400,2330,2360,Maharashtra,Other
2026-06-16,Wheat,1,Ahilyanagar,Non-FAQ,Rahuri(Vambori) APMC,2307,2275,2295,Maharashtra,Other
2026-06-16,Wheat,1,Nagpur,Non-FAQ,Agriculture Produce Market Committee Katol,2351,2160,2300,Maharashtra,Other
2026-06-16,Wheat,1,Jalna,Non-FAQ,Jalana APMC,2450,2200,2325,Maharashtra,Other
2026-06-16,Wheat,1,Latur,FAQ,Ahmedpur APMC,2700,2585,2642,Maharashtra,Other
2026-06-16,Wheat,1,Nashik,Non-FAQ,Satana APMC,2550,2261,2482,Maharashtra,Other
2026-06-16,Wheat,1,Jalgaon,Non-FAQ,Chopada APMC,2526,2145,2351,Maharashtra,Other
2026-06-16,Wheat,1,Chattrapati Sambhajinagar,Non-FAQ,Sillod APMC,2350,2200,2300,Maharashtra,Other
2026-06-16,Wheat,1,Buldhana,Non-FAQ,Shegaon APMC,2500,2000,2175,Maharashtra,Other
2026-06-16,Wheat,1,Nashik,Non-FAQ,Lasalgaon(Vinchur) APMC,2412,2300,2350,Maharashtra,Other
2026-06-16,Wheat,1,Jalna,Non-FAQ,Bhokardan(Pimpalgaon Renu) APMC,2250,2100,2200,Maharashtra,Other
2026-06-16,Wheat,1,Chattrapati Sambhajinagar,Non-FAQ,Vaijpur APMC,2490,2300,2415,Maharashtra,Other
2026-06-16,Wheat,1,Pune,Non-FAQ,Shirur APMC,2500,2000,2400,Maharashtra,Other
2026-06-16,Wheat,1,Nanded,Non-FAQ,Bhokar APMC,2160,2000,2080,Maharashtra,Other
2026-06-16,Wheat,1,Parbhani,Non-FAQ,Jintur APMC,2500,2100,2200,Maharashtra,Other
2026-06-16,Wheat,1,Washim,Non-FAQ,Karanja APMC,2375,2290,2345,Maharashtra,Other
2026-06-16,Wheat,1,Buldhana,Non-FAQ,Malkapur APMC,2395,2050,2300,Maharashtra,Other
2026-06-16,Wheat,1,Ahilyanagar,Non-FAQ,Jamkhed APMC,2500,2100,2300,Maharashtra,Other
2026-06-16,Wheat,1,Nashik,FAQ,Satana APMC,2712,2712,2712,Maharashtra,Other
2026-06-16,Wheat,1,Buldhana,Local,"Bsk Krishi Bazar Private Limited, Mehkar, Dist Buldhana",2260,2150,2250,Maharashtra,Other
2026-06-16,Wheat,1,Akola,Non-FAQ,Akola APMC,2355,2190,2330,Maharashtra,Other
2026-06-17,Wheat,1,Amarawati,Non-FAQ,Amarawati APMC,2400,2150,2275,Maharashtra,Other
2026-06-17,Wheat,1,Nashik,Non-FAQ,Nandgaon APMC,2533,2340,2450,Maharashtra,Maharashtra 2189
2026-06-17,Wheat,1,Jalgaon,Non-FAQ,APMC CHOPADA,2541,2152,2311,Maharashtra,Other
2026-06-17,Wheat,1,Solapur,FAQ,Barshi APMC,3000,2700,2700,Maharashtra,Other
2026-06-17,Wheat,1,Buldhana,Non-FAQ,Deoulgaon Raja APMC,2200,1800,2050,Maharashtra,Other
2026-06-17,Wheat,1,Ahilyanagar,Non-FAQ,Ahilyanagar APMC,2400,2000,2200,Maharashtra,Other
2026-06-17,Wheat,1,Beed,FAQ,Majalgaon APMC,2611,2591,2600,Maharashtra,Other
2026-06-17,Wheat,1,Ahilyanagar,Non-FAQ,Shevgaon APMC,2350,2200,2350,Maharashtra,Maharashtra 2189
2026-06-17,Wheat,1,Amarawati,Non-FAQ,Dharni APMC,2200,2100,2150,Maharashtra,Other
2026-06-17,Wheat,1,Dharashiv,Non-FAQ,Kalamb (Dharashiv) APMC,2200,2100,2200,Maharashtra,Maharashtra 2189
2026-06-17,Wheat,1,Dharashiv,FAQ,Kalamb (Dharashiv) APMC,2630,2630,2630,Maharashtra,Maharashtra 2189
2026-06-17,Wheat,1,Solapur,FAQ,Solapur APMC,3990,2600,3520,Maharashtra,Sharbati
2026-06-17,Wheat,1,Nagpur,Non-FAQ,Katol APMC,2307,2245,2270,Maharashtra,Other
2026-06-17,Wheat,1,Solapur,Non-FAQ,Kurdwadi APMC,2350,2150,2150,Maharashtra,Other
2026-06-17,Wheat,1,Chattrapati Sambhajinagar,Non-FAQ,Vaijpur APMC,2500,2130,2430,Maharashtra,Other
2026-06-17,Wheat,1,Wardha,Non-FAQ,Wardha APMC,2430,2375,2400,Maharashtra,Other
2026-06-17,Wheat,1,Buldhana,Non-FAQ,Krushi Utpanna Bazar Samiti Shegaon,2250,2100,2180,Maharashtra,Other
2026-06-17,Wheat,1,Solapur,Non-FAQ,Barshi APMC,2300,2300,2300,Maharashtra,Other
2026-06-17,Wheat,1,Beed,Non-FAQ,Gevrai APMC,2400,2300,2300,Maharashtra,Other
2026-06-17,Wheat,1,Nagpur,Non-FAQ,Savner APMC,2230,2200,2220,Maharashtra,Other
2026-06-17,Wheat,1,Ahilyanagar,Non-FAQ,Shrirampur(Belapur) APMC,2200,2200,2200,Maharashtra,Other
2026-06-17,Wheat,1,Chattrapati Sambhajinagar,Non-FAQ,Lasur Station APMC,2360,1501,2325,Maharashtra,Other
2026-06-17,Wheat,1,Nandurbar,Non-FAQ,Shahada APMC,2580,2325,2461,Maharashtra,Other
2026-06-17,Wheat,1,Ahilyanagar,Non-FAQ,Karjat APMC,2300,2300,2300,Maharashtra,Other
2026-06-17,Wheat,1,Nashik,Non-FAQ,Lasalgaon APMC,2540,2300,2451,Maharashtra,Maharashtra 2189
2026-06-17,Wheat,1,Yavatmal,Non-FAQ,Umarked(Danki) APMC,2400,2200,2300,Maharashtra,Other
2026-06-17,Wheat,1,Washim,Non-FAQ,Karanja APMC,2375,2285,2325,Maharashtra,Other
2026-06-18,Wheat,1,Solapur,Non-FAQ,Karmala APMC,2550,2350,2411,Maharashtra,Other
2026-06-18,Wheat,1,Chattrapati Sambhajinagar,Non-FAQ,Agricultural Produce Market Committee Sillod,2300,2200,2300,Maharashtra,Other
2026-06-18,Wheat,1,Nashik,Non-FAQ,Manmad APMC,2460,2262,2330,Maharashtra,Other
2026-06-18,Wheat,1,Solapur,Non-FAQ,Barshi APMC,2500,2261,2261,Maharashtra,Other
2026-06-18,Wheat,1,Pune,Non-FAQ,Shirur APMC,2500,2000,2350,Maharashtra,Other
2026-06-18,Wheat,1,Nashik,Non-FAQ,Malegaon APMC,2580,1835,2400,Maharashtra,Other
2026-06-18,Wheat,1,Palghar,FAQ,Palghar APMC,3220,3220,3220,Maharashtra,Other
2026-06-18,Wheat,1,Palghar,FAQ,Ulhasnagar APMC,3400,3000,3200,Maharashtra,Other
2026-06-18,Wheat,1,Amarawati,Non-FAQ,Nandgaon Khandeshwar APMC,2250,2100,2175,Maharashtra,Other
2026-06-18,Wheat,1,Dhule,Non-FAQ,Dhule APMC,2375,2161,2236,Maharashtra,Other
2026-06-18,Wheat,1,Wardha,Non-FAQ,APMC SINDI BRANCH SELOO,2360,2200,2300,Maharashtra,Other
2026-06-18,Wheat,1,Washim,Non-FAQ,Karanja APMC,2395,2240,2335,Maharashtra,Other
2026-06-18,Wheat,1,Nandurbar,Non-FAQ,Shahada APMC,2584,2361,2451,Maharashtra,Other
2026-06-18,Wheat,1,Ahilyanagar,Non-FAQ,Rahuri(Vambori) APMC,2451,2326,2420,Maharashtra,Other
2026-06-18,Wheat,1,Solapur,Non-FAQ,Barshi(Vairag) APMC,2301,2201,2250,Maharashtra,Other
2026-06-18,Wheat,1,Chattrapati Sambhajinagar,Non-FAQ,Kannad APMC,2400,2175,2280,Maharashtra,Other
2026-06-18,Wheat,1,Solapur,FAQ,Karmala APMC,2711,2711,2711,Maharashtra,Other
2026-06-18,Wheat,1,Jalna,Non-FAQ,Partur APMC,2246,2100,2146,Maharashtra,Maharashtra 2189
2026-06-18,Wheat,1,Buldhana,Non-FAQ,Mehekar APMC,2400,2000,2250,Maharashtra,Other
2026-06-18,Wheat,1,Ahilyanagar,Non-FAQ,Karjat APMC,2500,2000,2250,Maharashtra,Other
2026-06-18,Wheat,1,Washim,Non-FAQ,Mangrulpeer APMC,2450,2200,2325,Maharashtra,Other
2026-06-18,Wheat,1,Washim,Non-FAQ,Manora APMC,2350,2300,2325,Maharashtra,Other
2026-06-18,Wheat,1,Dharashiv,Non-FAQ,Paranda APMC,2200,2200,2200,Maharashtra,Other
2026-06-18,Wheat,1,Nagpur,Non-FAQ,Katol APMC,2345,2300,2320,Maharashtra,Other
2026-06-18,Wheat,1,Latur,Non-FAQ,Ahmedpur APMC,2502,2160,2287,Maharashtra,Other
2026-06-18,Wheat,1,Solapur,FAQ,Solapur APMC,3995,2605,3525,Maharashtra,Sharbati
2026-06-18,Wheat,1,Chattrapati Sambhajinagar,Non-FAQ,Sillod APMC,2300,2200,2300,Maharashtra,Other
2026-06-19,Wheat,1,Solapur,Non-FAQ,Barshi APMC,2200,2200,2200,Maharashtra,Other
2026-06-19,Wheat,1,Amarawati,Non-FAQ,Nandgaon Khandeshwar APMC,2230,2100,2165,Maharashtra,Other
2026-06-19,Wheat,1,Nashik,Non-FAQ,Yeola APMC,2489,2300,2375,Maharashtra,Maharashtra 2189
2026-06-19,Wheat,1,Nashik,Non-FAQ,Devala APMC,2375,2345,2370,Maharashtra,Maharashtra 2189
2026-06-19,Wheat,1,Solapur,Non-FAQ,Barshi(Vairag) APMC,2500,2230,2400,Maharashtra,Other
2026-06-19,Wheat,1,Ahilyanagar,Non-FAQ,Shrirampur(Belapur) APMC,2200,2100,2150,Maharashtra,Other
2026-06-19,Wheat,1,Buldhana,Non-FAQ,Lonar APMC,2350,2200,2275,Maharashtra,Other
2026-06-19,Wheat,1,Dharashiv,Non-FAQ,Kalamb (Dharashiv) APMC,2200,2000,2200,Maharashtra,Maharashtra 2189
2026-06-19,Wheat,1,Jalgaon,Non-FAQ,Amalner APMC,2395,2346,2395,Maharashtra,Other
2026-06-19,Wheat,1,Nanded,Non-FAQ,Kandhar APMC,2400,2000,2340,Maharashtra,Other
2026-06-19,Wheat,1,Ahilyanagar,Non-FAQ,Karjat(Rashin) APMC,2400,2250,2300,Maharashtra,Other
2026-06-19,Wheat,1,Nanded,Non-FAQ,Mudkhed APMC,2330,2330,2330,Maharashtra,Other
2026-06-19,Wheat,1,Ahilyanagar,Non-FAQ,Karjat APMC,2500,2300,2400,Maharashtra,Other
2026-06-20,Wheat,1,Ahilyanagar,Non-FAQ,Kopargaon APMC,2488,2376,2426,Maharashtra,Other
2026-06-20,Wheat,1,Chattrapati Sambhajinagar,Non-FAQ,Sillod(Bharadi) APMC,2375,2375,2375,Maharashtra,Other
2026-06-20,Wheat,1,Wardha,Non-FAQ,Sindi(Selu) APMC,2355,2250,2270,Maharashtra,Other
2026-06-20,Wheat,1,Ahilyanagar,Non-FAQ,Shevgaon(Bodhegaon) APMC,2300,2200,2200,Maharashtra,Maharashtra 2189
2026-06-20,Wheat,1,Bhandara,Non-FAQ,Tumsar APMC,2327,2305,2316,Maharashtra,Other
2026-06-21,Wheat,1,Pune,Non-FAQ,Indapur(Bhigwan) APMC,2550,1500,2200,Maharashtra,Other
2026-06-21,Wheat,1,Pune,Non-FAQ,Dound APMC,2500,2000,2300,Maharashtra,Maharashtra 2189
2026-06-21,Wheat,1,Beed,Non-FAQ,Kada APMC,2350,2000,2250,Maharashtra,Other
2026-06-22,Wheat,1,Jalgaon,Non-FAQ,Pachora APMC,2330,2111,2211,Maharashtra,Other
2026-06-22,Wheat,1,Dharashiv,FAQ,Kalamb (Dharashiv) APMC,2800,2800,2800,Maharashtra,Maharashtra 2189
2026-06-22,Wheat,1,Ahilyanagar,Non-FAQ,Shevgaon APMC,2400,2300,2400,Maharashtra,Maharashtra 2189
2026-06-22,Wheat,1,Latur,Non-FAQ,Chakur APMC,2250,2250,2250,Maharashtra,Other
2026-06-22,Wheat,1,Nandurbar,Non-FAQ,Shahada APMC,2572,2200,2460,Maharashtra,Other
2026-06-22,Wheat,1,Washim,Non-FAQ,Manora APMC,2376,2330,2353,Maharashtra,Other
2026-06-22,Wheat,1,Dhule,Non-FAQ,Dondaicha APMC,2530,2200,2485,Maharashtra,Other
2026-06-22,Wheat,1,Akola,Non-FAQ,Murtizapur APMC,2415,2000,2210,Maharashtra,Other
2026-06-22,Wheat,1,Beed,Non-FAQ,Kille Dharur APMC,2290,2210,2290,Maharashtra,Other
2026-06-23,Wheat,1,Nashik,Non-FAQ,Sinner APMC,2515,2370,2400,Maharashtra,Other
2026-06-23,Wheat,1,Jalgaon,Non-FAQ,Parola APMC,2300,2000,2250,Maharashtra,Kalyan
2026-06-23,Wheat,1,Nashik,Non-FAQ,Nandgaon APMC,2513,2491,2500,Maharashtra,Maharashtra 2189
2026-06-23,Wheat,1,Latur,Non-FAQ,Ausa APMC,2151,2100,2127,Maharashtra,Maharashtra 2189
2026-06-23,Wheat,1,Beed,Non-FAQ,Majalgaon APMC,2311,2281,2300,Maharashtra,Other
2026-06-23,Wheat,1,Amarawati,Non-FAQ,Achalpur APMC,2550,2200,2325,Maharashtra,Other
2026-06-23,Wheat,1,Jalna,Non-FAQ,Ambad (Vadigodri) APMC,2580,1500,2341,Maharashtra,Other
2026-06-23,Wheat,1,Dhule,Non-FAQ,Dondaicha APMC,2541,2100,2486,Maharashtra,Other
2026-06-23,Wheat,1,Chattrapati Sambhajinagar,Non-FAQ,Agricultural Produce Market Committee Sillod,2390,2200,2300,Maharashtra,Other
2026-06-23,Wheat,1,Dhule,Non-FAQ,Sakri APMC,2360,2271,2271,Maharashtra,Other
2026-06-23,Wheat,1,Nandurbar,Non-FAQ,Navapur APMC,2400,2300,2336,Maharashtra,Other
2026-06-23,Wheat,1,Jalgaon,Non-FAQ,APMC CHOPADA,2325,2152,2152,Maharashtra,Other
2026-06-23,Wheat,1,Wardha,Non-FAQ,Ashti(Karanja) APMC,2360,2000,2100,Maharashtra,Other
2026-06-23,Wheat,1,Dhule,Non-FAQ,Dhule APMC,2371,2100,2300,Maharashtra,Other
2026-06-23,Wheat,1,Amarawati,Non-FAQ,Chandur Bazar APMC,2450,2050,2200,Maharashtra,Other
2026-06-23,Wheat,1,Mumbai,FAQ,Mumbai APMC,5500,2800,4150,Maharashtra,Other
2026-06-23,Wheat,1,Nandurbar,Non-FAQ,Shahada APMC,2557,2411,2470,Maharashtra,Other
2026-06-23,Wheat,1,Amarawati,Non-FAQ,Amarawati APMC,2400,2200,2300,Maharashtra,Other
2026-06-24,Wheat,1,Jalna,Non-FAQ,Jalana APMC,2561,2200,2425,Maharashtra,Other
2026-06-24,Wheat,1,Solapur,Non-FAQ,Akluj APMC,2400,2300,2360,Maharashtra,Other
2026-06-24,Wheat,1,Dhule,Non-FAQ,Sakri APMC,2371,2371,2371,Maharashtra,Other
2026-06-24,Wheat,1,Chattrapati Sambhajinagar,Non-FAQ,Chattrapati Sambhajinagar APMC,2572,2320,2446,Maharashtra,Other
2026-06-24,Wheat,1,Nashik,Non-FAQ,Devala APMC,2425,2424,2425,Maharashtra,Maharashtra 2189
2026-06-24,Wheat,1,Yavatmal,Local,"Mahesh Krushi Utpanna Bazar, Digras, Dist Yeotmal",2325,2300,2318,Maharashtra,Other
2026-06-24,Wheat,1,Nagpur,Non-FAQ,Savner APMC,2260,2258,2260,Maharashtra,Other
2026-06-24,Wheat,1,Dharashiv,Non-FAQ,Umarga APMC,1800,1800,1800,Maharashtra,Maharashtra 2189
2026-06-24,Wheat,1,Buldhana,Non-FAQ,Lonar APMC,2424,2200,2312,Maharashtra,Other
2026-06-24,Wheat,1,Ahilyanagar,Non-FAQ,Shrirampur APMC,2300,2100,2200,Maharashtra,Other
2026-06-24,Wheat,1,Nashik,Non-FAQ,Yeola APMC,2550,2497,2500,Maharashtra,Maharashtra 2189
2026-06-24,Wheat,1,Dharashiv,Non-FAQ,Kalamb (Dharashiv) APMC,2325,1900,2200,Maharashtra,Maharashtra 2189
2026-06-24,Wheat,1,Nanded,Non-FAQ,Bhokar APMC,2150,2100,2125,Maharashtra,Other
2026-06-24,Wheat,1,Buldhana,Non-FAQ,Khamgaon APMC,2350,2150,2250,Maharashtra,Other
2026-06-24,Wheat,1,Wardha,Non-FAQ,Ashti(Karanja) APMC,2340,2000,2150,Maharashtra,Other
2026-06-24,Wheat,1,Chattrapati Sambhajinagar,Non-FAQ,Kannad APMC,2525,2351,2438,Maharashtra,Other
2026-06-24,Wheat,1,Ahilyanagar,Non-FAQ,Karjat APMC,2500,2200,2300,Maharashtra,Other
2026-06-24,Wheat,1,Ahilyanagar,Local,"Omchatinya Multi State Agro Purpose Co-Op Society, Dist Ahilyanagar",2400,2350,2350,Maharashtra,Other
2026-06-24,Wheat,1,Beed,Non-FAQ,Gevrai APMC,2400,2350,2400,Maharashtra,Other
2026-06-24,Wheat,1,Chattrapati Sambhajinagar,Non-FAQ,Vaijpur APMC,2540,2115,2500,Maharashtra,Other
2026-06-25,Wheat,1,Nashik,FAQ,Lasalgaon APMC,2661,2585,2622,Maharashtra,Maharashtra 2189
2026-06-25,Wheat,1,Bhandara,Non-FAQ,Bhandara APMC,2250,2200,2245,Maharashtra,Maharashtra 2189
2026-06-25,Wheat,1,Dharashiv,Non-FAQ,Umarga APMC,2050,2050,2050,Maharashtra,Maharashtra 2189
2026-06-25,Wheat,1,Yavatmal,Local,KISAN MARKET YARD,2415,2300,2381,Maharashtra,Other
2026-06-25,Wheat,1,Amarawati,Non-FAQ,Amarawati APMC,2400,2150,2275,Maharashtra,Other
2026-06-25,Wheat,1,Yavatmal,Local,"Mahesh Krushi Utpanna Bazar, Digras, Dist Yeotmal",2275,2275,2275,Maharashtra,Other
2026-06-25,Wheat,1,Nagpur,Non-FAQ,Savner APMC,2225,2225,2225,Maharashtra,Other
2026-06-25,Wheat,1,Buldhana,Non-FAQ,Chikali APMC,2400,2200,2300,Maharashtra,Other
2026-06-25,Wheat,1,Ahilyanagar,Non-FAQ,Jamkhed APMC,2500,2300,2400,Maharashtra,Other
2026-06-25,Wheat,1,Washim,Non-FAQ,Manora APMC,2436,2435,2435,Maharashtra,Other
2026-06-25,Wheat,1,Buldhana,Non-FAQ,Deoulgaon Raja APMC,2500,2200,2350,Maharashtra,Other
2026-06-25,Wheat,1,Buldhana,Non-FAQ,Mehekar APMC,2400,2000,2350,Maharashtra,Other
2026-06-25,Wheat,1,Pune,Non-FAQ,Shirur APMC,2500,2200,2300,Maharashtra,Other
2026-06-25,Wheat,1,Chattrapati Sambhajinagar,Non-FAQ,Chattrapati Sambhajinagar APMC,2580,2341,2520,Maharashtra,Other
2026-06-25,Wheat,1,Nanded,Non-FAQ,Kandhar APMC,2400,2000,2350,Maharashtra,Other
2026-06-26,Wheat,1,Jalna,Non-FAQ,Jafrabad APMC,2200,2000,2100,Maharashtra,Other
2026-06-27,Wheat,1,Buldhana,Non-FAQ,Deoulgaon Raja APMC,2511,2300,2300,Maharashtra,Other
2026-06-27,Wheat,1,Nanded,Non-FAQ,Loha APMC,2351,1951,2202,Maharashtra,Other
2026-06-27,Wheat,1,Chattrapati Sambhajinagar,Non-FAQ,Chattrapati Sambhajinagar APMC,2510,2400,2455,Maharashtra,Other
2026-06-27,Wheat,1,Amarawati,Non-FAQ,Anajngaon APMC,2400,2000,2200,Maharashtra,Other
2026-06-27,Wheat,1,Chattrapati Sambhajinagar,Non-FAQ,Kannad APMC,2451,2400,2425,Maharashtra,Other
2026-06-27,Wheat,1,Ahilyanagar,Non-FAQ,Rahuri(Vambori) APMC,2394,2394,2394,Maharashtra,Other
2026-06-27,Wheat,1,Jalna,Non-FAQ,Bhokardan APMC,2300,2100,2200,Maharashtra,Other
2026-06-27,Wheat,1,Chattrapati Sambhajinagar,Non-FAQ,Gangapur APMC,2568,2527,2568,Maharashtra,Other
2026-06-27,Wheat,1,Buldhana,Non-FAQ,Malkapur APMC,2551,2400,2470,Maharashtra,Other
2026-06-28,Wheat,1,Palghar,FAQ,Ulhasnagar APMC,3600,3200,3400,Maharashtra,Other
2026-06-28,Wheat,1,Bhandara,Non-FAQ,Tumsar APMC,2410,2390,2394,Maharashtra,Other
2026-06-29,Wheat,1,Parbhani,Non-FAQ,Gangakhed APMC,2400,2250,2250,Maharashtra,Other
2026-06-29,Wheat,1,Buldhana,Non-FAQ,Deoulgaon Raja APMC,2100,2100,2100,Maharashtra,Other
2026-06-29,Wheat,1,Dhule,FAQ,Shirpur APMC,2611,2611,2611,Maharashtra,Other
2026-06-29,Wheat,1,Parbhani,Non-FAQ,Manwat APMC,2531,2275,2475,Maharashtra,Other
2026-06-29,Wheat,1,Washim,Local,"Krushna Krishi Bazar, Washim",2600,2200,2417,Maharashtra,Other
2026-06-29,Wheat,1,Solapur,Non-FAQ,Barshi(Vairag) APMC,2465,2451,2452,Maharashtra,Other
2026-06-29,Wheat,1,Palghar,FAQ,Palghar APMC,3200,3200,3200,Maharashtra,Other
2026-06-29,Wheat,1,Nashik,FAQ,Satana APMC,2800,2800,2800,Maharashtra,Other
2026-06-29,Wheat,1,Buldhana,Non-FAQ,Khamgaon APMC,2425,2250,2338,Maharashtra,Other
2026-06-29,Wheat,1,Solapur,FAQ,Mangal Wedha APMC,3000,2700,2830,Maharashtra,Other
2026-06-29,Wheat,1,Dhule,Non-FAQ,Dhule APMC,2531,2326,2444,Maharashtra,Other
2026-06-29,Wheat,1,Dhule,Non-FAQ,Dondaicha APMC,2570,2200,2542,Maharashtra,Other
2026-06-29,Wheat,1,Nashik,Non-FAQ,Malegaon APMC,2582,1700,2525,Maharashtra,Other
2026-06-29,Wheat,1,Solapur,Non-FAQ,Karmala APMC,2555,2350,2451,Maharashtra,Other
2026-06-29,Wheat,1,Wardha,Non-FAQ,Ashti(Karanja) APMC,2450,2100,2250,Maharashtra,Other
2026-06-29,Wheat,1,Pune,Non-FAQ,Baramati APMC,2580,1800,2550,Maharashtra,Kalyan
2026-06-29,Wheat,1,Akola,Non-FAQ,Akola APMC,2430,2350,2385,Maharashtra,Other
2026-06-30,Wheat,1,Nashik,Non-FAQ,Manmad APMC,2580,2375,2473,Maharashtra,Other
2026-06-30,Wheat,1,Buldhana,Non-FAQ,Khamgaon APMC,2425,2250,2338,Maharashtra,Other
2026-06-30,Wheat,1,Amarawati,Non-FAQ,Dhamngaon-Railway APMC,2470,2400,2440,Maharashtra,Other
2026-06-30,Wheat,1,Nashik,Non-FAQ,Sinner APMC,2550,2485,2500,Maharashtra,Other
2026-06-30,Wheat,1,Buldhana,Non-FAQ,Malkapur APMC,2530,2400,2500,Maharashtra,Other
2026-06-30,Wheat,1,Akola,Non-FAQ,Telhara APMC,2450,2305,2410,Maharashtra,Other
2026-06-30,Wheat,1,Ahilyanagar,Non-FAQ,Kopargaon APMC,2580,2479,2533,Maharashtra,Other
2026-06-30,Wheat,1,Jalgaon,Non-FAQ,APMC CHOPADA,2490,2112,2251,Maharashtra,Other
2026-06-30,Wheat,1,Nashik,FAQ,Satana APMC,2802,2802,2802,Maharashtra,Other
2026-06-30,Wheat,1,Chattrapati Sambhajinagar,Non-FAQ,Kannad APMC,2450,2300,2375,Maharashtra,Other
2026-06-30,Wheat,1,Yavatmal,Local,"Mahesh Krushi Utpanna Bazar, Digras, Dist Yeotmal",2400,2350,2386,Maharashtra,Other
2026-06-30,Wheat,1,Buldhana,Non-FAQ,Mehekar APMC,2350,2000,2250,Maharashtra,Other
2026-06-30,Wheat,1,Jalgaon,Non-FAQ,APMC PACHORA,2460,2150,2271,Maharashtra,Other
2026-06-30,Wheat,1,Jalgaon,Non-FAQ,Amalner APMC,2467,2300,2467,Maharashtra,Other
2026-06-30,Wheat,1,Amarawati,Non-FAQ,Nandgaon Khandeshwar APMC,2430,2250,2340,Maharashtra,Other
2026-06-30,Wheat,1,Kolhapur,FAQ,Kolhapur(Laxmipuri) APMC,4100,2900,3500,Maharashtra,Other
2026-06-30,Wheat,1,Nashik,Non-FAQ,Malegaon APMC,2583,2151,2521,Maharashtra,Other
2026-06-30,Wheat,1,Dhule,FAQ,Dondaicha APMC,2599,2591,2598,Maharashtra,Other
2026-06-30,Wheat,1,Pune,Non-FAQ,Shirur APMC,2500,2100,2350,Maharashtra,Other
2026-06-30,Wheat,1,Washim,Non-FAQ,Manora APMC,2500,2450,2475,Maharashtra,Other
2026-07-01,Wheat,1,Chattrapati Sambhajinagar,FAQ,Vaijpur APMC,2655,2600,2640,Maharashtra,Other
2026-07-01,Wheat,1,Ahilyanagar,Non-FAQ,Shrirampur APMC,2511,2200,2400,Maharashtra,Other
2026-07-01,Wheat,1,Yavatmal,Non-FAQ,Digras APMC,2520,2490,2505,Maharashtra,Other
2026-07-01,Wheat,1,Beed,Non-FAQ,Kada APMC,2400,2050,2350,Maharashtra,Other
2026-07-01,Wheat,1,Pune,FAQ,Nira(Saswad) APMC,3100,2590,2750,Maharashtra,Other
2026-07-01,Wheat,1,Ahilyanagar,Non-FAQ,Ahilyanagar APMC,2400,2200,2300,Maharashtra,Other
2026-07-01,Wheat,1,Dharashiv,Non-FAQ,Paranda APMC,2250,2250,2250,Maharashtra,Other
2026-07-01,Wheat,1,Amarawati,Non-FAQ,Achalpur APMC,2550,2200,2375,Maharashtra,Other
2026-07-01,Wheat,1,Solapur,Non-FAQ,Barshi(Vairag) APMC,2451,2400,2400,Maharashtra,Other
2026-07-01,Wheat,1,Yavatmal,Non-FAQ,Umarkhed APMC,2350,2200,2300,Maharashtra,Other
2026-07-01,Wheat,1,Buldhana,Non-FAQ,Nandura APMC,2530,2235,2530,Maharashtra,Other
2026-07-01,Wheat,1,Parbhani,FAQ,Gangakhed APMC,2800,2700,2700,Maharashtra,Other
2026-07-01,Wheat,1,Nandurbar,Non-FAQ,Navapur APMC,2300,2200,2236,Maharashtra,Other
2026-07-01,Wheat,1,Dhule,Non-FAQ,Dondaicha (Sindhkheda) APMC,2360,2275,2300,Maharashtra,Other
2026-07-01,Wheat,1,Ahilyanagar,Non-FAQ,Shevgaon(Bodhegaon) APMC,2500,2300,2300,Maharashtra,Maharashtra 2189
2026-07-01,Wheat,1,Dhule,FAQ,Dondaicha APMC,2621,2586,2595,Maharashtra,Other
2026-07-01,Wheat,1,Washim,Non-FAQ,Washim APMC,2450,2130,2300,Maharashtra,Maharashtra 2189
2026-07-01,Wheat,1,Ahilyanagar,Non-FAQ,Shevgaon APMC,2450,2350,2450,Maharashtra,Maharashtra 2189
2026-07-01,Wheat,1,Amarawati,Non-FAQ,Nandgaon Khandeshwar APMC,2421,2240,2330,Maharashtra,Other
2026-07-01,Wheat,1,Nashik,Non-FAQ,Devala APMC,2495,2375,2480,Maharashtra,Maharashtra 2189
2026-07-01,Wheat,1,Nagpur,Non-FAQ,Agriculture Produce Market Committee Katol,2440,2440,2440,Maharashtra,Other
2026-07-01,Wheat,1,Nandurbar,Non-FAQ,Shahada APMC,2584,2450,2540,Maharashtra,Other
2026-07-01,Wheat,1,Wardha,Non-FAQ,Wardha APMC,2550,2450,2500,Maharashtra,Other
2026-07-01,Wheat,1,Beed,Non-FAQ,Vadvani APMC,2400,2200,2351,Maharashtra,Other
2026-07-01,Wheat,1,Hingoli,FAQ,Akhadabalapur APMC,5800,2600,2700,Maharashtra,Maharashtra 2189
2026-07-01,Wheat,1,Ahilyanagar,FAQ,Pathardi APMC,2800,2585,2650,Maharashtra,Maharashtra 2189
2026-07-01,Wheat,1,Solapur,Non-FAQ,Dudhani APMC,2500,2155,2419,Maharashtra,Maharashtra 2189
2026-07-01,Wheat,1,Hingoli,Non-FAQ,Hingoli APMC,2520,2200,2360,Maharashtra,Sharbati
2026-07-01,Wheat,1,Dhule,Non-FAQ,Dondaicha APMC,2579,2200,2542,Maharashtra,Other
2026-07-01,Wheat,1,Jalna,Non-FAQ,Jalana APMC,2550,2200,2550,Maharashtra,Other
2026-07-02,Wheat,1,Nandurbar,Non-FAQ,Shahada APMC,2584,2350,2475,Maharashtra,Other
2026-07-02,Wheat,1,Nashik,FAQ,Yeola APMC,2661,2661,2661,Maharashtra,Maharashtra 2189
2026-07-02,Wheat,1,Akola,FAQ,Akola APMC,3500,2950,3125,Maharashtra,Sharbati
2026-07-02,Wheat,1,Palghar,FAQ,Kalyan APMC,3500,3000,3250,Maharashtra,Sharbati
2026-07-02,Wheat,1,Nashik,Non-FAQ,Devala APMC,2490,2450,2485,Maharashtra,Maharashtra 2189
2026-07-02,Wheat,1,Solapur,Non-FAQ,Dudhani APMC,2580,2450,2508,Maharashtra,Maharashtra 2189
2026-07-02,Wheat,1,Washim,Non-FAQ,Washim APMC,2581,2230,2450,Maharashtra,Maharashtra 2189
2026-07-02,Wheat,1,Ahilyanagar,Non-FAQ,Shevgaon(Bodhegaon) APMC,2300,2200,2200,Maharashtra,Maharashtra 2189
2026-07-02,Wheat,1,Nagpur,FAQ,Umared APMC,3200,2600,2850,Maharashtra,Other
2026-07-02,Wheat,1,Solapur,FAQ,SHRI.SIDDHESHWAR  APMC,4035,2620,3570,Maharashtra,Sharbati
2026-07-02,Wheat,1,Nagpur,Non-FAQ,Umared APMC,2450,2250,2300,Maharashtra,Other
2026-07-02,Wheat,1,Ahilyanagar,Non-FAQ,Shrirampur(Belapur) APMC,2200,2100,2150,Maharashtra,Other
2026-07-02,Wheat,1,Beed,Non-FAQ,Gevrai APMC,2550,2400,2450,Maharashtra,Other
2026-07-02,Wheat,1,Wardha,Non-FAQ,APMC SINDI BRANCH SELOO,2500,2200,2370,Maharashtra,Other
2026-07-02,Wheat,1,Dhule,FAQ,Shirpur APMC,2585,2585,2585,Maharashtra,Other
2026-07-02,Wheat,1,Nagpur,Non-FAQ,Agriculture Produce Market Committee Katol,2441,2441,2441,Maharashtra,Other
2026-07-02,Wheat,1,Ahilyanagar,FAQ,Kopargaon APMC,2660,2585,2585,Maharashtra,Other
2026-07-02,Wheat,1,Akola,Non-FAQ,Akot APMC,2505,2395,2500,Maharashtra,147 Average
2026-07-02,Wheat,1,Nagpur,Non-FAQ,Savner APMC,2400,2380,2390,Maharashtra,Other
2026-07-02,Wheat,1,Buldhana,Non-FAQ,Malkapur APMC,2510,2460,2500,Maharashtra,Other
2026-07-02,Wheat,1,Washim,Non-FAQ,Karanja APMC,2565,2495,2525,Maharashtra,Other
2026-07-02,Wheat,1,Nashik,FAQ,Sinner APMC,2595,2595,2595,Maharashtra,Other
2026-07-02,Wheat,1,Chattrapati Sambhajinagar,Non-FAQ,Chattrapati Sambhajinagar APMC,2584,2470,2527,Maharashtra,Other
2026-07-02,Wheat,1,Ahilyanagar,Non-FAQ,Rahuri APMC,2450,2200,2375,Maharashtra,Other
2026-07-02,Wheat,1,Jalna,FAQ,Jalana APMC,2675,2675,2675,Maharashtra,Other
2026-07-02,Wheat,1,Kolhapur,FAQ,Kolhapur(Laxmipuri) APMC,4200,2800,3500,Maharashtra,Other
2026-07-02,Wheat,1,Palghar,FAQ,Ulhasnagar APMC,3400,3000,3200,Maharashtra,Other
2026-07-02,Wheat,1,Akola,Non-FAQ,Telhara APMC,2460,2375,2410,Maharashtra,Other
2026-07-02,Wheat,1,Solapur,Non-FAQ,Karmala APMC,2580,2566,2566,Maharashtra,Other
2026-07-02,Wheat,1,Jalna,Non-FAQ,Jalana APMC,2550,2300,2550,Maharashtra,Other
2026-07-03,Wheat,1,Washim,Non-FAQ,Malegaon(Vashim) APMC,2400,2000,2250,Maharashtra,Other
2026-07-03,Wheat,1,Nandurbar,Non-FAQ,Shahada APMC,2574,2261,2261,Maharashtra,Other
2026-07-03,Wheat,1,Buldhana,FAQ,Malkapur APMC,2600,2600,2600,Maharashtra,Other
2026-07-03,Wheat,1,Buldhana,Non-FAQ,Malkapur APMC,2505,2300,2500,Maharashtra,Other
2026-07-03,Wheat,1,Nagpur,Non-FAQ,Savner APMC,2350,2350,2350,Maharashtra,Other
2026-07-03,Wheat,1,Nashik,Non-FAQ,Satana APMC,2565,2565,2565,Maharashtra,Other
2026-07-03,Wheat,1,Akola,Non-FAQ,Patur APMC,2400,2000,2345,Maharashtra,Maharashtra 2189
2026-07-03,Wheat,1,Ahilyanagar,Non-FAQ,Ahilyanagar APMC,2550,2550,2550,Maharashtra,Other
2026-07-03,Wheat,1,Dharashiv,Non-FAQ,Umarga APMC,2321,2300,2310,Maharashtra,Maharashtra 2189
2026-07-03,Wheat,1,Parbhani,FAQ,Gangakhed APMC,2750,2700,2700,Maharashtra,Other
2026-07-03,Wheat,1,Washim,Non-FAQ,Manora APMC,2548,2527,2537,Maharashtra,Other
2026-07-03,Wheat,1,Jalgaon,Non-FAQ,APMC CHOPADA,2553,2411,2475,Maharashtra,Other
2026-07-03,Wheat,1,Buldhana,Non-FAQ,Jalgaon Jamod(Aasalgaon) APMC,2400,2200,2300,Maharashtra,Maharashtra 2189
2026-07-03,Wheat,1,Nashik,FAQ,Lasalgaon(Niphad) APMC,2615,2591,2600,Maharashtra,Maharashtra 2189
2026-07-03,Wheat,1,Sangli,FAQ,Tasgaon APMC,4060,3650,3960,Maharashtra,Other
2026-07-03,Wheat,1,Jalna,Non-FAQ,Partur APMC,2500,2400,2412,Maharashtra,Maharashtra 2189
2026-07-03,Wheat,1,Jalgaon,Non-FAQ,Amalner APMC,2474,2200,2337,Maharashtra,Other
2026-07-03,Wheat,1,Buldhana,Non-FAQ,Lonar APMC,2424,2300,2362,Maharashtra,Other
2026-07-03,Wheat,1,Nagpur,Non-FAQ,Nagpur APMC,2530,2494,2521,Maharashtra,Other
2026-07-03,Wheat,1,Akola,Non-FAQ,Murtizapur APMC,2515,2000,2260,Maharashtra,Other
2026-07-03,Wheat,1,Nanded,Non-FAQ,Bhokar APMC,2205,2150,2178,Maharashtra,Other
2026-07-03,Wheat,1,Yavatmal,Non-FAQ,Yavatmal APMC,2520,2450,2485,Maharashtra,Other
2026-07-03,Wheat,1,Palghar,FAQ,Kalyan APMC,3500,3000,3250,Maharashtra,Sharbati
2026-07-04,Wheat,1,Akola,Non-FAQ,Akola APMC,2575,2200,2485,Maharashtra,Other
2026-07-04,Wheat,1,Latur,Non-FAQ,Aurad Shahajani APMC,2341,2330,2335,Maharashtra,Maharashtra 2189
2026-07-04,Wheat,1,Wardha,Non-FAQ,APMC SINDI BRANCH SELOO,2500,2200,2370,Maharashtra,Other
2026-07-04,Wheat,1,Solapur,FAQ,Dudhani APMC,2610,2610,2610,Maharashtra,Maharashtra 2189
2026-07-04,Wheat,1,Nagpur,FAQ,Nagpur APMC,3500,3200,3425,Maharashtra,Sharbati
2026-07-04,Wheat,1,Ahilyanagar,FAQ,Pathardi APMC,2800,2585,2700,Maharashtra,Maharashtra 2189
2026-07-04,Wheat,1,Chattrapati Sambhajinagar,Non-FAQ,Paithan APMC,2551,2251,2375,Maharashtra,Bansi
2026-07-04,Wheat,1,Ahilyanagar,Non-FAQ,Shevgaon(Bodhegaon) APMC,2500,2500,2500,Maharashtra,Maharashtra 2189
2026-07-04,Wheat,1,Nagpur,Non-FAQ,Umared APMC,2450,2250,2325,Maharashtra,Other
2026-07-04,Wheat,1,Nashik,Non-FAQ,Lasalgaon(Niphad) APMC,2561,2500,2561,Maharashtra,Maharashtra 2189
2026-07-04,Wheat,1,Bhandara,Non-FAQ,Tumsar APMC,2438,2438,2438,Maharashtra,Other
2026-07-04,Wheat,1,Chattrapati Sambhajinagar,Non-FAQ,Sillod(Bharadi) APMC,2475,2475,2475,Maharashtra,Other
2026-07-04,Wheat,1,Ahilyanagar,Non-FAQ,Jamkhed APMC,2500,2300,2400,Maharashtra,Other
2026-07-04,Wheat,1,Buldhana,Non-FAQ,Malkapur APMC,2490,2440,2450,Maharashtra,Other
2026-07-04,Wheat,1,Nashik,FAQ,Lasalgaon(Niphad) APMC,2620,2590,2601,Maharashtra,Maharashtra 2189
2026-07-05,Wheat,1,Buldhana,Non-FAQ,Buldhana APMC,2300,1900,2100,Maharashtra,Other
2026-07-05,Wheat,1,Nagpur,Non-FAQ,Agriculture Produce Market Committee Katol,2481,2461,2471,Maharashtra,Other
2026-07-05,Wheat,1,Akola,Non-FAQ,Balapur APMC,2375,2200,2300,Maharashtra,Other
2026-07-05,Wheat,1,Chattrapati Sambhajinagar,Non-FAQ,Kannad APMC,2575,2351,2475,Maharashtra,Other
2026-07-05,Wheat,1,Latur,Non-FAQ,Ausa APMC,2401,2150,2238,Maharashtra,Maharashtra 2189
2026-07-05,Wheat,1,Chattrapati Sambhajinagar,FAQ,Paithan APMC,2600,2600,2600,Maharashtra,Bansi
2026-07-06,Wheat,1,Buldhana,Non-FAQ,Mehekar APMC,2400,2000,2250,Maharashtra,Other
2026-07-06,Wheat,1,Nagpur,Non-FAQ,Nagpur APMC,2546,2410,2512,Maharashtra,Other
2026-07-06,Wheat,1,Dhule,Non-FAQ,Shirpur APMC,2580,2200,2541,Maharashtra,Other
2026-07-06,Wheat,1,Ahilyanagar,FAQ,Kopargaon APMC,2631,2587,2595,Maharashtra,Other
2026-07-06,Wheat,1,Chattrapati Sambhajinagar,Non-FAQ,Chattrapati Sambhajinagar APMC,2580,2350,2465,Maharashtra,Other
2026-07-06,Wheat,1,Jalgaon,Non-FAQ,Amalner APMC,2500,2400,2500,Maharashtra,Other
2026-07-06,Wheat,1,Bhandara,Non-FAQ,Tumsar APMC,2446,2400,2440,Maharashtra,Other
2026-07-06,Wheat,1,Chattrapati Sambhajinagar,Non-FAQ,Agricultural Produce Market Committee Sillod,2500,2400,2450,Maharashtra,Other
2026-07-06,Wheat,1,Beed,FAQ,Gevrai APMC,2710,2710,2710,Maharashtra,Other
2026-07-06,Wheat,1,Nanded,Non-FAQ,Loha APMC,2501,2100,2251,Maharashtra,Other
2026-07-06,Wheat,1,Ahilyanagar,Non-FAQ,Karjat APMC,2500,2200,2400,Maharashtra,Other
2026-07-06,Wheat,1,Buldhana,Non-FAQ,Chikali APMC,2350,2000,2175,Maharashtra,Other
2026-07-06,Wheat,1,Beed,Non-FAQ,Kaij APMC,2370,2291,2351,Maharashtra,Other
2026-07-06,Wheat,1,Pune,Non-FAQ,Shirur APMC,2500,2200,2450,Maharashtra,Other
2026-07-06,Wheat,1,Buldhana,Non-FAQ,Deoulgaon Raja APMC,2553,2400,2500,Maharashtra,Other
2026-07-06,Wheat,1,Beed,Non-FAQ,Beed APMC,2500,2390,2401,Maharashtra,Other
2026-07-06,Wheat,1,Solapur,FAQ,Mangal Wedha APMC,2700,2700,2700,Maharashtra,Other
2026-07-06,Wheat,1,Yavatmal,Local,"Mahesh Krushi Utpanna Bazar, Digras, Dist Yeotmal",2475,2150,2417,Maharashtra,Other
2026-07-06,Wheat,1,Jalgaon,Non-FAQ,Chalisgaon APMC,2380,2311,2352,Maharashtra,Other
2026-07-06,Wheat,1,Solapur,FAQ,Barshi APMC,3000,2585,2600,Maharashtra,Other
2026-07-06,Wheat,1,Nagpur,FAQ,Nagpur APMC,3500,3200,3425,Maharashtra,Sharbati
2026-07-06,Wheat,1,Solapur,Non-FAQ,Barshi(Vairag) APMC,2491,2250,2461,Maharashtra,Other
2026-07-06,Wheat,1,Parbhani,Non-FAQ,Pathari APMC,2380,2250,2250,Maharashtra,Other
2026-07-06,Wheat,1,Bhandara,Non-FAQ,Bhandara APMC,2250,2250,2250,Maharashtra,Maharashtra 2189
2026-07-06,Wheat,1,Dharashiv,Non-FAQ,Murum APMC,2200,2200,2200,Maharashtra,Bansi
2026-07-06,Wheat,1,Pune,FAQ,Baramati APMC,2800,2590,2700,Maharashtra,Maharashtra 2189
2026-07-06,Wheat,1,Latur,Non-FAQ,Aurad Shahajani APMC,2584,2361,2450,Maharashtra,Maharashtra 2189
2026-07-06,Wheat,1,Dharashiv,Non-FAQ,Tuljapur APMC,2500,2200,2350,Maharashtra,Other
2026-07-06,Wheat,1,Akola,Non-FAQ,Akot APMC,2500,2295,2500,Maharashtra,147 Average
2026-07-06,Wheat,1,Dhule,Non-FAQ,Dondaicha (Sindhkheda) APMC,2405,2000,2222,Maharashtra,Other
2026-07-07,Wheat,1,Solapur,Non-FAQ,Barshi APMC,2475,2475,2475,Maharashtra,Other
2026-07-07,Wheat,1,Kolhapur,FAQ,Kolhapur(Laxmipuri) APMC,4000,2900,3400,Maharashtra,Other
2026-07-07,Wheat,1,Amarawati,Non-FAQ,Amarawati APMC,2500,2300,2400,Maharashtra,Other
2026-07-07,Wheat,1,Chattrapati Sambhajinagar,Non-FAQ,Chattrapati Sambhajinagar APMC,2580,1900,2240,Maharashtra,Other
2026-07-07,Wheat,1,Jalgaon,Non-FAQ,Chalisgaon APMC,2371,2250,2300,Maharashtra,Other
2026-07-07,Wheat,1,Ahilyanagar,Non-FAQ,Ahilyanagar APMC,2550,2550,2550,Maharashtra,Other
2026-07-07,Wheat,1,Chattrapati Sambhajinagar,Non-FAQ,Vaijpur APMC,2580,2150,2550,Maharashtra,Other
2026-07-07,Wheat,1,Chattrapati Sambhajinagar,FAQ,Vaijpur APMC,2615,2600,2610,Maharashtra,Other
2026-07-07,Wheat,1,Dharashiv,Non-FAQ,Murum APMC,2300,2250,2272,Maharashtra,Bansi
2026-07-07,Wheat,1,Dhule,Non-FAQ,Dhule APMC,2575,2300,2450,Maharashtra,Other
2026-07-07,Wheat,1,Chattrapati Sambhajinagar,FAQ,Paithan APMC,2600,2600,2600,Maharashtra,Bansi
2026-07-07,Wheat,1,Yavatmal,Non-FAQ,Umarkhed APMC,2350,2200,2300,Maharashtra,Other
2026-07-07,Wheat,1,Palghar,FAQ,Kalyan APMC,3500,3000,3250,Maharashtra,Sharbati
2026-07-07,Wheat,1,Ahilyanagar,Non-FAQ,Kopargaon APMC,2580,2550,2580,Maharashtra,Other
2026-07-07,Wheat,1,Chattrapati Sambhajinagar,Non-FAQ,Lasur Station APMC,2562,1600,2530,Maharashtra,Other
2026-07-07,Wheat,1,Ahilyanagar,Non-FAQ,Rahata APMC,2470,2400,2435,Maharashtra,Other
2026-07-07,Wheat,1,Pune,FAQ,Shirur APMC,2650,2600,2600,Maharashtra,Other
2026-07-07,Wheat,1,Nashik,Non-FAQ,Nandgaon APMC,2560,2460,2535,Maharashtra,Maharashtra 2189
2026-07-07,Wheat,1,Nashik,Non-FAQ,Malegaon APMC,2583,2200,2564,Maharashtra,Other
2026-07-07,Wheat,1,Dhule,FAQ,Dondaicha APMC,2588,2585,2587,Maharashtra,Other
2026-07-07,Wheat,1,Ahilyanagar,Non-FAQ,Shevgaon(Bodhegaon) APMC,2500,2300,2300,Maharashtra,Maharashtra 2189
2026-07-07,Wheat,1,Akola,Non-FAQ,Akola APMC,2520,2280,2480,Maharashtra,Other
2026-07-07,Wheat,1,Washim,Non-FAQ,Mangrulpeer APMC,2525,2400,2445,Maharashtra,Other
2026-07-07,Wheat,1,Nashik,FAQ,Satana APMC,2699,2611,2620,Maharashtra,Other
2026-07-07,Wheat,1,Ahilyanagar,FAQ,Rahuri(Vambori) APMC,2700,2700,2700,Maharashtra,Other
2026-07-07,Wheat,1,Washim,Non-FAQ,Washim APMC,2500,2130,2300,Maharashtra,Maharashtra 2189
2026-07-07,Wheat,1,Beed,Non-FAQ,Beed APMC,2530,2300,2503,Maharashtra,Other
2026-07-07,Wheat,1,Mumbai,FAQ,Mumbai APMC,5500,2800,4150,Maharashtra,Other
2026-07-07,Wheat,1,Chattrapati Sambhajinagar,Non-FAQ,Agricultural Produce Market Committee Sillod,2500,2350,2400,Maharashtra,Other
2026-07-07,Wheat,1,Yavatmal,Non-FAQ,Digras APMC,2535,2515,2520,Maharashtra,Other
2026-07-07,Wheat,1,Nagpur,Non-FAQ,Savner APMC,2465,2400,2440,Maharashtra,Other
2026-07-08,Wheat,1,Latur,Non-FAQ,Latur(Murud) APMC,2251,2151,2200,Maharashtra,Maharashtra 2189
2026-07-08,Wheat,1,Nashik,FAQ,Satana APMC,2800,2800,2800,Maharashtra,Other
2026-07-08,Wheat,1,Nanded,Non-FAQ,Loha APMC,2340,2000,2325,Maharashtra,Other
2026-07-08,Wheat,1,Nandurbar,Non-FAQ,APMC Nandurbar,2500,2330,2425,Maharashtra,Other
2026-07-08,Wheat,1,Akola,Non-FAQ,Murtizapur APMC,2505,2000,2255,Maharashtra,Other
2026-07-08,Wheat,1,Nashik,Non-FAQ,Yeola APMC,2571,2571,2571,Maharashtra,Maharashtra 2189
2026-07-08,Wheat,1,Wardha,Non-FAQ,Hinganghat APMC,2500,2000,2300,Maharashtra,Other
2026-07-08,Wheat,1,Yavatmal,Non-FAQ,Yavatmal APMC,2480,2400,2440,Maharashtra,Other
2026-07-08,Wheat,1,Latur,FAQ,Ahmedpur APMC,2600,2585,2592,Maharashtra,Other
2026-07-08,Wheat,1,Dharashiv,FAQ,Kalamb (Dharashiv) APMC,2841,2841,2841,Maharashtra,Maharashtra 2189
2026-07-08,Wheat,1,Hingoli,Non-FAQ,Hingoli APMC,2450,1980,2215,Maharashtra,Sharbati
2026-07-08,Wheat,1,Wardha,Non-FAQ,APMC SINDI BRANCH SELOO,2485,2200,2370,Maharashtra,Other
2026-07-08,Wheat,1,Parbhani,Non-FAQ,Parbhani APMC,2500,2000,2350,Maharashtra,Other
2026-07-08,Wheat,1,Dhule,Non-FAQ,Dondaicha APMC,2231,2231,2231,Maharashtra,Other
2026-07-08,Wheat,1,Nagpur,Non-FAQ,Nagpur APMC,2532,2480,2519,Maharashtra,Other
2026-07-08,Wheat,1,Beed,Non-FAQ,Gevrai APMC,2575,2450,2500,Maharashtra,Other
2026-07-08,Wheat,1,Palghar,FAQ,Kalyan APMC,3500,3000,3250,Maharashtra,Sharbati
2026-07-08,Wheat,1,Buldhana,Local,"Bsk Krishi Bazar Private Limited, Mehkar, Dist Buldhana",2400,2320,2363,Maharashtra,Other
2026-07-08,Wheat,1,Buldhana,Non-FAQ,Khamgaon APMC,2450,2100,2275,Maharashtra,Other
2026-07-08,Wheat,1,Chattrapati Sambhajinagar,Non-FAQ,Lasur Station APMC,2536,2411,2475,Maharashtra,Other
2026-07-08,Wheat,1,Jalna,FAQ,Jalana APMC,2626,2626,2626,Maharashtra,Other
2026-07-08,Wheat,1,Chattrapati Sambhajinagar,FAQ,Paithan APMC,2750,2750,2750,Maharashtra,Bansi
2026-07-08,Wheat,1,Amarawati,Non-FAQ,Amarawati APMC,2500,2350,2425,Maharashtra,Other
2026-07-08,Wheat,1,Jalna,Non-FAQ,Mantha APMC,2500,1925,2000,Maharashtra,Other
2026-07-09,Wheat,1,Washim,Non-FAQ,Karanja APMC,2530,2450,2500,Maharashtra,Other
2026-07-09,Wheat,1,Ahilyanagar,Non-FAQ,Jamkhed APMC,2500,2200,2350,Maharashtra,Other
2026-07-09,Wheat,1,Dhule,Non-FAQ,Dondaicha (Sindhkheda) APMC,2000,2000,2000,Maharashtra,Other
2026-07-09,Wheat,1,Wardha,Non-FAQ,Ashti(Karanja) APMC,2470,2100,2250,Maharashtra,Other
2026-07-09,Wheat,1,Nagpur,Non-FAQ,Umared APMC,2450,2300,2400,Maharashtra,Other
2026-07-09,Wheat,1,Latur,Non-FAQ,Ahmedpur APMC,2461,2370,2440,Maharashtra,Other
2026-07-09,Wheat,1,Wardha,Non-FAQ,Sindi(Selu) APMC,2480,2250,2350,Maharashtra,Other
2026-07-09,Wheat,1,Buldhana,Non-FAQ,Sangrampur(Varvatbakal) APMC,2450,2300,2400,Maharashtra,Other
2026-07-09,Wheat,1,Jalgaon,Non-FAQ,Jalgaon APMC,2550,2550,2550,Maharashtra,147 Average
2026-07-09,Wheat,1,Nashik,Non-FAQ,Nandgaon APMC,2584,2520,2550,Maharashtra,Maharashtra 2189
2026-07-09,Wheat,1,Pune,FAQ,Shirur APMC,2600,2600,2600,Maharashtra,Other
2026-07-09,Wheat,1,Ahilyanagar,Non-FAQ,Shrirampur(Belapur) APMC,2200,2100,2150,Maharashtra,Other
2026-07-09,Wheat,1,Latur,Non-FAQ,Aurad Shahajani APMC,2400,2391,2395,Maharashtra,Maharashtra 2189
2026-07-09,Wheat,1,Ahilyanagar,Non-FAQ,Shevgaon(Bodhegaon) APMC,2500,2400,2400,Maharashtra,Maharashtra 2189
2026-07-09,Wheat,1,Yavatmal,Non-FAQ,Vani APMC,2380,2370,2375,Maharashtra,Other
2026-07-09,Wheat,1,Solapur,FAQ,SHRI.SIDDHESHWAR  APMC,4070,2615,3600,Maharashtra,Sharbati
2026-07-09,Wheat,1,Parbhani,FAQ,Gangakhed APMC,2800,2700,2700,Maharashtra,Other
2026-07-09,Wheat,1,Beed,Non-FAQ,Gevrai APMC,2524,2450,2500,Maharashtra,Other
2026-07-09,Wheat,1,Beed,FAQ,Gevrai APMC,2599,2599,2599,Maharashtra,Other
2026-07-09,Wheat,1,Wardha,Non-FAQ,Wardha APMC,2575,2530,2550,Maharashtra,Other
2026-07-09,Wheat,1,Jalgaon,Non-FAQ,Chalisgaon APMC,2455,2339,2355,Maharashtra,Other
2026-07-09,Wheat,1,Solapur,Non-FAQ,Barshi(Vairag) APMC,2501,2427,2470,Maharashtra,Other
2026-07-09,Wheat,1,Nashik,FAQ,Satana APMC,3000,2770,2800,Maharashtra,Other
2026-07-09,Wheat,1,Nashik,Non-FAQ,Devala APMC,2535,2495,2515,Maharashtra,Maharashtra 2189
2026-07-09,Wheat,1,Jalna,FAQ,Jalana APMC,2700,2700,2700,Maharashtra,Other
2026-07-10,Wheat,1,Nashik,FAQ,Yeola APMC,2676,2590,2600,Maharashtra,Maharashtra 2189
2026-07-10,Wheat,1,Amarawati,Non-FAQ,Nandgaon Khandeshwar APMC,2445,2265,2310,Maharashtra,Other
2026-07-10,Wheat,1,Wardha,Non-FAQ,Wardha APMC,2565,2480,2525,Maharashtra,Other
2026-07-10,Wheat,1,Solapur,FAQ,Karmala APMC,2601,2601,2601,Maharashtra,Other
2026-07-10,Wheat,1,Kolhapur,FAQ,Kolhapur(Laxmipuri) APMC,4100,2900,3500,Maharashtra,Other
2026-07-10,Wheat,1,Nashik,FAQ,Sinner APMC,2620,2585,2590,Maharashtra,Other
2026-07-10,Wheat,1,Nagpur,Non-FAQ,Savner APMC,2480,2411,2450,Maharashtra,Other
2026-07-10,Wheat,1,Nagpur,FAQ,Nagpur APMC,3500,3200,3425,Maharashtra,Sharbati
2026-07-10,Wheat,1,Nanded,Non-FAQ,Nanded APMC,2575,2300,2435,Maharashtra,Sharbati
2026-07-10,Wheat,1,Ahilyanagar,Non-FAQ,Shevgaon(Bodhegaon) APMC,2500,2400,2400,Maharashtra,Maharashtra 2189
2026-07-10,Wheat,1,Washim,Non-FAQ,Washim(Ansing) APMC,2400,2250,2350,Maharashtra,Maharashtra 2189
2026-07-10,Wheat,1,Buldhana,Non-FAQ,Krushi Utpanna Bazar Samiti Shegaon,2375,2225,2320,Maharashtra,Other
2026-07-10,Wheat,1,Jalgaon,Non-FAQ,APMC CHOPADA,2522,2475,2491,Maharashtra,Other
2026-07-10,Wheat,1,Beed,Non-FAQ,Parali Vaijyanath APMC,2300,2200,2200,Maharashtra,Other
2026-07-10,Wheat,1,Ahilyanagar,Non-FAQ,Karjat(Rashin) APMC,2500,2200,2300,Maharashtra,Other
2026-07-10,Wheat,1,Pune,Non-FAQ,Shirur APMC,2500,2200,2450,Maharashtra,Other
2026-07-11,Wheat,1,Yavatmal,Local,KISAN MARKET YARD,2505,2300,2478,Maharashtra,Other
2026-07-11,Wheat,1,Nagpur,FAQ,Nagpur APMC,3300,3200,3275,Maharashtra,Sharbati
2026-07-11,Wheat,1,Latur,Non-FAQ,Aurad Shahajani APMC,2550,2351,2450,Maharashtra,Maharashtra 2189
2026-07-11,Wheat,1,Satara,FAQ,Vaduj APMC,3000,2600,2800,Maharashtra,Maharashtra 2189
2026-07-11,Wheat,1,Solapur,FAQ,SHRI.SIDDHESHWAR  APMC,4080,2610,3610,Maharashtra,Sharbati
2026-07-12,Wheat,1,Chattrapati Sambhajinagar,Non-FAQ,Agricultural Produce Market Committee Sillod,2500,2350,2400,Maharashtra,Other
2026-07-12,Wheat,1,Dharashiv,Non-FAQ,Bhoom APMC,2300,1800,2200,Maharashtra,Other
2026-07-12,Wheat,1,Beed,Non-FAQ,Kada APMC,2450,2150,2300,Maharashtra,Other
2026-07-13,Wheat,1,Solapur,FAQ,Mangal Wedha APMC,3000,2700,2950,Maharashtra,Other
2026-07-13,Wheat,1,Dharashiv,Non-FAQ,Paranda APMC,2300,2300,2300,Maharashtra,Other
2026-07-13,Wheat,1,Yavatmal,Local,"Mahesh Krushi Utpanna Bazar, Digras, Dist Yeotmal",2550,2425,2472,Maharashtra,Other
2026-07-13,Wheat,1,Solapur,Non-FAQ,Barshi APMC,2475,2475,2475,Maharashtra,Other
2026-07-13,Wheat,1,Palghar,FAQ,Palghar APMC,3300,3300,3300,Maharashtra,Other
2026-07-13,Wheat,1,Amarawati,Non-FAQ,Daryapur APMC,2300,2000,2250,Maharashtra,Other
2026-07-13,Wheat,1,Nashik,Non-FAQ,Nandgaon APMC,2584,2400,2550,Maharashtra,Maharashtra 2189
2026-07-13,Wheat,1,Ahilyanagar,Non-FAQ,Jamkhed APMC,2500,2300,2400,Maharashtra,Other
2026-07-13,Wheat,1,Jalgaon,Non-FAQ,Amalner APMC,2550,2492,2550,Maharashtra,Other
2026-07-13,Wheat,1,Amarawati,Non-FAQ,Nandgaon Khandeshwar APMC,2450,2260,2355,Maharashtra,Other
2026-07-13,Wheat,1,Yavatmal,Non-FAQ,Yavatmal APMC,2485,2405,2445,Maharashtra,Other
2026-07-13,Wheat,1,Solapur,FAQ,Dudhani APMC,2700,2700,2700,Maharashtra,Maharashtra 2189
2026-07-13,Wheat,1,Nandurbar,FAQ,APMC Nandurbar,2651,2651,2651,Maharashtra,Other
2026-07-13,Wheat,1,Bhandara,Non-FAQ,Bhandara APMC,2300,2300,2300,Maharashtra,Maharashtra 2189
2026-07-13,Wheat,1,Latur,Non-FAQ,Ahmedpur APMC,2500,2400,2453,Maharashtra,Other
2026-07-13,Wheat,1,Jalgaon,Non-FAQ,Chalisgaon APMC,2500,2100,2300,Maharashtra,Other
2026-07-14,Wheat,1,Nashik,Non-FAQ,Nandgaon APMC,2584,2490,2550,Maharashtra,Maharashtra 2189
2026-07-14,Wheat,1,Dharashiv,Non-FAQ,Tuljapur APMC,2500,2200,2400,Maharashtra,Other
2026-07-14,Wheat,1,Nashik,Non-FAQ,Manmad APMC,2580,2220,2513,Maharashtra,Other
2026-07-14,Wheat,1,Buldhana,Non-FAQ,Khamgaon APMC,2475,2300,2388,Maharashtra,Other
2026-07-14,Wheat,1,Dhule,Non-FAQ,Shirpur APMC,2567,2300,2500,Maharashtra,Other
2026-07-14,Wheat,1,Amarawati,Non-FAQ,Agricultural Produce Market Committee Nandgaon Khandeshwar,2425,2375,2400,Maharashtra,Other
2026-07-14,Wheat,1,Pune,FAQ,Shirur APMC,2600,2600,2600,Maharashtra,Other
2026-07-14,Wheat,1,Nashik,Non-FAQ,Lasalgaon APMC,2580,1800,2561,Maharashtra,Maharashtra 2189
2026-07-14,Wheat,1,Ahilyanagar,Non-FAQ,Shevgaon(Bodhegaon) APMC,2500,2400,2400,Maharashtra,Maharashtra 2189
2026-07-14,Wheat,1,Solapur,FAQ,Karmala APMC,2611,2601,2611,Maharashtra,Other
2026-07-14,Wheat,1,Akola,Non-FAQ,Akola APMC,2500,2340,2460,Maharashtra,Other
2026-07-14,Wheat,1,Ahilyanagar,Non-FAQ,Ahilyanagar APMC,2550,2550,2550,Maharashtra,Other
2026-07-14,Wheat,1,Wardha,Non-FAQ,Wardha APMC,2575,2510,2550,Maharashtra,Other
2026-07-14,Wheat,1,Jalgaon,Non-FAQ,APMC PACHORA,2515,2200,2311,Maharashtra,Other
2026-07-14,Wheat,1,Palghar,FAQ,Kalyan APMC,3500,3000,3250,Maharashtra,Sharbati
2026-07-14,Wheat,1,Nashik,Non-FAQ,Satana APMC,2200,2200,2200,Maharashtra,Other
2026-07-15,Wheat,1,Jalgaon,Non-FAQ,Chalisgaon APMC,2417,2396,2400,Maharashtra,Other
2026-07-15,Wheat,1,Wardha,FAQ,Wardha APMC,2590,2590,2590,Maharashtra,Other
2026-07-15,Wheat,1,Amarawati,Non-FAQ,Achalpur APMC,2500,2400,2450,Maharashtra,Other
2026-07-15,Wheat,1,Wardha,Non-FAQ,Wardha APMC,2575,2400,2550,Maharashtra,Other
2026-07-15,Wheat,1,Jalgaon,Non-FAQ,APMC PACHORA,2531,2190,2351,Maharashtra,Other
2026-07-15,Wheat,1,Sangli,FAQ,Tasgaon APMC,3600,2960,3380,Maharashtra,Other
2026-07-15,Wheat,1,Nanded,Non-FAQ,Bhokar APMC,2230,2230,2230,Maharashtra,Other
2026-07-15,Wheat,1,Nashik,Non-FAQ,Satana APMC,2551,1850,2350,Maharashtra,Other
2026-07-15,Wheat,1,Akola,FAQ,Akot APMC,2665,2600,2600,Maharashtra,147 Average
2026-07-15,Wheat,1,Nagpur,Non-FAQ,Agriculture Produce Market Committee Katol,2471,2457,2462,Maharashtra,Other
2026-07-15,Wheat,1,Buldhana,Non-FAQ,Buldhana APMC,2400,2000,2200,Maharashtra,Other
2026-07-15,Wheat,1,Amarawati,Non-FAQ,Chandur Bazar APMC,2500,2359,2413,Maharashtra,Other
2026-07-15,Wheat,1,Beed,Non-FAQ,Gevrai APMC,2500,2350,2400,Maharashtra,Other
2026-07-15,Wheat,1,Solapur,Non-FAQ,Karmala APMC,2576,2300,2495,Maharashtra,Other
2026-07-15,Wheat,1,Wardha,Non-FAQ,Hinganghat APMC,2525,2200,2300,Maharashtra,Other
2026-07-15,Wheat,1,Solapur,FAQ,Karmala APMC,2651,2596,2600,Maharashtra,Other
2026-07-15,Wheat,1,Jalgaon,Non-FAQ,APMC CHOPADA,2495,2461,2461,Maharashtra,Other
2026-07-15,Wheat,1,Dhule,Non-FAQ,Dondaicha APMC,2581,2251,2575,Maharashtra,Other
2026-07-15,Wheat,1,Washim,Non-FAQ,Mangrulpeer APMC,2565,2500,2550,Maharashtra,Other
2026-07-15,Wheat,1,Latur,FAQ,Ahmedpur APMC,2600,2585,2592,Maharashtra,Other
2026-07-15,Wheat,1,Beed,Non-FAQ,Kada APMC,2450,2150,2350,Maharashtra,Other
2026-07-15,Wheat,1,Yavatmal,Non-FAQ,Vani APMC,2385,2385,2385,Maharashtra,Other
2026-07-15,Wheat,1,Solapur,Non-FAQ,Barshi(Vairag) APMC,2525,2525,2525,Maharashtra,Other
2026-07-15,Wheat,1,Nashik,Non-FAQ,Sinner APMC,2565,1500,2550,Maharashtra,Other
2026-07-15,Wheat,1,Yavatmal,Local,"Mahesh Krushi Utpanna Bazar, Digras, Dist Yeotmal",2450,2400,2430,Maharashtra,Other
2026-07-15,Wheat,1,Nandurbar,Non-FAQ,APMC Nandurbar,2539,2000,2300,Maharashtra,Other
2026-07-15,Wheat,1,Palghar,FAQ,Kalyan APMC,3500,2800,3150,Maharashtra,Sharbati
2026-07-15,Wheat,1,Solapur,FAQ,SHRI.SIDDHESHWAR  APMC,4095,2615,3625,Maharashtra,Sharbati
2026-07-15,Wheat,1,Nashik,FAQ,Yeola APMC,2659,2592,2602,Maharashtra,Maharashtra 2189
2026-07-15,Wheat,1,Nashik,FAQ,Lasalgaon(Niphad) APMC,2661,2586,2610,Maharashtra,Maharashtra 2189
2026-07-15,Wheat,1,Ahilyanagar,Non-FAQ,Rahuri APMC,2500,2300,2400,Maharashtra,Other
2026-07-15,Wheat,1,Buldhana,Non-FAQ,Lonar APMC,2424,2300,2362,Maharashtra,Other
2026-07-15,Wheat,1,Ahilyanagar,Non-FAQ,Shevgaon(Bodhegaon) APMC,2500,2300,2300,Maharashtra,Maharashtra 2189
2026-07-15,Wheat,1,Beed,Non-FAQ,Kaij APMC,2475,2370,2400,Maharashtra,Other
2026-07-15,Wheat,1,Chattrapati Sambhajinagar,Non-FAQ,Kannad APMC,2580,2400,2500,Maharashtra,Other
2026-07-16,Wheat,1,Ahilyanagar,FAQ,Kopargaon APMC,2631,2585,2591,Maharashtra,Other
2026-07-16,Wheat,1,Jalna,Non-FAQ,Jalana APMC,2550,2515,2550,Maharashtra,Other
2026-07-16,Wheat,1,Parbhani,Non-FAQ,Pathari APMC,2300,2200,2200,Maharashtra,Other
2026-07-16,Wheat,1,Buldhana,Non-FAQ,Krushi Utpanna Bazar Samiti Shegaon,2400,2325,2360,Maharashtra,Other
2026-07-16,Wheat,1,Buldhana,Non-FAQ,Buldhana(Dhad) APMC,2400,2000,2200,Maharashtra,Other
2026-07-16,Wheat,1,Nagpur,Non-FAQ,Agriculture Produce Market Committee Katol,2470,2430,2450,Maharashtra,Other
2026-07-16,Wheat,1,Solapur,FAQ,Karmala APMC,2625,2600,2601,Maharashtra,Other
2026-07-16,Wheat,1,Ahilyanagar,FAQ,Rahuri(Vambori) APMC,2721,2721,2721,Maharashtra,Other
2026-07-16,Wheat,1,Nagpur,FAQ,Umared APMC,3200,2600,2800,Maharashtra,Other
2026-07-16,Wheat,1,Amarawati,Non-FAQ,Agricultural Produce Market Committee Nandgaon Khandeshwar,2460,2270,2365,Maharashtra,Other
2026-07-16,Wheat,1,Nashik,Non-FAQ,Manmad APMC,2580,2501,2530,Maharashtra,Other
2026-07-16,Wheat,1,Wardha,Non-FAQ,Wardha APMC,2580,2490,2550,Maharashtra,Other
2026-07-16,Wheat,1,Pune,Non-FAQ,Dound APMC,2550,2300,2500,Maharashtra,Maharashtra 2189
2026-07-16,Wheat,1,Nashik,Non-FAQ,Lasalgaon APMC,2580,2251,2580,Maharashtra,Maharashtra 2189
2026-07-16,Wheat,1,Wardha,Non-FAQ,Sindi(Selu) APMC,2500,2370,2450,Maharashtra,Other
2026-07-16,Wheat,1,Chattrapati Sambhajinagar,FAQ,Paithan APMC,2600,2600,2600,Maharashtra,Bansi
2026-07-16,Wheat,1,Parbhani,Non-FAQ,Parbhani APMC,2400,1800,2350,Maharashtra,Other
2026-07-16,Wheat,1,Nashik,FAQ,Lasalgaon(Niphad) APMC,2666,2587,2600,Maharashtra,Maharashtra 2189
2026-07-16,Wheat,1,Washim,Non-FAQ,Washim APMC,2485,2240,2350,Maharashtra,Maharashtra 2189
2026-07-16,Wheat,1,Washim,Non-FAQ,Washim(Ansing) APMC,2500,2400,2450,Maharashtra,Maharashtra 2189
2026-07-16,Wheat,1,Buldhana,Non-FAQ,Deoulgaon Raja APMC,2463,2417,2450,Maharashtra,Other
2026-07-16,Wheat,1,Palghar,FAQ,Palghar APMC,3201,3201,3201,Maharashtra,Other
2026-07-16,Wheat,1,Yavatmal,Non-FAQ,Yavatmal APMC,2500,2455,2478,Maharashtra,Other
2026-07-16,Wheat,1,Buldhana,Non-FAQ,Mehekar APMC,2300,2000,2200,Maharashtra,Other
2026-07-16,Wheat,1,Beed,FAQ,Majalgaon APMC,2651,2597,2618,Maharashtra,Other
2026-07-16,Wheat,1,Washim,Non-FAQ,Karanja APMC,2550,2485,2515,Maharashtra,Other
2026-07-16,Wheat,1,Amarawati,Non-FAQ,Achalpur APMC,2500,2350,2425,Maharashtra,Other
2026-07-16,Wheat,1,Yavatmal,Non-FAQ,Digras APMC,2520,2500,2500,Maharashtra,Other
2026-07-16,Wheat,1,Amarawati,Non-FAQ,Amarawati APMC,2500,2350,2425,Maharashtra,Other
2026-07-16,Wheat,1,Nagpur,Non-FAQ,Nagpur APMC,2562,2450,2534,Maharashtra,Other
2026-07-17,Wheat,1,Nashik,FAQ,Satana APMC,2886,2700,2795,Maharashtra,Other
2026-07-17,Wheat,1,Yavatmal,Non-FAQ,Yavatmal APMC,2525,2525,2525,Maharashtra,Other
2026-07-17,Wheat,1,Wardha,Non-FAQ,APMC SINDI BRANCH SELOO,2475,2370,2400,Maharashtra,Other
2026-07-17,Wheat,1,Chattrapati Sambhajinagar,Non-FAQ,Chattrapati Sambhajinagar APMC,2580,2466,2523,Maharashtra,Other
2026-07-17,Wheat,1,Ahilyanagar,Non-FAQ,Jamkhed APMC,2500,2200,2350,Maharashtra,Other
2026-07-17,Wheat,1,Wardha,Non-FAQ,Sindi APMC,2450,2100,2350,Maharashtra,Other
2026-07-17,Wheat,1,Buldhana,Non-FAQ,Nandura APMC,2501,2358,2501,Maharashtra,Other
2026-07-17,Wheat,1,Buldhana,Non-FAQ,Lonar APMC,2424,2350,2387,Maharashtra,Other
2026-07-17,Wheat,1,Nashik,FAQ,Lasalgaon(Vinchur) APMC,2700,2585,2625,Maharashtra,Other
2026-07-17,Wheat,1,Washim,Non-FAQ,Mangrulpeer APMC,2570,2400,2425,Maharashtra,Other
2026-07-17,Wheat,1,Latur,FAQ,Ahmedpur APMC,2650,2585,2617,Maharashtra,Other
2026-07-17,Wheat,1,Jalgaon,Non-FAQ,Amalner APMC,2571,2525,2571,Maharashtra,Other
2026-07-17,Wheat,1,Buldhana,Non-FAQ,Chikali APMC,2300,2000,2150,Maharashtra,Other
2026-07-17,Wheat,1,Solapur,FAQ,Karmala APMC,2700,2600,2650,Maharashtra,Other
2026-07-17,Wheat,1,Amarawati,Non-FAQ,Agricultural Produce Market Committee Nandgaon Khandeshwar,2425,2275,2350,Maharashtra,Other
2026-07-17,Wheat,1,Yavatmal,Local,"Shekari Krushi Khajgi Bazar, Arni, Dist Yavatmal",2441,2340,2400,Maharashtra,Other
2026-07-17,Wheat,1,Palghar,FAQ,Kalyan APMC,3500,2800,3150,Maharashtra,Sharbati
2026-07-17,Wheat,1,Dharashiv,Non-FAQ,Kalamb (Dharashiv) APMC,2581,2300,2450,Maharashtra,Maharashtra 2189
2026-07-17,Wheat,1,Dharashiv,FAQ,Agriculture Produce Market Committee Umarga,2750,2750,2750,Maharashtra,Maharashtra 2189
2026-07-17,Wheat,1,Nashik,FAQ,Lasalgaon APMC,2816,2585,2600,Maharashtra,Maharashtra 2189
2026-07-17,Wheat,1,Nashik,Non-FAQ,Lasalgaon(Niphad) APMC,2570,2448,2511,Maharashtra,Maharashtra 2189
2026-07-17,Wheat,1,Solapur,FAQ,Dudhani APMC,2840,2655,2750,Maharashtra,Maharashtra 2189
2026-07-17,Wheat,1,Nashik,Non-FAQ,Devala APMC,2570,2535,2550,Maharashtra,Maharashtra 2189
2026-07-17,Wheat,1,Chattrapati Sambhajinagar,Non-FAQ,Gangapur APMC,2565,2451,2565,Maharashtra,Other
2026-07-17,Wheat,1,Dharashiv,Non-FAQ,Murum APMC,2500,2371,2414,Maharashtra,Bansi
2026-07-17,Wheat,1,Buldhana,FAQ,Deoulgaon Raja APMC,2600,2600,2600,Maharashtra,Other
2026-07-17,Wheat,1,Chattrapati Sambhajinagar,FAQ,Kannad APMC,2630,2585,2600,Maharashtra,Other
2026-07-17,Wheat,1,Nanded,Non-FAQ,Kandhar APMC,2400,1900,2350,Maharashtra,Other
2026-07-17,Wheat,1,Chattrapati Sambhajinagar,FAQ,Vaijpur APMC,2640,2585,2600,Maharashtra,Other
2026-07-18,Wheat,1,Ahilyanagar,Non-FAQ,Rahuri APMC,2525,2200,2350,Maharashtra,Other
2026-07-18,Wheat,1,Bhandara,Non-FAQ,Tumsar APMC,2475,2465,2471,Maharashtra,Other
2026-07-18,Wheat,1,Nanded,Non-FAQ,Loha APMC,2360,2100,2350,Maharashtra,Other
2026-07-18,Wheat,1,Nagpur,FAQ,Nagpur APMC,3500,3200,3425,Maharashtra,Sharbati
2026-07-18,Wheat,1,Washim,Non-FAQ,Washim(Ansing) APMC,2550,2350,2450,Maharashtra,Maharashtra 2189
2026-07-18,Wheat,1,Dharashiv,Non-FAQ,Tuljapur APMC,2500,2200,2400,Maharashtra,Other
2026-07-18,Wheat,1,Nashik,Non-FAQ,Malegaon APMC,2583,2150,2575,Maharashtra,Other
2026-07-18,Wheat,1,Amarawati,Non-FAQ,Chandur Railway APMC,2350,2350,2350,Maharashtra,Other
2026-07-18,Wheat,1,Palghar,FAQ,Palghar APMC,3350,3350,3350,Maharashtra,Other
2026-07-18,Wheat,1,Buldhana,Non-FAQ,Deoulgaon Raja APMC,2500,2000,2500,Maharashtra,Other
2026-07-18,Wheat,1,Nagpur,FAQ,Umared APMC,3200,2600,2800,Maharashtra,Other
2026-07-18,Wheat,1,Solapur,Non-FAQ,Barshi APMC,2550,2500,2500,Maharashtra,Other
2026-07-18,Wheat,1,Nagpur,Non-FAQ,Umared APMC,2500,2300,2400,Maharashtra,Other
2026-07-19,Wheat,1,Nagpur,Non-FAQ,Agriculture Produce Market Committee Katol,2475,2450,2460,Maharashtra,Other
2026-07-20,Wheat,1,Dharashiv,Non-FAQ,Murum APMC,2361,2361,2361,Maharashtra,Bansi
2026-07-20,Wheat,1,Pune,Non-FAQ,Baramati APMC,2580,2450,2550,Maharashtra,Maharashtra 2189
2026-07-20,Wheat,1,Pune,FAQ,Baramati APMC,2750,2590,2700,Maharashtra,Maharashtra 2189
2026-07-20,Wheat,1,Wardha,Non-FAQ,Ashti(Karanja) APMC,2430,2100,2250,Maharashtra,Other
2026-07-20,Wheat,1,Nagpur,Non-FAQ,Agriculture Produce Market Committee Katol,2515,2480,2500,Maharashtra,Other
2026-07-20,Wheat,1,Solapur,Non-FAQ,Akkalkot APMC,2300,2200,2300,Maharashtra,Other
2026-07-20,Wheat,1,Nashik,FAQ,Sinner APMC,2680,2585,2600,Maharashtra,Other
2026-07-20,Wheat,1,Pune,Non-FAQ,Shirur APMC,2400,2400,2400,Maharashtra,Other
2026-07-20,Wheat,1,Jalna,Non-FAQ,Jalana APMC,2575,2500,2575,Maharashtra,147 Average
2026-07-20,Wheat,1,Washim,Non-FAQ,Manora APMC,2565,2511,2538,Maharashtra,Other
2026-07-20,Wheat,1,Ahilyanagar,Non-FAQ,Shrirampur(Belapur) APMC,2300,2150,2200,Maharashtra,Other
2026-07-20,Wheat,1,Hingoli,Non-FAQ,Hingoli APMC,2480,1951,2215,Maharashtra,Sharbati
2026-07-20,Wheat,1,Chattrapati Sambhajinagar,FAQ,Gangapur APMC,2610,2585,2585,Maharashtra,Other
2026-07-20,Wheat,1,Buldhana,Local,"Bsk Krishi Bazar Private Limited, Mehkar, Dist Buldhana",2500,2300,2479,Maharashtra,Other
2026-07-20,Wheat,1,Palghar,FAQ,Kalyan APMC,3500,2800,3100,Maharashtra,Sharbati
2026-07-21,Wheat,1,Washim,FAQ,Karanja APMC,2600,2600,2600,Maharashtra,Other
2026-07-21,Wheat,1,Dharashiv,Non-FAQ,Murum APMC,2371,2371,2371,Maharashtra,Bansi
2026-07-21,Wheat,1,Chattrapati Sambhajinagar,Non-FAQ,Agricultural Produce Market Committee Sillod,2500,2400,2450,Maharashtra,Other
2026-07-21,Wheat,1,Chattrapati Sambhajinagar,Non-FAQ,Chattrapati Sambhajinagar APMC,2580,2400,2490,Maharashtra,Other
2026-07-21,Wheat,1,Ahilyanagar,FAQ,Ahilyanagar APMC,2625,2625,2625,Maharashtra,Other
2026-07-21,Wheat,1,Buldhana,Non-FAQ,Krushi Utpanna Bazar Samiti Shegaon,2350,2100,2305,Maharashtra,Other
2026-07-21,Wheat,1,Nagpur,Non-FAQ,Nagpur APMC,2584,2480,2558,Maharashtra,Other
2026-07-21,Wheat,1,Dhule,FAQ,Dhule APMC,2701,2586,2600,Maharashtra,Other
2026-07-21,Wheat,1,Dhule,FAQ,Dondaicha APMC,2648,2600,2642,Maharashtra,Other
2026-07-21,Wheat,1,Latur,Non-FAQ,Chakur APMC,2500,2500,2500,Maharashtra,Other
2026-07-21,Wheat,1,Pune,Non-FAQ,Shirur APMC,2500,2300,2500,Maharashtra,Other
2026-07-21,Wheat,1,Nanded,Non-FAQ,Kandhar APMC,2400,2000,2350,Maharashtra,Other
2026-07-21,Wheat,1,Mumbai,FAQ,Mumbai APMC,5500,2800,4150,Maharashtra,Other
2026-07-21,Wheat,1,Ahilyanagar,FAQ,Rahuri(Vambori) APMC,2656,2597,2626,Maharashtra,Other
2026-07-21,Wheat,1,Ahilyanagar,Local,"Omchatinya Multi State Agro Purpose Co-Op Society, Dist Ahilyanagar",2100,2100,2100,Maharashtra,Other
2026-07-22,Wheat,1,Solapur,FAQ,SHRI.SIDDHESHWAR  APMC,4125,2615,3655,Maharashtra,Sharbati
2026-07-22,Wheat,1,Pune,FAQ,Nira(Saswad) APMC,3200,2700,2950,Maharashtra,Other
2026-07-22,Wheat,1,Parbhani,Non-FAQ,Jintur APMC,2450,2450,2450,Maharashtra,Other
2026-07-22,Wheat,1,Beed,Non-FAQ,Beed APMC,2500,2369,2477,Maharashtra,Other
2026-07-22,Wheat,1,Dharashiv,Non-FAQ,Umarga APMC,2300,2300,2300,Maharashtra,Maharashtra 2189
2026-07-22,Wheat,1,Chattrapati Sambhajinagar,FAQ,Chattrapati Sambhajinagar APMC,3356,2600,2978,Maharashtra,Other
2026-07-22,Wheat,1,Nagpur,Non-FAQ,Agriculture Produce Market Committee Katol,2450,2450,2450,Maharashtra,Other
2026-07-22,Wheat,1,Jalgaon,Non-FAQ,Amalner APMC,2580,2400,2580,Maharashtra,Other
2026-07-22,Wheat,1,Jalna,Non-FAQ,Ambad (Vadigodri) APMC,2580,2100,2400,Maharashtra,Other
2026-07-22,Wheat,1,Chattrapati Sambhajinagar,FAQ,Gangapur APMC,2634,2600,2620,Maharashtra,Other
2026-07-22,Wheat,1,Washim,Local,"Krushna Krishi Bazar, Washim",2700,2300,2500,Maharashtra,Other
2026-07-22,Wheat,1,Nashik,Non-FAQ,Manmad APMC,2560,2560,2560,Maharashtra,Other
2026-07-22,Wheat,1,Chattrapati Sambhajinagar,Non-FAQ,Kannad APMC,2580,2300,2450,Maharashtra,Other
2026-07-22,Wheat,1,Dharashiv,FAQ,Tuljapur APMC,2700,2590,2600,Maharashtra,Other
2026-07-23,Wheat,1,Palghar,FAQ,Ulhasnagar APMC,3500,3000,3250,Maharashtra,Other
2026-07-23,Wheat,1,Chattrapati Sambhajinagar,Non-FAQ,Kannad APMC,2580,2550,2575,Maharashtra,Other
2026-07-23,Wheat,1,Ahilyanagar,Non-FAQ,Karjat APMC,2500,2200,2300,Maharashtra,Other
2026-07-23,Wheat,1,Dhule,Non-FAQ,Dondaicha APMC,2581,2550,2581,Maharashtra,Other
2026-07-23,Wheat,1,Kolhapur,FAQ,Kolhapur(Laxmipuri) APMC,4200,2950,3575,Maharashtra,Other
2026-07-23,Wheat,1,Nanded,Non-FAQ,Nanded APMC,2410,2390,2410,Maharashtra,Sharbati
2026-07-23,Wheat,1,Amarawati,Non-FAQ,Dhamngaon-Railway APMC,2530,2400,2500,Maharashtra,Other
2026-07-23,Wheat,1,Jalgaon,Non-FAQ,Amalner APMC,2582,2425,2582,Maharashtra,Other
2026-07-23,Wheat,1,Wardha,FAQ,Wardha APMC,2625,2585,2600,Maharashtra,Other
2026-07-23,Wheat,1,Buldhana,Non-FAQ,Deoulgaon Raja APMC,2500,2299,2500,Maharashtra,Other
2026-07-23,Wheat,1,Palghar,FAQ,Kalyan APMC,4000,3000,3500,Maharashtra,Sharbati
2026-07-23,Wheat,1,Chattrapati Sambhajinagar,FAQ,Gangapur APMC,2665,2591,2647,Maharashtra,Other
2026-07-23,Wheat,1,Nashik,Non-FAQ,Manmad APMC,2570,2540,2550,Maharashtra,Other
2026-07-23,Wheat,1,Nagpur,Non-FAQ,Agriculture Produce Market Committee Katol,2535,2450,2500,Maharashtra,Other
2026-07-23,Wheat,1,Jalna,FAQ,Jalana APMC,2761,2625,2761,Maharashtra,147 Average
2026-07-24,Wheat,1,Chattrapati Sambhajinagar,FAQ,Lasur Station APMC,2700,2650,2675,Maharashtra,Other
2026-07-24,Wheat,1,Nanded,Non-FAQ,Loha APMC,2425,2351,2375,Maharashtra,Other
2026-07-24,Wheat,1,Jalna,FAQ,Jalana APMC,2725,2630,2725,Maharashtra,147 Average
2026-07-24,Wheat,1,Dharashiv,Non-FAQ,Paranda APMC,2350,2350,2350,Maharashtra,Other
2026-07-24,Wheat,1,Beed,Non-FAQ,Patoda APMC,2500,2200,2400,Maharashtra,Other
2026-07-24,Wheat,1,Jalna,Non-FAQ,Jafrabad APMC,2400,2200,2300,Maharashtra,Other
2026-07-24,Wheat,1,Amarawati,Non-FAQ,Daryapur APMC,2302,2000,2250,Maharashtra,Other
2026-07-24,Wheat,1,Buldhana,FAQ,Malkapur APMC,2605,2605,2605,Maharashtra,Other
2026-07-24,Wheat,1,Amarawati,Non-FAQ,Achalpur APMC,2550,2400,2475,Maharashtra,Other
2026-07-24,Wheat,1,Yavatmal,FAQ,Yavatmal APMC,2620,2620,2620,Maharashtra,Other
2026-07-24,Wheat,1,Palghar,FAQ,Ulhasnagar APMC,3600,3000,3300,Maharashtra,Other
2026-07-24,Wheat,1,Wardha,Non-FAQ,Ashti(Karanja) APMC,2515,2300,2400,Maharashtra,Other
2026-07-24,Wheat,1,Nagpur,Non-FAQ,Agriculture Produce Market Committee Katol,2536,2470,2500,Maharashtra,Other
2026-07-24,Wheat,1,Yavatmal,Non-FAQ,Babhulgaon APMC,2545,2425,2500,Maharashtra,Other
2026-07-24,Wheat,1,Buldhana,Non-FAQ,Chikali APMC,2450,2050,2250,Maharashtra,Other
2026-07-24,Wheat,1,Wardha,Non-FAQ,APMC SINDI BRANCH SELOO,2584,2450,2525,Maharashtra,Other
2026-07-25,Wheat,1,Yavatmal,Non-FAQ,Babhulgaon APMC,2550,2451,2501,Maharashtra,Other
2026-07-25,Wheat,1,Solapur,FAQ,SHRI.SIDDHESHWAR  APMC,4140,2620,3675,Maharashtra,Sharbati
2026-07-26,Wheat,1,Ahilyanagar,Non-FAQ,Rahuri APMC,2550,2400,2475,Maharashtra,Other
2026-07-26,Wheat,1,Nanded,Non-FAQ,Kandhar APMC,2400,1900,2320,Maharashtra,Other
2026-07-27,Wheat,1,Wardha,FAQ,Hinganghat APMC,2595,2585,2590,Maharashtra,Other
2026-07-27,Wheat,1,Hingoli,Non-FAQ,Hingoli APMC,2500,2045,2272,Maharashtra,Sharbati
2026-07-27,Wheat,1,Wardha,Non-FAQ,Ashti(Karanja) APMC,2525,2300,2400,Maharashtra,Other
2026-07-27,Wheat,1,Nashik,FAQ,Satana APMC,2890,2651,2715,Maharashtra,Other
2026-07-27,Wheat,1,Nagpur,Non-FAQ,Agriculture Produce Market Committee Katol,2531,2531,2531,Maharashtra,Other
2026-07-27,Wheat,1,Beed,Non-FAQ,Gevrai APMC,2550,2550,2550,Maharashtra,Other
2026-07-27,Wheat,1,Palghar,FAQ,Ulhasnagar APMC,3500,3000,3250,Maharashtra,Other
2026-07-27,Wheat,1,Dharashiv,Non-FAQ,Tuljapur APMC,2580,2400,2500,Maharashtra,Other
2026-07-27,Wheat,1,Yavatmal,FAQ,Digras APMC,2640,2585,2595,Maharashtra,Other
2026-07-27,Wheat,1,Buldhana,FAQ,Deoulgaon Raja APMC,2751,2751,2751,Maharashtra,Other
2026-07-27,Wheat,1,Parbhani,Non-FAQ,Pathari APMC,2575,2000,2400,Maharashtra,Other
2026-07-27,Wheat,1,Chattrapati Sambhajinagar,FAQ,Chattrapati Sambhajinagar APMC,2775,2609,2692,Maharashtra,Other
2026-07-27,Wheat,1,Nashik,Non-FAQ,Satana APMC,2225,2225,2225,Maharashtra,Other
2026-07-27,Wheat,1,Latur,FAQ,Ahmedpur APMC,2600,2585,2592,Maharashtra,Other
2026-07-27,Wheat,1,Washim,Local,"Krushna Krishi Bazar, Washim",2700,2300,2593,Maharashtra,Other
2026-07-27,Wheat,1,Jalgaon,Non-FAQ,APMC PACHORA,2400,2251,2351,Maharashtra,Other
2026-07-27,Wheat,1,Buldhana,Non-FAQ,Malkapur APMC,2530,2450,2500,Maharashtra,Other
2026-07-27,Wheat,1,Nandurbar,Non-FAQ,APMC Nandurbar,2450,2450,2450,Maharashtra,Other
2026-07-27,Wheat,1,Bhandara,Non-FAQ,Tumsar APMC,2551,2551,2551,Maharashtra,Other
2026-07-27,Wheat,1,Beed,Non-FAQ,Kille Dharur APMC,2566,2425,2500,Maharashtra,Other
2026-07-27,Wheat,1,Amarawati,Non-FAQ,Dharni APMC,2300,2200,2250,Maharashtra,Other
2026-07-27,Wheat,1,Nanded,Non-FAQ,Bhokar APMC,2350,2250,2300,Maharashtra,Other
2026-07-27,Wheat,1,Akola,FAQ,Akot APMC,2600,2600,2600,Maharashtra,147 Average
2026-07-27,Wheat,1,Amarawati,Non-FAQ,Nandgaon Khandeshwar APMC,2560,2340,2450,Maharashtra,Other
2026-07-27,Wheat,1,Dharashiv,FAQ,Umarga APMC,2800,2701,2701,Maharashtra,Maharashtra 2189
2026-07-27,Wheat,1,Ahilyanagar,Local,"Omchatinya Multi State Agro Purpose Co-Op Society, Dist Ahilyanagar",2500,2500,2500,Maharashtra,Other
2026-07-28,Wheat,1,Chattrapati Sambhajinagar,Non-FAQ,Agricultural Produce Market Committee Sillod,2560,2500,2500,Maharashtra,Other
2026-07-28,Wheat,1,Buldhana,FAQ,Malkapur APMC,2712,2712,2712,Maharashtra,Other
2026-07-28,Wheat,1,Yavatmal,FAQ,Digras APMC,2685,2590,2635,Maharashtra,Other
2026-07-28,Wheat,1,Nagpur,Non-FAQ,Nagpur APMC,2584,2458,2552,Maharashtra,Other
2026-07-28,Wheat,1,Ahilyanagar,FAQ,Jamkhed APMC,2650,2600,2625,Maharashtra,Other
2026-07-28,Wheat,1,Nagpur,FAQ,Nagpur APMC,2654,2585,2636,Maharashtra,Other
2026-07-28,Wheat,1,Solapur,Non-FAQ,Barshi APMC,2550,2500,2500,Maharashtra,Other
2026-07-28,Wheat,1,Dhule,Non-FAQ,Dondaicha APMC,2540,2300,2500,Maharashtra,Other
2026-07-28,Wheat,1,Yavatmal,Non-FAQ,Umarked(Danki) APMC,2350,2200,2300,Maharashtra,Other
2026-07-28,Wheat,1,Chattrapati Sambhajinagar,FAQ,Chattrapati Sambhajinagar APMC,2901,2625,2763,Maharashtra,Other
2026-07-28,Wheat,1,Chattrapati Sambhajinagar,Non-FAQ,Chattrapati Sambhajinagar APMC,2550,2550,2550,Maharashtra,Other
2026-07-28,Wheat,1,Beed,FAQ,Majalgaon APMC,2650,2591,2611,Maharashtra,Other
2026-07-28,Wheat,1,Amarawati,Non-FAQ,Chandur Bazar APMC,2550,2300,2400,Maharashtra,Other
2026-07-28,Wheat,1,Jalgaon,Non-FAQ,APMC PACHORA,2580,2200,2341,Maharashtra,Other
2026-07-28,Wheat,1,Chattrapati Sambhajinagar,Non-FAQ,Kannad APMC,2582,2550,2570,Maharashtra,Other
2026-07-28,Wheat,1,Kolhapur,FAQ,Kolhapur(Laxmipuri) APMC,4200,3000,3600,Maharashtra,Other
2026-07-28,Wheat,1,Chattrapati Sambhajinagar,Non-FAQ,Lasur Station APMC,2525,2525,2525,Maharashtra,Other
2026-07-28,Wheat,1,Dhule,Non-FAQ,Dhule APMC,2575,2500,2550,Maharashtra,Other
2026-07-28,Wheat,1,Nanded,Non-FAQ,Kandhar APMC,2400,1900,2370,Maharashtra,Other
2026-07-28,Wheat,1,Ahilyanagar,Non-FAQ,Karjat APMC,2300,2300,2300,Maharashtra,Other
2026-07-29,Wheat,1,Buldhana,Non-FAQ,Krushi Utpanna Bazar Samiti Shegaon,2400,2400,2400,Maharashtra,Other
2026-07-29,Wheat,1,Amarawati,Non-FAQ,Nandgaon Khandeshwar APMC,2510,2350,2430,Maharashtra,Other
2026-07-29,Wheat,1,Jalna,Non-FAQ,Jalana APMC,2575,2575,2575,Maharashtra,147 Average
2026-07-29,Wheat,1,Sangli,FAQ,Sangli APMC,4200,3000,3600,Maharashtra,Other
2026-07-29,Wheat,1,Solapur,FAQ,Karmala APMC,2704,2652,2691,Maharashtra,Other
2026-07-29,Wheat,1,Beed,Non-FAQ,Patoda APMC,2500,2200,2400,Maharashtra,Other
2026-07-29,Wheat,1,Mumbai,FAQ,Mumbai APMC,4800,2800,3800,Maharashtra,Other
2026-07-29,Wheat,1,Chattrapati Sambhajinagar,Non-FAQ,Agricultural Produce Market Committee Sillod,2550,2450,2500,Maharashtra,Other
2026-07-29,Wheat,1,Dhule,Non-FAQ,Dhule APMC,2584,2400,2550,Maharashtra,Other
2026-07-29,Wheat,1,Nashik,FAQ,Malegaon APMC,2774,2586,2607,Maharashtra,Other
2026-07-29,Wheat,1,Solapur,FAQ,Barshi APMC,2800,2800,2800,Maharashtra,Other
2026-07-29,Wheat,1,Amarawati,Non-FAQ,Agricultural Produce Market Committee Nandgaon Khandeshwar,2510,2350,2430,Maharashtra,Other
2026-07-29,Wheat,1,Nagpur,Non-FAQ,Nagpur APMC,2584,2524,2569,Maharashtra,Other
2026-07-29,Wheat,1,Dhule,FAQ,Shirpur APMC,2640,2601,2640,Maharashtra,Other
2026-07-29,Wheat,1,Palghar,FAQ,Ulhasnagar APMC,3500,3000,3250,Maharashtra,Other
2026-07-29,Wheat,1,Amarawati,Non-FAQ,Achalpur APMC,2550,2350,2450,Maharashtra,Other
2026-07-30,Wheat,1,Dhule,Non-FAQ,Shirpur APMC,2576,2500,2576,Maharashtra,Other
2026-07-30,Wheat,1,Buldhana,FAQ,Malkapur APMC,2610,2610,2610,Maharashtra,Other
2026-07-30,Wheat,1,Amarawati,Non-FAQ,Achalpur APMC,2550,2400,2475,Maharashtra,Other
2026-07-30,Wheat,1,Mumbai,FAQ,Mumbai APMC,4800,2800,3800,Maharashtra,Other
2026-07-30,Wheat,1,Akola,FAQ,Murtizapur APMC,2635,2590,2615,Maharashtra,Other
2026-07-30,Wheat,1,Nashik,Non-FAQ,Malegaon APMC,2580,2400,2570,Maharashtra,Other
2026-07-30,Wheat,1,Chattrapati Sambhajinagar,FAQ,Gangapur APMC,2667,2648,2655,Maharashtra,Other
2026-07-30,Wheat,1,Pune,FAQ,Shirur APMC,2600,2600,2600,Maharashtra,Other
2026-07-30,Wheat,1,Wardha,FAQ,Hinganghat APMC,2600,2585,2595,Maharashtra,Other
2026-07-30,Wheat,1,Chattrapati Sambhajinagar,Non-FAQ,Chattrapati Sambhajinagar APMC,2500,2500,2500,Maharashtra,Other
2026-07-30,Wheat,1,Beed,FAQ,Gevrai APMC,2715,2585,2600,Maharashtra,Other
2026-07-31,Wheat,1,Jalna,Non-FAQ,Jalana APMC,2575,2575,2575,Maharashtra,147 Average
2026-07-31,Wheat,1,Amarawati,Non-FAQ,Chandur Bazar APMC,2550,2300,2430,Maharashtra,Other
2026-07-31,Wheat,1,Yavatmal,Non-FAQ,Vani APMC,2440,2440,2440,Maharashtra,Other
2026-07-31,Wheat,1,Washim,FAQ,Manora APMC,2610,2596,2600,Maharashtra,Other
2026-07-31,Wheat,1,Beed,Non-FAQ,Kille Dharur APMC,2580,2501,2580,Maharashtra,Other
2026-07-31,Wheat,1,Solapur,FAQ,Barshi APMC,2650,2600,2650,Maharashtra,Other
2026-07-31,Wheat,1,Dhule,Non-FAQ,Dondaicha APMC,2580,2500,2500,Maharashtra,Other
2026-07-31,Wheat,1,Beed,FAQ,Gevrai APMC,2700,2600,2650,Maharashtra,Other
2026-07-31,Wheat,1,Beed,FAQ,Kille Dharur APMC,2650,2650,2650,Maharashtra,Other
2026-07-31,Wheat,1,Ahilyanagar,Non-FAQ,Karjat(Rashin) APMC,2300,2300,2300,Maharashtra,Other
2026-07-31,Wheat,1,Buldhana,Non-FAQ,Lonar APMC,2424,2399,2411,Maharashtra,Other
2026-07-31,Wheat,1,Ahilyanagar,Local,"Omchatinya Multi State Agro Purpose Co-Op Society, Dist Ahilyanagar",2500,2200,2200,Maharashtra,Other
2026-07-31,Wheat,1,Wardha,FAQ,Hinganghat APMC,2610,2585,2600,Maharashtra,Other
2026-07-31,Wheat,1,Washim,FAQ,Karanja APMC,2645,2625,2625,Maharashtra,Other
2026-07-31,Wheat,1,Nagpur,FAQ,Nagpur APMC,3500,3200,3425,Maharashtra,Sharbati
2026-07-31,Wheat,1,Mumbai,FAQ,Mumbai APMC,4800,2800,3800,Maharashtra,Other
2026-07-31,Wheat,1,Yavatmal,FAQ,Yavatmal APMC,2620,2620,2620,Maharashtra,Other
2026-08-01,Wheat,1,Amarawati,Non-FAQ,APMC Achalpur ,2550,2300,2475,Maharashtra,Other
2026-08-01,Wheat,1,Chattrapati Sambhajinagar,FAQ,APMC Chattrapati Sambhajinagar ,2800,2625,2712,Maharashtra,Other
2026-08-01,Wheat,1,Dharashiv,FAQ,APMC Tuljapur ,2600,2585,2590,Maharashtra,Other
2026-08-01,Wheat,1,Ahilyanagar,Non-FAQ,APMC Jamkhed ,2500,2200,2350,Maharashtra,Other
2026-08-01,Wheat,1,Jalna,FAQ,APMC Jalana ,3200,3200,3200,Maharashtra,Other
2026-08-01,Wheat,1,Akola,FAQ,Murtizapur APMC,2655,2590,2625,Maharashtra,Other
2026-08-01,Wheat,1,Beed,Non-FAQ,APMC Gevrai ,2575,2500,2550,Maharashtra,Other
2026-08-01,Wheat,1,Jalna,Non-FAQ,APMC Ambad (Vadigodri) ,2584,2400,2500,Maharashtra,Other
2026-08-01,Wheat,1,Buldhana,Non-FAQ,APMC Deoulgaon Raja ,2500,2400,2500,Maharashtra,Other
2026-08-01,Wheat,1,Buldhana,Local,"Bsk Krishi Bazar Private Limited, Mehkar, Dist Buldhana",2450,2450,2450,Maharashtra,Other
2026-08-01,Wheat,1,Nagpur,FAQ,APMC Nagpur ,2668,2585,2647,Maharashtra,Other
2026-08-01,Wheat,1,Beed,FAQ,APMC Gevrai ,2800,2800,2800,Maharashtra,Other
2026-08-01,Wheat,1,Nanded,Non-FAQ,APMC Bhokar ,2390,2300,2345,Maharashtra,Other
2026-08-01,Wheat,1,Chattrapati Sambhajinagar,Non-FAQ,Sillod(Bharadi) APMC,2575,2575,2575,Maharashtra,Other
2026-08-01,Wheat,1,Nagpur,FAQ,APMC Umared ,3200,2600,2800,Maharashtra,Other
2026-08-01,Wheat,1,Amarawati,FAQ,APMC Amarawati ,2650,2585,2617,Maharashtra,Other
2026-08-01,Wheat,1,Jalna,FAQ,Jalana APMC,2750,2640,2640,Maharashtra,147 Average
2026-08-01,Wheat,1,Dharashiv,FAQ,Tuljapur APMC,2600,2585,2590,Maharashtra,Other
2026-08-01,Wheat,1,Yavatmal,Non-FAQ,Umarked(Danki) APMC,2300,2200,2250,Maharashtra,Other
2026-08-01,Wheat,1,Ahilyanagar,Non-FAQ,Jamkhed APMC,2500,2200,2350,Maharashtra,Other
2026-08-01,Wheat,1,Nagpur,Non-FAQ,Savner APMC,2425,2409,2415,Maharashtra,Other
2026-08-01,Wheat,1,Beed,FAQ,Majalgaon APMC,2681,2600,2631,Maharashtra,Other
2026-08-01,Wheat,1,Bhandara,Non-FAQ,Bhandara APMC,2400,2400,2400,Maharashtra,Maharashtra 2189
2026-08-01,Wheat,1,Ahilyanagar,FAQ,Pathardi APMC,2800,2585,2650,Maharashtra,Maharashtra 2189
2026-08-01,Wheat,1,Solapur,FAQ,Dudhani APMC,2765,2620,2661,Maharashtra,Maharashtra 2189
2026-08-01,Wheat,1,Amarawati,Non-FAQ,APMC Dhamngaon-Railway ,2570,2470,2500,Maharashtra,Other
2026-08-01,Wheat,1,Jalna,Non-FAQ,APMC Jalana ,2539,2539,2539,Maharashtra,147 Average
2026-08-01,Wheat,1,Latur,Non-FAQ,Aurad Shahajani APMC,2517,2450,2483,Maharashtra,Maharashtra 2189
2026-08-01,Wheat,1,Ahilyanagar,Non-FAQ,Shevgaon(Bodhegaon) ,2550,2400,2400,Maharashtra,Maharashtra 2189
2026-08-01,Wheat,1,Akola,Non-FAQ,Patur APMC,2500,2200,2492,Maharashtra,Maharashtra 2189
2026-08-01,Wheat,1,Bhandara,Non-FAQ,APMC Bhandara ,2400,2400,2400,Maharashtra,Maharashtra 2189
2026-08-01,Wheat,1,Jalna,Non-FAQ,APMC Partur ,2500,2200,2300,Maharashtra,Maharashtra 2189
2026-08-01,Wheat,1,Satara,FAQ,APMC Vaduj ,3000,2600,2800,Maharashtra,Maharashtra 2189
2026-08-02,Wheat,1,Chattrapati Sambhajinagar,Non-FAQ,Paithan APMC,2581,2001,2500,Maharashtra,Bansi
2026-08-02,Wheat,1,Chattrapati Sambhajinagar,Non-FAQ,APMC Paithan ,2581,2001,2500,Maharashtra,Bansi
2026-08-02,Wheat,1,Beed,Non-FAQ,APMC Kada ,2500,2300,2420,Maharashtra,Other
2026-08-02,Wheat,1,Bhandara,Non-FAQ,APMC Tumsar ,2580,2573,2577,Maharashtra,Other
2026-08-02,Wheat,1,Chattrapati Sambhajinagar,Non-FAQ,APMC Kannad ,2580,2400,2525,Maharashtra,Other
2026-08-02,Wheat,1,Ahilyanagar,Non-FAQ,Karjat APMC,2500,2000,2000,Maharashtra,Other
2026-08-02,Wheat,1,Beed,Non-FAQ,Kada APMC,2500,2300,2420,Maharashtra,Other
2026-08-02,Wheat,1,Ahilyanagar,Non-FAQ,Shevgaon APMC,2575,2500,2575,Maharashtra,Maharashtra 2189
2026-08-02,Wheat,1,Ahilyanagar,FAQ,Karjat APMC,2700,2700,2700,Maharashtra,Other
2026-08-03,Wheat,1,Washim,Local,"Krushna Krishi Bazar, Washim",2600,2000,2585,Maharashtra,Other
2026-08-03,Wheat,1,Nashik,Non-FAQ,APMC Satana ,2499,2499,2499,Maharashtra,Other
2026-08-03,Wheat,1,Latur,Non-FAQ,APMC Aurad Shahajani ,2500,2500,2500,Maharashtra,Maharashtra 2189
2026-08-03,Wheat,1,Latur,Non-FAQ,APMC Ausa ,2301,2301,2301,Maharashtra,Maharashtra 2189
2026-08-03,Wheat,1,Nashik,FAQ,Lasalgaon(Niphad) ,2723,2675,2700,Maharashtra,Maharashtra 2189
2026-08-03,Wheat,1,Pune,FAQ,APMC Baramati ,2700,2590,2686,Maharashtra,Kalyan
2026-08-03,Wheat,1,Nashik,FAQ,APMC Nandgaon ,2775,2660,2675,Maharashtra,Maharashtra 2189
2026-08-03,Wheat,1,Ahilyanagar,FAQ,APMC Shevgaon ,2650,2600,2650,Maharashtra,Maharashtra 2189
2026-08-03,Wheat,1,Nashik,FAQ,APMC Devala ,2675,2630,2640,Maharashtra,Maharashtra 2189
2026-08-03,Wheat,1,Nashik,FAQ,APMC Sinner ,2700,2585,2600,Maharashtra,Other
2026-08-03,Wheat,1,Beed,FAQ,APMC Kille Dharur ,4500,2750,2750,Maharashtra,Other
2026-08-03,Wheat,1,Buldhana,FAQ,APMC Shegaon ,2650,2650,2650,Maharashtra,Other
2026-08-03,Wheat,1,Jalna,FAQ,APMC Jalana ,2700,2650,2650,Maharashtra,Other
2026-08-03,Wheat,1,Solapur,FAQ,APMC Barshi ,2900,2600,2650,Maharashtra,Other
2026-08-03,Wheat,1,Nagpur,FAQ,APMC Nagpur ,2665,2585,2645,Maharashtra,Other
2026-08-03,Wheat,1,Wardha,Non-FAQ,APMC Wardha ,2580,2550,2565,Maharashtra,Other
2026-08-03,Wheat,1,Beed,Non-FAQ,APMC Gevrai ,2550,2450,2500,Maharashtra,Other
2026-08-03,Wheat,1,Buldhana,Non-FAQ,APMC Deoulgaon Raja ,2500,2350,2500,Maharashtra,Other
2026-08-03,Wheat,1,Yavatmal,FAQ,APMC Babhulgaon ,2635,2601,2611,Maharashtra,Other
2026-08-03,Wheat,1,Nagpur,Non-FAQ,APMC Katol ,2551,2501,2540,Maharashtra,Other
2026-08-03,Wheat,1,Beed,Non-FAQ,APMC Kille Dharur ,2580,2510,2526,Maharashtra,Other
2026-08-03,Wheat,1,Nashik,FAQ,APMC Satana ,2900,2721,2805,Maharashtra,Other
2026-08-03,Wheat,1,Nashik,Non-FAQ,APMC Malegaon ,2580,2521,2560,Maharashtra,Other
2026-08-03,Wheat,1,Jalna,Non-FAQ,APMC Jalana ,2509,2509,2509,Maharashtra,Other
2026-08-03,Wheat,1,Wardha,Non-FAQ,APMC Hinganghat ,2500,2240,2300,Maharashtra,Other
2026-08-03,Wheat,1,Nashik,FAQ,APMC Manmad ,2657,2595,2630,Maharashtra,Other
2026-08-03,Wheat,1,Dhule,Non-FAQ,APMC Shirpur ,2400,2400,2400,Maharashtra,Other
2026-08-03,Wheat,1,Beed,Non-FAQ,APMC Parali Vaijyanath ,2425,2425,2425,Maharashtra,Other
2026-08-03,Wheat,1,Amarawati,Non-FAQ,APMC Chandur Bazar ,2550,2300,2410,Maharashtra,Other
2026-08-03,Wheat,1,Beed,Non-FAQ,APMC Beed ,2542,2320,2447,Maharashtra,Other
2026-08-03,Wheat,1,Dharashiv,FAQ,APMC Tuljapur ,2600,2585,2590,Maharashtra,Other
2026-08-03,Wheat,1,Nanded,Non-FAQ,APMC Mudkhed ,2360,2360,2360,Maharashtra,Other
2026-08-03,Wheat,1,Chattrapati Sambhajinagar,FAQ,Lasur Station APMC,2701,2630,2675,Maharashtra,Other
2026-08-03,Wheat,1,Beed,Non-FAQ,Kille Dharur APMC,2580,2510,2526,Maharashtra,Other
2026-08-03,Wheat,1,Beed,Non-FAQ,Kaij APMC,2550,2300,2521,Maharashtra,Other
2026-08-03,Wheat,1,Nashik,Non-FAQ,Satana APMC,2499,2499,2499,Maharashtra,Other
2026-08-03,Wheat,1,Ahilyanagar,FAQ,Jamkhed APMC,2650,2600,2625,Maharashtra,Other
2026-08-03,Wheat,1,Thane,FAQ,APMC Kalyan ,3600,3000,3300,Maharashtra,Sharbati
2026-08-03,Wheat,1,Yavatmal,Non-FAQ,Vani APMC,2445,2445,2445,Maharashtra,Other
2026-08-03,Wheat,1,Akola,FAQ,Murtizapur APMC,2650,2590,2620,Maharashtra,Other
2026-08-03,Wheat,1,Washim,FAQ,Karanja APMC,2655,2585,2625,Maharashtra,Other
2026-08-03,Wheat,1,Beed,FAQ,Majalgaon APMC,2700,2591,2600,Maharashtra,Other
2026-08-03,Wheat,1,Amarawati,Non-FAQ,Nandgaon Khandeshwar APMC,2584,2345,2464,Maharashtra,Other
2026-08-03,Wheat,1,Hingoli,Non-FAQ,APMC Hingoli ,2500,2020,2260,Maharashtra,Sharbati
2026-08-03,Wheat,1,Nashik,FAQ,Lasalgaon APMC,2845,2585,2675,Maharashtra,Maharashtra 2189
2026-08-03,Wheat,1,Nashik,FAQ,Yeola APMC,2686,2627,2671,Maharashtra,Maharashtra 2189
2026-08-03,Wheat,1,Pune,FAQ,Baramati APMC,2875,2600,2700,Maharashtra,Maharashtra 2189
2026-08-03,Wheat,1,Solapur,FAQ,Dudhani APMC,2705,2600,2637,Maharashtra,Maharashtra 2189
2026-08-03,Wheat,1,Nashik,FAQ,Nandgaon APMC,2775,2660,2675,Maharashtra,Maharashtra 2189
2026-08-03,Wheat,1,Washim,Non-FAQ,Washim(Ansing) APMC,2550,2350,2450,Maharashtra,Maharashtra 2189
2026-08-03,Wheat,1,Jalna,FAQ,Mantha APMC,2700,2585,2600,Maharashtra,Other
2026-08-03,Wheat,1,Nashik,Non-FAQ,Malegaon APMC,2580,2521,2560,Maharashtra,Other
2026-08-03,Wheat,1,Solapur,FAQ,Kurdwadi(Modnimb) APMC,3030,2600,2800,Maharashtra,Other
2026-08-03,Wheat,1,Amarawati,Non-FAQ,Chandur Railway APMC,2376,2375,2375,Maharashtra,Other
2026-08-03,Wheat,1,Buldhana,Non-FAQ,Sangrampur(Varvatbakal) APMC,2500,2400,2450,Maharashtra,Other
2026-08-03,Wheat,1,Wardha,Non-FAQ,Wardha APMC,2580,2550,2565,Maharashtra,Other
2026-08-03,Wheat,1,Solapur,Non-FAQ,Karmala APMC,2550,2500,2550,Maharashtra,Other
2026-08-03,Wheat,1,Palghar,FAQ,Palghar APMC,3400,3400,3400,Maharashtra,Other
2026-08-03,Wheat,1,Buldhana,Non-FAQ,Malkapur APMC,2580,2400,2500,Maharashtra,Other
2026-08-03,Wheat,1,Yavatmal,Non-FAQ,Umarkhed APMC,2350,2200,2300,Maharashtra,Other
2026-08-03,Wheat,1,Parbhani,Non-FAQ,Pathari APMC,2500,2200,2200,Maharashtra,Other
2026-08-03,Wheat,1,Wardha,Non-FAQ,Hinganghat APMC,2500,2240,2300,Maharashtra,Other
2026-08-04,Wheat,1,Buldhana,Non-FAQ,Mehekar APMC,2450,2000,2250,Maharashtra,Other
2026-08-04,Wheat,1,Buldhana,Non-FAQ,Deoulgaon Raja APMC,2500,2300,2500,Maharashtra,Other
2026-08-04,Wheat,1,Palghar,FAQ,Kalyan APMC,3600,3000,3300,Maharashtra,Sharbati
2026-08-04,Wheat,1,Buldhana,Non-FAQ,Malkapur APMC,2551,2460,2500,Maharashtra,Other
2026-08-04,Wheat,1,Nagpur,FAQ,Nagpur APMC,3500,3200,3425,Maharashtra,Sharbati
2026-08-04,Wheat,1,Nanded,Non-FAQ,Nanded APMC,2570,2420,2545,Maharashtra,Sharbati
2026-08-04,Wheat,1,Nagpur,Non-FAQ,Nagpur APMC,2584,2538,2561,Maharashtra,Other
2026-08-04,Wheat,1,Nashik,FAQ,Satana APMC,2805,2716,2760,Maharashtra,Other
2026-08-04,Wheat,1,Nanded,Non-FAQ,APMC Nanded ,2570,2420,2545,Maharashtra,Sharbati
2026-08-04,Wheat,1,Ahilyanagar,Non-FAQ,Shevgaon APMC,2575,2500,2575,Maharashtra,Maharashtra 2189
2026-08-04,Wheat,1,Dharashiv,Non-FAQ,APMC Kalamb (Dharashiv) ,2400,2200,2400,Maharashtra,Maharashtra 2189
2026-08-04,Wheat,1,Amarawati,FAQ,Nandgaon Khandeshwar APMC,2595,2585,2590,Maharashtra,Other
2026-08-04,Wheat,1,Yavatmal,FAQ,Yavatmal APMC,2615,2615,2615,Maharashtra,Other
2026-08-04,Wheat,1,Amarawati,FAQ,Agricultural Produce Market Committee Nandgaon Khandeshwar,2595,2585,2590,Maharashtra,Other
2026-08-04,Wheat,1,Dhule,Non-FAQ,Dondaicha APMC,2300,2100,2300,Maharashtra,Other
2026-08-04,Wheat,1,Thane,FAQ,APMC Kalyan ,3600,3000,3300,Maharashtra,Sharbati
2026-08-04,Wheat,1,Ahilyanagar,FAQ,Kopargaon APMC,2700,2585,2675,Maharashtra,Other
2026-08-04,Wheat,1,Buldhana,Non-FAQ,Chikali APMC,2450,2050,2250,Maharashtra,Other
2026-08-04,Wheat,1,Nashik,Non-FAQ,APMC Satana ,2450,2450,2450,Maharashtra,Other
2026-08-04,Wheat,1,Nagpur,Non-FAQ,APMC Katol ,2550,2550,2550,Maharashtra,Other
2026-08-04,Wheat,1,Nanded,Non-FAQ,APMC Bhokar ,2425,2300,2362,Maharashtra,Other
2026-08-04,Wheat,1,Yavatmal,Local,KISAN MARKET YARD,2605,2200,2522,Maharashtra,Other
2026-08-04,Wheat,1,Buldhana,Non-FAQ,APMC Shegaon ,2475,2205,2365,Maharashtra,Other
2026-08-04,Wheat,1,Ahilyanagar,FAQ,APMC Rahuri ,2600,2600,2600,Maharashtra,Other
2026-08-04,Wheat,1,Beed,FAQ,APMC Kille Dharur ,2900,2631,2700,Maharashtra,Other
2026-08-04,Wheat,1,Ahilyanagar,FAQ,APMC Kopargaon ,2700,2585,2675,Maharashtra,Other
2026-08-04,Wheat,1,Ahilyanagar,Non-FAQ,APMC Jamkhed ,2500,2300,2400,Maharashtra,Other
2026-08-04,Wheat,1,Washim,FAQ,APMC Mangrulpeer ,2645,2585,2585,Maharashtra,Other
2026-08-04,Wheat,1,Mumbai,FAQ,APMC Mumbai ,4800,2800,3800,Maharashtra,Other
2026-08-04,Wheat,1,Beed,FAQ,APMC Majalgaon ,2651,2591,2600,Maharashtra,Other
2026-08-04,Wheat,1,Jalna,Non-FAQ,APMC Ambad (Vadigodri) ,2584,2431,2500,Maharashtra,Other
2026-08-04,Wheat,1,Washim,FAQ,APMC Karanja ,2650,2625,2625,Maharashtra,Other
2026-08-04,Wheat,1,Nagpur,Non-FAQ,APMC Nagpur ,2584,2538,2561,Maharashtra,Other
2026-08-04,Wheat,1,Buldhana,Local,"Bsk Krishi Bazar Private Limited, Mehkar, Dist Buldhana",2600,2300,2580,Maharashtra,Other
2026-08-04,Wheat,1,Yavatmal,FAQ,APMC Yavatmal ,2615,2615,2615,Maharashtra,Other
2026-08-04,Wheat,1,Nagpur,Non-FAQ,APMC Savner ,2425,2425,2425,Maharashtra,Other
2026-08-04,Wheat,1,Pune,Non-FAQ,APMC Shirur ,2500,2000,2450,Maharashtra,Other
2026-08-05,Wheat,1,Chattrapati Sambhajinagar,FAQ,APMC Lasur Station ,2661,2640,2650,Maharashtra,Other
2026-08-05,Wheat,1,Jalna,Non-FAQ,APMC Ambad (Vadigodri) ,2584,2250,2461,Maharashtra,Other
2026-08-05,Wheat,1,Buldhana,FAQ,APMC Deoulgaon Raja ,2601,2601,2601,Maharashtra,Other
2026-08-05,Wheat,1,Buldhana,Non-FAQ,APMC Deoulgaon Raja ,2500,2301,2500,Maharashtra,Other
2026-08-05,Wheat,1,Wardha,Non-FAQ,Sindi (Selu),2580,2400,2500,Maharashtra,Other
2026-08-05,Wheat,1,Kolhapur,FAQ,Kolhapur(Laxmipuri) ,4200,3000,3600,Maharashtra,Other
2026-08-05,Wheat,1,Wardha,Non-FAQ,APMC Hinganghat ,2500,2150,2300,Maharashtra,Other
2026-08-05,Wheat,1,Hingoli,Non-FAQ,APMC Akhadabalapur ,2400,2200,2300,Maharashtra,Maharashtra 2189
2026-08-05,Wheat,1,Yavatmal,FAQ,APMC Pusad ,2720,2585,2600,Maharashtra,Other
2026-08-05,Wheat,1,Buldhana,Non-FAQ,APMC Shegaon ,2350,2000,2225,Maharashtra,Other
2026-08-05,Wheat,1,Ahilyanagar,FAQ,APMC Shrirampur ,2700,2600,2625,Maharashtra,Other
2026-08-05,Wheat,1,Solapur,FAQ,APMC Kurdwadi ,2650,2650,2650,Maharashtra,Other
2026-08-05,Wheat,1,Chattrapati Sambhajinagar,FAQ,APMC Gangapur ,2653,2600,2650,Maharashtra,Other
2026-08-05,Wheat,1,Chattrapati Sambhajinagar,Non-FAQ,APMC Chattrapati Sambhajinagar ,2530,2210,2370,Maharashtra,Other
2026-08-05,Wheat,1,Thane,FAQ,APMC Ulhasnagar ,3400,3200,3300,Maharashtra,Other
2026-08-05,Wheat,1,Solapur,Non-FAQ,Dudhani APMC,2570,2400,2570,Maharashtra,Maharashtra 2189
2026-08-05,Wheat,1,Ahilyanagar,FAQ,Pathardi APMC,2800,2585,2650,Maharashtra,Maharashtra 2189
2026-08-05,Wheat,1,Thane,FAQ,APMC Kalyan ,3600,3000,3300,Maharashtra,Sharbati
2026-08-05,Wheat,1,Dhule,Non-FAQ,APMC Dhule ,2584,2500,2560,Maharashtra,Other
2026-08-05,Wheat,1,Dhule,Non-FAQ,APMC Shirpur ,2500,2500,2500,Maharashtra,Other
2026-08-05,Wheat,1,Washim,FAQ,APMC Mangrulpeer ,2645,2585,2585,Maharashtra,Other
2026-08-05,Wheat,1,Yavatmal,Local,"Shekari Krushi Khajgi Bazar, Arni, Dist Yavatmal",2400,1500,2350,Maharashtra,Other
2026-08-05,Wheat,1,Buldhana,Local,"Bsk Krishi Bazar Private Limited, Mehkar, Dist Buldhana",2500,2400,2477,Maharashtra,Other
2026-08-05,Wheat,1,Jalna,Non-FAQ,APMC Jalana ,2550,2550,2550,Maharashtra,Other
2026-08-05,Wheat,1,Amarawati,Non-FAQ,APMC Nandgaon Khandeshwar ,2575,2345,2460,Maharashtra,Other
2026-08-05,Wheat,1,Nashik,FAQ,Lasalgaon(Niphad) ,2746,2600,2700,Maharashtra,Maharashtra 2189
2026-08-05,Wheat,1,Solapur,Non-FAQ,APMC Dudhani ,2570,2400,2570,Maharashtra,Maharashtra 2189
2026-08-05,Wheat,1,Dharashiv,Non-FAQ,Murum APMC,2420,2420,2420,Maharashtra,Bansi
2026-08-05,Wheat,1,Akola,FAQ,APMC Akola ,2685,2585,2610,Maharashtra,Other
2026-08-05,Wheat,1,Akola,Non-FAQ,Akot APMC,2500,2500,2500,Maharashtra,147 Average
2026-08-05,Wheat,1,Dharashiv,Non-FAQ,APMC Murum ,2420,2420,2420,Maharashtra,Bansi
2026-08-05,Wheat,1,Amarawati,FAQ,Amarawati APMC,2650,2585,2617,Maharashtra,Other
2026-08-05,Wheat,1,Dhule,FAQ,Dondaicha APMC,2725,2600,2716,Maharashtra,Other
2026-08-05,Wheat,1,Jalna,Non-FAQ,Jalana APMC,2550,2550,2550,Maharashtra,Other
2026-08-05,Wheat,1,Dharashiv,FAQ,APMC Tuljapur ,2600,2585,2590,Maharashtra,Other
2026-08-05,Wheat,1,Solapur,FAQ,APMC Karmala ,2751,2600,2700,Maharashtra,Other
2026-08-05,Wheat,1,Ahilyanagar,Non-FAQ,Shrirampur(Belapur) APMC,2300,2200,2250,Maharashtra,Other
2026-08-05,Wheat,1,Latur,Non-FAQ,Chakur APMC,2550,2550,2550,Maharashtra,Other
2026-08-06,Wheat,1,Beed,FAQ,APMC Ambejogai ,2800,2800,2800,Maharashtra,Red
2026-08-06,Wheat,1,Buldhana,FAQ,APMC Khamgaon ,2600,2600,2600,Maharashtra,Other
2026-08-06,Wheat,1,Nanded,FAQ,Nanded APMC,2700,2615,2615,Maharashtra,Sharbati
2026-08-06,Wheat,1,Nandurbar,FAQ,APMC Nandurbar ,2750,2600,2675,Maharashtra,Other
2026-08-06,Wheat,1,Ahilyanagar,Non-FAQ,Shrirampur(Belapur) ,2300,2200,2250,Maharashtra,Other
2026-08-06,Wheat,1,Mumbai,FAQ,APMC Mumbai ,4600,2900,3750,Maharashtra,Other
2026-08-06,Wheat,1,Latur,Non-FAQ,Ausa APMC,2501,2350,2451,Maharashtra,Maharashtra 2189
2026-08-06,Wheat,1,Nashik,FAQ,Lasalgaon(Niphad) APMC,2749,2680,2710,Maharashtra,Maharashtra 2189
2026-08-06,Wheat,1,Nashik,FAQ,Lasalgaon APMC,2751,2585,2691,Maharashtra,Maharashtra 2189
2026-08-06,Wheat,1,Dharashiv,FAQ,Agriculture Produce Market Committee Umarga,2702,2702,2702,Maharashtra,Maharashtra 2189
2026-08-06,Wheat,1,Washim,Non-FAQ,Washim APMC,2575,2315,2450,Maharashtra,Maharashtra 2189
2026-08-06,Wheat,1,Dhule,FAQ,APMC Shirpur ,2670,2670,2670,Maharashtra,Other
2026-08-06,Wheat,1,Akola,Non-FAQ,APMC Telhara ,2570,2400,2540,Maharashtra,Other
2026-08-06,Wheat,1,Chattrapati Sambhajinagar,Non-FAQ,APMC Kannad ,2580,2550,2565,Maharashtra,Other
2026-08-06,Wheat,1,Beed,FAQ,Ambejogai APMC,2800,2800,2800,Maharashtra,Red
2026-08-06,Wheat,1,Washim,Local,"Krushna Krishi Bazar, Washim",2650,2000,2609,Maharashtra,Other
2026-08-06,Wheat,1,Dharashiv,FAQ,APMC Kalamb (Dharashiv) ,2801,2801,2801,Maharashtra,Maharashtra 2189
2026-08-06,Wheat,1,Beed,FAQ,APMC Majalgaon ,2675,2600,2631,Maharashtra,Other
2026-08-06,Wheat,1,Ahilyanagar,Non-FAQ,APMC Jamkhed ,2500,2300,2400,Maharashtra,Other
2026-08-06,Wheat,1,Solapur,FAQ,APMC Mangal Wedha ,2800,2600,2800,Maharashtra,Other
2026-08-06,Wheat,1,Nanded,Non-FAQ,APMC Loha ,2500,2436,2460,Maharashtra,Other
2026-08-06,Wheat,1,Jalgaon,Non-FAQ,Jalgaon APMC,2505,2505,2505,Maharashtra,147 Average
2026-08-06,Wheat,1,Parbhani,FAQ,APMC Palam ,2700,2700,2700,Maharashtra,Other
2026-08-06,Wheat,1,Nagpur,Non-FAQ,APMC Katol ,2581,2570,2575,Maharashtra,Other
2026-08-06,Wheat,1,Wardha,Non-FAQ,Sindi (Selu),2580,2400,2500,Maharashtra,Other
2026-08-06,Wheat,1,Pune,FAQ,APMC Indapur ,3051,2600,2700,Maharashtra,Maharashtra 2189
2026-08-06,Wheat,1,Chattrapati Sambhajinagar,FAQ,APMC Chattrapati Sambhajinagar ,2739,2600,2670,Maharashtra,Other
2026-08-06,Wheat,1,Chattrapati Sambhajinagar,Non-FAQ,APMC Chattrapati Sambhajinagar ,2505,2200,2352,Maharashtra,Other
2026-08-06,Wheat,1,Ahilyanagar,FAQ,Rahuri(Vambori) ,2770,2621,2640,Maharashtra,Other
2026-08-06,Wheat,1,Buldhana,Non-FAQ,APMC Malkapur ,2580,2500,2550,Maharashtra,Other
2026-08-06,Wheat,1,Latur,Non-FAQ,APMC Aurad Shahajani ,2491,2481,2486,Maharashtra,Maharashtra 2189
2026-08-06,Wheat,1,Latur,Non-FAQ,APMC Nilanga ,2500,2200,2400,Maharashtra,Maharashtra 2189
2026-08-07,Wheat,1,Yavatmal,Local,"Shekari Krushi Khajgi Bazar, Arni, Dist Yavatmal",2500,2450,2481,Maharashtra,Other
2026-08-07,Wheat,1,Jalgaon,FAQ,APMC Chopda ,2631,2631,2631,Maharashtra,Other
2026-08-07,Wheat,1,Buldhana,FAQ,APMC Deoulgaon Raja ,2671,2671,2671,Maharashtra,Other
2026-08-07,Wheat,1,Ahilyanagar,FAQ,APMC Rahata ,2715,2715,2715,Maharashtra,Other
2026-08-07,Wheat,1,Washim,Non-FAQ,Washim(Ansing) ,2560,2350,2450,Maharashtra,Maharashtra 2189
2026-08-07,Wheat,1,Nashik,FAQ,Lasalgaon(Niphad) ,2721,2672,2696,Maharashtra,Maharashtra 2189
2026-08-07,Wheat,1,Ahilyanagar,FAQ,Rahuri(Vambori) ,2630,2630,2630,Maharashtra,Other
2026-08-07,Wheat,1,Ahilyanagar,Non-FAQ,APMC Jamkhed ,2500,2300,2400,Maharashtra,Other
2026-08-07,Wheat,1,Buldhana,Non-FAQ,APMC Shegaon ,2550,2225,2435,Maharashtra,Other
2026-08-07,Wheat,1,Solapur,FAQ,APMC Dudhani ,2640,2590,2612,Maharashtra,Maharashtra 2189
2026-08-07,Wheat,1,Nashik,FAQ,Lasalgaon(Niphad) APMC,2721,2672,2696,Maharashtra,Maharashtra 2189
2026-08-07,Wheat,1,Latur,FAQ,Aurad Shahajani APMC,2750,2585,2613,Maharashtra,Maharashtra 2189
2026-08-07,Wheat,1,Bhandara,Non-FAQ,Bhandara APMC,2450,2450,2450,Maharashtra,Maharashtra 2189
2026-08-07,Wheat,1,Jalna,Non-FAQ,Partur APMC,2515,2150,2490,Maharashtra,Maharashtra 2189
2026-08-07,Wheat,1,Nashik,FAQ,Devala APMC,2675,2665,2675,Maharashtra,Maharashtra 2189
2026-08-07,Wheat,1,Bhandara,Non-FAQ,APMC Bhandara ,2450,2450,2450,Maharashtra,Maharashtra 2189
2026-08-07,Wheat,1,Jalgaon,Non-FAQ,Jalgaon APMC,2550,2550,2550,Maharashtra,147 Average
2026-08-07,Wheat,1,Amarawati,Non-FAQ,APMC Dhamngaon-Railway ,2500,2410,2490,Maharashtra,Other
2026-08-07,Wheat,1,Beed,FAQ,APMC Gevrai ,2705,2585,2600,Maharashtra,Other
2026-08-07,Wheat,1,Solapur,Non-FAQ,APMC Karmala ,2551,2500,2551,Maharashtra,Other
2026-08-07,Wheat,1,Amarawati,Non-FAQ,APMC Chandur Bazar ,2550,2300,2460,Maharashtra,Other
2026-08-07,Wheat,1,Akola,FAQ,APMC Akola ,2735,2595,2600,Maharashtra,Other
2026-08-07,Wheat,1,Buldhana,Non-FAQ,Khamgaon APMC,2575,2450,2512,Maharashtra,Other
2026-08-07,Wheat,1,Beed,Non-FAQ,Beed APMC,2545,2320,2450,Maharashtra,Other
2026-08-07,Wheat,1,Kolhapur,FAQ,Kolhapur(Laxmipuri) APMC,4200,3100,3650,Maharashtra,Other
2026-08-07,Wheat,1,Beed,FAQ,Ambejogai APMC,3000,3000,3000,Maharashtra,Red
2026-08-07,Wheat,1,Nagpur,FAQ,Agriculture Produce Market Committee Katol,2610,2610,2610,Maharashtra,Other
2026-08-07,Wheat,1,Ahilyanagar,FAQ,Jamkhed APMC,2750,2600,2675,Maharashtra,Other
2026-08-07,Wheat,1,Buldhana,Non-FAQ,Krushi Utpanna Bazar Samiti Shegaon,2550,2225,2435,Maharashtra,Other
2026-08-07,Wheat,1,Washim,FAQ,Karanja APMC,2655,2615,2615,Maharashtra,Other
2026-08-08,Wheat,1,Mumbai,FAQ,APMC Mumbai ,4600,2900,3750,Maharashtra,Other
2026-08-08,Wheat,1,Nashik,Non-FAQ,APMC Malegaon ,2580,1800,2560,Maharashtra,Other
2026-08-08,Wheat,1,Nagpur,FAQ,APMC Nagpur ,2646,2585,2630,Maharashtra,Other
2026-08-08,Wheat,1,Ahilyanagar,Non-FAQ,Jamkhed APMC,2500,2200,2350,Maharashtra,Other
2026-08-08,Wheat,1,Amarawati,Non-FAQ,APMC Dhamngaon-Railway ,2580,2450,2550,Maharashtra,Other
2026-08-08,Wheat,1,Chattrapati Sambhajinagar,FAQ,APMC Gangapur ,2663,2650,2655,Maharashtra,Other
2026-08-08,Wheat,1,Nagpur,Non-FAQ,APMC Nagpur ,2584,2526,2569,Maharashtra,Other
2026-08-08,Wheat,1,Ahilyanagar,FAQ,APMC Rahuri ,2625,2585,2605,Maharashtra,Other
2026-08-08,Wheat,1,Bhandara,Non-FAQ,APMC Tumsar ,2558,2558,2558,Maharashtra,Other
2026-08-08,Wheat,1,Beed,Non-FAQ,APMC Gevrai ,2550,2500,2510,Maharashtra,Other
2026-08-08,Wheat,1,Latur,Non-FAQ,APMC Nilanga ,2400,2200,2300,Maharashtra,Maharashtra 2189
2026-08-08,Wheat,1,Buldhana,Non-FAQ,Buldhana(Dhad) APMC,2400,1800,2100,Maharashtra,Other
2026-08-08,Wheat,1,Buldhana,Non-FAQ,Deoulgaon Raja APMC,2500,2250,2500,Maharashtra,Other
2026-08-08,Wheat,1,Solapur,Non-FAQ,APMC Dudhani ,2550,2350,2453,Maharashtra,Maharashtra 2189
2026-08-08,Wheat,1,Parbhani,FAQ,APMC Gangakhed ,2750,2700,2700,Maharashtra,Other
2026-08-08,Wheat,1,Parbhani,Non-FAQ,Bori APMC,2500,2105,2400,Maharashtra,Other
2026-08-08,Wheat,1,Mumbai,FAQ,Mumbai APMC,4600,2900,3750,Maharashtra,Other
2026-08-08,Wheat,1,Solapur,FAQ,Barshi APMC,2600,2600,2600,Maharashtra,Other
2026-08-08,Wheat,1,Chattrapati Sambhajinagar,Non-FAQ,Chattrapati Sambhajinagar APMC,2551,2550,2550,Maharashtra,Other
2026-08-08,Wheat,1,Amarawati,Non-FAQ,Anajngaon APMC,2580,2300,2525,Maharashtra,Other
2026-08-08,Wheat,1,Chattrapati Sambhajinagar,FAQ,APMC Paithan ,2700,2700,2700,Maharashtra,Bansi
2026-08-08,Wheat,1,Parbhani,FAQ,Gangakhed APMC,2750,2700,2700,Maharashtra,Other
2026-08-08,Wheat,1,Ahilyanagar,FAQ,Shevgaon(Bodhegaon) ,2700,2600,2600,Maharashtra,Maharashtra 2189
2026-08-08,Wheat,1,Chattrapati Sambhajinagar,Non-FAQ,APMC Chattrapati Sambhajinagar ,2551,2550,2550,Maharashtra,Other
2026-08-08,Wheat,1,Nanded,FAQ,APMC Loha ,2875,2600,2600,Maharashtra,Other
2026-08-08,Wheat,1,Yavatmal,Non-FAQ,Umarked(Danki) ,2350,2200,2300,Maharashtra,Other
2026-08-08,Wheat,1,Ahilyanagar,Non-FAQ,APMC Pathardi ,2580,2000,2250,Maharashtra,Maharashtra 2189
2026-08-08,Wheat,1,Buldhana,FAQ,APMC Shegaon ,2600,2600,2600,Maharashtra,Other
2026-08-08,Wheat,1,Latur,Non-FAQ,Nilanga APMC,2400,2200,2300,Maharashtra,Maharashtra 2189
2026-08-08,Wheat,1,Nashik,FAQ,Lasalgaon(Niphad) ,2721,2690,2701,Maharashtra,Maharashtra 2189
2026-08-08,Wheat,1,Solapur,Non-FAQ,Dudhani APMC,2550,2350,2453,Maharashtra,Maharashtra 2189
2026-08-08,Wheat,1,Buldhana,Non-FAQ,APMC Malkapur ,2570,2510,2550,Maharashtra,Other
2026-08-08,Wheat,1,Nanded,Non-FAQ,APMC Bhokar ,2370,2250,2310,Maharashtra,Other
2026-08-08,Wheat,1,Yavatmal,Local,"Shekari Krushi Khajgi Bazar, Arni, Dist Yavatmal",2415,2200,2400,Maharashtra,Other
2026-08-08,Wheat,1,Jalna,Non-FAQ,APMC BHOKARDAN ,2550,2490,2500,Maharashtra,Other
2026-08-08,Wheat,1,Wardha,Non-FAQ,Sindi (Selu),2580,2400,2500,Maharashtra,Other
2026-08-09,Wheat,1,Beed,Non-FAQ,Kada APMC,2550,2200,2350,Maharashtra,Other
2026-08-09,Wheat,1,Chattrapati Sambhajinagar,Non-FAQ,APMC Sillod ,2580,2500,2550,Maharashtra,Other
2026-08-09,Wheat,1,Satara,FAQ,APMC Phaltan ,2825,2600,2750,Maharashtra,Other
2026-08-09,Wheat,1,Yavatmal,FAQ,Digras APMC,2625,2585,2595,Maharashtra,Other
2026-08-09,Wheat,1,Pune,Non-FAQ,APMC Dound ,2550,2550,2550,Maharashtra,Maharashtra 2189
2026-08-09,Wheat,1,Akola,FAQ,Balapur APMC,2600,2585,2590,Maharashtra,Other
2026-08-10,Wheat,1,Buldhana,Non-FAQ,Khamgaon APMC,2575,2375,2450,Maharashtra,Other
2026-08-10,Wheat,1,Nanded,FAQ,APMC Loha ,2665,2600,2600,Maharashtra,Other
2026-08-10,Wheat,1,Pune,Non-FAQ,Indapur APMC,2500,2100,2500,Maharashtra,Other
2026-08-10,Wheat,1,Chattrapati Sambhajinagar,FAQ,Gangapur APMC,2673,2585,2600,Maharashtra,Other
2026-08-10,Wheat,1,Nanded,Non-FAQ,APMC Bhokar ,2375,2200,2288,Maharashtra,Other
2026-08-10,Wheat,1,Washim,Non-FAQ,Mangrulpeer APMC,2575,2450,2510,Maharashtra,Other
2026-08-10,Wheat,1,Washim,FAQ,Manora APMC,2630,2620,2625,Maharashtra,Other
2026-08-10,Wheat,1,Latur,Non-FAQ,APMC Ahmedpur ,2570,2500,2554,Maharashtra,Other
2026-08-10,Wheat,1,Jalna,Non-FAQ,APMC Mantha ,2584,2400,2550,Maharashtra,Other
2026-08-10,Wheat,1,Yavatmal,Non-FAQ,Umarked(Danki) ,2350,2200,2300,Maharashtra,Other
2026-08-10,Wheat,1,Yavatmal,Local,"Mahesh Krushi Utpanna Bazar, Digras, Dist Yeotmal",2600,1700,2377,Maharashtra,Other
2026-08-10,Wheat,1,Nanded,Non-FAQ,APMC Loha ,2475,2400,2421,Maharashtra,Other
2026-08-10,Wheat,1,Amarawati,Non-FAQ,APMC Daryapur ,2450,2400,2425,Maharashtra,Other
2026-08-10,Wheat,1,Buldhana,FAQ,APMC Deoulgaon Raja ,2601,2601,2601,Maharashtra,Other
2026-08-10,Wheat,1,Buldhana,FAQ,APMC Shegaon ,2625,2625,2625,Maharashtra,Other
2026-08-10,Wheat,1,Ahilyanagar,Non-FAQ,Shrirampur(Belapur) APMC,2300,2200,2250,Maharashtra,Other
2026-08-10,Wheat,1,Buldhana,Non-FAQ,APMC Khamgaon ,2575,2375,2450,Maharashtra,Other
2026-08-10,Wheat,1,Palghar,FAQ,Ulhasnagar APMC,3400,3000,3200,Maharashtra,Other
2026-08-10,Wheat,1,Beed,FAQ,APMC Gevrai ,2700,2600,2650,Maharashtra,Other
2026-08-10,Wheat,1,Solapur,FAQ,Kurdwadi(Modnimb) APMC,3000,2590,2800,Maharashtra,Other
2026-08-10,Wheat,1,Nashik,Non-FAQ,APMC Manmad ,2584,2571,2571,Maharashtra,Other
2026-08-10,Wheat,1,Dhule,FAQ,Dondaicha (Sindhkheda) ,2600,2600,2600,Maharashtra,Other
2026-08-10,Wheat,1,Solapur,FAQ,APMC Solapur ,4200,2630,3720,Maharashtra,Sharbati
2026-08-10,Wheat,1,Wardha,FAQ,Hinganghat APMC,2615,2585,2600,Maharashtra,Other
2026-08-10,Wheat,1,Nandurbar,FAQ,APMC Shahada ,2793,2741,2772,Maharashtra,Other
2026-08-10,Wheat,1,Buldhana,Non-FAQ,Krushi Utpanna Bazar Samiti Shegaon,2550,2325,2460,Maharashtra,Other
2026-08-10,Wheat,1,Nandurbar,FAQ,APMC Nandurbar ,2729,2729,2729,Maharashtra,Other
2026-08-10,Wheat,1,Dharashiv,Non-FAQ,APMC Paranda ,2350,2350,2350,Maharashtra,Other
2026-08-10,Wheat,1,Dhule,FAQ,APMC Shirpur ,2722,2697,2722,Maharashtra,Other
2026-08-10,Wheat,1,Washim,Non-FAQ,APMC Mangrulpeer ,2575,2450,2510,Maharashtra,Other
2026-08-10,Wheat,1,Washim,Non-FAQ,Washim(Ansing) ,2580,2350,2450,Maharashtra,Maharashtra 2189
2026-08-10,Wheat,1,Washim,FAQ,APMC Manora ,2630,2620,2625,Maharashtra,Other
2026-08-10,Wheat,1,Pune,Non-FAQ,APMC Baramati ,2580,2450,2500,Maharashtra,Maharashtra 2189
2026-08-10,Wheat,1,Pune,FAQ,APMC Indapur ,2900,2900,2900,Maharashtra,Maharashtra 2189
2026-08-10,Wheat,1,Nandurbar,FAQ,APMC Nandurbar,2725,2590,2650,Maharashtra,Other
2026-08-10,Wheat,1,Nagpur,FAQ,Nagpur APMC,3500,3200,3425,Maharashtra,Sharbati
2026-08-10,Wheat,1,Washim,Local,"Krushna Krishi Bazar, Washim",2600,2000,2584,Maharashtra,Other
2026-08-10,Wheat,1,Jalgaon,Non-FAQ,APMC Pachora ,2580,2151,2321,Maharashtra,Other
2026-08-10,Wheat,1,Chattrapati Sambhajinagar,Non-FAQ,APMC Sillod ,2580,2500,2550,Maharashtra,Other
2026-08-10,Wheat,1,Palghar,FAQ,APMC Palghar ,3320,3320,3320,Maharashtra,Other
2026-08-10,Wheat,1,Solapur,FAQ,Kurdwadi(Modnimb) ,3000,2590,2800,Maharashtra,Other
2026-08-10,Wheat,1,Buldhana,Non-FAQ,Malkapur APMC,2580,2440,2500,Maharashtra,Other
2026-08-10,Wheat,1,Solapur,FAQ,APMC Dudhani ,2630,2610,2621,Maharashtra,Maharashtra 2189
2026-08-10,Wheat,1,Latur,Non-FAQ,Latur(Murud) APMC,2501,2200,2400,Maharashtra,Maharashtra 2189
2026-08-10,Wheat,1,Bhandara,Non-FAQ,Bhandara APMC,2450,2400,2410,Maharashtra,Maharashtra 2189
2026-08-10,Wheat,1,Latur,Non-FAQ,Nilanga APMC,2450,2000,2300,Maharashtra,Maharashtra 2189
2026-08-10,Wheat,1,Pune,Non-FAQ,APMC Baramati ,2580,2011,2500,Maharashtra,Kalyan
2026-08-10,Wheat,1,Palghar,FAQ,Palghar APMC,3320,3320,3320,Maharashtra,Other
2026-08-10,Wheat,1,Amarawati,Non-FAQ,APMC Chandur Bazar ,2580,2300,2400,Maharashtra,Other
2026-08-10,Wheat,1,Chattrapati Sambhajinagar,FAQ,APMC Gangapur ,2673,2585,2600,Maharashtra,Other
2026-08-10,Wheat,1,Ahilyanagar,FAQ,Rahata APMC,2700,2700,2700,Maharashtra,Other
2026-08-10,Wheat,1,Buldhana,Non-FAQ,Lonar APMC,2424,2300,2362,Maharashtra,Other
2026-08-10,Wheat,1,Latur,Non-FAQ,Ausa APMC,2352,2352,2352,Maharashtra,Maharashtra 2189
2026-08-10,Wheat,1,Yavatmal,FAQ,Yavatmal APMC,2600,2600,2600,Maharashtra,Other
2026-08-10,Wheat,1,Dhule,FAQ,Dondaicha (Sindhkheda) APMC,2600,2600,2600,Maharashtra,Other
2026-08-10,Wheat,1,Nanded,Non-FAQ,APMC Kandhar ,2450,2000,2380,Maharashtra,Other
2026-08-10,Wheat,1,Nashik,FAQ,Satana APMC,2862,2711,2790,Maharashtra,Other
2026-08-10,Wheat,1,Beed,Non-FAQ,APMC Beed ,2500,2200,2400,Maharashtra,Other
2026-08-10,Wheat,1,Yavatmal,Non-FAQ,Vani APMC,2450,2450,2450,Maharashtra,Other
2026-08-10,Wheat,1,Beed,Non-FAQ,APMC Kille Dharur ,2500,2401,2401,Maharashtra,Other
2026-08-11,Wheat,1,Beed,FAQ,APMC Majalgaon ,2651,2588,2597,Maharashtra,Other
2026-08-11,Wheat,1,Akola,FAQ,Akot APMC,2600,2600,2600,Maharashtra,147 Average
2026-08-11,Wheat,1,Nashik,FAQ,APMC Sinner ,2695,2605,2650,Maharashtra,Other
2026-08-11,Wheat,1,Chattrapati Sambhajinagar,Non-FAQ,APMC Sillod ,2570,2450,2500,Maharashtra,Other
2026-08-11,Wheat,1,Washim,Local,"Krushna Krishi Bazar, Washim",2600,2000,2455,Maharashtra,Other
2026-08-11,Wheat,1,Ahilyanagar,FAQ,APMC Jamkhed ,2700,2600,2650,Maharashtra,Other
2026-08-11,Wheat,1,Dhule,FAQ,APMC Shirpur ,2721,2671,2721,Maharashtra,Other
2026-08-11,Wheat,1,Dhule,Non-FAQ,APMC Shirpur ,2526,2526,2526,Maharashtra,Other
2026-08-11,Wheat,1,Latur,Non-FAQ,APMC Ahmedpur ,2566,2500,2551,Maharashtra,Other
2026-08-11,Wheat,1,Nandurbar,FAQ,APMC Shahada ,2785,2600,2750,Maharashtra,Other
2026-08-11,Wheat,1,Yavatmal,FAQ,APMC Yavatmal ,2615,2595,2605,Maharashtra,Other
2026-08-11,Wheat,1,Ahilyanagar,FAQ,Rahuri(Vambori) APMC,2726,2600,2651,Maharashtra,Other
2026-08-11,Wheat,1,Ahilyanagar,FAQ,APMC Ahilyanagar ,2800,2600,2700,Maharashtra,Other
2026-08-11,Wheat,1,Parbhani,Non-FAQ,APMC Parbhani ,2500,2000,2300,Maharashtra,Other
2026-08-11,Wheat,1,Amarawati,FAQ,Amarawati APMC,2700,2585,2642,Maharashtra,Other
2026-08-11,Wheat,1,Jalgaon,Non-FAQ,APMC Parola ,2500,2450,2500,Maharashtra,Kalyan
2026-08-11,Wheat,1,Jalna,Non-FAQ,APMC Jalana ,2550,2550,2550,Maharashtra,Other
2026-08-11,Wheat,1,Jalna,FAQ,Jalana APMC,2825,2630,2630,Maharashtra,Other
2026-08-11,Wheat,1,Latur,Non-FAQ,Latur(Murud) ,2584,2200,2400,Maharashtra,Maharashtra 2189
2026-08-11,Wheat,1,Solapur,FAQ,APMC Solapur ,4205,2635,3725,Maharashtra,Sharbati
2026-08-11,Wheat,1,Jalgaon,FAQ,APMC PACHORA,2613,2585,2600,Maharashtra,Other
2026-08-11,Wheat,1,Nandurbar,FAQ,APMC Nandurbar,2685,2620,2650,Maharashtra,Other
2026-08-11,Wheat,1,Nashik,FAQ,Lasalgaon(Niphad) ,2750,2700,2715,Maharashtra,Maharashtra 2189
2026-08-11,Wheat,1,Nashik,FAQ,APMC Devala ,2685,2650,2675,Maharashtra,Maharashtra 2189
2026-08-11,Wheat,1,Nagpur,FAQ,Nagpur APMC,3500,3200,3425,Maharashtra,Sharbati
2026-08-11,Wheat,1,Nagpur,FAQ,APMC Nagpur ,2640,2585,2626,Maharashtra,Other
2026-08-11,Wheat,1,Jalgaon,Non-FAQ,APMC Chalisgaon ,2575,2400,2431,Maharashtra,Other
2026-08-11,Wheat,1,Pune,Non-FAQ,APMC Shirur ,2500,2400,2500,Maharashtra,Other
2026-08-11,Wheat,1,Wardha,FAQ,Wardha APMC,2725,2665,2700,Maharashtra,Other
2026-08-11,Wheat,1,Nandurbar,FAQ,Shahada APMC,2785,2600,2750,Maharashtra,Other
2026-08-11,Wheat,1,Beed,FAQ,APMC Kada ,2900,2700,2800,Maharashtra,Other
2026-08-11,Wheat,1,Jalna,Non-FAQ,Bhokardan(Pimpalgaon Renu) APMC,2300,2200,2250,Maharashtra,Other
2026-08-11,Wheat,1,Ahilyanagar,Non-FAQ,Shrirampur(Belapur) APMC,2400,2300,2350,Maharashtra,Other
2026-08-11,Wheat,1,Akola,FAQ,Akola APMC,2625,2585,2600,Maharashtra,Other
2026-08-11,Wheat,1,Ahilyanagar,FAQ,Rahata APMC,2700,2700,2700,Maharashtra,Other
2026-08-11,Wheat,1,Wardha,FAQ,Ashti(Karanja) APMC,2635,2585,2600,Maharashtra,Other
2026-08-11,Wheat,1,Dhule,FAQ,Shirpur APMC,2721,2671,2721,Maharashtra,Other
2026-08-11,Wheat,1,Latur,Non-FAQ,Ahmedpur APMC,2566,2500,2551,Maharashtra,Other
2026-08-11,Wheat,1,Amarawati,Non-FAQ,Achalpur APMC,2550,2400,2475,Maharashtra,Other
2026-08-11,Wheat,1,Washim,FAQ,Karanja APMC,2670,2585,2625,Maharashtra,Other
2026-08-11,Wheat,1,Nagpur,Non-FAQ,Agriculture Produce Market Committee Katol,2570,2550,2560,Maharashtra,Other
2026-08-12,Wheat,1,Mumbai,FAQ,Mumbai APMC,4600,2900,3750,Maharashtra,Other
2026-08-12,Wheat,1,Nashik,Non-FAQ,Manmad APMC,2584,2521,2521,Maharashtra,Other
2026-08-12,Wheat,1,Ahilyanagar,FAQ,Rahuri(Vambori) APMC,2700,2610,2650,Maharashtra,Other
2026-08-12,Wheat,1,Yavatmal,Non-FAQ,Vani APMC,2200,2200,2200,Maharashtra,Other
2026-08-12,Wheat,1,Buldhana,FAQ,Malkapur APMC,2655,2605,2625,Maharashtra,Other
2026-08-12,Wheat,1,Chattrapati Sambhajinagar,FAQ,Chattrapati Sambhajinagar APMC,2861,2600,2730,Maharashtra,Other
2026-08-12,Wheat,1,Wardha,FAQ,Wardha APMC,2700,2650,2675,Maharashtra,Other
2026-08-12,Wheat,1,Buldhana,Non-FAQ,Mehekar APMC,2500,2000,2300,Maharashtra,Other
2026-08-12,Wheat,1,Nagpur,Non-FAQ,Nagpur APMC,2584,2550,2575,Maharashtra,Other
2026-08-12,Wheat,1,Dhule,Non-FAQ,Dondaicha APMC,2500,2000,2200,Maharashtra,Other
2026-08-12,Wheat,1,Pune,Non-FAQ,APMC Shirur ,2581,2550,2581,Maharashtra,Other
2026-08-12,Wheat,1,Buldhana,Non-FAQ,APMC Deoulgaon Raja ,2525,2500,2525,Maharashtra,Other
2026-08-12,Wheat,1,Dhule,FAQ,APMC Dondaicha ,2735,2596,2715,Maharashtra,Other
2026-08-12,Wheat,1,Buldhana,Non-FAQ,APMC Mehekar ,2500,2000,2300,Maharashtra,Other
2026-08-12,Wheat,1,Yavatmal,FAQ,APMC Yavatmal ,2600,2600,2600,Maharashtra,Other
2026-08-12,Wheat,1,Ahilyanagar,FAQ,APMC Kopargaon ,2826,2675,2713,Maharashtra,Other
2026-08-12,Wheat,1,Palghar,FAQ,APMC Palghar ,3450,3450,3450,Maharashtra,Other
2026-08-12,Wheat,1,Ahilyanagar,FAQ,Pathardi APMC,2800,2585,2690,Maharashtra,Maharashtra 2189
2026-08-12,Wheat,1,Ahilyanagar,FAQ,Rahuri(Vambori) ,2700,2610,2650,Maharashtra,Other
2026-08-12,Wheat,1,Nashik,FAQ,Lasalgaon APMC,2735,2645,2685,Maharashtra,Maharashtra 2189
2026-08-12,Wheat,1,Ahilyanagar,FAQ,Shevgaon APMC,2700,2600,2600,Maharashtra,Maharashtra 2189
2026-08-12,Wheat,1,Pune,FAQ,Nira(Saswad) ,3200,2600,2900,Maharashtra,Other
2026-08-12,Wheat,1,Solapur,FAQ,APMC Solapur ,4210,2630,3730,Maharashtra,Sharbati
2026-08-12,Wheat,1,Palghar,FAQ,Kalyan APMC,3600,3000,3300,Maharashtra,Sharbati
2026-08-12,Wheat,1,Nagpur,FAQ,Nagpur APMC,3300,3200,3275,Maharashtra,Sharbati
2026-08-12,Wheat,1,Chattrapati Sambhajinagar,FAQ,APMC Vaijpur ,2760,2585,2700,Maharashtra,Other
2026-08-12,Wheat,1,Nashik,FAQ,APMC Satana ,2825,2717,2780,Maharashtra,Other
2026-08-12,Wheat,1,Yavatmal,Non-FAQ,APMC Digras ,2575,2340,2435,Maharashtra,Other
2026-08-12,Wheat,1,Dhule,FAQ,APMC Shirpur ,2680,2592,2625,Maharashtra,Other
2026-08-12,Wheat,1,Nagpur,Non-FAQ,APMC Nagpur ,2584,2550,2575,Maharashtra,Other
2026-08-13,Wheat,1,Ahilyanagar,Non-FAQ,Jamkhed APMC,2500,2300,2400,Maharashtra,Other
2026-08-13,Wheat,1,Yavatmal,Non-FAQ,Digras APMC,2550,2550,2550,Maharashtra,Other
2026-08-13,Wheat,1,Nashik,FAQ,Satana APMC,2727,2660,2695,Maharashtra,Other
2026-08-13,Wheat,1,Buldhana,FAQ,Deoulgaon Raja APMC,2671,2671,2671,Maharashtra,Other
2026-08-13,Wheat,1,Dharashiv,Non-FAQ,Tuljapur APMC,2580,2400,2500,Maharashtra,Other
2026-08-13,Wheat,1,Parbhani,Non-FAQ,Parbhani APMC,2500,2200,2300,Maharashtra,Other
2026-08-13,Wheat,1,Jalgaon,FAQ,APMC CHOPADA,2741,2591,2741,Maharashtra,Other
2026-08-13,Wheat,1,Dhule,Non-FAQ,Sakri APMC,2490,2490,2490,Maharashtra,Other
2026-08-13,Wheat,1,Ahilyanagar,FAQ,Rahata APMC,2798,2600,2675,Maharashtra,Other
2026-08-13,Wheat,1,Beed,FAQ,APMC Kada ,3000,2600,2850,Maharashtra,Other
2026-08-13,Wheat,1,Chattrapati Sambhajinagar,FAQ,APMC Vaijpur ,2745,2645,2710,Maharashtra,Other
2026-08-13,Wheat,1,Beed,FAQ,Gevrai APMC,2687,2600,2650,Maharashtra,Other
2026-08-13,Wheat,1,Nashik,Non-FAQ,Malegaon APMC,2580,1851,2575,Maharashtra,Other
2026-08-13,Wheat,1,Buldhana,Local,"Bsk Krishi Bazar Private Limited, Mehkar, Dist Buldhana",2650,2500,2630,Maharashtra,Other
2026-08-13,Wheat,1,Solapur,FAQ,Barshi APMC,3000,2800,2800,Maharashtra,Other
2026-08-13,Wheat,1,Buldhana,Non-FAQ,Krushi Utpanna Bazar Samiti Shegaon,2375,2375,2375,Maharashtra,Other
2026-08-13,Wheat,1,Solapur,FAQ,Karmala APMC,2675,2600,2650,Maharashtra,Other
2026-08-13,Wheat,1,Nagpur,FAQ,APMC Nagpur ,3300,3200,3275,Maharashtra,Sharbati
2026-08-13,Wheat,1,Parbhani,FAQ,APMC Manwat ,2670,2650,2660,Maharashtra,Other
2026-08-13,Wheat,1,Solapur,FAQ,APMC Solapur ,4215,2635,3735,Maharashtra,Sharbati
2026-08-13,Wheat,1,Pune,Non-FAQ,APMC Baramati ,2580,2317,2500,Maharashtra,Kalyan
2026-08-13,Wheat,1,Dharashiv,FAQ,Kalamb (Dharashiv) APMC,2630,2630,2630,Maharashtra,Maharashtra 2189
2026-08-13,Wheat,1,Latur,Non-FAQ,Nilanga APMC,2450,2200,2300,Maharashtra,Maharashtra 2189
2026-08-13,Wheat,1,Nashik,Non-FAQ,Lasalgaon APMC,2400,2000,2400,Maharashtra,Maharashtra 2189
2026-08-13,Wheat,1,Washim,Non-FAQ,Washim(Ansing) APMC,2570,2350,2450,Maharashtra,Maharashtra 2189
2026-08-13,Wheat,1,Nagpur,FAQ,Nagpur APMC,3300,3200,3275,Maharashtra,Sharbati
2026-08-13,Wheat,1,Nanded,FAQ,Nanded APMC,2610,2590,2590,Maharashtra,Sharbati
2026-08-13,Wheat,1,Yavatmal,Local,"Shekari Krushi Khajgi Bazar, Arni, Dist Yavatmal",2570,2412,2500,Maharashtra,Other
2026-08-13,Wheat,1,Ahilyanagar,Non-FAQ,Shrirampur(Belapur) APMC,2300,2200,2250,Maharashtra,Other
2026-08-13,Wheat,1,Ahilyanagar,FAQ,Ahilyanagar APMC,2750,2650,2700,Maharashtra,Other
2026-08-13,Wheat,1,Beed,Non-FAQ,APMC Beed ,2580,2300,2454,Maharashtra,Other
2026-08-13,Wheat,1,Washim,Non-FAQ,APMC Malegaon(Washim) ,2500,2000,2300,Maharashtra,Other
2026-08-13,Wheat,1,Wardha,Non-FAQ,Sindi (Selu),2580,2400,2500,Maharashtra,Other
2026-08-13,Wheat,1,Buldhana,FAQ,APMC Malkapur ,2640,2600,2610,Maharashtra,Other
2026-08-13,Wheat,1,Jalgaon,Non-FAQ,APMC Pachora ,2580,2563,2575,Maharashtra,Other
2026-08-13,Wheat,1,Jalgaon,FAQ,APMC Pachora ,2624,2585,2600,Maharashtra,Other
2026-08-13,Wheat,1,Ahilyanagar,FAQ,APMC Shrirampur ,2675,2600,2650,Maharashtra,Other
2026-08-13,Wheat,1,Nagpur,FAQ,APMC Katol ,2600,2600,2600,Maharashtra,Other
2026-08-13,Wheat,1,Dhule,Non-FAQ,APMC Shirpur ,2401,2401,2401,Maharashtra,Other
2026-08-13,Wheat,1,Solapur,Non-FAQ,APMC Barshi ,2550,2550,2550,Maharashtra,Other
2026-08-13,Wheat,1,Ahilyanagar,FAQ,APMC Kopargaon ,2709,2601,2660,Maharashtra,Other
2026-08-13,Wheat,1,Mumbai,FAQ,APMC Mumbai ,4600,2900,3750,Maharashtra,Other
2026-08-13,Wheat,1,Kolhapur,FAQ,Kolhapur(Laxmipuri) ,4250,3000,3625,Maharashtra,Other
2026-08-13,Wheat,1,Nagpur,FAQ,APMC Nagpur ,2630,2585,2618,Maharashtra,Other
2026-08-14,Wheat,1,Amarawati,Non-FAQ,APMC Achalpur ,2500,2400,2450,Maharashtra,Other
2026-08-14,Wheat,1,Akola,Non-FAQ,APMC Murtizapur ,2580,2200,2390,Maharashtra,Other
2026-08-14,Wheat,1,Beed,FAQ,APMC Kille Dharur ,2671,2599,2600,Maharashtra,Other
2026-08-14,Wheat,1,Solapur,FAQ,Karmala APMC,2700,2600,2651,Maharashtra,Other
2026-08-14,Wheat,1,Chattrapati Sambhajinagar,FAQ,APMC Gangapur ,2675,2634,2634,Maharashtra,Other
2026-08-14,Wheat,1,Dharashiv,FAQ,Kalamb (Dharashiv) APMC,2700,2700,2700,Maharashtra,Maharashtra 2189
2026-08-14,Wheat,1,Jalgaon,Non-FAQ,APMC Parola ,2526,2211,2450,Maharashtra,Kalyan
2026-08-14,Wheat,1,Chattrapati Sambhajinagar,Non-FAQ,APMC Sillod ,2550,2470,2500,Maharashtra,Other
2026-08-14,Wheat,1,Dharashiv,Non-FAQ,Murum APMC,2500,2317,2394,Maharashtra,Bansi
2026-08-14,Wheat,1,Akola,Non-FAQ,Patur APMC,2548,2200,2548,Maharashtra,Maharashtra 2189
2026-08-14,Wheat,1,Nashik,FAQ,APMC Yeola ,2800,2652,2700,Maharashtra,Maharashtra 2189
2026-08-14,Wheat,1,Nagpur,FAQ,APMC Nagpur ,3500,3200,3425,Maharashtra,Sharbati
2026-08-14,Wheat,1,Buldhana,Non-FAQ,APMC Mehekar ,2500,2000,2300,Maharashtra,Other
2026-08-14,Wheat,1,Parbhani,Non-FAQ,Tadkalas APMC,2550,2200,2400,Maharashtra,Other
2026-08-14,Wheat,1,Parbhani,FAQ,APMC Gangakhed ,2700,2650,2650,Maharashtra,Other
2026-08-14,Wheat,1,Beed,FAQ,APMC Majalgaon ,2700,2600,2631,Maharashtra,Other
2026-08-14,Wheat,1,Solapur,FAQ,Barshi(Vairag) ,2625,2600,2600,Maharashtra,Other
2026-08-14,Wheat,1,Beed,Non-FAQ,Kille Dharur APMC,2570,2410,2551,Maharashtra,Other
2026-08-14,Wheat,1,Chattrapati Sambhajinagar,FAQ,Gangapur APMC,2675,2634,2634,Maharashtra,Other
2026-08-14,Wheat,1,Nagpur,FAQ,APMC Katol ,2590,2585,2590,Maharashtra,Other
2026-08-14,Wheat,1,Washim,Local,"Krushna Krishi Bazar, Washim",2650,2000,2604,Maharashtra,Other
2026-08-14,Wheat,1,Nagpur,FAQ,APMC Nagpur ,2634,2585,2621,Maharashtra,Other
2026-08-14,Wheat,1,Beed,Non-FAQ,Beed APMC,2550,2360,2456,Maharashtra,Other
2026-08-14,Wheat,1,Buldhana,Non-FAQ,APMC Lonar ,2424,2350,2387,Maharashtra,Other
2026-08-14,Wheat,1,Beed,Non-FAQ,APMC Gevrai ,2500,2500,2500,Maharashtra,Other
2026-08-14,Wheat,1,Nandurbar,FAQ,Shahada APMC,2851,2640,2705,Maharashtra,Other
2026-08-14,Wheat,1,Solapur,FAQ,Barshi(Vairag) APMC,2625,2600,2600,Maharashtra,Other
2026-08-14,Wheat,1,Amarawati,FAQ,Amarawati APMC,2700,2586,2643,Maharashtra,Other
2026-08-15,Wheat,1,Chattrapati Sambhajinagar,FAQ,APMC Paithan ,2637,2616,2620,Maharashtra,Bansi
2026-08-15,Wheat,1,Ahilyanagar,FAQ,Rahata APMC,2650,2650,2650,Maharashtra,Other
2026-08-15,Wheat,1,Ahilyanagar,FAQ,APMC Rahata ,2650,2650,2650,Maharashtra,Other
2026-08-16,Wheat,1,Akola,Non-FAQ,APMC Balapur ,2550,2450,2500,Maharashtra,Other
2026-08-16,Wheat,1,Chattrapati Sambhajinagar,Non-FAQ,APMC Kannad ,2580,2400,2525,Maharashtra,Other
2026-08-16,Wheat,1,Chattrapati Sambhajinagar,FAQ,APMC Paithan ,2732,2585,2600,Maharashtra,Bansi
2026-08-16,Wheat,1,Akola,FAQ,APMC Balapur ,2625,2585,2600,Maharashtra,Other
2026-08-17,Wheat,1,Nashik,FAQ,Lasalgaon(Niphad) APMC,2708,2591,2690,Maharashtra,Maharashtra 2189
2026-08-17,Wheat,1,Ahilyanagar,FAQ,Shevgaon APMC,2600,2600,2600,Maharashtra,Maharashtra 2189
2026-08-17,Wheat,1,Dhule,Non-FAQ,Shirpur APMC,2502,2502,2502,Maharashtra,Other
2026-08-17,Wheat,1,Nashik,Non-FAQ,Malegaon APMC,2580,2201,2570,Maharashtra,Other
2026-08-17,Wheat,1,Thane,FAQ,APMC Ulhasnagar ,3600,3200,3400,Maharashtra,Other
2026-08-17,Wheat,1,Buldhana,Non-FAQ,APMC Khamgaon ,2550,2350,2450,Maharashtra,Other
2026-08-17,Wheat,1,Nagpur,FAQ,Nagpur APMC,3500,3200,3425,Maharashtra,Sharbati
2026-08-17,Wheat,1,Ahilyanagar,FAQ,APMC Jamkhed ,2650,2600,2625,Maharashtra,Other
2026-08-17,Wheat,1,Beed,Non-FAQ,APMC Patoda ,2500,2200,2400,Maharashtra,Other
2026-08-17,Wheat,1,Dhule,Non-FAQ,APMC Dondaicha ,2550,2500,2500,Maharashtra,Other
2026-08-17,Wheat,1,Chattrapati Sambhajinagar,Non-FAQ,APMC Lasur Station ,2001,2001,2001,Maharashtra,Other
2026-08-17,Wheat,1,Solapur,Non-FAQ,Karmala APMC,2575,2575,2575,Maharashtra,Other
2026-08-17,Wheat,1,Nandurbar,FAQ,APMC Nandurbar ,2700,2700,2700,Maharashtra,Other
2026-08-17,Wheat,1,Parbhani,Non-FAQ,APMC Parbhani ,2500,2100,2300,Maharashtra,Other
2026-08-17,Wheat,1,Nagpur,FAQ,APMC Nagpur ,2632,2585,2620,Maharashtra,Other
2026-08-17,Wheat,1,Ahilyanagar,FAQ,Jamkhed APMC,2650,2600,2625,Maharashtra,Other
2026-08-17,Wheat,1,Mumbai,FAQ,APMC Mumbai ,4600,2900,3750,Maharashtra,Other
2026-08-17,Wheat,1,Dhule,Non-FAQ,APMC Shirpur ,2502,2502,2502,Maharashtra,Other
2026-08-17,Wheat,1,Mumbai,FAQ,Mumbai APMC,4600,2900,3750,Maharashtra,Other
2026-08-17,Wheat,1,Solapur,FAQ,Kurdwadi(Modnimb) APMC,2700,2590,2600,Maharashtra,Other
2026-08-17,Wheat,1,Beed,Non-FAQ,Kaij APMC,2552,2500,2512,Maharashtra,Other
2026-08-17,Wheat,1,Nandurbar,Non-FAQ,APMC Nandurbar,2143,2143,2143,Maharashtra,Other
2026-08-17,Wheat,1,Chattrapati Sambhajinagar,Non-FAQ,Lasur Station APMC,2001,2001,2001,Maharashtra,Other
2026-08-17,Wheat,1,Pune,Non-FAQ,Indapur APMC,2500,2251,2500,Maharashtra,Other
2026-08-17,Wheat,1,Beed,Non-FAQ,Gevrai APMC,2560,2500,2550,Maharashtra,Other
2026-08-18,Wheat,1,Chattrapati Sambhajinagar,Non-FAQ,APMC Lasur Station ,2500,2500,2500,Maharashtra,Other
2026-08-18,Wheat,1,Amarawati,Non-FAQ,APMC Chandur Railway ,2480,2480,2480,Maharashtra,Other
2026-08-18,Wheat,1,Yavatmal,Non-FAQ,APMC Umarkhed ,2350,2200,2300,Maharashtra,Other
2026-08-18,Wheat,1,Ahilyanagar,FAQ,APMC Rahata ,2650,2650,2650,Maharashtra,Other
2026-08-18,Wheat,1,Jalgaon,FAQ,APMC Amalner ,2612,2585,2612,Maharashtra,Other
2026-08-18,Wheat,1,Chattrapati Sambhajinagar,FAQ,APMC Gangapur ,2633,2610,2615,Maharashtra,Other
2026-08-18,Wheat,1,Amarawati,Non-FAQ,APMC Anajngaon ,2500,2200,2400,Maharashtra,Other
2026-08-18,Wheat,1,Nashik,FAQ,APMC Devala ,2705,2675,2695,Maharashtra,Maharashtra 2189
2026-08-18,Wheat,1,Amarawati,Non-FAQ,APMC Achalpur ,2500,2400,2450,Maharashtra,Other
2026-08-18,Wheat,1,Ahilyanagar,Non-FAQ,Shrirampur(Belapur) ,2300,2200,2250,Maharashtra,Other
2026-08-18,Wheat,1,Nashik,Non-FAQ,APMC Manmad ,2584,2570,2570,Maharashtra,Other
2026-08-18,Wheat,1,Ahilyanagar,FAQ,APMC Shrirampur ,2625,2585,2600,Maharashtra,Other
2026-08-18,Wheat,1,Dharashiv,Non-FAQ,APMC Murum ,2371,2371,2371,Maharashtra,Bansi
2026-08-18,Wheat,1,Ahilyanagar,Non-FAQ,Karjat(Rashin) ,2500,2300,2400,Maharashtra,Other
2026-08-18,Wheat,1,Nashik,FAQ,APMC Sinner ,2700,2585,2680,Maharashtra,Other
2026-08-18,Wheat,1,Thane,FAQ,APMC Ulhasnagar ,3600,3200,3400,Maharashtra,Other
2026-08-18,Wheat,1,Nagpur,Non-FAQ,APMC Savner ,2425,2425,2425,Maharashtra,Other
2026-08-18,Wheat,1,Pune,Non-FAQ,APMC Shirur ,2550,2400,2500,Maharashtra,Other
2026-08-18,Wheat,1,Palghar,FAQ,Kalyan APMC,3600,3000,3300,Maharashtra,Sharbati
2026-08-18,Wheat,1,Chattrapati Sambhajinagar,Non-FAQ,Lasur Station APMC,2500,2500,2500,Maharashtra,Other
2026-08-18,Wheat,1,Amarawati,FAQ,Amarawati APMC,2700,2585,2642,Maharashtra,Other
2026-08-18,Wheat,1,Dhule,Non-FAQ,Dondaicha APMC,2551,2500,2550,Maharashtra,Other
2026-08-18,Wheat,1,Sangli,FAQ,Tasgaon APMC,3250,2780,3080,Maharashtra,Other
2026-08-18,Wheat,1,Thane,FAQ,APMC Kalyan ,3600,3000,3300,Maharashtra,Sharbati
2026-08-18,Wheat,1,Buldhana,Non-FAQ,Mehekar APMC,2500,2000,2300,Maharashtra,Other
2026-08-18,Wheat,1,Washim,FAQ,Karanja APMC,2665,2620,2620,Maharashtra,Other
2026-08-18,Wheat,1,Nanded,Non-FAQ,Bhokar APMC,2400,2300,2350,Maharashtra,Other
2026-08-18,Wheat,1,Jalgaon,FAQ,APMC PACHORA,2600,2585,2590,Maharashtra,Other
2026-08-18,Wheat,1,Ahilyanagar,Non-FAQ,Rahuri(Vambori) APMC,2570,2570,2570,Maharashtra,Other
2026-08-18,Wheat,1,Yavatmal,Non-FAQ,Yavatmal APMC,2580,2565,2575,Maharashtra,Other
2026-08-18,Wheat,1,Nagpur,Non-FAQ,Agriculture Produce Market Committee Katol,2580,2580,2580,Maharashtra,Other
2026-08-18,Wheat,1,Latur,Non-FAQ,Aurad Shahajani APMC,2531,2500,2515,Maharashtra,Maharashtra 2189
2026-08-18,Wheat,1,Bhandara,Non-FAQ,Bhandara APMC,2400,2000,2280,Maharashtra,Maharashtra 2189
2026-08-18,Wheat,1,Chattrapati Sambhajinagar,FAQ,Paithan APMC,2740,2740,2740,Maharashtra,Bansi
2026-08-18,Wheat,1,Ahilyanagar,Non-FAQ,Karjat(Rashin) APMC,2500,2300,2400,Maharashtra,Other
2026-08-18,Wheat,1,Nashik,FAQ,Lasalgaon(Niphad) APMC,2725,2676,2700,Maharashtra,Maharashtra 2189
2026-08-19,Wheat,1,Beed,FAQ,APMC Gevrai ,2800,2650,2700,Maharashtra,Other
2026-08-19,Wheat,1,Akola,FAQ,Murtizapur APMC,2645,2590,2620,Maharashtra,Other
2026-08-19,Wheat,1,Amarawati,FAQ,Amarawati APMC,2700,2585,2642,Maharashtra,Other
2026-08-19,Wheat,1,Nagpur,Non-FAQ,APMC Katol ,2580,2580,2580,Maharashtra,Other
2026-08-19,Wheat,1,Latur,Non-FAQ,APMC Nilanga ,2430,2200,2300,Maharashtra,Maharashtra 2189
2026-08-19,Wheat,1,Chattrapati Sambhajinagar,FAQ,APMC Paithan ,2680,2585,2611,Maharashtra,Bansi
2026-08-19,Wheat,1,Pune,FAQ,Nira(Saswad) APMC,3300,2800,3050,Maharashtra,Other
2026-08-19,Wheat,1,Amarawati,Non-FAQ,APMC Dhamngaon-Railway ,2500,2400,2490,Maharashtra,Other
2026-08-19,Wheat,1,Beed,FAQ,APMC Majalgaon ,2625,2592,2601,Maharashtra,Other
2026-08-19,Wheat,1,Nagpur,Non-FAQ,APMC Nagpur ,2584,2538,2572,Maharashtra,Other
2026-08-19,Wheat,1,Beed,FAQ,Majalgaon APMC,2625,2592,2601,Maharashtra,Other
2026-08-19,Wheat,1,Amarawati,Non-FAQ,Dhamngaon-Railway APMC,2500,2400,2490,Maharashtra,Other
2026-08-19,Wheat,1,Beed,FAQ,Gevrai APMC,2800,2650,2700,Maharashtra,Other
2026-08-19,Wheat,1,Nagpur,Non-FAQ,Agriculture Produce Market Committee Katol,2580,2580,2580,Maharashtra,Other
2026-08-19,Wheat,1,Chattrapati Sambhajinagar,FAQ,APMC Gangapur ,2630,2613,2613,Maharashtra,Other
2026-08-19,Wheat,1,Sangli,FAQ,APMC Sangli ,4000,2800,3400,Maharashtra,Other
2026-08-19,Wheat,1,Ahilyanagar,FAQ,APMC Rahuri ,2650,2600,2625,Maharashtra,Other
2026-08-19,Wheat,1,Jalgaon,Non-FAQ,APMC Pachora ,2580,2255,2350,Maharashtra,Other
2026-08-19,Wheat,1,Washim,FAQ,Mangrulpeer APMC,2615,2585,2590,Maharashtra,Other
2026-08-19,Wheat,1,Yavatmal,Local,KISAN MARKET YARD,2595,2400,2579,Maharashtra,Other
2026-08-19,Wheat,1,Wardha,Non-FAQ,APMC Wardha ,2570,2570,2570,Maharashtra,Other
2026-08-19,Wheat,1,Hingoli,Non-FAQ,APMC Hingoli ,2500,2050,2275,Maharashtra,Sharbati
2026-08-19,Wheat,1,Latur,Non-FAQ,Nilanga APMC,2430,2200,2300,Maharashtra,Maharashtra 2189
2026-08-19,Wheat,1,Bhandara,Non-FAQ,Tumsar APMC,2535,2535,2535,Maharashtra,Other
2026-08-19,Wheat,1,Beed,Non-FAQ,Parali Vaijyanath APMC,2400,2400,2400,Maharashtra,Other
2026-08-19,Wheat,1,Dhule,Non-FAQ,Shirpur APMC,2400,2400,2400,Maharashtra,Other
2026-08-19,Wheat,1,Wardha,FAQ,Wardha APMC,2700,2600,2650,Maharashtra,Other
2026-08-20,Wheat,1,Wardha,FAQ,APMC Wardha ,2690,2600,2650,Maharashtra,Other
2026-08-20,Wheat,1,Chattrapati Sambhajinagar,Non-FAQ,APMC Lasur Station ,2000,2000,2000,Maharashtra,Other
2026-08-20,Wheat,1,Amarawati,Non-FAQ,APMC Dhamngaon-Railway ,2500,2400,2490,Maharashtra,Other
2026-08-20,Wheat,1,Washim,Non-FAQ,Washim(Ansing) ,2550,2350,2450,Maharashtra,Maharashtra 2189
2026-08-20,Wheat,1,Latur,Non-FAQ,Aurad Shahajani APMC,2530,2225,2377,Maharashtra,Maharashtra 2189
2026-08-20,Wheat,1,Washim,Non-FAQ,APMC Washim ,2550,2380,2450,Maharashtra,Maharashtra 2189
2026-08-20,Wheat,1,Ahilyanagar,FAQ,Shevgaon(Bodhegaon) APMC,2700,2600,2600,Maharashtra,Maharashtra 2189
2026-08-20,Wheat,1,Washim,FAQ,Washim APMC,2625,2585,2600,Maharashtra,Maharashtra 2189
2026-08-20,Wheat,1,Ahilyanagar,FAQ,Rahuri(Vambori) ,2675,2600,2622,Maharashtra,Other
2026-08-20,Wheat,1,Washim,FAQ,APMC Washim ,2625,2585,2600,Maharashtra,Maharashtra 2189
2026-08-20,Wheat,1,Kolhapur,FAQ,Kolhapur(Laxmipuri) ,4000,3100,3550,Maharashtra,Other
2026-08-20,Wheat,1,Nashik,FAQ,Nandgaon APMC,2749,2600,2650,Maharashtra,Maharashtra 2189
2026-08-20,Wheat,1,Dhule,FAQ,APMC Sakri ,2621,2621,2621,Maharashtra,Other
2026-08-20,Wheat,1,Ahilyanagar,Non-FAQ,Karjat(Rashin) ,2500,2200,2350,Maharashtra,Other
2026-08-20,Wheat,1,Nashik,FAQ,APMC Yeola ,2799,2650,2750,Maharashtra,Maharashtra 2189
2026-08-20,Wheat,1,Palghar,FAQ,APMC Palghar ,3600,3600,3600,Maharashtra,Other
2026-08-20,Wheat,1,Yavatmal,Local,"Shekari Krushi Khajgi Bazar, Arni, Dist Yavatmal",2525,2476,2500,Maharashtra,Other
2026-08-20,Wheat,1,Beed,Non-FAQ,APMC Gevrai ,2500,2400,2450,Maharashtra,Other
2026-08-20,Wheat,1,Yavatmal,FAQ,APMC Aarni ,2650,2585,2590,Maharashtra,Maharashtra 2189
2026-08-20,Wheat,1,Wardha,Non-FAQ,APMC Wardha ,2570,2570,2570,Maharashtra,Other
2026-08-20,Wheat,1,Solapur,FAQ,Karmala APMC,2702,2651,2675,Maharashtra,Other
2026-08-20,Wheat,1,Parbhani,FAQ,APMC Gangakhed ,2750,2700,2700,Maharashtra,Other
2026-08-20,Wheat,1,Palghar,FAQ,Palghar APMC,3600,3600,3600,Maharashtra,Other
2026-08-20,Wheat,1,Dhule,Non-FAQ,APMC Dondaicha ,2550,2400,2485,Maharashtra,Other
2026-08-20,Wheat,1,Pune,Non-FAQ,APMC Shirur ,2550,2400,2500,Maharashtra,Other
2026-08-20,Wheat,1,Yavatmal,Local,"Mahesh Krushi Utpanna Bazar, Digras, Dist Yeotmal",2600,2550,2580,Maharashtra,Other
2026-08-20,Wheat,1,Chattrapati Sambhajinagar,FAQ,APMC Gangapur ,2633,2613,2623,Maharashtra,Other
2026-08-20,Wheat,1,Parbhani,Non-FAQ,APMC Parbhani ,2450,2100,2350,Maharashtra,Other
2026-08-20,Wheat,1,Jalna,FAQ,APMC Jalana ,2671,2595,2595,Maharashtra,Other
2026-08-20,Wheat,1,Buldhana,Non-FAQ,APMC Chikali ,2450,2050,2250,Maharashtra,Other
2026-08-20,Wheat,1,Ahilyanagar,FAQ,APMC Shrigonda ,2700,2600,2650,Maharashtra,Other
2026-08-20,Wheat,1,Chattrapati Sambhajinagar,Non-FAQ,Lasur Station APMC,2000,2000,2000,Maharashtra,Other
2026-08-20,Wheat,1,Nanded,Non-FAQ,APMC Loha ,2550,2200,2461,Maharashtra,Other
2026-08-20,Wheat,1,Nagpur,FAQ,APMC Nagpur ,2626,2585,2615,Maharashtra,Other
2026-08-20,Wheat,1,Nagpur,Non-FAQ,APMC Nagpur ,2584,2518,2567,Maharashtra,Other
2026-08-20,Wheat,1,Chattrapati Sambhajinagar,Non-FAQ,APMC Chattrapati Sambhajinagar ,2581,2475,2528,Maharashtra,Other
2026-08-20,Wheat,1,Yavatmal,Non-FAQ,Vani APMC,2540,2525,2530,Maharashtra,Other
2026-08-20,Wheat,1,Nanded,Non-FAQ,Bhokar APMC,2380,2100,2240,Maharashtra,Other
2026-08-20,Wheat,1,Beed,Non-FAQ,Beed APMC,2551,2300,2414,Maharashtra,Other
2026-08-20,Wheat,1,Kolhapur,FAQ,Kolhapur(Laxmipuri) APMC,4000,3100,3550,Maharashtra,Other
2026-08-20,Wheat,1,Washim,FAQ,APMC Manora ,2620,2590,2605,Maharashtra,Other
2026-08-20,Wheat,1,Buldhana,Non-FAQ,Motala APMC,2150,1800,2000,Maharashtra,Other
2026-08-20,Wheat,1,Pune,FAQ,APMC Shirur ,2800,2800,2800,Maharashtra,Other
2026-08-20,Wheat,1,Amarawati,Non-FAQ,Chandur Bazar APMC,2550,2350,2400,Maharashtra,Other
2026-08-20,Wheat,1,Chattrapati Sambhajinagar,FAQ,Paithan APMC,2725,2585,2615,Maharashtra,Bansi
2026-08-20,Wheat,1,Ahilyanagar,Non-FAQ,Shrirampur(Belapur) APMC,2400,2300,2350,Maharashtra,Other
2026-08-20,Wheat,1,Nanded,Non-FAQ,Kandhar APMC,2400,1900,2390,Maharashtra,Other
2026-08-20,Wheat,1,Buldhana,Non-FAQ,APMC Motala ,2150,1800,2000,Maharashtra,Other
2026-08-20,Wheat,1,Amarawati,FAQ,APMC Chandur Bazar ,2650,2650,2650,Maharashtra,Other
2026-08-20,Wheat,1,Buldhana,Non-FAQ,APMC Malkapur ,2400,2400,2400,Maharashtra,Other
2026-08-21,Wheat,1,Solapur,Non-FAQ,Dudhani APMC,2550,2550,2550,Maharashtra,Maharashtra 2189
2026-08-21,Wheat,1,Yavatmal,Local,"Mahesh Krushi Utpanna Bazar, Digras, Dist Yeotmal",2600,2550,2583,Maharashtra,Other
2026-08-21,Wheat,1,Nashik,FAQ,APMC Manmad ,2731,2629,2635,Maharashtra,Other
2026-08-21,Wheat,1,Amarawati,Non-FAQ,APMC Chandur Railway ,2525,2450,2500,Maharashtra,Other
2026-08-21,Wheat,1,Buldhana,Non-FAQ,Jalgaon Jamod(Aasalgaon) APMC,2500,2200,2400,Maharashtra,Maharashtra 2189
2026-08-21,Wheat,1,Ahilyanagar,FAQ,APMC Kopargaon ,2665,2585,2635,Maharashtra,Other
2026-08-21,Wheat,1,Ahilyanagar,Non-FAQ,Shevgaon(Bodhegaon) APMC,2500,2400,2500,Maharashtra,Maharashtra 2189
2026-08-21,Wheat,1,Jalna,Non-FAQ,APMC Jafrabad,2400,2200,2300,Maharashtra,Other
2026-08-21,Wheat,1,Yavatmal,FAQ,APMC Digras ,2670,2585,2615,Maharashtra,Other
2026-08-21,Wheat,1,Dharashiv,FAQ,APMC Kalamb (Dharashiv) ,2601,2601,2601,Maharashtra,Maharashtra 2189
2026-08-21,Wheat,1,Nashik,FAQ,Devala APMC,2720,2600,2630,Maharashtra,Maharashtra 2189
2026-08-21,Wheat,1,Washim,Non-FAQ,APMC Washim ,2580,2400,2450,Maharashtra,Maharashtra 2189
2026-08-21,Wheat,1,Beed,Non-FAQ,APMC Kille Dharur ,2551,2491,2491,Maharashtra,Other
2026-08-21,Wheat,1,Washim,FAQ,APMC Washim ,2600,2585,2590,Maharashtra,Maharashtra 2189
2026-08-21,Wheat,1,Nashik,FAQ,APMC Yeola ,2750,2649,2700,Maharashtra,Maharashtra 2189
2026-08-21,Wheat,1,Solapur,Non-FAQ,APMC Dudhani ,2550,2550,2550,Maharashtra,Maharashtra 2189
2026-08-21,Wheat,1,Latur,Non-FAQ,APMC Aurad Shahajani ,2584,2230,2400,Maharashtra,Maharashtra 2189
2026-08-21,Wheat,1,Buldhana,Non-FAQ,APMC Lonar ,2420,2350,2385,Maharashtra,Other
2026-08-21,Wheat,1,Beed,Non-FAQ,APMC Parali Vaijyanath ,2400,2400,2400,Maharashtra,Other
2026-08-21,Wheat,1,Washim,FAQ,Washim APMC,2600,2585,2590,Maharashtra,Maharashtra 2189
2026-08-21,Wheat,1,Nashik,Non-FAQ,APMC Lasalgaon ,2500,2300,2400,Maharashtra,Maharashtra 2189
2026-08-21,Wheat,1,Wardha,Non-FAQ,APMC Hinganghat ,2580,2250,2420,Maharashtra,Other
2026-08-21,Wheat,1,Beed,FAQ,APMC Majalgaon ,2611,2591,2601,Maharashtra,Other
2026-08-21,Wheat,1,Bhandara,Non-FAQ,APMC Bhandara ,2400,2400,2400,Maharashtra,Maharashtra 2189
2026-08-21,Wheat,1,Yavatmal,FAQ,Digras APMC,2670,2585,2615,Maharashtra,Other
2026-08-21,Wheat,1,Jalna,Non-FAQ,Jafrabad APMC,2400,2200,2300,Maharashtra,Other
2026-08-21,Wheat,1,Pune,FAQ,Shirur APMC,2800,2700,2750,Maharashtra,Other
2026-08-21,Wheat,1,Ahilyanagar,FAQ,Rahuri APMC,2650,2600,2625,Maharashtra,Other
2026-08-21,Wheat,1,Nagpur,Non-FAQ,Nagpur APMC,2584,2560,2578,Maharashtra,Other
2026-08-21,Wheat,1,Nandurbar,FAQ,APMC Shahada ,2771,2625,2700,Maharashtra,Other
2026-08-21,Wheat,1,Yavatmal,FAQ,APMC Yavatmal ,2605,2590,2597,Maharashtra,Other
2026-08-21,Wheat,1,Jalna,FAQ,APMC Jalana ,2650,2600,2600,Maharashtra,Other
2026-08-21,Wheat,1,Buldhana,Non-FAQ,APMC Mehekar ,2500,2000,2300,Maharashtra,Other
2026-08-21,Wheat,1,Amarawati,Non-FAQ,Dhamngaon-Railway APMC,2500,2400,2490,Maharashtra,Other
2026-08-21,Wheat,1,Solapur,FAQ,APMC Karmala ,2700,2650,2670,Maharashtra,Other
2026-08-21,Wheat,1,Jalgaon,Non-FAQ,APMC Pachora ,2580,2500,2540,Maharashtra,Other
2026-08-21,Wheat,1,Jalgaon,FAQ,APMC Amalner ,2670,2585,2670,Maharashtra,Other
2026-08-21,Wheat,1,Wardha,FAQ,Wardha APMC,2675,2655,2665,Maharashtra,Other
2026-08-21,Wheat,1,Jalgaon,Non-FAQ,APMC Chopda ,2581,2581,2581,Maharashtra,Other
2026-08-21,Wheat,1,Nagpur,FAQ,APMC Nagpur ,3500,3200,3425,Maharashtra,Sharbati
2026-08-21,Wheat,1,Nagpur,FAQ,Nagpur APMC,2632,2585,2620,Maharashtra,Other
2026-08-21,Wheat,1,Parbhani,Non-FAQ,Parbhani APMC,2500,2100,2300,Maharashtra,Other
2026-08-21,Wheat,1,Buldhana,Non-FAQ,Mehekar APMC,2500,2000,2300,Maharashtra,Other
2026-08-21,Wheat,1,Jalgaon,FAQ,APMC Pachora ,2601,2585,2590,Maharashtra,Other
2026-08-21,Wheat,1,Amarawati,FAQ,Amarawati APMC,2700,2585,2642,Maharashtra,Other
2026-08-21,Wheat,1,Jalgaon,FAQ,Amalner APMC,2670,2585,2670,Maharashtra,Other
2026-08-21,Wheat,1,Ahilyanagar,FAQ,Jamkhed APMC,2650,2600,2625,Maharashtra,Other
2026-08-21,Wheat,1,Nanded,Non-FAQ,Mudkhed APMC,2340,2340,2340,Maharashtra,Other
2026-08-21,Wheat,1,Dhule,FAQ,Dondaicha APMC,2725,2600,2700,Maharashtra,Other
2026-08-21,Wheat,1,Amarawati,Non-FAQ,Agricultural Produce Market Committee Nandgaon Khandeshwar,2575,2345,2460,Maharashtra,Other
2026-08-22,Wheat,1,Wardha,FAQ,APMC Hinganghat ,2610,2585,2600,Maharashtra,Other
2026-08-22,Wheat,1,Ahilyanagar,FAQ,Shevgaon APMC,2650,2650,2650,Maharashtra,Maharashtra 2189
2026-08-22,Wheat,1,Chattrapati Sambhajinagar,FAQ,Gangapur APMC,2625,2612,2622,Maharashtra,Other
2026-08-22,Wheat,1,Latur,Non-FAQ,Aurad Shahajani APMC,2518,2200,2359,Maharashtra,Maharashtra 2189
2026-08-22,Wheat,1,Nanded,Non-FAQ,Bhokar APMC,2375,2300,2338,Maharashtra,Other
2026-08-22,Wheat,1,Jalgaon,Non-FAQ,Amalner APMC,2580,2400,2580,Maharashtra,Other
2026-08-22,Wheat,1,Nashik,Non-FAQ,Malegaon APMC,2584,1900,2580,Maharashtra,Other
2026-08-22,Wheat,1,Sangli,FAQ,APMC Sangli ,4500,3000,3750,Maharashtra,Other
2026-08-22,Wheat,1,Jalna,Non-FAQ,Jalana APMC,2580,2400,2580,Maharashtra,Other
2026-08-22,Wheat,1,Ahilyanagar,FAQ,Rahata APMC,2700,2700,2700,Maharashtra,Other
2026-08-22,Wheat,1,Wardha,Non-FAQ,APMC SINDI BRANCH SELOO,2580,2400,2500,Maharashtra,Other
2026-08-22,Wheat,1,Akola,Non-FAQ,Telhara APMC,2580,2400,2480,Maharashtra,Other
2026-08-22,Wheat,1,Ahilyanagar,Non-FAQ,Shevgaon APMC,2550,2550,2550,Maharashtra,Maharashtra 2189
2026-08-22,Wheat,1,Ahilyanagar,FAQ,Shevgaon(Bodhegaon) APMC,2700,2600,2600,Maharashtra,Maharashtra 2189
2026-08-22,Wheat,1,Washim,Non-FAQ,Washim APMC,2580,2325,2450,Maharashtra,Maharashtra 2189
2026-08-22,Wheat,1,Nanded,Non-FAQ,APMC Bhokar ,2375,2300,2338,Maharashtra,Other
2026-08-22,Wheat,1,Akola,FAQ,Akola APMC,2950,2590,2615,Maharashtra,Other
2026-08-22,Wheat,1,Chattrapati Sambhajinagar,FAQ,APMC Paithan ,2740,2585,2600,Maharashtra,Bansi
2026-08-22,Wheat,1,Nagpur,Non-FAQ,Nagpur APMC,2584,2540,2573,Maharashtra,Other
2026-08-22,Wheat,1,Solapur,FAQ,Dudhani APMC,2715,2600,2645,Maharashtra,Maharashtra 2189
2026-08-22,Wheat,1,Chattrapati Sambhajinagar,FAQ,Chattrapati Sambhajinagar APMC,2801,2585,2693,Maharashtra,Other
2026-08-22,Wheat,1,Nagpur,FAQ,Nagpur APMC,3500,3200,3425,Maharashtra,Sharbati
2026-08-22,Wheat,1,Latur,Non-FAQ,APMC Aurad Shahajani ,2518,2200,2359,Maharashtra,Maharashtra 2189
2026-08-22,Wheat,1,Jalna,FAQ,APMC Jalana ,2672,2672,2672,Maharashtra,Other
2026-08-22,Wheat,1,Buldhana,FAQ,APMC Malkapur ,2630,2630,2630,Maharashtra,Other
2026-08-22,Wheat,1,Buldhana,Non-FAQ,APMC Khamgaon ,2575,2100,2338,Maharashtra,Other
2026-08-22,Wheat,1,Amarawati,Non-FAQ,APMC Achalpur ,2550,2400,2475,Maharashtra,Other
2026-08-22,Wheat,1,Solapur,FAQ,Akluj APMC,2600,2600,2600,Maharashtra,Other
2026-08-22,Wheat,1,Solapur,FAQ,APMC Solapur ,4090,2640,3710,Maharashtra,Sharbati
2026-08-23,Wheat,1,Pune,FAQ,APMC Dound ,2650,2600,2600,Maharashtra,Maharashtra 2189
2026-08-23,Wheat,1,Pune,Non-FAQ,APMC Dound ,2000,2000,2000,Maharashtra,Maharashtra 2189
2026-08-23,Wheat,1,Chattrapati Sambhajinagar,FAQ,Paithan APMC,2876,2606,2626,Maharashtra,Bansi
2026-08-23,Wheat,1,Jalgaon,Non-FAQ,APMC Parola ,2550,2400,2400,Maharashtra,Kalyan
2026-08-24,Wheat,1,Nagpur,Non-FAQ,APMC Savner ,2510,2472,2490,Maharashtra,Other
2026-08-24,Wheat,1,Nashik,Non-FAQ,APMC Malegaon ,2580,2300,2570,Maharashtra,Other
2026-08-24,Wheat,1,Beed,FAQ,APMC Gevrai ,2650,2600,2610,Maharashtra,Other
2026-08-24,Wheat,1,Bhandara,Non-FAQ,APMC Bhandara ,2450,2400,2425,Maharashtra,Maharashtra 2189
2026-08-24,Wheat,1,Yavatmal,FAQ,APMC Aarni ,2640,2590,2600,Maharashtra,Maharashtra 2189
2026-08-24,Wheat,1,Nashik,FAQ,APMC Devala ,2710,2645,2660,Maharashtra,Maharashtra 2189
2026-08-24,Wheat,1,Amarawati,Non-FAQ,APMC Chandur Bazar ,2550,2300,2450,Maharashtra,Other
2026-08-24,Wheat,1,Nashik,Non-FAQ,Lasalgaon(Niphad) ,2400,2400,2400,Maharashtra,Maharashtra 2189
2026-08-24,Wheat,1,Dhule,Non-FAQ,APMC Sakri ,2451,2451,2451,Maharashtra,Other
2026-08-24,Wheat,1,Akola,FAQ,APMC Akola ,2630,2590,2600,Maharashtra,Other
2026-08-24,Wheat,1,Beed,FAQ,APMC Majalgaon ,2600,2588,2591,Maharashtra,Other
2026-08-24,Wheat,1,Wardha,FAQ,APMC Hinganghat ,2610,2585,2600,Maharashtra,Other
2026-08-24,Wheat,1,Wardha,FAQ,APMC Wardha ,2675,2640,2650,Maharashtra,Other
2026-08-24,Wheat,1,Chattrapati Sambhajinagar,FAQ,APMC Sillod ,2670,2585,2600,Maharashtra,Other
2026-08-24,Wheat,1,Solapur,FAQ,Kurdwadi(Modnimb) ,2600,2600,2600,Maharashtra,Other
2026-08-24,Wheat,1,Nashik,FAQ,APMC Sinner ,2725,2595,2650,Maharashtra,Other
2026-08-24,Wheat,1,Solapur,Non-FAQ,APMC Kurdwadi ,2500,2100,2300,Maharashtra,Other
2026-08-24,Wheat,1,Parbhani,Non-FAQ,APMC Tadkalas ,2400,2150,2200,Maharashtra,Other
2026-08-24,Wheat,1,Nandurbar,FAQ,APMC Shahada ,2761,2585,2761,Maharashtra,Other
2026-08-24,Wheat,1,Yavatmal,FAQ,APMC Yavatmal ,2605,2605,2605,Maharashtra,Other
2026-08-24,Wheat,1,Parbhani,Non-FAQ,APMC Parbhani ,2500,2200,2350,Maharashtra,Other
2026-08-24,Wheat,1,Pune,FAQ,Indapur APMC,2751,2600,2700,Maharashtra,Maharashtra 2189
2026-08-24,Wheat,1,Dharashiv,FAQ,Kalamb (Dharashiv) APMC,2700,2700,2700,Maharashtra,Maharashtra 2189
2026-08-24,Wheat,1,Solapur,FAQ,APMC Solapur ,4185,2635,3700,Maharashtra,Sharbati
2026-08-24,Wheat,1,Yavatmal,Local,KISAN MARKET YARD,2595,2460,2563,Maharashtra,Other
2026-08-24,Wheat,1,Dharashiv,Non-FAQ,APMC Paranda ,2400,2400,2400,Maharashtra,Other
2026-08-24,Wheat,1,Ahilyanagar,FAQ,APMC Kopargaon ,2661,2600,2644,Maharashtra,Other
2026-08-24,Wheat,1,Nashik,FAQ,Lasalgaon(Niphad) APMC,2780,2780,2780,Maharashtra,Maharashtra 2189
2026-08-24,Wheat,1,Nagpur,FAQ,APMC Katol ,2655,2655,2655,Maharashtra,Other
2026-08-24,Wheat,1,Wardha,Non-FAQ,APMC Samudrapur ,2450,2350,2350,Maharashtra,Other
2026-08-24,Wheat,1,Amarawati,Non-FAQ,APMC Morshi ,2550,2200,2375,Maharashtra,Other
2026-08-25,Wheat,1,Solapur,Non-FAQ,APMC Karmala ,2500,2400,2401,Maharashtra,Other
2026-08-25,Wheat,1,Amarawati,Non-FAQ,APMC Achalpur ,2550,2350,2450,Maharashtra,Other
2026-08-25,Wheat,1,Sangli,FAQ,APMC Sangli ,4200,3000,3600,Maharashtra,Other
2026-08-25,Wheat,1,Nashik,FAQ,APMC Sinner ,2665,2585,2600,Maharashtra,Other
2026-08-25,Wheat,1,Jalgaon,FAQ,APMC Pachora ,2639,2585,2611,Maharashtra,Other
2026-08-25,Wheat,1,Solapur,FAQ,APMC Karmala ,2712,2600,2675,Maharashtra,Other
2026-08-25,Wheat,1,Dhule,Non-FAQ,APMC Dondaicha ,2500,2000,2400,Maharashtra,Other
2026-08-25,Wheat,1,Yavatmal,FAQ,APMC Yavatmal ,2635,2635,2635,Maharashtra,Other
2026-08-25,Wheat,1,Parbhani,Non-FAQ,APMC Parbhani ,2575,2300,2500,Maharashtra,Other
2026-08-25,Wheat,1,Nagpur,FAQ,APMC Nagpur ,2635,2585,2622,Maharashtra,Other
2026-08-25,Wheat,1,Chattrapati Sambhajinagar,FAQ,APMC Vaijpur ,2715,2590,2685,Maharashtra,Other
2026-08-25,Wheat,1,Nagpur,Non-FAQ,APMC Savner ,2540,2501,2540,Maharashtra,Other
2026-08-25,Wheat,1,Chattrapati Sambhajinagar,FAQ,APMC Paithan ,2720,2600,2625,Maharashtra,Bansi
2026-08-25,Wheat,1,Washim,FAQ,APMC Karanja ,2685,2595,2635,Maharashtra,Other
2026-08-25,Wheat,1,Jalgaon,Non-FAQ,APMC Pachora ,2580,2501,2551,Maharashtra,Other
2026-08-25,Wheat,1,Mumbai,FAQ,APMC Mumbai ,4600,2900,3750,Maharashtra,Other
2026-08-25,Wheat,1,Amarawati,Non-FAQ,APMC Dhamngaon-Railway ,2500,2400,2410,Maharashtra,Other
2026-08-25,Wheat,1,Parbhani,Non-FAQ,APMC Tadkalas ,2400,2150,2200,Maharashtra,Other
2026-08-25,Wheat,1,Amarawati,Non-FAQ,APMC Chandur Railway ,2525,2200,2400,Maharashtra,Other
2026-08-25,Wheat,1,Buldhana,Non-FAQ,APMC Shegaon ,2505,2400,2485,Maharashtra,Other
2026-08-25,Wheat,1,Chattrapati Sambhajinagar,FAQ,Paithan APMC,2720,2600,2625,Maharashtra,Bansi
2026-08-25,Wheat,1,Nashik,FAQ,Lasalgaon(Niphad) APMC,2759,2687,2700,Maharashtra,Maharashtra 2189
2026-08-25,Wheat,1,Ahilyanagar,FAQ,APMC Rahuri ,2600,2600,2600,Maharashtra,Other
2026-08-25,Wheat,1,Ahilyanagar,Non-FAQ,APMC Shevgaon ,2550,2550,2550,Maharashtra,Maharashtra 2189
2026-08-25,Wheat,1,Washim,Non-FAQ,APMC Washim ,2580,2320,2450,Maharashtra,Maharashtra 2189
2026-08-25,Wheat,1,Jalgaon,Non-FAQ,APMC Parola ,2550,2200,2400,Maharashtra,Kalyan
2026-08-25,Wheat,1,Buldhana,Local,"Bsk Krishi Bazar Private Limited, Mehkar, Dist Buldhana",2600,2300,2569,Maharashtra,Other
2026-08-26,Wheat,1,Buldhana,Local,"Maharaja Agresen Pvt Krushi Utappan Bazar Samati, Dist Buldhana",2600,2350,2497,Maharashtra,Other
2026-08-26,Wheat,1,Jalna,FAQ,APMC Ghansawangi ,2700,2600,2650,Maharashtra,Maharashtra 2189
2026-08-26,Wheat,1,Palghar,FAQ,Kalyan APMC,3600,3200,3400,Maharashtra,Sharbati
2026-08-27,Wheat,1,Buldhana,FAQ,APMC Deoulgaon Raja ,2600,2600,2600,Maharashtra,Other
2026-08-27,Wheat,1,Bhandara,Non-FAQ,APMC Tumsar ,2571,2571,2571,Maharashtra,Other
2026-08-27,Wheat,1,Buldhana,Non-FAQ,APMC Mehekar ,2500,2000,2300,Maharashtra,Other
2026-08-27,Wheat,1,Buldhana,Local,"Maharaja Agresen Pvt Krushi Utappan Bazar Samati, Dist Buldhana",2550,2300,2472,Maharashtra,Other
2026-08-27,Wheat,1,Chattrapati Sambhajinagar,Non-FAQ,APMC Lasur Station ,2100,2100,2100,Maharashtra,Other
2026-08-27,Wheat,1,Buldhana,Non-FAQ,APMC Deoulgaon Raja ,2550,2450,2550,Maharashtra,Other
2026-08-27,Wheat,1,Jalgaon,Non-FAQ,APMC Pachora ,2580,2519,2551,Maharashtra,Other
2026-08-27,Wheat,1,Nagpur,FAQ,APMC Nagpur ,3500,3200,3425,Maharashtra,Sharbati
2026-08-27,Wheat,1,Palghar,FAQ,APMC Palghar ,3400,3400,3400,Maharashtra,Other
2026-08-27,Wheat,1,Jalgaon,FAQ,APMC Pachora ,2618,2585,2600,Maharashtra,Other
2026-08-27,Wheat,1,Solapur,FAQ,Kurdwadi(Modnimb) ,2900,2585,2700,Maharashtra,Other
2026-08-27,Wheat,1,Solapur,FAQ,APMC Mangal Wedha ,2700,2700,2700,Maharashtra,Other
2026-08-27,Wheat,1,Dhule,Non-FAQ,APMC Dondaicha ,2580,1911,2500,Maharashtra,Other
2026-08-27,Wheat,1,Nagpur,Non-FAQ,APMC Umared ,2550,2500,2525,Maharashtra,Other
2026-08-27,Wheat,1,Solapur,FAQ,APMC Karmala ,2751,2625,2650,Maharashtra,Other
2026-08-27,Wheat,1,Solapur,Non-FAQ,APMC Karmala ,2551,2500,2500,Maharashtra,Other
2026-08-27,Wheat,1,Sangli,FAQ,APMC Sangli ,4000,3000,3500,Maharashtra,Other
2026-08-27,Wheat,1,Pune,Non-FAQ,APMC Shirur ,2500,2300,2300,Maharashtra,Other
2026-08-27,Wheat,1,Thane,FAQ,APMC Ulhasnagar ,3800,3200,3500,Maharashtra,Other
2026-08-27,Wheat,1,Dhule,Non-FAQ,APMC Shirpur ,2501,2501,2501,Maharashtra,Other
2026-08-27,Wheat,1,Parbhani,Non-FAQ,APMC Parbhani ,2500,2300,2350,Maharashtra,Other
2026-08-27,Wheat,1,Ahilyanagar,Non-FAQ,APMC Jamkhed ,2550,2400,2475,Maharashtra,Other
2026-08-27,Wheat,1,Chattrapati Sambhajinagar,FAQ,APMC Lasur Station ,2690,2640,2670,Maharashtra,Other
2026-08-27,Wheat,1,Ahilyanagar,Non-FAQ,APMC Karjat ,2500,2200,2300,Maharashtra,Other
2026-08-27,Wheat,1,Nashik,FAQ,Lasalgaon(Niphad) APMC,2650,2600,2600,Maharashtra,Maharashtra 2189
2026-08-27,Wheat,1,Nagpur,FAQ,Nagpur APMC,3500,3200,3425,Maharashtra,Sharbati
2026-08-27,Wheat,1,Pune,Non-FAQ,APMC Baramati ,2580,2211,2500,Maharashtra,Kalyan
2026-08-27,Wheat,1,Washim,Non-FAQ,Washim APMC,2550,2350,2450,Maharashtra,Maharashtra 2189
2026-08-27,Wheat,1,Pune,FAQ,APMC Baramati ,2690,2590,2600,Maharashtra,Kalyan
2026-08-27,Wheat,1,Nashik,FAQ,APMC Nandgaon ,2729,2600,2650,Maharashtra,Maharashtra 2189
2026-08-27,Wheat,1,Nashik,Non-FAQ,APMC Lasalgaon ,2580,2200,2400,Maharashtra,Maharashtra 2189
2026-08-27,Wheat,1,Nashik,FAQ,Lasalgaon(Niphad) ,2650,2600,2600,Maharashtra,Maharashtra 2189
2026-08-28,Wheat,1,Washim,Local,"Krushna Krishi Bazar, Washim",2600,2000,2538,Maharashtra,Other
2026-08-28,Wheat,1,Nanded,Non-FAQ,APMC Kandhar ,2450,2000,2390,Maharashtra,Other
2026-08-28,Wheat,1,Beed,Non-FAQ,Kille Dharur APMC,2571,2400,2570,Maharashtra,Other
2026-08-28,Wheat,1,Beed,Non-FAQ,APMC Kille Dharur ,2571,2400,2570,Maharashtra,Other
2026-08-28,Wheat,1,Solapur,FAQ,APMC Solapur ,4175,2640,3690,Maharashtra,Sharbati
2026-08-28,Wheat,1,Solapur,FAQ,APMC Karmala ,2650,2650,2650,Maharashtra,Other
2026-08-28,Wheat,1,Amarawati,FAQ,Varud(Rajura Bazar) ,2680,2630,2650,Maharashtra,Other
2026-08-28,Wheat,1,Solapur,FAQ,APMC Dudhani ,2680,2600,2643,Maharashtra,Maharashtra 2189
2026-08-29,Wheat,1,Yavatmal,Local,KISAN MARKET YARD,2605,2505,2566,Maharashtra,Other
2026-08-29,Wheat,1,Akola,FAQ,Akot APMC,2625,2600,2600,Maharashtra,147 Average
2026-08-29,Wheat,1,Satara,FAQ,Vaduj APMC,3000,2600,2800,Maharashtra,Maharashtra 2189
2026-08-29,Wheat,1,Washim,Non-FAQ,Washim APMC,2580,2390,2450,Maharashtra,Maharashtra 2189
2026-08-29,Wheat,1,Akola,FAQ,APMC Murtizapur ,2665,2590,2630,Maharashtra,Other
2026-08-29,Wheat,1,Ahilyanagar,FAQ,APMC Karjat ,2700,2700,2700,Maharashtra,Other
2026-08-29,Wheat,1,Beed,Non-FAQ,APMC Beed ,2520,2410,2470,Maharashtra,Other
2026-08-29,Wheat,1,Wardha,Non-FAQ,APMC Hinganghat ,2580,2300,2400,Maharashtra,Other
2026-08-29,Wheat,1,Akola,FAQ,APMC Akola ,2700,2585,2620,Maharashtra,Other
2026-08-29,Wheat,1,Jalna,FAQ,APMC Jalana ,2700,2625,2625,Maharashtra,Other
2026-08-29,Wheat,1,Wardha,Non-FAQ,APMC Sindi ,2580,2450,2500,Maharashtra,Other
2026-08-29,Wheat,1,Ahilyanagar,FAQ,Kopargaon APMC,2680,2640,2675,Maharashtra,Other
2026-08-29,Wheat,1,Buldhana,Non-FAQ,Khamgaon APMC,2570,2450,2510,Maharashtra,Other
2026-08-29,Wheat,1,Buldhana,Non-FAQ,Chikali APMC,2450,2000,2225,Maharashtra,Other
2026-08-29,Wheat,1,Ahilyanagar,Non-FAQ,Shevgaon APMC,2550,2550,2550,Maharashtra,Maharashtra 2189
2026-08-29,Wheat,1,Jalna,Non-FAQ,Jalana APMC,2350,2350,2350,Maharashtra,Other
2026-08-29,Wheat,1,Jalgaon,FAQ,APMC PACHORA,2613,2585,2600,Maharashtra,Other
2026-08-29,Wheat,1,Jalgaon,FAQ,Amalner APMC,2673,2673,2673,Maharashtra,Other
2026-08-29,Wheat,1,Ahilyanagar,Non-FAQ,Karjat(Rashin) APMC,2500,2300,2400,Maharashtra,Other
2026-08-29,Wheat,1,Buldhana,Non-FAQ,Deoulgaon Raja APMC,2500,1700,2500,Maharashtra,Other
2026-08-29,Wheat,1,Chattrapati Sambhajinagar,Non-FAQ,APMC Kannad ,2575,2451,2513,Maharashtra,Other
2026-08-29,Wheat,1,Nashik,Non-FAQ,APMC Malegaon ,2480,2000,2450,Maharashtra,Other
2026-08-29,Wheat,1,Ahilyanagar,FAQ,APMC Pathardi ,3000,2585,2800,Maharashtra,Maharashtra 2189
2026-08-29,Wheat,1,Ahilyanagar,Non-FAQ,APMC Shevgaon ,2550,2550,2550,Maharashtra,Maharashtra 2189
2026-08-29,Wheat,1,Ahilyanagar,FAQ,Shevgaon(Bodhegaon) ,2700,2650,2650,Maharashtra,Maharashtra 2189
2026-08-29,Wheat,1,Akola,FAQ,APMC Akot ,2625,2600,2600,Maharashtra,147 Average
2026-08-29,Wheat,1,Akola,FAQ,Akola APMC,2700,2585,2620,Maharashtra,Other
2026-08-29,Wheat,1,Jalgaon,Non-FAQ,APMC PACHORA,2580,2500,2551,Maharashtra,Other
2026-08-29,Wheat,1,Ahilyanagar,FAQ,Shevgaon(Bodhegaon) APMC,2700,2650,2650,Maharashtra,Maharashtra 2189
2026-08-30,Wheat,1,Latur,FAQ,Ausa APMC,3011,3011,3011,Maharashtra,Maharashtra 2189
2026-08-30,Wheat,1,Thane,FAQ,APMC Kalyan ,3600,3200,3400,Maharashtra,Sharbati
2026-08-30,Wheat,1,Buldhana,Non-FAQ,APMC Buldhana ,2400,2000,2200,Maharashtra,Other
2026-08-30,Wheat,1,Latur,FAQ,APMC Ausa ,3011,3011,3011,Maharashtra,Maharashtra 2189
2026-08-30,Wheat,1,Ahilyanagar,Non-FAQ,Shevgaon APMC,2500,2500,2500,Maharashtra,Maharashtra 2189
2026-08-31,Wheat,1,Nanded,Non-FAQ,APMC Bhokar ,2400,2200,2300,Maharashtra,Other
2026-08-31,Wheat,1,Amarawati,FAQ,APMC Chandur Bazar ,2710,2600,2650,Maharashtra,Other
2026-08-31,Wheat,1,Nashik,Non-FAQ,APMC Manmad ,2584,2040,2040,Maharashtra,Other
2026-08-31,Wheat,1,Kolhapur,FAQ,Kolhapur(Laxmipuri) ,4250,3050,3650,Maharashtra,Other
2026-08-31,Wheat,1,Yavatmal,FAQ,APMC Digras ,2680,2670,2670,Maharashtra,Other
2026-08-31,Wheat,1,Jalgaon,FAQ,Jalgaon APMC,2675,2675,2675,Maharashtra,147 Average
2026-08-31,Wheat,1,Jalna,Non-FAQ,APMC Jalana ,2500,2500,2500,Maharashtra,Other
2026-08-31,Wheat,1,Dhule,Non-FAQ,Dondaicha (Sindhkheda) ,2548,2548,2548,Maharashtra,Other
2026-08-31,Wheat,1,Nashik,FAQ,APMC Malegaon ,2941,2642,2772,Maharashtra,Other
2026-08-31,Wheat,1,Jalgaon,Non-FAQ,APMC Chopda ,2552,2552,2552,Maharashtra,Other
2026-08-31,Wheat,1,Buldhana,FAQ,APMC Deoulgaon Raja ,2600,2600,2600,Maharashtra,Other
2026-08-31,Wheat,1,Akola,FAQ,Akot APMC,2620,2600,2600,Maharashtra,147 Average
2026-08-31,Wheat,1,Hingoli,FAQ,APMC Akhadabalapur ,2700,2600,2650,Maharashtra,Maharashtra 2189
2026-08-31,Wheat,1,Washim,Non-FAQ,APMC Washim ,2580,2330,2450,Maharashtra,Maharashtra 2189
2026-08-31,Wheat,1,Nashik,FAQ,Lasalgaon(Niphad) ,2780,2600,2712,Maharashtra,Maharashtra 2189
2026-08-31,Wheat,1,Ahilyanagar,FAQ,Shevgaon(Bodhegaon) ,2700,2625,2625,Maharashtra,Maharashtra 2189
2026-08-31,Wheat,1,Latur,Non-FAQ,APMC Aurad Shahajani ,2530,2530,2530,Maharashtra,Maharashtra 2189
2026-08-31,Wheat,1,Dharashiv,FAQ,APMC Kalamb (Dharashiv) ,2601,2601,2601,Maharashtra,Maharashtra 2189
2026-08-31,Wheat,1,Latur,Non-FAQ,Nilanga APMC,2400,2000,2250,Maharashtra,Maharashtra 2189
2026-08-31,Wheat,1,Latur,Non-FAQ,Ausa APMC,2401,2401,2401,Maharashtra,Maharashtra 2189
2026-08-31,Wheat,1,Latur,Non-FAQ,Aurad Shahajani APMC,2530,2530,2530,Maharashtra,Maharashtra 2189
2026-08-31,Wheat,1,Washim,Non-FAQ,Washim(Ansing) APMC,2580,2350,2450,Maharashtra,Maharashtra 2189
2026-08-31,Wheat,1,Jalgaon,FAQ,APMC Jalgaon ,2675,2675,2675,Maharashtra,147 Average
2026-08-31,Wheat,1,Jalna,FAQ,APMC Jalana ,2770,2650,2650,Maharashtra,Other
2026-08-31,Wheat,1,Buldhana,Non-FAQ,APMC Shegaon ,2490,2305,2400,Maharashtra,Other
2026-08-31,Wheat,1,Nanded,Non-FAQ,APMC Loha ,2500,2489,2500,Maharashtra,Other
2026-08-31,Wheat,1,Chattrapati Sambhajinagar,Non-FAQ,APMC Gangapur ,1500,1500,1500,Maharashtra,Other
2026-08-31,Wheat,1,Ahilyanagar,Local,"Omchatinya Multi State Agro Purpose Co-Op Society, Dist Ahilyanagar",2550,2550,2550,Maharashtra,Other
2026-08-31,Wheat,1,Nanded,FAQ,Nanded APMC,2745,2585,2655,Maharashtra,Sharbati
2026-08-31,Wheat,1,Nagpur,FAQ,Agriculture Produce Market Committee Katol,2680,2680,2680,Maharashtra,Other
2026-08-31,Wheat,1,Ahilyanagar,FAQ,Rahata APMC,2730,2730,2730,Maharashtra,Other
2026-08-31,Wheat,1,Buldhana,Local,"Bsk Krishi Bazar Private Limited, Mehkar, Dist Buldhana",2570,2400,2510,Maharashtra,Other
2026-08-31,Wheat,1,Dhule,FAQ,APMC Shirpur ,2812,2770,2812,Maharashtra,Other
2026-08-31,Wheat,1,Buldhana,FAQ,Deoulgaon Raja APMC,2600,2600,2600,Maharashtra,Other
2026-08-31,Wheat,1,Nashik,FAQ,Malegaon APMC,2941,2642,2772,Maharashtra,Other
2026-08-31,Wheat,1,Amarawati,FAQ,Amarawati APMC,2700,2585,2642,Maharashtra,Other
2026-08-31,Wheat,1,Jalgaon,Non-FAQ,APMC Amalner ,2580,2395,2580,Maharashtra,Other
2026-08-31,Wheat,1,Nagpur,Non-FAQ,APMC Savner ,2555,2500,2540,Maharashtra,Other
2026-08-31,Wheat,1,Solapur,FAQ,Kurdwadi(Modnimb) ,2900,2671,2800,Maharashtra,Other
2026-08-31,Wheat,1,Nandurbar,FAQ,APMC Shahada ,2775,2585,2685,Maharashtra,Other
2026-09-01,Wheat,1,Nashik,Non-FAQ,APMC Malegaon ,2584,2280,2568,Maharashtra,Other
2026-09-01,Wheat,1,Pune,Non-FAQ,APMC Shirur ,2550,2200,2500,Maharashtra,Other
2026-09-01,Wheat,1,Ahilyanagar,Local,"Omchatinya Multi State Agro Purpose Co-Op Society, Dist Ahilyanagar",2600,2550,2550,Maharashtra,Other
2026-09-01,Wheat,1,Yavatmal,Local,"Mahesh Krushi Utpanna Bazar, Digras, Dist Yeotmal",2675,2550,2618,Maharashtra,Other
2026-09-01,Wheat,1,Parbhani,Non-FAQ,APMC Parbhani ,2500,2100,2300,Maharashtra,Other
2026-09-01,Wheat,1,Ahilyanagar,FAQ,APMC Ahilyanagar ,2800,2700,2750,Maharashtra,Other
2026-09-01,Wheat,1,Washim,Non-FAQ,APMC Malegaon(Washim) ,2500,2000,2300,Maharashtra,Other
2026-09-01,Wheat,1,Ahilyanagar,Non-FAQ,Karjat(Rashin) ,2500,2200,2300,Maharashtra,Other
2026-09-01,Wheat,1,Ahilyanagar,FAQ,APMC Kopargaon ,2715,2585,2645,Maharashtra,Other
2026-09-01,Wheat,1,Parbhani,FAQ,APMC Gangakhed ,2750,2700,2700,Maharashtra,Other
2026-09-01,Wheat,1,Nashik,FAQ,APMC Manmad ,2721,2630,2640,Maharashtra,Other
2026-09-01,Wheat,1,Nashik,FAQ,APMC Satana ,2875,2750,2827,Maharashtra,Other
2026-09-01,Wheat,1,Mumbai,FAQ,APMC Mumbai ,5500,2900,4200,Maharashtra,Other
2026-09-01,Wheat,1,Dhule,Non-FAQ,APMC Dondaicha ,2500,2300,2401,Maharashtra,Other
2026-09-01,Wheat,1,Dhule,FAQ,APMC Dondaicha ,2755,2635,2740,Maharashtra,Other
2026-09-01,Wheat,1,Buldhana,Non-FAQ,APMC Deoulgaon Raja ,2575,1500,2550,Maharashtra,Other
2026-09-01,Wheat,1,Wardha,Non-FAQ,APMC Hinganghat ,2580,2250,2400,Maharashtra,Other
2026-09-01,Wheat,1,Chattrapati Sambhajinagar,FAQ,APMC Sillod ,2640,2585,2600,Maharashtra,Other
2026-09-01,Wheat,1,Wardha,FAQ,APMC Wardha ,2735,2665,2700,Maharashtra,Other
2026-09-01,Wheat,1,Buldhana,Non-FAQ,APMC Khamgaon ,2580,2400,2490,Maharashtra,Other
2026-09-01,Wheat,1,Beed,Non-FAQ,APMC Kaij ,2576,2401,2481,Maharashtra,Other
2026-09-01,Wheat,1,Ahilyanagar,Non-FAQ,APMC Karjat ,2500,2200,2300,Maharashtra,Other
2026-09-01,Wheat,1,Jalgaon,Non-FAQ,APMC Pachora ,2580,2350,2451,Maharashtra,Other
2026-09-01,Wheat,1,Nanded,FAQ,APMC Nanded ,2800,2645,2725,Maharashtra,Sharbati
2026-09-01,Wheat,1,Beed,FAQ,Majalgaon APMC,2750,2600,2651,Maharashtra,Other
2026-09-01,Wheat,1,Nanded,Non-FAQ,Bhokar APMC,2370,2330,2350,Maharashtra,Other
2026-09-01,Wheat,1,Nashik,FAQ,Sinner APMC,2700,2585,2690,Maharashtra,Other
2026-09-01,Wheat,1,Latur,Non-FAQ,Aurad Shahajani APMC,2584,2500,2540,Maharashtra,Maharashtra 2189
2026-09-01,Wheat,1,Latur,FAQ,Aurad Shahajani APMC,2640,2585,2600,Maharashtra,Maharashtra 2189
2026-09-01,Wheat,1,Nashik,FAQ,APMC Lasalgaon ,2842,2700,2786,Maharashtra,Maharashtra 2189
2026-09-01,Wheat,1,Washim,FAQ,APMC Washim ,2660,2585,2600,Maharashtra,Maharashtra 2189
2026-09-01,Wheat,1,Buldhana,Non-FAQ,Krushi Utpanna Bazar Samiti Shegaon,2540,2190,2440,Maharashtra,Other
2026-09-01,Wheat,1,Nashik,Non-FAQ,Satana APMC,2201,2201,2201,Maharashtra,Other
2026-09-01,Wheat,1,Nashik,FAQ,Nandgaon APMC,2800,2640,2650,Maharashtra,Maharashtra 2189
2026-09-01,Wheat,1,Jalgaon,Non-FAQ,Jalgaon APMC,2575,2575,2575,Maharashtra,Maharashtra 2189
2026-09-01,Wheat,1,Washim,FAQ,Washim APMC,2660,2585,2600,Maharashtra,Maharashtra 2189
2026-09-01,Wheat,1,Nashik,FAQ,Satana APMC,2875,2750,2827,Maharashtra,Other
2026-09-01,Wheat,1,Chattrapati Sambhajinagar,Non-FAQ,Chattrapati Sambhajinagar APMC,2550,2400,2475,Maharashtra,Other
2026-09-01,Wheat,1,Nagpur,FAQ,Agriculture Produce Market Committee Katol,2650,2650,2650,Maharashtra,Other
2026-09-01,Wheat,1,Palghar,FAQ,Palghar APMC,3300,3300,3300,Maharashtra,Other
2026-09-01,Wheat,1,Buldhana,Non-FAQ,Mehekar APMC,2500,2000,2300,Maharashtra,Other
2026-09-01,Wheat,1,Akola,FAQ,Telhara APMC,2640,2585,2590,Maharashtra,Other
2026-09-01,Wheat,1,Wardha,FAQ,Wardha APMC,2735,2665,2700,Maharashtra,Other
2026-09-01,Wheat,1,Akola,FAQ,Akola APMC,2745,2585,2670,Maharashtra,Other
2026-09-01,Wheat,1,Ahilyanagar,FAQ,Ahilyanagar APMC,2800,2700,2750,Maharashtra,Other
2026-09-02,Wheat,1,Hingoli,Non-FAQ,APMC Jawala-Bajar ,2300,2200,2250,Maharashtra,Other
2026-09-02,Wheat,1,Dharashiv,Non-FAQ,APMC Tuljapur ,2570,2400,2525,Maharashtra,Other
2026-09-02,Wheat,1,Yavatmal,FAQ,Digras APMC,2790,2750,2775,Maharashtra,Other
2026-09-02,Wheat,1,Pune,Non-FAQ,APMC Shirur ,2550,2200,2500,Maharashtra,Other
2026-09-02,Wheat,1,Parbhani,Non-FAQ,Parbhani APMC,2550,2200,2300,Maharashtra,Other
2026-09-02,Wheat,1,Ahilyanagar,FAQ,Rahuri(Vambori) ,2750,2616,2652,Maharashtra,Other
2026-09-02,Wheat,1,Solapur,FAQ,Kurdwadi APMC,3000,3000,3000,Maharashtra,Other
2026-09-02,Wheat,1,Ahilyanagar,FAQ,APMC Kopargaon ,2740,2698,2718,Maharashtra,Other
2026-09-02,Wheat,1,Yavatmal,FAQ,APMC Digras ,2790,2750,2775,Maharashtra,Other
2026-09-02,Wheat,1,Amarawati,FAQ,APMC Nandgaon Khandeshwar ,2640,2585,2600,Maharashtra,Other
2026-09-02,Wheat,1,Buldhana,Non-FAQ,Khamgaon APMC,2580,2400,2490,Maharashtra,Other
2026-09-02,Wheat,1,Nagpur,FAQ,Agriculture Produce Market Committee Katol,2620,2620,2620,Maharashtra,Other
2026-09-02,Wheat,1,Ahilyanagar,FAQ,Karjat APMC,2800,2600,2600,Maharashtra,Other
2026-09-02,Wheat,1,Jalgaon,Non-FAQ,APMC CHOPADA,2535,2535,2535,Maharashtra,Other
2026-09-02,Wheat,1,Jalgaon,FAQ,APMC CHOPADA,2711,2675,2675,Maharashtra,Other
2026-09-02,Wheat,1,Nanded,Non-FAQ,APMC Loha ,2561,2200,2421,Maharashtra,Other
2026-09-02,Wheat,1,Chattrapati Sambhajinagar,FAQ,APMC Lasur Station ,2838,2625,2700,Maharashtra,Other
2026-09-02,Wheat,1,Washim,FAQ,APMC Mangrulpeer ,2720,2585,2610,Maharashtra,Other
2026-09-02,Wheat,1,Wardha,FAQ,Hinganghat APMC,2695,2585,2630,Maharashtra,Other
2026-09-02,Wheat,1,Nandurbar,FAQ,APMC Nandurbar,2775,2625,2775,Maharashtra,Other
2026-09-02,Wheat,1,Nashik,FAQ,Sinner APMC,2790,2700,2710,Maharashtra,Other
2026-09-02,Wheat,1,Jalgaon,Non-FAQ,APMC PACHORA,2580,2551,2571,Maharashtra,Other
2026-09-02,Wheat,1,Nanded,Non-FAQ,Bhokar APMC,2450,2300,2375,Maharashtra,Other
2026-09-02,Wheat,1,Nagpur,Non-FAQ,Savner APMC,2574,2527,2574,Maharashtra,Other
2026-09-02,Wheat,1,Akola,FAQ,Murtizapur APMC,2700,2590,2645,Maharashtra,Other
2026-09-02,Wheat,1,Ahilyanagar,Local,"Omchatinya Multi State Agro Purpose Co-Op Society, Dist Ahilyanagar",2550,2550,2550,Maharashtra,Other
2026-09-02,Wheat,1,Amarawati,FAQ,APMC Achalpur ,2650,2585,2600,Maharashtra,Other
2026-09-02,Wheat,1,Washim,FAQ,APMC Karanja ,2815,2670,2755,Maharashtra,Other
2026-09-02,Wheat,1,Beed,Non-FAQ,Kaij APMC,2570,2521,2550,Maharashtra,Other
2026-09-02,Wheat,1,Buldhana,Non-FAQ,Chikali APMC,2400,2000,2200,Maharashtra,Other
2026-09-02,Wheat,1,Solapur,FAQ,Barshi(Vairag) APMC,2811,2811,2811,Maharashtra,Other
2026-09-02,Wheat,1,Jalna,FAQ,APMC Ghansawangi ,2750,2600,2650,Maharashtra,Maharashtra 2189
2026-09-02,Wheat,1,Amarawati,FAQ,Amarawati APMC,2700,2585,2642,Maharashtra,Other
2026-09-02,Wheat,1,Nashik,FAQ,Lasalgaon(Niphad) ,2775,2661,2671,Maharashtra,Maharashtra 2189
2026-09-02,Wheat,1,Solapur,Non-FAQ,APMC Dudhani ,2540,2540,2540,Maharashtra,Maharashtra 2189
2026-09-02,Wheat,1,Jalna,Non-FAQ,APMC Partur ,2580,2400,2440,Maharashtra,Maharashtra 2189
2026-09-02,Wheat,1,Chattrapati Sambhajinagar,FAQ,APMC Paithan ,2772,2650,2700,Maharashtra,Bansi
2026-09-02,Wheat,1,Jalgaon,FAQ,Jalgaon APMC,2600,2600,2600,Maharashtra,147 Average
2026-09-02,Wheat,1,Chattrapati Sambhajinagar,Non-FAQ,Chattrapati Sambhajinagar APMC,2535,2535,2535,Maharashtra,Other
2026-09-02,Wheat,1,Jalna,FAQ,APMC Jalana ,2861,2650,2750,Maharashtra,Other
2026-09-02,Wheat,1,Yavatmal,Non-FAQ,Umarkhed APMC,2350,2200,2300,Maharashtra,Other
2026-09-02,Wheat,1,Buldhana,FAQ,Krushi Utpanna Bazar Samiti Shegaon,2700,2600,2650,Maharashtra,Other
2026-09-02,Wheat,1,Amarawati,FAQ,APMC Amarawati ,2700,2585,2642,Maharashtra,Other
2026-09-02,Wheat,1,Ahilyanagar,FAQ,Karjat(Rashin) ,2700,2600,2600,Maharashtra,Other
2026-09-02,Wheat,1,Nashik,FAQ,Lasalgaon(Niphad) APMC,2775,2661,2671,Maharashtra,Maharashtra 2189
2026-09-02,Wheat,1,Nanded,Non-FAQ,Mudkhed APMC,2340,2340,2340,Maharashtra,Other
2026-09-02,Wheat,1,Latur,Non-FAQ,Ahmedpur APMC,2560,2550,2555,Maharashtra,Other
2026-09-02,Wheat,1,Beed,Non-FAQ,APMC Gevrai ,2550,2500,2510,Maharashtra,Other
2026-09-02,Wheat,1,Ahilyanagar,FAQ,APMC Karjat ,2800,2600,2600,Maharashtra,Other
2026-09-03,Wheat,1,Yavatmal,Local,"Shekari Krushi Khajgi Bazar, Arni, Dist Yavatmal",2551,2551,2551,Maharashtra,Other
2026-09-03,Wheat,1,Solapur,FAQ,APMC Karmala ,2727,2600,2651,Maharashtra,Other
2026-09-03,Wheat,1,Jalgaon,Non-FAQ,APMC Chopda ,2501,2501,2501,Maharashtra,Other
2026-09-03,Wheat,1,Buldhana,Non-FAQ,APMC Shegaon ,2500,2200,2430,Maharashtra,Other
2026-09-03,Wheat,1,Nashik,FAQ,APMC Devala ,2950,2625,2800,Maharashtra,Maharashtra 2189
2026-09-03,Wheat,1,Amarawati,FAQ,APMC Chandur Bazar ,2700,2590,2650,Maharashtra,Other
2026-09-03,Wheat,1,Wardha,FAQ,APMC Wardha ,2715,2650,2690,Maharashtra,Other
2026-09-03,Wheat,1,Jalgaon,Non-FAQ,APMC Pachora ,2580,2451,2511,Maharashtra,Other
2026-09-03,Wheat,1,Sangli,FAQ,APMC Sangli ,4200,3000,3600,Maharashtra,Other
2026-09-03,Wheat,1,Jalgaon,Non-FAQ,APMC Parola ,2550,2550,2550,Maharashtra,Kalyan
2026-09-03,Wheat,1,Chattrapati Sambhajinagar,FAQ,APMC Sillod ,2650,2585,2600,Maharashtra,Other
2026-09-03,Wheat,1,Nandurbar,FAQ,APMC Shahada ,2918,2590,2900,Maharashtra,Other
2026-09-03,Wheat,1,Pune,FAQ,APMC Dound ,2751,2600,2600,Maharashtra,Maharashtra 2189
2026-09-03,Wheat,1,Buldhana,Non-FAQ,APMC Khamgaon ,2575,2525,2550,Maharashtra,Other
2026-09-03,Wheat,1,Amarawati,FAQ,APMC Nandgaon Khandeshwar ,2600,2585,2590,Maharashtra,Other
2026-09-03,Wheat,1,Yavatmal,FAQ,APMC Aarni ,2789,2590,2600,Maharashtra,Maharashtra 2189
2026-09-03,Wheat,1,Solapur,Non-FAQ,APMC Dudhani ,2550,2550,2550,Maharashtra,Maharashtra 2189
2026-09-03,Wheat,1,Nagpur,FAQ,APMC Katol ,2650,2650,2650,Maharashtra,Other
2026-09-03,Wheat,1,Wardha,Non-FAQ,Sindi (Selu),2580,2400,2500,Maharashtra,Other
2026-09-03,Wheat,1,Ahilyanagar,FAQ,Shevgaon(Bodhegaon) ,2725,2600,2725,Maharashtra,Maharashtra 2189
2026-09-04,Wheat,1,Jalgaon,FAQ,APMC Chopda ,2600,2600,2600,Maharashtra,Other
2026-09-04,Wheat,1,Jalgaon,FAQ,APMC Amalner ,2668,2650,2668,Maharashtra,Other
2026-09-04,Wheat,1,Buldhana,FAQ,APMC Lonar ,2710,2650,2680,Maharashtra,Other
2026-09-04,Wheat,1,Jalna,Non-FAQ,APMC Jafrabad,2400,2200,2300,Maharashtra,Other
2026-09-04,Wheat,1,Dhule,FAQ,APMC Dhule ,2801,2600,2750,Maharashtra,Other
2026-09-04,Wheat,1,Nashik,FAQ,APMC Devala ,2925,2650,2925,Maharashtra,Maharashtra 2189
2026-09-04,Wheat,1,Jalgaon,Non-FAQ,APMC Parola ,2500,2100,2100,Maharashtra,Kalyan
2026-09-04,Wheat,1,Washim,Non-FAQ,Washim(Ansing) ,2580,2450,2500,Maharashtra,Maharashtra 2189
2026-09-05,Wheat,1,Nagpur,FAQ,APMC Nagpur ,3500,3200,3425,Maharashtra,Sharbati
2026-09-06,Wheat,1,Akola,Non-FAQ,APMC Balapur ,2500,2500,2500,Maharashtra,Other
2026-09-07,Wheat,1,Dharashiv,FAQ,APMC Tuljapur ,2700,2590,2600,Maharashtra,Other
2026-09-07,Wheat,1,Solapur,FAQ,Barshi(Vairag) ,2651,2651,2651,Maharashtra,Other
2026-09-07,Wheat,1,Jalgaon,FAQ,APMC Chalisgaon ,2671,2597,2612,Maharashtra,Other
2026-09-07,Wheat,1,Buldhana,FAQ,APMC Khamgaon ,2600,2600,2600,Maharashtra,Other
2026-09-07,Wheat,1,Nashik,FAQ,APMC Satana ,3000,2885,2915,Maharashtra,Other
2026-09-07,Wheat,1,Yavatmal,FAQ,APMC Digras ,2820,2740,2785,Maharashtra,Other
2026-09-07,Wheat,1,Chattrapati Sambhajinagar,FAQ,APMC Sillod ,2700,2590,2650,Maharashtra,Other
2026-09-07,Wheat,1,Pune,Non-FAQ,APMC Shirur ,2500,2400,2500,Maharashtra,Other
2026-09-07,Wheat,1,Beed,Non-FAQ,APMC Beed ,2500,2300,2406,Maharashtra,Other
2026-09-07,Wheat,1,Ahilyanagar,Non-FAQ,APMC Jamkhed ,2550,2400,2475,Maharashtra,Other
2026-09-07,Wheat,1,Amarawati,FAQ,APMC Morshi ,2740,2585,2663,Maharashtra,Other
2026-09-07,Wheat,1,Latur,Non-FAQ,APMC Ausa ,2451,2451,2451,Maharashtra,Maharashtra 2189
2026-09-07,Wheat,1,Yavatmal,Local,"Mahesh Krushi Utpanna Bazar, Digras, Dist Yeotmal",2700,2675,2689,Maharashtra,Other
2026-09-07,Wheat,1,Bhandara,Non-FAQ,APMC Bhandara ,2500,2500,2500,Maharashtra,Maharashtra 2189
2026-09-07,Wheat,1,Solapur,FAQ,APMC Dudhani ,2655,2655,2655,Maharashtra,Maharashtra 2189
2026-09-07,Wheat,1,Beed,FAQ,APMC Gevrai ,2890,2670,2700,Maharashtra,Other
2026-09-07,Wheat,1,Yavatmal,FAQ,APMC Aarni ,2793,2590,2600,Maharashtra,Maharashtra 2189
2026-09-07,Wheat,1,Nashik,FAQ,APMC Lasalgaon ,3001,2700,2811,Maharashtra,Maharashtra 2189
2026-09-07,Wheat,1,Latur,Non-FAQ,Latur(Murud) ,2500,2300,2400,Maharashtra,Maharashtra 2189
2026-09-07,Wheat,1,Kolhapur,FAQ,Kolhapur(Laxmipuri) ,4100,3000,3550,Maharashtra,Other
2026-09-07,Wheat,1,Nashik,FAQ,APMC Manmad ,3002,2650,2677,Maharashtra,Other
2026-09-07,Wheat,1,Ahilyanagar,Non-FAQ,APMC Rahuri ,2500,2500,2500,Maharashtra,Other
2026-09-07,Wheat,1,Pune,Non-FAQ,APMC Baramati ,2580,2100,2500,Maharashtra,Kalyan
2026-09-07,Wheat,1,Pune,FAQ,APMC Baramati ,2700,2585,2650,Maharashtra,Kalyan
2026-09-07,Wheat,1,Nashik,FAQ,APMC Yeola ,2900,2700,2751,Maharashtra,Maharashtra 2189
2026-09-07,Wheat,1,Jalgaon,Non-FAQ,APMC Jalgaon ,2575,2575,2575,Maharashtra,147 Average
2026-09-08,Wheat,1,Solapur,FAQ,APMC Dudhani ,2600,2600,2600,Maharashtra,Maharashtra 2189
2026-09-08,Wheat,1,Amarawati,Non-FAQ,APMC Anajngaon ,2580,2400,2450,Maharashtra,Other
2026-09-08,Wheat,1,Chattrapati Sambhajinagar,Non-FAQ,APMC Lasur Station ,2200,2200,2200,Maharashtra,Other
2026-09-08,Wheat,1,Buldhana,FAQ,APMC Khamgaon ,2625,2600,2612,Maharashtra,Other
2026-09-08,Wheat,1,Nagpur,FAQ,APMC Savner ,2585,2585,2585,Maharashtra,Other
2026-09-08,Wheat,1,Chattrapati Sambhajinagar,FAQ,APMC Gangapur ,2754,2720,2741,Maharashtra,Other
2026-09-08,Wheat,1,Akola,FAQ,APMC Akot ,2675,2590,2600,Maharashtra,147 Average
2026-09-08,Wheat,1,Buldhana,Local,"Maharaja Agresen Pvt Krushi Utappan Bazar Samati, Dist Buldhana",2600,2400,2557,Maharashtra,Other
2026-09-08,Wheat,1,Pune,FAQ,APMC Shirur ,2725,2725,2725,Maharashtra,Other
2026-09-08,Wheat,1,Dharashiv,Non-FAQ,APMC Kalamb (Dharashiv) ,2551,2400,2551,Maharashtra,Maharashtra 2189
2026-09-08,Wheat,1,Dharashiv,FAQ,APMC Tuljapur ,2700,2595,2600,Maharashtra,Other
2026-09-08,Wheat,1,Wardha,Non-FAQ,APMC Hinganghat ,2580,2550,2560,Maharashtra,Other
2026-09-08,Wheat,1,Akola,FAQ,APMC Akola ,2765,2590,2600,Maharashtra,Other
2026-09-08,Wheat,1,Ahilyanagar,Non-FAQ,Shrirampur(Belapur) ,2300,2200,2250,Maharashtra,Other
2026-09-08,Wheat,1,Mumbai,FAQ,APMC Mumbai ,5500,2900,4200,Maharashtra,Other
2026-09-08,Wheat,1,Ahilyanagar,FAQ,APMC Kopargaon ,2839,2585,2700,Maharashtra,Other
2026-09-08,Wheat,1,Akola,FAQ,APMC Telhara ,2650,2585,2600,Maharashtra,Other
2026-09-08,Wheat,1,Kolhapur,FAQ,Kolhapur(Laxmipuri) ,4050,3050,3550,Maharashtra,Other
2026-09-08,Wheat,1,Nashik,Non-FAQ,APMC Malegaon ,2580,2270,2578,Maharashtra,Other
2026-09-08,Wheat,1,Jalgaon,FAQ,APMC Chalisgaon ,2751,2600,2626,Maharashtra,Other
2026-09-08,Wheat,1,Jalgaon,Non-FAQ,APMC Pachora ,2399,2335,2375,Maharashtra,Other
2026-09-08,Wheat,1,Amarawati,FAQ,APMC Nandgaon Khandeshwar ,2670,2585,2600,Maharashtra,Other
2026-09-08,Wheat,1,Buldhana,FAQ,APMC Deoulgaon Raja ,2611,2600,2600,Maharashtra,Other
2026-09-08,Wheat,1,Jalgaon,FAQ,APMC Dharangaon ,2736,2636,2711,Maharashtra,Other
2026-09-08,Wheat,1,Sangli,FAQ,APMC Tasgaon ,4200,3950,4060,Maharashtra,Other
2026-09-08,Wheat,1,Nashik,FAQ,APMC Sinner ,2785,2715,2750,Maharashtra,Other
2026-09-08,Wheat,1,Buldhana,Local,"Bsk Krishi Bazar Private Limited, Mehkar, Dist Buldhana",2650,2650,2650,Maharashtra,Other
2026-09-08,Wheat,1,Yavatmal,Local,"Mahesh Krushi Utpanna Bazar, Digras, Dist Yeotmal",2705,2675,2697,Maharashtra,Other
2026-09-08,Wheat,1,Ahilyanagar,Local,"Omchatinya Multi State Agro Purpose Co-Op Society, Dist Ahilyanagar",2600,2600,2600,Maharashtra,Other
2026-09-08,Wheat,1,Nashik,FAQ,APMC Manmad ,2813,2672,2690,Maharashtra,Other
2026-09-08,Wheat,1,Jalna,Non-FAQ,Bhokardan(Pimpalgaon Renu) ,2400,2200,2300,Maharashtra,Other
2026-09-08,Wheat,1,Buldhana,Non-FAQ,APMC Mehekar ,2580,2200,2400,Maharashtra,Other
2026-09-08,Wheat,1,Nashik,FAQ,APMC Nandgaon ,2852,2585,2650,Maharashtra,Maharashtra 2189
2026-09-09,Wheat,1,Chattrapati Sambhajinagar,FAQ,APMC Paithan ,2890,2651,2671,Maharashtra,Bansi
2026-09-09,Wheat,1,Washim,FAQ,APMC Mangrulpeer ,2730,2650,2690,Maharashtra,Other
2026-09-09,Wheat,1,Yavatmal,Local,"Shekari Krushi Khajgi Bazar, Arni, Dist Yavatmal",2500,2500,2500,Maharashtra,Other
2026-09-09,Wheat,1,Amarawati,FAQ,APMC Amarawati ,2700,2585,2642,Maharashtra,Other
2026-09-09,Wheat,1,Buldhana,Non-FAQ,APMC Shegaon ,2580,2525,2565,Maharashtra,Other
2026-09-09,Wheat,1,Buldhana,FAQ,APMC Shegaon ,2650,2590,2620,Maharashtra,Other
2026-09-09,Wheat,1,Ahilyanagar,FAQ,APMC Karjat ,2800,2800,2800,Maharashtra,Other
2026-09-09,Wheat,1,Bhandara,FAQ,APMC Tumsar ,2651,2640,2642,Maharashtra,Other
2026-09-09,Wheat,1,Buldhana,Non-FAQ,APMC Deoulgaon Raja ,2000,2000,2000,Maharashtra,Other
2026-09-09,Wheat,1,Buldhana,FAQ,APMC Deoulgaon Raja ,2600,2600,2600,Maharashtra,Other
2026-09-09,Wheat,1,Solapur,FAQ,APMC Karmala ,2699,2600,2600,Maharashtra,Other
2026-09-09,Wheat,1,Nashik,Non-FAQ,APMC Malegaon ,2584,2100,2580,Maharashtra,Other
2026-09-09,Wheat,1,Beed,Non-FAQ,APMC Patoda ,2500,2200,2400,Maharashtra,Other
2026-09-09,Wheat,1,Buldhana,Non-FAQ,APMC Malkapur ,2580,2580,2580,Maharashtra,Other
2026-09-09,Wheat,1,Nagpur,FAQ,APMC Nagpur ,2750,2586,2709,Maharashtra,Other
2026-09-09,Wheat,1,Buldhana,Local,"Bsk Krishi Bazar Private Limited, Mehkar, Dist Buldhana",2600,2400,2560,Maharashtra,Other
2026-09-09,Wheat,1,Solapur,FAQ,APMC Dudhani ,2645,2645,2645,Maharashtra,Maharashtra 2189
