Arrival_Date,Commodity,Commodity_Code,District,Grade,Market,Max_Price,Min_Price,Modal_Price,State,Variety
2004-01-01,Cotton,15,Amarawati,FAQ,Amarawati,2550,2500,2525.0,Maharashtra,Other
2004-01-01,Cotton,15,Akola,FAQ,Akot,2675,2500,2580.0,Maharashtra,Other
2004-01-01,Cotton,15,Akola,FAQ,Murtizapur,2570,2530,2550.0,Maharashtra,Other
2004-01-01,Cotton,15,Jalana,FAQ,Jalana,2800,2315,2551.0,Maharashtra,Other
2004-01-02,Cotton,15,Nagpur,FAQ,Savner,2632,2565,2598.0,Maharashtra,Other
2004-01-02,Cotton,15,Parbhani,FAQ,Parbhani,2600,2450,2575.0,Maharashtra,Other
2004-01-02,Cotton,15,Parbhani,FAQ,Jintur,2515,2400,2400.0,Maharashtra,Other
2004-01-03,Cotton,15,Jalgaon,FAQ,Pachora,2500,2500,2500.0,Maharashtra,Other
2004-01-03,Cotton,15,Akola,FAQ,Akot,2690,2450,2600.0,Maharashtra,Other
2004-01-03,Cotton,15,Nanded,FAQ,Bhokar,2450,2450,2450.0,Maharashtra,Other
2004-01-03,Cotton,15,Akola,FAQ,Akot,2641,2275,2490.0,Maharashtra,LRA
2004-01-03,Cotton,15,Amarawati,FAQ,Amarawati,2525,2450,2475.0,Maharashtra,Other
2004-01-05,Cotton,15,Akola,FAQ,Akot,2601,2275,2500.0,Maharashtra,LRA
2004-01-05,Cotton,15,Yavatmal,FAQ,Vani,2685,2451,2568.0,Maharashtra,Other
2004-01-06,Cotton,15,Nanded,FAQ,Bhokar,2400,2400,2400.0,Maharashtra,Other
2004-01-06,Cotton,15,Akola,FAQ,Akot,2551,2350,2485.0,Maharashtra,LRA
2004-01-06,Cotton,15,Parbhani,FAQ,Parbhani,2700,2600,2650.0,Maharashtra,Other
2004-01-07,Cotton,15,Vashim,FAQ,Karanja,2635,2525,2585.0,Maharashtra,N-44
2004-01-08,Cotton,15,Nagpur,FAQ,Savner,2699,2619,2659.0,Maharashtra,Other
2004-01-09,Cotton,15,Jalgaon,FAQ,Chalisgaon,2550,2250,2400.0,Maharashtra,Other
2004-01-09,Cotton,15,Parbhani,FAQ,Parbhani,2700,2500,2600.0,Maharashtra,Other
2004-01-09,Cotton,15,Vashim,FAQ,Karanja,2675,2415,2575.0,Maharashtra,N-44
2004-01-10,Cotton,15,Akola,FAQ,Murtizapur,2635,2600,2611.0,Maharashtra,Other
2004-01-10,Cotton,15,Jalgaon,FAQ,Pachora,2511,2300,2406.0,Maharashtra,H-4(A) 27mm FIne
2004-01-12,Cotton,15,Amarawati,FAQ,Amarawati,2525,2450,2490.0,Maharashtra,Other
2004-01-12,Cotton,15,Yavatmal,FAQ,Vani,2680,2400,2540.0,Maharashtra,Other
2004-01-12,Cotton,15,Jalgaon,FAQ,Pachora,2550,2050,2300.0,Maharashtra,H-4(A) 27mm FIne
2004-01-13,Cotton,15,Parbhani,FAQ,Parbhani,2700,2500,2600.0,Maharashtra,Other
2004-01-13,Cotton,15,Akola,FAQ,Murtizapur,2645,2600,2625.0,Maharashtra,Other
2004-01-13,Cotton,15,Chandrapur,FAQ,Chandrapur,2636,2400,2500.0,Maharashtra,Other
2004-01-14,Cotton,15,Jalgaon,FAQ,Chalisgaon,2575,2350,2400.0,Maharashtra,Other
2004-01-14,Cotton,15,Buldhana,FAQ,Khamgaon,2665,2450,2557.0,Maharashtra,H-4(A) 27mm FIne
2004-01-15,Cotton,15,Amarawati,FAQ,Amarawati,2600,2490,2560.0,Maharashtra,Other
2004-01-16,Cotton,15,Buldhana,FAQ,Khamgaon,2676,2600,2625.0,Maharashtra,Other
2004-01-16,Cotton,15,Akola,FAQ,Akot,2727,2394,2625.0,Maharashtra,LRA
2004-01-16,Cotton,15,Akola,FAQ,Akot,2732,2471,2675.0,Maharashtra,Other
2004-01-17,Cotton,15,Vashim,FAQ,Karanja,2725,2525,2655.0,Maharashtra,N-44
2004-01-17,Cotton,15,Akola,FAQ,Akot,2731,2550,2650.0,Maharashtra,Other
2004-01-19,Cotton,15,Nanded,FAQ,Bhokar,2700,2400,2475.0,Maharashtra,Other
2004-01-19,Cotton,15,Nanded,FAQ,Nanded,2500,2100,2300.0,Maharashtra,Other
2004-01-19,Cotton,15,Parbhani,FAQ,Parbhani,3000,2700,2800.0,Maharashtra,Other
2004-01-20,Cotton,15,Buldhana,FAQ,Khamgaon,2825,2600,2712.0,Maharashtra,H-4(A) 27mm FIne
2004-01-20,Cotton,15,Akola,FAQ,Akot,2793,2500,2675.0,Maharashtra,LRA
2004-01-20,Cotton,15,Amarawati,FAQ,Amarawati,2750,2600,2675.0,Maharashtra,Other
2004-01-20,Cotton,15,Yavatmal,FAQ,Vani,2865,2450,2657.0,Maharashtra,Other
2004-01-21,Cotton,15,Buldhana,FAQ,Khamgaon,2721,2641,2681.0,Maharashtra,Other
2004-01-22,Cotton,15,Jalgaon,FAQ,Pachora,2950,2550,2750.0,Maharashtra,H-4(A) 27mm FIne
2004-01-22,Cotton,15,Chandrapur,FAQ,Chandrapur,2601,2401,2551.0,Maharashtra,Other
2004-01-22,Cotton,15,Buldhana,FAQ,Khamgaon,2750,2680,2715.0,Maharashtra,Other
2004-01-22,Cotton,15,Jalana,FAQ,Jalana,3030,2450,2800.0,Maharashtra,Other
2004-01-23,Cotton,15,Akola,FAQ,Murtizapur,2725,2625,2685.0,Maharashtra,Other
2004-01-23,Cotton,15,Dhule,FAQ,Dhule,2941,2000,2829.0,Maharashtra,Other
2004-01-23,Cotton,15,Jalana,FAQ,Jalana,3102,2501,2851.0,Maharashtra,Other
2004-01-23,Cotton,15,Akola,FAQ,Akot,2735,2475,2670.0,Maharashtra,Other
2004-01-23,Cotton,15,Nanded,FAQ,Bhokar,2550,2550,2550.0,Maharashtra,Other
2004-01-24,Cotton,15,Vashim,FAQ,Karanja,2805,2800,2800.0,Maharashtra,H-4(A) 27mm FIne
2004-01-24,Cotton,15,Parbhani,FAQ,Jintur,2932,2730,2831.0,Maharashtra,Other
2004-01-24,Cotton,15,Chandrapur,FAQ,Chandrapur,2600,2464,2550.0,Maharashtra,Other
2004-01-24,Cotton,15,Akola,FAQ,Akot,2882,2550,2799.0,Maharashtra,Other
2004-01-24,Cotton,15,Buldhana,FAQ,Khamgaon,2831,2698,2764.0,Maharashtra,Other
2004-01-24,Cotton,15,Nanded,FAQ,Bhokar,2950,2350,2675.0,Maharashtra,Other
2004-01-24,Cotton,15,Jalgaon,FAQ,Pachora,3000,2600,2800.0,Maharashtra,H-4(A) 27mm FIne
2004-01-24,Cotton,15,Nashik,FAQ,Yeola,2800,2200,2500.0,Maharashtra,Other
2004-01-26,Cotton,15,Nanded,FAQ,Bhokar,2900,2350,2550.0,Maharashtra,Other
2004-01-27,Cotton,15,Dhule,FAQ,Dhule,2975,2400,2725.0,Maharashtra,Other
2004-01-27,Cotton,15,Vashim,FAQ,Karanja,2825,2600,2750.0,Maharashtra,N-44
2004-01-27,Cotton,15,Jalgaon,FAQ,Chalisgaon,2750,2300,2540.0,Maharashtra,Other
2004-01-27,Cotton,15,Jalgaon,FAQ,Amalner,2600,2200,2400.0,Maharashtra,H-4(A) 27mm FIne
2004-01-28,Cotton,15,Yavatmal,FAQ,Digras,2750,2500,2650.0,Maharashtra,Other
2004-01-28,Cotton,15,Chandrapur,FAQ,Chandrapur,2651,2441,2550.0,Maharashtra,Other
2004-01-28,Cotton,15,Akola,FAQ,Akot,2795,2525,2727.0,Maharashtra,Other
2004-01-29,Cotton,15,Jalana,FAQ,Jalana,3002,2421,2701.0,Maharashtra,Other
2004-01-29,Cotton,15,Amarawati,FAQ,Amarawati,2700,2600,2650.0,Maharashtra,Other
2004-01-29,Cotton,15,Nagpur,FAQ,Savner,2700,2700,2700.0,Maharashtra,Other
2004-01-29,Cotton,15,Nashik,FAQ,Yeola,2700,2300,2550.0,Maharashtra,Other
2004-01-30,Cotton,15,Nagpur,FAQ,Savner,2700,2700,2700.0,Maharashtra,Other
2004-01-31,Cotton,15,Akola,FAQ,Akot,2675,2375,2600.0,Maharashtra,LRA
2004-01-31,Cotton,15,Chandrapur,FAQ,Chandrapur,2651,2400,2500.0,Maharashtra,Other
2004-01-31,Cotton,15,Parbhani,FAQ,Jintur,2740,2411,2606.0,Maharashtra,Other
2004-02-03,Cotton,15,Parbhani,FAQ,Parbhani,2705,2553,2650.0,Maharashtra,Other
2004-02-03,Cotton,15,Akola,FAQ,Akot,2720,2344,2675.0,Maharashtra,LRA
2004-02-03,Cotton,15,Amarawati,FAQ,Amarawati,2700,2625,2650.0,Maharashtra,Other
2004-02-03,Cotton,15,Nanded,FAQ,Nanded,2650,2200,2559.0,Maharashtra,Other
2004-02-04,Cotton,15,Jalgaon,FAQ,Chalisgaon,2700,2300,2550.0,Maharashtra,Other
2004-02-05,Cotton,15,Nanded,FAQ,Nanded,2650,2250,2300.0,Maharashtra,Other
2004-02-05,Cotton,15,Nagpur,FAQ,Savner,2800,2350,2575.0,Maharashtra,Other
2004-02-05,Cotton,15,Chandrapur,FAQ,Chandrapur,2575,2260,2400.0,Maharashtra,Other
2004-02-05,Cotton,15,Yavatmal,FAQ,Digras,2600,2250,2350.0,Maharashtra,Other
2004-02-06,Cotton,15,Parbhani,FAQ,Jintur,2810,2401,2506.0,Maharashtra,Other
2004-02-06,Cotton,15,Jalgaon,FAQ,Amalner,2500,2200,2350.0,Maharashtra,H-4(A) 27mm FIne
2004-02-06,Cotton,15,Buldhana,FAQ,Malkapur,3151,2550,2750.0,Maharashtra,Other
2004-02-06,Cotton,15,Nanded,FAQ,Bhokar,2800,2250,2475.0,Maharashtra,Other
2004-02-06,Cotton,15,Parbhani,FAQ,Parbhani,2840,2550,2700.0,Maharashtra,Other
2004-02-06,Cotton,15,Akola,FAQ,Akot,2800,2450,2712.0,Maharashtra,LRA
2004-02-06,Cotton,15,Vashim,FAQ,Karanja,2785,2455,2675.0,Maharashtra,N-44
2004-02-09,Cotton,15,Nagpur,FAQ,Savner,2851,2650,2750.0,Maharashtra,Other
2004-02-11,Cotton,15,Nashik,FAQ,Yeola,2300,2000,2250.0,Maharashtra,Other
2004-02-12,Cotton,15,Akola,FAQ,Akot,2737,2446,2664.0,Maharashtra,Other
2004-02-12,Cotton,15,Akola,FAQ,Murtizapur,2650,2550,2600.0,Maharashtra,H-4(A) 27mm FIne
2004-02-12,Cotton,15,Akola,FAQ,Akot,2831,2300,2698.0,Maharashtra,LRA
2004-02-12,Cotton,15,Parbhani,FAQ,Parbhani,2825,2560,2750.0,Maharashtra,Other
2004-02-12,Cotton,15,Yavatmal,FAQ,Digras,2650,2000,2300.0,Maharashtra,Other
2004-02-13,Cotton,15,Parbhani,FAQ,Parbhani,2850,2650,2725.0,Maharashtra,Other
2004-02-13,Cotton,15,Yavatmal,FAQ,Vani,2800,2400,2600.0,Maharashtra,Other
2004-02-13,Cotton,15,Chandrapur,FAQ,Chandrapur,2551,2325,2400.0,Maharashtra,Other
2004-02-16,Cotton,15,Chandrapur,FAQ,Chandrapur,2535,2100,2300.0,Maharashtra,Other
2004-02-16,Cotton,15,Vashim,FAQ,Karanja,2750,2430,2660.0,Maharashtra,N-44
2004-02-17,Cotton,15,Akola,FAQ,Akot,2651,2441,2575.0,Maharashtra,LRA
2004-02-17,Cotton,15,Buldhana,FAQ,Khamgaon,2652,2580,2616.0,Maharashtra,Other
2004-02-18,Cotton,15,Nanded,FAQ,Bhokar,2725,2000,2350.0,Maharashtra,Other
2004-02-20,Cotton,15,Nanded,FAQ,Bhokar,2600,1800,2325.0,Maharashtra,Other
2004-02-21,Cotton,15,Nanded,FAQ,Bhokar,2725,2000,2425.0,Maharashtra,Other
2004-02-23,Cotton,15,Buldhana,FAQ,Khamgaon,2676,2571,2623.0,Maharashtra,Other
2004-02-23,Cotton,15,Vashim,FAQ,Karanja,2745,2550,2600.0,Maharashtra,N-44
2004-02-24,Cotton,15,Nanded,FAQ,Bhokar,2625,1700,2325.0,Maharashtra,Other
2004-02-24,Cotton,15,Nagpur,FAQ,Savner,2772,2300,2536.0,Maharashtra,Other
2004-02-24,Cotton,15,Akola,FAQ,Akot,2500,2167,2475.0,Maharashtra,LRA
2004-02-25,Cotton,15,Nanded,FAQ,Bhokar,2600,1485,2225.0,Maharashtra,Other
2004-02-26,Cotton,15,Vashim,FAQ,Karanja,2675,2400,2555.0,Maharashtra,N-44
2004-02-26,Cotton,15,Dhule,FAQ,Dhule,2200,2000,2200.0,Maharashtra,Other
2004-03-03,Cotton,15,Jalgaon,FAQ,Chalisgaon,2400,1800,2100.0,Maharashtra,Other
2004-03-04,Cotton,15,Jalgaon,FAQ,Chalisgaon,2375,1800,2150.0,Maharashtra,Other
2004-03-05,Cotton,15,Jalgaon,FAQ,Amalner,2250,1700,1850.0,Maharashtra,H-4(A) 27mm FIne
2004-03-06,Cotton,15,Buldhana,FAQ,Khamgaon,2250,1950,2100.0,Maharashtra,H-4(A) 27mm FIne
2004-03-09,Cotton,15,Amarawati,FAQ,Amarawati,1900,1500,1700.0,Maharashtra,Other
2004-03-09,Cotton,15,Vashim,FAQ,Karanja,2635,2210,2545.0,Maharashtra,N-44
2004-03-10,Cotton,15,Nagpur,FAQ,Savner,2584,1460,2002.0,Maharashtra,Other
2004-03-10,Cotton,15,Akola,FAQ,Murtizapur,2400,1800,2200.0,Maharashtra,Other
2004-03-11,Cotton,15,Amarawati,FAQ,Amarawati,2300,1900,2100.0,Maharashtra,Other
2004-03-13,Cotton,15,Nagpur,FAQ,Savner,2641,1695,2168.0,Maharashtra,Other
2004-03-15,Cotton,15,Nanded,FAQ,Bhokar,2500,1500,2100.0,Maharashtra,Other
2004-03-15,Cotton,15,Vashim,FAQ,Karanja,2625,2100,2400.0,Maharashtra,N-44
2004-03-16,Cotton,15,Yavatmal,FAQ,Vani,2250,1200,1725.0,Maharashtra,Other
2004-03-16,Cotton,15,Nagpur,FAQ,Savner,2664,1500,2082.0,Maharashtra,Other
2004-03-16,Cotton,15,Akola,FAQ,Akot,2325,1700,2250.0,Maharashtra,Other
2004-03-18,Cotton,15,Akola,FAQ,Akot,2250,1600,2050.0,Maharashtra,Other
2004-03-18,Cotton,15,Akola,FAQ,Akot,2100,1350,1950.0,Maharashtra,LRA
2004-03-19,Cotton,15,Vashim,FAQ,Karanja,2650,2225,2500.0,Maharashtra,N-44
2004-03-19,Cotton,15,Nagpur,FAQ,Savner,2682,1500,2091.0,Maharashtra,Other
2004-03-20,Cotton,15,Akola,FAQ,Murtizapur,2275,1296,1825.0,Maharashtra,H-4(A) 27mm FIne
2004-03-22,Cotton,15,Akola,FAQ,Murtizapur,2350,2300,2312.0,Maharashtra,Other
2004-03-22,Cotton,15,Yavatmal,FAQ,Vani,2500,1600,2050.0,Maharashtra,Other
2004-03-23,Cotton,15,Amarawati,FAQ,Amarawati,2400,2000,2200.0,Maharashtra,Other
2004-03-23,Cotton,15,Akola,FAQ,Akot,2249,1600,2175.0,Maharashtra,Other
2004-03-24,Cotton,15,Jalgaon,FAQ,Amalner,2070,1970,2020.0,Maharashtra,H-4(A) 27mm FIne
2004-03-24,Cotton,15,Vashim,FAQ,Karanja,2625,2450,2530.0,Maharashtra,N-44
2004-03-24,Cotton,15,Chandrapur,FAQ,Chandrapur,1629,1489,1575.0,Maharashtra,Other
2004-03-25,Cotton,15,Yavatmal,FAQ,Vani,2600,1650,2125.0,Maharashtra,Other
2004-03-25,Cotton,15,Amarawati,FAQ,Amarawati,2400,2000,2200.0,Maharashtra,Other
2004-03-25,Cotton,15,Nagpur,FAQ,Savner,2684,1625,2154.0,Maharashtra,Other
2004-03-29,Cotton,15,Akola,FAQ,Akot,2150,1550,2000.0,Maharashtra,Other
2004-03-29,Cotton,15,Akola,FAQ,Akot,2200,1650,2075.0,Maharashtra,LRA
2004-04-06,Cotton,15,Akola,FAQ,Akot,2175,1550,2000.0,Maharashtra,Other
2004-04-07,Cotton,15,Akola,FAQ,Akot,2286,1526,2150.0,Maharashtra,Other
2004-04-07,Cotton,15,Akola,FAQ,Murtizapur,2350,1500,1850.0,Maharashtra,H-4(A) 27mm FIne
2004-04-07,Cotton,15,Nagpur,FAQ,Savner,2674,1805,2239.0,Maharashtra,Other
2004-04-07,Cotton,15,Parbhani,FAQ,Parbhani,2680,1500,2250.0,Maharashtra,Other
2004-04-08,Cotton,15,Akola,FAQ,Akot,2200,1600,2100.0,Maharashtra,LRA
2004-04-10,Cotton,15,Vashim,FAQ,Karanja,2640,2130,2440.0,Maharashtra,N-44
2004-04-10,Cotton,15,Nagpur,FAQ,Savner,2698,1745,2221.0,Maharashtra,Other
2004-04-12,Cotton,15,Vashim,FAQ,Karanja,2680,2340,2445.0,Maharashtra,N-44
2004-04-13,Cotton,15,Amarawati,FAQ,Amarawati,2400,2000,2200.0,Maharashtra,Other
2004-04-13,Cotton,15,Buldhana,FAQ,Khamgaon,2365,1800,2082.0,Maharashtra,Other
2004-04-13,Cotton,15,Buldhana,FAQ,Khamgaon,2600,2075,2337.0,Maharashtra,H-4(A) 27mm FIne
2004-04-15,Cotton,15,Jalgaon,FAQ,Amalner,2200,1400,1800.0,Maharashtra,H-4(A) 27mm FIne
2004-04-15,Cotton,15,Akola,FAQ,Murtizapur,2303,2000,2150.0,Maharashtra,H-4(A) 27mm FIne
2004-04-15,Cotton,15,Akola,FAQ,Akot,2351,1570,2150.0,Maharashtra,Other
2004-04-16,Cotton,15,Akola,FAQ,Akot,2101,1550,2000.0,Maharashtra,LRA
2004-04-16,Cotton,15,Vashim,FAQ,Karanja,2610,2145,2340.0,Maharashtra,N-44
2004-04-16,Cotton,15,Nagpur,FAQ,Savner,2652,1430,2041.0,Maharashtra,Other
2004-04-17,Cotton,15,Amarawati,FAQ,Amarawati,2200,2000,2100.0,Maharashtra,Other
2004-04-17,Cotton,15,Nagpur,FAQ,Savner,2652,1611,2131.0,Maharashtra,Other
2004-04-19,Cotton,15,Yavatmal,FAQ,Vani,2461,1725,2093.0,Maharashtra,Other
2004-04-19,Cotton,15,Akola,FAQ,Akot,2100,1600,1950.0,Maharashtra,LRA
2004-04-21,Cotton,15,Buldhana,FAQ,Khamgaon,2600,1700,2150.0,Maharashtra,H-4(A) 27mm FIne
2004-04-23,Cotton,15,Yavatmal,FAQ,Vani,2100,1500,1800.0,Maharashtra,Other
2004-04-24,Cotton,15,Vashim,FAQ,Karanja,2685,2150,2380.0,Maharashtra,N-44
2004-04-26,Cotton,15,Buldhana,FAQ,Khamgaon,2600,2050,2325.0,Maharashtra,H-4(A) 27mm FIne
2004-04-26,Cotton,15,Amarawati,FAQ,Achalpur,2541,2100,2320.0,Maharashtra,Other
2004-04-26,Cotton,15,Amarawati,FAQ,Amarawati,2300,2000,2150.0,Maharashtra,Other
2004-04-26,Cotton,15,Buldhana,FAQ,Khamgaon,2275,1650,1962.0,Maharashtra,Other
2004-04-26,Cotton,15,Nagpur,FAQ,Savner,2500,1400,1950.0,Maharashtra,Other
2004-04-27,Cotton,15,Buldhana,FAQ,Khamgaon,2250,2125,2187.0,Maharashtra,Other
2004-04-28,Cotton,15,Akola,FAQ,Murtizapur,2150,1800,2000.0,Maharashtra,H-4(A) 27mm FIne
2004-04-28,Cotton,15,Vashim,FAQ,Karanja,2660,2200,2355.0,Maharashtra,N-44
2004-04-29,Cotton,15,Vashim,FAQ,Karanja,2600,2200,2325.0,Maharashtra,N-44
2004-04-29,Cotton,15,Akola,FAQ,Akot,2175,1500,2050.0,Maharashtra,Other
2004-04-30,Cotton,15,Yavatmal,FAQ,Vani,1925,1750,1837.0,Maharashtra,Other
2004-04-30,Cotton,15,Vashim,FAQ,Karanja,2600,1875,2580.0,Maharashtra,N-44
2004-04-30,Cotton,15,Nagpur,FAQ,Nagpur,1300,1200,1250.0,Maharashtra,Other
2004-05-05,Cotton,15,Akola,FAQ,Akot,2050,1400,1950.0,Maharashtra,LRA
2004-05-05,Cotton,15,Yavatmal,FAQ,Vani,2175,1750,1962.0,Maharashtra,Other
2004-05-05,Cotton,15,Amarawati,FAQ,Amarawati,2200,2000,2100.0,Maharashtra,Other
2004-05-05,Cotton,15,Akola,FAQ,Murtizapur,2121,1900,2050.0,Maharashtra,H-4(A) 27mm FIne
2004-05-06,Cotton,15,Vashim,FAQ,Karanja,2440,1955,2375.0,Maharashtra,N-44
2004-05-06,Cotton,15,Amarawati,FAQ,Amarawati,2200,2000,2100.0,Maharashtra,Other
2004-05-07,Cotton,15,Vashim,FAQ,Karanja,2535,1800,2300.0,Maharashtra,N-44
2004-05-07,Cotton,15,Akola,FAQ,Akot,1974,1549,1850.0,Maharashtra,LRA
2004-05-08,Cotton,15,Vashim,FAQ,Karanja,2540,1945,2345.0,Maharashtra,H-4(A) 27mm FIne
2004-05-10,Cotton,15,Amarawati,FAQ,Amarawati,2200,2000,2100.0,Maharashtra,Other
2004-05-11,Cotton,15,Akola,FAQ,Akot,1850,1675,1806.0,Maharashtra,Other
2004-05-14,Cotton,15,Amarawati,FAQ,Achalpur,2500,1800,2150.0,Maharashtra,Other
2004-05-15,Cotton,15,Vashim,FAQ,Karanja,2530,2375,2465.0,Maharashtra,N-44
2004-05-17,Cotton,15,Amarawati,FAQ,Amarawati,2200,2000,2100.0,Maharashtra,Other
2004-05-17,Cotton,15,Amarawati,FAQ,Achalpur,2350,1800,2075.0,Maharashtra,Other
2004-05-18,Cotton,15,Vashim,FAQ,Karanja,2545,2110,2355.0,Maharashtra,N-44
2004-05-18,Cotton,15,Akola,FAQ,Akot,2075,1200,1850.0,Maharashtra,Other
2004-05-18,Cotton,15,Jalgaon,FAQ,Amalner,2200,1800,2000.0,Maharashtra,H-4(A) 27mm FIne
2004-05-19,Cotton,15,Akola,FAQ,Akot,2050,1300,1800.0,Maharashtra,Other
2004-05-20,Cotton,15,Akola,FAQ,Akot,2161,1425,2025.0,Maharashtra,Other
2004-05-21,Cotton,15,Amarawati,FAQ,Achalpur,2350,1800,2050.0,Maharashtra,Other
2004-05-22,Cotton,15,Amarawati,FAQ,Achalpur,2350,1800,2050.0,Maharashtra,Other
2004-05-27,Cotton,15,Vashim,FAQ,Karanja,2565,1850,2250.0,Maharashtra,N-44
2004-05-29,Cotton,15,Vashim,FAQ,Karanja,2600,1700,2225.0,Maharashtra,N-44
2004-06-05,Cotton,15,Akola,FAQ,Murtizapur,2195,1825,2000.0,Maharashtra,H-4(A) 27mm FIne
2004-06-07,Cotton,15,Vashim,FAQ,Karanja,2640,2145,2335.0,Maharashtra,N-44
2004-06-16,Cotton,15,Vashim,FAQ,Karanja,2590,2050,2245.0,Maharashtra,N-44
2004-06-18,Cotton,15,Vashim,FAQ,Karanja,2585,2055,2275.0,Maharashtra,N-44
2004-06-19,Cotton,15,Vashim,FAQ,Karanja,2325,1950,2200.0,Maharashtra,N-44
2004-06-25,Cotton,15,Amarawati,FAQ,Amarawati,2000,1800,1900.0,Maharashtra,Other
2004-06-26,Cotton,15,Vashim,FAQ,Karanja,2250,2000,2180.0,Maharashtra,N-44
2004-06-28,Cotton,15,Amarawati,FAQ,Amarawati,2100,1800,2025.0,Maharashtra,Other
2004-06-30,Cotton,15,Vashim,FAQ,Karanja,2635,2150,2465.0,Maharashtra,N-44
2004-07-07,Cotton,15,Amarawati,FAQ,Amarawati,2000,1800,1900.0,Maharashtra,Other
2004-07-09,Cotton,15,Vashim,FAQ,Karanja,2630,2300,2525.0,Maharashtra,N-44
2004-07-12,Cotton,15,Amarawati,FAQ,Amarawati,2000,1800,1900.0,Maharashtra,Other
2004-08-03,Cotton,15,Amarawati,FAQ,Amarawati,2200,1800,2000.0,Maharashtra,Other
2004-08-07,Cotton,15,Chandrapur,FAQ,Chandrapur,5500,3800,4800.0,Maharashtra,Other
2004-08-10,Cotton,15,Vashim,FAQ,Karanja,2650,2650,2650.0,Maharashtra,N-44
2004-09-20,Cotton,15,Jalgaon,FAQ,Amalner,2525,2351,2451.0,Maharashtra,H-4(A) 27mm FIne
2004-10-25,Cotton,15,Vashim,FAQ,Karanja,2025,2011,2015.0,Maharashtra,N-44
2004-10-28,Cotton,15,Akola,FAQ,Akot,2100,1950,2050.0,Maharashtra,LRA
2004-10-29,Cotton,15,Akola,FAQ,Akot,2110,2075,2100.0,Maharashtra,Other
2004-11-01,Cotton,15,Amarawati,FAQ,Achalpur,2215,2100,2157.0,Maharashtra,Other
2004-11-01,Cotton,15,Akola,FAQ,Akot,2200,2075,2100.0,Maharashtra,LRA
2004-11-02,Cotton,15,Amarawati,FAQ,Achalpur,2211,2100,2155.0,Maharashtra,Other
2004-11-02,Cotton,15,Vashim,FAQ,Karanja,2175,2145,2155.0,Maharashtra,N-44
2004-11-03,Cotton,15,Yavatmal,FAQ,Vani,2050,2000,2025.0,Maharashtra,Other
2004-11-03,Cotton,15,Akola,FAQ,Akot,2121,2000,2090.0,Maharashtra,LRA
2004-11-03,Cotton,15,Nashik,FAQ,Yeola,2150,2000,2125.0,Maharashtra,Varalaxmi
2004-11-03,Cotton,15,Jalgaon,FAQ,Amalner,2130,2000,2065.0,Maharashtra,H-4(A) 27mm FIne
2004-11-04,Cotton,15,Beed,FAQ,Kaij,2111,2111,2111.0,Maharashtra,N-44
2004-11-04,Cotton,15,Jalgaon,FAQ,Jamner,2087,2050,2065.0,Maharashtra,Other
2004-11-04,Cotton,15,Nagpur,FAQ,Savner,2061,2061,2061.0,Maharashtra,Other
2004-11-04,Cotton,15,Akola,FAQ,Akot,2000,1970,1990.0,Maharashtra,Other
2004-11-05,Cotton,15,Akola,FAQ,Akot,2134,2000,2080.0,Maharashtra,LRA
2004-11-05,Cotton,15,Amarawati,FAQ,Varud,2100,2081,2093.0,Maharashtra,Other
2004-11-06,Cotton,15,Nashik,FAQ,Yeola,2125,2000,2100.0,Maharashtra,Varalaxmi
2004-11-06,Cotton,15,Amarawati,FAQ,Achalpur,2100,2000,2075.0,Maharashtra,Other
2004-11-09,Cotton,15,Akola,FAQ,Akot,2128,2076,2100.0,Maharashtra,Other
2004-11-10,Cotton,15,Yavatmal,FAQ,Vani,2045,1960,2002.0,Maharashtra,Other
2004-11-16,Cotton,15,Wardha,FAQ,Wardha,2111,2071,2100.0,Maharashtra,Other
2004-11-16,Cotton,15,Jalgaon,FAQ,Jamner,1950,1900,1925.0,Maharashtra,Other
2004-11-16,Cotton,15,Amarawati,FAQ,Varud,2080,1835,2052.0,Maharashtra,Other
2004-11-16,Cotton,15,Wardha,FAQ,Pulgaon,1835,1835,1835.0,Maharashtra,Other
2004-11-18,Cotton,15,Beed,FAQ,Kaij,2105,2080,2105.0,Maharashtra,N-44
2004-11-18,Cotton,15,Amarawati,FAQ,Varud,2075,1835,2036.0,Maharashtra,Other
2004-11-19,Cotton,15,Yavatmal,FAQ,Vani,2051,1991,2021.0,Maharashtra,Other
2004-11-20,Cotton,15,Vashim,FAQ,Karanja,2250,2020,2060.0,Maharashtra,N-44
2004-11-20,Cotton,15,Akola,FAQ,Akot,2225,2051,2150.0,Maharashtra,Other
2004-11-22,Cotton,15,Yavatmal,FAQ,Vani,1975,1925,1950.0,Maharashtra,Other
2004-11-23,Cotton,15,Wardha,FAQ,Pulgaon,2300,2250,2300.0,Maharashtra,Other
2004-11-23,Cotton,15,Parbhani,FAQ,Parbhani,2100,1900,2000.0,Maharashtra,Other
2004-11-23,Cotton,15,Akola,FAQ,Akot,2225,1990,2019.0,Maharashtra,Other
2004-11-24,Cotton,15,Wardha,FAQ,Pulgaon,2300,1975,2300.0,Maharashtra,Other
2004-11-24,Cotton,15,Amarawati,FAQ,Varud,2040,1835,1944.0,Maharashtra,Other
2004-11-25,Cotton,15,Jalgaon,FAQ,Jamner,1800,1661,1725.0,Maharashtra,Other
2004-11-25,Cotton,15,Akola,FAQ,Akot,2250,1919,2050.0,Maharashtra,N-44
2004-11-26,Cotton,15,Jalgaon,FAQ,Jamner,1850,1683,1735.0,Maharashtra,Other
2004-11-27,Cotton,15,Nanded,FAQ,Bhokar,2250,1875,1890.0,Maharashtra,Other
2004-11-29,Cotton,15,Parbhani,FAQ,Parbhani,1950,1800,1900.0,Maharashtra,Other
2004-12-01,Cotton,15,Vashim,FAQ,Karanja,2250,1855,1885.0,Maharashtra,N-44
2004-12-01,Cotton,15,Jalgaon,FAQ,Dharangaon,1800,1700,1750.0,Maharashtra,Other
2004-12-02,Cotton,15,Jalgaon,FAQ,Jamner,1750,1661,1675.0,Maharashtra,Other
2004-12-03,Cotton,15,Wardha,FAQ,Pulgaon,2300,2250,2300.0,Maharashtra,Other
2004-12-03,Cotton,15,Jalgaon,FAQ,Jamner,1725,1601,1675.0,Maharashtra,Other
2004-12-03,Cotton,15,Yavatmal,FAQ,Umarkhed,2500,1675,1700.0,Maharashtra,Other
2004-12-03,Cotton,15,Jalgaon,FAQ,Bodwad,1797,1680,1760.0,Maharashtra,Other
2004-12-03,Cotton,15,Nanded,FAQ,Nanded,1800,1600,1800.0,Maharashtra,Other
2004-12-04,Cotton,15,Vashim,FAQ,Karanja,2250,1865,1875.0,Maharashtra,N-44
2004-12-04,Cotton,15,Jalgaon,FAQ,Bodwad,1795,1600,1750.0,Maharashtra,Other
2004-12-04,Cotton,15,Jalgaon,FAQ,Jamner,1700,1675,1691.0,Maharashtra,Other
2004-12-04,Cotton,15,Amarawati,FAQ,Anajngaon,2300,1800,2250.0,Maharashtra,Other
2004-12-05,Cotton,15,Amarawati,FAQ,Varud,1885,1840,1860.0,Maharashtra,Other
2004-12-06,Cotton,15,Nanded,FAQ,Nanded,1675,1675,1675.0,Maharashtra,Other
2004-12-06,Cotton,15,Yavatmal,FAQ,Vani,2300,1960,2130.0,Maharashtra,Other
2004-12-07,Cotton,15,Yavatmal,FAQ,Vani,2300,1960,2130.0,Maharashtra,Other
2004-12-08,Cotton,15,Jalana,FAQ,Partur,2300,2300,2300.0,Maharashtra,Other
2004-12-08,Cotton,15,Jalgaon,FAQ,Bodwad,1790,1616,1700.0,Maharashtra,Other
2004-12-09,Cotton,15,Akola,FAQ,Akot,2225,1875,2050.0,Maharashtra,Other
2004-12-09,Cotton,15,Nanded,FAQ,Nanded,1675,1675,1675.0,Maharashtra,Other
2004-12-09,Cotton,15,Vashim,FAQ,Karanja,2250,1865,1875.0,Maharashtra,N-44
2004-12-11,Cotton,15,Akola,FAQ,Akot,2250,1925,2100.0,Maharashtra,N-44
2004-12-14,Cotton,15,Vashim,FAQ,Karanja,2250,1860,2250.0,Maharashtra,Other
2004-12-15,Cotton,15,Dharashiv(Usmanabad),FAQ,Kalamb (Dharashiv),2200,1700,2000.0,Maharashtra,LRA
2004-12-15,Cotton,15,Jalgaon,FAQ,Bodwad,1861,1600,1780.0,Maharashtra,Other
2004-12-15,Cotton,15,Amarawati,FAQ,Anajngaon,2300,1800,2250.0,Maharashtra,Other
2004-12-15,Cotton,15,Nanded,FAQ,Hadgaon,2000,1800,1900.0,Maharashtra,Other
2004-12-16,Cotton,15,Yavatmal,FAQ,Vani,2300,2250,2275.0,Maharashtra,Other
2004-12-16,Cotton,15,Vashim,FAQ,Karanja,2250,2250,2250.0,Maharashtra,N-44
2004-12-16,Cotton,15,Akola,FAQ,Akot,2225,1875,2060.0,Maharashtra,Other
2004-12-17,Cotton,15,Amarawati,FAQ,Anajngaon,2300,1800,2250.0,Maharashtra,Other
2004-12-17,Cotton,15,Yavatmal,FAQ,Vani,2300,2250,2275.0,Maharashtra,Other
2004-12-17,Cotton,15,Wardha,FAQ,Pulgaon,2300,2250,2300.0,Maharashtra,Other
2004-12-17,Cotton,15,Buldhana,FAQ,Deoulgaon Raja,2050,1800,2000.0,Maharashtra,Other
2004-12-17,Cotton,15,Akola,FAQ,Akot,2225,1875,2060.0,Maharashtra,Other
2004-12-18,Cotton,15,Nanded,FAQ,Nanded,1675,1675,1675.0,Maharashtra,Other
2004-12-18,Cotton,15,Vashim,FAQ,Karanja,2250,2250,2250.0,Maharashtra,N-44
2004-12-18,Cotton,15,Yavatmal,FAQ,Vani,2300,2225,2263.0,Maharashtra,Other
2004-12-18,Cotton,15,Nashik,FAQ,Yeola,2300,1900,2225.0,Maharashtra,Other
2004-12-20,Cotton,15,Akola,FAQ,Akot,2250,1925,2161.0,Maharashtra,N-44
2004-12-21,Cotton,15,Nagpur,FAQ,Kalmeshwar,1835,1785,1810.0,Maharashtra,LRA
2004-12-22,Cotton,15,Yavatmal,FAQ,Vani,2300,2250,2275.0,Maharashtra,Other
2004-12-23,Cotton,15,Akola,FAQ,Akot,2250,1900,2165.0,Maharashtra,N-44
2004-12-23,Cotton,15,Nanded,FAQ,Nanded,1675,1675,1675.0,Maharashtra,Other
2004-12-24,Cotton,15,Akola,FAQ,Akot,2250,1900,2160.0,Maharashtra,N-44
2004-12-24,Cotton,15,Yavatmal,FAQ,Vani,2300,2250,2275.0,Maharashtra,Other
2004-12-27,Cotton,15,Nanded,FAQ,Nanded,1675,1675,1675.0,Maharashtra,Other
2004-12-28,Cotton,15,Buldhana,FAQ,Deoulgaon Raja,2160,1700,2050.0,Maharashtra,Other
2004-12-28,Cotton,15,Akola,FAQ,Akot,2225,1875,2075.0,Maharashtra,Other
2004-12-29,Cotton,15,Amarawati,FAQ,Varud,1835,735,1825.0,Maharashtra,Other
2004-12-30,Cotton,15,Jalgaon,FAQ,Jamner,1730,1675,1720.0,Maharashtra,Other
2004-12-31,Cotton,15,Yavatmal,FAQ,Vani,2300,2225,2263.0,Maharashtra,Other
2005-01-03,Cotton,15,Nanded,FAQ,Bhokar,1700,1600,1675.0,Maharashtra,Other
2005-01-04,Cotton,15,Nanded,FAQ,Bhokar,1740,1625,1675.0,Maharashtra,Other
2005-01-08,Cotton,15,Nanded,FAQ,Bhokar,1775,1625,1625.0,Maharashtra,Other
2005-01-09,Cotton,15,Amarawati,FAQ,Varud,1721,1721,1721.0,Maharashtra,Other
2005-01-10,Cotton,15,Nanded,FAQ,Bhokar,1775,1625,1675.0,Maharashtra,Other
2005-01-11,Cotton,15,Nanded,FAQ,Bhokar,1775,1625,1675.0,Maharashtra,Other
2005-01-12,Cotton,15,Nanded,FAQ,Bhokar,1775,1625,1675.0,Maharashtra,Other
2005-01-15,Cotton,15,Amarawati,FAQ,Anajngaon,2300,1800,2250.0,Maharashtra,Other
2005-01-16,Cotton,15,Amarawati,FAQ,Anajngaon,2300,1800,2250.0,Maharashtra,Other
2005-01-18,Cotton,15,Amarawati,FAQ,Anajngaon,2300,1800,2250.0,Maharashtra,Other
2005-01-19,Cotton,15,Nanded,FAQ,Bhokar,1750,1450,1675.0,Maharashtra,Other
2005-01-24,Cotton,15,Buldhana,FAQ,Deoulgaon Raja,2050,1677,1812.0,Maharashtra,Other
2005-01-26,Cotton,15,Jalgaon,FAQ,Jamner,1700,1500,1650.0,Maharashtra,Other
2005-02-04,Cotton,15,Nanded,FAQ,Bhokar,1650,1600,1600.0,Maharashtra,Other
2005-02-07,Cotton,15,Jalgaon,FAQ,Jamner,1675,1375,1670.0,Maharashtra,Other
2005-02-11,Cotton,15,Jalgaon,FAQ,Jamner,1770,1450,1650.0,Maharashtra,Other
2005-02-11,Cotton,15,Amarawati,FAQ,Anajngaon,2350,1800,2250.0,Maharashtra,Other
2005-02-15,Cotton,15,Jalgaon,FAQ,Jamner,1850,1600,1775.0,Maharashtra,Other
2005-02-16,Cotton,15,Jalgaon,FAQ,Jamner,1850,1600,1775.0,Maharashtra,Other
2005-02-16,Cotton,15,Akola,FAQ,Telhara,2250,1925,2070.0,Maharashtra,Other
2005-02-21,Cotton,15,Jalgaon,FAQ,Jamner,1830,1560,1760.0,Maharashtra,Other
2005-02-23,Cotton,15,Nagpur,FAQ,Narkhed,1892,1644,1715.0,Maharashtra,Other
2005-02-24,Cotton,15,Jalgaon,FAQ,Jamner,1850,1450,1757.0,Maharashtra,Other
2005-02-25,Cotton,15,Nanded,FAQ,Bhokar,1600,1325,1325.0,Maharashtra,Other
2005-02-26,Cotton,15,Buldhana,FAQ,Deoulgaon Raja,1750,1200,1500.0,Maharashtra,Other
2005-03-05,Cotton,15,Nagpur,FAQ,Narkhed,1892,1644,1752.0,Maharashtra,Other
2005-03-05,Cotton,15,Nanded,FAQ,Bhokar,1600,1325,1325.0,Maharashtra,Other
2005-03-07,Cotton,15,Buldhana,FAQ,Deoulgaon Raja,1835,1125,1550.0,Maharashtra,Other
2005-03-08,Cotton,15,Nagpur,FAQ,Narkhed,1892,1644,1751.0,Maharashtra,Other
2005-03-10,Cotton,15,Buldhana,FAQ,Lonar,1550,1400,1500.0,Maharashtra,Other
2005-03-16,Cotton,15,Chandrapur,FAQ,Varora,1600,1150,1400.0,Maharashtra,Other
2005-03-16,Cotton,15,Nanded,FAQ,Bhokar,1600,1325,1325.0,Maharashtra,Other
2005-03-21,Cotton,15,Nagpur,FAQ,Narkhed,1892,1644,1751.0,Maharashtra,Other
2005-03-21,Cotton,15,Jalgaon,FAQ,Jamner,1850,1560,1700.0,Maharashtra,Other
2005-03-22,Cotton,15,Nagpur,FAQ,Narkhed,1802,1644,1755.0,Maharashtra,Other
2005-04-07,Cotton,15,Akola,FAQ,Akot,1811,1640,1768.0,Maharashtra,Other
2005-05-13,Cotton,15,Chandrapur,FAQ,Chandrapur,1210,1100,1200.0,Maharashtra,Other
2005-05-24,Cotton,15,Nagpur,FAQ,Katol,1218,1186,1205.0,Maharashtra,Other
2005-10-07,Cotton,15,Jalgaon,FAQ,Dharangaon,1775,1625,1755.0,Maharashtra,Other
2005-10-24,Cotton,15,Buldhana,FAQ,Deoulgaon Raja,450,360,375.0,Maharashtra,Other
2005-10-25,Cotton,15,Akola,FAQ,Telhara,1850,1850,1850.0,Maharashtra,Other
2005-11-08,Cotton,15,Buldhana,FAQ,Deoulgaon Raja,2111,2111,2111.0,Maharashtra,Other
2005-11-12,Cotton,15,Buldhana,FAQ,Deoulgaon Raja,2101,2050,2100.0,Maharashtra,Other
2005-11-16,Cotton,15,Amarawati,FAQ,Varud,2000,2000,2000.0,Maharashtra,Other
2005-11-16,Cotton,15,Akola,FAQ,Akot,2000,1980,1995.0,Maharashtra,Other
2005-11-16,Cotton,15,Akola,FAQ,Telhara,1991,1925,1950.0,Maharashtra,Other
2005-11-19,Cotton,15,Akola,FAQ,Telhara,1986,1871,1950.0,Maharashtra,Other
2005-11-20,Cotton,15,Amarawati,FAQ,Anajngaon,2000,2000,2000.0,Maharashtra,Other
2005-11-21,Cotton,15,Jalana,FAQ,Jalana,2161,1956,2001.0,Maharashtra,Other
2005-11-21,Cotton,15,Buldhana,FAQ,Deoulgaon Raja,2251,1900,2150.0,Maharashtra,Other
2005-11-28,Cotton,15,Beed,FAQ,Gevrai,1985,1950,1960.0,Maharashtra,Other
2005-11-28,Cotton,15,Jalana,FAQ,Partur,2071,2000,2051.0,Maharashtra,Other
2005-11-29,Cotton,15,Jalana,FAQ,Jalana,2141,2021,2075.0,Maharashtra,Other
2005-11-29,Cotton,15,Buldhana,FAQ,Sangrampur,1961,1925,1946.0,Maharashtra,Other
2005-11-30,Cotton,15,Buldhana,FAQ,Deoulgaon Raja,2345,2000,2250.0,Maharashtra,Other
2005-11-30,Cotton,15,Beed,FAQ,Gevrai,1985,1880,1961.0,Maharashtra,Other
2005-12-01,Cotton,15,Buldhana,FAQ,Malkapur,2350,1800,2000.0,Maharashtra,Other
2005-12-03,Cotton,15,Buldhana,FAQ,Deoulgaon Raja,2385,2100,2250.0,Maharashtra,Other
2005-12-03,Cotton,15,Akola,FAQ,Akot,2010,2000,2007.0,Maharashtra,Other
2005-12-05,Cotton,15,Nagpur,FAQ,Narkhed,2050,2030,2040.0,Maharashtra,Other
2005-12-05,Cotton,15,Buldhana,FAQ,Malkapur,2500,1850,2375.0,Maharashtra,Other
2005-12-05,Cotton,15,Akola,FAQ,Akot,2106,2050,2080.0,Maharashtra,Other
2005-12-07,Cotton,15,Akola,FAQ,Telhara,2135,2011,2075.0,Maharashtra,Other
2005-12-07,Cotton,15,Akola,FAQ,Akot,2112,2071,2102.0,Maharashtra,Other
2005-12-09,Cotton,15,Buldhana,FAQ,Malkapur,2500,2350,2400.0,Maharashtra,Other
2005-12-09,Cotton,15,Nagpur,FAQ,Narkhed,2080,2050,2065.0,Maharashtra,Other
2005-12-10,Cotton,15,Akola,FAQ,Telhara,2064,1950,2000.0,Maharashtra,Other
2005-12-12,Cotton,15,Beed,FAQ,Gevrai,2110,2050,2070.0,Maharashtra,Other
2005-12-13,Cotton,15,Jalana,FAQ,Partur,2145,2040,2115.0,Maharashtra,Other
2005-12-15,Cotton,15,Akola,FAQ,Telhara,2072,1950,2025.0,Maharashtra,Other
2005-12-16,Cotton,15,Akola,FAQ,Telhara,2086,1900,2000.0,Maharashtra,Other
2005-12-16,Cotton,15,Hingoli,FAQ,Kalamnuri,2129,2087,2087.0,Maharashtra,Other
2005-12-19,Cotton,15,Jalana,FAQ,Partur,2080,2025,2035.0,Maharashtra,Other
2005-12-19,Cotton,15,Nagpur,FAQ,Narkhed,2050,2030,2040.0,Maharashtra,Other
2005-12-19,Cotton,15,Jalgaon,FAQ,Jamner,1990,1950,1970.0,Maharashtra,Other
2005-12-19,Cotton,15,Nagpur,FAQ,Savner,2043,2000,2022.0,Maharashtra,Other
2005-12-21,Cotton,15,Nagpur,FAQ,Katol,2050,2030,2040.0,Maharashtra,Other
2005-12-22,Cotton,15,Akola,FAQ,Telhara,2065,1900,2000.0,Maharashtra,Other
2005-12-22,Cotton,15,Jalgaon,FAQ,Jamner,2000,1850,1925.0,Maharashtra,Other
2005-12-22,Cotton,15,Beed,FAQ,Beed,1993,1935,1960.0,Maharashtra,Other
2005-12-23,Cotton,15,Jalana,FAQ,Jalna(Badnapur),2185,1980,2041.0,Maharashtra,Other
2005-12-23,Cotton,15,Jalgaon,FAQ,Jamner,1950,1875,1900.0,Maharashtra,Other
2005-12-24,Cotton,15,Beed,FAQ,Gevrai,2018,1950,2000.0,Maharashtra,Other
2005-12-26,Cotton,15,Akola,FAQ,Telhara,2025,1922,1980.0,Maharashtra,Other
2005-12-26,Cotton,15,Buldhana,FAQ,Deoulgaon Raja,2350,2000,2200.0,Maharashtra,Other
2005-12-27,Cotton,15,Jalana,FAQ,Jalna(Badnapur),2198,1980,2030.0,Maharashtra,Other
2005-12-27,Cotton,15,Buldhana,FAQ,Deoulgaon Raja,2350,2000,2150.0,Maharashtra,Other
2005-12-27,Cotton,15,Akola,FAQ,Akot,2038,2017,2033.0,Maharashtra,Other
2005-12-27,Cotton,15,Nagpur,FAQ,Savner,2020,1970,1995.0,Maharashtra,Other
2005-12-27,Cotton,15,Nagpur,FAQ,Narkhed,2010,1980,1995.0,Maharashtra,Other
2005-12-28,Cotton,15,Akola,FAQ,Telhara,2022,1870,1940.0,Maharashtra,Other
2005-12-28,Cotton,15,Buldhana,FAQ,Deoulgaon Raja,2325,1950,2200.0,Maharashtra,Other
2005-12-29,Cotton,15,Amarawati,FAQ,Chandur Railway,1980,1940,1965.0,Maharashtra,Other
2005-12-30,Cotton,15,Hingoli,FAQ,Kalamnuri,2088,1945,2067.0,Maharashtra,Other
2005-12-30,Cotton,15,Buldhana,FAQ,Malkapur,1950,1925,1925.0,Maharashtra,H-4(A) 27mm FIne
2005-12-30,Cotton,15,Akola,FAQ,Telhara,2030,1800,1925.0,Maharashtra,Other
2005-12-30,Cotton,15,Jalana,FAQ,Partur,1993,1951,1975.0,Maharashtra,Other
2005-12-31,Cotton,15,Buldhana,FAQ,Sangrampur,2015,1915,1995.0,Maharashtra,Other
2005-12-31,Cotton,15,Akola,FAQ,Akot,2066,2025,2050.0,Maharashtra,Other
2005-12-31,Cotton,15,Beed,FAQ,Beed,2000,1985,1991.0,Maharashtra,Other
2006-01-02,Cotton,15,Nagpur,FAQ,Katol,2051,1990,2025.0,Maharashtra,Other
2006-01-03,Cotton,15,Jalgaon,FAQ,Jamner,2050,1850,1950.0,Maharashtra,N-44
2006-01-03,Cotton,15,Nagpur,FAQ,Savner,2068,2000,2034.0,Maharashtra,Other
2006-01-10,Cotton,15,Jalgaon,FAQ,Jamner,2050,1850,1950.0,Maharashtra,Other
2006-01-11,Cotton,15,Jalgaon,FAQ,Jamner,2050,1850,1950.0,Maharashtra,Other
2006-01-12,Cotton,15,Jalgaon,FAQ,Jamner,2050,1850,1950.0,Maharashtra,Other
2006-01-13,Cotton,15,Nagpur,FAQ,Katol,2050,1940,2000.0,Maharashtra,Other
2006-01-19,Cotton,15,Nagpur,FAQ,Savner,2050,1980,2015.0,Maharashtra,Other
2006-01-20,Cotton,15,Nagpur,FAQ,Kalmeshwar,2010,1835,1980.0,Maharashtra,Other
2006-01-25,Cotton,15,Jalgaon,FAQ,Jamner,2000,1900,1950.0,Maharashtra,Other
2006-01-27,Cotton,15,Nagpur,FAQ,Savner,2010,1850,1930.0,Maharashtra,Other
2006-01-27,Cotton,15,Nagpur,FAQ,Parshiwani,1950,1835,1900.0,Maharashtra,Other
2006-01-28,Cotton,15,Nagpur,FAQ,Savner,2020,1850,1935.0,Maharashtra,Other
2006-01-28,Cotton,15,Nagpur,FAQ,Kalmeshwar,1975,1700,1950.0,Maharashtra,Other
2006-01-28,Cotton,15,Jalgaon,FAQ,Jamner,1950,1800,1875.0,Maharashtra,Other
2006-02-01,Cotton,15,Nagpur,FAQ,Savner,1950,1760,1855.0,Maharashtra,Other
2006-02-17,Cotton,15,Nagpur,FAQ,Savner,1875,1750,1813.0,Maharashtra,Other
2006-02-20,Cotton,15,Nagpur,FAQ,Kalmeshwar,1875,1557,1750.0,Maharashtra,Other
2006-02-20,Cotton,15,Nanded,FAQ,Hadgaon,1835,1675,1749.0,Maharashtra,Other
2006-02-21,Cotton,15,Nagpur,FAQ,Katol,1830,1200,1800.0,Maharashtra,Other
2006-02-23,Cotton,15,Nagpur,FAQ,Katol,1850,1200,1630.0,Maharashtra,Other
2006-02-26,Cotton,15,Nagpur,FAQ,Katol,1850,1250,1600.0,Maharashtra,Other
2006-02-27,Cotton,15,Nagpur,FAQ,Kalmeshwar,1750,1557,1650.0,Maharashtra,Other
2006-02-27,Cotton,15,Jalgaon,FAQ,Jamner,1750,1650,1700.0,Maharashtra,Other
2006-02-28,Cotton,15,Jalgaon,FAQ,Jamner,1800,1750,1775.0,Maharashtra,Other
2006-03-02,Cotton,15,Nagpur,FAQ,Savner,1750,1600,1675.0,Maharashtra,Other
2006-03-03,Cotton,15,Nagpur,FAQ,Narkhed,1560,1550,1555.0,Maharashtra,Other
2006-03-05,Cotton,15,Jalgaon,FAQ,Yawal,1835,1625,1740.0,Maharashtra,Other
2006-03-06,Cotton,15,Nagpur,FAQ,Katol,1840,1250,1630.0,Maharashtra,Other
2006-03-07,Cotton,15,Nagpur,FAQ,Katol,1775,1300,1580.0,Maharashtra,Other
2006-03-08,Cotton,15,Jalgaon,FAQ,Jamner,1800,1750,1775.0,Maharashtra,Other
2006-03-09,Cotton,15,Nagpur,FAQ,Kalmeshwar,1850,1557,1700.0,Maharashtra,Other
2006-03-14,Cotton,15,Jalgaon,FAQ,Dharangaon,1855,1675,1805.0,Maharashtra,Other
2006-03-21,Cotton,15,Jalgaon,FAQ,Yawal,1835,1645,1740.0,Maharashtra,Other
2006-03-21,Cotton,15,Jalgaon,FAQ,Dharangaon,1905,1715,1855.0,Maharashtra,Other
2006-03-23,Cotton,15,Jalgaon,FAQ,Dharangaon,1900,1705,1845.0,Maharashtra,Other
2006-03-25,Cotton,15,Jalgaon,FAQ,Dharangaon,1945,1705,1885.0,Maharashtra,Other
2006-03-28,Cotton,15,Jalgaon,FAQ,Dharangaon,1945,1725,1895.0,Maharashtra,Other
2006-03-29,Cotton,15,Jalgaon,FAQ,Yawal,1835,1645,1740.0,Maharashtra,Other
2006-04-01,Cotton,15,Nagpur,FAQ,Kalmeshwar,1900,1650,1825.0,Maharashtra,Other
2006-04-03,Cotton,15,Jalgaon,FAQ,Dharangaon,1930,1750,1875.0,Maharashtra,Other
2006-04-04,Cotton,15,Jalgaon,FAQ,Dharangaon,1940,1795,1875.0,Maharashtra,Other
2006-04-06,Cotton,15,Jalgaon,FAQ,Yawal,1835,1645,1740.0,Maharashtra,Other
2006-04-07,Cotton,15,Nagpur,FAQ,Kalmeshwar,1950,1650,1825.0,Maharashtra,Other
2006-04-10,Cotton,15,Nagpur,FAQ,Kalmeshwar,1950,1650,1850.0,Maharashtra,Other
2006-04-18,Cotton,15,Jalgaon,FAQ,Dharangaon,2051,1768,1955.0,Maharashtra,Other
2006-04-20,Cotton,15,Jalgaon,FAQ,Jamner,1800,1750,1775.0,Maharashtra,Other
2006-04-22,Cotton,15,Jalgaon,FAQ,Jamner,1900,1800,1850.0,Maharashtra,Other
2006-04-24,Cotton,15,Jalgaon,FAQ,Dharangaon,2035,1875,1949.0,Maharashtra,Other
2006-04-25,Cotton,15,Jalgaon,FAQ,Dharangaon,2045,1905,1935.0,Maharashtra,Other
2006-04-26,Cotton,15,Jalgaon,FAQ,Jamner,1850,1800,1825.0,Maharashtra,Other
2006-04-28,Cotton,15,Jalgaon,FAQ,Jamner,1850,1800,1825.0,Maharashtra,Other
2006-04-28,Cotton,15,Nagpur,FAQ,Kalmeshwar,1975,1650,1875.0,Maharashtra,Other
2006-04-29,Cotton,15,Nagpur,FAQ,Kalmeshwar,1975,1750,1850.0,Maharashtra,Other
2006-05-02,Cotton,15,Nagpur,FAQ,Kalmeshwar,1950,1750,1800.0,Maharashtra,Other
2006-05-08,Cotton,15,Nagpur,FAQ,Kalmeshwar,1975,1650,1875.0,Maharashtra,Other
2006-05-11,Cotton,15,Jalgaon,FAQ,Dharangaon,1945,1465,1535.0,Maharashtra,Other
2006-05-12,Cotton,15,Nagpur,FAQ,Kalmeshwar,1975,1475,1850.0,Maharashtra,Other
2006-06-06,Cotton,15,Nagpur,FAQ,Katol,1243,1170,1207.0,Maharashtra,Other
2006-08-21,Cotton,15,Mumbai,FAQ,Mumbai,5000,4100,4550.0,Maharashtra,Other
2006-10-08,Cotton,15,Nagpur,FAQ,Narkhed,2000,1941,1971.0,Maharashtra,Other
2006-10-11,Cotton,15,Jalgaon,FAQ,Jamner,1850,1800,1825.0,Maharashtra,Other
2006-10-12,Cotton,15,Nagpur,FAQ,Narkhed,2010,2010,2010.0,Maharashtra,Other
2006-10-15,Cotton,15,Jalgaon,FAQ,Yawal,2000,1850,1920.0,Maharashtra,H-4(A) 27mm FIne
2006-10-21,Cotton,15,Jalgaon,FAQ,Dharangaon,2095,1985,2015.0,Maharashtra,Other
2006-10-26,Cotton,15,Jalgaon,FAQ,Jamner,1900,1800,1850.0,Maharashtra,Other
2006-11-01,Cotton,15,Jalgaon,FAQ,Jamner,1900,1860,1880.0,Maharashtra,Other
2006-11-02,Cotton,15,Jalgaon,FAQ,Dharangaon,2185,2015,2115.0,Maharashtra,Other
2006-11-02,Cotton,15,Jalgaon,FAQ,Jamner,1900,1840,1870.0,Maharashtra,Other
2006-11-04,Cotton,15,Jalgaon,FAQ,Jamner,2100,1900,2000.0,Maharashtra,Other
2006-11-04,Cotton,15,Jalgaon,FAQ,Dharangaon,2145,1945,2065.0,Maharashtra,Other
2006-11-07,Cotton,15,Jalgaon,FAQ,Jamner,2200,1900,2050.0,Maharashtra,Other
2006-11-09,Cotton,15,Nagpur,FAQ,Narkhed,2200,2000,2100.0,Maharashtra,Other
2006-11-10,Cotton,15,Nagpur,FAQ,Narkhed,2031,2031,2031.0,Maharashtra,Other
2006-11-10,Cotton,15,Jalgaon,FAQ,Jamner,2100,2080,2090.0,Maharashtra,Other
2006-11-12,Cotton,15,Nagpur,FAQ,Narkhed,2031,2031,2031.0,Maharashtra,Other
2006-11-13,Cotton,15,Nagpur,FAQ,Narkhed,2040,1950,1995.0,Maharashtra,Other
2006-11-14,Cotton,15,Jalgaon,FAQ,Yawal,2200,1900,2000.0,Maharashtra,Other
2006-11-15,Cotton,15,Nagpur,FAQ,Kalmeshwar,2050,2050,2050.0,Maharashtra,Other
2006-11-17,Cotton,15,Nagpur,FAQ,Narkhed,2051,2015,2033.0,Maharashtra,Other
2006-11-20,Cotton,15,Jalgaon,FAQ,Jamner,2000,1800,1900.0,Maharashtra,Other
2006-11-21,Cotton,15,Nagpur,FAQ,Narkhed,2051,2000,2026.0,Maharashtra,Other
2006-11-28,Cotton,15,Nagpur,FAQ,Kalmeshwar,2040,2010,2025.0,Maharashtra,Other
2006-12-04,Cotton,15,Nagpur,FAQ,Parshiwani,1995,1950,1973.0,Maharashtra,Other
2006-12-05,Cotton,15,Nagpur,FAQ,Narkhed,2025,1975,2003.0,Maharashtra,Other
2006-12-06,Cotton,15,Nagpur,FAQ,Narkhed,2025,1980,2003.0,Maharashtra,Other
2006-12-07,Cotton,15,Nagpur,FAQ,Kalmeshwar,2021,1914,2000.0,Maharashtra,Other
2006-12-08,Cotton,15,Nagpur,FAQ,Parshiwani,2000,1950,1975.0,Maharashtra,Other
2006-12-11,Cotton,15,Nagpur,FAQ,Kalmeshwar,2015,1914,1990.0,Maharashtra,Other
2006-12-11,Cotton,15,Jalgaon,FAQ,Jamner,1990,1900,1965.0,Maharashtra,Other
2006-12-12,Cotton,15,Nagpur,FAQ,Narkhed,2040,2000,2020.0,Maharashtra,Other
2006-12-13,Cotton,15,Nagpur,FAQ,Kalmeshwar,2021,1914,2000.0,Maharashtra,Other
2006-12-14,Cotton,15,Jalgaon,FAQ,Jamner,1990,1900,1950.0,Maharashtra,Other
2006-12-18,Cotton,15,Nagpur,FAQ,Narkhed,2015,2010,2013.0,Maharashtra,Other
2006-12-18,Cotton,15,Nagpur,FAQ,Kalmeshwar,1990,1914,1980.0,Maharashtra,Other
2006-12-18,Cotton,15,Jalgaon,FAQ,Jamner,1990,1900,1945.0,Maharashtra,Other
2006-12-19,Cotton,15,Nagpur,FAQ,Kalmeshwar,2000,1900,1980.0,Maharashtra,Other
2006-12-27,Cotton,15,Nagpur,FAQ,Parshiwani,2021,1914,1968.0,Maharashtra,Other
2006-12-28,Cotton,15,Jalgaon,FAQ,Jamner,1990,1900,1956.0,Maharashtra,Other
2006-12-30,Cotton,15,Jalgaon,FAQ,Jamner,1990,1900,1939.0,Maharashtra,Other
2007-01-01,Cotton,15,Vashim,FAQ,Manora,1936,1871,1936.0,Maharashtra,Other
2007-01-02,Cotton,15,Nagpur,FAQ,Kalmeshwar,1990,1914,1950.0,Maharashtra,Other
2007-01-02,Cotton,15,Hingoli,FAQ,Jawala-Bajar,1990,1964,1977.0,Maharashtra,Other
2007-01-02,Cotton,15,Buldhana,FAQ,Deoulgaon Raja,2155,1700,1950.0,Maharashtra,Other
2007-01-02,Cotton,15,Jalana,FAQ,Jalana,1990,1965,1990.0,Maharashtra,Other
2007-01-03,Cotton,15,Nashik,FAQ,Yeola,2051,1950,2045.0,Maharashtra,Other
2007-01-03,Cotton,15,Akola,FAQ,Akot,1990,1835,1951.0,Maharashtra,LRA
2007-01-03,Cotton,15,Yavatmal,FAQ,Ner Parasopant,1900,1800,1850.0,Maharashtra,Other
2007-01-03,Cotton,15,Hingoli,FAQ,Basmat,1990,1875,1932.0,Maharashtra,Other
2007-01-03,Cotton,15,Beed,FAQ,Gevrai,1990,1920,1960.0,Maharashtra,Other
2007-01-03,Cotton,15,Buldhana,FAQ,Deoulgaon Raja,2130,1900,1950.0,Maharashtra,Other
2007-01-04,Cotton,15,Vashim,FAQ,Manora,1910,1900,1910.0,Maharashtra,Other
2007-01-04,Cotton,15,Nanded,FAQ,Hadgaon,1990,1895,1914.0,Maharashtra,Other
2007-01-04,Cotton,15,Akola,FAQ,Akot,1930,1900,1922.0,Maharashtra,Other
2007-01-05,Cotton,15,Nagpur,FAQ,Narkhed,2000,1900,1950.0,Maharashtra,Other
2007-01-05,Cotton,15,Yavatmal,FAQ,Babhulgaon,1990,1964,1975.0,Maharashtra,H-4(A) 27mm FIne
2007-01-05,Cotton,15,Vashim,FAQ,Manora,1910,1890,1910.0,Maharashtra,Other
2007-01-05,Cotton,15,Buldhana,FAQ,Deoulgaon Raja,2150,1950,1990.0,Maharashtra,Other
2007-01-05,Cotton,15,Hingoli,FAQ,Basmat,2000,1925,1962.0,Maharashtra,Other
2007-01-05,Cotton,15,Hingoli,FAQ,Jawala-Bajar,1990,1964,1977.0,Maharashtra,Other
2007-01-06,Cotton,15,Jalgaon,FAQ,Dharangaon,1995,1825,1940.0,Maharashtra,H-4(A) 27mm FIne
2007-01-06,Cotton,15,Nashik,FAQ,Yeola,2025,1950,2011.0,Maharashtra,Other
2007-01-06,Cotton,15,Akola,FAQ,Akot,1961,1890,1943.0,Maharashtra,Other
2007-01-06,Cotton,15,Vashim,FAQ,Manora,1950,1875,1950.0,Maharashtra,Other
2007-01-06,Cotton,15,Nagpur,FAQ,Narkhed,2000,1930,1965.0,Maharashtra,Other
2007-01-06,Cotton,15,Buldhana,FAQ,Deoulgaon Raja,2050,1900,2000.0,Maharashtra,Other
2007-01-07,Cotton,15,Nagpur,FAQ,Narkhed,2000,1950,1975.0,Maharashtra,Other
2007-01-08,Cotton,15,Nandurbar,FAQ,Navapur,1700,1700,1700.0,Maharashtra,Other
2007-01-08,Cotton,15,Hingoli,FAQ,Basmat,1964,1850,1907.0,Maharashtra,Other
2007-01-08,Cotton,15,Jalana,FAQ,Jalana,1990,1939,1965.0,Maharashtra,Other
2007-01-08,Cotton,15,Nanded,FAQ,Hadgaon,1990,1875,1914.0,Maharashtra,Other
2007-01-08,Cotton,15,Akola,FAQ,Akot,1990,1977,1985.0,Maharashtra,H-4(A) 27mm FIne
2007-01-08,Cotton,15,Jalgaon,FAQ,Dharangaon,1995,1805,1935.0,Maharashtra,H-4(A) 27mm FIne
2007-01-08,Cotton,15,Nashik,FAQ,Yeola,2025,1950,2011.0,Maharashtra,Other
2007-01-08,Cotton,15,Akola,FAQ,Akot,1900,1835,1867.0,Maharashtra,LRA
2007-01-09,Cotton,15,Buldhana,FAQ,Deoulgaon Raja,2100,1950,2000.0,Maharashtra,Other
2007-01-09,Cotton,15,Akola,FAQ,Akot,2001,1945,1986.0,Maharashtra,Other
2007-01-09,Cotton,15,Jalana,FAQ,Jalana,1990,1939,1965.0,Maharashtra,Other
2007-01-09,Cotton,15,Akola,FAQ,Akot,1850,1835,1845.0,Maharashtra,LRA
2007-01-09,Cotton,15,Wardha,FAQ,Wardha,1990,1940,1960.0,Maharashtra,Other
2007-01-10,Cotton,15,Jalgaon,FAQ,Dharangaon,1995,1800,1930.0,Maharashtra,H-4(A) 27mm FIne
2007-01-11,Cotton,15,Akola,FAQ,Akot,1990,1930,1975.0,Maharashtra,H-4(A) 27mm FIne
2007-01-11,Cotton,15,Buldhana,FAQ,Deoulgaon Raja,2100,1925,1990.0,Maharashtra,Other
2007-01-11,Cotton,15,Amarawati,FAQ,Chandur Railway,1964,1825,1895.0,Maharashtra,Other
2007-01-11,Cotton,15,Akola,FAQ,Akot,2046,1935,2017.0,Maharashtra,Other
2007-01-12,Cotton,15,Vashim,FAQ,Karanja,2020,1890,1920.0,Maharashtra,Other
2007-01-12,Cotton,15,Hingoli,FAQ,Jawala-Bajar,1964,1939,1952.0,Maharashtra,Other
2007-01-12,Cotton,15,Nagpur,FAQ,Narkhed,1990,1800,1895.0,Maharashtra,Other
2007-01-13,Cotton,15,Yavatmal,FAQ,Ralegaon,1991,1835,1913.0,Maharashtra,LRA
2007-01-13,Cotton,15,Hingoli,FAQ,Sengoan,1950,1775,1850.0,Maharashtra,Other
2007-01-13,Cotton,15,Akola,FAQ,Akot,2015,1990,2000.0,Maharashtra,H-4(A) 27mm FIne
2007-01-13,Cotton,15,Wardha,FAQ,Sindi,1980,1765,1835.0,Maharashtra,Other
2007-01-13,Cotton,15,Akola,FAQ,Telhara,2060,1835,1935.0,Maharashtra,Other
2007-01-13,Cotton,15,Beed,FAQ,Gevrai,1990,1930,1980.0,Maharashtra,Other
2007-01-14,Cotton,15,Nagpur,FAQ,Narkhed,1995,1825,1910.0,Maharashtra,Other
2007-01-15,Cotton,15,Hingoli,FAQ,Basmat,1990,1901,1945.0,Maharashtra,Other
2007-01-15,Cotton,15,Amarawati,FAQ,Chandur Railway,1370,1365,1368.0,Maharashtra,Other
2007-01-15,Cotton,15,Amarawati,FAQ,Varud,2000,1900,1975.0,Maharashtra,Other
2007-01-15,Cotton,15,Vashim,FAQ,Karanja,2020,1890,1920.0,Maharashtra,Other
2007-01-16,Cotton,15,Yavatmal,FAQ,Ralegaon,1991,1835,1913.0,Maharashtra,Other
2007-01-16,Cotton,15,Wardha,FAQ,Wardha,1990,1840,1930.0,Maharashtra,H-4(A) 27mm FIne
2007-01-16,Cotton,15,Wardha,FAQ,Pulgaon,2025,1800,1964.0,Maharashtra,Other
2007-01-16,Cotton,15,Akola,FAQ,Akot,2325,2325,2325.0,Maharashtra,DCH-32(Unginned)
2007-01-16,Cotton,15,Amarawati,FAQ,Varud,2000,1950,1980.0,Maharashtra,Other
2007-01-16,Cotton,15,Nagpur,FAQ,Narkhed,2000,1975,1988.0,Maharashtra,Other
2007-01-16,Cotton,15,Buldhana,FAQ,Deoulgaon Raja,2150,1950,2000.0,Maharashtra,Other
2007-01-16,Cotton,15,Yavatmal,FAQ,Babhulgaon,1990,1914,1964.0,Maharashtra,H-4(A) 27mm FIne
2007-01-17,Cotton,15,Akola,FAQ,Akot,1850,1835,1846.0,Maharashtra,LRA
2007-01-17,Cotton,15,Nashik,FAQ,Yeola,2025,1950,2011.0,Maharashtra,Other
2007-01-17,Cotton,15,Jalana,FAQ,Jalana,1990,1965,1990.0,Maharashtra,Other
2007-01-17,Cotton,15,Akola,FAQ,Telhara,2081,1835,1950.0,Maharashtra,Other
2007-01-17,Cotton,15,Yavatmal,FAQ,Babhulgaon,1990,1939,1964.0,Maharashtra,H-4(A) 27mm FIne
2007-01-18,Cotton,15,Hingoli,FAQ,Jawala-Bajar,1990,1939,1964.0,Maharashtra,Other
2007-01-18,Cotton,15,Akola,FAQ,Telhara,2136,1835,1960.0,Maharashtra,Other
2007-01-18,Cotton,15,Vashim,FAQ,Manora,1950,1900,1950.0,Maharashtra,Other
2007-01-19,Cotton,15,Akola,FAQ,Telhara,2111,1835,1961.0,Maharashtra,Other
2007-01-20,Cotton,15,Nashik,FAQ,Yeola,2025,1900,2000.0,Maharashtra,Other
2007-01-20,Cotton,15,Vashim,FAQ,Manora,1950,1900,1950.0,Maharashtra,Other
2007-01-20,Cotton,15,Hingoli,FAQ,Jawala-Bajar,1964,1939,1952.0,Maharashtra,Other
2007-01-20,Cotton,15,Jalana,FAQ,Jalana,1990,1990,1990.0,Maharashtra,Other
2007-01-20,Cotton,15,Jalgaon,FAQ,Jamner,1990,1900,1940.0,Maharashtra,Other
2007-01-20,Cotton,15,Yavatmal,FAQ,Ralegaon,2031,1835,1933.0,Maharashtra,Other
2007-01-20,Cotton,15,Yavatmal,FAQ,Babhulgaon,1990,1939,1964.0,Maharashtra,H-4(A) 27mm FIne
2007-01-20,Cotton,15,Hingoli,FAQ,Basmat,2010,1914,1962.0,Maharashtra,Other
2007-01-22,Cotton,15,Nandurbar,FAQ,Navapur,1700,1650,1675.0,Maharashtra,Other
2007-01-22,Cotton,15,Akola,FAQ,Telhara,2131,1835,1960.0,Maharashtra,Other
2007-01-22,Cotton,15,Hingoli,FAQ,Jawala-Bajar,1964,1939,1952.0,Maharashtra,Other
2007-01-22,Cotton,15,Nagpur,FAQ,Narkhed,2000,1800,1900.0,Maharashtra,Other
2007-01-22,Cotton,15,Jalgaon,FAQ,Jamner,1990,1900,1946.0,Maharashtra,Other
2007-01-22,Cotton,15,Parbhani,FAQ,Parbhani,2101,1990,2025.0,Maharashtra,Other
2007-01-22,Cotton,15,Nagpur,FAQ,Parshiwani,2001,1765,1883.0,Maharashtra,Other
2007-01-23,Cotton,15,Jalgaon,FAQ,Jamner,1990,1900,1950.0,Maharashtra,Other
2007-01-23,Cotton,15,Nagpur,FAQ,Narkhed,2000,1800,1900.0,Maharashtra,Other
2007-01-23,Cotton,15,Hingoli,FAQ,Basmat,1991,1914,1953.0,Maharashtra,Other
2007-01-23,Cotton,15,Jalgaon,FAQ,Dharangaon,2055,1845,1940.0,Maharashtra,H-4(A) 27mm FIne
2007-01-24,Cotton,15,Nashik,FAQ,Yeola,2025,1950,2011.0,Maharashtra,Other
2007-01-24,Cotton,15,Buldhana,FAQ,Deoulgaon Raja,2220,2000,2050.0,Maharashtra,Other
2007-01-24,Cotton,15,Nagpur,FAQ,Narkhed,2000,1800,1900.0,Maharashtra,Other
2007-01-25,Cotton,15,Nagpur,FAQ,Kalmeshwar,2000,1768,1935.0,Maharashtra,Other
2007-01-25,Cotton,15,Akola,FAQ,Akot,2161,2100,2146.0,Maharashtra,Other
2007-01-25,Cotton,15,Jalgaon,FAQ,Dharangaon,2060,1875,1945.0,Maharashtra,H-4(A) 27mm FIne
2007-01-25,Cotton,15,Jalana,FAQ,Jalana,2131,1990,2050.0,Maharashtra,Other
2007-01-25,Cotton,15,Buldhana,FAQ,Deoulgaon Raja,2250,2000,2100.0,Maharashtra,Other
2007-01-27,Cotton,15,Akola,FAQ,Akot,2220,2150,2202.0,Maharashtra,Other
2007-01-27,Cotton,15,Yavatmal,FAQ,Babhulgaon,1990,1939,1964.0,Maharashtra,H-4(A) 27mm FIne
2007-01-27,Cotton,15,Hingoli,FAQ,Sengoan,1900,1700,1825.0,Maharashtra,Other
2007-01-27,Cotton,15,Jalgaon,FAQ,Jamner,1990,1900,1944.0,Maharashtra,Other
2007-01-28,Cotton,15,Nagpur,FAQ,Narkhed,2000,1700,1850.0,Maharashtra,Other
2007-01-29,Cotton,15,Nagpur,FAQ,Kalmeshwar,2075,1765,1970.0,Maharashtra,Other
2007-01-30,Cotton,15,Wardha,FAQ,Pulgaon,2010,1835,1990.0,Maharashtra,Other
2007-01-31,Cotton,15,Jalana,FAQ,Ghansawangi,2010,1880,1950.0,Maharashtra,Other
2007-01-31,Cotton,15,Parbhani,FAQ,Parbhani,2100,2000,2051.0,Maharashtra,Other
2007-01-31,Cotton,15,Jalana,FAQ,Jalana,2240,2011,2100.0,Maharashtra,Other
2007-01-31,Cotton,15,Nagpur,FAQ,Parshiwani,2050,1765,1908.0,Maharashtra,Other
2007-02-01,Cotton,15,Buldhana,FAQ,Deoulgaon Raja,2200,1900,2150.0,Maharashtra,Other
2007-02-01,Cotton,15,Jalgaon,FAQ,Jamner,1990,1900,1952.0,Maharashtra,Other
2007-02-01,Cotton,15,Wardha,FAQ,Pulgaon,2175,1696,2075.0,Maharashtra,Other
2007-02-01,Cotton,15,Akola,FAQ,Telhara,2225,1825,2025.0,Maharashtra,Other
2007-02-01,Cotton,15,Parbhani,FAQ,Parbhani,2051,1990,2015.0,Maharashtra,Other
2007-02-02,Cotton,15,Jalgaon,FAQ,Jamner,1990,1900,1954.0,Maharashtra,Other
2007-02-02,Cotton,15,Yavatmal,FAQ,Kalamb,2050,1900,2000.0,Maharashtra,LRA
2007-02-02,Cotton,15,Buldhana,FAQ,Deoulgaon Raja,2250,1700,2000.0,Maharashtra,Other
2007-02-02,Cotton,15,Nagpur,FAQ,Narkhed,2100,2000,2050.0,Maharashtra,Other
2007-02-05,Cotton,15,Jalgaon,FAQ,Dharangaon,2185,1855,1955.0,Maharashtra,H-4(A) 27mm FIne
2007-02-05,Cotton,15,Buldhana,FAQ,Deoulgaon Raja,2300,2000,2100.0,Maharashtra,Other
2007-02-05,Cotton,15,Nanded,FAQ,Hadgaon,1990,1875,1914.0,Maharashtra,Other
2007-02-05,Cotton,15,Wardha,FAQ,Pulgaon,2201,1970,2075.0,Maharashtra,Other
2007-02-05,Cotton,15,Amarawati,FAQ,Dhamngaon-Railway,2311,2000,2150.0,Maharashtra,Other
2007-02-05,Cotton,15,Akola,FAQ,Akot,2331,2000,2248.0,Maharashtra,Other
2007-02-05,Cotton,15,Jalgaon,FAQ,Jamner,1990,1900,1942.0,Maharashtra,Other
2007-02-06,Cotton,15,Parbhani,FAQ,Parbhani,2237,2000,2100.0,Maharashtra,Other
2007-02-06,Cotton,15,Nagpur,FAQ,Kalmeshwar,2100,1765,1940.0,Maharashtra,Other
2007-02-06,Cotton,15,Amarawati,FAQ,Dhamngaon-Railway,2293,2050,2115.0,Maharashtra,Other
2007-02-06,Cotton,15,Wardha,FAQ,Sindi,2050,1800,1960.0,Maharashtra,Other
2007-02-06,Cotton,15,Yavatmal,FAQ,Ralegaon,2280,1900,2090.0,Maharashtra,LRA
2007-02-07,Cotton,15,Yavatmal,FAQ,Babhulgaon,1990,1939,1964.0,Maharashtra,H-4(A) 27mm FIne
2007-02-07,Cotton,15,Parbhani,FAQ,Parbhani,2226,2000,2100.0,Maharashtra,Other
2007-02-07,Cotton,15,Jalgaon,FAQ,Dharangaon,2205,1905,2005.0,Maharashtra,H-4(A) 27mm FIne
2007-02-08,Cotton,15,Beed,FAQ,Gevrai,2200,2000,2180.0,Maharashtra,Other
2007-02-08,Cotton,15,Jalana,FAQ,Ghansawangi,2110,1970,2050.0,Maharashtra,Other
2007-02-08,Cotton,15,Parbhani,FAQ,Parbhani,2231,2050,2117.0,Maharashtra,Other
2007-02-08,Cotton,15,Jalgaon,FAQ,Amalner,2250,1910,2050.0,Maharashtra,H-4(A) 27mm FIne
2007-02-08,Cotton,15,Akola,FAQ,Telhara,2270,1900,2140.0,Maharashtra,Other
2007-02-08,Cotton,15,Akola,FAQ,Akot,2366,2051,2287.0,Maharashtra,Other
2007-02-09,Cotton,15,Nagpur,FAQ,Narkhed,2200,2180,2190.0,Maharashtra,Other
2007-02-09,Cotton,15,Hingoli,FAQ,Basmat,2176,2100,2168.0,Maharashtra,Other
2007-02-09,Cotton,15,Nagpur,FAQ,Kalmeshwar,2100,1765,1950.0,Maharashtra,Other
2007-02-09,Cotton,15,Beed,FAQ,Gevrai,2185,2000,2170.0,Maharashtra,Other
2007-02-09,Cotton,15,Akola,FAQ,Akot,2300,2021,2231.0,Maharashtra,Other
2007-02-09,Cotton,15,Akola,FAQ,Akot,2241,2050,2143.0,Maharashtra,H-4(A) 27mm FIne
2007-02-09,Cotton,15,Wardha,FAQ,Wardha,2210,1835,2150.0,Maharashtra,Other
2007-02-10,Cotton,15,Beed,FAQ,Gevrai,2185,2000,2160.0,Maharashtra,Other
2007-02-12,Cotton,15,Yavatmal,FAQ,Ralegaon,2250,1900,2075.0,Maharashtra,LRA
2007-02-12,Cotton,15,Akola,FAQ,Akot,2368,2255,2340.0,Maharashtra,H-4(A) 27mm FIne
2007-02-13,Cotton,15,Akola,FAQ,Akot,2260,2035,2205.0,Maharashtra,H-4(A) 27mm FIne
2007-02-13,Cotton,15,Jalgaon,FAQ,Jamner,1990,1900,1949.0,Maharashtra,Other
2007-02-13,Cotton,15,Parbhani,FAQ,Parbhani,2200,2030,2125.0,Maharashtra,Other
2007-02-14,Cotton,15,Parbhani,FAQ,Parbhani,2226,2030,2121.0,Maharashtra,Other
2007-02-14,Cotton,15,Akola,FAQ,Akot,2355,2211,2319.0,Maharashtra,Other
2007-02-15,Cotton,15,Yavatmal,FAQ,Kalamb,2200,2100,2150.0,Maharashtra,LRA
2007-02-15,Cotton,15,Nagpur,FAQ,Narkhed,2150,1950,2050.0,Maharashtra,Other
2007-02-15,Cotton,15,Parbhani,FAQ,Parbhani,2226,2030,2115.0,Maharashtra,Other
2007-02-15,Cotton,15,Akola,FAQ,Akot,2390,2250,2280.0,Maharashtra,Other
2007-02-16,Cotton,15,Jalgaon,FAQ,Dharangaon,2295,1995,2115.0,Maharashtra,H-4(A) 27mm FIne
2007-02-19,Cotton,15,Nagpur,FAQ,Kalmeshwar,2150,1750,1975.0,Maharashtra,Other
2007-02-19,Cotton,15,Nagpur,FAQ,Narkhed,2150,1950,2050.0,Maharashtra,Other
2007-02-20,Cotton,15,Nagpur,FAQ,Narkhed,2300,2200,2250.0,Maharashtra,Other
2007-02-21,Cotton,15,Yavatmal,FAQ,Kalamb,2250,2050,2150.0,Maharashtra,LRA
2007-02-21,Cotton,15,Jalgaon,FAQ,Yawal,2270,2000,2185.0,Maharashtra,Other
2007-02-21,Cotton,15,Jalgaon,FAQ,Jamner,1990,1900,1950.0,Maharashtra,Other
2007-02-21,Cotton,15,Akola,FAQ,Akot,2425,2000,2316.0,Maharashtra,Other
2007-02-21,Cotton,15,Beed,FAQ,Gevrai,2300,2100,2250.0,Maharashtra,Other
2007-02-21,Cotton,15,Jalana,FAQ,Ghansawangi,2200,2090,2100.0,Maharashtra,Other
2007-02-22,Cotton,15,Amarawati,FAQ,Dhamngaon-Railway,2380,2000,2200.0,Maharashtra,Other
2007-02-22,Cotton,15,Buldhana,FAQ,Deoulgaon Raja,2400,1900,2050.0,Maharashtra,Other
2007-02-22,Cotton,15,Wardha,FAQ,Sindi,2200,1900,2100.0,Maharashtra,Other
2007-02-23,Cotton,15,Yavatmal,FAQ,Kalamb,2250,2150,2200.0,Maharashtra,LRA
2007-02-23,Cotton,15,Beed,FAQ,Gevrai,2280,2100,2250.0,Maharashtra,Other
2007-02-23,Cotton,15,Amarawati,FAQ,Dhamngaon-Railway,2358,2300,2325.0,Maharashtra,Other
2007-02-24,Cotton,15,Beed,FAQ,Gevrai,2300,2100,2280.0,Maharashtra,Other
2007-02-24,Cotton,15,Jalgaon,FAQ,Dharangaon,2375,2105,2179.0,Maharashtra,H-4(A) 27mm FIne
2007-02-26,Cotton,15,Beed,FAQ,Gevrai,2300,2100,2290.0,Maharashtra,Other
2007-02-26,Cotton,15,Akola,FAQ,Telhara,2400,2270,2330.0,Maharashtra,Other
2007-02-26,Cotton,15,Akola,FAQ,Akot,2400,2121,2326.0,Maharashtra,Other
2007-02-27,Cotton,15,Wardha,FAQ,Sindi,2250,1900,2100.0,Maharashtra,Other
2007-02-27,Cotton,15,Hingoli,FAQ,Basmat,2125,2125,2125.0,Maharashtra,Other
2007-02-27,Cotton,15,Akola,FAQ,Telhara,2411,2280,2311.0,Maharashtra,Other
2007-02-27,Cotton,15,Buldhana,FAQ,Deoulgaon Raja,2125,1900,2000.0,Maharashtra,Other
2007-02-27,Cotton,15,Nagpur,FAQ,Kalmeshwar,2350,1750,2050.0,Maharashtra,Other
2007-02-28,Cotton,15,Jalana,FAQ,Ghansawangi,2200,2100,2150.0,Maharashtra,Other
2007-02-28,Cotton,15,Vashim,FAQ,Manora,1950,1900,1950.0,Maharashtra,Other
2007-02-28,Cotton,15,Nagpur,FAQ,Kalmeshwar,2350,1975,2000.0,Maharashtra,Other
2007-02-28,Cotton,15,Parbhani,FAQ,Gangakhed,2100,2000,2090.0,Maharashtra,Other
2007-02-28,Cotton,15,Beed,FAQ,Gevrai,2311,2100,2251.0,Maharashtra,Other
2007-03-01,Cotton,15,Vashim,FAQ,Karanja,2375,2270,2325.0,Maharashtra,Other
2007-03-02,Cotton,15,Vashim,FAQ,Karanja,2375,2280,2325.0,Maharashtra,Other
2007-03-02,Cotton,15,Akola,FAQ,Akot,2344,2155,2297.0,Maharashtra,H-4(A) 27mm FIne
2007-03-02,Cotton,15,Parbhani,FAQ,Gangakhed,2100,2050,2075.0,Maharashtra,Other
2007-03-02,Cotton,15,Jalgaon,FAQ,Jamner,1990,1900,1955.0,Maharashtra,Other
2007-03-03,Cotton,15,Akola,FAQ,Telhara,2411,2251,2311.0,Maharashtra,Other
2007-03-05,Cotton,15,Wardha,FAQ,Pulgaon,2300,1991,2225.0,Maharashtra,Other
2007-03-05,Cotton,15,Jalgaon,FAQ,Jamner,1990,1900,1957.0,Maharashtra,Other
2007-03-05,Cotton,15,Vashim,FAQ,Karanja,2375,2280,2325.0,Maharashtra,Other
2007-03-05,Cotton,15,Jalgaon,FAQ,Bodwad,2400,1900,2200.0,Maharashtra,Other
2007-03-06,Cotton,15,Akola,FAQ,Telhara,2300,2100,2200.0,Maharashtra,Other
2007-03-07,Cotton,15,Jalgaon,FAQ,Bodwad,2405,2141,2375.0,Maharashtra,Other
2007-03-09,Cotton,15,Akola,FAQ,Akot,2385,2075,2307.0,Maharashtra,H-4(A) 27mm FIne
2007-03-10,Cotton,15,Vashim,FAQ,Karanja,2440,2300,2350.0,Maharashtra,Other
2007-03-10,Cotton,15,Jalgaon,FAQ,Jamner,1990,1900,1956.0,Maharashtra,Other
2007-03-13,Cotton,15,Akola,FAQ,Telhara,2449,2400,2440.0,Maharashtra,Other
2007-03-16,Cotton,15,Akola,FAQ,Akot,2429,2240,2382.0,Maharashtra,H-4(A) 27mm FIne
2007-03-17,Cotton,15,Akola,FAQ,Akot,2370,2250,2325.0,Maharashtra,H-4(A) 27mm FIne
2007-03-17,Cotton,15,Vashim,FAQ,Karanja,2490,2320,2375.0,Maharashtra,Other
2007-03-17,Cotton,15,Chandrapur,FAQ,Chandrapur,1535,1509,1524.0,Maharashtra,Other
2007-03-18,Cotton,15,Jalgaon,FAQ,Yawal,2200,2125,2150.0,Maharashtra,Other
2007-03-19,Cotton,15,Jalgaon,FAQ,Dharangaon,2400,2145,2205.0,Maharashtra,H-4(A) 27mm FIne
2007-03-21,Cotton,15,Beed,FAQ,Gevrai,2325,2200,2300.0,Maharashtra,Other
2007-03-22,Cotton,15,Wardha,FAQ,Pulgaon,2300,1900,2250.0,Maharashtra,Other
2007-03-24,Cotton,15,Buldhana,FAQ,Sangrampur(Varvatbakal),3000,2940,2975.0,Maharashtra,Other
2007-03-26,Cotton,15,Jalgaon,FAQ,Dharangaon,2400,2145,2205.0,Maharashtra,H-4(A) 27mm FIne
2007-03-26,Cotton,15,Nagpur,FAQ,Kalmeshwar,2350,1750,2175.0,Maharashtra,Other
2007-03-26,Cotton,15,Beed,FAQ,Gevrai,2360,2200,2300.0,Maharashtra,Other
2007-03-27,Cotton,15,Nagpur,FAQ,Kalmeshwar,2350,1750,2150.0,Maharashtra,Other
2007-03-29,Cotton,15,Nagpur,FAQ,Kalmeshwar,2350,1750,2175.0,Maharashtra,Other
2007-03-31,Cotton,15,Wardha,FAQ,Pulgaon,2100,2100,2100.0,Maharashtra,Other
2007-03-31,Cotton,15,Nagpur,FAQ,Kalmeshwar,2500,1850,2350.0,Maharashtra,Other
2007-03-31,Cotton,15,Jalgaon,FAQ,Dharangaon,2395,2165,2200.0,Maharashtra,H-4(A) 27mm FIne
2007-04-04,Cotton,15,Wardha,FAQ,Pulgaon,2351,2351,2351.0,Maharashtra,Other
2007-04-05,Cotton,15,Jalgaon,FAQ,Bodwad,2325,2291,2310.0,Maharashtra,Other
2007-04-06,Cotton,15,Jalgaon,FAQ,Dharangaon,2385,2195,2235.0,Maharashtra,H-4(A) 27mm FIne
2007-04-07,Cotton,15,Akola,FAQ,Telhara,2300,1900,2180.0,Maharashtra,Other
2007-04-07,Cotton,15,Amarawati,FAQ,Dhamngaon-Railway,2450,2100,2275.0,Maharashtra,Other
2007-04-08,Cotton,15,Jalgaon,FAQ,Dharangaon,2375,2185,2245.0,Maharashtra,H-4(A) 27mm FIne
2007-04-09,Cotton,15,Vashim,FAQ,Karanja,2440,2335,2385.0,Maharashtra,Other
2007-04-10,Cotton,15,Amarawati,FAQ,Dhamngaon-Railway,2475,1900,2150.0,Maharashtra,Other
2007-04-11,Cotton,15,Jalgaon,FAQ,Dharangaon,2400,2205,2235.0,Maharashtra,H-4(A) 27mm FIne
2007-04-12,Cotton,15,Beed,FAQ,Gevrai,2380,2200,2350.0,Maharashtra,Other
2007-04-13,Cotton,15,Jalgaon,FAQ,Dharangaon,2405,2205,2245.0,Maharashtra,H-4(A) 27mm FIne
2007-04-18,Cotton,15,Beed,FAQ,Gevrai,2380,2300,2350.0,Maharashtra,Other
2007-04-21,Cotton,15,Vashim,FAQ,Karanja,2385,2196,2260.0,Maharashtra,Other
2007-04-23,Cotton,15,Akola,FAQ,Telhara,2200,2100,2150.0,Maharashtra,Other
2007-05-02,Cotton,15,Jalana,FAQ,Ghansawangi,2000,1900,1950.0,Maharashtra,Other
2007-05-26,Cotton,15,Jalgaon,FAQ,Dharangaon,2055,2005,2035.0,Maharashtra,H-4(A) 27mm FIne
2007-07-17,Cotton,15,Yavatmal,FAQ,Yeotmal,2749,2450,2625.0,Maharashtra,Other
2007-10-02,Cotton,15,Yavatmal,FAQ,Vani,2030,2030,2030.0,Maharashtra,Other
2007-10-03,Cotton,15,Yavatmal,FAQ,Vani,2030,2030,2030.0,Maharashtra,Other
2007-10-11,Cotton,15,Jalgaon,FAQ,Jamner,2000,1800,1900.0,Maharashtra,Other
2007-10-12,Cotton,15,Jalgaon,FAQ,Jamner,2000,1800,1900.0,Maharashtra,Other
2007-10-15,Cotton,15,Parbhani,FAQ,Manwat,2111,2111,2111.0,Maharashtra,MCU
2007-10-18,Cotton,15,Nanded,FAQ,Kinwat,2070,2050,2060.0,Maharashtra,H-4(A) 27mm FIne
2007-10-18,Cotton,15,Buldhana,FAQ,Deoulgaon Raja,2270,2100,2250.0,Maharashtra,Other
2007-10-19,Cotton,15,Parbhani,FAQ,Manwat,2301,2241,2300.0,Maharashtra,Other
2007-10-19,Cotton,15,Parbhani,FAQ,Selu,2170,2140,2165.0,Maharashtra,Other
2007-10-20,Cotton,15,Yavatmal,FAQ,Ralegaon,2191,2051,2121.0,Maharashtra,LRA
2007-10-21,Cotton,15,Yavatmal,FAQ,Ralegaon,2261,2051,2156.0,Maharashtra,LRA
2007-10-21,Cotton,15,Beed,FAQ,Kille Dharur,2250,2100,2180.0,Maharashtra,Other
2007-10-21,Cotton,15,Akola,FAQ,Telhara,2351,2300,2331.0,Maharashtra,Other
2007-10-21,Cotton,15,Nanded,FAQ,Kinwat,2070,2050,2060.0,Maharashtra,H-4(A) 27mm FIne
2007-10-22,Cotton,15,Parbhani,FAQ,Manwat,2276,2150,2245.0,Maharashtra,Other
2007-10-22,Cotton,15,Yavatmal,FAQ,Umarkhed,2125,1900,2000.0,Maharashtra,Other
2007-10-22,Cotton,15,Akola,FAQ,Telhara,2321,2291,2300.0,Maharashtra,Other
2007-10-22,Cotton,15,Yavatmal,FAQ,Ralegaon,2231,2051,2141.0,Maharashtra,LRA
2007-10-23,Cotton,15,Parbhani,FAQ,Selu,2221,2185,2201.0,Maharashtra,Other
2007-10-23,Cotton,15,Jalana,FAQ,Jalana,2291,2247,2271.0,Maharashtra,Other
2007-10-23,Cotton,15,Parbhani,FAQ,Manwat,2211,2160,2201.0,Maharashtra,Other
2007-10-23,Cotton,15,Yavatmal,FAQ,Ralegaon,2265,2051,2158.0,Maharashtra,LRA
2007-10-24,Cotton,15,Vashim,FAQ,Karanja,2235,2190,2220.0,Maharashtra,Other
2007-10-24,Cotton,15,Yavatmal,FAQ,Ralegaon,2265,2100,2138.0,Maharashtra,Other
2007-10-25,Cotton,15,Hingoli,FAQ,Jawala-Bajar,2250,2150,2200.0,Maharashtra,Other
2007-10-25,Cotton,15,Jalgaon,FAQ,Jamner,2390,2150,2200.0,Maharashtra,Other
2007-10-25,Cotton,15,Beed,FAQ,Gevrai,2311,2175,2200.0,Maharashtra,Other
2007-10-25,Cotton,15,Akola,FAQ,Telhara,2368,2321,2330.0,Maharashtra,Other
2007-10-25,Cotton,15,Vashim,FAQ,Karanja,2265,2220,2245.0,Maharashtra,Other
2007-10-25,Cotton,15,Akola,FAQ,Akot,2311,2300,2307.0,Maharashtra,H-4(A) 27mm FIne
2007-10-26,Cotton,15,Akola,FAQ,Akot,2300,2280,2290.0,Maharashtra,H-4(A) 27mm FIne
2007-10-26,Cotton,15,Jalana,FAQ,Jalana,2411,2327,2375.0,Maharashtra,Other
2007-10-26,Cotton,15,Yavatmal,FAQ,Ghatanji,2150,2150,2150.0,Maharashtra,Other
2007-10-26,Cotton,15,Parbhani,FAQ,Manwat,2241,2205,2211.0,Maharashtra,Other
2007-10-27,Cotton,15,Parbhani,FAQ,Parbhani,2301,2200,2265.0,Maharashtra,Other
2007-10-29,Cotton,15,Chandrapur,FAQ,Varora,2200,2185,2190.0,Maharashtra,Other
2007-10-29,Cotton,15,Parbhani,FAQ,Parbhani,2290,2235,2270.0,Maharashtra,Other
2007-10-29,Cotton,15,Wardha,FAQ,Pulgaon,2285,2282,2285.0,Maharashtra,Other
2007-10-30,Cotton,15,Parbhani,FAQ,Manwat,2321,2261,2300.0,Maharashtra,Other
2007-10-30,Cotton,15,Yavatmal,FAQ,Ralegaon,2281,2150,2215.0,Maharashtra,LRA
2007-10-31,Cotton,15,Parbhani,FAQ,Selu,2371,2280,2345.0,Maharashtra,Other
2007-10-31,Cotton,15,Hingoli,FAQ,Basmat,2241,2030,2235.0,Maharashtra,Other
2007-10-31,Cotton,15,Buldhana,FAQ,Shegaon,2400,2300,2350.0,Maharashtra,Other
2007-10-31,Cotton,15,Hingoli,FAQ,Jawala-Bajar,2301,2250,2275.0,Maharashtra,Other
2007-10-31,Cotton,15,Chandrapur,FAQ,Varora,2231,2185,2200.0,Maharashtra,Other
2007-10-31,Cotton,15,Yavatmal,FAQ,Umarkhed,2175,2100,2140.0,Maharashtra,Other
2007-11-01,Cotton,15,Parbhani,FAQ,Selu,2321,2305,2315.0,Maharashtra,Other
2007-11-01,Cotton,15,Nagpur,FAQ,Narkhed,2350,2325,2338.0,Maharashtra,Other
2007-11-01,Cotton,15,Nagpur,FAQ,Kalmeshwar,2300,2300,2300.0,Maharashtra,Other
2007-11-02,Cotton,15,Beed,FAQ,Gevrai,2385,2210,2350.0,Maharashtra,Other
2007-11-02,Cotton,15,Jalana,FAQ,Jalana,2390,2329,2351.0,Maharashtra,Other
2007-11-03,Cotton,15,Nagpur,FAQ,Narkhed,2351,2325,2338.0,Maharashtra,Other
2007-11-05,Cotton,15,Akola,FAQ,Akot,2310,2210,2285.0,Maharashtra,H-4(A) 27mm FIne
2007-11-05,Cotton,15,Nagpur,FAQ,Narkhed,2350,2325,2338.0,Maharashtra,Other
2007-11-05,Cotton,15,Jalgaon,FAQ,Amalner,2380,2060,2250.0,Maharashtra,H-4(A) 27mm FIne
2007-11-06,Cotton,15,Amarawati,FAQ,Varud,2275,2275,2275.0,Maharashtra,Other
2007-11-06,Cotton,15,Akola,FAQ,Telhara,2300,2150,2200.0,Maharashtra,Other
2007-11-06,Cotton,15,Gadchiroli,FAQ,Aheri,2200,2100,2150.0,Maharashtra,Other
2007-11-06,Cotton,15,Beed,FAQ,Kille Dharur,2250,2250,2250.0,Maharashtra,Other
2007-11-06,Cotton,15,Akola,FAQ,Akot,2250,2170,2230.0,Maharashtra,H-4(A) 27mm FIne
2007-11-06,Cotton,15,Vashim,FAQ,Karanja,2310,2275,2295.0,Maharashtra,Other
2007-11-07,Cotton,15,Amarawati,FAQ,Varud,2275,2275,2275.0,Maharashtra,Other
2007-11-08,Cotton,15,Beed,FAQ,Kille Dharur,2250,2250,2250.0,Maharashtra,Other
2007-11-09,Cotton,15,Parbhani,FAQ,Manwat,2275,2251,2251.0,Maharashtra,Other
2007-11-12,Cotton,15,Vashim,FAQ,Karanja,2345,2315,2325.0,Maharashtra,Other
2007-11-12,Cotton,15,Yavatmal,FAQ,Kalamb,2240,2100,2200.0,Maharashtra,LRA
2007-11-12,Cotton,15,Nagpur,FAQ,Narkhed,2351,2325,2338.0,Maharashtra,Other
2007-11-12,Cotton,15,Parbhani,FAQ,Parbhani,2325,2250,2300.0,Maharashtra,Other
2007-11-13,Cotton,15,Wardha,FAQ,Pulgaon,2352,1975,2290.0,Maharashtra,Other
2007-11-13,Cotton,15,Beed,FAQ,Gevrai,2300,2200,2275.0,Maharashtra,Other
2007-11-13,Cotton,15,Akola,FAQ,Akot,2380,2345,2371.0,Maharashtra,H-4(A) 27mm FIne
2007-11-13,Cotton,15,Jalgaon,FAQ,Amalner,2390,2240,2280.0,Maharashtra,H-4(A) 27mm FIne
2007-11-14,Cotton,15,Wardha,FAQ,Pulgaon,2361,2000,2320.0,Maharashtra,Other
2007-11-14,Cotton,15,Beed,FAQ,Kille Dharur,2300,2260,2300.0,Maharashtra,Other
2007-11-14,Cotton,15,Vashim,FAQ,Manora,1900,1700,1900.0,Maharashtra,Other
2007-11-14,Cotton,15,Yavatmal,FAQ,Umarkhed,2180,2100,2150.0,Maharashtra,Other
2007-11-15,Cotton,15,Akola,FAQ,Akot,2360,2250,2332.0,Maharashtra,H-4(A) 27mm FIne
2007-11-15,Cotton,15,Yavatmal,FAQ,Umarkhed,2190,2100,2130.0,Maharashtra,Other
2007-11-15,Cotton,15,Wardha,FAQ,Sindi,2250,2030,2100.0,Maharashtra,Other
2007-11-15,Cotton,15,Akola,FAQ,Akot,2490,2475,2486.0,Maharashtra,Other
2007-11-16,Cotton,15,Beed,FAQ,Kille Dharur,2300,2260,2300.0,Maharashtra,Other
2007-11-16,Cotton,15,Wardha,FAQ,Pulgaon,2381,2050,2320.0,Maharashtra,Other
2007-11-16,Cotton,15,Vashim,FAQ,Karanja,2375,2340,2360.0,Maharashtra,Other
2007-11-17,Cotton,15,Yavatmal,FAQ,Ralegaon,2245,2100,2172.0,Maharashtra,LRA
2007-11-17,Cotton,15,Akola,FAQ,Akot,2380,2280,2355.0,Maharashtra,H-4(A) 27mm FIne
2007-11-17,Cotton,15,Parbhani,FAQ,Manwat,2311,2271,2298.0,Maharashtra,Other
2007-11-17,Cotton,15,Beed,FAQ,Gevrai,2351,2200,2325.0,Maharashtra,Other
2007-11-19,Cotton,15,Parbhani,FAQ,Selu,2301,2280,2294.0,Maharashtra,Other
2007-11-19,Cotton,15,Buldhana,FAQ,Nandura,2450,2350,2400.0,Maharashtra,Other
2007-11-19,Cotton,15,Parbhani,FAQ,Manwat,2310,2251,2280.0,Maharashtra,Other
2007-11-19,Cotton,15,Jalana,FAQ,Jalana,2311,2250,2300.0,Maharashtra,Other
2007-11-20,Cotton,15,Buldhana,FAQ,Deoulgaon Raja,2350,2150,2150.0,Maharashtra,Other
2007-11-20,Cotton,15,Parbhani,FAQ,Manwat,2300,2211,2280.0,Maharashtra,Other
2007-11-20,Cotton,15,Wardha,FAQ,Pulgaon,2303,1900,2280.0,Maharashtra,Other
2007-11-20,Cotton,15,Hingoli,FAQ,Basmat,2260,2030,2145.0,Maharashtra,Other
2007-11-20,Cotton,15,Yavatmal,FAQ,Ghatanji,2160,2100,2135.0,Maharashtra,LRA
2007-11-20,Cotton,15,Wardha,FAQ,Sindi,2300,2200,2250.0,Maharashtra,Other
2007-11-21,Cotton,15,Nagpur,FAQ,Katol,2330,2260,2300.0,Maharashtra,Other
2007-11-22,Cotton,15,Nagpur,FAQ,Katol,2330,2231,2280.0,Maharashtra,Other
2007-11-22,Cotton,15,Nagpur,FAQ,Kalmeshwar,2325,2150,2250.0,Maharashtra,Other
2007-11-22,Cotton,15,Yavatmal,FAQ,Ghatanji,2145,2075,2110.0,Maharashtra,LRA
2007-11-22,Cotton,15,Parbhani,FAQ,Selu,2305,2285,2300.0,Maharashtra,Other
2007-11-22,Cotton,15,Hingoli,FAQ,Basmat,2290,2180,2235.0,Maharashtra,Other
2007-11-23,Cotton,15,Vashim,FAQ,Manora,2280,2200,2280.0,Maharashtra,Other
2007-11-23,Cotton,15,Akola,FAQ,Akot,2325,2225,2300.0,Maharashtra,H-4(A) 27mm FIne
2007-11-23,Cotton,15,Wardha,FAQ,Pulgaon,2335,2100,2260.0,Maharashtra,Other
2007-11-23,Cotton,15,Nashik,FAQ,Yeola,2450,2350,2400.0,Maharashtra,Other
2007-11-23,Cotton,15,Hingoli,FAQ,Basmat,2280,2030,2155.0,Maharashtra,Other
2007-11-23,Cotton,15,Akola,FAQ,Akot,2505,2450,2499.0,Maharashtra,Other
2007-11-23,Cotton,15,Jalana,FAQ,Partur,2341,1975,2315.0,Maharashtra,Other
2007-11-24,Cotton,15,Hingoli,FAQ,Basmat,2291,2030,2160.0,Maharashtra,Other
2007-11-26,Cotton,15,Akola,FAQ,Akot,2505,2460,2493.0,Maharashtra,Other
2007-11-26,Cotton,15,Akola,FAQ,Telhara,2450,2300,2325.0,Maharashtra,Other
2007-11-26,Cotton,15,Nagpur,FAQ,Katol,2350,2270,2300.0,Maharashtra,Other
2007-11-26,Cotton,15,Yavatmal,FAQ,Ghatanji,2225,2150,2205.0,Maharashtra,Other
2007-11-27,Cotton,15,Akola,FAQ,Akot,2345,2230,2321.0,Maharashtra,H-4(A) 27mm FIne
2007-11-27,Cotton,15,Nagpur,FAQ,Kalmeshwar,2300,2050,2250.0,Maharashtra,Other
2007-11-27,Cotton,15,Akola,FAQ,Akot,2505,2480,2499.0,Maharashtra,Other
2007-11-27,Cotton,15,Jalana,FAQ,Jalana,2330,2250,2300.0,Maharashtra,Other
2007-11-27,Cotton,15,Akola,FAQ,Telhara,2496,2321,2340.0,Maharashtra,Other
2007-11-27,Cotton,15,Jalgaon,FAQ,Amalner,2340,2290,2301.0,Maharashtra,H-4(A) 27mm FIne
2007-11-27,Cotton,15,Gadchiroli,FAQ,Aheri,2200,2100,2150.0,Maharashtra,Other
2007-11-27,Cotton,15,Wardha,FAQ,Hinganghat,2280,2150,2215.0,Maharashtra,LRA
2007-11-28,Cotton,15,Beed,FAQ,Kille Dharur,2250,2250,2250.0,Maharashtra,Other
2007-11-28,Cotton,15,Akola,FAQ,Akot,2471,2450,2466.0,Maharashtra,Other
2007-11-28,Cotton,15,Vashim,FAQ,Karanja,2295,2260,2270.0,Maharashtra,Other
2007-11-29,Cotton,15,Akola,FAQ,Akot,2470,2450,2465.0,Maharashtra,Other
2007-11-29,Cotton,15,Beed,FAQ,Gevrai,2310,2230,2280.0,Maharashtra,Other
2007-11-29,Cotton,15,Wardha,FAQ,Hinganghat,2265,2100,2182.0,Maharashtra,LRA
2007-11-30,Cotton,15,Gadchiroli,FAQ,Aheri,2100,1900,2050.0,Maharashtra,Varalaxmi
2007-11-30,Cotton,15,Parbhani,FAQ,Parbhani,2311,2240,2255.0,Maharashtra,Other
2007-11-30,Cotton,15,Parbhani,FAQ,Selu,2301,2150,2265.0,Maharashtra,Other
2007-11-30,Cotton,15,Parbhani,FAQ,Gangakhed,2250,2150,2200.0,Maharashtra,Other
2007-12-03,Cotton,15,Beed,FAQ,Kille Dharur,2300,2250,2281.0,Maharashtra,Other
2007-12-04,Cotton,15,Wardha,FAQ,Hinganghat,2200,2100,2150.0,Maharashtra,LRA
2007-12-05,Cotton,15,Akola,FAQ,Telhara,2475,2200,2250.0,Maharashtra,Other
2007-12-05,Cotton,15,Akola,FAQ,Akot,2285,2200,2264.0,Maharashtra,H-4(A) 27mm FIne
2007-12-05,Cotton,15,Parbhani,FAQ,Selu,2302,2150,2260.0,Maharashtra,Other
2007-12-05,Cotton,15,Jalana,FAQ,Partur,2301,1970,2270.0,Maharashtra,Other
2007-12-07,Cotton,15,Nagpur,FAQ,Kalmeshwar,2300,2150,2275.0,Maharashtra,Other
2007-12-07,Cotton,15,Nagpur,FAQ,Katol,2315,2025,2290.0,Maharashtra,Other
2007-12-07,Cotton,15,Yavatmal,FAQ,Ner Parasopant,2220,2150,2180.0,Maharashtra,LRA
2007-12-07,Cotton,15,Yavatmal,FAQ,Kalamb,2250,2100,2200.0,Maharashtra,LRA
2007-12-07,Cotton,15,Wardha,FAQ,Hinganghat,2200,2100,2150.0,Maharashtra,LRA
2007-12-07,Cotton,15,Jalgaon,FAQ,Yawal,2200,2000,2150.0,Maharashtra,Other
2007-12-07,Cotton,15,Akola,FAQ,Telhara,2490,2211,2250.0,Maharashtra,Other
2007-12-07,Cotton,15,Buldhana,FAQ,Deoulgaon Raja,2330,2100,2250.0,Maharashtra,Other
2007-12-07,Cotton,15,Akola,FAQ,Akot,2470,2460,2467.0,Maharashtra,Other
2007-12-08,Cotton,15,Yavatmal,FAQ,Bori Arab,2150,2100,2125.0,Maharashtra,LRA
2007-12-08,Cotton,15,Nagpur,FAQ,Katol,2315,2060,2200.0,Maharashtra,Other
2007-12-08,Cotton,15,Jalana,FAQ,Jalana,2325,2211,2290.0,Maharashtra,Other
2007-12-08,Cotton,15,Buldhana,FAQ,Deoulgaon Raja,2345,2180,2245.0,Maharashtra,Other
2007-12-08,Cotton,15,Nagpur,FAQ,Narkhed,2275,2220,2248.0,Maharashtra,Other
2007-12-09,Cotton,15,Jalgaon,FAQ,Yawal,2200,2000,2150.0,Maharashtra,Other
2007-12-10,Cotton,15,Yavatmal,FAQ,Darwha,2245,2190,2210.0,Maharashtra,LRA
2007-12-10,Cotton,15,Jalgaon,FAQ,Amalner,2320,2260,2290.0,Maharashtra,H-4(A) 27mm FIne
2007-12-11,Cotton,15,Yavatmal,FAQ,Umarkhed,2225,2150,2200.0,Maharashtra,Other
2007-12-11,Cotton,15,Buldhana,FAQ,Deoulgaon Raja,2325,2200,2250.0,Maharashtra,Other
2007-12-12,Cotton,15,Vashim,FAQ,Malegaon(Vashim),2200,2100,2150.0,Maharashtra,Other
2007-12-12,Cotton,15,Parbhani,FAQ,Selu,2318,2175,2270.0,Maharashtra,Other
2007-12-12,Cotton,15,Gadchiroli,FAQ,Aheri,2140,1900,2020.0,Maharashtra,Other
2007-12-12,Cotton,15,Buldhana,FAQ,Deoulgaon Raja,2350,2200,2250.0,Maharashtra,Other
2007-12-13,Cotton,15,Parbhani,FAQ,Selu,2300,2130,2281.0,Maharashtra,Other
2007-12-14,Cotton,15,Wardha,FAQ,Hinganghat,2240,2100,2170.0,Maharashtra,LRA
2007-12-14,Cotton,15,Jalgaon,FAQ,Amalner,2335,2280,2301.0,Maharashtra,H-4(A) 27mm FIne
2007-12-15,Cotton,15,Buldhana,FAQ,Deoulgaon Raja,2360,2215,2260.0,Maharashtra,Other
2007-12-15,Cotton,15,Wardha,FAQ,Hinganghat,2210,2110,2160.0,Maharashtra,LRA
2007-12-15,Cotton,15,Jalana,FAQ,Partur,2331,1950,2290.0,Maharashtra,Other
2007-12-16,Cotton,15,Nagpur,FAQ,Katol,2285,2100,2255.0,Maharashtra,Other
2007-12-17,Cotton,15,Parbhani,FAQ,Parbhani,2325,2240,2285.0,Maharashtra,Other
2007-12-17,Cotton,15,Yavatmal,FAQ,Kalamb,2225,2050,2125.0,Maharashtra,LRA
2007-12-17,Cotton,15,Wardha,FAQ,Pulgaon,2389,2000,2270.0,Maharashtra,Other
2007-12-17,Cotton,15,Jalgaon,FAQ,Dharangaon,2285,1995,2045.0,Maharashtra,H-4(A) 27mm FIne
2007-12-18,Cotton,15,Parbhani,FAQ,Selu,2346,2100,2305.0,Maharashtra,Other
2007-12-18,Cotton,15,Nagpur,FAQ,Kalmeshwar,2280,2050,2175.0,Maharashtra,Other
2007-12-18,Cotton,15,Wardha,FAQ,Hinganghat,2325,2150,2237.0,Maharashtra,LRA
2007-12-18,Cotton,15,Jalana,FAQ,Partur,2400,2136,2315.0,Maharashtra,Other
2007-12-18,Cotton,15,Buldhana,FAQ,Deoulgaon Raja,2365,2280,2300.0,Maharashtra,Other
2007-12-19,Cotton,15,Nagpur,FAQ,Kalmeshwar,2280,2050,2175.0,Maharashtra,Other
2007-12-19,Cotton,15,Yavatmal,FAQ,Vani,2196,2025,2098.0,Maharashtra,Other
2007-12-19,Cotton,15,Parbhani,FAQ,Selu,2356,2240,2308.0,Maharashtra,Other
2007-12-19,Cotton,15,Parbhani,FAQ,Parbhani,2351,2225,2301.0,Maharashtra,Other
2007-12-20,Cotton,15,Akola,FAQ,Akot,2425,2400,2419.0,Maharashtra,Other
2007-12-20,Cotton,15,Jalana,FAQ,Ghansawangi,2275,2150,2240.0,Maharashtra,Other
2007-12-21,Cotton,15,Hingoli,FAQ,Basmat,2345,2200,2272.0,Maharashtra,Other
2007-12-21,Cotton,15,Wardha,FAQ,Pulgaon,2300,2100,2250.0,Maharashtra,Other
2007-12-22,Cotton,15,Yavatmal,FAQ,Kalamb,2275,2100,2200.0,Maharashtra,LRA
2007-12-22,Cotton,15,Jalgaon,FAQ,Jamner,2100,2000,2050.0,Maharashtra,Other
2007-12-22,Cotton,15,Wardha,FAQ,Hinganghat,2325,2150,2237.0,Maharashtra,LRA
2007-12-23,Cotton,15,Yavatmal,FAQ,Kalamb,2325,2100,2300.0,Maharashtra,LRA
2007-12-24,Cotton,15,Nagpur,FAQ,Katol,2300,2000,2250.0,Maharashtra,Other
2007-12-24,Cotton,15,Vashim,FAQ,Karanja,2380,2330,2360.0,Maharashtra,Other
2007-12-24,Cotton,15,Parbhani,FAQ,Gangakhed,2250,2030,2150.0,Maharashtra,Other
2007-12-25,Cotton,15,Jalana,FAQ,Partur,2451,2150,2365.0,Maharashtra,Other
2007-12-25,Cotton,15,Yavatmal,FAQ,Darwha,2350,2320,2335.0,Maharashtra,Other
2007-12-25,Cotton,15,Nagpur,FAQ,Katol,2300,2110,2275.0,Maharashtra,Other
2007-12-26,Cotton,15,Nandurbar,FAQ,Navapur,2000,2000,2000.0,Maharashtra,Other
2007-12-26,Cotton,15,Parbhani,FAQ,Selu,2454,2350,2400.0,Maharashtra,Other
2007-12-26,Cotton,15,Akola,FAQ,Telhara,2600,2325,2400.0,Maharashtra,Other
2007-12-26,Cotton,15,Wardha,FAQ,Sindi,2455,2300,2390.0,Maharashtra,Other
2007-12-26,Cotton,15,Gadchiroli,FAQ,Aheri,2000,1800,1900.0,Maharashtra,H-4(A) 27mm FIne
2007-12-26,Cotton,15,Yavatmal,FAQ,Darwha,2440,2390,2415.0,Maharashtra,Other
2007-12-26,Cotton,15,Jalgaon,FAQ,Yawal,2350,2200,2320.0,Maharashtra,Other
2007-12-27,Cotton,15,Parbhani,FAQ,Selu,2467,2290,2401.0,Maharashtra,Other
2007-12-27,Cotton,15,Wardha,FAQ,Sindi,2465,2250,2300.0,Maharashtra,Other
2007-12-27,Cotton,15,Akola,FAQ,Akot,2430,2350,2411.0,Maharashtra,H-4(A) 27mm FIne
2007-12-27,Cotton,15,Jalana,FAQ,Partur,2501,2190,2380.0,Maharashtra,Other
2007-12-27,Cotton,15,Hingoli,FAQ,Basmat,2400,2200,2300.0,Maharashtra,Other
2007-12-27,Cotton,15,Jalana,FAQ,Jalana,2456,2300,2400.0,Maharashtra,Other
2007-12-28,Cotton,15,Parbhani,FAQ,Manwat,2475,2390,2421.0,Maharashtra,Other
2007-12-28,Cotton,15,Jalgaon,FAQ,Jamner,2300,2100,2200.0,Maharashtra,Other
2007-12-28,Cotton,15,Jalana,FAQ,Jalana,2500,2300,2410.0,Maharashtra,Other
2007-12-28,Cotton,15,Jalgaon,FAQ,Yawal,2350,2200,2320.0,Maharashtra,Other
2007-12-29,Cotton,15,Jalana,FAQ,Partur,2500,2200,2390.0,Maharashtra,Other
2007-12-29,Cotton,15,Jalgaon,FAQ,Jamner,2250,2150,2200.0,Maharashtra,Other
2007-12-29,Cotton,15,Jalgaon,FAQ,Dharangaon,2460,2145,2355.0,Maharashtra,H-4(A) 27mm FIne
2007-12-29,Cotton,15,Hingoli,FAQ,Basmat,2430,2250,2340.0,Maharashtra,Other
2007-12-31,Cotton,15,Parbhani,FAQ,Selu,2451,2250,2401.0,Maharashtra,Other
2007-12-31,Cotton,15,Beed,FAQ,Gevrai,2390,2200,2360.0,Maharashtra,Other
2007-12-31,Cotton,15,Beed,FAQ,Kille Dharur,2381,2300,2381.0,Maharashtra,Other
2007-12-31,Cotton,15,Nagpur,FAQ,Kalmeshwar,2325,2075,2275.0,Maharashtra,Other
2007-12-31,Cotton,15,Akola,FAQ,Akot,2555,2450,2529.0,Maharashtra,Other
2008-01-01,Cotton,15,Parbhani,FAQ,Manwat,2431,2350,2390.0,Maharashtra,Other
2008-01-01,Cotton,15,Nagpur,FAQ,Katol,2340,2100,2270.0,Maharashtra,Other
2008-01-02,Cotton,15,Parbhani,FAQ,Gangakhed,2380,2270,2370.0,Maharashtra,Other
2008-01-02,Cotton,15,Parbhani,FAQ,Selu,2457,2250,2440.0,Maharashtra,Other
2008-01-05,Cotton,15,Parbhani,FAQ,Selu,2600,2360,2566.0,Maharashtra,Other
2008-01-05,Cotton,15,Parbhani,FAQ,Parbhani,2576,2300,2500.0,Maharashtra,Other
2008-01-07,Cotton,15,Nagpur,FAQ,Katol,2485,2300,2400.0,Maharashtra,Other
2008-01-07,Cotton,15,Parbhani,FAQ,Selu,2606,2360,2587.0,Maharashtra,Other
2008-01-12,Cotton,15,Parbhani,FAQ,Selu,2650,2434,2627.0,Maharashtra,Other
2008-01-12,Cotton,15,Parbhani,FAQ,Parbhani,2651,2390,2580.0,Maharashtra,Other
2008-01-18,Cotton,15,Parbhani,FAQ,Gangakhed,2480,2400,2470.0,Maharashtra,Other
2008-01-19,Cotton,15,Parbhani,FAQ,Parbhani,2640,2480,2590.0,Maharashtra,Other
2008-01-21,Cotton,15,Parbhani,FAQ,Manwat,2631,2500,2550.0,Maharashtra,Other
2008-01-21,Cotton,15,Parbhani,FAQ,Parbhani,2675,2450,2580.0,Maharashtra,Other
2008-01-22,Cotton,15,Parbhani,FAQ,Gangakhed,2200,2030,2100.0,Maharashtra,Other
2008-01-22,Cotton,15,Nagpur,FAQ,Katol,2525,2460,2500.0,Maharashtra,Other
2008-01-22,Cotton,15,Parbhani,FAQ,Parbhani,2621,2350,2557.0,Maharashtra,Other
2008-01-23,Cotton,15,Nagpur,FAQ,Katol,2525,2450,2500.0,Maharashtra,Other
2008-01-23,Cotton,15,Parbhani,FAQ,Gangakhed,2400,2030,2300.0,Maharashtra,Other
2008-01-25,Cotton,15,Parbhani,FAQ,Gangakhed,2450,2040,2400.0,Maharashtra,Other
2008-01-28,Cotton,15,Parbhani,FAQ,Parbhani,2671,2400,2605.0,Maharashtra,Other
2008-01-28,Cotton,15,Nagpur,FAQ,Katol,2525,2300,2430.0,Maharashtra,Other
2008-01-29,Cotton,15,Parbhani,FAQ,Parbhani,2701,2400,2642.0,Maharashtra,Other
2008-02-01,Cotton,15,Parbhani,FAQ,Gangakhed,2300,2030,2100.0,Maharashtra,Other
2008-02-04,Cotton,15,Nagpur,FAQ,Katol,2525,2300,2455.0,Maharashtra,Other
2008-02-06,Cotton,15,Parbhani,FAQ,Parbhani,2680,2450,2615.0,Maharashtra,Other
2008-02-06,Cotton,15,Parbhani,FAQ,Manwat,2676,2500,2625.0,Maharashtra,Other
2008-02-06,Cotton,15,Nagpur,FAQ,Katol,2550,2200,2470.0,Maharashtra,Other
2008-02-11,Cotton,15,Nagpur,FAQ,Katol,2500,2300,2400.0,Maharashtra,Other
2008-02-11,Cotton,15,Parbhani,FAQ,Parbhani,2653,2375,2552.0,Maharashtra,Other
2008-02-12,Cotton,15,Parbhani,FAQ,Parbhani,2630,2300,2500.0,Maharashtra,Other
2008-02-12,Cotton,15,Nagpur,FAQ,Narkhed,2525,2450,2488.0,Maharashtra,Other
2008-02-13,Cotton,15,Parbhani,FAQ,Parbhani,2606,2350,2504.0,Maharashtra,Other
2008-02-16,Cotton,15,Parbhani,FAQ,Gangakhed,2600,2090,2500.0,Maharashtra,Other
2008-02-18,Cotton,15,Parbhani,FAQ,Gangakhed,2650,2500,2600.0,Maharashtra,Other
2008-02-18,Cotton,15,Nagpur,FAQ,Narkhed,2525,2450,2488.0,Maharashtra,Other
2008-02-19,Cotton,15,Nagpur,FAQ,Narkhed,2525,2450,2488.0,Maharashtra,Other
2008-02-22,Cotton,15,Parbhani,FAQ,Parbhani,2702,2450,2650.0,Maharashtra,Other
2008-02-23,Cotton,15,Parbhani,FAQ,Gangakhed,2590,2175,2400.0,Maharashtra,Other
2008-03-01,Cotton,15,Parbhani,FAQ,Gangakhed,2600,2500,2590.0,Maharashtra,Other
2008-03-01,Cotton,15,Nagpur,FAQ,Katol,2700,2400,2650.0,Maharashtra,Other
2008-03-07,Cotton,15,Parbhani,FAQ,Gangakhed,2440,2335,2410.0,Maharashtra,Other
2008-03-11,Cotton,15,Parbhani,FAQ,Manwat,2851,2600,2711.0,Maharashtra,Other
2008-03-11,Cotton,15,Parbhani,FAQ,Parbhani,2862,2450,2805.0,Maharashtra,Other
2008-03-12,Cotton,15,Parbhani,FAQ,Gangakhed,2675,2600,2670.0,Maharashtra,Other
2008-03-13,Cotton,15,Parbhani,FAQ,Manwat,2821,2581,2781.0,Maharashtra,Other
2008-03-14,Cotton,15,Parbhani,FAQ,Manwat,2841,2550,2711.0,Maharashtra,Other
2008-03-17,Cotton,15,Parbhani,FAQ,Manwat,2841,2650,2700.0,Maharashtra,Other
2008-03-19,Cotton,15,Parbhani,FAQ,Manwat,2702,2600,2650.0,Maharashtra,Other
2008-03-26,Cotton,15,Nagpur,FAQ,Katol,2700,2400,2650.0,Maharashtra,Other
2008-03-28,Cotton,15,Nagpur,FAQ,Katol,2720,2550,2650.0,Maharashtra,Other
2008-03-29,Cotton,15,Nagpur,FAQ,Katol,2700,2500,2630.0,Maharashtra,Other
2008-03-30,Cotton,15,Nagpur,FAQ,Katol,2700,2530,2650.0,Maharashtra,Other
2008-04-09,Cotton,15,Nagpur,FAQ,Kalmeshwar,2600,2300,2550.0,Maharashtra,Other
2008-04-21,Cotton,15,Nagpur,FAQ,Kalmeshwar,2600,2300,2550.0,Maharashtra,Other
2008-04-22,Cotton,15,Parbhani,FAQ,Gangakhed,2350,2200,2300.0,Maharashtra,Other
2008-04-23,Cotton,15,Nagpur,FAQ,Kalmeshwar,2675,2350,2550.0,Maharashtra,Other
2008-04-24,Cotton,15,Nagpur,FAQ,Kalmeshwar,2650,2350,2550.0,Maharashtra,Other
2008-05-01,Cotton,15,Nagpur,FAQ,Kalmeshwar,2600,2300,2550.0,Maharashtra,Other
2008-05-05,Cotton,15,Nagpur,FAQ,Kalmeshwar,2600,2300,2550.0,Maharashtra,Other
2008-05-06,Cotton,15,Nagpur,FAQ,Kalmeshwar,2600,2300,2550.0,Maharashtra,Other
2008-05-10,Cotton,15,Nagpur,FAQ,Kalmeshwar,2650,2300,2550.0,Maharashtra,Other
2008-05-15,Cotton,15,Nagpur,FAQ,Kalmeshwar,2600,2300,2550.0,Maharashtra,Other
2008-10-16,Cotton,15,Nanded,FAQ,Kinwat,2575,2525,2550.0,Maharashtra,Other
2008-10-20,Cotton,15,Nanded,FAQ,Kinwat,2680,2600,2650.0,Maharashtra,Other
2008-10-21,Cotton,15,Nanded,FAQ,Kinwat,2680,2600,2650.0,Maharashtra,Other
2008-10-31,Cotton,15,Nanded,FAQ,Kinwat,2711,2700,2701.0,Maharashtra,Other
2008-11-05,Cotton,15,Parbhani,FAQ,Parbhani,2850,2850,2850.0,Maharashtra,Other
2008-11-06,Cotton,15,Nagpur,FAQ,Kalmeshwar,2831,2800,2821.0,Maharashtra,Other
2008-11-13,Cotton,15,Nagpur,FAQ,Kalmeshwar,2751,2650,2700.0,Maharashtra,Other
2008-11-13,Cotton,15,Parbhani,FAQ,Parbhani,2850,2850,2850.0,Maharashtra,Other
2008-11-17,Cotton,15,Parbhani,FAQ,Parbhani,2850,2850,2850.0,Maharashtra,Other
2008-11-19,Cotton,15,Nagpur,FAQ,Kalmeshwar,2630,2610,2620.0,Maharashtra,Other
2008-11-20,Cotton,15,Nanded,FAQ,Kinwat,2610,2600,2605.0,Maharashtra,Other
2008-11-20,Cotton,15,Nagpur,FAQ,Kalmeshwar,2850,2650,2750.0,Maharashtra,Other
2008-11-20,Cotton,15,Nandurbar,FAQ,Navapur,2500,2400,2459.0,Maharashtra,Other
2008-11-21,Cotton,15,Parbhani,FAQ,Gangakhed,2850,2700,2800.0,Maharashtra,Other
2008-11-21,Cotton,15,Nagpur,FAQ,Narkhed,2675,2650,2663.0,Maharashtra,Other
2008-11-23,Cotton,15,Nagpur,FAQ,Narkhed,2680,2610,2645.0,Maharashtra,Other
2008-11-24,Cotton,15,Nagpur,FAQ,Kalmeshwar,2650,2600,2635.0,Maharashtra,Other
2008-11-25,Cotton,15,Nagpur,FAQ,Kalmeshwar,2850,2650,2675.0,Maharashtra,Other
2008-11-26,Cotton,15,Nagpur,FAQ,Narkhed,2685,2650,2668.0,Maharashtra,Other
2008-11-29,Cotton,15,Nagpur,FAQ,Kalmeshwar,2650,2610,2635.0,Maharashtra,Other
2008-12-01,Cotton,15,Nagpur,FAQ,Narkhed,2685,2650,2668.0,Maharashtra,Other
2008-12-03,Cotton,15,Nandurbar,FAQ,Navapur,2500,2500,2500.0,Maharashtra,Other
2008-12-04,Cotton,15,Nagpur,FAQ,Narkhed,2675,2600,2638.0,Maharashtra,Other
2008-12-05,Cotton,15,Nashik,FAQ,Yeola,2850,2850,2850.0,Maharashtra,Other
2008-12-05,Cotton,15,Nagpur,FAQ,Narkhed,2675,2650,2663.0,Maharashtra,Other
2008-12-05,Cotton,15,Nandurbar,FAQ,Navapur,2550,2500,2513.0,Maharashtra,Other
2008-12-06,Cotton,15,Nagpur,FAQ,Narkhed,2625,2600,2613.0,Maharashtra,Other
2008-12-10,Cotton,15,Nagpur,FAQ,Narkhed,2675,2600,2663.0,Maharashtra,Other
2008-12-13,Cotton,15,Nandurbar,FAQ,Navapur,2500,2400,2478.0,Maharashtra,Other
2008-12-15,Cotton,15,Nagpur,FAQ,Narkhed,2600,2500,2550.0,Maharashtra,Other
2008-12-16,Cotton,15,Parbhani,FAQ,Parbhani,2825,2800,2800.0,Maharashtra,Other
2008-12-17,Cotton,15,Parbhani,FAQ,Parbhani,2825,2800,2800.0,Maharashtra,Other
2008-12-18,Cotton,15,Nagpur,FAQ,Narkhed,2600,2500,2550.0,Maharashtra,Other
2008-12-22,Cotton,15,Nagpur,FAQ,Kalmeshwar,2850,2850,2850.0,Maharashtra,Other
2008-12-26,Cotton,15,Nagpur,FAQ,Kalmeshwar,2850,2650,2750.0,Maharashtra,Other
2008-12-30,Cotton,15,Parbhani,FAQ,Parbhani,2800,2768,2800.0,Maharashtra,Other
2008-12-31,Cotton,15,Nagpur,FAQ,Kalmeshwar,2850,2650,2750.0,Maharashtra,Other
2010-01-01,Cotton,15,Parbhani,FAQ,Manwat,3300,3185,3265.0,Maharashtra,Other
2010-01-01,Cotton,15,Parbhani,FAQ,Parbhani,3340,3120,3245.0,Maharashtra,Other
2010-01-01,Cotton,15,Hingoli,FAQ,Jawala-Bajar,3220,3180,3200.0,Maharashtra,Other
2010-01-01,Cotton,15,Akola,FAQ,Telhara,3300,3000,3150.0,Maharashtra,Other
2010-01-01,Cotton,15,Wardha,FAQ,Sindi,3125,2950,3050.0,Maharashtra,Other
2010-01-01,Cotton,15,Parbhani,FAQ,Selu,3281,3180,3270.0,Maharashtra,Other
2010-01-01,Cotton,15,Yavatmal,FAQ,Babhulgaon,3230,3100,3150.0,Maharashtra,H-4(A) 27mm FIne
2010-01-02,Cotton,15,Buldhana,FAQ,Deoulgaon Raja,3255,3065,3100.0,Maharashtra,Other
2010-01-02,Cotton,15,Jalana,FAQ,Jalana,3250,3100,3175.0,Maharashtra,Other
2010-01-02,Cotton,15,Wardha,FAQ,Sindi,3180,2950,3050.0,Maharashtra,Other
2010-01-02,Cotton,15,Hingoli,FAQ,Basmat,3272,3200,3236.0,Maharashtra,Other
2010-01-02,Cotton,15,Jalgaon,FAQ,Yawal,3200,3000,3150.0,Maharashtra,Other
2010-01-02,Cotton,15,Yavatmal,FAQ,Yeotmal,3253,2930,3165.0,Maharashtra,Other
2010-01-02,Cotton,15,Akola,FAQ,Akot,3255,3145,3227.0,Maharashtra,H-4(A) 27mm FIne
2010-01-02,Cotton,15,Parbhani,FAQ,Parbhani,3280,3101,3230.0,Maharashtra,Other
2010-01-02,Cotton,15,Hingoli,FAQ,Hingoli,3245,3000,3122.0,Maharashtra,Other
2010-01-02,Cotton,15,Vashim,FAQ,Karanja,3260,3250,3255.0,Maharashtra,Other
2010-01-02,Cotton,15,Akola,FAQ,Telhara,3275,3100,3220.0,Maharashtra,Other
2010-01-02,Cotton,15,Parbhani,FAQ,Manwat,3250,3150,3240.0,Maharashtra,Other
2010-01-03,Cotton,15,Amarawati,FAQ,Varud,3100,3000,3050.0,Maharashtra,Other
2010-01-04,Cotton,15,Buldhana,FAQ,Chikali,3200,3000,3100.0,Maharashtra,Other
2010-01-04,Cotton,15,Hingoli,FAQ,Sengoan,3200,3000,3100.0,Maharashtra,Other
2010-01-04,Cotton,15,Jalana,FAQ,Partur,3271,3025,3241.0,Maharashtra,Other
2010-01-04,Cotton,15,Vashim,FAQ,Manora,3211,3120,3211.0,Maharashtra,Other
2010-01-04,Cotton,15,Hingoli,FAQ,Basmat,3250,3150,3200.0,Maharashtra,Other
2010-01-04,Cotton,15,Akola,FAQ,Akot,3430,3350,3410.0,Maharashtra,Other
2010-01-04,Cotton,15,Buldhana,FAQ,Nandura,3200,2975,3100.0,Maharashtra,Other
2010-01-04,Cotton,15,Vashim,FAQ,Karanja,3245,3100,3150.0,Maharashtra,Other
2010-01-04,Cotton,15,Akola,FAQ,Telhara,3250,3150,3200.0,Maharashtra,Other
2010-01-05,Cotton,15,Jalgaon,FAQ,Bodwad,3150,3050,3100.0,Maharashtra,Other
2010-01-05,Cotton,15,Yavatmal,FAQ,Babhulgaon,3150,3000,3050.0,Maharashtra,H-4(A) 27mm FIne
2010-01-05,Cotton,15,Parbhani,FAQ,Parbhani,3241,3150,3190.0,Maharashtra,Other
2010-01-05,Cotton,15,Yavatmal,FAQ,Vani,3220,3050,3135.0,Maharashtra,Other
2010-01-05,Cotton,15,Hingoli,FAQ,Jawala-Bajar,3175,3100,3138.0,Maharashtra,Other
2010-01-05,Cotton,15,Hingoli,FAQ,Sengoan,3200,3000,3050.0,Maharashtra,Other
2010-01-05,Cotton,15,Amarawati,FAQ,Chandur Railway,3181,3110,3145.0,Maharashtra,H-4(A) 27mm FIne
2010-01-05,Cotton,15,Beed,FAQ,Gevrai,3225,2900,3150.0,Maharashtra,Other
2010-01-05,Cotton,15,Jalana,FAQ,Jalana,3170,3091,3100.0,Maharashtra,Other
2010-01-05,Cotton,15,Amarawati,FAQ,Varud,3100,3000,3050.0,Maharashtra,Other
2010-01-05,Cotton,15,Hingoli,FAQ,Hingoli,3221,3086,3153.0,Maharashtra,Other
2010-01-05,Cotton,15,Akola,FAQ,Telhara,3225,3075,3150.0,Maharashtra,Other
2010-01-05,Cotton,15,Vashim,FAQ,Manora,3211,3190,3211.0,Maharashtra,Other
2010-01-05,Cotton,15,Wardha,FAQ,Hinganghat,3240,2900,3070.0,Maharashtra,Other
2010-01-05,Cotton,15,Wardha,FAQ,Arvi,3170,3050,3100.0,Maharashtra,Other
2010-01-06,Cotton,15,Chattrapati Sambhajinagar,FAQ,Gangapur,3400,3300,3350.0,Maharashtra,Other
2010-01-06,Cotton,15,Beed,FAQ,Gevrai,3211,3000,3100.0,Maharashtra,Other
2010-01-06,Cotton,15,Akola,FAQ,Akot,3400,3340,3385.0,Maharashtra,Other
2010-01-06,Cotton,15,Parbhani,FAQ,Selu,3248,3115,3200.0,Maharashtra,Other
2010-01-06,Cotton,15,Jalana,FAQ,Jalana,3151,3070,3121.0,Maharashtra,Other
2010-01-06,Cotton,15,Nagpur,FAQ,Narkhed,3125,3100,3113.0,Maharashtra,Other
2010-01-07,Cotton,15,Beed,FAQ,Kille Dharur,3205,3100,3123.0,Maharashtra,Other
2010-01-07,Cotton,15,Hingoli,FAQ,Sengoan,3150,3000,3050.0,Maharashtra,Other
2010-01-07,Cotton,15,Wardha,FAQ,Arvi,3170,3080,3120.0,Maharashtra,Other
2010-01-07,Cotton,15,Akola,FAQ,Telhara,3175,3100,3150.0,Maharashtra,Other
2010-01-07,Cotton,15,Jalana,FAQ,Jalana,3150,3055,3100.0,Maharashtra,Other
2010-01-07,Cotton,15,Amarawati,FAQ,Dhamngaon-Railway,3178,3050,3125.0,Maharashtra,Other
2010-01-07,Cotton,15,Nagpur,FAQ,Kalmeshwar,3100,2850,3040.0,Maharashtra,Other
2010-01-07,Cotton,15,Buldhana,FAQ,Deoulgaon Raja,3240,2900,3155.0,Maharashtra,Other
2010-01-07,Cotton,15,Amarawati,FAQ,Varud,3100,3000,3050.0,Maharashtra,Other
2010-01-08,Cotton,15,Hingoli,FAQ,Hingoli,3148,3015,3081.0,Maharashtra,Other
2010-01-08,Cotton,15,Akola,FAQ,Akot,3340,3340,3340.0,Maharashtra,Other
2010-01-08,Cotton,15,Amarawati,FAQ,Varud,3100,3000,3050.0,Maharashtra,Other
2010-01-08,Cotton,15,Parbhani,FAQ,Parbhani,3200,3101,3170.0,Maharashtra,Other
2010-01-08,Cotton,15,Amarawati,FAQ,Chandur Railway,3165,3072,3119.0,Maharashtra,H-4(A) 27mm FIne
2010-01-08,Cotton,15,Wardha,FAQ,Sindi,3140,2950,3050.0,Maharashtra,Other
2010-01-08,Cotton,15,Akola,FAQ,Telhara,3180,3100,3140.0,Maharashtra,Other
2010-01-08,Cotton,15,Vashim,FAQ,Karanja,3215,3080,3165.0,Maharashtra,Other
2010-01-08,Cotton,15,Jalgaon,FAQ,Yawal,3150,3000,3050.0,Maharashtra,Other
2010-01-09,Cotton,15,Amarawati,FAQ,Varud,3100,3000,3050.0,Maharashtra,Other
2010-01-09,Cotton,15,Akola,FAQ,Telhara,3125,3000,3062.0,Maharashtra,Other
2010-01-09,Cotton,15,Nagpur,FAQ,Narkhed,3100,3050,3075.0,Maharashtra,Other
2010-01-09,Cotton,15,Parbhani,FAQ,Selu,3158,3070,3141.0,Maharashtra,Other
2010-01-09,Cotton,15,Beed,FAQ,Kille Dharur,3145,3100,3135.0,Maharashtra,Other
2010-01-09,Cotton,15,Parbhani,FAQ,Manwat,3190,3080,3140.0,Maharashtra,Other
2010-01-10,Cotton,15,Jalgaon,FAQ,Yawal,3150,3050,3100.0,Maharashtra,Other
2010-01-10,Cotton,15,Amarawati,FAQ,Varud,3070,3000,3035.0,Maharashtra,Other
2010-01-10,Cotton,15,Akola,FAQ,Telhara,3185,3050,3117.0,Maharashtra,Other
2010-01-10,Cotton,15,Wardha,FAQ,Arvi,3165,3050,3100.0,Maharashtra,Other
2010-01-10,Cotton,15,Hingoli,FAQ,Jawala-Bajar,3150,3000,3075.0,Maharashtra,Other
2010-01-11,Cotton,15,Beed,FAQ,Gevrai,3075,2900,3000.0,Maharashtra,Other
2010-01-11,Cotton,15,Vashim,FAQ,Manora,3125,3071,3125.0,Maharashtra,Other
2010-01-11,Cotton,15,Wardha,FAQ,Arvi,3141,3000,3120.0,Maharashtra,Other
2010-01-11,Cotton,15,Akola,FAQ,Akot,3235,3125,3214.0,Maharashtra,H-4(A) 27mm FIne
2010-01-11,Cotton,15,Wardha,FAQ,Sindi,3140,3000,3080.0,Maharashtra,Other
2010-01-11,Cotton,15,Hingoli,FAQ,Hingoli,3175,3086,3130.0,Maharashtra,Other
2010-01-11,Cotton,15,Hingoli,FAQ,Jawala-Bajar,3200,3000,3100.0,Maharashtra,Other
2010-01-11,Cotton,15,Amarawati,FAQ,Dhamngaon-Railway,3212,3112,3150.0,Maharashtra,Other
2010-01-11,Cotton,15,Beed,FAQ,Kille Dharur,3160,3100,3150.0,Maharashtra,Other
2010-01-11,Cotton,15,Parbhani,FAQ,Gangakhed,3080,3000,3040.0,Maharashtra,Other
2010-01-11,Cotton,15,Amarawati,FAQ,Chandur Railway,3182,3105,3144.0,Maharashtra,H-4(A) 27mm FIne
2010-01-11,Cotton,15,Jalana,FAQ,Jalana,3134,3050,3075.0,Maharashtra,Other
2010-01-11,Cotton,15,Hingoli,FAQ,Basmat,3188,3100,3144.0,Maharashtra,Other
2010-01-11,Cotton,15,Jalgaon,FAQ,Bodwad,3100,3000,3075.0,Maharashtra,Other
2010-01-11,Cotton,15,Parbhani,FAQ,Manwat,3186,3050,3170.0,Maharashtra,Other
2010-01-12,Cotton,15,Chandrapur,FAQ,Varora,3100,2900,3050.0,Maharashtra,Other
2010-01-12,Cotton,15,Parbhani,FAQ,Parbhani,3200,3150,3170.0,Maharashtra,Other
2010-01-12,Cotton,15,Nagpur,FAQ,Narkhed,3100,3050,3075.0,Maharashtra,Other
2010-01-12,Cotton,15,Buldhana,FAQ,Chikali,3200,3000,3075.0,Maharashtra,Other
2010-01-12,Cotton,15,Jalana,FAQ,Partur,3140,3050,3100.0,Maharashtra,Other
2010-01-12,Cotton,15,Vashim,FAQ,Karanja,3190,3060,3145.0,Maharashtra,Other
2010-01-12,Cotton,15,Jalgaon,FAQ,Jamner,3000,2850,2900.0,Maharashtra,Other
2010-01-12,Cotton,15,Akola,FAQ,Telhara,3175,3100,3140.0,Maharashtra,Other
2010-01-12,Cotton,15,Yavatmal,FAQ,Vani,3141,3000,3076.0,Maharashtra,Other
2010-01-12,Cotton,15,Wardha,FAQ,Arvi,3130,3020,3100.0,Maharashtra,Other
2010-01-12,Cotton,15,Beed,FAQ,Kille Dharur,3150,3100,3150.0,Maharashtra,Other
2010-01-12,Cotton,15,Nagpur,FAQ,Kalmeshwar,3060,2850,2975.0,Maharashtra,Other
2010-01-13,Cotton,15,Jalgaon,FAQ,Yawal,3150,3050,3100.0,Maharashtra,Other
2010-01-13,Cotton,15,Hingoli,FAQ,Hingoli,3075,3025,3050.0,Maharashtra,Other
2010-01-13,Cotton,15,Akola,FAQ,Telhara,3125,3000,3062.0,Maharashtra,Other
2010-01-13,Cotton,15,Nagpur,FAQ,Narkhed,3100,3050,3075.0,Maharashtra,Other
2010-01-13,Cotton,15,Wardha,FAQ,Hinganghat,3165,2900,3032.0,Maharashtra,Other
2010-01-13,Cotton,15,Hingoli,FAQ,Jawala-Bajar,3200,3000,3100.0,Maharashtra,Other
2010-01-13,Cotton,15,Beed,FAQ,Gevrai,3200,2900,3100.0,Maharashtra,Other
2010-01-13,Cotton,15,Hingoli,FAQ,Sengoan,3150,3000,3050.0,Maharashtra,Other
2010-01-13,Cotton,15,Buldhana,FAQ,Nandura,3165,2900,3070.0,Maharashtra,Other
2010-01-13,Cotton,15,Buldhana,FAQ,Chikali,3150,3000,3075.0,Maharashtra,Other
2010-01-13,Cotton,15,Wardha,FAQ,Arvi,3120,3030,3100.0,Maharashtra,Other
2010-01-14,Cotton,15,Vashim,FAQ,Manora,3100,3000,3100.0,Maharashtra,Other
2010-01-14,Cotton,15,Beed,FAQ,Gevrai,3200,2900,3050.0,Maharashtra,Other
2010-01-14,Cotton,15,Jalana,FAQ,Jalana,3092,3050,3050.0,Maharashtra,Other
2010-01-14,Cotton,15,Amarawati,FAQ,Chandur Railway,3181,3075,3128.0,Maharashtra,H-4(A) 27mm FIne
2010-01-14,Cotton,15,Yavatmal,FAQ,Yeotmal,3100,3000,3071.0,Maharashtra,Other
2010-01-14,Cotton,15,Yavatmal,FAQ,Umarkhed,3121,3115,3115.0,Maharashtra,Other
2010-01-14,Cotton,15,Jalgaon,FAQ,Yawal,3150,3050,3100.0,Maharashtra,Other
2010-01-15,Cotton,15,Yavatmal,FAQ,Yeotmal,3142,3048,3102.0,Maharashtra,Other
2010-01-15,Cotton,15,Hingoli,FAQ,Sengoan,3100,2800,3050.0,Maharashtra,Other
2010-01-15,Cotton,15,Nagpur,FAQ,Narkhed,3100,3050,3075.0,Maharashtra,Other
2010-01-15,Cotton,15,Hingoli,FAQ,Jawala-Bajar,3200,2950,3075.0,Maharashtra,Other
2010-01-15,Cotton,15,Chandrapur,FAQ,Varora,3150,2900,3100.0,Maharashtra,Other
2010-01-15,Cotton,15,Vashim,FAQ,Karanja,3235,3115,3165.0,Maharashtra,Other
2010-01-15,Cotton,15,Amarawati,FAQ,Varud,3050,3000,3025.0,Maharashtra,Other
2010-01-15,Cotton,15,Amarawati,FAQ,Chandur Railway,3170,3050,3110.0,Maharashtra,H-4(A) 27mm FIne
2010-01-16,Cotton,15,Yavatmal,FAQ,Yeotmal,3125,3025,3071.0,Maharashtra,Other
2010-01-16,Cotton,15,Buldhana,FAQ,Deoulgaon Raja,3240,2900,3155.0,Maharashtra,Other
2010-01-16,Cotton,15,Vashim,FAQ,Karanja,3235,3090,3165.0,Maharashtra,Other
2010-01-16,Cotton,15,Yavatmal,FAQ,Vani,3150,3084,3117.0,Maharashtra,Other
2010-01-16,Cotton,15,Hingoli,FAQ,Sengoan,3150,2850,3050.0,Maharashtra,Other
2010-01-16,Cotton,15,Hingoli,FAQ,Jawala-Bajar,3155,3090,3123.0,Maharashtra,Other
2010-01-16,Cotton,15,Parbhani,FAQ,Parbhani,3200,3150,3180.0,Maharashtra,Other
2010-01-16,Cotton,15,Yavatmal,FAQ,Babhulgaon,3150,2900,3000.0,Maharashtra,LRA
2010-01-17,Cotton,15,Nagpur,FAQ,Narkhed,3050,3000,3025.0,Maharashtra,Other
2010-01-17,Cotton,15,Beed,FAQ,Kille Dharur,3170,3100,3150.0,Maharashtra,Other
2010-01-17,Cotton,15,Wardha,FAQ,Arvi,3120,3040,3100.0,Maharashtra,Other
2010-01-18,Cotton,15,Chandrapur,FAQ,Varora,3140,3000,3100.0,Maharashtra,Other
2010-01-18,Cotton,15,Vashim,FAQ,Karanja,3220,3030,3170.0,Maharashtra,Other
2010-01-18,Cotton,15,Amarawati,FAQ,Dhamngaon-Railway,3181,2950,3110.0,Maharashtra,Other
2010-01-18,Cotton,15,Parbhani,FAQ,Selu,3200,3126,3175.0,Maharashtra,Other
2010-01-18,Cotton,15,Akola,FAQ,Akot,3350,3300,3335.0,Maharashtra,Other
2010-01-18,Cotton,15,Wardha,FAQ,Sindi,3050,2950,3020.0,Maharashtra,Other
2010-01-18,Cotton,15,Yavatmal,FAQ,Vani,3121,3071,3096.0,Maharashtra,Other
2010-01-18,Cotton,15,Vashim,FAQ,Manora,3135,3120,3135.0,Maharashtra,Other
2010-01-18,Cotton,15,Jalgaon,FAQ,Jamner,3000,2850,2900.0,Maharashtra,Other
2010-01-18,Cotton,15,Nagpur,FAQ,Narkhed,3050,3000,3025.0,Maharashtra,Other
2010-01-18,Cotton,15,Hingoli,FAQ,Basmat,3150,3100,3125.0,Maharashtra,Other
2010-01-18,Cotton,15,Akola,FAQ,Telhara,3175,3100,3150.0,Maharashtra,Other
2010-01-18,Cotton,15,Parbhani,FAQ,Parbhani,3215,3100,3180.0,Maharashtra,Other
2010-01-18,Cotton,15,Jalgaon,FAQ,Yawal,3100,3000,3050.0,Maharashtra,Other
2010-01-18,Cotton,15,Jalana,FAQ,Jalana,3126,3034,3070.0,Maharashtra,Other
2010-01-18,Cotton,15,Yavatmal,FAQ,Umarkhed,3192,3050,3100.0,Maharashtra,Other
2010-01-18,Cotton,15,Amarawati,FAQ,Varud,3050,3000,3025.0,Maharashtra,Other
2010-01-18,Cotton,15,Parbhani,FAQ,Manwat,3240,3050,3211.0,Maharashtra,Other
2010-01-19,Cotton,15,Buldhana,FAQ,Chikali,3150,3000,3075.0,Maharashtra,Other
2010-01-19,Cotton,15,Akola,FAQ,Akot,3305,3275,3297.0,Maharashtra,Other
2010-01-19,Cotton,15,Wardha,FAQ,Sindi,3110,2950,3100.0,Maharashtra,Other
2010-01-19,Cotton,15,Yavatmal,FAQ,Umarkhed,3100,3000,3050.0,Maharashtra,Other
2010-01-19,Cotton,15,Parbhani,FAQ,Parbhani,3202,3100,3175.0,Maharashtra,Other
2010-01-19,Cotton,15,Chandrapur,FAQ,Varora,3150,2900,3100.0,Maharashtra,Other
2010-01-19,Cotton,15,Jalgaon,FAQ,Bodwad,3200,3100,3150.0,Maharashtra,Other
2010-01-19,Cotton,15,Parbhani,FAQ,Gangakhed,3150,3000,3100.0,Maharashtra,Other
2010-01-19,Cotton,15,Buldhana,FAQ,Deoulgaon Raja,3205,3050,3170.0,Maharashtra,Other
2010-01-19,Cotton,15,Wardha,FAQ,Arvi,3130,3050,3080.0,Maharashtra,Other
2010-01-19,Cotton,15,Akola,FAQ,Telhara,3200,3100,3150.0,Maharashtra,Other
2010-01-19,Cotton,15,Wardha,FAQ,Hinganghat,3165,2900,3032.0,Maharashtra,LRA
2010-01-19,Cotton,15,Parbhani,FAQ,Selu,3200,3099,3175.0,Maharashtra,Other
2010-01-20,Cotton,15,Parbhani,FAQ,Gangakhed,3090,3025,3040.0,Maharashtra,Other
2010-01-20,Cotton,15,Beed,FAQ,Gevrai,3100,2900,3050.0,Maharashtra,Other
2010-01-20,Cotton,15,Jalana,FAQ,Jalana,3195,3025,3100.0,Maharashtra,Other
2010-01-21,Cotton,15,Chandrapur,FAQ,Varora,3075,2900,3000.0,Maharashtra,Other
2010-01-21,Cotton,15,Hingoli,FAQ,Jawala-Bajar,3140,3000,3070.0,Maharashtra,Other
2010-01-21,Cotton,15,Parbhani,FAQ,Parbhani,3175,3090,3135.0,Maharashtra,Other
2010-01-21,Cotton,15,Hingoli,FAQ,Basmat,3131,3100,3115.0,Maharashtra,Other
2010-01-21,Cotton,15,Yavatmal,FAQ,Vani,3131,3063,3097.0,Maharashtra,Other
2010-01-21,Cotton,15,Buldhana,FAQ,Deoulgaon Raja,3185,2900,3125.0,Maharashtra,Other
2010-01-21,Cotton,15,Wardha,FAQ,Arvi,3050,3011,3025.0,Maharashtra,Other
2010-01-21,Cotton,15,Wardha,FAQ,Hinganghat,3145,2900,3022.0,Maharashtra,Other
2010-01-21,Cotton,15,Hingoli,FAQ,Sengoan,3100,2800,3050.0,Maharashtra,Other
2010-01-21,Cotton,15,Akola,FAQ,Akot,3175,3050,3143.0,Maharashtra,H-4(A) 27mm FIne
2010-01-22,Cotton,15,Nagpur,FAQ,Narkhed,3000,2900,2950.0,Maharashtra,Other
2010-01-22,Cotton,15,Wardha,FAQ,Arvi,3170,3060,3100.0,Maharashtra,Other
2010-01-22,Cotton,15,Nanded,FAQ,Bhokar,3125,3000,3100.0,Maharashtra,Other
2010-01-22,Cotton,15,Hingoli,FAQ,Sengoan,3100,3000,3050.0,Maharashtra,Other
2010-01-22,Cotton,15,Yavatmal,FAQ,Umarkhed,3109,2950,3000.0,Maharashtra,Other
2010-01-22,Cotton,15,Parbhani,FAQ,Selu,3174,3135,3154.0,Maharashtra,Other
2010-01-22,Cotton,15,Beed,FAQ,Gevrai,3050,2900,3000.0,Maharashtra,Other
2010-01-22,Cotton,15,Nagpur,FAQ,Kalmeshwar,3030,2850,2975.0,Maharashtra,Other
2010-01-22,Cotton,15,Akola,FAQ,Telhara,3180,3100,3140.0,Maharashtra,Other
2010-01-23,Cotton,15,Wardha,FAQ,Hinganghat,3150,2900,3025.0,Maharashtra,Other
2010-01-23,Cotton,15,Hingoli,FAQ,Basmat,3130,3100,3115.0,Maharashtra,Other
2010-01-23,Cotton,15,Nagpur,FAQ,Narkhed,3050,3000,3025.0,Maharashtra,Other
2010-01-23,Cotton,15,Nagpur,FAQ,Kalmeshwar,3000,2850,2970.0,Maharashtra,Other
2010-01-23,Cotton,15,Parbhani,FAQ,Manwat,3170,3050,3140.0,Maharashtra,Other
2010-01-23,Cotton,15,Parbhani,FAQ,Selu,3180,3141,3146.0,Maharashtra,Other
2010-01-23,Cotton,15,Nanded,FAQ,Bhokar,3125,3000,3000.0,Maharashtra,Other
2010-01-23,Cotton,15,Wardha,FAQ,Sindi,3070,2950,3030.0,Maharashtra,Other
2010-01-24,Cotton,15,Beed,FAQ,Kille Dharur,3150,3100,3100.0,Maharashtra,Other
2010-01-24,Cotton,15,Jalgaon,FAQ,Yawal,3100,3000,3050.0,Maharashtra,Other
2010-01-24,Cotton,15,Nagpur,FAQ,Narkhed,3050,3000,3025.0,Maharashtra,Other
2010-01-25,Cotton,15,Buldhana,FAQ,Nandura,3200,2900,3100.0,Maharashtra,Other
2010-01-25,Cotton,15,Hingoli,FAQ,Jawala-Bajar,3100,3000,3050.0,Maharashtra,Other
2010-01-25,Cotton,15,Parbhani,FAQ,Gangakhed,3080,3000,3070.0,Maharashtra,Other
2010-01-25,Cotton,15,Wardha,FAQ,Sindi,3100,2970,3050.0,Maharashtra,Other
2010-01-25,Cotton,15,Akola,FAQ,Telhara,3150,3000,3075.0,Maharashtra,Other
2010-01-25,Cotton,15,Chandrapur,FAQ,Varora,3000,2950,2975.0,Maharashtra,Other
2010-01-25,Cotton,15,Nagpur,FAQ,Narkhed,3000,2900,2950.0,Maharashtra,Other
2010-01-25,Cotton,15,Nagpur,FAQ,Kalmeshwar,2990,2850,2950.0,Maharashtra,Other
2010-01-25,Cotton,15,Buldhana,FAQ,Deoulgaon Raja,3200,2910,3115.0,Maharashtra,Other
2010-01-25,Cotton,15,Gadchiroli,FAQ,Aheri,2850,2800,2825.0,Maharashtra,Other
2010-01-25,Cotton,15,Wardha,FAQ,Arvi,3070,3020,3050.0,Maharashtra,Other
2010-01-25,Cotton,15,Beed,FAQ,Kille Dharur,3150,3000,3105.0,Maharashtra,Other
2010-01-25,Cotton,15,Jalgaon,FAQ,Jamner,3100,2850,2900.0,Maharashtra,Other
2010-01-26,Cotton,15,Wardha,FAQ,Arvi,3070,3000,3050.0,Maharashtra,Other
2010-01-26,Cotton,15,Jalgaon,FAQ,Yawal,3100,3000,3050.0,Maharashtra,Other
2010-01-26,Cotton,15,Nagpur,FAQ,Narkhed,3000,2900,2950.0,Maharashtra,Other
2010-01-26,Cotton,15,Nanded,FAQ,Bhokar,3100,3000,3000.0,Maharashtra,Other
2010-01-27,Cotton,15,Wardha,FAQ,Arvi,3050,2970,3020.0,Maharashtra,Other
2010-01-27,Cotton,15,Jalgaon,FAQ,Yawal,3100,3000,3050.0,Maharashtra,Other
2010-01-27,Cotton,15,Akola,FAQ,Akot,3105,3025,3085.0,Maharashtra,H-4(A) 27mm FIne
2010-01-27,Cotton,15,Akola,FAQ,Telhara,3140,3050,3095.0,Maharashtra,Other
2010-01-27,Cotton,15,Hingoli,FAQ,Jawala-Bajar,3070,3025,3048.0,Maharashtra,Other
2010-01-27,Cotton,15,Wardha,FAQ,Sindi,3100,2880,2900.0,Maharashtra,Other
2010-01-27,Cotton,15,Jalgaon,FAQ,Jamner,3100,2850,2900.0,Maharashtra,Other
2010-01-27,Cotton,15,Jalana,FAQ,Partur,3070,3040,3050.0,Maharashtra,Other
2010-01-27,Cotton,15,Parbhani,FAQ,Parbhani,3120,2980,3050.0,Maharashtra,Other
2010-01-27,Cotton,15,Chandrapur,FAQ,Varora,2900,2800,2850.0,Maharashtra,Other
2010-01-27,Cotton,15,Yavatmal,FAQ,Umarkhed,3045,2900,2950.0,Maharashtra,Other
2010-01-27,Cotton,15,Hingoli,FAQ,Sengoan,3050,3000,3000.0,Maharashtra,Other
2010-01-27,Cotton,15,Hingoli,FAQ,Hingoli,3040,2850,2945.0,Maharashtra,Other
2010-01-28,Cotton,15,Jalana,FAQ,Partur,3050,3040,3045.0,Maharashtra,Other
2010-01-28,Cotton,15,Wardha,FAQ,Arvi,3070,2950,3040.0,Maharashtra,Other
2010-01-28,Cotton,15,Parbhani,FAQ,Selu,3080,2996,3048.0,Maharashtra,Other
2010-01-29,Cotton,15,Akola,FAQ,Telhara,3096,3050,3076.0,Maharashtra,Other
2010-01-29,Cotton,15,Amarawati,FAQ,Varud,3030,2870,2970.0,Maharashtra,Other
2010-01-29,Cotton,15,Nanded,FAQ,Bhokar,3040,2900,2950.0,Maharashtra,Other
2010-01-29,Cotton,15,Beed,FAQ,Kille Dharur,3006,2950,3006.0,Maharashtra,Other
2010-01-29,Cotton,15,Wardha,FAQ,Sindi,2955,2850,2900.0,Maharashtra,Other
2010-01-29,Cotton,15,Hingoli,FAQ,Jawala-Bajar,3051,3000,3026.0,Maharashtra,Other
2010-01-29,Cotton,15,Vashim,FAQ,Karanja,3110,2945,3045.0,Maharashtra,Other
2010-01-29,Cotton,15,Parbhani,FAQ,Selu,3094,2871,3071.0,Maharashtra,Other
2010-01-29,Cotton,15,Yavatmal,FAQ,Vani,3000,2868,2934.0,Maharashtra,Other
2010-01-29,Cotton,15,Jalgaon,FAQ,Jamner,3000,2850,2900.0,Maharashtra,Other
2010-01-29,Cotton,15,Jalgaon,FAQ,Bodwad,3050,3000,3025.0,Maharashtra,Other
2010-01-29,Cotton,15,Parbhani,FAQ,Parbhani,3126,2950,3050.0,Maharashtra,Other
2010-01-30,Cotton,15,Hingoli,FAQ,Basmat,3021,2975,3000.0,Maharashtra,Other
2010-01-30,Cotton,15,Jalgaon,FAQ,Yawal,3100,3000,3050.0,Maharashtra,Other
2010-01-30,Cotton,15,Hingoli,FAQ,Sengoan,3000,2800,2950.0,Maharashtra,Other
2010-01-30,Cotton,15,Nagpur,FAQ,Kalmeshwar,2950,2850,2925.0,Maharashtra,Other
2010-01-30,Cotton,15,Nandurbar,FAQ,Navapur,2700,2700,2700.0,Maharashtra,Other
2010-01-30,Cotton,15,Jalana,FAQ,Jalana,3025,2929,2950.0,Maharashtra,Other
2010-01-30,Cotton,15,Buldhana,FAQ,Chikali,3050,3000,3025.0,Maharashtra,Other
2010-01-30,Cotton,15,Yavatmal,FAQ,Yeotmal,3071,2900,3011.0,Maharashtra,Other
2010-01-30,Cotton,15,Hingoli,FAQ,Hingoli,3040,2850,2945.0,Maharashtra,Other
2010-01-30,Cotton,15,Jalana,FAQ,Partur,3025,2995,3000.0,Maharashtra,Other
2010-01-31,Cotton,15,Jalgaon,FAQ,Yawal,3100,3000,3050.0,Maharashtra,Other
2010-02-01,Cotton,15,Amarawati,FAQ,Dhamngaon-Railway,3061,2953,3010.0,Maharashtra,Other
2010-02-01,Cotton,15,Beed,FAQ,Gevrai,2975,2850,2950.0,Maharashtra,Other
2010-02-01,Cotton,15,Hingoli,FAQ,Basmat,3066,3000,3033.0,Maharashtra,Other
2010-02-01,Cotton,15,Parbhani,FAQ,Gangakhed,3000,2900,2950.0,Maharashtra,Other
2010-02-01,Cotton,15,Yavatmal,FAQ,Vani,3021,2956,2989.0,Maharashtra,Other
2010-02-01,Cotton,15,Yavatmal,FAQ,Yeotmal,3051,2874,2969.0,Maharashtra,Other
2010-02-01,Cotton,15,Buldhana,FAQ,Deoulgaon Raja,3140,2950,3000.0,Maharashtra,Other
2010-02-01,Cotton,15,Nanded,FAQ,Bhokar,3050,2900,2975.0,Maharashtra,Other
2010-02-01,Cotton,15,Jalgaon,FAQ,Jamner,3000,2850,2900.0,Maharashtra,Other
2010-02-02,Cotton,15,Amarawati,FAQ,Varud,3000,2900,2950.0,Maharashtra,Other
2010-02-02,Cotton,15,Jalgaon,FAQ,Yawal,3100,3000,3050.0,Maharashtra,Other
2010-02-02,Cotton,15,Wardha,FAQ,Hinganghat,3095,2900,2997.0,Maharashtra,Other
2010-02-02,Cotton,15,Akola,FAQ,Akot,3125,3035,3103.0,Maharashtra,H-4(A) 27mm FIne
2010-02-02,Cotton,15,Buldhana,FAQ,Deoulgaon Raja,3155,2850,3010.0,Maharashtra,Other
2010-02-02,Cotton,15,Chandrapur,FAQ,Varora,2950,2800,2900.0,Maharashtra,Other
2010-02-02,Cotton,15,Wardha,FAQ,Sindi,3000,2930,2950.0,Maharashtra,Other
2010-02-02,Cotton,15,Nagpur,FAQ,Kalmeshwar,2950,2850,2900.0,Maharashtra,Other
2010-02-02,Cotton,15,Akola,FAQ,Telhara,3125,3050,3087.0,Maharashtra,Other
2010-02-03,Cotton,15,Hingoli,FAQ,Hingoli,3024,2850,2937.0,Maharashtra,Other
2010-02-03,Cotton,15,Amarawati,FAQ,Dhamngaon-Railway,3069,2951,3010.0,Maharashtra,Other
2010-02-03,Cotton,15,Nanded,FAQ,Bhokar,3050,2900,2975.0,Maharashtra,Other
2010-02-03,Cotton,15,Wardha,FAQ,Hinganghat,3080,2900,2990.0,Maharashtra,Other
2010-02-03,Cotton,15,Hingoli,FAQ,Basmat,3050,3000,3025.0,Maharashtra,Other
2010-02-03,Cotton,15,Beed,FAQ,Kille Dharur,3006,2900,3006.0,Maharashtra,Other
2010-02-03,Cotton,15,Jalana,FAQ,Partur,3025,2990,3000.0,Maharashtra,Other
2010-02-03,Cotton,15,Jalana,FAQ,Ghansawangi,3040,2900,3000.0,Maharashtra,Other
2010-02-03,Cotton,15,Yavatmal,FAQ,Yeotmal,3062,2900,3017.0,Maharashtra,Other
2010-02-03,Cotton,15,Yavatmal,FAQ,Darwha,3030,2900,2965.0,Maharashtra,Other
2010-02-03,Cotton,15,Parbhani,FAQ,Manwat,3111,3050,3090.0,Maharashtra,Other
2010-02-03,Cotton,15,Akola,FAQ,Akot,3135,3025,3107.0,Maharashtra,H-4(A) 27mm FIne
2010-02-04,Cotton,15,Nagpur,FAQ,Narkhed,2960,2900,2930.0,Maharashtra,Other
2010-02-04,Cotton,15,Parbhani,FAQ,Gangakhed,3000,2950,2980.0,Maharashtra,Other
2010-02-04,Cotton,15,Wardha,FAQ,Samudrapur,3011,2900,2955.0,Maharashtra,Other
2010-02-04,Cotton,15,Wardha,FAQ,Arvi,3000,2950,2975.0,Maharashtra,Other
2010-02-04,Cotton,15,Parbhani,FAQ,Manwat,3155,3090,3125.0,Maharashtra,Other
2010-02-04,Cotton,15,Yavatmal,FAQ,Vani,3051,2965,3008.0,Maharashtra,Other
2010-02-04,Cotton,15,Jalana,FAQ,Partur,3060,3000,3025.0,Maharashtra,Other
2010-02-04,Cotton,15,Chandrapur,FAQ,Chandrapur,2126,2086,2110.0,Maharashtra,Other
2010-02-04,Cotton,15,Jalana,FAQ,Jalana,3043,3001,3025.0,Maharashtra,Other
2010-02-04,Cotton,15,Jalgaon,FAQ,Jamner,3000,2850,2900.0,Maharashtra,Other
2010-02-04,Cotton,15,Hingoli,FAQ,Hingoli,3097,2800,2948.0,Maharashtra,Other
2010-02-04,Cotton,15,Akola,FAQ,Akot,3130,3055,3115.0,Maharashtra,H-4(A) 27mm FIne
2010-02-05,Cotton,15,Amarawati,FAQ,Varud,2960,2875,2917.0,Maharashtra,Other
2010-02-05,Cotton,15,Parbhani,FAQ,Parbhani,3200,3100,3160.0,Maharashtra,Other
2010-02-05,Cotton,15,Parbhani,FAQ,Gangakhed,3000,2980,2990.0,Maharashtra,Other
2010-02-05,Cotton,15,Akola,FAQ,Telhara,3140,3050,3070.0,Maharashtra,Other
2010-02-05,Cotton,15,Chandrapur,FAQ,Varora,3000,2950,2975.0,Maharashtra,Other
2010-02-05,Cotton,15,Nagpur,FAQ,Narkhed,2950,2900,2925.0,Maharashtra,Other
2010-02-05,Cotton,15,Beed,FAQ,Gevrai,3100,2850,3000.0,Maharashtra,Other
2010-02-05,Cotton,15,Nanded,FAQ,Bhokar,3050,2900,2975.0,Maharashtra,Other
2010-02-05,Cotton,15,Hingoli,FAQ,Hingoli,3110,2950,3030.0,Maharashtra,Other
2010-02-05,Cotton,15,Parbhani,FAQ,Selu,3157,3027,3141.0,Maharashtra,Other
2010-02-05,Cotton,15,Wardha,FAQ,Arvi,3021,2960,3000.0,Maharashtra,Other
2010-02-06,Cotton,15,Amarawati,FAQ,Varud,2970,2875,2920.0,Maharashtra,Other
2010-02-06,Cotton,15,Nagpur,FAQ,Narkhed,2950,2900,2925.0,Maharashtra,Other
2010-02-06,Cotton,15,Hingoli,FAQ,Hingoli,3122,2800,2961.0,Maharashtra,Other
2010-02-06,Cotton,15,Parbhani,FAQ,Selu,3111,2953,3081.0,Maharashtra,Other
2010-02-06,Cotton,15,Akola,FAQ,Telhara,3140,3000,3070.0,Maharashtra,Other
2010-02-06,Cotton,15,Parbhani,FAQ,Manwat,3145,3080,3115.0,Maharashtra,Other
2010-02-06,Cotton,15,Wardha,FAQ,Sindi,3000,2900,2950.0,Maharashtra,Other
2010-02-06,Cotton,15,Akola,FAQ,Akot,3155,3070,3134.0,Maharashtra,H-4(A) 27mm FIne
2010-02-06,Cotton,15,Nagpur,FAQ,Kalmeshwar,2960,2850,2930.0,Maharashtra,Other
2010-02-06,Cotton,15,Hingoli,FAQ,Sengoan,3000,2800,2950.0,Maharashtra,Other
2010-02-06,Cotton,15,Parbhani,FAQ,Gangakhed,2950,2800,2900.0,Maharashtra,Other
2010-02-07,Cotton,15,Amarawati,FAQ,Varud,2980,2875,2925.0,Maharashtra,Other
2010-02-08,Cotton,15,Wardha,FAQ,Hinganghat,3080,2900,2990.0,Maharashtra,Other
2010-02-08,Cotton,15,Amarawati,FAQ,Varud,2990,2900,2970.0,Maharashtra,Other
2010-02-08,Cotton,15,Nagpur,FAQ,Kalmeshwar,2960,2850,2925.0,Maharashtra,Other
2010-02-08,Cotton,15,Akola,FAQ,Akot,3270,3250,3265.0,Maharashtra,Other
2010-02-08,Cotton,15,Jalana,FAQ,Jalana,3028,2975,3000.0,Maharashtra,Other
2010-02-08,Cotton,15,Wardha,FAQ,Arvi,3050,2980,3010.0,Maharashtra,Other
2010-02-08,Cotton,15,Parbhani,FAQ,Parbhani,3181,3100,3150.0,Maharashtra,Other
2010-02-08,Cotton,15,Jalgaon,FAQ,Yawal,3050,2950,3000.0,Maharashtra,Other
2010-02-08,Cotton,15,Akola,FAQ,Akot,3145,3095,3133.0,Maharashtra,H-4(A) 27mm FIne
2010-02-08,Cotton,15,Nanded,FAQ,Bhokar,2975,2900,2975.0,Maharashtra,Other
2010-02-09,Cotton,15,Wardha,FAQ,Sindi,3020,2880,2950.0,Maharashtra,Other
2010-02-09,Cotton,15,Wardha,FAQ,Arvi,3080,2950,3015.0,Maharashtra,Other
2010-02-09,Cotton,15,Hingoli,FAQ,Basmat,3050,3000,3025.0,Maharashtra,Other
2010-02-09,Cotton,15,Beed,FAQ,Gevrai,3050,2850,3000.0,Maharashtra,Other
2010-02-09,Cotton,15,Amarawati,FAQ,Varud,3000,2900,2950.0,Maharashtra,Other
2010-02-09,Cotton,15,Jalgaon,FAQ,Jamner,3050,2850,2950.0,Maharashtra,Other
2010-02-09,Cotton,15,Amarawati,FAQ,Dhamngaon-Railway,3176,2900,3035.0,Maharashtra,Other
2010-02-09,Cotton,15,Parbhani,FAQ,Gangakhed,2980,2850,2900.0,Maharashtra,Other
2010-02-09,Cotton,15,Akola,FAQ,Telhara,3150,3050,3100.0,Maharashtra,Other
2010-02-09,Cotton,15,Jalgaon,FAQ,Bodwad,3075,3000,3060.0,Maharashtra,Other
2010-02-10,Cotton,15,Amarawati,FAQ,Varud,3000,2980,2990.0,Maharashtra,Other
2010-02-10,Cotton,15,Buldhana,FAQ,Deoulgaon Raja,3175,2995,3080.0,Maharashtra,Other
2010-02-10,Cotton,15,Beed,FAQ,Gevrai,3100,2850,3000.0,Maharashtra,Other
2010-02-10,Cotton,15,Jalgaon,FAQ,Jamner,3050,2850,2950.0,Maharashtra,Other
2010-02-10,Cotton,15,Nagpur,FAQ,Kalmeshwar,2990,2850,2960.0,Maharashtra,Other
2010-02-10,Cotton,15,Wardha,FAQ,Arvi,3070,2950,3025.0,Maharashtra,Other
2010-02-10,Cotton,15,Akola,FAQ,Telhara,3180,3100,3140.0,Maharashtra,Other
2010-02-10,Cotton,15,Parbhani,FAQ,Parbhani,3191,3100,3150.0,Maharashtra,Other
2010-02-10,Cotton,15,Jalgaon,FAQ,Yawal,3100,3000,3050.0,Maharashtra,Other
2010-02-10,Cotton,15,Parbhani,FAQ,Gangakhed,2950,2800,2900.0,Maharashtra,Other
2010-02-11,Cotton,15,Vashim,FAQ,Karanja,3155,3070,3100.0,Maharashtra,Other
2010-02-11,Cotton,15,Parbhani,FAQ,Gangakhed,2900,2800,2850.0,Maharashtra,Other
2010-02-11,Cotton,15,Akola,FAQ,Telhara,3206,3100,3153.0,Maharashtra,Other
2010-02-11,Cotton,15,Parbhani,FAQ,Selu,3175,3051,3151.0,Maharashtra,Other
2010-02-11,Cotton,15,Jalana,FAQ,Jalana,3131,3051,3100.0,Maharashtra,Other
2010-02-11,Cotton,15,Nanded,FAQ,Hadgaon,3100,2900,3050.0,Maharashtra,Other
2010-02-11,Cotton,15,Yavatmal,FAQ,Babhulgaon,3050,2950,3000.0,Maharashtra,LRA
2010-02-11,Cotton,15,Yavatmal,FAQ,Vani,3191,3000,3100.0,Maharashtra,Other
2010-02-12,Cotton,15,Wardha,FAQ,Arvi,3070,2960,3030.0,Maharashtra,Other
2010-02-13,Cotton,15,Wardha,FAQ,Hinganghat,3195,2850,3022.0,Maharashtra,Other
2010-02-13,Cotton,15,Amarawati,FAQ,Varud,3070,2950,3010.0,Maharashtra,Other
2010-02-13,Cotton,15,Jalgaon,FAQ,Amalner,3325,2785,3250.0,Maharashtra,H-4(A) 27mm FIne
2010-02-13,Cotton,15,Wardha,FAQ,Arvi,3110,3000,3050.0,Maharashtra,Other
2010-02-14,Cotton,15,Jalgaon,FAQ,Yawal,3100,3000,3050.0,Maharashtra,Other
2010-02-14,Cotton,15,Wardha,FAQ,Arvi,3130,3050,3075.0,Maharashtra,Other
2010-02-15,Cotton,15,Nanded,FAQ,Hadgaon,3100,2850,3050.0,Maharashtra,Other
2010-02-15,Cotton,15,Nagpur,FAQ,Kalmeshwar,3000,2850,2950.0,Maharashtra,Other
2010-02-15,Cotton,15,Jalana,FAQ,Jalana,3136,3071,3100.0,Maharashtra,Other
2010-02-15,Cotton,15,Parbhani,FAQ,Parbhani,3265,3150,3215.0,Maharashtra,Other
2010-02-15,Cotton,15,Wardha,FAQ,Arvi,3120,3040,3100.0,Maharashtra,Other
2010-02-15,Cotton,15,Nanded,FAQ,Bhokar,3150,3000,3100.0,Maharashtra,Other
2010-02-15,Cotton,15,Jalgaon,FAQ,Jamner,3100,3000,3050.0,Maharashtra,Other
2010-02-15,Cotton,15,Amarawati,FAQ,Varud,3080,2950,3015.0,Maharashtra,Other
2010-02-15,Cotton,15,Hingoli,FAQ,Sengoan,3050,2800,3000.0,Maharashtra,Other
2010-02-15,Cotton,15,Wardha,FAQ,Hinganghat,3225,2900,3062.0,Maharashtra,Other
2010-02-16,Cotton,15,Nagpur,FAQ,Narkhed,3075,3000,3038.0,Maharashtra,Other
2010-02-16,Cotton,15,Amarawati,FAQ,Dhamngaon-Railway,3171,2900,3035.0,Maharashtra,Other
2010-02-16,Cotton,15,Wardha,FAQ,Hinganghat,3180,2900,3040.0,Maharashtra,Other
2010-02-16,Cotton,15,Nagpur,FAQ,Kalmeshwar,3025,2850,2950.0,Maharashtra,Other
2010-02-16,Cotton,15,Akola,FAQ,Telhara,3200,3150,3175.0,Maharashtra,Other
2010-02-16,Cotton,15,Jalgaon,FAQ,Jamner,3150,3100,3125.0,Maharashtra,Other
2010-02-16,Cotton,15,Yavatmal,FAQ,Yeotmal,3156,3000,3103.0,Maharashtra,Other
2010-02-17,Cotton,15,Beed,FAQ,Gevrai,3125,2850,3050.0,Maharashtra,Other
2010-02-17,Cotton,15,Jalgaon,FAQ,Yawal,3100,3000,3050.0,Maharashtra,Other
2010-02-17,Cotton,15,Wardha,FAQ,Arvi,3120,3050,3100.0,Maharashtra,Other
2010-02-17,Cotton,15,Nanded,FAQ,Hadgaon,3100,2900,3050.0,Maharashtra,Other
2010-02-17,Cotton,15,Jalgaon,FAQ,Jamner,3150,3100,3125.0,Maharashtra,Other
2010-02-17,Cotton,15,Hingoli,FAQ,Hingoli,3181,3050,3115.0,Maharashtra,Other
2010-02-17,Cotton,15,Jalana,FAQ,Jalana,3127,2960,3075.0,Maharashtra,Other
2010-02-17,Cotton,15,Akola,FAQ,Telhara,3190,3100,3140.0,Maharashtra,Other
2010-02-18,Cotton,15,Parbhani,FAQ,Gangakhed,2980,2920,2970.0,Maharashtra,Other
2010-02-18,Cotton,15,Wardha,FAQ,Sindi,3080,2950,3020.0,Maharashtra,Other
2010-02-18,Cotton,15,Wardha,FAQ,Arvi,3160,3050,3125.0,Maharashtra,Other
2010-02-18,Cotton,15,Jalgaon,FAQ,Yawal,3100,3000,3050.0,Maharashtra,Other
2010-02-18,Cotton,15,Jalana,FAQ,Jalana,3132,3000,3100.0,Maharashtra,Other
2010-02-18,Cotton,15,Akola,FAQ,Telhara,3180,3100,3140.0,Maharashtra,Other
2010-02-18,Cotton,15,Akola,FAQ,Akot,3195,3100,3171.0,Maharashtra,H-4(A) 27mm FIne
2010-02-19,Cotton,15,Nagpur,FAQ,Kalmeshwar,3080,2850,2990.0,Maharashtra,Other
2010-02-19,Cotton,15,Nanded,FAQ,Bhokar,3150,3000,3100.0,Maharashtra,Other
2010-02-19,Cotton,15,Parbhani,FAQ,Selu,3194,3100,3170.0,Maharashtra,Other
2010-02-19,Cotton,15,Hingoli,FAQ,Sengoan,3050,2800,3000.0,Maharashtra,Other
2010-02-20,Cotton,15,Jalgaon,FAQ,Yawal,3100,3000,3050.0,Maharashtra,Other
2010-02-20,Cotton,15,Beed,FAQ,Gevrai,3125,2850,3050.0,Maharashtra,Other
2010-02-20,Cotton,15,Akola,FAQ,Telhara,3251,3150,3200.0,Maharashtra,Other
2010-02-20,Cotton,15,Hingoli,FAQ,Sengoan,3100,2900,3050.0,Maharashtra,Other
2010-02-20,Cotton,15,Akola,FAQ,Akot,3330,3190,3295.0,Maharashtra,Other
2010-02-20,Cotton,15,Akola,FAQ,Akot,3300,3185,3271.0,Maharashtra,H-4(A) 27mm FIne
2010-02-20,Cotton,15,Parbhani,FAQ,Gangakhed,3060,2950,3000.0,Maharashtra,Other
2010-02-20,Cotton,15,Parbhani,FAQ,Selu,3219,3150,3199.0,Maharashtra,Other
2010-02-22,Cotton,15,Jalgaon,FAQ,Jamner,3100,3000,3050.0,Maharashtra,Other
2010-02-22,Cotton,15,Nanded,FAQ,Hadgaon,3150,2900,3075.0,Maharashtra,Other
2010-02-22,Cotton,15,Nanded,FAQ,Bhokar,3130,3050,3100.0,Maharashtra,Other
2010-02-22,Cotton,15,Wardha,FAQ,Hinganghat,3205,2900,3052.0,Maharashtra,Other
2010-02-22,Cotton,15,Amarawati,FAQ,Dhamngaon-Railway,3200,3000,3100.0,Maharashtra,Other
2010-02-22,Cotton,15,Akola,FAQ,Akot,3240,3090,3202.0,Maharashtra,H-4(A) 27mm FIne
2010-02-22,Cotton,15,Parbhani,FAQ,Selu,3234,3132,3170.0,Maharashtra,Other
2010-02-23,Cotton,15,Nagpur,FAQ,Kalmeshwar,3120,2850,3060.0,Maharashtra,Other
2010-02-23,Cotton,15,Buldhana,FAQ,Deoulgaon Raja,3190,3080,3100.0,Maharashtra,Other
2010-02-23,Cotton,15,Parbhani,FAQ,Gangakhed,2990,2850,2900.0,Maharashtra,Other
2010-02-23,Cotton,15,Parbhani,FAQ,Parbhani,3240,3150,3170.0,Maharashtra,Other
2010-02-23,Cotton,15,Yavatmal,FAQ,Vani,3141,3057,3099.0,Maharashtra,Other
2010-02-23,Cotton,15,Akola,FAQ,Akot,3270,3140,3225.0,Maharashtra,H-4(A) 27mm FIne
2010-02-23,Cotton,15,Nanded,FAQ,Hadgaon,3150,2900,3125.0,Maharashtra,Other
2010-02-23,Cotton,15,Jalana,FAQ,Partur,3232,3141,3191.0,Maharashtra,Other
2010-02-23,Cotton,15,Nagpur,FAQ,Narkhed,3070,3000,3038.0,Maharashtra,Other
2010-02-24,Cotton,15,Parbhani,FAQ,Selu,3206,3039,3185.0,Maharashtra,Other
2010-02-24,Cotton,15,Wardha,FAQ,Sindi,3140,3000,3110.0,Maharashtra,Other
2010-02-24,Cotton,15,Nagpur,FAQ,Narkhed,3070,3000,3038.0,Maharashtra,Other
2010-02-24,Cotton,15,Akola,FAQ,Telhara,3175,3100,3137.0,Maharashtra,Other
2010-02-24,Cotton,15,Beed,FAQ,Gevrai,3200,2850,3100.0,Maharashtra,Other
2010-02-24,Cotton,15,Jalana,FAQ,Jalana,3151,3060,3125.0,Maharashtra,Other
2010-02-24,Cotton,15,Yavatmal,FAQ,Babhulgaon,3165,3050,3100.0,Maharashtra,LRA
2010-02-24,Cotton,15,Parbhani,FAQ,Parbhani,3271,3100,3140.0,Maharashtra,Other
2010-02-25,Cotton,15,Amarawati,FAQ,Dhamngaon-Railway,3100,3000,3050.0,Maharashtra,Other
2010-02-25,Cotton,15,Parbhani,FAQ,Parbhani,3181,3090,3150.0,Maharashtra,Other
2010-02-25,Cotton,15,Jalana,FAQ,Jalana,3160,3000,3125.0,Maharashtra,Other
2010-02-25,Cotton,15,Akola,FAQ,Telhara,3150,3050,3100.0,Maharashtra,Other
2010-02-25,Cotton,15,Yavatmal,FAQ,Babhulgaon,3130,3000,3050.0,Maharashtra,LRA
2010-02-25,Cotton,15,Jalgaon,FAQ,Amalner,3120,2860,2955.0,Maharashtra,H-4(A) 27mm FIne
2010-02-25,Cotton,15,Yavatmal,FAQ,Vani,3031,2801,2916.0,Maharashtra,Other
2010-02-25,Cotton,15,Wardha,FAQ,Arvi,3180,3100,3140.0,Maharashtra,Other
2010-02-26,Cotton,15,Wardha,FAQ,Sindi,3100,3000,3050.0,Maharashtra,Other
2010-02-26,Cotton,15,Akola,FAQ,Akot,3205,3135,3180.0,Maharashtra,H-4(A) 27mm FIne
2010-02-26,Cotton,15,Hingoli,FAQ,Sengoan,3050,2900,3000.0,Maharashtra,Other
2010-02-26,Cotton,15,Parbhani,FAQ,Selu,3219,3062,3171.0,Maharashtra,Other
2010-02-26,Cotton,15,Jalgaon,FAQ,Jamner,3200,3100,3150.0,Maharashtra,Other
2010-02-26,Cotton,15,Nanded,FAQ,Hadgaon,3125,2900,3050.0,Maharashtra,Other
2010-02-26,Cotton,15,Amarawati,FAQ,Dhamngaon-Railway,3191,3050,3100.0,Maharashtra,Other
2010-02-27,Cotton,15,Parbhani,FAQ,Selu,3224,3160,3199.0,Maharashtra,Other
2010-02-27,Cotton,15,Wardha,FAQ,Arvi,3160,3070,3120.0,Maharashtra,Other
2010-03-02,Cotton,15,Wardha,FAQ,Sindi,3100,3000,3050.0,Maharashtra,Other
2010-03-02,Cotton,15,Jalana,FAQ,Jalana,3200,3071,3151.0,Maharashtra,Other
2010-03-02,Cotton,15,Akola,FAQ,Akot,1425,1100,1344.0,Maharashtra,Other
2010-03-02,Cotton,15,Wardha,FAQ,Pulgaon,3190,2900,3100.0,Maharashtra,Other
2010-03-02,Cotton,15,Amarawati,FAQ,Dhamngaon-Railway,3211,3000,3105.0,Maharashtra,Other
2010-03-03,Cotton,15,Wardha,FAQ,Hinganghat,3155,2900,3027.0,Maharashtra,Other
2010-03-03,Cotton,15,Nagpur,FAQ,Narkhed,3060,3000,3030.0,Maharashtra,Other
2010-03-03,Cotton,15,Parbhani,FAQ,Parbhani,3225,3131,3180.0,Maharashtra,Other
2010-03-03,Cotton,15,Jalgaon,FAQ,Amalner,3090,2820,2945.0,Maharashtra,H-4(A) 27mm FIne
2010-03-03,Cotton,15,Amarawati,FAQ,Dhamngaon-Railway,3217,3000,3108.0,Maharashtra,Other
2010-03-03,Cotton,15,Akola,FAQ,Akot,3225,3100,3194.0,Maharashtra,H-4(A) 27mm FIne
2010-03-03,Cotton,15,Yavatmal,FAQ,Vani,3051,3021,3036.0,Maharashtra,Other
2010-03-03,Cotton,15,Akola,FAQ,Telhara,3150,3100,3125.0,Maharashtra,Other
2010-03-03,Cotton,15,Parbhani,FAQ,Gangakhed,3030,2850,3000.0,Maharashtra,Other
2010-03-04,Cotton,15,Wardha,FAQ,Hinganghat,3140,2900,3020.0,Maharashtra,Other
2010-03-04,Cotton,15,Nagpur,FAQ,Narkhed,3070,3000,3038.0,Maharashtra,Other
2010-03-04,Cotton,15,Jalana,FAQ,Partur,3201,3150,3165.0,Maharashtra,Other
2010-03-04,Cotton,15,Akola,FAQ,Telhara,3250,3150,3200.0,Maharashtra,Other
2010-03-04,Cotton,15,Jalgaon,FAQ,Jamner,3150,3100,3125.0,Maharashtra,Other
2010-03-04,Cotton,15,Yavatmal,FAQ,Vani,3100,3048,3074.0,Maharashtra,Other
2010-03-04,Cotton,15,Beed,FAQ,Gevrai,3211,2850,3050.0,Maharashtra,Other
2010-03-04,Cotton,15,Amarawati,FAQ,Dhamngaon-Railway,3195,3070,3130.0,Maharashtra,Other
2010-03-05,Cotton,15,Akola,FAQ,Telhara,3180,3100,3140.0,Maharashtra,Other
2010-03-05,Cotton,15,Parbhani,FAQ,Selu,3221,3100,3185.0,Maharashtra,Other
2010-03-05,Cotton,15,Nagpur,FAQ,Narkhed,3060,3000,3030.0,Maharashtra,Other
2010-03-05,Cotton,15,Wardha,FAQ,Wardha,3200,2850,3000.0,Maharashtra,LRA
2010-03-05,Cotton,15,Yavatmal,FAQ,Vani,3081,3000,3050.0,Maharashtra,Other
2010-03-05,Cotton,15,Yavatmal,FAQ,Umarkhed,3160,3000,3100.0,Maharashtra,Other
2010-03-05,Cotton,15,Yavatmal,FAQ,Yeotmal,3193,2975,3141.0,Maharashtra,Other
2010-03-05,Cotton,15,Yavatmal,FAQ,Kalamb,3000,2850,2950.0,Maharashtra,LRA
2010-03-06,Cotton,15,Nagpur,FAQ,Kalmeshwar,3125,2850,3060.0,Maharashtra,Other
2010-03-06,Cotton,15,Hingoli,FAQ,Jawala-Bajar,3200,3181,3191.0,Maharashtra,Other
2010-03-06,Cotton,15,Parbhani,FAQ,Parbhani,3220,3100,3170.0,Maharashtra,Other
2010-03-06,Cotton,15,Yavatmal,FAQ,Kalamb,3000,2850,2950.0,Maharashtra,LRA
2010-03-06,Cotton,15,Jalgaon,FAQ,Amalner,3080,2955,3020.0,Maharashtra,H-4(A) 27mm FIne
2010-03-06,Cotton,15,Beed,FAQ,Kille Dharur,3150,3080,3123.0,Maharashtra,Other
2010-03-06,Cotton,15,Nagpur,FAQ,Narkhed,3050,3000,3025.0,Maharashtra,Other
2010-03-06,Cotton,15,Yavatmal,FAQ,Umarkhed,3115,3000,3075.0,Maharashtra,Other
2010-03-08,Cotton,15,Wardha,FAQ,Pulgaon,3221,2900,3120.0,Maharashtra,Other
2010-03-08,Cotton,15,Vashim,FAQ,Karanja,3200,3005,3170.0,Maharashtra,Other
2010-03-08,Cotton,15,Hingoli,FAQ,Jawala-Bajar,3190,3165,3178.0,Maharashtra,Other
2010-03-08,Cotton,15,Akola,FAQ,Telhara,3200,3100,3150.0,Maharashtra,Other
2010-03-08,Cotton,15,Jalgaon,FAQ,Jamner,3250,3100,3200.0,Maharashtra,Other
2010-03-08,Cotton,15,Akola,FAQ,Akot,3310,3250,3295.0,Maharashtra,Other
2010-03-08,Cotton,15,Akola,FAQ,Akot,3205,3165,3195.0,Maharashtra,H-4(A) 27mm FIne
2010-03-09,Cotton,15,Yavatmal,FAQ,Yeotmal,3173,3053,3133.0,Maharashtra,Other
2010-03-09,Cotton,15,Jalgaon,FAQ,Bodwad,3200,3050,3150.0,Maharashtra,Other
2010-03-09,Cotton,15,Jalana,FAQ,Jalana,3175,3100,3100.0,Maharashtra,Other
2010-03-09,Cotton,15,Wardha,FAQ,Sindi,3150,3000,3075.0,Maharashtra,Other
2010-03-09,Cotton,15,Hingoli,FAQ,Sengoan,2950,2800,2900.0,Maharashtra,Other
2010-03-09,Cotton,15,Jalgaon,FAQ,Amalner,3020,2845,2955.0,Maharashtra,H-4(A) 27mm FIne
2010-03-09,Cotton,15,Beed,FAQ,Gevrai,3181,2850,3100.0,Maharashtra,Other
2010-03-09,Cotton,15,Nagpur,FAQ,Kalmeshwar,3100,2850,3050.0,Maharashtra,Other
2010-03-10,Cotton,15,Yavatmal,FAQ,Darwha,3150,3100,3125.0,Maharashtra,Other
2010-03-10,Cotton,15,Jalgaon,FAQ,Amalner,3060,2825,2960.0,Maharashtra,H-4(A) 27mm FIne
2010-03-10,Cotton,15,Parbhani,FAQ,Parbhani,3171,3125,3135.0,Maharashtra,Other
2010-03-10,Cotton,15,Beed,FAQ,Gevrai,3171,2850,3100.0,Maharashtra,Other
2010-03-10,Cotton,15,Nagpur,FAQ,Kalmeshwar,3100,2850,3050.0,Maharashtra,Other
2010-03-10,Cotton,15,Wardha,FAQ,Sindi,3150,3000,3070.0,Maharashtra,Other
2010-03-11,Cotton,15,Nagpur,FAQ,Narkhed,3125,3100,3112.0,Maharashtra,Other
2010-03-11,Cotton,15,Parbhani,FAQ,Parbhani,3199,3070,3155.0,Maharashtra,Other
2010-03-11,Cotton,15,Vashim,FAQ,Karanja,3165,3075,3125.0,Maharashtra,Other
2010-03-11,Cotton,15,Yavatmal,FAQ,Yeotmal,3152,3051,3121.0,Maharashtra,Other
2010-03-11,Cotton,15,Yavatmal,FAQ,Kalamb,3100,2900,3000.0,Maharashtra,LRA
2010-03-11,Cotton,15,Parbhani,FAQ,Selu,3220,3176,3206.0,Maharashtra,Other
2010-03-11,Cotton,15,Akola,FAQ,Akot,3185,3165,3180.0,Maharashtra,H-4(A) 27mm FIne
2010-03-11,Cotton,15,Parbhani,FAQ,Gangakhed,3000,2970,2990.0,Maharashtra,Other
2010-03-11,Cotton,15,Akola,FAQ,Telhara,3175,3100,3150.0,Maharashtra,Other
2010-03-11,Cotton,15,Nagpur,FAQ,Kalmeshwar,3100,2850,3050.0,Maharashtra,Other
2010-03-12,Cotton,15,Akola,FAQ,Akot,3150,3100,3145.0,Maharashtra,H-4(A) 27mm FIne
2010-03-12,Cotton,15,Parbhani,FAQ,Parbhani,3201,3050,3160.0,Maharashtra,Other
2010-03-12,Cotton,15,Wardha,FAQ,Pulgaon,3100,2950,3050.0,Maharashtra,Other
2010-03-12,Cotton,15,Hingoli,FAQ,Hingoli,3075,3050,3063.0,Maharashtra,Other
2010-03-12,Cotton,15,Wardha,FAQ,Hinganghat,3040,2900,2970.0,Maharashtra,Other
2010-03-12,Cotton,15,Yavatmal,FAQ,Kalamb,3100,2900,3000.0,Maharashtra,LRA
2010-03-13,Cotton,15,Akola,FAQ,Telhara,3175,3100,3150.0,Maharashtra,Other
2010-03-13,Cotton,15,Wardha,FAQ,Sindi,3100,3000,3050.0,Maharashtra,Other
2010-03-13,Cotton,15,Parbhani,FAQ,Gangakhed,3060,2980,3000.0,Maharashtra,Other
2010-03-13,Cotton,15,Wardha,FAQ,Pulgaon,3000,2900,2960.0,Maharashtra,Other
2010-03-13,Cotton,15,Nagpur,FAQ,Narkhed,3125,3100,3112.0,Maharashtra,Other
2010-03-13,Cotton,15,Parbhani,FAQ,Parbhani,3191,3125,3150.0,Maharashtra,Other
2010-03-13,Cotton,15,Jalgaon,FAQ,Jamner,3100,3000,3050.0,Maharashtra,Other
2010-03-14,Cotton,15,Nagpur,FAQ,Narkhed,3125,3100,3112.0,Maharashtra,Other
2010-03-15,Cotton,15,Akola,FAQ,Akot,3245,3125,3215.0,Maharashtra,H-4(A) 27mm FIne
2010-03-15,Cotton,15,Vashim,FAQ,Karanja,3185,3100,3165.0,Maharashtra,Other
2010-03-15,Cotton,15,Wardha,FAQ,Pulgaon,3100,2950,3040.0,Maharashtra,Other
2010-03-15,Cotton,15,Jalgaon,FAQ,Jamner,3150,3100,3125.0,Maharashtra,Other
2010-03-15,Cotton,15,Wardha,FAQ,Hinganghat,3110,2900,3005.0,Maharashtra,Other
2010-03-16,Cotton,15,Wardha,FAQ,Pulgaon,3131,3131,3131.0,Maharashtra,Other
2010-03-16,Cotton,15,Hingoli,FAQ,Jawala-Bajar,3180,3140,3160.0,Maharashtra,Other
2010-03-17,Cotton,15,Jalgaon,FAQ,Jamner,3150,3100,3125.0,Maharashtra,Other
2010-03-17,Cotton,15,Akola,FAQ,Telhara,3250,3150,3200.0,Maharashtra,Other
2010-03-17,Cotton,15,Akola,FAQ,Akot,3310,3150,3270.0,Maharashtra,H-4(A) 27mm FIne
2010-03-17,Cotton,15,Hingoli,FAQ,Sengoan,3100,2800,3000.0,Maharashtra,Other
2010-03-17,Cotton,15,Wardha,FAQ,Pulgaon,3281,3000,3140.0,Maharashtra,Other
2010-03-17,Cotton,15,Yavatmal,FAQ,Umarkhed,3070,3000,3030.0,Maharashtra,Other
2010-03-17,Cotton,15,Parbhani,FAQ,Gangakhed,3000,2950,2990.0,Maharashtra,Other
2010-03-17,Cotton,15,Jalana,FAQ,Ghansawangi,3200,3050,3150.0,Maharashtra,Other
2010-03-18,Cotton,15,Parbhani,FAQ,Selu,3269,3150,3211.0,Maharashtra,Other
2010-03-18,Cotton,15,Yavatmal,FAQ,Vani,3151,3109,3130.0,Maharashtra,Other
2010-03-18,Cotton,15,Parbhani,FAQ,Parbhani,3259,3150,3200.0,Maharashtra,Other
2010-03-18,Cotton,15,Hingoli,FAQ,Sengoan,3050,2800,3000.0,Maharashtra,Other
2010-03-18,Cotton,15,Akola,FAQ,Telhara,3265,3100,3182.0,Maharashtra,Other
2010-03-18,Cotton,15,Hingoli,FAQ,Jawala-Bajar,3220,3161,3191.0,Maharashtra,Other
2010-03-18,Cotton,15,Parbhani,FAQ,Gangakhed,2990,2920,2989.0,Maharashtra,Other
2010-03-18,Cotton,15,Wardha,FAQ,Arvi,3151,3080,3110.0,Maharashtra,Other
2010-03-18,Cotton,15,Jalana,FAQ,Partur,3280,3240,3265.0,Maharashtra,Other
2010-03-19,Cotton,15,Hingoli,FAQ,Hingoli,3220,3100,3160.0,Maharashtra,Other
2010-03-19,Cotton,15,Parbhani,FAQ,Selu,3275,3150,3260.0,Maharashtra,Other
2010-03-19,Cotton,15,Akola,FAQ,Telhara,3315,3250,3280.0,Maharashtra,Other
2010-03-19,Cotton,15,Wardha,FAQ,Arvi,3151,3080,3115.0,Maharashtra,Other
2010-03-19,Cotton,15,Jalgaon,FAQ,Jamner,3160,3100,3140.0,Maharashtra,Other
2010-03-19,Cotton,15,Hingoli,FAQ,Sengoan,3100,2800,3000.0,Maharashtra,Other
2010-03-19,Cotton,15,Akola,FAQ,Akot,3340,3250,3317.0,Maharashtra,H-4(A) 27mm FIne
2010-03-19,Cotton,15,Yavatmal,FAQ,Umarkhed,3150,3000,3100.0,Maharashtra,Other
2010-03-19,Cotton,15,Amarawati,FAQ,Dhamngaon-Railway,3181,3051,3110.0,Maharashtra,Other
2010-03-20,Cotton,15,Hingoli,FAQ,Hingoli,3255,3140,3202.0,Maharashtra,Other
2010-03-20,Cotton,15,Hingoli,FAQ,Jawala-Bajar,3250,3150,3200.0,Maharashtra,Other
2010-03-20,Cotton,15,Akola,FAQ,Akot,3300,3245,3286.0,Maharashtra,H-4(A) 27mm FIne
2010-03-20,Cotton,15,Wardha,FAQ,Arvi,3161,3080,3120.0,Maharashtra,Other
2010-03-20,Cotton,15,Beed,FAQ,Gevrai,3150,2900,3100.0,Maharashtra,Other
2010-03-20,Cotton,15,Akola,FAQ,Telhara,3300,3250,3270.0,Maharashtra,Other
2010-03-21,Cotton,15,Nagpur,FAQ,Narkhed,3100,3000,3050.0,Maharashtra,Other
2010-03-21,Cotton,15,Wardha,FAQ,Arvi,3171,3100,3125.0,Maharashtra,Other
2010-03-22,Cotton,15,Akola,FAQ,Telhara,3326,3250,3280.0,Maharashtra,Other
2010-03-22,Cotton,15,Jalgaon,FAQ,Jamner,3150,3100,3120.0,Maharashtra,Other
2010-03-22,Cotton,15,Parbhani,FAQ,Gangakhed,3000,2900,2990.0,Maharashtra,Other
2010-03-22,Cotton,15,Beed,FAQ,Gevrai,3180,2850,3100.0,Maharashtra,Other
2010-03-22,Cotton,15,Amarawati,FAQ,Dhamngaon-Railway,3312,3180,3250.0,Maharashtra,Other
2010-03-22,Cotton,15,Nagpur,FAQ,Kalmeshwar,3110,2850,3060.0,Maharashtra,Other
2010-03-22,Cotton,15,Wardha,FAQ,Arvi,3171,3100,3150.0,Maharashtra,Other
2010-03-22,Cotton,15,Wardha,FAQ,Sindi,3100,3000,3050.0,Maharashtra,Other
2010-03-22,Cotton,15,Vashim,FAQ,Karanja,3325,3165,3285.0,Maharashtra,Other
2010-03-23,Cotton,15,Parbhani,FAQ,Selu,3358,3100,3280.0,Maharashtra,Other
2010-03-23,Cotton,15,Akola,FAQ,Akot,3385,3275,3335.0,Maharashtra,H-4(A) 27mm FIne
2010-03-23,Cotton,15,Amarawati,FAQ,Dhamngaon-Railway,3301,3200,3250.0,Maharashtra,Other
2010-03-23,Cotton,15,Parbhani,FAQ,Parbhani,3326,3250,3265.0,Maharashtra,Other
2010-03-24,Cotton,15,Jalana,FAQ,Ghansawangi,3200,3000,3150.0,Maharashtra,Other
2010-03-24,Cotton,15,Hingoli,FAQ,Jawala-Bajar,3260,3200,3230.0,Maharashtra,Other
2010-03-24,Cotton,15,Beed,FAQ,Kille Dharur,3231,3100,3180.0,Maharashtra,Other
2010-03-24,Cotton,15,Wardha,FAQ,Arvi,3181,3121,3155.0,Maharashtra,Other
2010-03-24,Cotton,15,Parbhani,FAQ,Parbhani,3315,3250,3271.0,Maharashtra,Other
2010-03-24,Cotton,15,Wardha,FAQ,Pulgaon,3266,3000,3140.0,Maharashtra,Other
2010-03-25,Cotton,15,Hingoli,FAQ,Sengoan,3100,2800,3050.0,Maharashtra,Other
2010-03-25,Cotton,15,Akola,FAQ,Akot,3315,3180,3281.0,Maharashtra,H-4(A) 27mm FIne
2010-03-25,Cotton,15,Parbhani,FAQ,Parbhani,3315,3250,3270.0,Maharashtra,Other
2010-03-25,Cotton,15,Jalgaon,FAQ,Jamner,3270,3200,3230.0,Maharashtra,Other
2010-03-25,Cotton,15,Hingoli,FAQ,Hingoli,3210,3160,3185.0,Maharashtra,Other
2010-03-25,Cotton,15,Parbhani,FAQ,Selu,3323,3100,3276.0,Maharashtra,Other
2010-03-25,Cotton,15,Hingoli,FAQ,Jawala-Bajar,3250,3200,3225.0,Maharashtra,Other
2010-03-25,Cotton,15,Parbhani,FAQ,Gangakhed,3000,2950,2980.0,Maharashtra,Other
2010-03-25,Cotton,15,Vashim,FAQ,Karanja,3360,3270,3325.0,Maharashtra,Other
2010-03-25,Cotton,15,Wardha,FAQ,Pulgaon,3301,3000,3175.0,Maharashtra,Other
2010-03-26,Cotton,15,Wardha,FAQ,Pulgaon,3250,3000,3125.0,Maharashtra,Other
2010-03-26,Cotton,15,Akola,FAQ,Akot,3320,3260,3305.0,Maharashtra,H-4(A) 27mm FIne
2010-03-26,Cotton,15,Buldhana,FAQ,Deoulgaon Raja,3240,3140,3200.0,Maharashtra,Other
2010-03-26,Cotton,15,Nanded,FAQ,Bhokar,3200,3050,3100.0,Maharashtra,Other
2010-03-26,Cotton,15,Jalana,FAQ,Partur,3321,3265,3300.0,Maharashtra,Other
2010-03-26,Cotton,15,Jalgaon,FAQ,Jamner,3300,3200,3270.0,Maharashtra,Other
2010-03-26,Cotton,15,Hingoli,FAQ,Hingoli,3217,3140,3178.0,Maharashtra,Other
2010-03-26,Cotton,15,Parbhani,FAQ,Gangakhed,3000,2970,2990.0,Maharashtra,Other
2010-03-26,Cotton,15,Nagpur,FAQ,Narkhed,3150,3100,3125.0,Maharashtra,Other
2010-03-26,Cotton,15,Beed,FAQ,Gevrai,3200,2950,3100.0,Maharashtra,Other
2010-03-27,Cotton,15,Nanded,FAQ,Bhokar,3150,3050,3050.0,Maharashtra,Other
2010-03-27,Cotton,15,Hingoli,FAQ,Jawala-Bajar,3230,3200,3215.0,Maharashtra,Other
2010-03-27,Cotton,15,Akola,FAQ,Akot,3375,3175,3325.0,Maharashtra,H-4(A) 27mm FIne
2010-03-27,Cotton,15,Parbhani,FAQ,Gangakhed,3100,2980,3000.0,Maharashtra,Other
2010-03-27,Cotton,15,Amarawati,FAQ,Dhamngaon-Railway,3280,3130,3205.0,Maharashtra,Other
2010-03-27,Cotton,15,Jalana,FAQ,Partur,3321,3250,3300.0,Maharashtra,Other
2010-03-27,Cotton,15,Parbhani,FAQ,Parbhani,3280,3100,3210.0,Maharashtra,Other
2010-03-27,Cotton,15,Akola,FAQ,Telhara,3250,3150,3170.0,Maharashtra,Other
2010-03-27,Cotton,15,Jalgaon,FAQ,Jamner,3275,3225,3250.0,Maharashtra,Other
2010-03-27,Cotton,15,Wardha,FAQ,Hinganghat,3330,2900,3115.0,Maharashtra,Other
2010-03-27,Cotton,15,Yavatmal,FAQ,Umarkhed,3175,3100,3150.0,Maharashtra,Other
2010-03-29,Cotton,15,Parbhani,FAQ,Selu,3299,3100,3250.0,Maharashtra,Other
2010-03-29,Cotton,15,Nanded,FAQ,Bhokar,3150,3000,3050.0,Maharashtra,Other
2010-03-29,Cotton,15,Buldhana,FAQ,Deoulgaon Raja,3280,3150,3210.0,Maharashtra,Other
2010-03-29,Cotton,15,Akola,FAQ,Telhara,3250,3150,3170.0,Maharashtra,Other
2010-03-29,Cotton,15,Beed,FAQ,Kille Dharur,3231,3100,3204.0,Maharashtra,Other
2010-03-29,Cotton,15,Jalana,FAQ,Jalana,3184,3100,3120.0,Maharashtra,Other
2010-03-29,Cotton,15,Wardha,FAQ,Pulgaon,3250,3000,3125.0,Maharashtra,Other
2010-03-29,Cotton,15,Nagpur,FAQ,Narkhed,3150,3100,3125.0,Maharashtra,Other
2010-03-30,Cotton,15,Wardha,FAQ,Pulgaon,3250,3000,3125.0,Maharashtra,Other
2010-03-30,Cotton,15,Wardha,FAQ,Arvi,3250,3220,3230.0,Maharashtra,Other
2010-03-30,Cotton,15,Akola,FAQ,Telhara,3300,3100,3150.0,Maharashtra,Other
2010-03-30,Cotton,15,Wardha,FAQ,Hinganghat,3175,3000,3087.0,Maharashtra,Other
2010-03-30,Cotton,15,Parbhani,FAQ,Parbhani,3300,3000,3201.0,Maharashtra,Other
2010-03-30,Cotton,15,Beed,FAQ,Kille Dharur,3231,3050,3204.0,Maharashtra,Other
2010-03-30,Cotton,15,Nagpur,FAQ,Narkhed,3150,3100,3125.0,Maharashtra,Other
2010-03-31,Cotton,15,Nagpur,FAQ,Narkhed,3150,3100,3125.0,Maharashtra,Other
2010-03-31,Cotton,15,Wardha,FAQ,Hinganghat,3225,2800,3012.0,Maharashtra,Other
2010-03-31,Cotton,15,Akola,FAQ,Telhara,3300,3100,3150.0,Maharashtra,Other
2010-03-31,Cotton,15,Beed,FAQ,Kille Dharur,3231,3050,3204.0,Maharashtra,Other
2010-03-31,Cotton,15,Parbhani,FAQ,Gangakhed,3000,2850,2990.0,Maharashtra,Other
2010-04-01,Cotton,15,Wardha,FAQ,Pulgaon,3325,2900,3200.0,Maharashtra,Other
2010-04-01,Cotton,15,Wardha,FAQ,Hinganghat,3285,2900,3092.0,Maharashtra,Other
2010-04-01,Cotton,15,Parbhani,FAQ,Selu,3300,3071,3182.0,Maharashtra,Other
2010-04-01,Cotton,15,Akola,FAQ,Telhara,3315,3100,3250.0,Maharashtra,Other
2010-04-01,Cotton,15,Akola,FAQ,Akot,3340,3245,3315.0,Maharashtra,H-4(A) 27mm FIne
2010-04-01,Cotton,15,Beed,FAQ,Gevrai,3225,2850,3100.0,Maharashtra,Other
2010-04-01,Cotton,15,Parbhani,FAQ,Gangakhed,3100,3000,3050.0,Maharashtra,Other
2010-04-01,Cotton,15,Wardha,FAQ,Arvi,3260,3250,3255.0,Maharashtra,Other
2010-04-02,Cotton,15,Wardha,FAQ,Arvi,3270,3250,3260.0,Maharashtra,Other
2010-04-02,Cotton,15,Wardha,FAQ,Pulgaon,3325,3000,3200.0,Maharashtra,Other
2010-04-03,Cotton,15,Wardha,FAQ,Arvi,3270,3220,3250.0,Maharashtra,Other
2010-04-03,Cotton,15,Buldhana,FAQ,Deoulgaon Raja,3320,3200,3280.0,Maharashtra,Other
2010-04-03,Cotton,15,Wardha,FAQ,Sindi,3200,3000,3100.0,Maharashtra,Other
2010-04-03,Cotton,15,Beed,FAQ,Gevrai,3250,2850,3100.0,Maharashtra,Other
2010-04-03,Cotton,15,Wardha,FAQ,Hinganghat,3295,2800,3047.0,Maharashtra,Other
2010-04-03,Cotton,15,Jalgaon,FAQ,Jamner,3300,3200,3260.0,Maharashtra,Other
2010-04-03,Cotton,15,Yavatmal,FAQ,Yeotmal,3321,3255,3288.0,Maharashtra,Other
2010-04-04,Cotton,15,Beed,FAQ,Kille Dharur,3132,3000,3132.0,Maharashtra,Other
2010-04-05,Cotton,15,Jalgaon,FAQ,Jamner,3325,3200,3300.0,Maharashtra,Other
2010-04-05,Cotton,15,Amarawati,FAQ,Dhamngaon-Railway,3367,3200,3280.0,Maharashtra,Other
2010-04-05,Cotton,15,Hingoli,FAQ,Hingoli,3400,3240,3320.0,Maharashtra,Other
2010-04-05,Cotton,15,Yavatmal,FAQ,Maregoan,3200,3000,3100.0,Maharashtra,Other
2010-04-05,Cotton,15,Beed,FAQ,Gevrai,3225,2900,3100.0,Maharashtra,Other
2010-04-05,Cotton,15,Parbhani,FAQ,Gangakhed,3150,3025,3100.0,Maharashtra,Other
2010-04-05,Cotton,15,Yavatmal,FAQ,Vani,3171,3000,3107.0,Maharashtra,Other
2010-04-05,Cotton,15,Akola,FAQ,Telhara,3431,3200,3300.0,Maharashtra,Other
2010-04-06,Cotton,15,Parbhani,FAQ,Gangakhed,3160,3125,3150.0,Maharashtra,Other
2010-04-06,Cotton,15,Buldhana,FAQ,Deoulgaon Raja,3310,3150,3200.0,Maharashtra,Other
2010-04-06,Cotton,15,Beed,FAQ,Kille Dharur,3267,3100,3240.0,Maharashtra,Other
2010-04-06,Cotton,15,Parbhani,FAQ,Parbhani,3402,3126,3350.0,Maharashtra,Other
2010-04-06,Cotton,15,Wardha,FAQ,Hinganghat,3315,2900,3107.0,Maharashtra,Other
2010-04-07,Cotton,15,Parbhani,FAQ,Parbhani,3410,3160,3361.0,Maharashtra,Other
2010-04-07,Cotton,15,Wardha,FAQ,Sindi,3150,3050,3100.0,Maharashtra,Other
2010-04-07,Cotton,15,Akola,FAQ,Akot,3475,3370,3449.0,Maharashtra,H-4(A) 27mm FIne
2010-04-07,Cotton,15,Amarawati,FAQ,Dhamngaon-Railway,3370,2340,3325.0,Maharashtra,Other
2010-04-07,Cotton,15,Vashim,FAQ,Karanja,3450,3250,3425.0,Maharashtra,Other
2010-04-07,Cotton,15,Wardha,FAQ,Hinganghat,3340,2900,3120.0,Maharashtra,Other
2010-04-07,Cotton,15,Akola,FAQ,Akot,3400,3395,3399.0,Maharashtra,Other
2010-04-08,Cotton,15,Jalgaon,FAQ,Jamner,3400,3300,3360.0,Maharashtra,Other
2010-04-08,Cotton,15,Akola,FAQ,Akot,3425,3325,3400.0,Maharashtra,H-4(A) 27mm FIne
2010-04-08,Cotton,15,Yavatmal,FAQ,Vani,3271,3050,3160.0,Maharashtra,Other
2010-04-08,Cotton,15,Akola,FAQ,Akot,3395,3295,3370.0,Maharashtra,Other
2010-04-08,Cotton,15,Wardha,FAQ,Pulgaon,3200,2850,3050.0,Maharashtra,Other
2010-04-08,Cotton,15,Parbhani,FAQ,Selu,3380,3230,3341.0,Maharashtra,Other
2010-04-08,Cotton,15,Hingoli,FAQ,Hingoli,3290,3160,3225.0,Maharashtra,Other
2010-04-08,Cotton,15,Wardha,FAQ,Hinganghat,3225,2900,3067.0,Maharashtra,Other
2010-04-08,Cotton,15,Beed,FAQ,Gevrai,3250,3000,3150.0,Maharashtra,Other
2010-04-09,Cotton,15,Hingoli,FAQ,Hingoli,3240,3080,3160.0,Maharashtra,Other
2010-04-09,Cotton,15,Parbhani,FAQ,Selu,3313,3150,3280.0,Maharashtra,Other
2010-04-09,Cotton,15,Parbhani,FAQ,Parbhani,3340,3100,3250.0,Maharashtra,Other
2010-04-09,Cotton,15,Wardha,FAQ,Sindi,3050,3000,3025.0,Maharashtra,Other
2010-04-09,Cotton,15,Wardha,FAQ,Pulgaon,3250,2600,2925.0,Maharashtra,Other
2010-04-09,Cotton,15,Wardha,FAQ,Hinganghat,3195,2900,3047.0,Maharashtra,Other
2010-04-10,Cotton,15,Parbhani,FAQ,Gangakhed,3100,3000,3050.0,Maharashtra,Other
2010-04-10,Cotton,15,Buldhana,FAQ,Deoulgaon Raja,3250,2900,3125.0,Maharashtra,Other
2010-04-10,Cotton,15,Parbhani,FAQ,Selu,3269,3140,3200.0,Maharashtra,Other
2010-04-10,Cotton,15,Hingoli,FAQ,Hingoli,3270,3140,3205.0,Maharashtra,Other
2010-04-10,Cotton,15,Amarawati,FAQ,Dhamngaon-Railway,3260,3000,3200.0,Maharashtra,Other
2010-04-10,Cotton,15,Yavatmal,FAQ,Vani,3200,2992,3096.0,Maharashtra,Other
2010-04-12,Cotton,15,Wardha,FAQ,Hinganghat,3215,2850,3032.0,Maharashtra,Other
2010-04-12,Cotton,15,Amarawati,FAQ,Dhamngaon-Railway,3235,3166,3175.0,Maharashtra,Other
2010-04-12,Cotton,15,Jalana,FAQ,Jalana,3142,3106,3106.0,Maharashtra,Other
2010-04-12,Cotton,15,Hingoli,FAQ,Hingoli,3207,3065,3136.0,Maharashtra,Other
2010-04-12,Cotton,15,Akola,FAQ,Akot,3350,3175,3306.0,Maharashtra,H-4(A) 27mm FIne
2010-04-12,Cotton,15,Parbhani,FAQ,Parbhani,3355,3050,3240.0,Maharashtra,Other
2010-04-12,Cotton,15,Yavatmal,FAQ,Maregoan,3150,3050,3100.0,Maharashtra,Other
2010-04-12,Cotton,15,Wardha,FAQ,Pulgaon,3150,2600,2900.0,Maharashtra,Other
2010-04-12,Cotton,15,Akola,FAQ,Telhara,3250,3100,3200.0,Maharashtra,Other
2010-04-12,Cotton,15,Vashim,FAQ,Karanja,3395,3140,3365.0,Maharashtra,Other
2010-04-12,Cotton,15,Jalgaon,FAQ,Jamner,3300,3200,3230.0,Maharashtra,Other
2010-04-12,Cotton,15,Parbhani,FAQ,Gangakhed,3150,3075,3100.0,Maharashtra,Other
2010-04-13,Cotton,15,Akola,FAQ,Telhara,3290,3100,3250.0,Maharashtra,Other
2010-04-13,Cotton,15,Yavatmal,FAQ,Vani,3100,2888,2994.0,Maharashtra,Other
2010-04-13,Cotton,15,Yavatmal,FAQ,Maregoan,3125,3025,3075.0,Maharashtra,Other
2010-04-13,Cotton,15,Vashim,FAQ,Karanja,3370,3150,3345.0,Maharashtra,Other
2010-04-13,Cotton,15,Parbhani,FAQ,Gangakhed,3150,3100,3125.0,Maharashtra,Other
2010-04-13,Cotton,15,Akola,FAQ,Akot,3360,3215,3324.0,Maharashtra,H-4(A) 27mm FIne
2010-04-15,Cotton,15,Buldhana,FAQ,Deoulgaon Raja,3110,3000,3050.0,Maharashtra,Other
2010-04-15,Cotton,15,Akola,FAQ,Telhara,3240,3150,3200.0,Maharashtra,Other
2010-04-15,Cotton,15,Yavatmal,FAQ,Vani,3100,2964,3032.0,Maharashtra,Other
2010-04-15,Cotton,15,Parbhani,FAQ,Gangakhed,3170,3150,3160.0,Maharashtra,Other
2010-04-15,Cotton,15,Yavatmal,FAQ,Yeotmal,3281,3112,3221.0,Maharashtra,Other
2010-04-15,Cotton,15,Akola,FAQ,Akot,3385,3285,3360.0,Maharashtra,H-4(A) 27mm FIne
2010-04-16,Cotton,15,Vashim,FAQ,Karanja,3325,3005,3295.0,Maharashtra,Other
2010-04-16,Cotton,15,Akola,FAQ,Akot,3435,3280,3396.0,Maharashtra,H-4(A) 27mm FIne
2010-04-16,Cotton,15,Wardha,FAQ,Sindi,3100,3000,3052.0,Maharashtra,Other
2010-04-16,Cotton,15,Jalgaon,FAQ,Jamner,3250,3200,3220.0,Maharashtra,Other
2010-04-16,Cotton,15,Akola,FAQ,Telhara,3250,3150,3200.0,Maharashtra,Other
2010-04-17,Cotton,15,Wardha,FAQ,Pulgaon,1900,1829,1870.0,Maharashtra,Other
2010-04-17,Cotton,15,Buldhana,FAQ,Deoulgaon Raja,3145,2955,3100.0,Maharashtra,Other
2010-04-17,Cotton,15,Wardha,FAQ,Sindi,3050,2900,2950.0,Maharashtra,Other
2010-04-17,Cotton,15,Akola,FAQ,Telhara,3315,3200,3300.0,Maharashtra,Other
2010-04-17,Cotton,15,Jalgaon,FAQ,Amalner,3390,2850,3250.0,Maharashtra,H-4(A) 27mm FIne
2010-04-17,Cotton,15,Vashim,FAQ,Karanja,3330,3050,3250.0,Maharashtra,Other
2010-04-17,Cotton,15,Parbhani,FAQ,Parbhani,3260,3000,3190.0,Maharashtra,Other
2010-04-18,Cotton,15,Yavatmal,FAQ,Maregoan,3150,3000,3075.0,Maharashtra,Other
2010-04-18,Cotton,15,Amarawati,FAQ,Dhamngaon-Railway,3260,3000,3130.0,Maharashtra,Other
2010-04-19,Cotton,15,Wardha,FAQ,Sindi,3100,2950,3054.0,Maharashtra,Other
2010-04-19,Cotton,15,Wardha,FAQ,Hinganghat,3180,2900,3040.0,Maharashtra,Other
2010-04-19,Cotton,15,Wardha,FAQ,Pulgaon,3231,2900,3070.0,Maharashtra,Other
2010-04-19,Cotton,15,Beed,FAQ,Gevrai,3150,2900,3100.0,Maharashtra,Other
2010-04-19,Cotton,15,Parbhani,FAQ,Selu,3206,3081,3161.0,Maharashtra,Other
2010-04-19,Cotton,15,Yavatmal,FAQ,Umarkhed,3225,3150,3200.0,Maharashtra,Other
2010-04-19,Cotton,15,Akola,FAQ,Akot,3335,3170,3294.0,Maharashtra,H-4(A) 27mm FIne
2010-04-19,Cotton,15,Parbhani,FAQ,Parbhani,3281,3100,3180.0,Maharashtra,Other
2010-04-19,Cotton,15,Jalgaon,FAQ,Amalner,3360,2910,3260.0,Maharashtra,Other
2010-04-20,Cotton,15,Yavatmal,FAQ,Umarkhed,3130,3100,3100.0,Maharashtra,Other
2010-04-20,Cotton,15,Parbhani,FAQ,Parbhani,3226,2900,3140.0,Maharashtra,Other
2010-04-20,Cotton,15,Beed,FAQ,Kille Dharur,3150,3000,3100.0,Maharashtra,Other
2010-04-20,Cotton,15,Beed,FAQ,Gevrai,3200,2900,3000.0,Maharashtra,Other
2010-04-21,Cotton,15,Akola,FAQ,Akot,3235,3035,3185.0,Maharashtra,H-4(A) 27mm FIne
2010-04-21,Cotton,15,Beed,FAQ,Gevrai,3100,2900,3000.0,Maharashtra,Other
2010-04-21,Cotton,15,Yavatmal,FAQ,Vani,2550,2000,2275.0,Maharashtra,Other
2010-04-21,Cotton,15,Yavatmal,FAQ,Maregoan,3125,3050,3100.0,Maharashtra,Other
2010-04-22,Cotton,15,Hingoli,FAQ,Hingoli,3122,3070,3096.0,Maharashtra,Other
2010-04-22,Cotton,15,Parbhani,FAQ,Parbhani,3200,2850,3150.0,Maharashtra,Other
2010-04-22,Cotton,15,Jalgaon,FAQ,Jamner,3240,3160,3200.0,Maharashtra,Other
2010-04-22,Cotton,15,Akola,FAQ,Akot,3175,3050,3144.0,Maharashtra,H-4(A) 27mm FIne
2010-04-22,Cotton,15,Vashim,FAQ,Karanja,3295,3100,3265.0,Maharashtra,Other
2010-04-22,Cotton,15,Parbhani,FAQ,Selu,3101,2850,3051.0,Maharashtra,Other
2010-04-23,Cotton,15,Akola,FAQ,Akot,3175,3080,3151.0,Maharashtra,H-4(A) 27mm FIne
2010-04-23,Cotton,15,Parbhani,FAQ,Selu,3100,2800,2950.0,Maharashtra,Other
2010-04-24,Cotton,15,Akola,FAQ,Telhara,3125,3075,3100.0,Maharashtra,Other
2010-04-24,Cotton,15,Hingoli,FAQ,Hingoli,3025,2900,2962.0,Maharashtra,Other
2010-04-24,Cotton,15,Parbhani,FAQ,Parbhani,3170,2500,3050.0,Maharashtra,Other
2010-04-24,Cotton,15,Wardha,FAQ,Sindi,3150,3000,3062.0,Maharashtra,Other
2010-04-26,Cotton,15,Akola,FAQ,Akot,3175,2900,3135.0,Maharashtra,H-4(A) 27mm FIne
2010-04-27,Cotton,15,Akola,FAQ,Akot,3175,2900,3106.0,Maharashtra,H-4(A) 27mm FIne
2010-04-27,Cotton,15,Akola,FAQ,Telhara,3000,2900,2950.0,Maharashtra,Other
2010-04-27,Cotton,15,Jalgaon,FAQ,Jamner,3020,2900,2940.0,Maharashtra,Other
2010-04-27,Cotton,15,Vashim,FAQ,Karanja,3145,3000,3075.0,Maharashtra,Other
2010-04-28,Cotton,15,Akola,FAQ,Telhara,3000,2900,2950.0,Maharashtra,Other
2010-04-28,Cotton,15,Yavatmal,FAQ,Umarkhed,3000,2900,2950.0,Maharashtra,Other
2010-04-28,Cotton,15,Jalgaon,FAQ,Jamner,3005,2900,2960.0,Maharashtra,Other
2010-04-28,Cotton,15,Wardha,FAQ,Arvi,3250,3200,3225.0,Maharashtra,Other
2010-04-29,Cotton,15,Akola,FAQ,Akot,3034,2750,2867.0,Maharashtra,H-4(A) 27mm FIne
2010-04-29,Cotton,15,Wardha,FAQ,Hinganghat,3120,2900,3010.0,Maharashtra,Other
2010-04-29,Cotton,15,Yavatmal,FAQ,Umarkhed,3000,2800,2900.0,Maharashtra,Other
2010-04-29,Cotton,15,Wardha,FAQ,Sindi,3200,2900,3030.0,Maharashtra,Other
2010-04-30,Cotton,15,Wardha,FAQ,Sindi,3050,2870,2980.0,Maharashtra,Other
2010-04-30,Cotton,15,Akola,FAQ,Akot,3000,2700,2950.0,Maharashtra,H-4(A) 27mm FIne
2010-04-30,Cotton,15,Jalgaon,FAQ,Jamner,3010,2800,2966.0,Maharashtra,Other
2010-05-03,Cotton,15,Akola,FAQ,Telhara,3000,2900,2950.0,Maharashtra,Other
2010-05-03,Cotton,15,Jalgaon,FAQ,Jamner,2960,2800,2847.0,Maharashtra,Other
2010-05-03,Cotton,15,Akola,FAQ,Akot,2795,2445,2707.0,Maharashtra,H-4(A) 27mm FIne
2010-05-04,Cotton,15,Yavatmal,FAQ,Umarkhed,3000,2700,2900.0,Maharashtra,Other
2010-05-04,Cotton,15,Vashim,FAQ,Karanja,3150,2975,3050.0,Maharashtra,Other
2010-05-04,Cotton,15,Akola,FAQ,Akot,2115,1950,2074.0,Maharashtra,H-4(A) 27mm FIne
2010-05-04,Cotton,15,Wardha,FAQ,Hinganghat,3075,2800,2937.0,Maharashtra,Other
2010-05-05,Cotton,15,Wardha,FAQ,Hinganghat,3035,2400,2717.0,Maharashtra,Other
2010-05-05,Cotton,15,Wardha,FAQ,Sindi,3000,2700,2866.0,Maharashtra,Other
2010-05-05,Cotton,15,Beed,FAQ,Gevrai,2750,2500,2700.0,Maharashtra,Other
2010-05-05,Cotton,15,Jalgaon,FAQ,Jamner,2989,2910,2925.0,Maharashtra,Other
2010-05-06,Cotton,15,Wardha,FAQ,Hinganghat,3045,2800,2922.0,Maharashtra,Other
2010-05-07,Cotton,15,Beed,FAQ,Gevrai,2800,2300,2650.0,Maharashtra,Other
2010-05-07,Cotton,15,Akola,FAQ,Telhara,2900,2500,2700.0,Maharashtra,Other
2010-05-08,Cotton,15,Yavatmal,FAQ,Umarkhed,2800,2400,2400.0,Maharashtra,Other
2010-05-08,Cotton,15,Akola,FAQ,Telhara,3000,2800,2900.0,Maharashtra,Other
2010-05-08,Cotton,15,Beed,FAQ,Gevrai,2850,2500,2650.0,Maharashtra,Other
2010-05-08,Cotton,15,Wardha,FAQ,Sindi,3000,2900,2950.0,Maharashtra,Other
2010-05-08,Cotton,15,Vashim,FAQ,Karanja,3100,2965,3075.0,Maharashtra,Other
2010-05-08,Cotton,15,Jalgaon,FAQ,Jamner,2845,2785,2810.0,Maharashtra,Other
2010-05-10,Cotton,15,Jalgaon,FAQ,Jamner,2862,2805,2830.0,Maharashtra,Other
2010-05-10,Cotton,15,Wardha,FAQ,Sindi,3000,2800,2900.0,Maharashtra,Other
2010-05-10,Cotton,15,Wardha,FAQ,Hinganghat,2900,2400,2650.0,Maharashtra,Other
2010-05-11,Cotton,15,Beed,FAQ,Gevrai,2850,2450,2700.0,Maharashtra,Other
2010-05-11,Cotton,15,Wardha,FAQ,Hinganghat,3025,2600,2812.0,Maharashtra,Other
2010-05-12,Cotton,15,Jalana,FAQ,Ghansawangi,3050,2700,3000.0,Maharashtra,Other
2010-05-13,Cotton,15,Wardha,FAQ,Sindi,2950,2800,2875.0,Maharashtra,Other
2010-05-14,Cotton,15,Wardha,FAQ,Sindi,2950,2775,2831.0,Maharashtra,Other
2010-05-14,Cotton,15,Vashim,FAQ,Karanja,3050,2805,3030.0,Maharashtra,Other
2010-05-15,Cotton,15,Vashim,FAQ,Karanja,3035,2800,2800.0,Maharashtra,Other
2010-05-17,Cotton,15,Wardha,FAQ,Hinganghat,2935,2400,2662.0,Maharashtra,Other
2010-05-20,Cotton,15,Wardha,FAQ,Hinganghat,2650,2050,2300.0,Maharashtra,Other
2010-05-21,Cotton,15,Jalgaon,FAQ,Jamner,3045,2685,2976.0,Maharashtra,Other
2010-05-22,Cotton,15,Jalgaon,FAQ,Jamner,3106,2856,2986.0,Maharashtra,Other
2010-05-25,Cotton,15,Wardha,FAQ,Hinganghat,2500,2500,2500.0,Maharashtra,Other
2010-05-28,Cotton,15,Jalgaon,FAQ,Jamner,3270,2800,3005.0,Maharashtra,Other
2010-05-29,Cotton,15,Jalgaon,FAQ,Jamner,3245,2820,3056.0,Maharashtra,Other
2010-05-31,Cotton,15,Jalgaon,FAQ,Jamner,3100,2800,2950.0,Maharashtra,Other
2010-06-01,Cotton,15,Jalgaon,FAQ,Jamner,3120,2826,2975.0,Maharashtra,Other
2010-06-05,Cotton,15,Jalgaon,FAQ,Jamner,3300,2850,3000.0,Maharashtra,Other
2010-06-07,Cotton,15,Beed,FAQ,Gevrai,2951,2650,2850.0,Maharashtra,Other
2010-06-07,Cotton,15,Jalgaon,FAQ,Jamner,3200,2900,3100.0,Maharashtra,Other
2010-06-08,Cotton,15,Jalgaon,FAQ,Jamner,3300,2900,3150.0,Maharashtra,Other
2010-06-12,Cotton,15,Jalgaon,FAQ,Jamner,3300,2995,3241.0,Maharashtra,Other
2010-06-22,Cotton,15,Jalgaon,FAQ,Jamner,3170,3000,3100.0,Maharashtra,Other
2010-07-10,Cotton,15,Sangli,FAQ,Aatpadi,3500,3200,3350.0,Maharashtra,Varalaxmi
2010-07-12,Cotton,15,Sangli,FAQ,Aatpadi,3500,3200,3350.0,Maharashtra,Varalaxmi
2010-07-20,Cotton,15,Sangli,FAQ,Aatpadi,3550,3200,3350.0,Maharashtra,Varalaxmi
2010-07-22,Cotton,15,Sangli,FAQ,Aatpadi,3700,3200,3450.0,Maharashtra,Varalaxmi
2010-07-26,Cotton,15,Sangli,FAQ,Aatpadi,3700,3200,3450.0,Maharashtra,Varalaxmi
2010-08-01,Cotton,15,Sangli,FAQ,Aatpadi,3700,3200,3450.0,Maharashtra,Varalaxmi
2010-08-05,Cotton,15,Sangli,FAQ,Aatpadi,3600,3200,3400.0,Maharashtra,Varalaxmi
2010-08-07,Cotton,15,Sangli,FAQ,Aatpadi,3600,3200,3400.0,Maharashtra,Varalaxmi
2010-08-08,Cotton,15,Sangli,FAQ,Aatpadi,3650,3200,3425.0,Maharashtra,Varalaxmi
2010-08-09,Cotton,15,Sangli,FAQ,Aatpadi,3650,3200,3425.0,Maharashtra,Varalaxmi
2010-08-10,Cotton,15,Sangli,FAQ,Aatpadi,3600,3200,3400.0,Maharashtra,Varalaxmi
2010-08-11,Cotton,15,Sangli,FAQ,Aatpadi,3050,3000,3025.0,Maharashtra,LRA
2010-08-12,Cotton,15,Sangli,FAQ,Aatpadi,3650,3200,3425.0,Maharashtra,Varalaxmi
2010-08-15,Cotton,15,Sangli,FAQ,Aatpadi,3130,3000,3065.0,Maharashtra,LRA
2010-08-15,Cotton,15,Sangli,FAQ,Aatpadi,3800,3200,3500.0,Maharashtra,Varalaxmi
2010-08-22,Cotton,15,Sangli,FAQ,Aatpadi,3100,2800,2950.0,Maharashtra,LRA
2010-08-28,Cotton,15,Sangli,FAQ,Aatpadi,4000,3000,3500.0,Maharashtra,Varalaxmi
2010-08-31,Cotton,15,Sangli,FAQ,Aatpadi,3700,3000,3350.0,Maharashtra,Varalaxmi
2010-09-06,Cotton,15,Sangli,FAQ,Aatpadi,3500,3000,3250.0,Maharashtra,Varalaxmi
2010-09-12,Cotton,15,Sangli,FAQ,Aatpadi,3300,2700,3000.0,Maharashtra,LRA
2010-09-13,Cotton,15,Sangli,FAQ,Aatpadi,3500,3000,3250.0,Maharashtra,Varalaxmi
2010-09-21,Cotton,15,Akola,FAQ,Akot,3300,3300,3300.0,Maharashtra,LRA
2010-09-23,Cotton,15,Jalgaon,FAQ,Yawal,4100,3750,3800.0,Maharashtra,Other
2010-09-23,Cotton,15,Sangli,FAQ,Aatpadi,3500,3200,3350.0,Maharashtra,Varalaxmi
2010-09-25,Cotton,15,Jalgaon,FAQ,Yawal,3900,3600,3700.0,Maharashtra,Other
2010-09-26,Cotton,15,Sangli,FAQ,Aatpadi,3600,2600,3100.0,Maharashtra,Varalaxmi
2010-09-27,Cotton,15,Jalgaon,FAQ,Yawal,3500,3350,3400.0,Maharashtra,Other
2010-09-30,Cotton,15,Jalgaon,FAQ,Yawal,3500,3350,3400.0,Maharashtra,Other
2010-10-02,Cotton,15,Jalgaon,FAQ,Yawal,3650,3500,3600.0,Maharashtra,Other
2010-10-03,Cotton,15,Sangli,FAQ,Aatpadi,3500,2500,3000.0,Maharashtra,Varalaxmi
2010-10-03,Cotton,15,Jalgaon,FAQ,Yawal,3650,3500,3600.0,Maharashtra,Other
2010-10-04,Cotton,15,Sangli,FAQ,Aatpadi,3500,2500,3000.0,Maharashtra,Varalaxmi
2010-10-05,Cotton,15,Yavatmal,FAQ,Darwha,3625,3600,3625.0,Maharashtra,Other
2010-10-09,Cotton,15,Jalgaon,FAQ,Yawal,3800,3700,3750.0,Maharashtra,Other
2010-10-09,Cotton,15,Buldhana,FAQ,Malkapur,4150,3800,4000.0,Maharashtra,Other
2010-10-12,Cotton,15,Akola,FAQ,Akot,4450,4375,4431.0,Maharashtra,H-4(A) 27mm FIne
2010-10-12,Cotton,15,Akola,FAQ,Telhara,4200,4100,4150.0,Maharashtra,Other
2010-10-13,Cotton,15,Parbhani,FAQ,Manwat,4125,4000,4100.0,Maharashtra,Other
2010-10-13,Cotton,15,Yavatmal,FAQ,Yeotmal,4150,4055,4091.0,Maharashtra,Other
2010-10-13,Cotton,15,Jalgaon,FAQ,Yawal,4000,3800,3900.0,Maharashtra,Other
2010-10-14,Cotton,15,Jalgaon,FAQ,Yawal,4000,3800,3900.0,Maharashtra,Other
2010-10-14,Cotton,15,Akola,FAQ,Akot,4600,4450,4563.0,Maharashtra,H-4(A) 27mm FIne
2010-10-14,Cotton,15,Akola,FAQ,Telhara,3900,3800,3850.0,Maharashtra,Other
2010-10-15,Cotton,15,Parbhani,FAQ,Manwat,4225,4000,4225.0,Maharashtra,Other
2010-10-16,Cotton,15,Akola,FAQ,Telhara,4400,4200,4300.0,Maharashtra,Other
2010-10-16,Cotton,15,Buldhana,FAQ,Malkapur,4350,4000,4200.0,Maharashtra,Other
2010-10-16,Cotton,15,Parbhani,FAQ,Manwat,4300,4000,4250.0,Maharashtra,Other
2010-10-17,Cotton,15,Akola,FAQ,Akot,5111,4480,4950.0,Maharashtra,H-4(A) 27mm FIne
2010-10-17,Cotton,15,Wardha,FAQ,Pulgaon,4111,4111,4111.0,Maharashtra,Other
2010-10-17,Cotton,15,Yavatmal,FAQ,Maregoan,4401,4401,4401.0,Maharashtra,Other
2010-10-17,Cotton,15,Yavatmal,FAQ,Vani,4401,4401,4401.0,Maharashtra,Other
2010-10-18,Cotton,15,Akola,FAQ,Telhara,4400,4000,4200.0,Maharashtra,Other
2010-10-19,Cotton,15,Parbhani,FAQ,Selu,4265,4265,4265.0,Maharashtra,Other
2010-10-19,Cotton,15,Yavatmal,FAQ,Maregoan,4201,4201,4201.0,Maharashtra,Other
2010-10-20,Cotton,15,Akola,FAQ,Akot,4450,4300,4412.0,Maharashtra,H-4(A) 27mm FIne
2010-10-20,Cotton,15,Parbhani,FAQ,Selu,4370,4275,4317.0,Maharashtra,Other
2010-10-20,Cotton,15,Wardha,FAQ,Arvi,4311,4200,4250.0,Maharashtra,Other
2010-10-20,Cotton,15,Buldhana,FAQ,Malkapur,4400,4050,4275.0,Maharashtra,Other
2010-10-20,Cotton,15,Akola,FAQ,Telhara,4200,4000,4100.0,Maharashtra,Other
2010-10-20,Cotton,15,Yavatmal,FAQ,Vani,4100,4000,4050.0,Maharashtra,Other
2010-10-20,Cotton,15,Jalana,FAQ,Ghansawangi,4300,4000,4100.0,Maharashtra,Other
2010-10-21,Cotton,15,Akola,FAQ,Telhara,4200,4000,4100.0,Maharashtra,Other
2010-10-21,Cotton,15,Yavatmal,FAQ,Vani,4110,4000,4055.0,Maharashtra,Other
2010-10-21,Cotton,15,Wardha,FAQ,Arvi,4300,4250,4275.0,Maharashtra,Other
2010-10-21,Cotton,15,Jalgaon,FAQ,Jamner,4300,4000,4200.0,Maharashtra,LRA
2010-10-21,Cotton,15,Beed,FAQ,Kille Dharur,4303,4200,4303.0,Maharashtra,Other
2010-10-22,Cotton,15,Parbhani,FAQ,Selu,4361,4300,4359.0,Maharashtra,Other
2010-10-22,Cotton,15,Akola,FAQ,Akot,4425,4200,4369.0,Maharashtra,H-4(A) 27mm FIne
2010-10-22,Cotton,15,Nanded,FAQ,Bhokar,4301,4301,4301.0,Maharashtra,Other
2010-10-22,Cotton,15,Parbhani,FAQ,Manwat,4275,4100,4250.0,Maharashtra,Other
2010-10-22,Cotton,15,Wardha,FAQ,Arvi,4300,4221,4275.0,Maharashtra,Other
2010-10-23,Cotton,15,Yavatmal,FAQ,Kalamb,4200,4000,4100.0,Maharashtra,LRA
2010-10-23,Cotton,15,Beed,FAQ,Gevrai,4157,4000,4100.0,Maharashtra,N-44
2010-10-23,Cotton,15,Wardha,FAQ,Pulgaon,4250,4150,4200.0,Maharashtra,Other
2010-10-23,Cotton,15,Wardha,FAQ,Hinganghat,4200,4200,4200.0,Maharashtra,Other
2010-10-23,Cotton,15,Wardha,FAQ,Arvi,4311,4251,4300.0,Maharashtra,Other
2010-10-23,Cotton,15,Parbhani,FAQ,Selu,4360,4200,4250.0,Maharashtra,Other
2010-10-23,Cotton,15,Akola,FAQ,Telhara,4375,4000,4200.0,Maharashtra,Other
2010-10-25,Cotton,15,Jalgaon,FAQ,Yawal,4200,4000,4150.0,Maharashtra,Other
2010-10-25,Cotton,15,Yavatmal,FAQ,Maregoan,4250,3900,4175.0,Maharashtra,Other
2010-10-25,Cotton,15,Nagpur,FAQ,Narkhed,4451,4300,4350.0,Maharashtra,Other
2010-10-25,Cotton,15,Akola,FAQ,Akot,4500,4175,4419.0,Maharashtra,H-4(A) 27mm FIne
2010-10-25,Cotton,15,Ahmednagar,FAQ,Shevgaon,4150,3800,4000.0,Maharashtra,Other
2010-10-26,Cotton,15,Akola,FAQ,Telhara,4680,4100,4300.0,Maharashtra,Other
2010-10-26,Cotton,15,Parbhani,FAQ,Selu,4300,4100,4225.0,Maharashtra,Other
2010-10-26,Cotton,15,Buldhana,FAQ,Deoulgaon Raja,4240,4000,4100.0,Maharashtra,Other
2010-10-26,Cotton,15,Akola,FAQ,Akot,4725,4150,4581.0,Maharashtra,H-4(A) 27mm FIne
2010-10-26,Cotton,15,Wardha,FAQ,Pulgaon,4325,4200,4265.0,Maharashtra,Other
2010-10-26,Cotton,15,Beed,FAQ,Gevrai,4205,4000,4150.0,Maharashtra,Other
2010-10-26,Cotton,15,Parbhani,FAQ,Manwat,4350,4200,4325.0,Maharashtra,Other
2010-10-26,Cotton,15,Nagpur,FAQ,Narkhed,4451,4351,4401.0,Maharashtra,Other
2010-10-27,Cotton,15,Wardha,FAQ,Arvi,4250,4100,4200.0,Maharashtra,Other
2010-10-27,Cotton,15,Akola,FAQ,Telhara,4610,4200,4400.0,Maharashtra,Other
2010-10-27,Cotton,15,Buldhana,FAQ,Deoulgaon Raja,4311,4000,4200.0,Maharashtra,Other
2010-10-27,Cotton,15,Wardha,FAQ,Pulgaon,4325,4200,4265.0,Maharashtra,Other
2010-10-27,Cotton,15,Akola,FAQ,Akot,4605,4025,4460.0,Maharashtra,H-4(A) 27mm FIne
2010-10-28,Cotton,15,Yavatmal,FAQ,Vani,4300,4000,4150.0,Maharashtra,Other
2010-10-28,Cotton,15,Akola,FAQ,Akot,4550,4200,4463.0,Maharashtra,H-4(A) 27mm FIne
2010-10-28,Cotton,15,Wardha,FAQ,Arvi,4259,4150,4240.0,Maharashtra,Other
2010-10-28,Cotton,15,Wardha,FAQ,Pulgaon,4311,4200,4260.0,Maharashtra,Other
2010-10-28,Cotton,15,Parbhani,FAQ,Selu,4350,4150,4250.0,Maharashtra,Other
2010-10-28,Cotton,15,Jalgaon,FAQ,Yawal,4250,4100,4200.0,Maharashtra,Other
2010-10-28,Cotton,15,Nagpur,FAQ,Narkhed,4451,4351,4401.0,Maharashtra,Other
2010-10-29,Cotton,15,Akola,FAQ,Telhara,4400,3900,4100.0,Maharashtra,Other
2010-10-29,Cotton,15,Wardha,FAQ,Hinganghat,4280,4050,4165.0,Maharashtra,Other
2010-10-29,Cotton,15,Beed,FAQ,Gevrai,4200,4000,4106.0,Maharashtra,Other
2010-10-30,Cotton,15,Hingoli,FAQ,Basmat,4400,4000,4300.0,Maharashtra,Other
2010-10-30,Cotton,15,Yavatmal,FAQ,Maregoan,4300,3800,4050.0,Maharashtra,Other
2010-10-30,Cotton,15,Ahmednagar,FAQ,Kopargaon,1990,1750,1960.0,Maharashtra,Other
2010-10-30,Cotton,15,Akola,FAQ,Telhara,4300,4000,4200.0,Maharashtra,Other
2010-10-30,Cotton,15,Parbhani,FAQ,Manwat,4275,4100,4225.0,Maharashtra,Other
2010-11-01,Cotton,15,Akola,FAQ,Telhara,4200,4000,4100.0,Maharashtra,Other
2010-11-01,Cotton,15,Akola,FAQ,Akot,4185,4000,4139.0,Maharashtra,H-4(A) 27mm FIne
2010-11-01,Cotton,15,Wardha,FAQ,Arvi,4100,4050,4075.0,Maharashtra,Other
2010-11-01,Cotton,15,Wardha,FAQ,Hinganghat,4025,3750,3887.0,Maharashtra,Other
2010-11-01,Cotton,15,Beed,FAQ,Kille Dharur,4005,4000,4005.0,Maharashtra,Other
2010-11-01,Cotton,15,Wardha,FAQ,Pulgaon,4201,3800,4050.0,Maharashtra,Other
2010-11-02,Cotton,15,Buldhana,FAQ,Deoulgaon Raja,4200,3900,4100.0,Maharashtra,Other
2010-11-02,Cotton,15,Parbhani,FAQ,Parbhani,3221,3050,3165.0,Maharashtra,Other
2010-11-02,Cotton,15,Wardha,FAQ,Arvi,4150,4050,4100.0,Maharashtra,Other
2010-11-02,Cotton,15,Yavatmal,FAQ,Vani,4025,3900,3943.0,Maharashtra,Other
2010-11-02,Cotton,15,Akola,FAQ,Telhara,4300,4000,4200.0,Maharashtra,Other
2010-11-02,Cotton,15,Hingoli,FAQ,Basmat,4200,4000,4100.0,Maharashtra,Other
2010-11-02,Cotton,15,Wardha,FAQ,Hinganghat,4110,3850,3980.0,Maharashtra,Other
2010-11-03,Cotton,15,Yavatmal,FAQ,Kalamb,4200,4000,4100.0,Maharashtra,LRA
2010-11-03,Cotton,15,Wardha,FAQ,Arvi,4311,4200,4250.0,Maharashtra,Other
2010-11-03,Cotton,15,Akola,FAQ,Akot,4645,4600,4635.0,Maharashtra,Other
2010-11-03,Cotton,15,Amarawati,FAQ,Dhamngaon-Railway,4171,4000,4075.0,Maharashtra,LRA
2010-11-03,Cotton,15,Akola,FAQ,Telhara,4400,4100,4200.0,Maharashtra,Other
2010-11-03,Cotton,15,Wardha,FAQ,Pulgaon,4341,4100,4225.0,Maharashtra,Other
2010-11-03,Cotton,15,Ahmednagar,FAQ,Shevgaon,4100,3900,4050.0,Maharashtra,Other
2010-11-03,Cotton,15,Parbhani,FAQ,Manwat,4400,4100,4350.0,Maharashtra,Other
2010-11-04,Cotton,15,Yavatmal,FAQ,Vani,4200,4000,4100.0,Maharashtra,Other
2010-11-04,Cotton,15,Beed,FAQ,Gevrai,4111,3800,3975.0,Maharashtra,Other
2010-11-04,Cotton,15,Ahmednagar,FAQ,Shevgaon,4125,4000,4080.0,Maharashtra,Other
2010-11-04,Cotton,15,Wardha,FAQ,Arvi,4251,4221,4240.0,Maharashtra,Other
2010-11-04,Cotton,15,Yavatmal,FAQ,Kalamb,4150,4000,4050.0,Maharashtra,LRA
2010-11-05,Cotton,15,Wardha,FAQ,Arvi,4251,4221,4230.0,Maharashtra,Other
2010-11-06,Cotton,15,Wardha,FAQ,Arvi,4250,4200,4225.0,Maharashtra,Other
2010-11-07,Cotton,15,Wardha,FAQ,Arvi,4371,4200,4300.0,Maharashtra,Other
2010-11-08,Cotton,15,Parbhani,FAQ,Parbhani,4701,4400,4551.0,Maharashtra,Other
2010-11-08,Cotton,15,Wardha,FAQ,Arvi,4471,4250,4350.0,Maharashtra,Other
2010-11-09,Cotton,15,Wardha,FAQ,Hinganghat,4701,4300,4500.0,Maharashtra,Other
2010-11-09,Cotton,15,Chandrapur,FAQ,Rajura,4300,4300,4300.0,Maharashtra,LRA
2010-11-09,Cotton,15,Ahmednagar,FAQ,Shevgaon,4160,3900,4050.0,Maharashtra,Other
2010-11-09,Cotton,15,Akola,FAQ,Telhara,4541,4300,4320.0,Maharashtra,Other
2010-11-09,Cotton,15,Nanded,FAQ,Bhokar,4325,4150,4325.0,Maharashtra,Other
2010-11-09,Cotton,15,Akola,FAQ,Akot,4450,4350,4425.0,Maharashtra,H-4(A) 27mm FIne
2010-11-09,Cotton,15,Wardha,FAQ,Pulgaon,4400,3800,4250.0,Maharashtra,Other
2010-11-10,Cotton,15,Yavatmal,FAQ,Maregoan,4550,4375,4500.0,Maharashtra,Other
2010-11-10,Cotton,15,Nanded,FAQ,Bhokar,4325,4200,4325.0,Maharashtra,Other
2010-11-10,Cotton,15,Vashim,FAQ,Manora,4571,4451,4571.0,Maharashtra,Other
2010-11-10,Cotton,15,Parbhani,FAQ,Manwat,4711,4550,4600.0,Maharashtra,Other
2010-11-10,Cotton,15,Akola,FAQ,Akot,5111,4551,4971.0,Maharashtra,H-4(A) 27mm FIne
2010-11-11,Cotton,15,Wardha,FAQ,Arvi,4561,4350,4450.0,Maharashtra,Other
2010-11-11,Cotton,15,Akola,FAQ,Telhara,4720,4200,4300.0,Maharashtra,Other
2010-11-11,Cotton,15,Nagpur,FAQ,Narkhed,4300,4100,4200.0,Maharashtra,Other
2010-11-11,Cotton,15,Nagpur,FAQ,Kalmeshwar,4400,4150,4250.0,Maharashtra,Other
2010-11-11,Cotton,15,Parbhani,FAQ,Parbhani,4621,4345,4450.0,Maharashtra,Other
2010-11-11,Cotton,15,Amarawati,FAQ,Varud,4300,4300,4300.0,Maharashtra,Other
2010-11-11,Cotton,15,Vashim,FAQ,Manora,4566,4250,4566.0,Maharashtra,Other
2010-11-11,Cotton,15,Akola,FAQ,Akot,4700,4430,4633.0,Maharashtra,Other
2010-11-12,Cotton,15,Wardha,FAQ,Hinganghat,4350,4150,4250.0,Maharashtra,Other
2010-11-12,Cotton,15,Akola,FAQ,Akot,4621,4380,4561.0,Maharashtra,Other
2010-11-12,Cotton,15,Amarawati,FAQ,Varud,4511,4501,4506.0,Maharashtra,Other
2010-11-12,Cotton,15,Wardha,FAQ,Ashti,4300,4250,4275.0,Maharashtra,Other
2010-11-12,Cotton,15,Jalana,FAQ,Jalana,4425,4300,4325.0,Maharashtra,Other
2010-11-12,Cotton,15,Akola,FAQ,Telhara,4350,4200,4225.0,Maharashtra,Other
2010-11-12,Cotton,15,Wardha,FAQ,Arvi,4450,4300,4375.0,Maharashtra,Other
2010-11-12,Cotton,15,Nagpur,FAQ,Kalmeshwar,4300,4050,4250.0,Maharashtra,Other
2010-11-12,Cotton,15,Amarawati,FAQ,Dhamngaon-Railway,4401,4200,4350.0,Maharashtra,LRA
2010-11-12,Cotton,15,Parbhani,FAQ,Parbhani,4450,4150,4355.0,Maharashtra,Other
2010-11-12,Cotton,15,Parbhani,FAQ,Manwat,4450,4280,4341.0,Maharashtra,Other
2010-11-12,Cotton,15,Ahmednagar,FAQ,Shevgaon,4200,3900,4150.0,Maharashtra,Other
2010-11-13,Cotton,15,Gadchiroli,FAQ,Aheri,3500,3500,3500.0,Maharashtra,Other
2010-11-13,Cotton,15,Wardha,FAQ,Hinganghat,4375,4150,4262.0,Maharashtra,Other
2010-11-13,Cotton,15,Nagpur,FAQ,Kalmeshwar,4300,4050,4225.0,Maharashtra,Other
2010-11-13,Cotton,15,Wardha,FAQ,Pulgaon,4331,4150,4250.0,Maharashtra,Other
2010-11-13,Cotton,15,Akola,FAQ,Akot,4375,4220,4336.0,Maharashtra,Other
2010-11-13,Cotton,15,Akola,FAQ,Telhara,4350,4100,4175.0,Maharashtra,Other
2010-11-13,Cotton,15,Amarawati,FAQ,Varud,4200,4200,4200.0,Maharashtra,Other
2010-11-13,Cotton,15,Amarawati,FAQ,Dhamngaon-Railway,4300,3950,4200.0,Maharashtra,LRA
2010-11-14,Cotton,15,Beed,FAQ,Kille Dharur,4150,4075,4150.0,Maharashtra,Other
2010-11-14,Cotton,15,Nagpur,FAQ,Narkhed,4200,4150,4175.0,Maharashtra,Other
2010-11-15,Cotton,15,Buldhana,FAQ,Deoulgaon Raja,4210,4000,4150.0,Maharashtra,Other
2010-11-15,Cotton,15,Amarawati,FAQ,Dhamngaon-Railway,4275,4080,4225.0,Maharashtra,LRA
2010-11-15,Cotton,15,Chandrapur,FAQ,Rajura,4100,4100,4100.0,Maharashtra,Other
2010-11-15,Cotton,15,Wardha,FAQ,Arvi,4300,4250,4275.0,Maharashtra,Other
2010-11-15,Cotton,15,Yavatmal,FAQ,Maregoan,4060,3950,4005.0,Maharashtra,Other
2010-11-16,Cotton,15,Nandurbar,FAQ,Navapur,4000,3600,3789.0,Maharashtra,Other
2010-11-16,Cotton,15,Ahmednagar,FAQ,Shevgaon,4200,3800,4100.0,Maharashtra,Other
2010-11-16,Cotton,15,Wardha,FAQ,Hinganghat,4430,4150,4290.0,Maharashtra,Other
2010-11-16,Cotton,15,Vashim,FAQ,Manora,4315,4156,4315.0,Maharashtra,Other
2010-11-16,Cotton,15,Wardha,FAQ,Pulgaon,4451,4336,4390.0,Maharashtra,Other
2010-11-16,Cotton,15,Amarawati,FAQ,Dhamngaon-Railway,4486,4376,4450.0,Maharashtra,LRA
2010-11-16,Cotton,15,Nanded,FAQ,Bhokar,4200,4100,4200.0,Maharashtra,Other
2010-11-17,Cotton,15,Nanded,FAQ,Bhokar,4100,3940,4100.0,Maharashtra,Other
2010-11-17,Cotton,15,Nagpur,FAQ,Kalmeshwar,4150,4150,4150.0,Maharashtra,Other
2010-11-17,Cotton,15,Chandrapur,FAQ,Rajura,4000,4000,4000.0,Maharashtra,Other
2010-11-18,Cotton,15,Ahmednagar,FAQ,Shevgaon,4200,3950,4100.0,Maharashtra,Other
2010-11-18,Cotton,15,Nanded,FAQ,Bhokar,4150,4025,4150.0,Maharashtra,Other
2010-11-18,Cotton,15,Parbhani,FAQ,Parbhani,4405,4200,4351.0,Maharashtra,Other
2010-11-18,Cotton,15,Chandrapur,FAQ,Rajura,4000,4000,4000.0,Maharashtra,Other
2010-11-18,Cotton,15,Vashim,FAQ,Manora,4200,4051,4200.0,Maharashtra,Other
2010-11-18,Cotton,15,Wardha,FAQ,Sindi,4320,4290,4305.0,Maharashtra,Other
2010-11-18,Cotton,15,Nagpur,FAQ,Kalmeshwar,4160,4160,4160.0,Maharashtra,Other
2010-11-19,Cotton,15,Yavatmal,FAQ,Umarkhed,4305,3960,4200.0,Maharashtra,Other
2010-11-19,Cotton,15,Nanded,FAQ,Bhokar,4200,4125,4200.0,Maharashtra,Other
2010-11-19,Cotton,15,Amarawati,FAQ,Dhamngaon-Railway,4300,4200,4250.0,Maharashtra,LRA
2010-11-19,Cotton,15,Nagpur,FAQ,Narkhed,4200,4100,4150.0,Maharashtra,Other
2010-11-19,Cotton,15,Wardha,FAQ,Arvi,4250,4200,4225.0,Maharashtra,Other
2010-11-19,Cotton,15,Wardha,FAQ,Sindi,4250,4250,4250.0,Maharashtra,Other
2010-11-19,Cotton,15,Nagpur,FAQ,Parshiwani,4130,4100,4115.0,Maharashtra,Other
2010-11-19,Cotton,15,Gadchiroli,FAQ,Aheri,3700,3700,3700.0,Maharashtra,Other
2010-11-20,Cotton,15,Akola,FAQ,Telhara,4400,4000,4200.0,Maharashtra,Other
2010-11-20,Cotton,15,Jalana,FAQ,Partur,4371,4300,4320.0,Maharashtra,Other
2010-11-20,Cotton,15,Vashim,FAQ,Karanja,4425,4225,4360.0,Maharashtra,Other
2010-11-20,Cotton,15,Wardha,FAQ,Arvi,4250,4200,4225.0,Maharashtra,Other
2010-11-20,Cotton,15,Hingoli,FAQ,Basmat,4325,4100,4200.0,Maharashtra,Other
2010-11-20,Cotton,15,Beed,FAQ,Gevrai,4425,4000,4175.0,Maharashtra,Other
2010-11-20,Cotton,15,Ahmednagar,FAQ,Shevgaon,4250,4000,4125.0,Maharashtra,Other
2010-11-20,Cotton,15,Wardha,FAQ,Pulgaon,4311,4050,4190.0,Maharashtra,Other
2010-11-20,Cotton,15,Akola,FAQ,Akot,4500,4150,4415.0,Maharashtra,Other
2010-11-21,Cotton,15,Chandrapur,FAQ,Rajura,4050,4000,4025.0,Maharashtra,Other
2010-11-22,Cotton,15,Wardha,FAQ,Hinganghat,4445,4250,4347.0,Maharashtra,Other
2010-11-22,Cotton,15,Jalana,FAQ,Jalana,4400,4200,4300.0,Maharashtra,Other
2010-11-22,Cotton,15,Jalana,FAQ,Partur,4300,4200,4220.0,Maharashtra,Other
2010-11-22,Cotton,15,Beed,FAQ,Kille Dharur,4150,4150,4150.0,Maharashtra,Other
2010-11-22,Cotton,15,Buldhana,FAQ,Deoulgaon Raja,4250,3700,4000.0,Maharashtra,Other
2010-11-22,Cotton,15,Hingoli,FAQ,Jawala-Bajar,4501,4321,4411.0,Maharashtra,Other
2010-11-22,Cotton,15,Vashim,FAQ,Karanja,4425,4240,4375.0,Maharashtra,Other
2010-11-22,Cotton,15,Wardha,FAQ,Pulgaon,4361,4250,4305.0,Maharashtra,Other
2010-11-22,Cotton,15,Parbhani,FAQ,Parbhani,4385,4200,4280.0,Maharashtra,Other
2010-11-22,Cotton,15,Wardha,FAQ,Arvi,4290,4200,4250.0,Maharashtra,Other
2010-11-22,Cotton,15,Nandurbar,FAQ,Navapur,3800,3500,3700.0,Maharashtra,Other
2010-11-23,Cotton,15,Jalana,FAQ,Jalana,4375,4200,4250.0,Maharashtra,Other
2010-11-23,Cotton,15,Nandurbar,FAQ,Navapur,4000,3500,3686.0,Maharashtra,Other
2010-11-23,Cotton,15,Parbhani,FAQ,Parbhani,4380,4150,4215.0,Maharashtra,Other
2010-11-23,Cotton,15,Akola,FAQ,Telhara,4300,4000,4200.0,Maharashtra,Other
2010-11-23,Cotton,15,Akola,FAQ,Akot,4405,4025,4310.0,Maharashtra,H-4(A) 27mm FIne
2010-11-23,Cotton,15,Wardha,FAQ,Sindi,4250,4100,4180.0,Maharashtra,Other
2010-11-23,Cotton,15,Wardha,FAQ,Arvi,4231,4150,4200.0,Maharashtra,Other
2010-11-23,Cotton,15,Vashim,FAQ,Karanja,4375,4185,4260.0,Maharashtra,Other
2010-11-23,Cotton,15,Yavatmal,FAQ,Maregoan,4200,4100,4175.0,Maharashtra,Other
2010-11-23,Cotton,15,Vashim,FAQ,Manora,4360,4000,4360.0,Maharashtra,Other
2010-11-23,Cotton,15,Nagpur,FAQ,Parshiwani,4230,4180,4205.0,Maharashtra,Other
2010-11-23,Cotton,15,Yavatmal,FAQ,Vani,4350,4000,4150.0,Maharashtra,Other
2010-11-24,Cotton,15,Nandurbar,FAQ,Navapur,4000,2000,3610.0,Maharashtra,Other
2010-11-24,Cotton,15,Akola,FAQ,Telhara,4350,4250,4300.0,Maharashtra,Other
2010-11-24,Cotton,15,Wardha,FAQ,Hinganghat,4305,4000,4152.0,Maharashtra,Other
2010-11-24,Cotton,15,Akola,FAQ,Akot,4370,4000,4277.0,Maharashtra,H-4(A) 27mm FIne
2010-11-24,Cotton,15,Amarawati,FAQ,Chandur Railway,4300,4260,4280.0,Maharashtra,Other
2010-11-24,Cotton,15,Wardha,FAQ,Sindi,4250,4100,4200.0,Maharashtra,Other
2010-11-24,Cotton,15,Wardha,FAQ,Pulgaon,4191,4000,4100.0,Maharashtra,Other
2010-11-24,Cotton,15,Jalana,FAQ,Ghansawangi,4250,4150,4200.0,Maharashtra,Other
2010-11-24,Cotton,15,Yavatmal,FAQ,Umarkhed,4200,4100,4150.0,Maharashtra,Other
2010-11-24,Cotton,15,Hingoli,FAQ,Jawala-Bajar,4301,4175,4240.0,Maharashtra,Other
2010-11-24,Cotton,15,Vashim,FAQ,Karanja,4330,4225,4285.0,Maharashtra,Other
2010-11-24,Cotton,15,Nagpur,FAQ,Kalmeshwar,4200,4050,4150.0,Maharashtra,Other
2010-11-24,Cotton,15,Vashim,FAQ,Manora,4362,4111,4362.0,Maharashtra,Other
2010-11-24,Cotton,15,Parbhani,FAQ,Manwat,4275,4100,4261.0,Maharashtra,Other
2010-11-25,Cotton,15,Akola,FAQ,Telhara,4375,4250,4300.0,Maharashtra,Other
2010-11-25,Cotton,15,Jalana,FAQ,Partur,4261,4100,4200.0,Maharashtra,Other
2010-11-25,Cotton,15,Ahmednagar,FAQ,Shevgaon,4300,4000,4100.0,Maharashtra,Other
2010-11-25,Cotton,15,Yavatmal,FAQ,Maregoan,4150,4000,4075.0,Maharashtra,Other
2010-11-25,Cotton,15,Nagpur,FAQ,Kalmeshwar,4150,4000,4100.0,Maharashtra,Other
2010-11-25,Cotton,15,Parbhani,FAQ,Parbhani,4380,4200,4250.0,Maharashtra,Other
2010-11-25,Cotton,15,Wardha,FAQ,Pulgaon,4341,4150,4255.0,Maharashtra,Other
2010-11-25,Cotton,15,Vashim,FAQ,Manora,4331,4250,4331.0,Maharashtra,Other
2010-11-25,Cotton,15,Akola,FAQ,Akot,4405,4100,4321.0,Maharashtra,H-4(A) 27mm FIne
2010-11-26,Cotton,15,Vashim,FAQ,Manora,4320,4100,4320.0,Maharashtra,Other
2010-11-26,Cotton,15,Hingoli,FAQ,Basmat,4150,3950,4100.0,Maharashtra,Other
2010-11-26,Cotton,15,Vashim,FAQ,Karanja,4330,4150,4270.0,Maharashtra,Other
2010-11-26,Cotton,15,Yavatmal,FAQ,Umarkhed,4150,4000,4100.0,Maharashtra,Other
2010-11-26,Cotton,15,Akola,FAQ,Akot,4370,4260,4342.0,Maharashtra,H-4(A) 27mm FIne
2010-11-26,Cotton,15,Jalana,FAQ,Partur,4200,4100,4150.0,Maharashtra,Other
2010-11-27,Cotton,15,Yavatmal,FAQ,Maregoan,4060,3800,4011.0,Maharashtra,Other
2010-11-27,Cotton,15,Parbhani,FAQ,Parbhani,4301,4030,4250.0,Maharashtra,Other
2010-11-27,Cotton,15,Buldhana,FAQ,Deoulgaon Raja,4150,3500,4000.0,Maharashtra,Other
2010-11-27,Cotton,15,Ahmednagar,FAQ,Shevgaon,4300,3900,4000.0,Maharashtra,Other
2010-11-27,Cotton,15,Akola,FAQ,Akot,4250,4050,4200.0,Maharashtra,H-4(A) 27mm FIne
2010-11-27,Cotton,15,Wardha,FAQ,Pulgaon,4150,4000,4075.0,Maharashtra,Other
2010-11-27,Cotton,15,Vashim,FAQ,Karanja,4240,4110,4175.0,Maharashtra,Other
2010-11-28,Cotton,15,Nanded,FAQ,Bhokar,3950,3900,3950.0,Maharashtra,Other
2010-11-28,Cotton,15,Amarawati,FAQ,Varud,4050,4050,4050.0,Maharashtra,Other
2010-11-29,Cotton,15,Hingoli,FAQ,Basmat,4011,3900,3950.0,Maharashtra,Other
2010-11-29,Cotton,15,Nagpur,FAQ,Parshiwani,4010,3900,3955.0,Maharashtra,Other
2010-11-29,Cotton,15,Yavatmal,FAQ,Yeotmal,3950,3651,3825.0,Maharashtra,Other
2010-11-29,Cotton,15,Beed,FAQ,Gevrai,4100,3900,4000.0,Maharashtra,Other
2010-11-29,Cotton,15,Jalana,FAQ,Jalana,4106,3950,4000.0,Maharashtra,Other
2010-11-29,Cotton,15,Akola,FAQ,Akot,4250,4100,4200.0,Maharashtra,LRA
2010-11-29,Cotton,15,Nanded,FAQ,Bhokar,3950,3900,3950.0,Maharashtra,Other
2010-11-29,Cotton,15,Amarawati,FAQ,Varud,4035,4000,4017.0,Maharashtra,Other
2010-11-29,Cotton,15,Nagpur,FAQ,Kalmeshwar,3950,3850,3900.0,Maharashtra,Other
2010-11-29,Cotton,15,Akola,FAQ,Akot,4535,4535,4535.0,Maharashtra,Other
2010-11-30,Cotton,15,Parbhani,FAQ,Manwat,4200,4050,4171.0,Maharashtra,Other
2010-11-30,Cotton,15,Wardha,FAQ,Arvi,4050,3950,4000.0,Maharashtra,Other
2010-11-30,Cotton,15,Jalana,FAQ,Partur,4100,4000,4080.0,Maharashtra,Other
2010-11-30,Cotton,15,Parbhani,FAQ,Selu,4200,4051,4151.0,Maharashtra,Other
2010-11-30,Cotton,15,Buldhana,FAQ,Shegaon,4500,4100,4250.0,Maharashtra,Other
2010-11-30,Cotton,15,Nagpur,FAQ,Narkhed,4000,3900,3950.0,Maharashtra,Other
2010-11-30,Cotton,15,Buldhana,FAQ,Deoulgaon Raja,4200,3900,4100.0,Maharashtra,Other
2010-11-30,Cotton,15,Akola,FAQ,Akot,4500,4500,4500.0,Maharashtra,Other
2010-11-30,Cotton,15,Akola,FAQ,Telhara,4200,3900,4100.0,Maharashtra,Other
2010-11-30,Cotton,15,Chandrapur,FAQ,Rajura,3800,3650,3785.0,Maharashtra,Other
2010-11-30,Cotton,15,Amarawati,FAQ,Varud,4080,4060,4070.0,Maharashtra,Other
2010-11-30,Cotton,15,Hingoli,FAQ,Basmat,4025,3900,3950.0,Maharashtra,Other
2010-12-01,Cotton,15,Akola,FAQ,Akot,4285,4025,4220.0,Maharashtra,H-4(A) 27mm FIne
2010-12-01,Cotton,15,Hingoli,FAQ,Basmat,4000,3900,3950.0,Maharashtra,Other
2010-12-01,Cotton,15,Parbhani,FAQ,Manwat,4231,4050,4175.0,Maharashtra,Other
2010-12-01,Cotton,15,Buldhana,FAQ,Deoulgaon Raja,4280,4000,4150.0,Maharashtra,Other
2010-12-01,Cotton,15,Amarawati,FAQ,Varud,4080,4000,4070.0,Maharashtra,Other
2010-12-01,Cotton,15,Nandurbar,FAQ,Navapur,3500,3000,3117.0,Maharashtra,Other
2010-12-01,Cotton,15,Nanded,FAQ,Bhokar,3925,3925,3925.0,Maharashtra,Other
2010-12-01,Cotton,15,Akola,FAQ,Telhara,4200,4000,4100.0,Maharashtra,Other
2010-12-01,Cotton,15,Parbhani,FAQ,Selu,4300,4200,4240.0,Maharashtra,Other
2010-12-02,Cotton,15,Hingoli,FAQ,Jawala-Bajar,4295,4100,4200.0,Maharashtra,Other
2010-12-02,Cotton,15,Yavatmal,FAQ,Maregoan,4050,3950,4000.0,Maharashtra,Other
2010-12-02,Cotton,15,Parbhani,FAQ,Selu,4400,4300,4351.0,Maharashtra,Other
2010-12-02,Cotton,15,Hingoli,FAQ,Basmat,4125,4050,4100.0,Maharashtra,Other
2010-12-02,Cotton,15,Nagpur,FAQ,Parshiwani,3935,3900,3915.0,Maharashtra,Other
2010-12-02,Cotton,15,Wardha,FAQ,Sindi,4000,4000,4000.0,Maharashtra,Other
2010-12-02,Cotton,15,Akola,FAQ,Telhara,4300,4000,4200.0,Maharashtra,Other
2010-12-02,Cotton,15,Nandurbar,FAQ,Navapur,3500,3200,3260.0,Maharashtra,Other
2010-12-02,Cotton,15,Ahmednagar,FAQ,Shevgaon,4125,4000,4100.0,Maharashtra,Other
2010-12-02,Cotton,15,Akola,FAQ,Akot,4400,4255,4375.0,Maharashtra,H-4(A) 27mm FIne
2010-12-03,Cotton,15,Akola,FAQ,Akot,4370,4185,4324.0,Maharashtra,H-4(A) 27mm FIne
2010-12-03,Cotton,15,Parbhani,FAQ,Selu,4400,4320,4359.0,Maharashtra,Other
2010-12-03,Cotton,15,Nagpur,FAQ,Parshiwani,4050,4000,4025.0,Maharashtra,Other
2010-12-03,Cotton,15,Ahmednagar,FAQ,Shevgaon,4200,3850,4125.0,Maharashtra,Other
2010-12-03,Cotton,15,Nanded,FAQ,Bhokar,4100,4000,4100.0,Maharashtra,Other
2010-12-03,Cotton,15,Akola,FAQ,Telhara,4500,4000,4300.0,Maharashtra,Other
2010-12-03,Cotton,15,Buldhana,FAQ,Deoulgaon Raja,4150,3800,4000.0,Maharashtra,Other
2010-12-03,Cotton,15,Wardha,FAQ,Pulgaon,4195,4000,4100.0,Maharashtra,Other
2010-12-03,Cotton,15,Yavatmal,FAQ,Pandhakawada,4150,3870,3950.0,Maharashtra,Other
2010-12-03,Cotton,15,Wardha,FAQ,Sindi,4150,4000,4050.0,Maharashtra,Other
2010-12-04,Cotton,15,Buldhana,FAQ,Deoulgaon Raja,4150,3900,4050.0,Maharashtra,Other
2010-12-04,Cotton,15,Nagpur,FAQ,Kalmeshwar,4200,3875,4125.0,Maharashtra,Other
2010-12-04,Cotton,15,Wardha,FAQ,Sindi,4050,3900,3995.0,Maharashtra,Other
2010-12-04,Cotton,15,Akola,FAQ,Akot,4700,4700,4700.0,Maharashtra,Other
2010-12-05,Cotton,15,Nagpur,FAQ,Narkhed,4200,3800,4000.0,Maharashtra,Other
2010-12-05,Cotton,15,Chandrapur,FAQ,Rajura,4100,4000,4070.0,Maharashtra,Other
2010-12-05,Cotton,15,Ahmednagar,FAQ,Shevgaon,4125,4000,4100.0,Maharashtra,Other
2010-12-05,Cotton,15,Nandurbar,FAQ,Navapur,3600,3600,3600.0,Maharashtra,Other
2010-12-06,Cotton,15,Hingoli,FAQ,Jawala-Bajar,4401,4161,4300.0,Maharashtra,Other
2010-12-06,Cotton,15,Chandrapur,FAQ,Rajura,4100,4000,4070.0,Maharashtra,Other
2010-12-06,Cotton,15,Nanded,FAQ,Bhokar,4150,3900,4150.0,Maharashtra,Other
2010-12-06,Cotton,15,Vashim,FAQ,Karanja,4320,4190,4275.0,Maharashtra,Other
2010-12-06,Cotton,15,Vashim,FAQ,Manora,4150,4000,4150.0,Maharashtra,Other
2010-12-06,Cotton,15,Akola,FAQ,Telhara,4300,4000,4200.0,Maharashtra,Other
2010-12-06,Cotton,15,Yavatmal,FAQ,Vani,4150,4000,4025.0,Maharashtra,Other
2010-12-06,Cotton,15,Wardha,FAQ,Pulgaon,4351,4100,4255.0,Maharashtra,Other
2010-12-06,Cotton,15,Parbhani,FAQ,Manwat,4351,4100,4311.0,Maharashtra,Other
2010-12-06,Cotton,15,Nandurbar,FAQ,Navapur,3800,3800,3800.0,Maharashtra,Other
2010-12-06,Cotton,15,Wardha,FAQ,Hinganghat,4400,4100,4250.0,Maharashtra,Other
2010-12-06,Cotton,15,Yavatmal,FAQ,Darwha,4250,4000,4125.0,Maharashtra,Other
2010-12-07,Cotton,15,Nagpur,FAQ,Narkhed,4200,4000,4100.0,Maharashtra,Other
2010-12-07,Cotton,15,Vashim,FAQ,Manora,4175,4000,4000.0,Maharashtra,Other
2010-12-07,Cotton,15,Buldhana,FAQ,Deoulgaon Raja,4175,3800,4050.0,Maharashtra,Other
2010-12-07,Cotton,15,Yavatmal,FAQ,Umarkhed,4100,3900,4000.0,Maharashtra,Other
2010-12-07,Cotton,15,Parbhani,FAQ,Selu,4271,4240,4265.0,Maharashtra,Other
2010-12-07,Cotton,15,Wardha,FAQ,Pulgaon,4350,4050,4200.0,Maharashtra,Other
2010-12-07,Cotton,15,Akola,FAQ,Akot,4360,4050,4282.0,Maharashtra,H-4(A) 27mm FIne
2010-12-07,Cotton,15,Wardha,FAQ,Sindi,4200,4000,4100.0,Maharashtra,Other
2010-12-07,Cotton,15,Parbhani,FAQ,Gangakhed,4550,3500,4000.0,Maharashtra,H-4(A) 27mm FIne
2010-12-07,Cotton,15,Beed,FAQ,Gevrai,4200,4000,4150.0,Maharashtra,Other
2010-12-07,Cotton,15,Amarawati,FAQ,Dhamngaon-Railway,4260,3900,4150.0,Maharashtra,LRA
2010-12-08,Cotton,15,Akola,FAQ,Akot,4265,4100,4224.0,Maharashtra,H-4(A) 27mm FIne
2010-12-08,Cotton,15,Akola,FAQ,Telhara,4200,4000,4100.0,Maharashtra,Other
2010-12-08,Cotton,15,Nandurbar,FAQ,Navapur,3800,3600,3752.0,Maharashtra,Other
2010-12-08,Cotton,15,Nagpur,FAQ,Parshiwani,4100,4060,4080.0,Maharashtra,Other
2010-12-08,Cotton,15,Jalgaon,FAQ,Yawal,4150,1050,4100.0,Maharashtra,Other
2010-12-08,Cotton,15,Nanded,FAQ,Bhokar,4050,3900,4050.0,Maharashtra,Other
2010-12-08,Cotton,15,Buldhana,FAQ,Deoulgaon Raja,4100,3800,4000.0,Maharashtra,Other
2010-12-09,Cotton,15,Yavatmal,FAQ,Vani,4050,3800,3950.0,Maharashtra,Other
2010-12-09,Cotton,15,Wardha,FAQ,Pulgaon,4131,4000,4065.0,Maharashtra,Other
2010-12-09,Cotton,15,Nagpur,FAQ,Parshiwani,4000,3950,3975.0,Maharashtra,Other
2010-12-09,Cotton,15,Vashim,FAQ,Karanja,4185,4050,4135.0,Maharashtra,Other
2010-12-09,Cotton,15,Hingoli,FAQ,Basmat,4100,3900,3950.0,Maharashtra,Other
2010-12-09,Cotton,15,Nandurbar,FAQ,Navapur,3500,3400,3478.0,Maharashtra,Other
2010-12-09,Cotton,15,Vashim,FAQ,Manora,3995,3885,3890.0,Maharashtra,Other
2010-12-09,Cotton,15,Yavatmal,FAQ,Umarkhed,3950,3850,3900.0,Maharashtra,Other
2010-12-09,Cotton,15,Akola,FAQ,Akot,4175,3965,4122.0,Maharashtra,H-4(A) 27mm FIne
2010-12-10,Cotton,15,Amarawati,FAQ,Varud,4100,3900,4000.0,Maharashtra,Other
2010-12-10,Cotton,15,Akola,FAQ,Telhara,4100,3900,4000.0,Maharashtra,Other
2010-12-10,Cotton,15,Akola,FAQ,Akot,4185,4060,4154.0,Maharashtra,H-4(A) 27mm FIne
2010-12-10,Cotton,15,Nandurbar,FAQ,Navapur,3500,3400,3425.0,Maharashtra,Other
2010-12-10,Cotton,15,Nagpur,FAQ,Parshiwani,4000,3950,3975.0,Maharashtra,Other
2010-12-10,Cotton,15,Hingoli,FAQ,Basmat,3900,3800,3850.0,Maharashtra,Other
2010-12-10,Cotton,15,Yavatmal,FAQ,Ralegaon,4170,3800,4100.0,Maharashtra,LRA
2010-12-10,Cotton,15,Wardha,FAQ,Sindi,4200,3950,4050.0,Maharashtra,Other
2010-12-10,Cotton,15,Yavatmal,FAQ,Maregoan,3961,3825,3925.0,Maharashtra,Other
2010-12-10,Cotton,15,Vashim,FAQ,Manora,4000,3900,4000.0,Maharashtra,Other
2010-12-10,Cotton,15,Wardha,FAQ,Hinganghat,4230,3900,4065.0,Maharashtra,Other
2010-12-11,Cotton,15,Parbhani,FAQ,Parbhani,2500,2000,2300.0,Maharashtra,Other
2010-12-11,Cotton,15,Wardha,FAQ,Hinganghat,4200,4050,4125.0,Maharashtra,Other
2010-12-11,Cotton,15,Chandrapur,FAQ,Rajura,3900,3800,3850.0,Maharashtra,Other
2010-12-11,Cotton,15,Wardha,FAQ,Pulgaon,4201,4000,4100.0,Maharashtra,Other
2010-12-11,Cotton,15,Gadchiroli,FAQ,Aheri,3800,3800,3800.0,Maharashtra,Other
2010-12-11,Cotton,15,Yavatmal,FAQ,Maregoan,4000,3900,3950.0,Maharashtra,Other
2010-12-11,Cotton,15,Ahmednagar,FAQ,Shevgaon,4100,3900,4050.0,Maharashtra,Other
2010-12-11,Cotton,15,Nandurbar,FAQ,Navapur,4000,3400,3541.0,Maharashtra,Other
2010-12-13,Cotton,15,Wardha,FAQ,Pulgaon,4200,4000,4100.0,Maharashtra,Other
2010-12-13,Cotton,15,Amarawati,FAQ,Dhamngaon-Railway,4240,4000,4150.0,Maharashtra,LRA
2010-12-13,Cotton,15,Nandurbar,FAQ,Navapur,3600,3400,3525.0,Maharashtra,Other
2010-12-13,Cotton,15,Beed,FAQ,Gevrai,4000,3800,3975.0,Maharashtra,Other
2010-12-13,Cotton,15,Yavatmal,FAQ,Umarkhed,4100,3925,4000.0,Maharashtra,Other
2010-12-13,Cotton,15,Yavatmal,FAQ,Maregoan,4050,4000,4025.0,Maharashtra,Other
2010-12-14,Cotton,15,Amarawati,FAQ,Dhamngaon-Railway,4070,3900,4000.0,Maharashtra,LRA
2010-12-14,Cotton,15,Wardha,FAQ,Pulgaon,4150,3900,4025.0,Maharashtra,Other
2010-12-14,Cotton,15,Buldhana,FAQ,Deoulgaon Raja,4060,3800,3900.0,Maharashtra,Other
2010-12-15,Cotton,15,Parbhani,FAQ,Manwat,4152,4050,4120.0,Maharashtra,Other
2010-12-15,Cotton,15,Akola,FAQ,Akot,4450,4450,4450.0,Maharashtra,Other
2010-12-15,Cotton,15,Akola,FAQ,Akot,4235,4065,4192.0,Maharashtra,H-4(A) 27mm FIne
2010-12-15,Cotton,15,Akola,FAQ,Telhara,4200,4000,4100.0,Maharashtra,Other
2010-12-15,Cotton,15,Hingoli,FAQ,Basmat,4050,3900,4025.0,Maharashtra,Other
2010-12-16,Cotton,15,Buldhana,FAQ,Deoulgaon Raja,4155,3900,4025.0,Maharashtra,Other
2010-12-16,Cotton,15,Akola,FAQ,Akot,4235,4110,4207.0,Maharashtra,H-4(A) 27mm FIne
2010-12-16,Cotton,15,Hingoli,FAQ,Basmat,4100,4000,4050.0,Maharashtra,Other
2010-12-16,Cotton,15,Beed,FAQ,Gevrai,4100,3850,3975.0,Maharashtra,Other
2010-12-17,Cotton,15,Nandurbar,FAQ,Navapur,3700,3300,3469.0,Maharashtra,Other
2010-12-18,Cotton,15,Nandurbar,FAQ,Navapur,4200,3500,3792.0,Maharashtra,Other
2010-12-18,Cotton,15,Parbhani,FAQ,Manwat,4311,4000,4300.0,Maharashtra,Other
2010-12-19,Cotton,15,Chandrapur,FAQ,Rajura,4000,4000,4000.0,Maharashtra,Other
2010-12-19,Cotton,15,Nanded,FAQ,Bhokar,4050,4000,4050.0,Maharashtra,Other
2010-12-20,Cotton,15,Yavatmal,FAQ,Maregoan,4160,4100,4130.0,Maharashtra,Other
2010-12-20,Cotton,15,Beed,FAQ,Kille Dharur,4131,4103,4131.0,Maharashtra,Other
2010-12-20,Cotton,15,Wardha,FAQ,Pulgaon,4295,4150,4225.0,Maharashtra,Other
2010-12-20,Cotton,15,Hingoli,FAQ,Basmat,4225,4100,4200.0,Maharashtra,Other
2010-12-20,Cotton,15,Yavatmal,FAQ,Umarkhed,4180,4050,4100.0,Maharashtra,Other
2010-12-20,Cotton,15,Akola,FAQ,Telhara,4300,4100,4200.0,Maharashtra,Other
2010-12-20,Cotton,15,Wardha,FAQ,Hinganghat,4350,4100,4225.0,Maharashtra,Other
2010-12-21,Cotton,15,Parbhani,FAQ,Manwat,4275,4050,4250.0,Maharashtra,Other
2010-12-21,Cotton,15,Parbhani,FAQ,Gangakhed,4100,2850,4000.0,Maharashtra,N-44
2010-12-21,Cotton,15,Parbhani,FAQ,Parbhani,4350,4100,4250.0,Maharashtra,Other
2010-12-21,Cotton,15,Wardha,FAQ,Hinganghat,4350,4050,4200.0,Maharashtra,Other
2010-12-21,Cotton,15,Chandrapur,FAQ,Rajura,4200,4100,4150.0,Maharashtra,Other
2010-12-21,Cotton,15,Wardha,FAQ,Pulgaon,4300,4150,4225.0,Maharashtra,Other
2010-12-21,Cotton,15,Parbhani,FAQ,Selu,4300,4269,4271.0,Maharashtra,Other
2010-12-21,Cotton,15,Akola,FAQ,Akot,4480,4320,4440.0,Maharashtra,H-4(A) 27mm FIne
2010-12-21,Cotton,15,Akola,FAQ,Telhara,4250,4150,4200.0,Maharashtra,Other
2010-12-22,Cotton,15,Akola,FAQ,Akot,4405,4225,4360.0,Maharashtra,H-4(A) 27mm FIne
2010-12-22,Cotton,15,Hingoli,FAQ,Basmat,4340,4200,4300.0,Maharashtra,Other
2010-12-22,Cotton,15,Wardha,FAQ,Arvi,4300,4250,4275.0,Maharashtra,Other
2010-12-22,Cotton,15,Akola,FAQ,Telhara,4430,4200,4300.0,Maharashtra,Other
2010-12-22,Cotton,15,Buldhana,FAQ,Deoulgaon Raja,4375,4000,4175.0,Maharashtra,Other
2010-12-22,Cotton,15,Parbhani,FAQ,Gangakhed,4000,2850,3000.0,Maharashtra,N-44
2010-12-22,Cotton,15,Yavatmal,FAQ,Vani,4220,4050,4170.0,Maharashtra,Other
2010-12-22,Cotton,15,Wardha,FAQ,Hinganghat,4500,4200,4350.0,Maharashtra,Other
2010-12-22,Cotton,15,Beed,FAQ,Kille Dharur,4175,4131,4167.0,Maharashtra,Other
2010-12-22,Cotton,15,Parbhani,FAQ,Manwat,4271,4200,4261.0,Maharashtra,Other
2010-12-23,Cotton,15,Beed,FAQ,Gevrai,4255,4000,4150.0,Maharashtra,Other
2010-12-23,Cotton,15,Nagpur,FAQ,Narkhed,4200,4000,4100.0,Maharashtra,Other
2010-12-23,Cotton,15,Hingoli,FAQ,Basmat,4250,4100,4200.0,Maharashtra,Other
2010-12-23,Cotton,15,Wardha,FAQ,Hinganghat,4300,4050,4175.0,Maharashtra,Other
2010-12-23,Cotton,15,Amarawati,FAQ,Dhamngaon-Railway,4360,4180,4260.0,Maharashtra,Other
2010-12-23,Cotton,15,Beed,FAQ,Kille Dharur,4175,4050,4171.0,Maharashtra,Other
2010-12-23,Cotton,15,Chandrapur,FAQ,Rajura,4150,4000,4075.0,Maharashtra,Other
2010-12-23,Cotton,15,Akola,FAQ,Telhara,4350,4200,4300.0,Maharashtra,Other
2010-12-23,Cotton,15,Vashim,FAQ,Manora,4301,3996,4000.0,Maharashtra,Other
2010-12-23,Cotton,15,Nanded,FAQ,Bhokar,4135,4100,4135.0,Maharashtra,Other
2010-12-23,Cotton,15,Ahmednagar,FAQ,Shevgaon,4350,4100,4200.0,Maharashtra,Other
2010-12-23,Cotton,15,Parbhani,FAQ,Gangakhed,3900,2850,3800.0,Maharashtra,N-44
2010-12-23,Cotton,15,Nandurbar,FAQ,Navapur,4000,3900,3950.0,Maharashtra,Other
2010-12-24,Cotton,15,Yavatmal,FAQ,Vani,4050,3950,4012.0,Maharashtra,Other
2010-12-24,Cotton,15,Nandurbar,FAQ,Navapur,3800,3500,3736.0,Maharashtra,Other
2010-12-24,Cotton,15,Ahmednagar,FAQ,Shevgaon,4375,4100,4250.0,Maharashtra,Other
2010-12-24,Cotton,15,Akola,FAQ,Telhara,4300,4200,4250.0,Maharashtra,Other
2010-12-24,Cotton,15,Nagpur,FAQ,Narkhed,4200,4000,4100.0,Maharashtra,Other
2010-12-24,Cotton,15,Yavatmal,FAQ,Maregoan,4100,4050,4075.0,Maharashtra,Other
2010-12-24,Cotton,15,Vashim,FAQ,Manora,4200,4000,4000.0,Maharashtra,Other
2010-12-24,Cotton,15,Jalana,FAQ,Jalana,4400,4200,4275.0,Maharashtra,Other
2010-12-24,Cotton,15,Parbhani,FAQ,Manwat,4156,4050,4126.0,Maharashtra,Other
2010-12-24,Cotton,15,Buldhana,FAQ,Deoulgaon Raja,4245,3900,4100.0,Maharashtra,Other
2010-12-24,Cotton,15,Parbhani,FAQ,Selu,4200,4000,4100.0,Maharashtra,Other
2010-12-24,Cotton,15,Hingoli,FAQ,Basmat,4275,4100,4200.0,Maharashtra,Other
2010-12-25,Cotton,15,Beed,FAQ,Kille Dharur,4125,4095,4125.0,Maharashtra,Other
2010-12-25,Cotton,15,Yavatmal,FAQ,Umarkhed,4100,3860,4000.0,Maharashtra,Other
2010-12-25,Cotton,15,Yavatmal,FAQ,Vani,4100,4000,4050.0,Maharashtra,Other
2010-12-25,Cotton,15,Nandurbar,FAQ,Navapur,4000,3500,3882.0,Maharashtra,Other
2010-12-26,Cotton,15,Nanded,FAQ,Bhokar,4075,4000,4075.0,Maharashtra,Other
2010-12-26,Cotton,15,Nandurbar,FAQ,Navapur,3700,3700,3700.0,Maharashtra,Other
2010-12-27,Cotton,15,Nagpur,FAQ,Kalmeshwar,4150,3750,4075.0,Maharashtra,Other
2010-12-27,Cotton,15,Vashim,FAQ,Manora,4147,4115,4120.0,Maharashtra,Other
2010-12-27,Cotton,15,Parbhani,FAQ,Gangakhed,4200,4000,4100.0,Maharashtra,N-44
2010-12-27,Cotton,15,Nagpur,FAQ,Parshiwani,4300,4200,4250.0,Maharashtra,Other
2010-12-27,Cotton,15,Amarawati,FAQ,Varud,4260,4150,4205.0,Maharashtra,Other
2010-12-27,Cotton,15,Parbhani,FAQ,Parbhani,4350,4100,4270.0,Maharashtra,Other
2010-12-27,Cotton,15,Akola,FAQ,Telhara,4300,4200,4250.0,Maharashtra,Other
2010-12-27,Cotton,15,Amarawati,FAQ,Dhamngaon-Railway,4101,3900,4000.0,Maharashtra,Other
2010-12-27,Cotton,15,Parbhani,FAQ,Manwat,4301,4111,4275.0,Maharashtra,Other
2010-12-27,Cotton,15,Buldhana,FAQ,Deoulgaon Raja,4415,4000,4300.0,Maharashtra,Other
2010-12-28,Cotton,15,Hingoli,FAQ,Basmat,4490,4250,4400.0,Maharashtra,Other
2010-12-28,Cotton,15,Akola,FAQ,Akot,4650,4650,4650.0,Maharashtra,Other
2010-12-28,Cotton,15,Nagpur,FAQ,Parshiwani,4300,4000,4150.0,Maharashtra,Other
2010-12-28,Cotton,15,Buldhana,FAQ,Deoulgaon Raja,4500,4000,4200.0,Maharashtra,Other
2010-12-28,Cotton,15,Parbhani,FAQ,Manwat,4351,4200,4335.0,Maharashtra,Other
2010-12-28,Cotton,15,Yavatmal,FAQ,Vani,4250,4100,4210.0,Maharashtra,Other
2010-12-28,Cotton,15,Ahmednagar,FAQ,Shevgaon,4410,4200,4300.0,Maharashtra,Other
2010-12-28,Cotton,15,Wardha,FAQ,Hinganghat,4405,4150,4277.0,Maharashtra,Other
2010-12-28,Cotton,15,Akola,FAQ,Akot,4450,4310,4415.0,Maharashtra,H-4(A) 27mm FIne
2010-12-28,Cotton,15,Nagpur,FAQ,Narkhed,4350,4100,4225.0,Maharashtra,Other
2010-12-29,Cotton,15,Beed,FAQ,Gevrai,4375,4000,4125.0,Maharashtra,Other
2010-12-29,Cotton,15,Hingoli,FAQ,Jawala-Bajar,4531,4301,4416.0,Maharashtra,Other
2010-12-29,Cotton,15,Akola,FAQ,Akot,4540,4300,4480.0,Maharashtra,H-4(A) 27mm FIne
2010-12-29,Cotton,15,Vashim,FAQ,Manora,4291,4175,4190.0,Maharashtra,Other
2010-12-29,Cotton,15,Akola,FAQ,Akot,4600,4400,4550.0,Maharashtra,Other
2010-12-29,Cotton,15,Nagpur,FAQ,Parshiwani,4280,4200,4240.0,Maharashtra,Other
2010-12-29,Cotton,15,Parbhani,FAQ,Parbhani,4450,4150,4335.0,Maharashtra,Other
2010-12-30,Cotton,15,Nanded,FAQ,Bhokar,4300,4250,4300.0,Maharashtra,Other
2010-12-30,Cotton,15,Nagpur,FAQ,Kalmeshwar,4350,3775,4225.0,Maharashtra,Other
2010-12-30,Cotton,15,Nandurbar,FAQ,Navapur,4000,3800,3950.0,Maharashtra,Other
2010-12-30,Cotton,15,Parbhani,FAQ,Selu,4500,4400,4450.0,Maharashtra,Other
2010-12-30,Cotton,15,Akola,FAQ,Akot,4635,4450,4589.0,Maharashtra,H-4(A) 27mm FIne
2010-12-30,Cotton,15,Parbhani,FAQ,Gangakhed,4250,2850,4100.0,Maharashtra,N-44
2010-12-30,Cotton,15,Gadchiroli,FAQ,Aheri,3800,3800,3800.0,Maharashtra,Other
2010-12-30,Cotton,15,Hingoli,FAQ,Basmat,4475,4300,4400.0,Maharashtra,Other
2010-12-30,Cotton,15,Akola,FAQ,Akot,4720,4510,4668.0,Maharashtra,Other
2010-12-31,Cotton,15,Nagpur,FAQ,Kalmeshwar,4400,3800,4325.0,Maharashtra,Other
2010-12-31,Cotton,15,Nagpur,FAQ,Narkhed,4450,4100,4275.0,Maharashtra,Other
2010-12-31,Cotton,15,Parbhani,FAQ,Manwat,4551,4200,4500.0,Maharashtra,Other
2010-12-31,Cotton,15,Beed,FAQ,Gevrai,4550,4100,4200.0,Maharashtra,Other
2010-12-31,Cotton,15,Parbhani,FAQ,Parbhani,4600,4300,4450.0,Maharashtra,Other
2010-12-31,Cotton,15,Ahmednagar,FAQ,Shevgaon,4525,4300,4500.0,Maharashtra,Other
2010-12-31,Cotton,15,Yavatmal,FAQ,Maregoan,4425,4375,4400.0,Maharashtra,Other
2010-12-31,Cotton,15,Nandurbar,FAQ,Navapur,4000,3500,3846.0,Maharashtra,Other
2010-12-31,Cotton,15,Akola,FAQ,Akot,4600,4470,4567.0,Maharashtra,H-4(A) 27mm FIne
2013-01-01,Cotton,15,Parbhani,FAQ,Pathari,4010,3900,3960.0,Maharashtra,Other
2013-01-01,Cotton,15,Buldhana,FAQ,Deoulgaon Raja,4100,3900,4000.0,Maharashtra,Other
2013-01-01,Cotton,15,Hingoli,FAQ,Hingoli,4088,4050,4069.0,Maharashtra,Other
2013-01-01,Cotton,15,Nagpur,FAQ,Savner,3880,3870,3875.0,Maharashtra,Other
2013-01-01,Cotton,15,Wardha,FAQ,Arvi,3960,3920,3940.0,Maharashtra,Other
2013-01-01,Cotton,15,Nagpur,FAQ,Kalmeshwar,3960,3700,3870.0,Maharashtra,Other
2013-01-01,Cotton,15,Hingoli,FAQ,Basmat,3960,3900,3930.0,Maharashtra,Other
2013-01-01,Cotton,15,Jalgaon,FAQ,Jamner,4000,3970,3980.0,Maharashtra,LRA
2013-01-01,Cotton,15,Nandurbar,FAQ,Nandurbar,4205,4058,4128.0,Maharashtra,Other
2013-01-02,Cotton,15,Beed,FAQ,Kille Dharur,4015,3875,3987.0,Maharashtra,Other
2013-01-02,Cotton,15,Jalgaon,FAQ,Jamner,4000,3980,3990.0,Maharashtra,LRA
2013-01-02,Cotton,15,Yavatmal,FAQ,Pandhakawada,3940,3850,3900.0,Maharashtra,Other
2013-01-02,Cotton,15,Nagpur,FAQ,Narkhed,4000,3900,3950.0,Maharashtra,Other
2013-01-02,Cotton,15,Beed,FAQ,Majalgaon,4000,3900,3970.0,Maharashtra,Other
2013-01-02,Cotton,15,Hingoli,FAQ,Akhadabalapur,4000,3900,3950.0,Maharashtra,Other
2013-01-02,Cotton,15,Parbhani,FAQ,Parbhani,4025,3950,3990.0,Maharashtra,Other
2013-01-02,Cotton,15,Yavatmal,FAQ,Yeotmal,3900,3800,3850.0,Maharashtra,Other
2013-01-02,Cotton,15,Parbhani,FAQ,Selu,4086,4000,4070.0,Maharashtra,Other
2013-01-03,Cotton,15,Parbhani,FAQ,Parbhani,4020,3900,3980.0,Maharashtra,Other
2013-01-03,Cotton,15,Yavatmal,FAQ,ZariZamini,3900,3800,3875.0,Maharashtra,Other
2013-01-03,Cotton,15,Hingoli,FAQ,Jawala-Bajar,3980,3900,3950.0,Maharashtra,Other
2013-01-03,Cotton,15,Nanded,FAQ,Bhokar,3850,3750,3800.0,Maharashtra,Other
2013-01-03,Cotton,15,Beed,FAQ,Majalgaon,4000,3850,3970.0,Maharashtra,Other
2013-01-03,Cotton,15,Yavatmal,FAQ,Maregoan,3900,3800,3850.0,Maharashtra,Other
2013-01-03,Cotton,15,Wardha,FAQ,Samudrapur,3955,3850,3902.0,Maharashtra,LRA
2013-01-03,Cotton,15,Hingoli,FAQ,Akhadabalapur,4000,3950,3975.0,Maharashtra,Other
2013-01-03,Cotton,15,Hingoli,FAQ,Sengoan,4050,4000,4010.0,Maharashtra,Other
2013-01-03,Cotton,15,Dhule,FAQ,Dondaicha,1425,1282,1401.0,Maharashtra,Other
2013-01-04,Cotton,15,Nandurbar,FAQ,Nandurbar,4176,4085,4100.0,Maharashtra,Other
2013-01-04,Cotton,15,Yavatmal,FAQ,Darwha,3960,3950,3955.0,Maharashtra,Other
2013-01-04,Cotton,15,Yavatmal,FAQ,Vani,3900,3825,3885.0,Maharashtra,Other
2013-01-04,Cotton,15,Wardha,FAQ,Sindi,3900,3880,3890.0,Maharashtra,Other
2013-01-04,Cotton,15,Akola,FAQ,Akot,4095,4050,4083.0,Maharashtra,H-4(A) 27mm FIne
2013-01-04,Cotton,15,Beed,FAQ,Majalgaon,4000,3875,3950.0,Maharashtra,Other
2013-01-04,Cotton,15,Wardha,FAQ,Pulgaon,3960,3900,3915.0,Maharashtra,Other
2013-01-04,Cotton,15,Ahmednagar,FAQ,Jamkhed,4100,4100,4100.0,Maharashtra,Other
2013-01-04,Cotton,15,Yavatmal,FAQ,Umarkhed,4000,3900,3950.0,Maharashtra,Other
2013-01-04,Cotton,15,Yavatmal,FAQ,Yeotmal,3911,3800,3866.0,Maharashtra,Other
2013-01-05,Cotton,15,Chandrapur,FAQ,Korpana,3900,3800,3850.0,Maharashtra,Other
2013-01-05,Cotton,15,Wardha,FAQ,Arvi,3960,3920,3950.0,Maharashtra,Other
2013-01-05,Cotton,15,Yavatmal,FAQ,Darwha,3960,3950,3955.0,Maharashtra,Other
2013-01-05,Cotton,15,Beed,FAQ,Kille Dharur,3987,3950,3986.0,Maharashtra,Other
2013-01-06,Cotton,15,Ahmednagar,FAQ,Jamkhed,4100,4100,4100.0,Maharashtra,Other
2013-01-06,Cotton,15,Beed,FAQ,Kada,4000,4000,4000.0,Maharashtra,H-4(A) 27mm FIne
2013-01-07,Cotton,15,Nagpur,FAQ,Kalmeshwar,3920,3700,3850.0,Maharashtra,Other
2013-01-07,Cotton,15,Jalgaon,FAQ,Jalgaon,4050,4050,4050.0,Maharashtra,H-4(A) 27mm FIne
2013-01-07,Cotton,15,Hingoli,FAQ,Kalamnuri,4000,4000,4000.0,Maharashtra,Other
2013-01-07,Cotton,15,Nanded,FAQ,Naigaon,3900,3875,3875.0,Maharashtra,Other
2013-01-07,Cotton,15,Beed,FAQ,Kille Dharur,3980,3950,3975.0,Maharashtra,Other
2013-01-07,Cotton,15,Yavatmal,FAQ,Darwha,3960,3950,3955.0,Maharashtra,Other
2013-01-07,Cotton,15,Wardha,FAQ,Sindi,3900,3850,3870.0,Maharashtra,Other
2013-01-07,Cotton,15,Nagpur,FAQ,Savner,3885,3875,3880.0,Maharashtra,Other
2013-01-08,Cotton,15,Nagpur,FAQ,Kalmeshwar,3911,3700,3850.0,Maharashtra,Other
2013-01-08,Cotton,15,Jalana,FAQ,Jalana,3950,3900,3900.0,Maharashtra,Other
2013-01-08,Cotton,15,Amarawati,FAQ,Dhamngaon-Railway,3940,3900,3920.0,Maharashtra,LRA
2013-01-08,Cotton,15,Yavatmal,FAQ,Vani,3900,3465,3865.0,Maharashtra,Other
2013-01-08,Cotton,15,Ahmednagar,FAQ,Jamkhed,4100,4100,4100.0,Maharashtra,Other
2013-01-09,Cotton,15,Jalgaon,FAQ,Jamner,4100,3900,4000.0,Maharashtra,LRA
2013-01-09,Cotton,15,Beed,FAQ,Majalgaon,4000,3890,3950.0,Maharashtra,Other
2013-01-09,Cotton,15,Yavatmal,FAQ,Umarkhed,3970,3850,3900.0,Maharashtra,Other
2013-01-09,Cotton,15,Yavatmal,FAQ,ZariZamini,3910,3675,3880.0,Maharashtra,Other
2013-01-09,Cotton,15,Beed,FAQ,Vadvani,3950,3900,3925.0,Maharashtra,Other
2013-01-09,Cotton,15,Ahmednagar,FAQ,Jamkhed,4100,4100,4100.0,Maharashtra,Other
2013-01-10,Cotton,15,Hingoli,FAQ,Akhadabalapur,3950,3900,3925.0,Maharashtra,Other
2013-01-10,Cotton,15,Nagpur,FAQ,Kalmeshwar,3911,3750,3825.0,Maharashtra,Other
2013-01-10,Cotton,15,Wardha,FAQ,Arvi,3950,3920,3940.0,Maharashtra,Other
2013-01-10,Cotton,15,Wardha,FAQ,Sindi,3915,3880,3900.0,Maharashtra,Other
2013-01-10,Cotton,15,Amarawati,FAQ,Varud,3950,3900,3925.0,Maharashtra,Other
2013-01-10,Cotton,15,Hingoli,FAQ,Jawala-Bajar,3960,3900,3950.0,Maharashtra,Other
2013-01-10,Cotton,15,Ahmednagar,FAQ,Newasa,4000,4000,4000.0,Maharashtra,Other
2013-01-10,Cotton,15,Wardha,FAQ,Sindi(Selu),3900,3880,3890.0,Maharashtra,Other
2013-01-10,Cotton,15,Nanded,FAQ,Bhokar,3870,3775,3800.0,Maharashtra,Other
2013-01-10,Cotton,15,Ahmednagar,FAQ,Jamkhed,4100,4100,4100.0,Maharashtra,Other
2013-01-11,Cotton,15,Amarawati,FAQ,Varud,3950,3900,3925.0,Maharashtra,Other
2013-01-11,Cotton,15,Wardha,FAQ,Sindi(Selu),3900,3880,3890.0,Maharashtra,Other
2013-01-11,Cotton,15,Hingoli,FAQ,Jawala-Bajar,3975,3900,3960.0,Maharashtra,Other
2013-01-11,Cotton,15,Beed,FAQ,Kille Dharur,3980,3950,3960.0,Maharashtra,Other
2013-01-11,Cotton,15,Buldhana,FAQ,Deoulgaon Raja,4080,3850,3950.0,Maharashtra,Other
2013-01-11,Cotton,15,Nagpur,FAQ,Savner,3850,3850,3850.0,Maharashtra,Other
2013-01-11,Cotton,15,Wardha,FAQ,Hinganghat,3990,3900,3945.0,Maharashtra,Other
2013-01-12,Cotton,15,Ahmednagar,FAQ,Jamkhed,4100,4100,4100.0,Maharashtra,Other
2013-01-12,Cotton,15,Nanded,FAQ,Bhokar,3900,3800,3850.0,Maharashtra,Other
2013-01-12,Cotton,15,Wardha,FAQ,Sindi,3915,3880,3900.0,Maharashtra,Other
2013-01-12,Cotton,15,Amarawati,FAQ,Anajngaon,4000,3800,3900.0,Maharashtra,Other
2013-01-12,Cotton,15,Yavatmal,FAQ,ZariZamini,3930,3775,3875.0,Maharashtra,Other
2013-01-12,Cotton,15,Beed,FAQ,Kada,4000,4000,4000.0,Maharashtra,H-4(A) 27mm FIne
2013-01-12,Cotton,15,Jalana,FAQ,Jalana,3910,3700,3875.0,Maharashtra,Other
2013-01-12,Cotton,15,Buldhana,FAQ,Deoulgaon Raja,4120,3950,4000.0,Maharashtra,Other
2013-01-12,Cotton,15,Parbhani,FAQ,Jintur,3980,3900,3950.0,Maharashtra,Other
2013-01-12,Cotton,15,Hingoli,FAQ,Akhadabalapur,3950,3900,3925.0,Maharashtra,Other
2013-01-12,Cotton,15,Amarawati,FAQ,Dhamngaon-Railway,3940,3900,3920.0,Maharashtra,LRA
2013-01-13,Cotton,15,Nanded,FAQ,Bhokar,3900,3800,3800.0,Maharashtra,Other
2013-01-13,Cotton,15,Chandrapur,FAQ,Korpana,3900,3700,3800.0,Maharashtra,Other
2013-01-13,Cotton,15,Amarawati,FAQ,Anajngaon,4000,3800,3900.0,Maharashtra,Other
2013-01-13,Cotton,15,Parbhani,FAQ,Jintur,3980,3900,3950.0,Maharashtra,Other
2013-01-13,Cotton,15,Ahmednagar,FAQ,Newasa,4000,4000,4000.0,Maharashtra,Other
2013-01-13,Cotton,15,Amarawati,FAQ,Varud,3960,3900,3935.0,Maharashtra,Other
2013-01-14,Cotton,15,Chandrapur,FAQ,Korpana,3900,3700,3800.0,Maharashtra,Other
2013-01-14,Cotton,15,Wardha,FAQ,Pulgaon,4000,3900,3975.0,Maharashtra,Other
2013-01-14,Cotton,15,Wardha,FAQ,Sindi,3920,3880,3900.0,Maharashtra,Other
2013-01-14,Cotton,15,Chattrapati Sambhajinagar,FAQ,Vaijpur,4200,3990,4100.0,Maharashtra,Other
2013-01-14,Cotton,15,Nagpur,FAQ,Kalmeshwar,3921,3700,3860.0,Maharashtra,Other
2013-01-14,Cotton,15,Chattrapati Sambhajinagar,FAQ,Lasur Station,4000,3800,3900.0,Maharashtra,Other
2013-01-14,Cotton,15,Yavatmal,FAQ,Yeotmal,3950,3875,3903.0,Maharashtra,Other
2013-01-15,Cotton,15,Amarawati,FAQ,Varud,3970,3900,3930.0,Maharashtra,Other
2013-01-15,Cotton,15,Akola,FAQ,Telhara,4050,3900,4000.0,Maharashtra,Other
2013-01-15,Cotton,15,Beed,FAQ,Kille Dharur,3990,3660,3978.0,Maharashtra,Other
2013-01-15,Cotton,15,Ahmednagar,FAQ,Shevgaon,4050,3700,3891.0,Maharashtra,Other
2013-01-15,Cotton,15,Yavatmal,FAQ,Pandhakawada,3920,3900,3910.0,Maharashtra,Other
2013-01-15,Cotton,15,Wardha,FAQ,Sindi,3920,3880,3900.0,Maharashtra,Other
2013-01-15,Cotton,15,Nanded,FAQ,Bhokar,3900,3800,3800.0,Maharashtra,Other
2013-01-15,Cotton,15,Jalgaon,FAQ,Jamner,4000,3950,3990.0,Maharashtra,LRA
2013-01-15,Cotton,15,Nagpur,FAQ,Narkhed,3950,3850,3900.0,Maharashtra,Other
2013-01-16,Cotton,15,Yavatmal,FAQ,Umarkhed,4025,3900,3950.0,Maharashtra,Other
2013-01-16,Cotton,15,Chandrapur,FAQ,Korpana,3900,3700,3800.0,Maharashtra,Other
2013-01-16,Cotton,15,Yavatmal,FAQ,Pandhakawada,3965,3800,3900.0,Maharashtra,Other
2013-01-16,Cotton,15,Beed,FAQ,Gevrai,3975,3900,3925.0,Maharashtra,Other
2013-01-16,Cotton,15,Hingoli,FAQ,Kalamnuri,4000,4000,4000.0,Maharashtra,Other
2013-01-16,Cotton,15,Ahmednagar,FAQ,Shevgaon,4050,3700,3904.0,Maharashtra,Other
2013-01-16,Cotton,15,Wardha,FAQ,Pulgaon,3999,3900,3970.0,Maharashtra,Other
2013-01-16,Cotton,15,Buldhana,FAQ,Deoulgaon Raja,4070,3700,3950.0,Maharashtra,Other
2013-01-16,Cotton,15,Jalgaon,FAQ,Jamner,4000,3950,3980.0,Maharashtra,LRA
2013-01-17,Cotton,15,Hingoli,FAQ,Hingoli,4066,3950,4008.0,Maharashtra,Other
2013-01-17,Cotton,15,Beed,FAQ,Gevrai,4000,3900,3950.0,Maharashtra,Other
2013-01-17,Cotton,15,Amarawati,FAQ,Varud,3970,3900,3935.0,Maharashtra,Other
2013-01-17,Cotton,15,Yavatmal,FAQ,ZariZamini,3940,3700,3875.0,Maharashtra,Other
2013-01-17,Cotton,15,Nanded,FAQ,Bhokar,3900,3800,3850.0,Maharashtra,Other
2013-01-18,Cotton,15,Buldhana,FAQ,Deoulgaon Raja,4080,3900,4000.0,Maharashtra,Other
2013-01-18,Cotton,15,Hingoli,FAQ,Basmat,3950,3900,3925.0,Maharashtra,Other
2013-01-18,Cotton,15,Wardha,FAQ,Arvi,3960,3920,3950.0,Maharashtra,Other
2013-01-18,Cotton,15,Beed,FAQ,Kille Dharur,4005,3978,4000.0,Maharashtra,Other
2013-01-18,Cotton,15,Beed,FAQ,Majalgaon,4025,3800,3970.0,Maharashtra,Other
2013-01-18,Cotton,15,Hingoli,FAQ,Kalamnuri,4000,4000,4000.0,Maharashtra,Other
2013-01-18,Cotton,15,Chandrapur,FAQ,Varora,3985,3900,3943.0,Maharashtra,Other
2013-01-18,Cotton,15,Parbhani,FAQ,Sonpeth,3960,3900,3950.0,Maharashtra,Other
2013-01-18,Cotton,15,Wardha,FAQ,Sindi(Selu),3925,3890,3900.0,Maharashtra,Other
2013-01-19,Cotton,15,Jalgaon,FAQ,Jamner,4000,3870,3980.0,Maharashtra,LRA
2013-01-19,Cotton,15,Chandrapur,FAQ,Korpana,3900,3700,3800.0,Maharashtra,Other
2013-01-19,Cotton,15,Yavatmal,FAQ,ZariZamini,3960,3750,3875.0,Maharashtra,Other
2013-01-19,Cotton,15,Ahmednagar,FAQ,Jamkhed,4000,4000,4000.0,Maharashtra,Other
2013-01-19,Cotton,15,Hingoli,FAQ,Akhadabalapur,4000,3970,3985.0,Maharashtra,Other
2013-01-19,Cotton,15,Amarawati,FAQ,Varud,3980,3900,3940.0,Maharashtra,Other
2013-01-19,Cotton,15,Yavatmal,FAQ,Pandhakawada,3950,3850,3900.0,Maharashtra,Other
2013-01-19,Cotton,15,Beed,FAQ,Kille Dharur,4005,3978,4000.0,Maharashtra,Other
2013-01-19,Cotton,15,Nanded,FAQ,Bhokar,3875,3800,3800.0,Maharashtra,Other
2013-01-19,Cotton,15,Parbhani,FAQ,Jintur,4000,3920,3980.0,Maharashtra,Other
2013-01-19,Cotton,15,Yavatmal,FAQ,Umarkhed,4025,3900,3950.0,Maharashtra,Other
2013-01-20,Cotton,15,Wardha,FAQ,Sindi,3950,3900,3925.0,Maharashtra,Other
2013-01-20,Cotton,15,Wardha,FAQ,Pulgaon,3930,3900,3915.0,Maharashtra,Other
2013-01-21,Cotton,15,Nagpur,FAQ,Savner,3875,3875,3875.0,Maharashtra,Other
2013-01-21,Cotton,15,Hingoli,FAQ,Hingoli,4030,4000,4015.0,Maharashtra,Other
2013-01-21,Cotton,15,Nanded,FAQ,Kinwat,4000,3800,3900.0,Maharashtra,Other
2013-01-21,Cotton,15,Wardha,FAQ,Sindi,3950,3900,3925.0,Maharashtra,Other
2013-01-21,Cotton,15,Chandrapur,FAQ,Rajura,3920,3850,3875.0,Maharashtra,Other
2013-01-21,Cotton,15,Hingoli,FAQ,Jawala-Bajar,4000,3900,3950.0,Maharashtra,Other
2013-01-22,Cotton,15,Buldhana,FAQ,Deoulgaon Raja,4095,3800,4000.0,Maharashtra,Other
2013-01-22,Cotton,15,Wardha,FAQ,Hinganghat,4015,3920,3967.0,Maharashtra,Other
2013-01-22,Cotton,15,Jalgaon,FAQ,Jamner,4100,3950,4000.0,Maharashtra,LRA
2013-01-22,Cotton,15,Nanded,FAQ,Kinwat,4000,3800,3900.0,Maharashtra,Other
2013-01-22,Cotton,15,Chandrapur,FAQ,Korpana,3900,3700,3800.0,Maharashtra,Other
2013-01-22,Cotton,15,Hingoli,FAQ,Sengoan,4000,3800,3900.0,Maharashtra,Other
2013-01-22,Cotton,15,Hingoli,FAQ,Kalamnuri,4000,4000,4000.0,Maharashtra,Other
2013-01-22,Cotton,15,Jalana,FAQ,Jalana,4035,3700,3950.0,Maharashtra,Other
2013-01-22,Cotton,15,Parbhani,FAQ,Selu,4021,3900,3970.0,Maharashtra,Other
2013-01-23,Cotton,15,Chandrapur,FAQ,Korpana,3900,3700,3800.0,Maharashtra,Other
2013-01-23,Cotton,15,Hingoli,FAQ,Hingoli,4035,4000,4018.0,Maharashtra,Other
2013-01-23,Cotton,15,Yavatmal,FAQ,Vani,3910,3350,3881.0,Maharashtra,Other
2013-01-23,Cotton,15,Jalana,FAQ,Jalana,3950,3840,3900.0,Maharashtra,Other
2013-01-23,Cotton,15,Ahmednagar,FAQ,Newasa,4000,4000,4000.0,Maharashtra,Other
2013-01-23,Cotton,15,Wardha,FAQ,Pulgaon,4015,3900,3995.0,Maharashtra,Other
2013-01-23,Cotton,15,Nanded,FAQ,Kinwat,4000,3800,3900.0,Maharashtra,Other
2013-01-23,Cotton,15,Buldhana,FAQ,Deoulgaon Raja,4100,3900,4000.0,Maharashtra,Other
2013-01-23,Cotton,15,Beed,FAQ,Gevrai,3975,3900,3925.0,Maharashtra,Other
2013-01-23,Cotton,15,Nagpur,FAQ,Narkhed,3980,3900,3940.0,Maharashtra,Other
2013-01-24,Cotton,15,Nandurbar,FAQ,Nandurbar,4158,4010,4111.0,Maharashtra,Other
2013-01-24,Cotton,15,Yavatmal,FAQ,Umarkhed,4000,3850,3900.0,Maharashtra,Other
2013-01-24,Cotton,15,Chandrapur,FAQ,Chandrapur,3890,3850,3870.0,Maharashtra,Other
2013-01-24,Cotton,15,Chattrapati Sambhajinagar,FAQ,Khultabad,4200,4100,4150.0,Maharashtra,Other
2013-01-24,Cotton,15,Nanded,FAQ,Bhokar,3850,3800,3800.0,Maharashtra,Other
2013-01-24,Cotton,15,Hingoli,FAQ,Jawala-Bajar,3970,3900,3950.0,Maharashtra,Other
2013-01-24,Cotton,15,Wardha,FAQ,Hinganghat,4020,3900,3960.0,Maharashtra,Other
2013-01-25,Cotton,15,Hingoli,FAQ,Sengoan,3900,3700,3800.0,Maharashtra,Other
2013-01-25,Cotton,15,Beed,FAQ,Majalgaon,4025,3900,3950.0,Maharashtra,Other
2013-01-25,Cotton,15,Parbhani,FAQ,Sonpeth,3950,3850,3930.0,Maharashtra,Other
2013-01-25,Cotton,15,Ahmednagar,FAQ,Jamkhed,4000,4000,4000.0,Maharashtra,Other
2013-01-26,Cotton,15,Parbhani,FAQ,Sonpeth,3960,3850,3930.0,Maharashtra,Other
2013-01-26,Cotton,15,Nagpur,FAQ,Narkhed,3970,3900,3935.0,Maharashtra,Other
2013-01-26,Cotton,15,Beed,FAQ,Gevrai,4000,3900,3925.0,Maharashtra,Other
2013-01-26,Cotton,15,Chattrapati Sambhajinagar,FAQ,Khultabad,4000,3800,3900.0,Maharashtra,Other
2013-01-27,Cotton,15,Parbhani,FAQ,Jintur,3975,3900,3950.0,Maharashtra,Other
2013-01-27,Cotton,15,Ahmednagar,FAQ,Shevgaon,4100,3913,3950.0,Maharashtra,Other
2013-01-28,Cotton,15,Yavatmal,FAQ,ZariZamini,3950,3670,3860.0,Maharashtra,Other
2013-01-28,Cotton,15,Hingoli,FAQ,Hingoli,4025,4000,4013.0,Maharashtra,Other
2013-01-28,Cotton,15,Nandurbar,FAQ,Nandurbar,4160,4080,4131.0,Maharashtra,Other
2013-01-28,Cotton,15,Nagpur,FAQ,Savner,3831,3831,3831.0,Maharashtra,Other
2013-01-28,Cotton,15,Hingoli,FAQ,Basmat,3930,3900,3920.0,Maharashtra,Other
2013-01-28,Cotton,15,Nanded,FAQ,Kinwat,4000,3800,3900.0,Maharashtra,Other
2013-01-28,Cotton,15,Wardha,FAQ,Sindi(Selu),3940,3850,3895.0,Maharashtra,Other
2013-01-29,Cotton,15,Yavatmal,FAQ,Pandhakawada,3965,3885,3900.0,Maharashtra,Other
2013-01-29,Cotton,15,Wardha,FAQ,Sindi(Selu),3940,3880,3910.0,Maharashtra,Other
2013-01-29,Cotton,15,Amarawati,FAQ,Anajngaon,4000,3800,3900.0,Maharashtra,Other
2013-01-29,Cotton,15,Parbhani,FAQ,Selu,4116,3900,4070.0,Maharashtra,Other
2013-01-29,Cotton,15,Nanded,FAQ,Bhokar,3850,3800,3800.0,Maharashtra,Other
2013-01-29,Cotton,15,Beed,FAQ,Kille Dharur,4010,3978,4000.0,Maharashtra,Other
2013-01-29,Cotton,15,Amarawati,FAQ,Amarawati,4000,3900,3950.0,Maharashtra,Other
2013-01-29,Cotton,15,Dhule,FAQ,Dondaicha,4250,4000,4125.0,Maharashtra,Other
2013-01-30,Cotton,15,Wardha,FAQ,Pulgaon,4061,3900,4025.0,Maharashtra,Other
2013-01-30,Cotton,15,Yavatmal,FAQ,Vani,3910,3750,3850.0,Maharashtra,Other
2013-01-30,Cotton,15,Akola,FAQ,Akot,4185,4115,4167.0,Maharashtra,H-4(A) 27mm FIne
2013-01-30,Cotton,15,Chandrapur,FAQ,Korpana,3900,3700,3800.0,Maharashtra,Other
2013-01-31,Cotton,15,Yavatmal,FAQ,Yeotmal,3950,3850,3931.0,Maharashtra,Other
2013-01-31,Cotton,15,Hingoli,FAQ,Hingoli,4055,4000,4028.0,Maharashtra,Other
2013-01-31,Cotton,15,Hingoli,FAQ,Jawala-Bajar,4000,3900,3950.0,Maharashtra,Other
2013-01-31,Cotton,15,Beed,FAQ,Kille Dharur,4030,4005,4025.0,Maharashtra,Other
2013-01-31,Cotton,15,Wardha,FAQ,Sindi,4000,3900,3950.0,Maharashtra,Other
2013-01-31,Cotton,15,Jalgaon,FAQ,Jamner,3990,3970,3980.0,Maharashtra,LRA
2013-01-31,Cotton,15,Wardha,FAQ,Hinganghat,4050,3950,4000.0,Maharashtra,Other
2013-02-01,Cotton,15,Nagpur,FAQ,Savner,3890,3850,3870.0,Maharashtra,Other
2013-02-01,Cotton,15,Wardha,FAQ,Pulgaon,4065,3900,4040.0,Maharashtra,Other
2013-02-01,Cotton,15,Nanded,FAQ,Bhokar,3900,3800,3850.0,Maharashtra,Other
2013-02-01,Cotton,15,Hingoli,FAQ,Basmat,3930,3900,3920.0,Maharashtra,Other
2013-02-01,Cotton,15,Yavatmal,FAQ,Umarkhed,4000,3900,3950.0,Maharashtra,Other
2013-02-01,Cotton,15,Beed,FAQ,Kille Dharur,4023,4005,4023.0,Maharashtra,Other
2013-02-01,Cotton,15,Wardha,FAQ,Sindi(Selu),3960,3880,3920.0,Maharashtra,Other
2013-02-01,Cotton,15,Wardha,FAQ,Hinganghat,4050,3910,3980.0,Maharashtra,Other
2013-02-01,Cotton,15,Nagpur,FAQ,Kalmeshwar,3940,3700,3860.0,Maharashtra,Other
2013-02-01,Cotton,15,Jalana,FAQ,Jalana,3980,3670,3900.0,Maharashtra,Other
2013-02-02,Cotton,15,Jalgaon,FAQ,Jamner,3980,3960,3970.0,Maharashtra,LRA
2013-02-02,Cotton,15,Parbhani,FAQ,Selu,4086,3922,4050.0,Maharashtra,Other
2013-02-02,Cotton,15,Hingoli,FAQ,Sengoan,3900,3800,3850.0,Maharashtra,Other
2013-02-02,Cotton,15,Amarawati,FAQ,Anajngaon,4000,3800,3900.0,Maharashtra,Other
2013-02-02,Cotton,15,Chandrapur,FAQ,Korpana,3900,3700,3800.0,Maharashtra,Other
2013-02-02,Cotton,15,Chandrapur,FAQ,Rajura,3925,3700,3885.0,Maharashtra,Other
2013-02-02,Cotton,15,Jalana,FAQ,Jalna(Badnapur),4075,3900,3900.0,Maharashtra,Other
2013-02-03,Cotton,15,Wardha,FAQ,Sindi(Selu),3970,3880,3930.0,Maharashtra,Other
2013-02-03,Cotton,15,Nanded,FAQ,Kinwat,4000,3800,3900.0,Maharashtra,Other
2013-02-03,Cotton,15,Chandrapur,FAQ,Korpana,3900,3700,3800.0,Maharashtra,Other
2013-02-03,Cotton,15,Wardha,FAQ,Arvi,4011,3970,3980.0,Maharashtra,Other
2013-02-04,Cotton,15,Chattrapati Sambhajinagar,FAQ,Vaijpur,4000,3900,4000.0,Maharashtra,Other
2013-02-04,Cotton,15,Parbhani,FAQ,Sonpeth,3950,3850,3930.0,Maharashtra,Other
2013-02-04,Cotton,15,Wardha,FAQ,Sindi,4000,3900,3950.0,Maharashtra,Other
2013-02-04,Cotton,15,Wardha,FAQ,Hinganghat,4025,3900,3963.0,Maharashtra,Other
2013-02-04,Cotton,15,Hingoli,FAQ,Jawala-Bajar,4000,3900,3950.0,Maharashtra,Other
2013-02-04,Cotton,15,Buldhana,FAQ,Deoulgaon Raja,4100,3800,4000.0,Maharashtra,Other
2013-02-04,Cotton,15,Gadchiroli,FAQ,Aheri,4000,3600,3750.0,Maharashtra,Other
2013-02-04,Cotton,15,Yavatmal,FAQ,Pandhakawada,3960,3850,3900.0,Maharashtra,Other
2013-02-04,Cotton,15,Hingoli,FAQ,Basmat,3930,3900,3920.0,Maharashtra,Other
2013-02-04,Cotton,15,Wardha,FAQ,Arvi,4011,3970,3980.0,Maharashtra,Other
2013-02-05,Cotton,15,Yavatmal,FAQ,Umarkhed,4010,3900,3950.0,Maharashtra,Other
2013-02-05,Cotton,15,Yavatmal,FAQ,Pandhakawada,3925,3800,3880.0,Maharashtra,Other
2013-02-05,Cotton,15,Chandrapur,FAQ,Korpana,3900,3700,3800.0,Maharashtra,Other
2013-02-05,Cotton,15,Beed,FAQ,Gevrai,3975,3900,3900.0,Maharashtra,Other
2013-02-05,Cotton,15,Amarawati,FAQ,Varud,3980,3900,3940.0,Maharashtra,Other
2013-02-05,Cotton,15,Parbhani,FAQ,Jintur,4000,3930,3950.0,Maharashtra,Other
2013-02-05,Cotton,15,Buldhana,FAQ,Deoulgaon Raja,4090,3700,4000.0,Maharashtra,Other
2013-02-05,Cotton,15,Ahmednagar,FAQ,Jamkhed,4000,4000,4000.0,Maharashtra,Other
2013-02-05,Cotton,15,Parbhani,FAQ,Selu,3986,3800,3950.0,Maharashtra,Other
2013-02-05,Cotton,15,Wardha,FAQ,Hinganghat,4020,3950,3970.0,Maharashtra,Other
2013-02-05,Cotton,15,Amarawati,FAQ,Dhamngaon-Railway,4000,3920,3950.0,Maharashtra,LRA
2013-02-05,Cotton,15,Hingoli,FAQ,Jawala-Bajar,3980,3900,3950.0,Maharashtra,Other
2013-02-05,Cotton,15,Nagpur,FAQ,Savner,3890,3850,3870.0,Maharashtra,Other
2013-02-06,Cotton,15,Nandurbar,FAQ,Nandurbar,4155,4040,4131.0,Maharashtra,Other
2013-02-06,Cotton,15,Ahmednagar,FAQ,Jamkhed,4000,4000,4000.0,Maharashtra,Other
2013-02-06,Cotton,15,Parbhani,FAQ,Selu,4022,3750,3980.0,Maharashtra,Other
2013-02-06,Cotton,15,Nagpur,FAQ,Narkhed,3950,3900,3925.0,Maharashtra,Other
2013-02-06,Cotton,15,Chattrapati Sambhajinagar,FAQ,Vaijpur,4100,3950,4000.0,Maharashtra,Other
2013-02-06,Cotton,15,Akola,FAQ,Telhara,4100,4000,4050.0,Maharashtra,Other
2013-02-06,Cotton,15,Nagpur,FAQ,Katol,3910,3900,3905.0,Maharashtra,Other
2013-02-06,Cotton,15,Wardha,FAQ,Sindi(Selu),3960,3870,3915.0,Maharashtra,Other
2013-02-06,Cotton,15,Nagpur,FAQ,Kalmeshwar,3911,3700,3840.0,Maharashtra,Other
2013-02-07,Cotton,15,Ahmednagar,FAQ,Shevgaon,4051,3700,3951.0,Maharashtra,Other
2013-02-07,Cotton,15,Wardha,FAQ,Sindi(Selu),3950,3880,3915.0,Maharashtra,Other
2013-02-07,Cotton,15,Parbhani,FAQ,Parbhani,3980,3840,3950.0,Maharashtra,Other
2013-02-07,Cotton,15,Amarawati,FAQ,Varud,3980,3900,3940.0,Maharashtra,Other
2013-02-07,Cotton,15,Wardha,FAQ,Samudrapur,4000,3880,3940.0,Maharashtra,LRA
2013-02-07,Cotton,15,Jalgaon,FAQ,Jamner,3960,3940,3950.0,Maharashtra,LRA
2013-02-08,Cotton,15,Yavatmal,FAQ,Kalamb,4000,3800,3900.0,Maharashtra,LRA
2013-02-08,Cotton,15,Beed,FAQ,Majalgaon,4000,3750,3950.0,Maharashtra,Other
2013-02-08,Cotton,15,Wardha,FAQ,Sindi,3960,3900,3925.0,Maharashtra,Other
2013-02-08,Cotton,15,Chandrapur,FAQ,Korpana,3900,3700,3800.0,Maharashtra,Other
2013-02-08,Cotton,15,Ahmednagar,FAQ,Shevgaon,4150,3750,3917.0,Maharashtra,Other
2013-02-08,Cotton,15,Amarawati,FAQ,Dhamngaon-Railway,3950,3920,3940.0,Maharashtra,LRA
2013-02-08,Cotton,15,Jalana,FAQ,Jalana,3980,3871,3900.0,Maharashtra,Other
2013-02-08,Cotton,15,Wardha,FAQ,Samudrapur,4000,3900,3950.0,Maharashtra,LRA
2013-02-08,Cotton,15,Yavatmal,FAQ,Umarkhed,3980,3800,3950.0,Maharashtra,Other
2013-02-08,Cotton,15,Wardha,FAQ,Sindi(Selu),3960,3880,3920.0,Maharashtra,Other
2013-02-08,Cotton,15,Jalgaon,FAQ,Jamner,3950,3930,3940.0,Maharashtra,LRA
2013-02-09,Cotton,15,Chandrapur,FAQ,Rajura,3935,3850,3900.0,Maharashtra,Other
2013-02-09,Cotton,15,Yavatmal,FAQ,Pandhakawada,4000,3800,3930.0,Maharashtra,Other
2013-02-09,Cotton,15,Wardha,FAQ,Samudrapur,4020,3950,3985.0,Maharashtra,LRA
2013-02-09,Cotton,15,Parbhani,FAQ,Jintur,3980,3930,3950.0,Maharashtra,Other
2013-02-09,Cotton,15,Beed,FAQ,Kille Dharur,4025,4005,4025.0,Maharashtra,Other
2013-02-09,Cotton,15,Parbhani,FAQ,Sonpeth,3900,3750,3880.0,Maharashtra,Other
2013-02-10,Cotton,15,Amarawati,FAQ,Varud,3990,3900,3940.0,Maharashtra,Other
2013-02-10,Cotton,15,Nagpur,FAQ,Kalmeshwar,3940,3700,3860.0,Maharashtra,Other
2013-02-11,Cotton,15,Chandrapur,FAQ,Rajura,3950,3800,3915.0,Maharashtra,Other
2013-02-11,Cotton,15,Chattrapati Sambhajinagar,FAQ,Khultabad,4100,4000,4050.0,Maharashtra,Other
2013-02-11,Cotton,15,Chandrapur,FAQ,Korpana,3900,3700,3800.0,Maharashtra,Other
2013-02-11,Cotton,15,Jalana,FAQ,Jalana,3980,3900,3935.0,Maharashtra,Other
2013-02-11,Cotton,15,Wardha,FAQ,Sindi,3960,3900,3930.0,Maharashtra,Other
2013-02-11,Cotton,15,Wardha,FAQ,Sindi(Selu),4020,3900,3960.0,Maharashtra,Other
2013-02-11,Cotton,15,Yavatmal,FAQ,Pandhakawada,4070,3900,3950.0,Maharashtra,Other
2013-02-12,Cotton,15,Nanded,FAQ,Bhokar,3900,3800,3850.0,Maharashtra,Other
2013-02-12,Cotton,15,Jalana,FAQ,Jalana,4010,3800,3900.0,Maharashtra,Other
2013-02-12,Cotton,15,Parbhani,FAQ,Parbhani,4090,3910,4075.0,Maharashtra,Other
2013-02-13,Cotton,15,Parbhani,FAQ,Selu,4100,3805,4076.0,Maharashtra,Other
2013-02-13,Cotton,15,Hingoli,FAQ,Akhadabalapur,4000,3900,3950.0,Maharashtra,Other
2013-02-13,Cotton,15,Hingoli,FAQ,Jawala-Bajar,4050,3900,3975.0,Maharashtra,Other
2013-02-13,Cotton,15,Nagpur,FAQ,Savner,3960,3900,3930.0,Maharashtra,Other
2013-02-13,Cotton,15,Beed,FAQ,Kille Dharur,4060,4023,4023.0,Maharashtra,Other
2013-02-14,Cotton,15,Yavatmal,FAQ,Umarkhed,4025,3900,3950.0,Maharashtra,Other
2013-02-14,Cotton,15,Nagpur,FAQ,Parshiwani,4000,3850,3950.0,Maharashtra,Other
2013-02-14,Cotton,15,Nandurbar,FAQ,Nandurbar,4280,4100,4215.0,Maharashtra,Other
2013-02-14,Cotton,15,Yavatmal,FAQ,Pandhakawada,4030,3900,3985.0,Maharashtra,Other
2013-02-14,Cotton,15,Wardha,FAQ,Hinganghat,4220,4050,4135.0,Maharashtra,Other
2013-02-15,Cotton,15,Hingoli,FAQ,Akhadabalapur,4000,3900,3950.0,Maharashtra,Other
2013-02-15,Cotton,15,Parbhani,FAQ,Jintur,4000,3920,3950.0,Maharashtra,Other
2013-02-15,Cotton,15,Beed,FAQ,Kille Dharur,4060,4023,4059.0,Maharashtra,Other
2013-02-15,Cotton,15,Parbhani,FAQ,Sonpeth,3950,3850,3940.0,Maharashtra,Other
2013-02-15,Cotton,15,Parbhani,FAQ,Parbhani,4135,3905,4095.0,Maharashtra,Other
2013-02-15,Cotton,15,Amarawati,FAQ,Dhamngaon-Railway,4040,3920,3980.0,Maharashtra,LRA
2013-02-15,Cotton,15,Yavatmal,FAQ,Pandhakawada,4075,3900,3985.0,Maharashtra,Other
2013-02-16,Cotton,15,Jalgaon,FAQ,Jamner,4050,3900,4000.0,Maharashtra,LRA
2013-02-16,Cotton,15,Nagpur,FAQ,Kalmeshwar,4000,3700,3950.0,Maharashtra,Other
2013-02-16,Cotton,15,Ahmednagar,FAQ,Jamkhed,4000,4000,4000.0,Maharashtra,Other
2013-02-16,Cotton,15,Yavatmal,FAQ,Pandhakawada,4145,3900,4000.0,Maharashtra,Other
2013-02-16,Cotton,15,Hingoli,FAQ,Sengoan,4100,4000,4000.0,Maharashtra,Other
2013-02-17,Cotton,15,Wardha,FAQ,Arvi,4211,4130,4150.0,Maharashtra,Other
2013-02-18,Cotton,15,Hingoli,FAQ,Sengoan,4100,4000,4000.0,Maharashtra,Other
2013-02-18,Cotton,15,Amarawati,FAQ,Amarawati,4200,4100,4150.0,Maharashtra,Other
2013-02-18,Cotton,15,Akola,FAQ,Telhara,4200,4000,4050.0,Maharashtra,Other
2013-02-18,Cotton,15,Wardha,FAQ,Sindi,4110,4000,4055.0,Maharashtra,Other
2013-02-18,Cotton,15,Parbhani,FAQ,Parbhani,4220,4065,4190.0,Maharashtra,Other
2013-02-18,Cotton,15,Jalgaon,FAQ,Jamner,4100,3925,3950.0,Maharashtra,LRA
2013-02-18,Cotton,15,Beed,FAQ,Majalgaon,4050,3800,3950.0,Maharashtra,Other
2013-02-18,Cotton,15,Nanded,FAQ,Kinwat,4000,3850,3950.0,Maharashtra,Other
2013-02-19,Cotton,15,Beed,FAQ,Kille Dharur,4125,4077,4104.0,Maharashtra,Other
2013-02-19,Cotton,15,Wardha,FAQ,Arvi,4211,4180,4190.0,Maharashtra,Other
2013-02-19,Cotton,15,Buldhana,FAQ,Deoulgaon Raja,4380,4000,4250.0,Maharashtra,Other
2013-02-20,Cotton,15,Parbhani,FAQ,Sonpeth,4100,3850,4050.0,Maharashtra,Other
2013-02-20,Cotton,15,Yavatmal,FAQ,Pandhakawada,4280,4000,4150.0,Maharashtra,Other
2013-02-20,Cotton,15,Akola,FAQ,Akot,4485,4410,4466.0,Maharashtra,H-4(A) 27mm FIne
2013-02-20,Cotton,15,Hingoli,FAQ,Akhadabalapur,4100,4000,4050.0,Maharashtra,Other
2013-02-20,Cotton,15,Amarawati,FAQ,Amarawati,4200,4100,4150.0,Maharashtra,Other
2013-02-20,Cotton,15,Jalana,FAQ,Ghansawangi,4200,3900,4100.0,Maharashtra,Other
2013-02-20,Cotton,15,Nandurbar,FAQ,Nandurbar,4395,4100,4341.0,Maharashtra,Other
2013-02-20,Cotton,15,Wardha,FAQ,Samudrapur,4321,4000,4160.0,Maharashtra,LRA
2013-02-21,Cotton,15,Nanded,FAQ,Bhokar,4175,3900,4050.0,Maharashtra,Other
2013-02-21,Cotton,15,Wardha,FAQ,Sindi,4200,4100,4150.0,Maharashtra,Other
2013-02-21,Cotton,15,Nagpur,FAQ,Katol,4250,4000,4150.0,Maharashtra,Other
2013-02-21,Cotton,15,Hingoli,FAQ,Sengoan,4400,4200,4250.0,Maharashtra,Other
2013-02-21,Cotton,15,Chandrapur,FAQ,Korpana,3900,3700,3800.0,Maharashtra,Other
2013-02-21,Cotton,15,Yavatmal,FAQ,Vani,4150,3750,3950.0,Maharashtra,Other
2013-02-21,Cotton,15,Wardha,FAQ,Samudrapur,4500,4251,4375.0,Maharashtra,LRA
2013-02-21,Cotton,15,Yavatmal,FAQ,Umarkhed,4050,3900,4000.0,Maharashtra,Other
2013-02-21,Cotton,15,Parbhani,FAQ,Parbhani,4400,4205,4375.0,Maharashtra,Other
2013-02-21,Cotton,15,Amarawati,FAQ,Varud,4300,4100,4125.0,Maharashtra,Other
2013-02-22,Cotton,15,Yavatmal,FAQ,Pandhakawada,4350,4000,4100.0,Maharashtra,Other
2013-02-22,Cotton,15,Ahmednagar,FAQ,Jamkhed,4000,4000,4000.0,Maharashtra,Other
2013-02-22,Cotton,15,Ahmednagar,FAQ,Shevgaon,4100,3900,4010.0,Maharashtra,Other
2013-02-22,Cotton,15,Hingoli,FAQ,Basmat,4400,4200,4300.0,Maharashtra,Other
2013-02-22,Cotton,15,Nagpur,FAQ,Narkhed,4250,4200,4225.0,Maharashtra,Other
2013-02-22,Cotton,15,Akola,FAQ,Akot,4510,4430,4500.0,Maharashtra,H-4(A) 27mm FIne
2013-02-22,Cotton,15,Jalgaon,FAQ,Jamner,4175,4125,4150.0,Maharashtra,LRA
2013-02-22,Cotton,15,Wardha,FAQ,Sindi,4300,4200,4250.0,Maharashtra,Other
2013-02-22,Cotton,15,Buldhana,FAQ,Deoulgaon Raja,4450,4100,4200.0,Maharashtra,Other
2013-02-22,Cotton,15,Amarawati,FAQ,Dhamngaon-Railway,4300,4000,4200.0,Maharashtra,LRA
2013-02-22,Cotton,15,Parbhani,FAQ,Selu,4411,4070,4370.0,Maharashtra,Other
2013-02-22,Cotton,15,Chandrapur,FAQ,Chandrapur,4250,4200,4220.0,Maharashtra,Other
2013-02-23,Cotton,15,Yavatmal,FAQ,Umarkhed,3900,3800,3850.0,Maharashtra,Other
2013-02-23,Cotton,15,Akola,FAQ,Telhara,4200,4000,4100.0,Maharashtra,Other
2013-02-23,Cotton,15,Nagpur,FAQ,Parshiwani,4250,4150,4200.0,Maharashtra,Other
2013-02-23,Cotton,15,Akola,FAQ,Akot,4730,4650,4710.0,Maharashtra,H-4(A) 27mm FIne
2013-02-24,Cotton,15,Amarawati,FAQ,Varud,4500,4300,4450.0,Maharashtra,Other
2013-02-24,Cotton,15,Amarawati,FAQ,Anajngaon,4400,4200,4300.0,Maharashtra,Other
2013-02-25,Cotton,15,Yavatmal,FAQ,ZariZamini,4450,4100,4250.0,Maharashtra,Other
2013-02-25,Cotton,15,Amarawati,FAQ,Dhamngaon-Railway,4650,4400,4525.0,Maharashtra,LRA
2013-02-25,Cotton,15,Amarawati,FAQ,Anajngaon,4400,4100,4300.0,Maharashtra,Other
2013-02-25,Cotton,15,Wardha,FAQ,Samudrapur,4600,4300,4450.0,Maharashtra,LRA
2013-02-25,Cotton,15,Chandrapur,FAQ,Korpana,3900,3700,3800.0,Maharashtra,Other
2013-02-25,Cotton,15,Buldhana,FAQ,Deoulgaon Raja,4875,4000,4600.0,Maharashtra,Other
2013-02-25,Cotton,15,Jalgaon,FAQ,Jamner,4300,4200,4250.0,Maharashtra,LRA
2013-02-26,Cotton,15,Akola,FAQ,Telhara,4400,4400,4400.0,Maharashtra,Other
2013-02-26,Cotton,15,Nanded,FAQ,Bhokar,4450,4000,4100.0,Maharashtra,Other
2013-02-26,Cotton,15,Wardha,FAQ,Hinganghat,4735,4600,4667.0,Maharashtra,Other
2013-02-26,Cotton,15,Wardha,FAQ,Sindi(Selu),4525,4200,4370.0,Maharashtra,Other
2013-02-26,Cotton,15,Yavatmal,FAQ,Vani,4400,3875,4219.0,Maharashtra,Other
2013-02-26,Cotton,15,Parbhani,FAQ,Parbhani,4605,4385,4580.0,Maharashtra,Other
2013-02-26,Cotton,15,Beed,FAQ,Kille Dharur,4440,4300,4401.0,Maharashtra,Other
2013-02-26,Cotton,15,Parbhani,FAQ,Sonpeth,4500,4250,4400.0,Maharashtra,Other
2013-02-27,Cotton,15,Parbhani,FAQ,Sonpeth,4550,4250,4500.0,Maharashtra,Other
2013-02-27,Cotton,15,Parbhani,FAQ,Parbhani,4630,4440,4585.0,Maharashtra,Other
2013-02-27,Cotton,15,Nandurbar,FAQ,Nandurbar,4777,4580,4611.0,Maharashtra,Other
2013-02-27,Cotton,15,Amarawati,FAQ,Amarawati,4650,4600,4625.0,Maharashtra,Other
2013-02-27,Cotton,15,Amarawati,FAQ,Anajngaon,4400,4100,4300.0,Maharashtra,Other
2013-02-27,Cotton,15,Yavatmal,FAQ,ZariZamini,4425,3660,4225.0,Maharashtra,Other
2013-02-27,Cotton,15,Wardha,FAQ,Samudrapur,4600,4450,4525.0,Maharashtra,LRA
2013-02-27,Cotton,15,Hingoli,FAQ,Kalamnuri,4000,4000,4000.0,Maharashtra,Other
2013-02-28,Cotton,15,Parbhani,FAQ,Jintur,4550,4500,4500.0,Maharashtra,Other
2013-02-28,Cotton,15,Nanded,FAQ,Kinwat,4300,4200,4250.0,Maharashtra,Other
2013-02-28,Cotton,15,Jalgaon,FAQ,Jamner,4400,4300,4350.0,Maharashtra,LRA
2013-02-28,Cotton,15,Parbhani,FAQ,Manwat,4665,4450,4590.0,Maharashtra,Other
2013-02-28,Cotton,15,Yavatmal,FAQ,Vani,4450,3700,4075.0,Maharashtra,Other
2013-02-28,Cotton,15,Chandrapur,FAQ,Korpana,4000,3800,3900.0,Maharashtra,Other
2013-02-28,Cotton,15,Chandrapur,FAQ,Rajura,4400,4200,4321.0,Maharashtra,Other
2013-02-28,Cotton,15,Hingoli,FAQ,Kalamnuri,4000,4000,4000.0,Maharashtra,Other
2013-03-01,Cotton,15,Yavatmal,FAQ,Pandhakawada,4700,4400,4500.0,Maharashtra,Other
2013-03-01,Cotton,15,Wardha,FAQ,Samudrapur,4801,4525,4663.0,Maharashtra,LRA
2013-03-01,Cotton,15,Akola,FAQ,Telhara,4500,4400,4450.0,Maharashtra,Other
2013-03-01,Cotton,15,Nagpur,FAQ,Narkhed,4500,4400,4450.0,Maharashtra,Other
2013-03-01,Cotton,15,Nagpur,FAQ,Savner,4550,4480,4515.0,Maharashtra,Other
2013-03-01,Cotton,15,Amarawati,FAQ,Dhamngaon-Railway,4660,4611,4635.0,Maharashtra,LRA
2013-03-01,Cotton,15,Hingoli,FAQ,Sengoan,4550,4200,4400.0,Maharashtra,Other
2013-03-01,Cotton,15,Chandrapur,FAQ,Chandrapur,4520,4400,4460.0,Maharashtra,Other
2013-03-01,Cotton,15,Hingoli,FAQ,Sengoan,4200,3800,4100.0,Maharashtra,H4
2013-03-01,Cotton,15,Jalgaon,FAQ,Jamner,4450,4350,4400.0,Maharashtra,LRA
2013-03-01,Cotton,15,Buldhana,FAQ,Deoulgaon Raja,4855,4200,4500.0,Maharashtra,Other
2013-03-01,Cotton,15,Ahmednagar,FAQ,Jamkhed,4200,4200,4200.0,Maharashtra,Other
2013-03-02,Cotton,15,Hingoli,FAQ,Akhadabalapur,4200,4100,4150.0,Maharashtra,Other
2013-03-02,Cotton,15,Akola,FAQ,Telhara,4500,4400,4450.0,Maharashtra,Other
2013-03-02,Cotton,15,Chandrapur,FAQ,Rajura,4500,4300,4400.0,Maharashtra,Other
2013-03-02,Cotton,15,Wardha,FAQ,Arvi,4650,4600,4630.0,Maharashtra,Other
2013-03-02,Cotton,15,Nagpur,FAQ,Kalmeshwar,4550,3850,4375.0,Maharashtra,Other
2013-03-02,Cotton,15,Amarawati,FAQ,Anajngaon,4450,4150,4350.0,Maharashtra,Other
2013-03-02,Cotton,15,Yavatmal,FAQ,Vani,4450,4025,4159.0,Maharashtra,Other
2013-03-02,Cotton,15,Jalana,FAQ,Jalna(Badnapur),4300,4300,4300.0,Maharashtra,Other
2013-03-02,Cotton,15,Hingoli,FAQ,Sengoan,4051,3800,3900.0,Maharashtra,H4
2013-03-02,Cotton,15,Beed,FAQ,Kille Dharur,4600,4300,4428.0,Maharashtra,Other
2013-03-02,Cotton,15,Parbhani,FAQ,Manwat,4642,4400,4550.0,Maharashtra,Other
2013-03-02,Cotton,15,Beed,FAQ,Majalgaon,4650,4300,4500.0,Maharashtra,Other
2013-03-02,Cotton,15,Jalana,FAQ,Partur,4650,4000,4100.0,Maharashtra,Other
2013-03-02,Cotton,15,Beed,FAQ,Vadvani,4400,4150,4200.0,Maharashtra,Other
2013-03-02,Cotton,15,Yavatmal,FAQ,Pandhakawada,4700,4400,4550.0,Maharashtra,Other
2013-03-02,Cotton,15,Nagpur,FAQ,Savner,4500,4400,4450.0,Maharashtra,Other
2013-03-02,Cotton,15,Parbhani,FAQ,Palam,4585,4500,4550.0,Maharashtra,Other
2013-03-02,Cotton,15,Hingoli,FAQ,Sengoan,4500,4200,4300.0,Maharashtra,Other
2013-03-03,Cotton,15,Wardha,FAQ,Arvi,4650,4600,4630.0,Maharashtra,Other
2013-03-03,Cotton,15,Parbhani,FAQ,Palam,4600,4506,4550.0,Maharashtra,Other
2013-03-03,Cotton,15,Jalana,FAQ,Jalna(Badnapur),4300,4300,4300.0,Maharashtra,Other
2013-03-04,Cotton,15,Hingoli,FAQ,Sengoan,4500,4200,4400.0,Maharashtra,Other
2013-03-04,Cotton,15,Buldhana,FAQ,Deoulgaon Raja,4800,4300,4600.0,Maharashtra,Other
2013-03-04,Cotton,15,Beed,FAQ,Gevrai,4200,3900,4180.0,Maharashtra,Other
2013-03-04,Cotton,15,Parbhani,FAQ,Manwat,4641,4400,4580.0,Maharashtra,Other
2013-03-04,Cotton,15,Nagpur,FAQ,Narkhed,4500,4400,4450.0,Maharashtra,Other
2013-03-04,Cotton,15,Wardha,FAQ,Arvi,4650,4600,4630.0,Maharashtra,Other
2013-03-04,Cotton,15,Jalana,FAQ,Jalana,4711,4325,4325.0,Maharashtra,Other
2013-03-04,Cotton,15,Parbhani,FAQ,Parbhani,4700,4380,4680.0,Maharashtra,Other
2013-03-04,Cotton,15,Yavatmal,FAQ,Pandhakawada,4640,4400,4550.0,Maharashtra,Other
2013-03-04,Cotton,15,Amarawati,FAQ,Dhamngaon-Railway,4625,4600,4612.0,Maharashtra,LRA
2013-03-05,Cotton,15,Yavatmal,FAQ,Pandhakawada,4630,4400,4550.0,Maharashtra,Other
2013-03-05,Cotton,15,Hingoli,FAQ,Jawala-Bajar,4450,4300,4400.0,Maharashtra,Other
2013-03-05,Cotton,15,Jalgaon,FAQ,Jamner,4750,4650,4700.0,Maharashtra,LRA
2013-03-05,Cotton,15,Ahmednagar,FAQ,Jamkhed,4200,4200,4200.0,Maharashtra,Other
2013-03-05,Cotton,15,Parbhani,FAQ,Jintur,4600,4350,4505.0,Maharashtra,Other
2013-03-05,Cotton,15,Parbhani,FAQ,Palam,4370,4250,4330.0,Maharashtra,Other
2013-03-05,Cotton,15,Beed,FAQ,Gevrai,4200,3900,4100.0,Maharashtra,Other
2013-03-05,Cotton,15,Wardha,FAQ,Hinganghat,4690,4550,4620.0,Maharashtra,Other
2013-03-05,Cotton,15,Wardha,FAQ,Sindi(Selu),4625,4450,4550.0,Maharashtra,Other
2013-03-05,Cotton,15,Parbhani,FAQ,Sonpeth,4500,4300,4400.0,Maharashtra,Other
2013-03-06,Cotton,15,Amarawati,FAQ,Amarawati,4700,4500,4600.0,Maharashtra,Other
2013-03-06,Cotton,15,Nanded,FAQ,Bhokar,4500,4300,4300.0,Maharashtra,Other
2013-03-06,Cotton,15,Hingoli,FAQ,Akhadabalapur,4200,4100,4150.0,Maharashtra,Other
2013-03-06,Cotton,15,Beed,FAQ,Kille Dharur,4550,4400,4500.0,Maharashtra,Other
2013-03-06,Cotton,15,Chandrapur,FAQ,Korpana,4400,4100,4250.0,Maharashtra,Other
2013-03-06,Cotton,15,Hingoli,FAQ,Sengoan,4600,4200,4400.0,Maharashtra,Other
2013-03-06,Cotton,15,Wardha,FAQ,Pulgaon,4695,4551,4615.0,Maharashtra,Other
2013-03-06,Cotton,15,Parbhani,FAQ,Parbhani,4750,4300,4665.0,Maharashtra,Other
2013-03-07,Cotton,15,Buldhana,FAQ,Deoulgaon Raja,4755,4000,4500.0,Maharashtra,Other
2013-03-07,Cotton,15,Parbhani,FAQ,Manwat,4710,4450,4650.0,Maharashtra,Other
2013-03-07,Cotton,15,Wardha,FAQ,Wardha,4717,4650,4700.0,Maharashtra,Other
2013-03-07,Cotton,15,Beed,FAQ,Kille Dharur,4600,4400,4509.0,Maharashtra,Other
2013-03-07,Cotton,15,Hingoli,FAQ,Sengoan,4600,4200,4500.0,Maharashtra,Other
2013-03-07,Cotton,15,Nanded,FAQ,Bhokar,4550,4300,4500.0,Maharashtra,Other
2013-03-08,Cotton,15,Nagpur,FAQ,Kalmeshwar,4600,3850,4550.0,Maharashtra,Other
2013-03-08,Cotton,15,Nanded,FAQ,Hadgaon,4600,4300,4500.0,Maharashtra,Other
2013-03-08,Cotton,15,Ahmednagar,FAQ,Jamkhed,4200,4200,4200.0,Maharashtra,Other
2013-03-08,Cotton,15,Hingoli,FAQ,Hingoli,4751,4650,4700.0,Maharashtra,Other
2013-03-08,Cotton,15,Yavatmal,FAQ,Kalamb,4700,4300,4450.0,Maharashtra,LRA
2013-03-08,Cotton,15,Beed,FAQ,Majalgaon,4650,4000,4600.0,Maharashtra,Other
2013-03-08,Cotton,15,Parbhani,FAQ,Sonpeth,4700,4400,4550.0,Maharashtra,Other
2013-03-08,Cotton,15,Nandurbar,FAQ,Nandurbar,4875,4400,4765.0,Maharashtra,Other
2013-03-08,Cotton,15,Beed,FAQ,Vadvani,4500,4200,4350.0,Maharashtra,Other
2013-03-08,Cotton,15,Amarawati,FAQ,Dhamngaon-Railway,4650,4600,4625.0,Maharashtra,LRA
2013-03-09,Cotton,15,Hingoli,FAQ,Sengoan,4650,4200,4500.0,Maharashtra,Other
2013-03-09,Cotton,15,Nagpur,FAQ,Narkhed,4600,4400,4500.0,Maharashtra,Other
2013-03-09,Cotton,15,Hingoli,FAQ,Akhadabalapur,4250,4200,4225.0,Maharashtra,Other
2013-03-09,Cotton,15,Amarawati,FAQ,Varud,4800,4600,4650.0,Maharashtra,Other
2013-03-09,Cotton,15,Chandrapur,FAQ,Korpana,4400,4000,4250.0,Maharashtra,Other
2013-03-09,Cotton,15,Jalana,FAQ,Jalana,4625,3950,4350.0,Maharashtra,Other
2013-03-09,Cotton,15,Wardha,FAQ,Hinganghat,4900,4600,4750.0,Maharashtra,Other
2013-03-09,Cotton,15,Parbhani,FAQ,Parbhani,4840,4550,4770.0,Maharashtra,Other
2013-03-09,Cotton,15,Parbhani,FAQ,Jintur,4750,4600,4600.0,Maharashtra,Other
2013-03-09,Cotton,15,Wardha,FAQ,Sindi(Selu),4650,4450,4550.0,Maharashtra,Other
2013-03-09,Cotton,15,Ahmednagar,FAQ,Shevgaon,4550,4000,4310.0,Maharashtra,Other
2013-03-09,Cotton,15,Beed,FAQ,Kille Dharur,4700,4500,4554.0,Maharashtra,Other
2013-03-10,Cotton,15,Beed,FAQ,Kille Dharur,4554,4554,4554.0,Maharashtra,Other
2013-03-10,Cotton,15,Ahmednagar,FAQ,Jamkhed,4200,4200,4200.0,Maharashtra,Other
2013-03-11,Cotton,15,Wardha,FAQ,Arvi,4850,4800,4830.0,Maharashtra,Other
2013-03-11,Cotton,15,Yavatmal,FAQ,ZariZamini,4600,4000,4350.0,Maharashtra,Other
2013-03-11,Cotton,15,Parbhani,FAQ,Selu,4901,4700,4861.0,Maharashtra,Other
2013-03-12,Cotton,15,Wardha,FAQ,Wardha,4980,4830,4900.0,Maharashtra,Other
2013-03-12,Cotton,15,Jalgaon,FAQ,Jamner,4900,4700,4800.0,Maharashtra,LRA
2013-03-12,Cotton,15,Buldhana,FAQ,Deoulgaon Raja,4800,4400,4600.0,Maharashtra,Other
2013-03-12,Cotton,15,Wardha,FAQ,Sindi,4600,4400,4500.0,Maharashtra,Other
2013-03-12,Cotton,15,Nanded,FAQ,Hadgaon,4700,4300,4500.0,Maharashtra,Other
2013-03-13,Cotton,15,Nanded,FAQ,Hadgaon,4700,4000,4600.0,Maharashtra,Other
2013-03-13,Cotton,15,Chandrapur,FAQ,Varora,4700,4500,4600.0,Maharashtra,Other
2013-03-13,Cotton,15,Parbhani,FAQ,Selu,4929,4611,4876.0,Maharashtra,Other
2013-03-13,Cotton,15,Jalgaon,FAQ,Jamner,4750,4650,4700.0,Maharashtra,LRA
2013-03-13,Cotton,15,Nandurbar,FAQ,Nandurbar,5036,4350,4851.0,Maharashtra,Other
2013-03-13,Cotton,15,Nagpur,FAQ,Savner,4600,4550,4575.0,Maharashtra,Other
2013-03-13,Cotton,15,Wardha,FAQ,Arvi,4850,4800,4830.0,Maharashtra,Other
2013-03-13,Cotton,15,Akola,FAQ,Akot,4950,4865,4928.0,Maharashtra,H-4(A) 27mm FIne
2013-03-13,Cotton,15,Wardha,FAQ,Sindi,4600,4500,4550.0,Maharashtra,Other
2013-03-14,Cotton,15,Hingoli,FAQ,Akhadabalapur,4300,4300,4300.0,Maharashtra,Other
2013-03-14,Cotton,15,Nagpur,FAQ,Katol,4750,4500,4625.0,Maharashtra,Other
2013-03-14,Cotton,15,Beed,FAQ,Vadvani,4650,4200,4450.0,Maharashtra,Other
2013-03-14,Cotton,15,Yavatmal,FAQ,ZariZamini,4600,4200,4360.0,Maharashtra,Other
2013-03-14,Cotton,15,Nagpur,FAQ,Savner,4625,4550,4588.0,Maharashtra,Other
2013-03-14,Cotton,15,Nanded,FAQ,Bhokar,4700,4600,4600.0,Maharashtra,Other
2013-03-14,Cotton,15,Parbhani,FAQ,Manwat,4872,4700,4820.0,Maharashtra,Other
2013-03-14,Cotton,15,Chandrapur,FAQ,Varora,4700,4600,4650.0,Maharashtra,Other
2013-03-15,Cotton,15,Yavatmal,FAQ,Pandhakawada,4885,4750,4800.0,Maharashtra,Other
2013-03-15,Cotton,15,Parbhani,FAQ,Parbhani,4890,4630,4825.0,Maharashtra,Other
2013-03-15,Cotton,15,Nanded,FAQ,Bhokar,4700,4600,4600.0,Maharashtra,Other
2013-03-15,Cotton,15,Parbhani,FAQ,Sonpeth,4800,4650,4725.0,Maharashtra,Other
2013-03-15,Cotton,15,Akola,FAQ,Telhara,4700,4700,4700.0,Maharashtra,Other
2013-03-15,Cotton,15,Buldhana,FAQ,Deoulgaon Raja,4960,4400,4600.0,Maharashtra,Other
2013-03-15,Cotton,15,Amarawati,FAQ,Dhamngaon-Railway,4740,4675,4707.0,Maharashtra,LRA
2013-03-15,Cotton,15,Chandrapur,FAQ,Rajura,4650,4500,4600.0,Maharashtra,Other
2013-03-15,Cotton,15,Nagpur,FAQ,Katol,4750,4500,4650.0,Maharashtra,Other
2013-03-15,Cotton,15,Beed,FAQ,Vadvani,4700,4200,4500.0,Maharashtra,Other
2013-03-16,Cotton,15,Chandrapur,FAQ,Rajura,4650,4400,4575.0,Maharashtra,Other
2013-03-16,Cotton,15,Wardha,FAQ,Sindi(Selu),4650,4400,4525.0,Maharashtra,Other
2013-03-16,Cotton,15,Nagpur,FAQ,Narkhed,4800,4700,4750.0,Maharashtra,Other
2013-03-16,Cotton,15,Parbhani,FAQ,Manwat,4873,4600,4800.0,Maharashtra,Other
2013-03-16,Cotton,15,Hingoli,FAQ,Sengoan,4900,4500,4600.0,Maharashtra,Other
2013-03-16,Cotton,15,Hingoli,FAQ,Akhadabalapur,4400,4400,4400.0,Maharashtra,Other
2013-03-17,Cotton,15,Ahmednagar,FAQ,Jamkhed,4200,4200,4200.0,Maharashtra,Other
2013-03-17,Cotton,15,Nanded,FAQ,Bhokar,4750,4600,4650.0,Maharashtra,Other
2013-03-17,Cotton,15,Beed,FAQ,Kille Dharur,4670,4670,4670.0,Maharashtra,Other
2013-03-17,Cotton,15,Wardha,FAQ,Sindi(Selu),4650,4500,4575.0,Maharashtra,Other
2013-03-17,Cotton,15,Parbhani,FAQ,Jintur,4950,4600,4750.0,Maharashtra,Other
2013-03-17,Cotton,15,Chandrapur,FAQ,Rajura,4650,4650,4650.0,Maharashtra,Other
2013-03-18,Cotton,15,Wardha,FAQ,Samudrapur,4900,4550,4725.0,Maharashtra,LRA
2013-03-18,Cotton,15,Akola,FAQ,Telhara,4700,4700,4700.0,Maharashtra,Other
2013-03-18,Cotton,15,Buldhana,FAQ,Deoulgaon Raja,4845,4200,4625.0,Maharashtra,Other
2013-03-18,Cotton,15,Nagpur,FAQ,Katol,4750,4600,4675.0,Maharashtra,Other
2013-03-18,Cotton,15,Nagpur,FAQ,Kalmeshwar,4800,4250,4675.0,Maharashtra,Other
2013-03-18,Cotton,15,Parbhani,FAQ,Jintur,4950,4600,4750.0,Maharashtra,Other
2013-03-18,Cotton,15,Beed,FAQ,Kille Dharur,4850,4400,4806.0,Maharashtra,Other
2013-03-18,Cotton,15,Jalana,FAQ,Jalana,4800,4500,4740.0,Maharashtra,Other
2013-03-18,Cotton,15,Beed,FAQ,Majalgaon,4800,4300,4700.0,Maharashtra,Other
2013-03-18,Cotton,15,Amarawati,FAQ,Varud,4850,4700,4775.0,Maharashtra,Other
2013-03-19,Cotton,15,Parbhani,FAQ,Sonpeth,4700,4450,4575.0,Maharashtra,Other
2013-03-19,Cotton,15,Buldhana,FAQ,Deoulgaon Raja,4850,4200,4600.0,Maharashtra,Other
2013-03-19,Cotton,15,Wardha,FAQ,Sindi(Selu),4725,4500,4610.0,Maharashtra,Other
2013-03-19,Cotton,15,Beed,FAQ,Majalgaon,4800,4200,4650.0,Maharashtra,Other
2013-03-19,Cotton,15,Wardha,FAQ,Samudrapur,4855,4400,4612.0,Maharashtra,LRA
2013-03-19,Cotton,15,Hingoli,FAQ,Sengoan,4825,4650,4675.0,Maharashtra,H4
2013-03-20,Cotton,15,Wardha,FAQ,Sindi,4700,4600,4650.0,Maharashtra,Other
2013-03-20,Cotton,15,Nagpur,FAQ,Katol,4750,4600,4675.0,Maharashtra,Other
2013-03-20,Cotton,15,Nanded,FAQ,Bhokar,4750,4650,4725.0,Maharashtra,Other
2013-03-20,Cotton,15,Wardha,FAQ,Wardha,4855,4800,4820.0,Maharashtra,Other
2013-03-20,Cotton,15,Parbhani,FAQ,Jintur,4850,4500,4650.0,Maharashtra,Other
2013-03-20,Cotton,15,Parbhani,FAQ,Sonpeth,4700,4550,4625.0,Maharashtra,Other
2013-03-20,Cotton,15,Beed,FAQ,Majalgaon,4850,4500,4650.0,Maharashtra,Other
2013-03-21,Cotton,15,Nagpur,FAQ,Kalmeshwar,4700,4250,4625.0,Maharashtra,Other
2013-03-21,Cotton,15,Nagpur,FAQ,Narkhed,4750,4600,4675.0,Maharashtra,Other
2013-03-21,Cotton,15,Amarawati,FAQ,Amarawati,4800,4700,4750.0,Maharashtra,Other
2013-03-21,Cotton,15,Yavatmal,FAQ,Pandhakawada,4800,4650,4700.0,Maharashtra,Other
2013-03-21,Cotton,15,Nanded,FAQ,Hadgaon,4700,4500,4600.0,Maharashtra,Other
2013-03-21,Cotton,15,Wardha,FAQ,Hinganghat,4940,4700,4820.0,Maharashtra,Other
2013-03-22,Cotton,15,Beed,FAQ,Vadvani,4700,4200,4450.0,Maharashtra,Other
2013-03-22,Cotton,15,Yavatmal,FAQ,Pandhakawada,4800,4700,4750.0,Maharashtra,Other
2013-03-22,Cotton,15,Amarawati,FAQ,Varud,4750,4700,4725.0,Maharashtra,Other
2013-03-22,Cotton,15,Hingoli,FAQ,Basmat,4680,4600,4650.0,Maharashtra,Other
2013-03-22,Cotton,15,Nagpur,FAQ,Katol,4650,4520,4600.0,Maharashtra,Other
2013-03-22,Cotton,15,Hingoli,FAQ,Akhadabalapur,4250,4200,4225.0,Maharashtra,Other
2013-03-22,Cotton,15,Chandrapur,FAQ,Rajura,4650,4600,4625.0,Maharashtra,Other
2013-03-22,Cotton,15,Yavatmal,FAQ,ZariZamini,4475,4310,4400.0,Maharashtra,Other
2013-03-23,Cotton,15,Amarawati,FAQ,Amarawati,4700,4600,4650.0,Maharashtra,Other
2013-03-23,Cotton,15,Jalana,FAQ,Jalana,4600,4600,4600.0,Maharashtra,Other
2013-03-23,Cotton,15,Ahmednagar,FAQ,Shevgaon,4525,4100,4250.0,Maharashtra,Other
2013-03-23,Cotton,15,Hingoli,FAQ,Basmat,4650,4550,4600.0,Maharashtra,Other
2013-03-24,Cotton,15,Chandrapur,FAQ,Rajura,4600,4600,4600.0,Maharashtra,Other
2013-03-24,Cotton,15,Nagpur,FAQ,Narkhed,4625,4000,4313.0,Maharashtra,Other
2013-03-24,Cotton,15,Parbhani,FAQ,Jintur,4700,4400,4650.0,Maharashtra,Other
2013-03-24,Cotton,15,Jalana,FAQ,Jalna(Badnapur),4350,4350,4350.0,Maharashtra,Other
2013-03-25,Cotton,15,Chandrapur,FAQ,Rajura,4700,4200,4450.0,Maharashtra,Other
2013-03-25,Cotton,15,Ahmednagar,FAQ,Jamkhed,4700,4700,4700.0,Maharashtra,Other
2013-03-25,Cotton,15,Yavatmal,FAQ,Vani,4600,4200,4471.0,Maharashtra,Other
2013-03-25,Cotton,15,Nagpur,FAQ,Savner,4450,4400,4425.0,Maharashtra,Other
2013-03-26,Cotton,15,Yavatmal,FAQ,Yeotmal,4625,4400,4550.0,Maharashtra,Other
2013-03-26,Cotton,15,Beed,FAQ,Kille Dharur,4625,4150,4608.0,Maharashtra,Other
2013-03-26,Cotton,15,Nagpur,FAQ,Kalmeshwar,4650,4250,4550.0,Maharashtra,Other
2013-03-27,Cotton,15,Ahmednagar,FAQ,Jamkhed,4700,4700,4700.0,Maharashtra,Other
2013-03-28,Cotton,15,Nagpur,FAQ,Kalmeshwar,4625,4250,4550.0,Maharashtra,Other
2013-03-28,Cotton,15,Beed,FAQ,Vadvani,4750,4000,4500.0,Maharashtra,Other
2013-03-28,Cotton,15,Beed,FAQ,Kille Dharur,4625,4125,4608.0,Maharashtra,Other
2013-03-28,Cotton,15,Parbhani,FAQ,Parbhani,4725,4400,4590.0,Maharashtra,Other
2013-03-28,Cotton,15,Hingoli,FAQ,Sengoan,4650,4400,4500.0,Maharashtra,Other
2013-03-29,Cotton,15,Parbhani,FAQ,Jintur,4850,4500,4600.0,Maharashtra,Other
2013-03-29,Cotton,15,Wardha,FAQ,Sindi,4600,4500,4550.0,Maharashtra,Other
2013-03-29,Cotton,15,Beed,FAQ,Majalgaon,4700,4300,4600.0,Maharashtra,Other
2013-03-29,Cotton,15,Wardha,FAQ,Sindi(Selu),4700,4500,4600.0,Maharashtra,Other
2013-03-29,Cotton,15,Wardha,FAQ,Samudrapur,4750,4200,4475.0,Maharashtra,LRA
2013-03-29,Cotton,15,Nagpur,FAQ,Narkhed,4700,4000,4350.0,Maharashtra,Other
2013-03-29,Cotton,15,Wardha,FAQ,Arvi,4750,4500,4600.0,Maharashtra,Other
2013-03-30,Cotton,15,Buldhana,FAQ,Deoulgaon Raja,4400,4100,4200.0,Maharashtra,Other
2013-03-30,Cotton,15,Wardha,FAQ,Arvi,4750,4700,4730.0,Maharashtra,Other
2013-03-30,Cotton,15,Wardha,FAQ,Samudrapur,4810,4300,4555.0,Maharashtra,LRA
2013-03-30,Cotton,15,Wardha,FAQ,Pulgaon,4550,4450,4500.0,Maharashtra,Other
2013-03-30,Cotton,15,Wardha,FAQ,Sindi(Selu),4700,4500,4600.0,Maharashtra,Other
2013-03-30,Cotton,15,Wardha,FAQ,Hinganghat,4950,4600,4775.0,Maharashtra,Other
2013-03-31,Cotton,15,Wardha,FAQ,Arvi,4750,4700,4730.0,Maharashtra,Other
2013-03-31,Cotton,15,Parbhani,FAQ,Jintur,4750,4500,4600.0,Maharashtra,Other
2013-03-31,Cotton,15,Nanded,FAQ,Bhokar,4650,4600,4600.0,Maharashtra,Other
2013-04-01,Cotton,15,Parbhani,FAQ,Parbhani,4875,4500,4680.0,Maharashtra,Other
2013-04-02,Cotton,15,Amarawati,FAQ,Amarawati,4900,4700,4800.0,Maharashtra,Other
2013-04-02,Cotton,15,Jalgaon,FAQ,Jalgaon,4200,3900,4000.0,Maharashtra,H-4(A) 27mm FIne
2013-04-02,Cotton,15,Hingoli,FAQ,Basmat,4720,4600,4650.0,Maharashtra,Other
2013-04-02,Cotton,15,Hingoli,FAQ,Hingoli,4820,4700,4760.0,Maharashtra,Other
2013-04-02,Cotton,15,Wardha,FAQ,Samudrapur,4850,4200,4525.0,Maharashtra,LRA
2013-04-03,Cotton,15,Parbhani,FAQ,Parbhani,4880,4655,4745.0,Maharashtra,Other
2013-04-03,Cotton,15,Gadchiroli,FAQ,Aheri,4490,4490,4490.0,Maharashtra,Other
2013-04-03,Cotton,15,Wardha,FAQ,Hinganghat,5080,4700,4890.0,Maharashtra,Other
2013-04-03,Cotton,15,Parbhani,FAQ,Selu,4900,4611,4872.0,Maharashtra,Other
2013-04-03,Cotton,15,Jalgaon,FAQ,Jamner,4750,4700,4725.0,Maharashtra,LRA
2013-04-04,Cotton,15,Nagpur,FAQ,Katol,4800,4600,4750.0,Maharashtra,Other
2013-04-04,Cotton,15,Wardha,FAQ,Arvi,4825,4750,4800.0,Maharashtra,Other
2013-04-04,Cotton,15,Nagpur,FAQ,Savner,4600,4500,4550.0,Maharashtra,Other
2013-04-04,Cotton,15,Chandrapur,FAQ,Rajura,4650,4450,4600.0,Maharashtra,Other
2013-04-04,Cotton,15,Beed,FAQ,Majalgaon,4800,4350,4650.0,Maharashtra,Other
2013-04-04,Cotton,15,Ahmednagar,FAQ,Jamkhed,4700,4700,4700.0,Maharashtra,Other
2013-04-05,Cotton,15,Amarawati,FAQ,Anajngaon,5000,4800,4900.0,Maharashtra,Other
2013-04-05,Cotton,15,Parbhani,FAQ,Manwat,4849,4650,4780.0,Maharashtra,Other
2013-04-05,Cotton,15,Hingoli,FAQ,Sengoan,4650,4500,4550.0,Maharashtra,Other
2013-04-05,Cotton,15,Parbhani,FAQ,Parbhani,4850,4600,4760.0,Maharashtra,Other
2013-04-05,Cotton,15,Nanded,FAQ,Kinwat,4500,4300,4400.0,Maharashtra,Other
2013-04-05,Cotton,15,Hingoli,FAQ,Hingoli,4960,4800,4880.0,Maharashtra,Other
2013-04-06,Cotton,15,Ahmednagar,FAQ,Jamkhed,4700,4700,4700.0,Maharashtra,Other
2013-04-06,Cotton,15,Parbhani,FAQ,Manwat,4835,4650,4780.0,Maharashtra,Other
2013-04-06,Cotton,15,Yavatmal,FAQ,Babhulgaon,4700,4550,4625.0,Maharashtra,Other
2013-04-06,Cotton,15,Wardha,FAQ,Samudrapur,4918,4300,4609.0,Maharashtra,LRA
2013-04-06,Cotton,15,Buldhana,FAQ,Deoulgaon Raja,4650,4300,4500.0,Maharashtra,Other
2013-04-06,Cotton,15,Beed,FAQ,Majalgaon,4900,4300,4750.0,Maharashtra,Other
2013-04-07,Cotton,15,Beed,FAQ,Vadvani,4650,4200,4450.0,Maharashtra,Other
2013-04-08,Cotton,15,Wardha,FAQ,Hinganghat,4910,4700,4805.0,Maharashtra,Other
2013-04-08,Cotton,15,Ahmednagar,FAQ,Jamkhed,4700,4700,4700.0,Maharashtra,Other
2013-04-08,Cotton,15,Yavatmal,FAQ,Ghatanji,4820,4600,4750.0,Maharashtra,Other
2013-04-08,Cotton,15,Wardha,FAQ,Arvi,4825,4750,4800.0,Maharashtra,Other
2013-04-08,Cotton,15,Beed,FAQ,Kille Dharur,4725,4000,4700.0,Maharashtra,Other
2013-04-08,Cotton,15,Nagpur,FAQ,Katol,4850,4600,4750.0,Maharashtra,Other
2013-04-09,Cotton,15,Nagpur,FAQ,Katol,4750,4600,4700.0,Maharashtra,Other
2013-04-09,Cotton,15,Nanded,FAQ,Hadgaon,4700,4400,4600.0,Maharashtra,Other
2013-04-09,Cotton,15,Ahmednagar,FAQ,Shevgaon,4450,4250,4300.0,Maharashtra,Other
2013-04-09,Cotton,15,Ahmednagar,FAQ,Jamkhed,4700,4700,4700.0,Maharashtra,Other
2013-04-09,Cotton,15,Chandrapur,FAQ,Rajura,4675,4275,4550.0,Maharashtra,Other
2013-04-09,Cotton,15,Wardha,FAQ,Pulgaon,4900,4650,4780.0,Maharashtra,Other
2013-04-10,Cotton,15,Ahmednagar,FAQ,Shevgaon,4400,4100,4300.0,Maharashtra,Other
2013-04-10,Cotton,15,Beed,FAQ,Majalgaon,4800,4000,4600.0,Maharashtra,Other
2013-04-10,Cotton,15,Nagpur,FAQ,Savner,4600,4500,4550.0,Maharashtra,Other
2013-04-10,Cotton,15,Amarawati,FAQ,Anajngaon,4800,4600,4700.0,Maharashtra,Other
2013-04-10,Cotton,15,Parbhani,FAQ,Sonpeth,4800,4500,4650.0,Maharashtra,Other
2013-04-11,Cotton,15,Parbhani,FAQ,Selu,4841,4531,4823.0,Maharashtra,Other
2013-04-11,Cotton,15,Wardha,FAQ,Samudrapur,4851,4750,4800.0,Maharashtra,LRA
2013-04-11,Cotton,15,Yavatmal,FAQ,ZariZamini,4250,3900,4100.0,Maharashtra,Other
2013-04-11,Cotton,15,Parbhani,FAQ,Palam,4750,4575,4705.0,Maharashtra,Other
2013-04-12,Cotton,15,Ahmednagar,FAQ,Shevgaon,4375,4150,4280.0,Maharashtra,Other
2013-04-12,Cotton,15,Parbhani,FAQ,Selu,4839,4656,4828.0,Maharashtra,Other
2013-04-12,Cotton,15,Parbhani,FAQ,Manwat,4840,4400,4780.0,Maharashtra,Other
2013-04-12,Cotton,15,Nagpur,FAQ,Katol,4775,4600,4700.0,Maharashtra,Other
2013-04-12,Cotton,15,Nanded,FAQ,Kinwat,4600,4400,4500.0,Maharashtra,Other
2013-04-12,Cotton,15,Nagpur,FAQ,Savner,4600,4500,4550.0,Maharashtra,Other
2013-04-13,Cotton,15,Yavatmal,FAQ,ZariZamini,4485,3700,4100.0,Maharashtra,Other
2013-04-13,Cotton,15,Hingoli,FAQ,Basmat,4800,4700,4750.0,Maharashtra,Other
2013-04-13,Cotton,15,Wardha,FAQ,Samudrapur,4800,4200,4500.0,Maharashtra,LRA
2013-04-13,Cotton,15,Yavatmal,FAQ,Vani,4625,3700,4462.0,Maharashtra,Other
2013-04-14,Cotton,15,Nagpur,FAQ,Kalmeshwar,4800,4350,4750.0,Maharashtra,Other
2013-04-14,Cotton,15,Nanded,FAQ,Bhokar,4750,4450,4500.0,Maharashtra,Other
2013-04-15,Cotton,15,Beed,FAQ,Kille Dharur,4700,4700,4700.0,Maharashtra,Other
2013-04-15,Cotton,15,Nagpur,FAQ,Savner,4600,4500,4550.0,Maharashtra,Other
2013-04-15,Cotton,15,Yavatmal,FAQ,ZariZamini,4600,3800,4050.0,Maharashtra,Other
2013-04-15,Cotton,15,Wardha,FAQ,Hinganghat,4865,4600,4732.0,Maharashtra,Other
2013-04-15,Cotton,15,Wardha,FAQ,Pulgaon,4850,4600,4725.0,Maharashtra,Other
2013-04-16,Cotton,15,Nanded,FAQ,Bhokar,4650,4400,4500.0,Maharashtra,Other
2013-04-16,Cotton,15,Jalgaon,FAQ,Jamner,4900,4750,4800.0,Maharashtra,LRA
2013-04-16,Cotton,15,Chandrapur,FAQ,Rajura,4400,4200,4300.0,Maharashtra,Other
2013-04-17,Cotton,15,Wardha,FAQ,Hinganghat,4780,4200,4490.0,Maharashtra,Other
2013-04-17,Cotton,15,Chandrapur,FAQ,Varora,4600,4500,4550.0,Maharashtra,Other
2013-04-17,Cotton,15,Wardha,FAQ,Arvi,4500,4100,4300.0,Maharashtra,Other
2013-04-17,Cotton,15,Parbhani,FAQ,Parbhani,4555,4205,4480.0,Maharashtra,Other
2013-04-17,Cotton,15,Wardha,FAQ,Pulgaon,4700,4250,4450.0,Maharashtra,Other
2013-04-18,Cotton,15,Parbhani,FAQ,Parbhani,4600,4000,4535.0,Maharashtra,Other
2013-04-18,Cotton,15,Yavatmal,FAQ,Vani,4350,4000,4225.0,Maharashtra,Other
2013-04-18,Cotton,15,Wardha,FAQ,Pulgaon,4650,4200,4450.0,Maharashtra,Other
2013-04-18,Cotton,15,Nanded,FAQ,Bhokar,4500,4000,4400.0,Maharashtra,Other
2013-04-18,Cotton,15,Parbhani,FAQ,Jintur,4600,4150,4300.0,Maharashtra,Other
2013-04-19,Cotton,15,Chandrapur,FAQ,Rajura,4375,4050,4250.0,Maharashtra,Other
2013-04-19,Cotton,15,Nanded,FAQ,Kinwat,4100,3900,4000.0,Maharashtra,Other
2013-04-20,Cotton,15,Beed,FAQ,Vadvani,4700,4000,4500.0,Maharashtra,Other
2013-04-20,Cotton,15,Parbhani,FAQ,Selu,4661,4235,4640.0,Maharashtra,Other
2013-04-22,Cotton,15,Wardha,FAQ,Sindi,4000,3500,3850.0,Maharashtra,Other
2013-04-22,Cotton,15,Beed,FAQ,Majalgaon,4500,4200,4400.0,Maharashtra,Other
2013-04-22,Cotton,15,Nanded,FAQ,Kinwat,4100,3900,4000.0,Maharashtra,Other
2013-04-22,Cotton,15,Jalgaon,FAQ,Jamner,4630,4600,4625.0,Maharashtra,LRA
2013-04-22,Cotton,15,Beed,FAQ,Vadvani,4700,4000,4500.0,Maharashtra,Other
2013-04-23,Cotton,15,Wardha,FAQ,Samudrapur,4050,3900,3975.0,Maharashtra,LRA
2013-04-23,Cotton,15,Parbhani,FAQ,Palam,4025,3995,4008.0,Maharashtra,Other
2013-04-23,Cotton,15,Parbhani,FAQ,Parbhani,4600,4000,4485.0,Maharashtra,Other
2013-04-23,Cotton,15,Yavatmal,FAQ,Vani,4200,3700,3950.0,Maharashtra,Other
2013-04-23,Cotton,15,Chandrapur,FAQ,Rajura,4100,3600,3950.0,Maharashtra,Other
2013-04-23,Cotton,15,Wardha,FAQ,Pulgaon,4400,4000,4300.0,Maharashtra,Other
2013-04-23,Cotton,15,Nagpur,FAQ,Kalmeshwar,4400,4050,4350.0,Maharashtra,Other
2013-04-24,Cotton,15,Nagpur,FAQ,Kalmeshwar,4400,4075,4280.0,Maharashtra,Other
2013-04-24,Cotton,15,Beed,FAQ,Majalgaon,4500,4000,4250.0,Maharashtra,Other
2013-04-24,Cotton,15,Jalgaon,FAQ,Jamner,2650,2550,2600.0,Maharashtra,LRA
2013-04-25,Cotton,15,Chandrapur,FAQ,Rajura,3900,3500,3800.0,Maharashtra,Other
2013-04-26,Cotton,15,Wardha,FAQ,Sindi,4000,3500,3800.0,Maharashtra,Other
2013-04-26,Cotton,15,Beed,FAQ,Kille Dharur,4509,4509,4509.0,Maharashtra,Other
2013-04-26,Cotton,15,Parbhani,FAQ,Selu,3900,3900,3900.0,Maharashtra,Other
2013-04-26,Cotton,15,Ahmednagar,FAQ,Shevgaon,4250,3900,3950.0,Maharashtra,Other
2013-04-26,Cotton,15,Nagpur,FAQ,Kalmeshwar,4400,4050,4275.0,Maharashtra,Other
2013-04-27,Cotton,15,Beed,FAQ,Vadvani,4700,4000,4500.0,Maharashtra,Other
2013-04-27,Cotton,15,Parbhani,FAQ,Parbhani,4630,4100,4515.0,Maharashtra,Other
2013-04-27,Cotton,15,Nanded,FAQ,Kinwat,4100,3900,4000.0,Maharashtra,Other
2013-04-27,Cotton,15,Ahmednagar,FAQ,Shevgaon,4050,3700,4000.0,Maharashtra,Other
2013-04-29,Cotton,15,Parbhani,FAQ,Selu,4541,4000,4528.0,Maharashtra,Other
2013-04-29,Cotton,15,Parbhani,FAQ,Parbhani,4640,4100,4525.0,Maharashtra,Other
2013-04-29,Cotton,15,Wardha,FAQ,Arvi,4300,4100,4200.0,Maharashtra,Other
2013-04-29,Cotton,15,Nagpur,FAQ,Katol,4350,4100,4210.0,Maharashtra,Other
2013-04-29,Cotton,15,Parbhani,FAQ,Manwat,4311,3850,4200.0,Maharashtra,Other
2013-04-29,Cotton,15,Beed,FAQ,Vadvani,4700,4000,4500.0,Maharashtra,Other
2013-04-29,Cotton,15,Yavatmal,FAQ,Vani,4000,3600,3800.0,Maharashtra,Other
2013-04-30,Cotton,15,Chandrapur,FAQ,Rajura,4000,3700,3900.0,Maharashtra,Other
2013-04-30,Cotton,15,Amarawati,FAQ,Varud,4500,4300,4400.0,Maharashtra,Other
2013-05-01,Cotton,15,Beed,FAQ,Majalgaon,4500,3800,4200.0,Maharashtra,Other
2013-05-02,Cotton,15,Nanded,FAQ,Kinwat,4100,3900,4000.0,Maharashtra,Other
2013-05-02,Cotton,15,Nagpur,FAQ,Kalmeshwar,4300,4050,4150.0,Maharashtra,Other
2013-05-03,Cotton,15,Jalgaon,FAQ,Jamner,4450,4400,4425.0,Maharashtra,LRA
2013-05-03,Cotton,15,Beed,FAQ,Vadvani,4200,3800,4000.0,Maharashtra,Other
2013-05-03,Cotton,15,Nagpur,FAQ,Kalmeshwar,4250,4050,4130.0,Maharashtra,Other
2013-05-03,Cotton,15,Amarawati,FAQ,Varud,4500,4300,4400.0,Maharashtra,Other
2013-05-03,Cotton,15,Nanded,FAQ,Hadgaon,3800,3400,3600.0,Maharashtra,Other
2013-05-03,Cotton,15,Ahmednagar,FAQ,Shevgaon,4220,3900,4000.0,Maharashtra,Other
2013-05-04,Cotton,15,Wardha,FAQ,Pulgaon,4300,3900,4175.0,Maharashtra,Other
2013-05-04,Cotton,15,Wardha,FAQ,Sindi,3900,3500,3750.0,Maharashtra,Other
2013-05-04,Cotton,15,Nagpur,FAQ,Kalmeshwar,4300,4075,4200.0,Maharashtra,Other
2013-05-04,Cotton,15,Wardha,FAQ,Samudrapur,4000,3900,3950.0,Maharashtra,LRA
2013-05-04,Cotton,15,Parbhani,FAQ,Parbhani,4550,4000,4370.0,Maharashtra,Other
2013-05-06,Cotton,15,Beed,FAQ,Vadvani,4200,3800,4000.0,Maharashtra,Other
2013-05-06,Cotton,15,Nanded,FAQ,Bhokar,4400,4000,4100.0,Maharashtra,Other
2013-05-06,Cotton,15,Nanded,FAQ,Kinwat,4100,3900,4000.0,Maharashtra,Other
2013-05-06,Cotton,15,Hingoli,FAQ,Hingoli,4710,4241,4475.0,Maharashtra,Other
2013-05-07,Cotton,15,Yavatmal,FAQ,Vani,4000,3600,3800.0,Maharashtra,Other
2013-05-07,Cotton,15,Hingoli,FAQ,Akhadabalapur,4100,4000,4050.0,Maharashtra,Other
2013-05-07,Cotton,15,Nanded,FAQ,Hadgaon,3800,3400,3600.0,Maharashtra,Other
2013-05-07,Cotton,15,Nanded,FAQ,Bhokar,4450,4000,4200.0,Maharashtra,Other
2013-05-08,Cotton,15,Yavatmal,FAQ,Vani,4000,3500,3750.0,Maharashtra,Other
2013-05-09,Cotton,15,Akola,FAQ,Telhara,3980,3980,3980.0,Maharashtra,Other
2013-05-10,Cotton,15,Nagpur,FAQ,Kalmeshwar,4300,4050,4250.0,Maharashtra,Other
2013-05-10,Cotton,15,Wardha,FAQ,Hinganghat,4600,3830,4215.0,Maharashtra,Other
2013-05-10,Cotton,15,Nanded,FAQ,Bhokar,4100,4000,4000.0,Maharashtra,Other
2013-05-10,Cotton,15,Nagpur,FAQ,Katol,4450,4450,4450.0,Maharashtra,Other
2013-05-11,Cotton,15,Wardha,FAQ,Arvi,4450,4100,4300.0,Maharashtra,Other
2013-05-12,Cotton,15,Nagpur,FAQ,Katol,4450,4000,4250.0,Maharashtra,Other
2013-05-12,Cotton,15,Wardha,FAQ,Arvi,4400,4100,4300.0,Maharashtra,Other
2013-05-13,Cotton,15,Beed,FAQ,Majalgaon,4500,3800,4300.0,Maharashtra,Other
2013-05-13,Cotton,15,Parbhani,FAQ,Parbhani,4650,4100,4500.0,Maharashtra,Other
2013-05-14,Cotton,15,Yavatmal,FAQ,Vani,3800,3400,3600.0,Maharashtra,Other
2013-05-14,Cotton,15,Wardha,FAQ,Sindi,3900,3500,3800.0,Maharashtra,Other
2013-05-14,Cotton,15,Nanded,FAQ,Kinwat,4100,3900,4000.0,Maharashtra,Other
2013-05-15,Cotton,15,Nagpur,FAQ,Kalmeshwar,4251,3950,4150.0,Maharashtra,Other
2013-05-15,Cotton,15,Wardha,FAQ,Arvi,4350,4100,4200.0,Maharashtra,Other
2013-05-15,Cotton,15,Nanded,FAQ,Bhokar,4400,3700,4000.0,Maharashtra,Other
2013-05-16,Cotton,15,Nanded,FAQ,Kinwat,4100,3900,4000.0,Maharashtra,Other
2013-05-17,Cotton,15,Nanded,FAQ,Kinwat,4100,3900,4000.0,Maharashtra,Other
2013-05-17,Cotton,15,Akola,FAQ,Telhara,4050,4050,4050.0,Maharashtra,Other
2013-05-17,Cotton,15,Parbhani,FAQ,Jintur,4200,3900,4050.0,Maharashtra,Other
2013-05-17,Cotton,15,Vashim,FAQ,Karanja,4645,4255,4595.0,Maharashtra,Other
2013-05-18,Cotton,15,Nanded,FAQ,Kinwat,4100,3900,4000.0,Maharashtra,Other
2013-05-18,Cotton,15,Nagpur,FAQ,Kalmeshwar,4300,4050,4230.0,Maharashtra,Other
2013-05-22,Cotton,15,Nanded,FAQ,Kinwat,4000,3800,3900.0,Maharashtra,Other
2013-05-23,Cotton,15,Wardha,FAQ,Arvi,4400,4100,4300.0,Maharashtra,Other
2013-05-26,Cotton,15,Nagpur,FAQ,Kalmeshwar,4300,4050,4175.0,Maharashtra,Other
2013-05-30,Cotton,15,Wardha,FAQ,Arvi,4550,4200,4450.0,Maharashtra,Other
2013-06-05,Cotton,15,Wardha,FAQ,Arvi,4800,4600,4700.0,Maharashtra,Other
2013-06-06,Cotton,15,Wardha,FAQ,Arvi,4800,4600,4700.0,Maharashtra,Other
2013-06-07,Cotton,15,Wardha,FAQ,Hinganghat,4930,4000,4465.0,Maharashtra,Other
2013-06-08,Cotton,15,Wardha,FAQ,Arvi,4800,4600,4700.0,Maharashtra,Other
2013-06-12,Cotton,15,Amarawati,FAQ,Varud,4650,4100,4300.0,Maharashtra,Other
2013-06-15,Cotton,15,Amarawati,FAQ,Varud,4900,4100,4400.0,Maharashtra,Other
2013-06-28,Cotton,15,Ahmednagar,FAQ,Kopargaon,1710,1520,1640.0,Maharashtra,Other
2013-07-01,Cotton,15,Amarawati,FAQ,Varud,5100,5000,5050.0,Maharashtra,Other
2013-07-08,Cotton,15,Nagpur,FAQ,Katol,6000,5000,5500.0,Maharashtra,Other
2013-07-11,Cotton,15,Ahmednagar,FAQ,Kopargaon,1875,1650,1750.0,Maharashtra,Other
2013-10-19,Cotton,15,Bhandara,FAQ,Lakhani,4595,4595,4595.0,Maharashtra,Other
2013-10-22,Cotton,15,Yavatmal,FAQ,Darwha,4500,4200,4350.0,Maharashtra,Other
2013-10-25,Cotton,15,Beed,FAQ,Gevrai,4500,4400,4450.0,Maharashtra,Other
2013-10-26,Cotton,15,Bhandara,FAQ,Lakhani,4355,3655,4250.0,Maharashtra,Other
2013-10-27,Cotton,15,Beed,FAQ,Gevrai,4500,4400,4475.0,Maharashtra,Other
2013-10-27,Cotton,15,Chandrapur,FAQ,Varora,4805,4805,4805.0,Maharashtra,Other
2013-10-28,Cotton,15,Beed,FAQ,Gevrai,4575,4400,4475.0,Maharashtra,Other
2013-10-29,Cotton,15,Bhandara,FAQ,Lakhani,4880,4125,4750.0,Maharashtra,Other
2013-10-30,Cotton,15,Nanded,FAQ,Mahur,4100,3800,3900.0,Maharashtra,Other
2013-10-31,Cotton,15,Chandrapur,FAQ,Varora,4700,4550,4625.0,Maharashtra,Other
2013-11-01,Cotton,15,Nagpur,FAQ,Kalmeshwar,4800,4650,4725.0,Maharashtra,Other
2013-11-02,Cotton,15,Nanded,FAQ,Bhokar,4300,4000,4200.0,Maharashtra,Other
2013-11-02,Cotton,15,Chandrapur,FAQ,Rajura,4400,4300,4314.0,Maharashtra,Other
2013-11-04,Cotton,15,Nanded,FAQ,Kinwat,4100,3800,4000.0,Maharashtra,Other
2013-11-04,Cotton,15,Chandrapur,FAQ,Rajura,4300,4020,4167.0,Maharashtra,Other
2013-11-05,Cotton,15,Nanded,FAQ,Bhokar,4400,4000,4200.0,Maharashtra,Other
2013-11-06,Cotton,15,Yavatmal,FAQ,Vani,4265,4000,4112.0,Maharashtra,Other
2013-11-06,Cotton,15,Yavatmal,FAQ,Darwha,4400,4100,4200.0,Maharashtra,Other
2013-11-07,Cotton,15,Yavatmal,FAQ,Vani,4325,4000,4162.0,Maharashtra,Other
2013-11-08,Cotton,15,Buldhana,FAQ,Deoulgaon Raja,4640,4400,4475.0,Maharashtra,Other
2013-11-09,Cotton,15,Wardha,FAQ,Samudrapur,4541,4100,4320.0,Maharashtra,LRA
2013-11-09,Cotton,15,Nagpur,FAQ,Katol,4600,4500,4500.0,Maharashtra,Other
2013-11-09,Cotton,15,Beed,FAQ,Gevrai,4550,4400,4450.0,Maharashtra,Other
2013-11-10,Cotton,15,Yavatmal,FAQ,Maregoan,4551,4350,4450.0,Maharashtra,Other
2013-11-11,Cotton,15,Nagpur,FAQ,Parshiwani,4400,4200,4300.0,Maharashtra,H-4(A) 27mm FIne
2013-11-11,Cotton,15,Hingoli,FAQ,Jawala-Bajar,4700,4500,4600.0,Maharashtra,Other
2013-11-11,Cotton,15,Nagpur,FAQ,Katol,4550,4500,4525.0,Maharashtra,Other
2013-11-12,Cotton,15,Amarawati,FAQ,Dhamngaon-Railway,4650,4600,4625.0,Maharashtra,LRA
2013-11-12,Cotton,15,Wardha,FAQ,Arvi,4620,4585,4600.0,Maharashtra,H-4(A) 27mm FIne
2013-11-12,Cotton,15,Yavatmal,FAQ,Vani,4500,4300,4450.0,Maharashtra,Other
2013-11-12,Cotton,15,Ahmednagar,FAQ,Shevgaon,4650,4500,4580.0,Maharashtra,Other
2013-11-12,Cotton,15,Yavatmal,FAQ,Darwha,4400,4100,4200.0,Maharashtra,Other
2013-11-12,Cotton,15,Parbhani,FAQ,Sonpeth,4700,4600,4650.0,Maharashtra,Other
2013-11-13,Cotton,15,Nagpur,FAQ,Kalmeshwar,4650,4475,4560.0,Maharashtra,Other
2013-11-13,Cotton,15,Jalana,FAQ,Partur,4750,4600,4700.0,Maharashtra,Other
2013-11-13,Cotton,15,Chandrapur,FAQ,Varora,4600,4351,4476.0,Maharashtra,Other
2013-11-13,Cotton,15,Jalgaon,FAQ,Jamner,4600,4000,4500.0,Maharashtra,Other
2013-11-13,Cotton,15,Yavatmal,FAQ,Maregoan,4500,4300,4400.0,Maharashtra,Other
2013-11-13,Cotton,15,Yavatmal,FAQ,Digras,4600,4400,4550.0,Maharashtra,Other
2013-11-13,Cotton,15,Hingoli,FAQ,Jawala-Bajar,4701,4450,4650.0,Maharashtra,Other
2013-11-14,Cotton,15,Yavatmal,FAQ,Maregoan,4550,4400,4500.0,Maharashtra,Other
2013-11-14,Cotton,15,Parbhani,FAQ,Manwat,4811,4713,4750.0,Maharashtra,Other
2013-11-15,Cotton,15,Chandrapur,FAQ,Rajura,4500,4400,4463.0,Maharashtra,Other
2013-11-15,Cotton,15,Hingoli,FAQ,Jawala-Bajar,4751,4450,4700.0,Maharashtra,Other
2013-11-15,Cotton,15,Nagpur,FAQ,Katol,4711,4550,4650.0,Maharashtra,Other
2013-11-16,Cotton,15,Jalgaon,FAQ,Jamner,4600,4000,4500.0,Maharashtra,Other
2013-11-16,Cotton,15,Wardha,FAQ,Pulgaon,4691,4550,4600.0,Maharashtra,Other
2013-11-16,Cotton,15,Jalana,FAQ,Partur,4700,4550,4600.0,Maharashtra,Other
2013-11-16,Cotton,15,Nanded,FAQ,Kinwat,4200,4000,4100.0,Maharashtra,Other
2013-11-18,Cotton,15,Parbhani,FAQ,Parbhani,4675,4600,4655.0,Maharashtra,Other
2013-11-18,Cotton,15,Yavatmal,FAQ,Ghatanji,4600,4100,4350.0,Maharashtra,LRA
2013-11-18,Cotton,15,Parbhani,FAQ,Manwat,4625,4513,4561.0,Maharashtra,Other
2013-11-18,Cotton,15,Parbhani,FAQ,Jintur,4711,4535,4625.0,Maharashtra,Other
2013-11-18,Cotton,15,Yavatmal,FAQ,ZariZamini,4350,3900,4100.0,Maharashtra,Other
2013-11-18,Cotton,15,Bhandara,FAQ,Lakhani,4655,3125,4625.0,Maharashtra,Other
2013-11-18,Cotton,15,Wardha,FAQ,Arvi,4600,4550,4570.0,Maharashtra,H-4(A) 27mm FIne
2013-11-18,Cotton,15,Yavatmal,FAQ,Darwha,4550,4300,4400.0,Maharashtra,Other
2013-11-19,Cotton,15,Nanded,FAQ,Bhokar,4550,4000,4200.0,Maharashtra,Other
2013-11-19,Cotton,15,Hingoli,FAQ,Basmat,4610,4550,4600.0,Maharashtra,Other
2013-11-19,Cotton,15,Parbhani,FAQ,Parbhani,4695,4650,4675.0,Maharashtra,Other
2013-11-19,Cotton,15,Chandrapur,FAQ,Varora,4700,4300,4500.0,Maharashtra,Other
2013-11-19,Cotton,15,Wardha,FAQ,Arvi,4600,4530,4570.0,Maharashtra,H-4(A) 27mm FIne
2013-11-19,Cotton,15,Jalana,FAQ,Mantha,4600,4500,4550.0,Maharashtra,Other
2013-11-20,Cotton,15,Nanded,FAQ,Mahur,4450,4150,4300.0,Maharashtra,Other
2013-11-20,Cotton,15,Nanded,FAQ,Bhokar,4550,4000,4200.0,Maharashtra,Other
2013-11-20,Cotton,15,Jalana,FAQ,Mantha,4600,4550,4575.0,Maharashtra,Other
2013-11-20,Cotton,15,Yavatmal,FAQ,Umarkhed,4600,4300,4500.0,Maharashtra,H-4(A) 27mm FIne
2013-11-20,Cotton,15,Wardha,FAQ,Arvi,4641,4550,4600.0,Maharashtra,H-4(A) 27mm FIne
2013-11-21,Cotton,15,Parbhani,FAQ,Manwat,4721,4660,4675.0,Maharashtra,Other
2013-11-21,Cotton,15,Wardha,FAQ,Pulgaon,4631,4500,4575.0,Maharashtra,Other
2013-11-21,Cotton,15,Nanded,FAQ,Bhokar,4550,4000,4400.0,Maharashtra,Other
2013-11-21,Cotton,15,Beed,FAQ,Kille Dharur,4650,4608,4650.0,Maharashtra,Other
2013-11-21,Cotton,15,Parbhani,FAQ,Parbhani,4770,4690,4745.0,Maharashtra,Other
2013-11-21,Cotton,15,Nagpur,FAQ,Katol,4651,4500,4550.0,Maharashtra,Other
2013-11-22,Cotton,15,Parbhani,FAQ,Sonpeth,4650,4600,4640.0,Maharashtra,Other
2013-11-22,Cotton,15,Parbhani,FAQ,Selu,4725,4650,4670.0,Maharashtra,Other
2013-11-22,Cotton,15,Jalana,FAQ,Partur,4700,4500,4600.0,Maharashtra,Other
2013-11-22,Cotton,15,Buldhana,FAQ,Deoulgaon Raja,4730,4500,4680.0,Maharashtra,Other
2013-11-23,Cotton,15,Parbhani,FAQ,Jintur,4700,4500,4650.0,Maharashtra,Other
2013-11-23,Cotton,15,Yavatmal,FAQ,ZariZamini,4475,4150,4300.0,Maharashtra,Other
2013-11-23,Cotton,15,Nanded,FAQ,Kinwat,4500,4200,4350.0,Maharashtra,Other
2013-11-23,Cotton,15,Nagpur,FAQ,Katol,4600,4500,4550.0,Maharashtra,Other
2013-11-24,Cotton,15,Parbhani,FAQ,Jintur,4700,4500,4600.0,Maharashtra,Other
2013-11-24,Cotton,15,Ahmednagar,FAQ,Sangamner,4500,4000,4250.0,Maharashtra,Other
2013-11-24,Cotton,15,Nanded,FAQ,Bhokar,4550,4000,4400.0,Maharashtra,Other
2013-11-25,Cotton,15,Nanded,FAQ,Kinwat,4500,4200,4350.0,Maharashtra,Other
2013-11-25,Cotton,15,Chandrapur,FAQ,Varora,4600,4500,4550.0,Maharashtra,Other
2013-11-25,Cotton,15,Parbhani,FAQ,Manwat,4600,4551,4570.0,Maharashtra,Other
2013-11-25,Cotton,15,Yavatmal,FAQ,Vani,4400,4300,4350.0,Maharashtra,Other
2013-11-25,Cotton,15,Ahmednagar,FAQ,Shevgaon,4650,4550,4577.0,Maharashtra,Other
2013-11-25,Cotton,15,Amarawati,FAQ,Anajngaon,4600,4400,4500.0,Maharashtra,Other
2013-11-25,Cotton,15,Nagpur,FAQ,Kalmeshwar,4550,4400,4500.0,Maharashtra,Other
2013-11-25,Cotton,15,Nagpur,FAQ,Katol,4550,4400,4500.0,Maharashtra,Other
2013-11-25,Cotton,15,Yavatmal,FAQ,Ghatanji,4620,4500,4550.0,Maharashtra,LRA
2013-11-25,Cotton,15,Parbhani,FAQ,Parbhani,4670,4635,4650.0,Maharashtra,Other
2013-11-26,Cotton,15,Parbhani,FAQ,Parbhani,4720,4630,4665.0,Maharashtra,Other
2013-11-26,Cotton,15,Chandrapur,FAQ,Varora,4500,4400,4450.0,Maharashtra,Other
2013-11-26,Cotton,15,Wardha,FAQ,Arvi,4650,4600,4610.0,Maharashtra,H-4(A) 27mm FIne
2013-11-26,Cotton,15,Beed,FAQ,Kille Dharur,4600,4575,4581.0,Maharashtra,Other
2013-11-26,Cotton,15,Nagpur,FAQ,Kalmeshwar,4550,4450,4500.0,Maharashtra,Other
2013-11-26,Cotton,15,Jalgaon,FAQ,Jamner,4600,4000,4200.0,Maharashtra,Other
2013-11-26,Cotton,15,Nagpur,FAQ,Katol,4550,4400,4500.0,Maharashtra,Other
2013-11-26,Cotton,15,Nagpur,FAQ,Savner,4500,4500,4500.0,Maharashtra,Other
2013-11-26,Cotton,15,Yavatmal,FAQ,Vani,4400,4300,4350.0,Maharashtra,Other
2013-11-27,Cotton,15,Parbhani,FAQ,Selu,4661,4500,4627.0,Maharashtra,Other
2013-11-27,Cotton,15,Nanded,FAQ,Kinwat,4400,4200,4300.0,Maharashtra,Other
2013-11-27,Cotton,15,Yavatmal,FAQ,Maregoan,4450,4300,4350.0,Maharashtra,Other
2013-11-27,Cotton,15,Jalgaon,FAQ,Jamner(Neri),4500,4000,4300.0,Maharashtra,Other
2013-11-28,Cotton,15,Nagpur,FAQ,Savner,4480,4450,4465.0,Maharashtra,Other
2013-11-28,Cotton,15,Nanded,FAQ,Bhokar,4500,4000,4400.0,Maharashtra,Other
2013-11-28,Cotton,15,Yavatmal,FAQ,Vani,4400,4200,4300.0,Maharashtra,Other
2013-11-28,Cotton,15,Beed,FAQ,Gevrai,4600,4300,4450.0,Maharashtra,Other
2013-11-28,Cotton,15,Beed,FAQ,Kille Dharur,4600,4527,4575.0,Maharashtra,Other
2013-11-28,Cotton,15,Wardha,FAQ,Arvi,4600,4550,4570.0,Maharashtra,H-4(A) 27mm FIne
2013-11-28,Cotton,15,Chandrapur,FAQ,Varora,4500,4400,4450.0,Maharashtra,Other
2013-11-28,Cotton,15,Wardha,FAQ,Samudrapur,4631,4500,4565.0,Maharashtra,LRA
2013-11-29,Cotton,15,Buldhana,FAQ,Deoulgaon Raja,4575,4200,4480.0,Maharashtra,Other
2013-11-29,Cotton,15,Yavatmal,FAQ,Darwha,4600,4400,4450.0,Maharashtra,Other
2013-11-29,Cotton,15,Hingoli,FAQ,Jawala-Bajar,4651,4625,4630.0,Maharashtra,Other
2013-11-29,Cotton,15,Yavatmal,FAQ,Umarkhed,4600,4400,4550.0,Maharashtra,H-4(A) 27mm FIne
2013-11-29,Cotton,15,Beed,FAQ,Gevrai,4600,4400,4450.0,Maharashtra,Other
2013-11-29,Cotton,15,Parbhani,FAQ,Selu,4577,4521,4545.0,Maharashtra,Other
2013-11-29,Cotton,15,Wardha,FAQ,Pulgaon,4600,4475,4540.0,Maharashtra,Other
2013-11-29,Cotton,15,Parbhani,FAQ,Manwat,4600,4440,4530.0,Maharashtra,Other
2013-11-29,Cotton,15,Wardha,FAQ,Arvi,4525,4500,4510.0,Maharashtra,H-4(A) 27mm FIne
2013-11-30,Cotton,15,Wardha,FAQ,Arvi,4525,4500,4510.0,Maharashtra,H-4(A) 27mm FIne
2013-11-30,Cotton,15,Yavatmal,FAQ,Umarkhed,4600,4400,4500.0,Maharashtra,H-4(A) 27mm FIne
2013-11-30,Cotton,15,Nanded,FAQ,Bhokar,4500,4000,4400.0,Maharashtra,Other
2013-11-30,Cotton,15,Chandrapur,FAQ,Varora,4501,4400,4451.0,Maharashtra,Other
2013-11-30,Cotton,15,Parbhani,FAQ,Parbhani,4610,4570,4580.0,Maharashtra,Other
2013-11-30,Cotton,15,Nagpur,FAQ,Katol,4500,4400,4450.0,Maharashtra,Other
2013-12-01,Cotton,15,Parbhani,FAQ,Jintur,4665,4400,4525.0,Maharashtra,Other
2013-12-01,Cotton,15,Chandrapur,FAQ,Varora,4500,4400,4450.0,Maharashtra,Other
2013-12-01,Cotton,15,Chandrapur,FAQ,Rajura,4325,4300,4317.0,Maharashtra,Other
2013-12-02,Cotton,15,Chandrapur,FAQ,Korpana,4400,4400,4400.0,Maharashtra,Other
2013-12-02,Cotton,15,Yavatmal,FAQ,ZariZamini,4500,4200,4325.0,Maharashtra,Other
2013-12-02,Cotton,15,Parbhani,FAQ,Selu,4591,4500,4541.0,Maharashtra,Other
2013-12-02,Cotton,15,Beed,FAQ,Gevrai,4500,4300,4450.0,Maharashtra,Other
2013-12-02,Cotton,15,Nagpur,FAQ,Katol,4500,4400,4450.0,Maharashtra,Other
2013-12-02,Cotton,15,Hingoli,FAQ,Jawala-Bajar,4675,4500,4600.0,Maharashtra,Other
2013-12-02,Cotton,15,Ahmednagar,FAQ,Sangamner,4500,4000,4250.0,Maharashtra,Other
2013-12-02,Cotton,15,Yavatmal,FAQ,Ghatanji,4460,4300,4400.0,Maharashtra,LRA
2013-12-02,Cotton,15,Jalgaon,FAQ,Jamner,4500,4000,4300.0,Maharashtra,Other
2013-12-03,Cotton,15,Yavatmal,FAQ,Pusad,4520,4475,4500.0,Maharashtra,Other
2013-12-03,Cotton,15,Wardha,FAQ,Arvi,4550,4500,4520.0,Maharashtra,H-4(A) 27mm FIne
2013-12-03,Cotton,15,Wardha,FAQ,Sindi,4500,4400,4450.0,Maharashtra,Other
2013-12-03,Cotton,15,Chandrapur,FAQ,Varora,4450,4400,4425.0,Maharashtra,Other
2013-12-03,Cotton,15,Nanded,FAQ,Kinwat,4500,4200,4350.0,Maharashtra,Other
2013-12-03,Cotton,15,Parbhani,FAQ,Jintur,4625,4400,4510.0,Maharashtra,Other
2013-12-04,Cotton,15,Jalgaon,FAQ,Jamner(Neri),4500,4000,4400.0,Maharashtra,Other
2013-12-04,Cotton,15,Yavatmal,FAQ,Ghatanji,4475,4350,4400.0,Maharashtra,LRA
2013-12-04,Cotton,15,Hingoli,FAQ,Jawala-Bajar,4625,4450,4600.0,Maharashtra,Other
2013-12-04,Cotton,15,Nagpur,FAQ,Savner,4425,4375,4400.0,Maharashtra,Other
2013-12-04,Cotton,15,Parbhani,FAQ,Selu,4590,4527,4567.0,Maharashtra,Other
2013-12-04,Cotton,15,Chandrapur,FAQ,Rajura,4420,4125,4381.0,Maharashtra,Other
2013-12-04,Cotton,15,Yavatmal,FAQ,Babhulgaon,4550,4400,4500.0,Maharashtra,Other
2013-12-04,Cotton,15,Amarawati,FAQ,Dhamngaon-Railway,4550,4400,4500.0,Maharashtra,LRA
2013-12-05,Cotton,15,Yavatmal,FAQ,Umarkhed,4500,4300,4400.0,Maharashtra,H-4(A) 27mm FIne
2013-12-05,Cotton,15,Hingoli,FAQ,Basmat,4550,4500,4525.0,Maharashtra,Other
2013-12-05,Cotton,15,Hingoli,FAQ,Jawala-Bajar,4650,4500,4600.0,Maharashtra,Other
2013-12-05,Cotton,15,Jalgaon,FAQ,Jamner(Neri),4500,4000,4400.0,Maharashtra,Other
2013-12-06,Cotton,15,Nandurbar,FAQ,Nandurbar,4680,4500,4600.0,Maharashtra,Other
2013-12-06,Cotton,15,Yavatmal,FAQ,Darwha,4500,4300,4400.0,Maharashtra,Other
2013-12-06,Cotton,15,Parbhani,FAQ,Parbhani,4620,4570,4590.0,Maharashtra,Other
2013-12-06,Cotton,15,Wardha,FAQ,Sindi,4500,4400,4450.0,Maharashtra,Other
2013-12-06,Cotton,15,Jalgaon,FAQ,Jamner,4600,4000,4500.0,Maharashtra,Other
2013-12-06,Cotton,15,Hingoli,FAQ,Hingoli,4657,4601,4629.0,Maharashtra,Other
2013-12-06,Cotton,15,Ahmednagar,FAQ,Shevgaon,4625,4500,4567.0,Maharashtra,Other
2013-12-06,Cotton,15,Nagpur,FAQ,Katol,4625,4475,4550.0,Maharashtra,Other
2013-12-06,Cotton,15,Amarawati,FAQ,Dhamngaon-Railway,4550,4500,4525.0,Maharashtra,LRA
2013-12-06,Cotton,15,Jalgaon,FAQ,Jamner(Neri),4500,4000,4400.0,Maharashtra,Other
2013-12-06,Cotton,15,Beed,FAQ,Kille Dharur,4570,4500,4545.0,Maharashtra,Other
2013-12-07,Cotton,15,Amarawati,FAQ,Dhamngaon-Railway,4550,4400,4500.0,Maharashtra,LRA
2013-12-07,Cotton,15,Chandrapur,FAQ,Rajura,4450,4325,4416.0,Maharashtra,Other
2013-12-07,Cotton,15,Parbhani,FAQ,Parbhani,4645,4575,4635.0,Maharashtra,Other
2013-12-09,Cotton,15,Beed,FAQ,Vadvani,4600,4400,4550.0,Maharashtra,Other
2013-12-09,Cotton,15,Beed,FAQ,Kille Dharur,4575,4554,4570.0,Maharashtra,Other
2013-12-09,Cotton,15,Yavatmal,FAQ,Darwha,4610,4300,4500.0,Maharashtra,Other
2013-12-10,Cotton,15,Amarawati,FAQ,Dhamngaon-Railway,4600,4400,4500.0,Maharashtra,LRA
2013-12-10,Cotton,15,Wardha,FAQ,Pulgaon,4671,4500,4585.0,Maharashtra,Other
2013-12-11,Cotton,15,Jalana,FAQ,Bhokardan,4600,4300,4450.0,Maharashtra,Other
2013-12-11,Cotton,15,Buldhana,FAQ,Deoulgaon Raja,4600,4465,4550.0,Maharashtra,Other
2013-12-11,Cotton,15,Parbhani,FAQ,Selu,4637,4540,4591.0,Maharashtra,Other
2013-12-11,Cotton,15,Akola,FAQ,Telhara,4400,4300,4350.0,Maharashtra,H-4(A) 27mm FIne
2013-12-11,Cotton,15,Wardha,FAQ,Samudrapur,4631,4500,4565.0,Maharashtra,LRA
2013-12-11,Cotton,15,Wardha,FAQ,Arvi,4650,4600,4630.0,Maharashtra,H-4(A) 27mm FIne
2013-12-12,Cotton,15,Parbhani,FAQ,Parbhani,4590,4520,4565.0,Maharashtra,Other
2013-12-12,Cotton,15,Yavatmal,FAQ,ZariZamini,4440,4125,4325.0,Maharashtra,Other
2013-12-12,Cotton,15,Nanded,FAQ,Kinwat,4400,4200,4300.0,Maharashtra,Other
2013-12-12,Cotton,15,Parbhani,FAQ,Sonpeth,4525,4480,4510.0,Maharashtra,Other
2013-12-12,Cotton,15,Chandrapur,FAQ,Varora,4545,4400,4473.0,Maharashtra,Other
2013-12-12,Cotton,15,Hingoli,FAQ,Akhadabalapur,4600,4400,4500.0,Maharashtra,Other
2013-12-12,Cotton,15,Jalana,FAQ,Bhokardan,4500,4350,4400.0,Maharashtra,Other
2013-12-13,Cotton,15,Yavatmal,FAQ,Vani,4450,4350,4402.0,Maharashtra,Other
2013-12-13,Cotton,15,Nagpur,FAQ,Katol,4611,4500,4550.0,Maharashtra,Other
2013-12-13,Cotton,15,Jalgaon,FAQ,Jamner,4600,4000,4500.0,Maharashtra,Other
2013-12-13,Cotton,15,Wardha,FAQ,Pulgaon,4591,4500,4530.0,Maharashtra,Other
2013-12-14,Cotton,15,Wardha,FAQ,Arvi,4650,4600,4630.0,Maharashtra,H-4(A) 27mm FIne
2013-12-14,Cotton,15,Wardha,FAQ,Samudrapur,4700,4500,4600.0,Maharashtra,LRA
2013-12-14,Cotton,15,Amarawati,FAQ,Dhamngaon-Railway,4570,4500,4535.0,Maharashtra,LRA
2013-12-14,Cotton,15,Parbhani,FAQ,Parbhani,4645,4610,4625.0,Maharashtra,Other
2013-12-14,Cotton,15,Nagpur,FAQ,Savner,4550,4400,4475.0,Maharashtra,Other
2013-12-14,Cotton,15,Chandrapur,FAQ,Rajura,4450,4200,4422.0,Maharashtra,Other
2013-12-14,Cotton,15,Hingoli,FAQ,Akhadabalapur,4600,4400,4500.0,Maharashtra,Other
2013-12-14,Cotton,15,Chandrapur,FAQ,Varora,4551,4500,4526.0,Maharashtra,Other
2013-12-14,Cotton,15,Hingoli,FAQ,Jawala-Bajar,4650,4500,4500.0,Maharashtra,Other
2013-12-14,Cotton,15,Jalgaon,FAQ,Jamner(Neri),4600,4000,4500.0,Maharashtra,Other
2013-12-15,Cotton,15,Nanded,FAQ,Naigaon,4525,4525,4525.0,Maharashtra,Other
2013-12-15,Cotton,15,Gadchiroli,FAQ,Aheri,4200,4200,4200.0,Maharashtra,Other
2013-12-16,Cotton,15,Gadchiroli,FAQ,Aheri,4500,4200,4350.0,Maharashtra,Other
2013-12-16,Cotton,15,Yavatmal,FAQ,Umarkhed,4600,4400,4550.0,Maharashtra,H-4(A) 27mm FIne
2013-12-16,Cotton,15,Beed,FAQ,Gevrai,4550,4300,4400.0,Maharashtra,Other
2013-12-16,Cotton,15,Amarawati,FAQ,Anajngaon,4700,4600,4650.0,Maharashtra,Other
2013-12-16,Cotton,15,Chandrapur,FAQ,Rajura,4500,4050,4449.0,Maharashtra,Other
2013-12-16,Cotton,15,Parbhani,FAQ,Parbhani,4615,4525,4585.0,Maharashtra,Other
2013-12-16,Cotton,15,Chattrapati Sambhajinagar,FAQ,Khultabad,4600,4000,4300.0,Maharashtra,Other
2013-12-16,Cotton,15,Yavatmal,FAQ,Vani,4450,4400,4410.0,Maharashtra,Other
2013-12-16,Cotton,15,Nanded,FAQ,Kinwat,4450,4250,4350.0,Maharashtra,Other
2013-12-17,Cotton,15,Yavatmal,FAQ,Umarkhed,4600,4400,4550.0,Maharashtra,H-4(A) 27mm FIne
2013-12-17,Cotton,15,Nanded,FAQ,Kinwat,4400,4200,4300.0,Maharashtra,Other
2013-12-17,Cotton,15,Wardha,FAQ,Arvi,4660,4600,4630.0,Maharashtra,H-4(A) 27mm FIne
2013-12-17,Cotton,15,Yavatmal,FAQ,Babhulgaon,4600,4400,4500.0,Maharashtra,Other
2013-12-17,Cotton,15,Chandrapur,FAQ,Korpana,4400,4400,4400.0,Maharashtra,Other
2013-12-17,Cotton,15,Parbhani,FAQ,Sonpeth,4550,4500,4530.0,Maharashtra,Other
2013-12-18,Cotton,15,Wardha,FAQ,Samudrapur,4660,4550,4605.0,Maharashtra,LRA
2013-12-18,Cotton,15,Chandrapur,FAQ,Varora,4561,4510,4536.0,Maharashtra,Other
2013-12-18,Cotton,15,Parbhani,FAQ,Parbhani,4630,4575,4590.0,Maharashtra,Other
2013-12-18,Cotton,15,Wardha,FAQ,Pulgaon,4631,4550,4600.0,Maharashtra,Other
2013-12-18,Cotton,15,Yavatmal,FAQ,Vani,4525,4400,4450.0,Maharashtra,Other
2013-12-18,Cotton,15,Amarawati,FAQ,Dhamngaon-Railway,4630,4550,4575.0,Maharashtra,LRA
2013-12-18,Cotton,15,Chandrapur,FAQ,Korpana,4400,4400,4400.0,Maharashtra,Other
2013-12-18,Cotton,15,Parbhani,FAQ,Selu,4626,4488,4590.0,Maharashtra,Other
2013-12-18,Cotton,15,Parbhani,FAQ,Sonpeth,4550,4500,4530.0,Maharashtra,Other
2013-12-19,Cotton,15,Beed,FAQ,Kille Dharur,4560,4509,4550.0,Maharashtra,Other
2013-12-19,Cotton,15,Yavatmal,FAQ,Maregoan,4550,4350,4450.0,Maharashtra,Other
2013-12-19,Cotton,15,Wardha,FAQ,Sindi,4620,4450,4500.0,Maharashtra,Other
2013-12-19,Cotton,15,Yavatmal,FAQ,ZariZamini,4600,4400,4500.0,Maharashtra,Other
2013-12-20,Cotton,15,Yavatmal,FAQ,ZariZamini,4660,4425,4530.0,Maharashtra,Other
2013-12-20,Cotton,15,Beed,FAQ,Kille Dharur,4600,4545,4560.0,Maharashtra,Other
2013-12-20,Cotton,15,Parbhani,FAQ,Parbhani,4685,4645,4670.0,Maharashtra,Other
2013-12-20,Cotton,15,Yavatmal,FAQ,Maregoan,4550,4350,4450.0,Maharashtra,Other
2013-12-20,Cotton,15,Nagpur,FAQ,Kalmeshwar,4675,4460,4575.0,Maharashtra,Other
2013-12-20,Cotton,15,Yavatmal,FAQ,Vani,4560,4400,4501.0,Maharashtra,Other
2013-12-20,Cotton,15,Nanded,FAQ,Mahur,4400,4000,4200.0,Maharashtra,Other
2013-12-21,Cotton,15,Amarawati,FAQ,Dhamngaon-Railway,4625,4550,4600.0,Maharashtra,LRA
2013-12-21,Cotton,15,Nanded,FAQ,Naigaon,4575,4500,4520.0,Maharashtra,Other
2013-12-21,Cotton,15,Nanded,FAQ,Kinwat,4450,4250,4350.0,Maharashtra,Other
2013-12-21,Cotton,15,Wardha,FAQ,Sindi(Selu),4675,4450,4500.0,Maharashtra,Other
2013-12-21,Cotton,15,Hingoli,FAQ,Basmat,4600,4500,4550.0,Maharashtra,Other
2013-12-21,Cotton,15,Yavatmal,FAQ,Darwha,4650,4500,4575.0,Maharashtra,Other
2013-12-21,Cotton,15,Yavatmal,FAQ,Umarkhed,4600,4400,4500.0,Maharashtra,H-4(A) 27mm FIne
2013-12-21,Cotton,15,Yavatmal,FAQ,Pandhakawada,4670,4500,4595.0,Maharashtra,Other
2013-12-21,Cotton,15,Chandrapur,FAQ,Rajura,4550,4200,4479.0,Maharashtra,Other
2013-12-21,Cotton,15,Nanded,FAQ,Mahur,4400,4000,4200.0,Maharashtra,Other
2013-12-22,Cotton,15,Chandrapur,FAQ,Varora,4600,4500,4550.0,Maharashtra,Other
2013-12-22,Cotton,15,Ahmednagar,FAQ,Shevgaon,4600,4525,4560.0,Maharashtra,Other
2013-12-23,Cotton,15,Hingoli,FAQ,Akhadabalapur,4600,4400,4500.0,Maharashtra,Other
2013-12-23,Cotton,15,Chandrapur,FAQ,Varora,4600,4500,4550.0,Maharashtra,Other
2013-12-23,Cotton,15,Parbhani,FAQ,Selu,4652,4500,4580.0,Maharashtra,Other
2013-12-23,Cotton,15,Jalgaon,FAQ,Jamner,4625,4000,4500.0,Maharashtra,Other
2013-12-23,Cotton,15,Ahmednagar,FAQ,Shevgaon,4600,4500,4570.0,Maharashtra,Other
2013-12-24,Cotton,15,Jalgaon,FAQ,Jamner,4600,4000,4500.0,Maharashtra,Other
2013-12-24,Cotton,15,Ahmednagar,FAQ,Shevgaon,4550,4500,4520.0,Maharashtra,Other
2013-12-24,Cotton,15,Yavatmal,FAQ,ZariZamini,4650,4500,4525.0,Maharashtra,Other
2013-12-24,Cotton,15,Ahmednagar,FAQ,Sangamner,4500,4000,4250.0,Maharashtra,Other
2013-12-25,Cotton,15,Parbhani,FAQ,Parbhani,4635,4595,4610.0,Maharashtra,Other
2013-12-25,Cotton,15,Hingoli,FAQ,Basmat,4600,4500,4550.0,Maharashtra,Other
2013-12-25,Cotton,15,Buldhana,FAQ,Deoulgaon Raja,4625,4455,4550.0,Maharashtra,Other
2013-12-25,Cotton,15,Chandrapur,FAQ,Varora,4625,4500,4563.0,Maharashtra,Other
2013-12-26,Cotton,15,Yavatmal,FAQ,ZariZamini,4670,4400,4540.0,Maharashtra,Other
2013-12-26,Cotton,15,Beed,FAQ,Kille Dharur,4550,4500,4521.0,Maharashtra,Other
2013-12-26,Cotton,15,Wardha,FAQ,Arvi,4750,4700,4720.0,Maharashtra,H-4(A) 27mm FIne
2013-12-26,Cotton,15,Yavatmal,FAQ,Babhulgaon,4600,4400,4500.0,Maharashtra,Other
2013-12-27,Cotton,15,Beed,FAQ,Gevrai,4550,4200,4350.0,Maharashtra,Other
2013-12-27,Cotton,15,Yavatmal,FAQ,Umarkhed,4700,4400,4600.0,Maharashtra,H-4(A) 27mm FIne
2013-12-27,Cotton,15,Wardha,FAQ,Wardha,4810,4760,4800.0,Maharashtra,Other
2013-12-27,Cotton,15,Jalgaon,FAQ,Jamner,4600,4000,4500.0,Maharashtra,Other
2013-12-27,Cotton,15,Nanded,FAQ,Kinwat,4550,4350,4450.0,Maharashtra,Other
2013-12-28,Cotton,15,Beed,FAQ,Kille Dharur,4570,4500,4536.0,Maharashtra,Other
2013-12-28,Cotton,15,Jalgaon,FAQ,Jamner,4600,4000,4500.0,Maharashtra,Other
2013-12-28,Cotton,15,Akola,FAQ,Telhara,4600,4500,4550.0,Maharashtra,H-4(A) 27mm FIne
2013-12-28,Cotton,15,Buldhana,FAQ,Khamgaon,4725,4650,4687.0,Maharashtra,Other
2013-12-28,Cotton,15,Wardha,FAQ,Samudrapur,4831,4700,4765.0,Maharashtra,LRA
2013-12-28,Cotton,15,Beed,FAQ,Gevrai,4650,4300,4400.0,Maharashtra,Other
2013-12-29,Cotton,15,Chandrapur,FAQ,Rajura,4750,4600,4613.0,Maharashtra,Other
2013-12-29,Cotton,15,Beed,FAQ,Gevrai,4500,4300,4400.0,Maharashtra,Other
2013-12-30,Cotton,15,Hingoli,FAQ,Jawala-Bajar,4725,4600,4650.0,Maharashtra,Other
2013-12-30,Cotton,15,Ahmednagar,FAQ,Shevgaon,4700,4550,4630.0,Maharashtra,Other
2013-12-30,Cotton,15,Amarawati,FAQ,Anajngaon,4800,4600,4700.0,Maharashtra,Other
2013-12-30,Cotton,15,Nagpur,FAQ,Savner,4810,4700,4755.0,Maharashtra,Other
2013-12-30,Cotton,15,Yavatmal,FAQ,Pandhakawada,4840,4550,4765.0,Maharashtra,Other
2013-12-30,Cotton,15,Nanded,FAQ,Naigaon,4690,4600,4645.0,Maharashtra,Other
2013-12-30,Cotton,15,Parbhani,FAQ,Selu,4761,4610,4725.0,Maharashtra,Other
2013-12-30,Cotton,15,Yavatmal,FAQ,Umarkhed,4750,4500,4600.0,Maharashtra,H-4(A) 27mm FIne
2013-12-31,Cotton,15,Parbhani,FAQ,Parbhani,4830,4755,4815.0,Maharashtra,Other
2013-12-31,Cotton,15,Buldhana,FAQ,Deoulgaon Raja,4780,4500,4600.0,Maharashtra,Other
2015-10-16,Cotton,15,Wardha,FAQ,Wardha,4150,4100,4150.0,Maharashtra,Desi
2015-10-20,Cotton,15,Wardha,FAQ,Sindi(Selu),4151,4100,4125.0,Maharashtra,Other
2015-10-21,Cotton,15,Wardha,FAQ,Arvi,4300,4290,4295.0,Maharashtra,H-4(A) 27mm FIne
2015-10-29,Cotton,15,Parbhani,FAQ,Selu,4401,4345,4361.0,Maharashtra,Other
2015-10-29,Cotton,15,Wardha,FAQ,Hinganghat,4190,4100,4145.0,Maharashtra,Other
2015-10-29,Cotton,15,Wardha,FAQ,Samudrapur,4250,4151,4200.0,Maharashtra,Other
2015-11-01,Cotton,15,Wardha,FAQ,Sindi(Selu),4200,4100,4150.0,Maharashtra,Other
2015-11-02,Cotton,15,Parbhani,FAQ,Parbhani,4225,4150,4220.0,Maharashtra,Other
2015-11-03,Cotton,15,Parbhani,FAQ,Selu,4270,4216,4220.0,Maharashtra,Other
2015-11-04,Cotton,15,Parbhani,FAQ,Parbhani,4220,4185,4195.0,Maharashtra,Other
2015-11-04,Cotton,15,Parbhani,FAQ,Selu,4288,4231,4250.0,Maharashtra,Other
2015-11-04,Cotton,15,Parbhani,FAQ,Sonpeth,4200,4150,4180.0,Maharashtra,Other
2015-11-05,Cotton,15,Parbhani,FAQ,Selu,4250,4200,4230.0,Maharashtra,Other
2015-11-07,Cotton,15,Beed,FAQ,Kille Dharur,4230,4200,4215.0,Maharashtra,Desi
2015-11-16,Cotton,15,Beed,FAQ,Kille Dharur,4200,4140,4175.0,Maharashtra,Desi
2015-11-18,Cotton,15,Parbhani,FAQ,Parbhani,4155,4115,4140.0,Maharashtra,Other
2015-11-18,Cotton,15,Wardha,FAQ,Arvi,4150,4100,4130.0,Maharashtra,H-4(A) 27mm FIne
2015-11-18,Cotton,15,Yavatmal,FAQ,Pandhakawada,4100,4100,4100.0,Maharashtra,Other
2015-11-19,Cotton,15,Parbhani,FAQ,Selu,4185,4100,4170.0,Maharashtra,Other
2015-11-20,Cotton,15,Yavatmal,FAQ,Pandhakawada,4100,4100,4100.0,Maharashtra,Other
2015-11-20,Cotton,15,Wardha,FAQ,Ashti,4150,4120,4130.0,Maharashtra,Other
2015-11-21,Cotton,15,Parbhani,FAQ,Selu,4170,4100,4156.0,Maharashtra,Other
2015-11-21,Cotton,15,Parbhani,FAQ,Sonpeth,4175,4150,4165.0,Maharashtra,Other
2015-11-21,Cotton,15,Beed,FAQ,Kille Dharur,4225,4185,4203.0,Maharashtra,Desi
2015-11-23,Cotton,15,Wardha,FAQ,Ashti,4150,4100,4130.0,Maharashtra,Other
2015-11-23,Cotton,15,Parbhani,FAQ,Parbhani,4200,4120,4195.0,Maharashtra,Other
2015-11-23,Cotton,15,Beed,FAQ,Kille Dharur,4225,4185,4210.0,Maharashtra,Desi
2015-11-23,Cotton,15,Wardha,FAQ,Arvi,4150,4100,4130.0,Maharashtra,H-4(A) 27mm FIne
2015-11-24,Cotton,15,Beed,FAQ,Kille Dharur,4210,4140,4176.0,Maharashtra,Desi
2015-11-24,Cotton,15,Yavatmal,FAQ,Pandhakawada,4100,4100,4100.0,Maharashtra,Other
2015-11-25,Cotton,15,Beed,FAQ,Kille Dharur,4200,4140,4176.0,Maharashtra,Desi
2015-11-25,Cotton,15,Parbhani,FAQ,Sonpeth,4170,4130,4150.0,Maharashtra,Other
2015-11-26,Cotton,15,Beed,FAQ,Kille Dharur,4200,4140,4176.0,Maharashtra,Desi
2015-11-26,Cotton,15,Parbhani,FAQ,Selu,4175,4100,4135.0,Maharashtra,Other
2015-11-27,Cotton,15,Yavatmal,FAQ,Digras,4100,4100,4100.0,Maharashtra,Other
2015-11-28,Cotton,15,Beed,FAQ,Kille Dharur,4225,4140,4176.0,Maharashtra,Desi
2015-11-30,Cotton,15,Yavatmal,FAQ,Umarkhed,4100,4100,4100.0,Maharashtra,H-4(A) 27mm FIne
2015-11-30,Cotton,15,Yavatmal,FAQ,Digras,4100,4100,4100.0,Maharashtra,Other
2015-11-30,Cotton,15,Wardha,FAQ,Arvi,4111,4100,4105.0,Maharashtra,H-4(A) 27mm FIne
2015-12-03,Cotton,15,Parbhani,FAQ,Purna,4100,4100,4100.0,Maharashtra,Other
2015-12-03,Cotton,15,Parbhani,FAQ,Parbhani,4180,4110,4165.0,Maharashtra,Other
2015-12-04,Cotton,15,Parbhani,FAQ,Purna,4100,4100,4100.0,Maharashtra,Other
2015-12-05,Cotton,15,Beed,FAQ,Kille Dharur,4250,4185,4203.0,Maharashtra,Desi
2015-12-07,Cotton,15,Yavatmal,FAQ,Digras,4100,4100,4100.0,Maharashtra,Other
2015-12-08,Cotton,15,Parbhani,FAQ,Parbhani,4200,4100,4180.0,Maharashtra,Other
2015-12-10,Cotton,15,Beed,FAQ,Kille Dharur,4250,4185,4203.0,Maharashtra,Desi
2015-12-11,Cotton,15,Yavatmal,FAQ,Digras,4100,4100,4100.0,Maharashtra,Other
2015-12-12,Cotton,15,Parbhani,FAQ,Parbhani,4275,4100,4260.0,Maharashtra,Other
2015-12-14,Cotton,15,Yavatmal,FAQ,Pandhakawada,4100,4100,4100.0,Maharashtra,Other
2015-12-16,Cotton,15,Wardha,FAQ,Ashti,4270,4130,4200.0,Maharashtra,Other
2015-12-17,Cotton,15,Wardha,FAQ,Samudrapur,4311,4180,4250.0,Maharashtra,LRA
2015-12-17,Cotton,15,Wardha,FAQ,Pulgaon,4401,4100,4300.0,Maharashtra,Other
2015-12-17,Cotton,15,Wardha,FAQ,Ashti,4280,4150,4250.0,Maharashtra,Other
2015-12-18,Cotton,15,Yavatmal,FAQ,Mahagaon,4250,4150,4200.0,Maharashtra,Desi
2015-12-18,Cotton,15,Parbhani,FAQ,Parbhani,4410,4170,4370.0,Maharashtra,Other
2015-12-18,Cotton,15,Wardha,FAQ,Wardha,4300,4100,4300.0,Maharashtra,Desi
2015-12-19,Cotton,15,Yavatmal,FAQ,Vani,4230,4150,4191.0,Maharashtra,Desi
2015-12-19,Cotton,15,Yavatmal,FAQ,Ralegaon,4450,4300,4400.0,Maharashtra,Other
2015-12-19,Cotton,15,Parbhani,FAQ,Parbhani,4445,4170,4410.0,Maharashtra,Other
2015-12-19,Cotton,15,Beed,FAQ,Kille Dharur,4350,4300,4302.0,Maharashtra,Desi
2015-12-21,Cotton,15,Yavatmal,FAQ,Yeotmal,4670,4310,4485.0,Maharashtra,Other
2015-12-21,Cotton,15,Parbhani,FAQ,Manwat,4602,4481,4541.0,Maharashtra,Other
2015-12-21,Cotton,15,Wardha,FAQ,Samudrapur,4731,4350,4450.0,Maharashtra,LRA
2015-12-21,Cotton,15,Yavatmal,FAQ,Ralegaon,4660,4500,4580.0,Maharashtra,Other
2015-12-21,Cotton,15,Parbhani,FAQ,Parbhani,4640,4530,4605.0,Maharashtra,Other
2015-12-21,Cotton,15,Yavatmal,FAQ,Vani,4400,4250,4345.0,Maharashtra,Desi
2015-12-22,Cotton,15,Parbhani,FAQ,Selu,4675,4292,4580.0,Maharashtra,Other
2015-12-22,Cotton,15,Beed,FAQ,Kille Dharur,4550,4410,4428.0,Maharashtra,Desi
2015-12-22,Cotton,15,Wardha,FAQ,Sindi,4550,4300,4450.0,Maharashtra,Other
2015-12-22,Cotton,15,Wardha,FAQ,Pulgaon,4741,4300,4500.0,Maharashtra,Other
2015-12-22,Cotton,15,Wardha,FAQ,Sindi(Selu),4600,4300,4400.0,Maharashtra,Other
2015-12-23,Cotton,15,Yavatmal,FAQ,Darwha,4450,4100,4275.0,Maharashtra,Other
2015-12-23,Cotton,15,Yavatmal,FAQ,Maregoan,4515,4300,4450.0,Maharashtra,Other
2015-12-23,Cotton,15,Wardha,FAQ,Sindi,4550,4100,4470.0,Maharashtra,Other
2015-12-23,Cotton,15,Parbhani,FAQ,Selu,4651,4200,4551.0,Maharashtra,Other
2015-12-23,Cotton,15,Yavatmal,FAQ,Ralegaon,4600,4400,4570.0,Maharashtra,Other
2015-12-23,Cotton,15,Wardha,FAQ,Hinganghat,4570,4200,4300.0,Maharashtra,Other
2015-12-24,Cotton,15,Parbhani,FAQ,Parbhani,4595,4270,4590.0,Maharashtra,Other
2015-12-24,Cotton,15,Wardha,FAQ,Sindi(Selu),4570,4375,4400.0,Maharashtra,Other
2015-12-24,Cotton,15,Wardha,FAQ,Pulgaon,4625,4100,4500.0,Maharashtra,Other
2015-12-25,Cotton,15,Parbhani,FAQ,Sonpeth,4600,4450,4550.0,Maharashtra,Other
2015-12-25,Cotton,15,Wardha,FAQ,Arvi,4550,4500,4530.0,Maharashtra,H-4(A) 27mm FIne
2015-12-25,Cotton,15,Parbhani,FAQ,Parbhani,4585,4455,4580.0,Maharashtra,Other
2015-12-25,Cotton,15,Yavatmal,FAQ,Yeotmal,4665,4310,4495.0,Maharashtra,Other
2015-12-26,Cotton,15,Yavatmal,FAQ,Maregoan,4650,4500,4600.0,Maharashtra,Other
2015-12-26,Cotton,15,Wardha,FAQ,Wardha,4610,4250,4550.0,Maharashtra,Desi
2015-12-26,Cotton,15,Wardha,FAQ,Hinganghat,4721,4100,4500.0,Maharashtra,Other
2015-12-28,Cotton,15,Yavatmal,FAQ,Vani,4630,4425,4571.0,Maharashtra,Desi
2015-12-28,Cotton,15,Wardha,FAQ,Hinganghat,4810,4100,4500.0,Maharashtra,Other
2015-12-29,Cotton,15,Yavatmal,FAQ,Vani,4620,4500,4568.0,Maharashtra,Desi
2015-12-29,Cotton,15,Yavatmal,FAQ,Kalamb,4650,4400,4500.0,Maharashtra,LRA
2015-12-29,Cotton,15,Parbhani,FAQ,Manwat,4821,4651,4765.0,Maharashtra,Other
2015-12-29,Cotton,15,Wardha,FAQ,Samudrapur,4800,4550,4650.0,Maharashtra,LRA
2015-12-30,Cotton,15,Wardha,FAQ,Sindi,4805,4700,4770.0,Maharashtra,Other
2015-12-30,Cotton,15,Parbhani,FAQ,Sonpeth,4700,4600,4650.0,Maharashtra,Other
2015-12-30,Cotton,15,Wardha,FAQ,Arvi,4750,4700,4730.0,Maharashtra,H-4(A) 27mm FIne
2015-12-30,Cotton,15,Yavatmal,FAQ,Maregoan,4600,4400,4500.0,Maharashtra,Other
2015-12-30,Cotton,15,Yavatmal,FAQ,Ralegaon,4700,4500,4630.0,Maharashtra,Other
2015-12-30,Cotton,15,Yavatmal,FAQ,Yeotmal,4700,4320,4500.0,Maharashtra,Other
2015-12-31,Cotton,15,Wardha,FAQ,Sindi(Selu),4600,4450,4550.0,Maharashtra,Other
2016-01-01,Cotton,15,Parbhani,FAQ,Selu,4770,4397,4675.0,Maharashtra,Other
2016-01-01,Cotton,15,Nagpur,FAQ,Umared,4715,4545,4650.0,Maharashtra,Desi
2016-01-01,Cotton,15,Parbhani,FAQ,Sonpeth,4600,4500,4550.0,Maharashtra,Other
2016-01-01,Cotton,15,Nanded,FAQ,Hadgaon,4650,4350,4500.0,Maharashtra,Other
2016-01-02,Cotton,15,Wardha,FAQ,Ashti,4690,4650,4670.0,Maharashtra,Other
2016-01-02,Cotton,15,Parbhani,FAQ,Gangakhed,4700,4100,4600.0,Maharashtra,Other
2016-01-02,Cotton,15,Yavatmal,FAQ,Darwha,4600,4500,4550.0,Maharashtra,Other
2016-01-02,Cotton,15,Parbhani,FAQ,Sonpeth,4650,4550,4630.0,Maharashtra,Other
2016-01-02,Cotton,15,Nanded,FAQ,Mahur,4700,4300,4500.0,Maharashtra,Other
2016-01-02,Cotton,15,Wardha,FAQ,Sindi,4725,4600,4700.0,Maharashtra,Other
2016-01-02,Cotton,15,Wardha,FAQ,Sindi(Selu),4670,4500,4600.0,Maharashtra,Other
2016-01-03,Cotton,15,Yavatmal,FAQ,Yeotmal,4650,4300,4475.0,Maharashtra,Other
2016-01-03,Cotton,15,Parbhani,FAQ,Jintur,4750,4400,4700.0,Maharashtra,Other
2016-01-04,Cotton,15,Yavatmal,FAQ,Ralegaon,4750,4500,4680.0,Maharashtra,Other
2016-01-04,Cotton,15,Nanded,FAQ,Kinwat,4600,4400,4500.0,Maharashtra,Other
2016-01-04,Cotton,15,Nagpur,FAQ,Savner,4600,4500,4570.0,Maharashtra,Other
2016-01-04,Cotton,15,Wardha,FAQ,Arvi,4770,4700,4750.0,Maharashtra,H-4(A) 27mm FIne
2016-01-05,Cotton,15,Parbhani,FAQ,Parbhani,4710,4555,4690.0,Maharashtra,Other
2016-01-05,Cotton,15,Parbhani,FAQ,Selu,4782,4250,4700.0,Maharashtra,Other
2016-01-05,Cotton,15,Wardha,FAQ,Ashti,4775,4700,4760.0,Maharashtra,Other
2016-01-05,Cotton,15,Nanded,FAQ,Mahur,4600,4300,4400.0,Maharashtra,Other
2016-01-05,Cotton,15,Yavatmal,FAQ,Babhulgaon,4700,4650,4681.0,Maharashtra,Other
2016-01-05,Cotton,15,Parbhani,FAQ,Jintur,4700,4400,4650.0,Maharashtra,Other
2016-01-05,Cotton,15,Wardha,FAQ,Sindi,4815,4750,4770.0,Maharashtra,Other
2016-01-05,Cotton,15,Yavatmal,FAQ,Yeotmal,4640,4300,4490.0,Maharashtra,Other
2016-01-06,Cotton,15,Wardha,FAQ,Sindi,4760,4650,4700.0,Maharashtra,Other
2016-01-06,Cotton,15,Nanded,FAQ,Kinwat,4500,4400,4450.0,Maharashtra,Other
2016-01-06,Cotton,15,Parbhani,FAQ,Jintur,4715,4500,4600.0,Maharashtra,Other
2016-01-06,Cotton,15,Yavatmal,FAQ,Maregoan,4630,4500,4600.0,Maharashtra,Other
2016-01-07,Cotton,15,Parbhani,FAQ,Selu,4775,4375,4700.0,Maharashtra,Other
2016-01-07,Cotton,15,Nanded,FAQ,Kinwat,4500,4400,4450.0,Maharashtra,Other
2016-01-07,Cotton,15,Wardha,FAQ,Arvi,4650,4600,4630.0,Maharashtra,H-4(A) 27mm FIne
2016-01-07,Cotton,15,Yavatmal,FAQ,Yeotmal,4600,4300,4490.0,Maharashtra,Other
2016-01-08,Cotton,15,Nanded,FAQ,Hadgaon,4650,4350,4600.0,Maharashtra,Other
2016-01-08,Cotton,15,Parbhani,FAQ,Sonpeth,4650,4550,4630.0,Maharashtra,Other
2016-01-08,Cotton,15,Yavatmal,FAQ,Ralegaon,4660,4500,4600.0,Maharashtra,Other
2016-01-08,Cotton,15,Wardha,FAQ,Arvi,4650,4600,4630.0,Maharashtra,H-4(A) 27mm FIne
2016-01-09,Cotton,15,Nanded,FAQ,Hadgaon,4650,4350,4600.0,Maharashtra,Other
2016-01-09,Cotton,15,Parbhani,FAQ,Gangakhed,4680,4100,4500.0,Maharashtra,Other
2016-01-09,Cotton,15,Yavatmal,FAQ,Ralegaon,4650,4500,4600.0,Maharashtra,Other
2016-01-09,Cotton,15,Yavatmal,FAQ,Maregoan,4650,4550,4600.0,Maharashtra,Other
2016-01-09,Cotton,15,Yavatmal,FAQ,Darwha,4600,4500,4550.0,Maharashtra,Other
2016-01-10,Cotton,15,Wardha,FAQ,Arvi,4650,4600,4630.0,Maharashtra,H-4(A) 27mm FIne
2016-01-10,Cotton,15,Parbhani,FAQ,Sonpeth,4650,4500,4630.0,Maharashtra,Other
2016-01-11,Cotton,15,Nanded,FAQ,Kinwat,4400,4300,4350.0,Maharashtra,Other
2016-01-11,Cotton,15,Parbhani,FAQ,Selu,4751,4300,4700.0,Maharashtra,Other
2016-01-12,Cotton,15,Parbhani,FAQ,Selu,4700,4250,4641.0,Maharashtra,Other
2016-01-12,Cotton,15,Yavatmal,FAQ,Kalamb,4650,4400,4500.0,Maharashtra,LRA
2016-01-12,Cotton,15,Yavatmal,FAQ,Ralegaon,4600,4450,4560.0,Maharashtra,Other
2016-01-12,Cotton,15,Yavatmal,FAQ,Vani,4500,4350,4438.0,Maharashtra,Desi
2016-01-12,Cotton,15,Parbhani,FAQ,Sonpeth,4550,4500,4530.0,Maharashtra,Other
2016-01-12,Cotton,15,Nagpur,FAQ,Umared,4550,4500,4525.0,Maharashtra,Desi
2016-01-12,Cotton,15,Wardha,FAQ,Arvi,4600,4550,4570.0,Maharashtra,H-4(A) 27mm FIne
2016-01-13,Cotton,15,Nagpur,FAQ,Umared,4555,4460,4500.0,Maharashtra,Desi
2016-01-13,Cotton,15,Yavatmal,FAQ,Maregoan,4630,4480,4540.0,Maharashtra,Other
2016-01-13,Cotton,15,Yavatmal,FAQ,Ghatanji,4645,4250,4560.0,Maharashtra,LRA
2016-01-13,Cotton,15,Parbhani,FAQ,Parbhani,4600,4255,4565.0,Maharashtra,Other
2016-01-14,Cotton,15,Parbhani,FAQ,Manwat,4611,4401,4570.0,Maharashtra,Other
2016-01-14,Cotton,15,Yavatmal,FAQ,Kalamb,4700,4400,4500.0,Maharashtra,LRA
2016-01-14,Cotton,15,Nanded,FAQ,Himalyatnagar,4450,4320,4430.0,Maharashtra,Other
2016-01-14,Cotton,15,Nanded,FAQ,Hadgaon,4650,4400,4500.0,Maharashtra,Other
2016-01-14,Cotton,15,Nanded,FAQ,Mahur,4500,4300,4400.0,Maharashtra,Other
2016-01-15,Cotton,15,Parbhani,FAQ,Gangakhed,4500,4100,4400.0,Maharashtra,Other
2016-01-15,Cotton,15,Yavatmal,FAQ,Ralegaon,4650,4550,4620.0,Maharashtra,Other
2016-01-15,Cotton,15,Nanded,FAQ,Bhokar,4500,4300,4400.0,Maharashtra,Other
2016-01-15,Cotton,15,Yavatmal,FAQ,Vani,4500,4350,4442.0,Maharashtra,Desi
2016-01-16,Cotton,15,Yavatmal,FAQ,Darwha,4600,4500,4550.0,Maharashtra,Other
2016-01-16,Cotton,15,Wardha,FAQ,Ashti,4600,4550,4580.0,Maharashtra,Other
2016-01-17,Cotton,15,Nanded,FAQ,Bhokar,4500,4400,4500.0,Maharashtra,Other
2016-01-17,Cotton,15,Parbhani,FAQ,Jintur,4600,4200,4500.0,Maharashtra,Other
2016-01-17,Cotton,15,Yavatmal,FAQ,Vani,4530,4400,4479.0,Maharashtra,Desi
2016-01-18,Cotton,15,Nanded,FAQ,Mahur,4500,4300,4400.0,Maharashtra,Other
2016-01-18,Cotton,15,Nagpur,FAQ,Savner,4500,4400,4480.0,Maharashtra,Other
2016-01-18,Cotton,15,Parbhani,FAQ,Parbhani,4755,4330,4720.0,Maharashtra,Other
2016-01-18,Cotton,15,Wardha,FAQ,Ashti,4600,4560,4580.0,Maharashtra,Other
2016-01-18,Cotton,15,Wardha,FAQ,Sindi(Selu),4650,4420,4500.0,Maharashtra,Other
2016-01-18,Cotton,15,Yavatmal,FAQ,Darwha,4600,4500,4550.0,Maharashtra,Other
2016-01-19,Cotton,15,Yavatmal,FAQ,Vani,4570,4400,4517.0,Maharashtra,Desi
2016-01-19,Cotton,15,Nanded,FAQ,Kinwat,4500,4300,4400.0,Maharashtra,Other
2016-01-19,Cotton,15,Yavatmal,FAQ,Kalamb,4700,4400,4500.0,Maharashtra,LRA
2016-01-19,Cotton,15,Wardha,FAQ,Ashti,4590,4550,4580.0,Maharashtra,Other
2016-01-19,Cotton,15,Nagpur,FAQ,Savner,4500,4400,4480.0,Maharashtra,Other
2016-01-19,Cotton,15,Yavatmal,FAQ,Yeotmal,4600,4300,4450.0,Maharashtra,Other
2016-01-19,Cotton,15,Nanded,FAQ,Himalyatnagar,4650,4430,4530.0,Maharashtra,Other
2016-01-20,Cotton,15,Parbhani,FAQ,Jintur,4700,4400,4600.0,Maharashtra,Other
2016-01-20,Cotton,15,Yavatmal,FAQ,Kalamb,4700,4500,4600.0,Maharashtra,LRA
2016-01-20,Cotton,15,Wardha,FAQ,Wardha,4700,4500,4700.0,Maharashtra,Desi
2016-01-20,Cotton,15,Nanded,FAQ,Bhokar,4600,4300,4500.0,Maharashtra,Other
2016-01-20,Cotton,15,Parbhani,FAQ,Selu,4725,4336,4690.0,Maharashtra,Other
2016-01-21,Cotton,15,Yavatmal,FAQ,Ralegaon,4710,4550,4660.0,Maharashtra,Other
2016-01-21,Cotton,15,Wardha,FAQ,Wardha,4670,4400,4670.0,Maharashtra,Desi
2016-01-21,Cotton,15,Nanded,FAQ,Hadgaon(Tamsa),4650,4300,4500.0,Maharashtra,Other
2016-01-21,Cotton,15,Wardha,FAQ,Ashti,4670,4600,4650.0,Maharashtra,Other
2016-01-21,Cotton,15,Yavatmal,FAQ,Yeotmal,4550,4300,4435.0,Maharashtra,Other
2016-01-22,Cotton,15,Wardha,FAQ,Arvi,4760,4650,4680.0,Maharashtra,H-4(A) 27mm FIne
2016-01-22,Cotton,15,Yavatmal,FAQ,Ghatanji,4670,4450,4550.0,Maharashtra,LRA
2016-01-22,Cotton,15,Nanded,FAQ,Himalyatnagar,4570,4250,4440.0,Maharashtra,Other
2016-01-22,Cotton,15,Nanded,FAQ,Mahur,4500,4300,4400.0,Maharashtra,Other
2016-01-22,Cotton,15,Nanded,FAQ,Kinwat,4400,4300,4350.0,Maharashtra,Other
2016-01-22,Cotton,15,Wardha,FAQ,Wardha,4650,4500,4650.0,Maharashtra,Desi
2016-01-22,Cotton,15,Yavatmal,FAQ,Ralegaon,4750,4550,4660.0,Maharashtra,Other
2016-01-23,Cotton,15,Yavatmal,FAQ,Maregoan,4630,4400,4500.0,Maharashtra,Other
2016-01-23,Cotton,15,Parbhani,FAQ,Sonpeth,4625,4400,4600.0,Maharashtra,Other
2016-01-23,Cotton,15,Parbhani,FAQ,Jintur,4700,4300,4600.0,Maharashtra,Other
2016-01-23,Cotton,15,Nanded,FAQ,Hadgaon(Tamsa),4650,4300,4400.0,Maharashtra,Other
2016-01-25,Cotton,15,Yavatmal,FAQ,Yeotmal,4550,4300,4430.0,Maharashtra,Other
2016-01-25,Cotton,15,Wardha,FAQ,Sindi,4630,4500,4600.0,Maharashtra,Other
2016-01-25,Cotton,15,Yavatmal,FAQ,Maregoan,4620,4400,4500.0,Maharashtra,Other
2016-01-25,Cotton,15,Nanded,FAQ,Mahur,4500,4300,4400.0,Maharashtra,Other
2016-01-25,Cotton,15,Nanded,FAQ,Hadgaon,4650,4350,4500.0,Maharashtra,Other
2016-01-26,Cotton,15,Nanded,FAQ,Bhokar,4550,4200,4300.0,Maharashtra,Other
2016-01-26,Cotton,15,Parbhani,FAQ,Jintur,4650,4200,4600.0,Maharashtra,Other
2016-01-26,Cotton,15,Wardha,FAQ,Ashti,4650,4600,4630.0,Maharashtra,Other
2016-01-26,Cotton,15,Parbhani,FAQ,Sonpeth,4600,4420,4570.0,Maharashtra,Other
2016-01-26,Cotton,15,Nanded,FAQ,Kinwat,4400,4300,4350.0,Maharashtra,Other
2016-01-27,Cotton,15,Wardha,FAQ,Wardha,4520,4400,4520.0,Maharashtra,Desi
2016-01-27,Cotton,15,Yavatmal,FAQ,Ghatanji,4615,4450,4560.0,Maharashtra,LRA
2016-01-27,Cotton,15,Nanded,FAQ,Hadgaon(Tamsa),4650,4350,4500.0,Maharashtra,Other
2016-01-27,Cotton,15,Parbhani,FAQ,Selu,4640,4275,4600.0,Maharashtra,Other
2016-01-27,Cotton,15,Wardha,FAQ,Sindi,4640,4500,4600.0,Maharashtra,Other
2016-01-27,Cotton,15,Wardha,FAQ,Ashti,4600,4560,4570.0,Maharashtra,Other
2016-01-28,Cotton,15,Yavatmal,FAQ,Ghatanji,4580,4250,4420.0,Maharashtra,LRA
2016-01-28,Cotton,15,Nanded,FAQ,Himalyatnagar,4360,4150,4310.0,Maharashtra,Other
2016-01-28,Cotton,15,Nanded,FAQ,Hadgaon(Tamsa),4650,4350,4500.0,Maharashtra,Other
2016-01-29,Cotton,15,Nanded,FAQ,Hadgaon(Tamsa),4600,4350,4450.0,Maharashtra,Other
2016-01-29,Cotton,15,Nanded,FAQ,Hadgaon,4650,4350,4450.0,Maharashtra,Other
2016-01-29,Cotton,15,Parbhani,FAQ,Jintur,4550,4100,4400.0,Maharashtra,Other
2016-01-29,Cotton,15,Parbhani,FAQ,Selu,4576,4250,4531.0,Maharashtra,Other
2016-01-29,Cotton,15,Wardha,FAQ,Sindi,4600,4420,4525.0,Maharashtra,Other
2016-01-30,Cotton,15,Parbhani,FAQ,Selu,4599,4275,4541.0,Maharashtra,Other
2016-01-30,Cotton,15,Nanded,FAQ,Kinwat,4400,4300,4350.0,Maharashtra,Other
2016-02-01,Cotton,15,Nanded,FAQ,Hadgaon(Tamsa),4550,4350,4500.0,Maharashtra,Other
2016-02-01,Cotton,15,Yavatmal,FAQ,Maregoan,4620,4400,4500.0,Maharashtra,Other
2016-02-01,Cotton,15,Wardha,FAQ,Sindi(Selu),4500,4300,4400.0,Maharashtra,Other
2016-02-01,Cotton,15,Parbhani,FAQ,Selu,4600,4175,4541.0,Maharashtra,Other
2016-02-02,Cotton,15,Nanded,FAQ,Hadgaon(Tamsa),4600,4450,4550.0,Maharashtra,Other
2016-02-02,Cotton,15,Yavatmal,FAQ,Ghatanji,4610,4250,4510.0,Maharashtra,LRA
2016-02-03,Cotton,15,Yavatmal,FAQ,Vani,4500,4350,4423.0,Maharashtra,Desi
2016-02-03,Cotton,15,Nagpur,FAQ,Savner,4500,4450,4480.0,Maharashtra,Other
2016-02-03,Cotton,15,Parbhani,FAQ,Parbhani,4625,4100,4600.0,Maharashtra,Other
2016-02-04,Cotton,15,Nagpur,FAQ,Savner,4500,4450,4480.0,Maharashtra,Other
2016-02-04,Cotton,15,Nanded,FAQ,Mahur,4400,4200,4300.0,Maharashtra,Other
2016-02-04,Cotton,15,Wardha,FAQ,Sindi,4600,4450,4575.0,Maharashtra,Other
2016-02-04,Cotton,15,Yavatmal,FAQ,Yeotmal,4550,4100,4350.0,Maharashtra,Other
2016-02-04,Cotton,15,Wardha,FAQ,Sindi(Selu),4540,4300,4450.0,Maharashtra,Other
2016-02-05,Cotton,15,Yavatmal,FAQ,Yeotmal,4450,4250,4350.0,Maharashtra,Other
2016-02-05,Cotton,15,Nanded,FAQ,Kinwat,4300,4200,4250.0,Maharashtra,Other
2016-02-05,Cotton,15,Yavatmal,FAQ,Vani,4520,4350,4409.0,Maharashtra,Desi
2016-02-06,Cotton,15,Parbhani,FAQ,Jintur,4500,4100,4400.0,Maharashtra,Desi
2016-02-06,Cotton,15,Parbhani,FAQ,Parbhani,4585,4100,4535.0,Maharashtra,Other
2016-02-06,Cotton,15,Yavatmal,FAQ,Maregoan,4505,4300,4400.0,Maharashtra,Other
2016-02-07,Cotton,15,Wardha,FAQ,Ashti,4550,4530,4540.0,Maharashtra,Other
2016-02-07,Cotton,15,Yavatmal,FAQ,Yeotmal,4475,4275,4350.0,Maharashtra,Other
2016-02-07,Cotton,15,Yavatmal,FAQ,Vani,4450,4275,4393.0,Maharashtra,Desi
2016-02-07,Cotton,15,Parbhani,FAQ,Sonpeth,4450,4100,4400.0,Maharashtra,Other
2016-02-07,Cotton,15,Wardha,FAQ,Arvi,4500,4450,4480.0,Maharashtra,H-4(A) 27mm FIne
2016-02-07,Cotton,15,Parbhani,FAQ,Jintur,4500,4100,4400.0,Maharashtra,Desi
2016-02-08,Cotton,15,Yavatmal,FAQ,Maregoan,4520,4300,4400.0,Maharashtra,Other
2016-02-08,Cotton,15,Wardha,FAQ,Ashti,4550,4530,4540.0,Maharashtra,Other
2016-02-08,Cotton,15,Parbhani,FAQ,Sonpeth,4450,4100,4350.0,Maharashtra,Other
2016-02-08,Cotton,15,Nanded,FAQ,Hadgaon(Tamsa),4650,4350,4500.0,Maharashtra,Other
2016-02-09,Cotton,15,Wardha,FAQ,Sindi,4540,4400,4490.0,Maharashtra,Other
2016-02-09,Cotton,15,Yavatmal,FAQ,Ghatanji,4550,4250,4450.0,Maharashtra,LRA
2016-02-09,Cotton,15,Nagpur,FAQ,Savner,4450,4350,4400.0,Maharashtra,Other
2016-02-09,Cotton,15,Nagpur,FAQ,Umared,4425,4400,4410.0,Maharashtra,Desi
2016-02-10,Cotton,15,Wardha,FAQ,Sindi,4480,4300,4410.0,Maharashtra,Other
2016-02-10,Cotton,15,Yavatmal,FAQ,Maregoan,4400,4200,4300.0,Maharashtra,Other
2016-02-10,Cotton,15,Yavatmal,FAQ,Digras,4350,4350,4350.0,Maharashtra,Other
2016-02-11,Cotton,15,Parbhani,FAQ,Gangakhed,4400,4100,4300.0,Maharashtra,Other
2016-02-12,Cotton,15,Yavatmal,FAQ,Vani,4400,4340,4350.0,Maharashtra,Desi
2016-02-12,Cotton,15,Parbhani,FAQ,Jintur,4550,4100,4300.0,Maharashtra,Desi
2016-02-13,Cotton,15,Yavatmal,FAQ,Maregoan,4380,4250,4300.0,Maharashtra,Other
2016-02-13,Cotton,15,Yavatmal,FAQ,Yeotmal,4550,4300,4425.0,Maharashtra,Other
2016-02-14,Cotton,15,Wardha,FAQ,Arvi,4500,4450,4475.0,Maharashtra,H-4(A) 27mm FIne
2016-02-15,Cotton,15,Parbhani,FAQ,Gangakhed,4500,4100,4400.0,Maharashtra,Other
2016-02-15,Cotton,15,Wardha,FAQ,Arvi,4500,4450,4475.0,Maharashtra,H-4(A) 27mm FIne
2016-02-16,Cotton,15,Nagpur,FAQ,Umared,4525,4400,4450.0,Maharashtra,Desi
2016-02-16,Cotton,15,Wardha,FAQ,Sindi(Selu),4400,4100,4250.0,Maharashtra,Other
2016-02-16,Cotton,15,Wardha,FAQ,Ashti,4420,4400,4410.0,Maharashtra,Other
2016-02-16,Cotton,15,Parbhani,FAQ,Parbhani,4595,4130,4570.0,Maharashtra,Other
2016-02-16,Cotton,15,Parbhani,FAQ,Gangakhed,4520,4100,4480.0,Maharashtra,Other
2016-02-16,Cotton,15,Wardha,FAQ,Wardha,4500,4200,4500.0,Maharashtra,Desi
2016-02-17,Cotton,15,Yavatmal,FAQ,Vani,4520,4350,4454.0,Maharashtra,Desi
2016-02-17,Cotton,15,Nagpur,FAQ,Umared,4555,4450,4500.0,Maharashtra,Desi
2016-02-17,Cotton,15,Parbhani,FAQ,Gangakhed,4500,4100,4430.0,Maharashtra,Other
2016-02-17,Cotton,15,Wardha,FAQ,Wardha,4550,4200,4550.0,Maharashtra,Desi
2016-02-17,Cotton,15,Wardha,FAQ,Sindi(Selu),4450,4100,4250.0,Maharashtra,Other
2016-02-18,Cotton,15,Yavatmal,FAQ,Maregoan,4625,4400,4500.0,Maharashtra,Other
2016-02-20,Cotton,15,Wardha,FAQ,Arvi,4600,4550,4570.0,Maharashtra,H-4(A) 27mm FIne
2016-02-21,Cotton,15,Yavatmal,FAQ,Vani,4525,4350,4430.0,Maharashtra,Desi
2016-02-22,Cotton,15,Yavatmal,FAQ,Ralegaon,4600,4300,4490.0,Maharashtra,Other
2016-02-22,Cotton,15,Nagpur,FAQ,Savner,4500,4450,4475.0,Maharashtra,Other
2016-02-22,Cotton,15,Parbhani,FAQ,Parbhani,4560,4250,4540.0,Maharashtra,Other
2016-02-23,Cotton,15,Nagpur,FAQ,Umared,4520,4400,4450.0,Maharashtra,Desi
2016-02-23,Cotton,15,Yavatmal,FAQ,Vani,4515,4400,4452.0,Maharashtra,Desi
2016-02-23,Cotton,15,Wardha,FAQ,Ashti,4470,4450,4460.0,Maharashtra,Other
2016-02-24,Cotton,15,Yavatmal,FAQ,Yeotmal,4500,4325,4425.0,Maharashtra,Other
2016-02-24,Cotton,15,Nagpur,FAQ,Umared,4520,4400,4450.0,Maharashtra,Desi
2016-02-24,Cotton,15,Nagpur,FAQ,Savner,4400,4350,4375.0,Maharashtra,Other
2016-02-24,Cotton,15,Parbhani,FAQ,Jintur,4600,4300,4500.0,Maharashtra,Desi
2016-02-24,Cotton,15,Yavatmal,FAQ,Ralegaon,4540,4300,4460.0,Maharashtra,Other
2016-02-24,Cotton,15,Wardha,FAQ,Wardha,4450,4200,4450.0,Maharashtra,Desi
2016-02-24,Cotton,15,Wardha,FAQ,Ashti,4470,4440,4450.0,Maharashtra,Other
2016-02-24,Cotton,15,Wardha,FAQ,Sindi(Selu),4600,4200,4450.0,Maharashtra,Other
2016-02-24,Cotton,15,Yavatmal,FAQ,Ghatanji,4565,4250,4350.0,Maharashtra,LRA
2016-02-25,Cotton,15,Wardha,FAQ,Sindi,4445,4250,4350.0,Maharashtra,Other
2016-02-25,Cotton,15,Wardha,FAQ,Wardha,4450,4200,4450.0,Maharashtra,Desi
2016-02-26,Cotton,15,Nanded,FAQ,Himalyatnagar,4300,4200,4250.0,Maharashtra,Other
2016-02-26,Cotton,15,Wardha,FAQ,Arvi,4500,4450,4470.0,Maharashtra,H-4(A) 27mm FIne
2016-02-27,Cotton,15,Yavatmal,FAQ,Vani,4530,4350,4469.0,Maharashtra,Desi
2016-02-27,Cotton,15,Nanded,FAQ,Hadgaon,4600,4350,4500.0,Maharashtra,Other
2016-02-28,Cotton,15,Yavatmal,FAQ,Vani,4550,4400,4499.0,Maharashtra,Desi
2016-02-28,Cotton,15,Wardha,FAQ,Ashti,4560,4540,4550.0,Maharashtra,Other
2016-02-29,Cotton,15,Wardha,FAQ,Wardha,4550,4100,4550.0,Maharashtra,Desi
2016-02-29,Cotton,15,Nanded,FAQ,Hadgaon,4500,4300,4400.0,Maharashtra,Other
2016-02-29,Cotton,15,Yavatmal,FAQ,Maregoan,4500,4300,4400.0,Maharashtra,Other
2016-03-01,Cotton,15,Yavatmal,FAQ,Maregoan,4500,4300,4400.0,Maharashtra,Other
2016-03-01,Cotton,15,Nagpur,FAQ,Savner,4400,4350,4380.0,Maharashtra,Other
2016-03-01,Cotton,15,Yavatmal,FAQ,Vani,4550,4350,4456.0,Maharashtra,Desi
2016-03-01,Cotton,15,Yavatmal,FAQ,Ralegaon,4600,4350,4460.0,Maharashtra,Other
2016-03-02,Cotton,15,Nagpur,FAQ,Savner,4400,4350,4380.0,Maharashtra,Other
2016-03-02,Cotton,15,Yavatmal,FAQ,Yeotmal,4550,4250,4385.0,Maharashtra,Other
2016-03-03,Cotton,15,Yavatmal,FAQ,Yeotmal,4550,4225,4385.0,Maharashtra,Other
2016-03-03,Cotton,15,Wardha,FAQ,Ashti,4560,4540,4550.0,Maharashtra,Other
2016-03-04,Cotton,15,Yavatmal,FAQ,Ghatanji,4530,4150,4400.0,Maharashtra,LRA
2016-03-04,Cotton,15,Wardha,FAQ,Wardha,4525,4200,4525.0,Maharashtra,Desi
2016-03-04,Cotton,15,Wardha,FAQ,Sindi(Selu),4450,4175,4250.0,Maharashtra,Other
2016-03-04,Cotton,15,Yavatmal,FAQ,Vani,4500,4300,4430.0,Maharashtra,Desi
2016-03-05,Cotton,15,Nanded,FAQ,Hadgaon,4600,4300,4500.0,Maharashtra,Other
2016-03-06,Cotton,15,Wardha,FAQ,Ashti,4510,4490,4500.0,Maharashtra,Other
2016-03-08,Cotton,15,Yavatmal,FAQ,Vani,4500,4300,4400.0,Maharashtra,Desi
2016-03-09,Cotton,15,Yavatmal,FAQ,Yeotmal,4550,4210,4385.0,Maharashtra,Other
2016-03-10,Cotton,15,Nanded,FAQ,Himalyatnagar,4500,4300,4450.0,Maharashtra,Desi
2016-03-10,Cotton,15,Wardha,FAQ,Arvi,4600,4550,4570.0,Maharashtra,H-4(A) 27mm FIne
2016-03-11,Cotton,15,Parbhani,FAQ,Parbhani,4580,4475,4560.0,Maharashtra,Other
2016-03-11,Cotton,15,Yavatmal,FAQ,Yeotmal,4550,4200,4390.0,Maharashtra,Other
2016-03-12,Cotton,15,Yavatmal,FAQ,Vani,4570,4275,4506.0,Maharashtra,Desi
2016-03-12,Cotton,15,Wardha,FAQ,Arvi,4600,4550,4570.0,Maharashtra,H-4(A) 27mm FIne
2016-03-14,Cotton,15,Yavatmal,FAQ,Maregoan,4520,4300,4400.0,Maharashtra,Other
2016-03-14,Cotton,15,Yavatmal,FAQ,Ralegaon,4610,4400,4580.0,Maharashtra,Other
2016-03-14,Cotton,15,Nagpur,FAQ,Savner,4400,4350,4380.0,Maharashtra,Other
2016-03-15,Cotton,15,Yavatmal,FAQ,Ralegaon,4550,4200,4480.0,Maharashtra,Other
2016-03-15,Cotton,15,Yavatmal,FAQ,Vani,4550,4250,4412.0,Maharashtra,Desi
2016-03-15,Cotton,15,Wardha,FAQ,Arvi,4550,4500,4530.0,Maharashtra,H-4(A) 27mm FIne
2016-03-15,Cotton,15,Yavatmal,FAQ,Ghatanji,4650,4450,4550.0,Maharashtra,LRA
2016-03-15,Cotton,15,Parbhani,FAQ,Jintur,4500,4200,4450.0,Maharashtra,Other
2016-03-15,Cotton,15,Yavatmal,FAQ,Maregoan,4500,4300,4400.0,Maharashtra,Other
2016-03-16,Cotton,15,Yavatmal,FAQ,Ralegaon,4550,4300,4480.0,Maharashtra,Other
2016-03-16,Cotton,15,Yavatmal,FAQ,Ghatanji,4590,4250,4420.0,Maharashtra,LRA
2016-03-16,Cotton,15,Parbhani,FAQ,Jintur,4500,4200,4450.0,Maharashtra,Other
2016-03-16,Cotton,15,Wardha,FAQ,Ashti,4500,4480,4490.0,Maharashtra,Other
2016-03-16,Cotton,15,Parbhani,FAQ,Parbhani,4410,4305,4385.0,Maharashtra,Other
2016-03-17,Cotton,15,Nagpur,FAQ,Savner,4350,4350,4350.0,Maharashtra,Other
2016-03-18,Cotton,15,Yavatmal,FAQ,Yeotmal,4550,4200,4390.0,Maharashtra,Other
2016-03-18,Cotton,15,Yavatmal,FAQ,Mahagaon,4450,4200,4300.0,Maharashtra,Desi
2016-03-18,Cotton,15,Wardha,FAQ,Arvi,4500,4450,4470.0,Maharashtra,H-4(A) 27mm FIne
2016-03-18,Cotton,15,Yavatmal,FAQ,Maregoan,4550,4350,4450.0,Maharashtra,Other
2016-03-18,Cotton,15,Yavatmal,FAQ,Ghatanji,4570,4250,4450.0,Maharashtra,LRA
2016-03-19,Cotton,15,Yavatmal,FAQ,Maregoan,4550,4350,4450.0,Maharashtra,Other
2016-03-19,Cotton,15,Yavatmal,FAQ,Ralegaon,4550,4350,4480.0,Maharashtra,Other
2016-03-19,Cotton,15,Wardha,FAQ,Ashti,4490,4470,4480.0,Maharashtra,Other
2016-03-20,Cotton,15,Yavatmal,FAQ,Mahagaon,4400,4200,4300.0,Maharashtra,Desi
2016-03-21,Cotton,15,Yavatmal,FAQ,Ralegaon,4570,4300,4490.0,Maharashtra,Other
2016-03-21,Cotton,15,Wardha,FAQ,Ashti,4470,4450,4460.0,Maharashtra,Other
2016-03-22,Cotton,15,Wardha,FAQ,Ashti,4460,4440,4450.0,Maharashtra,Other
2016-03-22,Cotton,15,Yavatmal,FAQ,Maregoan,4550,4350,4450.0,Maharashtra,Other
2016-03-22,Cotton,15,Wardha,FAQ,Sindi,4450,4100,4300.0,Maharashtra,Other
2016-03-23,Cotton,15,Wardha,FAQ,Ashti,4460,4440,4450.0,Maharashtra,Other
2016-03-23,Cotton,15,Parbhani,FAQ,Jintur,4400,4200,4300.0,Maharashtra,Other
2016-03-23,Cotton,15,Yavatmal,FAQ,Yeotmal,4550,4200,4390.0,Maharashtra,Other
2016-03-26,Cotton,15,Wardha,FAQ,Arvi,4600,4550,4570.0,Maharashtra,H-4(A) 27mm FIne
2016-03-26,Cotton,15,Yavatmal,FAQ,Ralegaon,4650,4200,4580.0,Maharashtra,Other
2016-03-26,Cotton,15,Wardha,FAQ,Ashti,4450,4430,4440.0,Maharashtra,Other
2016-03-28,Cotton,15,Nanded,FAQ,Hadgaon(Tamsa),4600,4300,4500.0,Maharashtra,Other
2016-03-28,Cotton,15,Parbhani,FAQ,Jintur,4575,4400,4500.0,Maharashtra,Other
2016-03-29,Cotton,15,Nagpur,FAQ,Savner,4350,4350,4350.0,Maharashtra,Other
2016-03-29,Cotton,15,Wardha,FAQ,Arvi,4580,4400,4480.0,Maharashtra,H-4(A) 27mm FIne
2016-03-29,Cotton,15,Parbhani,FAQ,Parbhani,4605,4350,4580.0,Maharashtra,Other
2016-03-29,Cotton,15,Yavatmal,FAQ,Yeotmal,4550,4200,4390.0,Maharashtra,Other
2016-03-30,Cotton,15,Yavatmal,FAQ,Ralegaon,4750,4200,4710.0,Maharashtra,Other
2016-03-30,Cotton,15,Parbhani,FAQ,Jintur,4600,4400,4500.0,Maharashtra,Other
2016-03-31,Cotton,15,Yavatmal,FAQ,Yeotmal,4550,4210,4385.0,Maharashtra,Other
2016-03-31,Cotton,15,Parbhani,FAQ,Sonpeth,4460,4460,4460.0,Maharashtra,Other
2016-04-01,Cotton,15,Yavatmal,FAQ,Ralegaon,4800,4200,4740.0,Maharashtra,Other
2016-04-02,Cotton,15,Parbhani,FAQ,Gangakhed,4500,4100,4350.0,Maharashtra,Other
2016-04-02,Cotton,15,Nagpur,FAQ,Savner,4400,4350,4380.0,Maharashtra,Other
2016-04-04,Cotton,15,Yavatmal,FAQ,Ralegaon,4970,4200,4890.0,Maharashtra,Other
2016-04-05,Cotton,15,Parbhani,FAQ,Gangakhed,4550,4100,4400.0,Maharashtra,Other
2016-04-06,Cotton,15,Parbhani,FAQ,Parbhani,4750,4705,4735.0,Maharashtra,Other
2016-04-07,Cotton,15,Wardha,FAQ,Arvi,4925,4800,4900.0,Maharashtra,H-4(A) 27mm FIne
2016-04-09,Cotton,15,Nagpur,FAQ,Savner,4625,4550,4600.0,Maharashtra,Other
2016-04-10,Cotton,15,Parbhani,FAQ,Jintur,4800,4500,4700.0,Maharashtra,Other
2016-04-11,Cotton,15,Parbhani,FAQ,Parbhani,4955,4680,4930.0,Maharashtra,Other
2016-04-12,Cotton,15,Nagpur,FAQ,Umared,4845,4100,4500.0,Maharashtra,Desi
2016-04-12,Cotton,15,Yavatmal,FAQ,Mahagaon,4800,4200,4400.0,Maharashtra,Desi
2016-04-12,Cotton,15,Parbhani,FAQ,Gangakhed,4800,4100,4650.0,Maharashtra,Other
2016-04-13,Cotton,15,Parbhani,FAQ,Gangakhed,4810,4100,4700.0,Maharashtra,Other
2016-04-14,Cotton,15,Yavatmal,FAQ,Mahagaon,4500,4200,4400.0,Maharashtra,Desi
2016-04-14,Cotton,15,Parbhani,FAQ,Jintur,4900,4700,4800.0,Maharashtra,Other
2016-04-16,Cotton,15,Parbhani,FAQ,Jintur,4900,4600,4800.0,Maharashtra,Desi
2016-04-17,Cotton,15,Wardha,FAQ,Arvi,4900,4850,4870.0,Maharashtra,H-4(A) 27mm FIne
2016-04-17,Cotton,15,Parbhani,FAQ,Jintur,4900,4600,4800.0,Maharashtra,Desi
2016-04-17,Cotton,15,Yavatmal,FAQ,Mahagaon,4600,4200,4400.0,Maharashtra,Desi
2016-04-18,Cotton,15,Yavatmal,FAQ,Ghatanji,5100,4150,4580.0,Maharashtra,LRA
2016-04-18,Cotton,15,Wardha,FAQ,Arvi,4950,4900,4930.0,Maharashtra,H-4(A) 27mm FIne
2016-04-19,Cotton,15,Parbhani,FAQ,Jintur,4900,4600,4800.0,Maharashtra,Desi
2016-04-20,Cotton,15,Parbhani,FAQ,Gangakhed,4780,4100,4650.0,Maharashtra,Other
2016-04-20,Cotton,15,Wardha,FAQ,Arvi,4950,4925,4935.0,Maharashtra,H-4(A) 27mm FIne
2016-04-21,Cotton,15,Wardha,FAQ,Arvi,4950,4900,4930.0,Maharashtra,H-4(A) 27mm FIne
2016-04-23,Cotton,15,Parbhani,FAQ,Jintur,4850,4600,4700.0,Maharashtra,Desi
2016-04-24,Cotton,15,Wardha,FAQ,Arvi,4950,4900,4930.0,Maharashtra,H-4(A) 27mm FIne
2016-04-25,Cotton,15,Parbhani,FAQ,Parbhani,4895,4200,4860.0,Maharashtra,Other
2016-04-26,Cotton,15,Parbhani,FAQ,Gangakhed,4900,4100,4850.0,Maharashtra,Other
2016-04-26,Cotton,15,Nagpur,FAQ,Savner,4700,4700,4700.0,Maharashtra,Other
2016-04-27,Cotton,15,Yavatmal,FAQ,Ghatanji,4990,4150,4700.0,Maharashtra,LRA
2016-04-27,Cotton,15,Yavatmal,FAQ,Ralegaon,4990,4400,4940.0,Maharashtra,Other
2016-04-27,Cotton,15,Wardha,FAQ,Arvi,4975,4925,4935.0,Maharashtra,H-4(A) 27mm FIne
2016-04-27,Cotton,15,Wardha,FAQ,Wardha,4875,4100,4875.0,Maharashtra,Other
2016-04-28,Cotton,15,Wardha,FAQ,Wardha,4900,4600,4900.0,Maharashtra,Other
2016-04-28,Cotton,15,Nagpur,FAQ,Savner,4700,4700,4700.0,Maharashtra,Other
2016-04-29,Cotton,15,Wardha,FAQ,Arvi,4950,4900,4930.0,Maharashtra,H-4(A) 27mm FIne
2016-04-30,Cotton,15,Wardha,FAQ,Arvi,4975,4925,4950.0,Maharashtra,H-4(A) 27mm FIne
2016-05-03,Cotton,15,Wardha,FAQ,Arvi,5100,5050,5070.0,Maharashtra,H-4(A) 27mm FIne
2016-05-03,Cotton,15,Yavatmal,FAQ,Ghatanji,5000,4250,4650.0,Maharashtra,LRA
2016-05-04,Cotton,15,Yavatmal,FAQ,Ghatanji,5035,4250,4700.0,Maharashtra,LRA
2016-05-06,Cotton,15,Yavatmal,FAQ,Yeotmal,4925,4300,4560.0,Maharashtra,Other
2016-05-06,Cotton,15,Yavatmal,FAQ,Ralegaon,5000,4200,4600.0,Maharashtra,Other
2016-05-06,Cotton,15,Parbhani,FAQ,Parbhani,4915,4750,4900.0,Maharashtra,Other
2016-05-07,Cotton,15,Yavatmal,FAQ,Yeotmal,4910,4205,4560.0,Maharashtra,Other
2016-05-09,Cotton,15,Parbhani,FAQ,Jintur,4900,4700,4800.0,Maharashtra,Desi
2016-05-10,Cotton,15,Parbhani,FAQ,Parbhani,4885,4400,4885.0,Maharashtra,Other
2016-05-10,Cotton,15,Yavatmal,FAQ,Ghatanji,4900,4150,4525.0,Maharashtra,LRA
2016-05-11,Cotton,15,Yavatmal,FAQ,Yeotmal,4900,4250,4600.0,Maharashtra,Other
2016-05-11,Cotton,15,Parbhani,FAQ,Gangakhed,4890,4100,4750.0,Maharashtra,Other
2016-05-12,Cotton,15,Parbhani,FAQ,Parbhani,4980,4700,4900.0,Maharashtra,Other
2016-05-12,Cotton,15,Yavatmal,FAQ,Ghatanji,4950,4150,4550.0,Maharashtra,LRA
2016-05-12,Cotton,15,Parbhani,FAQ,Jintur,4900,4800,4850.0,Maharashtra,Other
2016-05-14,Cotton,15,Parbhani,FAQ,Selu,5150,4250,5050.0,Maharashtra,Other
2016-05-14,Cotton,15,Wardha,FAQ,Arvi,5050,5000,5030.0,Maharashtra,H-4(A) 27mm FIne
2016-05-15,Cotton,15,Parbhani,FAQ,Jintur,4850,4800,4800.0,Maharashtra,Desi
2016-05-16,Cotton,15,Yavatmal,FAQ,Yeotmal,5000,4700,4875.0,Maharashtra,Other
2016-05-18,Cotton,15,Wardha,FAQ,Sindi(Selu),4950,4100,4400.0,Maharashtra,Other
2016-05-19,Cotton,15,Wardha,FAQ,Arvi,5150,5100,5130.0,Maharashtra,H-4(A) 27mm FIne
2016-05-21,Cotton,15,Wardha,FAQ,Arvi,5150,5100,5130.0,Maharashtra,H-4(A) 27mm FIne
2016-05-21,Cotton,15,Yavatmal,FAQ,Yeotmal,5010,4750,4875.0,Maharashtra,Other
2016-05-23,Cotton,15,Parbhani,FAQ,Gangakhed,4900,4100,4850.0,Maharashtra,Other
2016-05-23,Cotton,15,Yavatmal,FAQ,Yeotmal,5010,4750,4890.0,Maharashtra,Other
2016-05-24,Cotton,15,Yavatmal,FAQ,Ralegaon,5000,4400,4950.0,Maharashtra,Other
2016-06-10,Cotton,15,Wardha,FAQ,Arvi,5500,5100,5300.0,Maharashtra,H-4(A) 27mm FIne
2016-10-11,Cotton,15,Yavatmal,FAQ,Mahagaon,4500,4160,4300.0,Maharashtra,Desi
2016-10-18,Cotton,15,Nanded,FAQ,Bhokar,4800,4100,4200.0,Maharashtra,Other
2016-10-19,Cotton,15,Nanded,FAQ,Bhokar,5000,4200,4900.0,Maharashtra,Other
2016-10-19,Cotton,15,Wardha,FAQ,Arvi,4521,4500,4510.0,Maharashtra,H-4(A) 27mm FIne
2016-10-19,Cotton,15,Yavatmal,FAQ,Mahagaon,4800,4600,4600.0,Maharashtra,Desi
2016-10-21,Cotton,15,Yavatmal,FAQ,Digras,4950,4755,4835.0,Maharashtra,Other
2016-10-23,Cotton,15,Nanded,FAQ,Bhokar,5100,4300,4600.0,Maharashtra,Other
2016-10-24,Cotton,15,Yavatmal,FAQ,Mahagaon,4800,4600,4750.0,Maharashtra,Desi
2016-10-24,Cotton,15,Yavatmal,FAQ,Vani,4500,4000,4432.0,Maharashtra,Desi
2016-10-25,Cotton,15,Wardha,FAQ,Arvi,4800,4700,4750.0,Maharashtra,H-4(A) 27mm FIne
2016-10-25,Cotton,15,Yavatmal,FAQ,Yeotmal,4800,4700,4765.0,Maharashtra,Other
2016-10-25,Cotton,15,Nanded,FAQ,Kinwat,4600,4400,4500.0,Maharashtra,Other
2016-10-26,Cotton,15,Nanded,FAQ,Bhokar,4800,4200,4500.0,Maharashtra,Other
2016-10-26,Cotton,15,Wardha,FAQ,Wardha,4950,4600,4850.0,Maharashtra,Other
2016-10-27,Cotton,15,Nanded,FAQ,Kinwat,4600,4400,4500.0,Maharashtra,Other
2016-11-01,Cotton,15,Wardha,FAQ,Arvi,4781,4750,4775.0,Maharashtra,H-4(A) 27mm FIne
2016-11-02,Cotton,15,Yavatmal,FAQ,Vani,4771,4350,4701.0,Maharashtra,Desi
2016-11-02,Cotton,15,Yavatmal,FAQ,Digras,4700,4565,4665.0,Maharashtra,Other
2016-11-02,Cotton,15,Nagpur,FAQ,Savner,4700,4700,4700.0,Maharashtra,Other
2016-11-03,Cotton,15,Yavatmal,FAQ,Vani,4700,4200,4610.0,Maharashtra,Desi
2016-11-04,Cotton,15,Yavatmal,FAQ,Ghatanji,4950,4750,4852.0,Maharashtra,LRA
2016-11-04,Cotton,15,Nanded,FAQ,Kinwat,4700,4500,4600.0,Maharashtra,Other
2016-11-05,Cotton,15,Nanded,FAQ,Naigaon,4850,4800,4825.0,Maharashtra,Other
2016-11-07,Cotton,15,Yavatmal,FAQ,Mahagaon,4900,4160,4600.0,Maharashtra,Desi
2016-11-07,Cotton,15,Parbhani,FAQ,Sonpeth,4850,4750,4840.0,Maharashtra,Other
2016-11-08,Cotton,15,Yavatmal,FAQ,Ghatanji,4750,4700,4720.0,Maharashtra,LRA
2016-11-08,Cotton,15,Yavatmal,FAQ,Digras,4795,4560,4685.0,Maharashtra,Other
2016-11-08,Cotton,15,Yavatmal,FAQ,Mahagaon,4900,4300,4600.0,Maharashtra,Desi
2016-11-08,Cotton,15,Wardha,FAQ,Sindi(Selu),4800,4700,4750.0,Maharashtra,Other
2016-11-09,Cotton,15,Parbhani,FAQ,Sonpeth,4875,4800,4860.0,Maharashtra,Other
2016-11-09,Cotton,15,Yavatmal,FAQ,Yeotmal,4900,4800,4875.0,Maharashtra,Other
2016-11-10,Cotton,15,Yavatmal,FAQ,Yeotmal,5000,4800,4950.0,Maharashtra,Other
2016-11-10,Cotton,15,Parbhani,FAQ,Manwat,5211,5071,5125.0,Maharashtra,Other
2016-11-10,Cotton,15,Yavatmal,FAQ,ZariZamini,4675,4550,4657.0,Maharashtra,Other
2016-11-10,Cotton,15,Yavatmal,FAQ,Maregoan,4775,4400,4600.0,Maharashtra,Other
2016-11-11,Cotton,15,Yavatmal,FAQ,Ghatanji,4950,4750,4850.0,Maharashtra,LRA
2016-11-11,Cotton,15,Wardha,FAQ,Arvi,4860,4830,4845.0,Maharashtra,H-4(A) 27mm FIne
2016-11-11,Cotton,15,Wardha,FAQ,Sindi(Selu),4800,4750,4775.0,Maharashtra,Other
2016-11-12,Cotton,15,Nagpur,FAQ,Savner,4900,4841,4880.0,Maharashtra,Other
2016-11-12,Cotton,15,Parbhani,FAQ,Manwat,5075,5000,5071.0,Maharashtra,Other
2016-11-12,Cotton,15,Nanded,FAQ,Bhokar,4900,4700,4800.0,Maharashtra,Other
2016-11-13,Cotton,15,Parbhani,FAQ,Sonpeth,4930,4880,4920.0,Maharashtra,Other
2016-11-14,Cotton,15,Yavatmal,FAQ,ZariZamini,4931,4700,4900.0,Maharashtra,Other
2016-11-14,Cotton,15,Parbhani,FAQ,Sonpeth,4950,4900,4940.0,Maharashtra,Other
2016-11-15,Cotton,15,Wardha,FAQ,Sindi(Selu),4850,4650,4700.0,Maharashtra,Other
2016-11-15,Cotton,15,Yavatmal,FAQ,Maregoan,5000,4800,4900.0,Maharashtra,Other
2016-11-15,Cotton,15,Nanded,FAQ,Bhokar,5050,4900,5000.0,Maharashtra,Other
2016-11-15,Cotton,15,Yavatmal,FAQ,Yeotmal,5240,4800,5025.0,Maharashtra,Other
2016-11-16,Cotton,15,Parbhani,FAQ,Sonpeth,5000,4950,4980.0,Maharashtra,Other
2016-11-16,Cotton,15,Yavatmal,FAQ,Maregoan,4975,4700,4800.0,Maharashtra,Other
2016-11-17,Cotton,15,Yavatmal,FAQ,Darwha,4800,4500,4650.0,Maharashtra,Other
2016-11-17,Cotton,15,Wardha,FAQ,Arvi,5100,5050,5070.0,Maharashtra,H-4(A) 27mm FIne
2016-11-17,Cotton,15,Yavatmal,FAQ,Ghatanji,5020,4750,4850.0,Maharashtra,LRA
2016-11-17,Cotton,15,Yavatmal,FAQ,Yeotmal,5175,4900,5125.0,Maharashtra,Other
2016-11-17,Cotton,15,Yavatmal,FAQ,Vani,5210,4850,5067.0,Maharashtra,Desi
2016-11-17,Cotton,15,Yavatmal,FAQ,Digras,4785,4565,4735.0,Maharashtra,Other
2016-11-18,Cotton,15,Nagpur,FAQ,Savner,5001,5001,5001.0,Maharashtra,Other
2016-11-18,Cotton,15,Yavatmal,FAQ,Ghatanji,5050,4880,4950.0,Maharashtra,LRA
2016-11-18,Cotton,15,Parbhani,FAQ,Selu,5380,5251,5330.0,Maharashtra,Other
2016-11-18,Cotton,15,Yavatmal,FAQ,Ralegaon,5230,5000,5170.0,Maharashtra,Other
2016-11-19,Cotton,15,Nanded,FAQ,Hadgaon(Tamsa),5000,4600,4800.0,Maharashtra,Other
2016-11-19,Cotton,15,Nanded,FAQ,Kinwat,4700,4500,4600.0,Maharashtra,Other
2016-11-19,Cotton,15,Wardha,FAQ,Sindi(Selu),5100,5000,5050.0,Maharashtra,Other
2016-11-19,Cotton,15,Wardha,FAQ,Arvi,5100,5050,5080.0,Maharashtra,H-4(A) 27mm FIne
2016-11-20,Cotton,15,Nanded,FAQ,Kinwat,4700,4500,4600.0,Maharashtra,Other
2016-11-21,Cotton,15,Wardha,FAQ,Arvi,5080,5000,5050.0,Maharashtra,H-4(A) 27mm FIne
2016-11-21,Cotton,15,Yavatmal,FAQ,Ralegaon,5065,4950,5010.0,Maharashtra,Other
2016-11-21,Cotton,15,Yavatmal,FAQ,Mahagaon,5000,4900,4980.0,Maharashtra,Desi
2016-11-22,Cotton,15,Yavatmal,FAQ,Kalamb,5000,4800,4900.0,Maharashtra,LRA
2016-11-22,Cotton,15,Yavatmal,FAQ,ZariZamini,4900,4750,4876.0,Maharashtra,Other
2016-11-23,Cotton,15,Yavatmal,FAQ,Kalamb,4900,4700,4800.0,Maharashtra,LRA
2016-11-23,Cotton,15,Wardha,FAQ,Wardha,5050,4700,4850.0,Maharashtra,Other
2016-11-23,Cotton,15,Yavatmal,FAQ,Maregoan,4800,4600,4700.0,Maharashtra,Other
2016-11-23,Cotton,15,Nanded,FAQ,Kinwat,4700,4500,4600.0,Maharashtra,Other
2016-11-23,Cotton,15,Wardha,FAQ,Sindi,4900,4800,4870.0,Maharashtra,Other
2016-11-23,Cotton,15,Parbhani,FAQ,Sonpeth,5000,4900,4950.0,Maharashtra,Other
2016-11-23,Cotton,15,Nagpur,FAQ,Savner,5051,4950,4990.0,Maharashtra,Other
2016-11-24,Cotton,15,Parbhani,FAQ,Gangakhed,5000,4160,4900.0,Maharashtra,N-44
2016-11-24,Cotton,15,Yavatmal,FAQ,Ralegaon,4900,4750,4880.0,Maharashtra,Other
2016-11-24,Cotton,15,Yavatmal,FAQ,ZariZamini,4825,4740,4806.0,Maharashtra,Other
2016-11-24,Cotton,15,Nanded,FAQ,Bhokar,4900,4700,4800.0,Maharashtra,Other
2016-11-24,Cotton,15,Yavatmal,FAQ,Maregoan,4800,4600,4700.0,Maharashtra,Other
2016-11-24,Cotton,15,Wardha,FAQ,Sindi,4900,4800,4870.0,Maharashtra,Other
2016-11-25,Cotton,15,Parbhani,FAQ,Parbhani,5060,5020,5045.0,Maharashtra,Other
2016-11-25,Cotton,15,Yavatmal,FAQ,Ralegaon,4920,4800,4880.0,Maharashtra,Other
2016-11-26,Cotton,15,Yavatmal,FAQ,ZariZamini,4900,4850,4872.0,Maharashtra,Other
2016-11-26,Cotton,15,Wardha,FAQ,Arvi,4940,4900,4930.0,Maharashtra,H-4(A) 27mm FIne
2016-11-26,Cotton,15,Yavatmal,FAQ,Vani,4955,4800,4912.0,Maharashtra,Desi
2016-11-26,Cotton,15,Nagpur,FAQ,Savner,4925,4875,4900.0,Maharashtra,Other
2016-11-27,Cotton,15,Nanded,FAQ,Kinwat,4700,4500,4600.0,Maharashtra,Other
2016-11-27,Cotton,15,Yavatmal,FAQ,Vani,4955,4800,4896.0,Maharashtra,Desi
2016-11-28,Cotton,15,Parbhani,FAQ,Gangakhed,4800,4160,4750.0,Maharashtra,N-44
2016-11-28,Cotton,15,Parbhani,FAQ,Manwat,5046,4901,4971.0,Maharashtra,Other
2016-11-28,Cotton,15,Vashim,FAQ,Mangrulpeer,4900,4900,4900.0,Maharashtra,Other
2016-11-28,Cotton,15,Yavatmal,FAQ,Kalamb,4900,4700,4800.0,Maharashtra,LRA
2016-11-28,Cotton,15,Yavatmal,FAQ,Vani,4950,4800,4902.0,Maharashtra,Desi
2016-11-28,Cotton,15,Wardha,FAQ,Wardha,4950,4850,4900.0,Maharashtra,Other
2016-11-28,Cotton,15,Wardha,FAQ,Sindi,4900,4800,4850.0,Maharashtra,Other
2016-11-29,Cotton,15,Wardha,FAQ,Arvi,5050,4900,5000.0,Maharashtra,H-4(A) 27mm FIne
2016-11-29,Cotton,15,Nanded,FAQ,Hadgaon(Tamsa),5000,4600,4800.0,Maharashtra,Other
2016-11-30,Cotton,15,Wardha,FAQ,Samudrapur,5000,4800,4900.0,Maharashtra,Other
2016-11-30,Cotton,15,Yavatmal,FAQ,Vani,5020,4850,4984.0,Maharashtra,Desi
2016-11-30,Cotton,15,Parbhani,FAQ,Sonpeth,5000,4880,4950.0,Maharashtra,Other
2016-11-30,Cotton,15,Yavatmal,FAQ,Kalamb,4900,4700,4800.0,Maharashtra,LRA
2016-12-01,Cotton,15,Yavatmal,FAQ,Digras,4750,4750,4750.0,Maharashtra,Other
2016-12-01,Cotton,15,Yavatmal,FAQ,Mahagaon,4900,4700,4800.0,Maharashtra,Desi
2016-12-01,Cotton,15,Parbhani,FAQ,Sonpeth,5000,4900,4950.0,Maharashtra,Other
2016-12-01,Cotton,15,Yavatmal,FAQ,Ralegaon,5050,4850,5010.0,Maharashtra,Other
2016-12-01,Cotton,15,Parbhani,FAQ,Parbhani,5075,5025,5060.0,Maharashtra,Other
2016-12-01,Cotton,15,Wardha,FAQ,Wardha,5010,4750,4850.0,Maharashtra,Other
2016-12-01,Cotton,15,Nanded,FAQ,Bhokar,4900,4700,4800.0,Maharashtra,Other
2016-12-01,Cotton,15,Yavatmal,FAQ,ZariZamini,4970,4600,4942.0,Maharashtra,Other
2016-12-01,Cotton,15,Parbhani,FAQ,Selu,5165,4951,5050.0,Maharashtra,Other
2016-12-01,Cotton,15,Yavatmal,FAQ,Yeotmal,4990,4800,4945.0,Maharashtra,Other
2016-12-02,Cotton,15,Nagpur,FAQ,Savner,4960,4940,4950.0,Maharashtra,Other
2016-12-02,Cotton,15,Nandurbar,FAQ,Navapur,4500,4500,4500.0,Maharashtra,Other
2016-12-02,Cotton,15,Nagpur,FAQ,Umared,4950,4885,4900.0,Maharashtra,Desi
2016-12-02,Cotton,15,Yavatmal,FAQ,Ghatanji,4975,4850,4900.0,Maharashtra,LRA
2016-12-02,Cotton,15,Wardha,FAQ,Sindi,4990,4800,4950.0,Maharashtra,Other
2016-12-03,Cotton,15,Wardha,FAQ,Samudrapur,5025,4940,4970.0,Maharashtra,Other
2016-12-03,Cotton,15,Parbhani,FAQ,Sonpeth,5000,4875,4970.0,Maharashtra,Other
2016-12-03,Cotton,15,Parbhani,FAQ,Selu,5160,4900,5051.0,Maharashtra,Other
2016-12-03,Cotton,15,Wardha,FAQ,Arvi,5100,5000,5050.0,Maharashtra,H-4(A) 27mm FIne
2016-12-04,Cotton,15,Nandurbar,FAQ,Navapur,4500,4000,4166.0,Maharashtra,Other
2016-12-05,Cotton,15,Yavatmal,FAQ,Maregoan,5000,4800,4900.0,Maharashtra,Other
2016-12-06,Cotton,15,Yavatmal,FAQ,Digras,4850,4765,4835.0,Maharashtra,Other
2016-12-06,Cotton,15,Yavatmal,FAQ,Vani,5035,4900,4999.0,Maharashtra,Desi
2016-12-06,Cotton,15,Yavatmal,FAQ,Mahagaon,4900,4700,4800.0,Maharashtra,Desi
2016-12-06,Cotton,15,Parbhani,FAQ,Manwat,5200,5100,5156.0,Maharashtra,Other
2016-12-07,Cotton,15,Wardha,FAQ,Sindi(Selu),5010,4900,4930.0,Maharashtra,Other
2016-12-07,Cotton,15,Yavatmal,FAQ,Kalamb,5050,4850,4900.0,Maharashtra,LRA
2016-12-07,Cotton,15,Yavatmal,FAQ,Babhulgaon,5100,4900,5001.0,Maharashtra,Other
2016-12-08,Cotton,15,Parbhani,FAQ,Sonpeth,5050,4950,5000.0,Maharashtra,Other
2016-12-08,Cotton,15,Yavatmal,FAQ,Maregoan,4950,4750,4850.0,Maharashtra,Other
2016-12-08,Cotton,15,Nagpur,FAQ,Savner,5000,4960,4980.0,Maharashtra,Other
2016-12-08,Cotton,15,Wardha,FAQ,Arvi,5050,5000,5020.0,Maharashtra,H-4(A) 27mm FIne
2016-12-08,Cotton,15,Parbhani,FAQ,Gangakhed,5100,4160,5000.0,Maharashtra,N-44
2016-12-08,Cotton,15,Yavatmal,FAQ,Yeotmal,4970,4850,4925.0,Maharashtra,Other
2016-12-09,Cotton,15,Nanded,FAQ,Hadgaon(Tamsa),4900,4700,4800.0,Maharashtra,Other
2016-12-09,Cotton,15,Yavatmal,FAQ,Ralegaon,5045,4950,4990.0,Maharashtra,Other
2016-12-09,Cotton,15,Yavatmal,FAQ,Kalamb,5000,4800,4900.0,Maharashtra,LRA
2016-12-10,Cotton,15,Nagpur,FAQ,Savner,4977,4930,4950.0,Maharashtra,Other
2016-12-10,Cotton,15,Parbhani,FAQ,Manwat,5021,4950,4990.0,Maharashtra,Other
2016-12-10,Cotton,15,Nanded,FAQ,Kinwat,4700,4500,4600.0,Maharashtra,Other
2016-12-10,Cotton,15,Parbhani,FAQ,Sonpeth,4975,4950,4960.0,Maharashtra,Other
2016-12-10,Cotton,15,Yavatmal,FAQ,Ghatanji,4950,4800,4850.0,Maharashtra,LRA
2016-12-10,Cotton,15,Vashim,FAQ,Mangrulpeer,5000,5000,5000.0,Maharashtra,Other
2016-12-10,Cotton,15,Wardha,FAQ,Samudrapur,4980,4900,4930.0,Maharashtra,Other
2016-12-11,Cotton,15,Wardha,FAQ,Arvi,5040,5000,5020.0,Maharashtra,H-4(A) 27mm FIne
2016-12-12,Cotton,15,Nanded,FAQ,Kinwat,4700,4500,4600.0,Maharashtra,Other
2016-12-12,Cotton,15,Wardha,FAQ,Arvi,5050,5000,5030.0,Maharashtra,H-4(A) 27mm FIne
2016-12-13,Cotton,15,Yavatmal,FAQ,Maregoan,5000,4800,4900.0,Maharashtra,Other
2016-12-13,Cotton,15,Parbhani,FAQ,Jintur,5100,4900,5000.0,Maharashtra,Desi
2016-12-13,Cotton,15,Yavatmal,FAQ,Mahagaon,5000,4600,4800.0,Maharashtra,Desi
2016-12-13,Cotton,15,Yavatmal,FAQ,Ghatanji,4945,4850,4850.0,Maharashtra,LRA
2016-12-13,Cotton,15,Wardha,FAQ,Arvi,5040,5000,5020.0,Maharashtra,H-4(A) 27mm FIne
2016-12-13,Cotton,15,Yavatmal,FAQ,Yeotmal,5040,4910,4985.0,Maharashtra,Other
2016-12-13,Cotton,15,Wardha,FAQ,Samudrapur,5010,4900,4950.0,Maharashtra,Other
2016-12-13,Cotton,15,Parbhani,FAQ,Sonpeth,5000,4950,4970.0,Maharashtra,Other
2016-12-13,Cotton,15,Yavatmal,FAQ,Ralegaon,5045,4950,4990.0,Maharashtra,Other
2016-12-13,Cotton,15,Wardha,FAQ,Sindi(Selu),4970,4850,4900.0,Maharashtra,Other
2016-12-14,Cotton,15,Wardha,FAQ,Arvi,5040,5000,5030.0,Maharashtra,H-4(A) 27mm FIne
2016-12-14,Cotton,15,Parbhani,FAQ,Selu,5165,4860,5040.0,Maharashtra,Other
2016-12-14,Cotton,15,Parbhani,FAQ,Gangakhed,5000,4160,4900.0,Maharashtra,N-44
2016-12-15,Cotton,15,Parbhani,FAQ,Gangakhed,5000,4160,4900.0,Maharashtra,N-44
2016-12-15,Cotton,15,Nandurbar,FAQ,Navapur,4500,4500,4500.0,Maharashtra,Other
2016-12-15,Cotton,15,Yavatmal,FAQ,Yeotmal,5025,4800,4910.0,Maharashtra,Other
2016-12-15,Cotton,15,Wardha,FAQ,Sindi,5090,5000,5050.0,Maharashtra,Other
2016-12-15,Cotton,15,Parbhani,FAQ,Parbhani,5100,5030,5070.0,Maharashtra,Other
2016-12-15,Cotton,15,Yavatmal,FAQ,Vani,5070,4925,5010.0,Maharashtra,Desi
2016-12-15,Cotton,15,Parbhani,FAQ,Selu,5165,4900,5100.0,Maharashtra,Other
2016-12-15,Cotton,15,Nanded,FAQ,Hadgaon(Tamsa),5000,4600,4800.0,Maharashtra,Other
2016-12-15,Cotton,15,Parbhani,FAQ,Jintur,5100,4850,4950.0,Maharashtra,Desi
2016-12-16,Cotton,15,Wardha,FAQ,Samudrapur,5030,5000,5000.0,Maharashtra,Other
2016-12-16,Cotton,15,Yavatmal,FAQ,ZariZamini,5010,4925,4996.0,Maharashtra,Other
2016-12-16,Cotton,15,Yavatmal,FAQ,Kalamb,5000,4800,4900.0,Maharashtra,LRA
2016-12-16,Cotton,15,Wardha,FAQ,Sindi,5090,5000,5040.0,Maharashtra,Other
2016-12-16,Cotton,15,Yavatmal,FAQ,Digras,4900,4865,4885.0,Maharashtra,Other
2016-12-16,Cotton,15,Nanded,FAQ,Hadgaon,5000,4600,4800.0,Maharashtra,Other
2016-12-17,Cotton,15,Yavatmal,FAQ,Vani,5055,4900,5030.0,Maharashtra,Desi
2016-12-17,Cotton,15,Parbhani,FAQ,Manwat,5151,5011,5026.0,Maharashtra,Other
2016-12-17,Cotton,15,Parbhani,FAQ,Selu,5181,4974,5120.0,Maharashtra,Other
2016-12-17,Cotton,15,Parbhani,FAQ,Jintur,5100,4800,4950.0,Maharashtra,Desi
2016-12-19,Cotton,15,Yavatmal,FAQ,Ghatanji,5070,4950,5000.0,Maharashtra,LRA
2016-12-19,Cotton,15,Wardha,FAQ,Sindi,5100,5000,5070.0,Maharashtra,Other
2016-12-19,Cotton,15,Yavatmal,FAQ,Mahagaon,5000,4600,4800.0,Maharashtra,Desi
2016-12-19,Cotton,15,Yavatmal,FAQ,Yeotmal,5050,4900,4985.0,Maharashtra,Other
2016-12-19,Cotton,15,Yavatmal,FAQ,Maregoan,5200,5000,5100.0,Maharashtra,Other
2016-12-19,Cotton,15,Yavatmal,FAQ,ZariZamini,5020,4950,5011.0,Maharashtra,Other
2016-12-20,Cotton,15,Yavatmal,FAQ,ZariZamini,4970,4850,4953.0,Maharashtra,Other
2016-12-20,Cotton,15,Wardha,FAQ,Sindi(Selu),5010,4950,4975.0,Maharashtra,Other
2016-12-20,Cotton,15,Yavatmal,FAQ,Ghatanji,4965,4900,4920.0,Maharashtra,LRA
2016-12-21,Cotton,15,Parbhani,FAQ,Manwat,5100,4999,5076.0,Maharashtra,Other
2016-12-21,Cotton,15,Yavatmal,FAQ,Maregoan,5025,4800,4900.0,Maharashtra,Other
2016-12-21,Cotton,15,Parbhani,FAQ,Sonpeth,5025,4950,5010.0,Maharashtra,Other
2016-12-21,Cotton,15,Parbhani,FAQ,Selu,5167,4900,5060.0,Maharashtra,Other
2016-12-21,Cotton,15,Vashim,FAQ,Mangrulpeer,5000,4950,5000.0,Maharashtra,Other
2016-12-21,Cotton,15,Nagpur,FAQ,Umared,5000,4900,4950.0,Maharashtra,Desi
2016-12-22,Cotton,15,Parbhani,FAQ,Parbhani,5115,5030,5080.0,Maharashtra,Other
2016-12-23,Cotton,15,Yavatmal,FAQ,Mahagaon,4900,4700,4800.0,Maharashtra,Desi
2016-12-23,Cotton,15,Parbhani,FAQ,Selu,5200,4749,5100.0,Maharashtra,Other
2016-12-23,Cotton,15,Parbhani,FAQ,Parbhani,5120,5050,5080.0,Maharashtra,Other
2016-12-23,Cotton,15,Parbhani,FAQ,Gangakhed,4900,4160,4800.0,Maharashtra,N-44
2016-12-23,Cotton,15,Wardha,FAQ,Arvi,5070,5000,5050.0,Maharashtra,H-4(A) 27mm FIne
2016-12-23,Cotton,15,Yavatmal,FAQ,Yeotmal,5040,4960,5010.0,Maharashtra,Other
2016-12-24,Cotton,15,Parbhani,FAQ,Manwat,5136,5065,5116.0,Maharashtra,Other
2016-12-24,Cotton,15,Nagpur,FAQ,Savner,4975,4960,4970.0,Maharashtra,Other
2016-12-24,Cotton,15,Yavatmal,FAQ,Yeotmal,5040,4900,4975.0,Maharashtra,Other
2016-12-25,Cotton,15,Vashim,FAQ,Mangrulpeer,5000,4950,5000.0,Maharashtra,Other
2016-12-25,Cotton,15,Parbhani,FAQ,Sonpeth,5070,5000,5050.0,Maharashtra,Other
2016-12-26,Cotton,15,Wardha,FAQ,Samudrapur,5111,5000,5040.0,Maharashtra,Other
2016-12-26,Cotton,15,Yavatmal,FAQ,Ralegaon,5150,5000,5090.0,Maharashtra,Other
2016-12-26,Cotton,15,Wardha,FAQ,Sindi(Selu),5050,4975,5000.0,Maharashtra,Other
2016-12-26,Cotton,15,Yavatmal,FAQ,Digras,4850,4765,4795.0,Maharashtra,Other
2016-12-26,Cotton,15,Parbhani,FAQ,Manwat,5238,5191,5210.0,Maharashtra,Other
2016-12-26,Cotton,15,Wardha,FAQ,Sindi,5120,5050,5100.0,Maharashtra,Other
2016-12-26,Cotton,15,Yavatmal,FAQ,Mahagaon,4900,4700,4800.0,Maharashtra,Desi
2016-12-27,Cotton,15,Yavatmal,FAQ,Ralegaon,5145,5000,5080.0,Maharashtra,Other
2016-12-28,Cotton,15,Yavatmal,FAQ,Kalamb,5100,4900,5000.0,Maharashtra,LRA
2016-12-28,Cotton,15,Yavatmal,FAQ,Ghatanji,5105,5000,5050.0,Maharashtra,LRA
2016-12-28,Cotton,15,Yavatmal,FAQ,Digras,4885,4765,4835.0,Maharashtra,Other
2016-12-28,Cotton,15,Yavatmal,FAQ,Ralegaon,5180,5000,5150.0,Maharashtra,Other
2016-12-29,Cotton,15,Yavatmal,FAQ,Ghatanji,5100,4950,5050.0,Maharashtra,LRA
2016-12-29,Cotton,15,Parbhani,FAQ,Parbhani,5230,5100,5190.0,Maharashtra,Other
2016-12-29,Cotton,15,Parbhani,FAQ,Sonpeth,5150,5000,5075.0,Maharashtra,Other
2016-12-29,Cotton,15,Yavatmal,FAQ,Maregoan,5235,5035,5135.0,Maharashtra,Other
2016-12-29,Cotton,15,Parbhani,FAQ,Selu,5350,4881,5250.0,Maharashtra,Other
2016-12-29,Cotton,15,Nagpur,FAQ,Savner,5060,5000,5040.0,Maharashtra,Other
2016-12-30,Cotton,15,Yavatmal,FAQ,Maregoan,5250,5050,5150.0,Maharashtra,Other
2016-12-30,Cotton,15,Nagpur,FAQ,Parshiwani,5050,5000,5025.0,Maharashtra,H-4(A) 27mm FIne
2016-12-30,Cotton,15,Parbhani,FAQ,Manwat,5351,5151,5300.0,Maharashtra,Other
2016-12-30,Cotton,15,Parbhani,FAQ,Parbhani,5285,5190,5200.0,Maharashtra,Other
2016-12-30,Cotton,15,Vashim,FAQ,Mangrulpeer,5100,5000,5000.0,Maharashtra,Other
2016-12-30,Cotton,15,Parbhani,FAQ,Selu,5360,5041,5270.0,Maharashtra,Other
2016-12-31,Cotton,15,Wardha,FAQ,Arvi,5410,5390,5400.0,Maharashtra,H-4(A) 27mm FIne
2016-12-31,Cotton,15,Yavatmal,FAQ,Kalamb,5330,5050,5151.0,Maharashtra,LRA
2016-12-31,Cotton,15,Nagpur,FAQ,Savner,5100,5050,5075.0,Maharashtra,Other
2016-12-31,Cotton,15,Nagpur,FAQ,Parshiwani,5100,5050,5075.0,Maharashtra,H-4(A) 27mm FIne
2016-12-31,Cotton,15,Nanded,FAQ,Hadgaon(Tamsa),5050,4800,4950.0,Maharashtra,Other
2016-12-31,Cotton,15,Vashim,FAQ,Mangrulpeer,5100,5000,5000.0,Maharashtra,Other
2018-01-01,Cotton,15,Chandrapur,FAQ,Varora,5150,4900,5025.0,Maharashtra,Desi
2018-01-01,Cotton,15,Chandrapur,FAQ,Rajura,5125,4800,5051.0,Maharashtra,Other
2018-01-02,Cotton,15,Jalana,FAQ,Partur,5211,4800,5000.0,Maharashtra,Other
2018-01-02,Cotton,15,Jalana,FAQ,Partur(Vatur),5150,4900,5000.0,Maharashtra,Other
2018-01-03,Cotton,15,Jalana,FAQ,Partur(Vatur),5100,4500,5000.0,Maharashtra,Other
2018-01-03,Cotton,15,Chandrapur,FAQ,Varora,5150,4900,5025.0,Maharashtra,Desi
2018-01-03,Cotton,15,Jalana,FAQ,Partur,5211,4600,5150.0,Maharashtra,Other
2018-01-03,Cotton,15,Jalana,FAQ,Mantha,5100,4800,4975.0,Maharashtra,Desi
2018-01-04,Cotton,15,Jalana,FAQ,Jalana,5175,4325,5100.0,Maharashtra,Other
2018-01-04,Cotton,15,Yavatmal,FAQ,Digras,5100,4345,4785.0,Maharashtra,Other
2018-01-04,Cotton,15,Chandrapur,FAQ,Varora,5100,4850,4975.0,Maharashtra,Desi
2018-01-05,Cotton,15,Jalana,FAQ,Jalana,5000,4600,4800.0,Maharashtra,Other
2018-01-05,Cotton,15,Chandrapur,FAQ,Varora,5100,4900,5000.0,Maharashtra,Desi
2018-01-05,Cotton,15,Jalana,FAQ,Mantha,5050,4800,4900.0,Maharashtra,Desi
2018-01-06,Cotton,15,Jalana,FAQ,Jalna(Badnapur),5000,4600,4800.0,Maharashtra,Other
2018-01-08,Cotton,15,Wardha,FAQ,Sindi,5190,5000,5060.0,Maharashtra,Other
2018-01-09,Cotton,15,Jalana,FAQ,Partur(Vatur),5050,4400,4800.0,Maharashtra,Other
2018-01-10,Cotton,15,Wardha,FAQ,Sindi(Selu),5210,5100,5150.0,Maharashtra,Other
2018-01-10,Cotton,15,Chandrapur,FAQ,Varora,5100,4800,4950.0,Maharashtra,Desi
2018-01-10,Cotton,15,Jalana,FAQ,Ghansawangi,4400,4200,4300.0,Maharashtra,Other
2018-01-10,Cotton,15,Jalana,FAQ,Mantha,5050,4800,4925.0,Maharashtra,Desi
2018-01-10,Cotton,15,Jalana,FAQ,Jalana,5000,4500,4800.0,Maharashtra,Other
2018-01-12,Cotton,15,Chandrapur,FAQ,Rajura,5025,4800,4991.0,Maharashtra,Other
2018-01-12,Cotton,15,Chandrapur,FAQ,Varora,5125,4950,5038.0,Maharashtra,Desi
2018-01-13,Cotton,15,Jalana,FAQ,Jalana,5100,4400,4800.0,Maharashtra,Other
2018-01-13,Cotton,15,Jalana,FAQ,Mantha,5050,4800,4950.0,Maharashtra,Desi
2018-01-13,Cotton,15,Jalana,FAQ,Partur,5100,4900,5000.0,Maharashtra,Other
2018-01-14,Cotton,15,Chandrapur,FAQ,Rajura,5025,4800,4971.0,Maharashtra,Other
2018-01-16,Cotton,15,Jalana,FAQ,Partur,5125,4800,5000.0,Maharashtra,Other
2018-01-16,Cotton,15,Yavatmal,FAQ,Digras,5060,4450,4785.0,Maharashtra,Other
2018-01-19,Cotton,15,Jalana,FAQ,Mantha,5150,4800,4925.0,Maharashtra,Desi
2018-01-19,Cotton,15,Wardha,FAQ,Wardha,5200,4800,5000.0,Maharashtra,Other
2018-01-19,Cotton,15,Yavatmal,FAQ,Ghatanji,5000,4850,4950.0,Maharashtra,LRA
2018-01-20,Cotton,15,Jalana,FAQ,Mantha,5150,4800,4950.0,Maharashtra,Desi
2018-01-20,Cotton,15,Chandrapur,FAQ,Varora,5150,4900,5025.0,Maharashtra,Desi
2018-01-22,Cotton,15,Jalana,FAQ,Mantha,5050,4500,4800.0,Maharashtra,Desi
2018-01-22,Cotton,15,Jalana,FAQ,Partur(Vatur),5000,4800,4900.0,Maharashtra,Other
2018-01-23,Cotton,15,Wardha,FAQ,Sindi(Selu),5235,5000,5120.0,Maharashtra,Other
2018-01-23,Cotton,15,Wardha,FAQ,Sindi,5275,5000,5145.0,Maharashtra,Other
2018-01-25,Cotton,15,Jalana,FAQ,Partur(Vatur),5050,4400,4900.0,Maharashtra,Other
2018-01-25,Cotton,15,Wardha,FAQ,Wardha,5100,4900,5000.0,Maharashtra,Other
2018-01-26,Cotton,15,Chandrapur,FAQ,Varora,5050,4700,4875.0,Maharashtra,Desi
2018-01-27,Cotton,15,Jalana,FAQ,Partur,5000,4500,4900.0,Maharashtra,Other
2018-01-28,Cotton,15,Chandrapur,FAQ,Rajura,4900,4500,4759.0,Maharashtra,Other
2018-01-28,Cotton,15,Jalana,FAQ,Mantha,4950,4400,4775.0,Maharashtra,Desi
2018-01-28,Cotton,15,Chandrapur,FAQ,Varora,4975,4500,4738.0,Maharashtra,Desi
2018-01-29,Cotton,15,Wardha,FAQ,Wardha,5150,4800,5050.0,Maharashtra,Other
2018-01-29,Cotton,15,Chandrapur,FAQ,Rajura,4875,4400,4735.0,Maharashtra,Other
2018-01-29,Cotton,15,Wardha,FAQ,Sindi,4950,4635,4905.0,Maharashtra,Other
2018-01-29,Cotton,15,Jalana,FAQ,Jalna(Badnapur),5000,4000,4400.0,Maharashtra,Other
2018-01-29,Cotton,15,Wardha,FAQ,Sindi(Selu),5040,4800,4900.0,Maharashtra,Other
2018-01-30,Cotton,15,Jalana,FAQ,Jalna(Badnapur),5000,4000,4300.0,Maharashtra,Other
2018-01-31,Cotton,15,Jalana,FAQ,Jalna(Badnapur),4800,4000,4200.0,Maharashtra,Other
2018-01-31,Cotton,15,Wardha,FAQ,Wardha,5000,4400,4750.0,Maharashtra,Other
2018-02-01,Cotton,15,Wardha,FAQ,Wardha,5000,4400,4750.0,Maharashtra,Other
2018-02-01,Cotton,15,Wardha,FAQ,Sindi(Selu),5115,4990,5050.0,Maharashtra,Other
2018-02-02,Cotton,15,Chandrapur,FAQ,Varora,4925,4500,4711.0,Maharashtra,Desi
2018-02-02,Cotton,15,Chandrapur,FAQ,Korpana,4850,4650,4700.0,Maharashtra,Other
2018-02-03,Cotton,15,Wardha,FAQ,Sindi(Selu),5150,5050,5100.0,Maharashtra,Other
2018-02-04,Cotton,15,Jalana,FAQ,Mantha,4900,4000,4550.0,Maharashtra,Desi
2018-02-06,Cotton,15,Yavatmal,FAQ,Ghatanji,5050,4850,5000.0,Maharashtra,LRA
2018-02-06,Cotton,15,Chandrapur,FAQ,Varora,5000,4800,4900.0,Maharashtra,Desi
2018-02-07,Cotton,15,Jalana,FAQ,Partur,4900,3800,4000.0,Maharashtra,Other
2018-02-07,Cotton,15,Chandrapur,FAQ,Rajura,4725,4200,4651.0,Maharashtra,Other
2018-02-07,Cotton,15,Chandrapur,FAQ,Varora,5000,4850,4925.0,Maharashtra,Desi
2018-02-08,Cotton,15,Yavatmal,FAQ,Ghatanji,5050,4750,5000.0,Maharashtra,LRA
2018-02-09,Cotton,15,Wardha,FAQ,Sindi,5055,4835,4925.0,Maharashtra,Other
2018-02-10,Cotton,15,Wardha,FAQ,Sindi(Selu),5200,4500,4950.0,Maharashtra,Other
2018-02-10,Cotton,15,Chandrapur,FAQ,Korpana,4800,4450,4700.0,Maharashtra,Other
2018-02-10,Cotton,15,Chandrapur,FAQ,Rajura,4800,4200,4690.0,Maharashtra,Other
2018-02-11,Cotton,15,Chandrapur,FAQ,Rajura,4825,4200,4671.0,Maharashtra,Other
2018-02-14,Cotton,15,Jalana,FAQ,Partur,4800,3700,4000.0,Maharashtra,Other
2018-02-14,Cotton,15,Wardha,FAQ,Sindi(Selu),5100,4000,4850.0,Maharashtra,Other
2018-02-14,Cotton,15,Chandrapur,FAQ,Varora,4950,4750,4850.0,Maharashtra,Desi
2018-02-14,Cotton,15,Jalana,FAQ,Ghansawangi,3800,3200,3600.0,Maharashtra,Other
2018-02-15,Cotton,15,Chandrapur,FAQ,Varora,4950,4700,4825.0,Maharashtra,Desi
2018-02-16,Cotton,15,Chandrapur,FAQ,Rajura,4725,4000,4651.0,Maharashtra,Other
2018-02-16,Cotton,15,Jalana,FAQ,Mantha,4900,3800,4250.0,Maharashtra,Desi
2018-02-17,Cotton,15,Wardha,FAQ,Sindi,4900,4400,4735.0,Maharashtra,Other
2018-02-19,Cotton,15,Chandrapur,FAQ,Varora,4850,4700,4775.0,Maharashtra,Desi
2018-02-21,Cotton,15,Jalana,FAQ,Partur,4900,3200,4000.0,Maharashtra,Other
2018-02-22,Cotton,15,Wardha,FAQ,Sindi,5000,4780,4840.0,Maharashtra,Other
2018-02-22,Cotton,15,Jalana,FAQ,Jalna(Badnapur),4800,3600,4000.0,Maharashtra,Other
2018-02-23,Cotton,15,Wardha,FAQ,Sindi,4885,4375,4625.0,Maharashtra,Other
2018-02-24,Cotton,15,Jalana,FAQ,Partur,4800,3600,3800.0,Maharashtra,Other
2018-02-25,Cotton,15,Chandrapur,FAQ,Rajura,4550,3700,4300.0,Maharashtra,Other
2018-02-27,Cotton,15,Jalana,FAQ,Mantha,4850,3200,3950.0,Maharashtra,Desi
2018-02-28,Cotton,15,Wardha,FAQ,Wardha,4900,4200,4550.0,Maharashtra,Other
2018-02-28,Cotton,15,Wardha,FAQ,Sindi(Selu),5100,4200,4800.0,Maharashtra,Other
2018-02-28,Cotton,15,Wardha,FAQ,Sindi,4920,4355,4625.0,Maharashtra,Other
2018-03-01,Cotton,15,Chandrapur,FAQ,Rajura,4600,3600,4475.0,Maharashtra,Other
2018-03-01,Cotton,15,Wardha,FAQ,Sindi(Selu),5050,4100,4750.0,Maharashtra,Other
2018-03-03,Cotton,15,Chandrapur,FAQ,Varora,4750,4650,4700.0,Maharashtra,Desi
2018-03-03,Cotton,15,Jalana,FAQ,Partur,4800,3300,4000.0,Maharashtra,Other
2018-03-06,Cotton,15,Chandrapur,FAQ,Rajura,4625,3000,4481.0,Maharashtra,Other
2018-03-07,Cotton,15,Chandrapur,FAQ,Rajura,4650,3200,4485.0,Maharashtra,Other
2018-03-07,Cotton,15,Yavatmal,FAQ,Ghatanji,4950,4800,4900.0,Maharashtra,LRA
2018-03-08,Cotton,15,Jalana,FAQ,Mantha,4800,3200,3875.0,Maharashtra,Desi
2018-03-08,Cotton,15,Yavatmal,FAQ,Ghatanji,4960,4800,4900.0,Maharashtra,LRA
2018-03-09,Cotton,15,Jalana,FAQ,Mantha,4800,3300,3800.0,Maharashtra,Desi
2018-03-09,Cotton,15,Chandrapur,FAQ,Rajura,4550,3200,4410.0,Maharashtra,Other
2018-03-09,Cotton,15,Yavatmal,FAQ,Ghatanji,4900,4850,4880.0,Maharashtra,LRA
2018-03-12,Cotton,15,Jalana,FAQ,Jalna(Badnapur),4600,3300,3800.0,Maharashtra,Other
2018-03-12,Cotton,15,Chandrapur,FAQ,Rajura,4600,2900,4025.0,Maharashtra,Other
2018-03-15,Cotton,15,Wardha,FAQ,Wardha,4900,3500,4550.0,Maharashtra,Other
2018-03-15,Cotton,15,Jalana,FAQ,Jalna(Badnapur),4700,3400,4000.0,Maharashtra,Other
2018-03-15,Cotton,15,Jalana,FAQ,Ghansawangi,3300,3000,3100.0,Maharashtra,Other
2018-03-16,Cotton,15,Chandrapur,FAQ,Varora,4800,4400,4600.0,Maharashtra,Desi
2018-03-16,Cotton,15,Wardha,FAQ,Sindi,4700,3900,4455.0,Maharashtra,Other
2018-03-16,Cotton,15,Wardha,FAQ,Wardha,4750,3500,4350.0,Maharashtra,Other
2018-03-16,Cotton,15,Chandrapur,FAQ,Rajura,4525,3000,4260.0,Maharashtra,Other
2018-03-17,Cotton,15,Wardha,FAQ,Sindi,4675,4050,4415.0,Maharashtra,Other
2018-03-18,Cotton,15,Chandrapur,FAQ,Rajura,4450,2800,4070.0,Maharashtra,Other
2018-03-19,Cotton,15,Chandrapur,FAQ,Varora,4800,4500,4650.0,Maharashtra,Desi
2018-03-19,Cotton,15,Wardha,FAQ,Sindi,4715,3650,4360.0,Maharashtra,Other
2018-03-20,Cotton,15,Wardha,FAQ,Wardha,4900,3500,4350.0,Maharashtra,Other
2018-03-21,Cotton,15,Jalana,FAQ,Mantha,4700,3000,3525.0,Maharashtra,Desi
2018-03-21,Cotton,15,Chandrapur,FAQ,Varora,4750,4500,4625.0,Maharashtra,Desi
2018-03-22,Cotton,15,Jalana,FAQ,Mantha,4700,3000,3515.0,Maharashtra,Desi
2018-03-22,Cotton,15,Wardha,FAQ,Sindi,4695,3650,4425.0,Maharashtra,Other
2018-03-23,Cotton,15,Jalana,FAQ,Partur,4800,3000,4000.0,Maharashtra,Other
2018-03-24,Cotton,15,Jalana,FAQ,Jalna(Badnapur),4600,2900,3500.0,Maharashtra,Other
2018-03-27,Cotton,15,Wardha,FAQ,Wardha,4800,3550,4350.0,Maharashtra,Other
2018-03-31,Cotton,15,Jalana,FAQ,Mantha,4615,3000,3475.0,Maharashtra,Desi
2018-03-31,Cotton,15,Chandrapur,FAQ,Varora,4700,4500,4600.0,Maharashtra,Desi
2018-04-01,Cotton,15,Chandrapur,FAQ,Rajura,4550,3000,4346.0,Maharashtra,Other
2018-04-01,Cotton,15,Jalana,FAQ,Partur,4650,2800,4000.0,Maharashtra,Other
2018-04-02,Cotton,15,Wardha,FAQ,Wardha,5050,3600,4550.0,Maharashtra,Other
2018-04-03,Cotton,15,Chandrapur,FAQ,Rajura,4650,2800,4425.0,Maharashtra,Other
2018-04-03,Cotton,15,Wardha,FAQ,Sindi(Selu),5200,4000,4800.0,Maharashtra,Other
2018-04-03,Cotton,15,Jalana,FAQ,Mantha,4700,3035,3545.0,Maharashtra,Desi
2018-04-04,Cotton,15,Jalana,FAQ,Mantha,4700,3100,3815.0,Maharashtra,Desi
2018-04-04,Cotton,15,Chandrapur,FAQ,Rajura,4700,3000,4461.0,Maharashtra,Other
2018-04-05,Cotton,15,Chandrapur,FAQ,Korpana,4600,4350,4450.0,Maharashtra,Other
2018-04-05,Cotton,15,Wardha,FAQ,Sindi,4820,4350,4540.0,Maharashtra,Other
2018-04-06,Cotton,15,Jalana,FAQ,Jalna(Badnapur),4600,3000,3500.0,Maharashtra,Other
2018-04-06,Cotton,15,Chandrapur,FAQ,Varora,4750,4550,4650.0,Maharashtra,Desi
2018-04-07,Cotton,15,Wardha,FAQ,Sindi,5185,4365,4720.0,Maharashtra,Other
2018-04-08,Cotton,15,Jalana,FAQ,Mantha,4800,3200,3565.0,Maharashtra,Desi
2018-04-09,Cotton,15,Jalana,FAQ,Jalna(Badnapur),4600,3000,3500.0,Maharashtra,Other
2018-04-10,Cotton,15,Jalana,FAQ,Partur,4800,3000,4000.0,Maharashtra,Other
2018-04-11,Cotton,15,Jalana,FAQ,Mantha,4900,3000,4000.0,Maharashtra,Desi
2018-04-11,Cotton,15,Chandrapur,FAQ,Varora,4850,4550,4700.0,Maharashtra,Desi
2018-04-11,Cotton,15,Chandrapur,FAQ,Rajura,4800,3000,4625.0,Maharashtra,Other
2018-04-11,Cotton,15,Jalana,FAQ,Jalna(Badnapur),4600,3000,3500.0,Maharashtra,Other
2018-04-13,Cotton,15,Chandrapur,FAQ,Varora,4850,4550,4700.0,Maharashtra,Desi
2018-04-13,Cotton,15,Wardha,FAQ,Wardha,4925,3525,4350.0,Maharashtra,Other
2018-04-14,Cotton,15,Chandrapur,FAQ,Rajura,4750,3000,4505.0,Maharashtra,Other
2018-04-15,Cotton,15,Chandrapur,FAQ,Varora,4900,4550,4725.0,Maharashtra,Desi
2018-04-16,Cotton,15,Wardha,FAQ,Sindi(Selu),5000,4000,4700.0,Maharashtra,Other
2018-04-17,Cotton,15,Wardha,FAQ,Sindi,5015,3300,4725.0,Maharashtra,Other
2018-04-17,Cotton,15,Jalana,FAQ,Partur,4800,3000,4000.0,Maharashtra,Other
2018-04-18,Cotton,15,Jalana,FAQ,Partur,4800,3000,3800.0,Maharashtra,Other
2018-04-18,Cotton,15,Chandrapur,FAQ,Rajura,4775,3500,4615.0,Maharashtra,Other
2018-04-19,Cotton,15,Jalana,FAQ,Jalna(Badnapur),4700,3000,3500.0,Maharashtra,Other
2018-04-19,Cotton,15,Wardha,FAQ,Wardha,5000,3600,4450.0,Maharashtra,Other
2018-04-20,Cotton,15,Chandrapur,FAQ,Korpana,4600,4400,4500.0,Maharashtra,Other
2018-04-20,Cotton,15,Wardha,FAQ,Sindi,4970,3755,4545.0,Maharashtra,Other
2018-04-20,Cotton,15,Jalana,FAQ,Partur,4800,3000,3800.0,Maharashtra,Other
2018-04-23,Cotton,15,Jalana,FAQ,Mantha,4900,3000,4060.0,Maharashtra,Desi
2018-04-23,Cotton,15,Wardha,FAQ,Sindi,4840,3000,4445.0,Maharashtra,Other
2018-04-23,Cotton,15,Wardha,FAQ,Wardha,4900,3650,4550.0,Maharashtra,Other
2018-04-24,Cotton,15,Jalana,FAQ,Jalna(Badnapur),4600,3000,3500.0,Maharashtra,Other
2018-04-24,Cotton,15,Chandrapur,FAQ,Rajura,4710,3200,4560.0,Maharashtra,Other
2018-04-25,Cotton,15,Wardha,FAQ,Sindi(Selu),4900,3800,4700.0,Maharashtra,Other
2018-04-25,Cotton,15,Wardha,FAQ,Wardha,4800,3500,4350.0,Maharashtra,Other
2018-04-26,Cotton,15,Chandrapur,FAQ,Varora,4700,4500,4600.0,Maharashtra,Desi
2018-04-28,Cotton,15,Wardha,FAQ,Sindi(Selu),4800,3800,4500.0,Maharashtra,Other
2018-04-28,Cotton,15,Jalana,FAQ,Mantha,4850,3000,3200.0,Maharashtra,Desi
2018-04-29,Cotton,15,Jalana,FAQ,Mantha,4850,3000,3200.0,Maharashtra,Desi
2018-05-01,Cotton,15,Chandrapur,FAQ,Varora,4700,4500,4600.0,Maharashtra,Desi
2018-05-03,Cotton,15,Jalana,FAQ,Ghansawangi,3200,2800,3000.0,Maharashtra,Other
2018-05-03,Cotton,15,Jalana,FAQ,Mantha,4800,3000,3500.0,Maharashtra,Desi
2018-05-03,Cotton,15,Chandrapur,FAQ,Varora,4800,4550,4675.0,Maharashtra,Desi
2018-05-04,Cotton,15,Chandrapur,FAQ,Rajura,4725,3200,4625.0,Maharashtra,Other
2018-05-05,Cotton,15,Wardha,FAQ,Sindi(Selu),5005,4000,4700.0,Maharashtra,Other
2018-05-05,Cotton,15,Jalana,FAQ,Partur,4500,3000,4000.0,Maharashtra,Other
2018-05-06,Cotton,15,Chandrapur,FAQ,Rajura,4800,4000,4725.0,Maharashtra,Other
2018-05-07,Cotton,15,Chandrapur,FAQ,Rajura,4800,4000,4685.0,Maharashtra,Other
2018-05-07,Cotton,15,Jalana,FAQ,Partur,4900,3000,4000.0,Maharashtra,Other
2018-05-07,Cotton,15,Yavatmal,FAQ,Ghatanji,4775,4550,4650.0,Maharashtra,LRA
2018-05-08,Cotton,15,Chandrapur,FAQ,Varora,4850,4550,4700.0,Maharashtra,Desi
2018-05-08,Cotton,15,Wardha,FAQ,Wardha,4950,3600,4300.0,Maharashtra,Other
2018-05-08,Cotton,15,Wardha,FAQ,Sindi(Selu),5015,3800,4400.0,Maharashtra,Other
2018-05-10,Cotton,15,Jalana,FAQ,Mantha,4800,2800,3400.0,Maharashtra,Desi
2018-05-10,Cotton,15,Jalana,FAQ,Partur,4800,3000,4000.0,Maharashtra,Other
2018-05-11,Cotton,15,Jalana,FAQ,Mantha,4900,2800,3420.0,Maharashtra,Desi
2018-05-13,Cotton,15,Chandrapur,FAQ,Rajura,4800,4800,4800.0,Maharashtra,Other
2018-05-14,Cotton,15,Wardha,FAQ,Sindi(Selu),5115,4000,4600.0,Maharashtra,Other
2018-05-14,Cotton,15,Chandrapur,FAQ,Rajura,4800,4700,4749.0,Maharashtra,Other
2018-05-16,Cotton,15,Jalana,FAQ,Ghansawangi,3300,3000,3100.0,Maharashtra,Other
2018-05-18,Cotton,15,Chandrapur,FAQ,Varora,4900,4800,4850.0,Maharashtra,Desi
2018-05-19,Cotton,15,Jalana,FAQ,Mantha,4825,2850,3375.0,Maharashtra,Desi
2018-05-20,Cotton,15,Chandrapur,FAQ,Varora,4950,4800,4875.0,Maharashtra,Desi
2018-05-22,Cotton,15,Wardha,FAQ,Sindi(Selu),4950,4000,4500.0,Maharashtra,Other
2018-05-23,Cotton,15,Wardha,FAQ,Sindi(Selu),5000,4000,4800.0,Maharashtra,Other
2018-05-24,Cotton,15,Wardha,FAQ,Wardha,4950,3500,4300.0,Maharashtra,Other
2018-05-25,Cotton,15,Wardha,FAQ,Wardha,4950,3500,4350.0,Maharashtra,Other
2018-05-28,Cotton,15,Yavatmal,FAQ,Ghatanji,5050,4950,5000.0,Maharashtra,LRA
2018-10-13,Cotton,15,Yavatmal,FAQ,Ghatanji,5400,5300,5350.0,Maharashtra,LRA
2018-10-14,Cotton,15,Jalana,FAQ,Mantha,5400,5000,5200.0,Maharashtra,Desi
2018-10-15,Cotton,15,Jalana,FAQ,Mantha,5500,5000,5250.0,Maharashtra,Desi
2018-10-15,Cotton,15,Chandrapur,FAQ,Rajura,5418,5418,5418.0,Maharashtra,Other
2018-10-17,Cotton,15,Jalana,FAQ,Mantha,5800,5000,5500.0,Maharashtra,Desi
2018-10-17,Cotton,15,Jalana,FAQ,Ghansawangi,6200,5800,6100.0,Maharashtra,Other
2018-10-18,Cotton,15,Jalana,FAQ,Mantha,5900,5000,5550.0,Maharashtra,Desi
2018-10-21,Cotton,15,Jalana,FAQ,Mantha,5900,5100,5650.0,Maharashtra,Desi
2018-10-22,Cotton,15,Chandrapur,FAQ,Rajura,5500,5500,5500.0,Maharashtra,Other
2018-10-22,Cotton,15,Jalana,FAQ,Mantha,5900,5100,5650.0,Maharashtra,Desi
2018-10-23,Cotton,15,Chandrapur,FAQ,Rajura,5600,5600,5600.0,Maharashtra,Other
2018-10-24,Cotton,15,Wardha,FAQ,Sindi(Selu),5700,5600,5650.0,Maharashtra,Other
2018-10-25,Cotton,15,Wardha,FAQ,Sindi(Selu),5650,5600,5640.0,Maharashtra,Other
2018-10-26,Cotton,15,Chandrapur,FAQ,Varora,5851,5600,5725.0,Maharashtra,Desi
2018-10-27,Cotton,15,Chandrapur,FAQ,Korpana,5850,5825,5850.0,Maharashtra,Other
2018-10-28,Cotton,15,Chandrapur,FAQ,Rajura,5850,5840,5849.0,Maharashtra,Other
2018-10-29,Cotton,15,Wardha,FAQ,Sindi(Selu),5700,5600,5650.0,Maharashtra,Other
2018-10-29,Cotton,15,Chandrapur,FAQ,Rajura,5900,5800,5855.0,Maharashtra,Other
2018-10-30,Cotton,15,Chandrapur,FAQ,Korpana,5800,5800,5800.0,Maharashtra,Other
2018-10-31,Cotton,15,Chandrapur,FAQ,Rajura,5850,5700,5780.0,Maharashtra,Other
2018-11-01,Cotton,15,Wardha,FAQ,Samudrapur,5700,5600,5650.0,Maharashtra,Other
2018-11-03,Cotton,15,Chandrapur,FAQ,Rajura,5775,5750,5765.0,Maharashtra,Other
2018-11-04,Cotton,15,Chandrapur,FAQ,Rajura,5850,5750,5775.0,Maharashtra,Other
2018-11-04,Cotton,15,Chandrapur,FAQ,Varora,5750,5600,5675.0,Maharashtra,Desi
2018-11-05,Cotton,15,Chandrapur,FAQ,Korpana,5730,5730,5730.0,Maharashtra,Other
2018-11-05,Cotton,15,Chandrapur,FAQ,Varora,5750,5600,5675.0,Maharashtra,Desi
2018-11-05,Cotton,15,Wardha,FAQ,Samudrapur,5700,5521,5600.0,Maharashtra,Other
2018-11-05,Cotton,15,Chandrapur,FAQ,Rajura,5775,5700,5755.0,Maharashtra,Other
2018-11-09,Cotton,15,Chandrapur,FAQ,Varora,5750,5600,5675.0,Maharashtra,Desi
2018-11-10,Cotton,15,Chandrapur,FAQ,Rajura,5775,5700,5750.0,Maharashtra,Other
2018-11-11,Cotton,15,Hingoli,FAQ,Jawala-Bajar,5700,5400,5600.0,Maharashtra,Other
2018-11-12,Cotton,15,Chandrapur,FAQ,Varora,5750,5600,5675.0,Maharashtra,Desi
2018-11-13,Cotton,15,Hingoli,FAQ,Jawala-Bajar,5800,5500,5650.0,Maharashtra,Other
2018-11-14,Cotton,15,Yavatmal,FAQ,Ghatanji,5845,5750,5800.0,Maharashtra,LRA
2018-11-14,Cotton,15,Chandrapur,FAQ,Korpana,5850,5700,5800.0,Maharashtra,Other
2018-11-14,Cotton,15,Wardha,FAQ,Samudrapur,5825,5750,5800.0,Maharashtra,Other
2018-11-14,Cotton,15,Jalana,FAQ,Ghansawangi,5900,5700,5850.0,Maharashtra,Other
2018-11-14,Cotton,15,Jalana,FAQ,Jalna(Badnapur),5700,5500,5600.0,Maharashtra,Other
2018-11-15,Cotton,15,Yavatmal,FAQ,Ghatanji,5850,5750,5800.0,Maharashtra,LRA
2018-11-15,Cotton,15,Chandrapur,FAQ,Rajura,5800,5700,5775.0,Maharashtra,Other
2018-11-16,Cotton,15,Wardha,FAQ,Samudrapur,5870,5700,5800.0,Maharashtra,Other
2018-11-17,Cotton,15,Hingoli,FAQ,Jawala-Bajar,5800,5600,5700.0,Maharashtra,Other
2018-11-17,Cotton,15,Wardha,FAQ,Samudrapur,5870,5751,5800.0,Maharashtra,Other
2018-11-18,Cotton,15,Chandrapur,FAQ,Varora,5825,5675,5750.0,Maharashtra,Desi
2018-11-19,Cotton,15,Chandrapur,FAQ,Varora,5825,5675,5750.0,Maharashtra,Desi
2018-11-19,Cotton,15,Wardha,FAQ,Sindi,5915,5815,5880.0,Maharashtra,Other
2018-11-20,Cotton,15,Wardha,FAQ,Samudrapur,5770,5500,5700.0,Maharashtra,Other
2018-11-21,Cotton,15,Wardha,FAQ,Samudrapur,5731,5650,5700.0,Maharashtra,Other
2018-11-21,Cotton,15,Hingoli,FAQ,Jawala-Bajar,5500,5200,5300.0,Maharashtra,Other
2018-11-22,Cotton,15,Jalana,FAQ,Jalna(Badnapur),5650,5500,5600.0,Maharashtra,Other
2018-11-22,Cotton,15,Wardha,FAQ,Samudrapur,5700,5620,5650.0,Maharashtra,Other
2018-11-22,Cotton,15,Wardha,FAQ,Sindi(Selu),5650,5450,5550.0,Maharashtra,Other
2018-11-26,Cotton,15,Hingoli,FAQ,Jawala-Bajar,5300,5100,5250.0,Maharashtra,Other
2018-11-26,Cotton,15,Wardha,FAQ,Wardha,5680,5500,5600.0,Maharashtra,Other
2018-11-26,Cotton,15,Chandrapur,FAQ,Rajura,5650,5550,5620.0,Maharashtra,Other
2018-11-28,Cotton,15,Jalana,FAQ,Ghansawangi,5300,5200,5250.0,Maharashtra,Other
2018-11-28,Cotton,15,Wardha,FAQ,Samudrapur,5580,5500,5550.0,Maharashtra,Other
2018-11-29,Cotton,15,Jalana,FAQ,Ghansawangi,5300,5200,5250.0,Maharashtra,Other
2018-11-29,Cotton,15,Chandrapur,FAQ,Korpana,5550,5500,5550.0,Maharashtra,Other
2018-11-29,Cotton,15,Wardha,FAQ,Sindi,5645,5600,5620.0,Maharashtra,Other
2018-11-29,Cotton,15,Hingoli,FAQ,Jawala-Bajar,5300,5000,5200.0,Maharashtra,Other
2018-11-30,Cotton,15,Hingoli,FAQ,Jawala-Bajar,5450,5200,5350.0,Maharashtra,Other
2018-11-30,Cotton,15,Chandrapur,FAQ,Korpana,5550,5500,5525.0,Maharashtra,Other
2018-12-01,Cotton,15,Wardha,FAQ,Sindi(Selu),5650,5500,5580.0,Maharashtra,Other
2018-12-01,Cotton,15,Wardha,FAQ,Samudrapur,5570,5500,5550.0,Maharashtra,Other
2018-12-02,Cotton,15,Chandrapur,FAQ,Varora,5550,5475,5512.0,Maharashtra,Desi
2018-12-04,Cotton,15,Hingoli,FAQ,Jawala-Bajar,5500,5300,5400.0,Maharashtra,Other
2018-12-04,Cotton,15,Wardha,FAQ,Sindi(Selu),5700,5550,5600.0,Maharashtra,Other
2018-12-04,Cotton,15,Wardha,FAQ,Wardha,5670,5500,5600.0,Maharashtra,Other
2018-12-04,Cotton,15,Chandrapur,FAQ,Korpana,5580,5500,5550.0,Maharashtra,Other
2018-12-05,Cotton,15,Jalana,FAQ,Jalna(Badnapur),5500,5450,5500.0,Maharashtra,Other
2018-12-06,Cotton,15,Chandrapur,FAQ,Korpana,5525,5500,5525.0,Maharashtra,Other
2018-12-07,Cotton,15,Chandrapur,FAQ,Korpana,5500,5475,5475.0,Maharashtra,Other
2018-12-07,Cotton,15,Chandrapur,FAQ,Rajura,5550,5450,5521.0,Maharashtra,Other
2018-12-10,Cotton,15,Jalana,FAQ,Jalana,5450,5395,5450.0,Maharashtra,Other
2018-12-10,Cotton,15,Jalana,FAQ,Jalna(Badnapur),5450,5450,5450.0,Maharashtra,Other
2018-12-10,Cotton,15,Wardha,FAQ,Sindi(Selu),5651,5450,5500.0,Maharashtra,Other
2018-12-13,Cotton,15,Jalana,FAQ,Partur,5455,5350,5455.0,Maharashtra,Other
2018-12-13,Cotton,15,Wardha,FAQ,Sindi,5620,5500,5585.0,Maharashtra,Other
2018-12-14,Cotton,15,Yavatmal,FAQ,Darwha,5550,5450,5500.0,Maharashtra,Other
2018-12-16,Cotton,15,Chandrapur,FAQ,Rajura,5550,5350,5525.0,Maharashtra,Other
2018-12-17,Cotton,15,Chandrapur,FAQ,Korpana,5560,5450,5525.0,Maharashtra,Other
2018-12-19,Cotton,15,Chandrapur,FAQ,Rajura,5500,5450,5480.0,Maharashtra,Other
2018-12-19,Cotton,15,Chandrapur,FAQ,Korpana,5500,5450,5475.0,Maharashtra,Other
2018-12-20,Cotton,15,Wardha,FAQ,Samudrapur,5600,5300,5500.0,Maharashtra,Other
2018-12-20,Cotton,15,Chandrapur,FAQ,Rajura,5550,5460,5520.0,Maharashtra,Other
2018-12-20,Cotton,15,Wardha,FAQ,Sindi(Selu),5640,5500,5580.0,Maharashtra,Other
2018-12-24,Cotton,15,Jalana,FAQ,Jalana,5350,5271,5300.0,Maharashtra,Other
2018-12-24,Cotton,15,Yavatmal,FAQ,Darwha,5550,32,5500.0,Maharashtra,Other
2018-12-24,Cotton,15,Wardha,FAQ,Sindi(Selu),5500,5450,5480.0,Maharashtra,Other
2018-12-26,Cotton,15,Hingoli,FAQ,Jawala-Bajar,5500,5300,5431.0,Maharashtra,Other
2018-12-26,Cotton,15,Wardha,FAQ,Sindi(Selu),5500,5440,5450.0,Maharashtra,Other
2018-12-27,Cotton,15,Chandrapur,FAQ,Rajura,5425,5200,5375.0,Maharashtra,Other
2018-12-27,Cotton,15,Wardha,FAQ,Sindi(Selu),5530,5450,5500.0,Maharashtra,Other
2018-12-27,Cotton,15,Wardha,FAQ,Samudrapur,5450,5100,5400.0,Maharashtra,Other
2018-12-27,Cotton,15,Wardha,FAQ,Sindi,5450,5335,5405.0,Maharashtra,Other
2018-12-28,Cotton,15,Wardha,FAQ,Sindi(Selu),5510,5450,5490.0,Maharashtra,Other
2018-12-28,Cotton,15,Jalana,FAQ,Jalana,5350,5300,5350.0,Maharashtra,Other
2018-12-29,Cotton,15,Wardha,FAQ,Sindi(Selu),5540,5450,5500.0,Maharashtra,Other
2018-12-29,Cotton,15,Chandrapur,FAQ,Rajura,5425,5200,5365.0,Maharashtra,Other
2018-12-31,Cotton,15,Wardha,FAQ,Sindi,5565,5455,5515.0,Maharashtra,Other
2019-01-01,Cotton,15,Yavatmal,FAQ,Darwha,5450,5200,5325.0,Maharashtra,Other
2019-01-02,Cotton,15,Nagpur,FAQ,Mandhal,5570,5295,5404.0,Maharashtra,Other
2019-01-02,Cotton,15,Nagpur,FAQ,Parshiwani,5460,5440,5450.0,Maharashtra,H-4(A) 27mm FIne
2019-01-02,Cotton,15,Amarawati,FAQ,Amarawati,5700,5600,5650.0,Maharashtra,Other
2019-01-02,Cotton,15,Nagpur,FAQ,Narkhed,5450,5200,5300.0,Maharashtra,Other
2019-01-03,Cotton,15,Yavatmal,FAQ,Ralegaon,5590,5350,5520.0,Maharashtra,Other
2019-01-03,Cotton,15,Wardha,FAQ,Samudrapur,5525,5200,5400.0,Maharashtra,Other
2019-01-03,Cotton,15,Chandrapur,FAQ,Varora,5525,5300,5412.0,Maharashtra,Desi
2019-01-04,Cotton,15,Yavatmal,FAQ,Maregoan,5450,5450,5450.0,Maharashtra,Other
2019-01-04,Cotton,15,Nagpur,FAQ,Parshiwani,5470,5460,5460.0,Maharashtra,H-4(A) 27mm FIne
2019-01-05,Cotton,15,Yavatmal,FAQ,Ralegaon,5600,5350,5560.0,Maharashtra,Other
2019-01-05,Cotton,15,Chandrapur,FAQ,Korpana,5450,5200,5350.0,Maharashtra,Other
2019-01-07,Cotton,15,Yavatmal,FAQ,Ghatanji,5560,5380,5500.0,Maharashtra,LRA
2019-01-07,Cotton,15,Yavatmal,FAQ,Ralegaon,5560,5350,5520.0,Maharashtra,Other
2019-01-08,Cotton,15,Yavatmal,FAQ,Maregoan,5450,5450,5450.0,Maharashtra,Other
2019-01-08,Cotton,15,Wardha,FAQ,Sindi,5580,5455,5515.0,Maharashtra,Other
2019-01-09,Cotton,15,Yavatmal,FAQ,Ghatanji,5400,5250,5350.0,Maharashtra,LRA
2019-01-09,Cotton,15,Akola,FAQ,Akot,5635,5400,5600.0,Maharashtra,H-4(A) 27mm FIne
2019-01-09,Cotton,15,Chandrapur,FAQ,Varora,5500,5300,5400.0,Maharashtra,Desi
2019-01-10,Cotton,15,Amarawati,FAQ,Amarawati,5525,5500,5513.0,Maharashtra,Other
2019-01-10,Cotton,15,Yavatmal,FAQ,Ghatanji,5560,5250,5300.0,Maharashtra,LRA
2019-01-10,Cotton,15,Yavatmal,FAQ,Maregoan,5450,5450,5450.0,Maharashtra,Other
2019-01-10,Cotton,15,Chandrapur,FAQ,Varora,5475,5300,5387.0,Maharashtra,Desi
2019-01-10,Cotton,15,Nagpur,FAQ,Katol,5450,5000,5250.0,Maharashtra,Desi
2019-01-11,Cotton,15,Chandrapur,FAQ,Rajura,5400,5100,5355.0,Maharashtra,Other
2019-01-12,Cotton,15,Chandrapur,FAQ,Korpana,5375,5150,5300.0,Maharashtra,Desi
2019-01-12,Cotton,15,Wardha,FAQ,Sindi,5490,5370,5455.0,Maharashtra,Other
2019-01-12,Cotton,15,Amarawati,FAQ,Amarawati,5500,5200,5350.0,Maharashtra,Other
2019-01-12,Cotton,15,Chandrapur,FAQ,Rajura,5375,5100,5345.0,Maharashtra,Other
2019-01-13,Cotton,15,Nagpur,FAQ,Katol,5400,5000,5200.0,Maharashtra,Desi
2019-01-14,Cotton,15,Nagpur,FAQ,Narkhed,5400,5250,5300.0,Maharashtra,Other
2019-01-14,Cotton,15,Yavatmal,FAQ,Ghatanji,5450,5350,5400.0,Maharashtra,LRA
2019-01-14,Cotton,15,Akola,FAQ,Akot,5595,5340,5500.0,Maharashtra,H-4(A) 27mm FIne
2019-01-15,Cotton,15,Yavatmal,FAQ,Maregoan,5450,5350,5400.0,Maharashtra,Other
2019-01-15,Cotton,15,Yavatmal,FAQ,Umarkhed,5350,5250,5300.0,Maharashtra,H-4(A) 27mm FIne
2019-01-15,Cotton,15,Wardha,FAQ,Sindi,5450,5341,5400.0,Maharashtra,Other
2019-01-15,Cotton,15,Chandrapur,FAQ,Chimur,5330,5300,5320.0,Maharashtra,Other
2019-01-15,Cotton,15,Nagpur,FAQ,Parshiwani,5375,5325,5350.0,Maharashtra,H-4(A) 27mm FIne
2019-01-16,Cotton,15,Wardha,FAQ,Sindi,5450,5341,5400.0,Maharashtra,Other
2019-01-16,Cotton,15,Yavatmal,FAQ,Darwha,5450,5200,5325.0,Maharashtra,Other
2019-01-16,Cotton,15,Yavatmal,FAQ,Ghatanji,5450,5250,5400.0,Maharashtra,LRA
2019-01-16,Cotton,15,Yavatmal,FAQ,Maregoan,5450,5250,5350.0,Maharashtra,Other
2019-01-17,Cotton,15,Wardha,FAQ,Pulgaon,5650,5150,5580.0,Maharashtra,Other
2019-01-17,Cotton,15,Yavatmal,FAQ,Darwha,5450,5200,5325.0,Maharashtra,Other
2019-01-17,Cotton,15,Amarawati,FAQ,Amarawati,5475,5300,5388.0,Maharashtra,Other
2019-01-18,Cotton,15,Wardha,FAQ,Sindi,5460,5341,5400.0,Maharashtra,Other
2019-01-18,Cotton,15,Yavatmal,FAQ,Maregoan,5450,5250,5350.0,Maharashtra,Other
2019-01-18,Cotton,15,Chandrapur,FAQ,Rajura,5425,5150,5390.0,Maharashtra,Other
2019-01-19,Cotton,15,Wardha,FAQ,Pulgaon,5735,5200,5570.0,Maharashtra,Other
2019-01-19,Cotton,15,Yavatmal,FAQ,Umarkhed,5350,5250,5300.0,Maharashtra,H-4(A) 27mm FIne
2019-01-19,Cotton,15,Amarawati,FAQ,Amarawati,5525,5300,5413.0,Maharashtra,Other
2019-01-19,Cotton,15,Yavatmal,FAQ,Maregoan,5450,5250,5350.0,Maharashtra,Other
2019-01-20,Cotton,15,Nagpur,FAQ,Katol,5400,5000,5250.0,Maharashtra,Desi
2019-01-21,Cotton,15,Yavatmal,FAQ,Ralegaon,5520,5300,5480.0,Maharashtra,Other
2019-01-21,Cotton,15,Amarawati,FAQ,Amarawati,5525,5300,5413.0,Maharashtra,Other
2019-01-21,Cotton,15,Yavatmal,FAQ,Umarkhed,5350,5250,5300.0,Maharashtra,H-4(A) 27mm FIne
2019-01-21,Cotton,15,Wardha,FAQ,Sindi,5515,5450,5475.0,Maharashtra,Other
2019-01-21,Cotton,15,Nagpur,FAQ,Parshiwani,5375,5350,5365.0,Maharashtra,H-4(A) 27mm FIne
2019-01-22,Cotton,15,Nagpur,FAQ,Parshiwani,5400,5380,5390.0,Maharashtra,H-4(A) 27mm FIne
2019-01-22,Cotton,15,Yavatmal,FAQ,Maregoan,5450,5250,5350.0,Maharashtra,Other
2019-01-22,Cotton,15,Nagpur,FAQ,Katol,5420,5000,5250.0,Maharashtra,Desi
2019-01-22,Cotton,15,Wardha,FAQ,Samudrapur,5510,5250,5400.0,Maharashtra,Other
2019-01-22,Cotton,15,Nagpur,FAQ,Mandhal,5410,5303,5348.0,Maharashtra,Other
2019-01-23,Cotton,15,Akola,FAQ,Akot,5660,5475,5600.0,Maharashtra,H-4(A) 27mm FIne
2019-01-23,Cotton,15,Amarawati,FAQ,Amarawati,5550,5300,5425.0,Maharashtra,Other
2019-01-23,Cotton,15,Nagpur,FAQ,Narkhed,5450,5300,5400.0,Maharashtra,Other
2019-01-25,Cotton,15,Yavatmal,FAQ,Ralegaon,5450,5250,5400.0,Maharashtra,Other
2019-01-25,Cotton,15,Nagpur,FAQ,Narkhed,5450,5250,5300.0,Maharashtra,Other
2019-01-26,Cotton,15,Nagpur,FAQ,Narkhed,5400,5250,5300.0,Maharashtra,Other
2019-01-27,Cotton,15,Yavatmal,FAQ,Umarkhed,5300,5200,5250.0,Maharashtra,H-4(A) 27mm FIne
2019-01-28,Cotton,15,Yavatmal,FAQ,Ghatanji,5580,5450,5500.0,Maharashtra,LRA
2019-01-28,Cotton,15,Amarawati,FAQ,Amarawati,5550,5300,5425.0,Maharashtra,Other
2019-01-28,Cotton,15,Wardha,FAQ,Samudrapur,5470,5200,5400.0,Maharashtra,Other
2019-01-29,Cotton,15,Yavatmal,FAQ,Maregoan,5450,5250,5350.0,Maharashtra,Other
2019-01-30,Cotton,15,Yavatmal,FAQ,Ralegaon,5550,5300,5490.0,Maharashtra,Other
2019-01-30,Cotton,15,Yavatmal,FAQ,Ghatanji,5505,5450,5500.0,Maharashtra,LRA
2019-01-31,Cotton,15,Nagpur,FAQ,Narkhed,5450,5300,5400.0,Maharashtra,Other
2019-01-31,Cotton,15,Wardha,FAQ,Sindi,5580,5370,5460.0,Maharashtra,Other
2019-02-01,Cotton,15,Nagpur,FAQ,Katol,5400,5000,5200.0,Maharashtra,Desi
2019-02-01,Cotton,15,Chandrapur,FAQ,Chimur,5450,5400,5430.0,Maharashtra,Other
2019-02-01,Cotton,15,Yavatmal,FAQ,Darwha,5450,5200,5325.0,Maharashtra,Other
2019-02-02,Cotton,15,Wardha,FAQ,Hinganghat,5605,5350,5470.0,Maharashtra,Other
2019-02-02,Cotton,15,Yavatmal,FAQ,Ghatanji,5450,5250,5300.0,Maharashtra,LRA
2019-02-02,Cotton,15,Amarawati,FAQ,Amarawati,5500,5300,5400.0,Maharashtra,Other
2019-02-02,Cotton,15,Yavatmal,FAQ,Darwha,5450,5200,5325.0,Maharashtra,Other
2019-02-02,Cotton,15,Chandrapur,FAQ,Rajura,5410,5050,5350.0,Maharashtra,Other
2019-02-02,Cotton,15,Nagpur,FAQ,Mandhal,5455,5179,5336.0,Maharashtra,Other
2019-02-04,Cotton,15,Nagpur,FAQ,Narkhed,5450,5250,5300.0,Maharashtra,Other
2019-02-05,Cotton,15,Nagpur,FAQ,Katol,5350,5000,5150.0,Maharashtra,Desi
2019-02-05,Cotton,15,Nagpur,FAQ,Parshiwani,5375,5250,5300.0,Maharashtra,H-4(A) 27mm FIne
2019-02-05,Cotton,15,Wardha,FAQ,Hinganghat,5555,5250,5350.0,Maharashtra,Other
2019-02-06,Cotton,15,Wardha,FAQ,Samudrapur,5460,5200,5350.0,Maharashtra,Other
2019-02-06,Cotton,15,Nagpur,FAQ,Narkhed,5450,5250,5300.0,Maharashtra,Other
2019-02-06,Cotton,15,Yavatmal,FAQ,Pandhakawada,5325,5150,5300.0,Maharashtra,Other
2019-02-06,Cotton,15,Chandrapur,FAQ,Rajura,5350,5000,5245.0,Maharashtra,Other
2019-02-06,Cotton,15,Nagpur,FAQ,Parshiwani,300,150,150.0,Maharashtra,H-4(A) 27mm FIne
2019-02-06,Cotton,15,Amarawati,FAQ,Amarawati,5450,5300,5375.0,Maharashtra,Other
2019-02-06,Cotton,15,Chandrapur,FAQ,Korpana,5370,5150,5300.0,Maharashtra,Other
2019-02-06,Cotton,15,Yavatmal,FAQ,Maregoan,5450,5250,5350.0,Maharashtra,Other
2019-02-07,Cotton,15,Chandrapur,FAQ,Rajura,5350,4900,5300.0,Maharashtra,Other
2019-02-07,Cotton,15,Chandrapur,FAQ,Korpana,5350,5150,5300.0,Maharashtra,Desi
2019-02-07,Cotton,15,Wardha,FAQ,Hinganghat,5530,5250,5380.0,Maharashtra,Other
2019-02-08,Cotton,15,Nagpur,FAQ,Parshiwani,220,110,110.0,Maharashtra,H-4(A) 27mm FIne
2019-02-08,Cotton,15,Yavatmal,FAQ,Ghatanji,5390,5250,5300.0,Maharashtra,LRA
2019-02-08,Cotton,15,Wardha,FAQ,Sindi,5450,5370,5405.0,Maharashtra,Other
2019-02-09,Cotton,15,Yavatmal,FAQ,Ghatanji,5450,5350,5400.0,Maharashtra,LRA
2019-02-09,Cotton,15,Nagpur,FAQ,Parshiwani,260,130,130.0,Maharashtra,H-4(A) 27mm FIne
2019-02-11,Cotton,15,Wardha,FAQ,Hinganghat,5560,5250,5370.0,Maharashtra,Other
2019-02-11,Cotton,15,Chandrapur,FAQ,Chimur,5350,5320,5330.0,Maharashtra,Other
2019-02-11,Cotton,15,Wardha,FAQ,Samudrapur,5450,5100,5350.0,Maharashtra,Other
2019-02-11,Cotton,15,Yavatmal,FAQ,Ghatanji,5450,5350,5400.0,Maharashtra,LRA
2019-02-12,Cotton,15,Akola,FAQ,Akot,5600,5495,5500.0,Maharashtra,H-4(A) 27mm FIne
2019-02-12,Cotton,15,Nagpur,FAQ,Mandhal,5350,5038,5170.0,Maharashtra,Other
2019-02-12,Cotton,15,Nagpur,FAQ,Narkhed,5450,5250,5300.0,Maharashtra,Other
2019-02-12,Cotton,15,Chandrapur,FAQ,Chimur,5400,5380,5390.0,Maharashtra,Other
2019-02-12,Cotton,15,Nagpur,FAQ,Parshiwani,5350,5300,5310.0,Maharashtra,H-4(A) 27mm FIne
2019-02-13,Cotton,15,Yavatmal,FAQ,Pandhakawada,5325,5150,5300.0,Maharashtra,Other
2019-02-14,Cotton,15,Yavatmal,FAQ,Darwha,5450,5200,5325.0,Maharashtra,Other
2019-02-14,Cotton,15,Wardha,FAQ,Samudrapur,5450,5000,5350.0,Maharashtra,Other
2019-02-14,Cotton,15,Nagpur,FAQ,Katol,5250,5000,5160.0,Maharashtra,Desi
2019-02-14,Cotton,15,Wardha,FAQ,Hinganghat,5515,5200,5350.0,Maharashtra,Other
2019-02-16,Cotton,15,Chandrapur,FAQ,Chimur,5350,5320,5340.0,Maharashtra,Other
2019-02-16,Cotton,15,Nagpur,FAQ,Mandhal,4510,4510,4510.0,Maharashtra,Other
2019-02-18,Cotton,15,Yavatmal,FAQ,Ralegaon,5450,5150,5400.0,Maharashtra,Other
2019-02-18,Cotton,15,Nagpur,FAQ,Katol,5300,5000,5100.0,Maharashtra,Desi
2019-02-18,Cotton,15,Wardha,FAQ,Hinganghat,5490,5150,5275.0,Maharashtra,Other
2019-02-18,Cotton,15,Chandrapur,FAQ,Rajura,5375,5000,5300.0,Maharashtra,Other
2019-02-19,Cotton,15,Chandrapur,FAQ,Chimur,5350,5300,5330.0,Maharashtra,Other
2019-02-19,Cotton,15,Chandrapur,FAQ,Korpana,5375,5150,5250.0,Maharashtra,Desi
2019-02-19,Cotton,15,Nagpur,FAQ,Mandhal,5400,4836,5074.0,Maharashtra,Other
2019-02-19,Cotton,15,Wardha,FAQ,Samudrapur,5400,5000,5325.0,Maharashtra,Other
2019-02-19,Cotton,15,Nagpur,FAQ,Narkhed,5450,5250,5300.0,Maharashtra,Other
2019-02-20,Cotton,15,Yavatmal,FAQ,Ralegaon,5460,5250,5390.0,Maharashtra,Other
2019-02-20,Cotton,15,Nagpur,FAQ,Katol,5300,5000,5100.0,Maharashtra,Desi
2019-02-20,Cotton,15,Yavatmal,FAQ,Darwha,5450,5200,5325.0,Maharashtra,Other
2019-02-20,Cotton,15,Akola,FAQ,Akot,5480,5305,5400.0,Maharashtra,H-4(A) 27mm FIne
2019-02-20,Cotton,15,Chandrapur,FAQ,Chimur,5350,5300,5330.0,Maharashtra,Other
2019-02-20,Cotton,15,Chandrapur,FAQ,Rajura,5350,5000,5300.0,Maharashtra,Other
2019-02-21,Cotton,15,Wardha,FAQ,Sindi,5450,5300,5370.0,Maharashtra,Other
2019-02-21,Cotton,15,Yavatmal,FAQ,Ghatanji,5350,5250,5300.0,Maharashtra,LRA
2019-02-22,Cotton,15,Nagpur,FAQ,Narkhed,5450,5250,5300.0,Maharashtra,Other
2019-02-22,Cotton,15,Wardha,FAQ,Pulgaon,5530,5150,5425.0,Maharashtra,Other
2019-02-22,Cotton,15,Yavatmal,FAQ,Darwha,5450,5200,5325.0,Maharashtra,Other
2019-02-22,Cotton,15,Yavatmal,FAQ,Ghatanji,5350,5250,5300.0,Maharashtra,LRA
2019-02-23,Cotton,15,Chandrapur,FAQ,Chandrapur(Ganjwad),5350,5000,5275.0,Maharashtra,Other
2019-02-23,Cotton,15,Chandrapur,FAQ,Korpana,5400,5150,5250.0,Maharashtra,Desi
2019-02-23,Cotton,15,Wardha,FAQ,Hinganghat,5480,5150,5240.0,Maharashtra,Other
2019-02-24,Cotton,15,Yavatmal,FAQ,Maregoan,5350,5250,5300.0,Maharashtra,Other
2019-02-25,Cotton,15,Yavatmal,FAQ,Darwha,5450,5200,5325.0,Maharashtra,Other
2019-02-25,Cotton,15,Nagpur,FAQ,Katol,5300,5000,5160.0,Maharashtra,Desi
2019-02-26,Cotton,15,Nagpur,FAQ,Katol,5300,5000,5160.0,Maharashtra,Desi
2019-02-26,Cotton,15,Wardha,FAQ,Hinganghat,5475,5150,5260.0,Maharashtra,Other
2019-02-27,Cotton,15,Wardha,FAQ,Pulgaon,5475,5100,5370.0,Maharashtra,Other
2019-02-27,Cotton,15,Chandrapur,FAQ,Chandrapur(Ganjwad),5310,5000,5290.0,Maharashtra,Other
2019-02-28,Cotton,15,Wardha,FAQ,Hinganghat,5450,5150,5245.0,Maharashtra,Other
2019-02-28,Cotton,15,Chandrapur,FAQ,Chandrapur(Ganjwad),5350,4900,5250.0,Maharashtra,Other
2019-03-02,Cotton,15,Wardha,FAQ,Pulgaon,5500,5000,5380.0,Maharashtra,Other
2019-03-03,Cotton,15,Chandrapur,FAQ,Rajura,5460,5100,5352.0,Maharashtra,Other
2019-03-05,Cotton,15,Chandrapur,FAQ,Rajura,5450,5150,5400.0,Maharashtra,Other
2019-03-05,Cotton,15,Yavatmal,FAQ,Maregoan,5450,5250,5350.0,Maharashtra,Other
2019-03-06,Cotton,15,Akola,FAQ,Akot,5610,5475,5600.0,Maharashtra,H-4(A) 27mm FIne
2019-03-06,Cotton,15,Yavatmal,FAQ,Maregoan,5450,5250,5350.0,Maharashtra,Other
2019-03-06,Cotton,15,Wardha,FAQ,Sindi,5525,5400,5450.0,Maharashtra,Other
2019-03-06,Cotton,15,Nagpur,FAQ,Narkhed,5450,5250,5300.0,Maharashtra,Other
2019-03-07,Cotton,15,Akola,FAQ,Akot,5600,5400,5550.0,Maharashtra,H-4(A) 27mm FIne
2019-03-07,Cotton,15,Chandrapur,FAQ,Rajura,5500,5120,5435.0,Maharashtra,Other
2019-03-07,Cotton,15,Wardha,FAQ,Sindi,5525,5400,5450.0,Maharashtra,Other
2019-03-08,Cotton,15,Nagpur,FAQ,Mandhal,5400,5168,5254.0,Maharashtra,Other
2019-03-08,Cotton,15,Chandrapur,FAQ,Rajura,5470,5100,5420.0,Maharashtra,Other
2019-03-08,Cotton,15,Yavatmal,FAQ,Ralegaon,5500,5150,5420.0,Maharashtra,Other
2019-03-08,Cotton,15,Wardha,FAQ,Hinganghat,5550,5150,5300.0,Maharashtra,Other
2019-03-09,Cotton,15,Chandrapur,FAQ,Chimur,5450,5420,5430.0,Maharashtra,Other
2019-03-09,Cotton,15,Nagpur,FAQ,Mandhal,5150,5150,5150.0,Maharashtra,Desi
2019-03-09,Cotton,15,Chandrapur,FAQ,Korpana,5475,5200,5400.0,Maharashtra,Desi
2019-03-09,Cotton,15,Wardha,FAQ,Hinganghat,5550,5150,5300.0,Maharashtra,Other
2019-03-10,Cotton,15,Chandrapur,FAQ,Chandrapur(Ganjwad),5525,5025,5400.0,Maharashtra,Other
2019-03-11,Cotton,15,Chandrapur,FAQ,Chimur,5450,5420,5430.0,Maharashtra,Other
2019-03-11,Cotton,15,Yavatmal,FAQ,Maregoan,5500,5300,5400.0,Maharashtra,Other
2019-03-12,Cotton,15,Yavatmal,FAQ,Maregoan,5550,5350,5450.0,Maharashtra,Other
2019-03-12,Cotton,15,Yavatmal,FAQ,Ghatanji,5560,5250,5450.0,Maharashtra,LRA
2019-03-12,Cotton,15,Nagpur,FAQ,Narkhed,5450,5300,5400.0,Maharashtra,Other
2019-03-13,Cotton,15,Nagpur,FAQ,Katol,5450,5000,5250.0,Maharashtra,Desi
2019-03-13,Cotton,15,Wardha,FAQ,Hinganghat,5730,5200,5470.0,Maharashtra,Other
2019-03-13,Cotton,15,Chandrapur,FAQ,Chimur,5550,5520,5530.0,Maharashtra,Other
2019-03-14,Cotton,15,Wardha,FAQ,Samudrapur,5730,5300,5600.0,Maharashtra,Other
2019-03-14,Cotton,15,Wardha,FAQ,Pulgaon,5710,5300,5625.0,Maharashtra,Other
2019-03-15,Cotton,15,Nagpur,FAQ,Katol,5500,5000,5300.0,Maharashtra,Desi
2019-03-15,Cotton,15,Wardha,FAQ,Hinganghat,5770,5300,5500.0,Maharashtra,Other
2019-03-15,Cotton,15,Yavatmal,FAQ,Maregoan,5650,5450,5550.0,Maharashtra,Other
2019-03-15,Cotton,15,Wardha,FAQ,Samudrapur,5710,5300,5600.0,Maharashtra,Other
2019-03-15,Cotton,15,Yavatmal,FAQ,Ghatanji,5850,5450,5650.0,Maharashtra,LRA
2019-03-16,Cotton,15,Wardha,FAQ,Hinganghat,5855,5400,5600.0,Maharashtra,Other
2019-03-16,Cotton,15,Chandrapur,FAQ,Chandrapur(Ganjwad),5700,5100,5600.0,Maharashtra,Other
2019-03-17,Cotton,15,Nagpur,FAQ,Narkhed,5750,5600,5650.0,Maharashtra,Other
2019-03-18,Cotton,15,Nagpur,FAQ,Narkhed,5850,5500,5700.0,Maharashtra,Other
2019-03-18,Cotton,15,Yavatmal,FAQ,Maregoan,5850,5450,5650.0,Maharashtra,Other
2019-03-19,Cotton,15,Chandrapur,FAQ,Korpana,5950,5300,5500.0,Maharashtra,Desi
2019-03-19,Cotton,15,Yavatmal,FAQ,Ghatanji,5960,5450,5540.0,Maharashtra,LRA
2019-03-19,Cotton,15,Nagpur,FAQ,Katol,5750,5000,5550.0,Maharashtra,Desi
2019-03-20,Cotton,15,Akola,FAQ,Akot,6040,5895,6000.0,Maharashtra,H-4(A) 27mm FIne
2019-03-20,Cotton,15,Yavatmal,FAQ,Maregoan,5800,5600,5700.0,Maharashtra,Other
2019-03-20,Cotton,15,Chandrapur,FAQ,Rajura,5900,5150,5825.0,Maharashtra,Other
2019-03-25,Cotton,15,Chandrapur,FAQ,Rajura,6000,5300,5950.0,Maharashtra,Other
2019-03-25,Cotton,15,Yavatmal,FAQ,Maregoan,6025,5625,5825.0,Maharashtra,Other
2019-03-25,Cotton,15,Yavatmal,FAQ,Ralegaon,6150,5600,6075.0,Maharashtra,Other
2019-03-25,Cotton,15,Wardha,FAQ,Pulgaon,6041,5700,5900.0,Maharashtra,Other
2019-03-25,Cotton,15,Nagpur,FAQ,Narkhed,6000,5500,5800.0,Maharashtra,Other
2019-03-26,Cotton,15,Wardha,FAQ,Hinganghat,6105,5500,5700.0,Maharashtra,Other
2019-03-26,Cotton,15,Yavatmal,FAQ,Ralegaon,6050,5500,6025.0,Maharashtra,Other
2019-03-26,Cotton,15,Chandrapur,FAQ,Rajura,6050,5400,5975.0,Maharashtra,Other
2019-03-27,Cotton,15,Nagpur,FAQ,Katol,5900,5000,5700.0,Maharashtra,Desi
2019-03-28,Cotton,15,Chandrapur,FAQ,Chimur,6000,5900,5950.0,Maharashtra,Other
2019-03-29,Cotton,15,Wardha,FAQ,Pulgaon,5961,5500,5875.0,Maharashtra,Other
2019-03-30,Cotton,15,Nagpur,FAQ,Narkhed,5900,5700,5800.0,Maharashtra,Other
2019-03-30,Cotton,15,Wardha,FAQ,Pulgaon,6030,5700,5900.0,Maharashtra,Other
2019-04-01,Cotton,15,Chandrapur,FAQ,Chandrapur(Ganjwad),6025,5500,5900.0,Maharashtra,Other
2019-04-01,Cotton,15,Nagpur,FAQ,Narkhed,6000,5700,5800.0,Maharashtra,Other
2019-04-01,Cotton,15,Nagpur,FAQ,Katol,5850,5000,5650.0,Maharashtra,Desi
2019-04-02,Cotton,15,Chandrapur,FAQ,Chandrapur(Ganjwad),6025,5500,5900.0,Maharashtra,Other
2019-04-03,Cotton,15,Wardha,FAQ,Samudrapur,6125,5400,5670.0,Maharashtra,Other
2019-04-03,Cotton,15,Chandrapur,FAQ,Chimur,6100,6000,6050.0,Maharashtra,Other
2019-04-04,Cotton,15,Nagpur,FAQ,Narkhed,6000,5700,5900.0,Maharashtra,Other
2019-04-04,Cotton,15,Akola,FAQ,Akot,6450,6280,6400.0,Maharashtra,H-4(A) 27mm FIne
2019-04-04,Cotton,15,Yavatmal,FAQ,Ralegaon,6240,5650,6200.0,Maharashtra,Other
2019-04-05,Cotton,15,Chandrapur,FAQ,Chandrapur(Ganjwad),6150,5000,6000.0,Maharashtra,Other
2019-04-05,Cotton,15,Chandrapur,FAQ,Chimur,6100,6000,6050.0,Maharashtra,Other
2019-04-06,Cotton,15,Wardha,FAQ,Samudrapur,6240,5500,5700.0,Maharashtra,Other
2019-04-07,Cotton,15,Chandrapur,FAQ,Chandrapur(Ganjwad),6230,5700,5950.0,Maharashtra,Other
2019-04-08,Cotton,15,Nagpur,FAQ,Narkhed,6250,5900,6000.0,Maharashtra,Other
2019-04-08,Cotton,15,Chandrapur,FAQ,Rajura,6350,5450,6300.0,Maharashtra,Other
2019-04-08,Cotton,15,Chandrapur,FAQ,Chimur,6200,6100,6150.0,Maharashtra,Other
2019-04-08,Cotton,15,Nagpur,FAQ,Katol,6100,5000,5800.0,Maharashtra,Desi
2019-04-09,Cotton,15,Yavatmal,FAQ,Maregoan,6025,5625,5825.0,Maharashtra,Other
2019-04-09,Cotton,15,Nagpur,FAQ,Narkhed,6250,5900,6000.0,Maharashtra,Other
2019-04-09,Cotton,15,Chandrapur,FAQ,Chandrapur(Ganjwad),6200,5700,6000.0,Maharashtra,Other
2019-04-10,Cotton,15,Wardha,FAQ,Samudrapur,6200,5600,5850.0,Maharashtra,Other
2019-04-10,Cotton,15,Yavatmal,FAQ,Ghatanji,6100,5650,5850.0,Maharashtra,LRA
2019-04-10,Cotton,15,Wardha,FAQ,Hinganghat,6315,5600,5900.0,Maharashtra,Other
2019-04-11,Cotton,15,Wardha,FAQ,Samudrapur,6250,5700,5900.0,Maharashtra,Other
2019-04-11,Cotton,15,Nagpur,FAQ,Narkhed,6250,5900,6000.0,Maharashtra,Other
2019-04-11,Cotton,15,Akola,FAQ,Akot,6355,6250,6250.0,Maharashtra,H-4(A) 27mm FIne
2019-04-12,Cotton,15,Chandrapur,FAQ,Chimur,6300,6200,6250.0,Maharashtra,Other
2019-04-13,Cotton,15,Chandrapur,FAQ,Rajura,6200,5500,6150.0,Maharashtra,Other
2019-04-14,Cotton,15,Nagpur,FAQ,Narkhed,6200,5900,6000.0,Maharashtra,Other
2019-04-16,Cotton,15,Wardha,FAQ,Pulgaon,6300,5850,6170.0,Maharashtra,Other
2019-04-18,Cotton,15,Yavatmal,FAQ,Maregoan,6250,5850,6050.0,Maharashtra,Other
2019-04-18,Cotton,15,Yavatmal,FAQ,Ralegaon,6250,5800,6200.0,Maharashtra,Other
2019-04-20,Cotton,15,Nagpur,FAQ,Narkhed,6200,5900,6000.0,Maharashtra,Other
2019-04-20,Cotton,15,Chandrapur,FAQ,Chimur,6250,6200,6230.0,Maharashtra,Other
2019-04-20,Cotton,15,Wardha,FAQ,Pulgaon,6350,5800,6200.0,Maharashtra,Other
2019-04-22,Cotton,15,Nagpur,FAQ,Katol,6100,5100,5800.0,Maharashtra,Desi
2019-04-23,Cotton,15,Wardha,FAQ,Samudrapur,6300,5400,6100.0,Maharashtra,Other
2019-04-23,Cotton,15,Yavatmal,FAQ,Ralegaon,6240,5750,6200.0,Maharashtra,Other
2019-04-23,Cotton,15,Nagpur,FAQ,Kalmeshwar,6300,6100,6240.0,Maharashtra,Other
2019-04-23,Cotton,15,Wardha,FAQ,Pulgaon,6351,5900,6225.0,Maharashtra,Other
2019-04-24,Cotton,15,Wardha,FAQ,Pulgaon,6325,5800,6240.0,Maharashtra,Other
2019-04-28,Cotton,15,Nagpur,FAQ,Narkhed,6250,5900,6000.0,Maharashtra,Other
2019-04-29,Cotton,15,Nagpur,FAQ,Kalmeshwar,6300,6000,6150.0,Maharashtra,Other
2019-04-29,Cotton,15,Yavatmal,FAQ,Ralegaon,6250,5850,6175.0,Maharashtra,Other
2019-04-29,Cotton,15,Akola,FAQ,Akot,6545,6350,6500.0,Maharashtra,H-4(A) 27mm FIne
2019-05-01,Cotton,15,Wardha,FAQ,Samudrapur,5800,5800,5800.0,Maharashtra,Other
2019-05-02,Cotton,15,Chandrapur,FAQ,Chimur,6250,6200,6230.0,Maharashtra,Other
2019-05-02,Cotton,15,Nagpur,FAQ,Katol,6050,5000,5650.0,Maharashtra,Desi
2019-05-02,Cotton,15,Wardha,FAQ,Samudrapur,6200,5500,5900.0,Maharashtra,Other
2019-05-03,Cotton,15,Nagpur,FAQ,Narkhed,6200,5900,6000.0,Maharashtra,Other
2019-05-06,Cotton,15,Nagpur,FAQ,Narkhed,6150,5900,6000.0,Maharashtra,Other
2019-05-07,Cotton,15,Nagpur,FAQ,Narkhed,6100,5900,6000.0,Maharashtra,Other
2019-05-08,Cotton,15,Wardha,FAQ,Hinganghat,6400,5700,6000.0,Maharashtra,Other
2019-05-09,Cotton,15,Nagpur,FAQ,Narkhed,6100,5900,6000.0,Maharashtra,Other
2019-05-17,Cotton,15,Wardha,FAQ,Hinganghat,6100,5000,6030.0,Maharashtra,Other
2019-10-08,Cotton,15,Ahmednagar,FAQ,Shevgaon,4551,4551,4551.0,Maharashtra,Other
2019-10-13,Cotton,15,Ahmednagar,FAQ,Shevgaon,4600,4400,4400.0,Maharashtra,Other
2019-11-05,Cotton,15,Yavatmal,FAQ,Ghatanji,4700,4450,4550.0,Maharashtra,LRA
2019-11-06,Cotton,15,Nagpur,FAQ,Narkhed,4600,4000,4200.0,Maharashtra,Other
2019-11-07,Cotton,15,Nagpur,FAQ,Kalmeshwar,5000,5000,5000.0,Maharashtra,Other
2019-11-08,Cotton,15,Nagpur,FAQ,Mandhal,5010,4762,4831.0,Maharashtra,Other
2019-11-08,Cotton,15,Wardha,FAQ,Pulgaon,5120,4800,5000.0,Maharashtra,Other
2019-11-08,Cotton,15,Chandrapur,FAQ,Rajura,4800,3900,4100.0,Maharashtra,Other
2019-11-09,Cotton,15,Nagpur,FAQ,Narkhed,4600,4000,4200.0,Maharashtra,Other
2019-11-09,Cotton,15,Chandrapur,FAQ,Varora,4801,4550,4675.0,Maharashtra,Desi
2019-11-09,Cotton,15,Wardha,FAQ,Pulgaon,4800,4600,4700.0,Maharashtra,Other
2019-11-11,Cotton,15,Chandrapur,FAQ,Varora,4700,4500,4600.0,Maharashtra,Desi
2019-11-14,Cotton,15,Chandrapur,FAQ,Chandrapur(Ganjwad),4651,4350,4500.0,Maharashtra,Other
2019-11-15,Cotton,15,Nagpur,FAQ,Narkhed,4600,4000,4200.0,Maharashtra,Other
2019-11-15,Cotton,15,Wardha,FAQ,Pulgaon,5000,4200,4650.0,Maharashtra,Other
2019-11-15,Cotton,15,Chandrapur,FAQ,Rajura,4750,4000,4450.0,Maharashtra,Other
2019-11-17,Cotton,15,Nagpur,FAQ,Kalmeshwar,4600,4000,4300.0,Maharashtra,Other
2019-11-18,Cotton,15,Yavatmal,FAQ,Ghatanji,4800,4200,4500.0,Maharashtra,LRA
2019-11-18,Cotton,15,Nagpur,FAQ,Narkhed,4650,4500,4550.0,Maharashtra,Other
2019-11-19,Cotton,15,Chandrapur,FAQ,Rajura,4900,4400,4625.0,Maharashtra,Other
2019-11-20,Cotton,15,Nagpur,FAQ,Kalmeshwar,5000,4600,4750.0,Maharashtra,Other
2019-11-20,Cotton,15,Yavatmal,FAQ,Ghatanji,4800,4200,4500.0,Maharashtra,LRA
2019-11-20,Cotton,15,Chandrapur,FAQ,Rajura,4950,4400,4650.0,Maharashtra,Other
2019-11-21,Cotton,15,Nagpur,FAQ,Narkhed,4850,4700,4750.0,Maharashtra,Other
2019-11-22,Cotton,15,Wardha,FAQ,Pulgaon,5150,4400,4800.0,Maharashtra,Other
2019-11-22,Cotton,15,Nagpur,FAQ,Narkhed,4850,4700,4750.0,Maharashtra,Other
2019-11-25,Cotton,15,Yavatmal,FAQ,Ghatanji,5550,4650,4950.0,Maharashtra,LRA
2019-11-25,Cotton,15,Chandrapur,FAQ,Rajura,5100,4750,4960.0,Maharashtra,Other
2019-11-25,Cotton,15,Nagpur,FAQ,Kalmeshwar,5100,4700,4900.0,Maharashtra,Other
2019-11-25,Cotton,15,Nagpur,FAQ,Narkhed,4850,4700,4750.0,Maharashtra,Other
2019-11-26,Cotton,15,Chandrapur,FAQ,Rajura,5000,4250,4850.0,Maharashtra,Other
2019-11-26,Cotton,15,Nagpur,FAQ,Narkhed,4850,4700,4800.0,Maharashtra,Other
2019-11-26,Cotton,15,Nagpur,FAQ,Mandhal,5045,4922,4958.0,Maharashtra,Other
2019-11-26,Cotton,15,Chandrapur,FAQ,Chimur,5051,5049,5050.0,Maharashtra,Other
2019-11-27,Cotton,15,Chandrapur,FAQ,Chandrapur(Ganjwad),5550,4650,4950.0,Maharashtra,Other
2019-11-28,Cotton,15,Yavatmal,FAQ,Ralegaon,5550,4700,5060.0,Maharashtra,Other
2019-11-28,Cotton,15,Chandrapur,FAQ,Chimur,5100,5050,5080.0,Maharashtra,Other
2019-11-28,Cotton,15,Yavatmal,FAQ,Vani,5550,5366,5422.0,Maharashtra,Desi
2019-11-29,Cotton,15,Yavatmal,FAQ,Vani,5594,5324,5450.0,Maharashtra,Desi
2019-11-29,Cotton,15,Nagpur,FAQ,Mandhal,5150,5023,5075.0,Maharashtra,Other
2019-11-30,Cotton,15,Nagpur,FAQ,Kalmeshwar,5100,4600,4900.0,Maharashtra,Other
2019-11-30,Cotton,15,Yavatmal,FAQ,Ghatanji,4940,4500,4750.0,Maharashtra,LRA
2019-12-01,Cotton,15,Nagpur,FAQ,Narkhed,5050,4800,4900.0,Maharashtra,Other
2019-12-02,Cotton,15,Nagpur,FAQ,Kalmeshwar,5100,4700,4900.0,Maharashtra,Other
2019-12-02,Cotton,15,Nagpur,FAQ,Narkhed,5020,4800,5000.0,Maharashtra,Other
2019-12-02,Cotton,15,Yavatmal,FAQ,Ghatanji,5100,4950,5000.0,Maharashtra,LRA
2019-12-03,Cotton,15,Wardha,FAQ,Sindi,5520,4820,5350.0,Maharashtra,Other
2019-12-03,Cotton,15,Chandrapur,FAQ,Rajura,5000,4450,4900.0,Maharashtra,Other
2019-12-03,Cotton,15,Akola,FAQ,Akot,5280,4765,5200.0,Maharashtra,H-4(A) 27mm FIne
2019-12-03,Cotton,15,Yavatmal,FAQ,Ralegaon,5550,4720,5030.0,Maharashtra,Other
2019-12-03,Cotton,15,Chandrapur,FAQ,Chimur,5100,5000,5050.0,Maharashtra,Other
2019-12-03,Cotton,15,Chandrapur,FAQ,Chandrapur(Ganjwad),5550,4700,4950.0,Maharashtra,Other
2019-12-03,Cotton,15,Akola,FAQ,Barshi Takli,5550,5550,5550.0,Maharashtra,Other
2019-12-04,Cotton,15,Chandrapur,FAQ,Rajura,5000,4800,4925.0,Maharashtra,Other
2019-12-04,Cotton,15,Wardha,FAQ,Pulgaon,5550,4850,5350.0,Maharashtra,Other
2019-12-04,Cotton,15,Wardha,FAQ,Sindi,5550,4930,5250.0,Maharashtra,Other
2019-12-04,Cotton,15,Yavatmal,FAQ,Vani,5616,5380,5480.0,Maharashtra,Desi
2019-12-04,Cotton,15,Akola,FAQ,Barshi Takli,5550,5550,5550.0,Maharashtra,Other
2019-12-05,Cotton,15,Yavatmal,FAQ,Umarkhed,5100,4800,5000.0,Maharashtra,H-4(A) 27mm FIne
2019-12-05,Cotton,15,Akola,FAQ,Barshi Takli,5550,5550,5550.0,Maharashtra,Other
2019-12-05,Cotton,15,Nagpur,FAQ,Kalmeshwar,5150,4700,4950.0,Maharashtra,Other
2019-12-06,Cotton,15,Nagpur,FAQ,Narkhed,5050,4900,5000.0,Maharashtra,Other
2019-12-06,Cotton,15,Yavatmal,FAQ,Kalamb,5550,5394,5494.0,Maharashtra,LRA
2019-12-06,Cotton,15,Yavatmal,FAQ,Ralegaon,5550,4800,5020.0,Maharashtra,Other
2019-12-07,Cotton,15,Chandrapur,FAQ,Chimur,5100,5000,5050.0,Maharashtra,Other
2019-12-08,Cotton,15,Yavatmal,FAQ,Umarkhed,5000,4600,4800.0,Maharashtra,H-4(A) 27mm FIne
2019-12-08,Cotton,15,Nagpur,FAQ,Narkhed,5200,5000,5100.0,Maharashtra,Other
2019-12-09,Cotton,15,Chandrapur,FAQ,Rajura,5100,4800,5010.0,Maharashtra,Other
2019-12-09,Cotton,15,Wardha,FAQ,Samudrapur,5550,4900,5328.0,Maharashtra,Other
2019-12-09,Cotton,15,Yavatmal,FAQ,Pandhakawada,5550,5328,5430.0,Maharashtra,Other
2019-12-09,Cotton,15,Ahmednagar,FAQ,Shrigonda,5275,5255,5260.0,Maharashtra,Other
2019-12-09,Cotton,15,Yavatmal,FAQ,Kalamb,5550,5394,5494.0,Maharashtra,LRA
2019-12-10,Cotton,15,Nagpur,FAQ,Mandhal,5405,5142,5274.0,Maharashtra,Other
2019-12-10,Cotton,15,Chandrapur,FAQ,Chandrapur(Ganjwad),5550,4850,5150.0,Maharashtra,Other
2019-12-10,Cotton,15,Chandrapur,FAQ,Rajura,5150,4800,5050.0,Maharashtra,Other
2019-12-10,Cotton,15,Akola,FAQ,Barshi Takli,5550,5550,5550.0,Maharashtra,Other
2019-12-11,Cotton,15,Akola,FAQ,Akot,5420,5000,5400.0,Maharashtra,H-4(A) 27mm FIne
2019-12-12,Cotton,15,Akola,FAQ,Akola,5500,5280,5390.0,Maharashtra,Desi
2019-12-13,Cotton,15,Wardha,FAQ,Hinganghat,5550,4900,5319.0,Maharashtra,Other
2019-12-14,Cotton,15,Yavatmal,FAQ,Umarkhed,5100,4500,4900.0,Maharashtra,H-4(A) 27mm FIne
2019-12-14,Cotton,15,Wardha,FAQ,Hinganghat,5550,4950,5234.0,Maharashtra,Other
2019-12-14,Cotton,15,Akola,FAQ,Akola,5500,5280,5390.0,Maharashtra,Desi
2019-12-16,Cotton,15,Nagpur,FAQ,Narkhed,5400,5000,5200.0,Maharashtra,Other
2019-12-16,Cotton,15,Yavatmal,FAQ,Darwha,5550,5050,5300.0,Maharashtra,Other
2019-12-16,Cotton,15,Yavatmal,FAQ,Ralegaon,5550,4700,5160.0,Maharashtra,Other
2019-12-17,Cotton,15,Wardha,FAQ,Sindi,5550,5120,5325.0,Maharashtra,Other
2019-12-17,Cotton,15,Nagpur,FAQ,Mandhal,5325,5184,5249.0,Maharashtra,Other
2019-12-18,Cotton,15,Akola,FAQ,Barshi Takli,5550,5550,5550.0,Maharashtra,Other
2019-12-18,Cotton,15,Yavatmal,FAQ,Darwha,5550,5050,5300.0,Maharashtra,Other
2019-12-18,Cotton,15,Wardha,FAQ,Sindi,5550,5020,5380.0,Maharashtra,Other
2019-12-18,Cotton,15,Wardha,FAQ,Hinganghat,5550,5000,5264.0,Maharashtra,Other
2019-12-18,Cotton,15,Chandrapur,FAQ,Chimur,5250,5000,5225.0,Maharashtra,Other
2019-12-19,Cotton,15,Chandrapur,FAQ,Rajura,5100,4800,5025.0,Maharashtra,Other
2019-12-19,Cotton,15,Yavatmal,FAQ,Kalamb,5550,5400,5400.0,Maharashtra,LRA
2019-12-19,Cotton,15,Wardha,FAQ,Hinganghat,5550,5000,5236.0,Maharashtra,Other
2019-12-19,Cotton,15,Wardha,FAQ,Pulgaon,5550,5170,5325.0,Maharashtra,Other
2019-12-19,Cotton,15,Nagpur,FAQ,Kalmeshwar,5375,5150,5235.0,Maharashtra,Other
2019-12-19,Cotton,15,Akola,FAQ,Akola,5500,5280,5390.0,Maharashtra,Desi
2019-12-20,Cotton,15,Akola,FAQ,Akola,5500,5280,5390.0,Maharashtra,Desi
2019-12-20,Cotton,15,Wardha,FAQ,Hinganghat,5550,5000,5240.0,Maharashtra,Other
2019-12-20,Cotton,15,Wardha,FAQ,Sindi,5550,5125,5360.0,Maharashtra,Other
2019-12-20,Cotton,15,Yavatmal,FAQ,Ralegaon,5550,4900,5200.0,Maharashtra,Other
2019-12-20,Cotton,15,Wardha,FAQ,Samudrapur,5550,4900,5328.0,Maharashtra,Other
2019-12-21,Cotton,15,Nagpur,FAQ,Kalmeshwar,5350,5150,5235.0,Maharashtra,Other
2019-12-21,Cotton,15,Wardha,FAQ,Hinganghat,5550,5000,5230.0,Maharashtra,Other
2019-12-22,Cotton,15,Nagpur,FAQ,Kalmeshwar,5375,5150,5235.0,Maharashtra,Other
2019-12-23,Cotton,15,Ahmednagar,FAQ,Shrigonda,5300,5255,5275.0,Maharashtra,Other
2019-12-23,Cotton,15,Yavatmal,FAQ,Ghatanji,5100,4850,5000.0,Maharashtra,LRA
2019-12-24,Cotton,15,Nagpur,FAQ,Katol,5250,5000,5150.0,Maharashtra,Desi
2019-12-24,Cotton,15,Chandrapur,FAQ,Chimur,5300,5200,5250.0,Maharashtra,Other
2019-12-24,Cotton,15,Yavatmal,FAQ,Ghatanji,5200,4950,5100.0,Maharashtra,LRA
2019-12-24,Cotton,15,Wardha,FAQ,Wardha,5550,4875,5250.0,Maharashtra,Other
2019-12-25,Cotton,15,Yavatmal,FAQ,Umarkhed,5550,5400,5450.0,Maharashtra,H-4(A) 27mm FIne
2019-12-25,Cotton,15,Akola,FAQ,Barshi Takli,5550,5550,5550.0,Maharashtra,Other
2019-12-25,Cotton,15,Akola,FAQ,Akola,5500,5280,5390.0,Maharashtra,Desi
2019-12-26,Cotton,15,Yavatmal,FAQ,Ralegaon,5550,4900,5200.0,Maharashtra,Other
2019-12-26,Cotton,15,Yavatmal,FAQ,Pandhakawada,5550,5500,5510.0,Maharashtra,Other
2019-12-27,Cotton,15,Nagpur,FAQ,Mandhal,5250,5202,5217.0,Maharashtra,Other
2019-12-27,Cotton,15,Chandrapur,FAQ,Rajura,5125,4800,5075.0,Maharashtra,Other
2019-12-27,Cotton,15,Wardha,FAQ,Wardha,5550,4900,5350.0,Maharashtra,Other
2019-12-27,Cotton,15,Wardha,FAQ,Samudrapur,5550,5100,5300.0,Maharashtra,Other
2019-12-28,Cotton,15,Wardha,FAQ,Pulgaon,5441,5200,5300.0,Maharashtra,Other
2019-12-28,Cotton,15,Akola,FAQ,Akola,5500,5280,5390.0,Maharashtra,Desi
2019-12-28,Cotton,15,Chandrapur,FAQ,Chimur,5250,5150,5200.0,Maharashtra,Other
2019-12-29,Cotton,15,Nagpur,FAQ,Kalmeshwar,5375,4800,5215.0,Maharashtra,Other
2019-12-30,Cotton,15,Nagpur,FAQ,Kalmeshwar,5375,4800,5150.0,Maharashtra,Other
2019-12-30,Cotton,15,Wardha,FAQ,Pulgaon,5550,5250,5400.0,Maharashtra,Other
2019-12-30,Cotton,15,Yavatmal,FAQ,Ghatanji,5550,5050,5250.0,Maharashtra,LRA
2019-12-31,Cotton,15,Wardha,FAQ,Hinganghat,5550,5100,5370.0,Maharashtra,Other
2019-12-31,Cotton,15,Yavatmal,FAQ,Darwha,5550,5050,5300.0,Maharashtra,Other
2020-01-01,Cotton,15,Wardha,FAQ,Hinganghat,5500,5000,5276.0,Maharashtra,Other
2020-01-01,Cotton,15,Nanded,FAQ,Bhokar,5175,4850,5012.0,Maharashtra,Other
2020-01-01,Cotton,15,Parbhani,FAQ,Parbhani,5240,4800,5150.0,Maharashtra,Other
2020-01-01,Cotton,15,Nagpur,FAQ,Katol,5300,5000,5225.0,Maharashtra,Desi
2020-01-01,Cotton,15,Buldhana,FAQ,Khamgaon,5500,4900,5200.0,Maharashtra,Other
2020-01-01,Cotton,15,Yavatmal,FAQ,Ralegaon,5180,4700,5150.0,Maharashtra,Other
2020-01-01,Cotton,15,Wardha,FAQ,Samudrapur,5250,5000,5100.0,Maharashtra,Other
2020-01-01,Cotton,15,Jalana,FAQ,Ghansawangi,4900,4400,4800.0,Maharashtra,Other
2020-01-01,Cotton,15,Jalgaon,FAQ,Yawal,5230,4230,4830.0,Maharashtra,Other
2020-01-01,Cotton,15,Chattrapati Sambhajinagar,FAQ,Fulmbri,5500,5100,5300.0,Maharashtra,Other
2020-01-01,Cotton,15,Nagpur,FAQ,Kalmeshwar,5375,4800,5150.0,Maharashtra,Other
2020-01-01,Cotton,15,Chandrapur,FAQ,Korpana,5125,4800,5000.0,Maharashtra,Desi
2020-01-01,Cotton,15,Yavatmal,FAQ,ZariZamini,5125,5100,5114.0,Maharashtra,Other
2020-01-01,Cotton,15,Wardha,FAQ,Arvi,5250,5100,5200.0,Maharashtra,H-4(A) 27mm FIne
2020-01-01,Cotton,15,Wardha,FAQ,Sindi(Selu),5350,5260,5320.0,Maharashtra,Other
2020-01-02,Cotton,15,Hingoli,FAQ,Basmat,5550,5255,5350.0,Maharashtra,Desi
2020-01-02,Cotton,15,Chattrapati Sambhajinagar,FAQ,Fulmbri,5300,5100,5200.0,Maharashtra,Other
2020-01-02,Cotton,15,Akola,FAQ,Akola,5550,5250,5400.0,Maharashtra,Desi
2020-01-02,Cotton,15,Wardha,FAQ,Samudrapur,5250,5000,5100.0,Maharashtra,Other
2020-01-02,Cotton,15,Chattrapati Sambhajinagar,FAQ,Sillod,5100,4800,5000.0,Maharashtra,Other
2020-01-02,Cotton,15,Nagpur,FAQ,Katol,5200,5000,5100.0,Maharashtra,Desi
2020-01-02,Cotton,15,Chandrapur,FAQ,Korpana,5160,4900,5100.0,Maharashtra,Desi
2020-01-02,Cotton,15,Nagpur,FAQ,Narkhed,5250,5000,5100.0,Maharashtra,Other
2020-01-02,Cotton,15,Yavatmal,FAQ,Vani,5636,5328,5470.0,Maharashtra,Desi
2020-01-02,Cotton,15,Dhule,FAQ,Shirpur,5450,5232,5395.0,Maharashtra,Other
2020-01-03,Cotton,15,Nagpur,FAQ,Narkhed,5300,5100,5200.0,Maharashtra,Other
2020-01-03,Cotton,15,Amarawati,FAQ,Amarawati,5250,5000,5125.0,Maharashtra,Other
2020-01-03,Cotton,15,Hingoli,FAQ,Akhadabalapur,5200,5000,5100.0,Maharashtra,Desi
2020-01-03,Cotton,15,Yavatmal,FAQ,Vani,5608,5330,5481.0,Maharashtra,Desi
2020-01-03,Cotton,15,Wardha,FAQ,Sindi,5550,5220,5350.0,Maharashtra,Other
2020-01-03,Cotton,15,Jalana,FAQ,Jalana,5445,5223,5320.0,Maharashtra,Other
2020-01-03,Cotton,15,Parbhani,FAQ,Sonpeth,5341,4850,5232.0,Maharashtra,Other
2020-01-03,Cotton,15,Nagpur,FAQ,Katol,5200,5000,5100.0,Maharashtra,Desi
2020-01-03,Cotton,15,Jalana,FAQ,Jalna(Badnapur),5411,5232,5300.0,Maharashtra,Other
2020-01-03,Cotton,15,Chattrapati Sambhajinagar,FAQ,Fulmbri,5500,5100,5300.0,Maharashtra,Other
2020-01-03,Cotton,15,Nagpur,FAQ,Savner,5400,5275,5350.0,Maharashtra,Other
2020-01-03,Cotton,15,Nagpur,FAQ,Kalmeshwar,5375,4800,5150.0,Maharashtra,Other
2020-01-03,Cotton,15,Chandrapur,FAQ,Varora,5250,5000,5125.0,Maharashtra,Desi
2020-01-03,Cotton,15,Wardha,FAQ,Pulgaon,5311,5200,5270.0,Maharashtra,Other
2020-01-04,Cotton,15,Amarawati,FAQ,Varud,5550,5000,5200.0,Maharashtra,Other
2020-01-04,Cotton,15,Chattrapati Sambhajinagar,FAQ,Sillod,5200,4800,5100.0,Maharashtra,Other
2020-01-04,Cotton,15,Wardha,FAQ,Sindi,5550,5230,5380.0,Maharashtra,Other
2020-01-04,Cotton,15,Nagpur,FAQ,Narkhed,5300,5000,5100.0,Maharashtra,Other
2020-01-04,Cotton,15,Wardha,FAQ,Samudrapur,5550,5000,5300.0,Maharashtra,Other
2020-01-04,Cotton,15,Nanded,FAQ,Hadgaon,5000,4800,4900.0,Maharashtra,Other
2020-01-04,Cotton,15,Dhule,FAQ,Shirpur,5450,5232,5395.0,Maharashtra,Other
2020-01-04,Cotton,15,Akola,FAQ,Akot,5530,5050,5500.0,Maharashtra,H-4(A) 27mm FIne
2020-01-04,Cotton,15,Chandrapur,FAQ,Varora,5250,4950,5100.0,Maharashtra,Desi
2020-01-04,Cotton,15,Nagpur,FAQ,Savner,5400,5275,5350.0,Maharashtra,Other
2020-01-04,Cotton,15,Chandrapur,FAQ,Bhadrawati,5190,5150,5170.0,Maharashtra,Other
2020-01-04,Cotton,15,Yavatmal,FAQ,ZariZamini,5100,5090,5094.0,Maharashtra,Other
2020-01-05,Cotton,15,Nanded,FAQ,Hadgaon(Tamsa),5000,4800,4900.0,Maharashtra,Other
2020-01-05,Cotton,15,Chandrapur,FAQ,Varora,5250,5000,5125.0,Maharashtra,Desi
2020-01-05,Cotton,15,Chandrapur,FAQ,Rajura,5125,4850,5085.0,Maharashtra,Other
2020-01-05,Cotton,15,Parbhani,FAQ,Sonpeth,5100,4850,5050.0,Maharashtra,Other
2020-01-05,Cotton,15,Wardha,FAQ,Arvi,5300,5150,5200.0,Maharashtra,H-4(A) 27mm FIne
2020-01-06,Cotton,15,Wardha,FAQ,Arvi,5340,5150,5200.0,Maharashtra,H-4(A) 27mm FIne
2020-01-06,Cotton,15,Buldhana,FAQ,Deoulgaon Raja,5175,4800,5000.0,Maharashtra,Desi
2020-01-06,Cotton,15,Nagpur,FAQ,Katol,5250,5000,5150.0,Maharashtra,Desi
2020-01-06,Cotton,15,Chandrapur,FAQ,Rajura,5150,5050,5100.0,Maharashtra,Other
2020-01-06,Cotton,15,Amarawati,FAQ,Anajngaon,5550,5350,5450.0,Maharashtra,Other
2020-01-06,Cotton,15,Yavatmal,FAQ,Pandhakawada,5500,5300,5430.0,Maharashtra,Other
2020-01-06,Cotton,15,Wardha,FAQ,Samudrapur,5550,5100,5200.0,Maharashtra,Other
2020-01-06,Cotton,15,Jalana,FAQ,Jalana,5450,5232,5320.0,Maharashtra,Other
2020-01-06,Cotton,15,Wardha,FAQ,Sindi(Selu),5550,5280,5400.0,Maharashtra,Other
2020-01-06,Cotton,15,Yavatmal,FAQ,Vani,5608,5328,5475.0,Maharashtra,Desi
2020-01-06,Cotton,15,Dhule,FAQ,Shirpur,5450,5232,5395.0,Maharashtra,Other
2020-01-07,Cotton,15,Chattrapati Sambhajinagar,FAQ,Sillod,5200,4800,5100.0,Maharashtra,Other
2020-01-07,Cotton,15,Nanded,FAQ,Bhokar,5250,4900,5075.0,Maharashtra,Other
2020-01-07,Cotton,15,Wardha,FAQ,Sindi,5550,5200,5380.0,Maharashtra,Other
2020-01-07,Cotton,15,Chandrapur,FAQ,Varora,5225,4900,5062.0,Maharashtra,Desi
2020-01-07,Cotton,15,Wardha,FAQ,Pulgaon,5550,5200,5350.0,Maharashtra,Other
2020-01-07,Cotton,15,Wardha,FAQ,Samudrapur,5550,5000,5250.0,Maharashtra,Other
2020-01-07,Cotton,15,Amarawati,FAQ,Amarawati,5250,4900,5075.0,Maharashtra,Other
2020-01-08,Cotton,15,Parbhani,FAQ,Manwat,5200,4800,5125.0,Maharashtra,Other
2020-01-08,Cotton,15,Wardha,FAQ,Pulgaon,5550,5200,5370.0,Maharashtra,Other
2020-01-08,Cotton,15,Buldhana,FAQ,Khamgaon,5500,4900,5200.0,Maharashtra,Other
2020-01-08,Cotton,15,Nagpur,FAQ,Bhiwapur,5240,4800,5050.0,Maharashtra,Varalaxmi
2020-01-08,Cotton,15,Wardha,FAQ,Wardha,5550,4950,5200.0,Maharashtra,Other
2020-01-08,Cotton,15,Nagpur,FAQ,Katol,5250,5000,5150.0,Maharashtra,Desi
2020-01-08,Cotton,15,Chandrapur,FAQ,Bhadrawati,5190,5025,5108.0,Maharashtra,Other
2020-01-08,Cotton,15,Chattrapati Sambhajinagar,FAQ,Sillod,5250,4900,5150.0,Maharashtra,Other
2020-01-08,Cotton,15,Nagpur,FAQ,Parshiwani,5300,5250,5275.0,Maharashtra,H-4(A) 27mm FIne
2020-01-08,Cotton,15,Beed,FAQ,Kille Dharur,5450,5255,5450.0,Maharashtra,Other
2020-01-08,Cotton,15,Chandrapur,FAQ,Rajura,5150,4950,5111.0,Maharashtra,Other
2020-01-09,Cotton,15,Nanded,FAQ,Hadgaon(Tamsa),5450,5255,5300.0,Maharashtra,Other
2020-01-09,Cotton,15,Nagpur,FAQ,Narkhed,5300,5100,5200.0,Maharashtra,Other
2020-01-09,Cotton,15,Yavatmal,FAQ,ZariZamini,5125,5080,5122.0,Maharashtra,Other
2020-01-09,Cotton,15,Amarawati,FAQ,Varud,5550,5000,5250.0,Maharashtra,Other
2020-01-09,Cotton,15,Nagpur,FAQ,Parshiwani,5260,5240,5250.0,Maharashtra,H-4(A) 27mm FIne
2020-01-09,Cotton,15,Wardha,FAQ,Arvi,5350,5100,5200.0,Maharashtra,H-4(A) 27mm FIne
2020-01-09,Cotton,15,Wardha,FAQ,Sindi(Selu),5550,5280,5440.0,Maharashtra,Other
2020-01-09,Cotton,15,Wardha,FAQ,Pulgaon,5550,5250,5370.0,Maharashtra,Other
2020-01-09,Cotton,15,Nagpur,FAQ,Katol,5250,5000,5150.0,Maharashtra,Desi
2020-01-09,Cotton,15,Chattrapati Sambhajinagar,FAQ,Sillod,5250,5000,5100.0,Maharashtra,Other
2020-01-09,Cotton,15,Jalana,FAQ,Jalna(Badnapur),5433,4800,5232.0,Maharashtra,Other
2020-01-09,Cotton,15,Yavatmal,FAQ,Vani,5636,5328,5482.0,Maharashtra,Desi
2020-01-09,Cotton,15,Wardha,FAQ,Samudrapur,5550,5100,5300.0,Maharashtra,Other
2020-01-09,Cotton,15,Wardha,FAQ,Sindi,5550,5210,5380.0,Maharashtra,Other
2020-01-09,Cotton,15,Hingoli,FAQ,Basmat(Kurunda),5550,5255,5350.0,Maharashtra,Desi
2020-01-09,Cotton,15,Nagpur,FAQ,Savner,5550,5275,5350.0,Maharashtra,Other
2020-01-09,Cotton,15,Wardha,FAQ,Wardha,5550,4850,5350.0,Maharashtra,Other
2020-01-09,Cotton,15,Jalana,FAQ,Ghansawangi,4800,4200,4700.0,Maharashtra,Other
2020-01-09,Cotton,15,Nagpur,FAQ,Kalmeshwar,5350,4950,5165.0,Maharashtra,Other
2020-01-10,Cotton,15,Buldhana,FAQ,Khamgaon,5500,4900,5200.0,Maharashtra,Other
2020-01-10,Cotton,15,Chandrapur,FAQ,Chandrapur(Ganjwad),5525,4750,5200.0,Maharashtra,Other
2020-01-10,Cotton,15,Yavatmal,FAQ,Vani,5636,5328,5482.0,Maharashtra,Desi
2020-01-10,Cotton,15,Chattrapati Sambhajinagar,FAQ,Sillod,5250,5000,5100.0,Maharashtra,Other
2020-01-10,Cotton,15,Wardha,FAQ,Hinganghat,5550,5000,5312.0,Maharashtra,Other
2020-01-10,Cotton,15,Parbhani,FAQ,Manwat,5235,4800,5165.0,Maharashtra,Desi
2020-01-10,Cotton,15,Yavatmal,FAQ,ZariZamini,5661,5080,5125.0,Maharashtra,Other
2020-01-10,Cotton,15,Buldhana,FAQ,Deoulgaon Raja,5250,5000,5100.0,Maharashtra,Desi
2020-01-10,Cotton,15,Nagpur,FAQ,Umared,5305,5100,5250.0,Maharashtra,Desi
2020-01-10,Cotton,15,Chandrapur,FAQ,Bhadrawati,5180,4825,5003.0,Maharashtra,Other
2020-01-10,Cotton,15,Jalana,FAQ,Jalna(Badnapur),5433,5275,5380.0,Maharashtra,Other
2020-01-10,Cotton,15,Nagpur,FAQ,Parshiwani,5385,5250,5270.0,Maharashtra,H-4(A) 27mm FIne
2020-01-10,Cotton,15,Yavatmal,FAQ,Darwha,5450,5100,5275.0,Maharashtra,Other
2020-01-10,Cotton,15,Wardha,FAQ,Sindi,5550,5150,5320.0,Maharashtra,Other
2020-01-10,Cotton,15,Yavatmal,FAQ,Ralegaon,5550,4800,5275.0,Maharashtra,Other
2020-01-11,Cotton,15,Chandrapur,FAQ,Chimur,5300,5200,5250.0,Maharashtra,Other
2020-01-11,Cotton,15,Nagpur,FAQ,Parshiwani,5300,5275,5285.0,Maharashtra,H-4(A) 27mm FIne
2020-01-11,Cotton,15,Nagpur,FAQ,Savner,5550,5275,5350.0,Maharashtra,Other
2020-01-11,Cotton,15,Wardha,FAQ,Hinganghat,5550,5100,5313.0,Maharashtra,Other
2020-01-11,Cotton,15,Chattrapati Sambhajinagar,FAQ,Sillod,5200,4880,5100.0,Maharashtra,Other
2020-01-11,Cotton,15,Yavatmal,FAQ,Umarkhed,5550,5300,5450.0,Maharashtra,H-4(A) 27mm FIne
2020-01-11,Cotton,15,Chandrapur,FAQ,Rajura,5175,5000,5157.0,Maharashtra,Other
2020-01-11,Cotton,15,Dhule,FAQ,Shirpur,5450,5232,5395.0,Maharashtra,Other
2020-01-11,Cotton,15,Nagpur,FAQ,Narkhed,5300,5100,5200.0,Maharashtra,Other
2020-01-11,Cotton,15,Jalana,FAQ,Jalana,5450,5223,5314.0,Maharashtra,Other
2020-01-11,Cotton,15,Nanded,FAQ,Hadgaon(Tamsa),5450,5255,5350.0,Maharashtra,Other
2020-01-11,Cotton,15,Yavatmal,FAQ,Pandhakawada,5500,5328,5430.0,Maharashtra,Other
2020-01-11,Cotton,15,Hingoli,FAQ,Akhadabalapur,5200,5000,5100.0,Maharashtra,Desi
2020-01-12,Cotton,15,Chandrapur,FAQ,Bhadrawati,5250,5180,5215.0,Maharashtra,Other
2020-01-12,Cotton,15,Nanded,FAQ,Hadgaon(Tamsa),5255,5255,5255.0,Maharashtra,Other
2020-01-12,Cotton,15,Nanded,FAQ,Bhokar,5350,4900,5125.0,Maharashtra,Other
2020-01-12,Cotton,15,Parbhani,FAQ,Sonpeth,5100,4900,5050.0,Maharashtra,Other
2020-01-12,Cotton,15,Yavatmal,FAQ,Maregoan,5550,5255,5450.0,Maharashtra,Other
2020-01-12,Cotton,15,Nagpur,FAQ,Narkhed,5325,5100,5200.0,Maharashtra,Other
2020-01-12,Cotton,15,Jalgaon,FAQ,Yawal,5240,4270,4760.0,Maharashtra,Other
2020-01-13,Cotton,15,Wardha,FAQ,Hinganghat,5550,5150,5371.0,Maharashtra,Other
2020-01-13,Cotton,15,Nanded,FAQ,Bhokar,5350,5000,5175.0,Maharashtra,Other
2020-01-13,Cotton,15,Nagpur,FAQ,Katol,5300,5000,5100.0,Maharashtra,Desi
2020-01-13,Cotton,15,Nanded,FAQ,Hadgaon(Tamsa),5450,5255,5350.0,Maharashtra,Other
2020-01-13,Cotton,15,Hingoli,FAQ,Akhadabalapur,5300,5200,5250.0,Maharashtra,Desi
2020-01-13,Cotton,15,Amarawati,FAQ,Dhamngaon-Railway,5600,5305,5450.0,Maharashtra,LRA
2020-01-13,Cotton,15,Hingoli,FAQ,Basmat,5550,5255,5350.0,Maharashtra,Desi
2020-01-13,Cotton,15,Wardha,FAQ,Pulgaon,5550,5250,5340.0,Maharashtra,Other
2020-01-13,Cotton,15,Wardha,FAQ,Ashti,5550,5250,5350.0,Maharashtra,Other
2020-01-13,Cotton,15,Nagpur,FAQ,Parshiwani,5315,5272,5290.0,Maharashtra,H-4(A) 27mm FIne
2020-01-13,Cotton,15,Nagpur,FAQ,Kalmeshwar,5425,4900,5150.0,Maharashtra,Other
2020-01-13,Cotton,15,Yavatmal,FAQ,Umarkhed,5550,5350,5450.0,Maharashtra,H-4(A) 27mm FIne
2020-01-13,Cotton,15,Wardha,FAQ,Sindi(Selu),5550,5350,5485.0,Maharashtra,Other
2020-01-13,Cotton,15,Parbhani,FAQ,Gangakhed,5550,5250,5450.0,Maharashtra,N-44
2020-01-13,Cotton,15,Yavatmal,FAQ,Vani,5636,5328,5502.0,Maharashtra,Desi
2020-01-13,Cotton,15,Nagpur,FAQ,Savner,5550,5275,5350.0,Maharashtra,Other
2020-01-13,Cotton,15,Nanded,FAQ,Hadgaon,5400,5255,5300.0,Maharashtra,Other
2020-01-13,Cotton,15,Yavatmal,FAQ,Ghatanji,5250,4950,5000.0,Maharashtra,LRA
2020-01-13,Cotton,15,Wardha,FAQ,Samudrapur,5550,5000,5300.0,Maharashtra,Other
2020-01-13,Cotton,15,Nagpur,FAQ,Narkhed,5300,5100,5200.0,Maharashtra,Other
2020-01-14,Cotton,15,Yavatmal,FAQ,Vani,5619,5386,5497.0,Maharashtra,Desi
2020-01-14,Cotton,15,Parbhani,FAQ,Sonpeth,5450,4950,5350.0,Maharashtra,Other
2020-01-14,Cotton,15,Nagpur,FAQ,Kalmeshwar,5425,4900,5150.0,Maharashtra,Other
2020-01-14,Cotton,15,Wardha,FAQ,Samudrapur,5550,5100,5300.0,Maharashtra,Other
2020-01-14,Cotton,15,Hingoli,FAQ,Basmat,5550,5255,5350.0,Maharashtra,Desi
2020-01-14,Cotton,15,Jalana,FAQ,Jalna(Badnapur),5450,5100,5350.0,Maharashtra,Other
2020-01-14,Cotton,15,Jalgaon,FAQ,Yawal,5230,4260,4750.0,Maharashtra,Other
2020-01-14,Cotton,15,Yavatmal,FAQ,Maregoan,5550,5255,5450.0,Maharashtra,Other
2020-01-14,Cotton,15,Nagpur,FAQ,Parshiwani,5350,5325,5340.0,Maharashtra,H-4(A) 27mm FIne
2020-01-14,Cotton,15,Nagpur,FAQ,Umared,5270,5000,5220.0,Maharashtra,Desi
2020-01-14,Cotton,15,Wardha,FAQ,Ashti,5550,5170,5350.0,Maharashtra,Other
2020-01-14,Cotton,15,Wardha,FAQ,Sindi,5550,5275,5380.0,Maharashtra,Other
2020-01-14,Cotton,15,Amarawati,FAQ,Anajngaon,5550,5350,5450.0,Maharashtra,Other
2020-01-14,Cotton,15,Chandrapur,FAQ,Varora,5325,5000,5162.0,Maharashtra,Desi
2020-01-14,Cotton,15,Chandrapur,FAQ,Chimur,5325,5200,5250.0,Maharashtra,Other
2020-01-14,Cotton,15,Buldhana,FAQ,Khamgaon,5500,4900,5200.0,Maharashtra,Other
2020-01-14,Cotton,15,Yavatmal,FAQ,Ralegaon,5550,5150,5325.0,Maharashtra,Other
2020-01-14,Cotton,15,Chandrapur,FAQ,Korpana,5200,5000,5100.0,Maharashtra,Desi
2020-01-14,Cotton,15,Wardha,FAQ,Hinganghat,5550,5000,5342.0,Maharashtra,Other
2020-01-14,Cotton,15,Nanded,FAQ,Bhokar,5350,4850,5100.0,Maharashtra,Other
2020-01-14,Cotton,15,Dhule,FAQ,Shirpur,5450,5232,5395.0,Maharashtra,Other
2020-01-14,Cotton,15,Chandrapur,FAQ,Chandrapur(Ganjwad),5525,4000,5200.0,Maharashtra,Other
2020-01-15,Cotton,15,Wardha,FAQ,Sindi,5550,5340,5420.0,Maharashtra,Other
2020-01-15,Cotton,15,Yavatmal,FAQ,ZariZamini,5550,4500,5239.0,Maharashtra,Other
2020-01-15,Cotton,15,Jalana,FAQ,Jalana,5444,5223,5317.0,Maharashtra,Other
2020-01-15,Cotton,15,Nagpur,FAQ,Bhiwapur,5250,5000,5125.0,Maharashtra,Varalaxmi
2020-01-15,Cotton,15,Beed,FAQ,Kille Dharur,5450,5255,5450.0,Maharashtra,Other
2020-01-15,Cotton,15,Wardha,FAQ,Samudrapur,5550,5100,5300.0,Maharashtra,Other
2020-01-15,Cotton,15,Beed,FAQ,Vadvani,5450,5260,5355.0,Maharashtra,Other
2020-01-15,Cotton,15,Amarawati,FAQ,Anajngaon,5550,5350,5450.0,Maharashtra,Other
2020-01-15,Cotton,15,Nagpur,FAQ,Kalmeshwar,5350,4800,5150.0,Maharashtra,Other
2020-01-15,Cotton,15,Hingoli,FAQ,Basmat,5550,5255,5350.0,Maharashtra,Desi
2020-01-15,Cotton,15,Nagpur,FAQ,Umared,5250,5000,5200.0,Maharashtra,Desi
2020-01-15,Cotton,15,Jalana,FAQ,Ghansawangi,5000,4500,4800.0,Maharashtra,Other
2020-01-15,Cotton,15,Chandrapur,FAQ,Korpana,5200,4975,5050.0,Maharashtra,Desi
2020-01-16,Cotton,15,Yavatmal,FAQ,Vani,5636,5386,5501.0,Maharashtra,Desi
2020-01-16,Cotton,15,Nagpur,FAQ,Parshiwani,5300,5275,5285.0,Maharashtra,H-4(A) 27mm FIne
2020-01-16,Cotton,15,Nagpur,FAQ,Narkhed,5300,5100,5200.0,Maharashtra,Other
2020-01-16,Cotton,15,Chandrapur,FAQ,Rajura,5100,4900,5065.0,Maharashtra,Other
2020-01-16,Cotton,15,Nagpur,FAQ,Kalmeshwar,5350,4950,5225.0,Maharashtra,Other
2020-01-16,Cotton,15,Yavatmal,FAQ,ZariZamini,5547,4600,5272.0,Maharashtra,Other
2020-01-16,Cotton,15,Parbhani,FAQ,Sonpeth,5450,4950,5350.0,Maharashtra,Other
2020-01-16,Cotton,15,Yavatmal,FAQ,Ralegaon,5550,5000,5200.0,Maharashtra,Other
2020-01-16,Cotton,15,Wardha,FAQ,Pulgaon,5550,5200,5300.0,Maharashtra,Other
2020-01-16,Cotton,15,Buldhana,FAQ,Khamgaon,5500,4900,5200.0,Maharashtra,Other
2020-01-16,Cotton,15,Chandrapur,FAQ,Bhadrawati,5175,4950,5063.0,Maharashtra,Other
2020-01-17,Cotton,15,Chandrapur,FAQ,Bhadrawati,5100,4850,4975.0,Maharashtra,Other
2020-01-17,Cotton,15,Parbhani,FAQ,Manwat,5245,4900,5155.0,Maharashtra,Other
2020-01-17,Cotton,15,Yavatmal,FAQ,Vani,5636,5328,5482.0,Maharashtra,Desi
2020-01-17,Cotton,15,Amarawati,FAQ,Amarawati,5350,5100,5225.0,Maharashtra,Other
2020-01-17,Cotton,15,Jalana,FAQ,Jalna(Badnapur),5450,5319,5401.0,Maharashtra,Other
2020-01-17,Cotton,15,Nagpur,FAQ,Narkhed,5250,5100,5150.0,Maharashtra,Other
2020-01-17,Cotton,15,Parbhani,FAQ,Gangakhed,5550,4500,5450.0,Maharashtra,N-44
2020-01-17,Cotton,15,Beed,FAQ,Vadvani,5450,5260,5350.0,Maharashtra,Other
2020-01-17,Cotton,15,Nanded,FAQ,Bhokar,5250,4850,5050.0,Maharashtra,Other
2020-01-17,Cotton,15,Nagpur,FAQ,Parshiwani,5300,5285,5295.0,Maharashtra,H-4(A) 27mm FIne
2020-01-17,Cotton,15,Nagpur,FAQ,Savner,5550,5275,5300.0,Maharashtra,Other
2020-01-17,Cotton,15,Chattrapati Sambhajinagar,FAQ,Sillod,5200,4800,5100.0,Maharashtra,Other
2020-01-18,Cotton,15,Chattrapati Sambhajinagar,FAQ,Sillod,5200,4800,5100.0,Maharashtra,Other
2020-01-18,Cotton,15,Chandrapur,FAQ,Rajura,5150,4850,5094.0,Maharashtra,Other
2020-01-18,Cotton,15,Parbhani,FAQ,Sonpeth,5450,4900,5350.0,Maharashtra,Other
2020-01-18,Cotton,15,Wardha,FAQ,Pulgaon,5400,5150,5325.0,Maharashtra,Other
2020-01-18,Cotton,15,Nagpur,FAQ,Narkhed,5200,5100,5150.0,Maharashtra,Other
2020-01-18,Cotton,15,Chandrapur,FAQ,Bhadrawati,5200,4750,4975.0,Maharashtra,Other
2020-01-18,Cotton,15,Chandrapur,FAQ,Korpana,5150,4800,5100.0,Maharashtra,Desi
2020-01-18,Cotton,15,Nagpur,FAQ,Parshiwani,5300,5275,5290.0,Maharashtra,H-4(A) 27mm FIne
2020-01-18,Cotton,15,Chandrapur,FAQ,Chimur,2100,2000,2050.0,Maharashtra,Other
2020-01-18,Cotton,15,Wardha,FAQ,Hinganghat,5550,5000,5238.0,Maharashtra,Other
2020-01-18,Cotton,15,Wardha,FAQ,Arvi,5320,5250,5280.0,Maharashtra,H-4(A) 27mm FIne
2020-01-18,Cotton,15,Nagpur,FAQ,Kalmeshwar,5350,4800,5150.0,Maharashtra,Other
2020-01-18,Cotton,15,Nagpur,FAQ,Savner,5400,5275,5350.0,Maharashtra,Other
2020-01-19,Cotton,15,Yavatmal,FAQ,ZariZamini,5175,4200,4982.0,Maharashtra,Other
2020-01-19,Cotton,15,Nagpur,FAQ,Kalmeshwar,5400,4900,5200.0,Maharashtra,Other
2020-01-19,Cotton,15,Chandrapur,FAQ,Rajura,5150,5020,5135.0,Maharashtra,Other
2020-01-19,Cotton,15,Chandrapur,FAQ,Varora,5300,5000,5150.0,Maharashtra,Desi
2020-01-20,Cotton,15,Jalgaon,FAQ,Yawal,5280,4290,4750.0,Maharashtra,Other
2020-01-20,Cotton,15,Nagpur,FAQ,Savner,5550,5275,5350.0,Maharashtra,Other
2020-01-20,Cotton,15,Hingoli,FAQ,Akhadabalapur,5000,4900,4950.0,Maharashtra,Desi
2020-01-20,Cotton,15,Wardha,FAQ,Ashti,5550,5250,5350.0,Maharashtra,Other
2020-01-20,Cotton,15,Chandrapur,FAQ,Bhadrawati,5230,5160,5195.0,Maharashtra,Other
2020-01-20,Cotton,15,Nanded,FAQ,Bhokar,5225,4850,5037.0,Maharashtra,Other
2020-01-20,Cotton,15,Yavatmal,FAQ,Ralegaon,5550,5150,5225.0,Maharashtra,Other
2020-01-20,Cotton,15,Hingoli,FAQ,Basmat,5550,5255,5350.0,Maharashtra,Desi
2020-01-20,Cotton,15,Nagpur,FAQ,Kalmeshwar,5400,4900,5150.0,Maharashtra,Other
2020-01-20,Cotton,15,Nagpur,FAQ,Umared,5250,5000,5200.0,Maharashtra,Desi
2020-01-20,Cotton,15,Dhule,FAQ,Shirpur,5450,5232,5395.0,Maharashtra,Other
2020-01-20,Cotton,15,Wardha,FAQ,Sindi(Selu),5550,5300,5380.0,Maharashtra,Other
2020-01-20,Cotton,15,Chandrapur,FAQ,Rajura,5200,5000,5150.0,Maharashtra,Other
2020-01-20,Cotton,15,Parbhani,FAQ,Sonpeth,5450,4900,5350.0,Maharashtra,Other
2020-01-20,Cotton,15,Chattrapati Sambhajinagar,FAQ,Sillod,5200,4800,5100.0,Maharashtra,Other
2020-01-21,Cotton,15,Wardha,FAQ,Samudrapur,5550,5100,5270.0,Maharashtra,Other
2020-01-21,Cotton,15,Wardha,FAQ,Arvi,5250,5100,5200.0,Maharashtra,H-4(A) 27mm FIne
2020-01-21,Cotton,15,Jalana,FAQ,Jalna(Badnapur),5444,5324,5410.0,Maharashtra,Other
2020-01-21,Cotton,15,Wardha,FAQ,Pulgaon,5550,5200,5400.0,Maharashtra,Other
2020-01-21,Cotton,15,Nagpur,FAQ,Savner,5500,5275,5350.0,Maharashtra,Other
2020-01-21,Cotton,15,Buldhana,FAQ,Deoulgaon Raja,5260,4800,5100.0,Maharashtra,Desi
2020-01-21,Cotton,15,Yavatmal,FAQ,ZariZamini,5536,4900,5282.0,Maharashtra,Other
2020-01-21,Cotton,15,Nagpur,FAQ,Narkhed,5200,5100,5150.0,Maharashtra,Other
2020-01-21,Cotton,15,Nagpur,FAQ,Katol,5250,5000,5150.0,Maharashtra,Desi
2020-01-21,Cotton,15,Hingoli,FAQ,Basmat,5550,5255,5350.0,Maharashtra,Desi
2020-01-21,Cotton,15,Wardha,FAQ,Ashti,5550,5250,5350.0,Maharashtra,Other
2020-01-21,Cotton,15,Hingoli,FAQ,Jawala-Bajar,5450,5250,5350.0,Maharashtra,Other
2020-01-21,Cotton,15,Hingoli,FAQ,Akhadabalapur,5000,4800,4900.0,Maharashtra,Desi
2020-01-21,Cotton,15,Dhule,FAQ,Shirpur,5450,5232,5395.0,Maharashtra,Other
2020-01-21,Cotton,15,Nagpur,FAQ,Parshiwani,5300,5250,5275.0,Maharashtra,H-4(A) 27mm FIne
2020-01-21,Cotton,15,Nagpur,FAQ,Kalmeshwar,5400,4900,5200.0,Maharashtra,Other
2020-01-22,Cotton,15,Parbhani,FAQ,Gangakhed,5550,4500,5000.0,Maharashtra,N-44
2020-01-22,Cotton,15,Yavatmal,FAQ,Vani,5636,5328,5482.0,Maharashtra,Desi
2020-01-22,Cotton,15,Chattrapati Sambhajinagar,FAQ,Sillod,5200,4800,5100.0,Maharashtra,Other
2020-01-22,Cotton,15,Buldhana,FAQ,Khamgaon,5500,4900,5200.0,Maharashtra,Other
2020-01-22,Cotton,15,Chandrapur,FAQ,Korpana,5050,4500,4800.0,Maharashtra,Desi
2020-01-22,Cotton,15,Nanded,FAQ,Kinwat,5355,5141,5355.0,Maharashtra,Other
2020-01-22,Cotton,15,Buldhana,FAQ,Deoulgaon Raja,5200,4800,5100.0,Maharashtra,Desi
2020-01-22,Cotton,15,Wardha,FAQ,Samudrapur,5550,5100,5200.0,Maharashtra,Other
2020-01-22,Cotton,15,Dhule,FAQ,Shirpur,5450,5232,5395.0,Maharashtra,Other
2020-01-22,Cotton,15,Jalana,FAQ,Ghansawangi,4900,4000,4700.0,Maharashtra,Other
2020-01-22,Cotton,15,Wardha,FAQ,Pulgaon,5550,5200,5360.0,Maharashtra,Other
2020-01-22,Cotton,15,Jalana,FAQ,Jalna(Badnapur),5450,5330,5402.0,Maharashtra,Other
2020-01-22,Cotton,15,Nanded,FAQ,Bhokar,5150,4850,5000.0,Maharashtra,Other
2020-01-22,Cotton,15,Nagpur,FAQ,Umared,5150,5000,5100.0,Maharashtra,Desi
2020-01-22,Cotton,15,Wardha,FAQ,Sindi,5550,5230,5365.0,Maharashtra,Other
2020-01-23,Cotton,15,Dhule,FAQ,Shirpur,5450,5341,5395.0,Maharashtra,Other
2020-01-23,Cotton,15,Chattrapati Sambhajinagar,FAQ,Sillod,5200,4800,5100.0,Maharashtra,Other
2020-01-23,Cotton,15,Wardha,FAQ,Hinganghat,5550,5050,5313.0,Maharashtra,Other
2020-01-23,Cotton,15,Parbhani,FAQ,Sonpeth,5450,4950,5350.0,Maharashtra,Other
2020-01-23,Cotton,15,Buldhana,FAQ,Khamgaon,5500,4900,5200.0,Maharashtra,Other
2020-01-23,Cotton,15,Nagpur,FAQ,Parshiwani,5200,5175,5185.0,Maharashtra,H-4(A) 27mm FIne
2020-01-23,Cotton,15,Chandrapur,FAQ,Chimur,5150,5000,5125.0,Maharashtra,Other
2020-01-23,Cotton,15,Nagpur,FAQ,Katol,5150,5000,5050.0,Maharashtra,Desi
2020-01-23,Cotton,15,Yavatmal,FAQ,Ghatanji,5200,4850,5000.0,Maharashtra,LRA
2020-01-23,Cotton,15,Wardha,FAQ,Samudrapur,5550,5000,5200.0,Maharashtra,Other
2020-01-23,Cotton,15,Nanded,FAQ,Hadgaon,5400,5255,5350.0,Maharashtra,Other
2020-01-23,Cotton,15,Nanded,FAQ,Bhokar,5150,4600,4875.0,Maharashtra,Other
2020-01-23,Cotton,15,Wardha,FAQ,Sindi,5550,5150,5355.0,Maharashtra,Other
2020-01-23,Cotton,15,Jalana,FAQ,Ghansawangi,4900,4000,4600.0,Maharashtra,Other
2020-01-23,Cotton,15,Hingoli,FAQ,Basmat,5550,5255,5350.0,Maharashtra,Desi
2020-01-23,Cotton,15,Jalana,FAQ,Jalana,5450,5232,5328.0,Maharashtra,Other
2020-01-24,Cotton,15,Chattrapati Sambhajinagar,FAQ,Fulmbri,5400,5300,5350.0,Maharashtra,Other
2020-01-24,Cotton,15,Chattrapati Sambhajinagar,FAQ,Sillod,5100,4800,5000.0,Maharashtra,Other
2020-01-24,Cotton,15,Nanded,FAQ,Hadgaon(Tamsa),5450,5255,5350.0,Maharashtra,Other
2020-01-24,Cotton,15,Nagpur,FAQ,Kalmeshwar,5375,4100,5125.0,Maharashtra,Other
2020-01-24,Cotton,15,Wardha,FAQ,Ashti,5550,5250,5350.0,Maharashtra,Other
2020-01-24,Cotton,15,Nagpur,FAQ,Katol,5200,5000,5100.0,Maharashtra,Desi
2020-01-24,Cotton,15,Buldhana,FAQ,Khamgaon,5500,4900,5200.0,Maharashtra,Other
2020-01-24,Cotton,15,Dhule,FAQ,Shirpur,5450,5341,5395.0,Maharashtra,Other
2020-01-24,Cotton,15,Jalgaon,FAQ,Yawal,5300,4320,4825.0,Maharashtra,Other
2020-01-24,Cotton,15,Hingoli,FAQ,Jawala-Bajar,5450,5250,5350.0,Maharashtra,Other
2020-01-24,Cotton,15,Wardha,FAQ,Sindi(Selu),5550,5200,5295.0,Maharashtra,Other
2020-01-24,Cotton,15,Yavatmal,FAQ,Vani,5636,5328,5482.0,Maharashtra,Desi
2020-01-24,Cotton,15,Hingoli,FAQ,Basmat,5550,5255,5350.0,Maharashtra,Desi
2020-01-24,Cotton,15,Nagpur,FAQ,Narkhed,5200,5000,5100.0,Maharashtra,Other
2020-01-25,Cotton,15,Jalana,FAQ,Jalna(Badnapur),5450,5291,5396.0,Maharashtra,Other
2020-01-25,Cotton,15,Parbhani,FAQ,Parbhani,5240,4700,5000.0,Maharashtra,Other
2020-01-25,Cotton,15,Wardha,FAQ,Sindi,5550,5175,5350.0,Maharashtra,Other
2020-01-25,Cotton,15,Yavatmal,FAQ,Vani,5620,5328,5474.0,Maharashtra,Desi
2020-01-25,Cotton,15,Wardha,FAQ,Sindi(Selu),5550,5200,5300.0,Maharashtra,Other
2020-01-25,Cotton,15,Nagpur,FAQ,Kalmeshwar,5375,4800,5150.0,Maharashtra,Other
2020-01-25,Cotton,15,Dhule,FAQ,Shirpur,5450,5232,5395.0,Maharashtra,Other
2020-01-26,Cotton,15,Chandrapur,FAQ,Rajura,5100,4850,5052.0,Maharashtra,Other
2020-01-26,Cotton,15,Nagpur,FAQ,Kalmeshwar,5375,4800,5185.0,Maharashtra,Other
2020-01-26,Cotton,15,Nagpur,FAQ,Narkhed,5200,5100,5150.0,Maharashtra,Other
2020-01-26,Cotton,15,Parbhani,FAQ,Sonpeth,5450,4950,5350.0,Maharashtra,Other
2020-01-27,Cotton,15,Wardha,FAQ,Sindi(Selu),5550,5200,5250.0,Maharashtra,Other
2020-01-27,Cotton,15,Nagpur,FAQ,Savner,5550,5151,5250.0,Maharashtra,Other
2020-01-27,Cotton,15,Chandrapur,FAQ,Rajura,5100,4800,5050.0,Maharashtra,Other
2020-01-27,Cotton,15,Jalana,FAQ,Jalna(Badnapur),5450,5297,5409.0,Maharashtra,Other
2020-01-27,Cotton,15,Chattrapati Sambhajinagar,FAQ,Sillod,5200,4800,5000.0,Maharashtra,Other
2020-01-27,Cotton,15,Yavatmal,FAQ,Ralegaon,5550,5000,5125.0,Maharashtra,Other
2020-01-27,Cotton,15,Wardha,FAQ,Hinganghat,5572,5000,5301.0,Maharashtra,Other
2020-01-27,Cotton,15,Chattrapati Sambhajinagar,FAQ,Fulmbri,5450,5270,5350.0,Maharashtra,Other
2020-01-27,Cotton,15,Wardha,FAQ,Pulgaon,5550,5050,5370.0,Maharashtra,Other
2020-01-27,Cotton,15,Dhule,FAQ,Shirpur,5450,5341,5395.0,Maharashtra,Other
2020-01-27,Cotton,15,Nagpur,FAQ,Umared,5150,5000,5100.0,Maharashtra,Desi
2020-01-27,Cotton,15,Buldhana,FAQ,Deoulgaon Raja,5175,4800,5050.0,Maharashtra,Desi
2020-01-27,Cotton,15,Wardha,FAQ,Arvi,5200,5100,5180.0,Maharashtra,H-4(A) 27mm FIne
2020-01-27,Cotton,15,Nagpur,FAQ,Kalmeshwar,5350,4800,5175.0,Maharashtra,Other
2020-01-27,Cotton,15,Wardha,FAQ,Samudrapur,5550,5100,5250.0,Maharashtra,Other
2020-01-27,Cotton,15,Nagpur,FAQ,Parshiwani,5200,5150,5185.0,Maharashtra,H-4(A) 27mm FIne
2020-01-27,Cotton,15,Wardha,FAQ,Sindi,5550,5100,5340.0,Maharashtra,Other
2020-01-28,Cotton,15,Hingoli,FAQ,Basmat,5450,5270,5411.0,Maharashtra,Desi
2020-01-28,Cotton,15,Dhule,FAQ,Shirpur,5425,5341,5395.0,Maharashtra,Other
2020-01-28,Cotton,15,Jalana,FAQ,Jalna(Badnapur),5450,5297,5391.0,Maharashtra,Other
2020-01-28,Cotton,15,Nanded,FAQ,Hadgaon(Tamsa),5450,5255,5350.0,Maharashtra,Other
2020-01-28,Cotton,15,Yavatmal,FAQ,ZariZamini,5619,5308,5447.0,Maharashtra,Other
2020-01-28,Cotton,15,Nagpur,FAQ,Kalmeshwar,5275,4900,5150.0,Maharashtra,Other
2020-01-28,Cotton,15,Hingoli,FAQ,Jawala-Bajar,5450,5250,5350.0,Maharashtra,Other
2020-01-28,Cotton,15,Wardha,FAQ,Sindi,5550,5180,5335.0,Maharashtra,Other
2020-01-28,Cotton,15,Wardha,FAQ,Samudrapur,5550,4900,5300.0,Maharashtra,Other
2020-01-28,Cotton,15,Nagpur,FAQ,Katol,5100,4800,4950.0,Maharashtra,Desi
2020-01-28,Cotton,15,Nagpur,FAQ,Umared,5080,4900,5050.0,Maharashtra,Desi
2020-01-28,Cotton,15,Parbhani,FAQ,Sonpeth,5450,4950,5400.0,Maharashtra,Other
2020-01-28,Cotton,15,Chattrapati Sambhajinagar,FAQ,Sillod,5300,4900,5200.0,Maharashtra,Other
2020-01-28,Cotton,15,Nagpur,FAQ,Narkhed,5250,5100,5150.0,Maharashtra,Other
2020-01-28,Cotton,15,Nagpur,FAQ,Parshiwani,5150,5100,5130.0,Maharashtra,H-4(A) 27mm FIne
2020-01-28,Cotton,15,Yavatmal,FAQ,Vani,5636,5328,5482.0,Maharashtra,Desi
2020-01-29,Cotton,15,Yavatmal,FAQ,ZariZamini,5563,4730,5292.0,Maharashtra,Other
2020-01-29,Cotton,15,Yavatmal,FAQ,Ralegaon,5550,4950,5125.0,Maharashtra,Other
2020-01-29,Cotton,15,Yavatmal,FAQ,Ghatanji,5250,4950,5100.0,Maharashtra,LRA
2020-01-29,Cotton,15,Wardha,FAQ,Pulgaon,5550,5100,5400.0,Maharashtra,Other
2020-01-29,Cotton,15,Nagpur,FAQ,Savner,5550,5150,5200.0,Maharashtra,Other
2020-01-29,Cotton,15,Chandrapur,FAQ,Bhadrawati,5080,4750,4915.0,Maharashtra,Other
2020-01-29,Cotton,15,Wardha,FAQ,Sindi(Selu),5550,5200,5250.0,Maharashtra,Other
2020-01-29,Cotton,15,Buldhana,FAQ,Khamgaon,5500,4900,5200.0,Maharashtra,Other
2020-01-29,Cotton,15,Chandrapur,FAQ,Varora,5150,4900,5025.0,Maharashtra,Desi
2020-01-29,Cotton,15,Yavatmal,FAQ,Pandhakawada,5550,5410,5480.0,Maharashtra,Other
2020-01-29,Cotton,15,Nagpur,FAQ,Umared,5100,4900,5050.0,Maharashtra,Desi
2020-01-29,Cotton,15,Nagpur,FAQ,Parshiwani,5125,5075,5100.0,Maharashtra,H-4(A) 27mm FIne
2020-01-29,Cotton,15,Jalgaon,FAQ,Yawal,5320,4330,4820.0,Maharashtra,Other
2020-01-29,Cotton,15,Hingoli,FAQ,Basmat,5450,5286,5424.0,Maharashtra,Desi
2020-01-29,Cotton,15,Nanded,FAQ,Bhokar,5160,4660,4910.0,Maharashtra,Other
2020-01-30,Cotton,15,Yavatmal,FAQ,Ralegaon,5550,4950,5125.0,Maharashtra,Other
2020-01-30,Cotton,15,Wardha,FAQ,Samudrapur,5550,5100,5300.0,Maharashtra,Other
2020-01-30,Cotton,15,Wardha,FAQ,Sindi(Selu),5550,5200,5260.0,Maharashtra,Other
2020-01-30,Cotton,15,Buldhana,FAQ,Deoulgaon Raja,5160,4800,5050.0,Maharashtra,Desi
2020-01-30,Cotton,15,Wardha,FAQ,Pulgaon,5550,5050,5380.0,Maharashtra,Other
2020-01-30,Cotton,15,Nagpur,FAQ,Parshiwani,5100,5080,5090.0,Maharashtra,H-4(A) 27mm FIne
2020-01-30,Cotton,15,Wardha,FAQ,Sindi,5550,5050,5355.0,Maharashtra,Other
2020-01-30,Cotton,15,Nagpur,FAQ,Kalmeshwar,5275,4900,5150.0,Maharashtra,Other
2020-01-30,Cotton,15,Chattrapati Sambhajinagar,FAQ,Sillod,5250,490,5100.0,Maharashtra,Other
2020-01-30,Cotton,15,Dhule,FAQ,Shirpur,5450,5341,5395.0,Maharashtra,Other
2020-01-30,Cotton,15,Chandrapur,FAQ,Rajura,5100,4850,5075.0,Maharashtra,Other
2020-01-30,Cotton,15,Nagpur,FAQ,Savner,5550,5050,5200.0,Maharashtra,Other
2020-01-30,Cotton,15,Wardha,FAQ,Hinganghat,5572,5000,5368.0,Maharashtra,Other
2020-01-30,Cotton,15,Nagpur,FAQ,Katol,5150,4800,5050.0,Maharashtra,Desi
2020-01-31,Cotton,15,Parbhani,FAQ,Parbhani,5135,4700,5065.0,Maharashtra,Other
2020-01-31,Cotton,15,Chattrapati Sambhajinagar,FAQ,Sillod,5250,4900,5100.0,Maharashtra,Other
2020-01-31,Cotton,15,Amarawati,FAQ,Varud,5550,5000,5250.0,Maharashtra,Other
2020-01-31,Cotton,15,Buldhana,FAQ,Deoulgaon Raja,5160,4800,5050.0,Maharashtra,Desi
2020-01-31,Cotton,15,Chandrapur,FAQ,Bhadrawati,5100,4875,4988.0,Maharashtra,Other
2020-01-31,Cotton,15,Wardha,FAQ,Arvi,5180,5100,5140.0,Maharashtra,H-4(A) 27mm FIne
2020-01-31,Cotton,15,Wardha,FAQ,Pulgaon,5550,5050,5400.0,Maharashtra,Other
2020-01-31,Cotton,15,Yavatmal,FAQ,Ralegaon,5550,4900,5125.0,Maharashtra,Other
2020-01-31,Cotton,15,Nagpur,FAQ,Parshiwani,5100,5076,5085.0,Maharashtra,H-4(A) 27mm FIne
2020-01-31,Cotton,15,Nagpur,FAQ,Kalmeshwar,5250,4800,5070.0,Maharashtra,Other
2020-01-31,Cotton,15,Nagpur,FAQ,Savner,5550,5050,5200.0,Maharashtra,Other
2020-01-31,Cotton,15,Parbhani,FAQ,Sonpeth,5450,4950,5350.0,Maharashtra,Other
2020-01-31,Cotton,15,Wardha,FAQ,Sindi(Selu),5550,5200,5260.0,Maharashtra,Other
2020-01-31,Cotton,15,Nanded,FAQ,Bhokar,5130,4560,4845.0,Maharashtra,Other
2020-01-31,Cotton,15,Yavatmal,FAQ,Ghatanji,5150,4950,5000.0,Maharashtra,LRA
2020-01-31,Cotton,15,Wardha,FAQ,Samudrapur,5550,5000,5130.0,Maharashtra,Other
2020-02-01,Cotton,15,Jalgaon,FAQ,Yawal,5320,4300,4830.0,Maharashtra,Other
2020-02-01,Cotton,15,Wardha,FAQ,Hinganghat,5572,4900,5132.0,Maharashtra,Other
2020-02-01,Cotton,15,Chandrapur,FAQ,Varora,5121,4900,5010.0,Maharashtra,Desi
2020-02-01,Cotton,15,Nagpur,FAQ,Parshiwani,5010,5000,5005.0,Maharashtra,H-4(A) 27mm FIne
2020-02-01,Cotton,15,Yavatmal,FAQ,Ralegaon,5300,4900,5050.0,Maharashtra,Other
2020-02-01,Cotton,15,Jalana,FAQ,Jalna(Badnapur),5450,5270,5386.0,Maharashtra,Other
2020-02-01,Cotton,15,Chandrapur,FAQ,Rajura,5000,4600,4960.0,Maharashtra,Other
2020-02-01,Cotton,15,Amarawati,FAQ,Varud,5550,5000,5231.0,Maharashtra,Other
2020-02-01,Cotton,15,Wardha,FAQ,Ashti,5450,5450,5450.0,Maharashtra,Other
2020-02-01,Cotton,15,Nagpur,FAQ,Kalmeshwar,5200,4800,5150.0,Maharashtra,Other
2020-02-01,Cotton,15,Beed,FAQ,Kille Dharur,5350,5350,5350.0,Maharashtra,Desi
2020-02-01,Cotton,15,Wardha,FAQ,Pulgaon,5251,5000,5150.0,Maharashtra,Other
2020-02-01,Cotton,15,Parbhani,FAQ,Sonpeth,5450,4950,5350.0,Maharashtra,Other
2020-02-01,Cotton,15,Chandrapur,FAQ,Chimur,5125,5050,5100.0,Maharashtra,Other
2020-02-01,Cotton,15,Chattrapati Sambhajinagar,FAQ,Sillod,5200,4900,5100.0,Maharashtra,Other
2020-02-02,Cotton,15,Chattrapati Sambhajinagar,FAQ,Sillod,5250,4900,5100.0,Maharashtra,Other
2020-02-02,Cotton,15,Nagpur,FAQ,Narkhed,5100,5000,5050.0,Maharashtra,Other
2020-02-02,Cotton,15,Nagpur,FAQ,Kalmeshwar,5200,4900,5125.0,Maharashtra,Other
2020-02-02,Cotton,15,Nagpur,FAQ,Katol,5100,4800,4800.0,Maharashtra,Desi
2020-02-03,Cotton,15,Nanded,FAQ,Hadgaon(Tamsa),5450,5255,5350.0,Maharashtra,Other
2020-02-03,Cotton,15,Parbhani,FAQ,Purna,5450,5250,5300.0,Maharashtra,Other
2020-02-03,Cotton,15,Amarawati,FAQ,Amarawati,5200,5000,5100.0,Maharashtra,Other
2020-02-03,Cotton,15,Nagpur,FAQ,Narkhed,5100,5000,5050.0,Maharashtra,Other
2020-02-03,Cotton,15,Nagpur,FAQ,Kalmeshwar,5200,4900,5150.0,Maharashtra,Other
2020-02-03,Cotton,15,Yavatmal,FAQ,Ralegaon,5025,4900,5000.0,Maharashtra,Other
2020-02-03,Cotton,15,Wardha,FAQ,Pulgaon,5550,5050,5350.0,Maharashtra,Other
2020-02-03,Cotton,15,Chattrapati Sambhajinagar,FAQ,Fulmbri,5300,4900,5100.0,Maharashtra,Other
2020-02-03,Cotton,15,Chandrapur,FAQ,Varora,5130,4800,4965.0,Maharashtra,Desi
2020-02-03,Cotton,15,Nagpur,FAQ,Umared,5070,4900,5020.0,Maharashtra,Desi
2020-02-03,Cotton,15,Nanded,FAQ,Bhokar,5135,4435,4785.0,Maharashtra,Other
2020-02-03,Cotton,15,Chattrapati Sambhajinagar,FAQ,Sillod,5250,5000,5100.0,Maharashtra,Other
2020-02-04,Cotton,15,Nagpur,FAQ,Narkhed,5200,5000,5100.0,Maharashtra,Other
2020-02-04,Cotton,15,Chandrapur,FAQ,Rajura,4950,4675,4900.0,Maharashtra,Other
2020-02-04,Cotton,15,Chattrapati Sambhajinagar,FAQ,Khultabad,4900,4700,4800.0,Maharashtra,Other
2020-02-04,Cotton,15,Chandrapur,FAQ,Bhadrawati,5100,4850,4975.0,Maharashtra,Other
2020-02-04,Cotton,15,Nagpur,FAQ,Umared,5070,4900,5050.0,Maharashtra,Desi
2020-02-04,Cotton,15,Hingoli,FAQ,Akhadabalapur,5000,4800,4900.0,Maharashtra,Desi
2020-02-04,Cotton,15,Chattrapati Sambhajinagar,FAQ,Fulmbri,5200,5000,5100.0,Maharashtra,Other
2020-02-04,Cotton,15,Chandrapur,FAQ,Varora,5110,4850,4980.0,Maharashtra,Desi
2020-02-04,Cotton,15,Chattrapati Sambhajinagar,FAQ,Sillod,5250,5000,5100.0,Maharashtra,Other
2020-02-04,Cotton,15,Akola,FAQ,Akot,5230,4400,5200.0,Maharashtra,H-4(A) 27mm FIne
2020-02-04,Cotton,15,Nagpur,FAQ,Parshiwani,5050,5000,5025.0,Maharashtra,H-4(A) 27mm FIne
2020-02-04,Cotton,15,Wardha,FAQ,Arvi,5100,5000,5050.0,Maharashtra,H-4(A) 27mm FIne
2020-02-04,Cotton,15,Parbhani,FAQ,Purna,5450,5232,5300.0,Maharashtra,Other
2020-02-04,Cotton,15,Nagpur,FAQ,Savner,5100,5050,5100.0,Maharashtra,Other
2020-02-04,Cotton,15,Nagpur,FAQ,Katol,5100,4800,4900.0,Maharashtra,Desi
2020-02-04,Cotton,15,Yavatmal,FAQ,Ralegaon,5000,4800,4950.0,Maharashtra,Other
2020-02-05,Cotton,15,Wardha,FAQ,Sindi(Selu),5180,5070,5100.0,Maharashtra,Other
2020-02-05,Cotton,15,Parbhani,FAQ,Parbhani,5070,4600,5000.0,Maharashtra,Other
2020-02-05,Cotton,15,Nagpur,FAQ,Narkhed,5200,5000,5100.0,Maharashtra,Other
2020-02-05,Cotton,15,Wardha,FAQ,Wardha,5550,4950,5350.0,Maharashtra,Other
2020-02-05,Cotton,15,Chattrapati Sambhajinagar,FAQ,Sillod,5200,5000,5100.0,Maharashtra,Other
2020-02-05,Cotton,15,Amarawati,FAQ,Amarawati,5200,5000,5100.0,Maharashtra,Other
2020-02-05,Cotton,15,Nagpur,FAQ,Bhiwapur,5100,4800,4950.0,Maharashtra,Varalaxmi
2020-02-05,Cotton,15,Jalana,FAQ,Jalana,5450,5232,5310.0,Maharashtra,Other
2020-02-05,Cotton,15,Hingoli,FAQ,Basmat,5450,5318,5419.0,Maharashtra,Desi
2020-02-05,Cotton,15,Amarawati,FAQ,Varud,5550,5000,5221.0,Maharashtra,Other
2020-02-05,Cotton,15,Wardha,FAQ,Pulgaon,5550,5000,5350.0,Maharashtra,Other
2020-02-06,Cotton,15,Wardha,FAQ,Ashti,5100,5050,5075.0,Maharashtra,Other
2020-02-06,Cotton,15,Amarawati,FAQ,Varud,5550,5000,5321.0,Maharashtra,Other
2020-02-06,Cotton,15,Jalgaon,FAQ,Yawal,5340,4320,4850.0,Maharashtra,Other
2020-02-06,Cotton,15,Wardha,FAQ,Hinganghat,5572,5000,5269.0,Maharashtra,Other
2020-02-06,Cotton,15,Nagpur,FAQ,Parshiwani,5100,5075,5085.0,Maharashtra,H-4(A) 27mm FIne
2020-02-06,Cotton,15,Chattrapati Sambhajinagar,FAQ,Fulmbri,5200,5000,5100.0,Maharashtra,Other
2020-02-06,Cotton,15,Chandrapur,FAQ,Korpana,5050,4800,4900.0,Maharashtra,Desi
2020-02-06,Cotton,15,Hingoli,FAQ,Akhadabalapur,5000,4900,4950.0,Maharashtra,Desi
2020-02-06,Cotton,15,Hingoli,FAQ,Basmat,5450,5286,5425.0,Maharashtra,Desi
2020-02-06,Cotton,15,Chattrapati Sambhajinagar,FAQ,Sillod,5200,4900,5100.0,Maharashtra,Other
2020-02-06,Cotton,15,Nagpur,FAQ,Savner,5100,5050,5100.0,Maharashtra,Other
2020-02-06,Cotton,15,Chattrapati Sambhajinagar,FAQ,Khultabad,5000,4800,4900.0,Maharashtra,Other
2020-02-06,Cotton,15,Chandrapur,FAQ,Chimur,5050,5000,5025.0,Maharashtra,Other
2020-02-07,Cotton,15,Nagpur,FAQ,Savner,5100,5050,5100.0,Maharashtra,Other
2020-02-07,Cotton,15,Nagpur,FAQ,Narkhed,5200,5000,5100.0,Maharashtra,Other
2020-02-07,Cotton,15,Amarawati,FAQ,Anajngaon,5550,5350,5450.0,Maharashtra,Other
2020-02-07,Cotton,15,Parbhani,FAQ,Sonpeth,5000,4800,4900.0,Maharashtra,Other
2020-02-07,Cotton,15,Amarawati,FAQ,Varud,5550,5000,5320.0,Maharashtra,Other
2020-02-07,Cotton,15,Chattrapati Sambhajinagar,FAQ,Sillod,5200,5000,5100.0,Maharashtra,Other
2020-02-07,Cotton,15,Wardha,FAQ,Sindi,5110,5000,5050.0,Maharashtra,Other
2020-02-07,Cotton,15,Nagpur,FAQ,Umared,5150,5050,5100.0,Maharashtra,Desi
2020-02-07,Cotton,15,Wardha,FAQ,Pulgaon,5275,5050,5170.0,Maharashtra,Other
2020-02-07,Cotton,15,Chattrapati Sambhajinagar,FAQ,Fulmbri,5200,5000,5100.0,Maharashtra,Other
2020-02-07,Cotton,15,Yavatmal,FAQ,ZariZamini,5110,4400,5006.0,Maharashtra,Other
2020-02-07,Cotton,15,Wardha,FAQ,Ashti,5100,5000,5050.0,Maharashtra,Other
2020-02-07,Cotton,15,Yavatmal,FAQ,Ralegaon,5150,4900,5150.0,Maharashtra,Other
2020-02-08,Cotton,15,Hingoli,FAQ,Basmat,5450,5313,5417.0,Maharashtra,Desi
2020-02-08,Cotton,15,Nagpur,FAQ,Kalmeshwar,5200,4800,5000.0,Maharashtra,Other
2020-02-08,Cotton,15,Jalgaon,FAQ,Yawal,5280,4300,4830.0,Maharashtra,Other
2020-02-08,Cotton,15,Parbhani,FAQ,Sonpeth,5450,4800,5050.0,Maharashtra,Other
2020-02-08,Cotton,15,Wardha,FAQ,Sindi,5150,4925,5050.0,Maharashtra,Other
2020-02-08,Cotton,15,Yavatmal,FAQ,ZariZamini,5050,4400,4910.0,Maharashtra,Other
2020-02-08,Cotton,15,Buldhana,FAQ,Deoulgaon Raja,5150,4800,5100.0,Maharashtra,Desi
2020-02-08,Cotton,15,Chandrapur,FAQ,Varora,5111,4800,4955.0,Maharashtra,Desi
2020-02-08,Cotton,15,Wardha,FAQ,Samudrapur,5130,4900,5000.0,Maharashtra,Other
2020-02-08,Cotton,15,Wardha,FAQ,Pulgaon,5250,5000,5150.0,Maharashtra,Other
2020-02-08,Cotton,15,Chandrapur,FAQ,Bhadrawati,5120,5000,5060.0,Maharashtra,Other
2020-02-08,Cotton,15,Amarawati,FAQ,Varud,5550,1000,5250.0,Maharashtra,Other
2020-02-08,Cotton,15,Wardha,FAQ,Ashti,5100,5000,5050.0,Maharashtra,Other
2020-02-08,Cotton,15,Wardha,FAQ,Sindi(Selu),5320,5200,5250.0,Maharashtra,Other
2020-02-08,Cotton,15,Nagpur,FAQ,Narkhed,5200,5000,5100.0,Maharashtra,Other
2020-02-09,Cotton,15,Parbhani,FAQ,Sonpeth,5000,4800,4900.0,Maharashtra,Other
2020-02-09,Cotton,15,Chandrapur,FAQ,Varora,5121,4800,4960.0,Maharashtra,Desi
2020-02-09,Cotton,15,Wardha,FAQ,Ashti,5100,5000,5050.0,Maharashtra,Other
2020-02-09,Cotton,15,Chattrapati Sambhajinagar,FAQ,Sillod,5150,5000,5100.0,Maharashtra,Other
2020-02-09,Cotton,15,Nagpur,FAQ,Kalmeshwar,5200,4800,5000.0,Maharashtra,Other
2020-02-09,Cotton,15,Jalgaon,FAQ,Yawal,5280,4280,4830.0,Maharashtra,Other
2020-02-10,Cotton,15,Yavatmal,FAQ,Ralegaon,5450,4800,5100.0,Maharashtra,Other
2020-02-10,Cotton,15,Nagpur,FAQ,Katol,5050,4800,4950.0,Maharashtra,Desi
2020-02-10,Cotton,15,Chattrapati Sambhajinagar,FAQ,Khultabad,4900,4800,4850.0,Maharashtra,Other
2020-02-10,Cotton,15,Yavatmal,FAQ,Vani,5450,5232,5341.0,Maharashtra,Desi
2020-02-10,Cotton,15,Wardha,FAQ,Hinganghat,5572,5000,5271.0,Maharashtra,Other
2020-02-10,Cotton,15,Chandrapur,FAQ,Rajura,5100,4760,5065.0,Maharashtra,Other
2020-02-10,Cotton,15,Parbhani,FAQ,Sonpeth,5350,4800,5150.0,Maharashtra,Other
2020-02-10,Cotton,15,Jalgaon,FAQ,Yawal,5280,4280,4830.0,Maharashtra,Other
2020-02-10,Cotton,15,Chattrapati Sambhajinagar,FAQ,Sillod,5150,5000,5100.0,Maharashtra,Other
2020-02-10,Cotton,15,Nanded,FAQ,Bhokar,5110,4035,4572.0,Maharashtra,Other
2020-02-10,Cotton,15,Wardha,FAQ,Pulgaon,5550,5050,5350.0,Maharashtra,Other
2020-02-10,Cotton,15,Nagpur,FAQ,Savner,5450,5000,5100.0,Maharashtra,Other
2020-02-11,Cotton,15,Nagpur,FAQ,Katol,5050,4800,4950.0,Maharashtra,Desi
2020-02-11,Cotton,15,Wardha,FAQ,Sindi,5450,5050,5322.0,Maharashtra,Other
2020-02-11,Cotton,15,Wardha,FAQ,Sindi(Selu),5450,5150,5280.0,Maharashtra,Other
2020-02-11,Cotton,15,Yavatmal,FAQ,Vani,5450,5341,5433.0,Maharashtra,Desi
2020-02-11,Cotton,15,Buldhana,FAQ,Deoulgaon Raja,5160,4900,5100.0,Maharashtra,Desi
2020-02-11,Cotton,15,Chandrapur,FAQ,Chimur,5050,5000,5025.0,Maharashtra,Other
2020-02-11,Cotton,15,Amarawati,FAQ,Varud,5550,5000,5250.0,Maharashtra,Other
2020-02-11,Cotton,15,Yavatmal,FAQ,Ghatanji,5150,4950,5000.0,Maharashtra,LRA
2020-02-11,Cotton,15,Chandrapur,FAQ,Chandrapur(Ganjwad),5100,4750,5050.0,Maharashtra,Other
2020-02-11,Cotton,15,Wardha,FAQ,Samudrapur,5450,4900,5300.0,Maharashtra,Other
2020-02-11,Cotton,15,Wardha,FAQ,Wardha,5450,5025,5300.0,Maharashtra,Other
2020-02-11,Cotton,15,Nagpur,FAQ,Mandhal,5100,4774,4917.0,Maharashtra,Other
2020-02-11,Cotton,15,Hingoli,FAQ,Akhadabalapur,5100,4900,5000.0,Maharashtra,Desi
2020-02-11,Cotton,15,Yavatmal,FAQ,ZariZamini,5548,4300,5304.0,Maharashtra,Other
2020-02-11,Cotton,15,Nagpur,FAQ,Savner,5450,5000,5100.0,Maharashtra,Other
2020-02-11,Cotton,15,Jalgaon,FAQ,Yawal,5280,4260,4830.0,Maharashtra,Other
2020-02-11,Cotton,15,Wardha,FAQ,Ashti,5450,5450,5450.0,Maharashtra,Other
2020-02-12,Cotton,15,Nagpur,FAQ,Bhiwapur,5100,4900,5000.0,Maharashtra,Varalaxmi
2020-02-12,Cotton,15,Yavatmal,FAQ,Ghatanji,5230,4850,5000.0,Maharashtra,LRA
2020-02-12,Cotton,15,Nagpur,FAQ,Parshiwani,5120,5080,5100.0,Maharashtra,H-4(A) 27mm FIne
2020-02-12,Cotton,15,Hingoli,FAQ,Akhadabalapur,5000,4850,4925.0,Maharashtra,Desi
2020-02-12,Cotton,15,Parbhani,FAQ,Parbhani,5075,4700,5000.0,Maharashtra,Other
2020-02-12,Cotton,15,Chandrapur,FAQ,Rajura,5100,4900,5075.0,Maharashtra,Other
2020-02-12,Cotton,15,Jalana,FAQ,Ghansawangi,4900,4000,4700.0,Maharashtra,Other
2020-02-12,Cotton,15,Jalgaon,FAQ,Yawal,5260,4260,4800.0,Maharashtra,Other
2020-02-12,Cotton,15,Nagpur,FAQ,Narkhed,5200,5000,5100.0,Maharashtra,Other
2020-02-12,Cotton,15,Chattrapati Sambhajinagar,FAQ,Khultabad,4900,4800,4850.0,Maharashtra,Other
2020-02-12,Cotton,15,Wardha,FAQ,Ashti,5450,5450,5450.0,Maharashtra,Other
2020-02-12,Cotton,15,Wardha,FAQ,Pulgaon,5450,4950,5400.0,Maharashtra,Other
2020-02-12,Cotton,15,Chattrapati Sambhajinagar,FAQ,Sillod,5150,5000,5100.0,Maharashtra,Other
2020-02-12,Cotton,15,Yavatmal,FAQ,ZariZamini,5504,4650,5282.0,Maharashtra,Other
2020-02-12,Cotton,15,Nagpur,FAQ,Katol,5050,4800,4900.0,Maharashtra,Desi
2020-02-12,Cotton,15,Buldhana,FAQ,Khamgaon,5450,4900,5175.0,Maharashtra,Other
2020-02-12,Cotton,15,Chandrapur,FAQ,Korpana,5100,4800,5000.0,Maharashtra,Desi
2020-02-13,Cotton,15,Chandrapur,FAQ,Chimur,5100,5000,5050.0,Maharashtra,Other
2020-02-13,Cotton,15,Nagpur,FAQ,Katol,5050,4800,4900.0,Maharashtra,Desi
2020-02-13,Cotton,15,Nagpur,FAQ,Parshiwani,5125,5100,5115.0,Maharashtra,H-4(A) 27mm FIne
2020-02-13,Cotton,15,Yavatmal,FAQ,Pandhakawada,5450,5300,5403.0,Maharashtra,Other
2020-02-13,Cotton,15,Wardha,FAQ,Hinganghat,5450,5000,5255.0,Maharashtra,Other
2020-02-13,Cotton,15,Hingoli,FAQ,Akhadabalapur,5000,4800,4900.0,Maharashtra,Desi
2020-02-13,Cotton,15,Yavatmal,FAQ,Vani,5450,5232,5341.0,Maharashtra,Desi
2020-02-13,Cotton,15,Buldhana,FAQ,Khamgaon,5450,4900,5175.0,Maharashtra,Other
2020-02-13,Cotton,15,Wardha,FAQ,Sindi,5450,5050,5262.0,Maharashtra,Other
2020-02-13,Cotton,15,Amarawati,FAQ,Varud,5550,5000,5250.0,Maharashtra,Other
2020-02-13,Cotton,15,Nanded,FAQ,Kinwat,5355,5141,5301.0,Maharashtra,Other
2020-02-13,Cotton,15,Chandrapur,FAQ,Rajura,5125,4900,5085.0,Maharashtra,Other
2020-02-13,Cotton,15,Yavatmal,FAQ,Ghatanji,5250,4950,5100.0,Maharashtra,LRA
2020-02-14,Cotton,15,Yavatmal,FAQ,Pandhakawada,5450,5303,5400.0,Maharashtra,Other
2020-02-14,Cotton,15,Yavatmal,FAQ,Vani,5450,5235,5395.0,Maharashtra,Desi
2020-02-14,Cotton,15,Chandrapur,FAQ,Varora,5170,4800,4985.0,Maharashtra,Desi
2020-02-14,Cotton,15,Nagpur,FAQ,Mandhal,5070,4913,4971.0,Maharashtra,Other
2020-02-14,Cotton,15,Wardha,FAQ,Arvi,5200,5100,5150.0,Maharashtra,H-4(A) 27mm FIne
2020-02-14,Cotton,15,Nagpur,FAQ,Parshiwani,5125,5100,5115.0,Maharashtra,H-4(A) 27mm FIne
2020-02-14,Cotton,15,Hingoli,FAQ,Akhadabalapur,4900,4800,4850.0,Maharashtra,Desi
2020-02-14,Cotton,15,Wardha,FAQ,Sindi,5265,5020,5030.0,Maharashtra,Other
2020-02-14,Cotton,15,Amarawati,FAQ,Varud,5550,5000,5221.0,Maharashtra,Other
2020-02-14,Cotton,15,Yavatmal,FAQ,ZariZamini,5553,4340,5206.0,Maharashtra,Other
2020-02-15,Cotton,15,Nagpur,FAQ,Umared,5050,4950,5000.0,Maharashtra,Desi
2020-02-15,Cotton,15,Chandrapur,FAQ,Chimur,5100,5000,5050.0,Maharashtra,Other
2020-02-15,Cotton,15,Chandrapur,FAQ,Varora,5120,4800,4960.0,Maharashtra,Desi
2020-02-15,Cotton,15,Yavatmal,FAQ,ZariZamini,5000,4600,4932.0,Maharashtra,Other
2020-02-15,Cotton,15,Wardha,FAQ,Samudrapur,5120,4900,5000.0,Maharashtra,Other
2020-02-15,Cotton,15,Nagpur,FAQ,Narkhed,5200,5000,5100.0,Maharashtra,Other
2020-02-15,Cotton,15,Nanded,FAQ,Bhokar,5060,5020,5040.0,Maharashtra,Other
2020-02-15,Cotton,15,Chattrapati Sambhajinagar,FAQ,Sillod,5100,5000,5050.0,Maharashtra,Other
2020-02-15,Cotton,15,Amarawati,FAQ,Varud,5550,5000,5250.0,Maharashtra,Other
2020-02-15,Cotton,15,Chandrapur,FAQ,Korpana,5075,4800,4800.0,Maharashtra,Desi
2020-02-15,Cotton,15,Yavatmal,FAQ,Ralegaon,5150,4900,5125.0,Maharashtra,Other
2020-02-15,Cotton,15,Yavatmal,FAQ,Pandhakawada,5450,5300,5435.0,Maharashtra,Other
2020-02-15,Cotton,15,Nagpur,FAQ,Savner,5450,5050,5100.0,Maharashtra,Other
2020-02-16,Cotton,15,Nagpur,FAQ,Narkhed,5200,5000,5100.0,Maharashtra,Other
2020-02-16,Cotton,15,Chandrapur,FAQ,Rajura,5000,4700,4950.0,Maharashtra,Other
2020-02-16,Cotton,15,Nagpur,FAQ,Katol,5100,4800,4900.0,Maharashtra,Desi
2020-02-16,Cotton,15,Amarawati,FAQ,Varud,5550,5000,5231.0,Maharashtra,Other
2020-02-16,Cotton,15,Jalgaon,FAQ,Yawal,5270,4250,4800.0,Maharashtra,Other
2020-02-16,Cotton,15,Nagpur,FAQ,Bhiwapur,5010,4900,4955.0,Maharashtra,Varalaxmi
2020-02-16,Cotton,15,Chandrapur,FAQ,Varora,5125,4800,4962.0,Maharashtra,Desi
2020-02-17,Cotton,15,Nagpur,FAQ,Parshiwani,5125,5100,5110.0,Maharashtra,H-4(A) 27mm FIne
2020-02-17,Cotton,15,Yavatmal,FAQ,Ralegaon,5450,4900,5100.0,Maharashtra,Other
2020-02-17,Cotton,15,Jalgaon,FAQ,Yawal,5270,4250,4820.0,Maharashtra,Other
2020-02-17,Cotton,15,Parbhani,FAQ,Purna,5355,5250,5300.0,Maharashtra,Other
2020-02-17,Cotton,15,Parbhani,FAQ,Gangakhed,5550,4560,5450.0,Maharashtra,N-44
2020-02-17,Cotton,15,Buldhana,FAQ,Deoulgaon Raja,5100,4800,5000.0,Maharashtra,Desi
2020-02-17,Cotton,15,Nanded,FAQ,Bhokar,5060,4085,4572.0,Maharashtra,Other
2020-02-17,Cotton,15,Chandrapur,FAQ,Varora,5121,4750,4936.0,Maharashtra,Desi
2020-02-17,Cotton,15,Nagpur,FAQ,Savner,5450,5050,5100.0,Maharashtra,Other
2020-02-17,Cotton,15,Yavatmal,FAQ,ZariZamini,5548,4500,5316.0,Maharashtra,Other
2020-02-17,Cotton,15,Hingoli,FAQ,Basmat,5450,5318,5431.0,Maharashtra,Desi
2020-02-17,Cotton,15,Hingoli,FAQ,Akhadabalapur,5100,5000,5050.0,Maharashtra,Desi
2020-02-17,Cotton,15,Wardha,FAQ,Pulgaon,5450,4850,5325.0,Maharashtra,Other
2020-02-18,Cotton,15,Wardha,FAQ,Pulgaon,5450,4800,5270.0,Maharashtra,Other
2020-02-18,Cotton,15,Chandrapur,FAQ,Korpana,5000,4700,4900.0,Maharashtra,Desi
2020-02-18,Cotton,15,Chandrapur,FAQ,Chimur,5100,5000,5050.0,Maharashtra,Other
2020-02-18,Cotton,15,Chandrapur,FAQ,Rajura,5000,4700,4925.0,Maharashtra,Other
2020-02-18,Cotton,15,Wardha,FAQ,Wardha,5450,4800,5000.0,Maharashtra,Other
2020-02-18,Cotton,15,Wardha,FAQ,Sindi(Selu),5450,5000,5050.0,Maharashtra,Other
2020-02-18,Cotton,15,Nagpur,FAQ,Parshiwani,5125,5050,5100.0,Maharashtra,H-4(A) 27mm FIne
2020-02-18,Cotton,15,Nagpur,FAQ,Narkhed,5200,5100,5150.0,Maharashtra,Other
2020-02-18,Cotton,15,Nagpur,FAQ,Umared,4985,4800,4950.0,Maharashtra,Desi
2020-02-18,Cotton,15,Amarawati,FAQ,Amarawati,5125,4800,4963.0,Maharashtra,Other
2020-02-18,Cotton,15,Yavatmal,FAQ,ZariZamini,5460,4650,5187.0,Maharashtra,Other
2020-02-18,Cotton,15,Hingoli,FAQ,Akhadabalapur,5100,5000,5050.0,Maharashtra,Desi
2020-02-18,Cotton,15,Nanded,FAQ,Hadgaon,5000,4700,4850.0,Maharashtra,Other
2020-02-18,Cotton,15,Beed,FAQ,Kille Dharur,5350,5350,5350.0,Maharashtra,Other
2020-02-18,Cotton,15,Wardha,FAQ,Ashti,5450,5450,5450.0,Maharashtra,Other
2020-02-19,Cotton,15,Yavatmal,FAQ,Vani,5450,5232,5428.0,Maharashtra,Desi
2020-02-19,Cotton,15,Beed,FAQ,Vadvani,5355,5155,5255.0,Maharashtra,Other
2020-02-19,Cotton,15,Nagpur,FAQ,Parshiwani,5025,5000,5010.0,Maharashtra,H-4(A) 27mm FIne
2020-02-19,Cotton,15,Jalana,FAQ,Ghansawangi,4900,4600,4700.0,Maharashtra,Other
2020-02-19,Cotton,15,Nagpur,FAQ,Savner,5125,5050,5100.0,Maharashtra,Other
2020-02-19,Cotton,15,Wardha,FAQ,Samudrapur,5050,4900,5000.0,Maharashtra,Other
2020-02-19,Cotton,15,Chandrapur,FAQ,Varora,5050,4750,4900.0,Maharashtra,Desi
2020-02-19,Cotton,15,Yavatmal,FAQ,ZariZamini,5509,4530,5071.0,Maharashtra,Other
2020-02-20,Cotton,15,Parbhani,FAQ,Parbhani,5040,4800,4950.0,Maharashtra,Other
2020-02-20,Cotton,15,Jalgaon,FAQ,Yawal,5290,4280,4810.0,Maharashtra,Other
2020-02-20,Cotton,15,Chattrapati Sambhajinagar,FAQ,Sillod,5100,5000,5100.0,Maharashtra,Other
2020-02-20,Cotton,15,Chandrapur,FAQ,Korpana,4950,4500,4800.0,Maharashtra,Desi
2020-02-20,Cotton,15,Parbhani,FAQ,Selu,5355,5355,5355.0,Maharashtra,Other
2020-02-20,Cotton,15,Nagpur,FAQ,Parshiwani,5050,5000,5025.0,Maharashtra,H-4(A) 27mm FIne
2020-02-20,Cotton,15,Yavatmal,FAQ,ZariZamini,4900,4400,4771.0,Maharashtra,Other
2020-02-20,Cotton,15,Jalana,FAQ,Ghansawangi,5000,4500,4800.0,Maharashtra,Other
2020-02-20,Cotton,15,Nagpur,FAQ,Bhiwapur,4950,4615,4750.0,Maharashtra,Varalaxmi
2020-02-21,Cotton,15,Nagpur,FAQ,Kalmeshwar,5250,4900,5125.0,Maharashtra,Other
2020-02-21,Cotton,15,Parbhani,FAQ,Selu,5355,5355,5355.0,Maharashtra,Other
2020-02-21,Cotton,15,Parbhani,FAQ,Sonpeth,4950,4850,4900.0,Maharashtra,Other
2020-02-21,Cotton,15,Chattrapati Sambhajinagar,FAQ,Sillod,5150,5000,5100.0,Maharashtra,Other
2020-02-21,Cotton,15,Parbhani,FAQ,Parbhani,5050,4400,5000.0,Maharashtra,Other
2020-02-21,Cotton,15,Wardha,FAQ,Arvi,5100,5040,5080.0,Maharashtra,H-4(A) 27mm FIne
2020-02-21,Cotton,15,Nagpur,FAQ,Savner,5100,5000,5050.0,Maharashtra,Other
2020-02-22,Cotton,15,Chandrapur,FAQ,Chimur,5050,4900,5000.0,Maharashtra,Other
2020-02-22,Cotton,15,Chattrapati Sambhajinagar,FAQ,Sillod,5150,5000,5100.0,Maharashtra,Other
2020-02-22,Cotton,15,Chandrapur,FAQ,Rajura,4975,4700,4925.0,Maharashtra,Other
2020-02-22,Cotton,15,Hingoli,FAQ,Akhadabalapur,5100,5000,5050.0,Maharashtra,Desi
2020-02-22,Cotton,15,Wardha,FAQ,Pulgaon,5120,4800,5050.0,Maharashtra,Other
2020-02-22,Cotton,15,Nagpur,FAQ,Narkhed,5200,5000,5100.0,Maharashtra,Other
2020-02-22,Cotton,15,Buldhana,FAQ,Khamgaon,5200,4800,5000.0,Maharashtra,Other
2020-02-23,Cotton,15,Chattrapati Sambhajinagar,FAQ,Sillod,5100,5000,5100.0,Maharashtra,Other
2020-02-23,Cotton,15,Nagpur,FAQ,Bhiwapur,5000,4600,4800.0,Maharashtra,Varalaxmi
2020-02-23,Cotton,15,Wardha,FAQ,Arvi,5100,5050,5080.0,Maharashtra,H-4(A) 27mm FIne
2020-02-23,Cotton,15,Nagpur,FAQ,Narkhed,5300,5000,5100.0,Maharashtra,Other
2020-02-23,Cotton,15,Nagpur,FAQ,Katol,5100,4800,4950.0,Maharashtra,Desi
2020-02-24,Cotton,15,Yavatmal,FAQ,Ralegaon,5450,4950,5050.0,Maharashtra,Other
2020-02-24,Cotton,15,Wardha,FAQ,Sindi(Selu),5450,4900,5000.0,Maharashtra,Other
2020-02-24,Cotton,15,Chandrapur,FAQ,Bhadrawati,5450,5232,5341.0,Maharashtra,Other
2020-02-24,Cotton,15,Amarawati,FAQ,Amarawati,5100,4800,4950.0,Maharashtra,Other
2020-02-24,Cotton,15,Chandrapur,FAQ,Korpana,5000,4500,4700.0,Maharashtra,Desi
2020-02-24,Cotton,15,Beed,FAQ,Vadvani,5355,5160,5255.0,Maharashtra,Other
2020-02-24,Cotton,15,Amarawati,FAQ,Anajngaon,5550,5350,5450.0,Maharashtra,Other
2020-02-24,Cotton,15,Yavatmal,FAQ,Ghatanji,5230,4950,5000.0,Maharashtra,LRA
2020-02-24,Cotton,15,Hingoli,FAQ,Basmat,5450,5286,5410.0,Maharashtra,Desi
2020-02-24,Cotton,15,Wardha,FAQ,Pulgaon,5450,5000,5250.0,Maharashtra,Other
2020-02-24,Cotton,15,Chandrapur,FAQ,Rajura,5000,4650,4900.0,Maharashtra,Other
2020-02-24,Cotton,15,Wardha,FAQ,Hinganghat,5450,4900,5080.0,Maharashtra,Other
2020-02-24,Cotton,15,Nagpur,FAQ,Savner,5100,5000,5050.0,Maharashtra,Other
2020-02-24,Cotton,15,Nagpur,FAQ,Parshiwani,5025,5000,5010.0,Maharashtra,H-4(A) 27mm FIne
2020-02-25,Cotton,15,Wardha,FAQ,Wardha,5450,4850,5050.0,Maharashtra,Other
2020-02-25,Cotton,15,Chattrapati Sambhajinagar,FAQ,Sillod,5100,5000,5050.0,Maharashtra,Other
2020-02-25,Cotton,15,Wardha,FAQ,Hinganghat,5450,4900,5050.0,Maharashtra,Other
2020-02-25,Cotton,15,Nagpur,FAQ,Parshiwani,5010,4980,5000.0,Maharashtra,H-4(A) 27mm FIne
2020-02-25,Cotton,15,Wardha,FAQ,Pulgaon,5450,4800,5260.0,Maharashtra,Other
2020-02-25,Cotton,15,Parbhani,FAQ,Selu,5355,5355,5355.0,Maharashtra,Other
2020-02-25,Cotton,15,Nanded,FAQ,Bhokar,4985,4055,4520.0,Maharashtra,Other
2020-02-25,Cotton,15,Wardha,FAQ,Samudrapur,5450,4700,5300.0,Maharashtra,Other
2020-02-25,Cotton,15,Yavatmal,FAQ,Ralegaon,5450,4950,5050.0,Maharashtra,Other
2020-02-25,Cotton,15,Nagpur,FAQ,Narkhed,5100,4900,5000.0,Maharashtra,Other
2020-02-25,Cotton,15,Chandrapur,FAQ,Korpana,4950,4600,4800.0,Maharashtra,Desi
2020-02-25,Cotton,15,Chandrapur,FAQ,Chandrapur(Ganjwad),4930,4200,4600.0,Maharashtra,Other
2020-02-25,Cotton,15,Amarawati,FAQ,Varud,5550,5000,5252.0,Maharashtra,Other
2020-02-25,Cotton,15,Chandrapur,FAQ,Varora,5395,4650,5022.0,Maharashtra,Desi
2020-02-25,Cotton,15,Beed,FAQ,Kille Dharur,5350,5350,5350.0,Maharashtra,Other
2020-02-25,Cotton,15,Chandrapur,FAQ,Bhadrawati,5450,4750,5100.0,Maharashtra,Other
2020-02-25,Cotton,15,Nagpur,FAQ,Kalmeshwar,5150,4800,5025.0,Maharashtra,Other
2020-02-25,Cotton,15,Jalana,FAQ,Jalana,5450,5232,5341.0,Maharashtra,Other
2020-02-25,Cotton,15,Hingoli,FAQ,Basmat,5450,5286,5416.0,Maharashtra,Desi
2020-02-25,Cotton,15,Wardha,FAQ,Arvi,5000,4980,4990.0,Maharashtra,H-4(A) 27mm FIne
2020-02-25,Cotton,15,Parbhani,FAQ,Parbhani,4935,4600,4900.0,Maharashtra,Other
2020-02-25,Cotton,15,Nagpur,FAQ,Umared,4900,4800,4850.0,Maharashtra,Desi
2020-02-25,Cotton,15,Yavatmal,FAQ,Vani,5450,5232,5416.0,Maharashtra,Desi
2020-02-26,Cotton,15,Hingoli,FAQ,Basmat,5450,5286,5412.0,Maharashtra,Desi
2020-02-26,Cotton,15,Chandrapur,FAQ,Rajura,4900,4600,4815.0,Maharashtra,Other
2020-02-26,Cotton,15,Dhule,FAQ,Shirpur,5355,5232,5345.0,Maharashtra,Other
2020-02-26,Cotton,15,Chandrapur,FAQ,Chimur,5100,5000,5050.0,Maharashtra,Other
2020-02-26,Cotton,15,Yavatmal,FAQ,Ralegaon,5000,4800,4900.0,Maharashtra,Other
2020-02-26,Cotton,15,Hingoli,FAQ,Akhadabalapur,5100,5000,5050.0,Maharashtra,Desi
2020-02-26,Cotton,15,Wardha,FAQ,Wardha,5450,4825,5250.0,Maharashtra,Other
2020-02-26,Cotton,15,Jalgaon,FAQ,Yawal,5180,4100,4650.0,Maharashtra,Other
2020-02-26,Cotton,15,Yavatmal,FAQ,Vani,5450,5232,5414.0,Maharashtra,Desi
2020-02-26,Cotton,15,Wardha,FAQ,Pulgaon,5450,4700,5340.0,Maharashtra,Other
2020-02-26,Cotton,15,Nagpur,FAQ,Bhiwapur,4850,4600,4725.0,Maharashtra,Varalaxmi
2020-02-26,Cotton,15,Amarawati,FAQ,Amarawati,5200,5000,5100.0,Maharashtra,Other
2020-02-26,Cotton,15,Chandrapur,FAQ,Korpana,4900,4500,4800.0,Maharashtra,Desi
2020-02-26,Cotton,15,Nagpur,FAQ,Katol,5050,4900,5000.0,Maharashtra,Desi
2020-02-26,Cotton,15,Nagpur,FAQ,Parshiwani,5000,4950,4975.0,Maharashtra,H-4(A) 27mm FIne
2020-02-26,Cotton,15,Wardha,FAQ,Sindi(Selu),5050,4900,5000.0,Maharashtra,Other
2020-02-26,Cotton,15,Nanded,FAQ,Bhokar,4985,4985,4985.0,Maharashtra,Other
2020-02-26,Cotton,15,Akola,FAQ,Akola,5450,5250,5350.0,Maharashtra,Desi
2020-02-26,Cotton,15,Chandrapur,FAQ,Chimur,5100,5000,5000.0,Maharashtra,H-4(A) 27mm FIne
2020-02-26,Cotton,15,Nagpur,FAQ,Kalmeshwar,5150,4800,5025.0,Maharashtra,Other
2020-02-26,Cotton,15,Nagpur,FAQ,Narkhed,5100,4900,5000.0,Maharashtra,Other
2020-02-26,Cotton,15,Beed,FAQ,Kille Dharur,5350,5350,5350.0,Maharashtra,Other
2020-02-27,Cotton,15,Wardha,FAQ,Sindi,5450,5235,5340.0,Maharashtra,Other
2020-02-27,Cotton,15,Yavatmal,FAQ,Ralegaon,5000,4700,4900.0,Maharashtra,Other
2020-02-27,Cotton,15,Chandrapur,FAQ,Korpana,4950,4700,4800.0,Maharashtra,Desi
2020-02-27,Cotton,15,Wardha,FAQ,Arvi,4950,4900,4930.0,Maharashtra,H-4(A) 27mm FIne
2020-02-27,Cotton,15,Nagpur,FAQ,Kalmeshwar,5225,4800,5050.0,Maharashtra,Other
2020-02-27,Cotton,15,Yavatmal,FAQ,ZariZamini,5450,4100,5238.0,Maharashtra,Other
2020-02-27,Cotton,15,Nagpur,FAQ,Savner,5450,4900,5000.0,Maharashtra,Other
2020-02-27,Cotton,15,Chandrapur,FAQ,Varora,5000,4650,4825.0,Maharashtra,Desi
2020-02-27,Cotton,15,Jalgaon,FAQ,Yawal,5180,4100,4650.0,Maharashtra,Other
2020-02-27,Cotton,15,Wardha,FAQ,Hinganghat,5450,4850,5226.0,Maharashtra,Other
2020-02-27,Cotton,15,Yavatmal,FAQ,Ghatanji,5430,4950,5250.0,Maharashtra,LRA
2020-02-27,Cotton,15,Wardha,FAQ,Wardha,5450,4800,5050.0,Maharashtra,Other
2020-02-27,Cotton,15,Nagpur,FAQ,Bhiwapur,4850,4500,4775.0,Maharashtra,Varalaxmi
2020-02-28,Cotton,15,Jalgaon,FAQ,Yawal,5180,4100,4630.0,Maharashtra,Other
2020-02-28,Cotton,15,Nagpur,FAQ,Kalmeshwar,5450,4800,5050.0,Maharashtra,Other
2020-02-28,Cotton,15,Nagpur,FAQ,Parshiwani,4900,4800,4850.0,Maharashtra,H-4(A) 27mm FIne
2020-02-28,Cotton,15,Jalana,FAQ,Jalana,5450,5232,5328.0,Maharashtra,Other
2020-02-28,Cotton,15,Nagpur,FAQ,Mandhal,4800,4342,4534.0,Maharashtra,Desi
2020-02-28,Cotton,15,Chattrapati Sambhajinagar,FAQ,Sillod,5100,4900,5000.0,Maharashtra,Other
2020-02-28,Cotton,15,Chandrapur,FAQ,Korpana,5450,4800,5232.0,Maharashtra,Desi
2020-02-28,Cotton,15,Wardha,FAQ,Pulgaon,4850,4600,4750.0,Maharashtra,Other
2020-02-28,Cotton,15,Yavatmal,FAQ,Ghatanji,5450,4950,5250.0,Maharashtra,LRA
2020-02-28,Cotton,15,Chandrapur,FAQ,Chimur,4975,4800,4900.0,Maharashtra,H-4(A) 27mm FIne
2020-02-28,Cotton,15,Parbhani,FAQ,Gangakhed,5550,4450,5450.0,Maharashtra,N-44
2020-02-28,Cotton,15,Wardha,FAQ,Arvi,4900,4850,4870.0,Maharashtra,H-4(A) 27mm FIne
2020-02-28,Cotton,15,Buldhana,FAQ,Khamgaon,5450,5341,5395.0,Maharashtra,Other
2020-02-29,Cotton,15,Chattrapati Sambhajinagar,FAQ,Sillod,5100,4800,5000.0,Maharashtra,Other
2020-02-29,Cotton,15,Yavatmal,FAQ,Pandhakawada,5450,5308,5400.0,Maharashtra,Other
2020-02-29,Cotton,15,Chandrapur,FAQ,Rajura,4775,4400,4650.0,Maharashtra,Other
2020-02-29,Cotton,15,Wardha,FAQ,Sindi(Selu),4955,4850,4900.0,Maharashtra,Other
2020-02-29,Cotton,15,Nagpur,FAQ,Parshiwani,4850,4800,4825.0,Maharashtra,H-4(A) 27mm FIne
2020-02-29,Cotton,15,Hingoli,FAQ,Akhadabalapur,5100,5000,5050.0,Maharashtra,Desi
2020-02-29,Cotton,15,Nagpur,FAQ,Umared,4740,4400,4700.0,Maharashtra,Desi
2020-02-29,Cotton,15,Beed,FAQ,Kille Dharur,5350,5350,5350.0,Maharashtra,Other
2020-02-29,Cotton,15,Wardha,FAQ,Pulgaon,4950,4700,4800.0,Maharashtra,Other
2020-02-29,Cotton,15,Jalana,FAQ,Jalana,5450,5232,5340.0,Maharashtra,Other
2020-02-29,Cotton,15,Nandurbar,FAQ,Navapur,5450,5425,5441.0,Maharashtra,Other
2020-02-29,Cotton,15,Parbhani,FAQ,Sonpeth,5355,4700,5194.0,Maharashtra,Other
2020-02-29,Cotton,15,Yavatmal,FAQ,ZariZamini,4775,3600,4481.0,Maharashtra,Other
2020-02-29,Cotton,15,Wardha,FAQ,Hinganghat,5450,4800,5163.0,Maharashtra,Other
2020-02-29,Cotton,15,Amarawati,FAQ,Varud,5550,5000,5221.0,Maharashtra,Other
2020-03-01,Cotton,15,Nagpur,FAQ,Kalmeshwar,5050,4865,4935.0,Maharashtra,Other
2020-03-01,Cotton,15,Nanded,FAQ,Himalyatnagar,4700,4500,4600.0,Maharashtra,Other
2020-03-01,Cotton,15,Amarawati,FAQ,Varud,5550,4900,5250.0,Maharashtra,Other
2020-03-02,Cotton,15,Yavatmal,FAQ,Ralegaon,5000,4700,4900.0,Maharashtra,Other
2020-03-02,Cotton,15,Wardha,FAQ,Sindi,4800,4200,4500.0,Maharashtra,Other
2020-03-02,Cotton,15,Amarawati,FAQ,Varud,5550,5000,5212.0,Maharashtra,Other
2020-03-02,Cotton,15,Akola,FAQ,Akola,5450,5250,5350.0,Maharashtra,Desi
2020-03-02,Cotton,15,Nagpur,FAQ,Umared,4875,4700,4830.0,Maharashtra,Desi
2020-03-02,Cotton,15,Nagpur,FAQ,Savner,5450,4900,5000.0,Maharashtra,Other
2020-03-02,Cotton,15,Wardha,FAQ,Arvi,5100,5000,5070.0,Maharashtra,H-4(A) 27mm FIne
2020-03-02,Cotton,15,Wardha,FAQ,Pulgaon,5450,4700,5135.0,Maharashtra,Other
2020-03-02,Cotton,15,Wardha,FAQ,Sindi(Selu),5000,4900,4950.0,Maharashtra,Other
2020-03-03,Cotton,15,Yavatmal,FAQ,ZariZamini,4825,3625,4659.0,Maharashtra,Other
2020-03-03,Cotton,15,Beed,FAQ,Vadvani,5355,5247,5255.0,Maharashtra,Other
2020-03-03,Cotton,15,Parbhani,FAQ,Parbhani,5030,4600,4900.0,Maharashtra,Other
2020-03-03,Cotton,15,Jalana,FAQ,Jalana,5355,5140,5247.0,Maharashtra,Other
2020-03-03,Cotton,15,Nagpur,FAQ,Mandhal,4700,4317,4442.0,Maharashtra,Other
2020-03-03,Cotton,15,Amarawati,FAQ,Amarawati,5100,5000,5050.0,Maharashtra,Other
2020-03-03,Cotton,15,Yavatmal,FAQ,Ralegaon,5000,4700,4900.0,Maharashtra,Other
2020-03-03,Cotton,15,Nagpur,FAQ,Kalmeshwar,5100,4800,4950.0,Maharashtra,Other
2020-03-03,Cotton,15,Wardha,FAQ,Sindi,4900,4400,4750.0,Maharashtra,Other
2020-03-03,Cotton,15,Wardha,FAQ,Hinganghat,5130,4850,5009.0,Maharashtra,Other
2020-03-03,Cotton,15,Wardha,FAQ,Samudrapur,5000,4600,4900.0,Maharashtra,Other
2020-03-03,Cotton,15,Nagpur,FAQ,Parshiwani,4900,4875,4890.0,Maharashtra,H-4(A) 27mm FIne
2020-03-03,Cotton,15,Chandrapur,FAQ,Varora,5341,4975,5286.0,Maharashtra,Desi
2020-03-03,Cotton,15,Nagpur,FAQ,Umared,5000,4850,4950.0,Maharashtra,Desi
2020-03-04,Cotton,15,Wardha,FAQ,Samudrapur,5010,4700,4900.0,Maharashtra,Other
2020-03-04,Cotton,15,Nagpur,FAQ,Kalmeshwar,5100,4700,4950.0,Maharashtra,Other
2020-03-04,Cotton,15,Hingoli,FAQ,Akhadabalapur,5000,4800,4900.0,Maharashtra,Desi
2020-03-04,Cotton,15,Wardha,FAQ,Hinganghat,5170,4850,5051.0,Maharashtra,Other
2020-03-04,Cotton,15,Chandrapur,FAQ,Chimur,4975,4800,4950.0,Maharashtra,H-4(A) 27mm FIne
2020-03-04,Cotton,15,Wardha,FAQ,Arvi,5200,5100,5150.0,Maharashtra,H-4(A) 27mm FIne
2020-03-05,Cotton,15,Chandrapur,FAQ,Korpana,5000,4500,4800.0,Maharashtra,Desi
2020-03-05,Cotton,15,Wardha,FAQ,Sindi(Selu),5200,5050,5100.0,Maharashtra,Other
2020-03-05,Cotton,15,Nagpur,FAQ,Parshiwani,4950,4900,4925.0,Maharashtra,H-4(A) 27mm FIne
2020-03-05,Cotton,15,Chandrapur,FAQ,Chandrapur(Ganjwad),5032,4325,4500.0,Maharashtra,Other
2020-03-05,Cotton,15,Nagpur,FAQ,Narkhed,5100,5000,5050.0,Maharashtra,Other
2020-03-05,Cotton,15,Wardha,FAQ,Arvi,5220,5100,5150.0,Maharashtra,H-4(A) 27mm FIne
2020-03-05,Cotton,15,Hingoli,FAQ,Akhadabalapur,5000,4800,4900.0,Maharashtra,Desi
2020-03-05,Cotton,15,Yavatmal,FAQ,Vani,5450,5243,5410.0,Maharashtra,Desi
2020-03-05,Cotton,15,Chattrapati Sambhajinagar,FAQ,Sillod,5100,4800,5000.0,Maharashtra,Other
2020-03-05,Cotton,15,Hingoli,FAQ,Basmat,5450,5286,5398.0,Maharashtra,Desi
2020-03-05,Cotton,15,Jalgaon,FAQ,Yawal,5120,4120,4620.0,Maharashtra,Other
2020-03-05,Cotton,15,Nagpur,FAQ,Bhiwapur,5025,4650,4850.0,Maharashtra,Varalaxmi
2020-03-05,Cotton,15,Yavatmal,FAQ,ZariZamini,5526,3850,5202.0,Maharashtra,Other
2020-03-05,Cotton,15,Nagpur,FAQ,Kalmeshwar,5100,4900,5075.0,Maharashtra,Other
2020-03-05,Cotton,15,Amarawati,FAQ,Varud,5100,5000,5050.0,Maharashtra,Other
2020-03-05,Cotton,15,Chandrapur,FAQ,Rajura,4950,4500,4850.0,Maharashtra,Other
2020-03-06,Cotton,15,Hingoli,FAQ,Basmat,5450,5286,5396.0,Maharashtra,Desi
2020-03-06,Cotton,15,Jalgaon,FAQ,Yawal,5100,4100,4590.0,Maharashtra,Other
2020-03-06,Cotton,15,Chandrapur,FAQ,Korpana,4950,4500,4800.0,Maharashtra,Desi
2020-03-06,Cotton,15,Wardha,FAQ,Wardha,5450,4825,5100.0,Maharashtra,Other
2020-03-06,Cotton,15,Wardha,FAQ,Pulgaon,5330,4700,5100.0,Maharashtra,Other
2020-03-06,Cotton,15,Hingoli,FAQ,Akhadabalapur,5000,4900,4950.0,Maharashtra,Desi
2020-03-06,Cotton,15,Chandrapur,FAQ,Varora,5100,4600,4850.0,Maharashtra,Desi
2020-03-06,Cotton,15,Nagpur,FAQ,Mandhal,4710,4378,4525.0,Maharashtra,Desi
2020-03-06,Cotton,15,Chandrapur,FAQ,Chandrapur(Ganjwad),5000,4300,4500.0,Maharashtra,Other
2020-03-06,Cotton,15,Yavatmal,FAQ,Ghatanji,5350,5020,5250.0,Maharashtra,LRA
2020-03-06,Cotton,15,Yavatmal,FAQ,Ralegaon,5150,4800,5100.0,Maharashtra,Other
2020-03-06,Cotton,15,Nagpur,FAQ,Katol,4950,4500,4750.0,Maharashtra,Desi
2020-03-06,Cotton,15,Nagpur,FAQ,Kalmeshwar,5250,4950,5100.0,Maharashtra,Other
2020-03-07,Cotton,15,Wardha,FAQ,Pulgaon,5211,4800,4950.0,Maharashtra,Other
2020-03-07,Cotton,15,Nagpur,FAQ,Savner,4950,4800,4900.0,Maharashtra,Other
2020-03-07,Cotton,15,Yavatmal,FAQ,ZariZamini,5422,3800,4985.0,Maharashtra,Other
2020-03-07,Cotton,15,Nagpur,FAQ,Narkhed,5100,4900,5000.0,Maharashtra,Other
2020-03-07,Cotton,15,Chattrapati Sambhajinagar,FAQ,Sillod,5100,4800,5000.0,Maharashtra,Other
2020-03-07,Cotton,15,Wardha,FAQ,Arvi,5200,5000,5100.0,Maharashtra,H-4(A) 27mm FIne
2020-03-07,Cotton,15,Jalana,FAQ,Jalna(Badnapur),5422,5232,5344.0,Maharashtra,Other
2020-03-07,Cotton,15,Parbhani,FAQ,Sonpeth,5355,4700,5301.0,Maharashtra,Other
2020-03-07,Cotton,15,Nagpur,FAQ,Umared,5155,5000,5100.0,Maharashtra,Desi
2020-03-07,Cotton,15,Amarawati,FAQ,Amarawati,5100,5000,5050.0,Maharashtra,Other
2020-03-08,Cotton,15,Chattrapati Sambhajinagar,FAQ,Sillod,5100,4800,5000.0,Maharashtra,Other
2020-03-08,Cotton,15,Nagpur,FAQ,Narkhed,5100,4900,5000.0,Maharashtra,Other
2020-03-08,Cotton,15,Nagpur,FAQ,Katol,5000,4500,4750.0,Maharashtra,Desi
2020-03-08,Cotton,15,Nagpur,FAQ,Bhiwapur,5100,4605,4800.0,Maharashtra,Varalaxmi
2020-03-09,Cotton,15,Wardha,FAQ,Hinganghat,5135,4800,4958.0,Maharashtra,Other
2020-03-09,Cotton,15,Nanded,FAQ,Bhokar,5060,4285,4672.0,Maharashtra,Other
2020-03-09,Cotton,15,Nagpur,FAQ,Kalmeshwar,5100,4800,4950.0,Maharashtra,Other
2020-03-09,Cotton,15,Nagpur,FAQ,Narkhed,5100,4900,5000.0,Maharashtra,Other
2020-03-09,Cotton,15,Wardha,FAQ,Wardha,5100,4800,5000.0,Maharashtra,Other
2020-03-10,Cotton,15,Chattrapati Sambhajinagar,FAQ,Sillod,5000,4900,5000.0,Maharashtra,Other
2020-03-11,Cotton,15,Nagpur,FAQ,Kalmeshwar,5050,4700,4900.0,Maharashtra,Other
2020-03-11,Cotton,15,Hingoli,FAQ,Akhadabalapur,5000,4800,4900.0,Maharashtra,Desi
2020-03-11,Cotton,15,Chandrapur,FAQ,Rajura,4850,4300,4700.0,Maharashtra,Other
2020-03-11,Cotton,15,Chattrapati Sambhajinagar,FAQ,Sillod,5000,4800,5000.0,Maharashtra,Other
2020-03-11,Cotton,15,Wardha,FAQ,Arvi,5100,4900,5000.0,Maharashtra,H-4(A) 27mm FIne
2020-03-11,Cotton,15,Jalgaon,FAQ,Yawal,5120,4100,4630.0,Maharashtra,Other
2020-03-11,Cotton,15,Wardha,FAQ,Pulgaon,5071,4800,4950.0,Maharashtra,Other
2020-03-11,Cotton,15,Amarawati,FAQ,Varud,5550,5000,5221.0,Maharashtra,Other
2020-03-11,Cotton,15,Wardha,FAQ,Wardha,5100,4700,5000.0,Maharashtra,Other
2020-03-12,Cotton,15,Jalgaon,FAQ,Yawal,5100,4130,4650.0,Maharashtra,Other
2020-03-12,Cotton,15,Yavatmal,FAQ,Ralegaon,5450,4800,5100.0,Maharashtra,Other
2020-03-12,Cotton,15,Nagpur,FAQ,Kalmeshwar,5050,4700,4900.0,Maharashtra,Other
2020-03-12,Cotton,15,Chandrapur,FAQ,Varora,5000,4700,4850.0,Maharashtra,Desi
2020-03-12,Cotton,15,Wardha,FAQ,Samudrapur,5000,4500,4750.0,Maharashtra,Other
2020-03-12,Cotton,15,Nagpur,FAQ,Katol,4900,4500,4700.0,Maharashtra,Desi
2020-03-12,Cotton,15,Yavatmal,FAQ,ZariZamini,5425,3900,4650.0,Maharashtra,Other
2020-03-12,Cotton,15,Wardha,FAQ,Pulgaon,5100,4800,5000.0,Maharashtra,Other
2020-03-12,Cotton,15,Nagpur,FAQ,Savner,5000,4850,4950.0,Maharashtra,Other
2020-03-12,Cotton,15,Parbhani,FAQ,Sonpeth,4900,4650,4800.0,Maharashtra,Other
2020-03-13,Cotton,15,Chandrapur,FAQ,Bhadrawati,5450,4700,5075.0,Maharashtra,Other
2020-03-13,Cotton,15,Chandrapur,FAQ,Korpana,4800,4500,4700.0,Maharashtra,Desi
2020-03-13,Cotton,15,Yavatmal,FAQ,ZariZamini,5422,3600,5205.0,Maharashtra,Other
2020-03-13,Cotton,15,Wardha,FAQ,Pulgaon,5450,4800,5200.0,Maharashtra,Other
2020-03-13,Cotton,15,Wardha,FAQ,Wardha,5100,4800,5050.0,Maharashtra,Other
2020-03-13,Cotton,15,Chandrapur,FAQ,Chimur,5000,4900,4950.0,Maharashtra,Other
2020-03-13,Cotton,15,Nagpur,FAQ,Kalmeshwar,5050,4700,4950.0,Maharashtra,Other
2020-03-13,Cotton,15,Chattrapati Sambhajinagar,FAQ,Sillod,5100,4800,5000.0,Maharashtra,Other
2020-03-13,Cotton,15,Hingoli,FAQ,Akhadabalapur,5100,5000,5050.0,Maharashtra,Desi
2020-03-14,Cotton,15,Wardha,FAQ,Arvi,4950,4850,4900.0,Maharashtra,H-4(A) 27mm FIne
2020-03-14,Cotton,15,Yavatmal,FAQ,ZariZamini,4800,3000,4296.0,Maharashtra,Other
2020-03-14,Cotton,15,Parbhani,FAQ,Sonpeth,4950,4700,4800.0,Maharashtra,Other
2020-03-14,Cotton,15,Yavatmal,FAQ,Ralegaon,5050,4750,5000.0,Maharashtra,Other
2020-03-14,Cotton,15,Amarawati,FAQ,Amarawati,5100,5000,5050.0,Maharashtra,Other
2020-03-14,Cotton,15,Amarawati,FAQ,Varud,5550,4800,5000.0,Maharashtra,Other
2020-03-14,Cotton,15,Parbhani,FAQ,Parbhani,4980,4600,4850.0,Maharashtra,Other
2020-03-14,Cotton,15,Chandrapur,FAQ,Chimur,4900,4800,4850.0,Maharashtra,Other
2020-03-14,Cotton,15,Wardha,FAQ,Hinganghat,5130,4800,4925.0,Maharashtra,Other
2020-03-14,Cotton,15,Nagpur,FAQ,Narkhed,5000,4800,4900.0,Maharashtra,Other
2020-03-14,Cotton,15,Chattrapati Sambhajinagar,FAQ,Sillod,5100,4800,5000.0,Maharashtra,Other
2020-03-15,Cotton,15,Chandrapur,FAQ,Chandrapur(Ganjwad),4800,3500,4750.0,Maharashtra,Other
2020-03-15,Cotton,15,Nagpur,FAQ,Narkhed,5000,4900,4950.0,Maharashtra,Other
2020-03-15,Cotton,15,Amarawati,FAQ,Varud,5000,4850,4950.0,Maharashtra,Other
2020-03-15,Cotton,15,Wardha,FAQ,Arvi,5000,4800,4900.0,Maharashtra,H-4(A) 27mm FIne
2020-03-16,Cotton,15,Wardha,FAQ,Hinganghat,5450,4800,5068.0,Maharashtra,Other
2020-03-16,Cotton,15,Nagpur,FAQ,Umared,4905,4700,4850.0,Maharashtra,Desi
2020-03-16,Cotton,15,Yavatmal,FAQ,Ralegaon,5450,4800,5050.0,Maharashtra,Other
2020-03-16,Cotton,15,Wardha,FAQ,Sindi(Selu),5450,4900,5000.0,Maharashtra,Other
2020-03-16,Cotton,15,Parbhani,FAQ,Selu,5355,5301,5355.0,Maharashtra,Other
2020-03-16,Cotton,15,Jalgaon,FAQ,Yawal,5130,4100,4630.0,Maharashtra,Other
2020-03-16,Cotton,15,Chandrapur,FAQ,Varora,4950,4500,4725.0,Maharashtra,Desi
2020-03-16,Cotton,15,Wardha,FAQ,Samudrapur,5100,4700,4900.0,Maharashtra,Other
2020-03-16,Cotton,15,Chattrapati Sambhajinagar,FAQ,Sillod,5000,4800,5000.0,Maharashtra,Other
2020-03-16,Cotton,15,Amarawati,FAQ,Anajngaon,5550,5350,5450.0,Maharashtra,LRA
2020-03-16,Cotton,15,Wardha,FAQ,Sindi,5450,4560,5260.0,Maharashtra,Other
2020-03-17,Cotton,15,Yavatmal,FAQ,Vani,5450,5232,5410.0,Maharashtra,Desi
2020-03-17,Cotton,15,Wardha,FAQ,Samudrapur,5450,4500,4990.0,Maharashtra,Other
2020-03-17,Cotton,15,Nagpur,FAQ,Mandhal,5000,3942,4153.0,Maharashtra,Desi
2020-03-17,Cotton,15,Chattrapati Sambhajinagar,FAQ,Sillod,5000,4800,5000.0,Maharashtra,Other
2020-03-17,Cotton,15,Wardha,FAQ,Arvi,5000,4800,4900.0,Maharashtra,H-4(A) 27mm FIne
2020-03-17,Cotton,15,Wardha,FAQ,Pulgaon,5450,4700,5200.0,Maharashtra,Other
2020-03-17,Cotton,15,Yavatmal,FAQ,Pandhakawada,5450,5255,5400.0,Maharashtra,Other
2020-03-18,Cotton,15,Amarawati,FAQ,Varud,5450,4850,5231.0,Maharashtra,Other
2020-03-18,Cotton,15,Hingoli,FAQ,Akhadabalapur,5100,4900,5000.0,Maharashtra,Desi
2020-03-18,Cotton,15,Nagpur,FAQ,Bhiwapur,4955,4850,4900.0,Maharashtra,Varalaxmi
2020-03-18,Cotton,15,Chandrapur,FAQ,Chimur,4900,4800,4850.0,Maharashtra,Other
2020-03-18,Cotton,15,Nanded,FAQ,Kinwat,5355,5194,5247.0,Maharashtra,Other
2020-03-18,Cotton,15,Wardha,FAQ,Hinganghat,5005,4650,4850.0,Maharashtra,Other
2020-03-18,Cotton,15,Wardha,FAQ,Pulgaon,5450,4800,5100.0,Maharashtra,Other
2020-03-18,Cotton,15,Yavatmal,FAQ,Vani,5450,5232,5408.0,Maharashtra,Desi
2020-03-18,Cotton,15,Buldhana,FAQ,Khamgaon,5450,5100,5275.0,Maharashtra,Other
2020-03-18,Cotton,15,Nanded,FAQ,Bhokar,4935,4896,4916.0,Maharashtra,Other
2020-03-19,Cotton,15,Buldhana,FAQ,Khamgaon,5450,5100,5275.0,Maharashtra,Other
2020-03-19,Cotton,15,Yavatmal,FAQ,Ralegaon,5450,4600,4900.0,Maharashtra,Other
2020-03-19,Cotton,15,Wardha,FAQ,Sindi(Selu),4990,4900,4940.0,Maharashtra,Other
2020-03-19,Cotton,15,Nagpur,FAQ,Kalmeshwar,5050,4600,4835.0,Maharashtra,Other
2020-03-19,Cotton,15,Wardha,FAQ,Arvi,5000,4900,4950.0,Maharashtra,H-4(A) 27mm FIne
2020-03-19,Cotton,15,Yavatmal,FAQ,Vani,5450,5232,5400.0,Maharashtra,Desi
2020-03-19,Cotton,15,Wardha,FAQ,Samudrapur,5000,4600,4850.0,Maharashtra,Other
2020-03-19,Cotton,15,Yavatmal,FAQ,Pandhakawada,5450,5255,5400.0,Maharashtra,Other
2020-03-19,Cotton,15,Chandrapur,FAQ,Varora,4900,4400,4650.0,Maharashtra,Desi
2020-03-19,Cotton,15,Akola,FAQ,Akola,5450,5250,5350.0,Maharashtra,Desi
2020-03-19,Cotton,15,Parbhani,FAQ,Selu,5355,5301,5355.0,Maharashtra,Other
2020-03-20,Cotton,15,Yavatmal,FAQ,Pandhakawada,5450,5281,5330.0,Maharashtra,Other
2020-03-20,Cotton,15,Buldhana,FAQ,Khamgaon,5450,5100,5275.0,Maharashtra,Other
2020-03-20,Cotton,15,Wardha,FAQ,Sindi(Selu),5010,4900,4960.0,Maharashtra,Other
2020-03-20,Cotton,15,Chandrapur,FAQ,Varora,4900,4200,4550.0,Maharashtra,Desi
2020-03-20,Cotton,15,Nagpur,FAQ,Katol,4800,4200,4600.0,Maharashtra,Desi
2020-03-20,Cotton,15,Nagpur,FAQ,Umared,4800,4400,4750.0,Maharashtra,Desi
2020-03-20,Cotton,15,Wardha,FAQ,Wardha,5450,4850,5100.0,Maharashtra,Other
2020-03-20,Cotton,15,Akola,FAQ,Akola,5450,5250,5350.0,Maharashtra,Desi
2020-03-20,Cotton,15,Jalana,FAQ,Jalna(Badnapur),5344,5162,5262.0,Maharashtra,Other
2020-03-20,Cotton,15,Chattrapati Sambhajinagar,FAQ,Sillod,4800,4700,4800.0,Maharashtra,Other
2020-03-20,Cotton,15,Nagpur,FAQ,Mandhal,4800,4320,4528.0,Maharashtra,Desi
2020-03-21,Cotton,15,Nagpur,FAQ,Narkhed,5450,5400,5450.0,Maharashtra,Other
2020-03-21,Cotton,15,Wardha,FAQ,Sindi(Selu),4990,4900,4960.0,Maharashtra,Other
2020-03-21,Cotton,15,Parbhani,FAQ,Selu,5355,5355,5355.0,Maharashtra,Other
2020-03-21,Cotton,15,Jalana,FAQ,Jalana,5355,5140,5277.0,Maharashtra,Other
2020-03-21,Cotton,15,Nagpur,FAQ,Umared,4700,4200,4650.0,Maharashtra,Desi
2020-03-22,Cotton,15,Chandrapur,FAQ,Bhadrawati,5450,4232,5341.0,Maharashtra,Other
2020-03-23,Cotton,15,Nagpur,FAQ,Narkhed,5450,5400,5450.0,Maharashtra,Other
2020-03-24,Cotton,15,Jalgaon,FAQ,Yawal,5130,4150,4570.0,Maharashtra,Other
2020-03-28,Cotton,15,Jalgaon,FAQ,Yawal,5130,4150,4570.0,Maharashtra,Other
2020-04-04,Cotton,15,Nagpur,FAQ,Parshiwani,2000,1000,1500.0,Maharashtra,H-4(A) 27mm FIne
2020-04-18,Cotton,15,Jalgaon,FAQ,Yawal,5120,4200,4540.0,Maharashtra,Other
2020-04-20,Cotton,15,Chandrapur,FAQ,Varora,5247,5140,5194.0,Maharashtra,Desi
2020-04-21,Cotton,15,Amarawati,FAQ,Varud,5450,5450,5450.0,Maharashtra,Other
2020-04-21,Cotton,15,Chandrapur,FAQ,Varora,5247,5194,5221.0,Maharashtra,Desi
2020-04-23,Cotton,15,Chandrapur,FAQ,Varora,5247,4300,5140.0,Maharashtra,Desi
2020-04-25,Cotton,15,Chandrapur,FAQ,Varora,4200,3500,3850.0,Maharashtra,Desi
2020-04-26,Cotton,15,Wardha,FAQ,Samudrapur,4150,3000,3900.0,Maharashtra,Other
2020-04-30,Cotton,15,Akola,FAQ,Akola,5355,5250,5350.0,Maharashtra,Desi
2020-04-30,Cotton,15,Chandrapur,FAQ,Bhadrawati,5328,2300,3814.0,Maharashtra,Other
2020-04-30,Cotton,15,Wardha,FAQ,Ashti,5355,5355,5355.0,Maharashtra,Other
2020-04-30,Cotton,15,Nanded,FAQ,Hadgaon(Tamsa),5140,4000,4400.0,Maharashtra,Other
2020-05-02,Cotton,15,Chandrapur,FAQ,Bhadrawati,4300,2200,3250.0,Maharashtra,Other
2020-05-04,Cotton,15,Wardha,FAQ,Ashti,5355,5355,5355.0,Maharashtra,Other
2020-05-04,Cotton,15,Wardha,FAQ,Wardha,5355,3000,5100.0,Maharashtra,Other
2020-05-04,Cotton,15,Wardha,FAQ,Samudrapur,5355,3000,5247.0,Maharashtra,Other
2020-05-04,Cotton,15,Wardha,FAQ,Sindi,5350,5150,5255.0,Maharashtra,Other
2020-05-04,Cotton,15,Yavatmal,FAQ,Maregoan,5450,5255,5300.0,Maharashtra,H-4(A) 27mm FIne
2020-05-05,Cotton,15,Chandrapur,FAQ,Chimur,4300,4100,4200.0,Maharashtra,Other
2020-05-05,Cotton,15,Nagpur,FAQ,Narkhed,5350,4350,5200.0,Maharashtra,Other
2020-05-05,Cotton,15,Chandrapur,FAQ,Korpana,4000,2500,3600.0,Maharashtra,Desi
2020-05-05,Cotton,15,Dhule,FAQ,Shirpur,5355,5217,5271.0,Maharashtra,Other
2020-05-05,Cotton,15,Yavatmal,FAQ,Maregoan,5350,5250,5300.0,Maharashtra,H-4(A) 27mm FIne
2020-05-05,Cotton,15,Yavatmal,FAQ,Yeotmal,4450,4350,4400.0,Maharashtra,Desi
2020-05-05,Cotton,15,Wardha,FAQ,Samudrapur,5355,3500,5200.0,Maharashtra,Other
2020-05-05,Cotton,15,Hingoli,FAQ,Jawala-Bajar,5355,5150,5250.0,Maharashtra,Other
2020-05-05,Cotton,15,Yavatmal,FAQ,ZariZamini,5306,5140,5200.0,Maharashtra,Other
2020-05-06,Cotton,15,Yavatmal,FAQ,Babhulgaon,5355,5355,5355.0,Maharashtra,Other
2020-05-06,Cotton,15,Nanded,FAQ,Himalyatnagar,2800,2600,2700.0,Maharashtra,Other
2020-05-06,Cotton,15,Amarawati,FAQ,Varud,5550,5300,5355.0,Maharashtra,Other
2020-05-06,Cotton,15,Akola,FAQ,Akola,5355,5250,5350.0,Maharashtra,Desi
2020-05-06,Cotton,15,Chandrapur,FAQ,Chimur,5000,4200,4300.0,Maharashtra,Other
2020-05-06,Cotton,15,Wardha,FAQ,Hinganghat,5355,2800,4000.0,Maharashtra,Other
2020-05-06,Cotton,15,Chandrapur,FAQ,Korpana,4000,2500,3500.0,Maharashtra,Desi
2020-05-06,Cotton,15,Chandrapur,FAQ,Varora,5194,4000,5140.0,Maharashtra,Desi
2020-05-06,Cotton,15,Wardha,FAQ,Sindi(Selu),5355,3800,4280.0,Maharashtra,Other
2020-05-06,Cotton,15,Wardha,FAQ,Sindi,5350,5150,5255.0,Maharashtra,Other
2020-05-06,Cotton,15,Wardha,FAQ,Arvi,4350,3300,3900.0,Maharashtra,H-4(A) 27mm FIne
2020-05-06,Cotton,15,Wardha,FAQ,Pulgaon,5355,4450,5250.0,Maharashtra,Other
2020-05-06,Cotton,15,Parbhani,FAQ,Sonpeth,5271,5110,5217.0,Maharashtra,Other
2020-05-06,Cotton,15,Hingoli,FAQ,Jawala-Bajar,5350,5150,5250.0,Maharashtra,Other
2020-05-07,Cotton,15,Nagpur,FAQ,Savner,4350,4200,4300.0,Maharashtra,Other
2020-05-07,Cotton,15,Buldhana,FAQ,Deoulgaon Raja,3800,3000,3500.0,Maharashtra,Desi
2020-05-07,Cotton,15,Nagpur,FAQ,Kalmeshwar,4255,3800,4050.0,Maharashtra,Other
2020-05-07,Cotton,15,Beed,FAQ,Vadvani,3000,2700,2800.0,Maharashtra,Other
2020-05-07,Cotton,15,Chandrapur,FAQ,Varora,4200,3500,3850.0,Maharashtra,Desi
2020-05-07,Cotton,15,Hingoli,FAQ,Jawala-Bajar,5355,5150,5250.0,Maharashtra,Other
2020-05-07,Cotton,15,Wardha,FAQ,Pulgaon,5355,5140,5270.0,Maharashtra,Other
2020-05-08,Cotton,15,Hingoli,FAQ,Akhadabalapur,4400,4000,4200.0,Maharashtra,Desi
2020-05-08,Cotton,15,Chandrapur,FAQ,Chimur,5000,4000,4200.0,Maharashtra,Other
2020-05-08,Cotton,15,Yavatmal,FAQ,Pusad,5355,5140,5301.0,Maharashtra,Other
2020-05-08,Cotton,15,Yavatmal,FAQ,Babhulgaon,5350,5350,5350.0,Maharashtra,Other
2020-05-08,Cotton,15,Parbhani,FAQ,Sonpeth,5355,5110,5248.0,Maharashtra,Other
2020-05-08,Cotton,15,Amarawati,FAQ,Dhamngaon-Railway,5355,5100,5200.0,Maharashtra,LRA
2020-05-08,Cotton,15,Nagpur,FAQ,Umared,4000,3500,3950.0,Maharashtra,Desi
2020-05-09,Cotton,15,Chattrapati Sambhajinagar,FAQ,Paithan,1430,1430,1430.0,Maharashtra,Other
2020-05-09,Cotton,15,Chandrapur,FAQ,Korpana,4000,2000,3000.0,Maharashtra,Desi
2020-05-09,Cotton,15,Wardha,FAQ,Arvi,4300,3300,3900.0,Maharashtra,H-4(A) 27mm FIne
2020-05-09,Cotton,15,Nagpur,FAQ,Savner,5350,4100,4300.0,Maharashtra,Other
2020-05-09,Cotton,15,Wardha,FAQ,Hinganghat,5355,2700,4200.0,Maharashtra,Other
2020-05-09,Cotton,15,Nagpur,FAQ,Umared,4000,3500,3950.0,Maharashtra,Desi
2020-05-10,Cotton,15,Nagpur,FAQ,Kalmeshwar,4150,3400,3900.0,Maharashtra,Other
2020-05-10,Cotton,15,Wardha,FAQ,Arvi,4300,3200,3900.0,Maharashtra,H-4(A) 27mm FIne
2020-05-10,Cotton,15,Ahmednagar,FAQ,Pathardi,5100,4600,4900.0,Maharashtra,N-44
2020-05-10,Cotton,15,Nagpur,FAQ,Bhiwapur,4000,3500,3750.0,Maharashtra,Varalaxmi
2020-05-10,Cotton,15,Buldhana,FAQ,Deoulgaon Raja,4000,3000,3500.0,Maharashtra,Desi
2020-05-11,Cotton,15,Yavatmal,FAQ,Yeotmal,4500,4345,4425.0,Maharashtra,Desi
2020-05-11,Cotton,15,Chandrapur,FAQ,Chimur,4300,4100,4200.0,Maharashtra,Other
2020-05-11,Cotton,15,Hingoli,FAQ,Akhadabalapur,4500,4000,4250.0,Maharashtra,Desi
2020-05-11,Cotton,15,Nagpur,FAQ,Narkhed,5000,4200,4800.0,Maharashtra,Other
2020-05-11,Cotton,15,Nagpur,FAQ,Umared,3920,3500,3875.0,Maharashtra,Desi
2020-05-11,Cotton,15,Akola,FAQ,Barshi Takli,5355,5355,5355.0,Maharashtra,Other
2020-05-11,Cotton,15,Buldhana,FAQ,Deoulgaon Raja,4200,3200,4200.0,Maharashtra,Desi
2020-05-11,Cotton,15,Yavatmal,FAQ,Yeotmal,5350,5350,5350.0,Maharashtra,Other
2020-05-11,Cotton,15,Nagpur,FAQ,Kalmeshwar,4300,3500,4100.0,Maharashtra,Other
2020-05-11,Cotton,15,Dhule,FAQ,Shirpur,5355,5217,5271.0,Maharashtra,Other
2020-05-12,Cotton,15,Chandrapur,FAQ,Bhadrawati,5344,2000,3672.0,Maharashtra,Other
2020-05-12,Cotton,15,Nagpur,FAQ,Kalmeshwar,4300,3600,4100.0,Maharashtra,Other
2020-05-12,Cotton,15,Yavatmal,FAQ,Ralegaon,5355,4000,4500.0,Maharashtra,Other
2020-05-12,Cotton,15,Parbhani,FAQ,Sonpeth,5300,5110,5248.0,Maharashtra,Other
2020-05-12,Cotton,15,Hingoli,FAQ,Akhadabalapur,4000,3800,3900.0,Maharashtra,Desi
2020-05-12,Cotton,15,Chandrapur,FAQ,Chimur,4500,4100,4200.0,Maharashtra,Other
2020-05-13,Cotton,15,Hingoli,FAQ,Akhadabalapur,4000,3800,3900.0,Maharashtra,Desi
2020-05-13,Cotton,15,Chattrapati Sambhajinagar,FAQ,Fulmbri,5355,5110,5247.0,Maharashtra,Other
2020-05-13,Cotton,15,Nagpur,FAQ,Narkhed,5300,4200,4800.0,Maharashtra,Other
2020-05-13,Cotton,15,Chandrapur,FAQ,Chimur,4500,4200,4300.0,Maharashtra,Other
2020-05-13,Cotton,15,Chandrapur,FAQ,Varora,5164,3250,5110.0,Maharashtra,Desi
2020-05-13,Cotton,15,Nagpur,FAQ,Savner,5355,4000,4100.0,Maharashtra,Other
2020-05-14,Cotton,15,Chandrapur,FAQ,Korpana,4100,2500,3000.0,Maharashtra,Desi
2020-05-14,Cotton,15,Akola,FAQ,Akola,5355,5250,5350.0,Maharashtra,Desi
2020-05-14,Cotton,15,Dhule,FAQ,Shirpur,5341,5164,5217.0,Maharashtra,Other
2020-05-14,Cotton,15,Amarawati,FAQ,Dhamngaon-Railway,5355,5100,5250.0,Maharashtra,LRA
2020-05-14,Cotton,15,Nagpur,FAQ,Kalmeshwar,5345,3800,4100.0,Maharashtra,Other
2020-05-14,Cotton,15,Amarawati,FAQ,Anajngaon,5550,5350,5450.0,Maharashtra,LRA
2020-05-14,Cotton,15,Beed,FAQ,Vadvani,3000,2700,2750.0,Maharashtra,Other
2020-05-14,Cotton,15,Nagpur,FAQ,Bhiwapur,4050,3800,3925.0,Maharashtra,Varalaxmi
2020-05-14,Cotton,15,Parbhani,FAQ,Sonpeth,5301,5110,5248.0,Maharashtra,Other
2020-05-14,Cotton,15,Chandrapur,FAQ,Varora,5164,3550,5110.0,Maharashtra,Desi
2020-05-14,Cotton,15,Chattrapati Sambhajinagar,FAQ,Fulmbri,5301,5110,5247.0,Maharashtra,Other
2020-05-14,Cotton,15,Nagpur,FAQ,Hingna,5355,5355,5355.0,Maharashtra,Other
2020-05-14,Cotton,15,Chattrapati Sambhajinagar,FAQ,Paithan,5350,5350,5350.0,Maharashtra,Other
2020-05-14,Cotton,15,Hingoli,FAQ,Akhadabalapur,4200,4000,4100.0,Maharashtra,Desi
2020-05-14,Cotton,15,Gadchiroli,FAQ,Sironcha,6000,5550,5900.0,Maharashtra,Other
2020-05-14,Cotton,15,Wardha,FAQ,Sindi(Selu),5355,3000,4150.0,Maharashtra,Other
2020-05-14,Cotton,15,Wardha,FAQ,Pulgaon,5355,4500,5170.0,Maharashtra,Other
2020-05-15,Cotton,15,Yavatmal,FAQ,Ralegaon,5355,3800,4450.0,Maharashtra,Other
2020-05-15,Cotton,15,Chandrapur,FAQ,Varora,5164,3500,5110.0,Maharashtra,Desi
2020-05-15,Cotton,15,Chattrapati Sambhajinagar,FAQ,Paithan,5350,5350,5350.0,Maharashtra,Other
2020-05-15,Cotton,15,Chandrapur,FAQ,Korpana,4100,2500,3500.0,Maharashtra,Desi
2020-05-15,Cotton,15,Chandrapur,FAQ,Bhadrawati,5301,2425,3863.0,Maharashtra,Other
2020-05-15,Cotton,15,Hingoli,FAQ,Akhadabalapur,4000,3600,3800.0,Maharashtra,Desi
2020-05-15,Cotton,15,Wardha,FAQ,Sindi(Selu),5355,3500,4150.0,Maharashtra,Other
2020-05-15,Cotton,15,Yavatmal,FAQ,Vani,5300,5100,5200.0,Maharashtra,Desi
2020-05-15,Cotton,15,Gadchiroli,FAQ,Sironcha,5600,5550,5570.0,Maharashtra,Other
2020-05-15,Cotton,15,Dhule,FAQ,Shirpur,5301,5110,5217.0,Maharashtra,Other
2020-05-15,Cotton,15,Yavatmal,FAQ,Pandhakawada,5355,5255,5307.0,Maharashtra,Other
2020-05-15,Cotton,15,Nagpur,FAQ,Kalmeshwar,5310,3850,4200.0,Maharashtra,Other
2020-05-15,Cotton,15,Beed,FAQ,Vadvani,3100,2700,2800.0,Maharashtra,Other
2020-05-15,Cotton,15,Chandrapur,FAQ,Chimur,4300,4200,4250.0,Maharashtra,Other
2020-05-15,Cotton,15,Buldhana,FAQ,Khamgaon,5355,3000,4177.0,Maharashtra,Other
2020-05-15,Cotton,15,Wardha,FAQ,Ashti,5355,5355,5355.0,Maharashtra,Other
2020-05-16,Cotton,15,Buldhana,FAQ,Khamgaon,5355,3000,4177.0,Maharashtra,Other
2020-05-16,Cotton,15,Chandrapur,FAQ,Chimur,4120,4000,4100.0,Maharashtra,Other
2020-05-16,Cotton,15,Wardha,FAQ,Arvi,4450,3200,4000.0,Maharashtra,H-4(A) 27mm FIne
2020-05-16,Cotton,15,Wardha,FAQ,Hinganghat,5355,2500,4150.0,Maharashtra,Other
2020-05-16,Cotton,15,Vashim,FAQ,Mangrulpeer,5355,5355,5355.0,Maharashtra,Other
2020-05-16,Cotton,15,Amarawati,FAQ,Dhamngaon-Railway,5355,5100,5255.0,Maharashtra,LRA
2020-05-16,Cotton,15,Nagpur,FAQ,Mandhal,3600,3246,3360.0,Maharashtra,Desi
2020-05-16,Cotton,15,Dhule,FAQ,Shirpur,5301,5110,5217.0,Maharashtra,Other
2020-05-16,Cotton,15,Akola,FAQ,Akola,5355,5250,5350.0,Maharashtra,Desi
2020-05-16,Cotton,15,Beed,FAQ,Vadvani,3200,11,2900.0,Maharashtra,Other
2020-05-16,Cotton,15,Chandrapur,FAQ,Varora,5164,3650,5110.0,Maharashtra,Desi
2020-05-16,Cotton,15,Amarawati,FAQ,Varud,5550,5300,5355.0,Maharashtra,Other
2020-05-16,Cotton,15,Buldhana,FAQ,Shegaon,5355,5355,5355.0,Maharashtra,Other
2020-05-17,Cotton,15,Chandrapur,FAQ,Chimur,4000,3900,3950.0,Maharashtra,Other
2020-05-17,Cotton,15,Nagpur,FAQ,Narkhed,5300,4000,4500.0,Maharashtra,Other
2020-05-18,Cotton,15,Wardha,FAQ,Hinganghat,5355,2700,4250.0,Maharashtra,Other
2020-05-18,Cotton,15,Jalgaon,FAQ,Yawal,5130,4350,4560.0,Maharashtra,Other
2020-05-18,Cotton,15,Gadchiroli,FAQ,Sironcha,5600,5550,5570.0,Maharashtra,Other
2020-05-18,Cotton,15,Yavatmal,FAQ,Yeotmal,5350,5350,5350.0,Maharashtra,Other
2020-05-18,Cotton,15,Buldhana,FAQ,Khamgaon,5355,3200,4277.0,Maharashtra,Other
2020-05-18,Cotton,15,Wardha,FAQ,Pulgaon,5355,4500,5225.0,Maharashtra,Other
2020-05-18,Cotton,15,Yavatmal,FAQ,Pandhakawada,5355,5255,5307.0,Maharashtra,Other
2020-05-18,Cotton,15,Parbhani,FAQ,Sonpeth,5301,5110,5247.0,Maharashtra,Other
2020-05-18,Cotton,15,Nagpur,FAQ,Narkhed,4850,4200,4500.0,Maharashtra,Other
2020-05-18,Cotton,15,Dhule,FAQ,Shirpur,5345,5164,5217.0,Maharashtra,Other
2020-05-19,Cotton,15,Nagpur,FAQ,Umared,4220,3800,4200.0,Maharashtra,Desi
2020-05-19,Cotton,15,Chattrapati Sambhajinagar,FAQ,Paithan,5350,5350,5350.0,Maharashtra,Other
2020-05-19,Cotton,15,Wardha,FAQ,Pulgaon,5355,4000,5200.0,Maharashtra,Other
2020-05-19,Cotton,15,Hingoli,FAQ,Akhadabalapur,4000,3800,3900.0,Maharashtra,Desi
2020-05-19,Cotton,15,Nagpur,FAQ,Narkhed,5200,4000,4500.0,Maharashtra,Other
2020-05-19,Cotton,15,Wardha,FAQ,Hinganghat,5355,2700,4275.0,Maharashtra,Other
2020-05-19,Cotton,15,Nagpur,FAQ,Hingna,4100,3300,4000.0,Maharashtra,Desi
2020-05-19,Cotton,15,Chandrapur,FAQ,Chimur,5300,4100,4200.0,Maharashtra,Other
2020-05-19,Cotton,15,Nagpur,FAQ,Hingna,5355,5355,5355.0,Maharashtra,Other
2020-05-19,Cotton,15,Wardha,FAQ,Sindi(Selu),5355,4000,4350.0,Maharashtra,Other
2020-05-19,Cotton,15,Chattrapati Sambhajinagar,FAQ,Fulmbri,5247,5110,5160.0,Maharashtra,Other
2020-05-20,Cotton,15,Nagpur,FAQ,Hingna,4100,3800,4000.0,Maharashtra,Desi
2020-05-20,Cotton,15,Gadchiroli,FAQ,Sironcha,5600,5550,5570.0,Maharashtra,Other
2020-05-20,Cotton,15,Wardha,FAQ,Samudrapur,5355,2500,5355.0,Maharashtra,Other
2020-05-20,Cotton,15,Wardha,FAQ,Pulgaon,5355,4000,5200.0,Maharashtra,Other
2020-05-20,Cotton,15,Chattrapati Sambhajinagar,FAQ,Paithan,5350,5350,5350.0,Maharashtra,Other
2020-05-20,Cotton,15,Yavatmal,FAQ,Vani,5300,5100,5200.0,Maharashtra,Desi
2020-05-20,Cotton,15,Amarawati,FAQ,Dharni,4300,4200,4250.0,Maharashtra,Other
2020-05-20,Cotton,15,Nagpur,FAQ,Narkhed,5320,4000,5000.0,Maharashtra,Other
2020-05-20,Cotton,15,Yavatmal,FAQ,Babhulgaon,5355,5355,5355.0,Maharashtra,Other
2020-05-20,Cotton,15,Hingoli,FAQ,Akhadabalapur,4000,3800,3900.0,Maharashtra,Desi
2020-05-20,Cotton,15,Nagpur,FAQ,Hingna,5355,5355,5355.0,Maharashtra,Other
2020-05-20,Cotton,15,Akola,FAQ,Barshi Takli,5355,5355,5355.0,Maharashtra,Other
2020-05-20,Cotton,15,Amarawati,FAQ,Anajngaon,5550,5350,5450.0,Maharashtra,LRA
2020-05-20,Cotton,15,Yavatmal,FAQ,Yeotmal,5350,5350,5350.0,Maharashtra,Other
2020-05-20,Cotton,15,Parbhani,FAQ,Sonpeth,5248,2800,5110.0,Maharashtra,Other
2020-05-21,Cotton,15,Nagpur,FAQ,Narkhed,5350,4200,4800.0,Maharashtra,Other
2020-05-21,Cotton,15,Wardha,FAQ,Sindi,5355,5140,5270.0,Maharashtra,Other
2020-05-21,Cotton,15,Nagpur,FAQ,Savner,5355,4100,4200.0,Maharashtra,Other
2020-05-21,Cotton,15,Dhule,FAQ,Shirpur,5301,5110,5271.0,Maharashtra,Other
2020-05-21,Cotton,15,Hingoli,FAQ,Akhadabalapur,4200,4000,4100.0,Maharashtra,Desi
2020-05-21,Cotton,15,Gadchiroli,FAQ,Sironcha,5600,5550,5570.0,Maharashtra,Other
2020-05-21,Cotton,15,Wardha,FAQ,Sindi(Selu),5355,3800,4400.0,Maharashtra,Other
2020-05-21,Cotton,15,Jalgaon,FAQ,Yawal,2100,1530,1800.0,Maharashtra,Other
2020-05-21,Cotton,15,Yavatmal,FAQ,Yeotmal,5350,5325,5350.0,Maharashtra,Other
2020-05-21,Cotton,15,Beed,FAQ,Vadvani,3300,2900,2900.0,Maharashtra,Other
2020-05-21,Cotton,15,Buldhana,FAQ,Deoulgaon Raja,4300,3000,3600.0,Maharashtra,Desi
2020-05-21,Cotton,15,Nagpur,FAQ,Hingna,5355,5355,5355.0,Maharashtra,Other
2020-05-21,Cotton,15,Wardha,FAQ,Arvi,4525,3600,4000.0,Maharashtra,H-4(A) 27mm FIne
2020-05-21,Cotton,15,Chandrapur,FAQ,Varora,5164,3455,5110.0,Maharashtra,Desi
2020-05-21,Cotton,15,Wardha,FAQ,Wardha,5350,2500,5200.0,Maharashtra,Other
2020-05-21,Cotton,15,Jalana,FAQ,Jalna(Badnapur),5355,5151,5249.0,Maharashtra,Other
2020-05-21,Cotton,15,Chandrapur,FAQ,Bhadrawati,5259,2600,3930.0,Maharashtra,Other
2020-05-22,Cotton,15,Yavatmal,FAQ,Vani,5300,5100,5200.0,Maharashtra,Desi
2020-05-22,Cotton,15,Nagpur,FAQ,Hingna,5355,5300,5355.0,Maharashtra,Other
2020-05-22,Cotton,15,Hingoli,FAQ,Akhadabalapur,4000,3800,3900.0,Maharashtra,Desi
2020-05-22,Cotton,15,Chandrapur,FAQ,Chimur,5350,4100,4200.0,Maharashtra,Other
2020-05-22,Cotton,15,Wardha,FAQ,Samudrapur,5355,2200,4400.0,Maharashtra,Other
2020-05-22,Cotton,15,Yavatmal,FAQ,Yeotmal,5350,5325,5350.0,Maharashtra,Other
2020-05-22,Cotton,15,Nagpur,FAQ,Umared,4200,4000,4150.0,Maharashtra,Desi
2020-05-22,Cotton,15,Gadchiroli,FAQ,Sironcha,5600,5550,5570.0,Maharashtra,Other
2020-05-22,Cotton,15,Buldhana,FAQ,Khamgaon,5355,3300,4327.0,Maharashtra,Other
2020-05-22,Cotton,15,Chandrapur,FAQ,Bhadrawati,5285,2350,3818.0,Maharashtra,Other
2020-05-22,Cotton,15,Buldhana,FAQ,Shegaon,5355,5355,5355.0,Maharashtra,Other
2020-05-22,Cotton,15,Nagpur,FAQ,Hingna,4100,3600,4050.0,Maharashtra,Desi
2020-05-22,Cotton,15,Amarawati,FAQ,Varud,5550,4200,5355.0,Maharashtra,Other
2020-05-23,Cotton,15,Nagpur,FAQ,Hingna,4100,3200,3903.0,Maharashtra,Desi
2020-05-23,Cotton,15,Wardha,FAQ,Sindi,5355,5140,5258.0,Maharashtra,Other
2020-05-23,Cotton,15,Amarawati,FAQ,Anajngaon,5550,5350,5450.0,Maharashtra,Other
2020-05-23,Cotton,15,Jalana,FAQ,Jalna(Badnapur),5355,5194,5263.0,Maharashtra,Other
2020-05-23,Cotton,15,Nandurbar,FAQ,Navapur,3034,3034,3034.0,Maharashtra,Other
2020-05-23,Cotton,15,Hingoli,FAQ,Akhadabalapur,4100,4000,4050.0,Maharashtra,Desi
2020-05-23,Cotton,15,Gadchiroli,FAQ,Sironcha,5600,5550,5570.0,Maharashtra,Other
2020-05-23,Cotton,15,Buldhana,FAQ,Khamgaon,5355,3200,4277.0,Maharashtra,Other
2020-05-23,Cotton,15,Chattrapati Sambhajinagar,FAQ,Paithan,5350,5350,5350.0,Maharashtra,Other
2020-05-24,Cotton,15,Nagpur,FAQ,Parshiwani,5301,5301,5301.0,Maharashtra,H-4(A) 27mm FIne
2020-05-24,Cotton,15,Nagpur,FAQ,Narkhed,5300,4300,5000.0,Maharashtra,Other
2020-05-24,Cotton,15,Wardha,FAQ,Arvi,4500,3500,4000.0,Maharashtra,H-4(A) 27mm FIne
2020-05-24,Cotton,15,Chandrapur,FAQ,Bhadrawati,5269,2500,3885.0,Maharashtra,Other
2020-05-25,Cotton,15,Wardha,FAQ,Pulgaon,5355,4100,5225.0,Maharashtra,Other
2020-05-25,Cotton,15,Chandrapur,FAQ,Bhadrawati,5328,5152,5240.0,Maharashtra,Other
2020-05-25,Cotton,15,Nagpur,FAQ,Parshiwani,5301,5301,5301.0,Maharashtra,H-4(A) 27mm FIne
2020-05-25,Cotton,15,Wardha,FAQ,Arvi,4580,3500,4000.0,Maharashtra,H-4(A) 27mm FIne
2020-05-26,Cotton,15,Hingoli,FAQ,Akhadabalapur,4000,3600,3800.0,Maharashtra,Desi
2020-05-26,Cotton,15,Vashim,FAQ,Mangrulpeer,5355,5355,5355.0,Maharashtra,Other
2020-05-26,Cotton,15,Chandrapur,FAQ,Varora,4500,3000,3750.0,Maharashtra,Desi
2020-05-26,Cotton,15,Chattrapati Sambhajinagar,FAQ,Paithan,5355,5355,5355.0,Maharashtra,Other
2020-05-26,Cotton,15,Wardha,FAQ,Sindi,5355,5155,5265.0,Maharashtra,Other
2020-05-26,Cotton,15,Nagpur,FAQ,Savner,5355,4100,4300.0,Maharashtra,Other
2020-05-26,Cotton,15,Nagpur,FAQ,Hingna,5355,5355,5355.0,Maharashtra,Other
2020-05-26,Cotton,15,Nagpur,FAQ,Hingna,4100,2200,2550.0,Maharashtra,Desi
2020-05-26,Cotton,15,Akola,FAQ,Akola,5355,5250,5350.0,Maharashtra,Desi
2020-05-27,Cotton,15,Nagpur,FAQ,Mandhal,4200,2500,2900.0,Maharashtra,Desi
2020-05-27,Cotton,15,Chandrapur,FAQ,Varora,4500,2800,3650.0,Maharashtra,Desi
2020-05-27,Cotton,15,Chandrapur,FAQ,Chimur,5300,4200,4250.0,Maharashtra,Other
2020-05-27,Cotton,15,Wardha,FAQ,Hinganghat,5355,2900,4450.0,Maharashtra,Other
2020-05-27,Cotton,15,Nagpur,FAQ,Narkhed,5350,4100,4500.0,Maharashtra,Other
2020-05-27,Cotton,15,Yavatmal,FAQ,Vani,5300,5100,5200.0,Maharashtra,Desi
2020-05-27,Cotton,15,Yavatmal,FAQ,Yeotmal,5350,5350,5350.0,Maharashtra,Other
2020-05-27,Cotton,15,Gadchiroli,FAQ,Sironcha,5600,5550,5570.0,Maharashtra,Other
2020-05-27,Cotton,15,Amarawati,FAQ,Anajngaon,5550,5350,5450.0,Maharashtra,Other
2020-05-27,Cotton,15,Akola,FAQ,Barshi Takli,5355,5355,5355.0,Maharashtra,Other
2020-05-27,Cotton,15,Yavatmal,FAQ,Pandhakawada,5328,5274,5301.0,Maharashtra,Other
2020-05-28,Cotton,15,Wardha,FAQ,Sindi,5355,5143,5265.0,Maharashtra,Other
2020-05-28,Cotton,15,Dhule,FAQ,Shirpur,5325,5110,5217.0,Maharashtra,Other
2020-05-28,Cotton,15,Hingoli,FAQ,Akhadabalapur,4000,3600,3800.0,Maharashtra,Desi
2020-05-28,Cotton,15,Wardha,FAQ,Pulgaon,5355,4100,5150.0,Maharashtra,Other
2020-05-28,Cotton,15,Yavatmal,FAQ,Yeotmal,5350,5350,5350.0,Maharashtra,Other
2020-05-28,Cotton,15,Akola,FAQ,Akola,5355,5250,5350.0,Maharashtra,Desi
2020-05-28,Cotton,15,Chattrapati Sambhajinagar,FAQ,Paithan,5350,5350,5350.0,Maharashtra,Other
2020-05-28,Cotton,15,Yavatmal,FAQ,Ralegaon,5355,5140,5231.0,Maharashtra,Other
2020-05-28,Cotton,15,Yavatmal,FAQ,Vani,5300,5100,5150.0,Maharashtra,Desi
2020-05-28,Cotton,15,Chandrapur,FAQ,Chimur,5300,4100,4150.0,Maharashtra,Other
2020-05-28,Cotton,15,Buldhana,FAQ,Shegaon,5355,5355,5355.0,Maharashtra,Other
2020-05-28,Cotton,15,Chandrapur,FAQ,Bhadrawati,5301,5141,5221.0,Maharashtra,Other
2020-05-28,Cotton,15,Amarawati,FAQ,Anajngaon,5550,5350,5450.0,Maharashtra,Other
2020-05-28,Cotton,15,Nagpur,FAQ,Bhiwapur,4500,3500,4000.0,Maharashtra,Varalaxmi
2020-05-28,Cotton,15,Parbhani,FAQ,Sonpeth,5301,5140,5248.0,Maharashtra,Other
2020-05-28,Cotton,15,Akola,FAQ,Barshi Takli,5355,5355,5355.0,Maharashtra,Other
2020-05-29,Cotton,15,Yavatmal,FAQ,Yeotmal,5350,5350,5350.0,Maharashtra,Other
2020-05-29,Cotton,15,Jalgaon,FAQ,Yawal,5150,4370,4550.0,Maharashtra,Other
2020-05-29,Cotton,15,Nagpur,FAQ,Hingna,5355,5355,5355.0,Maharashtra,Other
2020-05-29,Cotton,15,Amarawati,FAQ,Dharni,4100,4000,4050.0,Maharashtra,Other
2020-05-29,Cotton,15,Dhule,FAQ,Shirpur,5301,5110,5217.0,Maharashtra,Other
2020-05-29,Cotton,15,Nagpur,FAQ,Narkhed,5350,4200,4600.0,Maharashtra,Other
2020-05-29,Cotton,15,Ahmednagar,FAQ,Pathardi,5000,4500,4800.0,Maharashtra,N-44
2020-05-29,Cotton,15,Hingoli,FAQ,Akhadabalapur,4100,3900,4000.0,Maharashtra,Desi
2020-05-29,Cotton,15,Yavatmal,FAQ,Ralegaon,5355,5140,5231.0,Maharashtra,Other
2020-05-30,Cotton,15,Amarawati,FAQ,Anajngaon,5550,5350,5450.0,Maharashtra,LRA
2020-05-30,Cotton,15,Wardha,FAQ,Arvi,4650,3500,4100.0,Maharashtra,H-4(A) 27mm FIne
2020-05-30,Cotton,15,Nagpur,FAQ,Narkhed,5350,4300,4600.0,Maharashtra,Other
2020-05-30,Cotton,15,Hingoli,FAQ,Akhadabalapur,4000,3800,3900.0,Maharashtra,Desi
2020-05-30,Cotton,15,Yavatmal,FAQ,Pandhakawada,5328,5274,5301.0,Maharashtra,Other
2020-05-30,Cotton,15,Nagpur,FAQ,Savner,5355,4250,4300.0,Maharashtra,Other
2020-05-30,Cotton,15,Wardha,FAQ,Pulgaon,5355,4100,5180.0,Maharashtra,Other
2020-05-30,Cotton,15,Yavatmal,FAQ,Ralegaon,5355,5140,5231.0,Maharashtra,Other
2020-05-30,Cotton,15,Jalgaon,FAQ,Yawal,5120,4330,4520.0,Maharashtra,Other
2020-05-30,Cotton,15,Chattrapati Sambhajinagar,FAQ,Paithan,5350,5350,5350.0,Maharashtra,Other
2020-05-31,Cotton,15,Ahmednagar,FAQ,Pathardi,4800,4200,4500.0,Maharashtra,N-44
2020-06-01,Cotton,15,Nagpur,FAQ,Hingna,4350,4000,4300.0,Maharashtra,Desi
2020-06-01,Cotton,15,Nagpur,FAQ,Umared,4320,4250,4300.0,Maharashtra,Desi
2020-06-01,Cotton,15,Yavatmal,FAQ,Ralegaon,5355,5140,5231.0,Maharashtra,Other
2020-06-01,Cotton,15,Nagpur,FAQ,Parshiwani,5301,5175,5250.0,Maharashtra,H-4(A) 27mm FIne
2020-06-01,Cotton,15,Wardha,FAQ,Sindi(Selu),5355,4000,4600.0,Maharashtra,Other
2020-06-01,Cotton,15,Wardha,FAQ,Wardha,5355,3500,5200.0,Maharashtra,Other
2020-06-01,Cotton,15,Buldhana,FAQ,Shegaon,5355,5355,5355.0,Maharashtra,Other
2020-06-01,Cotton,15,Vashim,FAQ,Mangrulpeer,5355,5355,5355.0,Maharashtra,Other
2020-06-02,Cotton,15,Wardha,FAQ,Arvi,4600,3600,4000.0,Maharashtra,H-4(A) 27mm FIne
2020-06-02,Cotton,15,Yavatmal,FAQ,Ralegaon,5355,5140,5231.0,Maharashtra,Other
2020-06-02,Cotton,15,Nagpur,FAQ,Narkhed,5355,4330,5000.0,Maharashtra,Other
2020-06-02,Cotton,15,Yavatmal,FAQ,Vani,5300,5100,5200.0,Maharashtra,Desi
2020-06-02,Cotton,15,Buldhana,FAQ,Khamgaon,5355,3500,4427.0,Maharashtra,Other
2020-06-02,Cotton,15,Amarawati,FAQ,Anajngaon,5550,5350,5450.0,Maharashtra,LRA
2020-06-02,Cotton,15,Parbhani,FAQ,Sonpeth,5355,5140,5248.0,Maharashtra,Other
2020-06-03,Cotton,15,Chattrapati Sambhajinagar,FAQ,Paithan,1271,1271,1271.0,Maharashtra,Other
2020-06-03,Cotton,15,Nagpur,FAQ,Narkhed,5355,4300,4450.0,Maharashtra,Other
2020-06-03,Cotton,15,Nagpur,FAQ,Umared,4350,4000,4300.0,Maharashtra,Desi
2020-06-03,Cotton,15,Nagpur,FAQ,Bhiwapur,4360,3600,3980.0,Maharashtra,Varalaxmi
2020-06-04,Cotton,15,Yavatmal,FAQ,Ralegaon,5355,5140,5231.0,Maharashtra,Other
2020-06-04,Cotton,15,Wardha,FAQ,Pulgaon,5355,4100,5190.0,Maharashtra,Other
2020-06-04,Cotton,15,Nagpur,FAQ,Narkhed,5355,4300,5000.0,Maharashtra,Other
2020-06-04,Cotton,15,Jalgaon,FAQ,Yawal,5050,4250,4520.0,Maharashtra,Other
2020-06-04,Cotton,15,Chandrapur,FAQ,Chimur,4250,4100,4150.0,Maharashtra,Other
2020-06-05,Cotton,15,Dhule,FAQ,Shirpur,5301,5164,5217.0,Maharashtra,Other
2020-06-05,Cotton,15,Wardha,FAQ,Pulgaon,5355,5140,5200.0,Maharashtra,Other
2020-06-05,Cotton,15,Nagpur,FAQ,Narkhed,5355,4450,4900.0,Maharashtra,Other
2020-06-05,Cotton,15,Nagpur,FAQ,Umared,4375,4100,4340.0,Maharashtra,Desi
2020-06-05,Cotton,15,Wardha,FAQ,Sindi,5355,5150,5258.0,Maharashtra,Other
2020-06-05,Cotton,15,Chandrapur,FAQ,Chimur,4200,4100,4150.0,Maharashtra,Other
2020-06-06,Cotton,15,Dhule,FAQ,Shirpur,5002,4951,5002.0,Maharashtra,Other
2020-06-06,Cotton,15,Yavatmal,FAQ,Maregoan,5450,5255,5350.0,Maharashtra,H-4(A) 27mm FIne
2020-06-06,Cotton,15,Buldhana,FAQ,Shegaon,5355,5355,5355.0,Maharashtra,Other
2020-06-06,Cotton,15,Wardha,FAQ,Pulgaon,5355,5140,5235.0,Maharashtra,Other
2020-06-06,Cotton,15,Chattrapati Sambhajinagar,FAQ,Paithan,5350,5350,5350.0,Maharashtra,Other
2020-06-06,Cotton,15,Nagpur,FAQ,Narkhed,5350,4350,4900.0,Maharashtra,Other
2020-06-07,Cotton,15,Wardha,FAQ,Arvi,4720,3700,4100.0,Maharashtra,H-4(A) 27mm FIne
2020-06-08,Cotton,15,Buldhana,FAQ,Deoulgaon Raja,4200,4200,4200.0,Maharashtra,Desi
2020-06-08,Cotton,15,Chandrapur,FAQ,Varora,4700,3000,3850.0,Maharashtra,Desi
2020-06-08,Cotton,15,Akola,FAQ,Barshi Takli,5355,5355,5355.0,Maharashtra,Other
2020-06-08,Cotton,15,Yavatmal,FAQ,Maregoan,5450,5255,5350.0,Maharashtra,H-4(A) 27mm FIne
2020-06-08,Cotton,15,Nagpur,FAQ,Narkhed,5950,4800,5000.0,Maharashtra,Other
2020-06-08,Cotton,15,Wardha,FAQ,Pulgaon,5355,5140,5200.0,Maharashtra,Other
2020-06-08,Cotton,15,Jalana,FAQ,Jalna(Badnapur),5355,5140,5248.0,Maharashtra,Other
2020-06-08,Cotton,15,Nagpur,FAQ,Savner,5355,4250,4350.0,Maharashtra,Other
2020-06-09,Cotton,15,Chattrapati Sambhajinagar,FAQ,Paithan,5350,5350,5350.0,Maharashtra,Other
2020-06-09,Cotton,15,Beed,FAQ,Kille Dharur,5150,5110,5140.0,Maharashtra,Desi
2020-06-09,Cotton,15,Nagpur,FAQ,Narkhed,5300,4700,5000.0,Maharashtra,Other
2020-06-09,Cotton,15,Akola,FAQ,Akola,5355,5250,5350.0,Maharashtra,Desi
2020-06-09,Cotton,15,Yavatmal,FAQ,Vani,5300,5100,5200.0,Maharashtra,Desi
2020-06-09,Cotton,15,Jalgaon,FAQ,Yawal,5060,4235,4530.0,Maharashtra,Other
2020-06-09,Cotton,15,Nagpur,FAQ,Kalmeshwar,5300,4000,4500.0,Maharashtra,Other
2020-06-09,Cotton,15,Chandrapur,FAQ,Chimur,5300,4200,4250.0,Maharashtra,Other
2020-06-09,Cotton,15,Chandrapur,FAQ,Korpana,5330,5115,5245.0,Maharashtra,Desi
2020-06-10,Cotton,15,Nagpur,FAQ,Savner,5355,4300,4400.0,Maharashtra,Other
2020-06-10,Cotton,15,Jalana,FAQ,Jalna(Badnapur),5355,5140,5262.0,Maharashtra,Other
2020-06-10,Cotton,15,Nagpur,FAQ,Umared,4500,4200,4450.0,Maharashtra,Desi
2020-06-10,Cotton,15,Wardha,FAQ,Pulgaon,5355,5140,5225.0,Maharashtra,Other
2020-06-10,Cotton,15,Jalgaon,FAQ,Yawal,5000,4200,4500.0,Maharashtra,Other
2020-06-10,Cotton,15,Nagpur,FAQ,Kalmeshwar,5300,4000,4500.0,Maharashtra,Other
2020-06-10,Cotton,15,Yavatmal,FAQ,Maregoan,5450,5255,5350.0,Maharashtra,H-4(A) 27mm FIne
2020-06-10,Cotton,15,Nagpur,FAQ,Parshiwani,5300,5200,5250.0,Maharashtra,H-4(A) 27mm FIne
2020-06-10,Cotton,15,Chandrapur,FAQ,Varora,4750,3000,3875.0,Maharashtra,Desi
2020-06-10,Cotton,15,Wardha,FAQ,Samudrapur,5355,4500,5355.0,Maharashtra,Other
2020-06-10,Cotton,15,Nagpur,FAQ,Bhiwapur,4500,4000,4250.0,Maharashtra,Varalaxmi
2020-06-10,Cotton,15,Nagpur,FAQ,Narkhed,5350,4900,5000.0,Maharashtra,Other
2020-06-11,Cotton,15,Chandrapur,FAQ,Chimur,5300,4200,4250.0,Maharashtra,Other
2020-06-11,Cotton,15,Akola,FAQ,Akola,5355,5250,5350.0,Maharashtra,Desi
2020-06-11,Cotton,15,Yavatmal,FAQ,Maregoan,5450,5255,5350.0,Maharashtra,H-4(A) 27mm FIne
2020-06-11,Cotton,15,Nagpur,FAQ,Narkhed,5300,4600,4900.0,Maharashtra,Other
2020-06-11,Cotton,15,Wardha,FAQ,Pulgaon,5355,5140,5225.0,Maharashtra,Other
2020-06-11,Cotton,15,Nagpur,FAQ,Kalmeshwar,5300,4300,4700.0,Maharashtra,Other
2020-06-11,Cotton,15,Nagpur,FAQ,Savner,5355,4300,4400.0,Maharashtra,Other
2020-06-11,Cotton,15,Chandrapur,FAQ,Varora,4750,3000,3875.0,Maharashtra,Desi
2020-06-11,Cotton,15,Gadchiroli,FAQ,Sironcha,5600,5500,5550.0,Maharashtra,Other
2020-06-11,Cotton,15,Nagpur,FAQ,Parshiwani,5300,180,5200.0,Maharashtra,H-4(A) 27mm FIne
2020-06-12,Cotton,15,Gadchiroli,FAQ,Sironcha,5600,5500,5550.0,Maharashtra,Other
2020-06-12,Cotton,15,Wardha,FAQ,Wardha,5350,3500,5200.0,Maharashtra,Other
2020-06-12,Cotton,15,Buldhana,FAQ,Shegaon,5355,5355,5355.0,Maharashtra,Other
2020-06-12,Cotton,15,Nagpur,FAQ,Parshiwani,5300,5240,5275.0,Maharashtra,H-4(A) 27mm FIne
2020-06-12,Cotton,15,Jalgaon,FAQ,Yawal,5000,4210,4510.0,Maharashtra,Other
2020-06-12,Cotton,15,Wardha,FAQ,Pulgaon,5355,5194,5265.0,Maharashtra,Other
2020-06-12,Cotton,15,Nagpur,FAQ,Savner,5355,4250,4350.0,Maharashtra,Other
2020-06-12,Cotton,15,Chandrapur,FAQ,Varora,4700,2500,3600.0,Maharashtra,Desi
2020-06-13,Cotton,15,Nagpur,FAQ,Narkhed,5300,4900,5000.0,Maharashtra,Other
2020-06-13,Cotton,15,Nagpur,FAQ,Savner,5355,4250,4350.0,Maharashtra,Other
2020-06-13,Cotton,15,Chandrapur,FAQ,Varora,4700,3000,3850.0,Maharashtra,Desi
2020-06-13,Cotton,15,Akola,FAQ,Akola,5355,5250,5350.0,Maharashtra,Desi
2020-06-13,Cotton,15,Gadchiroli,FAQ,Sironcha,5600,5500,5550.0,Maharashtra,Other
2020-06-14,Cotton,15,Gadchiroli,FAQ,Sironcha,5600,5500,5550.0,Maharashtra,Other
2020-06-14,Cotton,15,Chandrapur,FAQ,Chimur,4200,4100,4150.0,Maharashtra,Other
2020-06-14,Cotton,15,Beed,FAQ,Vadvani,5110,5110,5110.0,Maharashtra,Other
2020-06-14,Cotton,15,Nagpur,FAQ,Narkhed,5320,4600,5000.0,Maharashtra,Other
2020-06-15,Cotton,15,Wardha,FAQ,Samudrapur,4515,2400,4300.0,Maharashtra,Other
2020-06-15,Cotton,15,Yavatmal,FAQ,Ralegaon,5355,5140,5231.0,Maharashtra,Other
2020-06-15,Cotton,15,Yavatmal,FAQ,Vani,5247,5140,5189.0,Maharashtra,Desi
2020-06-15,Cotton,15,Nagpur,FAQ,Savner,5355,5355,5355.0,Maharashtra,Other
2020-06-15,Cotton,15,Nagpur,FAQ,Hingna,4650,4600,4650.0,Maharashtra,Desi
2020-06-16,Cotton,15,Wardha,FAQ,Wardha,5355,4000,5200.0,Maharashtra,Other
2020-06-16,Cotton,15,Nagpur,FAQ,Kalmeshwar,5300,4100,4700.0,Maharashtra,Other
2020-06-16,Cotton,15,Yavatmal,FAQ,Vani,5301,5140,5239.0,Maharashtra,Desi
2020-06-16,Cotton,15,Nagpur,FAQ,Hingna,4650,4575,4600.0,Maharashtra,Desi
2020-06-16,Cotton,15,Nagpur,FAQ,Savner,5355,5355,5355.0,Maharashtra,Other
2020-06-16,Cotton,15,Wardha,FAQ,Sindi(Selu),5355,5140,5247.0,Maharashtra,Other
2020-06-16,Cotton,15,Chandrapur,FAQ,Chimur,5300,4100,4200.0,Maharashtra,Other
2020-06-17,Cotton,15,Parbhani,FAQ,Sonpeth,5301,5110,5248.0,Maharashtra,Other
2020-06-17,Cotton,15,Beed,FAQ,Vadvani,5110,5110,5110.0,Maharashtra,Other
2020-06-17,Cotton,15,Nagpur,FAQ,Narkhed,5300,4700,5000.0,Maharashtra,Other
2020-06-17,Cotton,15,Wardha,FAQ,Sindi(Selu),5355,4600,5247.0,Maharashtra,Other
2020-06-17,Cotton,15,Wardha,FAQ,Wardha,5355,3500,5200.0,Maharashtra,Other
2020-06-17,Cotton,15,Wardha,FAQ,Arvi,4650,3700,4100.0,Maharashtra,H-4(A) 27mm FIne
2020-06-17,Cotton,15,Buldhana,FAQ,Khamgaon,4600,3500,4050.0,Maharashtra,Other
2020-06-17,Cotton,15,Akola,FAQ,Barshi Takli,5355,5355,5355.0,Maharashtra,Other
2020-06-18,Cotton,15,Wardha,FAQ,Arvi,4600,3650,4100.0,Maharashtra,H-4(A) 27mm FIne
2020-06-18,Cotton,15,Wardha,FAQ,Pulgaon,5355,4500,5190.0,Maharashtra,Other
2020-06-18,Cotton,15,Nagpur,FAQ,Narkhed,5350,4600,5000.0,Maharashtra,Other
2020-06-18,Cotton,15,Chandrapur,FAQ,Varora,4525,2800,3663.0,Maharashtra,Desi
2020-06-18,Cotton,15,Amarawati,FAQ,Varud,5355,4500,5241.0,Maharashtra,Other
2020-06-18,Cotton,15,Jalgaon,FAQ,Yawal,5030,4170,4530.0,Maharashtra,Other
2020-06-18,Cotton,15,Nagpur,FAQ,Kalmeshwar,5300,4100,4700.0,Maharashtra,Other
2020-06-18,Cotton,15,Nagpur,FAQ,Savner,5355,5355,5355.0,Maharashtra,Other
2020-06-18,Cotton,15,Wardha,FAQ,Samudrapur,5355,4565,5100.0,Maharashtra,Other
2020-06-19,Cotton,15,Wardha,FAQ,Wardha,5355,3550,5200.0,Maharashtra,Other
2020-06-19,Cotton,15,Wardha,FAQ,Pulgaon,5355,5140,5250.0,Maharashtra,Other
2020-06-19,Cotton,15,Gadchiroli,FAQ,Sironcha,5600,5500,5550.0,Maharashtra,Other
2020-06-19,Cotton,15,Chandrapur,FAQ,Varora,4550,2500,3525.0,Maharashtra,Desi
2020-06-19,Cotton,15,Chandrapur,FAQ,Chimur,5300,4100,4200.0,Maharashtra,Other
2020-06-19,Cotton,15,Chandrapur,FAQ,Bhadrawati,5296,5140,5218.0,Maharashtra,Other
2020-06-19,Cotton,15,Akola,FAQ,Akola,5355,5250,5350.0,Maharashtra,Desi
2020-06-19,Cotton,15,Nagpur,FAQ,Narkhed,5300,4700,5000.0,Maharashtra,Other
2020-06-19,Cotton,15,Chandrapur,FAQ,Korpana,5303,5115,5115.0,Maharashtra,Desi
2020-06-19,Cotton,15,Wardha,FAQ,Sindi(Selu),5355,5140,5247.0,Maharashtra,Other
2020-06-19,Cotton,15,Wardha,FAQ,Arvi,4600,3700,4100.0,Maharashtra,H-4(A) 27mm FIne
2020-06-20,Cotton,15,Wardha,FAQ,Hinganghat,5355,2800,4500.0,Maharashtra,Other
2020-06-20,Cotton,15,Jalgaon,FAQ,Yawal,5030,4150,4520.0,Maharashtra,Other
2020-06-20,Cotton,15,Chattrapati Sambhajinagar,FAQ,Paithan,5350,5350,5350.0,Maharashtra,Other
2020-06-20,Cotton,15,Wardha,FAQ,Pulgaon,5355,5140,5230.0,Maharashtra,Other
2020-06-20,Cotton,15,Nagpur,FAQ,Kalmeshwar,5300,4100,4700.0,Maharashtra,Other
2020-06-20,Cotton,15,Nagpur,FAQ,Savner,5355,5355,5355.0,Maharashtra,Other
2020-06-20,Cotton,15,Amarawati,FAQ,Varud,5355,4500,5255.0,Maharashtra,Other
2020-06-20,Cotton,15,Akola,FAQ,Akola,5355,5250,5350.0,Maharashtra,Desi
2020-06-20,Cotton,15,Parbhani,FAQ,Sonpeth,5301,5110,5248.0,Maharashtra,Other
2020-06-20,Cotton,15,Vashim,FAQ,Mangrulpeer,5355,5355,5355.0,Maharashtra,Other
2020-06-21,Cotton,15,Jalgaon,FAQ,Yawal,5040,4130,4510.0,Maharashtra,Other
2020-06-21,Cotton,15,Gadchiroli,FAQ,Sironcha,5600,5500,5550.0,Maharashtra,Other
2020-06-21,Cotton,15,Chattrapati Sambhajinagar,FAQ,Paithan,5350,5350,5350.0,Maharashtra,Other
2020-06-21,Cotton,15,Nagpur,FAQ,Narkhed,5350,4600,5000.0,Maharashtra,Other
2020-06-22,Cotton,15,Nagpur,FAQ,Hingna,5355,5355,5355.0,Maharashtra,Other
2020-06-22,Cotton,15,Yavatmal,FAQ,Vani,5301,5140,5199.0,Maharashtra,Desi
2020-06-22,Cotton,15,Wardha,FAQ,Arvi,4700,3800,4100.0,Maharashtra,H-4(A) 27mm FIne
2020-06-22,Cotton,15,Gadchiroli,FAQ,Sironcha,5600,5500,5550.0,Maharashtra,Other
2020-06-22,Cotton,15,Chandrapur,FAQ,Varora,4500,2500,3500.0,Maharashtra,Desi
2020-06-22,Cotton,15,Vashim,FAQ,Mangrulpeer,5355,5355,5355.0,Maharashtra,Other
2020-06-22,Cotton,15,Wardha,FAQ,Samudrapur,5355,4500,5355.0,Maharashtra,Other
2020-06-22,Cotton,15,Nagpur,FAQ,Kalmeshwar,5300,4100,4700.0,Maharashtra,Other
2020-06-22,Cotton,15,Wardha,FAQ,Hinganghat,5355,2900,4500.0,Maharashtra,Other
2020-06-22,Cotton,15,Wardha,FAQ,Pulgaon,5355,4500,5170.0,Maharashtra,Other
2020-06-22,Cotton,15,Nagpur,FAQ,Savner,5355,5355,5355.0,Maharashtra,Other
2020-06-23,Cotton,15,Chattrapati Sambhajinagar,FAQ,Paithan,5350,5350,5350.0,Maharashtra,Other
2020-06-23,Cotton,15,Chandrapur,FAQ,Varora,4571,3000,3786.0,Maharashtra,Desi
2020-06-23,Cotton,15,Nagpur,FAQ,Hingna,5355,5355,5355.0,Maharashtra,Other
2020-06-23,Cotton,15,Gadchiroli,FAQ,Sironcha,5600,5500,5550.0,Maharashtra,Other
2020-06-23,Cotton,15,Chandrapur,FAQ,Korpana,5303,5115,5115.0,Maharashtra,Desi
2020-06-23,Cotton,15,Nagpur,FAQ,Hingna,4500,4500,4500.0,Maharashtra,Desi
2020-06-23,Cotton,15,Wardha,FAQ,Hinganghat,5355,2900,4550.0,Maharashtra,Other
2020-06-23,Cotton,15,Vashim,FAQ,Mangrulpeer,5355,5355,5355.0,Maharashtra,Other
2020-06-24,Cotton,15,Yavatmal,FAQ,Vani,5280,5140,5243.0,Maharashtra,Desi
2020-06-24,Cotton,15,Wardha,FAQ,Pulgaon,5355,4700,5090.0,Maharashtra,Other
2020-06-24,Cotton,15,Wardha,FAQ,Hinganghat,5355,2800,4500.0,Maharashtra,Other
2020-06-24,Cotton,15,Nagpur,FAQ,Savner,5355,5355,5355.0,Maharashtra,Other
2020-06-24,Cotton,15,Gadchiroli,FAQ,Sironcha,5600,5500,5550.0,Maharashtra,Other
2020-06-24,Cotton,15,Nagpur,FAQ,Kalmeshwar,5300,4100,4700.0,Maharashtra,Other
2020-06-24,Cotton,15,Chattrapati Sambhajinagar,FAQ,Paithan,5350,5350,5350.0,Maharashtra,Other
2020-06-25,Cotton,15,Wardha,FAQ,Samudrapur,5355,5100,5355.0,Maharashtra,Other
2020-06-25,Cotton,15,Gadchiroli,FAQ,Sironcha,5600,5500,5550.0,Maharashtra,Other
2020-06-25,Cotton,15,Chattrapati Sambhajinagar,FAQ,Paithan,5350,5350,5350.0,Maharashtra,Other
2020-06-25,Cotton,15,Wardha,FAQ,Pulgaon,5355,4500,5170.0,Maharashtra,Other
2020-06-25,Cotton,15,Amarawati,FAQ,Varud,5550,4500,5355.0,Maharashtra,Other
2020-06-25,Cotton,15,Beed,FAQ,Kille Dharur,5150,5100,5149.0,Maharashtra,Desi
2020-06-26,Cotton,15,Wardha,FAQ,Hinganghat,5355,2800,4600.0,Maharashtra,Other
2020-06-26,Cotton,15,Wardha,FAQ,Pulgaon,5355,4500,5200.0,Maharashtra,Other
2020-06-26,Cotton,15,Chandrapur,FAQ,Bhadrawati,5285,5141,5213.0,Maharashtra,Other
2020-06-27,Cotton,15,Nagpur,FAQ,Kalmeshwar,5300,4200,4700.0,Maharashtra,Other
2020-06-27,Cotton,15,Buldhana,FAQ,Shegaon,5355,5355,5355.0,Maharashtra,Other
2020-06-27,Cotton,15,Wardha,FAQ,Samudrapur,5355,4300,5355.0,Maharashtra,Other
2020-06-27,Cotton,15,Amarawati,FAQ,Varud,5550,5300,5355.0,Maharashtra,Other
2020-06-28,Cotton,15,Wardha,FAQ,Samudrapur,5355,5100,5355.0,Maharashtra,Other
2020-06-28,Cotton,15,Wardha,FAQ,Arvi,4700,3800,4100.0,Maharashtra,H-4(A) 27mm FIne
2020-06-28,Cotton,15,Nagpur,FAQ,Narkhed,5320,4600,5000.0,Maharashtra,Other
2020-06-29,Cotton,15,Wardha,FAQ,Hinganghat,5355,2900,4525.0,Maharashtra,Other
2020-06-29,Cotton,15,Nagpur,FAQ,Narkhed,5350,4550,5000.0,Maharashtra,Other
2020-06-29,Cotton,15,Wardha,FAQ,Samudrapur,5355,5100,5355.0,Maharashtra,Other
2020-06-29,Cotton,15,Nagpur,FAQ,Hingna,5355,5355,5355.0,Maharashtra,Other
2020-06-29,Cotton,15,Nagpur,FAQ,Kalmeshwar,5300,4100,4600.0,Maharashtra,Other
2020-06-29,Cotton,15,Wardha,FAQ,Wardha,5355,4400,5200.0,Maharashtra,Other
2020-06-29,Cotton,15,Wardha,FAQ,Pulgaon,5355,4500,5180.0,Maharashtra,Other
2020-06-29,Cotton,15,Akola,FAQ,Barshi Takli,5355,5355,5355.0,Maharashtra,Other
2020-06-30,Cotton,15,Nagpur,FAQ,Kalmeshwar,5300,4100,4600.0,Maharashtra,Other
2020-06-30,Cotton,15,Wardha,FAQ,Samudrapur,5355,5355,5355.0,Maharashtra,Other
2020-06-30,Cotton,15,Wardha,FAQ,Pulgaon,5355,4600,5190.0,Maharashtra,Other
2020-06-30,Cotton,15,Nagpur,FAQ,Savner,5355,5355,5355.0,Maharashtra,Other
2020-07-01,Cotton,15,Wardha,FAQ,Samudrapur,5355,5355,5355.0,Maharashtra,Other
2020-07-01,Cotton,15,Wardha,FAQ,Pulgaon,5355,4650,5200.0,Maharashtra,Other
2020-07-01,Cotton,15,Wardha,FAQ,Hinganghat,5355,2800,4400.0,Maharashtra,Other
2020-07-01,Cotton,15,Nagpur,FAQ,Savner,5355,5355,5355.0,Maharashtra,Other
2020-07-01,Cotton,15,Nagpur,FAQ,Kalmeshwar,5300,4100,4600.0,Maharashtra,Other
2020-07-02,Cotton,15,Beed,FAQ,Vadvani,5110,5110,5110.0,Maharashtra,Other
2020-07-02,Cotton,15,Yavatmal,FAQ,Vani,5355,5140,5205.0,Maharashtra,Desi
2020-07-02,Cotton,15,Wardha,FAQ,Pulgaon,5355,4550,5185.0,Maharashtra,Other
2020-07-02,Cotton,15,Nagpur,FAQ,Kalmeshwar,5300,4100,4600.0,Maharashtra,Other
2020-07-03,Cotton,15,Vashim,FAQ,Mangrulpeer,5355,5355,5355.0,Maharashtra,Other
2020-07-03,Cotton,15,Nagpur,FAQ,Kalmeshwar,5300,4100,4600.0,Maharashtra,Other
2020-07-03,Cotton,15,Wardha,FAQ,Hinganghat,5355,5140,5200.0,Maharashtra,Other
2020-07-04,Cotton,15,Nagpur,FAQ,Savner,5355,5355,5355.0,Maharashtra,Other
2020-07-04,Cotton,15,Yavatmal,FAQ,Vani,5301,5140,5215.0,Maharashtra,Desi
2020-07-06,Cotton,15,Jalgaon,FAQ,Yawal,5080,4150,4520.0,Maharashtra,Other
2020-07-06,Cotton,15,Nagpur,FAQ,Hingna,5355,5355,5355.0,Maharashtra,Other
2020-07-06,Cotton,15,Nagpur,FAQ,Savner,5355,5355,5355.0,Maharashtra,Other
2020-07-07,Cotton,15,Nagpur,FAQ,Narkhed,5350,4900,5100.0,Maharashtra,Other
2020-07-07,Cotton,15,Nagpur,FAQ,Kalmeshwar,5300,4100,4600.0,Maharashtra,Other
2020-07-07,Cotton,15,Nagpur,FAQ,Hingna,5355,5355,5355.0,Maharashtra,Other
2020-07-07,Cotton,15,Beed,FAQ,Kille Dharur,5150,5100,5149.0,Maharashtra,Desi
2020-07-07,Cotton,15,Yavatmal,FAQ,Vani,5337,5140,5233.0,Maharashtra,Desi
2020-07-08,Cotton,15,Buldhana,FAQ,Shegaon,5355,5355,5355.0,Maharashtra,Other
2020-07-08,Cotton,15,Beed,FAQ,Vadvani,5110,5110,5110.0,Maharashtra,Other
2020-07-08,Cotton,15,Parbhani,FAQ,Sonpeth,5301,5140,5247.0,Maharashtra,Other
2020-07-08,Cotton,15,Nagpur,FAQ,Narkhed,5350,4800,5000.0,Maharashtra,Other
2020-07-08,Cotton,15,Nagpur,FAQ,Hingna,5355,5325,5355.0,Maharashtra,Other
2020-07-09,Cotton,15,Nagpur,FAQ,Savner,5355,5355,5355.0,Maharashtra,Other
2020-07-09,Cotton,15,Nagpur,FAQ,Hingna,5355,5355,5355.0,Maharashtra,Other
2020-07-09,Cotton,15,Nagpur,FAQ,Narkhed,5350,4900,5000.0,Maharashtra,Other
2020-07-09,Cotton,15,Nagpur,FAQ,Kalmeshwar,5300,4100,4600.0,Maharashtra,Other
2020-07-09,Cotton,15,Parbhani,FAQ,Sonpeth,5301,5140,5247.0,Maharashtra,Other
2020-07-09,Cotton,15,Wardha,FAQ,Arvi,4700,4400,4500.0,Maharashtra,H-4(A) 27mm FIne
2020-07-10,Cotton,15,Nagpur,FAQ,Hingna,5355,5271,5355.0,Maharashtra,Other
2020-07-10,Cotton,15,Yavatmal,FAQ,Vani,5300,5148,5220.0,Maharashtra,Desi
2020-07-11,Cotton,15,Buldhana,FAQ,Shegaon,5355,5355,5355.0,Maharashtra,Other
2020-07-11,Cotton,15,Nagpur,FAQ,Savner,5355,5355,5355.0,Maharashtra,Other
2020-07-11,Cotton,15,Jalgaon,FAQ,Yawal,5070,4180,4520.0,Maharashtra,Other
2020-07-13,Cotton,15,Wardha,FAQ,Arvi,4700,4000,4400.0,Maharashtra,H-4(A) 27mm FIne
2020-07-14,Cotton,15,Akola,FAQ,Barshi Takli,5355,5355,5355.0,Maharashtra,Other
2020-07-14,Cotton,15,Buldhana,FAQ,Shegaon,5355,5355,5355.0,Maharashtra,Other
2020-07-14,Cotton,15,Parbhani,FAQ,Sonpeth,5294,5140,5247.0,Maharashtra,Other
2020-07-17,Cotton,15,Buldhana,FAQ,Shegaon,5355,5355,5355.0,Maharashtra,Other
2020-07-18,Cotton,15,Buldhana,FAQ,Shegaon,5355,5355,5355.0,Maharashtra,Other
2020-07-20,Cotton,15,Parbhani,FAQ,Sonpeth,5301,5140,5247.0,Maharashtra,Other
2020-07-21,Cotton,15,Wardha,FAQ,Arvi,4700,4100,4400.0,Maharashtra,H-4(A) 27mm FIne
2020-07-21,Cotton,15,Amarawati,FAQ,Varud,5355,5255,5261.0,Maharashtra,Other
2020-07-22,Cotton,15,Wardha,FAQ,Arvi,4725,4200,4400.0,Maharashtra,H-4(A) 27mm FIne
2020-07-22,Cotton,15,Jalgaon,FAQ,Yawal,5000,4130,4510.0,Maharashtra,Other
2020-07-24,Cotton,15,Parbhani,FAQ,Sonpeth,5301,5140,5247.0,Maharashtra,Other
2020-07-24,Cotton,15,Akola,FAQ,Barshi Takli,5355,5355,5355.0,Maharashtra,Other
2020-07-24,Cotton,15,Wardha,FAQ,Arvi,4725,4200,4400.0,Maharashtra,H-4(A) 27mm FIne
2020-07-24,Cotton,15,Buldhana,FAQ,Shegaon,5355,5355,5355.0,Maharashtra,Other
2020-07-25,Cotton,15,Nagpur,FAQ,Narkhed,5355,4900,5100.0,Maharashtra,Other
2020-07-25,Cotton,15,Wardha,FAQ,Arvi,4700,4100,4400.0,Maharashtra,H-4(A) 27mm FIne
2020-07-26,Cotton,15,Nagpur,FAQ,Narkhed,5350,5000,5100.0,Maharashtra,Other
2020-07-27,Cotton,15,Wardha,FAQ,Pulgaon,5350,5140,5200.0,Maharashtra,Other
2020-07-27,Cotton,15,Akola,FAQ,Barshi Takli,5355,5355,5355.0,Maharashtra,Other
2020-07-28,Cotton,15,Nagpur,FAQ,Narkhed,5340,5000,5100.0,Maharashtra,Other
2020-07-28,Cotton,15,Wardha,FAQ,Pulgaon,5350,5140,5225.0,Maharashtra,Other
2020-07-30,Cotton,15,Wardha,FAQ,Pulgaon,5350,5140,5220.0,Maharashtra,Other
2020-07-31,Cotton,15,Buldhana,FAQ,Shegaon,5355,5355,5355.0,Maharashtra,Other
2020-07-31,Cotton,15,Parbhani,FAQ,Sonpeth,5301,5140,5247.0,Maharashtra,Other
2020-08-08,Cotton,15,Buldhana,FAQ,Shegaon,5355,5355,5355.0,Maharashtra,Other
2020-09-01,Cotton,15,Jalgaon,FAQ,Yawal,4730,4010,4410.0,Maharashtra,Other
2020-10-01,Cotton,15,Nagpur,FAQ,Katol,3700,2480,3460.0,Maharashtra,Desi
2020-10-01,Cotton,15,Jalgaon,FAQ,Yawal,3950,3320,3630.0,Maharashtra,Other
2020-10-13,Cotton,15,Jalgaon,FAQ,Yawal,3950,3350,3630.0,Maharashtra,Other
2020-10-27,Cotton,15,Chandrapur,FAQ,Varora,4700,4200,4450.0,Maharashtra,Desi
2020-10-27,Cotton,15,Nagpur,FAQ,Kalmeshwar,4600,4400,4500.0,Maharashtra,Other
2020-10-27,Cotton,15,Nanded,FAQ,Hadgaon(Tamsa),4500,4100,4300.0,Maharashtra,Other
2020-10-27,Cotton,15,Chandrapur,FAQ,Chimur,4651,4600,4625.0,Maharashtra,Other
2020-10-27,Cotton,15,Wardha,FAQ,Samudrapur,4800,4200,4600.0,Maharashtra,Other
2020-10-27,Cotton,15,Nanded,FAQ,Himalyatnagar,4300,4100,4200.0,Maharashtra,Other
2020-10-28,Cotton,15,Wardha,FAQ,Samudrapur,4800,4500,4600.0,Maharashtra,Other
2020-10-28,Cotton,15,Chandrapur,FAQ,Varora,4700,4000,4350.0,Maharashtra,Desi
2020-10-28,Cotton,15,Chandrapur,FAQ,Bhadrawati,4625,3850,4238.0,Maharashtra,Other
2020-10-29,Cotton,15,Yavatmal,FAQ,Ghatanji,4700,4200,4450.0,Maharashtra,LRA
2020-10-29,Cotton,15,Chandrapur,FAQ,Chimur,4600,4500,4550.0,Maharashtra,Other
2020-10-29,Cotton,15,Chandrapur,FAQ,Varora,4700,4200,4450.0,Maharashtra,Desi
2020-10-29,Cotton,15,Jalgaon,FAQ,Yawal,4470,4030,4150.0,Maharashtra,Other
2020-10-30,Cotton,15,Nagpur,FAQ,Mandhal,4825,4265,4455.0,Maharashtra,Desi
2020-10-30,Cotton,15,Yavatmal,FAQ,ZariZamini,4580,4500,4536.0,Maharashtra,Other
2020-10-30,Cotton,15,Chandrapur,FAQ,Varora,4800,4200,4500.0,Maharashtra,Desi
2020-10-30,Cotton,15,Chandrapur,FAQ,Chimur,4600,4500,4550.0,Maharashtra,Other
2020-10-30,Cotton,15,Nagpur,FAQ,Kalmeshwar,4600,4400,4500.0,Maharashtra,Other
2020-10-31,Cotton,15,Nagpur,FAQ,Narkhed,4750,4600,4700.0,Maharashtra,Other
2020-10-31,Cotton,15,Yavatmal,FAQ,ZariZamini,4600,4570,4592.0,Maharashtra,Other
2020-10-31,Cotton,15,Wardha,FAQ,Samudrapur,4800,4500,4600.0,Maharashtra,Other
2020-10-31,Cotton,15,Chandrapur,FAQ,Varora,4811,4350,4581.0,Maharashtra,Desi
2020-11-01,Cotton,15,Chandrapur,FAQ,Varora,4800,4200,4500.0,Maharashtra,Desi
2020-11-01,Cotton,15,Nagpur,FAQ,Bhiwapur,4800,4450,4625.0,Maharashtra,Varalaxmi
2020-11-02,Cotton,15,Nanded,FAQ,Hadgaon(Tamsa),4600,4200,4400.0,Maharashtra,Other
2020-11-02,Cotton,15,Wardha,FAQ,Samudrapur,4825,4400,4600.0,Maharashtra,Other
2020-11-02,Cotton,15,Nanded,FAQ,Himalyatnagar,4500,4300,4400.0,Maharashtra,Other
2020-11-02,Cotton,15,Jalgaon,FAQ,Yawal,4530,4070,4250.0,Maharashtra,Other
2020-11-02,Cotton,15,Wardha,FAQ,Arvi,5100,4600,4850.0,Maharashtra,H-4(A) 27mm FIne
2020-11-03,Cotton,15,Chandrapur,FAQ,Varora,4821,4300,4561.0,Maharashtra,Desi
2020-11-03,Cotton,15,Chandrapur,FAQ,Chimur,4650,4600,4625.0,Maharashtra,Other
2020-11-03,Cotton,15,Wardha,FAQ,Sindi(Selu),5305,5110,5280.0,Maharashtra,Other
2020-11-03,Cotton,15,Chandrapur,FAQ,Bhadrawati,4700,4400,4550.0,Maharashtra,Other
2020-11-03,Cotton,15,Nanded,FAQ,Himalyatnagar,4500,4300,4400.0,Maharashtra,Other
2020-11-03,Cotton,15,Nagpur,FAQ,Savner,4875,4800,4875.0,Maharashtra,Other
2020-11-03,Cotton,15,Nagpur,FAQ,Narkhed,4850,4600,4700.0,Maharashtra,Other
2020-11-04,Cotton,15,Chandrapur,FAQ,Varora,4900,4300,4600.0,Maharashtra,Desi
2020-11-04,Cotton,15,Nagpur,FAQ,Narkhed,4900,4600,4800.0,Maharashtra,Other
2020-11-04,Cotton,15,Wardha,FAQ,Arvi,5080,4600,4800.0,Maharashtra,H-4(A) 27mm FIne
2020-11-04,Cotton,15,Nagpur,FAQ,Kalmeshwar,5050,4600,4800.0,Maharashtra,Other
2020-11-05,Cotton,15,Hingoli,FAQ,Akhadabalapur,5200,5000,5100.0,Maharashtra,Desi
2020-11-05,Cotton,15,Wardha,FAQ,Samudrapur,5020,4550,4700.0,Maharashtra,Other
2020-11-05,Cotton,15,Wardha,FAQ,Arvi,5150,4950,5000.0,Maharashtra,H-4(A) 27mm FIne
2020-11-05,Cotton,15,Nagpur,FAQ,Savner,4950,4900,4950.0,Maharashtra,Other
2020-11-06,Cotton,15,Nagpur,FAQ,Kalmeshwar,5050,4800,4900.0,Maharashtra,Other
2020-11-06,Cotton,15,Nagpur,FAQ,Narkhed,5000,4900,4950.0,Maharashtra,Other
2020-11-06,Cotton,15,Nagpur,FAQ,Umared,5055,4800,5000.0,Maharashtra,Desi
2020-11-06,Cotton,15,Chandrapur,FAQ,Varora,5000,4400,4700.0,Maharashtra,Desi
2020-11-06,Cotton,15,Chandrapur,FAQ,Chimur,5000,4800,4900.0,Maharashtra,Other
2020-11-06,Cotton,15,Nagpur,FAQ,Mandhal,5050,4485,4627.0,Maharashtra,Desi
2020-11-06,Cotton,15,Chandrapur,FAQ,Bhadrawati,5050,4800,4925.0,Maharashtra,Other
2020-11-06,Cotton,15,Hingoli,FAQ,Akhadabalapur,5200,5000,5100.0,Maharashtra,Desi
2020-11-07,Cotton,15,Wardha,FAQ,Arvi,5200,4800,5000.0,Maharashtra,H-4(A) 27mm FIne
2020-11-07,Cotton,15,Chandrapur,FAQ,Bhadrawati,5100,4300,4700.0,Maharashtra,Other
2020-11-07,Cotton,15,Chandrapur,FAQ,Chimur,5125,5000,5050.0,Maharashtra,Other
2020-11-07,Cotton,15,Yavatmal,FAQ,ZariZamini,5150,5100,5120.0,Maharashtra,Other
2020-11-07,Cotton,15,Chandrapur,FAQ,Varora,5100,4600,4850.0,Maharashtra,Desi
2020-11-07,Cotton,15,Nanded,FAQ,Hadgaon(Tamsa),4500,4200,4350.0,Maharashtra,Other
2020-11-08,Cotton,15,Nagpur,FAQ,Narkhed,5200,5000,5100.0,Maharashtra,Other
2020-11-08,Cotton,15,Nanded,FAQ,Hadgaon(Tamsa),4500,4200,4350.0,Maharashtra,Other
2020-11-08,Cotton,15,Chandrapur,FAQ,Bhadrawati,5200,4900,5050.0,Maharashtra,Other
2020-11-08,Cotton,15,Nagpur,FAQ,Bhiwapur,5200,4850,5050.0,Maharashtra,Varalaxmi
2020-11-09,Cotton,15,Yavatmal,FAQ,ZariZamini,5260,5050,5206.0,Maharashtra,Other
2020-11-09,Cotton,15,Chandrapur,FAQ,Chimur,5175,5000,5151.0,Maharashtra,Other
2020-11-09,Cotton,15,Wardha,FAQ,Samudrapur,5220,4900,5000.0,Maharashtra,Other
2020-11-10,Cotton,15,Nagpur,FAQ,Kalmeshwar,5200,4900,5050.0,Maharashtra,Other
2020-11-10,Cotton,15,Wardha,FAQ,Sindi(Selu),5305,5110,5280.0,Maharashtra,Other
2020-11-10,Cotton,15,Nagpur,FAQ,Savner,5175,5100,5150.0,Maharashtra,Other
2020-11-10,Cotton,15,Hingoli,FAQ,Akhadabalapur,5300,5000,5150.0,Maharashtra,Desi
2020-11-11,Cotton,15,Chandrapur,FAQ,Bhadrawati,5225,3000,4113.0,Maharashtra,Other
2020-11-11,Cotton,15,Wardha,FAQ,Pulgaon,5825,5000,5580.0,Maharashtra,Other
2020-11-11,Cotton,15,Nagpur,FAQ,Umared,5285,5100,5250.0,Maharashtra,Desi
2020-11-11,Cotton,15,Yavatmal,FAQ,ZariZamini,5200,5100,5169.0,Maharashtra,Other
2020-11-11,Cotton,15,Wardha,FAQ,Sindi(Selu),5305,5025,5200.0,Maharashtra,Other
2020-11-12,Cotton,15,Wardha,FAQ,Arvi,5350,5000,5200.0,Maharashtra,H-4(A) 27mm FIne
2020-11-12,Cotton,15,Nagpur,FAQ,Hingna,5455,5100,5275.0,Maharashtra,Desi
2020-11-12,Cotton,15,Nagpur,FAQ,Narkhed,5600,5000,5200.0,Maharashtra,Other
2020-11-12,Cotton,15,Nagpur,FAQ,Kalmeshwar,5300,4900,5100.0,Maharashtra,Other
2020-11-12,Cotton,15,Chandrapur,FAQ,Bhadrawati,5230,4400,4815.0,Maharashtra,Other
2020-11-12,Cotton,15,Nagpur,FAQ,Bhiwapur,5225,4900,5050.0,Maharashtra,Varalaxmi
2020-11-12,Cotton,15,Jalgaon,FAQ,Yawal,4590,4180,4370.0,Maharashtra,Other
2020-11-13,Cotton,15,Chandrapur,FAQ,Varora,5365,5000,5183.0,Maharashtra,Desi
2020-11-13,Cotton,15,Yavatmal,FAQ,ZariZamini,5180,5130,5159.0,Maharashtra,Other
2020-11-13,Cotton,15,Nagpur,FAQ,Savner,5300,5250,5275.0,Maharashtra,Other
2020-11-13,Cotton,15,Wardha,FAQ,Pulgaon,5501,5050,5125.0,Maharashtra,Other
2020-11-13,Cotton,15,Chandrapur,FAQ,Chimur,5225,5000,5200.0,Maharashtra,Other
2020-11-14,Cotton,15,Yavatmal,FAQ,ZariZamini,5180,5050,5119.0,Maharashtra,Other
2020-11-14,Cotton,15,Nagpur,FAQ,Kalmeshwar,5300,4900,5100.0,Maharashtra,Other
2020-11-14,Cotton,15,Nagpur,FAQ,Narkhed,5600,5000,5200.0,Maharashtra,Other
2020-11-15,Cotton,15,Chandrapur,FAQ,Chimur,5200,5000,5100.0,Maharashtra,Other
2020-11-15,Cotton,15,Chandrapur,FAQ,Bhadrawati,5230,3300,4265.0,Maharashtra,Other
2020-11-16,Cotton,15,Chandrapur,FAQ,Varora,5335,5111,5223.0,Maharashtra,Desi
2020-11-16,Cotton,15,Nagpur,FAQ,Narkhed,5000,4800,4900.0,Maharashtra,Other
2020-11-17,Cotton,15,Chandrapur,FAQ,Varora,5411,5100,5256.0,Maharashtra,Desi
2020-11-17,Cotton,15,Nagpur,FAQ,Kalmeshwar,5300,4900,5100.0,Maharashtra,Other
2020-11-17,Cotton,15,Parbhani,FAQ,Sonpeth,5100,4850,5025.0,Maharashtra,Other
2020-11-17,Cotton,15,Wardha,FAQ,Samudrapur,5400,5000,5200.0,Maharashtra,Other
2020-11-17,Cotton,15,Hingoli,FAQ,Akhadabalapur,5200,5000,5100.0,Maharashtra,Desi
2020-11-17,Cotton,15,Nagpur,FAQ,Narkhed,5000,4800,4900.0,Maharashtra,Other
2020-11-17,Cotton,15,Wardha,FAQ,Pulgaon,5535,5150,5350.0,Maharashtra,Other
2020-11-18,Cotton,15,Dhule,FAQ,Shirpur,5725,5700,5725.0,Maharashtra,Other
2020-11-18,Cotton,15,Wardha,FAQ,Pulgaon,5825,4900,5450.0,Maharashtra,Other
2020-11-18,Cotton,15,Yavatmal,FAQ,ZariZamini,5270,5200,5234.0,Maharashtra,Other
2020-11-18,Cotton,15,Yavatmal,FAQ,Ralegaon,5825,5575,5767.0,Maharashtra,Other
2020-11-18,Cotton,15,Nanded,FAQ,Himalyatnagar,5000,4800,4900.0,Maharashtra,Other
2020-11-18,Cotton,15,Jalana,FAQ,Ghansawangi,5200,5000,5100.0,Maharashtra,Other
2020-11-18,Cotton,15,Chandrapur,FAQ,Varora,5400,5100,5250.0,Maharashtra,Desi
2020-11-18,Cotton,15,Chandrapur,FAQ,Chimur,5250,5000,5100.0,Maharashtra,Other
2020-11-19,Cotton,15,Yavatmal,FAQ,Ralegaon,5825,5575,5767.0,Maharashtra,Other
2020-11-19,Cotton,15,Nagpur,FAQ,Narkhed,5400,4700,5000.0,Maharashtra,Other
2020-11-19,Cotton,15,Wardha,FAQ,Arvi,5400,5200,5300.0,Maharashtra,H-4(A) 27mm FIne
2020-11-19,Cotton,15,Nagpur,FAQ,Bhiwapur,5565,5300,5450.0,Maharashtra,Varalaxmi
2020-11-19,Cotton,15,Wardha,FAQ,Pulgaon,5825,5400,5700.0,Maharashtra,Other
2020-11-20,Cotton,15,Yavatmal,FAQ,ZariZamini,5825,5800,5818.0,Maharashtra,Other
2020-11-20,Cotton,15,Hingoli,FAQ,Jawala-Bajar,5725,5725,5725.0,Maharashtra,Other
2020-11-20,Cotton,15,Wardha,FAQ,Hinganghat,5825,5400,5615.0,Maharashtra,Other
2020-11-20,Cotton,15,Nagpur,FAQ,Hingna,5400,5300,5400.0,Maharashtra,Desi
2020-11-20,Cotton,15,Nagpur,FAQ,Kalmeshwar,5550,5200,5400.0,Maharashtra,Other
2020-11-20,Cotton,15,Chandrapur,FAQ,Chimur,5225,5000,5050.0,Maharashtra,Other
2020-11-20,Cotton,15,Hingoli,FAQ,Akhadabalapur,5400,5200,5300.0,Maharashtra,Desi
2020-11-20,Cotton,15,Dhule,FAQ,Shirpur,5700,5496,5553.0,Maharashtra,Other
2020-11-20,Cotton,15,Yavatmal,FAQ,Vani,5825,5591,5801.0,Maharashtra,Desi
2020-11-21,Cotton,15,Yavatmal,FAQ,Ralegaon,5825,5515,5600.0,Maharashtra,Other
2020-11-21,Cotton,15,Jalana,FAQ,Jalna(Badnapur),5430,5200,5300.0,Maharashtra,Other
2020-11-21,Cotton,15,Wardha,FAQ,Hinganghat,5715,5400,5550.0,Maharashtra,Other
2020-11-21,Cotton,15,Nagpur,FAQ,Narkhed,5775,5500,5600.0,Maharashtra,Other
2020-11-21,Cotton,15,Hingoli,FAQ,Jawala-Bajar,5725,5600,5705.0,Maharashtra,Other
2020-11-21,Cotton,15,Chandrapur,FAQ,Varora,5600,5300,5450.0,Maharashtra,Desi
2020-11-21,Cotton,15,Nagpur,FAQ,Savner,5500,5450,5475.0,Maharashtra,Other
2020-11-21,Cotton,15,Wardha,FAQ,Samudrapur,5600,5200,5400.0,Maharashtra,Other
2020-11-22,Cotton,15,Chandrapur,FAQ,Varora,5600,5300,5450.0,Maharashtra,Desi
2020-11-22,Cotton,15,Wardha,FAQ,Arvi,5760,5400,5600.0,Maharashtra,H-4(A) 27mm FIne
2020-11-22,Cotton,15,Nagpur,FAQ,Narkhed,5000,4800,4900.0,Maharashtra,Other
2020-11-22,Cotton,15,Nagpur,FAQ,Kalmeshwar,5700,5400,5550.0,Maharashtra,Other
2020-11-23,Cotton,15,Chandrapur,FAQ,Varora,5750,5200,5475.0,Maharashtra,Desi
2020-11-23,Cotton,15,Chandrapur,FAQ,Bhadrawati,5825,5100,5463.0,Maharashtra,Other
2020-11-23,Cotton,15,Nagpur,FAQ,Kalmeshwar,5700,5400,5550.0,Maharashtra,Other
2020-11-23,Cotton,15,Wardha,FAQ,Samudrapur,5825,5300,5650.0,Maharashtra,Other
2020-11-23,Cotton,15,Nagpur,FAQ,Hingna,5500,5400,5500.0,Maharashtra,Desi
2020-11-23,Cotton,15,Yavatmal,FAQ,ZariZamini,5825,5708,5820.0,Maharashtra,Other
2020-11-23,Cotton,15,Nagpur,FAQ,Narkhed,5500,5000,5200.0,Maharashtra,Other
2020-11-23,Cotton,15,Dhule,FAQ,Shirpur,5700,5443,5667.0,Maharashtra,Other
2020-11-23,Cotton,15,Yavatmal,FAQ,Vani,5825,5592,5804.0,Maharashtra,Desi
2020-11-23,Cotton,15,Nagpur,FAQ,Umared,5705,5600,5650.0,Maharashtra,Desi
2020-11-23,Cotton,15,Hingoli,FAQ,Akhadabalapur,5400,5000,5200.0,Maharashtra,Desi
2020-11-23,Cotton,15,Chandrapur,FAQ,Korpana,5825,5567,5708.0,Maharashtra,Other
2020-11-24,Cotton,15,Nagpur,FAQ,Kalmeshwar,5700,5400,5550.0,Maharashtra,Other
2020-11-24,Cotton,15,Chandrapur,FAQ,Bhadrawati,5825,4800,5313.0,Maharashtra,Other
2020-11-24,Cotton,15,Parbhani,FAQ,Purna,5725,5533,5697.0,Maharashtra,Other
2020-11-24,Cotton,15,Wardha,FAQ,Samudrapur,5825,5200,5650.0,Maharashtra,Other
2020-11-24,Cotton,15,Dhule,FAQ,Shirpur,5725,5496,5660.0,Maharashtra,Other
2020-11-24,Cotton,15,Nagpur,FAQ,Narkhed,5500,5000,5200.0,Maharashtra,Other
2020-11-24,Cotton,15,Chandrapur,FAQ,Chimur,5600,5500,5550.0,Maharashtra,Other
2020-11-24,Cotton,15,Hingoli,FAQ,Jawala-Bajar,5725,5700,5707.0,Maharashtra,Other
2020-11-24,Cotton,15,Wardha,FAQ,Pulgaon,5860,5300,5750.0,Maharashtra,Other
2020-11-24,Cotton,15,Wardha,FAQ,Arvi,5720,5600,5680.0,Maharashtra,H-4(A) 27mm FIne
2020-11-24,Cotton,15,Nagpur,FAQ,Mandhal,5625,5550,5598.0,Maharashtra,Other
2020-11-25,Cotton,15,Nagpur,FAQ,Umared,5625,5500,5600.0,Maharashtra,Desi
2020-11-25,Cotton,15,Chandrapur,FAQ,Bhadrawati,5825,5250,5538.0,Maharashtra,Other
2020-11-25,Cotton,15,Wardha,FAQ,Hinganghat,5825,5400,5670.0,Maharashtra,Other
2020-11-25,Cotton,15,Hingoli,FAQ,Jawala-Bajar,5725,5700,5704.0,Maharashtra,Other
2020-11-25,Cotton,15,Wardha,FAQ,Samudrapur,5825,5400,5650.0,Maharashtra,Other
2020-11-25,Cotton,15,Yavatmal,FAQ,Pandhakawada,5825,5592,5720.0,Maharashtra,Other
2020-11-25,Cotton,15,Yavatmal,FAQ,Vani,5825,5592,5708.0,Maharashtra,Desi
2020-11-25,Cotton,15,Chandrapur,FAQ,Chimur,5600,5500,5525.0,Maharashtra,Other
2020-11-25,Cotton,15,Beed,FAQ,Kille Dharur,5375,5301,5325.0,Maharashtra,Desi
2020-11-25,Cotton,15,Nagpur,FAQ,Narkhed,5700,5200,5400.0,Maharashtra,Other
2020-11-25,Cotton,15,Nagpur,FAQ,Hingna,5650,5460,5650.0,Maharashtra,Desi
2020-11-25,Cotton,15,Chandrapur,FAQ,Varora,5635,5200,5418.0,Maharashtra,Desi
2020-11-25,Cotton,15,Wardha,FAQ,Arvi,5620,5560,5600.0,Maharashtra,H-4(A) 27mm FIne
2020-11-26,Cotton,15,Chandrapur,FAQ,Varora,5655,5325,5490.0,Maharashtra,Desi
2020-11-26,Cotton,15,Nagpur,FAQ,Kalmeshwar,5700,5400,5550.0,Maharashtra,Other
2020-11-26,Cotton,15,Wardha,FAQ,Samudrapur,5825,5400,5600.0,Maharashtra,Other
2020-11-26,Cotton,15,Wardha,FAQ,Arvi,5620,5450,5500.0,Maharashtra,H-4(A) 27mm FIne
2020-11-26,Cotton,15,Wardha,FAQ,Pulgaon,5825,5400,5680.0,Maharashtra,Other
2020-11-26,Cotton,15,Nagpur,FAQ,Bhiwapur,5625,5455,5550.0,Maharashtra,Varalaxmi
2020-11-26,Cotton,15,Nagpur,FAQ,Narkhed,5600,5200,5400.0,Maharashtra,Other
2020-11-26,Cotton,15,Hingoli,FAQ,Jawala-Bajar,5725,5600,5700.0,Maharashtra,Other
2020-11-26,Cotton,15,Jalana,FAQ,Partur,5725,5675,5700.0,Maharashtra,Other
2020-11-26,Cotton,15,Chandrapur,FAQ,Korpana,5825,5575,5766.0,Maharashtra,Desi
2020-11-26,Cotton,15,Parbhani,FAQ,Purna,5725,5610,5697.0,Maharashtra,Other
2020-11-26,Cotton,15,Chandrapur,FAQ,Chimur,5600,5500,5525.0,Maharashtra,Other
2020-11-27,Cotton,15,Akola,FAQ,Akola,5696,5558,5610.0,Maharashtra,Desi
2020-11-27,Cotton,15,Nagpur,FAQ,Hingna,5624,5400,5600.0,Maharashtra,Desi
2020-11-27,Cotton,15,Nagpur,FAQ,Umared,5605,5500,5550.0,Maharashtra,Desi
2020-11-27,Cotton,15,Wardha,FAQ,Arvi,5450,5250,5300.0,Maharashtra,H-4(A) 27mm FIne
2020-11-27,Cotton,15,Hingoli,FAQ,Basmat,5725,5525,5610.0,Maharashtra,Desi
2020-11-27,Cotton,15,Nagpur,FAQ,Mandhal,5675,5536,5603.0,Maharashtra,Other
2020-11-27,Cotton,15,Wardha,FAQ,Sindi(Selu),5825,5550,5620.0,Maharashtra,Other
2020-11-27,Cotton,15,Parbhani,FAQ,Sonpeth,5200,4900,5150.0,Maharashtra,Other
2020-11-28,Cotton,15,Chandrapur,FAQ,Varora,5561,5200,5381.0,Maharashtra,Desi
2020-11-28,Cotton,15,Chandrapur,FAQ,Bhadrawati,5825,4500,5163.0,Maharashtra,Other
2020-11-28,Cotton,15,Akola,FAQ,Akola,5725,5610,5713.0,Maharashtra,Desi
2020-11-28,Cotton,15,Nanded,FAQ,Kinwat,5725,5610,5667.0,Maharashtra,Other
2020-11-28,Cotton,15,Wardha,FAQ,Sindi(Selu),5825,5500,5670.0,Maharashtra,Other
2020-11-28,Cotton,15,Wardha,FAQ,Samudrapur,5825,5400,5650.0,Maharashtra,Other
2020-11-28,Cotton,15,Nagpur,FAQ,Kalmeshwar,5700,5400,5550.0,Maharashtra,Other
2020-11-28,Cotton,15,Wardha,FAQ,Hinganghat,5825,5455,5670.0,Maharashtra,Other
2020-11-28,Cotton,15,Wardha,FAQ,Pulgaon,5825,5400,5680.0,Maharashtra,Other
2020-11-29,Cotton,15,Chandrapur,FAQ,Varora,5555,5200,5378.0,Maharashtra,Desi
2020-11-30,Cotton,15,Wardha,FAQ,Arvi,5560,5450,5500.0,Maharashtra,H-4(A) 27mm FIne
2020-11-30,Cotton,15,Nagpur,FAQ,Narkhed,5800,5700,5750.0,Maharashtra,Other
2020-11-30,Cotton,15,Hingoli,FAQ,Basmat,5725,5525,5610.0,Maharashtra,Desi
2020-12-01,Cotton,15,Wardha,FAQ,Arvi,5500,5250,5400.0,Maharashtra,H-4(A) 27mm FIne
2020-12-01,Cotton,15,Chandrapur,FAQ,Bhadrawati,5775,5150,5463.0,Maharashtra,Other
2020-12-01,Cotton,15,Jalana,FAQ,Jalna(Badnapur),5725,5496,5643.0,Maharashtra,Other
2020-12-01,Cotton,15,Nagpur,FAQ,Hingna,5580,5580,5580.0,Maharashtra,Desi
2020-12-01,Cotton,15,Nagpur,FAQ,Mandhal,5570,5501,5523.0,Maharashtra,Other
2020-12-01,Cotton,15,Nagpur,FAQ,Savner,5725,5450,5500.0,Maharashtra,Other
2020-12-01,Cotton,15,Nagpur,FAQ,Narkhed,5800,5700,5750.0,Maharashtra,Other
2020-12-01,Cotton,15,Nagpur,FAQ,Kalmeshwar,5700,5400,5550.0,Maharashtra,Other
2020-12-01,Cotton,15,Wardha,FAQ,Sindi(Selu),5775,5600,5720.0,Maharashtra,Other
2020-12-01,Cotton,15,Wardha,FAQ,Hinganghat,5775,5350,5515.0,Maharashtra,Other
2020-12-01,Cotton,15,Dhule,FAQ,Shirpur,5725,5496,5667.0,Maharashtra,Other
2020-12-01,Cotton,15,Hingoli,FAQ,Basmat,5725,5525,5610.0,Maharashtra,Desi
2020-12-01,Cotton,15,Yavatmal,FAQ,ZariZamini,5775,5601,5700.0,Maharashtra,Other
2020-12-01,Cotton,15,Hingoli,FAQ,Jawala-Bajar,5725,5700,5710.0,Maharashtra,Other
2020-12-02,Cotton,15,Wardha,FAQ,Arvi,5520,5300,5400.0,Maharashtra,H-4(A) 27mm FIne
2020-12-02,Cotton,15,Nagpur,FAQ,Hingna,5400,5400,5400.0,Maharashtra,Desi
2020-12-02,Cotton,15,Chandrapur,FAQ,Korpana,5775,5530,5669.0,Maharashtra,Desi
2020-12-02,Cotton,15,Nagpur,FAQ,Umared,5500,5400,5450.0,Maharashtra,Desi
2020-12-02,Cotton,15,Yavatmal,FAQ,ZariZamini,5775,5544,5720.0,Maharashtra,Other
2020-12-02,Cotton,15,Jalana,FAQ,Jalna(Badnapur),5725,5496,5620.0,Maharashtra,Other
2020-12-02,Cotton,15,Wardha,FAQ,Pulgaon,5775,5200,5650.0,Maharashtra,Other
2020-12-02,Cotton,15,Akola,FAQ,Akola,5725,5644,5673.0,Maharashtra,Desi
2020-12-02,Cotton,15,Hingoli,FAQ,Jawala-Bajar,5725,5700,5710.0,Maharashtra,Other
2020-12-02,Cotton,15,Nagpur,FAQ,Narkhed,5800,5700,5750.0,Maharashtra,Other
2020-12-02,Cotton,15,Dhule,FAQ,Shirpur,5725,5496,5667.0,Maharashtra,Other
2020-12-02,Cotton,15,Hingoli,FAQ,Basmat,5725,5525,5630.0,Maharashtra,Desi
2020-12-03,Cotton,15,Yavatmal,FAQ,ZariZamini,5775,5600,5725.0,Maharashtra,Other
2020-12-03,Cotton,15,Nagpur,FAQ,Bhiwapur,5500,5320,5410.0,Maharashtra,Varalaxmi
2020-12-03,Cotton,15,Wardha,FAQ,Pulgaon,5775,5300,5600.0,Maharashtra,Other
2020-12-03,Cotton,15,Chandrapur,FAQ,Bhadrawati,5775,5000,5388.0,Maharashtra,Other
2020-12-03,Cotton,15,Wardha,FAQ,Hinganghat,5775,5350,5470.0,Maharashtra,Other
2020-12-03,Cotton,15,Nagpur,FAQ,Narkhed,5800,5700,5750.0,Maharashtra,Other
2020-12-03,Cotton,15,Wardha,FAQ,Sindi(Selu),5775,5150,5600.0,Maharashtra,Other
2020-12-03,Cotton,15,Jalana,FAQ,Jalna(Badnapur),5700,5496,5611.0,Maharashtra,Other
2020-12-03,Cotton,15,Wardha,FAQ,Samudrapur,5775,5400,5601.0,Maharashtra,Other
2020-12-03,Cotton,15,Beed,FAQ,Kille Dharur,5100,5100,5100.0,Maharashtra,Desi
2020-12-03,Cotton,15,Chandrapur,FAQ,Varora,5775,5275,5610.0,Maharashtra,Desi
2020-12-03,Cotton,15,Beed,FAQ,Gevrai,5725,1000,5200.0,Maharashtra,Other
2020-12-04,Cotton,15,Nagpur,FAQ,Narkhed,5800,5700,5750.0,Maharashtra,Other
2020-12-04,Cotton,15,Wardha,FAQ,Sindi(Selu),5775,5150,5554.0,Maharashtra,Other
2020-12-04,Cotton,15,Beed,FAQ,Vadvani,5725,5610,5667.0,Maharashtra,Other
2020-12-04,Cotton,15,Vashim,FAQ,Mangrulpeer,5725,5650,5660.0,Maharashtra,Other
2020-12-04,Cotton,15,Dhule,FAQ,Shirpur,5725,5496,5667.0,Maharashtra,Other
2020-12-04,Cotton,15,Chandrapur,FAQ,Bhadrawati,5775,4850,5313.0,Maharashtra,Other
2020-12-04,Cotton,15,Hingoli,FAQ,Jawala-Bajar,5725,5600,5660.0,Maharashtra,Other
2020-12-04,Cotton,15,Yavatmal,FAQ,Vani,5775,5591,5706.0,Maharashtra,Desi
2020-12-04,Cotton,15,Yavatmal,FAQ,ZariZamini,5827,5500,5510.0,Maharashtra,Other
2020-12-04,Cotton,15,Nagpur,FAQ,Umared,5475,5300,5450.0,Maharashtra,Desi
2020-12-04,Cotton,15,Wardha,FAQ,Pulgaon,5775,4825,5625.0,Maharashtra,Other
2020-12-04,Cotton,15,Hingoli,FAQ,Basmat,5840,5525,5675.0,Maharashtra,Desi
2020-12-04,Cotton,15,Hingoli,FAQ,Akhadabalapur,5300,5100,5200.0,Maharashtra,Desi
2020-12-04,Cotton,15,Wardha,FAQ,Hinganghat,5775,5300,5545.0,Maharashtra,Other
2020-12-04,Cotton,15,Yavatmal,FAQ,Ralegaon,5775,5515,5600.0,Maharashtra,Other
2020-12-05,Cotton,15,Wardha,FAQ,Hinganghat,5655,5300,5465.0,Maharashtra,Other
2020-12-05,Cotton,15,Nagpur,FAQ,Narkhed,5800,5700,5750.0,Maharashtra,Other
2020-12-05,Cotton,15,Nagpur,FAQ,Umared,5450,5350,5400.0,Maharashtra,Desi
2020-12-05,Cotton,15,Wardha,FAQ,Pulgaon,5775,5300,5625.0,Maharashtra,Other
2020-12-05,Cotton,15,Yavatmal,FAQ,Pandhakawada,5715,5575,5700.0,Maharashtra,Other
2020-12-05,Cotton,15,Wardha,FAQ,Arvi,5400,5250,5300.0,Maharashtra,H-4(A) 27mm FIne
2020-12-05,Cotton,15,Parbhani,FAQ,Sonpeth,5100,4900,5020.0,Maharashtra,Other
2020-12-05,Cotton,15,Wardha,FAQ,Samudrapur,5775,5300,5544.0,Maharashtra,Other
2020-12-05,Cotton,15,Nanded,FAQ,Kinwat,5725,5610,5667.0,Maharashtra,Other
2020-12-06,Cotton,15,Jalgaon,FAQ,Yawal,4970,4350,4680.0,Maharashtra,Other
2020-12-06,Cotton,15,Parbhani,FAQ,Sonpeth,5150,4900,5030.0,Maharashtra,Other
2020-12-07,Cotton,15,Wardha,FAQ,Hinganghat,5775,5200,5450.0,Maharashtra,Other
2020-12-07,Cotton,15,Chandrapur,FAQ,Varora,5775,5250,5667.0,Maharashtra,Desi
2020-12-07,Cotton,15,Wardha,FAQ,Sindi,5775,5600,5750.0,Maharashtra,Other
2020-12-07,Cotton,15,Nagpur,FAQ,Hingna,5400,5400,5400.0,Maharashtra,Desi
2020-12-07,Cotton,15,Jalgaon,FAQ,Yawal,4990,4390,4670.0,Maharashtra,Other
2020-12-07,Cotton,15,Buldhana,FAQ,Khamgaon,5775,5659,5717.0,Maharashtra,Other
2020-12-07,Cotton,15,Wardha,FAQ,Pulgaon,5775,5300,5625.0,Maharashtra,Other
2020-12-07,Cotton,15,Wardha,FAQ,Arvi,5400,5200,5300.0,Maharashtra,H-4(A) 27mm FIne
2020-12-07,Cotton,15,Yavatmal,FAQ,Ralegaon,5775,5515,5600.0,Maharashtra,Other
2020-12-07,Cotton,15,Dhule,FAQ,Shirpur,5725,5496,5667.0,Maharashtra,Other
2020-12-08,Cotton,15,Hingoli,FAQ,Jawala-Bajar,5725,5600,5700.0,Maharashtra,Other
2020-12-09,Cotton,15,Wardha,FAQ,Hinganghat,5775,5200,5520.0,Maharashtra,Other
2020-12-09,Cotton,15,Wardha,FAQ,Pulgaon,5775,5250,5650.0,Maharashtra,Other
2020-12-09,Cotton,15,Wardha,FAQ,Sindi,5775,5500,5600.0,Maharashtra,Other
2020-12-09,Cotton,15,Dhule,FAQ,Shirpur,5725,5496,5667.0,Maharashtra,Other
2020-12-09,Cotton,15,Nagpur,FAQ,Kalmeshwar,5500,5300,5400.0,Maharashtra,Other
2020-12-09,Cotton,15,Wardha,FAQ,Arvi,5320,5200,5300.0,Maharashtra,H-4(A) 27mm FIne
2020-12-09,Cotton,15,Wardha,FAQ,Wardha,5775,5400,5700.0,Maharashtra,Other
2020-12-09,Cotton,15,Beed,FAQ,Vadvani,5725,5610,5667.0,Maharashtra,Other
2020-12-09,Cotton,15,Nagpur,FAQ,Narkhed,5800,5700,5750.0,Maharashtra,Other
2020-12-10,Cotton,15,Nanded,FAQ,Kinwat,5725,5610,5667.0,Maharashtra,Other
2020-12-10,Cotton,15,Wardha,FAQ,Arvi,5300,5100,5200.0,Maharashtra,H-4(A) 27mm FIne
2020-12-10,Cotton,15,Yavatmal,FAQ,ZariZamini,5775,5544,5720.0,Maharashtra,Other
2020-12-10,Cotton,15,Chandrapur,FAQ,Varora,5725,5225,5667.0,Maharashtra,Desi
2020-12-10,Cotton,15,Dhule,FAQ,Shirpur,5725,5496,5667.0,Maharashtra,Other
2020-12-10,Cotton,15,Yavatmal,FAQ,Vani,5825,5555,5703.0,Maharashtra,Desi
2020-12-10,Cotton,15,Beed,FAQ,Kille Dharur,5650,5400,5500.0,Maharashtra,Desi
2020-12-10,Cotton,15,Akola,FAQ,Akola,5725,5650,5707.0,Maharashtra,Desi
2020-12-10,Cotton,15,Jalana,FAQ,Jalna(Badnapur),5725,5471,5628.0,Maharashtra,Other
2020-12-10,Cotton,15,Wardha,FAQ,Samudrapur,5775,5200,5544.0,Maharashtra,Other
2020-12-11,Cotton,15,Nagpur,FAQ,Hingna,5450,5450,5450.0,Maharashtra,Desi
2020-12-11,Cotton,15,Wardha,FAQ,Pulgaon,5775,5200,5620.0,Maharashtra,Other
2020-12-11,Cotton,15,Jalana,FAQ,Jalna(Badnapur),5725,5471,5628.0,Maharashtra,Other
2020-12-11,Cotton,15,Yavatmal,FAQ,Ralegaon,5775,5515,5600.0,Maharashtra,Other
2020-12-11,Cotton,15,Amarawati,FAQ,Dhamngaon-Railway,5775,5525,5600.0,Maharashtra,LRA
2020-12-11,Cotton,15,Jalgaon,FAQ,Yawal,4980,4380,4670.0,Maharashtra,Other
2020-12-11,Cotton,15,Buldhana,FAQ,Khamgaon,5775,5695,5735.0,Maharashtra,Other
2020-12-11,Cotton,15,Yavatmal,FAQ,Ghatanji,5775,5000,5550.0,Maharashtra,LRA
2020-12-11,Cotton,15,Dhule,FAQ,Shirpur,5725,5496,5667.0,Maharashtra,Other
2020-12-11,Cotton,15,Wardha,FAQ,Samudrapur,5775,5200,5544.0,Maharashtra,Other
2020-12-11,Cotton,15,Nagpur,FAQ,Umared,5510,5425,5500.0,Maharashtra,Desi
2020-12-11,Cotton,15,Yavatmal,FAQ,ZariZamini,5775,5544,5710.0,Maharashtra,Other
2020-12-12,Cotton,15,Parbhani,FAQ,Sonpeth,5100,4950,5050.0,Maharashtra,Other
2020-12-12,Cotton,15,Chandrapur,FAQ,Chimur,5550,5500,5525.0,Maharashtra,Other
2020-12-12,Cotton,15,Nagpur,FAQ,Kalmeshwar,5550,5300,5400.0,Maharashtra,Other
2020-12-12,Cotton,15,Wardha,FAQ,Pulgaon,5651,5100,5535.0,Maharashtra,Other
2020-12-12,Cotton,15,Yavatmal,FAQ,Ralegaon,5775,5515,5600.0,Maharashtra,Other
2020-12-12,Cotton,15,Wardha,FAQ,Sindi(Selu),5650,5350,5550.0,Maharashtra,Other
2020-12-12,Cotton,15,Wardha,FAQ,Samudrapur,5600,5300,5500.0,Maharashtra,Other
2020-12-12,Cotton,15,Chandrapur,FAQ,Bhadrawati,5300,4900,5100.0,Maharashtra,Other
2020-12-13,Cotton,15,Nagpur,FAQ,Kalmeshwar,5550,5300,5400.0,Maharashtra,Other
2020-12-13,Cotton,15,Parbhani,FAQ,Sonpeth,5100,4950,5050.0,Maharashtra,Other
2020-12-13,Cotton,15,Nagpur,FAQ,Narkhed,5450,5200,5300.0,Maharashtra,Other
2020-12-13,Cotton,15,Chandrapur,FAQ,Varora,5400,5000,5200.0,Maharashtra,Desi
2020-12-14,Cotton,15,Jalgaon,FAQ,Yawal,5020,4370,4710.0,Maharashtra,Other
2020-12-14,Cotton,15,Yavatmal,FAQ,Ralegaon,5775,5515,5600.0,Maharashtra,Other
2020-12-14,Cotton,15,Yavatmal,FAQ,ZariZamini,5725,5001,5710.0,Maharashtra,Other
2020-12-14,Cotton,15,Yavatmal,FAQ,Vani,5775,5555,5666.0,Maharashtra,Desi
2020-12-14,Cotton,15,Nagpur,FAQ,Kalmeshwar,5600,5400,5500.0,Maharashtra,Other
2020-12-14,Cotton,15,Nanded,FAQ,Kinwat,5725,667,5669.0,Maharashtra,Other
2020-12-14,Cotton,15,Chandrapur,FAQ,Varora,5725,5250,5610.0,Maharashtra,Desi
2020-12-14,Cotton,15,Wardha,FAQ,Pulgaon,5775,5200,5580.0,Maharashtra,Other
2020-12-14,Cotton,15,Wardha,FAQ,Hinganghat,5775,5200,5420.0,Maharashtra,Other
2020-12-15,Cotton,15,Yavatmal,FAQ,Vani,5775,5500,5666.0,Maharashtra,Desi
2020-12-15,Cotton,15,Chandrapur,FAQ,Varora,5725,5225,5496.0,Maharashtra,Desi
2020-12-15,Cotton,15,Wardha,FAQ,Pulgaon,5775,5250,5640.0,Maharashtra,Other
2020-12-15,Cotton,15,Wardha,FAQ,Hinganghat,5700,5200,5430.0,Maharashtra,Other
2020-12-15,Cotton,15,Jalgaon,FAQ,Yawal,5020,4350,4710.0,Maharashtra,Other
2020-12-15,Cotton,15,Beed,FAQ,Kille Dharur,5650,5500,5550.0,Maharashtra,Desi
2020-12-15,Cotton,15,Chandrapur,FAQ,Chimur,5525,5500,5520.0,Maharashtra,Other
2020-12-15,Cotton,15,Hingoli,FAQ,Jawala-Bajar,5725,5600,5700.0,Maharashtra,Other
2020-12-15,Cotton,15,Wardha,FAQ,Sindi(Selu),5775,5380,5676.0,Maharashtra,Other
2020-12-15,Cotton,15,Wardha,FAQ,Samudrapur,5775,5300,5544.0,Maharashtra,Other
2020-12-16,Cotton,15,Chandrapur,FAQ,Chimur,5525,5500,5510.0,Maharashtra,Other
2020-12-16,Cotton,15,Nagpur,FAQ,Hingna,5550,5550,5550.0,Maharashtra,Desi
2020-12-16,Cotton,15,Nagpur,FAQ,Kalmeshwar,5650,5400,5500.0,Maharashtra,Other
2020-12-16,Cotton,15,Yavatmal,FAQ,Vani,5775,5555,5717.0,Maharashtra,Desi
2020-12-16,Cotton,15,Wardha,FAQ,Sindi(Selu),5775,5460,5720.0,Maharashtra,Other
2020-12-16,Cotton,15,Dhule,FAQ,Shirpur,5700,5496,5667.0,Maharashtra,Other
2020-12-16,Cotton,15,Yavatmal,FAQ,Ghatanji,5775,5150,5500.0,Maharashtra,LRA
2020-12-16,Cotton,15,Nagpur,FAQ,Narkhed,5775,5500,5600.0,Maharashtra,Other
2020-12-17,Cotton,15,Nagpur,FAQ,Kalmeshwar,5650,5400,5500.0,Maharashtra,Other
2020-12-17,Cotton,15,Dhule,FAQ,Shirpur,5700,5496,5667.0,Maharashtra,Other
2020-12-17,Cotton,15,Chandrapur,FAQ,Korpana,5775,5544,5601.0,Maharashtra,Desi
2020-12-17,Cotton,15,Yavatmal,FAQ,Vani,5775,5555,5726.0,Maharashtra,Desi
2020-12-17,Cotton,15,Hingoli,FAQ,Jawala-Bajar,5725,5600,5700.0,Maharashtra,Other
2020-12-17,Cotton,15,Wardha,FAQ,Pulgaon,5775,5150,5615.0,Maharashtra,Other
2020-12-17,Cotton,15,Beed,FAQ,Kille Dharur,5725,5550,5650.0,Maharashtra,Desi
2020-12-17,Cotton,15,Chandrapur,FAQ,Chimur,5570,5500,5551.0,Maharashtra,Other
2020-12-17,Cotton,15,Yavatmal,FAQ,Ghatanji,5775,5150,5500.0,Maharashtra,LRA
2020-12-17,Cotton,15,Amarawati,FAQ,Varud,5610,5610,5610.0,Maharashtra,Other
2020-12-17,Cotton,15,Hingoli,FAQ,Akhadabalapur,5400,5200,5300.0,Maharashtra,Desi
2020-12-18,Cotton,15,Nagpur,FAQ,Umared,5610,5500,5550.0,Maharashtra,Desi
2020-12-18,Cotton,15,Wardha,FAQ,Sindi(Selu),5775,5500,5700.0,Maharashtra,Other
2020-12-18,Cotton,15,Nagpur,FAQ,Narkhed,5775,5500,5600.0,Maharashtra,Other
2020-12-18,Cotton,15,Dhule,FAQ,Shirpur,5725,5496,5667.0,Maharashtra,Other
2020-12-18,Cotton,15,Chandrapur,FAQ,Chimur,5570,5550,5551.0,Maharashtra,Other
2020-12-18,Cotton,15,Yavatmal,FAQ,Ghatanji,5775,5250,5500.0,Maharashtra,LRA
2020-12-18,Cotton,15,Chandrapur,FAQ,Varora,5725,5330,5553.0,Maharashtra,Desi
2020-12-18,Cotton,15,Parbhani,FAQ,Purna,5725,5610,5698.0,Maharashtra,Other
2020-12-18,Cotton,15,Wardha,FAQ,Samudrapur,5775,5300,5544.0,Maharashtra,Other
2020-12-18,Cotton,15,Wardha,FAQ,Pulgaon,5775,5300,5625.0,Maharashtra,Other
2020-12-18,Cotton,15,Jalana,FAQ,Jafrabad,5300,5100,5240.0,Maharashtra,Other
2020-12-19,Cotton,15,Wardha,FAQ,Hinganghat,5705,5200,5445.0,Maharashtra,Other
2020-12-19,Cotton,15,Chandrapur,FAQ,Varora,5765,5300,5610.0,Maharashtra,Desi
2020-12-19,Cotton,15,Nagpur,FAQ,Hingna,5750,5475,5750.0,Maharashtra,Desi
2020-12-19,Cotton,15,Jalana,FAQ,Jafrabad,5300,5100,5245.0,Maharashtra,Other
2020-12-20,Cotton,15,Nagpur,FAQ,Narkhed,5600,5500,5550.0,Maharashtra,Other
2020-12-20,Cotton,15,Nagpur,FAQ,Kalmeshwar,5700,5400,5550.0,Maharashtra,Other
2020-12-20,Cotton,15,Wardha,FAQ,Arvi,5550,5300,5400.0,Maharashtra,H-4(A) 27mm FIne
2020-12-20,Cotton,15,Chandrapur,FAQ,Varora,5600,5000,5300.0,Maharashtra,Desi
2020-12-21,Cotton,15,Nagpur,FAQ,Narkhed,5775,5600,5700.0,Maharashtra,Other
2020-12-21,Cotton,15,Jalana,FAQ,Jafrabad,5350,5150,5248.0,Maharashtra,Other
2020-12-21,Cotton,15,Parbhani,FAQ,Purna,5725,5610,5714.0,Maharashtra,Other
2020-12-21,Cotton,15,Nagpur,FAQ,Umared,5510,5400,5500.0,Maharashtra,Desi
2020-12-21,Cotton,15,Chandrapur,FAQ,Chimur,5570,5550,5551.0,Maharashtra,Other
2020-12-21,Cotton,15,Jalgaon,FAQ,Yawal,5020,4320,4720.0,Maharashtra,Other
2020-12-21,Cotton,15,Wardha,FAQ,Sindi,5721,5515,5611.0,Maharashtra,Other
2020-12-21,Cotton,15,Jalana,FAQ,Jalna(Badnapur),5725,5496,5646.0,Maharashtra,Other
2020-12-21,Cotton,15,Dhule,FAQ,Shirpur,5725,5496,5667.0,Maharashtra,Other
2020-12-21,Cotton,15,Parbhani,FAQ,Selu,5725,5667,5725.0,Maharashtra,Other
2020-12-21,Cotton,15,Yavatmal,FAQ,Ghatanji,5725,5250,5500.0,Maharashtra,LRA
2020-12-21,Cotton,15,Yavatmal,FAQ,Vani,5775,5555,5755.0,Maharashtra,Desi
2020-12-22,Cotton,15,Buldhana,FAQ,Khamgaon,5775,5100,5437.0,Maharashtra,Other
2020-12-22,Cotton,15,Yavatmal,FAQ,Pandhakawada,5725,5550,5650.0,Maharashtra,Other
2020-12-22,Cotton,15,Chandrapur,FAQ,Korpana,5775,5544,5640.0,Maharashtra,Desi
2020-12-22,Cotton,15,Chandrapur,FAQ,Chimur,5500,5425,5450.0,Maharashtra,Other
2020-12-22,Cotton,15,Amarawati,FAQ,Dhamngaon-Railway,5775,5544,5600.0,Maharashtra,LRA
2020-12-22,Cotton,15,Jalana,FAQ,Jafrabad,5350,5150,5250.0,Maharashtra,Other
2020-12-22,Cotton,15,Parbhani,FAQ,Sonpeth,5200,5050,5150.0,Maharashtra,Other
2020-12-22,Cotton,15,Hingoli,FAQ,Akhadabalapur,5300,5000,5150.0,Maharashtra,Desi
2020-12-22,Cotton,15,Wardha,FAQ,Arvi,5450,5300,5400.0,Maharashtra,H-4(A) 27mm FIne
2020-12-22,Cotton,15,Yavatmal,FAQ,Ghatanji,5725,5300,5500.0,Maharashtra,LRA
2020-12-22,Cotton,15,Nagpur,FAQ,Parshiwani,5725,5570,5680.0,Maharashtra,H-4(A) 27mm FIne
2020-12-22,Cotton,15,Yavatmal,FAQ,ZariZamini,5725,5496,5710.0,Maharashtra,Other
2020-12-22,Cotton,15,Nagpur,FAQ,Narkhed,5775,5500,5600.0,Maharashtra,Other
2020-12-22,Cotton,15,Wardha,FAQ,Hinganghat,5775,5050,5325.0,Maharashtra,Other
2020-12-23,Cotton,15,Jalgaon,FAQ,Yawal,4980,4300,4710.0,Maharashtra,Other
2020-12-23,Cotton,15,Akola,FAQ,Akola,5615,5485,5585.0,Maharashtra,Desi
2020-12-23,Cotton,15,Wardha,FAQ,Samudrapur,5775,5200,5544.0,Maharashtra,Other
2020-12-23,Cotton,15,Dhule,FAQ,Shirpur,5725,5496,5667.0,Maharashtra,Other
2020-12-23,Cotton,15,Wardha,FAQ,Sindi,5731,5515,5625.0,Maharashtra,Other
2020-12-23,Cotton,15,Beed,FAQ,Kille Dharur,5725,5600,5650.0,Maharashtra,Desi
2020-12-23,Cotton,15,Wardha,FAQ,Sindi(Selu),5775,5260,5525.0,Maharashtra,Other
2020-12-23,Cotton,15,Nagpur,FAQ,Narkhed,5725,5500,5600.0,Maharashtra,Other
2020-12-23,Cotton,15,Yavatmal,FAQ,Ghatanji,5725,5280,5500.0,Maharashtra,LRA
2020-12-23,Cotton,15,Hingoli,FAQ,Akhadabalapur,5200,5000,5100.0,Maharashtra,Desi
2020-12-23,Cotton,15,Wardha,FAQ,Pulgaon,5775,5300,5620.0,Maharashtra,Other
2020-12-24,Cotton,15,Wardha,FAQ,Sindi,5720,5515,5630.0,Maharashtra,Other
2020-12-24,Cotton,15,Amarawati,FAQ,Varud,5725,5725,5725.0,Maharashtra,Other
2020-12-24,Cotton,15,Chandrapur,FAQ,Chimur,5500,5425,5450.0,Maharashtra,Other
2020-12-24,Cotton,15,Parbhani,FAQ,Sonpeth,5725,5150,5610.0,Maharashtra,Other
2020-12-24,Cotton,15,Akola,FAQ,Akola,5615,5396,5596.0,Maharashtra,Desi
2020-12-24,Cotton,15,Wardha,FAQ,Arvi,5409,5300,5350.0,Maharashtra,H-4(A) 27mm FIne
2020-12-24,Cotton,15,Wardha,FAQ,Hinganghat,5775,5150,5415.0,Maharashtra,Other
2020-12-24,Cotton,15,Nagpur,FAQ,Narkhed,5750,5500,5600.0,Maharashtra,Other
2020-12-24,Cotton,15,Hingoli,FAQ,Akhadabalapur,5400,5200,5300.0,Maharashtra,Desi
2020-12-24,Cotton,15,Wardha,FAQ,Pulgaon,5775,5250,5610.0,Maharashtra,Other
2020-12-24,Cotton,15,Nagpur,FAQ,Parshiwani,5725,5600,5675.0,Maharashtra,H-4(A) 27mm FIne
2020-12-24,Cotton,15,Wardha,FAQ,Samudrapur,5440,5200,5300.0,Maharashtra,Other
2020-12-25,Cotton,15,Nagpur,FAQ,Narkhed,5775,5500,5600.0,Maharashtra,Other
2020-12-25,Cotton,15,Nagpur,FAQ,Parshiwani,5550,5475,5500.0,Maharashtra,H-4(A) 27mm FIne
2020-12-25,Cotton,15,Parbhani,FAQ,Sonpeth,5725,5100,5610.0,Maharashtra,Other
2020-12-25,Cotton,15,Buldhana,FAQ,Khamgaon,5350,5100,5225.0,Maharashtra,Other
2020-12-26,Cotton,15,Wardha,FAQ,Hinganghat,5775,5150,5325.0,Maharashtra,Other
2020-12-26,Cotton,15,Nagpur,FAQ,Parshiwani,5515,5500,5507.0,Maharashtra,H-4(A) 27mm FIne
2020-12-26,Cotton,15,Hingoli,FAQ,Akhadabalapur,5200,4800,5000.0,Maharashtra,Desi
2020-12-26,Cotton,15,Nagpur,FAQ,Hingna,5500,5500,5500.0,Maharashtra,Desi
2020-12-26,Cotton,15,Amarawati,FAQ,Amarawati,5425,4900,5163.0,Maharashtra,Other
2020-12-27,Cotton,15,Parbhani,FAQ,Sonpeth,5200,4900,5150.0,Maharashtra,Other
2020-12-27,Cotton,15,Nagpur,FAQ,Narkhed,5500,5400,5450.0,Maharashtra,Other
2020-12-28,Cotton,15,Chandrapur,FAQ,Bhadrawati,5775,5200,5488.0,Maharashtra,Other
2020-12-28,Cotton,15,Chandrapur,FAQ,Chimur,5500,5425,5450.0,Maharashtra,Other
2020-12-28,Cotton,15,Nagpur,FAQ,Parshiwani,5725,5485,5700.0,Maharashtra,H-4(A) 27mm FIne
2020-12-28,Cotton,15,Hingoli,FAQ,Akhadabalapur,5200,5000,5100.0,Maharashtra,Desi
2020-12-28,Cotton,15,Yavatmal,FAQ,Vani,5775,5555,5732.0,Maharashtra,Desi
2020-12-28,Cotton,15,Parbhani,FAQ,Purna,5725,5610,5711.0,Maharashtra,Other
2020-12-28,Cotton,15,Wardha,FAQ,Sindi,5775,5515,5620.0,Maharashtra,Other
2020-12-28,Cotton,15,Hingoli,FAQ,Jawala-Bajar,5725,5600,5700.0,Maharashtra,Other
2020-12-28,Cotton,15,Wardha,FAQ,Pulgaon,5775,5150,5631.0,Maharashtra,Other
2020-12-28,Cotton,15,Nagpur,FAQ,Narkhed,5775,5500,5600.0,Maharashtra,Other
2020-12-28,Cotton,15,Wardha,FAQ,Wardha,5775,5000,5500.0,Maharashtra,Other
2020-12-29,Cotton,15,Akola,FAQ,Balapur,5615,5615,5615.0,Maharashtra,Other
2020-12-29,Cotton,15,Nagpur,FAQ,Umared,5455,5200,5400.0,Maharashtra,Desi
2020-12-29,Cotton,15,Dhule,FAQ,Shirpur,5725,5496,5667.0,Maharashtra,Other
2020-12-29,Cotton,15,Akola,FAQ,Akola,5725,5396,5615.0,Maharashtra,Desi
2020-12-29,Cotton,15,Parbhani,FAQ,Sonpeth,5725,5150,5667.0,Maharashtra,Other
2020-12-29,Cotton,15,Chandrapur,FAQ,Bhadrawati,5775,4900,5338.0,Maharashtra,Other
2020-12-29,Cotton,15,Hingoli,FAQ,Akhadabalapur,5300,5000,5150.0,Maharashtra,Desi
2020-12-29,Cotton,15,Nanded,FAQ,Kinwat,5615,5505,5585.0,Maharashtra,Other
2020-12-29,Cotton,15,Nagpur,FAQ,Kalmeshwar,5600,5300,5450.0,Maharashtra,Other
2020-12-29,Cotton,15,Chandrapur,FAQ,Varora,5725,5200,5496.0,Maharashtra,Desi
2020-12-29,Cotton,15,Nagpur,FAQ,Parshiwani,5725,5500,5700.0,Maharashtra,H-4(A) 27mm FIne
2020-12-29,Cotton,15,Chandrapur,FAQ,Chimur,5500,5400,5450.0,Maharashtra,Other
2020-12-29,Cotton,15,Wardha,FAQ,Pulgaon,5775,5250,5615.0,Maharashtra,Other
2020-12-30,Cotton,15,Wardha,FAQ,Sindi(Selu),5775,5350,5580.0,Maharashtra,Other
2020-12-30,Cotton,15,Yavatmal,FAQ,Ghatanji,5725,5400,5500.0,Maharashtra,LRA
2020-12-30,Cotton,15,Nagpur,FAQ,Bhiwapur,5500,5150,5325.0,Maharashtra,Varalaxmi
2020-12-30,Cotton,15,Nagpur,FAQ,Narkhed,5775,5500,5600.0,Maharashtra,Other
2020-12-30,Cotton,15,Hingoli,FAQ,Akhadabalapur,5300,5000,5150.0,Maharashtra,Desi
2020-12-30,Cotton,15,Amarawati,FAQ,Varud,5725,5725,5725.0,Maharashtra,Other
2020-12-30,Cotton,15,Wardha,FAQ,Samudrapur,5775,5200,5544.0,Maharashtra,Other
2020-12-30,Cotton,15,Buldhana,FAQ,Khamgaon,5775,5696,5735.0,Maharashtra,Other
2020-12-30,Cotton,15,Parbhani,FAQ,Selu,5725,5553,5700.0,Maharashtra,Other
2020-12-30,Cotton,15,Yavatmal,FAQ,Vani,5775,5555,5717.0,Maharashtra,Desi
2020-12-30,Cotton,15,Wardha,FAQ,Pulgaon,5775,5250,5625.0,Maharashtra,Other
2020-12-31,Cotton,15,Yavatmal,FAQ,ZariZamini,5725,4496,5700.0,Maharashtra,Other
2020-12-31,Cotton,15,Wardha,FAQ,Wardha,5775,5100,5500.0,Maharashtra,Other
2020-12-31,Cotton,15,Nagpur,FAQ,Narkhed,5775,5500,5600.0,Maharashtra,Other
2020-12-31,Cotton,15,Nagpur,FAQ,Kalmeshwar,5600,5300,5450.0,Maharashtra,Other
2020-12-31,Cotton,15,Parbhani,FAQ,Selu,5725,5667,5700.0,Maharashtra,Other
2020-12-31,Cotton,15,Nagpur,FAQ,Bhiwapur,5535,5285,5410.0,Maharashtra,Varalaxmi
2020-12-31,Cotton,15,Wardha,FAQ,Sindi,5775,5515,5648.0,Maharashtra,Other
2020-12-31,Cotton,15,Hingoli,FAQ,Akhadabalapur,5300,5000,5150.0,Maharashtra,Desi
2020-12-31,Cotton,15,Wardha,FAQ,Sindi(Selu),5775,5400,5595.0,Maharashtra,Other
2020-12-31,Cotton,15,Dhule,FAQ,Shirpur,5725,5496,5667.0,Maharashtra,Other
2021-01-01,Cotton,15,Amarawati,FAQ,Amarawati,5500,5000,5250.0,Maharashtra,Other
2021-01-01,Cotton,15,Nagpur,FAQ,Mandhal,5600,5378,5447.0,Maharashtra,Other
2021-01-01,Cotton,15,Nagpur,FAQ,Umared,5465,5300,5400.0,Maharashtra,Desi
2021-01-01,Cotton,15,Wardha,FAQ,Wardha,5775,5000,5500.0,Maharashtra,Other
2021-01-01,Cotton,15,Yavatmal,FAQ,Ghatanji,5725,5400,5500.0,Maharashtra,LRA
2021-01-01,Cotton,15,Nagpur,FAQ,Parshiwani,5725,5541,5675.0,Maharashtra,H-4(A) 27mm FIne
2021-01-01,Cotton,15,Chandrapur,FAQ,Korpana,5725,5544,5601.0,Maharashtra,Desi
2021-01-01,Cotton,15,Amarawati,FAQ,Dhamngaon-Railway,5775,5544,5600.0,Maharashtra,LRA
2021-01-01,Cotton,15,Hingoli,FAQ,Akhadabalapur,5200,5000,5100.0,Maharashtra,Desi
2021-01-01,Cotton,15,Parbhani,FAQ,Selu,5725,5667,5700.0,Maharashtra,Other
2021-01-02,Cotton,15,Wardha,FAQ,Hinganghat,5755,5150,5420.0,Maharashtra,Other
2021-01-02,Cotton,15,Parbhani,FAQ,Sonpeth,5200,4950,5150.0,Maharashtra,Other
2021-01-02,Cotton,15,Buldhana,FAQ,Khamgaon,5775,5000,5387.0,Maharashtra,Other
2021-01-02,Cotton,15,Wardha,FAQ,Arvi,5500,5400,5450.0,Maharashtra,H-4(A) 27mm FIne
2021-01-03,Cotton,15,Wardha,FAQ,Arvi,5530,5450,5500.0,Maharashtra,H-4(A) 27mm FIne
2021-01-03,Cotton,15,Chandrapur,FAQ,Chimur,5625,5550,5575.0,Maharashtra,Other
2021-01-04,Cotton,15,Hingoli,FAQ,Jawala-Bajar,5725,5700,5700.0,Maharashtra,Other
2021-01-04,Cotton,15,Nagpur,FAQ,Umared,5560,5400,5500.0,Maharashtra,Desi
2021-01-04,Cotton,15,Yavatmal,FAQ,Ralegaon,5775,5515,5650.0,Maharashtra,Other
2021-01-04,Cotton,15,Chandrapur,FAQ,Bhadrawati,5475,4850,5163.0,Maharashtra,Other
2021-01-04,Cotton,15,Chandrapur,FAQ,Varora,5725,5080,5553.0,Maharashtra,Desi
2021-01-04,Cotton,15,Amarawati,FAQ,Varud,5725,5725,5725.0,Maharashtra,Other
2021-01-04,Cotton,15,Nagpur,FAQ,Parshiwani,5725,5500,5723.0,Maharashtra,H-4(A) 27mm FIne
2021-01-04,Cotton,15,Buldhana,FAQ,Khamgaon,5400,5000,5200.0,Maharashtra,Other
2021-01-05,Cotton,15,Amarawati,FAQ,Amarawati,5725,5000,5362.0,Maharashtra,Other
2021-01-05,Cotton,15,Chandrapur,FAQ,Varora,5725,5200,5496.0,Maharashtra,Desi
2021-01-05,Cotton,15,Akola,FAQ,Akola,5615,5390,5548.0,Maharashtra,Desi
2021-01-05,Cotton,15,Parbhani,FAQ,Selu,5725,5667,5700.0,Maharashtra,Other
2021-01-05,Cotton,15,Wardha,FAQ,Sindi,5725,5515,5610.0,Maharashtra,Other
2021-01-05,Cotton,15,Nagpur,FAQ,Parshiwani,5725,5565,5671.0,Maharashtra,H-4(A) 27mm FIne
2021-01-05,Cotton,15,Parbhani,FAQ,Sonpeth,5725,5150,5667.0,Maharashtra,Other
2021-01-05,Cotton,15,Chandrapur,FAQ,Korpana,5725,5496,5544.0,Maharashtra,Desi
2021-01-05,Cotton,15,Wardha,FAQ,Samudrapur,5725,5300,5496.0,Maharashtra,Other
2021-01-05,Cotton,15,Chandrapur,FAQ,Bhadrawati,5525,4650,5088.0,Maharashtra,Other
2021-01-05,Cotton,15,Beed,FAQ,Vadvani,5725,5610,5667.0,Maharashtra,Other
2021-01-05,Cotton,15,Wardha,FAQ,Arvi,5620,5400,5500.0,Maharashtra,H-4(A) 27mm FIne
2021-01-06,Cotton,15,Hingoli,FAQ,Jawala-Bajar,5725,5600,5700.0,Maharashtra,Other
2021-01-06,Cotton,15,Akola,FAQ,Akola,5615,5390,5502.0,Maharashtra,Desi
2021-01-08,Cotton,15,Yavatmal,FAQ,Vani,5725,5725,5725.0,Maharashtra,Desi
2021-01-08,Cotton,15,Nagpur,FAQ,Narkhed,5725,5650,5700.0,Maharashtra,Other
2021-01-08,Cotton,15,Hingoli,FAQ,Jawala-Bajar,5725,5600,5700.0,Maharashtra,Other
2021-01-09,Cotton,15,Nagpur,FAQ,Parshiwani,5700,5650,5675.0,Maharashtra,H-4(A) 27mm FIne
2021-01-10,Cotton,15,Chandrapur,FAQ,Bhadrawati,5600,4850,5225.0,Maharashtra,Other
2021-01-12,Cotton,15,Parbhani,FAQ,Sonpeth,5440,5200,5350.0,Maharashtra,Other
2021-01-12,Cotton,15,Nagpur,FAQ,Narkhed,5775,5500,5600.0,Maharashtra,Other
2021-01-13,Cotton,15,Hingoli,FAQ,Akhadabalapur,5500,5300,5400.0,Maharashtra,Desi
2021-01-13,Cotton,15,Vashim,FAQ,Mangrulpeer,5615,5300,5550.0,Maharashtra,Other
2021-01-13,Cotton,15,Chandrapur,FAQ,Varora,5725,5000,5363.0,Maharashtra,Desi
2021-01-13,Cotton,15,Wardha,FAQ,Sindi,5725,5515,5650.0,Maharashtra,Other
2021-01-13,Cotton,15,Buldhana,FAQ,Khamgaon,5700,5400,5550.0,Maharashtra,Other
2021-01-14,Cotton,15,Chandrapur,FAQ,Chimur,5850,5800,5825.0,Maharashtra,Other
2021-01-14,Cotton,15,Chandrapur,FAQ,Bhadrawati,5725,5400,5563.0,Maharashtra,Other
2021-01-14,Cotton,15,Nagpur,FAQ,Parshiwani,5725,5650,5700.0,Maharashtra,H-4(A) 27mm FIne
2021-01-14,Cotton,15,Parbhani,FAQ,Sonpeth,5725,5200,5667.0,Maharashtra,Other
2021-01-14,Cotton,15,Wardha,FAQ,Arvi,5750,5450,5600.0,Maharashtra,H-4(A) 27mm FIne
2021-01-15,Cotton,15,Nagpur,FAQ,Kalmeshwar,5800,5500,5650.0,Maharashtra,Other
2021-01-15,Cotton,15,Wardha,FAQ,Hinganghat,5940,5400,5615.0,Maharashtra,Other
2021-01-15,Cotton,15,Chandrapur,FAQ,Bhadrawati,5725,5050,5388.0,Maharashtra,Other
2021-01-15,Cotton,15,Jalgaon,FAQ,Yawal,4970,4350,4650.0,Maharashtra,Other
2021-01-15,Cotton,15,Nagpur,FAQ,Hingna,5700,5475,5600.0,Maharashtra,Desi
2021-01-15,Cotton,15,Nagpur,FAQ,Umared,5700,5600,5650.0,Maharashtra,Desi
2021-01-15,Cotton,15,Wardha,FAQ,Arvi,5750,5500,5650.0,Maharashtra,H-4(A) 27mm FIne
2021-01-15,Cotton,15,Yavatmal,FAQ,Ralegaon,5775,5515,5520.0,Maharashtra,Other
2021-01-15,Cotton,15,Wardha,FAQ,Sindi,5725,5515,5680.0,Maharashtra,Other
2021-01-16,Cotton,15,Wardha,FAQ,Samudrapur,5800,5300,5600.0,Maharashtra,Other
2021-01-16,Cotton,15,Hingoli,FAQ,Akhadabalapur,5700,5400,5550.0,Maharashtra,Desi
2021-01-16,Cotton,15,Buldhana,FAQ,Khamgaon,5550,5000,5275.0,Maharashtra,Other
2021-01-16,Cotton,15,Wardha,FAQ,Arvi,5650,5450,5500.0,Maharashtra,H-4(A) 27mm FIne
2021-01-16,Cotton,15,Nagpur,FAQ,Umared,5670,5500,5600.0,Maharashtra,Desi
2021-01-16,Cotton,15,Buldhana,FAQ,Deoulgaon Raja,5700,5200,5400.0,Maharashtra,Desi
2021-01-16,Cotton,15,Yavatmal,FAQ,Ralegaon,5700,5515,5600.0,Maharashtra,Other
2021-01-17,Cotton,15,Wardha,FAQ,Arvi,5700,5400,5600.0,Maharashtra,H-4(A) 27mm FIne
2021-01-17,Cotton,15,Chandrapur,FAQ,Bhadrawati,5625,4900,5263.0,Maharashtra,Other
2021-01-17,Cotton,15,Nagpur,FAQ,Kalmeshwar,5800,5500,5650.0,Maharashtra,Other
2021-01-17,Cotton,15,Parbhani,FAQ,Sonpeth,5450,5200,5350.0,Maharashtra,Other
2021-01-17,Cotton,15,Nagpur,FAQ,Narkhed,5725,5500,5600.0,Maharashtra,Other
2021-01-18,Cotton,15,Yavatmal,FAQ,Vani,5725,5555,5695.0,Maharashtra,Desi
2021-01-18,Cotton,15,Akola,FAQ,Balapur,5615,5615,5615.0,Maharashtra,Other
2021-01-18,Cotton,15,Wardha,FAQ,Sindi(Selu),6000,5400,5725.0,Maharashtra,Other
2021-01-18,Cotton,15,Amarawati,FAQ,Anajngaon,5725,5400,5550.0,Maharashtra,Other
2021-01-18,Cotton,15,Yavatmal,FAQ,ZariZamini,5615,5390,5498.0,Maharashtra,Other
2021-01-18,Cotton,15,Chandrapur,FAQ,Varora,5700,5000,5350.0,Maharashtra,Desi
2021-01-18,Cotton,15,Parbhani,FAQ,Purna,5725,5610,5704.0,Maharashtra,Other
2021-01-18,Cotton,15,Buldhana,FAQ,Deoulgaon Raja,5750,5400,5625.0,Maharashtra,Desi
2021-01-18,Cotton,15,Parbhani,FAQ,Selu,5725,5667,5700.0,Maharashtra,Other
2021-01-18,Cotton,15,Parbhani,FAQ,Sonpeth,5615,5250,5600.0,Maharashtra,Other
2021-01-18,Cotton,15,Chandrapur,FAQ,Bhadrawati,5725,5100,5413.0,Maharashtra,Other
2021-01-18,Cotton,15,Beed,FAQ,Vadvani,5725,5460,5667.0,Maharashtra,Other
2021-01-19,Cotton,15,Amarawati,FAQ,Dhamngaon-Railway,5725,5400,5550.0,Maharashtra,LRA
2021-01-19,Cotton,15,Nagpur,FAQ,Umared,5765,5600,5720.0,Maharashtra,Desi
2021-01-19,Cotton,15,Parbhani,FAQ,Sonpeth,5615,5250,5600.0,Maharashtra,Other
2021-01-19,Cotton,15,Buldhana,FAQ,Khamgaon,5725,5725,5725.0,Maharashtra,Other
2021-01-19,Cotton,15,Beed,FAQ,Vadvani,5725,5450,5667.0,Maharashtra,Other
2021-01-19,Cotton,15,Chandrapur,FAQ,Korpana,5753,5496,5610.0,Maharashtra,Desi
2021-01-19,Cotton,15,Parbhani,FAQ,Selu,5725,5667,5700.0,Maharashtra,Other
2021-01-19,Cotton,15,Nagpur,FAQ,Hingna,5650,5650,5650.0,Maharashtra,Desi
2021-01-19,Cotton,15,Nagpur,FAQ,Mandhal,5740,5442,5560.0,Maharashtra,Other
2021-01-19,Cotton,15,Wardha,FAQ,Sindi(Selu),6000,5750,5890.0,Maharashtra,Other
2021-01-19,Cotton,15,Nanded,FAQ,Kinwat,5615,5558,5609.0,Maharashtra,Other
2021-01-19,Cotton,15,Chandrapur,FAQ,Chimur,5775,5700,5750.0,Maharashtra,Other
2021-01-19,Cotton,15,Chandrapur,FAQ,Varora,5725,5000,5363.0,Maharashtra,Desi
2021-01-19,Cotton,15,Amarawati,FAQ,Anajngaon,5725,5400,5500.0,Maharashtra,Other
2021-01-19,Cotton,15,Wardha,FAQ,Arvi,5800,5400,5700.0,Maharashtra,H-4(A) 27mm FIne
2021-01-19,Cotton,15,Buldhana,FAQ,Deoulgaon Raja,5750,5200,5600.0,Maharashtra,Desi
2021-01-19,Cotton,15,Jalana,FAQ,Jalna(Badnapur),5615,5550,5575.0,Maharashtra,Other
2021-01-20,Cotton,15,Yavatmal,FAQ,ZariZamini,5615,5390,5508.0,Maharashtra,Other
2021-01-20,Cotton,15,Jalana,FAQ,Ghansawangi,5500,5100,5400.0,Maharashtra,Other
2021-01-20,Cotton,15,Amarawati,FAQ,Amarawati,5725,4800,5263.0,Maharashtra,Other
2021-01-20,Cotton,15,Vashim,FAQ,Mangrulpeer,5615,5300,5575.0,Maharashtra,Other
2021-01-20,Cotton,15,Chandrapur,FAQ,Varora,5721,5000,5361.0,Maharashtra,Desi
2021-01-20,Cotton,15,Buldhana,FAQ,Khamgaon,5725,5000,5362.0,Maharashtra,Other
2021-01-20,Cotton,15,Yavatmal,FAQ,Vani,5725,5610,5710.0,Maharashtra,Desi
2021-01-20,Cotton,15,Jalana,FAQ,Jalna(Badnapur),5615,5550,5580.0,Maharashtra,Other
2021-01-20,Cotton,15,Wardha,FAQ,Pulgaon,5825,5300,5680.0,Maharashtra,Other
2021-01-20,Cotton,15,Parbhani,FAQ,Selu,5725,5667,5700.0,Maharashtra,Other
2021-01-20,Cotton,15,Chandrapur,FAQ,Chimur,5775,5725,5750.0,Maharashtra,Other
2021-01-20,Cotton,15,Buldhana,FAQ,Deoulgaon Raja,5740,5100,5575.0,Maharashtra,Desi
2021-01-20,Cotton,15,Nagpur,FAQ,Narkhed,5650,5500,5600.0,Maharashtra,Other
2021-01-21,Cotton,15,Wardha,FAQ,Samudrapur,5840,5200,5600.0,Maharashtra,Other
2021-01-21,Cotton,15,Jalgaon,FAQ,Yawal,4950,4350,4630.0,Maharashtra,Other
2021-01-21,Cotton,15,Wardha,FAQ,Arvi,5800,5400,5600.0,Maharashtra,H-4(A) 27mm FIne
2021-01-21,Cotton,15,Nagpur,FAQ,Kalmeshwar,5800,5500,5650.0,Maharashtra,Other
2021-01-21,Cotton,15,Yavatmal,FAQ,Vani,5725,5667,5708.0,Maharashtra,Desi
2021-01-21,Cotton,15,Amarawati,FAQ,Anajngaon,5725,5400,5500.0,Maharashtra,Other
2021-01-21,Cotton,15,Yavatmal,FAQ,Ralegaon,5750,5515,5700.0,Maharashtra,Other
2021-01-21,Cotton,15,Nagpur,FAQ,Parshiwani,5750,5650,5700.0,Maharashtra,H-4(A) 27mm FIne
2021-01-21,Cotton,15,Hingoli,FAQ,Basmat,5615,5400,5585.0,Maharashtra,Desi
2021-01-21,Cotton,15,Vashim,FAQ,Mangrulpeer,5615,5300,5550.0,Maharashtra,Other
2021-01-22,Cotton,15,Nagpur,FAQ,Kalmeshwar,5850,5500,5650.0,Maharashtra,Other
2021-01-22,Cotton,15,Wardha,FAQ,Hinganghat,6000,5150,5580.0,Maharashtra,Other
2021-01-22,Cotton,15,Akola,FAQ,Akola,5440,5440,5440.0,Maharashtra,Desi
2021-01-22,Cotton,15,Beed,FAQ,Kille Dharur,5615,5600,5615.0,Maharashtra,Desi
2021-01-22,Cotton,15,Hingoli,FAQ,Akhadabalapur,5600,5400,5500.0,Maharashtra,Desi
2021-01-22,Cotton,15,Nagpur,FAQ,Umared,5835,5650,5800.0,Maharashtra,Desi
2021-01-22,Cotton,15,Hingoli,FAQ,Basmat,5615,5400,5592.0,Maharashtra,Desi
2021-01-22,Cotton,15,Akola,FAQ,Balapur,5615,5615,5615.0,Maharashtra,Other
2021-01-22,Cotton,15,Amarawati,FAQ,Amarawati,5725,4800,5262.0,Maharashtra,Other
2021-01-22,Cotton,15,Parbhani,FAQ,Sonpeth,5725,5550,5667.0,Maharashtra,Other
2021-01-22,Cotton,15,Nagpur,FAQ,Mandhal,5760,5549,5638.0,Maharashtra,Other
2021-01-22,Cotton,15,Jalana,FAQ,Jalna(Badnapur),5615,5615,5615.0,Maharashtra,Other
2021-01-22,Cotton,15,Chandrapur,FAQ,Chimur,5750,5700,5725.0,Maharashtra,Other
2021-01-23,Cotton,15,Wardha,FAQ,Sindi(Selu),6150,5600,5900.0,Maharashtra,Other
2021-01-23,Cotton,15,Jalgaon,FAQ,Yawal,4960,4350,4610.0,Maharashtra,Other
2021-01-23,Cotton,15,Amarawati,FAQ,Amarawati,5725,4800,5212.0,Maharashtra,Other
2021-01-23,Cotton,15,Nagpur,FAQ,Parshiwani,5800,5800,5800.0,Maharashtra,H-4(A) 27mm FIne
2021-01-23,Cotton,15,Chandrapur,FAQ,Bhadrawati,5625,4800,5213.0,Maharashtra,Other
2021-01-23,Cotton,15,Nagpur,FAQ,Kalmeshwar,5850,5500,5650.0,Maharashtra,Other
2021-01-23,Cotton,15,Wardha,FAQ,Arvi,5700,5450,5600.0,Maharashtra,H-4(A) 27mm FIne
2021-01-23,Cotton,15,Beed,FAQ,Vadvani,5600,5550,5575.0,Maharashtra,Other
2021-01-23,Cotton,15,Akola,FAQ,Akola,5553,5390,5471.0,Maharashtra,Desi
2021-01-23,Cotton,15,Parbhani,FAQ,Sonpeth,5600,5500,5550.0,Maharashtra,Other
2021-01-24,Cotton,15,Parbhani,FAQ,Sonpeth,5625,5500,5600.0,Maharashtra,Other
2021-01-24,Cotton,15,Beed,FAQ,Vadvani,5600,5500,5560.0,Maharashtra,Other
2021-01-25,Cotton,15,Amarawati,FAQ,Amarawati,5800,5000,5400.0,Maharashtra,Other
2021-01-25,Cotton,15,Hingoli,FAQ,Basmat,5615,5400,5500.0,Maharashtra,Desi
2021-01-25,Cotton,15,Jalgaon,FAQ,Yawal,5070,4350,4750.0,Maharashtra,Other
2021-01-25,Cotton,15,Nagpur,FAQ,Parshiwani,5825,5800,5815.0,Maharashtra,H-4(A) 27mm FIne
2021-01-25,Cotton,15,Beed,FAQ,Vadvani,5725,5530,5615.0,Maharashtra,Other
2021-01-25,Cotton,15,Amarawati,FAQ,Dhamngaon-Railway,5725,5496,5600.0,Maharashtra,LRA
2021-01-25,Cotton,15,Yavatmal,FAQ,Vani,5725,5595,5694.0,Maharashtra,Desi
2021-01-26,Cotton,15,Jalgaon,FAQ,Yawal,5070,4350,4730.0,Maharashtra,Other
2021-01-26,Cotton,15,Chandrapur,FAQ,Varora,5800,5000,5400.0,Maharashtra,Desi
2021-01-27,Cotton,15,Buldhana,FAQ,Deoulgaon Raja,5820,5450,5640.0,Maharashtra,Desi
2021-01-27,Cotton,15,Chandrapur,FAQ,Bhadrawati,5725,4700,5213.0,Maharashtra,Other
2021-01-27,Cotton,15,Chandrapur,FAQ,Chimur,5650,5600,5625.0,Maharashtra,Other
2021-01-27,Cotton,15,Beed,FAQ,Kille Dharur,5615,5600,5615.0,Maharashtra,Desi
2021-01-27,Cotton,15,Jalgaon,FAQ,Yawal,5120,4380,4750.0,Maharashtra,Other
2021-01-27,Cotton,15,Nagpur,FAQ,Umared,5850,5600,5800.0,Maharashtra,Desi
2021-01-27,Cotton,15,Wardha,FAQ,Arvi,5800,5500,5700.0,Maharashtra,H-4(A) 27mm FIne
2021-01-27,Cotton,15,Wardha,FAQ,Samudrapur,5850,5300,5600.0,Maharashtra,Other
2021-01-27,Cotton,15,Nanded,FAQ,Kinwat,5650,5200,5500.0,Maharashtra,Other
2021-01-27,Cotton,15,Parbhani,FAQ,Sonpeth,5650,5550,5610.0,Maharashtra,Other
2021-01-27,Cotton,15,Yavatmal,FAQ,ZariZamini,5615,5390,5517.0,Maharashtra,Other
2021-01-27,Cotton,15,Parbhani,FAQ,Selu,5725,5667,5700.0,Maharashtra,Other
2021-01-28,Cotton,15,Yavatmal,FAQ,ZariZamini,5614,5390,5517.0,Maharashtra,Other
2021-01-28,Cotton,15,Parbhani,FAQ,Selu,5725,5667,5700.0,Maharashtra,Other
2021-01-28,Cotton,15,Parbhani,FAQ,Purna,5725,5667,5721.0,Maharashtra,Other
2021-01-28,Cotton,15,Beed,FAQ,Kille Dharur,5615,5600,5615.0,Maharashtra,Desi
2021-01-28,Cotton,15,Parbhani,FAQ,Sonpeth,5725,5600,5667.0,Maharashtra,Other
2021-01-28,Cotton,15,Buldhana,FAQ,Khamgaon,5825,5100,5462.0,Maharashtra,Other
2021-01-28,Cotton,15,Beed,FAQ,Vadvani,5725,5550,5667.0,Maharashtra,Other
2021-01-28,Cotton,15,Yavatmal,FAQ,Vani,5725,5555,5703.0,Maharashtra,Desi
2021-01-28,Cotton,15,Chandrapur,FAQ,Bhadrawati,5725,4850,5288.0,Maharashtra,Other
2021-01-28,Cotton,15,Amarawati,FAQ,Anajngaon,5725,5400,5500.0,Maharashtra,Other
2021-01-28,Cotton,15,Yavatmal,FAQ,Ghatanji,5710,5000,5400.0,Maharashtra,LRA
2021-01-28,Cotton,15,Nagpur,FAQ,Kalmeshwar,5850,5500,5650.0,Maharashtra,Other
2021-01-28,Cotton,15,Wardha,FAQ,Pulgaon,5900,5300,5795.0,Maharashtra,Other
2021-01-29,Cotton,15,Chandrapur,FAQ,Korpana,5725,5496,5610.0,Maharashtra,Desi
2021-01-29,Cotton,15,Buldhana,FAQ,Deoulgaon Raja,5740,5200,5600.0,Maharashtra,Desi
2021-01-29,Cotton,15,Amarawati,FAQ,Amarawati,5750,4800,5275.0,Maharashtra,Other
2021-01-29,Cotton,15,Hingoli,FAQ,Akhadabalapur,5600,5300,5450.0,Maharashtra,Desi
2021-01-29,Cotton,15,Parbhani,FAQ,Selu,5725,5667,5700.0,Maharashtra,Other
2021-01-29,Cotton,15,Yavatmal,FAQ,Vani,5725,5555,5711.0,Maharashtra,Desi
2021-01-29,Cotton,15,Beed,FAQ,Vadvani,5725,5520,5667.0,Maharashtra,Other
2021-01-29,Cotton,15,Nagpur,FAQ,Narkhed,5750,5500,5600.0,Maharashtra,Other
2021-01-30,Cotton,15,Wardha,FAQ,Pulgaon,5850,5300,5760.0,Maharashtra,Other
2021-01-30,Cotton,15,Parbhani,FAQ,Purna,5725,5667,5704.0,Maharashtra,Other
2021-01-30,Cotton,15,Nandurbar,FAQ,Navapur,4500,4500,4500.0,Maharashtra,Other
2021-01-30,Cotton,15,Wardha,FAQ,Arvi,5750,5400,5600.0,Maharashtra,H-4(A) 27mm FIne
2021-01-30,Cotton,15,Buldhana,FAQ,Deoulgaon Raja,5725,5300,5630.0,Maharashtra,Desi
2021-01-30,Cotton,15,Nagpur,FAQ,Parshiwani,5825,5775,5810.0,Maharashtra,H-4(A) 27mm FIne
2021-01-30,Cotton,15,Yavatmal,FAQ,Ralegaon,5740,5515,5600.0,Maharashtra,Other
2021-01-30,Cotton,15,Yavatmal,FAQ,Vani,5725,5555,5717.0,Maharashtra,Desi
2021-01-30,Cotton,15,Nagpur,FAQ,Kalmeshwar,5800,5500,5650.0,Maharashtra,Other
2021-01-31,Cotton,15,Nagpur,FAQ,Narkhed,5800,5500,5600.0,Maharashtra,Other
2021-02-01,Cotton,15,Nanded,FAQ,Kinwat,5400,5250,5375.0,Maharashtra,Other
2021-02-01,Cotton,15,Nagpur,FAQ,Parshiwani,5800,5700,5760.0,Maharashtra,H-4(A) 27mm FIne
2021-02-01,Cotton,15,Beed,FAQ,Vadvani,5650,5525,5600.0,Maharashtra,Other
2021-02-01,Cotton,15,Hingoli,FAQ,Basmat,5615,5400,5500.0,Maharashtra,Desi
2021-02-01,Cotton,15,Nagpur,FAQ,Umared,5850,5400,5800.0,Maharashtra,Desi
2021-02-02,Cotton,15,Amarawati,FAQ,Amarawati,5875,5000,5438.0,Maharashtra,Other
2021-02-02,Cotton,15,Yavatmal,FAQ,Vani,5727,5390,5600.0,Maharashtra,Desi
2021-02-02,Cotton,15,Beed,FAQ,Kille Dharur,5615,5600,5615.0,Maharashtra,Desi
2021-02-02,Cotton,15,Wardha,FAQ,Pulgaon,5925,5400,5825.0,Maharashtra,Other
2021-02-02,Cotton,15,Nagpur,FAQ,Kalmeshwar,5800,5500,5650.0,Maharashtra,Other
2021-02-02,Cotton,15,Parbhani,FAQ,Purna,5615,5558,5606.0,Maharashtra,Other
2021-02-02,Cotton,15,Beed,FAQ,Vadvani,5650,5525,5550.0,Maharashtra,Other
2021-02-02,Cotton,15,Nagpur,FAQ,Mandhal,5895,5578,5653.0,Maharashtra,Other
2021-02-02,Cotton,15,Yavatmal,FAQ,ZariZamini,5500,4900,5162.0,Maharashtra,Other
2021-02-02,Cotton,15,Wardha,FAQ,Arvi,5920,5500,5750.0,Maharashtra,H-4(A) 27mm FIne
2021-02-03,Cotton,15,Chandrapur,FAQ,Varora,5800,5000,5400.0,Maharashtra,Desi
2021-02-03,Cotton,15,Akola,FAQ,Akot,6035,5100,5950.0,Maharashtra,H-4(A) 27mm FIne
2021-02-03,Cotton,15,Parbhani,FAQ,Selu,5615,5558,5615.0,Maharashtra,Other
2021-02-03,Cotton,15,Yavatmal,FAQ,Ralegaon,5750,5515,5650.0,Maharashtra,Other
2021-02-03,Cotton,15,Wardha,FAQ,Pulgaon,5950,5350,5800.0,Maharashtra,Other
2021-02-03,Cotton,15,Amarawati,FAQ,Amarawati,5875,5000,5437.0,Maharashtra,Other
2021-02-03,Cotton,15,Nagpur,FAQ,Bhiwapur,5850,5350,5600.0,Maharashtra,Varalaxmi
2021-02-03,Cotton,15,Parbhani,FAQ,Sonpeth,5650,5550,5600.0,Maharashtra,Other
2021-02-03,Cotton,15,Buldhana,FAQ,Khamgaon,5800,5450,5625.0,Maharashtra,Other
2021-02-03,Cotton,15,Parbhani,FAQ,Purna,5615,5615,5615.0,Maharashtra,Other
2021-02-04,Cotton,15,Wardha,FAQ,Hinganghat,6030,5100,5470.0,Maharashtra,Other
2021-02-04,Cotton,15,Chandrapur,FAQ,Varora,5825,5000,5413.0,Maharashtra,Desi
2021-02-04,Cotton,15,Wardha,FAQ,Sindi(Selu),6020,5700,5940.0,Maharashtra,Other
2021-02-04,Cotton,15,Yavatmal,FAQ,Ralegaon,5800,5515,5700.0,Maharashtra,Other
2021-02-04,Cotton,15,Yavatmal,FAQ,ZariZamini,5175,4250,5111.0,Maharashtra,Other
2021-02-04,Cotton,15,Gadchiroli,FAQ,Sironcha,6000,5850,5900.0,Maharashtra,Other
2021-02-05,Cotton,15,Parbhani,FAQ,Selu,5615,5558,5615.0,Maharashtra,Other
2021-02-05,Cotton,15,Gadchiroli,FAQ,Sironcha,6000,5850,5900.0,Maharashtra,Other
2021-02-06,Cotton,15,Yavatmal,FAQ,Maregoan,5950,5670,5790.0,Maharashtra,H-4(A) 27mm FIne
2021-02-06,Cotton,15,Chandrapur,FAQ,Bhadrawati,5700,4500,5100.0,Maharashtra,Other
2021-02-06,Cotton,15,Gadchiroli,FAQ,Sironcha,6000,5850,5900.0,Maharashtra,Other
2021-02-06,Cotton,15,Yavatmal,FAQ,ZariZamini,5570,4400,5150.0,Maharashtra,Other
2021-02-07,Cotton,15,Nagpur,FAQ,Bhiwapur,5905,5250,5905.0,Maharashtra,Varalaxmi
2021-02-07,Cotton,15,Chandrapur,FAQ,Chimur,6000,5800,5900.0,Maharashtra,Other
2021-02-08,Cotton,15,Chandrapur,FAQ,Varora,6000,5000,5500.0,Maharashtra,Desi
2021-02-08,Cotton,15,Chandrapur,FAQ,Bhadrawati,5750,4700,5225.0,Maharashtra,Other
2021-02-08,Cotton,15,Chandrapur,FAQ,Chimur,6000,5800,5950.0,Maharashtra,Other
2021-02-08,Cotton,15,Nagpur,FAQ,Narkhed,6000,5700,5800.0,Maharashtra,Other
2021-02-08,Cotton,15,Beed,FAQ,Vadvani,5700,5600,5650.0,Maharashtra,Other
2021-02-08,Cotton,15,Yavatmal,FAQ,Ralegaon,6100,5515,6000.0,Maharashtra,Other
2021-02-08,Cotton,15,Wardha,FAQ,Arvi,6050,5500,5700.0,Maharashtra,H-4(A) 27mm FIne
2021-02-08,Cotton,15,Nagpur,FAQ,Kalmeshwar,5900,5500,5700.0,Maharashtra,Other
2021-02-08,Cotton,15,Yavatmal,FAQ,ZariZamini,5520,5000,5314.0,Maharashtra,Other
2021-02-09,Cotton,15,Wardha,FAQ,Wardha,6100,5050,5850.0,Maharashtra,Other
2021-02-09,Cotton,15,Yavatmal,FAQ,ZariZamini,5675,4242,5018.0,Maharashtra,Other
2021-02-09,Cotton,15,Nagpur,FAQ,Umared,5885,5600,5850.0,Maharashtra,Desi
2021-02-09,Cotton,15,Parbhani,FAQ,Sonpeth,5730,5600,5650.0,Maharashtra,Other
2021-02-09,Cotton,15,Wardha,FAQ,Pulgaon,6311,5600,6150.0,Maharashtra,Other
2021-02-09,Cotton,15,Nagpur,FAQ,Narkhed,6050,5800,5900.0,Maharashtra,Other
2021-02-09,Cotton,15,Wardha,FAQ,Samudrapur,6100,5300,5750.0,Maharashtra,Other
2021-02-10,Cotton,15,Nagpur,FAQ,Narkhed,6050,5800,5900.0,Maharashtra,Other
2021-02-10,Cotton,15,Buldhana,FAQ,Deoulgaon Raja,6130,5400,6000.0,Maharashtra,Desi
2021-02-10,Cotton,15,Nagpur,FAQ,Umared,5900,5600,5850.0,Maharashtra,Desi
2021-02-10,Cotton,15,Parbhani,FAQ,Sonpeth,5800,5615,5725.0,Maharashtra,Other
2021-02-10,Cotton,15,Chandrapur,FAQ,Bhadrawati,5875,5050,5463.0,Maharashtra,Other
2021-02-10,Cotton,15,Nanded,FAQ,Kinwat,5600,4500,5300.0,Maharashtra,Other
2021-02-10,Cotton,15,Buldhana,FAQ,Khamgaon,6100,5400,5750.0,Maharashtra,Other
2021-02-10,Cotton,15,Wardha,FAQ,Arvi,6100,5500,5700.0,Maharashtra,H-4(A) 27mm FIne
2021-02-10,Cotton,15,Amarawati,FAQ,Amarawati,6075,5000,5538.0,Maharashtra,Other
2021-02-10,Cotton,15,Hingoli,FAQ,Akhadabalapur,5700,5400,5550.0,Maharashtra,Desi
2021-02-10,Cotton,15,Yavatmal,FAQ,ZariZamini,5600,4200,4697.0,Maharashtra,Other
2021-02-11,Cotton,15,Yavatmal,FAQ,Ralegaon,6100,5515,6000.0,Maharashtra,Other
2021-02-11,Cotton,15,Chandrapur,FAQ,Bhadrawati,5825,4600,5213.0,Maharashtra,Other
2021-02-11,Cotton,15,Parbhani,FAQ,Sonpeth,5810,5615,5725.0,Maharashtra,Other
2021-02-11,Cotton,15,Gadchiroli,FAQ,Sironcha,6000,5850,5900.0,Maharashtra,Other
2021-02-11,Cotton,15,Beed,FAQ,Kille Dharur,5615,5600,5615.0,Maharashtra,Desi
2021-02-11,Cotton,15,Wardha,FAQ,Arvi,6100,5500,5700.0,Maharashtra,H-4(A) 27mm FIne
2021-02-11,Cotton,15,Beed,FAQ,Vadvani,5700,5600,5650.0,Maharashtra,Other
2021-02-11,Cotton,15,Nagpur,FAQ,Parshiwani,6000,5750,5950.0,Maharashtra,H-4(A) 27mm FIne
2021-02-12,Cotton,15,Wardha,FAQ,Samudrapur,6150,5300,5800.0,Maharashtra,Other
2021-02-12,Cotton,15,Nagpur,FAQ,Narkhed,6050,5800,5900.0,Maharashtra,Other
2021-02-12,Cotton,15,Wardha,FAQ,Sindi,6130,5515,5900.0,Maharashtra,Other
2021-02-12,Cotton,15,Buldhana,FAQ,Deoulgaon Raja,6000,5400,5850.0,Maharashtra,Desi
2021-02-12,Cotton,15,Chandrapur,FAQ,Bhadrawati,5800,5025,5412.0,Maharashtra,Other
2021-02-12,Cotton,15,Nagpur,FAQ,Parshiwani,6000,5700,5960.0,Maharashtra,H-4(A) 27mm FIne
2021-02-12,Cotton,15,Buldhana,FAQ,Khamgaon,6100,5400,5750.0,Maharashtra,Other
2021-02-13,Cotton,15,Wardha,FAQ,Arvi,6150,5500,5700.0,Maharashtra,H-4(A) 27mm FIne
2021-02-13,Cotton,15,Parbhani,FAQ,Selu,6155,5320,6060.0,Maharashtra,Other
2021-02-13,Cotton,15,Yavatmal,FAQ,ZariZamini,5600,4850,5138.0,Maharashtra,Other
2021-02-13,Cotton,15,Wardha,FAQ,Samudrapur,6120,5300,5750.0,Maharashtra,Other
2021-02-13,Cotton,15,Nagpur,FAQ,Kalmeshwar,6150,5700,5900.0,Maharashtra,Other
2021-02-13,Cotton,15,Jalgaon,FAQ,Yawal,5230,4390,4750.0,Maharashtra,Other
2021-02-13,Cotton,15,Buldhana,FAQ,Khamgaon,6100,5500,5800.0,Maharashtra,Other
2021-02-13,Cotton,15,Parbhani,FAQ,Sonpeth,5800,5615,5725.0,Maharashtra,Other
2021-02-14,Cotton,15,Jalgaon,FAQ,Yawal,5250,4390,4770.0,Maharashtra,Other
2021-02-14,Cotton,15,Nagpur,FAQ,Kalmeshwar,6150,5700,5900.0,Maharashtra,Other
2021-02-14,Cotton,15,Wardha,FAQ,Arvi,6120,5500,5750.0,Maharashtra,H-4(A) 27mm FIne
2021-02-15,Cotton,15,Chandrapur,FAQ,Chimur,6125,5900,6000.0,Maharashtra,Other
2021-02-15,Cotton,15,Wardha,FAQ,Arvi,6140,5500,5750.0,Maharashtra,H-4(A) 27mm FIne
2021-02-15,Cotton,15,Nagpur,FAQ,Kalmeshwar,6150,5700,5900.0,Maharashtra,Other
2021-02-15,Cotton,15,Buldhana,FAQ,Khamgaon,6100,5400,5750.0,Maharashtra,Other
2021-02-15,Cotton,15,Beed,FAQ,Vadvani,5700,13,5650.0,Maharashtra,Other
2021-02-15,Cotton,15,Nagpur,FAQ,Narkhed,6100,5800,5900.0,Maharashtra,Other
2021-02-15,Cotton,15,Chandrapur,FAQ,Bhadrawati,5750,4075,4912.0,Maharashtra,Other
2021-02-15,Cotton,15,Nagpur,FAQ,Umared,6155,5500,6100.0,Maharashtra,Desi
2021-02-15,Cotton,15,Chandrapur,FAQ,Varora,6050,5000,5525.0,Maharashtra,Desi
2021-02-16,Cotton,15,Nagpur,FAQ,Parshiwani,6000,5750,5910.0,Maharashtra,H-4(A) 27mm FIne
2021-02-16,Cotton,15,Parbhani,FAQ,Sonpeth,5800,5615,5725.0,Maharashtra,Other
2021-02-16,Cotton,15,Wardha,FAQ,Arvi,6100,5500,5700.0,Maharashtra,H-4(A) 27mm FIne
2021-02-16,Cotton,15,Yavatmal,FAQ,Ralegaon,6170,5515,6000.0,Maharashtra,Other
2021-02-16,Cotton,15,Yavatmal,FAQ,ZariZamini,5520,4300,4721.0,Maharashtra,Other
2021-02-16,Cotton,15,Chandrapur,FAQ,Chimur,6100,6000,6050.0,Maharashtra,Other
2021-02-16,Cotton,15,Beed,FAQ,Kille Dharur,5615,5600,5615.0,Maharashtra,Desi
2021-02-17,Cotton,15,Chandrapur,FAQ,Bhadrawati,5700,3500,4600.0,Maharashtra,Other
2021-02-17,Cotton,15,Yavatmal,FAQ,ZariZamini,5500,4400,4972.0,Maharashtra,Other
2021-02-17,Cotton,15,Parbhani,FAQ,Selu,6135,5265,6070.0,Maharashtra,Other
2021-02-17,Cotton,15,Buldhana,FAQ,Deoulgaon Raja,6125,5500,6000.0,Maharashtra,Desi
2021-02-17,Cotton,15,Nagpur,FAQ,Narkhed,6100,5900,6000.0,Maharashtra,Other
2021-02-18,Cotton,15,Nagpur,FAQ,Narkhed,6100,5900,6000.0,Maharashtra,Other
2021-02-18,Cotton,15,Yavatmal,FAQ,ZariZamini,5500,4000,5186.0,Maharashtra,Other
2021-02-19,Cotton,15,Chandrapur,FAQ,Varora,6121,4900,5511.0,Maharashtra,Desi
2021-02-19,Cotton,15,Buldhana,FAQ,Khamgaon,6150,5400,5775.0,Maharashtra,Other
2021-02-20,Cotton,15,Nagpur,FAQ,Narkhed,6100,5900,6000.0,Maharashtra,Other
2021-02-20,Cotton,15,Beed,FAQ,Vadvani,5750,5560,5680.0,Maharashtra,Other
2021-02-20,Cotton,15,Jalgaon,FAQ,Yawal,5320,4490,4880.0,Maharashtra,Other
2021-02-20,Cotton,15,Parbhani,FAQ,Selu,6145,5285,6075.0,Maharashtra,Other
2021-02-20,Cotton,15,Nagpur,FAQ,Kalmeshwar,6150,5700,5950.0,Maharashtra,Other
2021-02-21,Cotton,15,Chandrapur,FAQ,Varora,6211,4800,5506.0,Maharashtra,Desi
2021-02-21,Cotton,15,Beed,FAQ,Vadvani,5750,5560,5700.0,Maharashtra,Other
2021-02-22,Cotton,15,Nagpur,FAQ,Parshiwani,6125,5600,5800.0,Maharashtra,H-4(A) 27mm FIne
2021-02-22,Cotton,15,Nagpur,FAQ,Umared,5970,5200,5925.0,Maharashtra,Desi
2021-02-22,Cotton,15,Wardha,FAQ,Wardha,6225,5200,6100.0,Maharashtra,Other
2021-02-22,Cotton,15,Wardha,FAQ,Sindi(Selu),6500,5650,6250.0,Maharashtra,Other
2021-02-22,Cotton,15,Nagpur,FAQ,Narkhed,6100,5900,6000.0,Maharashtra,Other
2021-02-22,Cotton,15,Wardha,FAQ,Samudrapur,6325,5200,5800.0,Maharashtra,Other
2021-02-23,Cotton,15,Nagpur,FAQ,Umared,6000,5000,5950.0,Maharashtra,Desi
2021-02-23,Cotton,15,Jalgaon,FAQ,Yawal,5370,4550,4890.0,Maharashtra,Other
2021-02-23,Cotton,15,Chandrapur,FAQ,Chimur,6200,6100,6150.0,Maharashtra,Other
2021-02-23,Cotton,15,Yavatmal,FAQ,Ralegaon,6270,5515,6140.0,Maharashtra,Other
2021-02-23,Cotton,15,Nagpur,FAQ,Mandhal,5900,5593,5718.0,Maharashtra,Other
2021-02-23,Cotton,15,Yavatmal,FAQ,Maregoan,6150,5950,6050.0,Maharashtra,H-4(A) 27mm FIne
2021-02-23,Cotton,15,Wardha,FAQ,Wardha,6250,5250,6150.0,Maharashtra,Other
2021-02-23,Cotton,15,Jalana,FAQ,Jafrabad,5450,5250,5323.0,Maharashtra,Other
2021-02-23,Cotton,15,Yavatmal,FAQ,ZariZamini,4700,4500,4597.0,Maharashtra,Other
2021-02-23,Cotton,15,Beed,FAQ,Vadvani,5750,5600,5680.0,Maharashtra,Other
2021-02-23,Cotton,15,Parbhani,FAQ,Selu,6125,5300,6000.0,Maharashtra,Other
2021-02-23,Cotton,15,Nagpur,FAQ,Narkhed,6100,5800,6000.0,Maharashtra,Other
2021-02-23,Cotton,15,Gadchiroli,FAQ,Sironcha,6000,5850,5900.0,Maharashtra,Other
2021-02-24,Cotton,15,Wardha,FAQ,Arvi,6250,5500,5750.0,Maharashtra,H-4(A) 27mm FIne
2021-02-24,Cotton,15,Wardha,FAQ,Wardha,6350,5500,6150.0,Maharashtra,Other
2021-02-24,Cotton,15,Buldhana,FAQ,Deoulgaon Raja,6150,5025,5900.0,Maharashtra,Desi
2021-02-24,Cotton,15,Parbhani,FAQ,Selu,6200,5350,6050.0,Maharashtra,Other
2021-02-24,Cotton,15,Nagpur,FAQ,Kalmeshwar,6150,5700,5950.0,Maharashtra,Other
2021-02-24,Cotton,15,Jalgaon,FAQ,Yawal,5370,4560,4890.0,Maharashtra,Other
2021-02-24,Cotton,15,Yavatmal,FAQ,Ralegaon,6300,5515,6200.0,Maharashtra,Other
2021-02-24,Cotton,15,Nagpur,FAQ,Narkhed,6100,5800,5900.0,Maharashtra,Other
2021-02-25,Cotton,15,Nagpur,FAQ,Kalmeshwar,6200,5700,5950.0,Maharashtra,Other
2021-02-25,Cotton,15,Nagpur,FAQ,Parshiwani,6050,5800,5925.0,Maharashtra,H-4(A) 27mm FIne
2021-02-25,Cotton,15,Wardha,FAQ,Pulgaon,6345,5000,6200.0,Maharashtra,Other
2021-02-25,Cotton,15,Yavatmal,FAQ,ZariZamini,5350,4500,4802.0,Maharashtra,Other
2021-02-25,Cotton,15,Nagpur,FAQ,Bhiwapur,6125,5000,5560.0,Maharashtra,Varalaxmi
2021-02-25,Cotton,15,Buldhana,FAQ,Khamgaon,6150,5400,5775.0,Maharashtra,Other
2021-02-25,Cotton,15,Chandrapur,FAQ,Bhadrawati,5750,4000,4875.0,Maharashtra,Other
2021-02-26,Cotton,15,Parbhani,FAQ,Sonpeth,5850,5350,5730.0,Maharashtra,Other
2021-02-26,Cotton,15,Buldhana,FAQ,Khamgaon,6100,5500,5800.0,Maharashtra,Other
2021-02-26,Cotton,15,Wardha,FAQ,Arvi,6100,5500,5800.0,Maharashtra,H-4(A) 27mm FIne
2021-02-26,Cotton,15,Gadchiroli,FAQ,Sironcha,6000,5850,5900.0,Maharashtra,Other
2021-02-26,Cotton,15,Parbhani,FAQ,Selu,6145,5370,6000.0,Maharashtra,Other
2021-02-27,Cotton,15,Nagpur,FAQ,Narkhed,6100,5800,5900.0,Maharashtra,Other
2021-02-27,Cotton,15,Hingoli,FAQ,Akhadabalapur,5800,5500,5650.0,Maharashtra,Desi
2021-02-27,Cotton,15,Chandrapur,FAQ,Chimur,6200,6100,6150.0,Maharashtra,Other
2021-02-27,Cotton,15,Yavatmal,FAQ,Maregoan,6150,5850,6050.0,Maharashtra,H-4(A) 27mm FIne
2021-02-27,Cotton,15,Wardha,FAQ,Hinganghat,6450,5000,5745.0,Maharashtra,Other
2021-02-27,Cotton,15,Beed,FAQ,Vadvani,5725,5590,5650.0,Maharashtra,Other
2021-02-27,Cotton,15,Jalgaon,FAQ,Yawal,5430,4590,4920.0,Maharashtra,Other
2021-02-28,Cotton,15,Beed,FAQ,Vadvani,5750,5600,5680.0,Maharashtra,Other
2021-03-01,Cotton,15,Gadchiroli,FAQ,Sironcha,6000,5850,5900.0,Maharashtra,Other
2021-03-01,Cotton,15,Parbhani,FAQ,Sonpeth,5900,5450,5850.0,Maharashtra,Other
2021-03-01,Cotton,15,Wardha,FAQ,Wardha,6300,5350,6100.0,Maharashtra,Other
2021-03-01,Cotton,15,Nagpur,FAQ,Kalmeshwar,6150,5700,5950.0,Maharashtra,Other
2021-03-01,Cotton,15,Jalana,FAQ,Jafrabad,5450,5250,5345.0,Maharashtra,Other
2021-03-02,Cotton,15,Nagpur,FAQ,Kalmeshwar,6150,5700,5950.0,Maharashtra,Other
2021-03-02,Cotton,15,Parbhani,FAQ,Sonpeth,5875,5500,5850.0,Maharashtra,Other
2021-03-02,Cotton,15,Chandrapur,FAQ,Chimur,6200,6100,6150.0,Maharashtra,Other
2021-03-02,Cotton,15,Nagpur,FAQ,Parshiwani,6100,5000,5800.0,Maharashtra,H-4(A) 27mm FIne
2021-03-02,Cotton,15,Nagpur,FAQ,Mandhal,6000,5186,5388.0,Maharashtra,Other
2021-03-02,Cotton,15,Yavatmal,FAQ,Ralegaon,6270,5515,6200.0,Maharashtra,Other
2021-03-02,Cotton,15,Wardha,FAQ,Wardha,6300,5350,6100.0,Maharashtra,Other
2021-03-03,Cotton,15,Nagpur,FAQ,Bhiwapur,6150,4510,5330.0,Maharashtra,Varalaxmi
2021-03-03,Cotton,15,Beed,FAQ,Vadvani,5700,5450,5650.0,Maharashtra,Other
2021-03-03,Cotton,15,Jalgaon,FAQ,Yawal,5470,4590,4950.0,Maharashtra,Other
2021-03-03,Cotton,15,Nagpur,FAQ,Kalmeshwar,6150,5700,5950.0,Maharashtra,Other
2021-03-03,Cotton,15,Parbhani,FAQ,Sonpeth,5800,5350,5700.0,Maharashtra,Other
2021-03-03,Cotton,15,Gadchiroli,FAQ,Sironcha,6000,5850,5900.0,Maharashtra,Other
2021-03-04,Cotton,15,Nagpur,FAQ,Bhiwapur,6200,4500,5350.0,Maharashtra,Varalaxmi
2021-03-04,Cotton,15,Buldhana,FAQ,Khamgaon,6050,5500,5775.0,Maharashtra,Other
2021-03-04,Cotton,15,Chandrapur,FAQ,Chimur,6200,6100,6150.0,Maharashtra,Other
2021-03-04,Cotton,15,Nagpur,FAQ,Parshiwani,6050,5400,5800.0,Maharashtra,H-4(A) 27mm FIne
2021-03-04,Cotton,15,Parbhani,FAQ,Selu,6400,5505,6300.0,Maharashtra,Other
2021-03-04,Cotton,15,Jalgaon,FAQ,Yawal,5470,4590,4950.0,Maharashtra,Other
2021-03-04,Cotton,15,Nagpur,FAQ,Savner,6100,5900,6000.0,Maharashtra,Other
2021-03-05,Cotton,15,Nagpur,FAQ,Parshiwani,6080,5300,5850.0,Maharashtra,H-4(A) 27mm FIne
2021-03-05,Cotton,15,Jalgaon,FAQ,Yawal,5450,4570,4930.0,Maharashtra,Other
2021-03-05,Cotton,15,Buldhana,FAQ,Khamgaon,6100,5400,5750.0,Maharashtra,Other
2021-03-05,Cotton,15,Nagpur,FAQ,Narkhed,6000,5900,5950.0,Maharashtra,Other
2021-03-05,Cotton,15,Nagpur,FAQ,Kalmeshwar,6100,5700,5900.0,Maharashtra,Other
2021-03-05,Cotton,15,Wardha,FAQ,Samudrapur,6400,5000,5700.0,Maharashtra,Other
2021-03-05,Cotton,15,Chandrapur,FAQ,Chimur,6250,6100,6150.0,Maharashtra,Other
2021-03-05,Cotton,15,Nagpur,FAQ,Mandhal,6000,4511,5039.0,Maharashtra,Other
2021-03-06,Cotton,15,Wardha,FAQ,Pulgaon,6565,5250,6370.0,Maharashtra,Other
2021-03-06,Cotton,15,Beed,FAQ,Vadvani,5750,5500,5600.0,Maharashtra,Other
2021-03-06,Cotton,15,Chandrapur,FAQ,Chimur,6200,6100,6150.0,Maharashtra,Other
2021-03-06,Cotton,15,Nagpur,FAQ,Umared,6050,3800,6000.0,Maharashtra,Desi
2021-03-06,Cotton,15,Nagpur,FAQ,Kalmeshwar,6100,5700,5900.0,Maharashtra,Other
2021-03-06,Cotton,15,Gadchiroli,FAQ,Sironcha,6000,5850,5900.0,Maharashtra,Other
2021-03-07,Cotton,15,Chandrapur,FAQ,Chimur,6200,6100,6150.0,Maharashtra,Other
2021-03-07,Cotton,15,Parbhani,FAQ,Sonpeth,5800,5350,5700.0,Maharashtra,Other
2021-03-08,Cotton,15,Wardha,FAQ,Sindi,6200,5550,5800.0,Maharashtra,Other
2021-03-08,Cotton,15,Chandrapur,FAQ,Bhadrawati,5800,5200,5500.0,Maharashtra,Other
2021-03-08,Cotton,15,Parbhani,FAQ,Selu,6550,5490,6340.0,Maharashtra,Other
2021-03-08,Cotton,15,Chandrapur,FAQ,Chimur,6200,6100,6150.0,Maharashtra,Other
2021-03-08,Cotton,15,Wardha,FAQ,Wardha,6400,5000,6200.0,Maharashtra,Other
2021-03-08,Cotton,15,Gadchiroli,FAQ,Sironcha,6000,5850,5900.0,Maharashtra,Other
2021-03-09,Cotton,15,Nagpur,FAQ,Umared,6100,4750,6050.0,Maharashtra,Desi
2021-03-09,Cotton,15,Chandrapur,FAQ,Bhadrawati,5800,5200,5500.0,Maharashtra,Other
2021-03-09,Cotton,15,Buldhana,FAQ,Khamgaon,6150,5500,5825.0,Maharashtra,Other
2021-03-10,Cotton,15,Buldhana,FAQ,Khamgaon,6150,5400,5775.0,Maharashtra,Other
2021-03-10,Cotton,15,Parbhani,FAQ,Selu,6580,4824,6385.0,Maharashtra,Other
2021-03-10,Cotton,15,Beed,FAQ,Vadvani,5700,5450,5600.0,Maharashtra,Other
2021-03-10,Cotton,15,Wardha,FAQ,Sindi(Selu),6400,5420,6310.0,Maharashtra,Other
2021-03-10,Cotton,15,Yavatmal,FAQ,Ralegaon,6570,6400,6480.0,Maharashtra,Other
2021-03-10,Cotton,15,Nagpur,FAQ,Kalmeshwar,6100,5700,5900.0,Maharashtra,Other
2021-03-11,Cotton,15,Parbhani,FAQ,Selu,6505,5585,6400.0,Maharashtra,Other
2021-03-11,Cotton,15,Beed,FAQ,Vadvani,5700,5450,5650.0,Maharashtra,Other
2021-03-12,Cotton,15,Chandrapur,FAQ,Chimur,6200,6100,6150.0,Maharashtra,Other
2021-03-12,Cotton,15,Jalgaon,FAQ,Yawal,5560,4590,4980.0,Maharashtra,Other
2021-03-12,Cotton,15,Wardha,FAQ,Sindi(Selu),6600,5480,6385.0,Maharashtra,Other
2021-03-12,Cotton,15,Nagpur,FAQ,Kalmeshwar,6150,5700,5950.0,Maharashtra,Other
2021-03-12,Cotton,15,Nagpur,FAQ,Narkhed,6050,5800,5900.0,Maharashtra,Other
2021-03-14,Cotton,15,Chandrapur,FAQ,Chimur,6325,6225,6300.0,Maharashtra,Other
2021-03-14,Cotton,15,Beed,FAQ,Vadvani,5600,5400,5550.0,Maharashtra,Other
2021-03-15,Cotton,15,Parbhani,FAQ,Selu,6885,5800,6650.0,Maharashtra,Other
2021-03-15,Cotton,15,Wardha,FAQ,Sindi,6250,5600,5800.0,Maharashtra,Other
2021-03-15,Cotton,15,Jalgaon,FAQ,Yawal,5570,4590,5020.0,Maharashtra,Other
2021-03-15,Cotton,15,Wardha,FAQ,Samudrapur,6350,5000,5700.0,Maharashtra,Other
2021-03-17,Cotton,15,Chandrapur,FAQ,Chimur,6300,6200,6250.0,Maharashtra,Other
2021-03-17,Cotton,15,Gadchiroli,FAQ,Sironcha,6000,5850,5900.0,Maharashtra,Other
2021-03-19,Cotton,15,Nagpur,FAQ,Mandhal,5700,4102,4612.0,Maharashtra,Desi
2021-03-19,Cotton,15,Nagpur,FAQ,Narkhed,6100,5800,5900.0,Maharashtra,Other
2021-03-19,Cotton,15,Parbhani,FAQ,Sonpeth,5850,5615,5725.0,Maharashtra,Other
2021-03-20,Cotton,15,Chandrapur,FAQ,Chimur,6300,6200,6250.0,Maharashtra,H-4(A) 27mm FIne
2021-03-20,Cotton,15,Parbhani,FAQ,Sonpeth,5820,5615,5700.0,Maharashtra,Other
2021-03-21,Cotton,15,Nagpur,FAQ,Narkhed,6100,5800,5900.0,Maharashtra,Other
2021-03-22,Cotton,15,Parbhani,FAQ,Sonpeth,5820,5615,5725.0,Maharashtra,Other
2021-03-22,Cotton,15,Parbhani,FAQ,Selu,6395,5545,6350.0,Maharashtra,Other
2021-03-23,Cotton,15,Chandrapur,FAQ,Chimur,6300,6200,6250.0,Maharashtra,Other
2021-03-23,Cotton,15,Parbhani,FAQ,Sonpeth,5800,5615,5700.0,Maharashtra,Other
2021-03-23,Cotton,15,Nagpur,FAQ,Umared,6000,5300,5950.0,Maharashtra,Desi
2021-03-24,Cotton,15,Chandrapur,FAQ,Chimur,6300,6100,6200.0,Maharashtra,Other
2021-03-24,Cotton,15,Parbhani,FAQ,Selu,6265,5100,6230.0,Maharashtra,Other
2021-03-24,Cotton,15,Parbhani,FAQ,Sonpeth,5800,5615,5700.0,Maharashtra,Other
2021-03-24,Cotton,15,Nagpur,FAQ,Umared,6100,4800,6050.0,Maharashtra,Desi
2021-03-24,Cotton,15,Wardha,FAQ,Arvi,6200,5600,6000.0,Maharashtra,H-4(A) 27mm FIne
2021-03-24,Cotton,15,Nagpur,FAQ,Narkhed,6100,5800,5900.0,Maharashtra,Other
2021-03-25,Cotton,15,Chandrapur,FAQ,Chimur,6300,6150,6275.0,Maharashtra,Other
2021-03-25,Cotton,15,Jalgaon,FAQ,Yawal,5660,4690,5140.0,Maharashtra,Other
2021-03-25,Cotton,15,Nagpur,FAQ,Kalmeshwar,6100,5700,5900.0,Maharashtra,Other
2021-03-26,Cotton,15,Parbhani,FAQ,Sonpeth,5800,5615,5700.0,Maharashtra,Other
2021-03-26,Cotton,15,Wardha,FAQ,Hinganghat,6430,4000,5205.0,Maharashtra,Other
2021-03-26,Cotton,15,Nagpur,FAQ,Kalmeshwar,6100,5700,5900.0,Maharashtra,Other
2021-03-26,Cotton,15,Chandrapur,FAQ,Chimur,6300,6200,6250.0,Maharashtra,Other
2021-03-27,Cotton,15,Wardha,FAQ,Sindi(Selu),6475,5850,6250.0,Maharashtra,Other
2021-03-30,Cotton,15,Parbhani,FAQ,Sonpeth,5615,5200,5450.0,Maharashtra,Other
2021-03-31,Cotton,15,Chandrapur,FAQ,Chimur,6300,6200,6250.0,Maharashtra,Other
2021-03-31,Cotton,15,Chandrapur,FAQ,Varora,6385,4000,5193.0,Maharashtra,Desi
2021-03-31,Cotton,15,Parbhani,FAQ,Sonpeth,5620,5100,5430.0,Maharashtra,Other
2021-03-31,Cotton,15,Nagpur,FAQ,Kalmeshwar,6100,5700,5900.0,Maharashtra,Other
2021-04-01,Cotton,15,Nagpur,FAQ,Hingna,6000,5625,5800.0,Maharashtra,Desi
2021-04-01,Cotton,15,Nagpur,FAQ,Bhiwapur,5800,4500,5150.0,Maharashtra,Varalaxmi
2021-04-01,Cotton,15,Chandrapur,FAQ,Chimur,6300,6200,6250.0,Maharashtra,Other
2021-04-01,Cotton,15,Wardha,FAQ,Wardha,6250,4850,5800.0,Maharashtra,Other
2021-04-01,Cotton,15,Nagpur,FAQ,Bhiwapur,6300,6000,6200.0,Maharashtra,Other
2021-04-02,Cotton,15,Chandrapur,FAQ,Chimur,6300,6100,6200.0,Maharashtra,Other
2021-04-02,Cotton,15,Wardha,FAQ,Pulgaon,6250,4800,6100.0,Maharashtra,Other
2021-04-02,Cotton,15,Chandrapur,FAQ,Varora,6250,4000,5125.0,Maharashtra,Desi
2021-04-02,Cotton,15,Parbhani,FAQ,Sonpeth,5615,5000,5450.0,Maharashtra,Other
2021-04-03,Cotton,15,Chandrapur,FAQ,Chimur,6300,6200,6250.0,Maharashtra,Other
2021-04-03,Cotton,15,Nagpur,FAQ,Hingna,6100,5500,5700.0,Maharashtra,Desi
2021-04-03,Cotton,15,Nagpur,FAQ,Kalmeshwar,6100,5700,5900.0,Maharashtra,Other
2021-04-04,Cotton,15,Parbhani,FAQ,Sonpeth,5615,5000,5400.0,Maharashtra,Other
2021-04-04,Cotton,15,Chandrapur,FAQ,Varora,6301,5000,5650.0,Maharashtra,Desi
2021-04-05,Cotton,15,Parbhani,FAQ,Sonpeth,5615,5000,5350.0,Maharashtra,Other
2021-04-05,Cotton,15,Nagpur,FAQ,Hingna,6150,5650,5850.0,Maharashtra,Desi
2021-04-05,Cotton,15,Nagpur,FAQ,Kalmeshwar,6100,5700,5900.0,Maharashtra,Other
2021-04-06,Cotton,15,Wardha,FAQ,Hinganghat,6735,4000,5370.0,Maharashtra,Other
2021-04-06,Cotton,15,Wardha,FAQ,Arvi,6450,5750,6000.0,Maharashtra,H-4(A) 27mm FIne
2021-04-07,Cotton,15,Wardha,FAQ,Sindi(Selu),6555,4890,6050.0,Maharashtra,Other
2021-04-07,Cotton,15,Chandrapur,FAQ,Chimur,6300,6100,6200.0,Maharashtra,Other
2021-04-07,Cotton,15,Nagpur,FAQ,Narkhed,6100,5800,5900.0,Maharashtra,Other
2021-04-07,Cotton,15,Nagpur,FAQ,Hingna,6200,5500,5625.0,Maharashtra,Desi
2021-04-07,Cotton,15,Nagpur,FAQ,Kalmeshwar,6150,5700,5900.0,Maharashtra,Other
2021-04-08,Cotton,15,Parbhani,FAQ,Sonpeth,5600,5000,5350.0,Maharashtra,Other
2021-04-08,Cotton,15,Nagpur,FAQ,Kalmeshwar,6150,5700,5950.0,Maharashtra,Other
2021-04-08,Cotton,15,Chandrapur,FAQ,Varora,6421,4500,5461.0,Maharashtra,Desi
2021-04-09,Cotton,15,Chandrapur,FAQ,Varora,6390,4500,5445.0,Maharashtra,Desi
2021-04-09,Cotton,15,Parbhani,FAQ,Sonpeth,5500,5000,5350.0,Maharashtra,Other
2021-04-11,Cotton,15,Nagpur,FAQ,Kalmeshwar,6200,5800,6000.0,Maharashtra,Other
2021-04-12,Cotton,15,Nagpur,FAQ,Umared,6300,5500,6250.0,Maharashtra,Desi
2021-04-12,Cotton,15,Buldhana,FAQ,Deoulgaon Raja,6000,4900,5100.0,Maharashtra,Desi
2021-04-13,Cotton,15,Parbhani,FAQ,Sonpeth,5615,5200,5350.0,Maharashtra,Other
2021-04-14,Cotton,15,Parbhani,FAQ,Sonpeth,5615,5000,5420.0,Maharashtra,Other
2021-04-15,Cotton,15,Nagpur,FAQ,Kalmeshwar,6300,5900,6100.0,Maharashtra,Other
2021-04-16,Cotton,15,Wardha,FAQ,Pulgaon,6500,4700,6300.0,Maharashtra,Other
2021-04-16,Cotton,15,Wardha,FAQ,Hinganghat,6710,4200,5370.0,Maharashtra,Other
2021-04-16,Cotton,15,Parbhani,FAQ,Sonpeth,5615,5000,5350.0,Maharashtra,Other
2021-04-20,Cotton,15,Wardha,FAQ,Pulgaon,6450,4850,6190.0,Maharashtra,Other
2021-04-20,Cotton,15,Wardha,FAQ,Arvi,6500,5600,6000.0,Maharashtra,H-4(A) 27mm FIne
2021-04-21,Cotton,15,Wardha,FAQ,Arvi,6500,5600,6000.0,Maharashtra,H-4(A) 27mm FIne
2021-04-22,Cotton,15,Wardha,FAQ,Hinganghat,6680,4000,5290.0,Maharashtra,Other
2021-04-22,Cotton,15,Wardha,FAQ,Sindi(Selu),6500,5800,6450.0,Maharashtra,Other
2021-04-26,Cotton,15,Wardha,FAQ,Arvi,6450,5600,6000.0,Maharashtra,H-4(A) 27mm FIne
2021-04-27,Cotton,15,Wardha,FAQ,Hinganghat,6680,4000,5215.0,Maharashtra,Other
2021-04-28,Cotton,15,Wardha,FAQ,Hinganghat,6900,4000,5360.0,Maharashtra,Other
2021-04-29,Cotton,15,Wardha,FAQ,Hinganghat,6680,4000,5210.0,Maharashtra,Other
2021-04-30,Cotton,15,Wardha,FAQ,Samudrapur,6350,4500,5650.0,Maharashtra,Other
2021-05-02,Cotton,15,Wardha,FAQ,Arvi,6470,5700,6000.0,Maharashtra,H-4(A) 27mm FIne
2021-05-05,Cotton,15,Wardha,FAQ,Pulgaon,6200,4800,6050.0,Maharashtra,Other
2021-05-05,Cotton,15,Wardha,FAQ,Sindi(Selu),6400,5100,5900.0,Maharashtra,Other
2021-05-10,Cotton,15,Jalgaon,FAQ,Yawal,6225,5500,5930.0,Maharashtra,Other
2021-05-15,Cotton,15,Jalgaon,FAQ,Yawal,6200,5500,5925.0,Maharashtra,Other
2021-05-16,Cotton,15,Nagpur,FAQ,Bhiwapur,5500,4500,5000.0,Maharashtra,Varalaxmi
2021-05-21,Cotton,15,Jalgaon,FAQ,Yawal,6150,5530,5900.0,Maharashtra,Other
2021-06-05,Cotton,15,Jalgaon,FAQ,Yawal,6200,5560,5920.0,Maharashtra,Other
2021-06-14,Cotton,15,Jalgaon,FAQ,Yawal,6130,5510,5760.0,Maharashtra,Other
2021-07-10,Cotton,15,Jalgaon,FAQ,Yawal,6100,5550,5820.0,Maharashtra,Other
2021-08-13,Cotton,15,Jalgaon,FAQ,Yawal,6030,5450,5850.0,Maharashtra,Other
2021-09-26,Cotton,15,Jalgaon,FAQ,Yawal,5500,4800,5120.0,Maharashtra,Other
2021-09-30,Cotton,15,Jalgaon,FAQ,Yawal,5610,4820,5150.0,Maharashtra,Other
2021-10-11,Cotton,15,Chandrapur,FAQ,Varora,6350,5800,6250.0,Maharashtra,Desi
2021-10-11,Cotton,15,Hingoli,FAQ,Akhadabalapur,6000,5500,5750.0,Maharashtra,Desi
2021-10-12,Cotton,15,Chandrapur,FAQ,Varora,6451,6000,6200.0,Maharashtra,Desi
2021-10-13,Cotton,15,Chandrapur,FAQ,Varora,6555,6000,6100.0,Maharashtra,Desi
2021-10-13,Cotton,15,Nagpur,FAQ,Savner,6401,6401,6401.0,Maharashtra,Other
2021-10-13,Cotton,15,Hingoli,FAQ,Akhadabalapur,6000,5500,5750.0,Maharashtra,Desi
2021-10-15,Cotton,15,Yavatmal,FAQ,Maregoan,6651,6651,6651.0,Maharashtra,H-4(A) 27mm FIne
2021-10-16,Cotton,15,Nanded,FAQ,Himalyatnagar,6200,6000,6100.0,Maharashtra,Other
2021-10-16,Cotton,15,Yavatmal,FAQ,Maregoan,6700,6500,6600.0,Maharashtra,Desi
2021-10-17,Cotton,15,Beed,FAQ,Kille Dharur,6691,6691,6691.0,Maharashtra,Other
2021-10-17,Cotton,15,Yavatmal,FAQ,Maregoan,6700,6500,6600.0,Maharashtra,H-4(A) 27mm FIne
2021-10-18,Cotton,15,Beed,FAQ,Vadvani,6800,6500,6600.0,Maharashtra,Other
2021-10-19,Cotton,15,Yavatmal,FAQ,Maregoan,7000,7000,7000.0,Maharashtra,H-4(A) 27mm FIne
2021-10-19,Cotton,15,Nanded,FAQ,Himalyatnagar,6800,6600,6700.0,Maharashtra,Other
2021-10-19,Cotton,15,Hingoli,FAQ,Akhadabalapur,6000,5500,5750.0,Maharashtra,Desi
2021-10-20,Cotton,15,Parbhani,FAQ,Sonpeth,7300,7000,7200.0,Maharashtra,Other
2021-10-20,Cotton,15,Nagpur,FAQ,Kalmeshwar,7173,7000,7050.0,Maharashtra,Other
2021-10-20,Cotton,15,Wardha,FAQ,Pulgaon,7200,6711,6900.0,Maharashtra,Other
2021-10-20,Cotton,15,Yavatmal,FAQ,Maregoan,7050,6900,7000.0,Maharashtra,H-4(A) 27mm FIne
2021-10-20,Cotton,15,Chandrapur,FAQ,Varora,7300,6600,7151.0,Maharashtra,Desi
2021-10-20,Cotton,15,Chandrapur,FAQ,Bhadrawati,7100,6900,7000.0,Maharashtra,Other
2021-10-21,Cotton,15,Parbhani,FAQ,Sonpeth,7300,7000,7200.0,Maharashtra,Other
2021-10-21,Cotton,15,Chandrapur,FAQ,Rajura,7200,7000,7070.0,Maharashtra,Other
2021-10-21,Cotton,15,Beed,FAQ,Kille Dharur,7407,7200,7400.0,Maharashtra,Other
2021-10-21,Cotton,15,Wardha,FAQ,Hinganghat,7480,6700,7005.0,Maharashtra,Other
2021-10-21,Cotton,15,Nanded,FAQ,Himalyatnagar,7000,6800,6900.0,Maharashtra,Other
2021-10-21,Cotton,15,Nagpur,FAQ,Bhiwapur,7100,6970,7035.0,Maharashtra,Other
2021-10-21,Cotton,15,Beed,FAQ,Vadvani,7000,6850,6975.0,Maharashtra,Other
2021-10-22,Cotton,15,Nanded,FAQ,Himalyatnagar,7000,6800,6900.0,Maharashtra,Other
2021-10-22,Cotton,15,Nagpur,FAQ,Kalmeshwar,7400,7000,7210.0,Maharashtra,Other
2021-10-22,Cotton,15,Wardha,FAQ,Hinganghat,7555,7000,7260.0,Maharashtra,Other
2021-10-22,Cotton,15,Beed,FAQ,Vadvani,7325,7100,7200.0,Maharashtra,Other
2021-10-22,Cotton,15,Yavatmal,FAQ,Maregoan,7800,7650,7700.0,Maharashtra,H-4(A) 27mm FIne
2021-10-22,Cotton,15,Nanded,FAQ,Kinwat,7100,6900,7000.0,Maharashtra,Other
2021-10-22,Cotton,15,Chandrapur,FAQ,Varora,7500,7000,7350.0,Maharashtra,Desi
2021-10-23,Cotton,15,Yavatmal,FAQ,Maregoan,7900,7700,7800.0,Maharashtra,H-4(A) 27mm FIne
2021-10-23,Cotton,15,Chandrapur,FAQ,Bhadrawati,7575,7250,7413.0,Maharashtra,Other
2021-10-23,Cotton,15,Beed,FAQ,Vadvani,7500,7100,7300.0,Maharashtra,Other
2021-10-23,Cotton,15,Beed,FAQ,Kille Dharur,7500,7407,7500.0,Maharashtra,Other
2021-10-23,Cotton,15,Chandrapur,FAQ,Varora,7600,7100,7300.0,Maharashtra,Desi
2021-10-23,Cotton,15,Hingoli,FAQ,Akhadabalapur,7000,6000,6500.0,Maharashtra,Desi
2021-10-23,Cotton,15,Nanded,FAQ,Himalyatnagar,7000,6800,6900.0,Maharashtra,Other
2021-10-24,Cotton,15,Nagpur,FAQ,Kalmeshwar,7500,7000,7245.0,Maharashtra,Other
2021-10-24,Cotton,15,Parbhani,FAQ,Sonpeth,7800,7500,7600.0,Maharashtra,Other
2021-10-24,Cotton,15,Chandrapur,FAQ,Rajura,7600,7350,7531.0,Maharashtra,Other
2021-10-25,Cotton,15,Yavatmal,FAQ,ZariZamini,8001,7700,7885.0,Maharashtra,Other
2021-10-25,Cotton,15,Beed,FAQ,Vadvani,7900,7600,7600.0,Maharashtra,Other
2021-10-25,Cotton,15,Chandrapur,FAQ,Chimur,7901,7701,7801.0,Maharashtra,Other
2021-10-25,Cotton,15,Buldhana,FAQ,Khamgaon,7700,7200,7450.0,Maharashtra,Other
2021-10-25,Cotton,15,Nanded,FAQ,Kinwat,7200,6500,7000.0,Maharashtra,Other
2021-10-25,Cotton,15,Hingoli,FAQ,Akhadabalapur,7000,6000,6500.0,Maharashtra,Desi
2021-10-25,Cotton,15,Chandrapur,FAQ,Varora,7600,7100,7350.0,Maharashtra,Desi
2021-10-26,Cotton,15,Nagpur,FAQ,Mandhal,8125,7953,8022.0,Maharashtra,Other
2021-10-26,Cotton,15,Chandrapur,FAQ,Chimur,7950,7900,7930.0,Maharashtra,Other
2021-10-26,Cotton,15,Chandrapur,FAQ,Bhadrawati,8050,7700,7875.0,Maharashtra,Other
2021-10-26,Cotton,15,Yavatmal,FAQ,Maregoan,7900,7700,7800.0,Maharashtra,H-4(A) 27mm FIne
2021-10-26,Cotton,15,Nagpur,FAQ,Savner,8100,7500,7650.0,Maharashtra,Other
2021-10-26,Cotton,15,Buldhana,FAQ,Khamgaon,7800,7400,7600.0,Maharashtra,Other
2021-10-26,Cotton,15,Nanded,FAQ,Kinwat,7500,6800,7100.0,Maharashtra,Other
2021-10-26,Cotton,15,Hingoli,FAQ,Akhadabalapur,7500,7000,7250.0,Maharashtra,Desi
2021-10-26,Cotton,15,Beed,FAQ,Kille Dharur,8000,7803,7900.0,Maharashtra,Other
2021-10-26,Cotton,15,Chandrapur,FAQ,Varora,8111,7800,8020.0,Maharashtra,Desi
2021-10-27,Cotton,15,Chandrapur,FAQ,Varora,8150,7725,7900.0,Maharashtra,Desi
2021-10-27,Cotton,15,Nanded,FAQ,Kinwat,7600,7000,7200.0,Maharashtra,Other
2021-10-27,Cotton,15,Beed,FAQ,Vadvani,8100,8000,8075.0,Maharashtra,Other
2021-10-27,Cotton,15,Wardha,FAQ,Hinganghat,8125,7200,7600.0,Maharashtra,Other
2021-10-27,Cotton,15,Chandrapur,FAQ,Chimur,7950,7900,7925.0,Maharashtra,Other
2021-10-27,Cotton,15,Parbhani,FAQ,Sonpeth,8000,7900,7950.0,Maharashtra,Other
2021-10-27,Cotton,15,Buldhana,FAQ,Khamgaon,7900,7500,7700.0,Maharashtra,Other
2021-10-27,Cotton,15,Yavatmal,FAQ,ZariZamini,8000,7920,7987.0,Maharashtra,Other
2021-10-28,Cotton,15,Jalana,FAQ,Ghansawangi,8400,7900,8200.0,Maharashtra,Other
2021-10-28,Cotton,15,Nanded,FAQ,Kinwat,7900,7500,7650.0,Maharashtra,Other
2021-10-28,Cotton,15,Parbhani,FAQ,Sonpeth,8100,8000,8050.0,Maharashtra,Other
2021-10-28,Cotton,15,Nagpur,FAQ,Savner,8100,7900,8000.0,Maharashtra,Other
2021-10-28,Cotton,15,Buldhana,FAQ,Khamgaon,7950,7300,7625.0,Maharashtra,Other
2021-10-28,Cotton,15,Jalgaon,FAQ,Yawal,5990,5100,5750.0,Maharashtra,Other
2021-10-28,Cotton,15,Nanded,FAQ,Himalyatnagar,7750,7550,7650.0,Maharashtra,Other
2021-10-28,Cotton,15,Wardha,FAQ,Pulgaon,8181,7700,7950.0,Maharashtra,Other
2021-10-29,Cotton,15,Nanded,FAQ,Himalyatnagar,7800,7600,7700.0,Maharashtra,Other
2021-10-29,Cotton,15,Yavatmal,FAQ,ZariZamini,8116,8000,8050.0,Maharashtra,Other
2021-10-29,Cotton,15,Buldhana,FAQ,Khamgaon,8100,7700,7900.0,Maharashtra,Other
2021-10-29,Cotton,15,Chandrapur,FAQ,Bhadrawati,8100,8000,8050.0,Maharashtra,Other
2021-10-30,Cotton,15,Parbhani,FAQ,Sonpeth,8450,8350,8400.0,Maharashtra,Other
2021-10-30,Cotton,15,Wardha,FAQ,Pulgaon,8500,8100,8270.0,Maharashtra,Other
2021-10-30,Cotton,15,Wardha,FAQ,Hinganghat,8320,7800,8000.0,Maharashtra,Other
2021-10-30,Cotton,15,Yavatmal,FAQ,ZariZamini,8150,8050,8050.0,Maharashtra,Other
2021-10-31,Cotton,15,Parbhani,FAQ,Sonpeth,8550,8450,8500.0,Maharashtra,Other
2021-11-01,Cotton,15,Yavatmal,FAQ,Ralegaon,8350,8000,8200.0,Maharashtra,Other
2021-11-01,Cotton,15,Beed,FAQ,Kille Dharur,9000,8500,8505.0,Maharashtra,Other
2021-11-01,Cotton,15,Chandrapur,FAQ,Chimur,8450,8300,8350.0,Maharashtra,Other
2021-11-01,Cotton,15,Wardha,FAQ,Arvi,8400,8300,8350.0,Maharashtra,H-4(A) 27mm FIne
2021-11-01,Cotton,15,Nanded,FAQ,Kinwat,8340,8000,8200.0,Maharashtra,Other
2021-11-01,Cotton,15,Parbhani,FAQ,Sonpeth,8550,8450,8500.0,Maharashtra,Other
2021-11-01,Cotton,15,Chandrapur,FAQ,Bhadrawati,8550,8200,8375.0,Maharashtra,Other
2021-11-01,Cotton,15,Nagpur,FAQ,Savner,8375,8200,8250.0,Maharashtra,Other
2021-11-02,Cotton,15,Hingoli,FAQ,Akhadabalapur,8000,7000,7500.0,Maharashtra,Desi
2021-11-02,Cotton,15,Beed,FAQ,Vadvani,9101,9000,9050.0,Maharashtra,Other
2021-11-02,Cotton,15,Chandrapur,FAQ,Bhadrawati,8620,8450,8535.0,Maharashtra,Other
2021-11-02,Cotton,15,Parbhani,FAQ,Sonpeth,8750,8680,8700.0,Maharashtra,Other
2021-11-02,Cotton,15,Wardha,FAQ,Pulgaon,8600,8300,8450.0,Maharashtra,Other
2021-11-02,Cotton,15,Yavatmal,FAQ,Ralegaon,8525,8200,8450.0,Maharashtra,Other
2021-11-02,Cotton,15,Wardha,FAQ,Samudrapur,8550,8350,8400.0,Maharashtra,Other
2021-11-03,Cotton,15,Buldhana,FAQ,Khamgaon,8200,7600,7900.0,Maharashtra,Other
2021-11-03,Cotton,15,Yavatmal,FAQ,ZariZamini,8450,8300,8402.0,Maharashtra,Other
2021-11-03,Cotton,15,Chandrapur,FAQ,Bhadrawati,8550,8350,8450.0,Maharashtra,Other
2021-11-03,Cotton,15,Hingoli,FAQ,Akhadabalapur,8000,7000,7500.0,Maharashtra,Desi
2021-11-03,Cotton,15,Parbhani,FAQ,Sonpeth,8350,8250,8300.0,Maharashtra,Other
2021-11-03,Cotton,15,Nagpur,FAQ,Savner,8500,8250,8400.0,Maharashtra,Other
2021-11-03,Cotton,15,Chandrapur,FAQ,Korpana,8500,8000,8300.0,Maharashtra,Desi
2021-11-03,Cotton,15,Nagpur,FAQ,Umared,8600,8300,8500.0,Maharashtra,Desi
2021-11-04,Cotton,15,Nagpur,FAQ,Kalmeshwar,8450,8000,8235.0,Maharashtra,Other
2021-11-04,Cotton,15,Beed,FAQ,Kille Dharur,8586,8500,8505.0,Maharashtra,Other
2021-11-04,Cotton,15,Chandrapur,FAQ,Bhadrawati,8425,8350,8388.0,Maharashtra,Other
2021-11-05,Cotton,15,Parbhani,FAQ,Sonpeth,8360,8275,8300.0,Maharashtra,Other
2021-11-05,Cotton,15,Beed,FAQ,Vadvani,8500,8305,8350.0,Maharashtra,Other
2021-11-05,Cotton,15,Nagpur,FAQ,Kalmeshwar,8300,7900,8075.0,Maharashtra,Other
2021-11-06,Cotton,15,Beed,FAQ,Vadvani,8350,8100,8250.0,Maharashtra,Other
2021-11-06,Cotton,15,Chandrapur,FAQ,Varora,8400,8150,8321.0,Maharashtra,Desi
2021-11-06,Cotton,15,Chandrapur,FAQ,Gondpimpri,8150,7950,8100.0,Maharashtra,Other
2021-11-06,Cotton,15,Chandrapur,FAQ,Bhadrawati,8200,8050,8125.0,Maharashtra,Other
2021-11-06,Cotton,15,Wardha,FAQ,Pulgaon,8600,8000,8450.0,Maharashtra,Other
2021-11-06,Cotton,15,Beed,FAQ,Kille Dharur,8406,8106,8400.0,Maharashtra,Other
2021-11-06,Cotton,15,Parbhani,FAQ,Sonpeth,8400,8300,8375.0,Maharashtra,Other
2021-11-07,Cotton,15,Chandrapur,FAQ,Varora,8300,8000,8150.0,Maharashtra,Desi
2021-11-07,Cotton,15,Nagpur,FAQ,Bhiwapur,8400,8000,8200.0,Maharashtra,Other
2021-11-07,Cotton,15,Nagpur,FAQ,Kalmeshwar,8300,7850,8055.0,Maharashtra,Other
2021-11-08,Cotton,15,Hingoli,FAQ,Akhadabalapur,8000,7000,7500.0,Maharashtra,Desi
2021-11-08,Cotton,15,Wardha,FAQ,Wardha,8350,7500,8000.0,Maharashtra,Other
2021-11-08,Cotton,15,Wardha,FAQ,Arvi,8400,8300,8350.0,Maharashtra,H-4(A) 27mm FIne
2021-11-08,Cotton,15,Beed,FAQ,Vadvani,8050,8050,8050.0,Maharashtra,Other
2021-11-08,Cotton,15,Chandrapur,FAQ,Korpana,8100,7800,8000.0,Maharashtra,Desi
2021-11-08,Cotton,15,Chandrapur,FAQ,Gondpimpri,7975,7810,7825.0,Maharashtra,Other
2021-11-08,Cotton,15,Nanded,FAQ,Himalyatnagar,8500,8300,8400.0,Maharashtra,Other
2021-11-09,Cotton,15,Chandrapur,FAQ,Chimur,8450,8400,8420.0,Maharashtra,Other
2021-11-09,Cotton,15,Parbhani,FAQ,Sonpeth,8200,8100,8150.0,Maharashtra,Other
2021-11-09,Cotton,15,Chandrapur,FAQ,Gondpimpri,8250,8150,8175.0,Maharashtra,Other
2021-11-09,Cotton,15,Nagpur,FAQ,Savner,8350,8250,8300.0,Maharashtra,Other
2021-11-09,Cotton,15,Wardha,FAQ,Sindi,8300,8000,8240.0,Maharashtra,Other
2021-11-09,Cotton,15,Chandrapur,FAQ,Korpana,8100,7800,8000.0,Maharashtra,Desi
2021-11-09,Cotton,15,Chandrapur,FAQ,Bhadrawati,8200,7975,8088.0,Maharashtra,Other
2021-11-09,Cotton,15,Nagpur,FAQ,Kalmeshwar,8250,7800,8000.0,Maharashtra,Other
2021-11-09,Cotton,15,Buldhana,FAQ,Deoulgaon Raja,8300,8200,8300.0,Maharashtra,Desi
2021-11-09,Cotton,15,Buldhana,FAQ,Khamgaon,8100,7700,7900.0,Maharashtra,Other
2021-11-09,Cotton,15,Yavatmal,FAQ,Ralegaon,8250,8100,8150.0,Maharashtra,Other
2021-11-09,Cotton,15,Nagpur,FAQ,Parshiwani,8325,8275,8300.0,Maharashtra,H-4(A) 27mm FIne
2021-11-10,Cotton,15,Nagpur,FAQ,Umared,8410,8200,8300.0,Maharashtra,Desi
2021-11-10,Cotton,15,Buldhana,FAQ,Deoulgaon Raja,8250,8000,8250.0,Maharashtra,Desi
2021-11-10,Cotton,15,Parbhani,FAQ,Sonpeth,8100,8050,8089.0,Maharashtra,Other
2021-11-10,Cotton,15,Wardha,FAQ,Arvi,8300,8200,8250.0,Maharashtra,H-4(A) 27mm FIne
2021-11-10,Cotton,15,Wardha,FAQ,Samudrapur,8307,7900,8200.0,Maharashtra,Other
2021-11-10,Cotton,15,Chandrapur,FAQ,Chimur,8400,8350,8400.0,Maharashtra,Other
2021-11-10,Cotton,15,Yavatmal,FAQ,Maregoan,8050,7700,7800.0,Maharashtra,H-4(A) 27mm FIne
2021-11-10,Cotton,15,Chandrapur,FAQ,Varora,8170,7800,8000.0,Maharashtra,Desi
2021-11-10,Cotton,15,Yavatmal,FAQ,ZariZamini,8125,8010,8073.0,Maharashtra,Other
2021-11-10,Cotton,15,Chandrapur,FAQ,Bhadrawati,8200,7900,8050.0,Maharashtra,Other
2021-11-10,Cotton,15,Wardha,FAQ,Sindi(Selu),8425,8250,8270.0,Maharashtra,Other
2021-11-11,Cotton,15,Chandrapur,FAQ,Gondpimpri,7985,7875,7925.0,Maharashtra,Other
2021-11-11,Cotton,15,Wardha,FAQ,Arvi,8250,8150,8200.0,Maharashtra,H-4(A) 27mm FIne
2021-11-11,Cotton,15,Wardha,FAQ,Wardha,8350,8000,8200.0,Maharashtra,Other
2021-11-11,Cotton,15,Buldhana,FAQ,Deoulgaon Raja,8350,8200,8350.0,Maharashtra,Desi
2021-11-11,Cotton,15,Yavatmal,FAQ,Ralegaon,8170,8000,8100.0,Maharashtra,Other
2021-11-11,Cotton,15,Hingoli,FAQ,Akhadabalapur,8000,7000,7500.0,Maharashtra,Desi
2021-11-11,Cotton,15,Yavatmal,FAQ,ZariZamini,8150,8030,8084.0,Maharashtra,Other
2021-11-11,Cotton,15,Beed,FAQ,Kille Dharur,8406,8246,8253.0,Maharashtra,Other
2021-11-11,Cotton,15,Nagpur,FAQ,Parshiwani,5215,5200,5205.0,Maharashtra,H-4(A) 27mm FIne
2021-11-11,Cotton,15,Jalana,FAQ,Ghansawangi,8500,8000,8300.0,Maharashtra,Other
2021-11-12,Cotton,15,Wardha,FAQ,Sindi,8300,8000,8250.0,Maharashtra,Other
2021-11-12,Cotton,15,Yavatmal,FAQ,ZariZamini,8130,7700,8000.0,Maharashtra,Other
2021-11-12,Cotton,15,Nagpur,FAQ,Savner,8300,8100,8200.0,Maharashtra,Other
2021-11-12,Cotton,15,Chandrapur,FAQ,Bhadrawati,8150,7650,7900.0,Maharashtra,Other
2021-11-12,Cotton,15,Wardha,FAQ,Wardha,8300,8000,8150.0,Maharashtra,Other
2021-11-12,Cotton,15,Nanded,FAQ,Himalyatnagar,7900,7800,7850.0,Maharashtra,Other
2021-11-12,Cotton,15,Nagpur,FAQ,Narkhed,8200,8000,8100.0,Maharashtra,Other
2021-11-12,Cotton,15,Nagpur,FAQ,Kalmeshwar,8300,7800,8175.0,Maharashtra,Other
2021-11-12,Cotton,15,Beed,FAQ,Kille Dharur,8208,7902,8100.0,Maharashtra,Other
2021-11-12,Cotton,15,Nagpur,FAQ,Mandhal,8390,8221,8309.0,Maharashtra,Other
2021-11-12,Cotton,15,Parbhani,FAQ,Sonpeth,8100,8050,8080.0,Maharashtra,Other
2021-11-13,Cotton,15,Nagpur,FAQ,Savner,8200,8000,8125.0,Maharashtra,Other
2021-11-13,Cotton,15,Wardha,FAQ,Hinganghat,8355,7800,8100.0,Maharashtra,Other
2021-11-13,Cotton,15,Beed,FAQ,Kille Dharur,8400,8246,8253.0,Maharashtra,Other
2021-11-13,Cotton,15,Wardha,FAQ,Samudrapur,8260,8100,8150.0,Maharashtra,Other
2021-11-13,Cotton,15,Wardha,FAQ,Arvi,8300,8150,8200.0,Maharashtra,H-4(A) 27mm FIne
2021-11-13,Cotton,15,Nanded,FAQ,Himalyatnagar,8100,8000,8050.0,Maharashtra,Other
2021-11-13,Cotton,15,Nagpur,FAQ,Hingna,8200,8200,8200.0,Maharashtra,Other
2021-11-13,Cotton,15,Buldhana,FAQ,Deoulgaon Raja,8250,8100,8200.0,Maharashtra,Desi
2021-11-13,Cotton,15,Nagpur,FAQ,Kalmeshwar,8300,7900,8150.0,Maharashtra,Other
2021-11-14,Cotton,15,Chandrapur,FAQ,Bhadrawati,8120,8100,8110.0,Maharashtra,Other
2021-11-14,Cotton,15,Nagpur,FAQ,Narkhed,8200,8000,8100.0,Maharashtra,Other
2021-11-14,Cotton,15,Chandrapur,FAQ,Gondpimpri,7950,7875,7925.0,Maharashtra,Other
2021-11-15,Cotton,15,Beed,FAQ,Kille Dharur,8307,8250,8253.0,Maharashtra,Other
2021-11-15,Cotton,15,Chandrapur,FAQ,Bhadrawati,8130,7800,7965.0,Maharashtra,Other
2021-11-15,Cotton,15,Yavatmal,FAQ,ZariZamini,8100,7960,7990.0,Maharashtra,Other
2021-11-15,Cotton,15,Buldhana,FAQ,Deoulgaon Raja,8300,8000,8200.0,Maharashtra,Desi
2021-11-15,Cotton,15,Jalgaon,FAQ,Yawal,6420,5690,6000.0,Maharashtra,Other
2021-11-15,Cotton,15,Chandrapur,FAQ,Chimur,8250,8200,8225.0,Maharashtra,Other
2021-11-15,Cotton,15,Vashim,FAQ,Mangrulpeer,8000,7500,7700.0,Maharashtra,Other
2021-11-15,Cotton,15,Wardha,FAQ,Sindi(Selu),8750,8350,8460.0,Maharashtra,Other
2021-11-15,Cotton,15,Beed,FAQ,Vadvani,8100,8000,8000.0,Maharashtra,Other
2021-11-15,Cotton,15,Nagpur,FAQ,Narkhed,8200,8000,8100.0,Maharashtra,Other
2021-11-16,Cotton,15,Nanded,FAQ,Kinwat,8050,7920,8000.0,Maharashtra,Other
2021-11-16,Cotton,15,Wardha,FAQ,Wardha,8150,8000,8050.0,Maharashtra,Other
2021-11-16,Cotton,15,Nagpur,FAQ,Narkhed,8200,8000,8100.0,Maharashtra,Other
2021-11-16,Cotton,15,Chandrapur,FAQ,Korpana,8000,7800,7900.0,Maharashtra,Desi
2021-11-16,Cotton,15,Chandrapur,FAQ,Bhadrawati,8050,7650,7850.0,Maharashtra,Other
2021-11-16,Cotton,15,Beed,FAQ,Vadvani,8000,8000,8000.0,Maharashtra,Other
2021-11-16,Cotton,15,Nagpur,FAQ,Savner,8250,8100,8200.0,Maharashtra,Other
2021-11-16,Cotton,15,Nagpur,FAQ,Mandhal,8200,8046,8139.0,Maharashtra,Other
2021-11-16,Cotton,15,Gadchiroli,FAQ,Sironcha,6500,6000,6300.0,Maharashtra,Other
2021-11-16,Cotton,15,Buldhana,FAQ,Khamgaon,7850,7300,7575.0,Maharashtra,Other
2021-11-16,Cotton,15,Nagpur,FAQ,Umared,8170,8000,8100.0,Maharashtra,Desi
2021-11-16,Cotton,15,Nagpur,FAQ,Parshiwani,8150,8100,8125.0,Maharashtra,H-4(A) 27mm FIne
2021-11-17,Cotton,15,Chandrapur,FAQ,Chimur,7950,7900,7925.0,Maharashtra,Other
2021-11-17,Cotton,15,Chandrapur,FAQ,Korpana,7850,7500,7700.0,Maharashtra,Desi
2021-11-17,Cotton,15,Wardha,FAQ,Sindi,8250,8000,8100.0,Maharashtra,Other
2021-11-17,Cotton,15,Nanded,FAQ,Himalyatnagar,7900,7800,7850.0,Maharashtra,Other
2021-11-17,Cotton,15,Parbhani,FAQ,Sonpeth,8100,8000,8050.0,Maharashtra,Other
2021-11-17,Cotton,15,Nagpur,FAQ,Kalmeshwar,8150,7800,8050.0,Maharashtra,Other
2021-11-18,Cotton,15,Wardha,FAQ,Wardha,7800,7600,7700.0,Maharashtra,Other
2021-11-18,Cotton,15,Parbhani,FAQ,Sonpeth,8100,8000,8050.0,Maharashtra,Other
2021-11-18,Cotton,15,Nanded,FAQ,Kinwat,7750,7500,7650.0,Maharashtra,Other
2021-11-18,Cotton,15,Nagpur,FAQ,Bhiwapur,7880,7750,7800.0,Maharashtra,Other
2021-11-18,Cotton,15,Wardha,FAQ,Pulgaon,7881,7700,7790.0,Maharashtra,Other
2021-11-18,Cotton,15,Nagpur,FAQ,Narkhed,7865,7700,7750.0,Maharashtra,Other
2021-11-18,Cotton,15,Hingoli,FAQ,Akhadabalapur,8000,7500,7750.0,Maharashtra,Desi
2021-11-18,Cotton,15,Chandrapur,FAQ,Gondpimpri,7600,7550,7575.0,Maharashtra,Other
2021-11-18,Cotton,15,Nanded,FAQ,Himalyatnagar,7800,7700,7750.0,Maharashtra,Other
2021-11-19,Cotton,15,Hingoli,FAQ,Akhadabalapur,8000,7500,7750.0,Maharashtra,Desi
2021-11-19,Cotton,15,Chandrapur,FAQ,Bhadrawati,7850,7600,7725.0,Maharashtra,Other
2021-11-19,Cotton,15,Nagpur,FAQ,Savner,7900,7700,7800.0,Maharashtra,Other
2021-11-19,Cotton,15,Wardha,FAQ,Sindi(Selu),8050,8000,8020.0,Maharashtra,Other
2021-11-19,Cotton,15,Gadchiroli,FAQ,Sironcha,6000,5850,5900.0,Maharashtra,Other
2021-11-19,Cotton,15,Parbhani,FAQ,Sonpeth,8100,8020,8075.0,Maharashtra,Other
2021-11-19,Cotton,15,Nagpur,FAQ,Mandhal,8100,7865,7994.0,Maharashtra,Other
2021-11-19,Cotton,15,Beed,FAQ,Kille Dharur,7902,7803,7900.0,Maharashtra,Other
2021-11-20,Cotton,15,Buldhana,FAQ,Khamgaon,7700,7200,7450.0,Maharashtra,Other
2021-11-20,Cotton,15,Nagpur,FAQ,Kalmeshwar,8050,7700,7950.0,Maharashtra,Other
2021-11-20,Cotton,15,Yavatmal,FAQ,ZariZamini,7950,7675,7734.0,Maharashtra,Other
2021-11-22,Cotton,15,Buldhana,FAQ,Khamgaon,8000,7200,7600.0,Maharashtra,Other
2021-11-22,Cotton,15,Hingoli,FAQ,Akhadabalapur,8000,7800,7900.0,Maharashtra,Desi
2021-11-22,Cotton,15,Buldhana,FAQ,Deoulgaon Raja,8350,8050,8200.0,Maharashtra,Desi
2021-11-22,Cotton,15,Chandrapur,FAQ,Chimur,8250,8200,8225.0,Maharashtra,Other
2021-11-22,Cotton,15,Nagpur,FAQ,Savner,8050,7900,8000.0,Maharashtra,Other
2021-11-22,Cotton,15,Wardha,FAQ,Pulgaon,8351,8000,8200.0,Maharashtra,Other
2021-11-22,Cotton,15,Wardha,FAQ,Samudrapur,8250,7900,8000.0,Maharashtra,Other
2021-11-22,Cotton,15,Chandrapur,FAQ,Varora,8150,7750,8000.0,Maharashtra,Desi
2021-11-22,Cotton,15,Wardha,FAQ,Sindi(Selu),8575,8250,8400.0,Maharashtra,Other
2021-11-22,Cotton,15,Nagpur,FAQ,Parshiwani,8075,7950,8000.0,Maharashtra,H-4(A) 27mm FIne
2021-11-22,Cotton,15,Chandrapur,FAQ,Bhadrawati,8100,7950,8025.0,Maharashtra,Other
2021-11-22,Cotton,15,Nagpur,FAQ,Mauda,8330,8100,8215.0,Maharashtra,H-4(A) 27mm FIne
2021-11-22,Cotton,15,Nagpur,FAQ,Umared,8210,8000,8100.0,Maharashtra,Desi
2021-11-22,Cotton,15,Chandrapur,FAQ,Korpana,8020,7800,7900.0,Maharashtra,Desi
2021-11-23,Cotton,15,Buldhana,FAQ,Khamgaon,8000,7400,7700.0,Maharashtra,Other
2021-11-23,Cotton,15,Chandrapur,FAQ,Gondpimpri,8000,7925,7950.0,Maharashtra,Other
2021-11-23,Cotton,15,Nagpur,FAQ,Kalmeshwar,8200,7700,8050.0,Maharashtra,Other
2021-11-23,Cotton,15,Wardha,FAQ,Pulgaon,8531,8100,8260.0,Maharashtra,Other
2021-11-23,Cotton,15,Nagpur,FAQ,Narkhed,8000,7850,7900.0,Maharashtra,Other
2021-11-23,Cotton,15,Parbhani,FAQ,Sonpeth,8100,8000,8050.0,Maharashtra,Other
2021-11-23,Cotton,15,Chandrapur,FAQ,Chimur,8250,8200,8225.0,Maharashtra,Other
2021-11-23,Cotton,15,Chandrapur,FAQ,Bhadrawati,8150,7970,8060.0,Maharashtra,Other
2021-11-23,Cotton,15,Chandrapur,FAQ,Varora,8300,7900,8200.0,Maharashtra,Desi
2021-11-23,Cotton,15,Hingoli,FAQ,Akhadabalapur,7800,7500,7650.0,Maharashtra,Desi
2021-11-23,Cotton,15,Beed,FAQ,Vadvani,7600,7600,7600.0,Maharashtra,Other
2021-11-24,Cotton,15,Wardha,FAQ,Wardha,8350,8050,8300.0,Maharashtra,Other
2021-11-24,Cotton,15,Nagpur,FAQ,Katol,8250,7800,8100.0,Maharashtra,Desi
2021-11-24,Cotton,15,Nagpur,FAQ,Kalmeshwar,8200,7700,8050.0,Maharashtra,Other
2021-11-24,Cotton,15,Chandrapur,FAQ,Varora,8351,8050,8200.0,Maharashtra,Desi
2021-11-24,Cotton,15,Yavatmal,FAQ,ZariZamini,8150,7700,7943.0,Maharashtra,Other
2021-11-24,Cotton,15,Nanded,FAQ,Kinwat,8150,8000,8075.0,Maharashtra,Other
2021-11-24,Cotton,15,Nagpur,FAQ,Narkhed,7950,7850,7900.0,Maharashtra,Other
2021-11-24,Cotton,15,Nagpur,FAQ,Hingna,8097,7700,8097.0,Maharashtra,Other
2021-11-24,Cotton,15,Chandrapur,FAQ,Bhadrawati,8250,7700,7975.0,Maharashtra,Other
2021-11-24,Cotton,15,Nagpur,FAQ,Parshiwani,8100,8100,8100.0,Maharashtra,H-4(A) 27mm FIne
2021-11-25,Cotton,15,Wardha,FAQ,Sindi(Selu),8630,8450,8500.0,Maharashtra,Other
2021-11-25,Cotton,15,Parbhani,FAQ,Parbhani,8300,8100,8240.0,Maharashtra,Other
2021-11-25,Cotton,15,Wardha,FAQ,Hinganghat,8585,8000,8200.0,Maharashtra,Other
2021-11-25,Cotton,15,Vashim,FAQ,Mangrulpeer,8150,7300,7850.0,Maharashtra,Other
2021-11-25,Cotton,15,Wardha,FAQ,Wardha,8450,8250,8300.0,Maharashtra,Other
2021-11-25,Cotton,15,Nanded,FAQ,Himalyatnagar,8000,7800,7900.0,Maharashtra,Other
2021-11-25,Cotton,15,Nagpur,FAQ,Narkhed,7950,7700,7800.0,Maharashtra,Other
2021-11-25,Cotton,15,Wardha,FAQ,Samudrapur,8450,8100,8200.0,Maharashtra,Other
2021-11-25,Cotton,15,Chandrapur,FAQ,Gondpimpri,8025,7950,8010.0,Maharashtra,Other
2021-11-25,Cotton,15,Beed,FAQ,Kille Dharur,8300,8208,8256.0,Maharashtra,Other
2021-11-25,Cotton,15,Yavatmal,FAQ,ZariZamini,8200,7750,8086.0,Maharashtra,Other
2021-11-25,Cotton,15,Chandrapur,FAQ,Bhadrawati,8300,7900,8100.0,Maharashtra,Other
2021-11-25,Cotton,15,Gadchiroli,FAQ,Sironcha,6900,6300,6550.0,Maharashtra,Other
2021-11-25,Cotton,15,Nagpur,FAQ,Savner,8250,8100,8200.0,Maharashtra,Other
2021-11-26,Cotton,15,Vashim,FAQ,Mangrulpeer,8200,7700,8050.0,Maharashtra,Other
2021-11-26,Cotton,15,Wardha,FAQ,Wardha,8600,8000,8450.0,Maharashtra,Other
2021-11-26,Cotton,15,Nanded,FAQ,Kinwat,8150,8000,8100.0,Maharashtra,Other
2021-11-26,Cotton,15,Nanded,FAQ,Himalyatnagar,8000,7800,7850.0,Maharashtra,Other
2021-11-26,Cotton,15,Nagpur,FAQ,Parshiwani,8300,8300,8300.0,Maharashtra,H-4(A) 27mm FIne
2021-11-26,Cotton,15,Buldhana,FAQ,Deoulgaon Raja,8645,8300,8500.0,Maharashtra,Desi
2021-11-26,Cotton,15,Nagpur,FAQ,Umared,8760,8500,8650.0,Maharashtra,Desi
2021-11-26,Cotton,15,Wardha,FAQ,Arvi,8600,8500,8550.0,Maharashtra,H-4(A) 27mm FIne
2021-11-26,Cotton,15,Parbhani,FAQ,Sonpeth,8000,7900,7950.0,Maharashtra,Other
2021-11-26,Cotton,15,Chandrapur,FAQ,Korpana,8300,7700,8000.0,Maharashtra,Desi
2021-11-26,Cotton,15,Nagpur,FAQ,Kalmeshwar,8400,7900,8200.0,Maharashtra,Other
2021-11-26,Cotton,15,Beed,FAQ,Vadvani,8400,8400,8400.0,Maharashtra,Other
2021-11-27,Cotton,15,Wardha,FAQ,Sindi,8500,8000,8300.0,Maharashtra,Other
2021-11-27,Cotton,15,Vashim,FAQ,Mangrulpeer,8100,7700,7850.0,Maharashtra,Other
2021-11-27,Cotton,15,Yavatmal,FAQ,ZariZamini,8200,7600,7884.0,Maharashtra,Other
2021-11-27,Cotton,15,Wardha,FAQ,Hinganghat,8490,7800,8100.0,Maharashtra,Other
2021-11-27,Cotton,15,Nagpur,FAQ,Hingna,8755,8314,8392.0,Maharashtra,Other
2021-11-27,Cotton,15,Yavatmal,FAQ,Ralegaon,8250,7950,8200.0,Maharashtra,Other
2021-11-27,Cotton,15,Nagpur,FAQ,Savner,8375,8150,8275.0,Maharashtra,Other
2021-11-27,Cotton,15,Chandrapur,FAQ,Chimur,8350,8300,8325.0,Maharashtra,Other
2021-11-27,Cotton,15,Wardha,FAQ,Sindi(Selu),8605,8400,8550.0,Maharashtra,Other
2021-11-28,Cotton,15,Chandrapur,FAQ,Bhadrawati,8150,8100,8125.0,Maharashtra,Other
2021-11-28,Cotton,15,Buldhana,FAQ,Deoulgaon Raja,8400,8200,8300.0,Maharashtra,Desi
2021-11-28,Cotton,15,Nagpur,FAQ,Bhiwapur,8515,8250,8350.0,Maharashtra,Other
2021-11-29,Cotton,15,Wardha,FAQ,Arvi,8400,8100,8300.0,Maharashtra,H-4(A) 27mm FIne
2021-11-29,Cotton,15,Nagpur,FAQ,Hingna,8500,8038,8395.0,Maharashtra,Other
2021-11-29,Cotton,15,Chandrapur,FAQ,Gondpimpri,7950,7850,7900.0,Maharashtra,Other
2021-11-29,Cotton,15,Jalgaon,FAQ,Yawal,6630,5790,6360.0,Maharashtra,Other
2021-11-29,Cotton,15,Nagpur,FAQ,Umared,8360,8100,8250.0,Maharashtra,Desi
2021-11-29,Cotton,15,Nanded,FAQ,Himalyatnagar,8000,7900,7950.0,Maharashtra,Other
2021-11-29,Cotton,15,Nagpur,FAQ,Kalmeshwar,8300,7900,8150.0,Maharashtra,Other
2021-11-29,Cotton,15,Chandrapur,FAQ,Chimur,8300,8200,8250.0,Maharashtra,Other
2021-11-30,Cotton,15,Wardha,FAQ,Sindi,8400,8000,8200.0,Maharashtra,Other
2021-11-30,Cotton,15,Wardha,FAQ,Hinganghat,8345,7820,8000.0,Maharashtra,Other
2021-11-30,Cotton,15,Chandrapur,FAQ,Korpana,7950,7450,7700.0,Maharashtra,Desi
2021-11-30,Cotton,15,Gadchiroli,FAQ,Sironcha,6800,6100,6200.0,Maharashtra,Other
2021-11-30,Cotton,15,Nagpur,FAQ,Mandhal,8025,7851,7933.0,Maharashtra,Other
2021-11-30,Cotton,15,Nagpur,FAQ,Savner,8100,7900,8000.0,Maharashtra,Other
2021-11-30,Cotton,15,Nandurbar,FAQ,Navapur,8000,7400,7607.0,Maharashtra,Other
2021-11-30,Cotton,15,Chandrapur,FAQ,Chimur,8150,8100,8125.0,Maharashtra,Other
2021-11-30,Cotton,15,Jalgaon,FAQ,Yawal,6630,5790,6360.0,Maharashtra,Other
2021-11-30,Cotton,15,Nagpur,FAQ,Umared,8160,8000,8050.0,Maharashtra,Desi
2021-11-30,Cotton,15,Nagpur,FAQ,Narkhed,8100,7850,7900.0,Maharashtra,Other
2021-11-30,Cotton,15,Nagpur,FAQ,Hingna,8480,8000,8347.0,Maharashtra,Other
2021-11-30,Cotton,15,Parbhani,FAQ,Sonpeth,8250,8150,8200.0,Maharashtra,Other
2021-12-01,Cotton,15,Wardha,FAQ,Arvi,8250,8000,8100.0,Maharashtra,H-4(A) 27mm FIne
2021-12-01,Cotton,15,Buldhana,FAQ,Deoulgaon Raja,8200,8050,8150.0,Maharashtra,Desi
2021-12-01,Cotton,15,Jalana,FAQ,Jafrabad,8100,7900,8000.0,Maharashtra,Other
2021-12-01,Cotton,15,Amarawati,FAQ,Amarawati,8275,8225,8250.0,Maharashtra,Other
2021-12-01,Cotton,15,Chandrapur,FAQ,Korpana,7900,7500,7750.0,Maharashtra,Desi
2021-12-01,Cotton,15,Yavatmal,FAQ,ZariZamini,7850,7440,7643.0,Maharashtra,Other
2021-12-02,Cotton,15,Jalana,FAQ,Ghansawangi,8100,7900,8000.0,Maharashtra,Other
2021-12-02,Cotton,15,Nagpur,FAQ,Parshiwani,8000,7980,7990.0,Maharashtra,H-4(A) 27mm FIne
2021-12-02,Cotton,15,Nagpur,FAQ,Bhiwapur,8100,7900,8000.0,Maharashtra,Other
2021-12-02,Cotton,15,Vashim,FAQ,Mangrulpeer,7900,7500,7800.0,Maharashtra,Other
2021-12-02,Cotton,15,Chandrapur,FAQ,Chimur,8050,8000,8025.0,Maharashtra,Other
2021-12-02,Cotton,15,Nanded,FAQ,Kinwat,7775,7650,7720.0,Maharashtra,Other
2021-12-02,Cotton,15,Nagpur,FAQ,Kalmeshwar,8150,7800,8000.0,Maharashtra,Other
2021-12-02,Cotton,15,Buldhana,FAQ,Deoulgaon Raja,8245,8050,8100.0,Maharashtra,Desi
2021-12-02,Cotton,15,Nagpur,FAQ,Savner,8050,7800,7900.0,Maharashtra,Other
2021-12-03,Cotton,15,Wardha,FAQ,Wardha,8300,8255,8260.0,Maharashtra,Other
2021-12-03,Cotton,15,Nagpur,FAQ,Hingna,7900,7600,7900.0,Maharashtra,Other
2021-12-03,Cotton,15,Amarawati,FAQ,Amarawati,8125,8100,8112.0,Maharashtra,Other
2021-12-03,Cotton,15,Chandrapur,FAQ,Bhadrawati,7950,7500,7725.0,Maharashtra,Other
2021-12-03,Cotton,15,Wardha,FAQ,Samudrapur,8240,7900,8000.0,Maharashtra,Other
2021-12-03,Cotton,15,Nagpur,FAQ,Narkhed,8000,7900,7950.0,Maharashtra,Other
2021-12-03,Cotton,15,Nagpur,FAQ,Katol,7950,7800,7900.0,Maharashtra,Desi
2021-12-03,Cotton,15,Nanded,FAQ,Himalyatnagar,7800,7700,7750.0,Maharashtra,Other
2021-12-03,Cotton,15,Nagpur,FAQ,Parshiwani,8025,8000,8015.0,Maharashtra,H-4(A) 27mm FIne
2021-12-03,Cotton,15,Beed,FAQ,Vadvani,7700,7700,7700.0,Maharashtra,Other
2021-12-04,Cotton,15,Nagpur,FAQ,Parshiwani,8100,8000,8050.0,Maharashtra,H-4(A) 27mm FIne
2021-12-04,Cotton,15,Wardha,FAQ,Hinganghat,8450,7800,8000.0,Maharashtra,Other
2021-12-04,Cotton,15,Wardha,FAQ,Samudrapur,8400,8000,8200.0,Maharashtra,Other
2021-12-04,Cotton,15,Chandrapur,FAQ,Varora,8150,7900,8085.0,Maharashtra,Desi
2021-12-04,Cotton,15,Akola,FAQ,Akola,8200,8100,8150.0,Maharashtra,Desi
2021-12-04,Cotton,15,Parbhani,FAQ,Sonpeth,7900,7800,7850.0,Maharashtra,Other
2021-12-04,Cotton,15,Yavatmal,FAQ,ZariZamini,8100,7520,7893.0,Maharashtra,Other
2021-12-05,Cotton,15,Nagpur,FAQ,Bhiwapur,8400,8060,8230.0,Maharashtra,Other
2021-12-05,Cotton,15,Nagpur,FAQ,Narkhed,8300,7900,8000.0,Maharashtra,Other
2021-12-05,Cotton,15,Chandrapur,FAQ,Chimur,8200,8100,8150.0,Maharashtra,Other
2021-12-05,Cotton,15,Wardha,FAQ,Arvi,8300,8200,8250.0,Maharashtra,H-4(A) 27mm FIne
2021-12-06,Cotton,15,Wardha,FAQ,Pulgaon,8701,7700,8400.0,Maharashtra,Other
2021-12-06,Cotton,15,Amarawati,FAQ,Amarawati,8585,8450,8517.0,Maharashtra,Other
2021-12-06,Cotton,15,Nagpur,FAQ,Umared,8460,8300,8350.0,Maharashtra,Desi
2021-12-06,Cotton,15,Chandrapur,FAQ,Varora,8400,7900,8100.0,Maharashtra,Desi
2021-12-06,Cotton,15,Beed,FAQ,Kille Dharur,8311,8300,8306.0,Maharashtra,Other
2021-12-06,Cotton,15,Parbhani,FAQ,Sonpeth,8300,8200,8250.0,Maharashtra,Other
2021-12-06,Cotton,15,Chandrapur,FAQ,Korpana,8150,7700,7900.0,Maharashtra,Desi
2021-12-06,Cotton,15,Jalana,FAQ,Jafrabad,8100,7900,8007.0,Maharashtra,Other
2021-12-06,Cotton,15,Nagpur,FAQ,Mauda,8330,8100,8215.0,Maharashtra,H-4(A) 27mm FIne
2021-12-06,Cotton,15,Gadchiroli,FAQ,Sironcha,6500,6000,6300.0,Maharashtra,Other
2021-12-07,Cotton,15,Hingoli,FAQ,Hingoli,8150,8000,8075.0,Maharashtra,Other
2021-12-07,Cotton,15,Chandrapur,FAQ,Varora,8481,7900,8250.0,Maharashtra,Desi
2021-12-07,Cotton,15,Amarawati,FAQ,Amarawati,8550,8250,8400.0,Maharashtra,Other
2021-12-07,Cotton,15,Wardha,FAQ,Sindi(Selu),8700,8350,8490.0,Maharashtra,Other
2021-12-07,Cotton,15,Parbhani,FAQ,Manwat,8484,8000,8350.0,Maharashtra,Desi
2021-12-07,Cotton,15,Vashim,FAQ,Mangrulpeer,8000,7500,7850.0,Maharashtra,Other
2021-12-07,Cotton,15,Nagpur,FAQ,Savner,8300,8100,8200.0,Maharashtra,Other
2021-12-07,Cotton,15,Jalgaon,FAQ,Yawal,6670,5830,6390.0,Maharashtra,Other
2021-12-07,Cotton,15,Nagpur,FAQ,Parshiwani,8250,8175,8225.0,Maharashtra,H-4(A) 27mm FIne
2021-12-07,Cotton,15,Yavatmal,FAQ,ZariZamini,8220,7800,8128.0,Maharashtra,Other
2021-12-08,Cotton,15,Parbhani,FAQ,Sonpeth,8250,8160,8200.0,Maharashtra,Other
2021-12-08,Cotton,15,Jalgaon,FAQ,Jamner,8000,6500,7200.0,Maharashtra,Other
2021-12-08,Cotton,15,Chandrapur,FAQ,Gondpimpri,7900,7825,7875.0,Maharashtra,Other
2021-12-08,Cotton,15,Nanded,FAQ,Himalyatnagar,7800,7700,7750.0,Maharashtra,Other
2021-12-08,Cotton,15,Hingoli,FAQ,Hingoli,8300,8000,8150.0,Maharashtra,Other
2021-12-08,Cotton,15,Jalana,FAQ,Ghansawangi,8400,7900,8300.0,Maharashtra,Other
2021-12-08,Cotton,15,Nagpur,FAQ,Hingna,8583,7574,8445.0,Maharashtra,Other
2021-12-08,Cotton,15,Nagpur,FAQ,Savner,8300,8200,8250.0,Maharashtra,Other
2021-12-08,Cotton,15,Wardha,FAQ,Hinganghat,8500,7850,8000.0,Maharashtra,Other
2021-12-08,Cotton,15,Gadchiroli,FAQ,Sironcha,6500,6000,6300.0,Maharashtra,Other
2021-12-09,Cotton,15,Jalgaon,FAQ,Yawal,6690,5850,6410.0,Maharashtra,Other
2021-12-09,Cotton,15,Chandrapur,FAQ,Gondpimpri,7875,7750,7850.0,Maharashtra,Other
2021-12-09,Cotton,15,Hingoli,FAQ,Hingoli,8205,8005,8105.0,Maharashtra,Other
2021-12-09,Cotton,15,Beed,FAQ,Kille Dharur,8253,8206,8250.0,Maharashtra,Other
2021-12-09,Cotton,15,Jalana,FAQ,Ghansawangi,8500,8000,8300.0,Maharashtra,Other
2021-12-09,Cotton,15,Chandrapur,FAQ,Chimur,8300,8250,8276.0,Maharashtra,Other
2021-12-09,Cotton,15,Jalgaon,FAQ,Jamner,8000,6550,7300.0,Maharashtra,Other
2021-12-09,Cotton,15,Nagpur,FAQ,Bhiwapur,8425,8110,8265.0,Maharashtra,Other
2021-12-09,Cotton,15,Jalana,FAQ,Jafrabad,8100,7900,8016.0,Maharashtra,Other
2021-12-09,Cotton,15,Yavatmal,FAQ,ZariZamini,8000,7750,7865.0,Maharashtra,Other
2021-12-09,Cotton,15,Wardha,FAQ,Wardha,8450,8200,8300.0,Maharashtra,Other
2021-12-10,Cotton,15,Beed,FAQ,Kille Dharur,8208,8150,8200.0,Maharashtra,Other
2021-12-10,Cotton,15,Nagpur,FAQ,Hingna,8533,7200,8445.0,Maharashtra,Other
2021-12-10,Cotton,15,Jalana,FAQ,Jafrabad,8100,7900,8015.0,Maharashtra,Other
2021-12-10,Cotton,15,Parbhani,FAQ,Manwat,8321,7900,8260.0,Maharashtra,Desi
2021-12-10,Cotton,15,Buldhana,FAQ,Deoulgaon Raja,8400,8000,8300.0,Maharashtra,Desi
2021-12-10,Cotton,15,Yavatmal,FAQ,ZariZamini,7920,7550,7800.0,Maharashtra,Other
2021-12-10,Cotton,15,Nagpur,FAQ,Savner,8300,8150,8250.0,Maharashtra,Other
2021-12-10,Cotton,15,Parbhani,FAQ,Sonpeth,8200,8100,8150.0,Maharashtra,Other
2021-12-10,Cotton,15,Yavatmal,FAQ,Ralegaon,8200,8000,8150.0,Maharashtra,Other
2021-12-10,Cotton,15,Amarawati,FAQ,Amarawati,8450,8300,8375.0,Maharashtra,Other
2021-12-10,Cotton,15,Nagpur,FAQ,Narkhed,8200,8000,8100.0,Maharashtra,Other
2021-12-10,Cotton,15,Nagpur,FAQ,Umared,8400,8200,8300.0,Maharashtra,Desi
2021-12-10,Cotton,15,Chandrapur,FAQ,Bhadrawati,8200,7550,7875.0,Maharashtra,Other
2021-12-10,Cotton,15,Nagpur,FAQ,Mandhal,8315,8041,8165.0,Maharashtra,Other
2021-12-10,Cotton,15,Nanded,FAQ,Himalyatnagar,8000,7700,7750.0,Maharashtra,Other
2021-12-10,Cotton,15,Wardha,FAQ,Wardha,8400,8200,8300.0,Maharashtra,Other
2021-12-10,Cotton,15,Wardha,FAQ,Hinganghat,8500,7865,8000.0,Maharashtra,Other
2021-12-10,Cotton,15,Chandrapur,FAQ,Varora,8175,7841,8000.0,Maharashtra,Desi
2021-12-11,Cotton,15,Nagpur,FAQ,Savner,8275,8100,8200.0,Maharashtra,Other
2021-12-11,Cotton,15,Nagpur,FAQ,Hingna,8478,7867,8324.0,Maharashtra,Other
2021-12-11,Cotton,15,Amarawati,FAQ,Amarawati,8450,8400,8425.0,Maharashtra,Other
2021-12-11,Cotton,15,Beed,FAQ,Kille Dharur,8208,8156,8200.0,Maharashtra,Other
2021-12-11,Cotton,15,Nanded,FAQ,Himalyatnagar,7800,7700,7750.0,Maharashtra,Other
2021-12-11,Cotton,15,Nanded,FAQ,Kinwat,7925,7700,7850.0,Maharashtra,Other
2021-12-11,Cotton,15,Parbhani,FAQ,Manwat,8320,7900,8250.0,Maharashtra,Desi
2021-12-11,Cotton,15,Wardha,FAQ,Arvi,8250,8200,8230.0,Maharashtra,H-4(A) 27mm FIne
2021-12-11,Cotton,15,Nagpur,FAQ,Narkhed,8200,8000,8100.0,Maharashtra,Other
2021-12-11,Cotton,15,Chandrapur,FAQ,Chimur,8275,8200,8250.0,Maharashtra,Other
2021-12-11,Cotton,15,Jalgaon,FAQ,Yawal,6690,5870,6470.0,Maharashtra,Other
2021-12-11,Cotton,15,Nagpur,FAQ,Kalmeshwar,8400,8000,8200.0,Maharashtra,Other
2021-12-11,Cotton,15,Wardha,FAQ,Samudrapur,8420,8000,8250.0,Maharashtra,Other
2021-12-11,Cotton,15,Chandrapur,FAQ,Bhadrawati,8150,7400,7775.0,Maharashtra,Other
2021-12-11,Cotton,15,Hingoli,FAQ,Hingoli,8150,8050,8100.0,Maharashtra,Other
2021-12-11,Cotton,15,Chandrapur,FAQ,Korpana,8000,7700,7800.0,Maharashtra,Desi
2021-12-12,Cotton,15,Nagpur,FAQ,Narkhed,8200,7850,8000.0,Maharashtra,Other
2021-12-12,Cotton,15,Chandrapur,FAQ,Bhadrawati,8150,7650,7900.0,Maharashtra,Other
2021-12-13,Cotton,15,Chandrapur,FAQ,Korpana,8100,7700,8000.0,Maharashtra,Desi
2021-12-13,Cotton,15,Nanded,FAQ,Kinwat,8100,7800,8020.0,Maharashtra,Other
2021-12-13,Cotton,15,Nagpur,FAQ,Narkhed,8300,8000,8100.0,Maharashtra,Other
2021-12-13,Cotton,15,Nagpur,FAQ,Parshiwani,8275,8250,8265.0,Maharashtra,H-4(A) 27mm FIne
2021-12-13,Cotton,15,Wardha,FAQ,Arvi,8450,8300,8400.0,Maharashtra,H-4(A) 27mm FIne
2021-12-13,Cotton,15,Parbhani,FAQ,Sonpeth,8300,8200,8275.0,Maharashtra,Other
2021-12-13,Cotton,15,Amarawati,FAQ,Amarawati,8550,8400,8475.0,Maharashtra,Other
2021-12-13,Cotton,15,Chandrapur,FAQ,Bhadrawati,8250,7550,7900.0,Maharashtra,Other
2021-12-13,Cotton,15,Parbhani,FAQ,Manwat,8410,8000,8300.0,Maharashtra,Desi
2021-12-13,Cotton,15,Beed,FAQ,Vadvani,8300,8000,8100.0,Maharashtra,Other
2021-12-13,Cotton,15,Nagpur,FAQ,Hingna,8288,7400,8288.0,Maharashtra,Other
2021-12-14,Cotton,15,Jalgaon,FAQ,Jamner,7950,6525,7320.0,Maharashtra,Other
2021-12-14,Cotton,15,Nagpur,FAQ,Mandhal,8300,8071,8176.0,Maharashtra,Other
2021-12-14,Cotton,15,Wardha,FAQ,Sindi,8450,8000,8275.0,Maharashtra,Other
2021-12-14,Cotton,15,Parbhani,FAQ,Manwat,8360,7800,8270.0,Maharashtra,Desi
2021-12-14,Cotton,15,Jalana,FAQ,Jafrabad,8100,7900,8020.0,Maharashtra,Other
2021-12-14,Cotton,15,Amarawati,FAQ,Amarawati,8425,8400,8413.0,Maharashtra,Other
2021-12-14,Cotton,15,Wardha,FAQ,Wardha,8550,7850,8300.0,Maharashtra,Other
2021-12-14,Cotton,15,Parbhani,FAQ,Sonpeth,8300,8200,8280.0,Maharashtra,Other
2021-12-14,Cotton,15,Chandrapur,FAQ,Chimur,8375,8300,8350.0,Maharashtra,Other
2021-12-14,Cotton,15,Chandrapur,FAQ,Varora,8351,7800,8000.0,Maharashtra,Desi
2021-12-14,Cotton,15,Yavatmal,FAQ,ZariZamini,8100,7800,7998.0,Maharashtra,Other
2021-12-14,Cotton,15,Beed,FAQ,Vadvani,8300,8000,8150.0,Maharashtra,Other
2021-12-15,Cotton,15,Nagpur,FAQ,Umared,8500,8300,8400.0,Maharashtra,Desi
2021-12-15,Cotton,15,Chandrapur,FAQ,Varora,8300,7900,8200.0,Maharashtra,Desi
2021-12-15,Cotton,15,Beed,FAQ,Kille Dharur,8307,8200,8225.0,Maharashtra,Other
2021-12-15,Cotton,15,Nanded,FAQ,Kinwat,8200,7920,8125.0,Maharashtra,Other
2021-12-15,Cotton,15,Nagpur,FAQ,Hingna,8432,8009,8184.0,Maharashtra,Other
2021-12-15,Cotton,15,Parbhani,FAQ,Sonpeth,8300,8200,8275.0,Maharashtra,Other
2021-12-15,Cotton,15,Parbhani,FAQ,Parbhani,8355,8000,8150.0,Maharashtra,Other
2021-12-15,Cotton,15,Wardha,FAQ,Wardha,8500,7800,8350.0,Maharashtra,Other
2021-12-15,Cotton,15,Nanded,FAQ,Himalyatnagar,7700,7600,7650.0,Maharashtra,Other
2021-12-15,Cotton,15,Chandrapur,FAQ,Gondpimpri,7900,7850,7875.0,Maharashtra,Other
2021-12-16,Cotton,15,Jalana,FAQ,Ghansawangi,8300,7900,8200.0,Maharashtra,Other
2021-12-16,Cotton,15,Wardha,FAQ,Sindi(Selu),8720,8250,8520.0,Maharashtra,Other
2021-12-16,Cotton,15,Wardha,FAQ,Pulgaon,8741,8000,8375.0,Maharashtra,Other
2021-12-16,Cotton,15,Jalana,FAQ,Jafrabad,8100,7900,8010.0,Maharashtra,Other
2021-12-16,Cotton,15,Nagpur,FAQ,Bhiwapur,8580,8160,8300.0,Maharashtra,Other
2021-12-16,Cotton,15,Yavatmal,FAQ,Ralegaon,8375,7800,8260.0,Maharashtra,Other
2021-12-16,Cotton,15,Nagpur,FAQ,Hingna,8482,7400,8341.0,Maharashtra,Other
2021-12-16,Cotton,15,Parbhani,FAQ,Manwat,8521,8000,8465.0,Maharashtra,Desi
2021-12-16,Cotton,15,Chandrapur,FAQ,Bhadrawati,8250,7900,8075.0,Maharashtra,Other
2021-12-16,Cotton,15,Gadchiroli,FAQ,Sironcha,8100,7800,7900.0,Maharashtra,Other
2021-12-16,Cotton,15,Beed,FAQ,Kille Dharur,8307,8250,8253.0,Maharashtra,Other
2021-12-16,Cotton,15,Amarawati,FAQ,Amarawati,8550,8500,8525.0,Maharashtra,Other
2021-12-16,Cotton,15,Parbhani,FAQ,Selu,8430,8015,8370.0,Maharashtra,Other
2021-12-16,Cotton,15,Chandrapur,FAQ,Varora,8321,7850,8000.0,Maharashtra,Desi
2021-12-16,Cotton,15,Chandrapur,FAQ,Korpana,8100,7700,7950.0,Maharashtra,Desi
2021-12-16,Cotton,15,Akola,FAQ,Akola,8150,8125,8140.0,Maharashtra,Desi
2021-12-17,Cotton,15,Akola,FAQ,Akola,8175,8125,8158.0,Maharashtra,Desi
2021-12-17,Cotton,15,Buldhana,FAQ,Deoulgaon Raja,8490,8000,8200.0,Maharashtra,Desi
2021-12-17,Cotton,15,Nagpur,FAQ,Hingna,8200,8200,8200.0,Maharashtra,Other
2021-12-17,Cotton,15,Nagpur,FAQ,Mandhal,8600,8324,8448.0,Maharashtra,Other
2021-12-17,Cotton,15,Hingoli,FAQ,Hingoli,8235,8080,8157.0,Maharashtra,Other
2021-12-17,Cotton,15,Chandrapur,FAQ,Bhadrawati,8350,7850,8100.0,Maharashtra,Other
2021-12-17,Cotton,15,Parbhani,FAQ,Sonpeth,8300,8200,8250.0,Maharashtra,Other
2021-12-17,Cotton,15,Chandrapur,FAQ,Korpana,8200,7700,8000.0,Maharashtra,Desi
2021-12-17,Cotton,15,Beed,FAQ,Kille Dharur,8406,8300,8306.0,Maharashtra,Other
2021-12-17,Cotton,15,Yavatmal,FAQ,ZariZamini,8250,7600,8091.0,Maharashtra,Other
2021-12-17,Cotton,15,Nagpur,FAQ,Parshiwani,8400,8350,8375.0,Maharashtra,H-4(A) 27mm FIne
2021-12-17,Cotton,15,Nagpur,FAQ,Umared,8640,8400,8550.0,Maharashtra,Desi
2021-12-17,Cotton,15,Jalgaon,FAQ,Jamner,8000,6540,7328.0,Maharashtra,Other
2021-12-17,Cotton,15,Hingoli,FAQ,Akhadabalapur,8000,7700,7850.0,Maharashtra,Desi
2021-12-17,Cotton,15,Wardha,FAQ,Sindi,8485,7950,8200.0,Maharashtra,Other
2021-12-17,Cotton,15,Amarawati,FAQ,Amarawati,8600,8550,8575.0,Maharashtra,Other
2021-12-18,Cotton,15,Beed,FAQ,Vadvani,8300,8000,8150.0,Maharashtra,Other
2021-12-18,Cotton,15,Chandrapur,FAQ,Varora,8411,8000,8250.0,Maharashtra,Desi
2021-12-18,Cotton,15,Amarawati,FAQ,Amarawati,8550,8500,8525.0,Maharashtra,Other
2021-12-18,Cotton,15,Akola,FAQ,Akola,8200,8150,8175.0,Maharashtra,Desi
2021-12-18,Cotton,15,Nagpur,FAQ,Kalmeshwar,8500,8100,8300.0,Maharashtra,Other
2021-12-18,Cotton,15,Vashim,FAQ,Mangrulpeer,8100,7500,7900.0,Maharashtra,Other
2021-12-18,Cotton,15,Parbhani,FAQ,Parbhani,8500,8250,8320.0,Maharashtra,Other
2021-12-18,Cotton,15,Nagpur,FAQ,Parshiwani,8400,8350,8390.0,Maharashtra,H-4(A) 27mm FIne
2021-12-18,Cotton,15,Yavatmal,FAQ,Ralegaon,8425,8000,8350.0,Maharashtra,Other
2021-12-18,Cotton,15,Nanded,FAQ,Himalyatnagar,7800,7700,7750.0,Maharashtra,Other
2021-12-18,Cotton,15,Nagpur,FAQ,Savner,8450,8350,8400.0,Maharashtra,Other
2021-12-18,Cotton,15,Chandrapur,FAQ,Korpana,8100,7750,7950.0,Maharashtra,Desi
2021-12-18,Cotton,15,Wardha,FAQ,Sindi,8505,8000,8210.0,Maharashtra,Other
2021-12-18,Cotton,15,Gadchiroli,FAQ,Sironcha,8100,7900,8000.0,Maharashtra,Other
2021-12-18,Cotton,15,Parbhani,FAQ,Sonpeth,8300,8200,8250.0,Maharashtra,Other
2021-12-18,Cotton,15,Yavatmal,FAQ,ZariZamini,8250,7650,8063.0,Maharashtra,Other
2021-12-19,Cotton,15,Vashim,FAQ,Mangrulpeer,8100,7500,7900.0,Maharashtra,Other
2021-12-19,Cotton,15,Chandrapur,FAQ,Varora,8421,7700,8200.0,Maharashtra,Desi
2021-12-20,Cotton,15,Gadchiroli,FAQ,Sironcha,8200,8000,8100.0,Maharashtra,Other
2021-12-20,Cotton,15,Jalgaon,FAQ,Jamner,8100,6550,7335.0,Maharashtra,Other
2021-12-20,Cotton,15,Nagpur,FAQ,Savner,8450,8350,8400.0,Maharashtra,Other
2021-12-20,Cotton,15,Nagpur,FAQ,Katol,8300,8000,8250.0,Maharashtra,Desi
2021-12-20,Cotton,15,Nagpur,FAQ,Hingna,8423,7500,8359.0,Maharashtra,Other
2021-12-20,Cotton,15,Parbhani,FAQ,Parbhani,8350,8100,8230.0,Maharashtra,Other
2021-12-20,Cotton,15,Buldhana,FAQ,Deoulgaon Raja,8435,8000,8250.0,Maharashtra,Desi
2021-12-20,Cotton,15,Wardha,FAQ,Hinganghat,8610,7860,8000.0,Maharashtra,Other
2021-12-20,Cotton,15,Chandrapur,FAQ,Korpana,8150,7620,8000.0,Maharashtra,Desi
2021-12-20,Cotton,15,Nanded,FAQ,Kinwat,8200,7650,8100.0,Maharashtra,Other
2021-12-21,Cotton,15,Jalana,FAQ,Jafrabad,8150,7950,8060.0,Maharashtra,Other
2021-12-21,Cotton,15,Nagpur,FAQ,Narkhed,8350,7850,8000.0,Maharashtra,Other
2021-12-21,Cotton,15,Chandrapur,FAQ,Bhadrawati,8350,8000,8175.0,Maharashtra,Other
2021-12-21,Cotton,15,Hingoli,FAQ,Akhadabalapur,7700,7500,7600.0,Maharashtra,Desi
2021-12-21,Cotton,15,Nagpur,FAQ,Kalmeshwar,8500,8200,8350.0,Maharashtra,Other
2021-12-21,Cotton,15,Nagpur,FAQ,Mandhal,8500,7852,8040.0,Maharashtra,Other
2021-12-21,Cotton,15,Nagpur,FAQ,Parshiwani,8500,8400,8475.0,Maharashtra,H-4(A) 27mm FIne
2021-12-21,Cotton,15,Chandrapur,FAQ,Varora,8425,8000,8300.0,Maharashtra,Desi
2021-12-21,Cotton,15,Beed,FAQ,Vadvani,8250,7800,8200.0,Maharashtra,Other
2021-12-21,Cotton,15,Chandrapur,FAQ,Chimur,9800,9700,9725.0,Maharashtra,Other
2021-12-21,Cotton,15,Wardha,FAQ,Sindi,8540,8120,8320.0,Maharashtra,Other
2021-12-21,Cotton,15,Akola,FAQ,Akola,8150,8100,8125.0,Maharashtra,Desi
2021-12-21,Cotton,15,Wardha,FAQ,Hinganghat,8705,7800,8000.0,Maharashtra,Other
2021-12-21,Cotton,15,Yavatmal,FAQ,Ralegaon,8350,7800,8250.0,Maharashtra,Other
2021-12-21,Cotton,15,Gadchiroli,FAQ,Sironcha,8100,7900,8000.0,Maharashtra,Other
2021-12-21,Cotton,15,Parbhani,FAQ,Parbhani,8300,8000,8200.0,Maharashtra,Other
2021-12-21,Cotton,15,Nagpur,FAQ,Umared,8530,8200,8450.0,Maharashtra,Desi
2021-12-22,Cotton,15,Nagpur,FAQ,Savner,8550,8450,8500.0,Maharashtra,Other
2021-12-22,Cotton,15,Chandrapur,FAQ,Korpana,8150,7700,8000.0,Maharashtra,Desi
2021-12-22,Cotton,15,Wardha,FAQ,Pulgaon,8651,7900,8350.0,Maharashtra,Other
2021-12-22,Cotton,15,Jalgaon,FAQ,Jamner,8050,6550,7325.0,Maharashtra,Other
2021-12-22,Cotton,15,Yavatmal,FAQ,ZariZamini,8100,7670,8000.0,Maharashtra,Other
2021-12-22,Cotton,15,Vashim,FAQ,Mangrulpeer,8100,7500,7800.0,Maharashtra,Other
2021-12-22,Cotton,15,Nagpur,FAQ,Parshiwani,8500,8450,8475.0,Maharashtra,H-4(A) 27mm FIne
2021-12-22,Cotton,15,Chandrapur,FAQ,Varora,8450,8000,8270.0,Maharashtra,Desi
2021-12-22,Cotton,15,Wardha,FAQ,Hinganghat,8635,7860,8000.0,Maharashtra,Other
2021-12-22,Cotton,15,Nanded,FAQ,Kinwat,8200,8060,8120.0,Maharashtra,Other
2021-12-22,Cotton,15,Nagpur,FAQ,Narkhed,8300,8000,8100.0,Maharashtra,Other
2021-12-22,Cotton,15,Beed,FAQ,Kille Dharur,8253,8200,8200.0,Maharashtra,Other
2021-12-22,Cotton,15,Wardha,FAQ,Sindi(Selu),8630,8350,8450.0,Maharashtra,Other
2021-12-22,Cotton,15,Nanded,FAQ,Himalyatnagar,7800,7700,7750.0,Maharashtra,Other
2021-12-23,Cotton,15,Nagpur,FAQ,Bhiwapur,8670,8200,8435.0,Maharashtra,Other
2021-12-23,Cotton,15,Jalgaon,FAQ,Jamner,8025,6555,7325.0,Maharashtra,Other
2021-12-23,Cotton,15,Jalana,FAQ,Ghansawangi,8300,8100,8200.0,Maharashtra,Other
2021-12-23,Cotton,15,Chandrapur,FAQ,Korpana,8250,7700,8075.0,Maharashtra,Desi
2021-12-23,Cotton,15,Nagpur,FAQ,Hingna,8581,8200,8493.0,Maharashtra,Other
2021-12-23,Cotton,15,Gadchiroli,FAQ,Sironcha,8000,7700,7800.0,Maharashtra,Other
2021-12-23,Cotton,15,Nagpur,FAQ,Savner,8550,8450,8500.0,Maharashtra,Other
2021-12-23,Cotton,15,Wardha,FAQ,Sindi(Selu),8785,8360,8550.0,Maharashtra,Other
2021-12-23,Cotton,15,Nagpur,FAQ,Narkhed,8350,8000,8100.0,Maharashtra,Other
2021-12-23,Cotton,15,Nagpur,FAQ,Kalmeshwar,8550,8250,8350.0,Maharashtra,Other
2021-12-23,Cotton,15,Chandrapur,FAQ,Chimur,8525,8500,8520.0,Maharashtra,Other
2021-12-23,Cotton,15,Hingoli,FAQ,Jawala-Bajar,8100,8000,8050.0,Maharashtra,Other
2021-12-24,Cotton,15,Wardha,FAQ,Ashti(Karanja),8300,7600,8000.0,Maharashtra,Other
2021-12-24,Cotton,15,Hingoli,FAQ,Akhadabalapur,7500,7000,7250.0,Maharashtra,Desi
2021-12-24,Cotton,15,Chandrapur,FAQ,Korpana,8250,7725,8100.0,Maharashtra,Desi
2021-12-24,Cotton,15,Hingoli,FAQ,Hingoli,8220,8005,8112.0,Maharashtra,Other
2021-12-24,Cotton,15,Jalana,FAQ,Jafrabad,8150,7950,8065.0,Maharashtra,Other
2021-12-24,Cotton,15,Chandrapur,FAQ,Chimur,8525,8500,8520.0,Maharashtra,Other
2021-12-24,Cotton,15,Buldhana,FAQ,Deoulgaon Raja,8490,8100,8300.0,Maharashtra,Desi
2021-12-24,Cotton,15,Akola,FAQ,Akola,8250,8100,8235.0,Maharashtra,Desi
2021-12-24,Cotton,15,Parbhani,FAQ,Sonpeth,8300,8220,8275.0,Maharashtra,Other
2021-12-25,Cotton,15,Beed,FAQ,Vadvani,8250,7800,8100.0,Maharashtra,Other
2021-12-25,Cotton,15,Chandrapur,FAQ,Bhadrawati,8550,7750,8150.0,Maharashtra,Other
2021-12-25,Cotton,15,Parbhani,FAQ,Manwat,8700,7950,8560.0,Maharashtra,Desi
2021-12-25,Cotton,15,Parbhani,FAQ,Selu,8700,8400,8600.0,Maharashtra,Other
2021-12-25,Cotton,15,Hingoli,FAQ,Hingoli,8200,8000,8100.0,Maharashtra,Other
2021-12-25,Cotton,15,Akola,FAQ,Akola,8550,8100,8400.0,Maharashtra,Desi
2021-12-25,Cotton,15,Nagpur,FAQ,Savner,8600,8500,8550.0,Maharashtra,Other
2021-12-25,Cotton,15,Wardha,FAQ,Arvi,8700,8200,8500.0,Maharashtra,H-4(A) 27mm FIne
2021-12-25,Cotton,15,Chandrapur,FAQ,Varora,8600,8000,8350.0,Maharashtra,Desi
2021-12-25,Cotton,15,Beed,FAQ,Kille Dharur,8523,8406,8500.0,Maharashtra,Other
2021-12-26,Cotton,15,Nagpur,FAQ,Kalmeshwar,8600,8200,8400.0,Maharashtra,Other
2021-12-26,Cotton,15,Chandrapur,FAQ,Varora,8655,8000,8500.0,Maharashtra,Desi
2021-12-26,Cotton,15,Nagpur,FAQ,Katol,8600,8000,8350.0,Maharashtra,Desi
2021-12-26,Cotton,15,Nandurbar,FAQ,Navapur,8000,7000,7246.0,Maharashtra,Other
2021-12-27,Cotton,15,Hingoli,FAQ,Hingoli,8200,8000,8100.0,Maharashtra,Other
2021-12-27,Cotton,15,Wardha,FAQ,Pulgaon,9151,8000,8500.0,Maharashtra,Other
2021-12-27,Cotton,15,Wardha,FAQ,Samudrapur,8875,8000,8300.0,Maharashtra,Other
2021-12-27,Cotton,15,Chandrapur,FAQ,Korpana,8500,7600,8100.0,Maharashtra,Desi
2021-12-27,Cotton,15,Amarawati,FAQ,Amarawati,8800,8400,8600.0,Maharashtra,Other
2021-12-27,Cotton,15,Nagpur,FAQ,Savner,8675,8600,8600.0,Maharashtra,Other
2021-12-27,Cotton,15,Nagpur,FAQ,Parshiwani,8600,8525,8575.0,Maharashtra,H-4(A) 27mm FIne
2021-12-27,Cotton,15,Nagpur,FAQ,Mauda,9300,9200,9250.0,Maharashtra,Other
2021-12-27,Cotton,15,Chandrapur,FAQ,Chimur,8525,8500,8520.0,Maharashtra,Other
2021-12-27,Cotton,15,Gadchiroli,FAQ,Sironcha,8200,8000,8100.0,Maharashtra,Other
2021-12-27,Cotton,15,Parbhani,FAQ,Selu,8740,8000,8700.0,Maharashtra,Other
2021-12-27,Cotton,15,Beed,FAQ,Kille Dharur,8577,8505,8526.0,Maharashtra,Other
2021-12-27,Cotton,15,Beed,FAQ,Vadvani,8350,7850,8200.0,Maharashtra,Other
2021-12-27,Cotton,15,Nanded,FAQ,Himalyatnagar,8100,8000,8050.0,Maharashtra,Other
2021-12-27,Cotton,15,Nagpur,FAQ,Umared,8740,8400,8650.0,Maharashtra,Desi
2021-12-28,Cotton,15,Nanded,FAQ,Himalyatnagar,8300,8200,8250.0,Maharashtra,Other
2021-12-28,Cotton,15,Buldhana,FAQ,Deoulgaon Raja,8820,8350,8550.0,Maharashtra,Desi
2021-12-28,Cotton,15,Parbhani,FAQ,Sonpeth,8400,8300,8350.0,Maharashtra,Other
2021-12-28,Cotton,15,Wardha,FAQ,Wardha,9000,8750,8850.0,Maharashtra,Other
2021-12-28,Cotton,15,Amarawati,FAQ,Amarawati,8900,8500,8700.0,Maharashtra,Other
2021-12-28,Cotton,15,Chandrapur,FAQ,Varora,8821,8100,8700.0,Maharashtra,Desi
2021-12-28,Cotton,15,Wardha,FAQ,Sindi,8700,8580,8650.0,Maharashtra,Other
2021-12-28,Cotton,15,Chandrapur,FAQ,Gondpimpri,8200,8050,8100.0,Maharashtra,Other
2021-12-28,Cotton,15,Hingoli,FAQ,Akhadabalapur,7200,7000,7100.0,Maharashtra,Desi
2021-12-28,Cotton,15,Nagpur,FAQ,Narkhed,8700,8000,8500.0,Maharashtra,Other
2021-12-28,Cotton,15,Yavatmal,FAQ,Ralegaon,9025,8200,8850.0,Maharashtra,Other
2021-12-29,Cotton,15,Parbhani,FAQ,Sonpeth,8500,8400,8450.0,Maharashtra,Other
2021-12-29,Cotton,15,Chandrapur,FAQ,Varora,8800,8200,8710.0,Maharashtra,Desi
2021-12-29,Cotton,15,Wardha,FAQ,Samudrapur,8800,8000,8400.0,Maharashtra,Other
2021-12-29,Cotton,15,Nagpur,FAQ,Kalmeshwar,8800,8400,8600.0,Maharashtra,Other
2021-12-29,Cotton,15,Hingoli,FAQ,Hingoli,8235,8005,8120.0,Maharashtra,Other
2021-12-29,Cotton,15,Jalgaon,FAQ,Jamner,8023,6535,7415.0,Maharashtra,Other
2021-12-29,Cotton,15,Chandrapur,FAQ,Bhadrawati,8700,8400,8550.0,Maharashtra,Other
2021-12-29,Cotton,15,Nanded,FAQ,Kinwat,8630,8400,8500.0,Maharashtra,Other
2021-12-30,Cotton,15,Chandrapur,FAQ,Varora,8901,8450,8700.0,Maharashtra,Desi
2021-12-30,Cotton,15,Chandrapur,FAQ,Korpana,8700,8200,8400.0,Maharashtra,Desi
2021-12-30,Cotton,15,Yavatmal,FAQ,ZariZamini,8610,8350,8415.0,Maharashtra,Other
2021-12-30,Cotton,15,Nagpur,FAQ,Hingna,8850,8395,8395.0,Maharashtra,Other
2021-12-30,Cotton,15,Parbhani,FAQ,Sonpeth,8800,8750,8780.0,Maharashtra,Other
2021-12-30,Cotton,15,Jalgaon,FAQ,Yawal,7330,6320,6770.0,Maharashtra,Other
2021-12-30,Cotton,15,Jalgaon,FAQ,Jamner,8025,6550,7441.0,Maharashtra,Other
2021-12-30,Cotton,15,Amarawati,FAQ,Amarawati,9000,8800,8900.0,Maharashtra,Other
2021-12-30,Cotton,15,Hingoli,FAQ,Hingoli,8208,8005,8106.0,Maharashtra,Other
2021-12-30,Cotton,15,Wardha,FAQ,Hinganghat,9130,8400,8720.0,Maharashtra,Other
2021-12-30,Cotton,15,Yavatmal,FAQ,Ralegaon,9200,8500,8900.0,Maharashtra,Other
2021-12-30,Cotton,15,Nagpur,FAQ,Bhiwapur,8700,8625,8665.0,Maharashtra,Other
2021-12-30,Cotton,15,Nagpur,FAQ,Kalmeshwar,8850,8550,8650.0,Maharashtra,Other
2021-12-30,Cotton,15,Wardha,FAQ,Ashti,8750,8500,8650.0,Maharashtra,Other
2021-12-30,Cotton,15,Akola,FAQ,Akola,8300,8200,8250.0,Maharashtra,Desi
2021-12-31,Cotton,15,Jalgaon,FAQ,Jamner,8030,6567,7450.0,Maharashtra,Other
2021-12-31,Cotton,15,Hingoli,FAQ,Hingoli,8699,8500,8599.0,Maharashtra,Other
2021-12-31,Cotton,15,Nagpur,FAQ,Narkhed,8700,8000,8400.0,Maharashtra,Other
2021-12-31,Cotton,15,Akola,FAQ,Akola,8600,8500,8525.0,Maharashtra,Desi
2021-12-31,Cotton,15,Nagpur,FAQ,Savner,9050,9000,9025.0,Maharashtra,Other
2021-12-31,Cotton,15,Nagpur,FAQ,Umared,9300,8400,9200.0,Maharashtra,Desi
2021-12-31,Cotton,15,Buldhana,FAQ,Deoulgaon Raja,9330,8500,8650.0,Maharashtra,Desi
2021-12-31,Cotton,15,Nagpur,FAQ,Katol,8980,8150,8460.0,Maharashtra,Desi
2021-12-31,Cotton,15,Parbhani,FAQ,Parbhani,9100,8700,8800.0,Maharashtra,Other
2021-12-31,Cotton,15,Chandrapur,FAQ,Bhadrawati,9000,8400,8700.0,Maharashtra,Other
2021-12-31,Cotton,15,Wardha,FAQ,Sindi,9000,8520,8800.0,Maharashtra,Other
2022-01-01,Cotton,15,Nagpur,FAQ,Narkhed,8700,8000,8400.0,Maharashtra,Other
2022-01-01,Cotton,15,Jalgaon,FAQ,Yawal,7380,6350,6830.0,Maharashtra,Other
2022-01-01,Cotton,15,Nanded,FAQ,Himalyatnagar,8900,8500,8800.0,Maharashtra,Other
2022-01-01,Cotton,15,Hingoli,FAQ,Akhadabalapur,9500,9000,9250.0,Maharashtra,Desi
2022-01-01,Cotton,15,Wardha,FAQ,Sindi(Selu),9705,8550,9560.0,Maharashtra,Other
2022-01-01,Cotton,15,Buldhana,FAQ,Deoulgaon Raja,9560,8900,9250.0,Maharashtra,Desi
2022-01-02,Cotton,15,Nagpur,FAQ,Bhiwapur,9510,9250,9380.0,Maharashtra,Other
2022-01-02,Cotton,15,Chandrapur,FAQ,Bhadrawati,9100,9050,9075.0,Maharashtra,Other
2022-01-03,Cotton,15,Chandrapur,FAQ,Korpana,9150,7700,8650.0,Maharashtra,Desi
2022-01-03,Cotton,15,Nagpur,FAQ,Katol,9400,8600,8800.0,Maharashtra,Desi
2022-01-03,Cotton,15,Yavatmal,FAQ,ZariZamini,9250,8180,9002.0,Maharashtra,Other
2022-01-03,Cotton,15,Nagpur,FAQ,Kalmeshwar,9450,8900,9115.0,Maharashtra,Other
2022-01-03,Cotton,15,Wardha,FAQ,Sindi(Selu),9850,8560,9790.0,Maharashtra,Other
2022-01-03,Cotton,15,Chandrapur,FAQ,Chimur,9450,9400,9425.0,Maharashtra,Other
2022-01-04,Cotton,15,Wardha,FAQ,Arvi,10070,8900,9500.0,Maharashtra,H-4(A) 27mm FIne
2022-01-04,Cotton,15,Nagpur,FAQ,Katol,9400,8300,9000.0,Maharashtra,Desi
2022-01-04,Cotton,15,Buldhana,FAQ,Khamgaon,9500,8500,9000.0,Maharashtra,Other
2022-01-04,Cotton,15,Chandrapur,FAQ,Chimur,9850,9800,9825.0,Maharashtra,Other
2022-01-04,Cotton,15,Nagpur,FAQ,Hingna,9035,9035,9035.0,Maharashtra,Other
2022-01-05,Cotton,15,Jalgaon,FAQ,Jamner,8150,6565,7600.0,Maharashtra,Other
2022-01-05,Cotton,15,Yavatmal,FAQ,ZariZamini,9720,8600,9402.0,Maharashtra,Other
2022-01-06,Cotton,15,Nagpur,FAQ,Kalmeshwar,9600,9200,9400.0,Maharashtra,Other
2022-01-07,Cotton,15,Parbhani,FAQ,Parbhani,9620,8400,9560.0,Maharashtra,Other
2022-01-07,Cotton,15,Yavatmal,FAQ,Ralegaon,9750,9000,9650.0,Maharashtra,Other
2022-01-07,Cotton,15,Nanded,FAQ,Kinwat,9450,9245,9400.0,Maharashtra,Other
2022-01-08,Cotton,15,Buldhana,FAQ,Khamgaon,9500,8000,8750.0,Maharashtra,Other
2022-01-08,Cotton,15,Chandrapur,FAQ,Chimur,9775,9700,9750.0,Maharashtra,Other
2022-01-09,Cotton,15,Chandrapur,FAQ,Bhadrawati,9600,9400,9500.0,Maharashtra,Other
2022-01-10,Cotton,15,Gadchiroli,FAQ,Sironcha,9300,8500,9100.0,Maharashtra,Other
2022-01-10,Cotton,15,Wardha,FAQ,Wardha,9950,9350,9800.0,Maharashtra,Other
2022-01-10,Cotton,15,Jalgaon,FAQ,Jamner,9200,8100,8600.0,Maharashtra,Other
2022-01-11,Cotton,15,Parbhani,FAQ,Parbhani,9560,8300,9440.0,Maharashtra,Other
2022-01-11,Cotton,15,Nanded,FAQ,Himalyatnagar,9200,9000,9100.0,Maharashtra,Other
2022-01-11,Cotton,15,Wardha,FAQ,Arvi,9800,9000,9500.0,Maharashtra,H-4(A) 27mm FIne
2022-01-12,Cotton,15,Gadchiroli,FAQ,Sironcha,9300,8500,9100.0,Maharashtra,Other
2022-01-12,Cotton,15,Parbhani,FAQ,Sonpeth,9200,8500,9150.0,Maharashtra,Other
2022-01-12,Cotton,15,Parbhani,FAQ,Manwat,9660,8100,9550.0,Maharashtra,Desi
2022-01-13,Cotton,15,Parbhani,FAQ,Parbhani,9700,8400,9655.0,Maharashtra,Other
2022-01-13,Cotton,15,Nagpur,FAQ,Kalmeshwar,9600,9200,9400.0,Maharashtra,Other
2022-01-14,Cotton,15,Nagpur,FAQ,Kalmeshwar,9600,9200,9400.0,Maharashtra,Other
2022-01-14,Cotton,15,Yavatmal,FAQ,Ralegaon,9700,9000,9600.0,Maharashtra,Other
2022-01-14,Cotton,15,Jalgaon,FAQ,Yawal,8020,7190,7650.0,Maharashtra,Other
2022-01-15,Cotton,15,Buldhana,FAQ,Khamgaon,9500,8500,9000.0,Maharashtra,Other
2022-01-15,Cotton,15,Yavatmal,FAQ,Ralegaon,9800,9200,9600.0,Maharashtra,Other
2022-01-15,Cotton,15,Chandrapur,FAQ,Bhadrawati,9600,8200,8900.0,Maharashtra,Other
2022-01-17,Cotton,15,Jalgaon,FAQ,Jamner,9190,7900,9000.0,Maharashtra,Other
2022-01-17,Cotton,15,Yavatmal,FAQ,ZariZamini,9520,7550,8150.0,Maharashtra,Other
2022-01-17,Cotton,15,Gadchiroli,FAQ,Sironcha,9300,8900,9100.0,Maharashtra,Other
2022-01-17,Cotton,15,Parbhani,FAQ,Sonpeth,9600,8500,9400.0,Maharashtra,Other
2022-01-18,Cotton,15,Buldhana,FAQ,Deoulgaon Raja,9970,9300,9600.0,Maharashtra,Desi
2022-01-18,Cotton,15,Yavatmal,FAQ,ZariZamini,9730,8300,8500.0,Maharashtra,Other
2022-01-18,Cotton,15,Hingoli,FAQ,Hingoli,9999,9849,9924.0,Maharashtra,Other
2022-01-19,Cotton,15,Chandrapur,FAQ,Varora,9900,9300,9850.0,Maharashtra,Desi
2022-01-19,Cotton,15,Wardha,FAQ,Sindi(Selu),10250,9500,9950.0,Maharashtra,Other
2022-01-19,Cotton,15,Yavatmal,FAQ,ZariZamini,9770,8500,9050.0,Maharashtra,Other
2022-01-19,Cotton,15,Wardha,FAQ,Arvi,10100,9500,9800.0,Maharashtra,H-4(A) 27mm FIne
2022-01-20,Cotton,15,Wardha,FAQ,Sindi(Selu),10350,9500,9990.0,Maharashtra,Other
2022-01-20,Cotton,15,Chandrapur,FAQ,Korpana,9999,8500,9500.0,Maharashtra,Desi
2022-01-20,Cotton,15,Hingoli,FAQ,Hingoli,9690,9500,9595.0,Maharashtra,Other
2022-01-20,Cotton,15,Vashim,FAQ,Mangrulpeer,10000,9000,9300.0,Maharashtra,Other
2022-01-20,Cotton,15,Jalana,FAQ,Ghansawangi,9600,8900,9400.0,Maharashtra,Other
2022-01-20,Cotton,15,Nagpur,FAQ,Hingna,10000,9000,9000.0,Maharashtra,Other
2022-01-20,Cotton,15,Wardha,FAQ,Wardha,10200,8850,9950.0,Maharashtra,Other
2022-01-21,Cotton,15,Wardha,FAQ,Arvi,9900,9500,9700.0,Maharashtra,H-4(A) 27mm FIne
2022-01-21,Cotton,15,Wardha,FAQ,Wardha,10100,8650,9950.0,Maharashtra,Other
2022-01-21,Cotton,15,Chandrapur,FAQ,Varora,9820,8500,9500.0,Maharashtra,Desi
2022-01-21,Cotton,15,Wardha,FAQ,Sindi,10100,8700,9500.0,Maharashtra,Other
2022-01-21,Cotton,15,Nagpur,FAQ,Hingna,9800,9600,9800.0,Maharashtra,Other
2022-01-22,Cotton,15,Nagpur,FAQ,Narkhed,9800,9000,9500.0,Maharashtra,Other
2022-01-22,Cotton,15,Buldhana,FAQ,Khamgaon,9500,8600,9050.0,Maharashtra,Other
2022-01-22,Cotton,15,Nagpur,FAQ,Kalmeshwar,9700,9300,9500.0,Maharashtra,Other
2022-01-23,Cotton,15,Chandrapur,FAQ,Varora,9550,8500,9350.0,Maharashtra,Desi
2022-01-24,Cotton,15,Nagpur,FAQ,Katol,9600,8500,9200.0,Maharashtra,Desi
2022-01-24,Cotton,15,Buldhana,FAQ,Khamgaon,9450,8500,8975.0,Maharashtra,Other
2022-01-24,Cotton,15,Yavatmal,FAQ,ZariZamini,9500,6500,9200.0,Maharashtra,Other
2022-01-24,Cotton,15,Nagpur,FAQ,Narkhed,9600,9000,9400.0,Maharashtra,Other
2022-01-24,Cotton,15,Jalgaon,FAQ,Jamner,9360,9000,9340.0,Maharashtra,Other
2022-01-25,Cotton,15,Nagpur,FAQ,Mandhal,9500,8597,9000.0,Maharashtra,Other
2022-01-25,Cotton,15,Chandrapur,FAQ,Varora,9700,8000,9500.0,Maharashtra,Desi
2022-01-25,Cotton,15,Chandrapur,FAQ,Chimur,9850,9800,9825.0,Maharashtra,Other
2022-01-25,Cotton,15,Hingoli,FAQ,Hingoli,9550,9400,9475.0,Maharashtra,Other
2022-01-25,Cotton,15,Buldhana,FAQ,Deoulgaon Raja,9885,9000,9500.0,Maharashtra,Desi
2022-01-25,Cotton,15,Wardha,FAQ,Sindi,10000,9200,9450.0,Maharashtra,Other
2022-01-26,Cotton,15,Vashim,FAQ,Mangrulpeer,9700,9000,9500.0,Maharashtra,Other
2022-01-27,Cotton,15,Wardha,FAQ,Sindi,9800,8500,9050.0,Maharashtra,Other
2022-01-27,Cotton,15,Nagpur,FAQ,Narkhed,9600,9000,9400.0,Maharashtra,Other
2022-01-27,Cotton,15,Nagpur,FAQ,Katol,9650,8500,9200.0,Maharashtra,Desi
2022-01-27,Cotton,15,Vashim,FAQ,Mangrulpeer,9900,8000,9400.0,Maharashtra,Other
2022-01-27,Cotton,15,Hingoli,FAQ,Hingoli,9700,9550,9625.0,Maharashtra,Other
2022-01-27,Cotton,15,Chandrapur,FAQ,Korpana,9800,8000,8800.0,Maharashtra,Desi
2022-01-28,Cotton,15,Nagpur,FAQ,Kalmeshwar,9900,9500,9700.0,Maharashtra,Other
2022-01-28,Cotton,15,Jalgaon,FAQ,Yawal,8610,7820,8120.0,Maharashtra,Other
2022-01-28,Cotton,15,Nanded,FAQ,Himalyatnagar,9300,9000,9200.0,Maharashtra,Other
2022-01-29,Cotton,15,Nagpur,FAQ,Narkhed,9700,9000,9400.0,Maharashtra,Other
2022-01-29,Cotton,15,Wardha,FAQ,Sindi,9800,8500,9420.0,Maharashtra,Other
2022-01-30,Cotton,15,Chandrapur,FAQ,Varora,10025,8100,9600.0,Maharashtra,Desi
2022-01-31,Cotton,15,Nanded,FAQ,Kinwat,9760,8575,9675.0,Maharashtra,Other
2022-01-31,Cotton,15,Chandrapur,FAQ,Bhadrawati,10050,6200,8125.0,Maharashtra,Other
2022-01-31,Cotton,15,Parbhani,FAQ,Sonpeth,9900,8500,9700.0,Maharashtra,Other
2022-01-31,Cotton,15,Hingoli,FAQ,Hingoli,9700,9550,9625.0,Maharashtra,Other
2022-02-01,Cotton,15,Parbhani,FAQ,Sonpeth,9900,8400,9500.0,Maharashtra,Other
2022-02-01,Cotton,15,Jalgaon,FAQ,Jamner,9380,7800,9350.0,Maharashtra,Other
2022-02-01,Cotton,15,Wardha,FAQ,Sindi,10000,8700,9560.0,Maharashtra,Other
2022-02-01,Cotton,15,Wardha,FAQ,Sindi(Selu),10605,9500,10420.0,Maharashtra,Other
2022-02-02,Cotton,15,Hingoli,FAQ,Hingoli,9999,9849,9924.0,Maharashtra,Other
2022-02-02,Cotton,15,Jalgaon,FAQ,Jamner,9400,7890,9360.0,Maharashtra,Other
2022-02-02,Cotton,15,Nanded,FAQ,Himalyatnagar,9000,8800,8900.0,Maharashtra,Other
2022-02-02,Cotton,15,Wardha,FAQ,Arvi,10200,9500,9800.0,Maharashtra,H-4(A) 27mm FIne
2022-02-02,Cotton,15,Nagpur,FAQ,Hingna,10301,8793,10117.0,Maharashtra,Other
2022-02-03,Cotton,15,Buldhana,FAQ,Khamgaon,9700,8800,9250.0,Maharashtra,Other
2022-02-03,Cotton,15,Wardha,FAQ,Wardha,10100,8250,9900.0,Maharashtra,Other
2022-02-03,Cotton,15,Nanded,FAQ,Kinwat,10000,8700,9870.0,Maharashtra,Other
2022-02-03,Cotton,15,Nagpur,FAQ,Kalmeshwar,10100,9500,9800.0,Maharashtra,Other
2022-02-03,Cotton,15,Wardha,FAQ,Arvi,10000,9500,9800.0,Maharashtra,H-4(A) 27mm FIne
2022-02-04,Cotton,15,Gadchiroli,FAQ,Sironcha,9800,8900,9500.0,Maharashtra,Other
2022-02-04,Cotton,15,Nagpur,FAQ,Kalmeshwar,10100,9500,9800.0,Maharashtra,Other
2022-02-04,Cotton,15,Chandrapur,FAQ,Varora,10050,8300,9600.0,Maharashtra,Desi
2022-02-04,Cotton,15,Parbhani,FAQ,Manwat,10200,8400,10130.0,Maharashtra,Desi
2022-02-05,Cotton,15,Nanded,FAQ,Kinwat,10000,8500,9900.0,Maharashtra,Other
2022-02-05,Cotton,15,Parbhani,FAQ,Parbhani,10090,8755,10035.0,Maharashtra,Other
2022-02-07,Cotton,15,Buldhana,FAQ,Deoulgaon Raja,10210,9500,9800.0,Maharashtra,Desi
2022-02-07,Cotton,15,Chandrapur,FAQ,Varora,10000,8000,9500.0,Maharashtra,Desi
2022-02-07,Cotton,15,Gadchiroli,FAQ,Sironcha,9800,9000,9500.0,Maharashtra,Other
2022-02-07,Cotton,15,Parbhani,FAQ,Parbhani,10065,8540,10040.0,Maharashtra,Other
2022-02-08,Cotton,15,Parbhani,FAQ,Sonpeth,9800,8000,9200.0,Maharashtra,Other
2022-02-08,Cotton,15,Wardha,FAQ,Wardha,10200,8500,9950.0,Maharashtra,Other
2022-02-08,Cotton,15,Hingoli,FAQ,Hingoli,10000,9850,9925.0,Maharashtra,Other
2022-02-08,Cotton,15,Nagpur,FAQ,Katol,9800,8000,8600.0,Maharashtra,Desi
2022-02-09,Cotton,15,Wardha,FAQ,Wardha,10250,8500,9950.0,Maharashtra,Other
2022-02-09,Cotton,15,Wardha,FAQ,Sindi,10100,8200,9650.0,Maharashtra,Other
2022-02-09,Cotton,15,Nanded,FAQ,Himalyatnagar,9500,9400,9450.0,Maharashtra,Other
2022-02-09,Cotton,15,Jalgaon,FAQ,Jamner,9425,7855,9360.0,Maharashtra,Other
2022-02-09,Cotton,15,Parbhani,FAQ,Manwat,10225,8300,10110.0,Maharashtra,Desi
2022-02-09,Cotton,15,Nagpur,FAQ,Narkhed,10000,9500,9800.0,Maharashtra,Other
2022-02-10,Cotton,15,Wardha,FAQ,Sindi(Selu),10600,9500,10250.0,Maharashtra,Other
2022-02-10,Cotton,15,Parbhani,FAQ,Sonpeth,9900,8000,9100.0,Maharashtra,Other
2022-02-10,Cotton,15,Nagpur,FAQ,Hingna,10333,8550,10171.0,Maharashtra,Other
2022-02-11,Cotton,15,Nagpur,FAQ,Narkhed,9900,9500,9800.0,Maharashtra,Other
2022-02-11,Cotton,15,Nagpur,FAQ,Katol,9800,8000,9200.0,Maharashtra,Desi
2022-02-11,Cotton,15,Parbhani,FAQ,Sonpeth,9800,8000,9100.0,Maharashtra,Other
2022-02-12,Cotton,15,Chandrapur,FAQ,Chimur,10100,10000,10050.0,Maharashtra,Other
2022-02-12,Cotton,15,Buldhana,FAQ,Khamgaon,9850,8800,9325.0,Maharashtra,Other
2022-02-12,Cotton,15,Hingoli,FAQ,Hingoli,10000,9800,9900.0,Maharashtra,Other
2022-02-13,Cotton,15,Nagpur,FAQ,Kalmeshwar,10100,9500,9700.0,Maharashtra,Other
2022-02-13,Cotton,15,Parbhani,FAQ,Sonpeth,10000,8000,9450.0,Maharashtra,Other
2022-02-14,Cotton,15,Chandrapur,FAQ,Varora,10251,8000,9450.0,Maharashtra,Desi
2022-02-14,Cotton,15,Wardha,FAQ,Wardha,10400,8550,9850.0,Maharashtra,Other
2022-02-14,Cotton,15,Chandrapur,FAQ,Chimur,10300,10100,10250.0,Maharashtra,Other
2022-02-15,Cotton,15,Buldhana,FAQ,Khamgaon,9800,8800,9300.0,Maharashtra,Other
2022-02-15,Cotton,15,Parbhani,FAQ,Parbhani,10300,8500,10275.0,Maharashtra,Other
2022-02-15,Cotton,15,Yavatmal,FAQ,ZariZamini,10050,7500,9863.0,Maharashtra,Other
2022-02-16,Cotton,15,Gadchiroli,FAQ,Sironcha,9500,9000,9200.0,Maharashtra,Other
2022-02-16,Cotton,15,Nagpur,FAQ,Narkhed,10000,9500,9800.0,Maharashtra,Other
2022-02-16,Cotton,15,Vashim,FAQ,Mangrulpeer,10000,8500,9500.0,Maharashtra,Other
2022-02-16,Cotton,15,Wardha,FAQ,Sindi(Selu),10500,9500,10360.0,Maharashtra,Other
2022-02-16,Cotton,15,Nagpur,FAQ,Bhiwapur,10260,9000,9630.0,Maharashtra,Other
2022-02-16,Cotton,15,Wardha,FAQ,Wardha,10400,8600,9750.0,Maharashtra,Other
2022-02-16,Cotton,15,Yavatmal,FAQ,Ralegaon,10300,9100,10100.0,Maharashtra,Other
2022-02-17,Cotton,15,Yavatmal,FAQ,ZariZamini,9780,7200,9650.0,Maharashtra,Other
2022-02-17,Cotton,15,Wardha,FAQ,Sindi(Selu),10500,9500,10360.0,Maharashtra,Other
2022-02-17,Cotton,15,Vashim,FAQ,Mangrulpeer,10000,8000,9500.0,Maharashtra,Other
2022-02-17,Cotton,15,Nagpur,FAQ,Narkhed,9900,9500,9800.0,Maharashtra,Other
2022-02-17,Cotton,15,Chandrapur,FAQ,Bhadrawati,9850,7200,8525.0,Maharashtra,Other
2022-02-17,Cotton,15,Nagpur,FAQ,Mauda,9600,9000,9300.0,Maharashtra,Other
2022-02-18,Cotton,15,Wardha,FAQ,Sindi(Selu),10625,9000,10360.0,Maharashtra,Other
2022-02-18,Cotton,15,Buldhana,FAQ,Deoulgaon Raja,10250,9500,9800.0,Maharashtra,Desi
2022-02-18,Cotton,15,Chandrapur,FAQ,Chimur,10175,10100,10150.0,Maharashtra,Other
2022-02-20,Cotton,15,Nagpur,FAQ,Narkhed,9900,9500,9700.0,Maharashtra,Other
2022-02-21,Cotton,15,Wardha,FAQ,Wardha,10300,8650,9950.0,Maharashtra,Other
2022-02-21,Cotton,15,Nagpur,FAQ,Mauda,9700,8900,9300.0,Maharashtra,Other
2022-02-21,Cotton,15,Nagpur,FAQ,Narkhed,9800,9500,9600.0,Maharashtra,Other
2022-02-21,Cotton,15,Chandrapur,FAQ,Varora,10251,7700,9500.0,Maharashtra,Desi
2022-02-22,Cotton,15,Chandrapur,FAQ,Korpana,9800,7500,8100.0,Maharashtra,Desi
2022-02-22,Cotton,15,Buldhana,FAQ,Deoulgaon Raja,10210,9500,9800.0,Maharashtra,Desi
2022-02-22,Cotton,15,Chandrapur,FAQ,Bhadrawati,9800,7500,8650.0,Maharashtra,Other
2022-02-23,Cotton,15,Nanded,FAQ,Himalyatnagar,9600,9400,9500.0,Maharashtra,Other
2022-02-23,Cotton,15,Yavatmal,FAQ,Ralegaon,10150,9100,10000.0,Maharashtra,Other
2022-02-23,Cotton,15,Jalana,FAQ,Ghansawangi,10200,8500,9800.0,Maharashtra,Other
2022-02-23,Cotton,15,Parbhani,FAQ,Parbhani,10195,8600,10150.0,Maharashtra,Other
2022-02-23,Cotton,15,Nagpur,FAQ,Bhiwapur,10300,8500,9400.0,Maharashtra,Other
2022-02-23,Cotton,15,Wardha,FAQ,Arvi,10100,9500,9800.0,Maharashtra,H-4(A) 27mm FIne
2022-02-24,Cotton,15,Parbhani,FAQ,Parbhani,10210,8600,10140.0,Maharashtra,Other
2022-02-24,Cotton,15,Wardha,FAQ,Sindi,10150,7000,9500.0,Maharashtra,Other
2022-02-25,Cotton,15,Buldhana,FAQ,Khamgaon,9700,8900,9300.0,Maharashtra,Other
2022-02-25,Cotton,15,Wardha,FAQ,Arvi,10000,9500,9800.0,Maharashtra,H-4(A) 27mm FIne
2022-02-25,Cotton,15,Nagpur,FAQ,Hingna,10080,8140,9880.0,Maharashtra,Other
2022-02-25,Cotton,15,Hingoli,FAQ,Hingoli,9800,9500,9650.0,Maharashtra,Other
2022-02-25,Cotton,15,Chandrapur,FAQ,Varora,10100,7500,9600.0,Maharashtra,Desi
2022-02-25,Cotton,15,Nagpur,FAQ,Katol,9800,8000,8600.0,Maharashtra,Desi
2022-02-26,Cotton,15,Chandrapur,FAQ,Bhadrawati,9700,7200,8450.0,Maharashtra,Other
2022-02-26,Cotton,15,Parbhani,FAQ,Parbhani,10200,8700,10150.0,Maharashtra,Other
2022-02-27,Cotton,15,Nagpur,FAQ,Bhiwapur,10200,7500,8850.0,Maharashtra,Other
2022-02-28,Cotton,15,Chandrapur,FAQ,Chimur,10100,9950,10000.0,Maharashtra,Other
2022-02-28,Cotton,15,Wardha,FAQ,Arvi,10000,9500,9800.0,Maharashtra,H-4(A) 27mm FIne
2022-02-28,Cotton,15,Yavatmal,FAQ,ZariZamini,9500,6000,7183.0,Maharashtra,Other
2022-02-28,Cotton,15,Hingoli,FAQ,Hingoli,10000,7900,9850.0,Maharashtra,Other
2022-02-28,Cotton,15,Wardha,FAQ,Wardha,10100,7500,9850.0,Maharashtra,Other
2022-02-28,Cotton,15,Chandrapur,FAQ,Korpana,9500,7000,8000.0,Maharashtra,Desi
2022-02-28,Cotton,15,Buldhana,FAQ,Deoulgaon Raja,10000,9000,9700.0,Maharashtra,Desi
2022-03-01,Cotton,15,Parbhani,FAQ,Sonpeth,9500,7150,9400.0,Maharashtra,Other
2022-03-02,Cotton,15,Yavatmal,FAQ,ZariZamini,9500,6150,7307.0,Maharashtra,Other
2022-03-02,Cotton,15,Jalana,FAQ,Ghansawangi,10200,8400,10100.0,Maharashtra,Other
2022-03-02,Cotton,15,Parbhani,FAQ,Manwat,10455,8100,10220.0,Maharashtra,Desi
2022-03-03,Cotton,15,Nagpur,FAQ,Hingna,9880,6700,8386.0,Maharashtra,Other
2022-03-03,Cotton,15,Jalgaon,FAQ,Jamner,9515,7800,9500.0,Maharashtra,Other
2022-03-03,Cotton,15,Chandrapur,FAQ,Chimur,10050,10000,10025.0,Maharashtra,Other
2022-03-03,Cotton,15,Nanded,FAQ,Himalyatnagar,9600,9500,9550.0,Maharashtra,Other
2022-03-04,Cotton,15,Chandrapur,FAQ,Bhadrawati,9950,7000,8475.0,Maharashtra,Other
2022-03-04,Cotton,15,Nagpur,FAQ,Narkhed,9900,9000,9400.0,Maharashtra,Other
2022-03-04,Cotton,15,Wardha,FAQ,Arvi,10200,9500,9800.0,Maharashtra,H-4(A) 27mm FIne
2022-03-04,Cotton,15,Nagpur,FAQ,Mandhal,7993,7993,7993.0,Maharashtra,Other
2022-03-05,Cotton,15,Parbhani,FAQ,Sonpeth,9800,7100,9600.0,Maharashtra,Other
2022-03-05,Cotton,15,Parbhani,FAQ,Parbhani,10255,8100,10200.0,Maharashtra,Other
2022-03-05,Cotton,15,Chandrapur,FAQ,Chimur,10150,10000,10100.0,Maharashtra,Other
2022-03-05,Cotton,15,Nagpur,FAQ,Hingna,9776,6518,6987.0,Maharashtra,Other
2022-03-06,Cotton,15,Nagpur,FAQ,Narkhed,9900,9500,9700.0,Maharashtra,Other
2022-03-07,Cotton,15,Nagpur,FAQ,Mauda,9000,7500,8250.0,Maharashtra,Other
2022-03-07,Cotton,15,Wardha,FAQ,Wardha,10200,8650,9650.0,Maharashtra,Other
2022-03-08,Cotton,15,Buldhana,FAQ,Khamgaon,9700,8800,9250.0,Maharashtra,Other
2022-03-08,Cotton,15,Parbhani,FAQ,Sonpeth,9800,7000,9600.0,Maharashtra,Other
2022-03-08,Cotton,15,Chandrapur,FAQ,Chimur,10150,10000,10100.0,Maharashtra,Other
2022-03-08,Cotton,15,Nagpur,FAQ,Kalmeshwar,9900,9000,9500.0,Maharashtra,Other
2022-03-08,Cotton,15,Vashim,FAQ,Mangrulpeer,9800,7500,9500.0,Maharashtra,Other
2022-03-08,Cotton,15,Nagpur,FAQ,Hingna,8882,6830,8280.0,Maharashtra,Other
2022-03-09,Cotton,15,Chandrapur,FAQ,Korpana,10025,7000,9800.0,Maharashtra,Desi
2022-03-09,Cotton,15,Gadchiroli,FAQ,Sironcha,9800,9000,9400.0,Maharashtra,Other
2022-03-09,Cotton,15,Chandrapur,FAQ,Varora,10171,7100,9400.0,Maharashtra,Desi
2022-03-09,Cotton,15,Chandrapur,FAQ,Bhadrawati,10000,7000,8500.0,Maharashtra,Other
2022-03-10,Cotton,15,Nagpur,FAQ,Katol,9500,7700,9300.0,Maharashtra,Desi
2022-03-10,Cotton,15,Chandrapur,FAQ,Bhadrawati,10000,7050,8525.0,Maharashtra,Other
2022-03-10,Cotton,15,Buldhana,FAQ,Khamgaon,9700,8800,9250.0,Maharashtra,Other
2022-03-10,Cotton,15,Buldhana,FAQ,Deoulgaon Raja,10335,10335,10335.0,Maharashtra,Desi
2022-03-10,Cotton,15,Wardha,FAQ,Sindi(Selu),10525,8900,10350.0,Maharashtra,Other
2022-03-11,Cotton,15,Nagpur,FAQ,Narkhed,10000,9500,9700.0,Maharashtra,Other
2022-03-11,Cotton,15,Nagpur,FAQ,Katol,9800,8000,9200.0,Maharashtra,Desi
2022-03-11,Cotton,15,Chandrapur,FAQ,Bhadrawati,10000,7450,8725.0,Maharashtra,Other
2022-03-11,Cotton,15,Nagpur,FAQ,Kalmeshwar,10000,9000,9500.0,Maharashtra,Other
2022-03-12,Cotton,15,Chandrapur,FAQ,Varora,10371,7500,9500.0,Maharashtra,Desi
2022-03-12,Cotton,15,Chandrapur,FAQ,Chimur,10300,10200,10225.0,Maharashtra,Other
2022-03-14,Cotton,15,Chandrapur,FAQ,Korpana,10150,7000,9950.0,Maharashtra,Desi
2022-03-14,Cotton,15,Buldhana,FAQ,Khamgaon,9950,9000,9475.0,Maharashtra,Other
2022-03-14,Cotton,15,Chandrapur,FAQ,Varora,10400,7200,9750.0,Maharashtra,Desi
2022-03-14,Cotton,15,Parbhani,FAQ,Parbhani,10800,7500,10685.0,Maharashtra,Other
2022-03-14,Cotton,15,Chandrapur,FAQ,Bhadrawati,10150,6700,8425.0,Maharashtra,Other
2022-03-14,Cotton,15,Nagpur,FAQ,Kalmeshwar,10100,9000,9500.0,Maharashtra,Other
2022-03-15,Cotton,15,Buldhana,FAQ,Khamgaon,9900,8900,9400.0,Maharashtra,Other
2022-03-15,Cotton,15,Nagpur,FAQ,Hingna,8000,7000,8000.0,Maharashtra,Other
2022-03-15,Cotton,15,Nagpur,FAQ,Katol,10000,8000,9000.0,Maharashtra,Desi
2022-03-15,Cotton,15,Nagpur,FAQ,Bhiwapur,10300,7500,8900.0,Maharashtra,Other
2022-03-16,Cotton,15,Wardha,FAQ,Arvi,10400,8200,9000.0,Maharashtra,H-4(A) 27mm FIne
2022-03-16,Cotton,15,Wardha,FAQ,Wardha,10600,8000,9750.0,Maharashtra,Other
2022-03-16,Cotton,15,Parbhani,FAQ,Sonpeth,10300,8300,10200.0,Maharashtra,Other
2022-03-16,Cotton,15,Nanded,FAQ,Himalyatnagar,9600,9500,9550.0,Maharashtra,Other
2022-03-17,Cotton,15,Nagpur,FAQ,Hingna,7600,7600,7600.0,Maharashtra,Other
2022-03-17,Cotton,15,Wardha,FAQ,Sindi(Selu),10700,9000,10450.0,Maharashtra,Other
2022-03-19,Cotton,15,Chandrapur,FAQ,Chimur,10451,10400,10425.0,Maharashtra,Other
2022-03-19,Cotton,15,Jalgaon,FAQ,Jamner,10000,8005,9817.0,Maharashtra,Other
2022-03-20,Cotton,15,Nagpur,FAQ,Kalmeshwar,10200,9000,9500.0,Maharashtra,Other
2022-03-21,Cotton,15,Parbhani,FAQ,Parbhani,11000,8000,10650.0,Maharashtra,Other
2022-03-21,Cotton,15,Nagpur,FAQ,Kalmeshwar,10400,9000,9700.0,Maharashtra,Other
2022-03-21,Cotton,15,Wardha,FAQ,Arvi,10700,8200,9400.0,Maharashtra,H-4(A) 27mm FIne
2022-03-21,Cotton,15,Chandrapur,FAQ,Bhadrawati,10600,7200,8900.0,Maharashtra,Other
2022-03-22,Cotton,15,Nagpur,FAQ,Bhiwapur,10750,8200,9475.0,Maharashtra,Other
2022-03-22,Cotton,15,Wardha,FAQ,Sindi(Selu),11400,8500,10950.0,Maharashtra,Other
2022-03-22,Cotton,15,Jalgaon,FAQ,Yawal,8600,7730,8400.0,Maharashtra,Other
2022-03-23,Cotton,15,Wardha,FAQ,Arvi,11200,8200,9200.0,Maharashtra,H-4(A) 27mm FIne
2022-03-23,Cotton,15,Chandrapur,FAQ,Bhadrawati,8350,8000,8175.0,Maharashtra,Other
2022-03-23,Cotton,15,Nagpur,FAQ,Kalmeshwar,10500,9000,9600.0,Maharashtra,Other
2022-03-23,Cotton,15,Chandrapur,FAQ,Chimur,11511,11101,11300.0,Maharashtra,Other
2022-03-23,Cotton,15,Nagpur,FAQ,Narkhed,10400,10200,10300.0,Maharashtra,Other
2022-03-24,Cotton,15,Nagpur,FAQ,Kalmeshwar,10500,9200,9700.0,Maharashtra,Other
2022-03-24,Cotton,15,Wardha,FAQ,Wardha,11500,8500,9950.0,Maharashtra,Other
2022-03-24,Cotton,15,Jalana,FAQ,Ghansawangi,8700,8100,8400.0,Maharashtra,Other
2022-03-24,Cotton,15,Wardha,FAQ,Samudrapur,11250,7500,9800.0,Maharashtra,Other
2022-03-24,Cotton,15,Jalgaon,FAQ,Jamner,10100,8030,9950.0,Maharashtra,Other
2022-03-25,Cotton,15,Wardha,FAQ,Samudrapur,11400,7000,9800.0,Maharashtra,Other
2022-03-27,Cotton,15,Parbhani,FAQ,Sonpeth,12000,8800,11900.0,Maharashtra,Other
2022-03-27,Cotton,15,Chandrapur,FAQ,Varora,11900,8000,10700.0,Maharashtra,Desi
2022-03-27,Cotton,15,Nagpur,FAQ,Bhiwapur,12020,8500,10260.0,Maharashtra,Other
2022-03-27,Cotton,15,Nagpur,FAQ,Kalmeshwar,11000,9700,10500.0,Maharashtra,Other
2022-03-28,Cotton,15,Jalgaon,FAQ,Yawal,8540,7730,8300.0,Maharashtra,Other
2022-03-28,Cotton,15,Wardha,FAQ,Sindi(Selu),13450,8800,13250.0,Maharashtra,Other
2022-03-28,Cotton,15,Wardha,FAQ,Arvi,12050,8200,9200.0,Maharashtra,H-4(A) 27mm FIne
2022-03-28,Cotton,15,Wardha,FAQ,Wardha,11950,9000,10500.0,Maharashtra,Other
2022-03-29,Cotton,15,Wardha,FAQ,Samudrapur,12250,8000,9800.0,Maharashtra,Other
2022-03-29,Cotton,15,Chandrapur,FAQ,Varora,12501,8000,10000.0,Maharashtra,Desi
2022-03-30,Cotton,15,Parbhani,FAQ,Parbhani,12000,9600,11600.0,Maharashtra,Other
2022-03-30,Cotton,15,Wardha,FAQ,Wardha,12500,8000,10000.0,Maharashtra,Other
2022-03-30,Cotton,15,Jalana,FAQ,Ghansawangi,10200,8900,10000.0,Maharashtra,Other
2022-03-31,Cotton,15,Chandrapur,FAQ,Chimur,12011,11800,11850.0,Maharashtra,Other
2022-03-31,Cotton,15,Jalana,FAQ,Ghansawangi,10300,8900,10100.0,Maharashtra,Other
2022-03-31,Cotton,15,Wardha,FAQ,Sindi(Selu),12825,9000,11930.0,Maharashtra,Other
2022-03-31,Cotton,15,Nagpur,FAQ,Narkhed,11500,11000,11300.0,Maharashtra,Other
2022-03-31,Cotton,15,Parbhani,FAQ,Sonpeth,12400,9100,12100.0,Maharashtra,Other
2022-04-01,Cotton,15,Wardha,FAQ,Sindi(Selu),12000,8000,11000.0,Maharashtra,Other
2022-04-01,Cotton,15,Nagpur,FAQ,Kalmeshwar,11300,9500,10500.0,Maharashtra,Other
2022-04-02,Cotton,15,Wardha,FAQ,Arvi,12200,10500,11000.0,Maharashtra,H-4(A) 27mm FIne
2022-04-03,Cotton,15,Nagpur,FAQ,Kalmeshwar,11400,9500,10500.0,Maharashtra,Other
2022-04-03,Cotton,15,Wardha,FAQ,Arvi,12300,10500,11000.0,Maharashtra,H-4(A) 27mm FIne
2022-04-04,Cotton,15,Nagpur,FAQ,Kalmeshwar,11500,9000,10000.0,Maharashtra,Other
2022-04-05,Cotton,15,Nagpur,FAQ,Bhiwapur,10450,9000,9725.0,Maharashtra,Other
2022-04-06,Cotton,15,Parbhani,FAQ,Sonpeth,12450,9450,12400.0,Maharashtra,Other
2022-04-06,Cotton,15,Jalgaon,FAQ,Jamner,12000,9800,11140.0,Maharashtra,Other
2022-04-06,Cotton,15,Wardha,FAQ,Sindi(Selu),12780,9000,11740.0,Maharashtra,Other
2022-04-07,Cotton,15,Jalgaon,FAQ,Jamner,12000,9850,11200.0,Maharashtra,Other
2022-04-07,Cotton,15,Wardha,FAQ,Sindi(Selu),12890,9000,11560.0,Maharashtra,Other
2022-04-07,Cotton,15,Nagpur,FAQ,Narkhed,11500,10000,11000.0,Maharashtra,Other
2022-04-08,Cotton,15,Jalgaon,FAQ,Jamner,12000,10000,11300.0,Maharashtra,Other
2022-04-08,Cotton,15,Chandrapur,FAQ,Varora,12100,8000,10500.0,Maharashtra,Desi
2022-04-09,Cotton,15,Nagpur,FAQ,Narkhed,12000,10000,11000.0,Maharashtra,Other
2022-04-09,Cotton,15,Wardha,FAQ,Samudrapur,12150,8500,9850.0,Maharashtra,Other
2022-04-09,Cotton,15,Chandrapur,FAQ,Chimur,12100,12050,12075.0,Maharashtra,Other
2022-04-10,Cotton,15,Nagpur,FAQ,Narkhed,11500,10000,11000.0,Maharashtra,Other
2022-04-11,Cotton,15,Wardha,FAQ,Sindi(Selu),12595,9000,11230.0,Maharashtra,Other
2022-04-12,Cotton,15,Wardha,FAQ,Samudrapur,12200,8000,9800.0,Maharashtra,Other
2022-04-14,Cotton,15,Nagpur,FAQ,Narkhed,11500,10000,10500.0,Maharashtra,Other
2022-04-14,Cotton,15,Nagpur,FAQ,Kalmeshwar,11700,8900,9865.0,Maharashtra,Other
2022-04-15,Cotton,15,Wardha,FAQ,Samudrapur,12200,8000,9700.0,Maharashtra,Other
2022-04-16,Cotton,15,Chandrapur,FAQ,Varora,12200,7700,11500.0,Maharashtra,Desi
2022-04-18,Cotton,15,Wardha,FAQ,Samudrapur,12500,8000,9800.0,Maharashtra,Other
2022-04-18,Cotton,15,Parbhani,FAQ,Manwat,12535,9400,12340.0,Maharashtra,Desi
2022-04-18,Cotton,15,Wardha,FAQ,Wardha,12300,8450,10500.0,Maharashtra,Other
2022-04-19,Cotton,15,Parbhani,FAQ,Parbhani,12400,9100,11900.0,Maharashtra,Other
2022-04-19,Cotton,15,Chandrapur,FAQ,Varora,12200,8000,11000.0,Maharashtra,Desi
2022-04-19,Cotton,15,Parbhani,FAQ,Sonpeth,12300,7900,12150.0,Maharashtra,Other
2022-04-20,Cotton,15,Nagpur,FAQ,Umared,12150,9500,12050.0,Maharashtra,Desi
2022-04-20,Cotton,15,Wardha,FAQ,Wardha,12300,8200,10500.0,Maharashtra,Other
2022-04-20,Cotton,15,Nagpur,FAQ,Kalmeshwar,11800,9500,10500.0,Maharashtra,Other
2022-04-20,Cotton,15,Chandrapur,FAQ,Varora,12000,7500,11000.0,Maharashtra,Desi
2022-04-22,Cotton,15,Jalgaon,FAQ,Jamner,11460,9450,11000.0,Maharashtra,Other
2022-04-22,Cotton,15,Chandrapur,FAQ,Chimur,12001,11900,12000.0,Maharashtra,Other
2022-04-23,Cotton,15,Chandrapur,FAQ,Chimur,12001,11700,12000.0,Maharashtra,Other
2022-04-24,Cotton,15,Nagpur,FAQ,Narkhed,11500,10000,11000.0,Maharashtra,Other
2022-04-27,Cotton,15,Jalgaon,FAQ,Jamner,11200,9300,10900.0,Maharashtra,Other
2022-04-27,Cotton,15,Wardha,FAQ,Wardha,12300,8650,10500.0,Maharashtra,Other
2022-04-27,Cotton,15,Wardha,FAQ,Samudrapur,12000,9000,9800.0,Maharashtra,Other
2022-04-28,Cotton,15,Nagpur,FAQ,Kalmeshwar,11500,9000,10000.0,Maharashtra,Other
2022-04-28,Cotton,15,Parbhani,FAQ,Parbhani,12350,8700,9000.0,Maharashtra,Other
2022-04-29,Cotton,15,Nagpur,FAQ,Narkhed,12000,10000,11000.0,Maharashtra,Other
2022-05-01,Cotton,15,Parbhani,FAQ,Sonpeth,12350,9200,12300.0,Maharashtra,Other
2022-05-05,Cotton,15,Jalgaon,FAQ,Jamner,11300,10100,10600.0,Maharashtra,Other
2022-05-06,Cotton,15,Wardha,FAQ,Wardha,12450,8500,10200.0,Maharashtra,Other
2022-05-08,Cotton,15,Nagpur,FAQ,Kalmeshwar,11500,9000,10000.0,Maharashtra,Other
2022-05-09,Cotton,15,Jalgaon,FAQ,Jamner,11300,10400,10800.0,Maharashtra,Other
2022-05-09,Cotton,15,Wardha,FAQ,Wardha,12700,8550,11500.0,Maharashtra,Other
2022-05-10,Cotton,15,Wardha,FAQ,Sindi(Selu),13350,9500,12690.0,Maharashtra,Other
2022-05-10,Cotton,15,Nagpur,FAQ,Mandhal,8965,8965,8965.0,Maharashtra,Other
2022-05-12,Cotton,15,Jalgaon,FAQ,Jamner,11200,10320,10900.0,Maharashtra,Other
2022-05-13,Cotton,15,Wardha,FAQ,Samudrapur,10500,10500,10500.0,Maharashtra,Other
2022-05-14,Cotton,15,Wardha,FAQ,Samudrapur,10300,8500,9800.0,Maharashtra,Other
2022-05-16,Cotton,15,Parbhani,FAQ,Sonpeth,9200,9200,9200.0,Maharashtra,Other
2022-05-17,Cotton,15,Jalgaon,FAQ,Jamner,13000,10000,12000.0,Maharashtra,Other
2022-05-20,Cotton,15,Wardha,FAQ,Sindi(Selu),14065,9600,13950.0,Maharashtra,Other
2022-05-21,Cotton,15,Nagpur,FAQ,Kalmeshwar,12000,9000,10000.0,Maharashtra,Other
2022-05-21,Cotton,15,Wardha,FAQ,Sindi(Selu),14050,9700,13950.0,Maharashtra,Other
2022-05-24,Cotton,15,Wardha,FAQ,Sindi(Selu),13850,9500,13340.0,Maharashtra,Other
2022-05-25,Cotton,15,Wardha,FAQ,Sindi(Selu),13405,9700,13000.0,Maharashtra,Other
2022-05-26,Cotton,15,Wardha,FAQ,Sindi(Selu),13310,9600,10500.0,Maharashtra,Other
2022-06-09,Cotton,15,Jalgaon,FAQ,Jamner,12000,10000,11200.0,Maharashtra,Other
2022-06-17,Cotton,15,Jalgaon,FAQ,Jamner,11500,11000,11025.0,Maharashtra,Other
2022-06-25,Cotton,15,Jalgaon,FAQ,Jamner,11500,11000,11300.0,Maharashtra,Other
2022-06-27,Cotton,15,Jalgaon,FAQ,Jamner,11500,11000,11400.0,Maharashtra,Other
2022-07-04,Cotton,15,Jalgaon,FAQ,Jamner,10500,10000,10200.0,Maharashtra,Other
2022-07-09,Cotton,15,Jalgaon,FAQ,Jamner,10500,10000,10195.0,Maharashtra,Other
2022-07-13,Cotton,15,Jalgaon,FAQ,Jamner,10500,10000,10128.0,Maharashtra,Other
2022-07-23,Cotton,15,Jalgaon,FAQ,Jamner,9000,8500,8742.0,Maharashtra,Other
2022-07-28,Cotton,15,Jalgaon,FAQ,Jamner,9000,8500,8740.0,Maharashtra,Other
2022-10-21,Cotton,15,Chandrapur,FAQ,Varora,7400,7000,7200.0,Maharashtra,Desi
2022-10-27,Cotton,15,Jalana,FAQ,Ghansawangi,7900,7000,7500.0,Maharashtra,Other
2022-11-02,Cotton,15,Pune,FAQ,Baramati,8901,4411,7400.0,Maharashtra,Other
2022-11-02,Cotton,15,Nagpur,FAQ,MS Kalpana Agri Commodities Marketing,7700,7700,7700.0,Maharashtra,LH-900
2022-11-03,Cotton,15,Nagpur,FAQ,Kalmeshwar,8100,7800,8000.0,Maharashtra,Other
2022-11-04,Cotton,15,Nagpur,FAQ,Mandhal,8208,8150,8208.0,Maharashtra,Other
2022-11-04,Cotton,15,Wardha,FAQ,Wardha,8500,8250,8400.0,Maharashtra,Other
2022-11-05,Cotton,15,Yavatmal,FAQ,ZariZamini,8268,8268,8268.0,Maharashtra,Other
2022-11-05,Cotton,15,Nagpur,FAQ,MS Kalpana Agri Commodities Marketing,8488,8450,8450.0,Maharashtra,LH-900
2022-11-08,Cotton,15,Nagpur,FAQ,Mandhal,9230,9147,9179.0,Maharashtra,Other
2022-11-09,Cotton,15,Jalana,FAQ,Ghansawangi,9500,8500,9300.0,Maharashtra,Other
2022-11-09,Cotton,15,Wardha,FAQ,Wardha,8700,8500,8600.0,Maharashtra,Other
2022-11-10,Cotton,15,Nagpur,FAQ,Kalmeshwar,8600,8000,8200.0,Maharashtra,Other
2022-11-11,Cotton,15,Chandrapur,FAQ,Chimur,9051,9000,9025.0,Maharashtra,Other
2022-11-11,Cotton,15,Wardha,FAQ,Samudrapur,8750,8600,8700.0,Maharashtra,Other
2022-11-16,Cotton,15,Chandrapur,FAQ,Varora,9100,6000,9000.0,Maharashtra,Desi
2022-11-16,Cotton,15,Wardha,FAQ,Sindi(Selu),9200,8800,9000.0,Maharashtra,Other
2022-11-16,Cotton,15,Nagpur,FAQ,Kalmeshwar,9200,8000,8600.0,Maharashtra,Other
2022-11-17,Cotton,15,Wardha,FAQ,Sindi(Selu),9000,8850,8950.0,Maharashtra,Other
2022-11-17,Cotton,15,Nanded,FAQ,Kinwat,9200,8900,9000.0,Maharashtra,Other
2022-11-18,Cotton,15,Buldhana,FAQ,Khamgaon,9160,8500,8830.0,Maharashtra,Other
2022-11-18,Cotton,15,Nagpur,FAQ,MS Kalpana Agri Commodities Marketing,8797,8750,8750.0,Maharashtra,LH-900
2022-11-18,Cotton,15,Nagpur,FAQ,Kalmeshwar,9200,8600,8900.0,Maharashtra,Other
2022-11-19,Cotton,15,Vashim,FAQ,Mangrulpeer,9000,8500,9000.0,Maharashtra,Other
2022-11-19,Cotton,15,Buldhana,FAQ,Khamgaon,8985,8825,8905.0,Maharashtra,Other
2022-11-20,Cotton,15,Jalgaon,FAQ,Yawal,8390,7350,7950.0,Maharashtra,Other
2022-11-21,Cotton,15,Jalgaon,FAQ,Yawal,8390,7350,7940.0,Maharashtra,Other
2022-11-21,Cotton,15,Nagpur,FAQ,Kalmeshwar,8900,8000,8500.0,Maharashtra,Other
2022-11-22,Cotton,15,Buldhana,FAQ,Khamgaon,8400,8200,8300.0,Maharashtra,Other
2022-11-23,Cotton,15,Wardha,FAQ,Sindi(Selu),8800,8700,8750.0,Maharashtra,Other
2022-11-23,Cotton,15,Hingoli,FAQ,Akhadabalapur,9500,9000,9250.0,Maharashtra,Desi
2022-11-23,Cotton,15,Wardha,FAQ,Wardha,8900,8500,8750.0,Maharashtra,Other
2022-11-24,Cotton,15,Nagpur,FAQ,MS Kalpana Agri Commodities Marketing,8796,8750,8750.0,Maharashtra,LH-900
2022-11-24,Cotton,15,Wardha,FAQ,Sindi(Selu),8950,8800,8850.0,Maharashtra,Other
2022-11-24,Cotton,15,Chandrapur,FAQ,Bhadrawati,8500,8500,8500.0,Maharashtra,Other
2022-11-25,Cotton,15,Chandrapur,FAQ,Korpana,8600,8000,8300.0,Maharashtra,Desi
2022-11-25,Cotton,15,Nagpur,FAQ,MS Kalpana Agri Commodities Marketing,8490,8450,8450.0,Maharashtra,LH-900
2022-11-25,Cotton,15,Buldhana,FAQ,Khamgaon,8900,8500,8700.0,Maharashtra,Other
2022-11-26,Cotton,15,Nanded,FAQ,Kinwat,8700,8500,8600.0,Maharashtra,Other
2022-11-26,Cotton,15,Chandrapur,FAQ,Chimur,8950,8900,8925.0,Maharashtra,Other
2022-11-27,Cotton,15,Chandrapur,FAQ,Varora,8801,8400,8750.0,Maharashtra,Desi
2022-11-27,Cotton,15,Nagpur,FAQ,MS Kalpana Agri Commodities Marketing,8812,8800,8800.0,Maharashtra,LH-900
2022-11-28,Cotton,15,Yavatmal,FAQ,Ralegaon,8805,8500,8700.0,Maharashtra,Other
2022-11-28,Cotton,15,Yavatmal,FAQ,ZariZamini,8700,8700,8700.0,Maharashtra,Other
2022-11-28,Cotton,15,Nagpur,FAQ,MS Kalpana Agri Commodities Marketing,8790,8750,8750.0,Maharashtra,LH-900
2022-11-29,Cotton,15,Yavatmal,FAQ,Ralegaon,8950,8600,8850.0,Maharashtra,Other
2022-11-30,Cotton,15,Chandrapur,FAQ,Bhadrawati,8725,8700,8713.0,Maharashtra,Other
2022-11-30,Cotton,15,Wardha,FAQ,Samudrapur,8950,8700,8800.0,Maharashtra,Other
2022-12-01,Cotton,15,Nagpur,FAQ,Mauda,8850,8700,8775.0,Maharashtra,Other
2022-12-01,Cotton,15,Nagpur,FAQ,MS Kalpana Agri Commodities Marketing,8893,8850,8850.0,Maharashtra,LH-900
2022-12-01,Cotton,15,Chandrapur,FAQ,Bhadrawati,8800,8750,8775.0,Maharashtra,Other
2022-12-02,Cotton,15,Yavatmal,FAQ,ZariZamini,8650,8420,8583.0,Maharashtra,Other
2022-12-02,Cotton,15,Wardha,FAQ,Wardha,9000,8750,8850.0,Maharashtra,Other
2022-12-02,Cotton,15,Buldhana,FAQ,Khamgaon,8850,8700,8775.0,Maharashtra,Other
2022-12-02,Cotton,15,Chandrapur,FAQ,Bhadrawati,8800,8725,8763.0,Maharashtra,Other
2022-12-02,Cotton,15,Jalgaon,FAQ,Yawal,8560,7640,8250.0,Maharashtra,Other
2022-12-02,Cotton,15,Buldhana,FAQ,Deoulgaon Raja,9140,8950,9000.0,Maharashtra,Desi
2022-12-02,Cotton,15,Yavatmal,FAQ,Ralegaon,9011,8700,9000.0,Maharashtra,Other
2022-12-03,Cotton,15,Buldhana,FAQ,Khamgaon,8600,8400,8500.0,Maharashtra,Other
2022-12-03,Cotton,15,Nagpur,FAQ,Kalmeshwar,8900,8000,8500.0,Maharashtra,Other
2022-12-05,Cotton,15,Nagpur,FAQ,Mauda,8550,8400,8475.0,Maharashtra,Other
2022-12-07,Cotton,15,Nagpur,FAQ,Kalmeshwar,8500,7900,8000.0,Maharashtra,Other
2022-12-07,Cotton,15,Chandrapur,FAQ,Bhadrawati,8550,8500,8525.0,Maharashtra,Other
2022-12-08,Cotton,15,Nagpur,FAQ,Hingna,8425,8200,8425.0,Maharashtra,Other
2022-12-08,Cotton,15,Wardha,FAQ,Wardha,8650,8500,8550.0,Maharashtra,Other
2022-12-09,Cotton,15,Chandrapur,FAQ,Chimur,8500,8400,8450.0,Maharashtra,Other
2022-12-09,Cotton,15,Nanded,FAQ,Kinwat,8300,8000,8150.0,Maharashtra,Other
2022-12-09,Cotton,15,Chandrapur,FAQ,Varora,8500,8350,8400.0,Maharashtra,Desi
2022-12-09,Cotton,15,Wardha,FAQ,Sindi(Selu),8650,8500,8620.0,Maharashtra,Other
2022-12-09,Cotton,15,Buldhana,FAQ,Khamgaon,8250,8000,8125.0,Maharashtra,Other
2022-12-10,Cotton,15,Parbhani,FAQ,Sonpeth,8600,8500,8550.0,Maharashtra,Other
2022-12-10,Cotton,15,Wardha,FAQ,Samudrapur,8625,8300,8400.0,Maharashtra,Other
2022-12-11,Cotton,15,Vashim,FAQ,Mangrulpeer,8400,8200,8300.0,Maharashtra,Other
2022-12-12,Cotton,15,Nagpur,FAQ,Hingna,8450,8280,8450.0,Maharashtra,Other
2022-12-12,Cotton,15,Nagpur,FAQ,Umared,8540,8320,8450.0,Maharashtra,Desi
2022-12-12,Cotton,15,Chandrapur,FAQ,Chimur,8525,8500,8511.0,Maharashtra,Other
2022-12-12,Cotton,15,Jalana,FAQ,Jafrabad,8600,8400,8500.0,Maharashtra,Other
2022-12-12,Cotton,15,Wardha,FAQ,Sindi(Selu),8740,8500,8700.0,Maharashtra,Other
2022-12-12,Cotton,15,Yavatmal,FAQ,Ghatanji,8470,8100,8250.0,Maharashtra,LRA
2022-12-13,Cotton,15,Yavatmal,FAQ,Ralegaon,8525,8250,8460.0,Maharashtra,Other
2022-12-13,Cotton,15,Chandrapur,FAQ,Bhadrawati,8300,8240,8270.0,Maharashtra,Other
2022-12-13,Cotton,15,Buldhana,FAQ,Deoulgaon Raja,8565,8385,8405.0,Maharashtra,Desi
2022-12-13,Cotton,15,Jalgaon,FAQ,Yawal,8550,7640,8230.0,Maharashtra,Other
2022-12-14,Cotton,15,Parbhani,FAQ,Selu,8795,8645,8730.0,Maharashtra,Other
2022-12-14,Cotton,15,Nagpur,FAQ,MS Kalpana Agri Commodities Marketing,8450,8400,8400.0,Maharashtra,LH-900
2022-12-14,Cotton,15,Nagpur,FAQ,Hingna,8700,8700,8700.0,Maharashtra,Other
2022-12-14,Cotton,15,Hingoli,FAQ,Akhadabalapur,9000,8000,8500.0,Maharashtra,Desi
2022-12-14,Cotton,15,Yavatmal,FAQ,Ralegaon,8600,8300,8550.0,Maharashtra,Other
2022-12-14,Cotton,15,Vashim,FAQ,Mangrulpeer,8300,8000,8250.0,Maharashtra,Other
2022-12-15,Cotton,15,Buldhana,FAQ,Khamgaon,8325,8200,8262.0,Maharashtra,Other
2022-12-15,Cotton,15,Nagpur,FAQ,Kalmeshwar,8650,8000,8300.0,Maharashtra,Other
2022-12-15,Cotton,15,Nanded,FAQ,Kinwat,8400,8100,8300.0,Maharashtra,Other
2022-12-15,Cotton,15,Nanded,FAQ,Bhokar,8485,8435,8460.0,Maharashtra,Other
2022-12-16,Cotton,15,Wardha,FAQ,Sindi(Selu),8740,8500,8600.0,Maharashtra,Other
2022-12-16,Cotton,15,Nagpur,FAQ,Umared,8520,8350,8450.0,Maharashtra,Desi
2022-12-16,Cotton,15,Yavatmal,FAQ,Ghatanji,8350,7950,8150.0,Maharashtra,LRA
2022-12-17,Cotton,15,Gadchiroli,FAQ,Sironcha,8300,8000,8200.0,Maharashtra,Other
2022-12-17,Cotton,15,Buldhana,FAQ,Khamgaon,8275,8100,8187.0,Maharashtra,Other
2022-12-18,Cotton,15,Nagpur,FAQ,Katol,8500,8000,8300.0,Maharashtra,Desi
2022-12-19,Cotton,15,Nagpur,FAQ,Katol,8500,8100,8300.0,Maharashtra,Desi
2022-12-19,Cotton,15,Nanded,FAQ,Bhokar,8450,8185,8318.0,Maharashtra,Other
2022-12-19,Cotton,15,Chandrapur,FAQ,Varora,8410,8150,8300.0,Maharashtra,Desi
2022-12-19,Cotton,15,Yavatmal,FAQ,ZariZamini,8100,7950,7970.0,Maharashtra,Other
2022-12-19,Cotton,15,Parbhani,FAQ,Selu,8375,8215,8340.0,Maharashtra,Other
2022-12-20,Cotton,15,Buldhana,FAQ,Deoulgaon Raja,8250,7705,8000.0,Maharashtra,Desi
2022-12-20,Cotton,15,Yavatmal,FAQ,Ralegaon,8335,8100,8200.0,Maharashtra,Other
2022-12-20,Cotton,15,Nagpur,FAQ,Umared,8310,8140,8200.0,Maharashtra,Desi
2022-12-20,Cotton,15,Nagpur,FAQ,Katol,8300,8100,8200.0,Maharashtra,Desi
2022-12-20,Cotton,15,Nanded,FAQ,Kandhar,8500,8200,8300.0,Maharashtra,Other
2022-12-20,Cotton,15,Nanded,FAQ,Bhokar,8185,8085,8135.0,Maharashtra,Other
2022-12-20,Cotton,15,Buldhana,FAQ,Khamgaon,8151,8075,8113.0,Maharashtra,Other
2022-12-21,Cotton,15,Yavatmal,FAQ,Ghatanji,8165,7800,7950.0,Maharashtra,LRA
2022-12-21,Cotton,15,Nagpur,FAQ,Katol,8400,8100,8250.0,Maharashtra,Desi
2022-12-21,Cotton,15,Buldhana,FAQ,Khamgaon,8100,8000,8050.0,Maharashtra,Other
2022-12-21,Cotton,15,Buldhana,FAQ,Deoulgaon Raja,8175,7600,8000.0,Maharashtra,Desi
2022-12-21,Cotton,15,Wardha,FAQ,Wardha,8450,8350,8400.0,Maharashtra,Other
2022-12-22,Cotton,15,Chandrapur,FAQ,Bhadrawati,8300,8275,8288.0,Maharashtra,Other
2022-12-22,Cotton,15,Parbhani,FAQ,Sonpeth,8350,8200,8300.0,Maharashtra,Other
2022-12-22,Cotton,15,Wardha,FAQ,Wardha,8450,8050,8250.0,Maharashtra,Other
2022-12-22,Cotton,15,Gadchiroli,FAQ,Sironcha,8300,8000,8200.0,Maharashtra,Other
2022-12-22,Cotton,15,Wardha,FAQ,Samudrapur,8450,8200,8300.0,Maharashtra,Other
2022-12-23,Cotton,15,Nagpur,FAQ,Umared,8280,8040,8200.0,Maharashtra,Desi
2022-12-23,Cotton,15,Nagpur,FAQ,Kalmeshwar,8350,7800,8000.0,Maharashtra,Other
2022-12-23,Cotton,15,Chandrapur,FAQ,Varora,8250,7885,8100.0,Maharashtra,Desi
2022-12-23,Cotton,15,Parbhani,FAQ,Selu,8355,8205,8300.0,Maharashtra,Other
2022-12-24,Cotton,15,Nagpur,FAQ,Kalmeshwar,8200,7800,8000.0,Maharashtra,Other
2022-12-24,Cotton,15,Nanded,FAQ,Kinwat,7900,7700,7800.0,Maharashtra,Other
2022-12-24,Cotton,15,Vashim,FAQ,Mangrulpeer,8000,7500,7800.0,Maharashtra,Other
2022-12-26,Cotton,15,Yavatmal,FAQ,Ghatanji,8050,7950,8000.0,Maharashtra,LRA
2022-12-26,Cotton,15,Parbhani,FAQ,Manwat,7860,7200,7645.0,Maharashtra,Other
2022-12-27,Cotton,15,Yavatmal,FAQ,Ghatanji,7570,7200,7350.0,Maharashtra,LRA
2022-12-27,Cotton,15,Parbhani,FAQ,Selu,7765,7400,7705.0,Maharashtra,Other
2022-12-28,Cotton,15,Wardha,FAQ,Sindi(Selu),7940,7700,7850.0,Maharashtra,Other
2022-12-28,Cotton,15,Chandrapur,FAQ,Chimur,7850,7800,7801.0,Maharashtra,Other
2022-12-28,Cotton,15,Buldhana,FAQ,Deoulgaon Raja,7870,7300,7650.0,Maharashtra,Desi
2022-12-28,Cotton,15,Nagpur,FAQ,Hingna,7750,7550,7750.0,Maharashtra,Other
2022-12-29,Cotton,15,Nagpur,FAQ,Umared,7700,7670,7680.0,Maharashtra,Desi
2022-12-30,Cotton,15,Beed,FAQ,Vadvani,7500,7500,7500.0,Maharashtra,Other
2022-12-30,Cotton,15,Nagpur,FAQ,Kalmeshwar,8200,7500,8000.0,Maharashtra,Other
2022-12-30,Cotton,15,Wardha,FAQ,Wardha,8150,8025,8100.0,Maharashtra,Other
2022-12-30,Cotton,15,Nagpur,FAQ,Umared,8110,7700,8050.0,Maharashtra,Desi
2022-12-30,Cotton,15,Nagpur,FAQ,Katol,7850,7000,7550.0,Maharashtra,Desi
2022-12-31,Cotton,15,Nagpur,FAQ,Kalmeshwar,8300,7600,8000.0,Maharashtra,Other
2022-12-31,Cotton,15,Chandrapur,FAQ,Chimur,8325,8300,8320.0,Maharashtra,Other
2022-12-31,Cotton,15,Chandrapur,FAQ,Bhadrawati,8200,8100,8150.0,Maharashtra,Other
2023-01-02,Cotton,15,Beed,FAQ,Vadvani,8000,8000,8000.0,Maharashtra,Other
2023-01-03,Cotton,15,Parbhani,FAQ,Selu,8800,7675,8630.0,Maharashtra,Other
2023-01-04,Cotton,15,Parbhani,FAQ,Parbhani,8500,8300,8400.0,Maharashtra,Other
2023-01-04,Cotton,15,Gadchiroli,FAQ,Sironcha,8000,7600,7800.0,Maharashtra,Other
2023-01-04,Cotton,15,Parbhani,FAQ,Manwat,8830,8100,8700.0,Maharashtra,Other
2023-01-06,Cotton,15,Beed,FAQ,Vadvani,8100,8100,8100.0,Maharashtra,Other
2023-01-07,Cotton,15,Beed,FAQ,Vadvani,8200,8200,8200.0,Maharashtra,Other
2023-01-10,Cotton,15,Beed,FAQ,Kille Dharur,8600,8505,8525.0,Maharashtra,Desi
2023-01-10,Cotton,15,Gadchiroli,FAQ,Sironcha,8300,8000,8200.0,Maharashtra,Other
2023-01-12,Cotton,15,Parbhani,FAQ,Parbhani,8435,8200,8300.0,Maharashtra,Other
2023-01-16,Cotton,15,Beed,FAQ,Kille Dharur,8300,8253,8265.0,Maharashtra,Desi
2023-01-17,Cotton,15,Gadchiroli,FAQ,Sironcha,8200,8000,8100.0,Maharashtra,Other
2023-01-19,Cotton,15,Beed,FAQ,Kille Dharur,8410,8352,8400.0,Maharashtra,Desi
2023-01-21,Cotton,15,Hingoli,FAQ,Akhadabalapur,8200,8000,8100.0,Maharashtra,Desi
2023-01-22,Cotton,15,Parbhani,FAQ,Parbhani,8400,7900,8100.0,Maharashtra,Desi
2023-01-23,Cotton,15,Parbhani,FAQ,Selu,8450,7000,8350.0,Maharashtra,Other
2023-01-23,Cotton,15,Beed,FAQ,Kille Dharur,8375,8306,8352.0,Maharashtra,Desi
2023-01-23,Cotton,15,Gadchiroli,FAQ,Sironcha,8200,8000,8100.0,Maharashtra,Other
2023-01-25,Cotton,15,Parbhani,FAQ,Selu,8260,7805,8175.0,Maharashtra,Other
2023-01-26,Cotton,15,Beed,FAQ,Kille Dharur,8010,7950,8001.0,Maharashtra,Desi
2023-01-27,Cotton,15,Parbhani,FAQ,Manwat,8225,7500,8140.0,Maharashtra,Other
2023-01-27,Cotton,15,Beed,FAQ,Kille Dharur,8010,7950,8001.0,Maharashtra,Desi
2023-01-27,Cotton,15,Hingoli,FAQ,Akhadabalapur,9000,8500,8750.0,Maharashtra,Desi
2023-01-28,Cotton,15,Parbhani,FAQ,Parbhani,8200,7800,8000.0,Maharashtra,Other
2023-01-28,Cotton,15,Beed,FAQ,Vadvani,8100,7950,8000.0,Maharashtra,Other
2023-01-28,Cotton,15,Parbhani,FAQ,Manwat,8295,7400,8140.0,Maharashtra,Other
2023-01-28,Cotton,15,Parbhani,FAQ,Selu,8250,7635,8200.0,Maharashtra,Other
2023-01-30,Cotton,15,Parbhani,FAQ,Parbhani,8250,7600,8150.0,Maharashtra,Other
2023-01-31,Cotton,15,Beed,FAQ,Kille Dharur,8030,8001,8010.0,Maharashtra,Desi
2023-01-31,Cotton,15,Parbhani,FAQ,Selu,8270,7060,8180.0,Maharashtra,Other
2023-02-01,Cotton,15,Beed,FAQ,Vadvani,8000,7900,7950.0,Maharashtra,Other
2023-02-01,Cotton,15,Parbhani,FAQ,Manwat,8180,7400,8100.0,Maharashtra,Other
2023-02-06,Cotton,15,Parbhani,FAQ,Manwat,8055,7000,7960.0,Maharashtra,Other
2023-02-06,Cotton,15,Gadchiroli,FAQ,Sironcha,8200,8000,8100.0,Maharashtra,Other
2023-02-06,Cotton,15,Beed,FAQ,Kille Dharur,7857,7811,7856.0,Maharashtra,Desi
2023-02-07,Cotton,15,Parbhani,FAQ,Manwat,8060,7000,7940.0,Maharashtra,Other
2023-02-07,Cotton,15,Beed,FAQ,Vadvani,7300,7100,7200.0,Maharashtra,Other
2023-02-07,Cotton,15,Beed,FAQ,Kille Dharur,7821,7756,7758.0,Maharashtra,Desi
2023-02-08,Cotton,15,Parbhani,FAQ,Manwat,8180,7300,8100.0,Maharashtra,Other
2023-02-10,Cotton,15,Beed,FAQ,Vadvani,7700,7500,7650.0,Maharashtra,Other
2023-02-10,Cotton,15,Chandrapur,FAQ,Varora,8150,7000,8000.0,Maharashtra,Desi
2023-02-12,Cotton,15,Beed,FAQ,Vadvani,7800,7560,7700.0,Maharashtra,Other
2023-02-14,Cotton,15,Parbhani,FAQ,Manwat,8460,7500,8370.0,Maharashtra,Desi
2023-02-16,Cotton,15,Chandrapur,FAQ,Varora,8250,7500,7800.0,Maharashtra,Desi
2023-02-17,Cotton,15,Chandrapur,FAQ,Varora,8200,7200,7800.0,Maharashtra,Desi
2023-02-19,Cotton,15,Beed,FAQ,Vadvani,7800,7500,7700.0,Maharashtra,Other
2023-02-20,Cotton,15,Hingoli,FAQ,Akhadabalapur,9000,8500,8750.0,Maharashtra,Desi
2023-02-20,Cotton,15,Gadchiroli,FAQ,Sironcha,8200,7800,8050.0,Maharashtra,Other
2023-02-21,Cotton,15,Beed,FAQ,Vadvani,7800,7680,7750.0,Maharashtra,Other
2023-02-21,Cotton,15,Beed,FAQ,Kille Dharur,7928,7902,7902.0,Maharashtra,Desi
2023-02-23,Cotton,15,Jalana,FAQ,Jafrabad,7950,7750,7841.0,Maharashtra,Other
2023-02-24,Cotton,15,Beed,FAQ,Kille Dharur,8010,7902,8006.0,Maharashtra,Desi
2023-02-25,Cotton,15,Parbhani,FAQ,Manwat,8100,7400,8055.0,Maharashtra,Other
2023-02-25,Cotton,15,Chandrapur,FAQ,Varora,8050,7500,7800.0,Maharashtra,Desi
2023-02-26,Cotton,15,Chandrapur,FAQ,Varora,8011,7400,7800.0,Maharashtra,Desi
2023-02-27,Cotton,15,Gadchiroli,FAQ,Sironcha,7600,7450,7500.0,Maharashtra,Other
2023-02-28,Cotton,15,Beed,FAQ,Kille Dharur,7804,7750,7758.0,Maharashtra,Desi
2023-03-01,Cotton,15,Parbhani,FAQ,Manwat,8005,7300,7925.0,Maharashtra,Other
2023-03-01,Cotton,15,Gadchiroli,FAQ,Sironcha,7650,7200,7400.0,Maharashtra,Other
2023-03-03,Cotton,15,Parbhani,FAQ,Manwat,8050,7300,7970.0,Maharashtra,Desi
2023-03-04,Cotton,15,Parbhani,FAQ,Manwat,8060,7300,7960.0,Maharashtra,Desi
2023-03-04,Cotton,15,Akola,FAQ,Akola,8250,7900,8075.0,Maharashtra,Desi
2023-03-04,Cotton,15,Beed,FAQ,Vadvani,7800,7600,7750.0,Maharashtra,Other
2023-03-05,Cotton,15,Beed,FAQ,Vadvani,7800,7500,7700.0,Maharashtra,Other
2023-03-06,Cotton,15,Chandrapur,FAQ,Varora,8000,7500,7800.0,Maharashtra,Desi
2023-03-07,Cotton,15,Beed,FAQ,Vadvani,7750,7300,7560.0,Maharashtra,Other
2023-03-08,Cotton,15,Beed,FAQ,Vadvani,7850,7500,7800.0,Maharashtra,Other
2023-03-09,Cotton,15,Chandrapur,FAQ,Varora,7950,7200,7500.0,Maharashtra,Desi
2023-03-09,Cotton,15,Parbhani,FAQ,Manwat,7945,7100,7850.0,Maharashtra,Other
2023-03-09,Cotton,15,Beed,FAQ,Vadvani,7850,7350,7700.0,Maharashtra,Other
2023-03-10,Cotton,15,Beed,FAQ,Kille Dharur,7775,7725,7766.0,Maharashtra,Desi
2023-03-10,Cotton,15,Parbhani,FAQ,Manwat,7885,7100,7805.0,Maharashtra,Other
2023-03-11,Cotton,15,Beed,FAQ,Vadvani,7600,7400,7500.0,Maharashtra,Other
2023-03-12,Cotton,15,Chandrapur,FAQ,Varora,7771,7000,7400.0,Maharashtra,Desi
2023-03-12,Cotton,15,Beed,FAQ,Vadvani,7600,7300,7510.0,Maharashtra,Other
2023-03-13,Cotton,15,Beed,FAQ,Kille Dharur,7606,7600,7605.0,Maharashtra,Desi
2023-03-14,Cotton,15,Gadchiroli,FAQ,Sironcha,7600,7300,7400.0,Maharashtra,Other
2023-03-15,Cotton,15,Gadchiroli,FAQ,Sironcha,7600,7400,7500.0,Maharashtra,Other
2023-03-16,Cotton,15,Chandrapur,FAQ,Varora,7771,7000,7400.0,Maharashtra,Desi
2023-03-17,Cotton,15,Parbhani,FAQ,Manwat,7965,6800,7870.0,Maharashtra,Other
2023-03-17,Cotton,15,Gadchiroli,FAQ,Sironcha,7600,7300,7400.0,Maharashtra,Other
2023-03-19,Cotton,15,Gadchiroli,FAQ,Sironcha,7600,7300,7450.0,Maharashtra,Other
2023-03-21,Cotton,15,Parbhani,FAQ,Manwat,7935,6500,7865.0,Maharashtra,Other
2023-03-22,Cotton,15,Parbhani,FAQ,Manwat,7915,6400,7840.0,Maharashtra,Desi
2023-03-22,Cotton,15,Jalana,FAQ,Ghansawangi,7900,6600,7700.0,Maharashtra,Other
2023-03-23,Cotton,15,Akola,FAQ,Akola,7800,7700,7750.0,Maharashtra,Desi
2023-03-24,Cotton,15,Parbhani,FAQ,Manwat,7885,6500,7825.0,Maharashtra,Other
2023-03-25,Cotton,15,Beed,FAQ,Vadvani,7550,7300,7450.0,Maharashtra,Other
2023-03-28,Cotton,15,Chandrapur,FAQ,Varora,7750,6200,7000.0,Maharashtra,Desi
2023-03-28,Cotton,15,Beed,FAQ,Kille Dharur,7560,7525,7556.0,Maharashtra,Desi
2023-03-29,Cotton,15,Gadchiroli,FAQ,Sironcha,7600,7300,7400.0,Maharashtra,Other
2023-03-30,Cotton,15,Parbhani,FAQ,Manwat,8070,6600,7950.0,Maharashtra,Other
2023-03-31,Cotton,15,Parbhani,FAQ,Manwat,8200,6600,8125.0,Maharashtra,Other
2023-03-31,Cotton,15,Gadchiroli,FAQ,Sironcha,7600,7300,7400.0,Maharashtra,Other
2023-04-01,Cotton,15,Parbhani,FAQ,Manwat,8200,6600,8125.0,Maharashtra,Other
2023-04-03,Cotton,15,Jalgaon,FAQ,Gopal Krishna Agro,8100,7700,8100.0,Maharashtra,Other
2023-04-05,Cotton,15,Jalgaon,FAQ,Gopal Krishna Agro,8065,7800,8065.0,Maharashtra,Other
2023-04-11,Cotton,15,Beed,FAQ,Vadvani,8000,7600,7900.0,Maharashtra,Other
2023-04-12,Cotton,15,Gadchiroli,FAQ,Sironcha,7600,7300,7400.0,Maharashtra,Other
2023-04-12,Cotton,15,Parbhani,FAQ,Manwat,8000,6600,7900.0,Maharashtra,Other
2023-04-13,Cotton,15,Jalgaon,FAQ,Gopal Krishna Agro,7835,6600,7835.0,Maharashtra,Other
2023-04-13,Cotton,15,Parbhani,FAQ,Manwat,8035,6700,7950.0,Maharashtra,Other
2023-04-13,Cotton,15,Beed,FAQ,Vadvani,7850,7200,7760.0,Maharashtra,Other
2023-04-13,Cotton,15,Chandrapur,FAQ,Varora,7950,6900,7400.0,Maharashtra,Desi
2023-04-14,Cotton,15,Beed,FAQ,Kille Dharur,7875,7850,7866.0,Maharashtra,Desi
2023-04-14,Cotton,15,Beed,FAQ,Vadvani,7800,7200,7600.0,Maharashtra,Other
2023-04-16,Cotton,15,Chandrapur,FAQ,Varora,8000,7200,7600.0,Maharashtra,Desi
2023-04-16,Cotton,15,Jalgaon,FAQ,Gopal Krishna Agro,7700,7700,7700.0,Maharashtra,Other
2023-04-17,Cotton,15,Chandrapur,FAQ,Varora,7975,6500,7500.0,Maharashtra,Desi
2023-04-17,Cotton,15,Jalgaon,FAQ,Gopal Krishna Agro,7700,7700,7700.0,Maharashtra,Other
2023-04-20,Cotton,15,Chandrapur,FAQ,Varora,7850,6500,7300.0,Maharashtra,Desi
2023-04-21,Cotton,15,Jalgaon,FAQ,Gopal Krishna Agro,7650,6900,7650.0,Maharashtra,Other
2023-04-22,Cotton,15,Beed,FAQ,Vadvani,7800,7500,7800.0,Maharashtra,Other
2023-04-24,Cotton,15,Gadchiroli,FAQ,Sironcha,7700,7300,7500.0,Maharashtra,Other
2023-04-25,Cotton,15,Beed,FAQ,Vadvani,7500,7500,7500.0,Maharashtra,Other
2023-04-25,Cotton,15,Beed,FAQ,Kille Dharur,7775,7750,7758.0,Maharashtra,Desi
2023-04-25,Cotton,15,Parbhani,FAQ,Manwat,7980,6500,7900.0,Maharashtra,Other
2023-04-26,Cotton,15,Beed,FAQ,Kille Dharur,7758,7650,7700.0,Maharashtra,Desi
2023-04-27,Cotton,15,Chandrapur,FAQ,Varora,7800,6000,7200.0,Maharashtra,Desi
2023-04-27,Cotton,15,Gadchiroli,FAQ,Sironcha,7700,7300,7500.0,Maharashtra,Other
2023-04-28,Cotton,15,Beed,FAQ,Vadvani,7750,7500,7650.0,Maharashtra,Other
2023-04-29,Cotton,15,Gadchiroli,FAQ,Sironcha,7700,7300,7400.0,Maharashtra,Other
2023-05-01,Cotton,15,Jalgaon,FAQ,Gopal Krishna Agro,7400,7400,7400.0,Maharashtra,Other
2023-05-01,Cotton,15,Chandrapur,FAQ,Varora,7750,7300,7400.0,Maharashtra,Desi
2023-05-02,Cotton,15,Beed,FAQ,Vadvani,7700,7400,7650.0,Maharashtra,Other
2023-05-02,Cotton,15,Parbhani,FAQ,Manwat,8035,6600,7925.0,Maharashtra,Other
2023-05-03,Cotton,15,Beed,FAQ,Vadvani,7750,7700,7750.0,Maharashtra,Other
2023-05-03,Cotton,15,Chandrapur,FAQ,Varora,7750,7650,7700.0,Maharashtra,Desi
2023-05-03,Cotton,15,Jalgaon,FAQ,Gopal Krishna Agro,7565,7400,7565.0,Maharashtra,Other
2023-05-04,Cotton,15,Gadchiroli,FAQ,Sironcha,7700,7300,7400.0,Maharashtra,Other
2023-05-05,Cotton,15,Gadchiroli,FAQ,Sironcha,7700,7300,7400.0,Maharashtra,Other
2023-05-06,Cotton,15,Jalgaon,FAQ,Gopal Krishna Agro,7551,7300,7551.0,Maharashtra,Other
2023-05-06,Cotton,15,Gadchiroli,FAQ,Sironcha,7700,7300,7400.0,Maharashtra,Other
2023-05-07,Cotton,15,Beed,FAQ,Vadvani,7700,7500,7700.0,Maharashtra,Other
2023-05-07,Cotton,15,Jalgaon,FAQ,Gopal Krishna Agro,7550,6500,7550.0,Maharashtra,Other
2023-05-10,Cotton,15,Beed,FAQ,Vadvani,7700,7700,7700.0,Maharashtra,Other
2023-05-11,Cotton,15,Chandrapur,FAQ,Varora,7500,6500,7000.0,Maharashtra,Desi
2023-05-12,Cotton,15,Beed,FAQ,Kille Dharur,7605,7566,7575.0,Maharashtra,Desi
2023-05-15,Cotton,15,Gadchiroli,FAQ,Sironcha,7700,7300,7500.0,Maharashtra,Other
2023-05-17,Cotton,15,Jalana,FAQ,Ghansawangi,7900,7000,7600.0,Maharashtra,Other
2023-05-18,Cotton,15,Gadchiroli,FAQ,Sironcha,7700,7300,7400.0,Maharashtra,Other
2023-05-24,Cotton,15,Beed,FAQ,Vadvani,6300,6090,6200.0,Maharashtra,Other
2023-05-24,Cotton,15,Parbhani,FAQ,Manwat,6950,5500,6850.0,Maharashtra,Desi
2023-05-25,Cotton,15,Beed,FAQ,Kille Dharur,6678,6650,6656.0,Maharashtra,Desi
2023-05-25,Cotton,15,Chandrapur,FAQ,Varora,6800,5600,6400.0,Maharashtra,Desi
2023-05-25,Cotton,15,Parbhani,FAQ,Manwat,6835,5200,6700.0,Maharashtra,Desi
2023-05-29,Cotton,15,Gadchiroli,FAQ,Sironcha,7700,7300,7400.0,Maharashtra,Other
2023-05-29,Cotton,15,Chandrapur,FAQ,Varora,7100,7000,7050.0,Maharashtra,Desi
2023-05-31,Cotton,15,Chattrapati Sambhajinagar,FAQ,Khultabad,6400,6000,6200.0,Maharashtra,Other
2023-06-01,Cotton,15,Jalana,FAQ,Ghansawangi,7300,6900,7100.0,Maharashtra,Other
2023-06-02,Cotton,15,Parbhani,FAQ,Manwat,7510,5700,7400.0,Maharashtra,Desi
2023-06-02,Cotton,15,Chandrapur,FAQ,Varora,7400,6500,7000.0,Maharashtra,Desi
2023-06-02,Cotton,15,Chattrapati Sambhajinagar,FAQ,Khultabad,6600,6400,6500.0,Maharashtra,Other
2023-06-02,Cotton,15,Beed,FAQ,Kille Dharur,7236,7206,7225.0,Maharashtra,Desi
2023-06-05,Cotton,15,Chandrapur,FAQ,Varora,7400,6800,7100.0,Maharashtra,Desi
2023-06-06,Cotton,15,Chandrapur,FAQ,Varora,7511,6300,7000.0,Maharashtra,Desi
2023-06-06,Cotton,15,Gadchiroli,FAQ,Sironcha,6700,6300,6500.0,Maharashtra,Other
2023-06-07,Cotton,15,Gadchiroli,FAQ,Sironcha,6700,6300,6500.0,Maharashtra,Other
2023-06-08,Cotton,15,Gadchiroli,FAQ,Sironcha,7700,7300,7400.0,Maharashtra,Other
2023-06-09,Cotton,15,Beed,FAQ,Kille Dharur,7075,7002,7056.0,Maharashtra,Desi
2023-06-10,Cotton,15,Beed,FAQ,Kille Dharur,7075,7002,7056.0,Maharashtra,Desi
2023-06-12,Cotton,15,Gadchiroli,FAQ,Sironcha,6800,6200,6500.0,Maharashtra,Other
2023-06-14,Cotton,15,Parbhani,FAQ,Manwat,7145,5800,7025.0,Maharashtra,Desi
2023-06-14,Cotton,15,Chandrapur,FAQ,Varora,7200,6950,7100.0,Maharashtra,Desi
2023-06-16,Cotton,15,Beed,FAQ,Kille Dharur,6975,6906,6957.0,Maharashtra,Desi
2023-06-16,Cotton,15,Chattrapati Sambhajinagar,FAQ,Khultabad,7500,7000,7300.0,Maharashtra,Other
2023-06-17,Cotton,15,Chattrapati Sambhajinagar,FAQ,Khultabad,7500,6900,7400.0,Maharashtra,Other
2023-06-17,Cotton,15,Beed,FAQ,Kille Dharur,6984,6906,6906.0,Maharashtra,Desi
2023-06-18,Cotton,15,Chandrapur,FAQ,Varora,7150,6800,6950.0,Maharashtra,Desi
2023-06-18,Cotton,15,Beed,FAQ,Vadvani,6850,6100,6500.0,Maharashtra,Other
2023-06-20,Cotton,15,Beed,FAQ,Kille Dharur,7047,7006,7025.0,Maharashtra,Desi
2023-06-21,Cotton,15,Parbhani,FAQ,Manwat,7140,6000,7050.0,Maharashtra,Desi
2023-06-21,Cotton,15,Chandrapur,FAQ,Varora,7250,5800,7000.0,Maharashtra,Desi
2023-06-23,Cotton,15,Beed,FAQ,Vadvani,6700,6000,6300.0,Maharashtra,Other
2023-06-25,Cotton,15,Chandrapur,FAQ,Varora,7000,6850,6950.0,Maharashtra,Desi
2023-06-27,Cotton,15,Beed,FAQ,Kille Dharur,6849,6806,6825.0,Maharashtra,Desi
2023-07-03,Cotton,15,Buldhana,FAQ,ACF Agro Marketing ,6900,6800,6855.0,Maharashtra,Other
2023-07-03,Cotton,15,Chandrapur,FAQ,Varora,7000,6850,6950.0,Maharashtra,Desi
2023-07-04,Cotton,15,Gadchiroli,FAQ,Sironcha,6600,6300,6400.0,Maharashtra,Other
2023-07-05,Cotton,15,Buldhana,FAQ,ACF Agro Marketing ,6900,6800,6873.0,Maharashtra,Other
2023-07-06,Cotton,15,Beed,FAQ,Kille Dharur,7126,7101,7125.0,Maharashtra,Desi
2023-07-06,Cotton,15,Akola,FAQ,Shri Gajanan Maharaj Khajagi Krushi Utpanna Bazar,7530,7200,7365.0,Maharashtra,Other
2023-07-07,Cotton,15,Hingoli,FAQ,Marathawada Shetkari Khajgi Bazar Parisar,7050,6700,6916.0,Maharashtra,Other
2023-07-11,Cotton,15,Buldhana,FAQ,ACF Agro Marketing ,6800,6700,6753.0,Maharashtra,Other
2023-07-13,Cotton,15,Gadchiroli,FAQ,Sironcha,6700,6300,6400.0,Maharashtra,Other
2023-07-14,Cotton,15,Akola,FAQ,Shri Gajanan Maharaj Khajagi Krushi Utpanna Bazar,7580,6900,7546.0,Maharashtra,Other
2023-07-17,Cotton,15,Beed,FAQ,Kille Dharur,7002,7002,7002.0,Maharashtra,Desi
2023-07-18,Cotton,15,Gadchiroli,FAQ,Sironcha,7000,6700,6800.0,Maharashtra,Other
2023-07-20,Cotton,15,Akola,FAQ,Shri Gajanan Maharaj Khajagi Krushi Utpanna Bazar,7475,7125,7345.0,Maharashtra,Other
2023-07-20,Cotton,15,Buldhana,FAQ,ACF Agro Marketing ,6700,6600,6675.0,Maharashtra,Other
2023-07-21,Cotton,15,Buldhana,FAQ,ACF Agro Marketing ,6800,6700,6706.0,Maharashtra,Other
2023-07-25,Cotton,15,Gadchiroli,FAQ,Sironcha,7000,6700,6800.0,Maharashtra,Other
2023-07-25,Cotton,15,Beed,FAQ,Kille Dharur,7101,7101,7101.0,Maharashtra,Desi
2023-07-27,Cotton,15,Buldhana,FAQ,ACF Agro Marketing ,6900,6800,6832.0,Maharashtra,Other
2023-07-27,Cotton,15,Beed,FAQ,Kille Dharur,7200,7200,7200.0,Maharashtra,Desi
2023-07-28,Cotton,15,Hingoli,FAQ,Marathawada Shetkari Khajgi Bazar Parisar,7120,7060,7090.0,Maharashtra,Other
2023-07-28,Cotton,15,Beed,FAQ,Kille Dharur,7200,7200,7200.0,Maharashtra,Desi
2023-07-29,Cotton,15,Beed,FAQ,Kille Dharur,7200,7200,7200.0,Maharashtra,Desi
2023-07-31,Cotton,15,Hingoli,FAQ,Marathawada Shetkari Khajgi Bazar Parisar,7050,7050,7050.0,Maharashtra,Other
2023-08-02,Cotton,15,Hingoli,FAQ,Marathawada Shetkari Khajgi Bazar Parisar,7200,7150,7183.0,Maharashtra,Other
2023-08-03,Cotton,15,Akola,FAQ,Shri Gajanan Maharaj Khajagi Krushi Utpanna Bazar,7850,7125,7380.0,Maharashtra,Other
2023-08-06,Cotton,15,Akola,FAQ,Shri Gajanan Maharaj Khajagi Krushi Utpanna Bazar,7900,7080,7248.0,Maharashtra,Other
2023-08-10,Cotton,15,Gadchiroli,FAQ,Sironcha,6900,6600,6700.0,Maharashtra,Other
2023-10-23,Cotton,15,Chandrapur,FAQ,Varora,7011,6825,6900.0,Maharashtra,Desi
2023-10-25,Cotton,15,Beed,FAQ,Kille Dharur,7056,7056,7056.0,Maharashtra,Other
2023-10-26,Cotton,15,Chandrapur,FAQ,Varora,7000,6700,6850.0,Maharashtra,Desi
2023-10-27,Cotton,15,Buldhana,FAQ,ACF Agro Marketing ,7100,7000,7042.0,Maharashtra,Other
2023-10-31,Cotton,15,Buldhana,FAQ,ACF Agro Marketing ,7200,7100,7159.0,Maharashtra,Other
2023-10-31,Cotton,15,Chandrapur,FAQ,Varora,7151,7000,7050.0,Maharashtra,Desi
2023-11-03,Cotton,15,Beed,FAQ,Kille Dharur,7206,7206,7206.0,Maharashtra,Other
2023-11-06,Cotton,15,Chandrapur,FAQ,Varora,7250,6000,7000.0,Maharashtra,Desi
2023-11-13,Cotton,15,Chandrapur,FAQ,Varora,7200,7000,7100.0,Maharashtra,Desi
2023-11-14,Cotton,15,Chandrapur,FAQ,Varora,7211,7051,7150.0,Maharashtra,Desi
2023-11-18,Cotton,15,Chandrapur,FAQ,Varora,7350,7000,7150.0,Maharashtra,Desi
2023-11-22,Cotton,15,Nandurbar,FAQ,Navapur,7100,7000,7006.0,Maharashtra,Other
2023-11-23,Cotton,15,Beed,FAQ,Vadvani,7240,7100,7150.0,Maharashtra,Other
2023-11-24,Cotton,15,Beed,FAQ,Vadvani,7250,38,7200.0,Maharashtra,Other
2023-11-25,Cotton,15,Chandrapur,FAQ,Varora,7200,6900,7100.0,Maharashtra,Desi
2023-11-27,Cotton,15,Beed,FAQ,Kille Dharur,7160,7155,7156.0,Maharashtra,Other
2023-11-28,Cotton,15,Beed,FAQ,Vadvani,7130,7130,7130.0,Maharashtra,Other
2023-11-29,Cotton,15,Hingoli,FAQ,Marathawada Shetkari Khajgi Bazar Parisar,7030,6950,6966.0,Maharashtra,Other
2023-12-03,Cotton,15,Beed,FAQ,Vadvani,7100,7025,7050.0,Maharashtra,Other
2023-12-06,Cotton,15,Beed,FAQ,Kille Dharur,7031,7011,7026.0,Maharashtra,Desi
2023-12-06,Cotton,15,Akola,FAQ,Akola,7100,7000,7050.0,Maharashtra,Desi
2023-12-11,Cotton,15,Beed,FAQ,Kille Dharur,7182,7101,7126.0,Maharashtra,Desi
2023-12-13,Cotton,15,Chattrapati Sambhajinagar,FAQ,Fulmbri,7200,7020,7100.0,Maharashtra,Other
2023-12-14,Cotton,15,Chattrapati Sambhajinagar,FAQ,Fulmbri,7275,7050,7180.0,Maharashtra,Other
2023-12-14,Cotton,15,Beed,FAQ,Vadvani,7071,7010,7050.0,Maharashtra,Other
2023-12-15,Cotton,15,Parbhani,FAQ,Parbhani,7130,7100,7110.0,Maharashtra,Other
2023-12-15,Cotton,15,Akola,FAQ,Akola,7000,5830,6415.0,Maharashtra,Desi
2023-12-16,Cotton,15,Akola,FAQ,Akola,7000,5830,6415.0,Maharashtra,Desi
2023-12-17,Cotton,15,Chandrapur,FAQ,Varora,7000,6450,6700.0,Maharashtra,Desi
2023-12-18,Cotton,15,Beed,FAQ,Vadvani,7000,6950,6990.0,Maharashtra,Other
2023-12-19,Cotton,15,Amarawati,FAQ,Dhamngaon-Railway,6800,6400,6600.0,Maharashtra,LRA
2023-12-22,Cotton,15,Chandrapur,FAQ,Varora,7000,6400,6700.0,Maharashtra,Desi
2023-12-22,Cotton,15,Akola,FAQ,Akola,6780,6480,6630.0,Maharashtra,Desi
2023-12-23,Cotton,15,Beed,FAQ,Vadvani,6890,6800,6850.0,Maharashtra,Other
2023-12-26,Cotton,15,Chandrapur,FAQ,Varora,7100,6350,6800.0,Maharashtra,Desi
2023-12-27,Cotton,15,Parbhani,FAQ,Manwat,7150,6500,7075.0,Maharashtra,Desi
2023-12-28,Cotton,15,Beed,FAQ,Kille Dharur,7065,7026,7029.0,Maharashtra,Other
2023-12-28,Cotton,15,Beed,FAQ,Vadvani,7025,6850,6950.0,Maharashtra,Other
2023-12-29,Cotton,15,Akola,FAQ,Akola,7011,6830,6920.0,Maharashtra,Desi
2023-12-31,Cotton,15,Beed,FAQ,Vadvani,7025,6820,6900.0,Maharashtra,Other
2024-01-01,Cotton,15,Wardha,FAQ,Samudrapur,7050,6600,6800.0,Maharashtra,Other
2024-01-02,Cotton,15,Wardha,FAQ,Sindi(Selu),7045,6550,6950.0,Maharashtra,Other
2024-01-02,Cotton,15,Nagpur,FAQ,Parshiwani,6825,6700,6775.0,Maharashtra,H-4(A) 27mm FIne
2024-01-02,Cotton,15,Nagpur,FAQ,Savner,6775,6750,6775.0,Maharashtra,Other
2024-01-03,Cotton,15,Nagpur,FAQ,Katol,6800,6400,6700.0,Maharashtra,Desi
2024-01-03,Cotton,15,Nagpur,FAQ,Umared,6800,6600,6650.0,Maharashtra,Desi
2024-01-05,Cotton,15,Nagpur,FAQ,Parshiwani,6825,6775,6800.0,Maharashtra,H-4(A) 27mm FIne
2024-01-05,Cotton,15,Nagpur,FAQ,Umared,7010,6550,6800.0,Maharashtra,Desi
2024-01-06,Cotton,15,Nagpur,FAQ,Savner,6825,6800,6825.0,Maharashtra,Other
2024-01-06,Cotton,15,Nagpur,FAQ,Hingna,6750,6250,6600.0,Maharashtra,Desi
2024-01-06,Cotton,15,Yavatmal,FAQ,Ghatanji,6850,6750,6800.0,Maharashtra,LRA
2024-01-08,Cotton,15,Nagpur,FAQ,Mauda,6790,6500,6650.0,Maharashtra,Other
2024-01-08,Cotton,15,Nagpur,FAQ,Savner,6825,6800,6825.0,Maharashtra,Other
2024-01-09,Cotton,15,Wardha,FAQ,Samudrapur,6950,6400,6700.0,Maharashtra,Other
2024-01-09,Cotton,15,Wardha,FAQ,Wardha,7020,6550,6800.0,Maharashtra,Other
2024-01-10,Cotton,15,Nagpur,FAQ,Kalmeshwar,6950,6700,6800.0,Maharashtra,Other
2024-01-10,Cotton,15,Wardha,FAQ,Wardha,7020,6500,6750.0,Maharashtra,Other
2024-01-11,Cotton,15,Yavatmal,FAQ,Ner Parasopant,6050,6050,6050.0,Maharashtra,Desi
2024-01-12,Cotton,15,Yavatmal,FAQ,ZariZamini,6750,6500,6690.0,Maharashtra,Other
2024-01-13,Cotton,15,Nagpur,FAQ,Umared,6900,6600,6750.0,Maharashtra,Desi
2024-01-13,Cotton,15,Yavatmal,FAQ,ZariZamini,6850,6500,6700.0,Maharashtra,Other
2024-01-15,Cotton,15,Nagpur,FAQ,Hingna,6900,6300,6750.0,Maharashtra,Desi
2024-01-15,Cotton,15,Wardha,FAQ,Sindi(Selu),7010,6550,6900.0,Maharashtra,Other
2024-01-15,Cotton,15,Nagpur,FAQ,Umared,6900,6500,6750.0,Maharashtra,Desi
2024-01-16,Cotton,15,Nagpur,FAQ,Katol,6820,6400,6700.0,Maharashtra,Desi
2024-01-16,Cotton,15,Yavatmal,FAQ,Pandhakawada,7020,7020,7020.0,Maharashtra,Other
2024-01-16,Cotton,15,Nagpur,FAQ,Savner,6825,6800,6825.0,Maharashtra,Other
2024-01-17,Cotton,15,Nagpur,FAQ,Katol,6850,6400,6750.0,Maharashtra,Desi
2024-01-17,Cotton,15,Wardha,FAQ,Wardha,7020,6500,6650.0,Maharashtra,Other
2024-01-18,Cotton,15,Yavatmal,FAQ,ZariZamini,6750,6400,6600.0,Maharashtra,Other
2024-01-18,Cotton,15,Yavatmal,FAQ,Ner Parasopant,5900,5900,5900.0,Maharashtra,Desi
2024-01-18,Cotton,15,Nagpur,FAQ,Savner,6775,6750,6775.0,Maharashtra,Other
2024-01-19,Cotton,15,Nagpur,FAQ,Katol,6850,6400,6700.0,Maharashtra,Desi
2024-01-20,Cotton,15,Wardha,FAQ,Sindi(Selu),7025,6550,6900.0,Maharashtra,Other
2024-01-22,Cotton,15,Nagpur,FAQ,Umared,6860,6500,6650.0,Maharashtra,Desi
2024-01-23,Cotton,15,Wardha,FAQ,Sindi(Selu),7040,6650,6900.0,Maharashtra,Other
2024-01-24,Cotton,15,Nagpur,FAQ,Umared,6850,6500,6700.0,Maharashtra,Desi
2024-01-24,Cotton,15,Nagpur,FAQ,Katol,6850,6400,6750.0,Maharashtra,Desi
2024-01-24,Cotton,15,Nagpur,FAQ,Kalmeshwar,6900,6700,6800.0,Maharashtra,Other
2024-01-24,Cotton,15,Nagpur,FAQ,Hingna,6800,6200,6800.0,Maharashtra,Desi
2024-01-24,Cotton,15,Yavatmal,FAQ,Ner Parasopant,5800,5800,5800.0,Maharashtra,Desi
2024-01-24,Cotton,15,Yavatmal,FAQ,ZariZamini,6770,6350,6700.0,Maharashtra,Other
2024-01-25,Cotton,15,Nagpur,FAQ,Umared,6850,6500,6650.0,Maharashtra,Desi
2024-01-27,Cotton,15,Nagpur,FAQ,Savner,6775,6750,6775.0,Maharashtra,Other
2024-01-27,Cotton,15,Yavatmal,FAQ,Ner Parasopant,5800,5800,5800.0,Maharashtra,Desi
2024-01-28,Cotton,15,Nagpur,FAQ,Katol,6800,6600,6700.0,Maharashtra,Desi
2024-01-29,Cotton,15,Nagpur,FAQ,Savner,6700,6700,6700.0,Maharashtra,Other
2024-01-29,Cotton,15,Nagpur,FAQ,Narkhed,6800,6100,6500.0,Maharashtra,Other
2024-01-29,Cotton,15,Nagpur,FAQ,Katol,6750,6400,6500.0,Maharashtra,Desi
2024-01-30,Cotton,15,Wardha,FAQ,Sindi(Selu),6960,6500,6700.0,Maharashtra,Other
2024-01-30,Cotton,15,Nagpur,FAQ,Savner,6650,6650,6650.0,Maharashtra,Other
2024-01-31,Cotton,15,Nagpur,FAQ,Parshiwani,6700,6600,6650.0,Maharashtra,H-4(A) 27mm FIne
2024-01-31,Cotton,15,Wardha,FAQ,Samudrapur,6800,6200,6600.0,Maharashtra,Other
2024-01-31,Cotton,15,Nagpur,FAQ,Savner,6650,6650,6650.0,Maharashtra,Other
2024-01-31,Cotton,15,Wardha,FAQ,Sindi(Selu),6915,6650,6850.0,Maharashtra,Other
2024-01-31,Cotton,15,Nagpur,FAQ,Katol,6750,5400,6600.0,Maharashtra,Desi
2024-02-01,Cotton,15,Nagpur,FAQ,Parshiwani,6725,6650,6700.0,Maharashtra,H-4(A) 27mm FIne
2024-02-02,Cotton,15,Wardha,FAQ,Wardha,6920,6525,6750.0,Maharashtra,Other
2024-02-03,Cotton,15,Nagpur,FAQ,Hingna,6711,6200,6650.0,Maharashtra,Desi
2024-02-05,Cotton,15,Wardha,FAQ,Wardha,6920,6525,6750.0,Maharashtra,Other
2024-02-05,Cotton,15,Nagpur,FAQ,Savner,6650,6650,6650.0,Maharashtra,Other
2024-02-05,Cotton,15,Nagpur,FAQ,Narkhed,6700,6000,6500.0,Maharashtra,Other
2024-02-06,Cotton,15,Wardha,FAQ,Samudrapur,6900,6000,6650.0,Maharashtra,Other
2024-02-06,Cotton,15,Yavatmal,FAQ,Ner Parasopant,5600,5600,5600.0,Maharashtra,Desi
2024-02-07,Cotton,15,Nagpur,FAQ,Savner,6650,6650,6650.0,Maharashtra,Other
2024-02-08,Cotton,15,Nagpur,FAQ,Kalmeshwar,6800,6600,6700.0,Maharashtra,Other
2024-02-08,Cotton,15,Nagpur,FAQ,Narkhed,6700,6100,6500.0,Maharashtra,Other
2024-02-08,Cotton,15,Nagpur,FAQ,Hingna,6600,6400,6500.0,Maharashtra,Desi
2024-02-08,Cotton,15,Yavatmal,FAQ,Ner Parasopant,5600,5600,5600.0,Maharashtra,Desi
2024-02-09,Cotton,15,Nagpur,FAQ,Hingna,6800,6300,6600.0,Maharashtra,Desi
2024-02-09,Cotton,15,Yavatmal,FAQ,Mahagaon,6400,6000,6300.0,Maharashtra,Desi
2024-02-09,Cotton,15,Wardha,FAQ,Samudrapur,6850,6000,6600.0,Maharashtra,Other
2024-02-09,Cotton,15,Nagpur,FAQ,Parshiwani,6700,6550,6600.0,Maharashtra,H-4(A) 27mm FIne
2024-02-09,Cotton,15,Yavatmal,FAQ,Ner Parasopant,5500,5500,5500.0,Maharashtra,Desi
2024-02-09,Cotton,15,Yavatmal,FAQ,Pandhakawada,6750,6620,6700.0,Maharashtra,Other
2024-02-10,Cotton,15,Nagpur,FAQ,Hingna,6700,6300,6675.0,Maharashtra,Desi
2024-02-10,Cotton,15,Yavatmal,FAQ,Ner Parasopant,5500,5500,5500.0,Maharashtra,Desi
2024-02-10,Cotton,15,Wardha,FAQ,Samudrapur,6700,6100,6550.0,Maharashtra,Other
2024-02-11,Cotton,15,Nagpur,FAQ,Katol,6800,6400,6700.0,Maharashtra,Desi
2024-02-12,Cotton,15,Yavatmal,FAQ,Ralegaon,6880,6500,6750.0,Maharashtra,Other
2024-02-12,Cotton,15,Nagpur,FAQ,Katol,6700,6400,6600.0,Maharashtra,Desi
2024-02-12,Cotton,15,Wardha,FAQ,Samudrapur,6750,6100,6500.0,Maharashtra,Other
2024-02-12,Cotton,15,Yavatmal,FAQ,Pandhakawada,6920,6620,6750.0,Maharashtra,Other
2024-02-13,Cotton,15,Nagpur,FAQ,Hingna,6700,6000,6650.0,Maharashtra,Desi
2024-02-13,Cotton,15,Nagpur,FAQ,Parshiwani,6700,6500,6600.0,Maharashtra,H-4(A) 27mm FIne
2024-02-13,Cotton,15,Wardha,FAQ,Wardha,7000,6250,6650.0,Maharashtra,Other
2024-02-14,Cotton,15,Nagpur,FAQ,Katol,6750,5400,6500.0,Maharashtra,Desi
2024-02-15,Cotton,15,Yavatmal,FAQ,Ner Parasopant,5200,5200,5200.0,Maharashtra,Desi
2024-02-15,Cotton,15,Nagpur,FAQ,Hingna,6800,6400,6761.0,Maharashtra,Desi
2024-02-16,Cotton,15,Nagpur,FAQ,Narkhed,6800,6000,6500.0,Maharashtra,Other
2024-02-17,Cotton,15,Yavatmal,FAQ,Ner Parasopant,5900,5900,5900.0,Maharashtra,Desi
2024-02-17,Cotton,15,Nagpur,FAQ,Kalmeshwar,6900,6600,6700.0,Maharashtra,Other
2024-02-17,Cotton,15,Wardha,FAQ,Samudrapur,7200,6250,6800.0,Maharashtra,Other
2024-02-17,Cotton,15,Wardha,FAQ,Sindi(Selu),7340,6700,7210.0,Maharashtra,Other
2024-02-18,Cotton,15,Nagpur,FAQ,Narkhed,6800,6000,6500.0,Maharashtra,Other
2024-02-18,Cotton,15,Nagpur,FAQ,Kalmeshwar,6900,6600,6700.0,Maharashtra,Other
2024-02-19,Cotton,15,Nagpur,FAQ,Parshiwani,6800,6600,6700.0,Maharashtra,H-4(A) 27mm FIne
2024-02-19,Cotton,15,Wardha,FAQ,Samudrapur,7200,6200,6700.0,Maharashtra,Other
2024-02-20,Cotton,15,Nagpur,FAQ,Parshiwani,6800,6550,6725.0,Maharashtra,H-4(A) 27mm FIne
2024-02-21,Cotton,15,Wardha,FAQ,Wardha,7250,6500,6850.0,Maharashtra,Other
2024-02-21,Cotton,15,Yavatmal,FAQ,Ner Parasopant,5250,5250,5250.0,Maharashtra,Desi
2024-02-21,Cotton,15,Nagpur,FAQ,Parshiwani,6825,6600,6725.0,Maharashtra,H-4(A) 27mm FIne
2024-02-22,Cotton,15,Wardha,FAQ,Samudrapur,7100,6200,6700.0,Maharashtra,Other
2024-02-22,Cotton,15,Wardha,FAQ,Sindi(Selu),7350,6400,6800.0,Maharashtra,Other
2024-02-23,Cotton,15,Nagpur,FAQ,Katol,6900,6600,6800.0,Maharashtra,Desi
2024-02-24,Cotton,15,Yavatmal,FAQ,Ner Parasopant,5800,5800,5800.0,Maharashtra,Desi
2024-02-24,Cotton,15,Yavatmal,FAQ,Mahagaon,7100,6400,6900.0,Maharashtra,Desi
2024-02-24,Cotton,15,Wardha,FAQ,Sindi(Selu),7395,6400,7200.0,Maharashtra,Other
2024-02-25,Cotton,15,Yavatmal,FAQ,Mahagaon,7100,6500,6900.0,Maharashtra,Desi
2024-02-28,Cotton,15,Nagpur,FAQ,Parshiwani,7150,6800,7000.0,Maharashtra,H-4(A) 27mm FIne
2024-02-28,Cotton,15,Yavatmal,FAQ,Ner Parasopant,6500,6500,6500.0,Maharashtra,Desi
2024-02-28,Cotton,15,Yavatmal,FAQ,Maregoan,7400,6800,7100.0,Maharashtra,H-4(A) 27mm FIne
2024-02-28,Cotton,15,Wardha,FAQ,Sindi(Selu),7675,6700,7500.0,Maharashtra,Other
2024-02-29,Cotton,15,Wardha,FAQ,Wardha,7550,6675,7150.0,Maharashtra,Other
2024-02-29,Cotton,15,Nagpur,FAQ,Savner,7150,7100,7125.0,Maharashtra,Other
2024-03-01,Cotton,15,Yavatmal,FAQ,Jagdamba Agrocare,7550,6100,7200.0,Maharashtra,Other
2024-03-01,Cotton,15,Yavatmal,FAQ,Pandhakawada,7350,6620,7000.0,Maharashtra,Other
2024-03-02,Cotton,15,Nagpur,FAQ,Kalmeshwar,7200,6600,6900.0,Maharashtra,Other
2024-03-02,Cotton,15,Nagpur,FAQ,Hingna,7100,6556,6800.0,Maharashtra,Desi
2024-03-02,Cotton,15,Wardha,FAQ,Samudrapur,7450,6000,6950.0,Maharashtra,Other
2024-03-04,Cotton,15,Wardha,FAQ,Samudrapur,7475,6200,7000.0,Maharashtra,Other
2024-03-05,Cotton,15,Yavatmal,FAQ,Maregoan,7400,6800,7100.0,Maharashtra,H-4(A) 27mm FIne
2024-03-06,Cotton,15,Nagpur,FAQ,Parshiwani,7150,6850,7000.0,Maharashtra,H-4(A) 27mm FIne
2024-03-06,Cotton,15,Yavatmal,FAQ,Pandhakawada,7400,6620,7100.0,Maharashtra,Other
2024-03-06,Cotton,15,Nagpur,FAQ,Katol,7250,6600,7100.0,Maharashtra,Desi
2024-03-07,Cotton,15,Wardha,FAQ,Sindi(Selu),7825,6650,7600.0,Maharashtra,Other
2024-03-07,Cotton,15,Yavatmal,FAQ,Pandhakawada,7500,6620,7200.0,Maharashtra,Other
2024-03-08,Cotton,15,Nagpur,FAQ,Kalmeshwar,7400,6800,7100.0,Maharashtra,Other
2024-03-09,Cotton,15,Wardha,FAQ,Samudrapur,7810,6400,6900.0,Maharashtra,Other
2024-03-09,Cotton,15,Yavatmal,FAQ,ZariZamini,7750,7700,7709.0,Maharashtra,Other
2024-03-09,Cotton,15,Wardha,FAQ,Pulgaon,7750,6000,7600.0,Maharashtra,Other
2024-03-10,Cotton,15,Yavatmal,FAQ,Maregoan,7725,6925,7325.0,Maharashtra,H-4(A) 27mm FIne
2024-03-10,Cotton,15,Yavatmal,FAQ,ZariZamini,7700,7350,7589.0,Maharashtra,Other
2024-03-11,Cotton,15,Nagpur,FAQ,Katol,7300,6400,7150.0,Maharashtra,Desi
2024-03-11,Cotton,15,Nagpur,FAQ,Parshiwani,7400,7000,7200.0,Maharashtra,H-4(A) 27mm FIne
2024-03-11,Cotton,15,Yavatmal,FAQ,Ghatanji,8000,6980,7750.0,Maharashtra,LRA
2024-03-12,Cotton,15,Yavatmal,FAQ,Maregoan,7800,7000,7400.0,Maharashtra,H-4(A) 27mm FIne
2024-03-12,Cotton,15,Nagpur,FAQ,Hingna,7400,6350,7150.0,Maharashtra,Desi
2024-03-12,Cotton,15,Nagpur,FAQ,Kalmeshwar,7500,6900,7350.0,Maharashtra,Other
2024-03-13,Cotton,15,Nagpur,FAQ,Savner,7350,7300,7325.0,Maharashtra,Other
2024-03-14,Cotton,15,Yavatmal,FAQ,ZariZamini,7800,7200,7775.0,Maharashtra,Other
2024-03-14,Cotton,15,Nagpur,FAQ,Hingna,7400,6200,7000.0,Maharashtra,Desi
2024-03-14,Cotton,15,Nagpur,FAQ,Mauda,7500,7200,7350.0,Maharashtra,Other
2024-03-15,Cotton,15,Nagpur,FAQ,Katol,7450,6800,7250.0,Maharashtra,Desi
2024-03-15,Cotton,15,Wardha,FAQ,Wardha,7805,6815,7500.0,Maharashtra,Other
2024-03-15,Cotton,15,Nagpur,FAQ,Hingna,8300,6850,7050.0,Maharashtra,Desi
2024-03-16,Cotton,15,Nagpur,FAQ,Hingna,7300,6400,7100.0,Maharashtra,Desi
2024-03-16,Cotton,15,Nagpur,FAQ,Savner,7350,7300,7350.0,Maharashtra,Other
2024-03-17,Cotton,15,Nagpur,FAQ,Katol,7450,6600,7250.0,Maharashtra,Desi
2024-03-17,Cotton,15,Nagpur,FAQ,Kalmeshwar,7500,6700,7100.0,Maharashtra,Other
2024-03-18,Cotton,15,Yavatmal,FAQ,Ralegaon,7700,6700,7600.0,Maharashtra,Other
2024-03-18,Cotton,15,Nagpur,FAQ,Narkhed,7300,6300,7000.0,Maharashtra,Other
2024-03-18,Cotton,15,Wardha,FAQ,Samudrapur,7700,6200,7000.0,Maharashtra,Other
2024-03-18,Cotton,15,Nagpur,FAQ,Savner,7350,7300,7350.0,Maharashtra,Other
2024-03-18,Cotton,15,Nagpur,FAQ,Katol,7450,6600,7250.0,Maharashtra,Desi
2024-03-19,Cotton,15,Wardha,FAQ,Wardha,7705,6950,7425.0,Maharashtra,Other
2024-03-20,Cotton,15,Wardha,FAQ,Sindi(Selu),7765,6500,7550.0,Maharashtra,Other
2024-03-20,Cotton,15,Wardha,FAQ,Pulgaon,7591,6500,7500.0,Maharashtra,Other
2024-03-20,Cotton,15,Yavatmal,FAQ,Ralegaon,7605,6650,7500.0,Maharashtra,Other
2024-03-20,Cotton,15,Wardha,FAQ,Samudrapur,7775,6200,7000.0,Maharashtra,Other
2024-03-21,Cotton,15,Nagpur,FAQ,Katol,7400,6600,7300.0,Maharashtra,Desi
2024-03-22,Cotton,15,Nagpur,FAQ,Savner,7200,7150,7200.0,Maharashtra,Other
2024-03-22,Cotton,15,Yavatmal,FAQ,Ner Parasopant,6800,6800,6800.0,Maharashtra,Desi
2024-03-23,Cotton,15,Wardha,FAQ,Sindi(Selu),7520,6500,7450.0,Maharashtra,Other
2024-03-26,Cotton,15,Wardha,FAQ,Samudrapur,7550,6200,6900.0,Maharashtra,Other
2024-03-26,Cotton,15,Nagpur,FAQ,Narkhed,7300,6300,6500.0,Maharashtra,Other
2024-03-27,Cotton,15,Yavatmal,FAQ,Ralegaon,7500,6900,7450.0,Maharashtra,Other
2024-03-27,Cotton,15,Yavatmal,FAQ,Ner Parasopant,7000,7000,7000.0,Maharashtra,Desi
2024-03-28,Cotton,15,Yavatmal,FAQ,Ralegaon,7555,7000,7500.0,Maharashtra,Other
2024-03-28,Cotton,15,Nagpur,FAQ,Katol,7250,6600,7150.0,Maharashtra,Desi
2024-03-28,Cotton,15,Nagpur,FAQ,Hingna,7300,6400,7111.0,Maharashtra,Desi
2024-03-28,Cotton,15,Wardha,FAQ,Wardha,7550,6810,7250.0,Maharashtra,Other
2024-03-30,Cotton,15,Wardha,FAQ,Samudrapur,7650,6000,7000.0,Maharashtra,Other
2024-04-03,Cotton,15,Nagpur,FAQ,Parshiwani,7250,6750,7050.0,Maharashtra,H-4(A) 27mm FIne
2024-04-03,Cotton,15,Yavatmal,FAQ,Ghatanji,7950,7000,7550.0,Maharashtra,LRA
2024-04-04,Cotton,15,Nagpur,FAQ,Bhiwapur,7600,7200,7400.0,Maharashtra,Varalaxmi
2024-04-04,Cotton,15,Yavatmal,FAQ,Jagdamba Agrocare,7700,6500,7609.0,Maharashtra,Other
2024-04-05,Cotton,15,Nagpur,FAQ,Hingna,7300,6600,7300.0,Maharashtra,Desi
2024-04-05,Cotton,15,Nagpur,FAQ,Parshiwani,7200,6850,7100.0,Maharashtra,H-4(A) 27mm FIne
2024-04-06,Cotton,15,Yavatmal,FAQ,Ralegaon,7725,7000,7650.0,Maharashtra,Other
2024-04-06,Cotton,15,Yavatmal,FAQ,ZariZamini,7550,6200,7420.0,Maharashtra,Other
2024-04-06,Cotton,15,Nagpur,FAQ,Savner,7200,7100,7150.0,Maharashtra,Other
2024-04-07,Cotton,15,Nagpur,FAQ,Kalmeshwar,7400,6900,7275.0,Maharashtra,Other
2024-04-08,Cotton,15,Yavatmal,FAQ,Ralegaon,7750,7000,7625.0,Maharashtra,Other
2024-04-08,Cotton,15,Wardha,FAQ,Wardha,7725,6925,7425.0,Maharashtra,Other
2024-04-13,Cotton,15,Yavatmal,FAQ,Maregoan,7550,6950,7250.0,Maharashtra,H-4(A) 27mm FIne
2024-04-13,Cotton,15,Nagpur,FAQ,Parshiwani,7200,7000,7100.0,Maharashtra,H-4(A) 27mm FIne
2024-04-15,Cotton,15,Wardha,FAQ,Wardha,7600,6950,7300.0,Maharashtra,Other
2024-04-19,Cotton,15,Wardha,FAQ,Sindi(Selu),7465,6000,7400.0,Maharashtra,Other
2024-04-20,Cotton,15,Nagpur,FAQ,Mandhal,7350,6500,7000.0,Maharashtra,Desi
2024-04-23,Cotton,15,Yavatmal,FAQ,Jagdamba Agrocare,7400,6300,7200.0,Maharashtra,Other
2024-04-25,Cotton,15,Yavatmal,FAQ,Ghatanji,7450,7250,7300.0,Maharashtra,LRA
2024-04-26,Cotton,15,Nagpur,FAQ,Narkhed,7100,6500,6800.0,Maharashtra,Other
2024-04-27,Cotton,15,Wardha,FAQ,Pulgaon,7450,5250,7200.0,Maharashtra,Other
2024-04-28,Cotton,15,Nagpur,FAQ,Bhiwapur,7300,6900,7100.0,Maharashtra,Varalaxmi
2024-04-28,Cotton,15,Nagpur,FAQ,Katol,7150,6600,6900.0,Maharashtra,Desi
2024-04-29,Cotton,15,Nagpur,FAQ,Kalmeshwar,7200,6500,7045.0,Maharashtra,Other
2024-04-29,Cotton,15,Nagpur,FAQ,Parshiwani,7200,6900,7100.0,Maharashtra,H-4(A) 27mm FIne
2024-04-30,Cotton,15,Wardha,FAQ,Wardha,7525,6580,7250.0,Maharashtra,Other
2024-04-30,Cotton,15,Yavatmal,FAQ,Jagdamba Agrocare,7400,6800,7300.0,Maharashtra,Other
2024-06-01,Cotton,15,Parbhani,FAQ,Sonpeth,7200,6900,7100.0,Maharashtra,Other
2024-06-02,Cotton,15,Parbhani,FAQ,Sonpeth,7250,6900,7150.0,Maharashtra,Other
2024-06-13,Cotton,15,Wardha,FAQ,Hinganghat,7610,6000,6500.0,Maharashtra,Other
2024-06-15,Cotton,15,Parbhani,FAQ,Manwat,7525,6800,7450.0,Maharashtra,Desi
2024-06-18,Cotton,15,Yavatmal,FAQ,Ghatanji,7250,7100,7200.0,Maharashtra,LRA
2024-06-18,Cotton,15,Wardha,FAQ,Sindi(Selu),7550,6800,7450.0,Maharashtra,Other
2024-06-19,Cotton,15,Yavatmal,FAQ,Ghatanji,7200,7000,7180.0,Maharashtra,LRA
2024-06-19,Cotton,15,Wardha,FAQ,Sindi(Selu),7405,6900,7400.0,Maharashtra,Other
2024-06-21,Cotton,15,Wardha,FAQ,Hinganghat,7655,6000,6500.0,Maharashtra,Other
2024-06-29,Cotton,15,Parbhani,FAQ,Manwat,7975,6900,7900.0,Maharashtra,Desi
2024-06-29,Cotton,15,Wardha,FAQ,Hinganghat,7900,6000,6500.0,Maharashtra,Other
2024-07-02,Cotton,15,Nagpur,FAQ,Savner,7100,7100,7100.0,Maharashtra,Other
2024-07-02,Cotton,15,Amarawati,FAQ,Amarawati,7500,6700,7100.0,Maharashtra,Other
2024-07-04,Cotton,15,Nagpur,FAQ,Savner,7100,7100,7100.0,Maharashtra,Other
2024-07-04,Cotton,15,Amarawati,FAQ,Amarawati,7550,6700,7125.0,Maharashtra,Other
2024-07-05,Cotton,15,Buldhana,FAQ,Khamgaon,7500,7100,7300.0,Maharashtra,Other
2024-07-05,Cotton,15,Parbhani,FAQ,Manwat,7850,6800,7800.0,Maharashtra,Desi
2024-07-06,Cotton,15,Nagpur,FAQ,Savner,7100,7100,7100.0,Maharashtra,Other
2024-07-10,Cotton,15,Parbhani,FAQ,Manwat,8000,6950,7925.0,Maharashtra,Desi
2024-07-11,Cotton,15,Wardha,FAQ,Ashti,7600,6900,7300.0,Maharashtra,Other
2024-07-11,Cotton,15,Wardha,FAQ,Arvi,7650,6700,7100.0,Maharashtra,H-4(A) 27mm FIne
2024-07-12,Cotton,15,Parbhani,FAQ,Hari Har Khajagi Bazar Parisar,7800,6000,7645.0,Maharashtra,LH-900
2024-07-13,Cotton,15,Buldhana,FAQ,Khamgaon,7600,7300,7450.0,Maharashtra,Other
2024-07-17,Cotton,15,Parbhani,FAQ,Hari Har Khajagi Bazar Parisar,7800,6200,7625.0,Maharashtra,LH-900
2024-07-19,Cotton,15,Nagpur,FAQ,Parshiwani,7250,7050,7150.0,Maharashtra,H-4(A) 27mm FIne
2024-07-20,Cotton,15,Parbhani,FAQ,Hari Har Khajagi Bazar Parisar,7800,6200,7554.0,Maharashtra,LH-900
2024-07-22,Cotton,15,Buldhana,FAQ,ACF Agro Marketing ,7300,7200,7255.0,Maharashtra,Other
2024-07-23,Cotton,15,Buldhana,FAQ,ACF Agro Marketing ,7400,7300,7310.0,Maharashtra,Other
2024-07-23,Cotton,15,Buldhana,FAQ,Khamgaon,7600,7300,7450.0,Maharashtra,Other
2024-07-25,Cotton,15,Buldhana,FAQ,ACF Agro Marketing ,6900,6800,6817.0,Maharashtra,Other
2024-07-26,Cotton,15,Yavatmal,FAQ,Cottoncity Agro Foods Private Ltd,7400,7000,7220.0,Maharashtra,Other
2024-07-29,Cotton,15,Nagpur,FAQ,Parshiwani,7150,7100,7125.0,Maharashtra,H-4(A) 27mm FIne
2024-12-02,Cotton,15,Wardha,FAQ,Pulgaon,7411,6800,7250.0,Maharashtra,Other
2024-12-02,Cotton,15,Wardha,FAQ,Arvi,7350,7100,7200.0,Maharashtra,H-4(A) 27mm FIne
2024-12-04,Cotton,15,Pune,FAQ,Baramati,6700,4500,6700.0,Maharashtra,Other
2024-12-04,Cotton,15,Wardha,FAQ,Samudrapur,7521,7000,7300.0,Maharashtra,Other
2024-12-05,Cotton,15,Wardha,FAQ,Hinganghat,7300,6900,7100.0,Maharashtra,Other
2024-12-06,Cotton,15,Wardha,FAQ,Arvi,7250,7100,7150.0,Maharashtra,H-4(A) 27mm FIne
2024-12-07,Cotton,15,Wardha,FAQ,Samudrapur,7200,7000,7100.0,Maharashtra,Other
2024-12-10,Cotton,15,Wardha,FAQ,Pulgaon,7281,7000,7160.0,Maharashtra,Other
2024-12-10,Cotton,15,Wardha,FAQ,Ashti,7210,7100,7160.0,Maharashtra,Other
2024-12-11,Cotton,15,Wardha,FAQ,Pulgaon,7231,6500,7165.0,Maharashtra,Other
2024-12-13,Cotton,15,Wardha,FAQ,Pulgaon,7165,6600,7085.0,Maharashtra,Other
2024-12-14,Cotton,15,Pune,FAQ,Baramati,6600,6200,6500.0,Maharashtra,Other
2024-12-16,Cotton,15,Wardha,FAQ,Hinganghat,7225,6900,7000.0,Maharashtra,Other
2024-12-20,Cotton,15,Wardha,FAQ,Hinganghat,7145,6800,6900.0,Maharashtra,Other
2024-12-21,Cotton,15,Wardha,FAQ,Pulgaon,7175,6900,7000.0,Maharashtra,Other
2024-12-27,Cotton,15,Wardha,FAQ,Pulgaon,7270,6800,7100.0,Maharashtra,Other
2024-12-27,Cotton,15,Wardha,FAQ,Hinganghat,7245,6900,7000.0,Maharashtra,Other
2024-12-30,Cotton,15,Wardha,FAQ,Arvi,7150,7050,7100.0,Maharashtra,H-4(A) 27mm FIne
2024-12-31,Cotton,15,Pune,FAQ,Baramati,6400,4000,6000.0,Maharashtra,Other
2025-02-01,Cotton,15,Nagpur,Local,Umared,6910,6800,6850.0,Maharashtra,Desi
2025-02-01,Cotton,15,Nagpur,Local,Mandhal,7050,6750,6900.0,Maharashtra,Desi
2025-02-01,Cotton,15,Nagpur,Non-FAQ,Parshiwani,7100,6875,7030.0,Maharashtra,Other
2025-02-01,Cotton,15,Nanded,Local,Kinwat,7421,7000,7383.0,Maharashtra,Other
2025-02-01,Cotton,15,Pune,Non-FAQ,Baramati,6500,4000,6400.0,Maharashtra,Other
2025-02-01,Cotton,15,Parbhani,Local,Manwat,7170,7000,7100.0,Maharashtra,Desi
2025-02-02,Cotton,15,Parbhani,FAQ,Hari Har Khajagi Bazar Parisar,7100,6000,6987.0,Maharashtra,LRA
2025-02-03,Cotton,15,Yavatmal,FAQ,ZariZamini,7421,7421,7421.0,Maharashtra,Other
2025-02-03,Cotton,15,Parbhani,Non-FAQ,Sonpeth,7100,6900,7050.0,Maharashtra,Other
2025-02-03,Cotton,15,Chandrapur,Local,Varora,7021,6700,6900.0,Maharashtra,Desi
2025-02-04,Cotton,15,Nagpur,Local,Hingna,7100,7040,7100.0,Maharashtra,Desi
2025-02-05,Cotton,15,Nagpur,Non-FAQ,Parshiwani,7050,6900,6980.0,Maharashtra,Other
2025-02-05,Cotton,15,Wardha,Non-FAQ,Hinganghat,7120,6900,7000.0,Maharashtra,Other
2025-02-05,Cotton,15,Nagpur,Local,Kalmeshwar,7421,6500,7000.0,Maharashtra,Other
2025-02-06,Cotton,15,Nagpur,Non-FAQ,Parshiwani,7100,6875,7020.0,Maharashtra,Other
2025-02-06,Cotton,15,Chattrapati Sambhajinagar,FAQ,Fulmbri,7550,7150,7300.0,Maharashtra,Other
2025-02-06,Cotton,15,Chandrapur,Local,Bhadrawati,6975,6400,6687.0,Maharashtra,Other
2025-02-06,Cotton,15,Nagpur,Local,Umared,7000,6900,6950.0,Maharashtra,Desi
2025-02-06,Cotton,15,Parbhani,Local,Manwat,7195,7010,7115.0,Maharashtra,Desi
2025-02-07,Cotton,15,Nagpur,Non-FAQ,Parshiwani,7075,6900,7010.0,Maharashtra,Other
2025-02-08,Cotton,15,Wardha,Non-FAQ,Pulgaon,7261,6500,7100.0,Maharashtra,Other
2025-02-08,Cotton,15,Nagpur,Non-FAQ,Parshiwani,7050,6850,6950.0,Maharashtra,Other
2025-02-08,Cotton,15,Nagpur,Local,Savner,7000,6975,7000.0,Maharashtra,Other
2025-02-10,Cotton,15,Hingoli,FAQ,Marathawada Shetkari Khajgi Bazar Parisar,7025,6025,6961.0,Maharashtra,Other
2025-02-12,Cotton,15,Nagpur,Non-FAQ,Kalmeshwar,7100,6500,6800.0,Maharashtra,Other
2025-02-13,Cotton,15,Nagpur,Non-FAQ,Parshiwani,7100,6750,7010.0,Maharashtra,Other
2025-02-13,Cotton,15,Hingoli,Local,Akhadabalapur,7400,7000,7200.0,Maharashtra,Desi
2025-02-13,Cotton,15,Nagpur,Local,Umared,7050,6500,6850.0,Maharashtra,Desi
2025-02-13,Cotton,15,Chandrapur,Local,Varora,7120,6100,6700.0,Maharashtra,Desi
2025-02-13,Cotton,15,Nagpur,Local,Kalmeshwar,7100,6500,6950.0,Maharashtra,Other
2025-02-14,Cotton,15,Nagpur,Local,Kalmeshwar,7100,6400,6800.0,Maharashtra,Other
2025-02-14,Cotton,15,Wardha,FAQ,Sindi(Selu),7285,7150,7200.0,Maharashtra,Other
2025-02-14,Cotton,15,Hingoli,FAQ,Marathawada Shetkari Khajgi Bazar Parisar,7100,6000,7061.0,Maharashtra,Other
2025-02-14,Cotton,15,Nagpur,Local,Savner,7025,7000,7025.0,Maharashtra,Other
2025-02-15,Cotton,15,Wardha,FAQ,Sindi(Selu),7280,7150,7220.0,Maharashtra,Other
2025-02-15,Cotton,15,Nagpur,Local,Savner,7025,7000,7025.0,Maharashtra,Other
2025-02-16,Cotton,15,Parbhani,FAQ,Hari Har Khajagi Bazar Parisar,7150,5500,7008.0,Maharashtra,LRA
2025-02-16,Cotton,15,Jalgaon,Non-FAQ,Yawal,6830,6590,6610.0,Maharashtra,Other
2025-02-16,Cotton,15,Chandrapur,Local,Varora,7120,6500,6800.0,Maharashtra,Desi
2025-02-16,Cotton,15,Nagpur,Non-FAQ,Bhiwapur,7025,6600,6812.0,Maharashtra,Other
2025-02-17,Cotton,15,Yavatmal,FAQ,ZariZamini,7150,7150,7150.0,Maharashtra,Other
2025-02-17,Cotton,15,Wardha,FAQ,Hinganghat,7355,7125,7210.0,Maharashtra,Other
2025-02-17,Cotton,15,Nagpur,Local,Mauda,7030,6800,6915.0,Maharashtra,Other
2025-02-17,Cotton,15,Parbhani,FAQ,Hari Har Khajagi Bazar Parisar,7200,5800,7044.0,Maharashtra,LRA
2025-02-17,Cotton,15,Wardha,FAQ,Sindi(Selu),7305,7125,7250.0,Maharashtra,Other
2025-02-18,Cotton,15,Hingoli,FAQ,Marathawada Shetkari Khajgi Bazar Parisar,7075,5800,7010.0,Maharashtra,Other
2025-02-18,Cotton,15,Nagpur,Local,Savner,7050,7025,7050.0,Maharashtra,Other
2025-02-18,Cotton,15,Nagpur,Local,Hingna,7150,6400,6700.0,Maharashtra,Desi
2025-02-18,Cotton,15,Parbhani,Local,Manwat,7295,7160,7210.0,Maharashtra,Desi
2025-02-18,Cotton,15,Wardha,Non-FAQ,Hinganghat,7120,6900,7010.0,Maharashtra,Other
2025-02-19,Cotton,15,Yavatmal,FAQ,ZariZamini,7250,7250,7250.0,Maharashtra,Other
2025-02-19,Cotton,15,Nagpur,Non-FAQ,Parshiwani,7050,6900,6980.0,Maharashtra,Other
2025-02-19,Cotton,15,Hingoli,Local,Akhadabalapur,7300,7000,7150.0,Maharashtra,Desi
2025-02-20,Cotton,15,Nanded,Non-FAQ,Himalyatnagar,6900,6500,6800.0,Maharashtra,Other
2025-02-20,Cotton,15,Wardha,Local,Samudrapur,7200,6800,7000.0,Maharashtra,Other
2025-02-20,Cotton,15,Nagpur,Local,Mauda,7105,6800,6952.0,Maharashtra,Other
2025-02-20,Cotton,15,Nagpur,Local,Katol,7100,6700,7050.0,Maharashtra,Desi
2025-02-20,Cotton,15,Parbhani,Non-FAQ,Sonpeth,7120,6600,7050.0,Maharashtra,Other
2025-02-20,Cotton,15,Nagpur,Non-FAQ,Bhiwapur,7050,6700,6875.0,Maharashtra,Other
2025-02-21,Cotton,15,Wardha,Non-FAQ,Pulgaon,7275,6500,7100.0,Maharashtra,Other
2025-02-21,Cotton,15,Jalgaon,Non-FAQ,Yawal,6890,6590,6610.0,Maharashtra,Other
2025-02-21,Cotton,15,Chandrapur,Local,Varora,7120,6500,6800.0,Maharashtra,Desi
2025-02-22,Cotton,15,Wardha,FAQ,Sindi(Selu),7355,7125,7280.0,Maharashtra,Other
2025-02-22,Cotton,15,Chandrapur,Local,Varora,7120,6500,6800.0,Maharashtra,Desi
2025-02-22,Cotton,15,Nagpur,Local,Umared,7100,6700,7000.0,Maharashtra,Desi
2025-02-23,Cotton,15,Nagpur,Local,Katol,7050,6700,7000.0,Maharashtra,Desi
2025-02-23,Cotton,15,Parbhani,FAQ,Hari Har Khajagi Bazar Parisar,7250,6000,7084.0,Maharashtra,LRA
2025-02-24,Cotton,15,Gadchiroli,Local,Sironcha,6900,6700,6800.0,Maharashtra,Other
2025-02-24,Cotton,15,Wardha,Non-FAQ,Hinganghat,7110,6900,7005.0,Maharashtra,Other
2025-02-24,Cotton,15,Wardha,FAQ,Hinganghat,7370,7130,7250.0,Maharashtra,Other
2025-02-24,Cotton,15,Chandrapur,Non-FAQ,Varora,7120,6450,6800.0,Maharashtra,Desi
2025-02-24,Cotton,15,Parbhani,Non-FAQ,Sonpeth,7120,6900,7050.0,Maharashtra,Other
2025-02-24,Cotton,15,Chandrapur,FAQ,Varora,7200,7121,7150.0,Maharashtra,Other
2025-02-25,Cotton,15,Nagpur,Local,Umared,7100,6600,6950.0,Maharashtra,Desi
2025-02-25,Cotton,15,Nagpur,Local,Katol,7050,6700,7000.0,Maharashtra,Desi
2025-02-25,Cotton,15,Nagpur,Local,Savner,7025,7025,7025.0,Maharashtra,Other
2025-02-26,Cotton,15,Gadchiroli,Local,Sironcha,6900,6700,6800.0,Maharashtra,Other
2025-02-26,Cotton,15,Wardha,Non-FAQ,Arvi,7120,7000,7080.0,Maharashtra,H-4(A) 27mm FIne
2025-02-27,Cotton,15,Nagpur,Local,Kalmeshwar,7150,6400,6800.0,Maharashtra,Other
2025-02-28,Cotton,15,Parbhani,Local,Manwat,7350,7195,7265.0,Maharashtra,Desi
2025-02-28,Cotton,15,Wardha,Non-FAQ,Hinganghat,7120,6950,7005.0,Maharashtra,Other
2025-03-01,Cotton,15,Wardha,FAQ,Sindi(Selu),7350,7125,7300.0,Maharashtra,Other
2025-03-01,Cotton,15,Chandrapur,FAQ,Varora,7200,7121,7180.0,Maharashtra,Other
2025-03-01,Cotton,15,Wardha,Non-FAQ,Arvi,7050,7000,7030.0,Maharashtra,H-4(A) 27mm FIne
2025-03-01,Cotton,15,Parbhani,FAQ,Sonpeth,7209,7121,7150.0,Maharashtra,Other
2025-03-02,Cotton,15,Parbhani,FAQ,Sonpeth,7200,7150,7175.0,Maharashtra,Other
2025-03-02,Cotton,15,Beed,Local,Vadvani,7085,6800,7000.0,Maharashtra,Other
2025-03-03,Cotton,15,Yavatmal,Non-FAQ,Ghatanji,7100,6750,7000.0,Maharashtra,LRA
2025-03-03,Cotton,15,Chandrapur,Local,Bhadrawati,7100,6550,6800.0,Maharashtra,Other
2025-03-03,Cotton,15,Nagpur,Local,Kalmeshwar,7150,6400,6800.0,Maharashtra,Other
2025-03-04,Cotton,15,Akola,FAQ,Barshi Takli,7421,7421,7421.0,Maharashtra,Other
2025-03-04,Cotton,15,Buldhana,Non-FAQ,Khamgaon,7100,6900,7000.0,Maharashtra,Other
2025-03-04,Cotton,15,Nagpur,Local,Savner,6950,6950,6950.0,Maharashtra,Other
2025-03-04,Cotton,15,Wardha,Non-FAQ,Hinganghat,7110,6700,6905.0,Maharashtra,Other
2025-03-05,Cotton,15,Buldhana,Non-FAQ,Khamgaon,7200,6900,7050.0,Maharashtra,Other
2025-03-05,Cotton,15,Amarawati,Local,Amarawati,7325,7000,7162.0,Maharashtra,Other
2025-03-05,Cotton,15,Nagpur,Non-FAQ,Bhiwapur,6950,6700,6825.0,Maharashtra,Other
2025-03-05,Cotton,15,Chandrapur,Local,Korpana,7000,6000,6500.0,Maharashtra,Desi
2025-03-05,Cotton,15,Wardha,Non-FAQ,Hinganghat,7110,6700,6905.0,Maharashtra,Other
2025-03-06,Cotton,15,Buldhana,Non-FAQ,Khamgaon,7150,6900,7025.0,Maharashtra,Other
2025-03-06,Cotton,15,Nagpur,Local,Savner,6900,6900,6900.0,Maharashtra,Other
2025-03-06,Cotton,15,Beed,Local,Vadvani,7125,6850,7100.0,Maharashtra,Other
2025-03-06,Cotton,15,Wardha,Local,Samudrapur,7150,6500,6900.0,Maharashtra,Other
2025-03-06,Cotton,15,Yavatmal,FAQ,Kisan Market Yard,6800,5000,5300.0,Maharashtra,Other
2025-03-06,Cotton,15,Wardha,Non-FAQ,Hinganghat,7105,6700,6900.0,Maharashtra,Other
2025-03-06,Cotton,15,Chandrapur,Local,Varora,7100,6700,6800.0,Maharashtra,Desi
2025-03-07,Cotton,15,Parbhani,Local,Manwat,7390,7175,7280.0,Maharashtra,Desi
2025-03-07,Cotton,15,Yavatmal,FAQ,Cottoncity Agro Foods Private Ltd,7025,6600,6950.0,Maharashtra,Other
2025-03-07,Cotton,15,Nanded,Non-FAQ,Himalyatnagar,6900,6700,6800.0,Maharashtra,Other
2025-03-07,Cotton,15,Wardha,Non-FAQ,Arvi,7080,7000,7050.0,Maharashtra,H-4(A) 27mm FIne
2025-03-07,Cotton,15,Wardha,FAQ,Hinganghat,7270,7121,7198.0,Maharashtra,Other
2025-03-08,Cotton,15,Yavatmal,FAQ,ZariZamini,7150,7150,7150.0,Maharashtra,Other
2025-03-08,Cotton,15,Chandrapur,Local,Varora,7120,6300,6700.0,Maharashtra,Desi
2025-03-08,Cotton,15,Chandrapur,FAQ,Varora,7240,7121,7180.0,Maharashtra,Other
2025-03-08,Cotton,15,Yavatmal,Local,Ralegaon,7200,6800,7150.0,Maharashtra,Other
2025-03-08,Cotton,15,Buldhana,FAQ,Maharaja Agresen Private Krushi Utappan Bazar Sama,7300,5247,6856.0,Maharashtra,Other
2025-03-08,Cotton,15,Yavatmal,Local,Maregoan,7150,6950,7050.0,Maharashtra,Desi
2025-03-08,Cotton,15,Parbhani,Local,Manwat,7430,7220,7360.0,Maharashtra,Desi
2025-03-08,Cotton,15,Yavatmal,Local,Ner Parasopant,6200,6200,6200.0,Maharashtra,Desi
2025-03-09,Cotton,15,Yavatmal,Local,Maregoan,7150,6950,7050.0,Maharashtra,Desi
2025-03-10,Cotton,15,Wardha,Non-FAQ,Arvi,7100,6800,6900.0,Maharashtra,H-4(A) 27mm FIne
2025-03-10,Cotton,15,Nagpur,Local,Kalmeshwar,7100,6300,6700.0,Maharashtra,Other
2025-03-10,Cotton,15,Nagpur,Local,Katol,6950,6700,6900.0,Maharashtra,Desi
2025-03-10,Cotton,15,Parbhani,FAQ,Hari Har Khajagi Bazar Parisar,7700,5600,7076.0,Maharashtra,LRA
2025-03-10,Cotton,15,Nagpur,Local,Mandhal,7000,6700,6900.0,Maharashtra,Desi
2025-03-10,Cotton,15,Wardha,FAQ,Hinganghat,7240,7121,7190.0,Maharashtra,Other
2025-03-10,Cotton,15,Chandrapur,Local,Varora,7120,6100,6700.0,Maharashtra,Desi
2025-03-10,Cotton,15,Wardha,FAQ,Wardha,7150,7150,7150.0,Maharashtra,Other
2025-03-10,Cotton,15,Buldhana,FAQ,Maharaja Agresen Private Krushi Utappan Bazar Sama,7300,5620,6892.0,Maharashtra,Other
2025-03-10,Cotton,15,Yavatmal,Local,Ner Parasopant,5800,5800,5800.0,Maharashtra,Desi
2025-03-10,Cotton,15,Nagpur,Non-FAQ,Parshiwani,7000,6750,6925.0,Maharashtra,Other
2025-03-11,Cotton,15,Beed,Local,Vadvani,7125,6850,7070.0,Maharashtra,Other
2025-03-11,Cotton,15,Gadchiroli,Local,Sironcha,6900,6700,6800.0,Maharashtra,Other
2025-03-11,Cotton,15,Beed,FAQ,Kille Dharur,7421,7383,7421.0,Maharashtra,Other
2025-03-11,Cotton,15,Nagpur,Local,Katol,7050,6500,6950.0,Maharashtra,Desi
2025-03-11,Cotton,15,Buldhana,Non-FAQ,Khamgaon,7100,6900,7000.0,Maharashtra,Other
2025-03-11,Cotton,15,Parbhani,FAQ,Hari Har Khajagi Bazar Parisar,7650,5700,7133.0,Maharashtra,LRA
2025-03-11,Cotton,15,Wardha,FAQ,Sindi(Selu),7350,7125,7280.0,Maharashtra,Other
2025-03-11,Cotton,15,Pune,Non-FAQ,Baramati,5000,4500,5000.0,Maharashtra,Other
2025-03-11,Cotton,15,Chandrapur,Local,Bhadrawati,7200,5900,6500.0,Maharashtra,Other
2025-03-12,Cotton,15,Yavatmal,Non-FAQ,Ghatanji,7100,6800,7000.0,Maharashtra,LRA
2025-03-12,Cotton,15,Nanded,Local,Kinwat,7100,6500,6800.0,Maharashtra,Other
2025-03-12,Cotton,15,Nagpur,Local,Kalmeshwar,7100,6300,6700.0,Maharashtra,Other
2025-03-13,Cotton,15,Nagpur,Local,Umared,7100,6500,7000.0,Maharashtra,Desi
2025-03-13,Cotton,15,Wardha,FAQ,Sindi(Selu),7365,7130,7300.0,Maharashtra,Other
2025-03-14,Cotton,15,Jalgaon,Non-FAQ,Yawal,6870,6550,6630.0,Maharashtra,Other
2025-03-15,Cotton,15,Ahmednagar,Non-FAQ,Pathardi,7100,6950,7000.0,Maharashtra,N-44
2025-03-15,Cotton,15,Yavatmal,FAQ,Jagdamba Agrocare,7250,6400,7000.0,Maharashtra,Other
2025-03-15,Cotton,15,Wardha,Local,Samudrapur,7250,6500,7000.0,Maharashtra,Other
2025-03-15,Cotton,15,Yavatmal,Local,Ralegaon,7250,6800,7200.0,Maharashtra,Other
2025-03-15,Cotton,15,Wardha,Non-FAQ,Arvi,7090,6850,7000.0,Maharashtra,H-4(A) 27mm FIne
2025-03-16,Cotton,15,Parbhani,FAQ,Hari Har Khajagi Bazar Parisar,7750,6000,7147.0,Maharashtra,LRA
2025-03-16,Cotton,15,Nagpur,Non-FAQ,Bhiwapur,7100,6700,6900.0,Maharashtra,Other
2025-03-17,Cotton,15,Wardha,FAQ,Sindi(Selu),7455,7125,7350.0,Maharashtra,Other
2025-03-17,Cotton,15,Yavatmal,Non-FAQ,Ghatanji,7100,6800,7000.0,Maharashtra,LRA
2025-03-18,Cotton,15,Buldhana,FAQ,Maharaja Agresen Private Krushi Utappan Bazar Sama,7400,4455,7126.0,Maharashtra,Other
2025-03-18,Cotton,15,Yavatmal,FAQ,Jagdamba Agrocare,7400,5900,7000.0,Maharashtra,Other
2025-03-18,Cotton,15,Buldhana,Local,Deoulgaon Raja,7530,7000,7350.0,Maharashtra,Desi
2025-03-19,Cotton,15,Nanded,FAQ,Shetkari Khajgi Bajar,6540,6280,6410.0,Maharashtra,LH-900
2025-03-19,Cotton,15,Buldhana,Non-FAQ,Khamgaon,7250,6900,7075.0,Maharashtra,Other
2025-03-19,Cotton,15,Wardha,Non-FAQ,Wardha,7100,6800,6950.0,Maharashtra,Other
2025-03-19,Cotton,15,Amarawati,Local,Amarawati,7575,7225,7400.0,Maharashtra,Other
2025-03-20,Cotton,15,Chandrapur,Local,Korpana,7200,6500,6900.0,Maharashtra,Desi
2025-03-20,Cotton,15,Wardha,FAQ,Sindi(Selu),7550,7125,7450.0,Maharashtra,Other
2025-03-20,Cotton,15,Chandrapur,Local,Bhadrawati,7350,5100,6475.0,Maharashtra,Other
2025-03-20,Cotton,15,Beed,Local,Vadvani,7400,7150,7250.0,Maharashtra,Other
2025-03-20,Cotton,15,Wardha,FAQ,Arvi,7250,7125,7190.0,Maharashtra,H-4(A) 27mm FIne
2025-03-21,Cotton,15,Buldhana,FAQ,Maharaja Agresen Private Krushi Utappan Bazar Sama,7500,5820,6812.0,Maharashtra,Other
2025-03-21,Cotton,15,Hingoli,FAQ,Marathawada Shetkari Khajgi Bazar Parisar,7450,6100,7112.0,Maharashtra,Other
2025-03-21,Cotton,15,Yavatmal,FAQ,Jagdamba Agrocare,7400,5600,7000.0,Maharashtra,Other
2025-03-21,Cotton,15,Parbhani,Local,Manwat,7810,7600,7750.0,Maharashtra,Desi
2025-03-21,Cotton,15,Hingoli,Local,Akhadabalapur,7000,6500,6750.0,Maharashtra,Desi
2025-03-21,Cotton,15,Yavatmal,Local,Ner Parasopant,5500,5500,5500.0,Maharashtra,Desi
2025-03-21,Cotton,15,Jalgaon,Non-FAQ,Yawal,6870,6510,6600.0,Maharashtra,Other
2025-03-21,Cotton,15,Buldhana,FAQ,ACF Agro Marketing ,6800,6700,6745.0,Maharashtra,Other
2025-03-21,Cotton,15,Wardha,FAQ,Hinganghat,7555,7125,7200.0,Maharashtra,Other
2025-03-21,Cotton,15,Nagpur,Local,Katol,7150,6500,7050.0,Maharashtra,Desi
2025-03-21,Cotton,15,Parbhani,FAQ,Hari Har Khajagi Bazar Parisar,7900,6200,7424.0,Maharashtra,LRA
2025-03-22,Cotton,15,Chandrapur,FAQ,Varora,7401,7121,7300.0,Maharashtra,Other
2025-03-22,Cotton,15,Parbhani,FAQ,Sonpeth,7500,7350,7450.0,Maharashtra,Other
2025-03-22,Cotton,15,Beed,Local,Vadvani,7450,7190,7300.0,Maharashtra,Other
2025-03-22,Cotton,15,Parbhani,FAQ,Hari Har Khajagi Bazar Parisar,8050,6100,7413.0,Maharashtra,LRA
2025-03-22,Cotton,15,Yavatmal,FAQ,Jagdamba Agrocare,7400,6500,7000.0,Maharashtra,Other
2025-03-22,Cotton,15,Buldhana,Non-FAQ,Khamgaon,7200,7000,7100.0,Maharashtra,Other
2025-03-22,Cotton,15,Nagpur,Local,Hingna,7225,6300,6600.0,Maharashtra,Desi
2025-03-24,Cotton,15,Wardha,FAQ,Sindi(Selu),7465,7125,7400.0,Maharashtra,Other
2025-03-24,Cotton,15,Chandrapur,Local,Varora,7120,5200,6700.0,Maharashtra,Desi
2025-03-24,Cotton,15,Buldhana,FAQ,Maharaja Agresen Private Krushi Utappan Bazar Sama,7100,5920,6584.0,Maharashtra,Other
2025-03-24,Cotton,15,Buldhana,Non-FAQ,Khamgaon,7200,7000,7100.0,Maharashtra,Other
2025-03-24,Cotton,15,Amarawati,Non-FAQ,Dhamngaon-Railway,7100,6250,7000.0,Maharashtra,LRA
2025-03-24,Cotton,15,Wardha,Non-FAQ,Hinganghat,7120,6700,6800.0,Maharashtra,Other
2025-03-25,Cotton,15,Wardha,FAQ,Sindi(Selu),7565,7125,7450.0,Maharashtra,Other
2025-03-25,Cotton,15,Wardha,Local,Samudrapur,7521,6750,7200.0,Maharashtra,Other
2025-03-25,Cotton,15,Beed,Local,Kille Dharur,7506,7400,7506.0,Maharashtra,Desi
2025-03-25,Cotton,15,Nagpur,Local,Savner,7160,7150,7160.0,Maharashtra,Other
2025-03-25,Cotton,15,Nagpur,Local,Hingna,7300,5500,7300.0,Maharashtra,Desi
2025-03-25,Cotton,15,Nagpur,Non-FAQ,Parshiwani,7150,6825,7050.0,Maharashtra,Other
2025-03-25,Cotton,15,Chandrapur,Local,Varora,7120,5600,6700.0,Maharashtra,Desi
2025-03-26,Cotton,15,Wardha,FAQ,Hinganghat,7680,7125,7250.0,Maharashtra,Other
2025-03-26,Cotton,15,Buldhana,Local,Deoulgaon Raja,7850,7300,7500.0,Maharashtra,Desi
2025-03-26,Cotton,15,Yavatmal,FAQ,Jagdamba Agrocare,7500,6100,7100.0,Maharashtra,Other
2025-03-26,Cotton,15,Nagpur,Local,Savner,7160,7150,7160.0,Maharashtra,Other
2025-03-26,Cotton,15,Beed,Local,Kille Dharur,7506,7400,7506.0,Maharashtra,Desi
2025-03-26,Cotton,15,Chandrapur,Local,Korpana,7350,6850,7000.0,Maharashtra,Desi
2025-03-26,Cotton,15,Nagpur,Local,Mandhal,7100,6700,6950.0,Maharashtra,Desi
2025-03-26,Cotton,15,Nagpur,Local,Umared,7320,6600,7210.0,Maharashtra,Desi
2025-03-27,Cotton,15,Buldhana,Non-FAQ,Khamgaon,7200,7000,7100.0,Maharashtra,Other
2025-03-27,Cotton,15,Wardha,FAQ,Wardha,7500,7121,7350.0,Maharashtra,Other
2025-03-27,Cotton,15,Yavatmal,Local,Ralegaon,7600,7000,7450.0,Maharashtra,Other
2025-03-27,Cotton,15,Nagpur,Non-FAQ,Bhiwapur,7460,6700,7050.0,Maharashtra,Other
2025-03-27,Cotton,15,Nagpur,Local,Umared,7370,6700,7250.0,Maharashtra,Desi
2025-03-28,Cotton,15,Yavatmal,FAQ,Ghatanji,7650,7130,7550.0,Maharashtra,LRA
2025-03-28,Cotton,15,Amarawati,Local,Amarawati,7700,7350,7525.0,Maharashtra,Other
2025-03-28,Cotton,15,Wardha,Non-FAQ,Wardha,7100,6875,6925.0,Maharashtra,Other
2025-03-28,Cotton,15,Nagpur,Local,Kalmeshwar,7450,6400,6800.0,Maharashtra,Other
2025-03-28,Cotton,15,Buldhana,FAQ,ACF Agro Marketing ,6500,6400,6429.0,Maharashtra,Other
2025-03-28,Cotton,15,Wardha,FAQ,Sindi(Selu),7700,7125,7650.0,Maharashtra,Other
2025-03-29,Cotton,15,Nagpur,Local,Savner,7225,7200,7225.0,Maharashtra,Other
2025-03-29,Cotton,15,Ahmednagar,Non-FAQ,Pathardi,7100,6900,7050.0,Maharashtra,N-44
2025-03-29,Cotton,15,Chandrapur,Local,Varora,7120,5300,6700.0,Maharashtra,Desi
2025-03-30,Cotton,15,Nagpur,FAQ,Bhiwapur,7650,7550,7600.0,Maharashtra,Other
2025-03-30,Cotton,15,Chandrapur,Local,Varora,7600,6000,7300.0,Maharashtra,Desi
2025-03-30,Cotton,15,Nagpur,Non-FAQ,Bhiwapur,7500,7000,7250.0,Maharashtra,Other
2025-03-31,Cotton,15,Chandrapur,Local,Bhadrawati,6700,5800,6250.0,Maharashtra,Other
2025-03-31,Cotton,15,Wardha,FAQ,Arvi,7500,7200,7300.0,Maharashtra,H-4(A) 27mm FIne
2025-03-31,Cotton,15,Nanded,FAQ,Shetkari Khajgi Bajar,6620,6360,6490.0,Maharashtra,LH-900
2025-04-01,Cotton,15,Wardha,FAQ,Hinganghat,8000,7125,7280.0,Maharashtra,Other
2025-04-01,Cotton,15,Nagpur,Local,Katol,7300,6500,7200.0,Maharashtra,Desi
2025-04-02,Cotton,15,Wardha,Local,Samudrapur,7800,6500,7000.0,Maharashtra,Other
2025-04-02,Cotton,15,Yavatmal,Local,Ralegaon,7900,7000,7800.0,Maharashtra,Other
2025-04-02,Cotton,15,Chandrapur,Local,Varora,7650,6000,6800.0,Maharashtra,Desi
2025-04-02,Cotton,15,Nagpur,Non-FAQ,Bhiwapur,7400,7200,7300.0,Maharashtra,Other
2025-04-02,Cotton,15,Buldhana,Non-FAQ,Khamgaon,7400,7000,7200.0,Maharashtra,Other
2025-04-02,Cotton,15,Wardha,Non-FAQ,Hinganghat,7120,6700,6900.0,Maharashtra,Other
2025-04-04,Cotton,15,Parbhani,FAQ,Hari Har Khajagi Bazar Parisar,7950,6000,7608.0,Maharashtra,LRA
2025-04-04,Cotton,15,Nagpur,Local,Savner,7350,7300,7325.0,Maharashtra,Other
2025-04-04,Cotton,15,Yavatmal,FAQ,Jagdamba Agrocare,7900,5900,7400.0,Maharashtra,Other
2025-04-04,Cotton,15,Wardha,Local,Samudrapur,7850,6500,7000.0,Maharashtra,Other
2025-04-05,Cotton,15,Wardha,FAQ,Hinganghat,8000,7125,7305.0,Maharashtra,Other
2025-04-05,Cotton,15,Parbhani,FAQ,Sonpeth,7700,7550,7600.0,Maharashtra,Other
2025-04-07,Cotton,15,Beed,Local,Vadvani,7700,7300,7300.0,Maharashtra,Other
2025-04-07,Cotton,15,Wardha,FAQ,Hinganghat,7985,7125,7300.0,Maharashtra,Other
2025-04-07,Cotton,15,Wardha,FAQ,Arvi,7750,7200,7500.0,Maharashtra,H-4(A) 27mm FIne
2025-04-07,Cotton,15,Chandrapur,Local,Bhadrawati,7500,7500,7500.0,Maharashtra,Other
2025-04-08,Cotton,15,Nagpur,Local,Katol,7350,7000,7150.0,Maharashtra,Desi
2025-04-08,Cotton,15,Wardha,FAQ,Wardha,7850,7121,7550.0,Maharashtra,Other
2025-04-08,Cotton,15,Beed,Local,Vadvani,7700,7350,7550.0,Maharashtra,Other
2025-04-08,Cotton,15,Parbhani,FAQ,Hari Har Khajagi Bazar Parisar,8100,6300,7505.0,Maharashtra,LRA
2025-04-09,Cotton,15,Nagpur,FAQ,Bhiwapur,7600,7550,7575.0,Maharashtra,Other
2025-04-10,Cotton,15,Nagpur,FAQ,Bhiwapur,7600,7600,7600.0,Maharashtra,Other
2025-04-10,Cotton,15,Wardha,Non-FAQ,Hinganghat,7120,6700,7000.0,Maharashtra,Other
2025-04-10,Cotton,15,Beed,Local,Vadvani,7600,7600,7600.0,Maharashtra,Other
2025-04-10,Cotton,15,Nagpur,Local,Kalmeshwar,7500,6500,6950.0,Maharashtra,Other
2025-04-11,Cotton,15,Nagpur,Local,Umared,7500,7000,7300.0,Maharashtra,Desi
2025-04-11,Cotton,15,Amarawati,Local,Amarawati,8100,7750,7925.0,Maharashtra,Other
2025-04-11,Cotton,15,Wardha,FAQ,Hinganghat,8000,7125,7310.0,Maharashtra,Other
2025-04-11,Cotton,15,Parbhani,Local,Manwat,7960,7770,7840.0,Maharashtra,Desi
2025-04-11,Cotton,15,Chandrapur,Local,Varora,7771,6000,6900.0,Maharashtra,Desi
2025-04-12,Cotton,15,Buldhana,FAQ,Deulgaon Raja Balaji Agro Marketing Private Market,7750,6300,6619.0,Maharashtra,Other
2025-04-12,Cotton,15,Ahmednagar,Non-FAQ,Pathardi,7100,6900,7000.0,Maharashtra,N-44
2025-04-14,Cotton,15,Yavatmal,Local,Maregoan,7750,7050,7350.0,Maharashtra,Desi
2025-04-14,Cotton,15,Nagpur,Local,Kalmeshwar,7500,6500,7275.0,Maharashtra,Other
2025-04-15,Cotton,15,Parbhani,Local,Manwat,8025,7860,7930.0,Maharashtra,Desi
2025-04-15,Cotton,15,Yavatmal,Local,Maregoan,7750,7050,7350.0,Maharashtra,Desi
2025-04-15,Cotton,15,Buldhana,FAQ,Deulgaon Raja Balaji Agro Marketing Private Market,7800,6557,7226.0,Maharashtra,Other
2025-04-15,Cotton,15,Wardha,Non-FAQ,Wardha,7100,6700,6850.0,Maharashtra,Other
2025-04-16,Cotton,15,Buldhana,Non-FAQ,Khamgaon,7400,7400,7400.0,Maharashtra,Other
2025-04-16,Cotton,15,Parbhani,Local,Manwat,8055,7860,7960.0,Maharashtra,Desi
2025-04-16,Cotton,15,Nagpur,Local,Kalmeshwar,7500,6800,7200.0,Maharashtra,Other
2025-04-16,Cotton,15,Nagpur,Local,Katol,7550,7000,7400.0,Maharashtra,Desi
2025-04-16,Cotton,15,Nagpur,Non-FAQ,Parshiwani,7300,6800,7175.0,Maharashtra,Other
2025-04-16,Cotton,15,Nagpur,FAQ,Bhiwapur,7620,7550,7585.0,Maharashtra,Other
2025-04-16,Cotton,15,Nagpur,Local,Savner,7300,7300,7300.0,Maharashtra,Other
2025-04-16,Cotton,15,Beed,Local,Kille Dharur,7656,7650,7650.0,Maharashtra,Desi
2025-04-17,Cotton,15,Parbhani,FAQ,Hari Har Khajagi Bazar Parisar,8000,6000,7622.0,Maharashtra,LRA
2025-04-17,Cotton,15,Nagpur,Non-FAQ,Parshiwani,7300,6950,7175.0,Maharashtra,Other
2025-04-17,Cotton,15,Nagpur,Local,Umared,7530,6900,7350.0,Maharashtra,Desi
2025-04-17,Cotton,15,Chandrapur,Local,Varora,7120,6000,6500.0,Maharashtra,Desi
2025-04-17,Cotton,15,Wardha,FAQ,Hinganghat,8030,7125,7350.0,Maharashtra,Other
2025-04-18,Cotton,15,Yavatmal,FAQ,Jagdamba Agrocare,7900,6000,7400.0,Maharashtra,Other
2025-04-19,Cotton,15,Beed,Local,Vadvani,7760,7400,7650.0,Maharashtra,Other
2025-04-20,Cotton,15,Beed,Local,Vadvani,7700,7290,7500.0,Maharashtra,Other
2025-04-20,Cotton,15,Nagpur,FAQ,Bhiwapur,7650,7550,7600.0,Maharashtra,Other
2025-04-21,Cotton,15,Wardha,FAQ,Wardha,7900,7121,7550.0,Maharashtra,Other
2025-04-21,Cotton,15,Buldhana,Non-FAQ,Khamgaon,7500,6800,7150.0,Maharashtra,Other
2025-04-21,Cotton,15,Parbhani,FAQ,Hari Har Khajagi Bazar Parisar,8050,5500,7598.0,Maharashtra,LRA
2025-04-21,Cotton,15,Beed,Local,Kille Dharur,7656,7650,7650.0,Maharashtra,Desi
2025-04-22,Cotton,15,Wardha,FAQ,Arvi,7950,7300,7500.0,Maharashtra,H-4(A) 27mm FIne
2025-04-22,Cotton,15,Amarawati,Local,Amarawati,8150,7800,7975.0,Maharashtra,Other
2025-04-22,Cotton,15,Nagpur,Local,Katol,7600,7000,7500.0,Maharashtra,Desi
2025-04-22,Cotton,15,Wardha,FAQ,Sindi(Selu),7935,7555,7850.0,Maharashtra,Other
2025-04-23,Cotton,15,Wardha,Non-FAQ,Wardha,7100,7000,7050.0,Maharashtra,Other
2025-04-23,Cotton,15,Yavatmal,Non-FAQ,Ner Parasopant,6800,6800,6800.0,Maharashtra,Desi
2025-04-23,Cotton,15,Nagpur,Local,Kalmeshwar,7600,6800,7200.0,Maharashtra,Other
2025-04-23,Cotton,15,Wardha,Non-FAQ,Hinganghat,7120,7000,7080.0,Maharashtra,Other
2025-04-24,Cotton,15,Wardha,Non-FAQ,Hinganghat,7120,7000,7050.0,Maharashtra,Other
2025-04-24,Cotton,15,Nagpur,Non-FAQ,Bhiwapur,7400,7000,7200.0,Maharashtra,Other
2025-04-24,Cotton,15,Nagpur,Local,Savner,7400,7300,7350.0,Maharashtra,Other
2025-04-24,Cotton,15,Amarawati,Local,Amarawati,8150,7850,8000.0,Maharashtra,Other
2025-04-24,Cotton,15,Wardha,FAQ,Sindi(Selu),7970,7550,7850.0,Maharashtra,Other
2025-04-25,Cotton,15,Nagpur,Local,Kalmeshwar,7600,6800,7200.0,Maharashtra,Other
2025-04-26,Cotton,15,Buldhana,Non-FAQ,Khamgaon,7200,7000,7100.0,Maharashtra,Other
2025-04-26,Cotton,15,Buldhana,FAQ,Deulgaon Raja Balaji Agro Marketing Private Market,7550,7173,7351.0,Maharashtra,Other
2025-04-28,Cotton,15,Beed,Local,Vadvani,7800,7450,7700.0,Maharashtra,Other
2025-04-28,Cotton,15,Buldhana,FAQ,Khamgaon,7600,7600,7600.0,Maharashtra,Other
2025-04-29,Cotton,15,Wardha,Local,Samudrapur,7900,6200,7000.0,Maharashtra,Other
2025-04-29,Cotton,15,Yavatmal,FAQ,Jagdamba Agrocare,7770,5900,7300.0,Maharashtra,Other
2025-04-29,Cotton,15,Parbhani,FAQ,Hari Har Khajagi Bazar Parisar,8000,5600,7473.0,Maharashtra,LRA
2025-04-30,Cotton,15,Nagpur,Non-FAQ,Bhiwapur,7400,7000,7200.0,Maharashtra,Other
2025-05-02,Cotton,15,Nagpur,Local,Umared,7700,7350,7600.0,Maharashtra,Desi
2025-05-02,Cotton,15,Buldhana,FAQ,Khamgaon,7600,7600,7600.0,Maharashtra,Other
2025-05-03,Cotton,15,Parbhani,FAQ,Hari Har Khajagi Bazar Parisar,7900,5500,7426.0,Maharashtra,LRA
2025-05-05,Cotton,15,Parbhani,FAQ,Hari Har Khajagi Bazar Parisar,7850,5200,7295.0,Maharashtra,LRA
2025-05-06,Cotton,15,Chandrapur,Local,Varora,7735,6300,7000.0,Maharashtra,Desi
2025-05-08,Cotton,15,Buldhana,FAQ,Deulgaon Raja Balaji Agro Marketing Private Market,7625,7363,7570.0,Maharashtra,Other
2025-05-10,Cotton,15,Nagpur,Local,Savner,7400,7300,7350.0,Maharashtra,Other
2025-05-10,Cotton,15,Buldhana,FAQ,Maharaja Agresen Private Krushi Utappan Bazar Sama,7550,5148,6800.0,Maharashtra,Other
2025-05-10,Cotton,15,Nagpur,Local,Umared,7650,7350,7500.0,Maharashtra,Desi
2025-05-11,Cotton,15,Buldhana,FAQ,Deulgaon Raja Balaji Agro Marketing Private Market,7700,7600,7670.0,Maharashtra,Other
2025-05-11,Cotton,15,Parbhani,FAQ,Hari Har Khajagi Bazar Parisar,7875,5600,7391.0,Maharashtra,LRA
2025-05-15,Cotton,15,Nagpur,Non-FAQ,Bhiwapur,7500,7000,7250.0,Maharashtra,Other
2025-05-15,Cotton,15,Nagpur,FAQ,Bhiwapur,7730,7600,7665.0,Maharashtra,Other
2025-05-16,Cotton,15,Buldhana,FAQ,Maharaja Agresen Private Krushi Utappan Bazar Sama,7400,6150,6857.0,Maharashtra,Other
2025-05-16,Cotton,15,Nagpur,Local,Kalmeshwar,7600,6800,7200.0,Maharashtra,Other
2025-05-17,Cotton,15,Nagpur,Local,Kalmeshwar,7600,6800,7200.0,Maharashtra,Other
2025-05-18,Cotton,15,Nagpur,Non-FAQ,Bhiwapur,7500,7100,7300.0,Maharashtra,Other
2025-05-18,Cotton,15,Parbhani,FAQ,Hari Har Khajagi Bazar Parisar,7850,5500,7468.0,Maharashtra,LRA
2025-05-23,Cotton,15,Nagpur,Local,Savner,7400,7300,7360.0,Maharashtra,Other
2025-05-24,Cotton,15,Nagpur,Local,Savner,7400,7300,7360.0,Maharashtra,Other
2025-05-24,Cotton,15,Buldhana,FAQ,ACF Agro Marketing ,7000,6900,6906.0,Maharashtra,Other
2025-05-26,Cotton,15,Nagpur,Local,Kalmeshwar,7500,6800,7200.0,Maharashtra,Other
2025-05-27,Cotton,15,Nagpur,Local,Savner,7400,7300,7350.0,Maharashtra,Other
2025-05-27,Cotton,15,Buldhana,FAQ,Maharaja Agresen Private Krushi Utappan Bazar Sama,7300,6313,6840.0,Maharashtra,Other
2025-05-29,Cotton,15,Nagpur,Local,Kalmeshwar,7500,7500,7500.0,Maharashtra,Other
2025-05-29,Cotton,15,Nagpur,Local,Savner,7400,7300,7350.0,Maharashtra,Other
2025-06-02,Cotton,15,Amarawati,Local,Amarawati,7950,7675,7812.0,Maharashtra,Other
2025-06-03,Cotton,15,Wardha,FAQ,Hinganghat,7850,7710,7745.0,Maharashtra,Other
2025-06-04,Cotton,15,Nagpur,Local,Savner,7400,7400,7400.0,Maharashtra,Other
2025-06-06,Cotton,15,Nagpur,Local,Kalmeshwar,7500,6800,7200.0,Maharashtra,Other
2025-06-07,Cotton,15,Parbhani,Local,Hari Har Khajagi Bazar Parisar,7800,5200,7546.0,Maharashtra,LRA
2025-06-08,Cotton,15,Parbhani,Local,Hari Har Khajagi Bazar Parisar,7750,5000,7465.0,Maharashtra,LRA
2025-06-09,Cotton,15,Buldhana,Local,Maharaja Agresen Private Krushi Utappan Bazar Sama,7500,6000,7328.0,Maharashtra,Other
2025-06-10,Cotton,15,Nagpur,Local,Kalmeshwar,7500,6800,7200.0,Maharashtra,Other
2025-06-12,Cotton,15,Buldhana,Local,ACF Agro Marketing ,6800,6700,6788.0,Maharashtra,Other
2025-06-12,Cotton,15,Buldhana,Local,Maharaja Agresen Private Krushi Utappan Bazar Sama,7330,4000,7010.0,Maharashtra,Other
2025-06-14,Cotton,15,Nagpur,Local,Kalmeshwar,7500,6800,7200.0,Maharashtra,Other
2025-06-15,Cotton,15,Parbhani,Local,Hari Har Khajagi Bazar Parisar,7800,5550,7622.0,Maharashtra,LRA
2025-06-15,Cotton,15,Nagpur,Local,Kalmeshwar,7500,6800,7200.0,Maharashtra,Other
2025-06-18,Cotton,15,Buldhana,Local,Maharaja Agresen Private Krushi Utappan Bazar Sama,6900,5000,6039.0,Maharashtra,Other
2025-06-20,Cotton,15,Akola,Local,Shri Gajanan Maharaj Khajagi Krushi Utpanna Bazar,8000,7300,7699.0,Maharashtra,Other
2025-06-24,Cotton,15,Nagpur,Local,Kalmeshwar,7500,6800,7200.0,Maharashtra,Other
2025-06-30,Cotton,15,Parbhani,Local,Hari Har Khajagi Bazar Parisar,7850,6000,7818.0,Maharashtra,LRA
2025-07-11,Cotton,15,Nagpur,Local,Kalmeshwar,7500,7500,7500.0,Maharashtra,Other
2025-10-06,Cotton,15,Buldhana,Local,ACF Agro Marketing ,5700,5600,5612.0,Maharashtra,Other
2025-10-14,Cotton,15,Chandrapur,Local,Varora,6725,5500,6300.0,Maharashtra,Desi
2025-10-29,Cotton,15,Chandrapur,Local,Bhadrawati,7000,6800,6900.0,Maharashtra,Other
2025-11-01,Cotton,15,Chandrapur,Local,Korpana,6700,6200,6500.0,Maharashtra,Desi
2025-11-01,Cotton,15,Chandrapur,Local,Korpana APMC,6700,6200,6500.0,Maharashtra,Desi
2025-11-02,Cotton,15,Parbhani,Local,Hari Har Khajagi Bazar Parisar APMC,7250,7000,7212.0,Maharashtra,LRA
2025-11-02,Cotton,15,Chandrapur,Local,Bhadrawati,7000,7000,7000.0,Maharashtra,Other
2025-11-03,Cotton,15,Nagpur,Local,Umared APMC,7150,6700,7050.0,Maharashtra,Desi
2025-11-04,Cotton,15,Akola,Local,Akola APMC,7979,7737,7898.0,Maharashtra,Desi
2025-11-08,Cotton,15,Beed,Local,Kille Dharur APMC,7256,7155,7200.0,Maharashtra,Desi
2025-11-10,Cotton,15,Chandrapur,Local,Korpana APMC,6800,6300,6500.0,Maharashtra,Desi
2025-11-11,Cotton,15,Nagpur,Local,Umared APMC,6600,6200,6450.0,Maharashtra,Desi
2025-11-13,Cotton,15,Chandrapur,Non-FAQ,Varora APMC,7100,6600,6800.0,Maharashtra,Desi
2025-11-14,Cotton,15,Chandrapur,Local,Varora APMC,7125,6600,6800.0,Maharashtra,Desi
2025-11-17,Cotton,15,Chandrapur,Local,Varora APMC,7200,6550,6900.0,Maharashtra,Desi
2025-11-18,Cotton,15,Nagpur,Local,Katol APMC,6800,6500,6700.0,Maharashtra,Desi
2025-11-19,Cotton,15,Nagpur,Local,Umared APMC,6870,6700,6750.0,Maharashtra,Desi
2025-11-21,Cotton,15,Buldhana,Local,Deoulgaon Raja APMC,7200,6960,7160.0,Maharashtra,Desi
2025-11-21,Cotton,15,Nagpur,Local,Umared APMC,6950,6700,6850.0,Maharashtra,Desi
2025-11-23,Cotton,15,Chandrapur,Local,Varora APMC,7221,6750,6900.0,Maharashtra,Desi
2025-11-24,Cotton,15,Nagpur,Local,Katol APMC,7100,6700,6850.0,Maharashtra,Desi
2025-11-26,Cotton,15,Nagpur,Local,Katol APMC,7050,6700,6950.0,Maharashtra,Desi
2025-11-28,Cotton,15,Akola,Local,Akola APMC,8060,7738,7899.0,Maharashtra,Desi
2026-01-01,Cotton,15,Nagpur,Local,Katol APMC,7500,7100,7400.0,Maharashtra,Desi
2026-01-01,Cotton,15,Yavatmal,Local,Kisan Market Yard APMC,7100,6700,6770.0,Maharashtra,Other
2026-01-02,Cotton,15,Parbhani,FAQ,Sonpeth APMC,8010,7740,7979.0,Maharashtra,Other
2026-01-02,Cotton,15,Nagpur,Local,Katol APMC,7500,7100,7400.0,Maharashtra,Desi
2026-01-02,Cotton,15,Chattrapati Sambhajinagar,FAQ,Fulmbri APMC,8100,7800,7900.0,Maharashtra,Other
2026-01-03,Cotton,15,Yavatmal,Local,Kisan Market Yard APMC,7030,6750,6924.0,Maharashtra,Other
2026-01-05,Cotton,15,Nagpur,Local,Savner APMC,7600,7600,7600.0,Maharashtra,Other
2026-01-05,Cotton,15,Buldhana,Local,Deoulgaon Raja APMC,7800,7400,7700.0,Maharashtra,Desi
2026-01-05,Cotton,15,Nagpur,Local,Katol APMC,7600,7100,7450.0,Maharashtra,Desi
2026-01-05,Cotton,15,Parbhani,FAQ,Sonpeth APMC,8010,7740,7979.0,Maharashtra,Other
2026-01-07,Cotton,15,Nagpur,Non-FAQ,Parshiwani APMC,7725,7600,7675.0,Maharashtra,Other
2026-01-08,Cotton,15,Buldhana,FAQ,Khamgaon APMC,8010,7769,7890.0,Maharashtra,Other
2026-01-10,Cotton,15,Ahmednagar,Local,Pathardi APMC,7350,6450,6900.0,Maharashtra,Other
2026-01-10,Cotton,15,Wardha,FAQ,Hinganghat APMC,8185,7712,7895.0,Maharashtra,Other
2026-01-10,Cotton,15,Yavatmal,Local,Kisan Market Yard APMC,7300,6850,7061.0,Maharashtra,Other
2026-01-10,Cotton,15,Wardha,Local,Samudrapur APMC,8100,7400,7800.0,Maharashtra,Other
2026-01-11,Cotton,15,Nagpur,Non-FAQ,Bhiwapur APMC,8050,7850,7950.0,Maharashtra,Other
2026-01-12,Cotton,15,Nandurbar,Local,Nandurbar APMC,8010,7969,7995.0,Maharashtra,Other
2026-01-12,Cotton,15,Parbhani,FAQ,Sonpeth APMC,8100,7780,8050.0,Maharashtra,Other
2026-01-13,Cotton,15,Buldhana,Local,Deoulgaon Raja APMC,8310,8000,8200.0,Maharashtra,Desi
2026-01-13,Cotton,15,Chattrapati Sambhajinagar,FAQ,Fulmbri APMC,7950,7750,7800.0,Maharashtra,Other
2026-01-13,Cotton,15,Ahmednagar,Local,Pathardi APMC,7100,6250,6800.0,Maharashtra,Other
2026-01-14,Cotton,15,Wardha,Non-FAQ,Hinganghat APMC,7705,7650,7700.0,Maharashtra,Other
2026-01-14,Cotton,15,Wardha,Local,Samudrapur APMC,8150,7500,7800.0,Maharashtra,Other
2026-01-15,Cotton,15,Wardha,FAQ,Wardha APMC,8250,7710,7950.0,Maharashtra,Other
2026-01-15,Cotton,15,Wardha,FAQ,Sindi(Selu) APMC,8290,8110,8200.0,Maharashtra,Other
2026-01-15,Cotton,15,Wardha,Local,Samudrapur APMC,8100,7500,7900.0,Maharashtra,Other
2026-01-16,Cotton,15,Yavatmal,Local,Kisan Market Yard APMC,7600,6750,6750.0,Maharashtra,Other
2026-01-16,Cotton,15,Beed,FAQ,Kille Dharur APMC,7942,7942,7942.0,Maharashtra,Other
2026-01-16,Cotton,15,Wardha,FAQ,Hinganghat APMC,8300,7710,8000.0,Maharashtra,Other
2026-01-18,Cotton,15,Nagpur,Non-FAQ,Bhiwapur APMC,8100,8050,8075.0,Maharashtra,Other
2026-01-19,Cotton,15,Wardha,FAQ,Hinganghat APMC,8295,7710,8000.0,Maharashtra,Other
2026-01-19,Cotton,15,Wardha,Local,Samudrapur APMC,8300,7550,7900.0,Maharashtra,Other
2026-01-19,Cotton,15,Amarawati,Local,Amarawati APMC,8100,7900,8000.0,Maharashtra,Other
2026-01-19,Cotton,15,Wardha,FAQ,Sindi(Selu) APMC,8315,8110,8250.0,Maharashtra,Other
2026-01-20,Cotton,15,Wardha,FAQ,Hinganghat APMC,8275,7710,8000.0,Maharashtra,Other
2026-01-20,Cotton,15,Amarawati,Local,Amarawati APMC,8050,7800,7925.0,Maharashtra,Other
2026-01-20,Cotton,15,Wardha,Local,Samudrapur APMC,8250,7600,7900.0,Maharashtra,Other
2026-01-20,Cotton,15,Hingoli,Local,Marathawada Shetkari Khajgi Bazar Parisar APMC,7870,6650,7792.0,Maharashtra,Other
2026-01-20,Cotton,15,Beed,FAQ,Kille Dharur APMC,8010,7959,7979.0,Maharashtra,Other
2026-01-21,Cotton,15,Wardha,FAQ,Sindi(Selu) APMC,8290,8110,8150.0,Maharashtra,Other
2026-01-21,Cotton,15,Chandrapur,Local,Bhadrawati APMC,8100,7400,7750.0,Maharashtra,Other
2026-01-21,Cotton,15,Wardha,FAQ,Wardha APMC,8200,7710,7950.0,Maharashtra,Other
2026-01-21,Cotton,15,Akola,FAQ,Barshi Takli APMC,8010,8010,8010.0,Maharashtra,Other
2026-01-21,Cotton,15,Nagpur,Local,Kalmeshwar APMC,8000,7700,7950.0,Maharashtra,Other
2026-01-22,Cotton,15,Wardha,FAQ,Sindi(Selu) APMC,8285,8110,8150.0,Maharashtra,Other
2026-01-22,Cotton,15,Nanded,Non-FAQ,Himalyatnagar APMC,7700,7500,7600.0,Maharashtra,Other
2026-01-22,Cotton,15,Chandrapur,Local,Bhadrawati APMC,8200,7300,7750.0,Maharashtra,Other
2026-01-22,Cotton,15,Jalana,Local,Jalana APMC,7978,7690,7850.0,Maharashtra,Other
2026-01-22,Cotton,15,Amarawati,Local,Amarawati APMC,8075,7800,7937.0,Maharashtra,Other
2026-01-22,Cotton,15,Nagpur,Local,Mauda APMC,7950,7750,7850.0,Maharashtra,Other
2026-01-22,Cotton,15,Wardha,Non-FAQ,Wardha APMC,7700,7600,7650.0,Maharashtra,Other
2026-01-22,Cotton,15,Buldhana,FAQ,Khamgaon APMC,8001,7800,7900.0,Maharashtra,Other
2026-01-23,Cotton,15,Amarawati,Local,Amarawati APMC,8050,7800,7925.0,Maharashtra,Other
2026-01-23,Cotton,15,Chandrapur,Local,Bhadrawati APMC,8100,7800,7950.0,Maharashtra,Other
2026-01-23,Cotton,15,Buldhana,FAQ,Khamgaon APMC,8010,7800,7905.0,Maharashtra,Other
2026-01-23,Cotton,15,Wardha,FAQ,Hinganghat APMC,8330,7710,8100.0,Maharashtra,Other
2026-01-24,Cotton,15,Amarawati,Local,Amarawati APMC,8050,7800,7925.0,Maharashtra,Other
2026-01-27,Cotton,15,Wardha,FAQ,Hinganghat APMC,8350,7710,8000.0,Maharashtra,Other
2026-01-27,Cotton,15,Nagpur,Local,Savner APMC,7900,7850,7875.0,Maharashtra,Other
2026-01-27,Cotton,15,Yavatmal,Local,Jagdamba Agrocare APMC,8075,7325,7900.0,Maharashtra,Other
2026-01-28,Cotton,15,Wardha,FAQ,Sindi(Selu) APMC,8300,8110,8250.0,Maharashtra,Other
2026-01-28,Cotton,15,Wardha,Local,Samudrapur APMC,8100,7400,7900.0,Maharashtra,Other
2026-01-28,Cotton,15,Wardha,FAQ,Wardha APMC,8200,7825,8050.0,Maharashtra,Other
2026-01-28,Cotton,15,Nanded,Non-FAQ,Himalyatnagar APMC,7700,7500,7600.0,Maharashtra,Other
2026-01-28,Cotton,15,Parbhani,Local,Selu APMC,8325,7460,8200.0,Maharashtra,Other
2026-01-28,Cotton,15,Nagpur,Local,Kalmeshwar APMC,8100,7400,7700.0,Maharashtra,Other
2026-01-29,Cotton,15,Nagpur,Non-FAQ,Bhiwapur APMC,8000,7900,7950.0,Maharashtra,Other
2026-01-29,Cotton,15,Wardha,Local,Samudrapur APMC,8100,7500,7900.0,Maharashtra,Other
2026-01-30,Cotton,15,Nagpur,Local,Savner APMC,7800,7800,7800.0,Maharashtra,Other
2026-01-30,Cotton,15,Akola,FAQ,Barshi Takli APMC,8010,8010,8010.0,Maharashtra,Other
2026-01-30,Cotton,15,Buldhana,FAQ,Khamgaon APMC,7825,7800,7812.0,Maharashtra,Other
2026-01-31,Cotton,15,Wardha,FAQ,Hinganghat APMC,8145,7710,7900.0,Maharashtra,Other
2026-01-31,Cotton,15,Wardha,FAQ,Sindi(Selu) APMC,8190,8110,8150.0,Maharashtra,Other
2026-02-02,Cotton,15,Nanded,Non-FAQ,Himalyatnagar APMC,7700,7200,7500.0,Maharashtra,Other
2026-02-02,Cotton,15,Wardha,Local,Samudrapur APMC,8000,7400,7800.0,Maharashtra,Other
2026-02-03,Cotton,15,Nandurbar,Local,Nandurbar APMC,8010,7994,8002.0,Maharashtra,Other
2026-02-03,Cotton,15,Yavatmal,Local,Jagdamba Agrocare APMC,7850,6900,7700.0,Maharashtra,Other
2026-02-03,Cotton,15,Hingoli,Local,Marathawada Shetkari Khajgi Bazar Parisar APMC,7600,6700,7522.0,Maharashtra,Other
2026-02-04,Cotton,15,Jalana,Local,Jalana APMC,8010,7930,7986.0,Maharashtra,Other
2026-02-04,Cotton,15,Chandrapur,Local,Bhadrawati APMC,7985,7250,7617.0,Maharashtra,Other
2026-02-04,Cotton,15,Wardha,Non-FAQ,Sindi(Selu) APMC,8035,7750,7900.0,Maharashtra,Other
2026-02-05,Cotton,15,Wardha,FAQ,Hinganghat APMC,8150,7710,7920.0,Maharashtra,Other
2026-02-05,Cotton,15,Nandurbar,Local,Nandurbar APMC,8010,7994,8002.0,Maharashtra,Other
2026-02-06,Cotton,15,Nanded,Non-FAQ,Himalyatnagar APMC,7500,7200,7400.0,Maharashtra,Other
2026-02-06,Cotton,15,Amarawati,Local,Amarawati APMC,7800,7600,7700.0,Maharashtra,Other
2026-02-06,Cotton,15,Jalana,Local,Jalana APMC,8010,7914,7954.0,Maharashtra,Other
2026-02-07,Cotton,15,Nagpur,Non-FAQ,Parshiwani APMC,7750,7600,7700.0,Maharashtra,Other
2026-02-07,Cotton,15,Hingoli,Local,Marathawada Shetkari Khajgi Bazar Parisar APMC,7530,7300,7436.0,Maharashtra,Other
2026-02-09,Cotton,15,Nagpur,Local,Savner APMC,7450,7450,7450.0,Maharashtra,Other
2026-02-10,Cotton,15,Yavatmal,Non-FAQ,Ghatanji APMC,7700,7500,7650.0,Maharashtra,LRA
2026-02-10,Cotton,15,Akola,FAQ,Barshi Takli APMC,8010,8010,8010.0,Maharashtra,Other
2026-02-10,Cotton,15,Buldhana,Non-FAQ,Khamgaon APMC,7500,7450,7475.0,Maharashtra,Other
2026-02-10,Cotton,15,Hingoli,Local,Marathawada Shetkari Khajgi Bazar Parisar APMC,7400,6300,7062.0,Maharashtra,Other
2026-02-11,Cotton,15,Parbhani,Local,Hari Har Khajagi Bazar Parisar APMC,7650,6200,7586.66,Maharashtra,LRA
2026-02-11,Cotton,15,Yavatmal,Local,Jagdamba Agrocare APMC,7650,6300,7500.0,Maharashtra,Other
2026-02-11,Cotton,15,Nagpur,Local,Savner APMC,7500,7500,7500.0,Maharashtra,Other
2026-02-11,Cotton,15,Wardha,FAQ,Hinganghat APMC,8010,7710,7880.0,Maharashtra,Other
2026-02-11,Cotton,15,Nagpur,FAQ,Hingna APMC,8010,7929,8001.0,Maharashtra,Other
2026-02-11,Cotton,15,Amarawati,Local,Amarawati APMC,7600,7400,7500.0,Maharashtra,Other
2026-02-11,Cotton,15,Wardha,Local,Samudrapur APMC,8010,6600,7700.0,Maharashtra,Other
2026-02-11,Cotton,15,Wardha,Non-FAQ,Hinganghat APMC,7700,7000,7400.0,Maharashtra,Other
2026-02-11,Cotton,15,Wardha,Non-FAQ,Sindi(Selu) APMC,8010,7250,7855.0,Maharashtra,Other
2026-02-12,Cotton,15,Nagpur,FAQ,Hingna APMC,7986,7865,7914.0,Maharashtra,Other
2026-02-12,Cotton,15,Wardha,FAQ,Pulgaon APMC,8010,7769,7850.0,Maharashtra,Other
2026-02-12,Cotton,15,Nanded,Local,Hadgaon(Tamsa) APMC,7800,7800,7800.0,Maharashtra,Other
2026-02-12,Cotton,15,Yavatmal,Local,Jagdamba Agrocare APMC,7625,6900,7600.0,Maharashtra,Other
2026-02-13,Cotton,15,Amarawati,Local,Amarawati APMC,7625,7400,7512.0,Maharashtra,Other
2026-02-13,Cotton,15,Akola,FAQ,Barshi Takli APMC,8010,8010,8010.0,Maharashtra,Other
2026-02-13,Cotton,15,Wardha,Local,Samudrapur APMC,8010,6800,7700.0,Maharashtra,Other
2026-02-14,Cotton,15,Wardha,FAQ,Pulgaon APMC,7800,7725,7770.0,Maharashtra,Other
2026-02-14,Cotton,15,Wardha,Non-FAQ,Pulgaon APMC,7550,7200,7465.0,Maharashtra,Other
2026-02-16,Cotton,15,Parbhani,Local,Hari Har Khajagi Bazar Parisar APMC,7550,7300,7477.94,Maharashtra,LRA
2026-02-16,Cotton,15,Wardha,Non-FAQ,Wardha APMC,7700,6500,7250.0,Maharashtra,Other
2026-02-16,Cotton,15,Wardha,Local,Samudrapur APMC,8010,7000,7500.0,Maharashtra,Other
2026-02-16,Cotton,15,Nanded,Non-FAQ,Himalyatnagar APMC,7300,7000,7200.0,Maharashtra,Other
2026-02-17,Cotton,15,Wardha,FAQ,Hinganghat APMC,8010,7710,7890.0,Maharashtra,Other
2026-02-17,Cotton,15,Wardha,Non-FAQ,Wardha APMC,7700,7550,7625.0,Maharashtra,Other
2026-02-17,Cotton,15,Akola,FAQ,Barshi Takli APMC,8010,8010,8010.0,Maharashtra,Other
2026-02-17,Cotton,15,Wardha,Non-FAQ,Pulgaon APMC,7670,7000,7525.0,Maharashtra,Other
2026-02-17,Cotton,15,Wardha,FAQ,Wardha APMC,8010,7710,7950.0,Maharashtra,Other
2026-02-18,Cotton,15,Wardha,Non-FAQ,Pulgaon APMC,7650,6800,7550.0,Maharashtra,Other
2026-02-18,Cotton,15,Wardha,FAQ,Pulgaon APMC,8010,7715,7785.0,Maharashtra,Other
2026-02-18,Cotton,15,Wardha,FAQ,Hinganghat APMC,8010,7710,7790.0,Maharashtra,Other
2026-02-19,Cotton,15,Parbhani,Local,Hari Har Khajagi Bazar Parisar APMC,7600,6000,7499.77,Maharashtra,LRA
2026-02-19,Cotton,15,Wardha,Non-FAQ,Hinganghat APMC,7700,7000,7300.0,Maharashtra,Other
2026-02-19,Cotton,15,Hingoli,Local,Marathawada Shetkari Khajgi Bazar Parisar APMC,6100,6100,6100.0,Maharashtra,Other
2026-02-20,Cotton,15,Hingoli,Local,Marathawada Shetkari Khajgi Bazar Parisar APMC,7400,5700,7276.0,Maharashtra,Other
2026-02-20,Cotton,15,Wardha,FAQ,Pulgaon APMC,8010,7745,7900.0,Maharashtra,Other
2026-02-20,Cotton,15,Nanded,Local,Hadgaon(Tamsa) APMC,8000,7800,7900.0,Maharashtra,Other
2026-02-20,Cotton,15,Wardha,Non-FAQ,Wardha APMC,7700,6550,7250.0,Maharashtra,Other
2026-02-20,Cotton,15,Amarawati,Local,Amarawati APMC,7600,7400,7500.0,Maharashtra,Other
2026-02-21,Cotton,15,Wardha,Non-FAQ,Pulgaon APMC,7680,7000,7500.0,Maharashtra,Other
2026-02-21,Cotton,15,Wardha,Non-FAQ,Hinganghat APMC,7700,7000,7300.0,Maharashtra,Other
2026-02-23,Cotton,15,Buldhana,Non-FAQ,Khamgaon APMC,7500,7400,7450.0,Maharashtra,Other
2026-02-23,Cotton,15,Chandrapur,Local,Bhadrawati APMC,8010,7600,7805.0,Maharashtra,Other
2026-02-23,Cotton,15,Nagpur,FAQ,Hingna APMC,8010,7890,7905.0,Maharashtra,Other
2026-02-23,Cotton,15,Yavatmal,Local,Jagdamba Agrocare APMC,7650,6700,7550.0,Maharashtra,Other
2026-02-23,Cotton,15,Nagpur,Local,Kalmeshwar APMC,7550,7000,7300.0,Maharashtra,Other
2026-02-23,Cotton,15,Akola,FAQ,Barshi Takli APMC,8010,8010,8010.0,Maharashtra,Other
2026-02-23,Cotton,15,Wardha,Non-FAQ,Wardha APMC,7700,6500,7200.0,Maharashtra,Other
2026-02-24,Cotton,15,Nagpur,Non-FAQ,Parshiwani APMC,7600,7350,7525.0,Maharashtra,Other
2026-02-24,Cotton,15,Yavatmal,Non-FAQ,Ghatanji APMC,7700,7200,7500.0,Maharashtra,LRA
2026-02-24,Cotton,15,Wardha,Non-FAQ,Wardha APMC,7700,6500,7450.0,Maharashtra,Other
2026-02-24,Cotton,15,Wardha,FAQ,Wardha APMC,8010,7710,7850.0,Maharashtra,Other
2026-02-24,Cotton,15,Amarawati,FAQ,Dhamngaon-Railway APMC,7945,7710,7800.0,Maharashtra,LRA
2026-02-24,Cotton,15,Beed,Local,Vadvani APMC,7969,7689,7829.0,Maharashtra,Other
2026-02-25,Cotton,15,Wardha,Non-FAQ,Hinganghat APMC,7690,7000,7300.0,Maharashtra,Other
2026-02-25,Cotton,15,Beed,FAQ,Kille Dharur APMC,7969,7839,7949.0,Maharashtra,Other
2026-02-25,Cotton,15,Beed,Local,Vadvani APMC,7929,7829,7869.0,Maharashtra,Other
2026-02-25,Cotton,15,Yavatmal,Non-FAQ,Ghatanji APMC,7700,7000,7300.0,Maharashtra,LRA
2026-02-25,Cotton,15,Nagpur,Non-FAQ,Parshiwani APMC,7625,7400,7550.0,Maharashtra,Other
2026-02-26,Cotton,15,Wardha,Non-FAQ,Hinganghat APMC,7700,7000,7340.0,Maharashtra,Other
2026-02-26,Cotton,15,Wardha,Non-FAQ,Wardha APMC,7700,6500,7350.0,Maharashtra,Other
2026-02-26,Cotton,15,Wardha,FAQ,Pulgaon APMC,8010,7750,7850.0,Maharashtra,Other
2026-02-26,Cotton,15,Yavatmal,Local,Jagdamba Agrocare APMC,7700,6850,7000.0,Maharashtra,Other
2026-02-26,Cotton,15,Hingoli,Local,Marathawada Shetkari Khajgi Bazar Parisar APMC,7525,7225,7491.0,Maharashtra,Other
2026-02-27,Cotton,15,Wardha,Non-FAQ,Wardha APMC,7650,6525,7250.0,Maharashtra,Other
2026-02-27,Cotton,15,Nanded,Non-FAQ,Himalyatnagar APMC,7400,7000,7200.0,Maharashtra,Other
2026-02-27,Cotton,15,Wardha,Non-FAQ,Sindi(Selu) APMC,8010,7150,7915.0,Maharashtra,Other
2026-02-28,Cotton,15,Nanded,Non-FAQ,Himalyatnagar APMC,7400,7000,7200.0,Maharashtra,Other
2026-02-28,Cotton,15,Parbhani,Local,Hari Har Khajagi Bazar Parisar APMC,7700,6000,7620.89,Maharashtra,LRA
2026-02-28,Cotton,15,Hingoli,Local,Marathawada Shetkari Khajgi Bazar Parisar APMC,7525,5830,6157.0,Maharashtra,Other
2026-02-28,Cotton,15,Wardha,Non-FAQ,Sindi(Selu) APMC,7880,7200,7750.0,Maharashtra,Other
2026-03-01,Cotton,15,Nagpur,Local,Kalmeshwar APMC,7600,7000,7300.0,Maharashtra,Other
2026-03-01,Cotton,15,Nagpur,Local,Katol APMC,7550,6800,7350.0,Maharashtra,Desi
2026-03-01,Cotton,15,Wardha,Non-FAQ,Arvi APMC,7650,7300,7400.0,Maharashtra,H-4(A) 27mm FIne
2026-03-02,Cotton,15,Nagpur,Non-FAQ,Bhiwapur APMC,7660,7300,7480.0,Maharashtra,Other
2026-03-02,Cotton,15,Chandrapur,Local,Bhadrawati APMC,7400,6500,6950.0,Maharashtra,Other
2026-03-04,Cotton,15,Beed,FAQ,Kille Dharur APMC,7969,7911,7949.0,Maharashtra,Other
2026-03-04,Cotton,15,Wardha,Local,Samudrapur APMC,7775,7000,7400.0,Maharashtra,Other
2026-03-04,Cotton,15,Wardha,Non-FAQ,Sindi(Selu) APMC,7550,7250,7450.0,Maharashtra,Other
2026-03-05,Cotton,15,Yavatmal,FAQ,Ghatanji APMC,7900,7720,7850.0,Maharashtra,LRA
2026-03-05,Cotton,15,Nagpur,Local,Katol APMC,7550,6800,7450.0,Maharashtra,Desi
2026-03-05,Cotton,15,Amarawati,Local,Amarawati APMC,7600,7400,7500.0,Maharashtra,Other
2026-03-05,Cotton,15,Wardha,Non-FAQ,Hinganghat APMC,7600,7000,7300.0,Maharashtra,Other
2026-03-05,Cotton,15,Wardha,FAQ,Wardha APMC,8010,7710,7850.0,Maharashtra,Other
2026-03-05,Cotton,15,Yavatmal,Local,Ralegaon APMC,8010,6800,7800.0,Maharashtra,Other
2026-03-06,Cotton,15,Yavatmal,Local,Vani APMC,8010,7689,7899.0,Maharashtra,Desi
2026-03-06,Cotton,15,Wardha,Local,Samudrapur APMC,8010,7000,7500.0,Maharashtra,Other
2026-03-06,Cotton,15,Buldhana,Local,Deoulgaon Raja APMC,7795,7400,7600.0,Maharashtra,Desi
2026-03-06,Cotton,15,Yavatmal,Local,Jagdamba Agrocare APMC,7700,6600,7300.0,Maharashtra,Other
2026-03-06,Cotton,15,Wardha,FAQ,Pulgaon APMC,8010,7725,7900.0,Maharashtra,Other
2026-03-08,Cotton,15,Nagpur,Local,Kalmeshwar APMC,7600,7000,7300.0,Maharashtra,Other
2026-03-08,Cotton,15,Parbhani,Non-FAQ,Sonpeth APMC,7700,7000,7601.0,Maharashtra,Other
2026-03-08,Cotton,15,Nagpur,Local,Katol APMC,7550,6800,7450.0,Maharashtra,Desi
2026-03-09,Cotton,15,Wardha,Local,Samudrapur APMC,8010,7000,7600.0,Maharashtra,Other
2026-03-09,Cotton,15,Yavatmal,Local,Vani APMC,8010,7689,7890.0,Maharashtra,Desi
2026-03-09,Cotton,15,Amarawati,Local,Amarawati APMC,7650,7400,7525.0,Maharashtra,Other
2026-03-10,Cotton,15,Yavatmal,Local,Jagdamba Agrocare APMC,7850,6700,7700.0,Maharashtra,Other
2026-03-10,Cotton,15,Wardha,Non-FAQ,Sindi(Selu) APMC,8010,7250,7900.0,Maharashtra,Other
2026-03-10,Cotton,15,Beed,Local,Vadvani APMC,7959,7929,7939.0,Maharashtra,Other
2026-03-10,Cotton,15,Wardha,FAQ,Wardha APMC,8010,7710,7950.0,Maharashtra,Other
2026-03-10,Cotton,15,Yavatmal,Local,Ner Parasopant APMC,7200,7200,7200.0,Maharashtra,Desi
2026-03-10,Cotton,15,Akola,Local,Akola APMC,8010,8010,8010.0,Maharashtra,Desi
2026-03-10,Cotton,15,Wardha,FAQ,Pulgaon APMC,8050,7720,7900.0,Maharashtra,Other
2026-03-11,Cotton,15,Yavatmal,Local,Ner Parasopant APMC,7100,7100,7100.0,Maharashtra,Desi
2026-03-11,Cotton,15,Buldhana,Local,Deoulgaon Raja APMC,7850,7400,7740.0,Maharashtra,Desi
2026-03-11,Cotton,15,Nagpur,Local,Mandhal APMC,7600,7000,7350.0,Maharashtra,Desi
2026-03-11,Cotton,15,Parbhani,Local,Selu APMC,7855,7460,7760.0,Maharashtra,Other
2026-03-12,Cotton,15,Yavatmal,Local,Jagdamba Agrocare APMC,7850,6700,7700.0,Maharashtra,Other
2026-03-12,Cotton,15,Hingoli,Local,Marathawada Shetkari Khajgi Bazar Parisar APMC,7569,7450,7529.0,Maharashtra,Other
2026-03-12,Cotton,15,Nagpur,Local,Kalmeshwar APMC,7600,7000,7300.0,Maharashtra,Other
2026-03-12,Cotton,15,Yavatmal,Local,Ner Parasopant APMC,7000,7000,7000.0,Maharashtra,Desi
2026-03-12,Cotton,15,Wardha,Non-FAQ,Pulgaon APMC,7650,6500,7525.0,Maharashtra,Other
2026-03-12,Cotton,15,Nagpur,Non-FAQ,Bhiwapur APMC,7700,7000,7450.0,Maharashtra,Other
2026-03-12,Cotton,15,Jalana,Local,Jalana APMC,8002,7930,7978.0,Maharashtra,Other
2026-03-13,Cotton,15,Wardha,Local,Samudrapur APMC,8010,7000,7600.0,Maharashtra,Other
2026-03-13,Cotton,15,Wardha,FAQ,Pulgaon APMC,8010,7725,7850.0,Maharashtra,Other
2026-03-13,Cotton,15,Nagpur,Local,Mandhal APMC,7550,7000,7250.0,Maharashtra,Desi
2026-03-13,Cotton,15,Wardha,Non-FAQ,Hinganghat APMC,7600,6700,7000.0,Maharashtra,Other
2026-03-13,Cotton,15,Nagpur,Local,Savner APMC,7600,7575,7600.0,Maharashtra,Other
2026-03-13,Cotton,15,Nagpur,Local,Katol APMC,7550,6800,7450.0,Maharashtra,Desi
2026-03-13,Cotton,15,Beed,Local,Kille Dharur APMC,7969,7911,7949.0,Maharashtra,Desi
2026-03-13,Cotton,15,Nagpur,Local,Umared APMC,7760,6500,7390.0,Maharashtra,Desi
2026-03-13,Cotton,15,Yavatmal,Local,Ner Parasopant APMC,7000,7000,7000.0,Maharashtra,Desi
2026-03-13,Cotton,15,Hingoli,Local,Marathawada Shetkari Khajgi Bazar Parisar APMC,7574,6900,7046.0,Maharashtra,Other
2026-03-14,Cotton,15,Yavatmal,Local,Kisan Market Yard APMC,5600,5600,5600.0,Maharashtra,Other
2026-03-14,Cotton,15,Wardha,Non-FAQ,Pulgaon APMC,7650,6800,7480.0,Maharashtra,Other
2026-03-14,Cotton,15,Jalana,Local,Jalana APMC,8986,8010,8730.0,Maharashtra,Other
2026-03-14,Cotton,15,Nagpur,Local,Mandhal APMC,7550,7000,7250.0,Maharashtra,Desi
2026-03-16,Cotton,15,Wardha,Non-FAQ,Arvi APMC,7600,7300,7450.0,Maharashtra,H-4(A) 27mm FIne
2026-03-16,Cotton,15,Nagpur,Local,Katol APMC,7550,6800,7450.0,Maharashtra,Desi
2026-03-16,Cotton,15,Amarawati,Local,Amarawati APMC,7575,7300,7437.0,Maharashtra,Other
2026-03-16,Cotton,15,Chandrapur,Local,Korpana APMC,7400,6500,6900.0,Maharashtra,Desi
2026-03-17,Cotton,15,Wardha,Non-FAQ,Arvi APMC,7600,6300,7450.0,Maharashtra,H-4(A) 27mm FIne
2026-03-17,Cotton,15,Yavatmal,Local,Jagdamba Agrocare APMC,7800,6700,7500.0,Maharashtra,Other
2026-03-17,Cotton,15,Nagpur,Local,Narkhed APMC,7500,7000,7200.0,Maharashtra,Other
2026-03-17,Cotton,15,Wardha,Local,Samudrapur APMC,7900,7000,7600.0,Maharashtra,Other
2026-03-18,Cotton,15,Nagpur,Local,Narkhed APMC,7350,7000,7200.0,Maharashtra,Other
2026-03-18,Cotton,15,Parbhani,Local,Hari Har Khajagi Bazar Parisar APMC,7825,6000,7657.99,Maharashtra,LRA
2026-03-18,Cotton,15,Chandrapur,Local,Varora APMC,7650,6000,7250.0,Maharashtra,Desi
2026-03-18,Cotton,15,Nagpur,Non-FAQ,Bhiwapur APMC,7710,7000,7355.0,Maharashtra,Other
2026-03-19,Cotton,15,Nagpur,Non-FAQ,Bhiwapur APMC,7780,6900,7355.0,Maharashtra,Other
2026-03-20,Cotton,15,Buldhana,Local,Deulgaon Raja Balaji Agro Marketing Private Market APMC,7850,7295,7483.0,Maharashtra,Other
2026-03-20,Cotton,15,Wardha,Non-FAQ,Pulgaon APMC,7650,6500,7500.0,Maharashtra,Other
2026-03-20,Cotton,15,Wardha,FAQ,Pulgaon APMC,8350,7725,7950.0,Maharashtra,Other
2026-03-21,Cotton,15,Buldhana,Local,Deoulgaon Raja APMC,7900,7900,7900.0,Maharashtra,Desi
2026-03-22,Cotton,15,Chandrapur,Local,Bhadrawati APMC,7450,6150,6775.0,Maharashtra,Other
2026-03-22,Cotton,15,Nagpur,Local,Kalmeshwar APMC,7700,7200,7500.0,Maharashtra,Other
2026-03-22,Cotton,15,Wardha,Non-FAQ,Arvi APMC,7700,7250,7500.0,Maharashtra,H-4(A) 27mm FIne
2026-03-22,Cotton,15,Parbhani,Local,Hari Har Khajagi Bazar Parisar APMC,7850,6200,7660.98,Maharashtra,LRA
2026-03-22,Cotton,15,Nagpur,Non-FAQ,Bhiwapur APMC,7910,6500,7205.0,Maharashtra,Other
2026-03-23,Cotton,15,Amarawati,Local,Amarawati APMC,7750,7500,7625.0,Maharashtra,Other
2026-03-23,Cotton,15,Yavatmal,Local,Kisan Market Yard APMC,5650,5650,5650.0,Maharashtra,Other
2026-03-23,Cotton,15,Nagpur,Non-FAQ,Parshiwani APMC,7650,7350,7500.0,Maharashtra,Other
2026-03-24,Cotton,15,Wardha,FAQ,Pulgaon APMC,8205,7720,7865.0,Maharashtra,Other
2026-03-24,Cotton,15,Yavatmal,Local,Ralegaon APMC,8140,6700,7900.0,Maharashtra,Other
2026-03-24,Cotton,15,Chandrapur,Local,Varora APMC,7850,6200,7200.0,Maharashtra,Desi
2026-03-24,Cotton,15,Buldhana,Local,ACF Agro Marketing  APMC,7300,7200,7275.0,Maharashtra,Other
2026-03-24,Cotton,15,Buldhana,Local,Maharaja Agresen Private Krushi Utappan Bazar Sama APMC,8000,5940,7716.0,Maharashtra,Other
2026-03-24,Cotton,15,Wardha,Non-FAQ,Pulgaon APMC,7650,6000,7550.0,Maharashtra,Other
2026-03-24,Cotton,15,Nagpur,Local,Katol APMC,7650,6800,7500.0,Maharashtra,Desi
2026-03-24,Cotton,15,Amarawati,Local,Amarawati APMC,7775,7550,7662.0,Maharashtra,Other
2026-03-24,Cotton,15,Wardha,Non-FAQ,Hinganghat APMC,7500,6500,7000.0,Maharashtra,Other
2026-03-25,Cotton,15,Amarawati,Local,Amarawati APMC,7800,7550,7675.0,Maharashtra,Other
2026-03-25,Cotton,15,Yavatmal,Local,Shekari Krushi Khajgi Bazar APMC,7625,7625,7625.0,Maharashtra,Other
2026-03-25,Cotton,15,Parbhani,Local,Manwat APMC,8200,7900,8100.0,Maharashtra,Desi
2026-03-25,Cotton,15,Yavatmal,Local,Ralegaon APMC,8140,6800,7900.0,Maharashtra,Other
2026-03-25,Cotton,15,Wardha,Non-FAQ,Sindi(Selu) APMC,8100,7250,7850.0,Maharashtra,Other
2026-03-26,Cotton,15,Hingoli,Local,Marathawada Shetkari Khajgi Bazar Parisar APMC,7650,6600,7198.0,Maharashtra,Other
2026-03-26,Cotton,15,Chandrapur,Local,Bhadrawati APMC,7575,6000,6787.0,Maharashtra,Other
2026-03-27,Cotton,15,Wardha,Non-FAQ,Sindi(Selu) APMC,8050,6650,7750.0,Maharashtra,Other
2026-03-27,Cotton,15,Wardha,Non-FAQ,Hinganghat APMC,7500,6500,7000.0,Maharashtra,Other
2026-03-27,Cotton,15,Wardha,FAQ,Hinganghat APMC,8200,7710,7900.0,Maharashtra,Other
2026-03-27,Cotton,15,Yavatmal,FAQ,Ghatanji APMC,8150,7730,7950.0,Maharashtra,LRA
2026-03-28,Cotton,15,Wardha,FAQ,Hinganghat APMC,8280,7710,8000.0,Maharashtra,Other
2026-03-28,Cotton,15,Wardha,Non-FAQ,Hinganghat APMC,7600,6500,7000.0,Maharashtra,Other
2026-03-29,Cotton,15,Wardha,FAQ,Arvi APMC,8050,7750,7900.0,Maharashtra,H-4(A) 27mm FIne
2026-03-30,Cotton,15,Parbhani,Local,Hari Har Khajagi Bazar Parisar APMC,8050,6200,7795.44,Maharashtra,LRA
2026-03-30,Cotton,15,Hingoli,Local,Marathawada Shetkari Khajgi Bazar Parisar APMC,7650,7540,7600.0,Maharashtra,Other
2026-03-30,Cotton,15,Nanded,Local,Shetkari Khajgi Bajar APMC,7700,7200,7433.0,Maharashtra,LH-900
2026-03-31,Cotton,15,Parbhani,Local,Hari Har Khajagi Bazar Parisar APMC,8100,6400,7768.53,Maharashtra,LRA
2026-03-31,Cotton,15,Wardha,FAQ,Arvi APMC,8050,7750,7900.0,Maharashtra,H-4(A) 27mm FIne
2026-04-02,Cotton,15,Chandrapur,Local,Varora APMC,8000,6000,7450.0,Maharashtra,Desi
2026-04-02,Cotton,15,Nagpur,Local,Umared APMC,8200,6500,7550.0,Maharashtra,Desi
2026-04-04,Cotton,15,Buldhana,Local,Deoulgaon Raja APMC,8595,8550,8550.0,Maharashtra,Desi
2026-04-04,Cotton,15,Chandrapur,Local,Varora APMC,8150,6000,7450.0,Maharashtra,Desi
2026-04-06,Cotton,15,Nagpur,Local,Kalmeshwar APMC,8300,7500,7900.0,Maharashtra,Other
2026-04-06,Cotton,15,Beed,Local,Kille Dharur APMC,8300,8106,8300.0,Maharashtra,Desi
2026-04-07,Cotton,15,Buldhana,Local,Deoulgaon Raja APMC,8530,8000,8450.0,Maharashtra,Desi
2026-04-07,Cotton,15,Wardha,Non-FAQ,Wardha APMC,7700,6500,7550.0,Maharashtra,Other
2026-04-07,Cotton,15,Nagpur,Local,Umared APMC,8400,6700,7850.0,Maharashtra,Desi
2026-04-07,Cotton,15,Nagpur,Local,Katol APMC,8200,7000,7500.0,Maharashtra,Desi
2026-04-08,Cotton,15,Amarawati,Local,Amarawati APMC,8450,8250,8350.0,Maharashtra,Other
2026-04-08,Cotton,15,Buldhana,FAQ,Khamgaon APMC,8400,8000,8200.0,Maharashtra,Other
2026-04-08,Cotton,15,Yavatmal,Local,"Jagdamba Agrocare Pvt Ltd, Pandharkawada, Dist Yeotmal",8450,7000,7600.0,Maharashtra,Other
2026-04-08,Cotton,15,Nagpur,Local,Mandhal APMC,8250,6800,7350.0,Maharashtra,Desi
2026-04-08,Cotton,15,Nagpur,Local,Kalmeshwar APMC,8300,7500,8000.0,Maharashtra,Other
2026-04-08,Cotton,15,Nagpur,Local,Katol APMC,8250,8150,8200.0,Maharashtra,Desi
2026-04-09,Cotton,15,Nagpur,Local,Umared APMC,8260,6500,7580.0,Maharashtra,Desi
2026-04-09,Cotton,15,Nagpur,FAQ,Bhiwapur APMC,8350,8200,8275.0,Maharashtra,Other
2026-04-09,Cotton,15,Yavatmal,Local,Ralegaon APMC,8640,7100,8300.0,Maharashtra,Other
2026-04-09,Cotton,15,Nagpur,Non-FAQ,Bhiwapur APMC,8000,6300,7150.0,Maharashtra,Other
2026-04-09,Cotton,15,Wardha,Non-FAQ,Pulgaon APMC,7650,6500,7450.0,Maharashtra,Other
2026-04-09,Cotton,15,Wardha,FAQ,Wardha APMC,8400,7710,8150.0,Maharashtra,Other
2026-04-09,Cotton,15,Buldhana,Local,Deoulgaon Raja APMC,8475,8150,8350.0,Maharashtra,Desi
2026-04-10,Cotton,15,Buldhana,FAQ,Khamgaon APMC,8150,7900,8025.0,Maharashtra,Other
2026-04-10,Cotton,15,Wardha,FAQ,Hinganghat APMC,8640,7710,8000.0,Maharashtra,Other
2026-04-10,Cotton,15,Nagpur,Local,Umared APMC,8150,6500,7460.0,Maharashtra,Desi
2026-04-10,Cotton,15,Hingoli,Local,"Marathawada Shetkari Khajgi Bazar Parisar, Vasmat, Dist Hingoli",6770,6770,6770.0,Maharashtra,Other
2026-04-11,Cotton,15,Wardha,Non-FAQ,Hinganghat APMC,7700,6500,7200.0,Maharashtra,Other
2026-04-11,Cotton,15,Nagpur,Local,Mandhal APMC,8250,7000,7350.0,Maharashtra,Desi
2026-04-12,Cotton,15,Nagpur,Local,Katol APMC,8100,7000,7900.0,Maharashtra,Desi
2026-04-12,Cotton,15,Chandrapur,Local,Varora APMC,8171,6000,7700.0,Maharashtra,Desi
2026-04-12,Cotton,15,Nagpur,Local,Mandhal APMC,8100,7200,7550.0,Maharashtra,Desi
2026-04-12,Cotton,15,Nagpur,Local,Kalmeshwar APMC,8200,7500,7800.0,Maharashtra,Other
2026-04-13,Cotton,15,Nagpur,Local,Katol APMC,8200,8100,8150.0,Maharashtra,Desi
2026-04-13,Cotton,15,Nagpur,Non-FAQ,Parshiwani APMC,7950,7350,7750.0,Maharashtra,Other
2026-04-13,Cotton,15,Wardha,Non-FAQ,Hinganghat APMC,7500,6500,7000.0,Maharashtra,Other
2026-04-13,Cotton,15,Nagpur,Local,Narkhed APMC,8050,7500,7800.0,Maharashtra,Other
2026-04-13,Cotton,15,Buldhana,Local,Deoulgaon Raja APMC,8450,8100,8300.0,Maharashtra,Desi
2026-04-14,Cotton,15,Nagpur,Local,Kalmeshwar APMC,8200,7500,7800.0,Maharashtra,Other
2026-04-14,Cotton,15,Yavatmal,Local,Maregoan APMC,8150,7750,7950.0,Maharashtra,Desi
2026-04-14,Cotton,15,Chandrapur,Local,Bhadrawati APMC,8075,6000,7037.0,Maharashtra,Other
2026-04-15,Cotton,15,Chandrapur,Local,Varora APMC,7950,6000,7200.0,Maharashtra,Desi
2026-04-15,Cotton,15,Amarawati,Local,Amarawati APMC,8300,8100,8200.0,Maharashtra,Other
2026-04-15,Cotton,15,Nagpur,Local,Katol APMC,8050,7200,7800.0,Maharashtra,Desi
2026-04-15,Cotton,15,Yavatmal,Local,"Jagdamba Agrocare Pvt Ltd, Pandharkawada, Dist Yeotmal",8350,6700,8100.0,Maharashtra,Other
2026-04-16,Cotton,15,Nagpur,Local,Mandhal APMC,8200,6700,7350.0,Maharashtra,Desi
2026-04-16,Cotton,15,Wardha,FAQ,Wardha APMC,8400,7710,8150.0,Maharashtra,Other
2026-04-16,Cotton,15,Wardha,Local,Samudrapur APMC,8300,6400,7750.0,Maharashtra,Other
2026-04-16,Cotton,15,Chandrapur,Local,Bhadrawati APMC,8100,6100,7100.0,Maharashtra,Other
2026-04-16,Cotton,15,Wardha,Non-FAQ,Wardha APMC,7700,6500,7550.0,Maharashtra,Other
2026-04-16,Cotton,15,Parbhani,Local,Manwat APMC,8725,8550,8650.0,Maharashtra,Desi
2026-04-16,Cotton,15,Yavatmal,Local,Maregoan APMC,8300,7700,8000.0,Maharashtra,Desi
2026-04-16,Cotton,15,Nagpur,Local,Umared APMC,8290,6500,7395.0,Maharashtra,Desi
2026-04-16,Cotton,15,Nagpur,Local,Katol APMC,8050,7100,7950.0,Maharashtra,Desi
2026-04-17,Cotton,15,Wardha,FAQ,Pulgaon APMC,8850,7750,8400.0,Maharashtra,Other
2026-04-17,Cotton,15,Wardha,Non-FAQ,Sindi(Selu) APMC,8050,6650,7850.0,Maharashtra,Other
2026-04-17,Cotton,15,Nagpur,Local,Umared APMC,8240,6500,7370.0,Maharashtra,Desi
2026-04-17,Cotton,15,Amarawati,Local,Amarawati APMC,8275,8100,8187.0,Maharashtra,Other
2026-04-17,Cotton,15,Wardha,Non-FAQ,Wardha APMC,7700,6500,7450.0,Maharashtra,Other
2026-04-17,Cotton,15,Yavatmal,Local,"Jagdamba Agrocare Pvt Ltd, Pandharkawada, Dist Yeotmal",8425,6700,7800.0,Maharashtra,Other
2026-04-17,Cotton,15,Nagpur,Local,Kalmeshwar APMC,8200,7500,7800.0,Maharashtra,Other
2026-04-17,Cotton,15,Buldhana,Local,"Acf Agro Marketing, Malkapur, Dist Buldhana",7700,7600,7679.0,Maharashtra,Other
2026-04-17,Cotton,15,Nagpur,Local,Savner APMC,8000,8000,8000.0,Maharashtra,Other
2026-04-18,Cotton,15,Amarawati,Local,Amarawati APMC,8300,8100,8200.0,Maharashtra,Other
2026-04-18,Cotton,15,Yavatmal,Local,Ralegaon APMC,8620,7000,8000.0,Maharashtra,Other
2026-04-18,Cotton,15,Chandrapur,Local,Bhadrawati APMC,8050,6700,7387.0,Maharashtra,Other
2026-04-18,Cotton,15,Nagpur,Local,Mandhal APMC,8250,6700,7350.0,Maharashtra,Desi
2026-04-18,Cotton,15,Buldhana,Local,Deoulgaon Raja APMC,8660,8250,8450.0,Maharashtra,Desi
2026-04-18,Cotton,15,Buldhana,FAQ,Khamgaon APMC,8400,8000,8200.0,Maharashtra,Other
2026-04-18,Cotton,15,Wardha,Non-FAQ,Pulgaon APMC,7650,6000,7400.0,Maharashtra,Other
2026-04-19,Cotton,15,Nagpur,Local,Mandhal APMC,8250,6800,7350.0,Maharashtra,Desi
2026-04-19,Cotton,15,Nagpur,Local,Kalmeshwar APMC,8200,7500,7900.0,Maharashtra,Other
2026-04-20,Cotton,15,Buldhana,FAQ,Khamgaon APMC,8500,7900,8200.0,Maharashtra,Other
2026-04-20,Cotton,15,Amarawati,Local,Amarawati APMC,8400,8200,8300.0,Maharashtra,Other
2026-04-20,Cotton,15,Nagpur,Local,Katol APMC,8100,7000,7900.0,Maharashtra,Desi
2026-04-20,Cotton,15,Nagpur,Local,Mandhal APMC,8300,6700,7350.0,Maharashtra,Desi
2026-04-20,Cotton,15,Buldhana,Local,Deoulgaon Raja APMC,8625,8000,8250.0,Maharashtra,Desi
2026-04-20,Cotton,15,Nagpur,Non-FAQ,Parshiwani APMC,8050,7600,7900.0,Maharashtra,Other
2026-04-20,Cotton,15,Nagpur,Local,Savner APMC,8000,8000,8000.0,Maharashtra,Other
2026-04-20,Cotton,15,Wardha,Non-FAQ,Pulgaon APMC,7600,6300,7450.0,Maharashtra,Other
2026-04-20,Cotton,15,Nagpur,Local,Umared APMC,8240,6500,7520.0,Maharashtra,Desi
2026-04-20,Cotton,15,Parbhani,Non-FAQ,Sonpeth APMC,7560,7200,7300.0,Maharashtra,Other
2026-04-21,Cotton,15,Nagpur,Local,Katol APMC,8250,8110,8150.0,Maharashtra,Desi
2026-04-21,Cotton,15,Wardha,Non-FAQ,Sindi(Selu) APMC,8030,7750,7950.0,Maharashtra,Other
2026-04-21,Cotton,15,Nagpur,Local,Savner APMC,8000,8000,8000.0,Maharashtra,Other
2026-04-21,Cotton,15,Nagpur,Local,Kalmeshwar APMC,8200,7500,7900.0,Maharashtra,Other
2026-04-21,Cotton,15,Wardha,FAQ,Hinganghat APMC,8750,7710,8000.0,Maharashtra,Other
2026-04-21,Cotton,15,Nagpur,Local,Umared APMC,8240,6500,7400.0,Maharashtra,Desi
2026-04-21,Cotton,15,Beed,Local,Kille Dharur APMC,8208,8208,8208.0,Maharashtra,Desi
2026-04-21,Cotton,15,Parbhani,FAQ,Sonpeth APMC,8200,7760,8000.0,Maharashtra,Other
2026-04-21,Cotton,15,Yavatmal,Local,Ralegaon APMC,8650,7000,7500.0,Maharashtra,Other
2026-04-22,Cotton,15,Amarawati,Local,Amarawati APMC,8475,8200,8337.0,Maharashtra,Other
2026-04-22,Cotton,15,Nagpur,Local,Katol APMC,8250,8100,8150.0,Maharashtra,Desi
2026-04-22,Cotton,15,Parbhani,Local,Sailu APMC,9071,6455,8990.0,Maharashtra,Other
2026-04-22,Cotton,15,Yavatmal,Local,Ralegaon APMC,8700,7000,8000.0,Maharashtra,Other
2026-04-22,Cotton,15,Nagpur,Local,Mandhal APMC,8400,6800,7350.0,Maharashtra,Desi
2026-04-22,Cotton,15,Nagpur,Non-FAQ,Bhiwapur APMC,8000,6200,7100.0,Maharashtra,Other
2026-04-22,Cotton,15,Beed,Local,Kille Dharur APMC,8506,8208,8506.0,Maharashtra,Desi
2026-04-22,Cotton,15,Nagpur,Non-FAQ,Parshiwani APMC,8050,7450,7950.0,Maharashtra,Other
2026-04-23,Cotton,15,Wardha,Non-FAQ,Sindi(Selu) APMC,8035,6650,7985.0,Maharashtra,Other
2026-04-23,Cotton,15,Wardha,FAQ,Wardha APMC,8700,7710,8450.0,Maharashtra,Other
2026-04-23,Cotton,15,Yavatmal,Local,Maregoan APMC,8451,7751,8151.0,Maharashtra,Desi
2026-04-23,Cotton,15,Yavatmal,Local,"Jagdamba Agrocare Pvt Ltd, Pandharkawada, Dist Yeotmal",8600,6700,7800.0,Maharashtra,Other
2026-04-23,Cotton,15,Wardha,FAQ,Hinganghat APMC,8775,7710,8200.0,Maharashtra,Other
2026-04-23,Cotton,15,Nagpur,Local,Savner APMC,8000,8000,8000.0,Maharashtra,Other
2026-04-23,Cotton,15,Nagpur,Local,Narkhed APMC,8320,8000,8050.0,Maharashtra,Other
2026-04-23,Cotton,15,Nagpur,Local,Katol APMC,8300,8100,8200.0,Maharashtra,Desi
2026-04-24,Cotton,15,Wardha,FAQ,Pulgaon APMC,8725,7750,8500.0,Maharashtra,Other
2026-04-24,Cotton,15,Yavatmal,Local,"Jagdamba Agrocare Pvt Ltd, Pandharkawada, Dist Yeotmal",8600,6900,7900.0,Maharashtra,Other
2026-04-24,Cotton,15,Nagpur,Local,Narkhed APMC,8200,8000,8150.0,Maharashtra,Other
2026-04-24,Cotton,15,Wardha,Non-FAQ,Sindi(Selu) APMC,8075,6750,7850.0,Maharashtra,Other
2026-04-24,Cotton,15,Nagpur,Local,Kalmeshwar APMC,8300,7500,7900.0,Maharashtra,Other
2026-04-24,Cotton,15,Buldhana,Local,Deoulgaon Raja APMC,8500,8500,8500.0,Maharashtra,Desi
2026-04-24,Cotton,15,Chandrapur,Local,Varora APMC,8515,6500,7200.0,Maharashtra,Desi
2026-04-24,Cotton,15,Nagpur,Local,Katol APMC,8300,8100,8200.0,Maharashtra,Desi
2026-04-24,Cotton,15,Parbhani,Local,Manwat APMC,8900,8750,8840.0,Maharashtra,Desi
2026-04-24,Cotton,15,Buldhana,FAQ,Khamgaon APMC,8500,8000,8250.0,Maharashtra,Other
2026-04-25,Cotton,15,Nagpur,Local,Savner APMC,8000,8000,8000.0,Maharashtra,Other
2026-04-25,Cotton,15,Wardha,Non-FAQ,Pulgaon APMC,7700,6500,7400.0,Maharashtra,Other
2026-04-25,Cotton,15,Nagpur,Local,Mandhal APMC,8250,7450,7850.0,Maharashtra,Desi
2026-04-25,Cotton,15,Chandrapur,Local,Varora APMC,8521,6000,7500.0,Maharashtra,Desi
2026-04-26,Cotton,15,Nagpur,Non-FAQ,Bhiwapur APMC,8000,6000,7000.0,Maharashtra,Other
2026-04-27,Cotton,15,Wardha,Non-FAQ,Hinganghat APMC,7700,6500,7100.0,Maharashtra,Other
2026-04-27,Cotton,15,Nagpur,Local,Umared APMC,8710,7000,7420.0,Maharashtra,Desi
2026-04-27,Cotton,15,Wardha,FAQ,Hinganghat APMC,8800,7710,8200.0,Maharashtra,Other
2026-04-27,Cotton,15,Yavatmal,Local,Ralegaon APMC,8650,7000,8000.0,Maharashtra,Other
2026-04-27,Cotton,15,Nagpur,Local,Kalmeshwar APMC,8300,7500,7900.0,Maharashtra,Other
2026-04-27,Cotton,15,Yavatmal,Local,Maregoan APMC,8431,7831,8131.0,Maharashtra,Desi
2026-04-27,Cotton,15,Wardha,FAQ,Pulgaon APMC,8870,7750,8400.0,Maharashtra,Other
2026-04-27,Cotton,15,Wardha,Non-FAQ,Wardha APMC,7700,6500,7550.0,Maharashtra,Other
2026-04-28,Cotton,15,Wardha,Non-FAQ,Wardha APMC,7700,6500,7500.0,Maharashtra,Other
2026-04-28,Cotton,15,Wardha,FAQ,Wardha APMC,8700,7710,8550.0,Maharashtra,Other
2026-04-28,Cotton,15,Parbhani,Local,Sailu APMC,9050,6800,8990.0,Maharashtra,Other
2026-04-28,Cotton,15,Wardha,FAQ,Pulgaon APMC,8805,7750,8500.0,Maharashtra,Other
2026-04-28,Cotton,15,Nagpur,Local,Savner APMC,8000,8000,8000.0,Maharashtra,Other
2026-04-28,Cotton,15,Yavatmal,Local,"Jagdamba Agrocare Pvt Ltd, Pandharkawada, Dist Yeotmal",8500,6500,7600.0,Maharashtra,Other
2026-04-28,Cotton,15,Wardha,Local,Samudrapur APMC,8700,6500,7800.0,Maharashtra,Other
2026-04-28,Cotton,15,Wardha,Non-FAQ,Hinganghat APMC,7700,6500,7200.0,Maharashtra,Other
2026-04-28,Cotton,15,Chandrapur,Local,Varora APMC,8500,6100,8000.0,Maharashtra,Desi
2026-04-29,Cotton,15,Nagpur,Non-FAQ,Bhiwapur APMC,8000,6200,7150.0,Maharashtra,Other
2026-04-29,Cotton,15,Nagpur,Local,Kalmeshwar APMC,8300,7500,7900.0,Maharashtra,Other
2026-04-29,Cotton,15,Wardha,FAQ,Hinganghat APMC,8900,7710,8300.0,Maharashtra,Other
2026-04-29,Cotton,15,Yavatmal,Local,Ralegaon APMC,8630,7000,8100.0,Maharashtra,Other
2026-04-29,Cotton,15,Wardha,Non-FAQ,Sindi(Selu) APMC,8100,7530,7950.0,Maharashtra,Other
2026-04-29,Cotton,15,Wardha,Local,Samudrapur APMC,8600,6500,7800.0,Maharashtra,Other
2026-04-29,Cotton,15,Chandrapur,Local,Varora APMC,8550,6000,7500.0,Maharashtra,Desi
2026-04-30,Cotton,15,Chandrapur,Local,Varora APMC,8550,7000,7500.0,Maharashtra,Desi
2026-04-30,Cotton,15,Nagpur,Local,Katol APMC,8350,7000,8200.0,Maharashtra,Desi
2026-04-30,Cotton,15,Wardha,Non-FAQ,Sindi(Selu) APMC,8100,7235,8000.0,Maharashtra,Other
2026-04-30,Cotton,15,Wardha,Non-FAQ,Hinganghat APMC,7700,7000,7400.0,Maharashtra,Other
2026-04-30,Cotton,15,Wardha,FAQ,Pulgaon APMC,8925,7750,8500.0,Maharashtra,Other
2026-05-02,Cotton,15,Nagpur,Local,Umared APMC,8850,7600,8225.0,Maharashtra,Desi
2026-05-03,Cotton,15,Nagpur,Local,Katol APMC,8300,8100,8200.0,Maharashtra,Desi
2026-05-04,Cotton,15,Nagpur,Local,Katol APMC,8450,7500,8250.0,Maharashtra,Desi
2026-05-04,Cotton,15,Wardha,Non-FAQ,Pulgaon APMC,7600,6500,7450.0,Maharashtra,Other
2026-05-04,Cotton,15,Wardha,FAQ,Sindi(Selu) APMC,9235,8250,8850.0,Maharashtra,Other
2026-05-04,Cotton,15,Amarawati,Local,Amarawati APMC,8800,8600,8700.0,Maharashtra,Other
2026-05-05,Cotton,15,Nagpur,Local,Katol APMC,8625,7600,8450.0,Maharashtra,Desi
2026-05-05,Cotton,15,Wardha,Non-FAQ,Hinganghat APMC,7700,7000,7400.0,Maharashtra,Other
2026-05-05,Cotton,15,Wardha,FAQ,Wardha APMC,9300,8000,8850.0,Maharashtra,Other
2026-05-06,Cotton,15,Wardha,Non-FAQ,Wardha APMC,7700,6700,7500.0,Maharashtra,Other
2026-05-06,Cotton,15,Nagpur,Local,Katol APMC,8700,7500,8500.0,Maharashtra,Desi
2026-05-06,Cotton,15,Amarawati,Local,Amarawati APMC,9200,8700,8950.0,Maharashtra,Other
2026-05-07,Cotton,15,Wardha,FAQ,Pulgaon APMC,10000,7900,9500.0,Maharashtra,Other
2026-05-07,Cotton,15,Nagpur,Local,Kalmeshwar APMC,8700,8000,8400.0,Maharashtra,Other
2026-05-08,Cotton,15,Buldhana,FAQ,Khamgaon APMC,9000,8500,8750.0,Maharashtra,Other
2026-05-11,Cotton,15,Wardha,Non-FAQ,Wardha APMC,7700,7000,7550.0,Maharashtra,Other
2026-05-11,Cotton,15,Nagpur,Local,Katol APMC,8800,7600,8500.0,Maharashtra,Desi
2026-05-12,Cotton,15,Nagpur,Local,Katol APMC,9100,7600,8800.0,Maharashtra,Desi
2026-05-12,Cotton,15,Nagpur,Local,Savner APMC,8500,7700,8300.0,Maharashtra,Other
2026-05-12,Cotton,15,Buldhana,FAQ,Khamgaon APMC,9100,8800,8950.0,Maharashtra,Other
2026-05-12,Cotton,15,Wardha,Non-FAQ,Pulgaon APMC,7500,6800,7300.0,Maharashtra,Other
2026-05-14,Cotton,15,Buldhana,FAQ,Khamgaon APMC,9400,9000,9200.0,Maharashtra,Other
2026-05-14,Cotton,15,Nagpur,FAQ,Bhiwapur APMC,9870,8500,9135.0,Maharashtra,Other
2026-05-14,Cotton,15,Nagpur,Non-FAQ,Bhiwapur APMC,8000,7800,7900.0,Maharashtra,Other
2026-05-14,Cotton,15,Wardha,FAQ,Pulgaon APMC,10025,9300,9700.0,Maharashtra,Other
2026-05-15,Cotton,15,Wardha,FAQ,Pulgaon APMC,10100,7900,9500.0,Maharashtra,Other
2026-05-16,Cotton,15,Wardha,FAQ,Sindi(Selu) APMC,9670,8850,9250.0,Maharashtra,Other
2026-05-17,Cotton,15,Nagpur,Non-FAQ,Bhiwapur APMC,8000,7500,7750.0,Maharashtra,Other
2026-05-17,Cotton,15,Nagpur,FAQ,Bhiwapur APMC,9625,8300,8960.0,Maharashtra,Other
2026-05-18,Cotton,15,Wardha,Non-FAQ,Wardha APMC,7700,7200,7500.0,Maharashtra,Other
2026-05-18,Cotton,15,Wardha,FAQ,Hinganghat APMC,9830,7710,8500.0,Maharashtra,Other
2026-05-18,Cotton,15,Nagpur,Local,Agriculture Produce Market Committee Katol,9100,8100,8500.0,Maharashtra,Desi
2026-05-19,Cotton,15,Nagpur,Local,Agriculture Produce Market Committee Katol,9100,8100,8600.0,Maharashtra,Desi
2026-05-19,Cotton,15,Nagpur,Local,Katol APMC,9100,8100,8600.0,Maharashtra,Desi
2026-05-19,Cotton,15,Parbhani,Local,Sailu APMC,9870,7400,9770.0,Maharashtra,Other
2026-05-19,Cotton,15,Wardha,FAQ,Wardha APMC,9600,8000,9150.0,Maharashtra,Other
2026-05-20,Cotton,15,Nagpur,Local,Katol APMC,9050,7600,7850.0,Maharashtra,Desi
2026-05-20,Cotton,15,Wardha,FAQ,Pulgaon APMC,9500,7900,9100.0,Maharashtra,Other
2026-05-20,Cotton,15,Nagpur,Local,Savner APMC,8500,7700,8300.0,Maharashtra,Other
2026-05-20,Cotton,15,Wardha,FAQ,Wardha APMC,9300,8000,8950.0,Maharashtra,Other
2026-05-20,Cotton,15,Nagpur,Local,Kalmeshwar APMC,8700,8000,8400.0,Maharashtra,Other
2026-05-21,Cotton,15,Nagpur,FAQ,Bhiwapur APMC,9400,8400,8900.0,Maharashtra,Other
2026-05-21,Cotton,15,Nagpur,Local,Agriculture Produce Market Committee Katol,9025,8000,8330.0,Maharashtra,Desi
2026-05-21,Cotton,15,Nagpur,Local,Umared APMC,9450,8000,8725.0,Maharashtra,Desi
2026-05-22,Cotton,15,Nagpur,Local,Umared APMC,9160,8500,8830.0,Maharashtra,Desi
2026-05-22,Cotton,15,Wardha,Non-FAQ,Pulgaon APMC,6500,5000,6000.0,Maharashtra,Other
2026-05-22,Cotton,15,Wardha,FAQ,Pulgaon APMC,9400,8000,8900.0,Maharashtra,Other
2026-05-25,Cotton,15,Nagpur,Local,Agriculture Produce Market Committee Katol,9000,8000,8500.0,Maharashtra,Desi
2026-05-26,Cotton,15,Nagpur,Local,Katol APMC,8900,8000,8475.0,Maharashtra,Desi
2026-05-29,Cotton,15,Nagpur,Local,Katol APMC,9000,8000,8800.0,Maharashtra,Desi
2026-06-01,Cotton,15,Amarawati,Local,Amarawati APMC,8900,8600,8750.0,Maharashtra,Other
2026-06-01,Cotton,15,Buldhana,FAQ,Khamgaon APMC,8800,8600,8700.0,Maharashtra,Other
2026-06-01,Cotton,15,Nagpur,Local,Umared APMC,8950,7680,8350.0,Maharashtra,Desi
2026-06-02,Cotton,15,Wardha,Non-FAQ,Hinganghat APMC,7700,7000,7200.0,Maharashtra,Other
2026-06-02,Cotton,15,Nagpur,FAQ,Parshiwani APMC,8800,8400,8650.0,Maharashtra,H-4(A) 27mm FIne
2026-06-03,Cotton,15,Amarawati,Local,Amarawati APMC,9000,8600,8800.0,Maharashtra,Other
2026-06-03,Cotton,15,Nagpur,FAQ,Parshiwani APMC,8700,8100,8540.0,Maharashtra,H-4(A) 27mm FIne
2026-06-03,Cotton,15,Nagpur,FAQ,Bhiwapur APMC,9000,8400,8700.0,Maharashtra,Other
2026-06-04,Cotton,15,Wardha,FAQ,Arvi APMC,8700,8200,8500.0,Maharashtra,H-4(A) 27mm FIne
2026-06-05,Cotton,15,Buldhana,FAQ,Khamgaon APMC,8800,8600,8700.0,Maharashtra,Other
2026-06-06,Cotton,15,Wardha,Non-FAQ,Hinganghat APMC,7700,7000,7300.0,Maharashtra,Other
2026-06-08,Cotton,15,Nagpur,FAQ,Parshiwani APMC,8550,8100,8350.0,Maharashtra,H-4(A) 27mm FIne
2026-06-09,Cotton,15,Wardha,Non-FAQ,Hinganghat APMC,7700,7000,7200.0,Maharashtra,Other
2026-06-11,Cotton,15,Parbhani,Local,"Hari Har Khajagi Bazar Parisar, Gangakhed, Dist Parbhani",8550,6500,8485.92,Maharashtra,LRA
2026-06-15,Cotton,15,Buldhana,FAQ,Khamgaon APMC,8200,8200,8200.0,Maharashtra,Other
2026-06-15,Cotton,15,Amarawati,Local,Amarawati APMC,8700,8300,8500.0,Maharashtra,Other
2026-06-15,Cotton,15,Nagpur,Local,Savner APMC,8100,8100,8100.0,Maharashtra,Other
2026-06-15,Cotton,15,Parbhani,Local,"Hari Har Khajagi Bazar Parisar, Gangakhed, Dist Parbhani",8500,8000,8415.14,Maharashtra,LRA
2026-06-18,Cotton,15,Parbhani,Local,"Hari Har Khajagi Bazar Parisar, Gangakhed, Dist Parbhani",8650,8525,8580.1,Maharashtra,LRA
2026-06-18,Cotton,15,Amarawati,Local,Amarawati APMC,9100,8700,8900.0,Maharashtra,Other
2026-06-19,Cotton,15,Parbhani,Local,"Hari Har Khajagi Bazar Parisar, Gangakhed, Dist Parbhani",8640,8625,8630.33,Maharashtra,LRA
2026-06-22,Cotton,15,Parbhani,Local,"Hari Har Khajagi Bazar Parisar, Gangakhed, Dist Parbhani",8800,7900,8173.1,Maharashtra,LRA
2026-06-25,Cotton,15,Buldhana,Local,"Maharaja Agresen Pvt Krushi Utappan Bazar Samati, Dist Buldhana",8200,8200,8200.0,Maharashtra,Other
2026-06-27,Cotton,15,Amarawati,Local,Amarawati APMC,9100,8800,8950.0,Maharashtra,Other
2026-07-01,Cotton,15,Amarawati,Local,Amarawati APMC,9050,8800,8925.0,Maharashtra,Other
2026-07-02,Cotton,15,Amarawati,Local,Amarawati APMC,9050,8800,8925.0,Maharashtra,Other
2026-07-04,Cotton,15,Wardha,Local,Samudrapur APMC,7450,7300,7300.0,Maharashtra,Other
2026-07-06,Cotton,15,Amarawati,Local,Amarawati APMC,9100,8800,8950.0,Maharashtra,Other
2026-07-08,Cotton,15,Amarawati,Local,Amarawati APMC,9100,8800,8950.0,Maharashtra,Other
2026-07-09,Cotton,15,Amarawati,Local,Amarawati APMC,9100,8800,8950.0,Maharashtra,Other
2026-07-10,Cotton,15,Amarawati,Local,Amarawati APMC,9200,8900,9050.0,Maharashtra,Other
2026-07-14,Cotton,15,Amarawati,Local,Amarawati APMC,9300,8900,9100.0,Maharashtra,Other
2026-07-24,Cotton,15,Amarawati,Local,Amarawati APMC,9400,9000,9200.0,Maharashtra,Other
2026-07-27,Cotton,15,Amarawati,Local,Amarawati APMC,9500,9000,9250.0,Maharashtra,Other
2026-07-30,Cotton,15,Amarawati,Local,Amarawati APMC,9550,9000,9275.0,Maharashtra,Other
2026-08-04,Cotton,15,Amarawati,Local,Amarawati APMC,9550,9100,9325.0,Maharashtra,Other
2026-09-05,Cotton,15,Buldhana,Local,"Deulgaon Raja Balaji Agro Marketing Pvt Market, Deulgaon Raja, Dist Buldhana",8800,8150,8500.0,Maharashtra,Other
2026-09-07,Cotton,15,Jalgaon,Local,Govardhan Farm Produce Market Pvt Ltd Tal Chopda  Dist Jalgaon,8500,8000,8209.0,Maharashtra,Other
