Arrival_Date,Commodity,Commodity_Code,District,Grade,Market,Max_Price,Min_Price,Modal_Price,State,Variety
2004-01-01,Onion,23,Jalgaon,FAQ,Jalgaon,900,300,550.0,Maharashtra,Red
2004-01-01,Onion,23,Ahmednagar,FAQ,Ahmednagar,990,400,695.0,Maharashtra,Other
2004-01-01,Onion,23,Nashik,FAQ,Nasik,1111,461,850.0,Maharashtra,Other
2004-01-01,Onion,23,Nashik,FAQ,Pimpalgaon,900,660,821.0,Maharashtra,Red
2004-01-01,Onion,23,Nashik,FAQ,Malegaon,842,401,750.0,Maharashtra,Red
2004-01-02,Onion,23,Sangli,FAQ,Sangli,950,200,575.0,Maharashtra,Other
2004-01-02,Onion,23,Nashik,FAQ,Chandvad,751,351,700.0,Maharashtra,Other
2004-01-02,Onion,23,Nashik,FAQ,Pimpalgaon,839,490,741.0,Maharashtra,Red
2004-01-03,Onion,23,Ahmednagar,FAQ,Ahmednagar,925,310,615.0,Maharashtra,Other
2004-01-05,Onion,23,Nashik,FAQ,Malegaon,841,211,735.0,Maharashtra,Red
2004-01-05,Onion,23,Pune,FAQ,Pune,850,400,620.0,Maharashtra,Other
2004-01-05,Onion,23,Nashik,FAQ,Nasik,951,531,800.0,Maharashtra,Other
2004-01-06,Onion,23,Sholapur,FAQ,Pandharpur,870,295,700.0,Maharashtra,Other
2004-01-06,Onion,23,Sangli,FAQ,Sangli,950,200,575.0,Maharashtra,Other
2004-01-06,Onion,23,Nashik,FAQ,Nasik,850,500,750.0,Maharashtra,Other
2004-01-07,Onion,23,Nashik,FAQ,Yeola,845,400,800.0,Maharashtra,Red
2004-01-07,Onion,23,Pune,FAQ,Pune,950,400,670.0,Maharashtra,Other
2004-01-07,Onion,23,Nashik,FAQ,Malegaon,1001,311,875.0,Maharashtra,Red
2004-01-07,Onion,23,Dhule,FAQ,Dhule,955,250,820.0,Maharashtra,Red
2004-01-07,Onion,23,Kolhapur,FAQ,Kolhapur,1050,250,550.0,Maharashtra,Other
2004-01-08,Onion,23,Pune,FAQ,Pune,1000,500,750.0,Maharashtra,Other
2004-01-08,Onion,23,Nashik,FAQ,Nasik,1100,521,800.0,Maharashtra,Other
2004-01-08,Onion,23,Nashik,FAQ,Chandvad,905,400,875.0,Maharashtra,Other
2004-01-09,Onion,23,Nashik,FAQ,Lasalgaon,971,501,930.0,Maharashtra,Red
2004-01-09,Onion,23,Nashik,FAQ,Pimpalgaon,1179,650,901.0,Maharashtra,Red
2004-01-09,Onion,23,Jalgaon,FAQ,Jalgaon,1000,250,550.0,Maharashtra,Red
2004-01-09,Onion,23,Pune,FAQ,Pune,1000,500,750.0,Maharashtra,Other
2004-01-10,Onion,23,Nagpur,FAQ,Nagpur,950,900,925.0,Maharashtra,Red
2004-01-10,Onion,23,Nashik,FAQ,Nasik,925,501,800.0,Maharashtra,Other
2004-01-10,Onion,23,Sholapur,FAQ,Pandharpur,830,395,740.0,Maharashtra,Other
2004-01-11,Onion,23,Pune,FAQ,Khed,980,500,800.0,Maharashtra,Other
2004-01-11,Onion,23,Pune,FAQ,Pune,1050,500,770.0,Maharashtra,Other
2004-01-12,Onion,23,Pune,FAQ,Pune,1050,500,770.0,Maharashtra,Other
2004-01-12,Onion,23,Nashik,FAQ,Malegaon,1051,300,865.0,Maharashtra,Red
2004-01-12,Onion,23,Nagpur,FAQ,Nagpur,825,750,780.0,Maharashtra,Other
2004-01-12,Onion,23,Satara,FAQ,Lonand,1001,500,900.0,Maharashtra,Other
2004-01-12,Onion,23,Ahmednagar,FAQ,Ahmednagar,1025,374,700.0,Maharashtra,Other
2004-01-12,Onion,23,Mumbai,FAQ,Mumbai,1100,800,950.0,Maharashtra,Other
2004-01-12,Onion,23,Dhule,FAQ,Dhule,770,250,700.0,Maharashtra,Other
2004-01-13,Onion,23,Nashik,FAQ,Chandvad,955,400,911.0,Maharashtra,Other
2004-01-13,Onion,23,Nagpur,FAQ,Nagpur,950,900,925.0,Maharashtra,Red
2004-01-13,Onion,23,Nashik,FAQ,Lasalgaon,988,651,951.0,Maharashtra,Red
2004-01-13,Onion,23,Jalgaon,FAQ,Jalgaon,900,300,500.0,Maharashtra,Red
2004-01-14,Onion,23,Nagpur,FAQ,Nagpur,800,750,775.0,Maharashtra,Other
2004-01-14,Onion,23,Kolhapur,FAQ,Kolhapur,950,300,500.0,Maharashtra,Other
2004-01-14,Onion,23,Nashik,FAQ,Manmad,939,471,860.0,Maharashtra,Other
2004-01-14,Onion,23,Nashik,FAQ,Chandvad,951,400,900.0,Maharashtra,Other
2004-01-14,Onion,23,Mumbai,FAQ,Mumbai,1000,700,850.0,Maharashtra,Other
2004-01-14,Onion,23,Nagpur,FAQ,Nagpur,950,900,925.0,Maharashtra,Red
2004-01-15,Onion,23,Nashik,FAQ,Nasik,1001,441,850.0,Maharashtra,Other
2004-01-15,Onion,23,Satara,FAQ,Lonand,980,650,880.0,Maharashtra,Other
2004-01-16,Onion,23,Sholapur,FAQ,Pandharpur,851,380,700.0,Maharashtra,Other
2004-01-17,Onion,23,Mumbai,FAQ,Mumbai,1050,800,925.0,Maharashtra,Other
2004-01-17,Onion,23,Sholapur,FAQ,Pandharpur,825,440,740.0,Maharashtra,Other
2004-01-17,Onion,23,Ahmednagar,FAQ,Ahmednagar,970,330,650.0,Maharashtra,Other
2004-01-19,Onion,23,Dhule,FAQ,Dhule,750,250,650.0,Maharashtra,Other
2004-01-19,Onion,23,Kolhapur,FAQ,Kolhapur,1000,300,550.0,Maharashtra,Other
2004-01-20,Onion,23,Nashik,FAQ,Manmad,900,460,850.0,Maharashtra,Other
2004-01-20,Onion,23,Kolhapur,FAQ,Kolhapur,1000,300,550.0,Maharashtra,Other
2004-01-20,Onion,23,Dhule,FAQ,Dhule,760,200,650.0,Maharashtra,Other
2004-01-21,Onion,23,Dhule,FAQ,Dhule,715,200,640.0,Maharashtra,Other
2004-01-21,Onion,23,Pune,FAQ,Khed,900,500,750.0,Maharashtra,Other
2004-01-21,Onion,23,Mumbai,FAQ,Mumbai,980,880,930.0,Maharashtra,Other
2004-01-21,Onion,23,Chandrapur,FAQ,Chandrapur,850,650,750.0,Maharashtra,Other
2004-01-22,Onion,23,Mumbai,FAQ,Mumbai,900,700,800.0,Maharashtra,Other
2004-01-22,Onion,23,Ahmednagar,FAQ,Ahmednagar,910,300,605.0,Maharashtra,Other
2004-01-22,Onion,23,Nagpur,FAQ,Nagpur,750,725,740.0,Maharashtra,Other
2004-01-24,Onion,23,Jalgaon,FAQ,Jalgaon,960,400,600.0,Maharashtra,Red
2004-01-25,Onion,23,Pune,FAQ,Khed,880,600,750.0,Maharashtra,Other
2004-01-27,Onion,23,Nashik,FAQ,Pimpalgaon,775,635,725.0,Maharashtra,Other
2004-01-27,Onion,23,Nashik,FAQ,Lasalgaon,771,361,731.0,Maharashtra,Red
2004-01-27,Onion,23,Nashik,FAQ,Nasik,1000,425,825.0,Maharashtra,Other
2004-01-28,Onion,23,Chandrapur,FAQ,Chandrapur,850,650,750.0,Maharashtra,Other
2004-01-28,Onion,23,Dhule,FAQ,Dhule,565,200,500.0,Maharashtra,Other
2004-01-28,Onion,23,Nagpur,FAQ,Nagpur,850,750,800.0,Maharashtra,Red
2004-01-29,Onion,23,Ahmednagar,FAQ,Ahmednagar,800,280,540.0,Maharashtra,Other
2004-01-29,Onion,23,Kolhapur,FAQ,Kolhapur,900,300,500.0,Maharashtra,Other
2004-01-29,Onion,23,Jalgaon,FAQ,Jalgaon,700,300,425.0,Maharashtra,Red
2004-01-30,Onion,23,Nashik,FAQ,Manmad,710,580,610.0,Maharashtra,Red
2004-01-30,Onion,23,Sholapur,FAQ,Pandharpur,800,300,700.0,Maharashtra,Other
2004-01-31,Onion,23,Ahmednagar,FAQ,Ahmednagar,850,250,550.0,Maharashtra,Other
2004-02-03,Onion,23,Nashik,FAQ,Pimpalgaon,896,677,835.0,Maharashtra,Other
2004-02-03,Onion,23,Jalgaon,FAQ,Jalgaon,800,300,500.0,Maharashtra,Red
2004-02-04,Onion,23,Ahmednagar,FAQ,Sangamner,1000,400,700.0,Maharashtra,Other
2004-02-04,Onion,23,Dhule,FAQ,Dhule,565,150,500.0,Maharashtra,Other
2004-02-04,Onion,23,Nashik,FAQ,Manmad,880,450,835.0,Maharashtra,Red
2004-02-04,Onion,23,Dhule,FAQ,Dhule,860,150,700.0,Maharashtra,Red
2004-02-04,Onion,23,Pune,FAQ,Khed,1000,500,750.0,Maharashtra,Other
2004-02-04,Onion,23,Kolhapur,FAQ,Kolhapur,875,200,400.0,Maharashtra,Other
2004-02-04,Onion,23,Nashik,FAQ,Nasik,950,500,800.0,Maharashtra,Other
2004-02-05,Onion,23,Mumbai,FAQ,Mumbai,1050,800,925.0,Maharashtra,Other
2004-02-05,Onion,23,Nashik,FAQ,Nasik,925,451,825.0,Maharashtra,Other
2004-02-05,Onion,23,Nashik,FAQ,Pimpalgaon,889,672,835.0,Maharashtra,Other
2004-02-05,Onion,23,Nashik,FAQ,Malegaon,855,211,810.0,Maharashtra,Red
2004-02-06,Onion,23,Chandrapur,FAQ,Chandrapur,725,550,600.0,Maharashtra,Other
2004-02-07,Onion,23,Kolhapur,FAQ,Kolhapur,1000,300,500.0,Maharashtra,Other
2004-02-07,Onion,23,Chandrapur,FAQ,Chandrapur,700,550,625.0,Maharashtra,Other
2004-02-09,Onion,23,Kolhapur,FAQ,Kolhapur,950,300,450.0,Maharashtra,Other
2004-02-09,Onion,23,Nashik,FAQ,Yeola,808,400,780.0,Maharashtra,Red
2004-02-09,Onion,23,Ahmednagar,FAQ,Ahmednagar,1050,350,700.0,Maharashtra,Other
2004-02-10,Onion,23,Nagpur,FAQ,Nagpur,950,925,937.0,Maharashtra,Red
2004-02-10,Onion,23,Kolhapur,FAQ,Kolhapur,900,400,500.0,Maharashtra,Other
2004-02-11,Onion,23,Sholapur,FAQ,Pandharpur,851,360,800.0,Maharashtra,Other
2004-02-11,Onion,23,Ahmednagar,FAQ,Sangamner,1051,400,725.0,Maharashtra,Other
2004-02-12,Onion,23,Nashik,FAQ,Yeola,787,400,675.0,Maharashtra,Red
2004-02-12,Onion,23,Dhule,FAQ,Dhule,795,200,700.0,Maharashtra,Red
2004-02-12,Onion,23,Nagpur,FAQ,Nagpur,900,850,875.0,Maharashtra,Red
2004-02-13,Onion,23,Kolhapur,FAQ,Kolhapur,800,300,400.0,Maharashtra,Other
2004-02-13,Onion,23,Dhule,FAQ,Dhule,595,200,595.0,Maharashtra,Other
2004-02-15,Onion,23,Pune,FAQ,Khed,800,450,650.0,Maharashtra,Other
2004-02-16,Onion,23,Sangli,FAQ,Sangli,800,200,500.0,Maharashtra,Other
2004-02-16,Onion,23,Ahmednagar,FAQ,Ahmednagar,700,200,450.0,Maharashtra,Other
2004-02-16,Onion,23,Sholapur,FAQ,Pandharpur,800,460,700.0,Maharashtra,Other
2004-02-17,Onion,23,Kolhapur,FAQ,Kolhapur,700,300,400.0,Maharashtra,Other
2004-02-17,Onion,23,Chattrapati Sambhajinagar,FAQ,Chattrapati Sambhajinagar,550,300,350.0,Maharashtra,Other
2004-02-17,Onion,23,Sangli,FAQ,Sangli,675,200,435.0,Maharashtra,Other
2004-02-18,Onion,23,Pune,FAQ,Khed,800,500,650.0,Maharashtra,Other
2004-02-19,Onion,23,Ahmednagar,FAQ,Ahmednagar,755,200,475.0,Maharashtra,Other
2004-02-19,Onion,23,Kolhapur,FAQ,Kolhapur,700,200,400.0,Maharashtra,Other
2004-02-19,Onion,23,Nashik,FAQ,Manmad,825,459,776.0,Maharashtra,Red
2004-02-20,Onion,23,Buldhana,FAQ,Malkapur,705,325,575.0,Maharashtra,Red
2004-02-20,Onion,23,Pune,FAQ,Pune,750,500,620.0,Maharashtra,Other
2004-02-21,Onion,23,Nagpur,FAQ,Nagpur,500,475,485.0,Maharashtra,Other
2004-02-21,Onion,23,Chattrapati Sambhajinagar,FAQ,Chattrapati Sambhajinagar,550,300,350.0,Maharashtra,Other
2004-02-21,Onion,23,Nashik,FAQ,Yeola,660,325,600.0,Maharashtra,Red
2004-02-23,Onion,23,Dhule,FAQ,Dhule,421,100,370.0,Maharashtra,Other
2004-02-23,Onion,23,Chandrapur,FAQ,Chandrapur,650,450,550.0,Maharashtra,Other
2004-02-23,Onion,23,Ahmednagar,FAQ,Ahmednagar,625,150,385.0,Maharashtra,Other
2004-02-24,Onion,23,Nagpur,FAQ,Nagpur,700,625,650.0,Maharashtra,Red
2004-02-24,Onion,23,Nashik,FAQ,Nasik,750,400,625.0,Maharashtra,Other
2004-02-25,Onion,23,Dhule,FAQ,Dhule,520,100,450.0,Maharashtra,Red
2004-02-25,Onion,23,Nashik,FAQ,Yeola,537,250,515.0,Maharashtra,Red
2004-02-25,Onion,23,Chandrapur,FAQ,Chandrapur,650,450,500.0,Maharashtra,Other
2004-02-26,Onion,23,Nashik,FAQ,Nasik,661,250,550.0,Maharashtra,Other
2004-02-26,Onion,23,Ahmednagar,FAQ,Ahmednagar,550,150,350.0,Maharashtra,Other
2004-02-27,Onion,23,Nashik,FAQ,Yeola,459,170,390.0,Maharashtra,Red
2004-02-28,Onion,23,Sholapur,FAQ,Pandharpur,650,200,600.0,Maharashtra,Other
2004-02-29,Onion,23,Nagpur,FAQ,Nagpur,400,375,385.0,Maharashtra,Other
2004-02-29,Onion,23,Nagpur,FAQ,Nagpur,550,475,512.0,Maharashtra,Red
2004-03-01,Onion,23,Nashik,FAQ,Malegaon,451,100,411.0,Maharashtra,Red
2004-03-03,Onion,23,Nashik,FAQ,Nasik,450,250,400.0,Maharashtra,Other
2004-03-03,Onion,23,Dhule,FAQ,Dhule,460,100,380.0,Maharashtra,Red
2004-03-03,Onion,23,Nashik,FAQ,Manmad,456,338,419.0,Maharashtra,Red
2004-03-03,Onion,23,Nashik,FAQ,Malegaon,500,201,425.0,Maharashtra,Red
2004-03-03,Onion,23,Mumbai,FAQ,Mumbai,550,350,450.0,Maharashtra,Other
2004-03-03,Onion,23,Kolhapur,FAQ,Kolhapur,500,150,350.0,Maharashtra,Other
2004-03-04,Onion,23,Nashik,FAQ,Manmad,427,125,413.0,Maharashtra,Other
2004-03-05,Onion,23,Nashik,FAQ,Pimpalgaon,641,368,445.0,Maharashtra,Other
2004-03-08,Onion,23,Nashik,FAQ,Manmad,499,225,449.0,Maharashtra,Other
2004-03-08,Onion,23,Nagpur,FAQ,Nagpur,575,500,535.0,Maharashtra,Red
2004-03-08,Onion,23,Sholapur,FAQ,Pandharpur,575,230,565.0,Maharashtra,Other
2004-03-08,Onion,23,Nashik,FAQ,Lasalgaon,518,290,465.0,Maharashtra,Other
2004-03-09,Onion,23,Sholapur,FAQ,Pandharpur,610,250,550.0,Maharashtra,Other
2004-03-09,Onion,23,Nashik,FAQ,Manmad,525,345,484.0,Maharashtra,Other
2004-03-09,Onion,23,Nashik,FAQ,Lasalgaon,490,300,465.0,Maharashtra,Red
2004-03-09,Onion,23,Nashik,FAQ,Manmad,484,370,473.0,Maharashtra,Red
2004-03-10,Onion,23,Chattrapati Sambhajinagar,FAQ,Chattrapati Sambhajinagar,400,250,275.0,Maharashtra,Other
2004-03-10,Onion,23,Nagpur,FAQ,Nagpur,450,425,435.0,Maharashtra,Other
2004-03-10,Onion,23,Nagpur,FAQ,Nagpur,575,500,537.0,Maharashtra,Red
2004-03-11,Onion,23,Chattrapati Sambhajinagar,FAQ,Chattrapati Sambhajinagar,450,200,250.0,Maharashtra,Other
2004-03-11,Onion,23,Mumbai,FAQ,Mumbai,550,450,500.0,Maharashtra,Other
2004-03-11,Onion,23,Nashik,FAQ,Nasik,611,251,550.0,Maharashtra,Other
2004-03-11,Onion,23,Nagpur,FAQ,Nagpur,575,500,535.0,Maharashtra,Red
2004-03-13,Onion,23,Sholapur,FAQ,Pandharpur,601,180,475.0,Maharashtra,Other
2004-03-13,Onion,23,Nashik,FAQ,Nasik,581,285,500.0,Maharashtra,Other
2004-03-14,Onion,23,Pune,FAQ,Manchar,525,100,313.0,Maharashtra,Other
2004-03-14,Onion,23,Pune,FAQ,Pune,530,380,450.0,Maharashtra,Other
2004-03-15,Onion,23,Mumbai,FAQ,Mumbai,560,450,505.0,Maharashtra,Other
2004-03-15,Onion,23,Chattrapati Sambhajinagar,FAQ,Chattrapati Sambhajinagar,450,200,250.0,Maharashtra,Other
2004-03-15,Onion,23,Dhule,FAQ,Dhule,340,100,270.0,Maharashtra,Other
2004-03-16,Onion,23,Nashik,FAQ,Nasik,500,250,470.0,Maharashtra,Other
2004-03-16,Onion,23,Nashik,FAQ,Lasalgaon,380,311,341.0,Maharashtra,Red
2004-03-16,Onion,23,Dhule,FAQ,Dhule,305,100,305.0,Maharashtra,Other
2004-03-16,Onion,23,Nagpur,FAQ,Nagpur,460,415,437.0,Maharashtra,Other
2004-03-16,Onion,23,Pune,FAQ,Pune,500,350,420.0,Maharashtra,Other
2004-03-17,Onion,23,Jalgaon,FAQ,Jalgaon,500,250,400.0,Maharashtra,Red
2004-03-18,Onion,23,Sangli,FAQ,Sangli,485,150,317.0,Maharashtra,Other
2004-03-18,Onion,23,Nashik,FAQ,Yeola,315,150,270.0,Maharashtra,Other
2004-03-18,Onion,23,Pune,FAQ,Manchar,350,100,255.0,Maharashtra,Other
2004-03-18,Onion,23,Ahmednagar,FAQ,Ahmednagar,400,100,250.0,Maharashtra,Other
2004-03-19,Onion,23,Nashik,FAQ,Malegaon,340,101,276.0,Maharashtra,Red
2004-03-19,Onion,23,Mumbai,FAQ,Mumbai,450,350,400.0,Maharashtra,Other
2004-03-19,Onion,23,Dhule,FAQ,Dhule,300,100,250.0,Maharashtra,Other
2004-03-20,Onion,23,Sholapur,FAQ,Pandharpur,550,150,300.0,Maharashtra,Other
2004-03-21,Onion,23,Pune,FAQ,Pune,420,300,360.0,Maharashtra,Other
2004-03-22,Onion,23,Nashik,FAQ,Manmad,400,153,339.0,Maharashtra,Other
2004-03-22,Onion,23,Nashik,FAQ,Lasalgaon,383,200,335.0,Maharashtra,Other
2004-03-23,Onion,23,Sholapur,FAQ,Pandharpur,600,120,425.0,Maharashtra,Other
2004-03-24,Onion,23,Pune,FAQ,Pune,450,320,380.0,Maharashtra,Other
2004-03-24,Onion,23,Mumbai,FAQ,Mumbai,520,400,460.0,Maharashtra,Other
2004-03-24,Onion,23,Jalgaon,FAQ,Jalgaon,350,175,270.0,Maharashtra,Red
2004-03-24,Onion,23,Chattrapati Sambhajinagar,FAQ,Chattrapati Sambhajinagar,250,150,175.0,Maharashtra,Other
2004-03-25,Onion,23,Satara,FAQ,Lonand,450,200,380.0,Maharashtra,Other
2004-03-25,Onion,23,Sangli,FAQ,Sangli,490,150,370.0,Maharashtra,Other
2004-03-25,Onion,23,Chattrapati Sambhajinagar,FAQ,Chattrapati Sambhajinagar,250,150,175.0,Maharashtra,Other
2004-03-26,Onion,23,Dhule,FAQ,Dhule,275,100,240.0,Maharashtra,Other
2004-03-27,Onion,23,Sholapur,FAQ,Pandharpur,570,100,450.0,Maharashtra,Other
2004-03-28,Onion,23,Chattrapati Sambhajinagar,FAQ,Chattrapati Sambhajinagar,300,150,225.0,Maharashtra,Other
2004-03-29,Onion,23,Nashik,FAQ,Nasik,425,198,380.0,Maharashtra,Other
2004-03-29,Onion,23,Mumbai,FAQ,Mumbai,500,350,425.0,Maharashtra,Other
2004-03-29,Onion,23,Jalgaon,FAQ,Jalgaon,300,200,250.0,Maharashtra,Red
2004-03-30,Onion,23,Sholapur,FAQ,Pandharpur,410,180,350.0,Maharashtra,Other
2004-03-31,Onion,23,Pune,FAQ,Khed,450,200,325.0,Maharashtra,Other
2004-04-01,Onion,23,Nashik,FAQ,Yeola,338,150,305.0,Maharashtra,Other
2004-04-01,Onion,23,Ahmednagar,FAQ,Ahmednagar,450,150,300.0,Maharashtra,Other
2004-04-01,Onion,23,Chattrapati Sambhajinagar,FAQ,Chattrapati Sambhajinagar,350,150,175.0,Maharashtra,Other
2004-04-05,Onion,23,Jalgaon,FAQ,Jalgaon,335,200,310.0,Maharashtra,Red
2004-04-06,Onion,23,Pune,FAQ,Manchar,355,305,330.0,Maharashtra,Other
2004-04-06,Onion,23,Nashik,FAQ,Nasik,375,180,325.0,Maharashtra,Other
2004-04-07,Onion,23,Sholapur,FAQ,Pandharpur,480,100,330.0,Maharashtra,Other
2004-04-07,Onion,23,Ahmednagar,FAQ,Sangamner,451,100,276.0,Maharashtra,Other
2004-04-07,Onion,23,Dhule,FAQ,Dhule,285,100,240.0,Maharashtra,Other
2004-04-07,Onion,23,Nashik,FAQ,Lasalgaon,390,151,321.0,Maharashtra,Other
2004-04-07,Onion,23,Dhule,FAQ,Dhule,330,100,270.0,Maharashtra,Red
2004-04-07,Onion,23,Nashik,FAQ,Manmad,367,288,325.0,Maharashtra,Other
2004-04-07,Onion,23,Nashik,FAQ,Malegaon,351,151,285.0,Maharashtra,Red
2004-04-07,Onion,23,Nashik,FAQ,Pimpalgaon,355,230,300.0,Maharashtra,Other
2004-04-08,Onion,23,Jalgaon,FAQ,Jalgaon,300,150,250.0,Maharashtra,Red
2004-04-08,Onion,23,Chattrapati Sambhajinagar,FAQ,Chattrapati Sambhajinagar,350,125,175.0,Maharashtra,Other
2004-04-08,Onion,23,Sholapur,FAQ,Pandharpur,530,150,420.0,Maharashtra,Other
2004-04-08,Onion,23,Ahmednagar,FAQ,Ahmednagar,410,125,265.0,Maharashtra,Other
2004-04-08,Onion,23,Nashik,FAQ,Chandvad,325,150,300.0,Maharashtra,Other
2004-04-08,Onion,23,Nashik,FAQ,Manmad,359,200,295.0,Maharashtra,Other
2004-04-09,Onion,23,Nashik,FAQ,Chandvad,325,150,300.0,Maharashtra,Other
2004-04-09,Onion,23,Jalgaon,FAQ,Jalgaon,300,140,250.0,Maharashtra,Red
2004-04-09,Onion,23,Sangli,FAQ,Sangli,400,100,250.0,Maharashtra,Other
2004-04-10,Onion,23,Nashik,FAQ,Chandvad,325,150,300.0,Maharashtra,Other
2004-04-11,Onion,23,Pune,FAQ,Pune,430,250,340.0,Maharashtra,Other
2004-04-11,Onion,23,Ahmednagar,FAQ,Ahmednagar,400,100,250.0,Maharashtra,Other
2004-04-12,Onion,23,Chattrapati Sambhajinagar,FAQ,Chattrapati Sambhajinagar,300,150,175.0,Maharashtra,Other
2004-04-12,Onion,23,Nashik,FAQ,Yeola,303,150,275.0,Maharashtra,Other
2004-04-12,Onion,23,Dhule,FAQ,Dhule,205,50,160.0,Maharashtra,Other
2004-04-13,Onion,23,Nashik,FAQ,Chandvad,325,150,300.0,Maharashtra,Other
2004-04-13,Onion,23,Pune,FAQ,Pune,450,250,350.0,Maharashtra,Other
2004-04-13,Onion,23,Nashik,FAQ,Lasalgaon,399,151,311.0,Maharashtra,Other
2004-04-14,Onion,23,Nashik,FAQ,Lasalgaon,341,125,251.0,Maharashtra,Other
2004-04-15,Onion,23,Buldhana,FAQ,Malkapur,271,50,230.0,Maharashtra,Red
2004-04-15,Onion,23,Nagpur,FAQ,Nagpur,275,225,240.0,Maharashtra,Other
2004-04-15,Onion,23,Chattrapati Sambhajinagar,FAQ,Chattrapati Sambhajinagar,300,150,175.0,Maharashtra,Other
2004-04-15,Onion,23,Nashik,FAQ,Lasalgaon,390,132,325.0,Maharashtra,Other
2004-04-15,Onion,23,Nashik,FAQ,Pimpalgaon,341,211,290.0,Maharashtra,Other
2004-04-16,Onion,23,Sholapur,FAQ,Pandharpur,450,102,430.0,Maharashtra,Other
2004-04-16,Onion,23,Nashik,FAQ,Pimpalgaon,342,200,305.0,Maharashtra,Other
2004-04-16,Onion,23,Nashik,FAQ,Yeola,296,150,270.0,Maharashtra,Other
2004-04-16,Onion,23,Sangli,FAQ,Sangli,425,100,260.0,Maharashtra,Other
2004-04-17,Onion,23,Mumbai,FAQ,Mumbai,400,300,350.0,Maharashtra,Other
2004-04-17,Onion,23,Pune,FAQ,Manchar,340,280,320.0,Maharashtra,Other
2004-04-19,Onion,23,Pune,FAQ,Pune,380,250,310.0,Maharashtra,Other
2004-04-20,Onion,23,Nashik,FAQ,Chandvad,280,100,250.0,Maharashtra,Other
2004-04-20,Onion,23,Chattrapati Sambhajinagar,FAQ,Chattrapati Sambhajinagar,250,150,175.0,Maharashtra,Other
2004-04-21,Onion,23,Nashik,FAQ,Nasik,350,140,275.0,Maharashtra,Other
2004-04-21,Onion,23,Nashik,FAQ,Manmad,329,151,275.0,Maharashtra,Other
2004-04-21,Onion,23,Dhule,FAQ,Dhule,225,50,170.0,Maharashtra,Other
2004-04-21,Onion,23,Nashik,FAQ,Chandvad,272,100,240.0,Maharashtra,Other
2004-04-21,Onion,23,Pune,FAQ,Pune,420,300,360.0,Maharashtra,Other
2004-04-21,Onion,23,Nashik,FAQ,Lasalgaon,364,105,251.0,Maharashtra,Other
2004-04-21,Onion,23,Jalgaon,FAQ,Jalgaon,200,125,175.0,Maharashtra,Other
2004-04-22,Onion,23,Ahmednagar,FAQ,Sangamner,411,100,260.0,Maharashtra,Other
2004-04-22,Onion,23,Nashik,FAQ,Pimpalgaon,363,180,280.0,Maharashtra,Other
2004-04-23,Onion,23,Dhule,FAQ,Dhule,240,50,170.0,Maharashtra,Other
2004-04-23,Onion,23,Jalgaon,FAQ,Jalgaon,270,125,200.0,Maharashtra,Red
2004-04-23,Onion,23,Nashik,FAQ,Yeola,265,150,225.0,Maharashtra,Other
2004-04-24,Onion,23,Chattrapati Sambhajinagar,FAQ,Chattrapati Sambhajinagar,300,150,175.0,Maharashtra,Other
2004-04-27,Onion,23,Nashik,FAQ,Lasalgaon,377,131,275.0,Maharashtra,Other
2004-04-27,Onion,23,Dhule,FAQ,Dhule,265,100,210.0,Maharashtra,Other
2004-04-28,Onion,23,Sholapur,FAQ,Pandharpur,450,230,400.0,Maharashtra,Other
2004-04-28,Onion,23,Pune,FAQ,Pune,420,250,330.0,Maharashtra,Other
2004-04-29,Onion,23,Kolhapur,FAQ,Kolhapur,450,100,300.0,Maharashtra,Other
2004-04-30,Onion,23,Pune,FAQ,Manchar,381,100,241.0,Maharashtra,Other
2004-04-30,Onion,23,Nagpur,FAQ,Nagpur,325,300,312.0,Maharashtra,Red
2004-04-30,Onion,23,Sholapur,FAQ,Pandharpur,500,125,425.0,Maharashtra,Other
2004-04-30,Onion,23,Dhule,FAQ,Dhule,240,50,200.0,Maharashtra,Other
2004-04-30,Onion,23,Nashik,FAQ,Chandvad,331,100,270.0,Maharashtra,Other
2004-04-30,Onion,23,Sangli,FAQ,Sangli,500,100,275.0,Maharashtra,Other
2004-05-03,Onion,23,Nashik,FAQ,Yeola,310,150,260.0,Maharashtra,Other
2004-05-04,Onion,23,Nagpur,FAQ,Nagpur,337,275,300.0,Maharashtra,Red
2004-05-05,Onion,23,Nashik,FAQ,Yeola,317,150,280.0,Maharashtra,Other
2004-05-06,Onion,23,Nashik,FAQ,Malegaon,331,101,285.0,Maharashtra,Other
2004-05-06,Onion,23,Pune,FAQ,Pune,420,200,310.0,Maharashtra,Other
2004-05-06,Onion,23,Kolhapur,FAQ,Kolhapur,500,150,300.0,Maharashtra,Other
2004-05-06,Onion,23,Ahmednagar,FAQ,Ahmednagar,380,120,250.0,Maharashtra,Other
2004-05-06,Onion,23,Nagpur,FAQ,Nagpur,275,250,265.0,Maharashtra,Other
2004-05-06,Onion,23,Nashik,FAQ,Lasalgaon,403,145,291.0,Maharashtra,Other
2004-05-06,Onion,23,Nashik,FAQ,Yeola,311,150,275.0,Maharashtra,Other
2004-05-07,Onion,23,Nagpur,FAQ,Nagpur,275,250,262.0,Maharashtra,Other
2004-05-07,Onion,23,Pune,FAQ,Pune,380,200,290.0,Maharashtra,Other
2004-05-09,Onion,23,Pune,FAQ,Pune,400,200,300.0,Maharashtra,Other
2004-05-10,Onion,23,Nashik,FAQ,Manmad,341,131,289.0,Maharashtra,Other
2004-05-10,Onion,23,Nashik,FAQ,Nasik,351,131,280.0,Maharashtra,Other
2004-05-10,Onion,23,Sangli,FAQ,Sangli,425,100,263.0,Maharashtra,Other
2004-05-10,Onion,23,Sholapur,FAQ,Pandharpur,487,255,400.0,Maharashtra,Other
2004-05-10,Onion,23,Chattrapati Sambhajinagar,FAQ,Chattrapati Sambhajinagar,175,100,140.0,Maharashtra,Other
2004-05-10,Onion,23,Nashik,FAQ,Lasalgaon,375,101,285.0,Maharashtra,Other
2004-05-11,Onion,23,Nagpur,FAQ,Nagpur,325,275,300.0,Maharashtra,Red
2004-05-11,Onion,23,Kolhapur,FAQ,Kolhapur,475,100,300.0,Maharashtra,Other
2004-05-11,Onion,23,Nashik,FAQ,Chandvad,320,100,260.0,Maharashtra,Other
2004-05-12,Onion,23,Kolhapur,FAQ,Kolhapur,500,100,270.0,Maharashtra,Other
2004-05-13,Onion,23,Sholapur,FAQ,Pandharpur,480,125,400.0,Maharashtra,Other
2004-05-13,Onion,23,Nashik,FAQ,Manmad,399,131,331.0,Maharashtra,Other
2004-05-14,Onion,23,Jalgaon,FAQ,Jalgaon,350,150,300.0,Maharashtra,Other
2004-05-15,Onion,23,Sholapur,FAQ,Pandharpur,500,100,250.0,Maharashtra,Other
2004-05-15,Onion,23,Nashik,FAQ,Yeola,345,155,280.0,Maharashtra,Other
2004-05-16,Onion,23,Pune,FAQ,Khed,401,175,275.0,Maharashtra,Other
2004-05-17,Onion,23,Sholapur,FAQ,Pandharpur,540,100,470.0,Maharashtra,Other
2004-05-18,Onion,23,Nagpur,FAQ,Nagpur,310,280,295.0,Maharashtra,Other
2004-05-18,Onion,23,Pune,FAQ,Pune,520,250,380.0,Maharashtra,Other
2004-05-19,Onion,23,Jalgaon,FAQ,Jalgaon,375,150,250.0,Maharashtra,Red
2004-05-20,Onion,23,Jalgaon,FAQ,Jalgaon,325,150,225.0,Maharashtra,Red
2004-05-21,Onion,23,Nashik,FAQ,Lasalgaon,436,125,325.0,Maharashtra,Other
2004-05-21,Onion,23,Pune,FAQ,Pune,470,250,360.0,Maharashtra,Other
2004-05-22,Onion,23,Mumbai,FAQ,Mumbai,450,250,350.0,Maharashtra,Other
2004-05-22,Onion,23,Nashik,FAQ,Yeola,335,150,280.0,Maharashtra,Other
2004-05-22,Onion,23,Nashik,FAQ,Chandvad,316,100,265.0,Maharashtra,Other
2004-05-22,Onion,23,Sangli,FAQ,Sangli,500,100,300.0,Maharashtra,Other
2004-05-23,Onion,23,Nagpur,FAQ,Nagpur,262,225,250.0,Maharashtra,Other
2004-05-24,Onion,23,Satara,FAQ,Lonand,411,150,360.0,Maharashtra,Other
2004-05-25,Onion,23,Nagpur,FAQ,Nagpur,300,250,275.0,Maharashtra,Red
2004-05-27,Onion,23,Nashik,FAQ,Lasalgaon,441,119,341.0,Maharashtra,Other
2004-05-27,Onion,23,Nagpur,FAQ,Nagpur,275,250,262.0,Maharashtra,Other
2004-05-27,Onion,23,Nashik,FAQ,Chandvad,338,150,275.0,Maharashtra,Other
2004-05-28,Onion,23,Sholapur,FAQ,Pandharpur,520,160,400.0,Maharashtra,Other
2004-05-28,Onion,23,Nashik,FAQ,Chandvad,368,100,270.0,Maharashtra,Other
2004-05-29,Onion,23,Sangli,FAQ,Sangli,450,150,300.0,Maharashtra,Other
2004-05-29,Onion,23,Sholapur,FAQ,Pandharpur,530,125,475.0,Maharashtra,Other
2004-05-29,Onion,23,Nashik,FAQ,Yeola,359,175,300.0,Maharashtra,Other
2004-05-30,Onion,23,Pune,FAQ,Khed,451,201,351.0,Maharashtra,Other
2004-05-31,Onion,23,Nagpur,FAQ,Nagpur,312,275,300.0,Maharashtra,Other
2004-05-31,Onion,23,Jalgaon,FAQ,Jalgaon,350,125,275.0,Maharashtra,Red
2004-05-31,Onion,23,Nashik,FAQ,Nasik,430,121,325.0,Maharashtra,Other
2004-06-01,Onion,23,Nashik,FAQ,Nasik,450,175,350.0,Maharashtra,Other
2004-06-02,Onion,23,Ahmednagar,FAQ,Sangamner,551,100,325.0,Maharashtra,Other
2004-06-03,Onion,23,Nashik,FAQ,Malegaon,500,221,335.0,Maharashtra,Red
2004-06-03,Onion,23,Nashik,FAQ,Yeola,431,175,360.0,Maharashtra,Other
2004-06-04,Onion,23,Nashik,FAQ,Malegaon,451,201,375.0,Maharashtra,Red
2004-06-04,Onion,23,Nashik,FAQ,Chandvad,450,150,300.0,Maharashtra,Other
2004-06-04,Onion,23,Nashik,FAQ,Lasalgaon,472,151,421.0,Maharashtra,Other
2004-06-05,Onion,23,Nashik,FAQ,Chandvad,451,150,325.0,Maharashtra,Other
2004-06-05,Onion,23,Ahmednagar,FAQ,Ahmednagar,475,125,300.0,Maharashtra,Other
2004-06-05,Onion,23,Mumbai,FAQ,Mumbai,550,400,475.0,Maharashtra,Other
2004-06-07,Onion,23,Pune,FAQ,Pune,550,350,450.0,Maharashtra,Other
2004-06-07,Onion,23,Nashik,FAQ,Malegaon,480,101,350.0,Maharashtra,Red
2004-06-08,Onion,23,Nagpur,FAQ,Nagpur,425,375,400.0,Maharashtra,Red
2004-06-08,Onion,23,Nashik,FAQ,Lasalgaon,520,131,425.0,Maharashtra,Other
2004-06-08,Onion,23,Nashik,FAQ,Malegaon,471,201,275.0,Maharashtra,Red
2004-06-09,Onion,23,Jalgaon,FAQ,Jalgaon,450,175,300.0,Maharashtra,Red
2004-06-09,Onion,23,Pune,FAQ,Khed,500,200,450.0,Maharashtra,Other
2004-06-10,Onion,23,Nashik,FAQ,Lasalgaon,485,151,425.0,Maharashtra,Other
2004-06-10,Onion,23,Sholapur,FAQ,Pandharpur,600,125,465.0,Maharashtra,Other
2004-06-11,Onion,23,Ahmednagar,FAQ,Sangamner,550,100,325.0,Maharashtra,Other
2004-06-11,Onion,23,Nashik,FAQ,Lasalgaon,462,111,371.0,Maharashtra,Other
2004-06-11,Onion,23,Jalgaon,FAQ,Jalgaon,500,150,250.0,Maharashtra,Red
2004-06-11,Onion,23,Nashik,FAQ,Malegaon,451,101,295.0,Maharashtra,Other
2004-06-12,Onion,23,Sangli,FAQ,Sangli,565,100,335.0,Maharashtra,Other
2004-06-12,Onion,23,Sholapur,FAQ,Pandharpur,600,600,600.0,Maharashtra,Other
2004-06-12,Onion,23,Nashik,FAQ,Nasik,450,150,350.0,Maharashtra,Other
2004-06-14,Onion,23,Nashik,FAQ,Pimpalgaon,448,200,360.0,Maharashtra,Other
2004-06-14,Onion,23,Sholapur,FAQ,Pandharpur,550,125,450.0,Maharashtra,Other
2004-06-14,Onion,23,Kolhapur,FAQ,Kolhapur,510,150,300.0,Maharashtra,Other
2004-06-14,Onion,23,Pune,FAQ,Pune,520,350,430.0,Maharashtra,Other
2004-06-14,Onion,23,Nashik,FAQ,Lasalgaon,440,130,381.0,Maharashtra,Other
2004-06-15,Onion,23,Jalgaon,FAQ,Jalgaon,475,250,325.0,Maharashtra,Red
2004-06-15,Onion,23,Nagpur,FAQ,Nagpur,375,300,335.0,Maharashtra,Red
2004-06-16,Onion,23,Nashik,FAQ,Manmad,439,100,404.0,Maharashtra,Other
2004-06-16,Onion,23,Pune,FAQ,Pune,530,300,410.0,Maharashtra,Other
2004-06-16,Onion,23,Nashik,FAQ,Chandvad,364,151,300.0,Maharashtra,Other
2004-06-16,Onion,23,Ahmednagar,FAQ,Sangamner,1400,1400,1400.0,Maharashtra,Other
2004-06-16,Onion,23,Pune,FAQ,Khed,500,200,450.0,Maharashtra,Other
2004-06-17,Onion,23,Nagpur,FAQ,Nagpur,375,300,365.0,Maharashtra,Red
2004-06-17,Onion,23,Pune,FAQ,Pune,520,350,430.0,Maharashtra,Other
2004-06-18,Onion,23,Nashik,FAQ,Nasik,400,101,300.0,Maharashtra,Other
2004-06-19,Onion,23,Nashik,FAQ,Nasik,300,150,220.0,Maharashtra,Other
2004-06-19,Onion,23,Chattrapati Sambhajinagar,FAQ,Chattrapati Sambhajinagar,250,150,175.0,Maharashtra,Other
2004-06-21,Onion,23,Nashik,FAQ,Malegaon,435,101,390.0,Maharashtra,Other
2004-06-21,Onion,23,Mumbai,FAQ,Mumbai,570,400,485.0,Maharashtra,Other
2004-06-21,Onion,23,Nagpur,FAQ,Nagpur,400,375,385.0,Maharashtra,Red
2004-06-22,Onion,23,Kolhapur,FAQ,Kolhapur,530,100,280.0,Maharashtra,Other
2004-06-23,Onion,23,Sholapur,FAQ,Pandharpur,570,150,550.0,Maharashtra,Other
2004-06-23,Onion,23,Nagpur,FAQ,Nagpur,425,350,400.0,Maharashtra,Red
2004-06-23,Onion,23,Nashik,FAQ,Lasalgaon,427,122,341.0,Maharashtra,Other
2004-06-24,Onion,23,Kolhapur,FAQ,Kolhapur,550,100,300.0,Maharashtra,Other
2004-06-25,Onion,23,Nashik,FAQ,Lasalgaon,434,126,361.0,Maharashtra,Other
2004-06-25,Onion,23,Jalgaon,FAQ,Jalgaon,410,125,300.0,Maharashtra,Red
2004-06-25,Onion,23,Nashik,FAQ,Malegaon,415,111,325.0,Maharashtra,Other
2004-06-26,Onion,23,Chattrapati Sambhajinagar,FAQ,Chattrapati Sambhajinagar,300,150,175.0,Maharashtra,Other
2004-06-26,Onion,23,Sangli,FAQ,Sangli,500,125,313.0,Maharashtra,Other
2004-06-26,Onion,23,Ahmednagar,FAQ,Ahmednagar,500,110,305.0,Maharashtra,Other
2004-06-26,Onion,23,Nashik,FAQ,Nasik,425,200,350.0,Maharashtra,Other
2004-06-26,Onion,23,Mumbai,FAQ,Mumbai,550,400,475.0,Maharashtra,Other
2004-06-27,Onion,23,Nagpur,FAQ,Nagpur,425,350,395.0,Maharashtra,Red
2004-06-28,Onion,23,Nagpur,FAQ,Nagpur,425,350,395.0,Maharashtra,Red
2004-06-28,Onion,23,Kolhapur,FAQ,Kolhapur,525,100,270.0,Maharashtra,Other
2004-06-28,Onion,23,Chattrapati Sambhajinagar,FAQ,Chattrapati Sambhajinagar,300,175,200.0,Maharashtra,Other
2004-06-29,Onion,23,Nagpur,FAQ,Nagpur,450,400,425.0,Maharashtra,Other
2004-06-30,Onion,23,Nashik,FAQ,Manmad,421,117,350.0,Maharashtra,Other
2004-06-30,Onion,23,Nagpur,FAQ,Nagpur,425,400,412.0,Maharashtra,Other
2004-07-01,Onion,23,Sholapur,FAQ,Pandharpur,530,300,440.0,Maharashtra,Other
2004-07-01,Onion,23,Nashik,FAQ,Nasik,451,210,315.0,Maharashtra,Other
2004-07-01,Onion,23,Pune,FAQ,Manchar,451,100,276.0,Maharashtra,Other
2004-07-01,Onion,23,Pune,FAQ,Pune,520,250,380.0,Maharashtra,Other
2004-07-03,Onion,23,Nashik,FAQ,Yeola,400,175,360.0,Maharashtra,Other
2004-07-03,Onion,23,Nashik,FAQ,Chandvad,401,200,350.0,Maharashtra,Other
2004-07-04,Onion,23,Nagpur,FAQ,Nagpur,425,400,412.0,Maharashtra,Other
2004-07-04,Onion,23,Pune,FAQ,Khed,450,200,350.0,Maharashtra,Other
2004-07-05,Onion,23,Nashik,FAQ,Nasik,451,200,375.0,Maharashtra,Other
2004-07-05,Onion,23,Sholapur,FAQ,Pandharpur,400,400,400.0,Maharashtra,Other
2004-07-06,Onion,23,Pune,FAQ,Pune,480,350,410.0,Maharashtra,Other
2004-07-07,Onion,23,Pune,FAQ,Khed,450,200,360.0,Maharashtra,Other
2004-07-07,Onion,23,Jalgaon,FAQ,Jalgaon,400,160,300.0,Maharashtra,Red
2004-07-07,Onion,23,Nashik,FAQ,Manmad,424,155,391.0,Maharashtra,Other
2004-07-08,Onion,23,Nagpur,FAQ,Nagpur,400,375,385.0,Maharashtra,Other
2004-07-08,Onion,23,Kolhapur,FAQ,Kolhapur,500,100,270.0,Maharashtra,Other
2004-07-08,Onion,23,Mumbai,FAQ,Mumbai,530,400,465.0,Maharashtra,Other
2004-07-09,Onion,23,Nagpur,FAQ,Nagpur,400,375,385.0,Maharashtra,Other
2004-07-09,Onion,23,Buldhana,FAQ,Malkapur,320,100,210.0,Maharashtra,Other
2004-07-09,Onion,23,Nashik,FAQ,Chandvad,410,200,365.0,Maharashtra,Other
2004-07-10,Onion,23,Ahmednagar,FAQ,Ahmednagar,415,100,255.0,Maharashtra,Other
2004-07-10,Onion,23,Jalgaon,FAQ,Jalgaon,400,150,300.0,Maharashtra,Red
2004-07-11,Onion,23,Pune,FAQ,Khed,525,200,401.0,Maharashtra,Other
2004-07-12,Onion,23,Nashik,FAQ,Yeola,366,150,335.0,Maharashtra,Other
2004-07-12,Onion,23,Nashik,FAQ,Pimpalgaon,441,251,360.0,Maharashtra,Other
2004-07-13,Onion,23,Chattrapati Sambhajinagar,FAQ,Chattrapati Sambhajinagar,300,175,200.0,Maharashtra,Other
2004-07-13,Onion,23,Mumbai,FAQ,Mumbai,510,400,455.0,Maharashtra,Other
2004-07-13,Onion,23,Nagpur,FAQ,Nagpur,375,350,365.0,Maharashtra,Other
2004-07-14,Onion,23,Nashik,FAQ,Pimpalgaon,424,260,360.0,Maharashtra,Other
2004-07-14,Onion,23,Nashik,FAQ,Manmad,393,183,379.0,Maharashtra,Other
2004-07-15,Onion,23,Chattrapati Sambhajinagar,FAQ,Chattrapati Sambhajinagar,275,175,200.0,Maharashtra,Other
2004-07-15,Onion,23,Buldhana,FAQ,Malkapur,330,145,225.0,Maharashtra,Other
2004-07-16,Onion,23,Mumbai,FAQ,Mumbai,500,380,440.0,Maharashtra,Other
2004-07-16,Onion,23,Jalgaon,FAQ,Jalgaon,400,150,300.0,Maharashtra,Red
2004-07-17,Onion,23,Jalgaon,FAQ,Jalgaon,410,125,300.0,Maharashtra,Red
2004-07-18,Onion,23,Nagpur,FAQ,Nagpur,400,375,385.0,Maharashtra,Other
2004-07-18,Onion,23,Pune,FAQ,Pune,480,300,390.0,Maharashtra,Other
2004-07-18,Onion,23,Nagpur,FAQ,Nagpur,425,400,412.0,Maharashtra,Red
2004-07-18,Onion,23,Pune,FAQ,Manchar,455,100,278.0,Maharashtra,Other
2004-07-19,Onion,23,Nagpur,FAQ,Nagpur,425,400,412.0,Maharashtra,Red
2004-07-19,Onion,23,Ahmednagar,FAQ,Ahmednagar,400,90,245.0,Maharashtra,Other
2004-07-19,Onion,23,Nashik,FAQ,Manmad,395,151,380.0,Maharashtra,Other
2004-07-19,Onion,23,Nashik,FAQ,Pimpalgaon,425,270,365.0,Maharashtra,Other
2004-07-19,Onion,23,Chandrapur,FAQ,Chandrapur,425,250,350.0,Maharashtra,Other
2004-07-19,Onion,23,Pune,FAQ,Pune,450,300,370.0,Maharashtra,Other
2004-07-20,Onion,23,Nashik,FAQ,Manmad,405,167,351.0,Maharashtra,Other
2004-07-20,Onion,23,Mumbai,FAQ,Mumbai,500,390,445.0,Maharashtra,Other
2004-07-20,Onion,23,Nashik,FAQ,Lasalgaon,417,196,355.0,Maharashtra,Other
2004-07-20,Onion,23,Chattrapati Sambhajinagar,FAQ,Chattrapati Sambhajinagar,275,150,170.0,Maharashtra,Other
2004-07-21,Onion,23,Mumbai,FAQ,Mumbai,530,400,465.0,Maharashtra,Other
2004-07-21,Onion,23,Chattrapati Sambhajinagar,FAQ,Chattrapati Sambhajinagar,275,150,190.0,Maharashtra,Other
2004-07-21,Onion,23,Nashik,FAQ,Manmad,420,109,375.0,Maharashtra,Other
2004-07-22,Onion,23,Sholapur,FAQ,Pandharpur,350,182,300.0,Maharashtra,Other
2004-07-22,Onion,23,Nashik,FAQ,Manmad,407,196,375.0,Maharashtra,Other
2004-07-22,Onion,23,Satara,FAQ,Lonand,400,200,350.0,Maharashtra,Other
2004-07-22,Onion,23,Chandrapur,FAQ,Chandrapur,425,275,375.0,Maharashtra,Other
2004-07-22,Onion,23,Pune,FAQ,Manchar,445,100,273.0,Maharashtra,Other
2004-07-23,Onion,23,Mumbai,FAQ,Mumbai,500,320,410.0,Maharashtra,Other
2004-07-23,Onion,23,Buldhana,FAQ,Malkapur,325,140,225.0,Maharashtra,Other
2004-07-24,Onion,23,Chattrapati Sambhajinagar,FAQ,Chattrapati Sambhajinagar,250,175,200.0,Maharashtra,Other
2004-07-25,Onion,23,Nagpur,FAQ,Nagpur,400,375,385.0,Maharashtra,Red
2004-07-27,Onion,23,Pune,FAQ,Pune,450,350,400.0,Maharashtra,Other
2004-07-27,Onion,23,Sholapur,FAQ,Barshi,460,125,320.0,Maharashtra,Other
2004-07-27,Onion,23,Chandrapur,FAQ,Chandrapur,425,250,350.0,Maharashtra,Other
2004-07-28,Onion,23,Chattrapati Sambhajinagar,FAQ,Chattrapati Sambhajinagar,300,175,200.0,Maharashtra,Other
2004-07-28,Onion,23,Nashik,FAQ,Pimpalgaon,437,290,380.0,Maharashtra,Other
2004-07-29,Onion,23,Nashik,FAQ,Lasalgaon,451,231,415.0,Maharashtra,Other
2004-07-29,Onion,23,Ahmednagar,FAQ,Ahmednagar,425,125,275.0,Maharashtra,Other
2004-07-29,Onion,23,Chattrapati Sambhajinagar,FAQ,Chattrapati Sambhajinagar,300,175,190.0,Maharashtra,Other
2004-07-29,Onion,23,Nashik,FAQ,Yeola,415,200,380.0,Maharashtra,Other
2004-07-30,Onion,23,Nashik,FAQ,Pimpalgaon,444,300,400.0,Maharashtra,Other
2004-07-31,Onion,23,Kolhapur,FAQ,Kolhapur,500,100,300.0,Maharashtra,Other
2004-07-31,Onion,23,Chattrapati Sambhajinagar,FAQ,Chattrapati Sambhajinagar,275,175,200.0,Maharashtra,Other
2004-07-31,Onion,23,Sangli,FAQ,Sangli,450,100,275.0,Maharashtra,Other
2004-08-01,Onion,23,Nagpur,FAQ,Nagpur,425,400,412.0,Maharashtra,Other
2004-08-01,Onion,23,Pune,FAQ,Manchar,501,125,313.0,Maharashtra,Other
2004-08-02,Onion,23,Nagpur,FAQ,Nagpur,450,425,435.0,Maharashtra,Red
2004-08-02,Onion,23,Nashik,FAQ,Manmad,390,251,370.0,Maharashtra,Other
2004-08-02,Onion,23,Nashik,FAQ,Nasik,401,280,380.0,Maharashtra,Other
2004-08-02,Onion,23,Chattrapati Sambhajinagar,FAQ,Chattrapati Sambhajinagar,250,150,175.0,Maharashtra,Other
2004-08-03,Onion,23,Nashik,FAQ,Chandvad,413,200,375.0,Maharashtra,Other
2004-08-03,Onion,23,Nashik,FAQ,Nasik,425,250,375.0,Maharashtra,Other
2004-08-03,Onion,23,Nagpur,FAQ,Nagpur,475,450,465.0,Maharashtra,Other
2004-08-03,Onion,23,Mumbai,FAQ,Mumbai,550,400,475.0,Maharashtra,Other
2004-08-03,Onion,23,Nashik,FAQ,Manmad,434,261,410.0,Maharashtra,Other
2004-08-04,Onion,23,Nagpur,FAQ,Nagpur,450,425,435.0,Maharashtra,Red
2004-08-04,Onion,23,Sangli,FAQ,Sangli,450,150,300.0,Maharashtra,Other
2004-08-04,Onion,23,Nagpur,FAQ,Nagpur,475,450,465.0,Maharashtra,Other
2004-08-04,Onion,23,Nashik,FAQ,Malegaon,465,151,365.0,Maharashtra,Other
2004-08-04,Onion,23,Nashik,FAQ,Lasalgaon,451,311,415.0,Maharashtra,Other
2004-08-05,Onion,23,Nagpur,FAQ,Nagpur,475,450,465.0,Maharashtra,Other
2004-08-05,Onion,23,Nagpur,FAQ,Nagpur,450,425,435.0,Maharashtra,Red
2004-08-05,Onion,23,Nashik,FAQ,Yeola,435,200,410.0,Maharashtra,Other
2004-08-06,Onion,23,Nashik,FAQ,Manmad,437,378,411.0,Maharashtra,Other
2004-08-07,Onion,23,Kolhapur,FAQ,Kolhapur,600,150,320.0,Maharashtra,Other
2004-08-07,Onion,23,Ahmednagar,FAQ,Ahmednagar,450,100,275.0,Maharashtra,Other
2004-08-08,Onion,23,Nagpur,FAQ,Nagpur,450,425,435.0,Maharashtra,Red
2004-08-09,Onion,23,Nashik,FAQ,Nasik,450,250,385.0,Maharashtra,Other
2004-08-09,Onion,23,Pune,FAQ,Pune,500,350,420.0,Maharashtra,Other
2004-08-09,Onion,23,Ahmednagar,FAQ,Ahmednagar,425,115,270.0,Maharashtra,Other
2004-08-10,Onion,23,Nashik,FAQ,Pimpalgaon,430,300,385.0,Maharashtra,Other
2004-08-11,Onion,23,Sangli,FAQ,Sangli,525,100,360.0,Maharashtra,Other
2004-08-11,Onion,23,Pune,FAQ,Pune,500,350,420.0,Maharashtra,Other
2004-08-11,Onion,23,Nagpur,FAQ,Nagpur,450,425,435.0,Maharashtra,Red
2004-08-11,Onion,23,Jalgaon,FAQ,Jalgaon,400,150,300.0,Maharashtra,Red
2004-08-12,Onion,23,Nashik,FAQ,Pimpalgaon,442,315,385.0,Maharashtra,Other
2004-08-12,Onion,23,Nagpur,FAQ,Nagpur,450,425,435.0,Maharashtra,Red
2004-08-12,Onion,23,Nashik,FAQ,Lasalgaon,440,240,385.0,Maharashtra,Other
2004-08-13,Onion,23,Nashik,FAQ,Pimpalgaon,451,300,380.0,Maharashtra,Other
2004-08-13,Onion,23,Nashik,FAQ,Lasalgaon,457,181,385.0,Maharashtra,Other
2004-08-14,Onion,23,Nashik,FAQ,Yeola,376,175,360.0,Maharashtra,Other
2004-08-15,Onion,23,Nagpur,FAQ,Nagpur,500,450,475.0,Maharashtra,Other
2004-08-15,Onion,23,Nagpur,FAQ,Nagpur,450,400,425.0,Maharashtra,Red
2004-08-16,Onion,23,Pune,FAQ,Pune,480,250,360.0,Maharashtra,Other
2004-08-16,Onion,23,Nagpur,FAQ,Nagpur,475,450,465.0,Maharashtra,Other
2004-08-16,Onion,23,Ahmednagar,FAQ,Ahmednagar,460,140,300.0,Maharashtra,Other
2004-08-17,Onion,23,Sholapur,FAQ,Pandharpur,470,125,400.0,Maharashtra,Other
2004-08-18,Onion,23,Pune,FAQ,Khed,400,200,320.0,Maharashtra,Other
2004-08-18,Onion,23,Nagpur,FAQ,Nagpur,450,425,435.0,Maharashtra,Red
2004-08-18,Onion,23,Chattrapati Sambhajinagar,FAQ,Chattrapati Sambhajinagar,350,200,250.0,Maharashtra,Other
2004-08-18,Onion,23,Nashik,FAQ,Yeola,432,200,400.0,Maharashtra,Other
2004-08-19,Onion,23,Chandrapur,FAQ,Chandrapur,525,325,450.0,Maharashtra,Other
2004-08-19,Onion,23,Kolhapur,FAQ,Kolhapur,600,100,300.0,Maharashtra,Other
2004-08-19,Onion,23,Buldhana,FAQ,Malkapur,351,200,300.0,Maharashtra,Other
2004-08-21,Onion,23,Nashik,FAQ,Chandvad,455,200,400.0,Maharashtra,Other
2004-08-23,Onion,23,Nashik,FAQ,Sinner,423,150,375.0,Maharashtra,Other
2004-08-23,Onion,23,Nashik,FAQ,Yeola,411,200,380.0,Maharashtra,Other
2004-08-23,Onion,23,Chandrapur,FAQ,Chandrapur,500,350,450.0,Maharashtra,Other
2004-08-23,Onion,23,Kolhapur,FAQ,Kolhapur,550,400,500.0,Maharashtra,Other
2004-08-24,Onion,23,Nashik,FAQ,Chandvad,427,200,400.0,Maharashtra,Other
2004-08-25,Onion,23,Chattrapati Sambhajinagar,FAQ,Chattrapati Sambhajinagar,300,200,250.0,Maharashtra,Other
2004-08-25,Onion,23,Nagpur,FAQ,Nagpur,500,450,475.0,Maharashtra,Red
2004-08-26,Onion,23,Kolhapur,FAQ,Kolhapur,600,400,500.0,Maharashtra,Other
2004-08-26,Onion,23,Nashik,FAQ,Lasalgaon,433,330,405.0,Maharashtra,Other
2004-08-27,Onion,23,Nashik,FAQ,Manmad,460,225,417.0,Maharashtra,Other
2004-08-27,Onion,23,Nashik,FAQ,Pimpalgaon,465,300,415.0,Maharashtra,Other
2004-08-27,Onion,23,Nashik,FAQ,Chandvad,455,200,400.0,Maharashtra,Other
2004-08-28,Onion,23,Nashik,FAQ,Yeola,405,200,375.0,Maharashtra,Other
2004-08-28,Onion,23,Sholapur,FAQ,Pandharpur,500,375,490.0,Maharashtra,Other
2004-08-28,Onion,23,Sangli,FAQ,Sangli,500,100,300.0,Maharashtra,Other
2004-08-30,Onion,23,Nashik,FAQ,Nasik,415,200,380.0,Maharashtra,Other
2004-08-30,Onion,23,Nagpur,FAQ,Nagpur,500,475,485.0,Maharashtra,Other
2004-08-31,Onion,23,Nagpur,FAQ,Nagpur,500,450,475.0,Maharashtra,Red
2004-08-31,Onion,23,Kolhapur,FAQ,Kolhapur,500,100,270.0,Maharashtra,Other
2004-08-31,Onion,23,Nashik,FAQ,Nasik,450,200,350.0,Maharashtra,Other
2004-08-31,Onion,23,Nashik,FAQ,Manmad,444,121,416.0,Maharashtra,Other
2004-09-01,Onion,23,Nagpur,FAQ,Nagpur,550,525,535.0,Maharashtra,Other
2004-09-01,Onion,23,Ahmednagar,FAQ,Sangamner,501,100,300.0,Maharashtra,Other
2004-09-01,Onion,23,Pune,FAQ,Pune,470,280,370.0,Maharashtra,Other
2004-09-01,Onion,23,Mumbai,FAQ,Mumbai,520,400,460.0,Maharashtra,Other
2004-09-01,Onion,23,Nashik,FAQ,Pimpalgaon,490,325,400.0,Maharashtra,Other
2004-09-01,Onion,23,Nagpur,FAQ,Nagpur,450,400,425.0,Maharashtra,Red
2004-09-02,Onion,23,Nagpur,FAQ,Nagpur,450,400,425.0,Maharashtra,Red
2004-09-02,Onion,23,Nashik,FAQ,Malegaon,425,100,355.0,Maharashtra,Other
2004-09-02,Onion,23,Satara,FAQ,Lonand,331,100,250.0,Maharashtra,Red
2004-09-03,Onion,23,Ahmednagar,FAQ,Sangamner,572,100,336.0,Maharashtra,Other
2004-09-03,Onion,23,Nashik,FAQ,Malegaon,485,101,375.0,Maharashtra,Other
2004-09-03,Onion,23,Nashik,FAQ,Sinner,420,150,375.0,Maharashtra,Other
2004-09-03,Onion,23,Mumbai,FAQ,Mumbai,520,400,460.0,Maharashtra,Other
2004-09-04,Onion,23,Nashik,FAQ,Yeola,406,150,380.0,Maharashtra,Other
2004-09-05,Onion,23,Chattrapati Sambhajinagar,FAQ,Chattrapati Sambhajinagar,300,200,250.0,Maharashtra,Other
2004-09-06,Onion,23,Pune,FAQ,Pune,500,280,390.0,Maharashtra,Other
2004-09-06,Onion,23,Nashik,FAQ,Nasik,425,250,350.0,Maharashtra,Other
2004-09-06,Onion,23,Satara,FAQ,Lonand,600,250,425.0,Maharashtra,Other
2004-09-06,Onion,23,Sangli,FAQ,Sangli,525,100,315.0,Maharashtra,Other
2004-09-06,Onion,23,Chandrapur,FAQ,Chandrapur,550,450,500.0,Maharashtra,Other
2004-09-07,Onion,23,Nashik,FAQ,Nasik,400,225,330.0,Maharashtra,Other
2004-09-08,Onion,23,Kolhapur,FAQ,Kolhapur,560,100,300.0,Maharashtra,Other
2004-09-08,Onion,23,Nashik,FAQ,Sinner,431,200,390.0,Maharashtra,Other
2004-09-08,Onion,23,Nashik,FAQ,Yeola,430,225,400.0,Maharashtra,Other
2004-09-08,Onion,23,Chattrapati Sambhajinagar,FAQ,Chattrapati Sambhajinagar,300,200,250.0,Maharashtra,Other
2004-09-08,Onion,23,Sholapur,FAQ,Pandharpur,350,350,350.0,Maharashtra,Other
2004-09-09,Onion,23,Sholapur,FAQ,Pandharpur,300,300,300.0,Maharashtra,Other
2004-09-09,Onion,23,Ahmednagar,FAQ,Sangamner,569,100,334.0,Maharashtra,Other
2004-09-09,Onion,23,Nashik,FAQ,Nasik,450,230,350.0,Maharashtra,Other
2004-09-09,Onion,23,Nashik,FAQ,Manmad,476,175,455.0,Maharashtra,Other
2004-09-09,Onion,23,Nashik,FAQ,Lasalgaon,509,225,435.0,Maharashtra,Other
2004-09-10,Onion,23,Nashik,FAQ,Chandvad,425,225,400.0,Maharashtra,Other
2004-09-10,Onion,23,Nashik,FAQ,Lasalgaon,455,355,410.0,Maharashtra,Other
2004-09-10,Onion,23,Nashik,FAQ,Pimpalgaon,500,345,430.0,Maharashtra,Other
2004-09-10,Onion,23,Nashik,FAQ,Yeola,421,200,380.0,Maharashtra,Other
2004-09-10,Onion,23,Buldhana,FAQ,Malkapur,440,150,390.0,Maharashtra,Other
2004-09-11,Onion,23,Nashik,FAQ,Nasik,425,200,360.0,Maharashtra,Other
2004-09-11,Onion,23,Sholapur,FAQ,Pandharpur,410,130,400.0,Maharashtra,Other
2004-09-13,Onion,23,Nagpur,FAQ,Nagpur,550,500,525.0,Maharashtra,Other
2004-09-13,Onion,23,Satara,FAQ,Lonand,615,150,425.0,Maharashtra,Red
2004-09-14,Onion,23,Mumbai,FAQ,Mumbai,520,400,460.0,Maharashtra,Other
2004-09-14,Onion,23,Nagpur,FAQ,Nagpur,550,500,525.0,Maharashtra,Other
2004-09-14,Onion,23,Vashim,FAQ,Mangrulpeer,700,600,650.0,Maharashtra,Other
2004-09-15,Onion,23,Nagpur,FAQ,Nagpur,550,475,500.0,Maharashtra,Other
2004-09-16,Onion,23,Ahmednagar,FAQ,Ahmednagar,425,125,275.0,Maharashtra,Other
2004-09-16,Onion,23,Sholapur,FAQ,Pandharpur,480,480,480.0,Maharashtra,Other
2004-09-16,Onion,23,Satara,FAQ,Lonand,551,250,450.0,Maharashtra,Red
2004-09-16,Onion,23,Nashik,FAQ,Pimpalgaon,465,300,395.0,Maharashtra,Other
2004-09-16,Onion,23,Nagpur,FAQ,Nagpur,500,450,475.0,Maharashtra,Red
2004-09-18,Onion,23,Pune,FAQ,Khed,451,200,350.0,Maharashtra,Other
2004-09-19,Onion,23,Nagpur,FAQ,Nagpur,500,450,475.0,Maharashtra,Red
2004-09-20,Onion,23,Satara,FAQ,Lonand,595,225,425.0,Maharashtra,Other
2004-09-21,Onion,23,Nashik,FAQ,Lasalgaon,426,251,361.0,Maharashtra,Other
2004-09-21,Onion,23,Nagpur,FAQ,Nagpur,550,500,525.0,Maharashtra,Other
2004-09-21,Onion,23,Chandrapur,FAQ,Chandrapur,550,350,450.0,Maharashtra,Other
2004-09-21,Onion,23,Dhule,FAQ,Dhule,450,250,370.0,Maharashtra,Other
2004-09-22,Onion,23,Dhule,FAQ,Shirpur,540,190,375.0,Maharashtra,Other
2004-09-22,Onion,23,Nagpur,FAQ,Nagpur,550,450,500.0,Maharashtra,Other
2004-09-22,Onion,23,Nashik,FAQ,Manmad,409,151,375.0,Maharashtra,Other
2004-09-22,Onion,23,Nashik,FAQ,Yeola,380,150,340.0,Maharashtra,Other
2004-09-22,Onion,23,Nashik,FAQ,Pimpalgaon,451,295,370.0,Maharashtra,Other
2004-09-23,Onion,23,Nagpur,FAQ,Nagpur,550,450,500.0,Maharashtra,Other
2004-09-23,Onion,23,Nagpur,FAQ,Nagpur,500,425,465.0,Maharashtra,Red
2004-09-23,Onion,23,Kolhapur,FAQ,Kolhapur,450,100,250.0,Maharashtra,Other
2004-09-23,Onion,23,Satara,FAQ,Lonand,501,225,400.0,Maharashtra,Other
2004-09-24,Onion,23,Nashik,FAQ,Malegaon,425,111,350.0,Maharashtra,Other
2004-09-24,Onion,23,Ahmednagar,FAQ,Sangamner,471,100,285.0,Maharashtra,Other
2004-09-24,Onion,23,Ahmednagar,FAQ,Rahuri,501,101,351.0,Maharashtra,Other
2004-09-24,Onion,23,Nashik,FAQ,Kalvan,461,101,400.0,Maharashtra,Other
2004-09-25,Onion,23,Sholapur,FAQ,Pandharpur,400,300,400.0,Maharashtra,Other
2004-09-25,Onion,23,Nashik,FAQ,Chandvad,397,100,360.0,Maharashtra,Other
2004-09-26,Onion,23,Nagpur,FAQ,Nagpur,475,425,450.0,Maharashtra,Other
2004-09-26,Onion,23,Thane,FAQ,Vasai,700,600,650.0,Maharashtra,Other
2004-09-27,Onion,23,Pune,FAQ,Pune,500,300,400.0,Maharashtra,Other
2004-09-28,Onion,23,Sholapur,FAQ,Pandharpur,400,130,400.0,Maharashtra,Other
2004-09-29,Onion,23,Pune,FAQ,Baramati,451,100,230.0,Maharashtra,Other
2004-09-29,Onion,23,Nashik,FAQ,Yeola,409,150,370.0,Maharashtra,Other
2004-09-29,Onion,23,Kolhapur,FAQ,Kolhapur,460,200,250.0,Maharashtra,Other
2004-09-29,Onion,23,Jalgaon,FAQ,Jalgaon,400,250,300.0,Maharashtra,Red
2004-09-29,Onion,23,Nashik,FAQ,Chandvad,420,200,400.0,Maharashtra,Other
2004-09-29,Onion,23,Nashik,FAQ,Malegaon,470,151,395.0,Maharashtra,Other
2004-09-30,Onion,23,Chattrapati Sambhajinagar,FAQ,Chattrapati Sambhajinagar,300,175,200.0,Maharashtra,Other
2004-10-01,Onion,23,Sangli,FAQ,Sangli,495,100,297.0,Maharashtra,Other
2004-10-02,Onion,23,Pune,FAQ,Khed,501,200,300.0,Maharashtra,Other
2004-10-02,Onion,23,Chattrapati Sambhajinagar,FAQ,Chattrapati Sambhajinagar,450,200,250.0,Maharashtra,Other
2004-10-03,Onion,23,Chattrapati Sambhajinagar,FAQ,Chattrapati Sambhajinagar,300,150,250.0,Maharashtra,Other
2004-10-03,Onion,23,Thane,FAQ,Vasai,700,600,650.0,Maharashtra,Other
2004-10-04,Onion,23,Nashik,FAQ,Malegaon,501,111,395.0,Maharashtra,Other
2004-10-05,Onion,23,Jalgaon,FAQ,Jalgaon,425,140,300.0,Maharashtra,Red
2004-10-05,Onion,23,Chattrapati Sambhajinagar,FAQ,Chattrapati Sambhajinagar,300,150,175.0,Maharashtra,Other
2004-10-05,Onion,23,Nashik,FAQ,Sinner,435,150,375.0,Maharashtra,Other
2004-10-05,Onion,23,Nagpur,FAQ,Nagpur,450,400,425.0,Maharashtra,Other
2004-10-05,Onion,23,Sangli,FAQ,Sangli,450,100,275.0,Maharashtra,Other
2004-10-06,Onion,23,Sholapur,FAQ,Pandharpur,450,400,450.0,Maharashtra,Other
2004-10-06,Onion,23,Chattrapati Sambhajinagar,FAQ,Chattrapati Sambhajinagar,350,200,250.0,Maharashtra,Other
2004-10-06,Onion,23,Nashik,FAQ,Lasalgaon,560,180,445.0,Maharashtra,Other
2004-10-06,Onion,23,Nashik,FAQ,Yeola,490,250,465.0,Maharashtra,Other
2004-10-07,Onion,23,Satara,FAQ,Lonand,501,150,360.0,Maharashtra,Other
2004-10-07,Onion,23,Satara,FAQ,Karad,400,200,350.0,Maharashtra,Red
2004-10-07,Onion,23,Nashik,FAQ,Lasalgaon,565,201,490.0,Maharashtra,Other
2004-10-07,Onion,23,Satara,FAQ,Lonand,501,150,360.0,Maharashtra,Red
2004-10-08,Onion,23,Dhule,FAQ,Dhule,360,100,290.0,Maharashtra,Other
2004-10-08,Onion,23,Nashik,FAQ,Kalvan,575,181,521.0,Maharashtra,Other
2004-10-10,Onion,23,Satara,FAQ,Karad,600,400,550.0,Maharashtra,Red
2004-10-11,Onion,23,Ahmednagar,FAQ,Ahmednagar,525,225,375.0,Maharashtra,Other
2004-10-11,Onion,23,Satara,FAQ,Lonand,451,125,325.0,Maharashtra,Red
2004-10-12,Onion,23,Sholapur,FAQ,Pandharpur,250,100,150.0,Maharashtra,Other
2004-10-12,Onion,23,Kolhapur,FAQ,Kolhapur,500,100,275.0,Maharashtra,Other
2004-10-12,Onion,23,Nashik,FAQ,Nasik,600,375,450.0,Maharashtra,Other
2004-10-14,Onion,23,Ahmednagar,FAQ,Ahmednagar,780,140,460.0,Maharashtra,Other
2004-10-14,Onion,23,Nagpur,FAQ,Nagpur,525,475,500.0,Maharashtra,Red
2004-10-15,Onion,23,Nashik,FAQ,Yeola,669,200,620.0,Maharashtra,Other
2004-10-15,Onion,23,Nashik,FAQ,Pimpalgaon,741,366,680.0,Maharashtra,Other
2004-10-15,Onion,23,Nashik,FAQ,Manmad,625,200,580.0,Maharashtra,Other
2004-10-15,Onion,23,Nagpur,FAQ,Nagpur,525,475,500.0,Maharashtra,Red
2004-10-16,Onion,23,Nashik,FAQ,Chandvad,516,100,516.0,Maharashtra,Other
2004-10-18,Onion,23,Satara,FAQ,Lonand,551,250,400.0,Maharashtra,Red
2004-10-18,Onion,23,Ahmednagar,FAQ,Ahmednagar,550,300,425.0,Maharashtra,Other
2004-10-18,Onion,23,Nashik,FAQ,Nasik,725,520,645.0,Maharashtra,Other
2004-10-19,Onion,23,Nashik,FAQ,Ghoti,466,400,433.0,Maharashtra,Other
2004-10-19,Onion,23,Nashik,FAQ,Malegaon,505,100,350.0,Maharashtra,Red
2004-10-19,Onion,23,Nashik,FAQ,Malegaon,601,110,485.0,Maharashtra,Other
2004-10-20,Onion,23,Jalgaon,FAQ,Jalgaon,350,150,250.0,Maharashtra,Red
2004-10-21,Onion,23,Sholapur,FAQ,Pandharpur,350,125,200.0,Maharashtra,Other
2004-10-21,Onion,23,Satara,FAQ,Karad,600,400,500.0,Maharashtra,Red
2004-10-21,Onion,23,Ahmednagar,FAQ,Ahmednagar,500,250,375.0,Maharashtra,Other
2004-10-21,Onion,23,Satara,FAQ,Satara,500,200,350.0,Maharashtra,Other
2004-10-21,Onion,23,Nashik,FAQ,Manmad,621,269,557.0,Maharashtra,Other
2004-10-22,Onion,23,Nashik,FAQ,Pimpalgaon,654,351,560.0,Maharashtra,Other
2004-10-23,Onion,23,Nashik,FAQ,Yeola,505,250,460.0,Maharashtra,Other
2004-10-24,Onion,23,Pune,FAQ,Pune,550,350,450.0,Maharashtra,Other
2004-10-24,Onion,23,Satara,FAQ,Satara,500,300,400.0,Maharashtra,Other
2004-10-25,Onion,23,Nagpur,FAQ,Nagpur,500,475,485.0,Maharashtra,Other
2004-10-25,Onion,23,Mumbai,FAQ,Mumbai,600,400,500.0,Maharashtra,Other
2004-10-25,Onion,23,Nashik,FAQ,Pimpalgaon,666,385,575.0,Maharashtra,Other
2004-10-25,Onion,23,Nashik,FAQ,Sinner,574,150,525.0,Maharashtra,Other
2004-10-26,Onion,23,Nashik,FAQ,Lasalgaon,659,217,465.0,Maharashtra,Other
2004-10-26,Onion,23,Pune,FAQ,Pune,550,300,420.0,Maharashtra,Other
2004-10-27,Onion,23,Nashik,FAQ,Lasalgaon,646,251,451.0,Maharashtra,Other
2004-10-27,Onion,23,Sangli,FAQ,Sangli,450,100,275.0,Maharashtra,Other
2004-10-27,Onion,23,Nashik,FAQ,Lasalgaon,551,126,361.0,Maharashtra,Red
2004-10-27,Onion,23,Mumbai,FAQ,Mumbai,750,500,625.0,Maharashtra,Other
2004-10-28,Onion,23,Pune,FAQ,Manchar,551,100,326.0,Maharashtra,Other
2004-10-28,Onion,23,Nashik,FAQ,Yeola,455,200,390.0,Maharashtra,Other
2004-10-29,Onion,23,Nagpur,FAQ,Nagpur,550,450,500.0,Maharashtra,Red
2004-10-29,Onion,23,Mumbai,FAQ,Mumbai,750,500,625.0,Maharashtra,Other
2004-10-29,Onion,23,Nashik,FAQ,Yeola,451,150,400.0,Maharashtra,Other
2004-10-29,Onion,23,Kolhapur,FAQ,Kolhapur,550,100,250.0,Maharashtra,Other
2004-10-30,Onion,23,Jalgaon,FAQ,Jalgaon,425,200,280.0,Maharashtra,Red
2004-10-30,Onion,23,Nashik,FAQ,Yeola,450,150,375.0,Maharashtra,Other
2004-10-30,Onion,23,Nashik,FAQ,Ghoti,450,383,417.0,Maharashtra,Other
2004-10-30,Onion,23,Nashik,FAQ,Nasik,650,425,550.0,Maharashtra,Other
2004-11-01,Onion,23,Ahmednagar,FAQ,Ahmednagar,450,150,300.0,Maharashtra,Other
2004-11-01,Onion,23,Pune,FAQ,Pune,600,250,420.0,Maharashtra,Other
2004-11-01,Onion,23,Nashik,FAQ,Sinner,523,100,350.0,Maharashtra,Other
2004-11-01,Onion,23,Chattrapati Sambhajinagar,FAQ,Chattrapati Sambhajinagar,300,160,200.0,Maharashtra,Other
2004-11-01,Onion,23,Nashik,FAQ,Yeola,440,150,360.0,Maharashtra,Other
2004-11-02,Onion,23,Nashik,FAQ,Manmad,436,101,356.0,Maharashtra,Other
2004-11-02,Onion,23,Nashik,FAQ,Lasalgaon,581,205,360.0,Maharashtra,Other
2004-11-03,Onion,23,Nagpur,FAQ,Nagpur,450,400,425.0,Maharashtra,Red
2004-11-03,Onion,23,Thane,FAQ,Vasai,700,600,650.0,Maharashtra,Other
2004-11-03,Onion,23,Nashik,FAQ,Sinner,543,100,450.0,Maharashtra,Other
2004-11-03,Onion,23,Nashik,FAQ,Malegaon,510,101,375.0,Maharashtra,Red
2004-11-04,Onion,23,Nashik,FAQ,Sinner,565,100,500.0,Maharashtra,Other
2004-11-04,Onion,23,Nashik,FAQ,Manmad,445,100,335.0,Maharashtra,Other
2004-11-04,Onion,23,Satara,FAQ,Karad,400,100,350.0,Maharashtra,Red
2004-11-04,Onion,23,Satara,FAQ,Satara,500,200,350.0,Maharashtra,Other
2004-11-04,Onion,23,Chattrapati Sambhajinagar,FAQ,Chattrapati Sambhajinagar,300,150,175.0,Maharashtra,Other
2004-11-06,Onion,23,Nashik,FAQ,Chandvad,462,125,325.0,Maharashtra,Other
2004-11-06,Onion,23,Mumbai,FAQ,Mumbai,650,400,525.0,Maharashtra,Other
2004-11-06,Onion,23,Satara,FAQ,Karad,400,100,350.0,Maharashtra,Red
2004-11-06,Onion,23,Nashik,FAQ,Yeola,310,125,235.0,Maharashtra,Other
2004-11-08,Onion,23,Kolhapur,FAQ,Kolhapur,500,100,280.0,Maharashtra,Other
2004-11-09,Onion,23,Kolhapur,FAQ,Kolhapur,500,100,275.0,Maharashtra,Other
2004-11-10,Onion,23,Nagpur,FAQ,Nagpur,575,500,545.0,Maharashtra,Other
2004-11-10,Onion,23,Sholapur,FAQ,Pandharpur,140,140,140.0,Maharashtra,Other
2004-11-11,Onion,23,Nagpur,FAQ,Nagpur,500,400,450.0,Maharashtra,Other
2004-11-11,Onion,23,Mumbai,FAQ,Mumbai,650,350,500.0,Maharashtra,Other
2004-11-14,Onion,23,Pune,FAQ,Khed,600,250,500.0,Maharashtra,Other
2004-11-14,Onion,23,Thane,FAQ,Vasai,700,600,650.0,Maharashtra,Other
2004-11-16,Onion,23,Nashik,FAQ,Nasik,475,325,365.0,Maharashtra,Other
2004-11-17,Onion,23,Nashik,FAQ,Malegaon,401,101,325.0,Maharashtra,Red
2004-11-18,Onion,23,Kolhapur,FAQ,Kolhapur,600,100,250.0,Maharashtra,Other
2004-11-18,Onion,23,Sholapur,FAQ,Pandharpur,575,150,300.0,Maharashtra,Other
2004-11-18,Onion,23,Pune,FAQ,Khed,500,300,400.0,Maharashtra,Other
2004-11-18,Onion,23,Buldhana,FAQ,Malkapur,427,220,350.0,Maharashtra,Other
2004-11-18,Onion,23,Jalgaon,FAQ,Jalgaon,400,150,250.0,Maharashtra,Red
2004-11-19,Onion,23,Nashik,FAQ,Lasalgaon,459,129,261.0,Maharashtra,Other
2004-11-19,Onion,23,Nashik,FAQ,Yeola,339,151,250.0,Maharashtra,Other
2004-11-19,Onion,23,Nagpur,FAQ,Nagpur,450,375,415.0,Maharashtra,Red
2004-11-19,Onion,23,Nashik,FAQ,Malegaon,501,101,430.0,Maharashtra,Red
2004-11-19,Onion,23,Nashik,FAQ,Sinner,525,100,400.0,Maharashtra,Other
2004-11-19,Onion,23,Sholapur,FAQ,Pandharpur,435,165,325.0,Maharashtra,Other
2004-11-20,Onion,23,Pune,FAQ,Baramati,550,100,300.0,Maharashtra,Other
2004-11-20,Onion,23,Nashik,FAQ,Yeola,375,140,375.0,Maharashtra,Other
2004-11-20,Onion,23,Chattrapati Sambhajinagar,FAQ,Chattrapati Sambhajinagar,350,170,200.0,Maharashtra,Other
2004-11-21,Onion,23,Ahmednagar,FAQ,Rahuri,561,100,375.0,Maharashtra,Other
2004-11-22,Onion,23,Pune,FAQ,Junnar,550,350,450.0,Maharashtra,Other
2004-11-22,Onion,23,Chattrapati Sambhajinagar,FAQ,Chattrapati Sambhajinagar,300,175,200.0,Maharashtra,Other
2004-11-22,Onion,23,Sangli,FAQ,Sangli,600,100,350.0,Maharashtra,Other
2004-11-22,Onion,23,Satara,FAQ,Lonand,511,125,410.0,Maharashtra,Red
2004-11-22,Onion,23,Satara,FAQ,Karad,500,300,400.0,Maharashtra,Red
2004-11-23,Onion,23,Nashik,FAQ,Lasalgaon,477,125,331.0,Maharashtra,Other
2004-11-23,Onion,23,Jalgaon,FAQ,Jalgaon,350,150,250.0,Maharashtra,Red
2004-11-23,Onion,23,Thane,FAQ,Vasai,700,600,650.0,Maharashtra,Other
2004-11-24,Onion,23,Nashik,FAQ,Pimpalgaon,516,240,451.0,Maharashtra,Other
2004-11-24,Onion,23,Nashik,FAQ,Lasalgaon,352,100,251.0,Maharashtra,Other
2004-11-25,Onion,23,Nashik,FAQ,Pimpalgaon,517,201,440.0,Maharashtra,Other
2004-11-26,Onion,23,Jalgaon,FAQ,Jalgaon,250,100,200.0,Maharashtra,Red
2004-11-27,Onion,23,Nashik,FAQ,Chandvad,410,150,325.0,Maharashtra,Other
2004-11-27,Onion,23,Jalgaon,FAQ,Jalgaon,325,100,225.0,Maharashtra,Other
2004-11-27,Onion,23,Chattrapati Sambhajinagar,FAQ,Chattrapati Sambhajinagar,300,150,170.0,Maharashtra,Other
2004-11-27,Onion,23,Nashik,FAQ,Nasik,515,250,400.0,Maharashtra,Other
2004-11-29,Onion,23,Nashik,FAQ,Pimpalgaon,451,225,380.0,Maharashtra,Other
2004-11-29,Onion,23,Sangli,FAQ,Sangli,555,100,275.0,Maharashtra,Other
2004-11-30,Onion,23,Sholapur,FAQ,Pandharpur,350,100,350.0,Maharashtra,Other
2004-12-01,Onion,23,Ahmednagar,FAQ,Pathardi,275,100,175.0,Maharashtra,Other
2004-12-01,Onion,23,Pune,FAQ,Pune,550,200,370.0,Maharashtra,Other
2004-12-01,Onion,23,Nashik,FAQ,Ghoti,200,160,180.0,Maharashtra,Other
2004-12-01,Onion,23,Thane,FAQ,Vasai,600,550,575.0,Maharashtra,Other
2004-12-02,Onion,23,Thane,FAQ,Vasai,600,500,550.0,Maharashtra,Other
2004-12-02,Onion,23,Pune,FAQ,Pune,600,250,420.0,Maharashtra,Other
2004-12-02,Onion,23,Nashik,FAQ,Lasalgaon,509,102,351.0,Maharashtra,Red
2004-12-02,Onion,23,Buldhana,FAQ,Malkapur,325,150,225.0,Maharashtra,Other
2004-12-02,Onion,23,Nashik,FAQ,Pimpalgaon,476,180,360.0,Maharashtra,Other
2004-12-03,Onion,23,Nashik,FAQ,Ghoti,450,422,436.0,Maharashtra,Other
2004-12-03,Onion,23,Nashik,FAQ,Pimpalgaon,446,200,340.0,Maharashtra,Other
2004-12-03,Onion,23,Nashik,FAQ,Nasik,390,170,300.0,Maharashtra,Other
2004-12-03,Onion,23,Nashik,FAQ,Lasalgaon,499,105,335.0,Maharashtra,Other
2004-12-03,Onion,23,Nashik,FAQ,Chandvad,399,100,300.0,Maharashtra,Other
2004-12-04,Onion,23,Nashik,FAQ,Chandvad,365,100,300.0,Maharashtra,Other
2004-12-04,Onion,23,Nashik,FAQ,Malegaon,341,101,225.0,Maharashtra,Red
2004-12-05,Onion,23,Pune,FAQ,Pune,600,250,420.0,Maharashtra,Other
2004-12-06,Onion,23,Nashik,FAQ,Malegaon,450,101,325.0,Maharashtra,Red
2004-12-06,Onion,23,Thane,FAQ,Vasai,600,550,575.0,Maharashtra,Other
2004-12-06,Onion,23,Sholapur,FAQ,Pandharpur,270,150,250.0,Maharashtra,Other
2004-12-07,Onion,23,Jalgaon,FAQ,Jalgaon,375,150,260.0,Maharashtra,Red
2004-12-08,Onion,23,Pune,FAQ,Khed,400,200,300.0,Maharashtra,Other
2004-12-08,Onion,23,Jalgaon,FAQ,Jalgaon,350,150,250.0,Maharashtra,Red
2004-12-08,Onion,23,Mumbai,FAQ,Mumbai,650,350,500.0,Maharashtra,Other
2004-12-08,Onion,23,Nashik,FAQ,Sinner,400,100,350.0,Maharashtra,Other
2004-12-09,Onion,23,Sholapur,FAQ,Pandharpur,300,100,170.0,Maharashtra,Other
2004-12-09,Onion,23,Nashik,FAQ,Pimpalgaon,455,221,361.0,Maharashtra,Other
2004-12-09,Onion,23,Nagpur,FAQ,Nagpur,600,500,550.0,Maharashtra,Other
2004-12-09,Onion,23,Nashik,FAQ,Yeola,323,165,280.0,Maharashtra,Red
2004-12-09,Onion,23,Nashik,FAQ,Lasalgaon,424,121,315.0,Maharashtra,Other
2004-12-09,Onion,23,Satara,FAQ,Karad,400,100,300.0,Maharashtra,Red
2004-12-10,Onion,23,Nashik,FAQ,Yeola,317,150,275.0,Maharashtra,Red
2004-12-10,Onion,23,Buldhana,FAQ,Malkapur,365,181,330.0,Maharashtra,Other
2004-12-10,Onion,23,Nagpur,FAQ,Nagpur,600,500,550.0,Maharashtra,Other
2004-12-10,Onion,23,Mumbai,FAQ,Mumbai,600,350,475.0,Maharashtra,Other
2004-12-10,Onion,23,Nashik,FAQ,Sinner,375,100,350.0,Maharashtra,Other
2004-12-10,Onion,23,Pune,FAQ,Junnar,400,200,300.0,Maharashtra,Other
2004-12-11,Onion,23,Kolhapur,FAQ,Kolhapur,600,100,300.0,Maharashtra,Other
2004-12-11,Onion,23,Sangli,FAQ,Sangli,450,100,275.0,Maharashtra,Other
2004-12-11,Onion,23,Satara,FAQ,Karad,500,200,400.0,Maharashtra,Red
2004-12-11,Onion,23,Nashik,FAQ,Malegaon,401,100,259.0,Maharashtra,Red
2004-12-13,Onion,23,Pune,FAQ,Pune,550,150,350.0,Maharashtra,Other
2004-12-13,Onion,23,Nagpur,FAQ,Nagpur,625,575,600.0,Maharashtra,Other
2004-12-13,Onion,23,Nashik,FAQ,Lasalgaon,417,114,315.0,Maharashtra,Other
2004-12-13,Onion,23,Ahmednagar,FAQ,Ahmednagar,500,100,300.0,Maharashtra,Other
2004-12-13,Onion,23,Nashik,FAQ,Malegaon,409,101,315.0,Maharashtra,Red
2004-12-13,Onion,23,Kolhapur,FAQ,Kolhapur,600,150,290.0,Maharashtra,Other
2004-12-14,Onion,23,Nashik,FAQ,Chandvad,355,100,290.0,Maharashtra,Other
2004-12-14,Onion,23,Nashik,FAQ,Pimpalgaon,429,215,340.0,Maharashtra,Other
2004-12-15,Onion,23,Nashik,FAQ,Chandvad,363,100,275.0,Maharashtra,Other
2004-12-15,Onion,23,Jalgaon,FAQ,Jalgaon,315,150,240.0,Maharashtra,Red
2004-12-15,Onion,23,Nashik,FAQ,Malegaon,411,101,315.0,Maharashtra,Red
2004-12-16,Onion,23,Kolhapur,FAQ,Kolhapur,450,150,280.0,Maharashtra,Other
2004-12-17,Onion,23,Nashik,FAQ,Lasalgaon,418,151,251.0,Maharashtra,Other
2004-12-17,Onion,23,Buldhana,FAQ,Malkapur,325,115,225.0,Maharashtra,Other
2004-12-17,Onion,23,Ahmednagar,FAQ,Sangamner,505,100,305.0,Maharashtra,Other
2004-12-17,Onion,23,Mumbai,FAQ,Mumbai,600,380,480.0,Maharashtra,Other
2004-12-17,Onion,23,Nagpur,FAQ,Nagpur,550,450,500.0,Maharashtra,Other
2004-12-17,Onion,23,Nashik,FAQ,Nandgaon,375,100,290.0,Maharashtra,Other
2004-12-17,Onion,23,Nashik,FAQ,Lasalgaon,455,101,266.0,Maharashtra,Red
2004-12-19,Onion,23,Satara,FAQ,Satara,550,200,375.0,Maharashtra,Other
2004-12-20,Onion,23,Nagpur,FAQ,Nagpur,350,250,300.0,Maharashtra,Red
2004-12-20,Onion,23,Mumbai,FAQ,Mumbai,480,350,415.0,Maharashtra,Other
2004-12-20,Onion,23,Satara,FAQ,Satara,500,200,350.0,Maharashtra,Other
2004-12-20,Onion,23,Nashik,FAQ,Manmad,399,100,300.0,Maharashtra,Other
2004-12-21,Onion,23,Nashik,FAQ,Nasik,375,220,310.0,Maharashtra,Other
2004-12-21,Onion,23,Satara,FAQ,Karad,500,300,450.0,Maharashtra,Other
2004-12-21,Onion,23,Sangli,FAQ,Sangli,440,100,270.0,Maharashtra,Other
2004-12-22,Onion,23,Sangli,FAQ,Sangli,400,100,250.0,Maharashtra,Other
2004-12-22,Onion,23,Nagpur,FAQ,Nagpur,300,250,275.0,Maharashtra,Red
2004-12-23,Onion,23,Thane,FAQ,Vasai,500,400,450.0,Maharashtra,Other
2004-12-23,Onion,23,Pune,FAQ,Junnar,450,200,350.0,Maharashtra,Other
2004-12-24,Onion,23,Nagpur,FAQ,Nagpur,300,250,275.0,Maharashtra,Other
2004-12-24,Onion,23,Thane,FAQ,Kalyan,500,400,450.0,Maharashtra,Other
2004-12-24,Onion,23,Sangli,FAQ,Sangli,565,100,330.0,Maharashtra,Other
2004-12-25,Onion,23,Kolhapur,FAQ,Kolhapur,550,100,300.0,Maharashtra,Other
2004-12-26,Onion,23,Satara,FAQ,Satara,550,300,475.0,Maharashtra,Other
2004-12-26,Onion,23,Pune,FAQ,Junnar,475,300,400.0,Maharashtra,Other
2004-12-27,Onion,23,Chattrapati Sambhajinagar,FAQ,Chattrapati Sambhajinagar,250,150,175.0,Maharashtra,Other
2004-12-27,Onion,23,Nashik,FAQ,Yeola,325,150,280.0,Maharashtra,Red
2004-12-27,Onion,23,Nashik,FAQ,Manmad,418,102,361.0,Maharashtra,Other
2004-12-27,Onion,23,Nagpur,FAQ,Nagpur,500,400,450.0,Maharashtra,Other
2004-12-27,Onion,23,Satara,FAQ,Lonand,350,100,275.0,Maharashtra,Red
2004-12-28,Onion,23,Pune,FAQ,Pune,500,250,370.0,Maharashtra,Other
2004-12-28,Onion,23,Nagpur,FAQ,Nagpur,550,475,500.0,Maharashtra,Other
2004-12-28,Onion,23,Satara,FAQ,Satara,550,300,425.0,Maharashtra,Other
2004-12-28,Onion,23,Kolhapur,FAQ,Kolhapur,600,100,250.0,Maharashtra,Other
2004-12-28,Onion,23,Nashik,FAQ,Malegaon,412,101,330.0,Maharashtra,Red
2004-12-28,Onion,23,Nashik,FAQ,Nasik,461,225,350.0,Maharashtra,Other
2004-12-29,Onion,23,Nashik,FAQ,Lasalgaon,455,136,391.0,Maharashtra,Other
2004-12-29,Onion,23,Pune,FAQ,Indapur,545,100,270.0,Maharashtra,Other
2004-12-29,Onion,23,Nashik,FAQ,Lasalgaon,455,136,391.0,Maharashtra,Red
2004-12-29,Onion,23,Thane,FAQ,Vasai,500,400,450.0,Maharashtra,Other
2004-12-30,Onion,23,Sholapur,FAQ,Pandharpur,275,130,275.0,Maharashtra,Other
2004-12-30,Onion,23,Mumbai,FAQ,Mumbai,600,400,500.0,Maharashtra,Other
2004-12-30,Onion,23,Nashik,FAQ,Malegaon,425,101,341.0,Maharashtra,Red
2004-12-30,Onion,23,Nashik,FAQ,Nandgaon,475,125,371.0,Maharashtra,Other
2004-12-30,Onion,23,Nashik,FAQ,Lasalgaon,451,162,391.0,Maharashtra,Red
2004-12-31,Onion,23,Sholapur,FAQ,Pandharpur,320,220,250.0,Maharashtra,Other
2004-12-31,Onion,23,Pune,FAQ,Pune,600,300,450.0,Maharashtra,Other
2007-01-01,Onion,23,Satara,FAQ,Jawali,1100,800,950.0,Maharashtra,Other
2007-01-02,Onion,23,Nashik,FAQ,Malegaon,800,400,500.0,Maharashtra,Red
2007-01-02,Onion,23,Satara,FAQ,Satara,1100,500,800.0,Maharashtra,Other
2007-01-02,Onion,23,Nashik,FAQ,Yeola,901,300,675.0,Maharashtra,Red
2007-01-03,Onion,23,Dhule,FAQ,Shirpur,730,350,630.0,Maharashtra,Red
2007-01-03,Onion,23,Nashik,FAQ,Lasalgaon,845,511,671.0,Maharashtra,Red
2007-01-03,Onion,23,Pune,FAQ,Pune,1100,500,800.0,Maharashtra,Other
2007-01-03,Onion,23,Thane,FAQ,Vasai,900,800,850.0,Maharashtra,Other
2007-01-04,Onion,23,Nashik,FAQ,Yeola,890,400,800.0,Maharashtra,Red
2007-01-04,Onion,23,Nashik,FAQ,Dindori(Vani),998,600,891.0,Maharashtra,Red
2007-01-04,Onion,23,Kolhapur,FAQ,Kolhapur,1200,400,800.0,Maharashtra,Other
2007-01-04,Onion,23,Satara,FAQ,Lonand,1126,275,800.0,Maharashtra,Other
2007-01-04,Onion,23,Mumbai,FAQ,Mumbai,1000,800,900.0,Maharashtra,Other
2007-01-04,Onion,23,Pune,FAQ,Khed(Chakan),850,300,600.0,Maharashtra,Other
2007-01-05,Onion,23,Nashik,FAQ,Devala,1101,200,825.0,Maharashtra,Red
2007-01-05,Onion,23,Nashik,FAQ,Yeola,1035,500,950.0,Maharashtra,Red
2007-01-05,Onion,23,Nashik,FAQ,Dindori(Vani),1120,701,1106.0,Maharashtra,Red
2007-01-05,Onion,23,Pune,FAQ,Pune,1200,500,850.0,Maharashtra,Other
2007-01-05,Onion,23,Pune,FAQ,Pune(Khadiki),900,300,600.0,Maharashtra,Other
2007-01-05,Onion,23,Sholapur,FAQ,Pandharpur,901,200,800.0,Maharashtra,Other
2007-01-05,Onion,23,Nashik,FAQ,Lasalgaon,1112,611,951.0,Maharashtra,Red
2007-01-05,Onion,23,Kolhapur,FAQ,Kolhapur,1200,500,850.0,Maharashtra,Other
2007-01-06,Onion,23,Nashik,FAQ,Malegaon,1200,900,1050.0,Maharashtra,Red
2007-01-06,Onion,23,Nashik,FAQ,Yeola,949,400,875.0,Maharashtra,Red
2007-01-07,Onion,23,Pune,FAQ,Pune(Khadiki),700,400,550.0,Maharashtra,Other
2007-01-08,Onion,23,Satara,FAQ,Satara,1200,800,1000.0,Maharashtra,Other
2007-01-08,Onion,23,Nashik,FAQ,Lasalgaon,1170,673,970.0,Maharashtra,Red
2007-01-08,Onion,23,Nashik,FAQ,Pimpalgaon,1100,601,951.0,Maharashtra,Other
2007-01-08,Onion,23,Kolhapur,FAQ,Kolhapur,1300,400,850.0,Maharashtra,Other
2007-01-08,Onion,23,Nashik,FAQ,Lasalgaon(Niphad),1068,400,925.0,Maharashtra,Red
2007-01-09,Onion,23,Pune,FAQ,Pune,1250,600,925.0,Maharashtra,Other
2007-01-09,Onion,23,Nashik,FAQ,Pimpalgaon,1025,500,925.0,Maharashtra,Other
2007-01-10,Onion,23,Nashik,FAQ,Lasalgaon,1025,558,651.0,Maharashtra,Red
2007-01-10,Onion,23,Thane,FAQ,Ulhasnagar,700,475,600.0,Maharashtra,Other
2007-01-10,Onion,23,Thane,FAQ,Bhivandi,350,300,325.0,Maharashtra,Other
2007-01-10,Onion,23,Nashik,FAQ,Lasalgaon(Niphad),952,270,880.0,Maharashtra,Red
2007-01-11,Onion,23,Pune,FAQ,Pune(Khadiki),1100,400,750.0,Maharashtra,Other
2007-01-11,Onion,23,Nashik,FAQ,Yeola,776,400,675.0,Maharashtra,Red
2007-01-11,Onion,23,Jalgaon,FAQ,Jalgaon,780,325,550.0,Maharashtra,Red
2007-01-11,Onion,23,Nashik,FAQ,Manmad,941,450,790.0,Maharashtra,Other
2007-01-11,Onion,23,Jalgaon,FAQ,Jalgaon,500,450,475.0,Maharashtra,Other
2007-01-11,Onion,23,Kolhapur,FAQ,Kolhapur,1300,600,950.0,Maharashtra,Other
2007-01-11,Onion,23,Buldhana,FAQ,Malkapur,865,425,650.0,Maharashtra,Other
2007-01-12,Onion,23,Nashik,FAQ,Pimpalgaon,961,500,775.0,Maharashtra,Other
2007-01-12,Onion,23,Kolhapur,FAQ,Kolhapur,1300,500,900.0,Maharashtra,Other
2007-01-12,Onion,23,Nashik,FAQ,Nandgaon,886,486,670.0,Maharashtra,Other
2007-01-13,Onion,23,Pune,FAQ,Baramati,1300,300,950.0,Maharashtra,Red
2007-01-13,Onion,23,Pune,FAQ,Pune(Khadiki),1200,400,800.0,Maharashtra,Other
2007-01-13,Onion,23,Nashik,FAQ,Malegaon,1102,350,700.0,Maharashtra,Red
2007-01-14,Onion,23,Pune,FAQ,Junnar(Otur),1050,600,950.0,Maharashtra,Other
2007-01-14,Onion,23,Pune,FAQ,Manchar,1100,1100,1100.0,Maharashtra,Other
2007-01-14,Onion,23,Ahmednagar,FAQ,Parner,1400,350,875.0,Maharashtra,Other
2007-01-15,Onion,23,Nashik,FAQ,Lasalgaon(Niphad),934,520,810.0,Maharashtra,Red
2007-01-15,Onion,23,Satara,FAQ,Jawali,1100,800,950.0,Maharashtra,Other
2007-01-15,Onion,23,Pune,FAQ,Manchar,850,850,850.0,Maharashtra,Other
2007-01-15,Onion,23,Mumbai,FAQ,Mumbai,1100,900,1000.0,Maharashtra,Other
2007-01-16,Onion,23,Pune,FAQ,Khed(Chakan),1051,250,900.0,Maharashtra,Other
2007-01-16,Onion,23,Nashik,FAQ,Lasalgaon,1145,621,941.0,Maharashtra,Red
2007-01-16,Onion,23,Thane,FAQ,Kalyan,1100,1000,1050.0,Maharashtra,Other
2007-01-16,Onion,23,Dhule,FAQ,Dhule,1000,200,900.0,Maharashtra,Red
2007-01-16,Onion,23,Thane,FAQ,Ulhasnagar,700,475,600.0,Maharashtra,Other
2007-01-17,Onion,23,Nagpur,FAQ,Nagpur,1025,950,987.0,Maharashtra,Other
2007-01-17,Onion,23,Pune,FAQ,Khed(Chakan),1250,400,900.0,Maharashtra,Other
2007-01-17,Onion,23,Thane,FAQ,Bhivandi,350,300,325.0,Maharashtra,Other
2007-01-17,Onion,23,Nashik,FAQ,Pimpalgaon,1251,675,1051.0,Maharashtra,Other
2007-01-17,Onion,23,Nashik,FAQ,Devala,1200,400,1000.0,Maharashtra,Red
2007-01-17,Onion,23,Nashik,FAQ,Pimpalgaon Baswant(Saykheda),1211,600,1000.0,Maharashtra,Red
2007-01-17,Onion,23,Pune,FAQ,Indapur,1200,301,800.0,Maharashtra,Other
2007-01-17,Onion,23,Chattrapati Sambhajinagar,FAQ,Chattrapati Sambhajinagar,1000,500,850.0,Maharashtra,Other
2007-01-17,Onion,23,Thane,FAQ,Kalyan,1100,1000,1050.0,Maharashtra,Other
2007-01-18,Onion,23,Satara,FAQ,Satara,1200,300,750.0,Maharashtra,Other
2007-01-18,Onion,23,Pune,FAQ,Khed(Chakan),1225,400,900.0,Maharashtra,Other
2007-01-18,Onion,23,Nashik,FAQ,Dindori(Vani),1254,922,1131.0,Maharashtra,Red
2007-01-18,Onion,23,Kolhapur,FAQ,Kolhapur,1300,400,700.0,Maharashtra,Other
2007-01-18,Onion,23,Sholapur,FAQ,Pandharpur,1300,300,901.0,Maharashtra,Other
2007-01-19,Onion,23,Thane,FAQ,Ulhasnagar,700,475,600.0,Maharashtra,Other
2007-01-19,Onion,23,Nagpur,FAQ,Nagpur,1200,1125,1162.0,Maharashtra,Red
2007-01-19,Onion,23,Nashik,FAQ,Yeola,1161,600,1000.0,Maharashtra,Red
2007-01-19,Onion,23,Thane,FAQ,Vasai,650,545,600.0,Maharashtra,Other
2007-01-20,Onion,23,Ahmednagar,FAQ,Rahuri(Vambori),1200,300,700.0,Maharashtra,Other
2007-01-20,Onion,23,Sholapur,FAQ,Pandharpur,1300,353,1202.0,Maharashtra,Other
2007-01-21,Onion,23,Ahmednagar,FAQ,Shrirampur,1100,330,830.0,Maharashtra,Other
2007-01-21,Onion,23,Pune,FAQ,Pune(Pimpri),800,800,800.0,Maharashtra,Other
2007-01-21,Onion,23,Satara,FAQ,Satara,1200,400,800.0,Maharashtra,Other
2007-01-22,Onion,23,Nashik,FAQ,Lasalgaon(Niphad),965,252,885.0,Maharashtra,Red
2007-01-22,Onion,23,Nashik,FAQ,Manmad,1000,525,840.0,Maharashtra,Other
2007-01-22,Onion,23,Nashik,FAQ,Devala,976,400,750.0,Maharashtra,Red
2007-01-22,Onion,23,Jalgaon,FAQ,Jalgaon,900,450,700.0,Maharashtra,Red
2007-01-22,Onion,23,Nagpur,FAQ,Nagpur,1250,1200,1225.0,Maharashtra,Red
2007-01-22,Onion,23,Nagpur,FAQ,Nagpur,1250,1200,1225.0,Maharashtra,Other
2007-01-22,Onion,23,Nashik,FAQ,Pimpalgaon,980,700,900.0,Maharashtra,Other
2007-01-22,Onion,23,Satara,FAQ,Jawali,1200,800,1000.0,Maharashtra,Other
2007-01-22,Onion,23,Sangli,FAQ,"Sangli(Phale, Bhajipura Market)",1300,340,820.0,Maharashtra,Other
2007-01-22,Onion,23,Nashik,FAQ,Yeola,872,300,775.0,Maharashtra,Red
2007-01-23,Onion,23,Thane,FAQ,Ulhasnagar,700,475,600.0,Maharashtra,Other
2007-01-23,Onion,23,Nashik,FAQ,Malegaon,908,700,700.0,Maharashtra,Red
2007-01-23,Onion,23,Nashik,FAQ,Satana,1011,201,951.0,Maharashtra,Red
2007-01-23,Onion,23,Nashik,FAQ,Manmad,1051,676,835.0,Maharashtra,Other
2007-01-23,Onion,23,Nagpur,FAQ,Nagpur,1062,1000,1031.0,Maharashtra,Other
2007-01-23,Onion,23,Nagpur,FAQ,Nagpur,1062,1000,1031.0,Maharashtra,Red
2007-01-24,Onion,23,Pune,FAQ,Pune(Khadiki),1100,300,700.0,Maharashtra,Other
2007-01-24,Onion,23,Kolhapur,FAQ,Kolhapur,1200,400,600.0,Maharashtra,Other
2007-01-25,Onion,23,Dhule,FAQ,Dhule,1100,200,950.0,Maharashtra,Red
2007-01-25,Onion,23,Nashik,FAQ,Yeola,961,400,900.0,Maharashtra,Red
2007-01-25,Onion,23,Nashik,FAQ,Pimpalgaon,1100,720,911.0,Maharashtra,Other
2007-01-25,Onion,23,Nagpur,FAQ,Nagpur,1125,1000,1062.0,Maharashtra,Other
2007-01-25,Onion,23,Nashik,FAQ,Manmad,956,576,825.0,Maharashtra,Other
2007-01-27,Onion,23,Kolhapur,FAQ,Kolhapur,1200,400,800.0,Maharashtra,Other
2007-01-27,Onion,23,Nashik,FAQ,Lasalgaon(Niphad),958,471,910.0,Maharashtra,Red
2007-01-28,Onion,23,Ahmednagar,FAQ,Rahuri,1275,301,525.0,Maharashtra,Other
2007-01-28,Onion,23,Nashik,FAQ,Yeola,981,500,925.0,Maharashtra,Red
2007-01-28,Onion,23,Ahmednagar,FAQ,Rahata,1200,600,1000.0,Maharashtra,Other
2007-01-29,Onion,23,Kolhapur,FAQ,Kolhapur,1200,500,850.0,Maharashtra,Other
2007-01-29,Onion,23,Pune,FAQ,Pune(Pimpri),1000,1000,1000.0,Maharashtra,Other
2007-01-29,Onion,23,Nagpur,FAQ,Nagpur,1200,1125,1162.0,Maharashtra,Other
2007-01-29,Onion,23,Satara,FAQ,Lonand,1251,550,950.0,Maharashtra,Other
2007-01-29,Onion,23,Nashik,FAQ,Devala,1087,861,975.0,Maharashtra,Red
2007-01-29,Onion,23,Nashik,FAQ,Pimpalgaon,1101,700,951.0,Maharashtra,Other
2007-01-30,Onion,23,Nashik,FAQ,Lasalgaon,1111,821,1031.0,Maharashtra,Red
2007-01-30,Onion,23,Nandurbar,FAQ,Navapur,800,700,750.0,Maharashtra,Other
2007-01-30,Onion,23,Nashik,FAQ,Pimpalgaon Baswant(Saykheda),1100,850,1000.0,Maharashtra,Red
2007-01-31,Onion,23,Pune,FAQ,Pune(Khadiki),800,300,550.0,Maharashtra,Other
2007-01-31,Onion,23,Satara,FAQ,Jawali,1100,600,800.0,Maharashtra,Other
2007-01-31,Onion,23,Nashik,FAQ,Pimpalgaon Baswant(Saykheda),1008,825,970.0,Maharashtra,Red
2007-01-31,Onion,23,Pune,FAQ,Pune,1100,500,800.0,Maharashtra,Other
2007-02-01,Onion,23,Nandurbar,FAQ,Navapur,1000,1000,1000.0,Maharashtra,Other
2007-02-01,Onion,23,Nashik,FAQ,Dindori(Vani),1092,851,1021.0,Maharashtra,Red
2007-02-01,Onion,23,Nashik,FAQ,Malegaon,1026,800,900.0,Maharashtra,Other
2007-02-02,Onion,23,Pune,FAQ,Pune,1200,500,850.0,Maharashtra,Other
2007-02-02,Onion,23,Nashik,FAQ,Lasalgaon,1200,805,1071.0,Maharashtra,Red
2007-02-03,Onion,23,Thane,FAQ,Vasai,600,500,550.0,Maharashtra,Other
2007-02-03,Onion,23,Dhule,FAQ,Shirpur,1101,1100,1101.0,Maharashtra,Red
2007-02-04,Onion,23,Ahmednagar,FAQ,Rahata,1350,600,1000.0,Maharashtra,Other
2007-02-05,Onion,23,Kolhapur,FAQ,Kolhapur,1300,400,750.0,Maharashtra,Other
2007-02-05,Onion,23,Pune,FAQ,Manchar,850,850,850.0,Maharashtra,Other
2007-02-05,Onion,23,Mumbai,FAQ,Mumbai,1300,1000,1150.0,Maharashtra,Other
2007-02-05,Onion,23,Pune,FAQ,Pune(Khadiki),900,900,900.0,Maharashtra,Other
2007-02-05,Onion,23,Sholapur,FAQ,Kurdwadi(Modnimb),1275,600,800.0,Maharashtra,Other
2007-02-05,Onion,23,Nashik,FAQ,Ghoti,400,400,400.0,Maharashtra,Other
2007-02-05,Onion,23,Nashik,FAQ,Devala,1516,606,1425.0,Maharashtra,Red
2007-02-06,Onion,23,Satara,FAQ,Phaltan,1325,700,1050.0,Maharashtra,Other
2007-02-06,Onion,23,Satara,FAQ,Karad,1100,800,1000.0,Maharashtra,Other
2007-02-06,Onion,23,Pune,FAQ,Pune(Pimpri),550,550,550.0,Maharashtra,Other
2007-02-06,Onion,23,Thane,FAQ,Ulhasnagar,1350,1100,1200.0,Maharashtra,Other
2007-02-06,Onion,23,Dhule,FAQ,Dhule,1405,300,1270.0,Maharashtra,Other
2007-02-06,Onion,23,Sholapur,FAQ,Barshi,1252,225,951.0,Maharashtra,Other
2007-02-06,Onion,23,Pune,FAQ,Pune(Khadiki),1100,500,800.0,Maharashtra,Other
2007-02-07,Onion,23,Dhule,FAQ,Shirpur,1325,850,1250.0,Maharashtra,Red
2007-02-07,Onion,23,Thane,FAQ,Ulhasnagar,1350,1100,1200.0,Maharashtra,Other
2007-02-07,Onion,23,Nashik,FAQ,Satana,1275,401,1151.0,Maharashtra,Red
2007-02-07,Onion,23,Sholapur,FAQ,Pandharpur,1500,350,1000.0,Maharashtra,Other
2007-02-07,Onion,23,Nashik,FAQ,Lasalgaon,1251,851,1001.0,Maharashtra,Red
2007-02-08,Onion,23,Nashik,FAQ,Dindori(Vani),1243,888,1100.0,Maharashtra,Red
2007-02-08,Onion,23,Pune,FAQ,Pune(Pimpri),1000,400,700.0,Maharashtra,Other
2007-02-08,Onion,23,Ahmednagar,FAQ,Rahuri(Vambori),1150,300,725.0,Maharashtra,Other
2007-02-08,Onion,23,Nandurbar,FAQ,Navapur,1000,1000,1000.0,Maharashtra,Other
2007-02-08,Onion,23,Nashik,FAQ,Satana,1111,301,1011.0,Maharashtra,Red
2007-02-08,Onion,23,Nashik,FAQ,Manmad,1080,800,1020.0,Maharashtra,Other
2007-02-08,Onion,23,Pune,FAQ,Manchar,1000,800,900.0,Maharashtra,Other
2007-02-08,Onion,23,Nagpur,FAQ,Nagpur,1300,1250,1275.0,Maharashtra,Other
2007-02-08,Onion,23,Satara,FAQ,Satara,1400,600,1000.0,Maharashtra,Other
2007-02-09,Onion,23,Sholapur,FAQ,Solapur,1130,200,550.0,Maharashtra,Other
2007-02-09,Onion,23,Jalgaon,FAQ,Jalgaon,1150,650,900.0,Maharashtra,Red
2007-02-09,Onion,23,Nashik,FAQ,Sinner,985,200,900.0,Maharashtra,Other
2007-02-09,Onion,23,Ahmednagar,FAQ,Rahuri,1151,300,551.0,Maharashtra,Other
2007-02-10,Onion,23,Satara,FAQ,Karad,1200,800,1000.0,Maharashtra,Other
2007-02-10,Onion,23,Nandurbar,FAQ,Navapur,1100,1000,1088.0,Maharashtra,Other
2007-02-10,Onion,23,Nashik,FAQ,Lasalgaon(Niphad),1057,517,961.0,Maharashtra,Red
2007-02-10,Onion,23,Ahmednagar,FAQ,Rahuri(Vambori),1025,250,637.0,Maharashtra,Other
2007-02-10,Onion,23,Mumbai,FAQ,Mumbai,1100,800,950.0,Maharashtra,Other
2007-02-10,Onion,23,Dhule,FAQ,Shirpur,750,500,750.0,Maharashtra,Red
2007-02-11,Onion,23,Beed,FAQ,Kada,1200,300,800.0,Maharashtra,Red
2007-02-11,Onion,23,Ahmednagar,FAQ,Rahuri,1175,301,601.0,Maharashtra,Other
2007-02-12,Onion,23,Nashik,FAQ,Yeola,1090,500,1015.0,Maharashtra,Red
2007-02-12,Onion,23,Nashik,FAQ,Lasalgaon,1300,951,1080.0,Maharashtra,Red
2007-02-12,Onion,23,Nashik,FAQ,Dindori(Vani),1200,908,1113.0,Maharashtra,Red
2007-02-12,Onion,23,Nagpur,FAQ,Nagpur,1250,1125,1187.0,Maharashtra,Red
2007-02-12,Onion,23,Pune,FAQ,Pune(Pimpri),800,800,800.0,Maharashtra,Other
2007-02-12,Onion,23,Kolhapur,FAQ,Kolhapur,1200,500,850.0,Maharashtra,Other
2007-02-12,Onion,23,Sholapur,FAQ,Kurdwadi(Modnimb),1200,400,750.0,Maharashtra,Other
2007-02-12,Onion,23,Pune,FAQ,Khed(Chakan),1200,900,1000.0,Maharashtra,Other
2007-02-12,Onion,23,Thane,FAQ,Ulhasnagar,1350,1100,1200.0,Maharashtra,Other
2007-02-12,Onion,23,Nashik,FAQ,Manmad,1128,762,1051.0,Maharashtra,Other
2007-02-13,Onion,23,Nashik,FAQ,Chandvad,1147,200,1025.0,Maharashtra,Other
2007-02-13,Onion,23,Nashik,FAQ,Manmad,1132,711,1081.0,Maharashtra,Other
2007-02-13,Onion,23,Jalgaon,FAQ,Jalgaon,1125,500,800.0,Maharashtra,Red
2007-02-13,Onion,23,Pune,FAQ,Pune(Pimpri),900,300,600.0,Maharashtra,Other
2007-02-14,Onion,23,Thane,FAQ,Ulhasnagar,1350,1100,1200.0,Maharashtra,Other
2007-02-14,Onion,23,Dhule,FAQ,Dhule,870,200,725.0,Maharashtra,Other
2007-02-14,Onion,23,Pune,FAQ,Indapur,1111,400,900.0,Maharashtra,Other
2007-02-14,Onion,23,Pune,FAQ,Pune,1050,500,775.0,Maharashtra,Other
2007-02-14,Onion,23,Sholapur,FAQ,Pandharpur,1225,386,900.0,Maharashtra,Other
2007-02-14,Onion,23,Mumbai,FAQ,Mumbai,1100,800,950.0,Maharashtra,Other
2007-02-14,Onion,23,Nagpur,FAQ,Nagpur,1250,1125,1187.0,Maharashtra,Red
2007-02-15,Onion,23,Nashik,FAQ,Chandvad,1154,200,1050.0,Maharashtra,Other
2007-02-16,Onion,23,Dharashiv(Usmanabad),FAQ,Dharashiv,825,825,825.0,Maharashtra,Other
2007-02-16,Onion,23,Ahmednagar,FAQ,Rahuri,1200,200,651.0,Maharashtra,Other
2007-02-16,Onion,23,Pune,FAQ,Pune,1100,500,700.0,Maharashtra,Other
2007-02-17,Onion,23,Pune,FAQ,Pune(Khadiki),900,400,650.0,Maharashtra,Other
2007-02-18,Onion,23,Nashik,FAQ,Yeola,1156,700,1075.0,Maharashtra,Red
2007-02-18,Onion,23,Pune,FAQ,Pune,1150,500,750.0,Maharashtra,Other
2007-02-19,Onion,23,Nashik,FAQ,Yeola,1089,500,1025.0,Maharashtra,Red
2007-02-19,Onion,23,Nashik,FAQ,Pimpalgaon Baswant(Saykheda),1130,900,1050.0,Maharashtra,Red
2007-02-19,Onion,23,Pune,FAQ,Pune(Khadiki),900,370,600.0,Maharashtra,Other
2007-02-19,Onion,23,Nashik,FAQ,Lasalgaon(Niphad),1110,800,1050.0,Maharashtra,Red
2007-02-19,Onion,23,Nashik,FAQ,Lasalgaon,1186,1031,1080.0,Maharashtra,Red
2007-02-20,Onion,23,Nashik,FAQ,Pimpalgaon,1106,900,1051.0,Maharashtra,Other
2007-02-20,Onion,23,Nashik,FAQ,Manmad,1059,735,980.0,Maharashtra,Other
2007-02-20,Onion,23,Parbhani,FAQ,Parbhani,800,600,700.0,Maharashtra,Red
2007-02-20,Onion,23,Dhule,FAQ,Dhule,930,250,770.0,Maharashtra,Other
2007-02-20,Onion,23,Satara,FAQ,Vai,1000,800,900.0,Maharashtra,Other
2007-02-21,Onion,23,Thane,FAQ,Ulhasnagar,1350,1100,1200.0,Maharashtra,Other
2007-02-21,Onion,23,Nashik,FAQ,Pimpalgaon,1049,763,951.0,Maharashtra,Other
2007-02-21,Onion,23,Nashik,FAQ,Lasalgaon(Niphad),999,651,950.0,Maharashtra,Red
2007-02-21,Onion,23,Mumbai,FAQ,Mumbai,1100,800,950.0,Maharashtra,Other
2007-02-21,Onion,23,Jalgaon,FAQ,Jalgaon,1125,600,850.0,Maharashtra,Red
2007-02-22,Onion,23,Pune,FAQ,Pune,1050,500,775.0,Maharashtra,Other
2007-02-22,Onion,23,Ahmednagar,FAQ,Sangamner,1011,200,605.0,Maharashtra,Other
2007-02-22,Onion,23,Kolhapur,FAQ,Kolhapur,1100,500,800.0,Maharashtra,Other
2007-02-22,Onion,23,Pune,FAQ,Khed(Chakan),1000,700,915.0,Maharashtra,Other
2007-02-22,Onion,23,Pune,FAQ,Junnar,1050,600,825.0,Maharashtra,Other
2007-02-22,Onion,23,Pune,FAQ,Junnar(Otur),950,500,900.0,Maharashtra,Other
2007-02-22,Onion,23,Jalgaon,FAQ,Jalgaon,1100,500,800.0,Maharashtra,Red
2007-02-22,Onion,23,Ahmednagar,FAQ,Rahuri(Vambori),1000,350,650.0,Maharashtra,Other
2007-02-23,Onion,23,Pune,FAQ,Pune,1000,500,750.0,Maharashtra,Other
2007-02-23,Onion,23,Pune,FAQ,Khed(Chakan),900,700,800.0,Maharashtra,Other
2007-02-23,Onion,23,Nashik,FAQ,Manmad,918,550,726.0,Maharashtra,Other
2007-02-23,Onion,23,Sholapur,FAQ,Pandharpur,1032,350,1000.0,Maharashtra,Other
2007-02-24,Onion,23,Dharashiv(Usmanabad),FAQ,Dharashiv,1000,1000,1000.0,Maharashtra,Other
2007-02-24,Onion,23,Satara,FAQ,Vai,1000,700,850.0,Maharashtra,Other
2007-02-24,Onion,23,Nagpur,FAQ,Nagpur,925,875,900.0,Maharashtra,Other
2007-02-25,Onion,23,Pune,FAQ,Junnar,720,300,500.0,Maharashtra,Other
2007-02-25,Onion,23,Nagpur,FAQ,Nagpur,1000,950,975.0,Maharashtra,Red
2007-02-26,Onion,23,Nashik,FAQ,Malegaon,786,281,600.0,Maharashtra,Red
2007-02-26,Onion,23,Jalgaon,FAQ,Jalgaon,950,450,700.0,Maharashtra,Red
2007-02-26,Onion,23,Pune,FAQ,Manchar,600,500,550.0,Maharashtra,Other
2007-02-26,Onion,23,Mumbai,FAQ,Mumbai,600,400,500.0,Maharashtra,Other
2007-02-26,Onion,23,Thane,FAQ,Vasai,650,500,550.0,Maharashtra,Other
2007-02-27,Onion,23,Thane,FAQ,Ulhasnagar,1350,1100,1200.0,Maharashtra,Other
2007-02-27,Onion,23,Pune,FAQ,Pune,600,300,450.0,Maharashtra,Other
2007-02-27,Onion,23,Pune,FAQ,Pune(Khadiki),700,200,450.0,Maharashtra,Other
2007-02-27,Onion,23,Mumbai,FAQ,Mumbai,600,400,500.0,Maharashtra,Other
2007-02-28,Onion,23,Pune,FAQ,Manchar,550,380,470.0,Maharashtra,Other
2007-02-28,Onion,23,Nashik,FAQ,Pimpalgaon,611,411,541.0,Maharashtra,Other
2007-02-28,Onion,23,Nashik,FAQ,Yeola,515,300,475.0,Maharashtra,Red
2007-02-28,Onion,23,Chandrapur,FAQ,Chandrapur,1100,600,850.0,Maharashtra,Other
2007-02-28,Onion,23,Nashik,FAQ,Lasalgaon(Niphad),555,260,481.0,Maharashtra,Other
2007-02-28,Onion,23,Nashik,FAQ,Lasalgaon,553,400,451.0,Maharashtra,Other
2007-03-01,Onion,23,Buldhana,FAQ,Malkapur,650,450,560.0,Maharashtra,Other
2007-03-01,Onion,23,Nashik,FAQ,Lasalgaon,579,200,515.0,Maharashtra,Other
2007-03-01,Onion,23,Nashik,FAQ,Satana,566,200,491.0,Maharashtra,Red
2007-03-01,Onion,23,Mumbai,FAQ,Mumbai,650,450,550.0,Maharashtra,Other
2007-03-02,Onion,23,Ahmednagar,FAQ,Rahata,825,400,650.0,Maharashtra,Other
2007-03-02,Onion,23,Dhule,FAQ,Dhule,650,200,565.0,Maharashtra,Other
2007-03-03,Onion,23,Jalgaon,FAQ,Jalgaon,700,400,550.0,Maharashtra,Red
2007-03-03,Onion,23,Dhule,FAQ,Shirpur,630,380,630.0,Maharashtra,Red
2007-03-03,Onion,23,Nandurbar,FAQ,Navapur,800,700,714.0,Maharashtra,Other
2007-03-03,Onion,23,Mumbai,FAQ,Mumbai,800,600,700.0,Maharashtra,Other
2007-03-03,Onion,23,Thane,FAQ,Ulhasnagar,1350,1100,1200.0,Maharashtra,Other
2007-03-03,Onion,23,Nashik,FAQ,Ghoti,500,300,400.0,Maharashtra,Other
2007-03-03,Onion,23,Pune,FAQ,Pune(Khadiki),600,200,400.0,Maharashtra,Other
2007-03-04,Onion,23,Pune,FAQ,Junnar(Otur),900,700,800.0,Maharashtra,Other
2007-03-04,Onion,23,Satara,FAQ,Satara,900,300,600.0,Maharashtra,Other
2007-03-04,Onion,23,Satara,FAQ,Vai,500,400,450.0,Maharashtra,Other
2007-03-05,Onion,23,Thane,FAQ,Ulhasnagar,1350,1100,1200.0,Maharashtra,Other
2007-03-05,Onion,23,Satara,FAQ,Satara,800,300,600.0,Maharashtra,Other
2007-03-05,Onion,23,Ratnagiri,FAQ,Ratnagiri (Nachane),1000,800,950.0,Maharashtra,Other
2007-03-05,Onion,23,Beed,FAQ,Kada,750,200,475.0,Maharashtra,Other
2007-03-05,Onion,23,Dhule,FAQ,Dhule,710,250,630.0,Maharashtra,Other
2007-03-05,Onion,23,Dhule,FAQ,Dhule,755,230,675.0,Maharashtra,Red
2007-03-05,Onion,23,Nashik,FAQ,Lasalgaon(Niphad),674,385,650.0,Maharashtra,Other
2007-03-05,Onion,23,Nandurbar,FAQ,Navapur,800,800,800.0,Maharashtra,Other
2007-03-06,Onion,23,Chandrapur,FAQ,Chandrapur,800,600,700.0,Maharashtra,Other
2007-03-06,Onion,23,Thane,FAQ,Vasai,700,550,650.0,Maharashtra,Other
2007-03-06,Onion,23,Mumbai,FAQ,Mumbai,750,600,675.0,Maharashtra,Other
2007-03-06,Onion,23,Ratnagiri,FAQ,Ratnagiri (Nachane),1000,800,950.0,Maharashtra,Other
2007-03-06,Onion,23,Nashik,FAQ,Yeola,700,400,640.0,Maharashtra,Red
2007-03-06,Onion,23,Nashik,FAQ,Ghoti,450,400,425.0,Maharashtra,Other
2007-03-06,Onion,23,Pune,FAQ,Pune(Pimpri),800,500,650.0,Maharashtra,Other
2007-03-07,Onion,23,Nashik,FAQ,Manmad,759,577,669.0,Maharashtra,Other
2007-03-07,Onion,23,Nashik,FAQ,Malegaon,755,280,600.0,Maharashtra,Red
2007-03-07,Onion,23,Jalgaon,FAQ,Jalgaon,900,600,750.0,Maharashtra,Red
2007-03-07,Onion,23,Nashik,FAQ,Malegaon,755,280,600.0,Maharashtra,Other
2007-03-07,Onion,23,Beed,FAQ,Kada,700,200,600.0,Maharashtra,Other
2007-03-08,Onion,23,Nashik,FAQ,Devala,773,300,700.0,Maharashtra,Other
2007-03-08,Onion,23,Dhule,FAQ,Dhule,920,200,850.0,Maharashtra,Other
2007-03-08,Onion,23,Chandrapur,FAQ,Chandrapur,800,600,700.0,Maharashtra,Other
2007-03-08,Onion,23,Nashik,FAQ,Manmad,764,681,725.0,Maharashtra,Other
2007-03-08,Onion,23,Thane,FAQ,Ulhasnagar,1350,1100,1200.0,Maharashtra,Other
2007-03-08,Onion,23,Nagpur,FAQ,Nagpur,1100,1000,1050.0,Maharashtra,Other
2007-03-08,Onion,23,Nashik,FAQ,Lasalgaon,761,531,700.0,Maharashtra,Other
2007-03-09,Onion,23,Nashik,FAQ,Devala,787,461,650.0,Maharashtra,Other
2007-03-09,Onion,23,Satara,FAQ,Vai,600,400,500.0,Maharashtra,Other
2007-03-09,Onion,23,Pune,FAQ,Pune,780,350,565.0,Maharashtra,Other
2007-03-09,Onion,23,Jalgaon,FAQ,Jalgaon,650,650,650.0,Maharashtra,Other
2007-03-09,Onion,23,Jalgaon,FAQ,Jalgaon,925,600,750.0,Maharashtra,Red
2007-03-10,Onion,23,Satara,FAQ,Vai,700,500,600.0,Maharashtra,Other
2007-03-10,Onion,23,Mumbai,FAQ,Mumbai,800,600,700.0,Maharashtra,Other
2007-03-10,Onion,23,Jalgaon,FAQ,Jalgaon,925,600,725.0,Maharashtra,Red
2007-03-10,Onion,23,Sholapur,FAQ,Pandharpur,825,280,500.0,Maharashtra,Other
2007-03-11,Onion,23,Pune,FAQ,Manchar,650,550,600.0,Maharashtra,Other
2007-03-12,Onion,23,Chattrapati Sambhajinagar,FAQ,Chattrapati Sambhajinagar,900,500,800.0,Maharashtra,Other
2007-03-12,Onion,23,Nashik,FAQ,Lasalgaon,733,582,621.0,Maharashtra,Other
2007-03-12,Onion,23,Nashik,FAQ,Yeola,688,400,625.0,Maharashtra,Red
2007-03-13,Onion,23,Nashik,FAQ,Devala,710,525,650.0,Maharashtra,Other
2007-03-13,Onion,23,Pune,FAQ,Manchar,650,350,500.0,Maharashtra,Other
2007-03-13,Onion,23,Satara,FAQ,Vai,700,600,650.0,Maharashtra,Other
2007-03-13,Onion,23,Nashik,FAQ,Lasalgaon,761,640,691.0,Maharashtra,Other
2007-03-13,Onion,23,Ahmednagar,FAQ,Sangamner,811,200,506.0,Maharashtra,Other
2007-03-13,Onion,23,Satara,FAQ,Lonand,711,250,600.0,Maharashtra,Other
2007-03-13,Onion,23,Sholapur,FAQ,Pandharpur,1000,200,750.0,Maharashtra,Other
2007-03-14,Onion,23,Nashik,FAQ,Satana,650,200,600.0,Maharashtra,Red
2007-03-14,Onion,23,Nashik,FAQ,Lasalgaon,670,501,600.0,Maharashtra,Other
2007-03-14,Onion,23,Nashik,FAQ,Manmad,716,521,651.0,Maharashtra,Other
2007-03-15,Onion,23,Nashik,FAQ,Manmad,677,575,635.0,Maharashtra,Other
2007-03-15,Onion,23,Mumbai,FAQ,Mumbai,800,600,700.0,Maharashtra,Other
2007-03-16,Onion,23,Kolhapur,FAQ,Kolhapur,850,300,575.0,Maharashtra,Other
2007-03-16,Onion,23,Pune,FAQ,Pune,750,350,550.0,Maharashtra,Other
2007-03-17,Onion,23,Dhule,FAQ,Dhule,750,200,700.0,Maharashtra,Other
2007-03-17,Onion,23,Sangli,FAQ,"Sangli(Phale, Bhajipura Market)",800,300,550.0,Maharashtra,Other
2007-03-17,Onion,23,Dhule,FAQ,Shirpur,701,511,511.0,Maharashtra,Other
2007-03-17,Onion,23,Dharashiv(Usmanabad),FAQ,Dharashiv,655,450,553.0,Maharashtra,Other
2007-03-18,Onion,23,Nagpur,FAQ,Nagpur,875,750,812.0,Maharashtra,Red
2007-03-20,Onion,23,Pune,FAQ,Manchar,600,600,600.0,Maharashtra,Other
2007-03-20,Onion,23,Nashik,FAQ,Satana,608,201,551.0,Maharashtra,Other
2007-03-20,Onion,23,Mumbai,FAQ,Mumbai,750,600,675.0,Maharashtra,Other
2007-03-20,Onion,23,Ahmednagar,FAQ,Rahuri(Vambori),600,300,450.0,Maharashtra,Other
2007-03-20,Onion,23,Thane,FAQ,Ulhasnagar,1350,1100,1200.0,Maharashtra,Other
2007-03-21,Onion,23,Jalgaon,FAQ,Jalgaon,785,500,675.0,Maharashtra,Red
2007-03-21,Onion,23,Sholapur,FAQ,Barshi,675,200,500.0,Maharashtra,Other
2007-03-21,Onion,23,Nashik,FAQ,Lasalgaon(Niphad),623,201,550.0,Maharashtra,Other
2007-03-21,Onion,23,Jalgaon,FAQ,Jalgaon,750,500,625.0,Maharashtra,Other
2007-03-22,Onion,23,Nashik,FAQ,Lasalgaon(Niphad),595,225,550.0,Maharashtra,Other
2007-03-22,Onion,23,Nashik,FAQ,Lasalgaon,613,570,591.0,Maharashtra,Red
2007-03-22,Onion,23,Satara,FAQ,Lonand,675,200,500.0,Maharashtra,Other
2007-03-22,Onion,23,Pune,FAQ,Pune,700,300,500.0,Maharashtra,Other
2007-03-23,Onion,23,Satara,FAQ,Vai,700,500,600.0,Maharashtra,Other
2007-03-24,Onion,23,Nagpur,FAQ,Nagpur,700,650,675.0,Maharashtra,Red
2007-03-24,Onion,23,Chandrapur,FAQ,Chandrapur,1000,600,800.0,Maharashtra,Other
2007-03-24,Onion,23,Dhule,FAQ,Shirpur,675,370,645.0,Maharashtra,Other
2007-03-24,Onion,23,Nashik,FAQ,Ghoti,470,300,385.0,Maharashtra,Other
2007-03-25,Onion,23,Beed,FAQ,Kada,651,200,575.0,Maharashtra,Other
2007-03-26,Onion,23,Nashik,FAQ,Yeola,550,300,530.0,Maharashtra,Red
2007-03-26,Onion,23,Satara,FAQ,Vai,700,600,650.0,Maharashtra,Other
2007-03-26,Onion,23,Nashik,FAQ,Devala,594,400,500.0,Maharashtra,Other
2007-03-26,Onion,23,Chattrapati Sambhajinagar,FAQ,Chattrapati Sambhajinagar,600,300,500.0,Maharashtra,Other
2007-03-26,Onion,23,Thane,FAQ,Vasai,725,550,700.0,Maharashtra,Other
2007-03-27,Onion,23,Sholapur,FAQ,Pandharpur,800,200,650.0,Maharashtra,Other
2007-03-27,Onion,23,Chattrapati Sambhajinagar,FAQ,Chattrapati Sambhajinagar,600,300,450.0,Maharashtra,Other
2007-03-27,Onion,23,Mumbai,FAQ,Mumbai,650,400,525.0,Maharashtra,Other
2007-03-28,Onion,23,Chattrapati Sambhajinagar,FAQ,Chattrapati Sambhajinagar,600,350,500.0,Maharashtra,Other
2007-03-29,Onion,23,Ahmednagar,FAQ,Shrirampur,700,350,575.0,Maharashtra,Other
2007-03-29,Onion,23,Kolhapur,FAQ,Kolhapur,650,250,550.0,Maharashtra,Other
2007-03-29,Onion,23,Sholapur,FAQ,Pandharpur,700,250,550.0,Maharashtra,Other
2007-03-29,Onion,23,Thane,FAQ,Ulhasnagar,1350,1100,1200.0,Maharashtra,Other
2007-03-30,Onion,23,Chandrapur,FAQ,Chandrapur,1000,600,800.0,Maharashtra,Other
2007-03-31,Onion,23,Sholapur,FAQ,Pandharpur,900,230,650.0,Maharashtra,Other
2007-04-01,Onion,23,Satara,FAQ,Satara,700,300,500.0,Maharashtra,Other
2007-04-02,Onion,23,Thane,FAQ,Ulhasnagar,1350,1100,1200.0,Maharashtra,Other
2007-04-02,Onion,23,Thane,FAQ,Vasai,700,550,650.0,Maharashtra,Other
2007-04-03,Onion,23,Mumbai,FAQ,Mumbai,700,500,600.0,Maharashtra,Other
2007-04-03,Onion,23,Chandrapur,FAQ,Chandrapur,1000,600,800.0,Maharashtra,Other
2007-04-03,Onion,23,Ahmednagar,FAQ,Sangamner,676,200,438.0,Maharashtra,Other
2007-04-03,Onion,23,Nashik,FAQ,Devala,535,251,475.0,Maharashtra,Other
2007-04-03,Onion,23,Satara,FAQ,Phaltan,625,300,580.0,Maharashtra,Other
2007-04-03,Onion,23,Nashik,FAQ,Satana,519,215,460.0,Maharashtra,Other
2007-04-03,Onion,23,Pune,FAQ,Junnar(Otur),650,400,500.0,Maharashtra,Other
2007-04-03,Onion,23,Jalana,FAQ,Jalana,600,301,450.0,Maharashtra,Red
2007-04-03,Onion,23,Ahmednagar,FAQ,Rahuri(Vambori),600,250,425.0,Maharashtra,Other
2007-04-03,Onion,23,Pune,FAQ,Pune,650,300,475.0,Maharashtra,Other
2007-04-03,Onion,23,Jalgaon,FAQ,Jalgaon,550,300,425.0,Maharashtra,Red
2007-04-04,Onion,23,Ratnagiri,FAQ,Ratnagiri (Nachane),900,800,850.0,Maharashtra,Other
2007-04-04,Onion,23,Dharashiv(Usmanabad),FAQ,Dharashiv,750,625,688.0,Maharashtra,Other
2007-04-04,Onion,23,Nagpur,FAQ,Nagpur,625,500,562.0,Maharashtra,Red
2007-04-04,Onion,23,Thane,FAQ,Ulhasnagar,1350,1100,1200.0,Maharashtra,Other
2007-04-04,Onion,23,Nashik,FAQ,Nandgaon,516,241,465.0,Maharashtra,Other
2007-04-05,Onion,23,Nashik,FAQ,Lasalgaon,561,370,485.0,Maharashtra,Other
2007-04-05,Onion,23,Satara,FAQ,Vai,600,500,550.0,Maharashtra,Other
2007-04-05,Onion,23,Buldhana,FAQ,Malkapur,475,325,435.0,Maharashtra,Other
2007-04-05,Onion,23,Nagpur,FAQ,Nagpur,625,500,562.0,Maharashtra,Red
2007-04-05,Onion,23,Chattrapati Sambhajinagar,FAQ,Chattrapati Sambhajinagar,600,250,525.0,Maharashtra,Other
2007-04-05,Onion,23,Jalgaon,FAQ,Jalgaon,500,300,400.0,Maharashtra,Red
2007-04-05,Onion,23,Nashik,FAQ,Yeola,470,200,450.0,Maharashtra,Red
2007-04-06,Onion,23,Jalgaon,FAQ,Jalgaon,500,350,425.0,Maharashtra,Red
2007-04-06,Onion,23,Mumbai,FAQ,Mumbai,650,500,575.0,Maharashtra,Other
2007-04-06,Onion,23,Sangli,FAQ,"Sangli(Phale, Bhajipura Market)",650,300,475.0,Maharashtra,Other
2007-04-06,Onion,23,Kolhapur,FAQ,Kolhapur,700,300,500.0,Maharashtra,Other
2007-04-06,Onion,23,Dharashiv(Usmanabad),FAQ,Dharashiv,640,640,640.0,Maharashtra,Other
2007-04-06,Onion,23,Nashik,FAQ,Dindori,577,425,551.0,Maharashtra,Other
2007-04-06,Onion,23,Nashik,FAQ,Pimpalgaon Baswant(Saykheda),530,400,470.0,Maharashtra,Other
2007-04-07,Onion,23,Dharashiv(Usmanabad),FAQ,Dharashiv,635,625,630.0,Maharashtra,Other
2007-04-07,Onion,23,Jalgaon,FAQ,Jalgaon,512,350,430.0,Maharashtra,Red
2007-04-07,Onion,23,Dhule,FAQ,Shirpur,510,355,450.0,Maharashtra,Red
2007-04-08,Onion,23,Pune,FAQ,Junnar(Otur),500,200,450.0,Maharashtra,Other
2007-04-08,Onion,23,Thane,FAQ,Vasai,700,550,652.0,Maharashtra,Other
2007-04-08,Onion,23,Nagpur,FAQ,Nagpur,850,750,800.0,Maharashtra,Other
2007-04-09,Onion,23,Nashik,FAQ,Nandgaon,422,250,370.0,Maharashtra,Other
2007-04-09,Onion,23,Nashik,FAQ,Pimpalgaon,451,291,411.0,Maharashtra,Other
2007-04-09,Onion,23,Nashik,FAQ,Manmad,445,358,401.0,Maharashtra,Other
2007-04-09,Onion,23,Satara,FAQ,Satara,700,300,500.0,Maharashtra,Other
2007-04-09,Onion,23,Thane,FAQ,Vasai,700,550,650.0,Maharashtra,Other
2007-04-09,Onion,23,Mumbai,FAQ,Mumbai,600,400,500.0,Maharashtra,Other
2007-04-09,Onion,23,Nashik,FAQ,Malegaon,430,240,400.0,Maharashtra,Red
2007-04-09,Onion,23,Satara,FAQ,Karad,550,400,500.0,Maharashtra,Other
2007-04-10,Onion,23,Nashik,FAQ,Lasalgaon,541,302,461.0,Maharashtra,Other
2007-04-10,Onion,23,Dharashiv(Usmanabad),FAQ,Dharashiv,700,450,575.0,Maharashtra,Other
2007-04-10,Onion,23,Nashik,FAQ,Devala,519,350,435.0,Maharashtra,Other
2007-04-10,Onion,23,Pune,FAQ,Manchar,500,500,500.0,Maharashtra,Other
2007-04-10,Onion,23,Nashik,FAQ,Dindori,524,250,480.0,Maharashtra,Other
2007-04-10,Onion,23,Nagpur,FAQ,Nagpur,575,500,537.0,Maharashtra,Red
2007-04-10,Onion,23,Pune,FAQ,Junnar(Otur),600,200,450.0,Maharashtra,Other
2007-04-11,Onion,23,Thane,FAQ,Ulhasnagar,1350,1100,1200.0,Maharashtra,Other
2007-04-11,Onion,23,Nashik,FAQ,Nandgaon,441,230,410.0,Maharashtra,Other
2007-04-11,Onion,23,Sangli,FAQ,"Sangli(Phale, Bhajipura Market)",550,200,375.0,Maharashtra,Other
2007-04-11,Onion,23,Dhule,FAQ,Shirpur,575,400,425.0,Maharashtra,Red
2007-04-11,Onion,23,Jalgaon,FAQ,Jalgaon,510,300,400.0,Maharashtra,Red
2007-04-11,Onion,23,Nashik,FAQ,Yeola,411,250,395.0,Maharashtra,Other
2007-04-12,Onion,23,Nashik,FAQ,Lasalgaon,544,331,461.0,Maharashtra,Other
2007-04-12,Onion,23,Pune,FAQ,Pune(Pimpri),600,400,500.0,Maharashtra,Other
2007-04-12,Onion,23,Nashik,FAQ,Lasalgaon(Niphad),463,266,430.0,Maharashtra,Other
2007-04-12,Onion,23,Nashik,FAQ,Satana,456,251,411.0,Maharashtra,Other
2007-04-13,Onion,23,Sangli,FAQ,"Sangli(Phale, Bhajipura Market)",560,300,425.0,Maharashtra,Other
2007-04-13,Onion,23,Nashik,FAQ,Satana,450,251,411.0,Maharashtra,Other
2007-04-13,Onion,23,Pune,FAQ,Indapur,500,200,411.0,Maharashtra,Other
2007-04-13,Onion,23,Pune,FAQ,Pune,500,250,375.0,Maharashtra,Other
2007-04-13,Onion,23,Nashik,FAQ,Nandgaon,461,200,416.0,Maharashtra,Other
2007-04-13,Onion,23,Ahmednagar,FAQ,Rahata,555,200,450.0,Maharashtra,Other
2007-04-13,Onion,23,Ratnagiri,FAQ,Ratnagiri (Nachane),900,800,850.0,Maharashtra,Other
2007-04-14,Onion,23,Pune,FAQ,Baramati,601,250,550.0,Maharashtra,Red
2007-04-14,Onion,23,Pune,FAQ,Pune(Khadiki),600,200,400.0,Maharashtra,Other
2007-04-14,Onion,23,Dharashiv(Usmanabad),FAQ,Dharashiv,500,500,500.0,Maharashtra,Other
2007-04-15,Onion,23,Nagpur,FAQ,Nagpur,550,500,525.0,Maharashtra,Red
2007-04-16,Onion,23,Pune,FAQ,Pune(Khadiki),600,300,450.0,Maharashtra,Other
2007-04-16,Onion,23,Pune,FAQ,Pune,550,300,425.0,Maharashtra,Other
2007-04-16,Onion,23,Chattrapati Sambhajinagar,FAQ,Chattrapati Sambhajinagar,550,350,450.0,Maharashtra,Other
2007-04-16,Onion,23,Jalgaon,FAQ,Jalgaon,650,550,600.0,Maharashtra,Other
2007-04-16,Onion,23,Chandrapur,FAQ,Chandrapur,1000,600,800.0,Maharashtra,Other
2007-04-16,Onion,23,Ahmednagar,FAQ,Shrirampur,555,355,455.0,Maharashtra,Other
2007-04-17,Onion,23,Pune,FAQ,Pune,550,300,425.0,Maharashtra,Other
2007-04-17,Onion,23,Pune,FAQ,Pune(Pimpri),600,400,500.0,Maharashtra,Other
2007-04-17,Onion,23,Nashik,FAQ,Nandgaon,441,271,370.0,Maharashtra,Other
2007-04-17,Onion,23,Nandurbar,FAQ,Navapur,500,400,485.0,Maharashtra,Other
2007-04-17,Onion,23,Nashik,FAQ,Dindori,500,304,444.0,Maharashtra,Other
2007-04-18,Onion,23,Nashik,FAQ,Devala,432,200,415.0,Maharashtra,Other
2007-04-18,Onion,23,Nagpur,FAQ,Kalmeshwar,700,500,600.0,Maharashtra,Other
2007-04-18,Onion,23,Pune,FAQ,Manchar,480,480,480.0,Maharashtra,Other
2007-04-18,Onion,23,Satara,FAQ,Karad,500,300,400.0,Maharashtra,Other
2007-04-18,Onion,23,Ratnagiri,FAQ,Ratnagiri (Nachane),850,800,850.0,Maharashtra,Other
2007-04-18,Onion,23,Nashik,FAQ,Manmad,445,261,385.0,Maharashtra,Other
2007-04-19,Onion,23,Ahmednagar,FAQ,Rahuri(Vambori),450,250,350.0,Maharashtra,Other
2007-04-19,Onion,23,Nashik,FAQ,Pimpalgaon,471,370,425.0,Maharashtra,Other
2007-04-19,Onion,23,Ahmednagar,FAQ,Sangamner,551,200,375.0,Maharashtra,Other
2007-04-19,Onion,23,Ratnagiri,FAQ,Ratnagiri (Nachane),850,800,850.0,Maharashtra,Other
2007-04-20,Onion,23,Nashik,FAQ,Dindori,494,256,434.0,Maharashtra,Other
2007-04-20,Onion,23,Chandrapur,FAQ,Chandrapur,800,600,700.0,Maharashtra,Other
2007-04-21,Onion,23,Parbhani,FAQ,Parbhani,600,400,500.0,Maharashtra,Red
2007-04-21,Onion,23,Mumbai,FAQ,Mumbai,600,400,500.0,Maharashtra,Other
2007-04-21,Onion,23,Sangli,FAQ,"Sangli(Phale, Bhajipura Market)",600,200,400.0,Maharashtra,Other
2007-04-21,Onion,23,Pune,FAQ,Pune(Pimpri),600,400,500.0,Maharashtra,Other
2007-04-22,Onion,23,Nashik,FAQ,Yeola,425,250,390.0,Maharashtra,Other
2007-04-22,Onion,23,Pune,FAQ,Manchar,430,430,430.0,Maharashtra,Other
2007-04-23,Onion,23,Nagpur,FAQ,Nagpur,700,650,675.0,Maharashtra,Other
2007-04-23,Onion,23,Pune,FAQ,Pune(Khadiki),600,200,400.0,Maharashtra,Other
2007-04-24,Onion,23,Ahmednagar,FAQ,Rahuri,550,200,490.0,Maharashtra,Other
2007-04-24,Onion,23,Nagpur,FAQ,Nagpur,525,475,500.0,Maharashtra,Red
2007-04-24,Onion,23,Nashik,FAQ,Lasalgaon,558,231,435.0,Maharashtra,Other
2007-04-24,Onion,23,Satara,FAQ,Phaltan,520,300,450.0,Maharashtra,Other
2007-04-24,Onion,23,Nashik,FAQ,Nandgaon,456,251,365.0,Maharashtra,Other
2007-04-25,Onion,23,Nashik,FAQ,Devala,480,200,400.0,Maharashtra,Other
2007-04-25,Onion,23,Beed,FAQ,Kada,561,200,450.0,Maharashtra,Other
2007-04-25,Onion,23,Nashik,FAQ,Yeola,442,250,390.0,Maharashtra,Other
2007-04-25,Onion,23,Dhule,FAQ,Shirpur,701,260,650.0,Maharashtra,Other
2007-04-25,Onion,23,Jalgaon,FAQ,Jalgaon,550,300,425.0,Maharashtra,Red
2007-04-26,Onion,23,Nashik,FAQ,Dindori,617,345,552.0,Maharashtra,Other
2007-04-26,Onion,23,Buldhana,FAQ,Malkapur,500,350,465.0,Maharashtra,Other
2007-04-26,Onion,23,Pune,FAQ,Junnar(Otur),550,200,500.0,Maharashtra,Other
2007-04-26,Onion,23,Ratnagiri,FAQ,Ratnagiri (Nachane),800,750,800.0,Maharashtra,Other
2007-04-27,Onion,23,Nashik,FAQ,Dindori(Vani),590,400,525.0,Maharashtra,Other
2007-04-27,Onion,23,Sangli,FAQ,"Sangli(Phale, Bhajipura Market)",600,300,450.0,Maharashtra,Other
2007-04-27,Onion,23,Thane,FAQ,Ulhasnagar,1350,1100,1200.0,Maharashtra,Other
2007-04-27,Onion,23,Nashik,FAQ,Manmad,551,299,513.0,Maharashtra,Other
2007-04-27,Onion,23,Mumbai,FAQ,Mumbai,600,400,500.0,Maharashtra,Other
2007-04-27,Onion,23,Satara,FAQ,Vai,500,400,450.0,Maharashtra,Other
2007-04-27,Onion,23,Sholapur,FAQ,Pandharpur,650,200,600.0,Maharashtra,Other
2007-04-27,Onion,23,Nashik,FAQ,Dindori,623,384,566.0,Maharashtra,Other
2007-04-27,Onion,23,Nashik,FAQ,Devala,520,200,425.0,Maharashtra,Other
2007-04-28,Onion,23,Parbhani,FAQ,Parbhani,500,300,400.0,Maharashtra,Red
2007-04-28,Onion,23,Jalgaon,FAQ,Jalgaon,525,325,425.0,Maharashtra,Red
2007-04-28,Onion,23,Pune,FAQ,Pune(Khadiki),600,500,550.0,Maharashtra,Other
2007-04-29,Onion,23,Ahmednagar,FAQ,Rahuri,660,251,525.0,Maharashtra,Other
2007-04-30,Onion,23,Thane,FAQ,Ulhasnagar,1350,1100,1200.0,Maharashtra,Other
2007-04-30,Onion,23,Nashik,FAQ,Manmad,541,345,506.0,Maharashtra,Other
2007-04-30,Onion,23,Nashik,FAQ,Lasalgaon(Niphad),575,251,515.0,Maharashtra,Other
2007-04-30,Onion,23,Chattrapati Sambhajinagar,FAQ,Chattrapati Sambhajinagar,400,300,350.0,Maharashtra,Other
2007-04-30,Onion,23,Nashik,FAQ,Yeola,511,300,480.0,Maharashtra,Other
2007-04-30,Onion,23,Jalgaon,FAQ,Jalgaon,525,300,400.0,Maharashtra,Red
2007-04-30,Onion,23,Ahmednagar,FAQ,Shrirampur,650,200,400.0,Maharashtra,Other
2007-04-30,Onion,23,Nashik,FAQ,Malegaon,411,250,375.0,Maharashtra,Red
2007-04-30,Onion,23,Kolhapur,FAQ,Kolhapur,700,300,550.0,Maharashtra,Other
2007-04-30,Onion,23,Sangli,FAQ,"Sangli(Phale, Bhajipura Market)",650,300,475.0,Maharashtra,Other
2007-05-01,Onion,23,Parbhani,FAQ,Parbhani,600,400,450.0,Maharashtra,Red
2007-05-01,Onion,23,Buldhana,FAQ,Nandura,460,210,375.0,Maharashtra,Other
2007-05-02,Onion,23,Pune,FAQ,Pune,650,350,500.0,Maharashtra,Other
2007-05-02,Onion,23,Jalgaon,FAQ,Jalgaon,425,375,400.0,Maharashtra,Other
2007-05-03,Onion,23,Nashik,FAQ,Devala,604,250,525.0,Maharashtra,Other
2007-05-03,Onion,23,Chattrapati Sambhajinagar,FAQ,Chattrapati Sambhajinagar,500,350,450.0,Maharashtra,Other
2007-05-03,Onion,23,Thane,FAQ,Ulhasnagar,1350,1100,1200.0,Maharashtra,Other
2007-05-03,Onion,23,Nashik,FAQ,Satana,580,275,530.0,Maharashtra,Other
2007-05-04,Onion,23,Pune,FAQ,Pune,650,350,500.0,Maharashtra,Other
2007-05-04,Onion,23,Mumbai,FAQ,Mumbai,650,400,575.0,Maharashtra,Other
2007-05-05,Onion,23,Kolhapur,FAQ,Kolhapur,650,300,500.0,Maharashtra,Other
2007-05-05,Onion,23,Nashik,FAQ,Malegaon,451,299,390.0,Maharashtra,Red
2007-05-05,Onion,23,Jalana,FAQ,Jalana,600,300,400.0,Maharashtra,Other
2007-05-05,Onion,23,Nagpur,FAQ,Nagpur,550,500,525.0,Maharashtra,Red
2007-05-06,Onion,23,Pune,FAQ,Pune,650,350,500.0,Maharashtra,Other
2007-05-06,Onion,23,Pune,FAQ,Junnar(Otur),600,300,500.0,Maharashtra,Other
2007-05-06,Onion,23,Nagpur,FAQ,Nagpur,550,500,525.0,Maharashtra,Other
2007-05-06,Onion,23,Nagpur,FAQ,Nagpur,550,500,525.0,Maharashtra,Red
2007-05-07,Onion,23,Satara,FAQ,Vai,700,500,600.0,Maharashtra,Other
2007-05-07,Onion,23,Nashik,FAQ,Lasalgaon(Niphad),521,260,480.0,Maharashtra,Other
2007-05-07,Onion,23,Sholapur,FAQ,Pandharpur,680,250,521.0,Maharashtra,Other
2007-05-07,Onion,23,Nashik,FAQ,Lasalgaon,660,301,451.0,Maharashtra,Red
2007-05-08,Onion,23,Nashik,FAQ,Lasalgaon,620,290,500.0,Maharashtra,Other
2007-05-08,Onion,23,Nashik,FAQ,Dindori,598,326,471.0,Maharashtra,Other
2007-05-08,Onion,23,Nashik,FAQ,Yeola,511,200,400.0,Maharashtra,Other
2007-05-08,Onion,23,Pune,FAQ,Junnar(Otur),600,300,500.0,Maharashtra,Other
2007-05-08,Onion,23,Nagpur,FAQ,Nagpur,500,450,475.0,Maharashtra,Red
2007-05-08,Onion,23,Nashik,FAQ,Devala,535,200,475.0,Maharashtra,Other
2007-05-08,Onion,23,Pune,FAQ,Pune(Khadiki),700,200,550.0,Maharashtra,Other
2007-05-09,Onion,23,Satara,FAQ,Vai,600,500,550.0,Maharashtra,Other
2007-05-09,Onion,23,Nashik,FAQ,Lasalgaon(Niphad),513,251,471.0,Maharashtra,Other
2007-05-09,Onion,23,Nashik,FAQ,Yeola,477,200,400.0,Maharashtra,Other
2007-05-09,Onion,23,Dhule,FAQ,Shirpur,475,340,430.0,Maharashtra,Red
2007-05-09,Onion,23,Beed,FAQ,Kada,625,200,525.0,Maharashtra,Other
2007-05-09,Onion,23,Nagpur,FAQ,Nagpur,500,450,475.0,Maharashtra,Other
2007-05-09,Onion,23,Nagpur,FAQ,Kalmeshwar,500,300,400.0,Maharashtra,Other
2007-05-10,Onion,23,Nashik,FAQ,Dindori(Vani),592,311,511.0,Maharashtra,Other
2007-05-10,Onion,23,Nashik,FAQ,Manmad,522,200,468.0,Maharashtra,Other
2007-05-10,Onion,23,Sholapur,FAQ,Pandharpur,657,252,525.0,Maharashtra,Other
2007-05-10,Onion,23,Nashik,FAQ,Nasik,585,201,525.0,Maharashtra,Other
2007-05-10,Onion,23,Pune,FAQ,Pune(Khadiki),650,250,450.0,Maharashtra,Other
2007-05-11,Onion,23,Nashik,FAQ,Lasalgaon,655,318,470.0,Maharashtra,Other
2007-05-11,Onion,23,Buldhana,FAQ,Malkapur,381,270,360.0,Maharashtra,Other
2007-05-11,Onion,23,Ahmednagar,FAQ,Akole,600,375,490.0,Maharashtra,Other
2007-05-11,Onion,23,Nashik,FAQ,Yeola,525,200,390.0,Maharashtra,Other
2007-05-11,Onion,23,Chandrapur,FAQ,Chandrapur,850,300,700.0,Maharashtra,Other
2007-05-12,Onion,23,Nashik,FAQ,Pimpalgaon Baswant(Saykheda),516,350,460.0,Maharashtra,Other
2007-05-12,Onion,23,Mumbai,FAQ,Mumbai,700,500,600.0,Maharashtra,Other
2007-05-12,Onion,23,Chandrapur,FAQ,Chandrapur,750,300,600.0,Maharashtra,Other
2007-05-12,Onion,23,Satara,FAQ,Vai,600,500,550.0,Maharashtra,Other
2007-05-13,Onion,23,Nagpur,FAQ,Nagpur,500,450,475.0,Maharashtra,Red
2007-05-13,Onion,23,Thane,FAQ,Vasai,700,550,650.0,Maharashtra,Other
2007-05-13,Onion,23,Satara,FAQ,Satara,700,500,600.0,Maharashtra,Other
2007-05-13,Onion,23,Dharashiv(Usmanabad),FAQ,Dharashiv,560,375,468.0,Maharashtra,Other
2007-05-14,Onion,23,Satara,FAQ,Karad,700,300,500.0,Maharashtra,Other
2007-05-14,Onion,23,Thane,FAQ,Kalyan,800,700,750.0,Maharashtra,Other
2007-05-14,Onion,23,Ratnagiri,FAQ,Ratnagiri (Nachane),900,750,800.0,Maharashtra,Other
2007-05-14,Onion,23,Nashik,FAQ,Ghoti,400,400,400.0,Maharashtra,Other
2007-05-14,Onion,23,Nashik,FAQ,Dindori(Vani),566,300,515.0,Maharashtra,Other
2007-05-15,Onion,23,Nagpur,FAQ,Nagpur,650,550,600.0,Maharashtra,Other
2007-05-15,Onion,23,Nashik,FAQ,Pimpalgaon Baswant(Saykheda),537,350,465.0,Maharashtra,Other
2007-05-15,Onion,23,Dhule,FAQ,Dhule,625,200,570.0,Maharashtra,Other
2007-05-15,Onion,23,Satara,FAQ,Vai,600,500,550.0,Maharashtra,Other
2007-05-15,Onion,23,Pune,FAQ,Pune(Pimpri),650,550,600.0,Maharashtra,Other
2007-05-16,Onion,23,Pune,FAQ,Pune(Pimpri),650,450,550.0,Maharashtra,Other
2007-05-16,Onion,23,Ahmednagar,FAQ,Newasa(Ghodegaon),615,200,550.0,Maharashtra,Other
2007-05-17,Onion,23,Nashik,FAQ,Lasalgaon(Niphad),539,211,440.0,Maharashtra,Other
2007-05-17,Onion,23,Nagpur,FAQ,Nagpur,600,525,550.0,Maharashtra,Other
2007-05-17,Onion,23,Satara,FAQ,Satara,700,500,600.0,Maharashtra,Other
2007-05-17,Onion,23,Thane,FAQ,Ulhasnagar,1350,1100,1200.0,Maharashtra,Other
2007-05-17,Onion,23,Ratnagiri,FAQ,Ratnagiri (Nachane),900,700,800.0,Maharashtra,Other
2007-05-17,Onion,23,Satara,FAQ,Lonand,625,250,525.0,Maharashtra,Other
2007-05-18,Onion,23,Nagpur,FAQ,Kalmeshwar,700,500,600.0,Maharashtra,Other
2007-05-18,Onion,23,Pune,FAQ,Pune(Khadiki),700,400,550.0,Maharashtra,Other
2007-05-18,Onion,23,Nashik,FAQ,Satana,500,251,451.0,Maharashtra,Other
2007-05-18,Onion,23,Thane,FAQ,Ulhasnagar,1350,1100,1200.0,Maharashtra,Other
2007-05-18,Onion,23,Nashik,FAQ,Pimpalgaon,535,325,441.0,Maharashtra,Other
2007-05-19,Onion,23,Nagpur,FAQ,Nagpur,500,475,487.0,Maharashtra,Red
2007-05-19,Onion,23,Dharashiv(Usmanabad),FAQ,Dharashiv,600,525,563.0,Maharashtra,Other
2007-05-19,Onion,23,Kolhapur,FAQ,Kolhapur,700,300,550.0,Maharashtra,Other
2007-05-19,Onion,23,Chandrapur,FAQ,Chandrapur,800,500,700.0,Maharashtra,Other
2007-05-19,Onion,23,Pune,FAQ,Pune(Khadiki),700,300,500.0,Maharashtra,Other
2007-05-19,Onion,23,Chattrapati Sambhajinagar,FAQ,Chattrapati Sambhajinagar,550,250,440.0,Maharashtra,Other
2007-05-20,Onion,23,Thane,FAQ,Kalyan,800,700,750.0,Maharashtra,Other
2007-05-20,Onion,23,Chattrapati Sambhajinagar,FAQ,Chattrapati Sambhajinagar,500,250,375.0,Maharashtra,Other
2007-05-20,Onion,23,Nagpur,FAQ,Nagpur,550,500,525.0,Maharashtra,Other
2007-05-20,Onion,23,Satara,FAQ,Vai,600,500,550.0,Maharashtra,Other
2007-05-21,Onion,23,Nashik,FAQ,Pimpalgaon,541,311,440.0,Maharashtra,Other
2007-05-21,Onion,23,Sholapur,FAQ,Pandharpur,680,270,600.0,Maharashtra,Other
2007-05-22,Onion,23,Nagpur,FAQ,Nagpur,500,475,487.0,Maharashtra,Red
2007-05-22,Onion,23,Pune,FAQ,Pune(Khadiki),700,200,450.0,Maharashtra,Other
2007-05-22,Onion,23,Chattrapati Sambhajinagar,FAQ,Chattrapati Sambhajinagar,450,250,350.0,Maharashtra,Other
2007-05-22,Onion,23,Satara,FAQ,Karad,700,400,650.0,Maharashtra,Other
2007-05-22,Onion,23,Mumbai,FAQ,Mumbai,600,400,500.0,Maharashtra,Other
2007-05-22,Onion,23,Amarawati,FAQ,Amrawati(Frui & Veg. Market),500,450,475.0,Maharashtra,Other
2007-05-22,Onion,23,Nashik,FAQ,Dindori,542,339,498.0,Maharashtra,Other
2007-05-23,Onion,23,Chandrapur,FAQ,Chandrapur,600,400,500.0,Maharashtra,Other
2007-05-23,Onion,23,Nagpur,FAQ,Nagpur,525,450,487.0,Maharashtra,Red
2007-05-24,Onion,23,Kolhapur,FAQ,Kolhapur,650,300,550.0,Maharashtra,Other
2007-05-25,Onion,23,Thane,FAQ,Ulhasnagar,1350,1100,1200.0,Maharashtra,Other
2007-05-26,Onion,23,Nagpur,FAQ,Nagpur,625,600,612.0,Maharashtra,Other
2007-05-26,Onion,23,Satara,FAQ,Vai,650,500,575.0,Maharashtra,Other
2007-05-26,Onion,23,Satara,FAQ,Karad,700,500,600.0,Maharashtra,Other
2007-05-26,Onion,23,Nashik,FAQ,Ghoti,466,388,427.0,Maharashtra,Other
2007-05-26,Onion,23,Pune,FAQ,Pune(Khadiki),650,300,480.0,Maharashtra,Other
2007-05-27,Onion,23,Chattrapati Sambhajinagar,FAQ,Chattrapati Sambhajinagar,450,250,350.0,Maharashtra,Other
2007-05-28,Onion,23,Satara,FAQ,Satara,650,300,500.0,Maharashtra,Other
2007-05-28,Onion,23,Jalgaon,FAQ,Jalgaon,550,300,425.0,Maharashtra,Red
2007-05-29,Onion,23,Pune,FAQ,Pune,650,250,450.0,Maharashtra,Other
2007-05-29,Onion,23,Ratnagiri,FAQ,Ratnagiri (Nachane),900,700,800.0,Maharashtra,Other
2007-05-29,Onion,23,Sholapur,FAQ,Pandharpur,656,280,555.0,Maharashtra,Other
2007-05-30,Onion,23,Dhule,FAQ,Shirpur,805,665,765.0,Maharashtra,Other
2007-05-30,Onion,23,Chandrapur,FAQ,Chandrapur,700,500,600.0,Maharashtra,Other
2007-05-30,Onion,23,Dhule,FAQ,Shirpur,570,340,540.0,Maharashtra,Red
2007-05-30,Onion,23,Nashik,FAQ,Lasalgaon,575,251,411.0,Maharashtra,Other
2007-05-31,Onion,23,Nashik,FAQ,Dindori(Vani),656,352,601.0,Maharashtra,Other
2007-05-31,Onion,23,Nashik,FAQ,Chandvad,606,200,525.0,Maharashtra,Other
2007-05-31,Onion,23,Nashik,FAQ,Pimpalgaon,661,411,575.0,Maharashtra,Other
2007-05-31,Onion,23,Ahmednagar,FAQ,Shrirampur,825,200,525.0,Maharashtra,Other
2007-05-31,Onion,23,Kolhapur,FAQ,Kolhapur,750,300,600.0,Maharashtra,Other
2007-06-01,Onion,23,Nashik,FAQ,Chandvad,599,200,525.0,Maharashtra,Other
2007-06-01,Onion,23,Nashik,FAQ,Yeola,605,250,540.0,Maharashtra,Other
2007-06-01,Onion,23,Nashik,FAQ,Devala,635,200,550.0,Maharashtra,Other
2007-06-01,Onion,23,Chandrapur,FAQ,Chandrapur,700,500,600.0,Maharashtra,Other
2007-06-01,Onion,23,Mumbai,FAQ,Mumbai,800,600,700.0,Maharashtra,Other
2007-06-01,Onion,23,Thane,FAQ,Kalyan,500,400,450.0,Maharashtra,Other
2007-06-01,Onion,23,Nashik,FAQ,Pimpalgaon,631,400,561.0,Maharashtra,Other
2007-06-02,Onion,23,Nashik,FAQ,Pimpalgaon Baswant(Saykheda),650,400,560.0,Maharashtra,Other
2007-06-02,Onion,23,Thane,FAQ,Kalyan,500,400,450.0,Maharashtra,Other
2007-06-02,Onion,23,Chattrapati Sambhajinagar,FAQ,Chattrapati Sambhajinagar,600,400,500.0,Maharashtra,Other
2007-06-03,Onion,23,Chattrapati Sambhajinagar,FAQ,Chattrapati Sambhajinagar,600,400,500.0,Maharashtra,Other
2007-06-03,Onion,23,Nagpur,FAQ,Nagpur,800,725,762.0,Maharashtra,Other
2007-06-03,Onion,23,Ahmednagar,FAQ,Rahata,750,200,590.0,Maharashtra,Other
2007-06-04,Onion,23,Nashik,FAQ,Devala,724,250,650.0,Maharashtra,Other
2007-06-04,Onion,23,Ahmednagar,FAQ,Shrirampur,760,250,550.0,Maharashtra,Other
2007-06-04,Onion,23,Nagpur,FAQ,Nagpur,825,750,787.0,Maharashtra,Other
2007-06-04,Onion,23,Thane,FAQ,Ulhasnagar,1350,1100,1200.0,Maharashtra,Other
2007-06-04,Onion,23,Satara,FAQ,Satara,750,400,650.0,Maharashtra,Other
2007-06-05,Onion,23,Sholapur,FAQ,Pandharpur,800,305,500.0,Maharashtra,Other
2007-06-05,Onion,23,Thane,FAQ,Kalyan,500,400,450.0,Maharashtra,Other
2007-06-05,Onion,23,Thane,FAQ,Ulhasnagar,1350,1100,1200.0,Maharashtra,Other
2007-06-05,Onion,23,Nashik,FAQ,Pimpalgaon,721,430,660.0,Maharashtra,Other
2007-06-05,Onion,23,Jalgaon,FAQ,Jalgaon,640,300,470.0,Maharashtra,Red
2007-06-05,Onion,23,Nagpur,FAQ,Nagpur,850,825,837.0,Maharashtra,Other
2007-06-06,Onion,23,Kolhapur,FAQ,Kolhapur,850,400,600.0,Maharashtra,Other
2007-06-06,Onion,23,Ahmednagar,FAQ,Karjat(Rashin),950,250,675.0,Maharashtra,Other
2007-06-06,Onion,23,Thane,FAQ,Ulhasnagar,1350,1100,1200.0,Maharashtra,Other
2007-06-06,Onion,23,Nashik,FAQ,Malegaon,576,275,500.0,Maharashtra,Red
2007-06-07,Onion,23,Nashik,FAQ,Devala,787,300,725.0,Maharashtra,Other
2007-06-07,Onion,23,Nashik,FAQ,Malegaon,275,210,251.0,Maharashtra,Red
2007-06-07,Onion,23,Nashik,FAQ,Satana,776,251,715.0,Maharashtra,Other
2007-06-07,Onion,23,Dhule,FAQ,Dhule,735,500,650.0,Maharashtra,Other
2007-06-07,Onion,23,Chandrapur,FAQ,Chandrapur,900,700,800.0,Maharashtra,Other
2007-06-07,Onion,23,Nashik,FAQ,Lasalgaon(Niphad),751,370,641.0,Maharashtra,Other
2007-06-08,Onion,23,Thane,FAQ,Kalyan,800,700,750.0,Maharashtra,Other
2007-06-08,Onion,23,Pune,FAQ,Indapur,851,300,625.0,Maharashtra,Other
2007-06-08,Onion,23,Dhule,FAQ,Dhule,800,250,680.0,Maharashtra,Red
2007-06-08,Onion,23,Sholapur,FAQ,Pandharpur,1035,230,900.0,Maharashtra,Other
2007-06-08,Onion,23,Nashik,FAQ,Nandgaon,800,300,705.0,Maharashtra,Other
2007-06-09,Onion,23,Dhule,FAQ,Shirpur,760,375,755.0,Maharashtra,Red
2007-06-09,Onion,23,Pune,FAQ,Pune(Khadiki),900,900,900.0,Maharashtra,Other
2007-06-09,Onion,23,Ahmednagar,FAQ,Kopargaon,925,250,850.0,Maharashtra,Other
2007-06-10,Onion,23,Dharashiv(Usmanabad),FAQ,Dharashiv,1000,500,750.0,Maharashtra,Other
2007-06-11,Onion,23,Ratnagiri,FAQ,Ratnagiri (Nachane),1000,800,900.0,Maharashtra,Other
2007-06-11,Onion,23,Nashik,FAQ,Dindori(Vani),799,611,750.0,Maharashtra,Other
2007-06-11,Onion,23,Nashik,FAQ,Lasalgaon,895,345,770.0,Maharashtra,Other
2007-06-11,Onion,23,Mumbai,FAQ,Mumbai,900,700,800.0,Maharashtra,Other
2007-06-11,Onion,23,Thane,FAQ,Kalyan,900,800,850.0,Maharashtra,Other
2007-06-11,Onion,23,Nashik,FAQ,Nandgaon,772,350,666.0,Maharashtra,Other
2007-06-11,Onion,23,Chattrapati Sambhajinagar,FAQ,Chattrapati Sambhajinagar,700,400,550.0,Maharashtra,Other
2007-06-12,Onion,23,Sholapur,FAQ,Pandharpur,1010,375,825.0,Maharashtra,Other
2007-06-12,Onion,23,Ahmednagar,FAQ,Rahata,910,305,680.0,Maharashtra,Other
2007-06-12,Onion,23,Pune,FAQ,Pune,850,650,750.0,Maharashtra,Other
2007-06-12,Onion,23,Pune,FAQ,Pune(Khadiki),1000,300,900.0,Maharashtra,Other
2007-06-12,Onion,23,Ahmednagar,FAQ,Sangamner,1001,200,600.0,Maharashtra,Other
2007-06-12,Onion,23,Ahmednagar,FAQ,Rahuri,930,201,501.0,Maharashtra,Other
2007-06-13,Onion,23,Ahmednagar,FAQ,Karjat(Rashin),900,200,750.0,Maharashtra,Other
2007-06-13,Onion,23,Nashik,FAQ,Dindori,864,671,800.0,Maharashtra,Other
2007-06-13,Onion,23,Sholapur,FAQ,Pandharpur,990,400,825.0,Maharashtra,Other
2007-06-13,Onion,23,Nashik,FAQ,Pimpalgaon Baswant(Saykheda),850,600,770.0,Maharashtra,Other
2007-06-13,Onion,23,Thane,FAQ,Bhivandi,350,300,325.0,Maharashtra,Other
2007-06-13,Onion,23,Sholapur,FAQ,Solapur,1035,200,500.0,Maharashtra,Other
2007-06-13,Onion,23,Thane,FAQ,Kalyan,1000,900,950.0,Maharashtra,Other
2007-06-14,Onion,23,Ahmednagar,FAQ,Sangamner,1060,200,630.0,Maharashtra,Other
2007-06-14,Onion,23,Nagpur,FAQ,Kalmeshwar,1000,800,900.0,Maharashtra,Other
2007-06-14,Onion,23,Pune,FAQ,Pune(Khadiki),900,200,800.0,Maharashtra,Other
2007-06-14,Onion,23,Satara,FAQ,Vai,800,700,750.0,Maharashtra,Other
2007-06-14,Onion,23,Dhule,FAQ,Dhule,920,250,775.0,Maharashtra,Red
2007-06-14,Onion,23,Mumbai,FAQ,Mumbai,1000,800,900.0,Maharashtra,Other
2007-06-14,Onion,23,Thane,FAQ,Ulhasnagar,1350,1100,1200.0,Maharashtra,Other
2007-06-14,Onion,23,Chandrapur,FAQ,Chandrapur,1000,800,900.0,Maharashtra,Other
2007-06-14,Onion,23,Satara,FAQ,Lonand,1051,400,850.0,Maharashtra,Other
2007-06-14,Onion,23,Nashik,FAQ,Satana,1028,451,915.0,Maharashtra,Other
2007-06-14,Onion,23,Ratnagiri,FAQ,Ratnagiri (Nachane),1000,800,900.0,Maharashtra,Other
2007-06-16,Onion,23,Parbhani,FAQ,Parbhani,700,500,600.0,Maharashtra,Red
2007-06-16,Onion,23,Dhule,FAQ,Shirpur,880,250,650.0,Maharashtra,Red
2007-06-16,Onion,23,Ratnagiri,FAQ,Ratnagiri (Nachane),1000,800,900.0,Maharashtra,Other
2007-06-16,Onion,23,Kolhapur,FAQ,Kolhapur,1150,700,800.0,Maharashtra,Other
2007-06-17,Onion,23,Ahmednagar,FAQ,Rahata,1325,800,1100.0,Maharashtra,Other
2007-06-18,Onion,23,Satara,FAQ,Vai,900,700,800.0,Maharashtra,Other
2007-06-18,Onion,23,Thane,FAQ,Kalyan,1000,900,950.0,Maharashtra,Other
2007-06-18,Onion,23,Nashik,FAQ,Devala,1011,500,925.0,Maharashtra,Other
2007-06-18,Onion,23,Ahmednagar,FAQ,Ahmednagar,1105,200,650.0,Maharashtra,Other
2007-06-18,Onion,23,Nashik,FAQ,Pimpalgaon,1001,550,901.0,Maharashtra,Other
2007-06-18,Onion,23,Thane,FAQ,Ulhasnagar,1350,1100,1200.0,Maharashtra,Other
2007-06-19,Onion,23,Pune,FAQ,Pune(Pimpri),1600,1300,1450.0,Maharashtra,Other
2007-06-19,Onion,23,Sholapur,FAQ,Pandharpur,1100,420,1000.0,Maharashtra,Other
2007-06-19,Onion,23,Nashik,FAQ,Yeola,951,500,870.0,Maharashtra,Other
2007-06-19,Onion,23,Pune,FAQ,Pune(Khadiki),1000,700,850.0,Maharashtra,Other
2007-06-19,Onion,23,Satara,FAQ,Phaltan,1052,600,800.0,Maharashtra,Other
2007-06-20,Onion,23,Beed,FAQ,Kada,1149,200,1051.0,Maharashtra,Other
2007-06-20,Onion,23,Nashik,FAQ,Dindori,861,688,800.0,Maharashtra,Other
2007-06-20,Onion,23,Satara,FAQ,Vai,1000,800,900.0,Maharashtra,Other
2007-06-21,Onion,23,Nashik,FAQ,Devala,965,400,875.0,Maharashtra,Other
2007-06-21,Onion,23,Kolhapur,FAQ,Kolhapur,1100,700,850.0,Maharashtra,Other
2007-06-21,Onion,23,Nashik,FAQ,Nasik,900,281,750.0,Maharashtra,Other
2007-06-22,Onion,23,Kolhapur,FAQ,Kolhapur,1100,500,600.0,Maharashtra,Other
2007-06-22,Onion,23,Nashik,FAQ,Yeola,913,475,860.0,Maharashtra,Other
2007-06-22,Onion,23,Ahmednagar,FAQ,Sangamner,586,200,305.0,Maharashtra,Other
2007-06-22,Onion,23,Nashik,FAQ,Manmad,925,770,881.0,Maharashtra,Other
2007-06-22,Onion,23,Satara,FAQ,Phaltan,1000,1000,1000.0,Maharashtra,Other
2007-06-22,Onion,23,Ahmednagar,FAQ,Rahuri,1150,201,551.0,Maharashtra,Other
2007-06-22,Onion,23,Ahmednagar,FAQ,Rahata,1100,500,850.0,Maharashtra,Other
2007-06-23,Onion,23,Nashik,FAQ,Yeola,901,500,870.0,Maharashtra,Other
2007-06-23,Onion,23,Ahmednagar,FAQ,Shrirampur,925,250,575.0,Maharashtra,Other
2007-06-24,Onion,23,Satara,FAQ,Vai,1000,800,900.0,Maharashtra,Other
2007-06-24,Onion,23,Chattrapati Sambhajinagar,FAQ,Chattrapati Sambhajinagar,1000,500,750.0,Maharashtra,Other
2007-06-25,Onion,23,Mumbai,FAQ,Mumbai,1100,800,950.0,Maharashtra,Other
2007-06-25,Onion,23,Satara,FAQ,Karad,1000,700,850.0,Maharashtra,Other
2007-06-25,Onion,23,Pune,FAQ,Pune(Khadiki),1200,700,950.0,Maharashtra,Other
2007-06-25,Onion,23,Satara,FAQ,Vai,900,800,850.0,Maharashtra,Other
2007-06-25,Onion,23,Nashik,FAQ,Devala,956,400,850.0,Maharashtra,Other
2007-06-25,Onion,23,Ahmednagar,FAQ,Shrirampur,1100,400,850.0,Maharashtra,Other
2007-06-25,Onion,23,Beed,FAQ,Kada,1211,500,1151.0,Maharashtra,Other
2007-06-26,Onion,23,Thane,FAQ,Ulhasnagar,1350,1100,1200.0,Maharashtra,Other
2007-06-26,Onion,23,Chattrapati Sambhajinagar,FAQ,Chattrapati Sambhajinagar,900,400,650.0,Maharashtra,Other
2007-06-26,Onion,23,Buldhana,FAQ,Nandura,1000,289,675.0,Maharashtra,Other
2007-06-27,Onion,23,Sholapur,FAQ,Pandharpur,1230,300,1000.0,Maharashtra,Other
2007-06-27,Onion,23,Beed,FAQ,Kada,1200,400,950.0,Maharashtra,Other
2007-06-27,Onion,23,Dhule,FAQ,Shirpur,1100,1100,1100.0,Maharashtra,Other
2007-06-27,Onion,23,Dhule,FAQ,Shirpur,925,840,920.0,Maharashtra,Red
2007-06-27,Onion,23,Jalgaon,FAQ,Jalgaon,1000,600,800.0,Maharashtra,Red
2007-06-28,Onion,23,Kolhapur,FAQ,Kolhapur,1050,500,690.0,Maharashtra,Other
2007-06-28,Onion,23,Mumbai,FAQ,Mumbai,1100,800,950.0,Maharashtra,Other
2007-06-28,Onion,23,Pune,FAQ,Pune(Khadiki),1100,500,800.0,Maharashtra,Other
2007-06-28,Onion,23,Sholapur,FAQ,Pandharpur,1350,840,1150.0,Maharashtra,Other
2007-06-29,Onion,23,Ahmednagar,FAQ,Rahata,1050,350,850.0,Maharashtra,Other
2007-06-29,Onion,23,Satara,FAQ,Vai,1100,1000,1050.0,Maharashtra,Other
2007-06-29,Onion,23,Nashik,FAQ,Lasalgaon,914,700,850.0,Maharashtra,Other
2007-06-30,Onion,23,Ahmednagar,FAQ,Shrirampur,900,400,600.0,Maharashtra,Other
2007-06-30,Onion,23,Jalana,FAQ,Jalana,1101,500,700.0,Maharashtra,Other
2007-06-30,Onion,23,Dhule,FAQ,Shirpur,1025,605,920.0,Maharashtra,Other
2007-06-30,Onion,23,Pune,FAQ,Khed(Chakan),1025,650,900.0,Maharashtra,Other
2007-06-30,Onion,23,Nashik,FAQ,Ghoti,400,400,400.0,Maharashtra,Other
2007-07-01,Onion,23,Ahmednagar,FAQ,Newasa(Ghodegaon),1060,200,850.0,Maharashtra,Red
2007-07-01,Onion,23,Pune,FAQ,Junnar(Otur),1050,600,1000.0,Maharashtra,Other
2007-07-01,Onion,23,Satara,FAQ,Satara,1100,800,1000.0,Maharashtra,Other
2007-07-01,Onion,23,Pune,FAQ,Indapur,1150,200,811.0,Maharashtra,Other
2007-07-01,Onion,23,Thane,FAQ,Kalyan,1100,1000,1050.0,Maharashtra,Other
2007-07-02,Onion,23,Sholapur,FAQ,Pandharpur,1061,950,1000.0,Maharashtra,Other
2007-07-02,Onion,23,Nashik,FAQ,Nasik,940,511,825.0,Maharashtra,Other
2007-07-02,Onion,23,Nashik,FAQ,Dindori(Vani),960,893,921.0,Maharashtra,Other
2007-07-02,Onion,23,Nashik,FAQ,Nandgaon,900,611,875.0,Maharashtra,Other
2007-07-02,Onion,23,Nagpur,FAQ,Nagpur,1000,975,987.0,Maharashtra,Red
2007-07-02,Onion,23,Jalgaon,FAQ,Jalgaon,950,700,825.0,Maharashtra,Red
2007-07-03,Onion,23,Nashik,FAQ,Yeola,931,511,900.0,Maharashtra,Other
2007-07-03,Onion,23,Pune,FAQ,Pune(Khadiki),800,800,800.0,Maharashtra,Other
2007-07-03,Onion,23,Nashik,FAQ,Lasalgaon,1011,671,951.0,Maharashtra,Other
2007-07-04,Onion,23,Nagpur,FAQ,Nagpur,1050,1000,1025.0,Maharashtra,Red
2007-07-04,Onion,23,Pune,FAQ,Pune,1100,600,850.0,Maharashtra,Other
2007-07-04,Onion,23,Nashik,FAQ,Satana,929,401,875.0,Maharashtra,Other
2007-07-04,Onion,23,Nashik,FAQ,Dindori(Vani),980,839,920.0,Maharashtra,Other
2007-07-04,Onion,23,Chattrapati Sambhajinagar,FAQ,Chattrapati Sambhajinagar,900,500,700.0,Maharashtra,Other
2007-07-04,Onion,23,Nashik,FAQ,Lasalgaon,961,711,871.0,Maharashtra,Other
2007-07-04,Onion,23,Nashik,FAQ,Manmad,869,549,828.0,Maharashtra,Other
2007-07-05,Onion,23,Mumbai,FAQ,Mumbai,1100,800,950.0,Maharashtra,Other
2007-07-05,Onion,23,Dharashiv(Usmanabad),FAQ,Dharashiv,800,500,650.0,Maharashtra,Other
2007-07-05,Onion,23,Ahmednagar,FAQ,Rahuri(Vambori),865,500,680.0,Maharashtra,Other
2007-07-05,Onion,23,Thane,FAQ,Kalyan,1200,1000,1100.0,Maharashtra,Other
2007-07-05,Onion,23,Ahmednagar,FAQ,Shrirampur,1050,300,675.0,Maharashtra,Other
2007-07-05,Onion,23,Nashik,FAQ,Satana,886,301,821.0,Maharashtra,Other
2007-07-06,Onion,23,Dharashiv(Usmanabad),FAQ,Dharashiv,1050,800,925.0,Maharashtra,Other
2007-07-06,Onion,23,Nagpur,FAQ,Nagpur,1062,1000,1031.0,Maharashtra,Other
2007-07-06,Onion,23,Pune,FAQ,Pune(Khadiki),1200,1100,1150.0,Maharashtra,Other
2007-07-06,Onion,23,Ahmednagar,FAQ,Rahuri,1025,201,525.0,Maharashtra,Other
2007-07-07,Onion,23,Sholapur,FAQ,Pandharpur,1211,903,1100.0,Maharashtra,Other
2007-07-07,Onion,23,Ahmednagar,FAQ,Kopargaon,950,400,850.0,Maharashtra,Other
2007-07-07,Onion,23,Parbhani,FAQ,Parbhani,850,650,750.0,Maharashtra,Red
2007-07-08,Onion,23,Nashik,FAQ,Yeola,841,651,815.0,Maharashtra,Other
2007-07-09,Onion,23,Nashik,FAQ,Manmad,842,571,821.0,Maharashtra,Other
2007-07-10,Onion,23,Pune,FAQ,Pune(Pimpri),1000,1000,1000.0,Maharashtra,Other
2007-07-10,Onion,23,Sholapur,FAQ,Pandharpur,1175,411,1120.0,Maharashtra,Other
2007-07-10,Onion,23,Ahmednagar,FAQ,Rahuri(Vambori),800,350,575.0,Maharashtra,Other
2007-07-10,Onion,23,Buldhana,FAQ,Nandura,875,230,635.0,Maharashtra,Other
2007-07-10,Onion,23,Nagpur,FAQ,Nagpur,1100,1000,1050.0,Maharashtra,Other
2007-07-10,Onion,23,Nashik,FAQ,Pimpalgaon Baswant(Saykheda),857,600,835.0,Maharashtra,Other
2007-07-10,Onion,23,Jalgaon,FAQ,Jalgaon,1000,700,850.0,Maharashtra,Red
2007-07-11,Onion,23,Ahmednagar,FAQ,Newasa(Ghodegaon),1000,200,900.0,Maharashtra,Other
2007-07-11,Onion,23,Pune,FAQ,Pune(Pimpri),1000,900,950.0,Maharashtra,Other
2007-07-11,Onion,23,Thane,FAQ,Ulhasnagar,1350,1100,1200.0,Maharashtra,Other
2007-07-11,Onion,23,Dhule,FAQ,Dhule,1020,1020,1020.0,Maharashtra,Other
2007-07-11,Onion,23,Mumbai,FAQ,Mumbai,1000,700,850.0,Maharashtra,Other
2007-07-12,Onion,23,Nashik,FAQ,Yeola,849,500,825.0,Maharashtra,Other
2007-07-12,Onion,23,Mumbai,FAQ,Mumbai,1050,800,925.0,Maharashtra,Other
2007-07-12,Onion,23,Pune,FAQ,Pune(Khadiki),1200,1100,1150.0,Maharashtra,Other
2007-07-12,Onion,23,Satara,FAQ,Satara,1100,1000,1050.0,Maharashtra,Other
2007-07-12,Onion,23,Dhule,FAQ,Dhule,885,300,800.0,Maharashtra,Red
2007-07-12,Onion,23,Satara,FAQ,Lonand,951,450,850.0,Maharashtra,Other
2007-07-13,Onion,23,Nashik,FAQ,Lasalgaon,885,700,851.0,Maharashtra,Other
2007-07-13,Onion,23,Pune,FAQ,Pune(Pimpri),1000,900,950.0,Maharashtra,Other
2007-07-14,Onion,23,Ahmednagar,FAQ,Kopargaon,1000,450,900.0,Maharashtra,Other
2007-07-14,Onion,23,Nashik,FAQ,Nasik,900,401,775.0,Maharashtra,Other
2007-07-14,Onion,23,Chandrapur,FAQ,Chandrapur,1400,700,1200.0,Maharashtra,Other
2007-07-14,Onion,23,Pune,FAQ,Pune(Khadiki),1100,1100,1100.0,Maharashtra,Other
2007-07-14,Onion,23,Pune,FAQ,Pune(Pimpri),1000,900,950.0,Maharashtra,Other
2007-07-14,Onion,23,Chattrapati Sambhajinagar,FAQ,Chattrapati Sambhajinagar,900,600,750.0,Maharashtra,Other
2007-07-15,Onion,23,Ahmednagar,FAQ,Newasa(Ghodegaon),1000,300,900.0,Maharashtra,Other
2007-07-15,Onion,23,Chattrapati Sambhajinagar,FAQ,Chattrapati Sambhajinagar,900,600,750.0,Maharashtra,Other
2007-07-15,Onion,23,Ahmednagar,FAQ,Rahata,1050,550,850.0,Maharashtra,Other
2007-07-16,Onion,23,Pune,FAQ,Pune(Pimpri),1000,950,980.0,Maharashtra,Other
2007-07-16,Onion,23,Nashik,FAQ,Satana,823,311,775.0,Maharashtra,Other
2007-07-16,Onion,23,Pune,FAQ,Pune(Khadiki),1050,1050,1050.0,Maharashtra,Other
2007-07-16,Onion,23,Chattrapati Sambhajinagar,FAQ,Chattrapati Sambhajinagar,900,600,750.0,Maharashtra,Other
2007-07-17,Onion,23,Sholapur,FAQ,Pandharpur,1150,500,1100.0,Maharashtra,Other
2007-07-17,Onion,23,Nashik,FAQ,Satana,833,301,790.0,Maharashtra,Other
2007-07-17,Onion,23,Parbhani,FAQ,Parbhani,1000,700,800.0,Maharashtra,Red
2007-07-17,Onion,23,Kolhapur,FAQ,Kolhapur,1050,600,800.0,Maharashtra,Other
2007-07-17,Onion,23,Satara,FAQ,Karad,1000,500,900.0,Maharashtra,Other
2007-07-17,Onion,23,Dhule,FAQ,Dhule,965,450,850.0,Maharashtra,Other
2007-07-17,Onion,23,Ahmednagar,FAQ,Rahuri(Vambori),650,531,590.0,Maharashtra,Other
2007-07-18,Onion,23,Nashik,FAQ,Satana,834,301,775.0,Maharashtra,Other
2007-07-18,Onion,23,Pune,FAQ,Indapur,1000,200,925.0,Maharashtra,Other
2007-07-18,Onion,23,Pune,FAQ,Pune,950,600,775.0,Maharashtra,Other
2007-07-18,Onion,23,Thane,FAQ,Ulhasnagar,1350,1100,1200.0,Maharashtra,Other
2007-07-18,Onion,23,Nashik,FAQ,Devala,893,500,825.0,Maharashtra,Other
2007-07-18,Onion,23,Sangli,FAQ,"Sangli(Phale, Bhajipura Market)",1050,700,875.0,Maharashtra,Other
2007-07-19,Onion,23,Ahmednagar,FAQ,Rahuri(Vambori),901,855,878.0,Maharashtra,Other
2007-07-19,Onion,23,Satara,FAQ,Satara,1100,900,1000.0,Maharashtra,Other
2007-07-19,Onion,23,Nashik,FAQ,Dindori(Vani),890,500,871.0,Maharashtra,Other
2007-07-19,Onion,23,Chattrapati Sambhajinagar,FAQ,Chattrapati Sambhajinagar,700,600,650.0,Maharashtra,Other
2007-07-19,Onion,23,Sangli,FAQ,"Sangli(Phale, Bhajipura Market)",1050,750,900.0,Maharashtra,Other
2007-07-19,Onion,23,Nashik,FAQ,Yeola,830,400,810.0,Maharashtra,Other
2007-07-20,Onion,23,Sangli,FAQ,"Sangli(Phale, Bhajipura Market)",1050,700,875.0,Maharashtra,Other
2007-07-20,Onion,23,Sholapur,FAQ,Pandharpur,1150,350,1100.0,Maharashtra,Other
2007-07-20,Onion,23,Satara,FAQ,Vai,1000,900,950.0,Maharashtra,Other
2007-07-21,Onion,23,Sholapur,FAQ,Pandharpur,1160,400,1080.0,Maharashtra,Other
2007-07-21,Onion,23,Parbhani,FAQ,Parbhani,800,700,750.0,Maharashtra,Red
2007-07-22,Onion,23,Nagpur,FAQ,Nagpur,1075,1000,1037.0,Maharashtra,Other
2007-07-23,Onion,23,Pune,FAQ,Pune(Khadiki),1000,1000,1000.0,Maharashtra,Other
2007-07-23,Onion,23,Satara,FAQ,Jawali,1000,850,950.0,Maharashtra,Other
2007-07-23,Onion,23,Ahmednagar,FAQ,Shrirampur,930,600,765.0,Maharashtra,Other
2007-07-23,Onion,23,Satara,FAQ,Vai,1000,900,950.0,Maharashtra,Other
2007-07-24,Onion,23,Nagpur,FAQ,Nagpur,1050,1000,1025.0,Maharashtra,Other
2007-07-24,Onion,23,Jalgaon,FAQ,Jalgaon,925,600,750.0,Maharashtra,Red
2007-07-24,Onion,23,Pune,FAQ,Pune(Pimpri),1000,950,970.0,Maharashtra,Other
2007-07-25,Onion,23,Pune,FAQ,Pune(Khadiki),1000,1000,1000.0,Maharashtra,Other
2007-07-25,Onion,23,Nagpur,FAQ,Kalmeshwar,1100,900,1000.0,Maharashtra,Other
2007-07-25,Onion,23,Satara,FAQ,Satara,1050,900,1000.0,Maharashtra,Other
2007-07-26,Onion,23,Nandurbar,FAQ,Navapur,700,700,700.0,Maharashtra,Other
2007-07-26,Onion,23,Satara,FAQ,Satara,1000,900,950.0,Maharashtra,Other
2007-07-26,Onion,23,Pune,FAQ,Pune(Pimpri),1000,900,950.0,Maharashtra,Other
2007-07-26,Onion,23,Kolhapur,FAQ,Kolhapur,1050,600,750.0,Maharashtra,Other
2007-07-26,Onion,23,Pune,FAQ,Pune,950,600,775.0,Maharashtra,Other
2007-07-27,Onion,23,Ahmednagar,FAQ,Akole,900,400,650.0,Maharashtra,Other
2007-07-27,Onion,23,Nashik,FAQ,Pimpalgaon,911,740,871.0,Maharashtra,Other
2007-07-28,Onion,23,Satara,FAQ,Vai,1000,800,900.0,Maharashtra,Other
2007-07-29,Onion,23,Beed,FAQ,Kada,1011,350,1000.0,Maharashtra,Other
2007-07-29,Onion,23,Ahmednagar,FAQ,Rahata,1000,500,825.0,Maharashtra,Other
2007-07-29,Onion,23,Pune,FAQ,Pune,1000,650,825.0,Maharashtra,Other
2007-07-29,Onion,23,Pune,FAQ,Indapur,975,300,851.0,Maharashtra,Other
2007-07-29,Onion,23,Satara,FAQ,Satara,1100,900,1000.0,Maharashtra,Other
2007-07-29,Onion,23,Ahmednagar,FAQ,Rahuri,965,201,501.0,Maharashtra,Other
2007-07-30,Onion,23,Pune,FAQ,Pune(Khadiki),1000,800,900.0,Maharashtra,Other
2007-07-30,Onion,23,Nashik,FAQ,Lasalgaon(Niphad),1017,730,953.0,Maharashtra,Other
2007-07-30,Onion,23,Nashik,FAQ,Devala,1000,600,950.0,Maharashtra,Other
2007-07-31,Onion,23,Jalgaon,FAQ,Jalgaon,1000,700,850.0,Maharashtra,Red
2007-07-31,Onion,23,Buldhana,FAQ,Nandura,945,256,775.0,Maharashtra,Other
2007-07-31,Onion,23,Nashik,FAQ,Nasik,951,401,850.0,Maharashtra,Other
2007-08-01,Onion,23,Dhule,FAQ,Dhule,850,850,850.0,Maharashtra,Other
2007-08-01,Onion,23,Mumbai,FAQ,Mumbai,1050,800,925.0,Maharashtra,Other
2007-08-01,Onion,23,Nashik,FAQ,Manmad,910,760,875.0,Maharashtra,Other
2007-08-01,Onion,23,Ahmednagar,FAQ,Kopargaon,1030,600,930.0,Maharashtra,Other
2007-08-01,Onion,23,Nashik,FAQ,Chandvad,908,200,851.0,Maharashtra,Other
2007-08-01,Onion,23,Thane,FAQ,Kalyan,1100,1000,1050.0,Maharashtra,Other
2007-08-01,Onion,23,Nashik,FAQ,Lasalgaon(Niphad),936,751,860.0,Maharashtra,Other
2007-08-02,Onion,23,Nagpur,FAQ,Nagpur,1025,950,987.0,Maharashtra,Red
2007-08-02,Onion,23,Jalana,FAQ,Jalana,1025,400,850.0,Maharashtra,Other
2007-08-02,Onion,23,Sangli,FAQ,"Sangli(Phale, Bhajipura Market)",1050,750,900.0,Maharashtra,Other
2007-08-02,Onion,23,Nagpur,FAQ,Nagpur,1075,1000,1037.0,Maharashtra,Other
2007-08-02,Onion,23,Nashik,FAQ,Satana,899,301,821.0,Maharashtra,Other
2007-08-02,Onion,23,Nashik,FAQ,Pimpalgaon,901,780,865.0,Maharashtra,Other
2007-08-02,Onion,23,Nashik,FAQ,Nasik,951,501,850.0,Maharashtra,Other
2007-08-02,Onion,23,Dhule,FAQ,Dhule,910,250,820.0,Maharashtra,Red
2007-08-02,Onion,23,Pune,FAQ,Junnar,1000,700,950.0,Maharashtra,Other
2007-08-03,Onion,23,Pune,FAQ,Indapur,1051,700,930.0,Maharashtra,Other
2007-08-03,Onion,23,Kolhapur,FAQ,Kolhapur,1030,500,775.0,Maharashtra,Other
2007-08-03,Onion,23,Nashik,FAQ,Devala,954,400,825.0,Maharashtra,Other
2007-08-04,Onion,23,Pune,FAQ,Pune(Pimpri),930,850,890.0,Maharashtra,Other
2007-08-04,Onion,23,Ahmednagar,FAQ,Shrirampur,900,300,600.0,Maharashtra,Other
2007-08-04,Onion,23,Pune,FAQ,Pune(Khadiki),1000,900,950.0,Maharashtra,Other
2007-08-04,Onion,23,Mumbai,FAQ,Mumbai,1000,800,900.0,Maharashtra,Other
2007-08-04,Onion,23,Jalgaon,FAQ,Jalgaon,1000,700,850.0,Maharashtra,Red
2007-08-04,Onion,23,Sangli,FAQ,"Sangli(Phale, Bhajipura Market)",1100,400,750.0,Maharashtra,Other
2007-08-05,Onion,23,Ahmednagar,FAQ,Newasa(Ghodegaon),1010,200,950.0,Maharashtra,Other
2007-08-05,Onion,23,Pune,FAQ,Junnar,1000,600,900.0,Maharashtra,Other
2007-08-05,Onion,23,Ahmednagar,FAQ,Sangamner,1045,200,622.0,Maharashtra,Other
2007-08-05,Onion,23,Nagpur,FAQ,Nagpur,1050,1000,1025.0,Maharashtra,Other
2007-08-05,Onion,23,Nashik,FAQ,Yeola,876,500,860.0,Maharashtra,Other
2007-08-06,Onion,23,Pune,FAQ,Pune,1050,700,875.0,Maharashtra,Other
2007-08-06,Onion,23,Mumbai,FAQ,Mumbai,1000,800,900.0,Maharashtra,Other
2007-08-06,Onion,23,Satara,FAQ,Karad,1000,700,950.0,Maharashtra,Other
2007-08-06,Onion,23,Nashik,FAQ,Pimpalgaon Baswant(Saykheda),892,700,850.0,Maharashtra,Other
2007-08-06,Onion,23,Pune,FAQ,Pune(Pimpri),1000,800,900.0,Maharashtra,Other
2007-08-06,Onion,23,Nagpur,FAQ,Nagpur,1050,1000,1025.0,Maharashtra,Other
2007-08-07,Onion,23,Nagpur,FAQ,Nagpur,1025,950,987.0,Maharashtra,Red
2007-08-07,Onion,23,Nashik,FAQ,Nasik,950,351,850.0,Maharashtra,Other
2007-08-07,Onion,23,Nashik,FAQ,Satana,999,351,890.0,Maharashtra,Other
2007-08-07,Onion,23,Dhule,FAQ,Dhule,800,800,800.0,Maharashtra,Other
2007-08-07,Onion,23,Nashik,FAQ,Pimpalgaon,935,845,911.0,Maharashtra,Other
2007-08-07,Onion,23,Ahmednagar,FAQ,Sangamner,1050,200,625.0,Maharashtra,Other
2007-08-07,Onion,23,Nashik,FAQ,Pimpalgaon Baswant(Saykheda),919,800,880.0,Maharashtra,Other
2007-08-07,Onion,23,Satara,FAQ,Satara,1100,900,1000.0,Maharashtra,Other
2007-08-08,Onion,23,Ahmednagar,FAQ,Newasa(Ghodegaon),1010,200,950.0,Maharashtra,Other
2007-08-08,Onion,23,Dhule,FAQ,Shirpur,1005,780,1000.0,Maharashtra,Red
2007-08-08,Onion,23,Nagpur,FAQ,Nagpur,1075,1000,1037.0,Maharashtra,Other
2007-08-09,Onion,23,Pune,FAQ,Pune(Pimpri),1000,500,750.0,Maharashtra,Other
2007-08-09,Onion,23,Pune,FAQ,Pune(Khadiki),1000,800,900.0,Maharashtra,Other
2007-08-09,Onion,23,Nashik,FAQ,Sinner,1010,200,975.0,Maharashtra,Other
2007-08-09,Onion,23,Nashik,FAQ,Chandvad,987,303,905.0,Maharashtra,Other
2007-08-09,Onion,23,Satara,FAQ,Karad,1000,500,700.0,Maharashtra,Other
2007-08-09,Onion,23,Chandrapur,FAQ,Chandrapur(Ganjwad),1300,900,1050.0,Maharashtra,Other
2007-08-09,Onion,23,Jalgaon,FAQ,Jalgaon,1050,700,875.0,Maharashtra,Red
2007-08-10,Onion,23,Nashik,FAQ,Chandvad,994,500,911.0,Maharashtra,Other
2007-08-10,Onion,23,Sholapur,FAQ,Pandharpur,1125,600,1070.0,Maharashtra,Other
2007-08-10,Onion,23,Nagpur,FAQ,Nagpur,1075,1000,1037.0,Maharashtra,Red
2007-08-11,Onion,23,Parbhani,FAQ,Parbhani,1000,700,800.0,Maharashtra,Red
2007-08-11,Onion,23,Dhule,FAQ,Shirpur,1051,710,890.0,Maharashtra,Red
2007-08-12,Onion,23,Pune,FAQ,Indapur,1051,700,850.0,Maharashtra,Other
2007-08-12,Onion,23,Satara,FAQ,Satara,1100,1000,1050.0,Maharashtra,Other
2007-08-13,Onion,23,Nashik,FAQ,Dindori(Vani),1122,1050,1082.0,Maharashtra,Other
2007-08-13,Onion,23,Nashik,FAQ,Pimpalgaon Baswant(Saykheda),1113,900,1040.0,Maharashtra,Other
2007-08-13,Onion,23,Dhule,FAQ,Dhule,1100,400,1010.0,Maharashtra,Red
2007-08-13,Onion,23,Sholapur,FAQ,Pandharpur,1160,1010,1071.0,Maharashtra,Other
2007-08-14,Onion,23,Kolhapur,FAQ,Kolhapur,1300,600,750.0,Maharashtra,Other
2007-08-14,Onion,23,Pune,FAQ,Pune,1200,800,1000.0,Maharashtra,Other
2007-08-14,Onion,23,Nashik,FAQ,Devala,1198,600,1125.0,Maharashtra,Other
2007-08-14,Onion,23,Nashik,FAQ,Pimpalgaon,1151,900,1075.0,Maharashtra,Other
2007-08-14,Onion,23,Nashik,FAQ,Lasalgaon(Niphad),1154,800,1095.0,Maharashtra,Other
2007-08-14,Onion,23,Chattrapati Sambhajinagar,FAQ,Chattrapati Sambhajinagar,1300,700,1000.0,Maharashtra,Other
2007-08-14,Onion,23,Satara,FAQ,Satara,1100,900,1000.0,Maharashtra,Other
2007-08-16,Onion,23,Dhule,FAQ,Dhule,820,820,820.0,Maharashtra,Other
2007-08-16,Onion,23,Pune,FAQ,Pune(Khadiki),1100,1100,1100.0,Maharashtra,Other
2007-08-16,Onion,23,Pune,FAQ,Pune(Pimpri),900,900,900.0,Maharashtra,Other
2007-08-16,Onion,23,Nashik,FAQ,Pimpalgaon,1216,1025,1111.0,Maharashtra,Other
2007-08-16,Onion,23,Sangli,FAQ,"Sangli(Phale, Bhajipura Market)",1300,750,1025.0,Maharashtra,Other
2007-08-17,Onion,23,Nashik,FAQ,Devala,1389,700,1250.0,Maharashtra,Other
2007-08-17,Onion,23,Pune,FAQ,Pune(Khadiki),1000,400,700.0,Maharashtra,Other
2007-08-17,Onion,23,Sholapur,FAQ,Pandharpur,1275,700,1150.0,Maharashtra,Other
2007-08-17,Onion,23,Chandrapur,FAQ,Chandrapur(Ganjwad),1300,700,1150.0,Maharashtra,Other
2007-08-17,Onion,23,Nashik,FAQ,Pimpalgaon,1311,1051,1225.0,Maharashtra,Other
2007-08-17,Onion,23,Thane,FAQ,Ulhasnagar,1100,1000,1050.0,Maharashtra,Other
2007-08-17,Onion,23,Satara,FAQ,Vai,1100,1000,1050.0,Maharashtra,Other
2007-08-18,Onion,23,Nagpur,FAQ,Nagpur,1625,1500,1562.0,Maharashtra,Other
2007-08-18,Onion,23,Nandurbar,FAQ,Navapur,1000,1000,1000.0,Maharashtra,Other
2007-08-19,Onion,23,Pune,FAQ,Pune(Khadiki),1200,700,950.0,Maharashtra,Other
2007-08-19,Onion,23,Satara,FAQ,Satara,1300,1000,1150.0,Maharashtra,Other
2007-08-19,Onion,23,Nagpur,FAQ,Nagpur,1625,1500,1562.0,Maharashtra,Other
2007-08-20,Onion,23,Chandrapur,FAQ,Chandrapur(Ganjwad),1600,800,1450.0,Maharashtra,Other
2007-08-20,Onion,23,Pune,FAQ,Pune,1700,1000,1350.0,Maharashtra,Other
2007-08-20,Onion,23,Satara,FAQ,Vai,1200,1000,1100.0,Maharashtra,Other
2007-08-20,Onion,23,Nashik,FAQ,Lasalgaon(Niphad),1900,1235,1810.0,Maharashtra,Other
2007-08-21,Onion,23,Nashik,FAQ,Chandvad,1636,801,1350.0,Maharashtra,Other
2007-08-21,Onion,23,Pune,FAQ,Pune(Khadiki),1400,1400,1400.0,Maharashtra,Other
2007-08-21,Onion,23,Pune,FAQ,Junnar(Otur),1850,700,1700.0,Maharashtra,Other
2007-08-21,Onion,23,Chandrapur,FAQ,Chandrapur(Ganjwad),1600,800,1400.0,Maharashtra,Other
2007-08-21,Onion,23,Pune,FAQ,Pune,1800,1500,1650.0,Maharashtra,Other
2007-08-21,Onion,23,Beed,FAQ,Kada,1725,500,1625.0,Maharashtra,Other
2007-08-21,Onion,23,Satara,FAQ,Phaltan,2000,1000,1400.0,Maharashtra,Other
2007-08-21,Onion,23,Nashik,FAQ,Devala,1590,700,1350.0,Maharashtra,Other
2007-08-22,Onion,23,Thane,FAQ,Bhivandi,900,700,800.0,Maharashtra,Other
2007-08-22,Onion,23,Satara,FAQ,Vai,1000,800,900.0,Maharashtra,Other
2007-08-22,Onion,23,Mumbai,FAQ,Mumbai,1650,1400,1525.0,Maharashtra,Other
2007-08-22,Onion,23,Nashik,FAQ,Yeola,1361,900,1300.0,Maharashtra,Other
2007-08-23,Onion,23,Pune,FAQ,Pune,1600,1000,1300.0,Maharashtra,Other
2007-08-24,Onion,23,Mumbai,FAQ,Mumbai,1550,1350,1450.0,Maharashtra,Other
2007-08-24,Onion,23,Nashik,FAQ,Kalvan,1594,300,1551.0,Maharashtra,Other
2007-08-24,Onion,23,Chandrapur,FAQ,Chandrapur(Ganjwad),1600,800,1450.0,Maharashtra,Other
2007-08-24,Onion,23,Pune,FAQ,Pune(Khadiki),1300,500,900.0,Maharashtra,Other
2007-08-25,Onion,23,Satara,FAQ,Vai,1600,1500,1550.0,Maharashtra,Other
2007-08-25,Onion,23,Nagpur,FAQ,Nagpur,1625,1500,1562.0,Maharashtra,Other
2007-08-26,Onion,23,Pune,FAQ,Junnar(Otur),1600,500,1500.0,Maharashtra,Other
2007-08-26,Onion,23,Nagpur,FAQ,Nagpur,1625,1500,1562.0,Maharashtra,Other
2007-08-26,Onion,23,Pune,FAQ,Pune,1600,800,1200.0,Maharashtra,Other
2007-08-27,Onion,23,Nashik,FAQ,Nasik,1452,465,1225.0,Maharashtra,Other
2007-08-27,Onion,23,Sangli,FAQ,"Sangli(Phale, Bhajipura Market)",1350,300,825.0,Maharashtra,Other
2007-08-27,Onion,23,Nashik,FAQ,Kalvan,1400,251,1250.0,Maharashtra,Other
2007-08-29,Onion,23,Nashik,FAQ,Lasalgaon(Niphad),1476,990,1301.0,Maharashtra,Other
2007-08-29,Onion,23,Mumbai,FAQ,Mumbai,1500,1300,1400.0,Maharashtra,Other
2007-08-29,Onion,23,Nagpur,FAQ,Nagpur,1375,1250,1312.0,Maharashtra,Red
2007-08-29,Onion,23,Nashik,FAQ,Nasik,1301,551,1175.0,Maharashtra,Other
2007-08-30,Onion,23,Dhule,FAQ,Dhule,1450,421,1225.0,Maharashtra,Red
2007-08-30,Onion,23,Nashik,FAQ,Satana,1525,601,1400.0,Maharashtra,Other
2007-08-30,Onion,23,Nashik,FAQ,Lasalgaon(Niphad),1581,951,1410.0,Maharashtra,Other
2007-08-30,Onion,23,Nagpur,FAQ,Nagpur,1375,1250,1312.0,Maharashtra,Red
2007-08-30,Onion,23,Sangli,FAQ,"Sangli(Phale, Bhajipura Market)",1500,350,925.0,Maharashtra,Other
2007-08-30,Onion,23,Satara,FAQ,Vai,1500,1200,1350.0,Maharashtra,Other
2007-08-30,Onion,23,Nashik,FAQ,Yeola,1360,900,1315.0,Maharashtra,Other
2007-08-30,Onion,23,Nashik,FAQ,Sinner,1466,500,1400.0,Maharashtra,Other
2007-08-30,Onion,23,Beed,FAQ,Kada,1000,300,650.0,Maharashtra,Other
2007-08-31,Onion,23,Satara,FAQ,Phaltan,1100,400,825.0,Maharashtra,Other
2007-08-31,Onion,23,Kolhapur,FAQ,Kolhapur,1500,600,1050.0,Maharashtra,Other
2007-08-31,Onion,23,Dhule,FAQ,Dhule,1405,1405,1405.0,Maharashtra,Other
2007-08-31,Onion,23,Nashik,FAQ,Devala,1575,700,1451.0,Maharashtra,Other
2007-08-31,Onion,23,Nashik,FAQ,Sinner,1551,400,1450.0,Maharashtra,Other
2007-09-01,Onion,23,Chattrapati Sambhajinagar,FAQ,Chattrapati Sambhajinagar,1300,700,1000.0,Maharashtra,Other
2007-09-01,Onion,23,Dhule,FAQ,Shirpur,1425,1425,1425.0,Maharashtra,Red
2007-09-01,Onion,23,Mumbai,FAQ,Mumbai,1600,1300,1450.0,Maharashtra,Other
2007-09-01,Onion,23,Pune,FAQ,Baramati,1501,500,1050.0,Maharashtra,Red
2007-09-02,Onion,23,Chattrapati Sambhajinagar,FAQ,Chattrapati Sambhajinagar,1400,700,1050.0,Maharashtra,Other
2007-09-03,Onion,23,Pune,FAQ,Pune,1650,700,1175.0,Maharashtra,Other
2007-09-04,Onion,23,Satara,FAQ,Phaltan,1520,900,1150.0,Maharashtra,Other
2007-09-04,Onion,23,Nashik,FAQ,Nasik,1500,575,1300.0,Maharashtra,Other
2007-09-05,Onion,23,Ahmednagar,FAQ,Kopargaon,1625,700,1400.0,Maharashtra,Other
2007-09-05,Onion,23,Dhule,FAQ,Dhule,1470,450,1240.0,Maharashtra,Red
2007-09-05,Onion,23,Pune,FAQ,Pune(Khadiki),1400,1000,1200.0,Maharashtra,Other
2007-09-05,Onion,23,Nashik,FAQ,Devala,1450,400,1325.0,Maharashtra,Other
2007-09-05,Onion,23,Beed,FAQ,Kada,1300,350,800.0,Maharashtra,Red
2007-09-06,Onion,23,Nashik,FAQ,Devala,1470,600,1300.0,Maharashtra,Other
2007-09-06,Onion,23,Thane,FAQ,Ulhasnagar,1200,1100,1150.0,Maharashtra,Other
2007-09-07,Onion,23,Dhule,FAQ,Dhule,1475,1475,1475.0,Maharashtra,Other
2007-09-08,Onion,23,Nashik,FAQ,Yeola,1311,900,1275.0,Maharashtra,Other
2007-09-09,Onion,23,Pune,FAQ,Junnar(Otur),1500,500,1200.0,Maharashtra,Other
2007-09-09,Onion,23,Pune,FAQ,Pune,1500,600,1050.0,Maharashtra,Other
2007-09-10,Onion,23,Nashik,FAQ,Nasik,1401,600,1200.0,Maharashtra,Other
2007-09-10,Onion,23,Pune,FAQ,Pune(Pimpri),1500,1500,1500.0,Maharashtra,Other
2007-09-11,Onion,23,Nashik,FAQ,Nasik,1351,575,1150.0,Maharashtra,Other
2007-09-11,Onion,23,Pune,FAQ,Junnar(Otur),1850,855,1410.0,Maharashtra,Other
2007-09-12,Onion,23,Nashik,FAQ,Dindori(Vani),1462,1016,1372.0,Maharashtra,Other
2007-09-12,Onion,23,Nashik,FAQ,Lasalgaon(Niphad),1394,840,1250.0,Maharashtra,Other
2007-09-12,Onion,23,Pune,FAQ,Indapur,1460,400,725.0,Maharashtra,Other
2007-09-12,Onion,23,Nashik,FAQ,Sinner,1394,300,1325.0,Maharashtra,Other
2007-09-12,Onion,23,Nashik,FAQ,Devala,1413,500,1325.0,Maharashtra,Other
2007-09-13,Onion,23,Kolhapur,FAQ,Kolhapur,1500,500,1000.0,Maharashtra,Other
2007-09-13,Onion,23,Nashik,FAQ,Devala,1388,500,1325.0,Maharashtra,Other
2007-09-13,Onion,23,Satara,FAQ,Lonand,1311,700,950.0,Maharashtra,Red
2007-09-13,Onion,23,Pune,FAQ,Junnar,1500,1000,1250.0,Maharashtra,Other
2007-09-13,Onion,23,Pune,FAQ,Pune(Khadiki),1600,1100,1350.0,Maharashtra,Other
2007-09-13,Onion,23,Ahmednagar,FAQ,Shrirampur,1525,500,1050.0,Maharashtra,Other
2007-09-13,Onion,23,Satara,FAQ,Vai,1500,1000,1250.0,Maharashtra,Other
2007-09-13,Onion,23,Thane,FAQ,Kalyan,1900,1800,1850.0,Maharashtra,Other
2007-09-13,Onion,23,Nagpur,FAQ,Nagpur,1250,1125,1187.0,Maharashtra,Red
2007-09-13,Onion,23,Thane,FAQ,Ulhasnagar,1500,1250,1300.0,Maharashtra,Other
2007-09-13,Onion,23,Nashik,FAQ,Chandvad,1392,551,1340.0,Maharashtra,Other
2007-09-14,Onion,23,Nashik,FAQ,Sinner,1447,400,1375.0,Maharashtra,Other
2007-09-14,Onion,23,Satara,FAQ,Vai,1300,1000,1150.0,Maharashtra,Other
2007-09-14,Onion,23,Pune,FAQ,Pune(Pimpri),1500,1400,1450.0,Maharashtra,Other
2007-09-14,Onion,23,Satara,FAQ,Phaltan,1000,500,700.0,Maharashtra,Other
2007-09-14,Onion,23,Kolhapur,FAQ,Kolhapur,1500,500,700.0,Maharashtra,Other
2007-09-14,Onion,23,Nashik,FAQ,Lasalgaon,1391,701,1251.0,Maharashtra,Other
2007-09-14,Onion,23,Nashik,FAQ,Dindori(Vani),1467,1200,1408.0,Maharashtra,Other
2007-09-15,Onion,23,Thane,FAQ,Kalyan,1800,1700,1750.0,Maharashtra,Other
2007-09-15,Onion,23,Kolhapur,FAQ,Kolhapur,1500,600,800.0,Maharashtra,Other
2007-09-16,Onion,23,Nagpur,FAQ,Nagpur,1450,1250,1350.0,Maharashtra,Red
2007-09-17,Onion,23,Satara,FAQ,Karad,1200,900,1000.0,Maharashtra,Other
2007-09-17,Onion,23,Mumbai,FAQ,Mumbai,1650,1450,1550.0,Maharashtra,Other
2007-09-17,Onion,23,Sholapur,FAQ,Pandharpur,1350,1000,1200.0,Maharashtra,Other
2007-09-17,Onion,23,Nashik,FAQ,Yeola,1501,1000,1450.0,Maharashtra,Other
2007-09-17,Onion,23,Nashik,FAQ,Nasik,1450,660,1250.0,Maharashtra,Other
2007-09-17,Onion,23,Pune,FAQ,Pune(Khadiki),900,500,700.0,Maharashtra,Other
2007-09-17,Onion,23,Ahmednagar,FAQ,Shrirampur,1600,400,1000.0,Maharashtra,Other
2007-09-18,Onion,23,Chandrapur,FAQ,Chandrapur(Ganjwad),1600,700,1200.0,Maharashtra,Other
2007-09-18,Onion,23,Satara,FAQ,Vai,1400,1000,1200.0,Maharashtra,Other
2007-09-18,Onion,23,Pune,FAQ,Pune(Khadiki),1700,1500,1600.0,Maharashtra,Other
2007-09-19,Onion,23,Nagpur,FAQ,Nagpur,1560,1375,1437.0,Maharashtra,Red
2007-09-19,Onion,23,Nashik,FAQ,Dindori(Vani),1784,1650,1721.0,Maharashtra,Other
2007-09-20,Onion,23,Pune,FAQ,Junnar,1750,1250,1500.0,Maharashtra,Other
2007-09-20,Onion,23,Parbhani,FAQ,Parbhani,490,350,430.0,Maharashtra,Other
2007-09-21,Onion,23,Thane,FAQ,Kalyan,1800,1700,1750.0,Maharashtra,Other
2007-09-21,Onion,23,Nashik,FAQ,Satana,1660,655,1500.0,Maharashtra,Other
2007-09-21,Onion,23,Nashik,FAQ,Devala,1681,500,1600.0,Maharashtra,Other
2007-09-21,Onion,23,Ahmednagar,FAQ,Rahata,1850,800,1550.0,Maharashtra,Other
2007-09-22,Onion,23,Mumbai,FAQ,Mumbai,1850,1600,1725.0,Maharashtra,Other
2007-09-22,Onion,23,Ahmednagar,FAQ,Kopargaon,1715,650,1550.0,Maharashtra,Other
2007-09-22,Onion,23,Satara,FAQ,Karad,1500,1300,1400.0,Maharashtra,Other
2007-09-22,Onion,23,Jalana,FAQ,Jalana,1800,700,1100.0,Maharashtra,Other
2007-09-22,Onion,23,Pune,FAQ,Khed(Chakan),1900,1000,1600.0,Maharashtra,Other
2007-09-23,Onion,23,Pune,FAQ,Junnar(Otur),1800,550,1200.0,Maharashtra,Other
2007-09-24,Onion,23,Ahmednagar,FAQ,Ahmednagar,1700,400,1050.0,Maharashtra,Other
2007-09-24,Onion,23,Nashik,FAQ,Pimpalgaon,1575,1170,1501.0,Maharashtra,Other
2007-09-24,Onion,23,Mumbai,FAQ,Mumbai,1750,1600,1675.0,Maharashtra,Other
2007-09-24,Onion,23,Chattrapati Sambhajinagar,FAQ,Chattrapati Sambhajinagar,1400,700,1050.0,Maharashtra,Other
2007-09-25,Onion,23,Nagpur,FAQ,Nagpur,1250,1000,1125.0,Maharashtra,Red
2007-09-25,Onion,23,Pune,FAQ,Pune(Khadiki),2000,1400,1700.0,Maharashtra,Other
2007-09-26,Onion,23,Nagpur,FAQ,Nagpur,1375,1125,1250.0,Maharashtra,Other
2007-09-26,Onion,23,Mumbai,FAQ,Mumbai,1800,1600,1700.0,Maharashtra,Other
2007-09-26,Onion,23,Sholapur,FAQ,Pandharpur,1500,700,1200.0,Maharashtra,Other
2007-09-27,Onion,23,Nashik,FAQ,Yeola,1671,1101,1575.0,Maharashtra,Other
2007-09-27,Onion,23,Pune,FAQ,Pune(Khadiki),1200,1200,1200.0,Maharashtra,Other
2007-09-28,Onion,23,Nashik,FAQ,Yeola,1721,1051,1641.0,Maharashtra,Other
2007-09-28,Onion,23,Nashik,FAQ,Lasalgaon,1901,860,1771.0,Maharashtra,Other
2007-09-28,Onion,23,Nashik,FAQ,Pimpalgaon Baswant(Saykheda),1794,1550,1750.0,Maharashtra,Other
2007-09-28,Onion,23,Pune,FAQ,Pune(Khadiki),2000,1400,1700.0,Maharashtra,Other
2007-09-29,Onion,23,Nashik,FAQ,Yeola,1801,1200,1725.0,Maharashtra,Other
2007-09-29,Onion,23,Ahmednagar,FAQ,Kopargaon,2000,750,1750.0,Maharashtra,Other
2007-09-30,Onion,23,Nagpur,FAQ,Nagpur,1625,1375,1500.0,Maharashtra,Other
2007-09-30,Onion,23,Thane,FAQ,Kalyan,2000,1900,1950.0,Maharashtra,Other
2007-10-01,Onion,23,Nashik,FAQ,Nasik,1900,665,1500.0,Maharashtra,Other
2007-10-01,Onion,23,Thane,FAQ,Kalyan,2100,2000,2050.0,Maharashtra,Other
2007-10-01,Onion,23,Pune,FAQ,Pune,2000,800,1400.0,Maharashtra,Other
2007-10-01,Onion,23,Nashik,FAQ,Satana,2000,851,1811.0,Maharashtra,Other
2007-10-01,Onion,23,Chandrapur,FAQ,Chandrapur(Ganjwad),1500,700,1200.0,Maharashtra,Other
2007-10-01,Onion,23,Nashik,FAQ,Pimpalgaon,1951,1111,1851.0,Maharashtra,Other
2007-10-02,Onion,23,Thane,FAQ,Kalyan,2000,1900,1950.0,Maharashtra,Other
2007-10-02,Onion,23,Pune,FAQ,Junnar(Otur),1900,600,1200.0,Maharashtra,Other
2007-10-02,Onion,23,Nashik,FAQ,Sinner,2001,500,1900.0,Maharashtra,Other
2007-10-02,Onion,23,Satara,FAQ,Phaltan,2000,1000,1300.0,Maharashtra,Other
2007-10-02,Onion,23,Chattrapati Sambhajinagar,FAQ,Chattrapati Sambhajinagar,1400,300,850.0,Maharashtra,Other
2007-10-03,Onion,23,Nashik,FAQ,Sinner,1800,300,1725.0,Maharashtra,Other
2007-10-03,Onion,23,Nashik,FAQ,Yeola,1701,1100,1575.0,Maharashtra,Other
2007-10-03,Onion,23,Ahmednagar,FAQ,Kopargaon,1950,650,1700.0,Maharashtra,Other
2007-10-03,Onion,23,Nashik,FAQ,Pimpalgaon,1735,1111,1651.0,Maharashtra,Other
2007-10-03,Onion,23,Nashik,FAQ,Nasik,1800,550,1450.0,Maharashtra,Other
2007-10-03,Onion,23,Satara,FAQ,Karad,1750,1600,1650.0,Maharashtra,Other
2007-10-03,Onion,23,Nashik,FAQ,Devala,1041,400,800.0,Maharashtra,Red
2007-10-03,Onion,23,Thane,FAQ,Kalyan,1800,1500,1650.0,Maharashtra,Other
2007-10-04,Onion,23,Nashik,FAQ,Yeola,1575,500,1500.0,Maharashtra,Other
2007-10-04,Onion,23,Satara,FAQ,Lonand,1400,600,1000.0,Maharashtra,Red
2007-10-04,Onion,23,Pune,FAQ,Junnar,2000,1500,1700.0,Maharashtra,Other
2007-10-04,Onion,23,Nashik,FAQ,Pimpalgaon,1676,1600,1651.0,Maharashtra,Other
2007-10-05,Onion,23,Pune,FAQ,Pune(Khadiki),1600,1600,1600.0,Maharashtra,Other
2007-10-06,Onion,23,Nashik,FAQ,Ghoti,900,900,900.0,Maharashtra,Other
2007-10-06,Onion,23,Jalana,FAQ,Jalana,2210,500,950.0,Maharashtra,Other
2007-10-06,Onion,23,Ahmednagar,FAQ,Kopargaon,1775,840,1580.0,Maharashtra,Other
2007-10-06,Onion,23,Parbhani,FAQ,Parbhani,800,450,750.0,Maharashtra,Red
2007-10-07,Onion,23,Nagpur,FAQ,Nagpur,1500,1125,1312.0,Maharashtra,Red
2007-10-07,Onion,23,Pune,FAQ,Pune(Pimpri),1600,1200,1400.0,Maharashtra,Other
2007-10-08,Onion,23,Kolhapur,FAQ,Kolhapur,1500,500,1000.0,Maharashtra,Other
2007-10-08,Onion,23,Nashik,FAQ,Dindori(Vani),1500,1325,1415.0,Maharashtra,Other
2007-10-08,Onion,23,Sholapur,FAQ,Pandharpur,1200,200,780.0,Maharashtra,Other
2007-10-08,Onion,23,Nashik,FAQ,Lasalgaon,1489,602,1351.0,Maharashtra,Other
2007-10-08,Onion,23,Mumbai,FAQ,Mumbai,1750,1500,1675.0,Maharashtra,Other
2007-10-09,Onion,23,Nashik,FAQ,Nasik,1500,400,950.0,Maharashtra,Other
2007-10-09,Onion,23,Nashik,FAQ,Chandvad,1551,371,1250.0,Maharashtra,Other
2007-10-09,Onion,23,Thane,FAQ,Kalyan,1900,1800,1850.0,Maharashtra,Other
2007-10-09,Onion,23,Pune,FAQ,Junnar(Otur),1800,550,1200.0,Maharashtra,Other
2007-10-09,Onion,23,Chattrapati Sambhajinagar,FAQ,Chattrapati Sambhajinagar,1400,500,950.0,Maharashtra,Other
2007-10-09,Onion,23,Mumbai,FAQ,Mumbai,1600,1100,1350.0,Maharashtra,Other
2007-10-10,Onion,23,Nashik,FAQ,Chandvad,1575,400,1450.0,Maharashtra,Other
2007-10-11,Onion,23,Nashik,FAQ,Lasalgaon,1581,861,1451.0,Maharashtra,Other
2007-10-11,Onion,23,Satara,FAQ,Satara,1800,500,1200.0,Maharashtra,Other
2007-10-11,Onion,23,Chattrapati Sambhajinagar,FAQ,Chattrapati Sambhajinagar,1400,300,850.0,Maharashtra,Other
2007-10-11,Onion,23,Thane,FAQ,Kalyan,1700,1600,1650.0,Maharashtra,Other
2007-10-12,Onion,23,Thane,FAQ,Vasai,1400,1100,1250.0,Maharashtra,Other
2007-10-12,Onion,23,Nashik,FAQ,Nasik,1500,675,1300.0,Maharashtra,Other
2007-10-12,Onion,23,Nashik,FAQ,Chandvad,1565,390,1451.0,Maharashtra,Other
2007-10-13,Onion,23,Nashik,FAQ,Nasik,1500,600,1350.0,Maharashtra,Other
2007-10-15,Onion,23,Nashik,FAQ,Dindori(Vani),1523,1148,1461.0,Maharashtra,Other
2007-10-15,Onion,23,Beed,FAQ,Kada,1000,300,650.0,Maharashtra,Red
2007-10-15,Onion,23,Nashik,FAQ,Devala,1495,500,1325.0,Maharashtra,Other
2007-10-15,Onion,23,Satara,FAQ,Karad,1600,800,1500.0,Maharashtra,Other
2007-10-15,Onion,23,Nashik,FAQ,Yeola,1467,900,1375.0,Maharashtra,Other
2007-10-15,Onion,23,Nashik,FAQ,Lasalgaon,1427,800,1351.0,Maharashtra,Other
2007-10-15,Onion,23,Satara,FAQ,Vai,1500,1000,1250.0,Maharashtra,Other
2007-10-16,Onion,23,Satara,FAQ,Phaltan,1800,800,1150.0,Maharashtra,Other
2007-10-16,Onion,23,Satara,FAQ,Vai,1500,1200,1250.0,Maharashtra,Other
2007-10-16,Onion,23,Satara,FAQ,Karad,1800,1300,1550.0,Maharashtra,Other
2007-10-18,Onion,23,Mumbai,FAQ,Mumbai,1650,1100,1375.0,Maharashtra,Other
2007-10-18,Onion,23,Chattrapati Sambhajinagar,FAQ,Chattrapati Sambhajinagar,1500,600,850.0,Maharashtra,Other
2007-10-18,Onion,23,Nashik,FAQ,Yeola,1417,900,1360.0,Maharashtra,Other
2007-10-18,Onion,23,Nagpur,FAQ,Nagpur,1500,1375,1437.0,Maharashtra,Red
2007-10-19,Onion,23,Jalgaon,FAQ,Jalgaon,1410,350,900.0,Maharashtra,Red
2007-10-19,Onion,23,Ahmednagar,FAQ,Rahata,1560,400,1350.0,Maharashtra,Other
2007-10-19,Onion,23,Nashik,FAQ,Satana,1425,500,1315.0,Maharashtra,Other
2007-10-19,Onion,23,Nashik,FAQ,Chandvad,1468,401,1100.0,Maharashtra,Other
2007-10-20,Onion,23,Parbhani,FAQ,Parbhani,900,700,800.0,Maharashtra,Red
2007-10-20,Onion,23,Satara,FAQ,Vai,1500,1200,1350.0,Maharashtra,Other
2007-10-20,Onion,23,Nagpur,FAQ,Nagpur,1625,1500,1562.0,Maharashtra,Other
2007-10-21,Onion,23,Nagpur,FAQ,Nagpur,1250,875,1062.0,Maharashtra,Red
2007-10-21,Onion,23,Pune,FAQ,Pune(Khadiki),500,500,500.0,Maharashtra,Other
2007-10-21,Onion,23,Satara,FAQ,Satara,1600,400,1000.0,Maharashtra,Other
2007-10-21,Onion,23,Pune,FAQ,Junnar,1500,1200,1290.0,Maharashtra,Other
2007-10-22,Onion,23,Kolhapur,FAQ,Kolhapur,1500,600,900.0,Maharashtra,Other
2007-10-22,Onion,23,Nagpur,FAQ,Nagpur,1500,1375,1437.0,Maharashtra,Other
2007-10-22,Onion,23,Satara,FAQ,Lonand,1501,700,1050.0,Maharashtra,Red
2007-10-22,Onion,23,Chandrapur,FAQ,Chandrapur(Ganjwad),1300,300,1050.0,Maharashtra,Other
2007-10-22,Onion,23,Pune,FAQ,Manchar,850,600,730.0,Maharashtra,Other
2007-10-23,Onion,23,Jalgaon,FAQ,Jalgaon,1325,375,850.0,Maharashtra,Red
2007-10-23,Onion,23,Satara,FAQ,Vai,1500,1000,1250.0,Maharashtra,Other
2007-10-23,Onion,23,Nashik,FAQ,Lasalgaon,1182,666,1182.0,Maharashtra,Red
2007-10-23,Onion,23,Pune,FAQ,Pune(Pimpri),1650,1650,1650.0,Maharashtra,Other
2007-10-24,Onion,23,Nashik,FAQ,Dindori(Vani),1483,1200,1385.0,Maharashtra,Other
2007-10-24,Onion,23,Nagpur,FAQ,Nagpur,1500,1250,1375.0,Maharashtra,Other
2007-10-24,Onion,23,Pune,FAQ,Pune(Pimpri),1500,1500,1500.0,Maharashtra,Other
2007-10-24,Onion,23,Satara,FAQ,Karad,1200,500,1000.0,Maharashtra,Other
2007-10-25,Onion,23,Jalana,FAQ,Jalana,600,200,400.0,Maharashtra,Other
2007-10-25,Onion,23,Nashik,FAQ,Yeola,1401,900,1300.0,Maharashtra,Other
2007-10-25,Onion,23,Pune,FAQ,Pune,1600,750,1175.0,Maharashtra,Other
2007-10-26,Onion,23,Nashik,FAQ,Pimpalgaon,1462,841,1251.0,Maharashtra,Other
2007-10-26,Onion,23,Satara,FAQ,Vai,1500,1200,1350.0,Maharashtra,Other
2007-10-26,Onion,23,Nashik,FAQ,Nasik,1525,980,1250.0,Maharashtra,Other
2007-10-27,Onion,23,Mumbai,FAQ,Mumbai,1600,1100,1350.0,Maharashtra,Other
2007-10-27,Onion,23,Satara,FAQ,Vai,1500,1000,1250.0,Maharashtra,Other
2007-10-28,Onion,23,Nagpur,FAQ,Nagpur,1250,1000,1125.0,Maharashtra,Red
2007-10-28,Onion,23,Pune,FAQ,Pune,1800,600,1200.0,Maharashtra,Other
2007-10-28,Onion,23,Chattrapati Sambhajinagar,FAQ,Chattrapati Sambhajinagar,1000,300,650.0,Maharashtra,Other
2007-10-28,Onion,23,Nagpur,FAQ,Nagpur,1500,1250,1375.0,Maharashtra,Other
2007-10-29,Onion,23,Nashik,FAQ,Lasalgaon,1411,571,1021.0,Maharashtra,Red
2007-10-29,Onion,23,Nashik,FAQ,Devala,1364,500,1250.0,Maharashtra,Other
2007-10-29,Onion,23,Nashik,FAQ,Satana,1461,750,1351.0,Maharashtra,Other
2007-10-29,Onion,23,Nagpur,FAQ,Nagpur,1250,1000,1125.0,Maharashtra,Red
2007-10-30,Onion,23,Ahmednagar,FAQ,Rahuri(Vambori),1100,300,700.0,Maharashtra,Other
2007-10-30,Onion,23,Pune,FAQ,Pune,1600,700,1150.0,Maharashtra,Other
2007-10-30,Onion,23,Nashik,FAQ,Lasalgaon,1301,930,1151.0,Maharashtra,Other
2007-10-30,Onion,23,Nashik,FAQ,Satana,1461,750,1351.0,Maharashtra,Other
2007-10-31,Onion,23,Nashik,FAQ,Lasalgaon,1201,571,1125.0,Maharashtra,Red
2007-10-31,Onion,23,Satara,FAQ,Karad,1250,800,1000.0,Maharashtra,Other
2007-10-31,Onion,23,Nagpur,FAQ,Nagpur,1250,1000,1150.0,Maharashtra,Other
2007-10-31,Onion,23,Nashik,FAQ,Nasik,1400,660,1200.0,Maharashtra,Other
2007-11-01,Onion,23,Jalgaon,FAQ,Jalgaon,900,700,800.0,Maharashtra,Other
2007-11-01,Onion,23,Nashik,FAQ,Satana,1451,801,1351.0,Maharashtra,Other
2007-11-01,Onion,23,Mumbai,FAQ,Mumbai,1400,900,1150.0,Maharashtra,Other
2007-11-01,Onion,23,Nashik,FAQ,Yeola,1250,800,1160.0,Maharashtra,Other
2007-11-01,Onion,23,Pune,FAQ,Junnar(Otur),1610,300,1500.0,Maharashtra,Other
2007-11-01,Onion,23,Nashik,FAQ,Satana,1136,501,1025.0,Maharashtra,Red
2007-11-02,Onion,23,Nashik,FAQ,Lasalgaon,1056,612,901.0,Maharashtra,Red
2007-11-02,Onion,23,Nashik,FAQ,Dindori(Vani),1302,1200,1200.0,Maharashtra,Other
2007-11-02,Onion,23,Mumbai,FAQ,Mumbai,1400,1000,1200.0,Maharashtra,Other
2007-11-03,Onion,23,Chattrapati Sambhajinagar,FAQ,Chattrapati Sambhajinagar,1200,400,800.0,Maharashtra,Other
2007-11-03,Onion,23,Ahmednagar,FAQ,Kopargaon,1250,500,850.0,Maharashtra,Other
2007-11-03,Onion,23,Jalgaon,FAQ,Jalgaon,700,600,650.0,Maharashtra,Other
2007-11-03,Onion,23,Jalgaon,FAQ,Jalgaon,850,400,625.0,Maharashtra,Red
2007-11-04,Onion,23,Ahmednagar,FAQ,Rahata,1450,400,1225.0,Maharashtra,Other
2007-11-04,Onion,23,Nagpur,FAQ,Nagpur,875,750,812.0,Maharashtra,Red
2007-11-05,Onion,23,Nagpur,FAQ,Nagpur,875,750,812.0,Maharashtra,Red
2007-11-06,Onion,23,Sholapur,FAQ,Pandharpur,1000,200,550.0,Maharashtra,Other
2007-11-07,Onion,23,Jalgaon,FAQ,Jalgaon,750,500,625.0,Maharashtra,Other
2007-11-07,Onion,23,Nagpur,FAQ,Nagpur,1000,875,937.0,Maharashtra,Other
2007-11-07,Onion,23,Satara,FAQ,Vai,800,700,750.0,Maharashtra,Other
2007-11-09,Onion,23,Satara,FAQ,Vai,800,600,700.0,Maharashtra,Other
2007-11-11,Onion,23,Chattrapati Sambhajinagar,FAQ,Chattrapati Sambhajinagar,1000,300,650.0,Maharashtra,Other
2007-11-12,Onion,23,Satara,FAQ,Lonand,1120,400,825.0,Maharashtra,Other
2007-11-12,Onion,23,Nandurbar,FAQ,Navapur,800,800,800.0,Maharashtra,Other
2007-11-12,Onion,23,Jalgaon,FAQ,Jalgaon,900,250,550.0,Maharashtra,Red
2007-11-13,Onion,23,Jalgaon,FAQ,Jalgaon,875,300,600.0,Maharashtra,Red
2007-11-13,Onion,23,Satara,FAQ,Phaltan,1152,400,850.0,Maharashtra,Other
2007-11-13,Onion,23,Nagpur,FAQ,Nagpur,925,750,837.0,Maharashtra,Red
2007-11-13,Onion,23,Satara,FAQ,Karad,1000,600,900.0,Maharashtra,Other
2007-11-14,Onion,23,Pune,FAQ,Khed(Chakan),1100,500,800.0,Maharashtra,Other
2007-11-14,Onion,23,Nashik,FAQ,Nandgaon,871,301,750.0,Maharashtra,Other
2007-11-14,Onion,23,Pune,FAQ,Pune,1600,700,1050.0,Maharashtra,Other
2007-11-14,Onion,23,Nandurbar,FAQ,Navapur,500,500,500.0,Maharashtra,Other
2007-11-14,Onion,23,Nashik,FAQ,Chandvad,902,400,825.0,Maharashtra,Other
2007-11-15,Onion,23,Dhule,FAQ,Dhule,905,200,740.0,Maharashtra,Other
2007-11-15,Onion,23,Nashik,FAQ,Devala,1075,400,900.0,Maharashtra,Red
2007-11-15,Onion,23,Nashik,FAQ,Yeola,876,400,700.0,Maharashtra,Red
2007-11-15,Onion,23,Nagpur,FAQ,Nagpur,1000,875,925.0,Maharashtra,Red
2007-11-15,Onion,23,Pune,FAQ,Pune,1600,700,1150.0,Maharashtra,Other
2007-11-15,Onion,23,Nashik,FAQ,Lasalgaon,1411,1201,1301.0,Maharashtra,Other
2007-11-16,Onion,23,Nashik,FAQ,Devala,1276,300,1050.0,Maharashtra,Other
2007-11-16,Onion,23,Nagpur,FAQ,Nagpur,1000,875,937.0,Maharashtra,Red
2007-11-16,Onion,23,Nashik,FAQ,Chandvad,966,450,850.0,Maharashtra,Other
2007-11-16,Onion,23,Nagpur,FAQ,Nagpur,1125,950,1037.0,Maharashtra,Other
2007-11-16,Onion,23,Satara,FAQ,Koregaon,700,500,600.0,Maharashtra,Other
2007-11-16,Onion,23,Nashik,FAQ,Devala,1106,400,900.0,Maharashtra,Red
2007-11-17,Onion,23,Parbhani,FAQ,Parbhani,700,500,600.0,Maharashtra,Red
2007-11-17,Onion,23,Dhule,FAQ,Shirpur,630,375,560.0,Maharashtra,Red
2007-11-17,Onion,23,Satara,FAQ,Karad,1100,1000,1050.0,Maharashtra,Other
2007-11-18,Onion,23,Nagpur,FAQ,Nagpur,1125,950,1037.0,Maharashtra,Other
2007-11-18,Onion,23,Chattrapati Sambhajinagar,FAQ,Chattrapati Sambhajinagar,900,300,600.0,Maharashtra,Other
2007-11-18,Onion,23,Pune,FAQ,Pune,1400,700,1050.0,Maharashtra,Other
2007-11-18,Onion,23,Pune,FAQ,Junnar,1100,550,800.0,Maharashtra,Other
2007-11-19,Onion,23,Pune,FAQ,Pune(Pimpri),1800,1800,1800.0,Maharashtra,Other
2007-11-19,Onion,23,Nashik,FAQ,Dindori(Vani),982,300,800.0,Maharashtra,Red
2007-11-19,Onion,23,Kolhapur,FAQ,Kolhapur,1200,600,800.0,Maharashtra,Other
2007-11-19,Onion,23,Sangli,FAQ,"Sangli(Phale, Bhajipura Market)",1125,200,662.0,Maharashtra,Other
2007-11-19,Onion,23,Satara,FAQ,Vai,900,700,800.0,Maharashtra,Other
2007-11-20,Onion,23,Jalgaon,FAQ,Jalgaon,800,280,540.0,Maharashtra,Red
2007-11-20,Onion,23,Satara,FAQ,Phaltan,851,400,650.0,Maharashtra,Other
2007-11-20,Onion,23,Jalgaon,FAQ,Jalgaon,600,300,450.0,Maharashtra,Other
2007-11-20,Onion,23,Pune,FAQ,Pune,1400,400,900.0,Maharashtra,Other
2007-11-20,Onion,23,Nagpur,FAQ,Nagpur,700,625,662.0,Maharashtra,Red
2007-11-20,Onion,23,Kolhapur,FAQ,Kolhapur,1100,500,800.0,Maharashtra,Other
2007-11-21,Onion,23,Pune,FAQ,Khed(Chakan),800,400,600.0,Maharashtra,Other
2007-11-21,Onion,23,Mumbai,FAQ,Mumbai,900,500,700.0,Maharashtra,Other
2007-11-22,Onion,23,Nashik,FAQ,Pimpalgaon,666,351,561.0,Maharashtra,Red
2007-11-22,Onion,23,Kolhapur,FAQ,Kolhapur,1000,500,750.0,Maharashtra,Other
2007-11-22,Onion,23,Nashik,FAQ,Dindori(Vani),622,200,501.0,Maharashtra,Red
2007-11-22,Onion,23,Jalgaon,FAQ,Jalgaon,400,200,300.0,Maharashtra,Other
2007-11-23,Onion,23,Nashik,FAQ,Lasalgaon,690,440,570.0,Maharashtra,Red
2007-11-23,Onion,23,Satara,FAQ,Vai,800,700,750.0,Maharashtra,Other
2007-11-23,Onion,23,Mumbai,FAQ,Mumbai,900,600,750.0,Maharashtra,Other
2007-11-23,Onion,23,Nashik,FAQ,Devala,961,653,800.0,Maharashtra,Other
2007-11-23,Onion,23,Jalgaon,FAQ,Jalgaon,480,200,340.0,Maharashtra,Red
2007-11-24,Onion,23,Satara,FAQ,Vai,800,600,700.0,Maharashtra,Other
2007-11-24,Onion,23,Dharashiv(Usmanabad),FAQ,Dharashiv,1000,400,700.0,Maharashtra,Other
2007-11-25,Onion,23,Chattrapati Sambhajinagar,FAQ,Chattrapati Sambhajinagar,750,250,500.0,Maharashtra,Other
2007-11-26,Onion,23,Nashik,FAQ,Nasik,700,325,500.0,Maharashtra,Other
2007-11-27,Onion,23,Nashik,FAQ,Lasalgaon,747,421,551.0,Maharashtra,Red
2007-11-27,Onion,23,Nashik,FAQ,Pimpalgaon,618,421,571.0,Maharashtra,Red
2007-11-27,Onion,23,Nashik,FAQ,Nandgaon,610,250,450.0,Maharashtra,Other
2007-11-27,Onion,23,Mumbai,FAQ,Mumbai,1000,800,900.0,Maharashtra,Other
2007-11-27,Onion,23,Satara,FAQ,Vai,700,600,650.0,Maharashtra,Other
2007-11-28,Onion,23,Nashik,FAQ,Lasalgaon,650,447,551.0,Maharashtra,Red
2007-11-28,Onion,23,Nashik,FAQ,Nasik,700,295,550.0,Maharashtra,Other
2007-11-28,Onion,23,Kolhapur,FAQ,Kolhapur,1000,500,600.0,Maharashtra,Other
2007-11-29,Onion,23,Dharashiv(Usmanabad),FAQ,Dharashiv,500,385,443.0,Maharashtra,Other
2007-11-29,Onion,23,Nashik,FAQ,Lasalgaon,758,451,551.0,Maharashtra,Red
2007-11-29,Onion,23,Nashik,FAQ,Chandvad,659,200,500.0,Maharashtra,Other
2007-11-29,Onion,23,Satara,FAQ,Vai,800,600,700.0,Maharashtra,Other
2007-11-30,Onion,23,Jalgaon,FAQ,Jalgaon,600,300,450.0,Maharashtra,Other
2007-11-30,Onion,23,Satara,FAQ,Koregaon,500,300,400.0,Maharashtra,Other
2007-12-01,Onion,23,Satara,FAQ,Vai,800,600,700.0,Maharashtra,Other
2007-12-01,Onion,23,Jalgaon,FAQ,Jalgaon,650,300,475.0,Maharashtra,Other
2007-12-03,Onion,23,Chattrapati Sambhajinagar,FAQ,Chattrapati Sambhajinagar,500,300,400.0,Maharashtra,Other
2007-12-03,Onion,23,Nashik,FAQ,Devala,750,300,575.0,Maharashtra,Red
2007-12-04,Onion,23,Nashik,FAQ,Ghoti,800,800,800.0,Maharashtra,Other
2007-12-04,Onion,23,Chattrapati Sambhajinagar,FAQ,Chattrapati Sambhajinagar,500,200,350.0,Maharashtra,Other
2007-12-04,Onion,23,Nandurbar,FAQ,Navapur,700,700,700.0,Maharashtra,Other
2007-12-07,Onion,23,Mumbai,FAQ,Mumbai,850,700,775.0,Maharashtra,Other
2007-12-08,Onion,23,Nashik,FAQ,Devala,656,300,500.0,Maharashtra,Red
2007-12-08,Onion,23,Pune,FAQ,Khed(Chakan),761,400,625.0,Maharashtra,Other
2007-12-08,Onion,23,Chattrapati Sambhajinagar,FAQ,Chattrapati Sambhajinagar,550,250,400.0,Maharashtra,Other
2007-12-08,Onion,23,Nashik,FAQ,Nasik,675,211,550.0,Maharashtra,Other
2007-12-08,Onion,23,Jalgaon,FAQ,Jalgaon,675,400,525.0,Maharashtra,Other
2007-12-09,Onion,23,Nagpur,FAQ,Nagpur,700,625,662.0,Maharashtra,Other
2007-12-09,Onion,23,Chattrapati Sambhajinagar,FAQ,Chattrapati Sambhajinagar,550,250,400.0,Maharashtra,Other
2007-12-10,Onion,23,Chattrapati Sambhajinagar,FAQ,Chattrapati Sambhajinagar,650,250,450.0,Maharashtra,Other
2007-12-10,Onion,23,Nashik,FAQ,Dindori(Vani),542,400,475.0,Maharashtra,Red
2007-12-10,Onion,23,Jalgaon,FAQ,Jalgaon,525,300,410.0,Maharashtra,Red
2007-12-11,Onion,23,Nashik,FAQ,Ghoti,800,800,800.0,Maharashtra,Other
2007-12-11,Onion,23,Nagpur,FAQ,Nagpur,575,375,475.0,Maharashtra,Red
2007-12-12,Onion,23,Kolhapur,FAQ,Kolhapur,900,400,750.0,Maharashtra,Other
2007-12-12,Onion,23,Jalgaon,FAQ,Jalgaon,600,400,500.0,Maharashtra,Other
2007-12-13,Onion,23,Chattrapati Sambhajinagar,FAQ,Chattrapati Sambhajinagar,550,250,400.0,Maharashtra,Other
2007-12-13,Onion,23,Jalgaon,FAQ,Jalgaon,500,250,375.0,Maharashtra,Red
2007-12-14,Onion,23,Jalgaon,FAQ,Jalgaon,600,400,500.0,Maharashtra,Other
2007-12-14,Onion,23,Jalgaon,FAQ,Jalgaon,440,200,320.0,Maharashtra,Red
2007-12-14,Onion,23,Nashik,FAQ,Dindori(Vani),547,400,481.0,Maharashtra,Red
2007-12-15,Onion,23,Kolhapur,FAQ,Kolhapur,900,400,650.0,Maharashtra,Other
2007-12-15,Onion,23,Jalgaon,FAQ,Jalgaon,450,250,350.0,Maharashtra,Red
2007-12-16,Onion,23,Satara,FAQ,Vai,600,500,550.0,Maharashtra,Other
2007-12-16,Onion,23,Pune,FAQ,Junnar(Otur),560,300,500.0,Maharashtra,Other
2007-12-17,Onion,23,Nashik,FAQ,Lasalgaon,599,380,451.0,Maharashtra,Red
2007-12-17,Onion,23,Pune,FAQ,Pune(Khadiki),600,300,450.0,Maharashtra,Other
2007-12-18,Onion,23,Chattrapati Sambhajinagar,FAQ,Chattrapati Sambhajinagar,550,250,400.0,Maharashtra,Other
2007-12-18,Onion,23,Mumbai,FAQ,Mumbai,700,500,600.0,Maharashtra,Other
2007-12-18,Onion,23,Nashik,FAQ,Ghoti,400,400,400.0,Maharashtra,Other
2007-12-18,Onion,23,Nashik,FAQ,Lasalgaon,599,380,451.0,Maharashtra,Red
2007-12-18,Onion,23,Pune,FAQ,Pune,800,400,600.0,Maharashtra,Other
2007-12-19,Onion,23,Pune,FAQ,Pune,750,300,525.0,Maharashtra,Other
2007-12-20,Onion,23,Nashik,FAQ,Lasalgaon(Niphad),430,291,410.0,Maharashtra,Red
2007-12-20,Onion,23,Satara,FAQ,Karad,700,300,550.0,Maharashtra,Other
2007-12-20,Onion,23,Nagpur,FAQ,Nagpur,750,500,625.0,Maharashtra,Other
2007-12-20,Onion,23,Satara,FAQ,Satara,800,200,500.0,Maharashtra,Other
2007-12-20,Onion,23,Buldhana,FAQ,Malkapur,411,320,349.0,Maharashtra,Other
2007-12-20,Onion,23,Nashik,FAQ,Yeola,411,200,365.0,Maharashtra,Red
2007-12-21,Onion,23,Nagpur,FAQ,Nagpur,750,500,625.0,Maharashtra,Other
2007-12-22,Onion,23,Jalgaon,FAQ,Jalgaon,450,250,350.0,Maharashtra,Red
2007-12-22,Onion,23,Dhule,FAQ,Shirpur,415,355,401.0,Maharashtra,Red
2007-12-23,Onion,23,Nagpur,FAQ,Nagpur,550,475,512.0,Maharashtra,Red
2007-12-24,Onion,23,Nandurbar,FAQ,Navapur,500,500,500.0,Maharashtra,Other
2007-12-24,Onion,23,Nagpur,FAQ,Nagpur,550,475,512.0,Maharashtra,Red
2007-12-24,Onion,23,Nashik,FAQ,Pimpalgaon,490,325,421.0,Maharashtra,Red
2007-12-25,Onion,23,Pune,FAQ,Junnar,700,300,500.0,Maharashtra,Other
2007-12-26,Onion,23,Nagpur,FAQ,Nagpur,750,600,675.0,Maharashtra,Other
2007-12-26,Onion,23,Nashik,FAQ,Yeola,404,200,365.0,Maharashtra,Red
2007-12-26,Onion,23,Pune,FAQ,Pune(Khadiki),600,200,400.0,Maharashtra,Other
2007-12-26,Onion,23,Mumbai,FAQ,Mumbai,700,500,600.0,Maharashtra,Other
2007-12-27,Onion,23,Pune,FAQ,Junnar,700,350,500.0,Maharashtra,Other
2007-12-27,Onion,23,Pune,FAQ,Pune(Khadiki),600,300,450.0,Maharashtra,Other
2007-12-27,Onion,23,Kolhapur,FAQ,Kolhapur,800,300,500.0,Maharashtra,Other
2007-12-27,Onion,23,Nashik,FAQ,Yeola,375,200,340.0,Maharashtra,Red
2007-12-27,Onion,23,Nashik,FAQ,Lasalgaon,570,300,351.0,Maharashtra,Red
2007-12-27,Onion,23,Thane,FAQ,Kalyan,700,600,650.0,Maharashtra,Other
2007-12-28,Onion,23,Satara,FAQ,Koregaon,600,350,475.0,Maharashtra,Other
2007-12-28,Onion,23,Thane,FAQ,Kalyan,600,500,550.0,Maharashtra,Other
2007-12-28,Onion,23,Kolhapur,FAQ,Kolhapur,650,200,450.0,Maharashtra,Other
2007-12-28,Onion,23,Satara,FAQ,Vai,600,500,550.0,Maharashtra,Other
2007-12-29,Onion,23,Kolhapur,FAQ,Kolhapur,650,250,450.0,Maharashtra,Other
2007-12-29,Onion,23,Mumbai,FAQ,Mumbai,600,400,500.0,Maharashtra,Other
2007-12-31,Onion,23,Satara,FAQ,Karad,700,200,500.0,Maharashtra,Other
2007-12-31,Onion,23,Nashik,FAQ,Pimpalgaon,387,225,295.0,Maharashtra,Red
2010-01-01,Onion,23,Mumbai,FAQ,Vashi New Mumbai,2050,850,1450.0,Maharashtra,Other
2010-01-01,Onion,23,Nashik,FAQ,Manmad,1430,750,1110.0,Maharashtra,Red
2010-01-01,Onion,23,Nashik,FAQ,Dindori,1855,500,1350.0,Maharashtra,Other
2010-01-01,Onion,23,Nashik,FAQ,Devala,1891,300,1350.0,Maharashtra,Red
2010-01-01,Onion,23,Nashik,FAQ,Yeola,1350,500,900.0,Maharashtra,Other
2010-01-02,Onion,23,Kolhapur,FAQ,Kolhapur,2500,500,1500.0,Maharashtra,Other
2010-01-02,Onion,23,Nashik,FAQ,Yeola,1321,400,775.0,Maharashtra,Red
2010-01-02,Onion,23,Sangli,FAQ,"Sangli(Phale, Bhajipura Market)",1800,200,1000.0,Maharashtra,Other
2010-01-02,Onion,23,Chattrapati Sambhajinagar,FAQ,Chattrapati Sambhajinagar,1450,350,900.0,Maharashtra,Other
2010-01-02,Onion,23,Pune,FAQ,Khed(Chakan),1800,450,1350.0,Maharashtra,Other
2010-01-03,Onion,23,Pune,FAQ,Pune,2000,1000,1500.0,Maharashtra,Other
2010-01-03,Onion,23,Ahmednagar,FAQ,Rahata,1800,800,1100.0,Maharashtra,Other
2010-01-03,Onion,23,Chattrapati Sambhajinagar,FAQ,Chattrapati Sambhajinagar,1500,300,900.0,Maharashtra,Other
2010-01-04,Onion,23,Nashik,FAQ,Nasik,1900,690,1300.0,Maharashtra,Other
2010-01-04,Onion,23,Ahmednagar,FAQ,Ahmednagar,2000,200,1100.0,Maharashtra,Other
2010-01-04,Onion,23,Nashik,FAQ,Pimpalgaon Baswant(Saykheda),1401,700,1175.0,Maharashtra,Other
2010-01-04,Onion,23,Nashik,FAQ,Devala,1700,300,1300.0,Maharashtra,Red
2010-01-04,Onion,23,Nashik,FAQ,Dindori,1925,500,1400.0,Maharashtra,Other
2010-01-05,Onion,23,Dharashiv(Usmanabad),FAQ,Dharashiv,1000,500,750.0,Maharashtra,Other
2010-01-05,Onion,23,Mumbai,FAQ,Vashi New Mumbai,1900,900,1400.0,Maharashtra,Other
2010-01-05,Onion,23,Nashik,FAQ,Lasalgaon(Niphad),1500,500,1225.0,Maharashtra,Other
2010-01-05,Onion,23,Ahmednagar,FAQ,Rahata,1700,300,1200.0,Maharashtra,Other
2010-01-06,Onion,23,Mumbai,FAQ,Vashi New Mumbai,2000,900,1450.0,Maharashtra,Other
2010-01-06,Onion,23,Sholapur,FAQ,Pandharpur,1572,300,800.0,Maharashtra,Other
2010-01-06,Onion,23,Ahmednagar,FAQ,Kopargaon,1405,300,900.0,Maharashtra,Other
2010-01-06,Onion,23,Ahmednagar,FAQ,Newasa(Ghodegaon),1900,100,1300.0,Maharashtra,Other
2010-01-06,Onion,23,Nashik,FAQ,Lasalgaon,1755,400,1400.0,Maharashtra,Other
2010-01-06,Onion,23,Nashik,FAQ,Yeola,1300,500,1000.0,Maharashtra,Red
2010-01-06,Onion,23,Nashik,FAQ,Pimpalgaon Baswant(Saykheda),1450,700,1200.0,Maharashtra,Other
2010-01-06,Onion,23,Dharashiv(Usmanabad),FAQ,Dharashiv,150,135,143.0,Maharashtra,Red
2010-01-06,Onion,23,Nashik,FAQ,Malegaon,1550,250,1250.0,Maharashtra,Red
2010-01-07,Onion,23,Mumbai,FAQ,Mumbai,2000,900,1450.0,Maharashtra,Other
2010-01-07,Onion,23,Satara,FAQ,Lonand,1700,500,1350.0,Maharashtra,Other
2010-01-07,Onion,23,Ahmednagar,FAQ,Ahmednagar,1900,400,1200.0,Maharashtra,Other
2010-01-07,Onion,23,Nagpur,FAQ,Nagpur,1250,825,1036.0,Maharashtra,Red
2010-01-07,Onion,23,Nashik,FAQ,Manmad,1451,561,1330.0,Maharashtra,Red
2010-01-07,Onion,23,Nashik,FAQ,Dindori(Vani),1886,600,1450.0,Maharashtra,Other
2010-01-07,Onion,23,Nashik,FAQ,Malegaon,1590,265,1350.0,Maharashtra,Red
2010-01-07,Onion,23,Thane,FAQ,Palghar,850,700,725.0,Maharashtra,Other
2010-01-07,Onion,23,Jalgaon,FAQ,Jalgaon,1450,250,700.0,Maharashtra,Red
2010-01-08,Onion,23,Mumbai,FAQ,Mumbai,2000,900,1450.0,Maharashtra,Other
2010-01-08,Onion,23,Chattrapati Sambhajinagar,FAQ,Gangapur,1500,150,1200.0,Maharashtra,Other
2010-01-08,Onion,23,Ahmednagar,FAQ,Pathardi,1500,150,1400.0,Maharashtra,Other
2010-01-08,Onion,23,Sholapur,FAQ,Solapur,2100,100,600.0,Maharashtra,Other
2010-01-08,Onion,23,Nashik,FAQ,Nandgaon,1400,300,900.0,Maharashtra,Other
2010-01-08,Onion,23,Nashik,FAQ,Pimpalgaon Baswant(Saykheda),1400,600,1250.0,Maharashtra,Other
2010-01-08,Onion,23,Chandrapur,FAQ,Chandrapur(Ganjwad),1500,1100,1400.0,Maharashtra,Other
2010-01-09,Onion,23,Ahmednagar,FAQ,Rahuri(Vambori),2000,100,1050.0,Maharashtra,Other
2010-01-09,Onion,23,Kolhapur,FAQ,Kolhapur,1700,500,1300.0,Maharashtra,Other
2010-01-09,Onion,23,Ahmednagar,FAQ,Kopargaon,1305,200,800.0,Maharashtra,Other
2010-01-09,Onion,23,Nagpur,FAQ,Nagpur,1250,1000,1125.0,Maharashtra,Red
2010-01-10,Onion,23,Ahmednagar,FAQ,Rahuri,1500,100,800.0,Maharashtra,Other
2010-01-10,Onion,23,Pune,FAQ,Pune,1800,900,1350.0,Maharashtra,Other
2010-01-10,Onion,23,Ahmednagar,FAQ,Pathardi,1300,150,1100.0,Maharashtra,Other
2010-01-10,Onion,23,Satara,FAQ,Satara,1600,400,1000.0,Maharashtra,Other
2010-01-11,Onion,23,Ahmednagar,FAQ,Rahuri(Vambori),1800,100,950.0,Maharashtra,Other
2010-01-11,Onion,23,Chandrapur,FAQ,Chandrapur(Ganjwad),1550,1000,1400.0,Maharashtra,Other
2010-01-11,Onion,23,Nagpur,FAQ,Nagpur,1375,1125,1250.0,Maharashtra,Red
2010-01-11,Onion,23,Pune,FAQ,Pune(Khadiki),1200,250,720.0,Maharashtra,Other
2010-01-11,Onion,23,Nashik,FAQ,Sinner,1500,100,1150.0,Maharashtra,Other
2010-01-11,Onion,23,Sholapur,FAQ,Kurdwadi,1400,100,800.0,Maharashtra,Other
2010-01-12,Onion,23,Mumbai,FAQ,Mumbai,1800,800,1300.0,Maharashtra,Other
2010-01-12,Onion,23,Nagpur,FAQ,Nagpur,1125,750,937.0,Maharashtra,Other
2010-01-12,Onion,23,Dhule,FAQ,Dhule,1050,100,750.0,Maharashtra,Other
2010-01-12,Onion,23,Dhule,FAQ,Dhule,1440,100,900.0,Maharashtra,Red
2010-01-12,Onion,23,Nashik,FAQ,Devala,1530,100,1100.0,Maharashtra,Red
2010-01-12,Onion,23,Nashik,FAQ,Lasalgaon(Niphad),1412,500,1070.0,Maharashtra,Other
2010-01-13,Onion,23,Sholapur,FAQ,Barshi,1400,200,800.0,Maharashtra,Other
2010-01-13,Onion,23,Sangli,FAQ,"Sangli(Phale, Bhajipura Market)",1400,100,750.0,Maharashtra,Other
2010-01-13,Onion,23,Nashik,FAQ,Lasalgaon,1481,481,1201.0,Maharashtra,Other
2010-01-13,Onion,23,Kolhapur,FAQ,Kolhapur,1600,500,1300.0,Maharashtra,Other
2010-01-13,Onion,23,Nashik,FAQ,Malegaon,1350,250,950.0,Maharashtra,Red
2010-01-13,Onion,23,Nashik,FAQ,Lasalgaon(Niphad),1431,425,1150.0,Maharashtra,Other
2010-01-14,Onion,23,Pune,FAQ,Pune,1600,1200,1400.0,Maharashtra,Other
2010-01-14,Onion,23,Mumbai,FAQ,Vashi New Mumbai,1800,800,1300.0,Maharashtra,Other
2010-01-14,Onion,23,Nagpur,FAQ,Nagpur,1175,1125,1150.0,Maharashtra,Other
2010-01-14,Onion,23,Satara,FAQ,Satara,1500,500,1000.0,Maharashtra,Other
2010-01-15,Onion,23,Thane,FAQ,Palghar,1100,900,1000.0,Maharashtra,Other
2010-01-15,Onion,23,Sholapur,FAQ,Kurdwadi,1300,100,1000.0,Maharashtra,Other
2010-01-15,Onion,23,Ahmednagar,FAQ,Pathardi,1500,100,1250.0,Maharashtra,Other
2010-01-15,Onion,23,Pune,FAQ,Pune(Khadiki),900,350,625.0,Maharashtra,Other
2010-01-15,Onion,23,Ahmednagar,FAQ,Rahata,1800,350,1200.0,Maharashtra,Other
2010-01-15,Onion,23,Nashik,FAQ,Nasik,1600,800,1300.0,Maharashtra,Red
2010-01-15,Onion,23,Pune,FAQ,Indapur,1200,150,900.0,Maharashtra,Other
2010-01-16,Onion,23,Satara,FAQ,Karad,1200,500,1000.0,Maharashtra,Other
2010-01-16,Onion,23,Ahmednagar,FAQ,Ahmednagar,1900,100,1000.0,Maharashtra,Other
2010-01-16,Onion,23,Thane,FAQ,Palghar,1630,1200,1415.0,Maharashtra,Other
2010-01-16,Onion,23,Mumbai,FAQ,Mumbai,1800,900,1350.0,Maharashtra,Other
2010-01-16,Onion,23,Nagpur,FAQ,Nagpur,1250,1187,1218.0,Maharashtra,Other
2010-01-16,Onion,23,Chattrapati Sambhajinagar,FAQ,Chattrapati Sambhajinagar,1300,300,800.0,Maharashtra,Other
2010-01-16,Onion,23,Thane,FAQ,Kalyan,1500,1000,1250.0,Maharashtra,Other
2010-01-16,Onion,23,Pune,FAQ,Pune(Khadiki),1100,300,700.0,Maharashtra,Other
2010-01-17,Onion,23,Satara,FAQ,Satara,1600,500,1000.0,Maharashtra,Other
2010-01-17,Onion,23,Ahmednagar,FAQ,Sangamner,1771,100,936.0,Maharashtra,Other
2010-01-18,Onion,23,Nashik,FAQ,Malegaon,1520,201,1350.0,Maharashtra,Red
2010-01-18,Onion,23,Nagpur,FAQ,Nagpur,1625,750,1187.0,Maharashtra,Red
2010-01-18,Onion,23,Satara,FAQ,Lonand,1200,350,1000.0,Maharashtra,Red
2010-01-18,Onion,23,Thane,FAQ,Kalyan,1600,1000,1300.0,Maharashtra,Other
2010-01-18,Onion,23,Nashik,FAQ,Sinner,1700,100,1100.0,Maharashtra,Other
2010-01-19,Onion,23,Mumbai,FAQ,Mumbai,1800,900,1350.0,Maharashtra,Other
2010-01-19,Onion,23,Nagpur,FAQ,Nagpur,1500,1000,1250.0,Maharashtra,Red
2010-01-19,Onion,23,Chattrapati Sambhajinagar,FAQ,Chattrapati Sambhajinagar,1200,300,550.0,Maharashtra,Other
2010-01-19,Onion,23,Nashik,FAQ,Devala,1451,100,1050.0,Maharashtra,Red
2010-01-19,Onion,23,Nashik,FAQ,Sinner,1400,100,1100.0,Maharashtra,Other
2010-01-19,Onion,23,Nashik,FAQ,Manmad,1399,300,1251.0,Maharashtra,Red
2010-01-19,Onion,23,Jalgaon,FAQ,Jalgaon,1400,250,700.0,Maharashtra,Red
2010-01-19,Onion,23,Mumbai,FAQ,Vashi New Mumbai,1800,900,1350.0,Maharashtra,Other
2010-01-19,Onion,23,Nashik,FAQ,Lasalgaon(Niphad),1476,551,1250.0,Maharashtra,Other
2010-01-20,Onion,23,Kolhapur,FAQ,Kolhapur,2000,500,1400.0,Maharashtra,Other
2010-01-20,Onion,23,Mumbai,FAQ,Mumbai,1800,900,1350.0,Maharashtra,Other
2010-01-20,Onion,23,Jalgaon,FAQ,Jalgaon,1450,250,700.0,Maharashtra,Red
2010-01-20,Onion,23,Chattrapati Sambhajinagar,FAQ,Chattrapati Sambhajinagar,850,250,550.0,Maharashtra,Other
2010-01-20,Onion,23,Mumbai,FAQ,Vashi New Mumbai,1800,900,1350.0,Maharashtra,Other
2010-01-20,Onion,23,Satara,FAQ,Karad,900,200,700.0,Maharashtra,Other
2010-01-20,Onion,23,Nashik,FAQ,Chandvad,1538,350,1350.0,Maharashtra,Other
2010-01-20,Onion,23,Nashik,FAQ,Sinner,1805,100,1200.0,Maharashtra,Other
2010-01-21,Onion,23,Chattrapati Sambhajinagar,FAQ,Chattrapati Sambhajinagar,1050,250,600.0,Maharashtra,Other
2010-01-21,Onion,23,Satara,FAQ,Lonand,1856,550,1500.0,Maharashtra,Other
2010-01-21,Onion,23,Sholapur,FAQ,Barshi,2000,100,1100.0,Maharashtra,Other
2010-01-21,Onion,23,Nashik,FAQ,Pimpalgaon,1581,700,1325.0,Maharashtra,Other
2010-01-21,Onion,23,Kolhapur,FAQ,Kolhapur,2000,500,1400.0,Maharashtra,Other
2010-01-21,Onion,23,Thane,FAQ,Kalyan,1500,1000,1250.0,Maharashtra,Other
2010-01-21,Onion,23,Nashik,FAQ,Lasalgaon,1675,400,1401.0,Maharashtra,Other
2010-01-22,Onion,23,Sholapur,FAQ,Pandharpur,1600,100,700.0,Maharashtra,Other
2010-01-23,Onion,23,Nashik,FAQ,Kalvan,1700,100,1200.0,Maharashtra,Other
2010-01-23,Onion,23,Chandrapur,FAQ,Chandrapur(Ganjwad),1500,1000,1250.0,Maharashtra,Other
2010-01-23,Onion,23,Thane,FAQ,Palghar,1300,1000,1150.0,Maharashtra,Other
2010-01-23,Onion,23,Ahmednagar,FAQ,Ahmednagar,1900,200,1100.0,Maharashtra,Other
2010-01-23,Onion,23,Dhule,FAQ,Shirpur,1325,250,1135.0,Maharashtra,Other
2010-01-24,Onion,23,Pune,FAQ,Pune(Pimpri),2000,900,1450.0,Maharashtra,Other
2010-01-24,Onion,23,Nagpur,FAQ,Nagpur,1575,1375,1475.0,Maharashtra,Red
2010-01-24,Onion,23,Pune,FAQ,Pune,1700,800,1250.0,Maharashtra,Other
2010-01-24,Onion,23,Chattrapati Sambhajinagar,FAQ,Chattrapati Sambhajinagar,900,300,600.0,Maharashtra,Other
2010-01-24,Onion,23,Satara,FAQ,Satara,1600,400,1000.0,Maharashtra,Other
2010-01-24,Onion,23,Pune,FAQ,Junnar,1200,550,950.0,Maharashtra,Other
2010-01-25,Onion,23,Nashik,FAQ,Kalvan,1701,100,1401.0,Maharashtra,Other
2010-01-25,Onion,23,Thane,FAQ,Kalyan,1600,1000,1300.0,Maharashtra,Other
2010-01-25,Onion,23,Nashik,FAQ,Nandgaon,1511,400,1150.0,Maharashtra,Other
2010-01-25,Onion,23,Jalgaon,FAQ,Jalgaon,1450,350,750.0,Maharashtra,Red
2010-01-25,Onion,23,Nagpur,FAQ,Nagpur,1575,1375,1475.0,Maharashtra,Red
2010-01-26,Onion,23,Chattrapati Sambhajinagar,FAQ,Gangapur,1800,200,1100.0,Maharashtra,Other
2010-01-26,Onion,23,Amarawati,FAQ,Amrawati(Frui & Veg. Market),1200,700,950.0,Maharashtra,Other
2010-01-27,Onion,23,Pune,FAQ,Pune(Pimpri),700,600,650.0,Maharashtra,Other
2010-01-27,Onion,23,Chattrapati Sambhajinagar,FAQ,Chattrapati Sambhajinagar,950,250,600.0,Maharashtra,Other
2010-01-27,Onion,23,Dhule,FAQ,Dhule,1490,100,950.0,Maharashtra,Red
2010-01-27,Onion,23,Satara,FAQ,Karad,1300,500,900.0,Maharashtra,Other
2010-01-28,Onion,23,Ahmednagar,FAQ,Rahuri(Vambori),1800,100,950.0,Maharashtra,Other
2010-01-28,Onion,23,Satara,FAQ,Lonand,1200,400,1000.0,Maharashtra,Red
2010-01-28,Onion,23,Satara,FAQ,Lonand,1500,500,1200.0,Maharashtra,Other
2010-01-28,Onion,23,Thane,FAQ,Kalyan,1500,1000,1250.0,Maharashtra,Other
2010-01-28,Onion,23,Nashik,FAQ,Kalvan,1601,100,1355.0,Maharashtra,Other
2010-01-28,Onion,23,Nashik,FAQ,Satana,1470,200,1350.0,Maharashtra,Red
2010-01-29,Onion,23,Nashik,FAQ,Pimpalgaon,1315,670,1201.0,Maharashtra,Other
2010-01-29,Onion,23,Nashik,FAQ,Malegaon,1335,200,1050.0,Maharashtra,Red
2010-01-29,Onion,23,Nashik,FAQ,Manmad,1351,600,1152.0,Maharashtra,Red
2010-01-29,Onion,23,Mumbai,FAQ,Vashi New Mumbai,1750,800,1275.0,Maharashtra,Other
2010-01-29,Onion,23,Pune,FAQ,Pune(Khadiki),1200,200,700.0,Maharashtra,Other
2010-01-29,Onion,23,Nashik,FAQ,Sinner,1435,100,1050.0,Maharashtra,Other
2010-01-29,Onion,23,Pune,FAQ,Pune(Pimpri),800,800,800.0,Maharashtra,Other
2010-01-30,Onion,23,Ahmednagar,FAQ,Rahuri(Vambori),1700,100,900.0,Maharashtra,Other
2010-01-30,Onion,23,Nashik,FAQ,Yeola,1460,500,1150.0,Maharashtra,Red
2010-01-30,Onion,23,Nashik,FAQ,Nasik,1551,561,1260.0,Maharashtra,Red
2010-01-30,Onion,23,Dharashiv(Usmanabad),FAQ,Dharashiv,1250,800,1025.0,Maharashtra,Other
2010-01-31,Onion,23,Ahmednagar,FAQ,Newasa(Ghodegaon),1700,100,1400.0,Maharashtra,Other
2010-01-31,Onion,23,Pune,FAQ,Pune,1500,1000,1250.0,Maharashtra,Other
2010-01-31,Onion,23,Pune,FAQ,Pune(Khadiki),1000,200,600.0,Maharashtra,Other
2010-01-31,Onion,23,Pune,FAQ,Junnar(Otur),1400,250,1200.0,Maharashtra,Other
2010-01-31,Onion,23,Beed,FAQ,Kada,1800,300,1300.0,Maharashtra,Red
2010-01-31,Onion,23,Pune,FAQ,Junnar,1000,500,800.0,Maharashtra,Other
2010-02-01,Onion,23,Pune,FAQ,Pune,1700,1000,1350.0,Maharashtra,Other
2010-02-01,Onion,23,Nashik,FAQ,Nasik,1600,600,1300.0,Maharashtra,Red
2010-02-01,Onion,23,Pune,FAQ,Baramati,1390,300,950.0,Maharashtra,Red
2010-02-01,Onion,23,Dhule,FAQ,Dhule,1300,100,950.0,Maharashtra,Other
2010-02-01,Onion,23,Nagpur,FAQ,Nagpur,1500,1375,1437.0,Maharashtra,Red
2010-02-01,Onion,23,Mumbai,FAQ,Vashi New Mumbai,1700,800,1250.0,Maharashtra,Other
2010-02-01,Onion,23,Nashik,FAQ,Manmad,1300,656,1053.0,Maharashtra,Red
2010-02-01,Onion,23,Nagpur,FAQ,Nagpur,1225,1175,1200.0,Maharashtra,Other
2010-02-01,Onion,23,Jalgaon,FAQ,Jalgaon,1300,325,750.0,Maharashtra,Red
2010-02-01,Onion,23,Amarawati,FAQ,Amrawati(Frui & Veg. Market),1450,600,1025.0,Maharashtra,Other
2010-02-02,Onion,23,Ahmednagar,FAQ,Sangamner,1551,100,825.0,Maharashtra,Other
2010-02-02,Onion,23,Mumbai,FAQ,Mumbai,1700,800,1250.0,Maharashtra,Other
2010-02-02,Onion,23,Nashik,FAQ,Nasik,1550,575,1300.0,Maharashtra,Red
2010-02-02,Onion,23,Nagpur,FAQ,Nagpur,1375,1000,1187.0,Maharashtra,Other
2010-02-02,Onion,23,Nashik,FAQ,Satana,1420,200,1150.0,Maharashtra,Red
2010-02-02,Onion,23,Pune,FAQ,Pune(Khadiki),1200,300,750.0,Maharashtra,Other
2010-02-02,Onion,23,Nagpur,FAQ,Nagpur,1500,1375,1437.0,Maharashtra,Red
2010-02-03,Onion,23,Sholapur,FAQ,Pandharpur,1350,150,950.0,Maharashtra,Other
2010-02-03,Onion,23,Dhule,FAQ,Dhule,1090,100,810.0,Maharashtra,Other
2010-02-03,Onion,23,Dhule,FAQ,Shirpur,1475,200,1375.0,Maharashtra,Other
2010-02-03,Onion,23,Nashik,FAQ,Sinner,1300,100,1050.0,Maharashtra,Other
2010-02-03,Onion,23,Nashik,FAQ,Pimpalgaon Baswant(Saykheda),1259,560,1125.0,Maharashtra,Other
2010-02-03,Onion,23,Nashik,FAQ,Malegaon,1340,500,1000.0,Maharashtra,Red
2010-02-03,Onion,23,Chattrapati Sambhajinagar,FAQ,Chattrapati Sambhajinagar,1150,300,725.0,Maharashtra,Other
2010-02-03,Onion,23,Pune,FAQ,Pune(Pimpri),850,500,670.0,Maharashtra,Other
2010-02-04,Onion,23,Pune,FAQ,Pune(Pimpri),900,900,900.0,Maharashtra,Other
2010-02-04,Onion,23,Jalgaon,FAQ,Jalgaon,1300,300,700.0,Maharashtra,Red
2010-02-04,Onion,23,Satara,FAQ,Satara,1600,1000,1400.0,Maharashtra,Other
2010-02-04,Onion,23,Dharashiv(Usmanabad),FAQ,Dharashiv,725,400,563.0,Maharashtra,Other
2010-02-04,Onion,23,Nashik,FAQ,Satana,1370,200,1170.0,Maharashtra,Red
2010-02-04,Onion,23,Pune,FAQ,Pune,1500,900,1200.0,Maharashtra,Other
2010-02-04,Onion,23,Pune,FAQ,Junnar,950,500,750.0,Maharashtra,Other
2010-02-04,Onion,23,Dharashiv(Usmanabad),FAQ,Dharashiv,425,110,268.0,Maharashtra,Red
2010-02-04,Onion,23,Ahmednagar,FAQ,Pathardi,1500,100,1300.0,Maharashtra,Other
2010-02-04,Onion,23,Dhule,FAQ,Dhule,1100,200,800.0,Maharashtra,Other
2010-02-04,Onion,23,Ahmednagar,FAQ,Sangamner,1601,100,851.0,Maharashtra,Other
2010-02-04,Onion,23,Satara,FAQ,Lonand,1400,500,1200.0,Maharashtra,Other
2010-02-05,Onion,23,Dharashiv(Usmanabad),FAQ,Dharashiv,1000,450,725.0,Maharashtra,Other
2010-02-05,Onion,23,Sholapur,FAQ,Kurdwadi,1300,100,700.0,Maharashtra,Other
2010-02-05,Onion,23,Nashik,FAQ,Nasik,1400,575,1175.0,Maharashtra,Other
2010-02-06,Onion,23,Nagpur,FAQ,Nagpur,1250,1000,1125.0,Maharashtra,Other
2010-02-06,Onion,23,Mumbai,FAQ,Mumbai,1600,900,1250.0,Maharashtra,Other
2010-02-07,Onion,23,Jalgaon,FAQ,Jalgaon,1500,250,700.0,Maharashtra,Red
2010-02-07,Onion,23,Nagpur,FAQ,Nagpur,1400,1200,1300.0,Maharashtra,Red
2010-02-08,Onion,23,Nagpur,FAQ,Nagpur,1400,1200,1300.0,Maharashtra,Red
2010-02-08,Onion,23,Ahmednagar,FAQ,Rahuri(Vambori),1600,100,850.0,Maharashtra,Other
2010-02-08,Onion,23,Nashik,FAQ,Lasalgaon(Niphad),1301,600,1180.0,Maharashtra,Other
2010-02-08,Onion,23,Nashik,FAQ,Dindori(Vani),1391,500,1200.0,Maharashtra,Other
2010-02-08,Onion,23,Nashik,FAQ,Nandgaon,1200,400,1000.0,Maharashtra,Other
2010-02-08,Onion,23,Dhule,FAQ,Dhule,1130,200,810.0,Maharashtra,Other
2010-02-08,Onion,23,Nashik,FAQ,Devala,1479,300,1250.0,Maharashtra,Red
2010-02-08,Onion,23,Thane,FAQ,Palghar,900,800,850.0,Maharashtra,Other
2010-02-08,Onion,23,Sholapur,FAQ,Kurdwadi,1325,100,800.0,Maharashtra,Other
2010-02-08,Onion,23,Kolhapur,FAQ,Kolhapur,1500,500,1200.0,Maharashtra,Other
2010-02-08,Onion,23,Nashik,FAQ,Yeola,1500,500,1200.0,Maharashtra,Red
2010-02-08,Onion,23,Sholapur,FAQ,Solapur,1700,100,700.0,Maharashtra,Other
2010-02-08,Onion,23,Satara,FAQ,Karad,1200,500,900.0,Maharashtra,Other
2010-02-09,Onion,23,Nashik,FAQ,Sinner,1325,100,1150.0,Maharashtra,Other
2010-02-09,Onion,23,Kolhapur,FAQ,Kolhapur,1500,450,1200.0,Maharashtra,Other
2010-02-09,Onion,23,Pune,FAQ,Manchar,1200,600,900.0,Maharashtra,Other
2010-02-09,Onion,23,Nagpur,FAQ,Nagpur,1400,1200,1300.0,Maharashtra,Red
2010-02-09,Onion,23,Satara,FAQ,Karad,1400,500,1000.0,Maharashtra,Other
2010-02-10,Onion,23,Nashik,FAQ,Nandgaon,1200,400,1010.0,Maharashtra,Other
2010-02-10,Onion,23,Nashik,FAQ,Lasalgaon,1270,401,1125.0,Maharashtra,Other
2010-02-10,Onion,23,Nashik,FAQ,Nasik,1300,500,1100.0,Maharashtra,Red
2010-02-10,Onion,23,Dhule,FAQ,Dhule,1135,200,900.0,Maharashtra,Other
2010-02-10,Onion,23,Sholapur,FAQ,Kurdwadi,1300,100,750.0,Maharashtra,Other
2010-02-10,Onion,23,Nashik,FAQ,Manmad,1131,570,950.0,Maharashtra,Red
2010-02-10,Onion,23,Nashik,FAQ,Dindori(Vani),1292,500,1100.0,Maharashtra,Other
2010-02-11,Onion,23,Nashik,FAQ,Kalvan,1451,300,1125.0,Maharashtra,Other
2010-02-11,Onion,23,Satara,FAQ,Karad,1300,700,1000.0,Maharashtra,Other
2010-02-11,Onion,23,Satara,FAQ,Satara,1400,500,1000.0,Maharashtra,Other
2010-02-11,Onion,23,Sholapur,FAQ,Solapur,1500,100,650.0,Maharashtra,Other
2010-02-11,Onion,23,Ahmednagar,FAQ,Ahmednagar,1500,200,825.0,Maharashtra,Other
2010-02-12,Onion,23,Pune,FAQ,Pune(Pimpri),800,800,800.0,Maharashtra,Other
2010-02-13,Onion,23,Nashik,FAQ,Nasik,1300,561,1100.0,Maharashtra,Other
2010-02-13,Onion,23,Kolhapur,FAQ,Kolhapur,1400,500,1100.0,Maharashtra,Other
2010-02-13,Onion,23,Dhule,FAQ,Shirpur,1300,325,1175.0,Maharashtra,Other
2010-02-13,Onion,23,Mumbai,FAQ,Mumbai,1400,700,1050.0,Maharashtra,Other
2010-02-14,Onion,23,Chattrapati Sambhajinagar,FAQ,Chattrapati Sambhajinagar,1300,400,850.0,Maharashtra,Other
2010-02-15,Onion,23,Pune,FAQ,Pune(Pimpri),700,500,600.0,Maharashtra,Other
2010-02-15,Onion,23,Amarawati,FAQ,Amrawati(Frui & Veg. Market),1200,600,900.0,Maharashtra,Other
2010-02-15,Onion,23,Ahmednagar,FAQ,Shrirampur,1450,200,950.0,Maharashtra,Other
2010-02-15,Onion,23,Kolhapur,FAQ,Kolhapur,1300,250,700.0,Maharashtra,Other
2010-02-15,Onion,23,Ahmednagar,FAQ,Ahmednagar,1400,200,800.0,Maharashtra,Other
2010-02-15,Onion,23,Nashik,FAQ,Lasalgaon,1200,400,1000.0,Maharashtra,Other
2010-02-16,Onion,23,Nashik,FAQ,Yeola,1100,500,950.0,Maharashtra,Red
2010-02-16,Onion,23,Dhule,FAQ,Dhule,1055,100,850.0,Maharashtra,Red
2010-02-16,Onion,23,Nashik,FAQ,Lasalgaon(Niphad),1044,400,935.0,Maharashtra,Other
2010-02-16,Onion,23,Nagpur,FAQ,Nagpur,1250,1000,1125.0,Maharashtra,Red
2010-02-16,Onion,23,Chattrapati Sambhajinagar,FAQ,Chattrapati Sambhajinagar,1150,450,800.0,Maharashtra,Other
2010-02-16,Onion,23,Dhule,FAQ,Dhule,950,100,800.0,Maharashtra,Other
2010-02-17,Onion,23,Nashik,FAQ,Lasalgaon(Niphad),1040,400,920.0,Maharashtra,Other
2010-02-17,Onion,23,Nashik,FAQ,Lasalgaon,980,301,831.0,Maharashtra,Other
2010-02-17,Onion,23,Sholapur,FAQ,Pandharpur,1375,100,800.0,Maharashtra,Other
2010-02-17,Onion,23,Ahmednagar,FAQ,Kopargaon,1300,200,1000.0,Maharashtra,Other
2010-02-17,Onion,23,Nashik,FAQ,Pimpalgaon Baswant(Saykheda),1063,500,970.0,Maharashtra,Other
2010-02-17,Onion,23,Dhule,FAQ,Shirpur,1375,225,930.0,Maharashtra,Other
2010-02-17,Onion,23,Jalgaon,FAQ,Jalgaon,1200,400,700.0,Maharashtra,Red
2010-02-17,Onion,23,Nashik,FAQ,Nandgaon,922,561,851.0,Maharashtra,Other
2010-02-18,Onion,23,Nagpur,FAQ,Nagpur,1125,750,937.0,Maharashtra,Red
2010-02-18,Onion,23,Nashik,FAQ,Lasalgaon(Niphad),1040,400,920.0,Maharashtra,Other
2010-02-18,Onion,23,Nashik,FAQ,Lasalgaon,1100,352,925.0,Maharashtra,Other
2010-02-18,Onion,23,Ahmednagar,FAQ,Sangamner,1200,100,650.0,Maharashtra,Other
2010-02-18,Onion,23,Ahmednagar,FAQ,Shrirampur,1405,200,900.0,Maharashtra,Other
2010-02-20,Onion,23,Pune,FAQ,Baramati,1000,200,750.0,Maharashtra,Red
2010-02-20,Onion,23,Nashik,FAQ,Kalvan,852,200,700.0,Maharashtra,Other
2010-02-20,Onion,23,Nashik,FAQ,Yeola,950,400,850.0,Maharashtra,Red
2010-02-20,Onion,23,Nagpur,FAQ,Nagpur,1125,500,812.0,Maharashtra,Red
2010-02-21,Onion,23,Nashik,FAQ,Sinner,891,100,675.0,Maharashtra,Other
2010-02-21,Onion,23,Ahmednagar,FAQ,Newasa(Ghodegaon),925,100,750.0,Maharashtra,Other
2010-02-21,Onion,23,Satara,FAQ,Karad,1000,300,700.0,Maharashtra,Other
2010-02-22,Onion,23,Pune,FAQ,Pune(Khadiki),900,200,550.0,Maharashtra,Other
2010-02-22,Onion,23,Nashik,FAQ,Dindori(Vani),960,300,750.0,Maharashtra,Other
2010-02-22,Onion,23,Satara,FAQ,Lonand,700,200,550.0,Maharashtra,Red
2010-02-22,Onion,23,Nagpur,FAQ,Nagpur,1000,875,937.0,Maharashtra,Red
2010-02-22,Onion,23,Nashik,FAQ,Sinner,900,100,725.0,Maharashtra,Other
2010-02-22,Onion,23,Satara,FAQ,Karad,1100,500,800.0,Maharashtra,Other
2010-02-22,Onion,23,Ahmednagar,FAQ,Shrirampur,1000,150,800.0,Maharashtra,Other
2010-02-22,Onion,23,Satara,FAQ,Satara,1000,500,750.0,Maharashtra,Other
2010-02-23,Onion,23,Mumbai,FAQ,Vashi New Mumbai,1100,600,850.0,Maharashtra,Other
2010-02-23,Onion,23,Jalgaon,FAQ,Jalgaon,900,250,650.0,Maharashtra,Red
2010-02-23,Onion,23,Nagpur,FAQ,Nagpur,875,750,812.0,Maharashtra,Other
2010-02-23,Onion,23,Nashik,FAQ,Yeola,762,400,700.0,Maharashtra,Red
2010-02-23,Onion,23,Nashik,FAQ,Pimpalgaon,901,511,651.0,Maharashtra,Other
2010-02-23,Onion,23,Sholapur,FAQ,Barshi,1200,100,786.0,Maharashtra,Other
2010-02-23,Onion,23,Nashik,FAQ,Nandgaon,740,301,650.0,Maharashtra,Other
2010-02-23,Onion,23,Mumbai,FAQ,Mumbai,1100,600,850.0,Maharashtra,Other
2010-02-23,Onion,23,Ahmednagar,FAQ,Sangamner,961,100,531.0,Maharashtra,Other
2010-02-24,Onion,23,Beed,FAQ,Kada,775,100,650.0,Maharashtra,Red
2010-02-24,Onion,23,Chattrapati Sambhajinagar,FAQ,Chattrapati Sambhajinagar,850,250,550.0,Maharashtra,Other
2010-02-24,Onion,23,Satara,FAQ,Karad,700,400,550.0,Maharashtra,Other
2010-02-24,Onion,23,Nashik,FAQ,Nasik,900,361,700.0,Maharashtra,Red
2010-02-24,Onion,23,Pune,FAQ,Pune(Pimpri),800,400,600.0,Maharashtra,Other
2010-02-24,Onion,23,Nashik,FAQ,Chandvad,725,150,600.0,Maharashtra,Other
2010-02-25,Onion,23,Ahmednagar,FAQ,Rahuri(Vambori),750,100,425.0,Maharashtra,Other
2010-02-25,Onion,23,Buldhana,FAQ,Malkapur,725,500,600.0,Maharashtra,Other
2010-02-25,Onion,23,Pune,FAQ,Pune(Khadiki),800,200,500.0,Maharashtra,Other
2010-02-25,Onion,23,Satara,FAQ,Lonand,711,250,650.0,Maharashtra,Other
2010-02-25,Onion,23,Nashik,FAQ,Pimpalgaon,804,500,625.0,Maharashtra,Other
2010-02-25,Onion,23,Mumbai,FAQ,Vashi New Mumbai,900,700,800.0,Maharashtra,Other
2010-02-25,Onion,23,Kolhapur,FAQ,Kolhapur,800,400,600.0,Maharashtra,Other
2010-02-26,Onion,23,Mumbai,FAQ,Mumbai,800,650,725.0,Maharashtra,Other
2010-02-26,Onion,23,Nashik,FAQ,Pimpalgaon Baswant(Saykheda),701,550,640.0,Maharashtra,Other
2010-02-28,Onion,23,Pune,FAQ,Pune(Pimpri),600,400,500.0,Maharashtra,Other
2010-02-28,Onion,23,Ahmednagar,FAQ,Akole,800,200,476.0,Maharashtra,Other
2010-03-01,Onion,23,Satara,FAQ,Karad,600,500,550.0,Maharashtra,Other
2010-03-01,Onion,23,Nashik,FAQ,Sinner,900,100,700.0,Maharashtra,Other
2010-03-02,Onion,23,Mumbai,FAQ,Vashi New Mumbai,900,700,800.0,Maharashtra,Other
2010-03-02,Onion,23,Ahmednagar,FAQ,Sangamner,851,100,475.0,Maharashtra,Other
2010-03-02,Onion,23,Satara,FAQ,Phaltan,771,300,500.0,Maharashtra,Other
2010-03-02,Onion,23,Nashik,FAQ,Nashik(Devlali),755,361,650.0,Maharashtra,Red
2010-03-02,Onion,23,Pune,FAQ,Pune(Khadiki),500,200,350.0,Maharashtra,Other
2010-03-02,Onion,23,Satara,FAQ,Karad,700,300,500.0,Maharashtra,Other
2010-03-02,Onion,23,Nashik,FAQ,Sinner,675,100,600.0,Maharashtra,Other
2010-03-02,Onion,23,Mumbai,FAQ,Mumbai,900,700,800.0,Maharashtra,Other
2010-03-03,Onion,23,Nashik,FAQ,Devala,774,250,650.0,Maharashtra,Red
2010-03-03,Onion,23,Nashik,FAQ,Lasalgaon(Niphad),790,451,730.0,Maharashtra,Other
2010-03-03,Onion,23,Nashik,FAQ,Sinner,1001,100,650.0,Maharashtra,Other
2010-03-04,Onion,23,Ahmednagar,FAQ,Shrirampur,800,100,500.0,Maharashtra,Other
2010-03-04,Onion,23,Mumbai,FAQ,Vashi New Mumbai,850,650,750.0,Maharashtra,Other
2010-03-04,Onion,23,Dharashiv(Usmanabad),FAQ,Dharashiv,270,110,190.0,Maharashtra,Red
2010-03-04,Onion,23,Nashik,FAQ,Devala,850,500,750.0,Maharashtra,Other
2010-03-04,Onion,23,Jalgaon,FAQ,Jalgaon,750,300,575.0,Maharashtra,Red
2010-03-05,Onion,23,Nashik,FAQ,Nasik,900,400,600.0,Maharashtra,Other
2010-03-05,Onion,23,Nashik,FAQ,Kalvan,917,499,800.0,Maharashtra,Other
2010-03-05,Onion,23,Amarawati,FAQ,Amrawati(Frui & Veg. Market),900,600,750.0,Maharashtra,Other
2010-03-05,Onion,23,Mumbai,FAQ,Vashi New Mumbai,900,700,800.0,Maharashtra,Other
2010-03-05,Onion,23,Dhule,FAQ,Dhule,800,100,690.0,Maharashtra,Other
2010-03-05,Onion,23,Nashik,FAQ,Devala,881,200,650.0,Maharashtra,Other
2010-03-05,Onion,23,Ahmednagar,FAQ,Rahuri,1000,200,600.0,Maharashtra,Other
2010-03-06,Onion,23,Kolhapur,FAQ,Kolhapur(Malkapur),600,600,600.0,Maharashtra,Other
2010-03-06,Onion,23,Chattrapati Sambhajinagar,FAQ,Chattrapati Sambhajinagar,900,400,650.0,Maharashtra,Other
2010-03-06,Onion,23,Sholapur,FAQ,Pandharpur,800,200,725.0,Maharashtra,Other
2010-03-06,Onion,23,Nashik,FAQ,Nasik,850,411,700.0,Maharashtra,Other
2010-03-06,Onion,23,Pune,FAQ,Pune(Khadiki),800,200,500.0,Maharashtra,Other
2010-03-06,Onion,23,Satara,FAQ,Satara,800,500,650.0,Maharashtra,Other
2010-03-06,Onion,23,Nashik,FAQ,Chandvad,865,100,750.0,Maharashtra,Red
2010-03-07,Onion,23,Thane,FAQ,Palghar,700,600,650.0,Maharashtra,Other
2010-03-07,Onion,23,Pune,FAQ,Pune(Khadiki),850,200,520.0,Maharashtra,Other
2010-03-07,Onion,23,Chattrapati Sambhajinagar,FAQ,Chattrapati Sambhajinagar,800,400,600.0,Maharashtra,Other
2010-03-08,Onion,23,Chattrapati Sambhajinagar,FAQ,Chattrapati Sambhajinagar,800,300,550.0,Maharashtra,Other
2010-03-08,Onion,23,Dhule,FAQ,Dhule,855,100,720.0,Maharashtra,Red
2010-03-08,Onion,23,Nashik,FAQ,Devala,912,100,775.0,Maharashtra,Other
2010-03-08,Onion,23,Kolhapur,FAQ,Kolhapur,900,400,750.0,Maharashtra,Other
2010-03-08,Onion,23,Nashik,FAQ,Dindori(Vani),777,300,700.0,Maharashtra,Other
2010-03-08,Onion,23,Nashik,FAQ,Devala,846,100,700.0,Maharashtra,Red
2010-03-09,Onion,23,Nashik,FAQ,Pimpalgaon Baswant(Saykheda),700,200,575.0,Maharashtra,Other
2010-03-09,Onion,23,Nashik,FAQ,Sinner,700,100,600.0,Maharashtra,Other
2010-03-09,Onion,23,Nashik,FAQ,Malegaon,670,201,550.0,Maharashtra,Red
2010-03-09,Onion,23,Nashik,FAQ,Satana,875,350,745.0,Maharashtra,Other
2010-03-09,Onion,23,Nashik,FAQ,Chandvad,668,100,550.0,Maharashtra,Red
2010-03-09,Onion,23,Nashik,FAQ,Satana,750,200,655.0,Maharashtra,Red
2010-03-09,Onion,23,Nashik,FAQ,Devala,888,300,650.0,Maharashtra,Other
2010-03-09,Onion,23,Nashik,FAQ,Lasalgaon(Niphad),692,325,570.0,Maharashtra,Other
2010-03-09,Onion,23,Nashik,FAQ,Lasalgaon,751,200,631.0,Maharashtra,Red
2010-03-09,Onion,23,Nagpur,FAQ,Nagpur,950,800,875.0,Maharashtra,Red
2010-03-09,Onion,23,Dhule,FAQ,Dhule,770,100,635.0,Maharashtra,Red
2010-03-09,Onion,23,Ahmednagar,FAQ,Rahata,825,125,575.0,Maharashtra,Other
2010-03-09,Onion,23,Nashik,FAQ,Nasik,800,500,700.0,Maharashtra,Other
2010-03-09,Onion,23,Nagpur,FAQ,Nagpur,900,750,825.0,Maharashtra,Other
2010-03-10,Onion,23,Dharashiv(Usmanabad),FAQ,Dharashiv,1000,450,725.0,Maharashtra,Other
2010-03-10,Onion,23,Ahmednagar,FAQ,Newasa(Ghodegaon),850,100,650.0,Maharashtra,Other
2010-03-10,Onion,23,Nashik,FAQ,Chandvad,713,100,580.0,Maharashtra,Red
2010-03-10,Onion,23,Pune,FAQ,Pune(Pimpri),800,600,700.0,Maharashtra,Other
2010-03-10,Onion,23,Nashik,FAQ,Sinner,900,100,650.0,Maharashtra,Other
2010-03-10,Onion,23,Nashik,FAQ,Pimpalgaon Baswant(Saykheda),676,350,580.0,Maharashtra,Other
2010-03-10,Onion,23,Nashik,FAQ,Lasalgaon,690,200,611.0,Maharashtra,Red
2010-03-10,Onion,23,Sholapur,FAQ,Pandharpur,825,150,811.0,Maharashtra,Other
2010-03-11,Onion,23,Ahmednagar,FAQ,Ahmednagar,850,150,500.0,Maharashtra,Other
2010-03-11,Onion,23,Chattrapati Sambhajinagar,FAQ,Chattrapati Sambhajinagar,700,300,500.0,Maharashtra,Other
2010-03-11,Onion,23,Satara,FAQ,Lonand,725,300,650.0,Maharashtra,Other
2010-03-11,Onion,23,Nashik,FAQ,Nasik,751,300,600.0,Maharashtra,Other
2010-03-11,Onion,23,Dharashiv(Usmanabad),FAQ,Dharashiv,1000,550,775.0,Maharashtra,Other
2010-03-11,Onion,23,Nashik,FAQ,Devala,873,150,651.0,Maharashtra,Other
2010-03-11,Onion,23,Nashik,FAQ,Lasalgaon,724,200,651.0,Maharashtra,Red
2010-03-12,Onion,23,Nashik,FAQ,Kalvan,861,200,725.0,Maharashtra,Other
2010-03-12,Onion,23,Nashik,FAQ,Devala,650,100,575.0,Maharashtra,Red
2010-03-12,Onion,23,Kolhapur,FAQ,Kolhapur,800,400,700.0,Maharashtra,Other
2010-03-13,Onion,23,Dhule,FAQ,Dhule,645,100,540.0,Maharashtra,Other
2010-03-13,Onion,23,Dhule,FAQ,Shirpur,700,101,525.0,Maharashtra,Other
2010-03-13,Onion,23,Nashik,FAQ,Lasalgaon(Niphad),600,370,540.0,Maharashtra,Other
2010-03-13,Onion,23,Nashik,FAQ,Pimpalgaon Baswant(Saykheda),713,400,580.0,Maharashtra,Other
2010-03-13,Onion,23,Dharashiv(Usmanabad),FAQ,Dharashiv,650,650,650.0,Maharashtra,Other
2010-03-14,Onion,23,Beed,FAQ,Kada,750,100,550.0,Maharashtra,Other
2010-03-14,Onion,23,Ahmednagar,FAQ,Rahuri,700,100,400.0,Maharashtra,Other
2010-03-15,Onion,23,Sholapur,FAQ,Kurdwadi,590,100,350.0,Maharashtra,Other
2010-03-15,Onion,23,Nagpur,FAQ,Nagpur,600,500,550.0,Maharashtra,Red
2010-03-15,Onion,23,Chattrapati Sambhajinagar,FAQ,Chattrapati Sambhajinagar,700,300,500.0,Maharashtra,Other
2010-03-15,Onion,23,Pune,FAQ,Pune(Khadiki),600,300,450.0,Maharashtra,Other
2010-03-15,Onion,23,Nashik,FAQ,Sinner,700,100,550.0,Maharashtra,Other
2010-03-16,Onion,23,Nashik,FAQ,Pimpalgaon,700,300,551.0,Maharashtra,Other
2010-03-16,Onion,23,Nagpur,FAQ,Nagpur,700,375,537.0,Maharashtra,Red
2010-03-17,Onion,23,Jalgaon,FAQ,Jalgaon,700,325,550.0,Maharashtra,Red
2010-03-17,Onion,23,Nagpur,FAQ,Nagpur,875,500,687.0,Maharashtra,Other
2010-03-17,Onion,23,Nashik,FAQ,Nandgaon,700,300,580.0,Maharashtra,Other
2010-03-17,Onion,23,Kolhapur,FAQ,Kolhapur,700,300,600.0,Maharashtra,Other
2010-03-17,Onion,23,Nashik,FAQ,Lasalgaon,620,201,511.0,Maharashtra,Red
2010-03-17,Onion,23,Nashik,FAQ,Yeola,613,300,550.0,Maharashtra,Red
2010-03-17,Onion,23,Nashik,FAQ,Sinner,700,100,500.0,Maharashtra,Other
2010-03-17,Onion,23,Nashik,FAQ,Devala,656,200,575.0,Maharashtra,Other
2010-03-17,Onion,23,Nashik,FAQ,Satana,670,200,595.0,Maharashtra,Red
2010-03-17,Onion,23,Dhule,FAQ,Dhule,650,100,555.0,Maharashtra,Other
2010-03-17,Onion,23,Nashik,FAQ,Dindori(Vani),740,300,650.0,Maharashtra,Other
2010-03-17,Onion,23,Nashik,FAQ,Dindori,635,275,615.0,Maharashtra,Other
2010-03-17,Onion,23,Pune,FAQ,Pune,650,550,600.0,Maharashtra,Other
2010-03-18,Onion,23,Satara,FAQ,Satara,700,300,500.0,Maharashtra,Other
2010-03-18,Onion,23,Mumbai,FAQ,Vashi New Mumbai,850,600,725.0,Maharashtra,Other
2010-03-18,Onion,23,Nashik,FAQ,Lasalgaon(Niphad),552,250,480.0,Maharashtra,Other
2010-03-18,Onion,23,Satara,FAQ,Lonand,635,300,575.0,Maharashtra,Other
2010-03-18,Onion,23,Nagpur,FAQ,Nagpur,875,500,687.0,Maharashtra,Other
2010-03-18,Onion,23,Ahmednagar,FAQ,Rahuri(Vambori),700,100,400.0,Maharashtra,Other
2010-03-18,Onion,23,Kolhapur,FAQ,Kolhapur,700,250,600.0,Maharashtra,Other
2010-03-18,Onion,23,Sholapur,FAQ,Solapur,730,100,350.0,Maharashtra,Other
2010-03-18,Onion,23,Pune,FAQ,Junnar,750,400,550.0,Maharashtra,Other
2010-03-19,Onion,23,Amarawati,FAQ,Amrawati(Frui & Veg. Market),800,500,650.0,Maharashtra,Other
2010-03-19,Onion,23,Sholapur,FAQ,Kurdwadi,700,100,400.0,Maharashtra,Other
2010-03-19,Onion,23,Nashik,FAQ,Lasalgaon,554,200,451.0,Maharashtra,Red
2010-03-19,Onion,23,Dharashiv(Usmanabad),FAQ,Dharashiv,200,100,150.0,Maharashtra,Red
2010-03-20,Onion,23,Pune,FAQ,Pune(Pimpri),600,600,600.0,Maharashtra,Other
2010-03-20,Onion,23,Mumbai,FAQ,Vashi New Mumbai,750,500,660.0,Maharashtra,Other
2010-03-20,Onion,23,Dhule,FAQ,Dhule,655,100,570.0,Maharashtra,Other
2010-03-20,Onion,23,Amarawati,FAQ,Amrawati(Frui & Veg. Market),800,500,650.0,Maharashtra,Other
2010-03-20,Onion,23,Parbhani,FAQ,Parbhani,800,700,750.0,Maharashtra,Red
2010-03-21,Onion,23,Chattrapati Sambhajinagar,FAQ,Chattrapati Sambhajinagar,650,150,450.0,Maharashtra,Other
2010-03-21,Onion,23,Satara,FAQ,Satara,600,400,500.0,Maharashtra,Other
2010-03-21,Onion,23,Pune,FAQ,Pune(Khadiki),700,200,450.0,Maharashtra,Other
2010-03-21,Onion,23,Nagpur,FAQ,Nagpur,750,625,687.0,Maharashtra,Red
2010-03-21,Onion,23,Amarawati,FAQ,Amrawati(Frui & Veg. Market),850,600,725.0,Maharashtra,Other
2010-03-22,Onion,23,Ahmednagar,FAQ,Rahuri(Vambori),905,100,500.0,Maharashtra,Other
2010-03-22,Onion,23,Nashik,FAQ,Yeola,631,300,575.0,Maharashtra,Red
2010-03-22,Onion,23,Nashik,FAQ,Dindori(Vani),695,300,600.0,Maharashtra,Other
2010-03-22,Onion,23,Satara,FAQ,Lonand,675,250,600.0,Maharashtra,Other
2010-03-22,Onion,23,Nashik,FAQ,Kalvan,770,100,451.0,Maharashtra,Other
2010-03-22,Onion,23,Nashik,FAQ,Nandgaon,621,250,550.0,Maharashtra,Other
2010-03-22,Onion,23,Pune,FAQ,Pune,700,550,625.0,Maharashtra,Other
2010-03-22,Onion,23,Ahmednagar,FAQ,Akole,800,150,675.0,Maharashtra,Other
2010-03-22,Onion,23,Nashik,FAQ,Lasalgaon(Niphad),639,261,565.0,Maharashtra,Other
2010-03-22,Onion,23,Nashik,FAQ,Devala,675,200,550.0,Maharashtra,Other
2010-03-22,Onion,23,Nashik,FAQ,Sinner,811,100,550.0,Maharashtra,Other
2010-03-23,Onion,23,Sholapur,FAQ,Pandharpur,719,170,605.0,Maharashtra,Other
2010-03-23,Onion,23,Chattrapati Sambhajinagar,FAQ,Chattrapati Sambhajinagar,650,250,450.0,Maharashtra,Other
2010-03-23,Onion,23,Jalgaon,FAQ,Jalgaon,600,300,500.0,Maharashtra,Red
2010-03-23,Onion,23,Nashik,FAQ,Chandvad,551,100,500.0,Maharashtra,Red
2010-03-23,Onion,23,Nashik,FAQ,Yeola,571,300,475.0,Maharashtra,Red
2010-03-23,Onion,23,Nashik,FAQ,Nandgaon,651,211,500.0,Maharashtra,Other
2010-03-23,Onion,23,Kolhapur,FAQ,Kolhapur,750,300,600.0,Maharashtra,Other
2010-03-23,Onion,23,Satara,FAQ,Phaltan,685,200,450.0,Maharashtra,Other
2010-03-23,Onion,23,Nashik,FAQ,Satana,650,150,550.0,Maharashtra,Red
2010-03-24,Onion,23,Beed,FAQ,Kada,800,150,650.0,Maharashtra,Other
2010-03-24,Onion,23,Jalgaon,FAQ,Jalgaon,650,300,500.0,Maharashtra,Red
2010-03-24,Onion,23,Nashik,FAQ,Sinner,751,100,550.0,Maharashtra,Other
2010-03-24,Onion,23,Nagpur,FAQ,Nagpur,650,600,625.0,Maharashtra,Red
2010-03-24,Onion,23,Pune,FAQ,Baramati,611,200,500.0,Maharashtra,Red
2010-03-24,Onion,23,Nashik,FAQ,Dindori(Vani),687,300,550.0,Maharashtra,Other
2010-03-25,Onion,23,Jalgaon,FAQ,Jalgaon,600,250,500.0,Maharashtra,Red
2010-03-25,Onion,23,Mumbai,FAQ,Mumbai,750,500,660.0,Maharashtra,Other
2010-03-25,Onion,23,Dhule,FAQ,Dhule,625,100,500.0,Maharashtra,Other
2010-03-25,Onion,23,Dhule,FAQ,Dhule,600,100,480.0,Maharashtra,Red
2010-03-25,Onion,23,Sholapur,FAQ,Kurdwadi,600,100,400.0,Maharashtra,Other
2010-03-26,Onion,23,Ahmednagar,FAQ,Rahuri,650,100,375.0,Maharashtra,Other
2010-03-26,Onion,23,Sholapur,FAQ,Pandharpur,630,100,550.0,Maharashtra,Other
2010-03-26,Onion,23,Mumbai,FAQ,Vashi New Mumbai,750,500,660.0,Maharashtra,Other
2010-03-26,Onion,23,Nashik,FAQ,Lasalgaon,792,225,630.0,Maharashtra,Red
2010-03-26,Onion,23,Nashik,FAQ,Nashik(Devlali),600,225,490.0,Maharashtra,Other
2010-03-26,Onion,23,Mumbai,FAQ,Mumbai,750,500,660.0,Maharashtra,Other
2010-03-26,Onion,23,Jalgaon,FAQ,Jalgaon,600,250,500.0,Maharashtra,Red
2010-03-27,Onion,23,Kolhapur,FAQ,Kolhapur,700,300,600.0,Maharashtra,Other
2010-03-28,Onion,23,Ahmednagar,FAQ,Newasa(Ghodegaon),675,100,550.0,Maharashtra,Other
2010-03-28,Onion,23,Satara,FAQ,Satara,700,300,500.0,Maharashtra,Other
2010-03-29,Onion,23,Jalgaon,FAQ,Jalgaon,625,250,500.0,Maharashtra,Red
2010-03-29,Onion,23,Mumbai,FAQ,Mumbai,750,550,665.0,Maharashtra,Other
2010-03-29,Onion,23,Dhule,FAQ,Dhule,635,100,510.0,Maharashtra,Red
2010-03-29,Onion,23,Mumbai,FAQ,Vashi New Mumbai,750,550,665.0,Maharashtra,Other
2010-03-29,Onion,23,Pune,FAQ,Pune(Khadiki),650,300,470.0,Maharashtra,Other
2010-03-29,Onion,23,Beed,FAQ,Kada,700,100,600.0,Maharashtra,Other
2010-03-30,Onion,23,Nagpur,FAQ,Nagpur,625,450,537.0,Maharashtra,Red
2010-03-30,Onion,23,Jalgaon,FAQ,Jalgaon,585,250,500.0,Maharashtra,Red
2010-03-30,Onion,23,Nagpur,FAQ,Nagpur,775,550,662.0,Maharashtra,Other
2010-03-31,Onion,23,Mumbai,FAQ,Mumbai,850,500,800.0,Maharashtra,Other
2010-03-31,Onion,23,Nagpur,FAQ,Nagpur,750,575,662.0,Maharashtra,Other
2010-04-01,Onion,23,Pune,FAQ,Junnar(Otur),800,100,600.0,Maharashtra,Other
2010-04-01,Onion,23,Nashik,FAQ,Dindori,741,387,633.0,Maharashtra,Other
2010-04-01,Onion,23,Dharashiv(Usmanabad),FAQ,Dharashiv,270,140,205.0,Maharashtra,Red
2010-04-01,Onion,23,Nashik,FAQ,Nasik,650,290,550.0,Maharashtra,Other
2010-04-01,Onion,23,Kolhapur,FAQ,Kolhapur,800,300,600.0,Maharashtra,Other
2010-04-01,Onion,23,Pune,FAQ,Pune(Khadiki),700,400,550.0,Maharashtra,Other
2010-04-01,Onion,23,Mumbai,FAQ,Vashi New Mumbai,850,600,750.0,Maharashtra,Other
2010-04-02,Onion,23,Pune,FAQ,Pune(Pimpri),650,650,650.0,Maharashtra,Other
2010-04-02,Onion,23,Pune,FAQ,Pune(Khadiki),700,400,550.0,Maharashtra,Other
2010-04-02,Onion,23,Ahmednagar,FAQ,Newasa,715,150,575.0,Maharashtra,Other
2010-04-03,Onion,23,Nashik,FAQ,Nasik,750,500,600.0,Maharashtra,Other
2010-04-03,Onion,23,Nagpur,FAQ,Nagpur,600,575,587.0,Maharashtra,Red
2010-04-03,Onion,23,Dharashiv(Usmanabad),FAQ,Dharashiv,270,270,270.0,Maharashtra,Red
2010-04-03,Onion,23,Mumbai,FAQ,Vashi New Mumbai,800,600,750.0,Maharashtra,Other
2010-04-03,Onion,23,Pune,FAQ,Pune(Pimpri),700,600,650.0,Maharashtra,Other
2010-04-04,Onion,23,Nashik,FAQ,Sinner,611,100,500.0,Maharashtra,Other
2010-04-04,Onion,23,Pune,FAQ,Manchar,550,300,430.0,Maharashtra,Other
2010-04-04,Onion,23,Nagpur,FAQ,Nagpur,750,550,650.0,Maharashtra,Red
2010-04-05,Onion,23,Amarawati,FAQ,Amrawati(Frui & Veg. Market),750,400,575.0,Maharashtra,Other
2010-04-05,Onion,23,Jalgaon,FAQ,Jalgaon,575,200,500.0,Maharashtra,Other
2010-04-05,Onion,23,Nashik,FAQ,Malegaon,731,151,620.0,Maharashtra,Red
2010-04-06,Onion,23,Nashik,FAQ,Pimpalgaon Baswant(Saykheda),700,450,600.0,Maharashtra,Other
2010-04-06,Onion,23,Mumbai,FAQ,Vashi New Mumbai,750,550,650.0,Maharashtra,Other
2010-04-07,Onion,23,Kolhapur,FAQ,Kolhapur,700,300,600.0,Maharashtra,Other
2010-04-07,Onion,23,Beed,FAQ,Kada,700,100,600.0,Maharashtra,Other
2010-04-07,Onion,23,Pune,FAQ,Pune,700,550,625.0,Maharashtra,Other
2010-04-07,Onion,23,Jalgaon,FAQ,Jalgaon,625,200,500.0,Maharashtra,Red
2010-04-08,Onion,23,Nashik,FAQ,Chandvad,651,100,550.0,Maharashtra,Other
2010-04-08,Onion,23,Nagpur,FAQ,Nagpur,700,650,675.0,Maharashtra,Other
2010-04-08,Onion,23,Nashik,FAQ,Devala,425,125,300.0,Maharashtra,Red
2010-04-08,Onion,23,Nashik,FAQ,Lasalgaon(Niphad),621,225,515.0,Maharashtra,Other
2010-04-09,Onion,23,Jalgaon,FAQ,Jalgaon,550,300,450.0,Maharashtra,Red
2010-04-09,Onion,23,Satara,FAQ,Phaltan,500,200,300.0,Maharashtra,Other
2010-04-09,Onion,23,Pune,FAQ,Pune(Pimpri),650,350,500.0,Maharashtra,Other
2010-04-09,Onion,23,Nashik,FAQ,Dindori,622,315,490.0,Maharashtra,Other
2010-04-09,Onion,23,Mumbai,FAQ,Mumbai,700,500,650.0,Maharashtra,Other
2010-04-09,Onion,23,Pune,FAQ,Manchar,650,400,525.0,Maharashtra,Other
2010-04-09,Onion,23,Pune,FAQ,Pune,650,500,575.0,Maharashtra,Other
2010-04-09,Onion,23,Mumbai,FAQ,Vashi New Mumbai,700,500,650.0,Maharashtra,Other
2010-04-10,Onion,23,Nagpur,FAQ,Nagpur,750,650,700.0,Maharashtra,Other
2010-04-10,Onion,23,Nashik,FAQ,Nasik,650,300,550.0,Maharashtra,Other
2010-04-10,Onion,23,Kolhapur,FAQ,Kolhapur,650,300,600.0,Maharashtra,Other
2010-04-11,Onion,23,Ahmednagar,FAQ,Sangamner,701,100,401.0,Maharashtra,Other
2010-04-11,Onion,23,Pune,FAQ,Pune(Khadiki),700,250,470.0,Maharashtra,Other
2010-04-12,Onion,23,Chattrapati Sambhajinagar,FAQ,Chattrapati Sambhajinagar,750,300,525.0,Maharashtra,Other
2010-04-12,Onion,23,Satara,FAQ,Karad,900,600,750.0,Maharashtra,Other
2010-04-12,Onion,23,Nagpur,FAQ,Nagpur,600,450,525.0,Maharashtra,Other
2010-04-12,Onion,23,Pune,FAQ,Pune,620,500,560.0,Maharashtra,Other
2010-04-12,Onion,23,Jalgaon,FAQ,Jalgaon,500,300,400.0,Maharashtra,Red
2010-04-12,Onion,23,Pune,FAQ,Pune(Pimpri),600,400,500.0,Maharashtra,Other
2010-04-13,Onion,23,Dharashiv(Usmanabad),FAQ,Dharashiv,230,100,165.0,Maharashtra,Red
2010-04-13,Onion,23,Ahmednagar,FAQ,Pathardi,705,140,587.0,Maharashtra,Other
2010-04-13,Onion,23,Dhule,FAQ,Dhule,460,100,350.0,Maharashtra,Other
2010-04-13,Onion,23,Nagpur,FAQ,Nagpur,550,400,475.0,Maharashtra,Red
2010-04-13,Onion,23,Kolhapur,FAQ,Kolhapur,650,250,600.0,Maharashtra,Other
2010-04-14,Onion,23,Mumbai,FAQ,Mumbai,700,500,650.0,Maharashtra,Other
2010-04-14,Onion,23,Pune,FAQ,Pune,650,500,575.0,Maharashtra,Other
2010-04-14,Onion,23,Nashik,FAQ,Dindori,761,370,586.0,Maharashtra,Other
2010-04-14,Onion,23,Dharashiv(Usmanabad),FAQ,Dharashiv,200,180,190.0,Maharashtra,Red
2010-04-15,Onion,23,Nashik,FAQ,Devala,560,275,500.0,Maharashtra,Other
2010-04-15,Onion,23,Pune,FAQ,Manchar,650,250,450.0,Maharashtra,Other
2010-04-16,Onion,23,Ahmednagar,FAQ,Rahuri,600,100,350.0,Maharashtra,Other
2010-04-16,Onion,23,Mumbai,FAQ,Mumbai,700,500,650.0,Maharashtra,Other
2010-04-16,Onion,23,Dharashiv(Usmanabad),FAQ,Dharashiv,400,300,350.0,Maharashtra,Other
2010-04-16,Onion,23,Ahmednagar,FAQ,Rahata,565,175,425.0,Maharashtra,Other
2010-04-17,Onion,23,Satara,FAQ,Karad,700,300,500.0,Maharashtra,Other
2010-04-17,Onion,23,Nashik,FAQ,Yeola,476,250,425.0,Maharashtra,Other
2010-04-17,Onion,23,Nashik,FAQ,Kalvan,522,100,451.0,Maharashtra,Other
2010-04-17,Onion,23,Nagpur,FAQ,Nagpur,475,400,437.0,Maharashtra,Other
2010-04-17,Onion,23,Kolhapur,FAQ,Kolhapur,600,300,500.0,Maharashtra,Other
2010-04-17,Onion,23,Dhule,FAQ,Dhule,515,100,415.0,Maharashtra,Other
2010-04-18,Onion,23,Ahmednagar,FAQ,Akole,675,100,361.0,Maharashtra,Other
2010-04-18,Onion,23,Ahmednagar,FAQ,Rahata,600,150,450.0,Maharashtra,Other
2010-04-18,Onion,23,Nashik,FAQ,Pimpalgaon Baswant(Saykheda),500,375,425.0,Maharashtra,Other
2010-04-18,Onion,23,Dharashiv(Usmanabad),FAQ,Dharashiv,500,200,350.0,Maharashtra,Other
2010-04-19,Onion,23,Nashik,FAQ,Manmad,529,301,460.0,Maharashtra,Red
2010-04-19,Onion,23,Pune,FAQ,Pune(Pimpri),600,250,425.0,Maharashtra,Other
2010-04-19,Onion,23,Ahmednagar,FAQ,Ahmednagar,600,100,350.0,Maharashtra,Other
2010-04-19,Onion,23,Pune,FAQ,Pune(Khadiki),650,350,500.0,Maharashtra,Other
2010-04-20,Onion,23,Nashik,FAQ,Manmad,497,202,461.0,Maharashtra,Red
2010-04-20,Onion,23,Pune,FAQ,Pune(Khadiki),600,250,420.0,Maharashtra,Other
2010-04-20,Onion,23,Nashik,FAQ,Satana,595,150,475.0,Maharashtra,Red
2010-04-20,Onion,23,Pune,FAQ,Pune(Pimpri),600,600,600.0,Maharashtra,Other
2010-04-21,Onion,23,Mumbai,FAQ,Vashi New Mumbai,650,450,600.0,Maharashtra,Other
2010-04-21,Onion,23,Pune,FAQ,Pune(Khadiki),600,200,400.0,Maharashtra,Other
2010-04-21,Onion,23,Chattrapati Sambhajinagar,FAQ,Chattrapati Sambhajinagar,700,200,450.0,Maharashtra,Other
2010-04-21,Onion,23,Nashik,FAQ,Lasalgaon,600,275,525.0,Maharashtra,Other
2010-04-22,Onion,23,Nagpur,FAQ,Kalmeshwar,600,400,500.0,Maharashtra,Other
2010-04-22,Onion,23,Nashik,FAQ,Satana,620,250,540.0,Maharashtra,Other
2010-04-22,Onion,23,Satara,FAQ,Satara,600,300,450.0,Maharashtra,Other
2010-04-22,Onion,23,Mumbai,FAQ,Vashi New Mumbai,650,450,500.0,Maharashtra,Other
2010-04-22,Onion,23,Nashik,FAQ,Dindori(Vani),625,300,510.0,Maharashtra,Other
2010-04-22,Onion,23,Nashik,FAQ,Nasik,575,200,400.0,Maharashtra,Other
2010-04-22,Onion,23,Nashik,FAQ,Yeola,479,270,425.0,Maharashtra,Other
2010-04-23,Onion,23,Mumbai,FAQ,Vashi New Mumbai,650,400,550.0,Maharashtra,Other
2010-04-23,Onion,23,Nashik,FAQ,Chandvad,575,100,500.0,Maharashtra,Other
2010-04-23,Onion,23,Nagpur,FAQ,Kalmeshwar,600,400,500.0,Maharashtra,Other
2010-04-23,Onion,23,Mumbai,FAQ,Mumbai,650,400,550.0,Maharashtra,Other
2010-04-24,Onion,23,Dhule,FAQ,Dhule,460,100,350.0,Maharashtra,Other
2010-04-24,Onion,23,Pune,FAQ,Pune(Khadiki),500,200,370.0,Maharashtra,Other
2010-04-24,Onion,23,Nashik,FAQ,Kalvan,510,100,451.0,Maharashtra,Other
2010-04-24,Onion,23,Dharashiv(Usmanabad),FAQ,Dharashiv,410,200,305.0,Maharashtra,Other
2010-04-24,Onion,23,Kolhapur,FAQ,Kolhapur(Malkapur),600,600,600.0,Maharashtra,Other
2010-04-24,Onion,23,Parbhani,FAQ,Parbhani,700,600,650.0,Maharashtra,Red
2010-04-24,Onion,23,Kolhapur,FAQ,Kolhapur,600,300,500.0,Maharashtra,Other
2010-04-24,Onion,23,Pune,FAQ,Baramati,450,100,300.0,Maharashtra,Red
2010-04-24,Onion,23,Ahmednagar,FAQ,Kopargaon,600,100,350.0,Maharashtra,Other
2010-04-25,Onion,23,Satara,FAQ,Satara,600,300,450.0,Maharashtra,Other
2010-04-25,Onion,23,Ahmednagar,FAQ,Akole,675,100,344.0,Maharashtra,Other
2010-04-25,Onion,23,Ahmednagar,FAQ,Rahata,625,150,450.0,Maharashtra,Other
2010-04-25,Onion,23,Nagpur,FAQ,Nagpur,500,400,450.0,Maharashtra,Other
2010-04-25,Onion,23,Pune,FAQ,Pune(Pimpri),700,550,600.0,Maharashtra,Other
2010-04-25,Onion,23,Ahmednagar,FAQ,Sangamner,700,100,400.0,Maharashtra,Other
2010-04-26,Onion,23,Pune,FAQ,Pune(Pimpri),580,580,580.0,Maharashtra,Other
2010-04-26,Onion,23,Mumbai,FAQ,Vashi New Mumbai,700,500,650.0,Maharashtra,Other
2010-04-26,Onion,23,Nashik,FAQ,Dindori(Vani),682,300,601.0,Maharashtra,Other
2010-04-26,Onion,23,Nashik,FAQ,Devala,598,150,450.0,Maharashtra,Other
2010-04-26,Onion,23,Nashik,FAQ,Dindori,632,277,484.0,Maharashtra,Other
2010-04-27,Onion,23,Kolhapur,FAQ,Kolhapur,650,300,500.0,Maharashtra,Other
2010-04-27,Onion,23,Nashik,FAQ,Devala,600,100,500.0,Maharashtra,Other
2010-04-27,Onion,23,Nagpur,FAQ,Nagpur,500,425,462.0,Maharashtra,Red
2010-04-27,Onion,23,Chattrapati Sambhajinagar,FAQ,Chattrapati Sambhajinagar,600,200,400.0,Maharashtra,Other
2010-04-27,Onion,23,Ahmednagar,FAQ,Pathardi,800,104,655.0,Maharashtra,Other
2010-04-28,Onion,23,Sholapur,FAQ,Kurdwadi,451,100,300.0,Maharashtra,Other
2010-04-28,Onion,23,Nashik,FAQ,Dindori(Vani),700,350,580.0,Maharashtra,Other
2010-04-28,Onion,23,Jalgaon,FAQ,Jalgaon,510,250,450.0,Maharashtra,Red
2010-04-28,Onion,23,Sholapur,FAQ,Pandharpur,651,150,400.0,Maharashtra,Other
2010-04-29,Onion,23,Kolhapur,FAQ,Kolhapur,650,300,600.0,Maharashtra,Other
2010-04-29,Onion,23,Nagpur,FAQ,Nagpur,450,350,400.0,Maharashtra,Other
2010-04-29,Onion,23,Nashik,FAQ,Lasalgaon,636,251,525.0,Maharashtra,Other
2010-04-29,Onion,23,Chattrapati Sambhajinagar,FAQ,Chattrapati Sambhajinagar,700,300,500.0,Maharashtra,Other
2010-04-29,Onion,23,Pune,FAQ,Manchar,600,450,530.0,Maharashtra,Other
2010-04-29,Onion,23,Jalgaon,FAQ,Jalgaon,500,200,350.0,Maharashtra,Red
2010-04-29,Onion,23,Nashik,FAQ,Manmad,550,351,470.0,Maharashtra,Other
2010-04-29,Onion,23,Nashik,FAQ,Malegaon,523,100,400.0,Maharashtra,Red
2010-04-29,Onion,23,Mumbai,FAQ,Vashi New Mumbai,700,500,650.0,Maharashtra,Other
2010-04-30,Onion,23,Sholapur,FAQ,Pandharpur,631,100,375.0,Maharashtra,Other
2010-04-30,Onion,23,Nashik,FAQ,Yeola,525,300,440.0,Maharashtra,Other
2010-04-30,Onion,23,Ahmednagar,FAQ,Newasa,675,100,550.0,Maharashtra,Other
2010-04-30,Onion,23,Nashik,FAQ,Kalvan,625,300,551.0,Maharashtra,Other
2010-04-30,Onion,23,Nashik,FAQ,Nasik,550,200,400.0,Maharashtra,Other
2010-04-30,Onion,23,Nashik,FAQ,Chandvad,575,100,500.0,Maharashtra,Other
2010-04-30,Onion,23,Nashik,FAQ,Devala,600,200,450.0,Maharashtra,Other
2010-05-01,Onion,23,Dhule,FAQ,Shirpur,450,100,350.0,Maharashtra,Other
2010-05-01,Onion,23,Pune,FAQ,Pune(Khadiki),600,600,600.0,Maharashtra,Other
2010-05-02,Onion,23,Nashik,FAQ,Sinner,551,100,450.0,Maharashtra,Other
2010-05-02,Onion,23,Ahmednagar,FAQ,Newasa(Ghodegaon),620,100,525.0,Maharashtra,Other
2010-05-02,Onion,23,Nagpur,FAQ,Nagpur,450,400,425.0,Maharashtra,Other
2010-05-02,Onion,23,Dharashiv(Usmanabad),FAQ,Dharashiv,550,550,550.0,Maharashtra,Other
2010-05-03,Onion,23,Nagpur,FAQ,Nagpur,500,450,475.0,Maharashtra,Red
2010-05-04,Onion,23,Dhule,FAQ,Dhule,475,100,400.0,Maharashtra,Other
2010-05-04,Onion,23,Kolhapur,FAQ,Kolhapur,750,300,550.0,Maharashtra,Other
2010-05-04,Onion,23,Ahmednagar,FAQ,Ahmednagar,675,100,400.0,Maharashtra,Other
2010-05-04,Onion,23,Sangli,FAQ,"Sangli(Phale, Bhajipura Market)",700,150,425.0,Maharashtra,Other
2010-05-05,Onion,23,Jalgaon,FAQ,Jalgaon,525,225,375.0,Maharashtra,Red
2010-05-05,Onion,23,Ahmednagar,FAQ,Pathardi,700,140,500.0,Maharashtra,Other
2010-05-06,Onion,23,Nashik,FAQ,Malegaon,530,115,400.0,Maharashtra,Other
2010-05-06,Onion,23,Pune,FAQ,Pune(Pimpri),600,200,400.0,Maharashtra,Other
2010-05-06,Onion,23,Nagpur,FAQ,Kalmeshwar,600,400,500.0,Maharashtra,Other
2010-05-06,Onion,23,Ahmednagar,FAQ,Akole,675,100,330.0,Maharashtra,Other
2010-05-06,Onion,23,Sangli,FAQ,"Sangli(Phale, Bhajipura Market)",700,200,450.0,Maharashtra,Other
2010-05-06,Onion,23,Satara,FAQ,Karad,600,400,500.0,Maharashtra,Other
2010-05-06,Onion,23,Pune,FAQ,Manchar,630,100,400.0,Maharashtra,Other
2010-05-07,Onion,23,Nashik,FAQ,Sinner,651,100,425.0,Maharashtra,Other
2010-05-07,Onion,23,Nashik,FAQ,Pimpalgaon,639,300,511.0,Maharashtra,Other
2010-05-07,Onion,23,Nashik,FAQ,Nashik(Devlali),475,200,425.0,Maharashtra,Other
2010-05-07,Onion,23,Nashik,FAQ,Kalvan,651,200,551.0,Maharashtra,Other
2010-05-07,Onion,23,Pune,FAQ,Pune,650,500,575.0,Maharashtra,Other
2010-05-07,Onion,23,Sangli,FAQ,"Sangli(Phale, Bhajipura Market)",650,200,425.0,Maharashtra,Other
2010-05-07,Onion,23,Dhule,FAQ,Dhule,440,100,350.0,Maharashtra,Other
2010-05-08,Onion,23,Kolhapur,FAQ,Kolhapur(Malkapur),600,600,600.0,Maharashtra,Other
2010-05-08,Onion,23,Nashik,FAQ,Pimpalgaon Baswant(Saykheda),568,300,440.0,Maharashtra,Other
2010-05-08,Onion,23,Chattrapati Sambhajinagar,FAQ,Chattrapati Sambhajinagar,600,200,400.0,Maharashtra,Other
2010-05-09,Onion,23,Pune,FAQ,Pune(Khadiki),800,300,550.0,Maharashtra,Other
2010-05-09,Onion,23,Kolhapur,FAQ,Kolhapur(Malkapur),920,500,700.0,Maharashtra,Other
2010-05-10,Onion,23,Chattrapati Sambhajinagar,FAQ,Chattrapati Sambhajinagar,500,300,400.0,Maharashtra,Other
2010-05-10,Onion,23,Kolhapur,FAQ,Kolhapur,700,300,500.0,Maharashtra,Other
2010-05-10,Onion,23,Nashik,FAQ,Satana,610,200,561.0,Maharashtra,Other
2010-05-10,Onion,23,Ahmednagar,FAQ,Ahmednagar,665,100,350.0,Maharashtra,Other
2010-05-11,Onion,23,Ahmednagar,FAQ,Sangamner,700,100,400.0,Maharashtra,Other
2010-05-11,Onion,23,Nashik,FAQ,Satana,615,200,540.0,Maharashtra,Other
2010-05-11,Onion,23,Nagpur,FAQ,Nagpur,475,400,437.0,Maharashtra,Red
2010-05-11,Onion,23,Ahmednagar,FAQ,Rahata,600,175,425.0,Maharashtra,Other
2010-05-11,Onion,23,Chattrapati Sambhajinagar,FAQ,Chattrapati Sambhajinagar,650,150,400.0,Maharashtra,Other
2010-05-11,Onion,23,Dharashiv(Usmanabad),FAQ,Dharashiv,400,300,350.0,Maharashtra,Other
2010-05-11,Onion,23,Mumbai,FAQ,Mumbai,700,450,550.0,Maharashtra,Other
2010-05-11,Onion,23,Nagpur,FAQ,Nagpur,500,400,450.0,Maharashtra,Other
2010-05-11,Onion,23,Nashik,FAQ,Yeola,485,250,400.0,Maharashtra,Other
2010-05-11,Onion,23,Nashik,FAQ,Dindori,740,300,578.0,Maharashtra,Other
2010-05-11,Onion,23,Satara,FAQ,Satara,650,400,525.0,Maharashtra,Other
2010-05-12,Onion,23,Nagpur,FAQ,Nagpur,450,350,400.0,Maharashtra,Red
2010-05-12,Onion,23,Pune,FAQ,Pune(Pimpri),650,600,625.0,Maharashtra,Other
2010-05-12,Onion,23,Nagpur,FAQ,Kalmeshwar,600,400,500.0,Maharashtra,Other
2010-05-13,Onion,23,Nashik,FAQ,Manmad,559,250,460.0,Maharashtra,Other
2010-05-13,Onion,23,Nashik,FAQ,Lasalgaon,680,251,501.0,Maharashtra,Other
2010-05-13,Onion,23,Mumbai,FAQ,Vashi New Mumbai,700,500,600.0,Maharashtra,Other
2010-05-13,Onion,23,Ahmednagar,FAQ,Akole,701,100,312.0,Maharashtra,Other
2010-05-13,Onion,23,Nashik,FAQ,Kalvan,661,200,571.0,Maharashtra,Other
2010-05-14,Onion,23,Mumbai,FAQ,Vashi New Mumbai,700,650,675.0,Maharashtra,Other
2010-05-14,Onion,23,Nashik,FAQ,Malegaon,575,151,460.0,Maharashtra,Other
2010-05-14,Onion,23,Kolhapur,FAQ,Kolhapur,700,300,600.0,Maharashtra,Other
2010-05-15,Onion,23,Satara,FAQ,Koregaon,450,300,375.0,Maharashtra,Other
2010-05-15,Onion,23,Chattrapati Sambhajinagar,FAQ,Chattrapati Sambhajinagar,600,200,400.0,Maharashtra,Other
2010-05-15,Onion,23,Kolhapur,FAQ,Kolhapur(Malkapur),500,500,500.0,Maharashtra,Other
2010-05-15,Onion,23,Kolhapur,FAQ,Kolhapur,700,300,600.0,Maharashtra,Other
2010-05-15,Onion,23,Thane,FAQ,Palghar,600,600,600.0,Maharashtra,Other
2010-05-16,Onion,23,Chattrapati Sambhajinagar,FAQ,Chattrapati Sambhajinagar,700,200,450.0,Maharashtra,Other
2010-05-16,Onion,23,Ahmednagar,FAQ,Rahata,800,250,550.0,Maharashtra,Other
2010-05-17,Onion,23,Nashik,FAQ,Manmad,625,350,510.0,Maharashtra,Other
2010-05-17,Onion,23,Kolhapur,FAQ,Kolhapur,700,300,600.0,Maharashtra,Other
2010-05-17,Onion,23,Nashik,FAQ,Lasalgaon(Niphad),670,261,525.0,Maharashtra,Other
2010-05-17,Onion,23,Mumbai,FAQ,Vashi New Mumbai,750,700,725.0,Maharashtra,Other
2010-05-17,Onion,23,Satara,FAQ,Lonand,670,200,500.0,Maharashtra,Other
2010-05-17,Onion,23,Jalgaon,FAQ,Jalgaon,575,250,400.0,Maharashtra,Red
2010-05-17,Onion,23,Chattrapati Sambhajinagar,FAQ,Chattrapati Sambhajinagar,600,200,400.0,Maharashtra,Other
2010-05-18,Onion,23,Nagpur,FAQ,Nagpur,500,475,487.0,Maharashtra,Red
2010-05-18,Onion,23,Nashik,FAQ,Nashik(Devlali),475,271,411.0,Maharashtra,Other
2010-05-18,Onion,23,Satara,FAQ,Karad,750,400,550.0,Maharashtra,Other
2010-05-18,Onion,23,Nashik,FAQ,Sinner,751,100,550.0,Maharashtra,Other
2010-05-18,Onion,23,Mumbai,FAQ,Mumbai,750,550,700.0,Maharashtra,Other
2010-05-19,Onion,23,Thane,FAQ,Palghar,600,600,600.0,Maharashtra,Other
2010-05-19,Onion,23,Dhule,FAQ,Dhule,640,100,550.0,Maharashtra,Red
2010-05-19,Onion,23,Nashik,FAQ,Sinner,800,100,500.0,Maharashtra,Other
2010-05-19,Onion,23,Chattrapati Sambhajinagar,FAQ,Lasur Station,800,100,425.0,Maharashtra,Other
2010-05-19,Onion,23,Kolhapur,FAQ,Kolhapur,800,300,650.0,Maharashtra,Other
2010-05-19,Onion,23,Pune,FAQ,Pune(Khadiki),600,300,450.0,Maharashtra,Other
2010-05-19,Onion,23,Nashik,FAQ,Satana,730,205,631.0,Maharashtra,Other
2010-05-20,Onion,23,Nashik,FAQ,Devala,591,101,450.0,Maharashtra,Other
2010-05-20,Onion,23,Pune,FAQ,Pune(Khadiki),500,400,450.0,Maharashtra,Other
2010-05-20,Onion,23,Nashik,FAQ,Dindori(Vani),710,300,650.0,Maharashtra,Other
2010-05-21,Onion,23,Nashik,FAQ,Satana,690,200,595.0,Maharashtra,Other
2010-05-21,Onion,23,Nashik,FAQ,Dindori,741,341,557.0,Maharashtra,Other
2010-05-21,Onion,23,Ahmednagar,FAQ,Rahuri,800,100,450.0,Maharashtra,Other
2010-05-21,Onion,23,Pune,FAQ,Pune,720,500,610.0,Maharashtra,Other
2010-05-21,Onion,23,Sangli,FAQ,"Sangli(Phale, Bhajipura Market)",850,200,525.0,Maharashtra,Other
2010-05-22,Onion,23,Nashik,FAQ,Nasik,700,285,575.0,Maharashtra,Other
2010-05-22,Onion,23,Nagpur,FAQ,Nagpur,500,450,475.0,Maharashtra,Other
2010-05-22,Onion,23,Mumbai,FAQ,Mumbai,750,550,600.0,Maharashtra,Other
2010-05-22,Onion,23,Kolhapur,FAQ,Kolhapur(Malkapur),500,500,500.0,Maharashtra,Other
2010-05-22,Onion,23,Nashik,FAQ,Pimpalgaon Baswant(Saykheda),607,400,575.0,Maharashtra,Other
2010-05-22,Onion,23,Jalgaon,FAQ,Jalgaon,500,225,400.0,Maharashtra,Red
2010-05-23,Onion,23,Pune,FAQ,Pune(Khadiki),500,250,350.0,Maharashtra,Other
2010-05-24,Onion,23,Satara,FAQ,Karad,800,300,550.0,Maharashtra,Other
2010-05-24,Onion,23,Dhule,FAQ,Dhule,565,100,425.0,Maharashtra,Other
2010-05-24,Onion,23,Nashik,FAQ,Dindori,665,350,490.0,Maharashtra,Other
2010-05-24,Onion,23,Sangli,FAQ,"Sangli(Phale, Bhajipura Market)",840,200,520.0,Maharashtra,Other
2010-05-25,Onion,23,Nashik,FAQ,Dindori(Vani),714,300,601.0,Maharashtra,Other
2010-05-25,Onion,23,Jalgaon,FAQ,Jalgaon,500,225,400.0,Maharashtra,Red
2010-05-25,Onion,23,Nagpur,FAQ,Nagpur,550,450,500.0,Maharashtra,Red
2010-05-25,Onion,23,Nashik,FAQ,Nashik(Devlali),475,241,450.0,Maharashtra,Other
2010-05-25,Onion,23,Pune,FAQ,Pune(Pimpri),300,300,300.0,Maharashtra,Other
2010-05-25,Onion,23,Nashik,FAQ,Devala,648,100,545.0,Maharashtra,Other
2010-05-26,Onion,23,Nashik,FAQ,Lasalgaon,775,200,601.0,Maharashtra,Other
2010-05-26,Onion,23,Nashik,FAQ,Devala,666,150,575.0,Maharashtra,Other
2010-05-26,Onion,23,Kolhapur,FAQ,Kolhapur,800,300,600.0,Maharashtra,Other
2010-05-26,Onion,23,Dhule,FAQ,Dhule,580,100,450.0,Maharashtra,Red
2010-05-27,Onion,23,Nashik,FAQ,Dindori,759,300,597.0,Maharashtra,Other
2010-05-27,Onion,23,Mumbai,FAQ,Mumbai,800,600,650.0,Maharashtra,Other
2010-05-27,Onion,23,Dhule,FAQ,Dhule,610,100,450.0,Maharashtra,Other
2010-05-27,Onion,23,Jalgaon,FAQ,Jalgaon,525,250,400.0,Maharashtra,Red
2010-05-28,Onion,23,Sangli,FAQ,"Sangli(Phale, Bhajipura Market)",920,200,560.0,Maharashtra,Other
2010-05-28,Onion,23,Nashik,FAQ,Dindori,771,400,649.0,Maharashtra,Other
2010-05-29,Onion,23,Sholapur,FAQ,Pandharpur,815,140,525.0,Maharashtra,Other
2010-05-29,Onion,23,Nashik,FAQ,Lasalgaon(Niphad),658,300,600.0,Maharashtra,Other
2010-05-29,Onion,23,Pune,FAQ,Pune(Khadiki),700,500,600.0,Maharashtra,Other
2010-05-29,Onion,23,Nashik,FAQ,Yeola,585,300,490.0,Maharashtra,Other
2010-05-29,Onion,23,Dhule,FAQ,Shirpur,555,101,535.0,Maharashtra,Other
2010-05-30,Onion,23,Beed,FAQ,Kada,750,100,500.0,Maharashtra,Other
2010-05-30,Onion,23,Thane,FAQ,Palghar,500,500,500.0,Maharashtra,Other
2010-05-30,Onion,23,Pune,FAQ,Manchar,620,200,410.0,Maharashtra,Other
2010-05-31,Onion,23,Nashik,FAQ,Devala,671,204,600.0,Maharashtra,Other
2010-05-31,Onion,23,Nashik,FAQ,Kalvan,775,200,611.0,Maharashtra,Other
2010-06-01,Onion,23,Sangli,FAQ,"Sangli(Phale, Bhajipura Market)",850,150,500.0,Maharashtra,Other
2010-06-01,Onion,23,Nashik,FAQ,Kalvan,781,200,600.0,Maharashtra,Other
2010-06-01,Onion,23,Nashik,FAQ,Nasik,700,300,600.0,Maharashtra,Other
2010-06-01,Onion,23,Dhule,FAQ,Dhule,580,100,400.0,Maharashtra,Red
2010-06-01,Onion,23,Chattrapati Sambhajinagar,FAQ,Chattrapati Sambhajinagar,400,100,350.0,Maharashtra,Other
2010-06-01,Onion,23,Nashik,FAQ,Chandvad,735,151,620.0,Maharashtra,Other
2010-06-01,Onion,23,Nashik,FAQ,Lasalgaon,732,172,575.0,Maharashtra,Other
2010-06-01,Onion,23,Nagpur,FAQ,Nagpur,550,400,475.0,Maharashtra,Red
2010-06-02,Onion,23,Ahmednagar,FAQ,Parner,800,150,475.0,Maharashtra,Other
2010-06-02,Onion,23,Nashik,FAQ,Sinner,750,100,525.0,Maharashtra,Other
2010-06-02,Onion,23,Jalgaon,FAQ,Jalgaon,500,250,425.0,Maharashtra,Red
2010-06-02,Onion,23,Ahmednagar,FAQ,Newasa(Ghodegaon),890,100,650.0,Maharashtra,Other
2010-06-02,Onion,23,Chattrapati Sambhajinagar,FAQ,Chattrapati Sambhajinagar,425,125,275.0,Maharashtra,Other
2010-06-02,Onion,23,Nashik,FAQ,Pimpalgaon Baswant(Saykheda),646,400,585.0,Maharashtra,Other
2010-06-02,Onion,23,Nashik,FAQ,Chandvad,735,200,600.0,Maharashtra,Other
2010-06-02,Onion,23,Pune,FAQ,Baramati,800,200,550.0,Maharashtra,Red
2010-06-02,Onion,23,Nashik,FAQ,Pimpalgaon,748,300,621.0,Maharashtra,Other
2010-06-03,Onion,23,Nashik,FAQ,Pimpalgaon,748,300,621.0,Maharashtra,Other
2010-06-03,Onion,23,Nashik,FAQ,Yeola,625,300,525.0,Maharashtra,Other
2010-06-03,Onion,23,Nashik,FAQ,Lasalgaon,782,190,591.0,Maharashtra,Other
2010-06-03,Onion,23,Nashik,FAQ,Nasik,700,300,600.0,Maharashtra,Other
2010-06-03,Onion,23,Satara,FAQ,Lonand,711,250,575.0,Maharashtra,Other
2010-06-03,Onion,23,Dhule,FAQ,Dhule,600,100,440.0,Maharashtra,Red
2010-06-03,Onion,23,Dhule,FAQ,Dhule,515,100,400.0,Maharashtra,Other
2010-06-03,Onion,23,Mumbai,FAQ,Mumbai,900,600,750.0,Maharashtra,Other
2010-06-04,Onion,23,Nashik,FAQ,Yeola,639,300,535.0,Maharashtra,Other
2010-06-04,Onion,23,Nashik,FAQ,Lasalgaon,773,190,611.0,Maharashtra,Other
2010-06-04,Onion,23,Mumbai,FAQ,Mumbai,900,600,800.0,Maharashtra,Other
2010-06-04,Onion,23,Chattrapati Sambhajinagar,FAQ,Gangapur,725,150,450.0,Maharashtra,Other
2010-06-04,Onion,23,Nashik,FAQ,Pimpalgaon,763,311,625.0,Maharashtra,Other
2010-06-04,Onion,23,Nashik,FAQ,Dindori(Vani),780,300,700.0,Maharashtra,Other
2010-06-04,Onion,23,Nashik,FAQ,Malegaon,651,142,550.0,Maharashtra,Other
2010-06-04,Onion,23,Dharashiv(Usmanabad),FAQ,Dharashiv,710,350,530.0,Maharashtra,Other
2010-06-05,Onion,23,Nashik,FAQ,Pimpalgaon Baswant(Saykheda),667,400,590.0,Maharashtra,Other
2010-06-05,Onion,23,Chattrapati Sambhajinagar,FAQ,Chattrapati Sambhajinagar,450,200,325.0,Maharashtra,Other
2010-06-05,Onion,23,Nagpur,FAQ,Nagpur,550,450,500.0,Maharashtra,Red
2010-06-05,Onion,23,Nashik,FAQ,Kalvan,625,101,525.0,Maharashtra,Other
2010-06-05,Onion,23,Pune,FAQ,Baramati,700,400,500.0,Maharashtra,Red
2010-06-05,Onion,23,Jalgaon,FAQ,Jalgaon,625,250,450.0,Maharashtra,Red
2010-06-05,Onion,23,Satara,FAQ,Karad,800,500,650.0,Maharashtra,Other
2010-06-06,Onion,23,Pune,FAQ,Pune(Khadiki),800,400,600.0,Maharashtra,Other
2010-06-06,Onion,23,Nagpur,FAQ,Nagpur,575,400,487.0,Maharashtra,Red
2010-06-06,Onion,23,Satara,FAQ,Satara,800,500,650.0,Maharashtra,Other
2010-06-06,Onion,23,Pune,FAQ,Pune(Pimpri),600,500,550.0,Maharashtra,Other
2010-06-06,Onion,23,Ahmednagar,FAQ,Parner,850,200,525.0,Maharashtra,Other
2010-06-06,Onion,23,Ahmednagar,FAQ,Sangamner,900,100,500.0,Maharashtra,Other
2010-06-07,Onion,23,Satara,FAQ,Lonand,560,250,500.0,Maharashtra,Other
2010-06-07,Onion,23,Jalgaon,FAQ,Jalgaon,600,200,400.0,Maharashtra,Red
2010-06-07,Onion,23,Nashik,FAQ,Pimpalgaon Baswant(Saykheda),640,400,580.0,Maharashtra,Other
2010-06-08,Onion,23,Nashik,FAQ,Pimpalgaon Baswant(Saykheda),678,400,590.0,Maharashtra,Other
2010-06-08,Onion,23,Thane,FAQ,Kalyan,800,700,750.0,Maharashtra,Other
2010-06-08,Onion,23,Nashik,FAQ,Nandgaon,661,150,550.0,Maharashtra,Other
2010-06-08,Onion,23,Kolhapur,FAQ,Kolhapur,850,300,700.0,Maharashtra,Other
2010-06-08,Onion,23,Pune,FAQ,Manchar,670,200,440.0,Maharashtra,Other
2010-06-08,Onion,23,Nashik,FAQ,Lasalgaon,790,301,575.0,Maharashtra,Other
2010-06-08,Onion,23,Nagpur,FAQ,Nagpur,550,400,475.0,Maharashtra,Red
2010-06-08,Onion,23,Dharashiv(Usmanabad),FAQ,Dharashiv,335,140,238.0,Maharashtra,Red
2010-06-08,Onion,23,Ahmednagar,FAQ,Sangamner,875,100,488.0,Maharashtra,Other
2010-06-09,Onion,23,Satara,FAQ,Phaltan,750,200,475.0,Maharashtra,Other
2010-06-09,Onion,23,Nashik,FAQ,Chandvad,675,200,450.0,Maharashtra,Other
2010-06-09,Onion,23,Dhule,FAQ,Dhule,635,300,490.0,Maharashtra,Other
2010-06-09,Onion,23,Kolhapur,FAQ,Kolhapur,920,300,750.0,Maharashtra,Other
2010-06-09,Onion,23,Chattrapati Sambhajinagar,FAQ,Chattrapati Sambhajinagar,600,200,400.0,Maharashtra,Other
2010-06-10,Onion,23,Nashik,FAQ,Kalvan,751,125,661.0,Maharashtra,Other
2010-06-10,Onion,23,Pune,FAQ,Pune(Khadiki),700,200,450.0,Maharashtra,Other
2010-06-10,Onion,23,Jalgaon,FAQ,Jalgaon,750,300,500.0,Maharashtra,Red
2010-06-11,Onion,23,Nashik,FAQ,Kalvan,800,100,721.0,Maharashtra,Other
2010-06-11,Onion,23,Dhule,FAQ,Dhule,615,100,410.0,Maharashtra,Red
2010-06-11,Onion,23,Ahmednagar,FAQ,Pathardi,700,150,600.0,Maharashtra,Other
2010-06-11,Onion,23,Pune,FAQ,Pune(Pimpri),700,700,700.0,Maharashtra,Other
2010-06-11,Onion,23,Mumbai,FAQ,Vashi New Mumbai,950,600,750.0,Maharashtra,Other
2010-06-11,Onion,23,Jalgaon,FAQ,Jalgaon,700,325,525.0,Maharashtra,Red
2010-06-11,Onion,23,Pune,FAQ,Manchar,720,350,530.0,Maharashtra,Other
2010-06-11,Onion,23,Sangli,FAQ,"Sangli(Phale, Bhajipura Market)",900,200,550.0,Maharashtra,Other
2010-06-12,Onion,23,Dhule,FAQ,Dhule,615,100,410.0,Maharashtra,Red
2010-06-12,Onion,23,Parbhani,FAQ,Parbhani,600,350,450.0,Maharashtra,Red
2010-06-12,Onion,23,Thane,FAQ,Kalyan,700,300,450.0,Maharashtra,Other
2010-06-13,Onion,23,Nagpur,FAQ,Nagpur,700,625,662.0,Maharashtra,Other
2010-06-13,Onion,23,Beed,FAQ,Kada,900,100,550.0,Maharashtra,Other
2010-06-14,Onion,23,Ahmednagar,FAQ,Ahmednagar,930,100,515.0,Maharashtra,Other
2010-06-14,Onion,23,Sholapur,FAQ,Kurdwadi,700,200,450.0,Maharashtra,Other
2010-06-14,Onion,23,Nashik,FAQ,Yeola,651,300,525.0,Maharashtra,Other
2010-06-14,Onion,23,Thane,FAQ,Kalyan,800,600,700.0,Maharashtra,Other
2010-06-14,Onion,23,Nashik,FAQ,Dindori,795,400,600.0,Maharashtra,Other
2010-06-14,Onion,23,Chattrapati Sambhajinagar,FAQ,Chattrapati Sambhajinagar,500,200,350.0,Maharashtra,Other
2010-06-15,Onion,23,Mumbai,FAQ,Vashi New Mumbai,900,650,750.0,Maharashtra,Other
2010-06-15,Onion,23,Nashik,FAQ,Kalvan,791,231,721.0,Maharashtra,Other
2010-06-15,Onion,23,Nashik,FAQ,Yeola,690,300,600.0,Maharashtra,Other
2010-06-15,Onion,23,Pune,FAQ,Pune(Khadiki),850,700,775.0,Maharashtra,Other
2010-06-15,Onion,23,Jalgaon,FAQ,Jalgaon,725,325,600.0,Maharashtra,Red
2010-06-15,Onion,23,Satara,FAQ,Karad,800,400,600.0,Maharashtra,Other
2010-06-15,Onion,23,Nashik,FAQ,Lasalgaon(Niphad),686,250,590.0,Maharashtra,Other
2010-06-15,Onion,23,Dhule,FAQ,Dhule,615,200,480.0,Maharashtra,Other
2010-06-16,Onion,23,Kolhapur,FAQ,Kolhapur,1000,300,700.0,Maharashtra,Other
2010-06-16,Onion,23,Nagpur,FAQ,Nagpur,750,500,625.0,Maharashtra,Other
2010-06-16,Onion,23,Nashik,FAQ,Chandvad,758,182,600.0,Maharashtra,Other
2010-06-16,Onion,23,Nashik,FAQ,Nasik,731,300,575.0,Maharashtra,Other
2010-06-16,Onion,23,Dhule,FAQ,Dhule,630,100,430.0,Maharashtra,Red
2010-06-16,Onion,23,Mumbai,FAQ,Mumbai,900,600,650.0,Maharashtra,Other
2010-06-16,Onion,23,Chattrapati Sambhajinagar,FAQ,Chattrapati Sambhajinagar,700,200,450.0,Maharashtra,Other
2010-06-17,Onion,23,Nashik,FAQ,Devala,774,200,650.0,Maharashtra,Other
2010-06-17,Onion,23,Nashik,FAQ,Lasalgaon(Niphad),768,261,600.0,Maharashtra,Other
2010-06-17,Onion,23,Ahmednagar,FAQ,Akole,1001,100,538.0,Maharashtra,Other
2010-06-17,Onion,23,Thane,FAQ,Kalyan,750,200,550.0,Maharashtra,Other
2010-06-17,Onion,23,Ahmednagar,FAQ,Ahmednagar,1000,200,600.0,Maharashtra,Other
2010-06-17,Onion,23,Pune,FAQ,Pune(Pimpri),700,700,700.0,Maharashtra,Other
2010-06-18,Onion,23,Dharashiv(Usmanabad),FAQ,Dharashiv,270,110,190.0,Maharashtra,Red
2010-06-18,Onion,23,Sangli,FAQ,"Sangli(Phale, Bhajipura Market)",900,300,600.0,Maharashtra,Other
2010-06-18,Onion,23,Jalgaon,FAQ,Jalgaon,750,300,525.0,Maharashtra,Red
2010-06-18,Onion,23,Ahmednagar,FAQ,Rahuri,1000,100,550.0,Maharashtra,Other
2010-06-19,Onion,23,Mumbai,FAQ,Vashi New Mumbai,900,600,650.0,Maharashtra,Other
2010-06-19,Onion,23,Kolhapur,FAQ,Kolhapur,900,500,750.0,Maharashtra,Other
2010-06-19,Onion,23,Nagpur,FAQ,Nagpur,675,550,612.0,Maharashtra,Other
2010-06-19,Onion,23,Ahmednagar,FAQ,Rahuri(Vambori),1100,100,600.0,Maharashtra,Other
2010-06-20,Onion,23,Ahmednagar,FAQ,Akole,900,100,439.0,Maharashtra,Other
2010-06-20,Onion,23,Nagpur,FAQ,Nagpur,625,550,587.0,Maharashtra,Red
2010-06-20,Onion,23,Satara,FAQ,Satara,850,500,675.0,Maharashtra,Other
2010-06-21,Onion,23,Nagpur,FAQ,Nagpur,675,600,637.0,Maharashtra,Other
2010-06-21,Onion,23,Chattrapati Sambhajinagar,FAQ,Chattrapati Sambhajinagar,650,150,400.0,Maharashtra,Other
2010-06-21,Onion,23,Jalgaon,FAQ,Jalgaon,750,300,525.0,Maharashtra,Red
2010-06-22,Onion,23,Dhule,FAQ,Dhule,660,100,450.0,Maharashtra,Red
2010-06-22,Onion,23,Mumbai,FAQ,Mumbai,900,600,700.0,Maharashtra,Other
2010-06-22,Onion,23,Pune,FAQ,Pune(Pimpri),900,900,900.0,Maharashtra,Other
2010-06-22,Onion,23,Dhule,FAQ,Dhule,690,200,500.0,Maharashtra,Other
2010-06-22,Onion,23,Nagpur,FAQ,Nagpur,675,550,612.0,Maharashtra,Red
2010-06-22,Onion,23,Ahmednagar,FAQ,Sangamner,925,100,512.0,Maharashtra,Other
2010-06-22,Onion,23,Pune,FAQ,Pune(Khadiki),900,200,550.0,Maharashtra,Other
2010-06-23,Onion,23,Beed,FAQ,Kada,800,200,550.0,Maharashtra,Other
2010-06-23,Onion,23,Mumbai,FAQ,Mumbai,850,550,650.0,Maharashtra,Other
2010-06-23,Onion,23,Chattrapati Sambhajinagar,FAQ,Chattrapati Sambhajinagar,600,200,400.0,Maharashtra,Other
2010-06-23,Onion,23,Chattrapati Sambhajinagar,FAQ,Lasur Station,850,100,500.0,Maharashtra,Other
2010-06-24,Onion,23,Sholapur,FAQ,Barshi,700,200,600.0,Maharashtra,Other
2010-06-24,Onion,23,Pune,FAQ,Pune(Khadiki),900,500,700.0,Maharashtra,Other
2010-06-24,Onion,23,Ahmednagar,FAQ,Akole,900,100,466.0,Maharashtra,Other
2010-06-24,Onion,23,Satara,FAQ,Satara,850,500,675.0,Maharashtra,Other
2010-06-24,Onion,23,Pune,FAQ,Junnar(Otur),900,200,550.0,Maharashtra,Other
2010-06-24,Onion,23,Nashik,FAQ,Nasik,775,350,575.0,Maharashtra,Other
2010-06-24,Onion,23,Thane,FAQ,Palghar,650,650,650.0,Maharashtra,Other
2010-06-24,Onion,23,Dhule,FAQ,Dhule,705,100,550.0,Maharashtra,Red
2010-06-24,Onion,23,Sangli,FAQ,"Sangli(Phale, Bhajipura Market)",800,200,500.0,Maharashtra,Other
2010-06-24,Onion,23,Pune,FAQ,Pune(Pimpri),700,700,700.0,Maharashtra,Other
2010-06-26,Onion,23,Kolhapur,FAQ,Kolhapur,900,300,650.0,Maharashtra,Other
2010-06-26,Onion,23,Nashik,FAQ,Nasik,700,275,550.0,Maharashtra,Other
2010-06-27,Onion,23,Thane,FAQ,Palghar,649,649,649.0,Maharashtra,Other
2010-06-27,Onion,23,Satara,FAQ,Satara,850,400,625.0,Maharashtra,Other
2010-06-28,Onion,23,Sholapur,FAQ,Kurdwadi,700,100,450.0,Maharashtra,Other
2010-06-29,Onion,23,Satara,FAQ,Karad,850,300,600.0,Maharashtra,Other
2010-06-29,Onion,23,Mumbai,FAQ,Mumbai,900,700,750.0,Maharashtra,Other
2010-06-29,Onion,23,Nagpur,FAQ,Nagpur,700,600,650.0,Maharashtra,Other
2010-06-29,Onion,23,Dhule,FAQ,Dhule,735,100,555.0,Maharashtra,Red
2010-06-30,Onion,23,Mumbai,FAQ,Mumbai,900,650,700.0,Maharashtra,Other
2010-06-30,Onion,23,Nashik,FAQ,Nasik,725,241,575.0,Maharashtra,Other
2010-06-30,Onion,23,Mumbai,FAQ,Vashi New Mumbai,900,650,700.0,Maharashtra,Other
2010-07-01,Onion,23,Ahmednagar,FAQ,Ahmednagar,960,100,530.0,Maharashtra,Other
2010-07-01,Onion,23,Sholapur,FAQ,Barshi,600,150,450.0,Maharashtra,Other
2010-07-01,Onion,23,Nashik,FAQ,Yeola,701,300,610.0,Maharashtra,Other
2010-07-01,Onion,23,Nashik,FAQ,Nandgaon,752,201,675.0,Maharashtra,Other
2010-07-01,Onion,23,Kolhapur,FAQ,Kolhapur,900,300,700.0,Maharashtra,Other
2010-07-02,Onion,23,Nashik,FAQ,Nashik(Devlali),711,375,650.0,Maharashtra,Other
2010-07-02,Onion,23,Sangli,FAQ,"Sangli(Phale, Bhajipura Market)",950,300,625.0,Maharashtra,Other
2010-07-02,Onion,23,Nashik,FAQ,Devala,709,125,650.0,Maharashtra,Other
2010-07-03,Onion,23,Mumbai,FAQ,Mumbai,950,700,750.0,Maharashtra,Other
2010-07-03,Onion,23,Kolhapur,FAQ,Kolhapur,900,300,700.0,Maharashtra,Other
2010-07-03,Onion,23,Chattrapati Sambhajinagar,FAQ,Chattrapati Sambhajinagar,700,200,450.0,Maharashtra,Other
2010-07-04,Onion,23,Ahmednagar,FAQ,Newasa(Ghodegaon),850,100,650.0,Maharashtra,Other
2010-07-04,Onion,23,Thane,FAQ,Palghar,713,713,713.0,Maharashtra,Other
2010-07-04,Onion,23,Pune,FAQ,Junnar,800,500,600.0,Maharashtra,Other
2010-07-04,Onion,23,Satara,FAQ,Satara,850,400,625.0,Maharashtra,Other
2010-07-05,Onion,23,Nashik,FAQ,Manmad,785,201,615.0,Maharashtra,Other
2010-07-05,Onion,23,Satara,FAQ,Karad,850,500,700.0,Maharashtra,Other
2010-07-05,Onion,23,Nashik,FAQ,Nasik,750,245,600.0,Maharashtra,Other
2010-07-05,Onion,23,Nashik,FAQ,Sinner,900,100,525.0,Maharashtra,Other
2010-07-05,Onion,23,Chattrapati Sambhajinagar,FAQ,Chattrapati Sambhajinagar,600,350,475.0,Maharashtra,Other
2010-07-06,Onion,23,Jalgaon,FAQ,Jalgaon,750,325,600.0,Maharashtra,Red
2010-07-06,Onion,23,Nashik,FAQ,Yeola,700,350,600.0,Maharashtra,Other
2010-07-06,Onion,23,Mumbai,FAQ,Vashi New Mumbai,900,700,800.0,Maharashtra,Other
2010-07-06,Onion,23,Thane,FAQ,Kalyan,800,500,650.0,Maharashtra,Other
2010-07-06,Onion,23,Nashik,FAQ,Dindori,683,400,628.0,Maharashtra,Other
2010-07-06,Onion,23,Nashik,FAQ,Nandgaon,712,251,550.0,Maharashtra,Other
2010-07-06,Onion,23,Pune,FAQ,Pune(Khadiki),850,800,825.0,Maharashtra,Other
2010-07-06,Onion,23,Mumbai,FAQ,Mumbai,900,700,800.0,Maharashtra,Other
2010-07-06,Onion,23,Nashik,FAQ,Nasik,725,350,600.0,Maharashtra,Other
2010-07-07,Onion,23,Nashik,FAQ,Lasalgaon,768,200,591.0,Maharashtra,Other
2010-07-07,Onion,23,Pune,FAQ,Manchar,550,350,450.0,Maharashtra,Other
2010-07-07,Onion,23,Nashik,FAQ,Yeola,638,300,570.0,Maharashtra,Other
2010-07-07,Onion,23,Nashik,FAQ,Chandvad,761,150,650.0,Maharashtra,Other
2010-07-08,Onion,23,Nashik,FAQ,Lasalgaon,801,201,631.0,Maharashtra,Other
2010-07-08,Onion,23,Nagpur,FAQ,Nagpur,700,625,662.0,Maharashtra,Other
2010-07-08,Onion,23,Nashik,FAQ,Lasalgaon(Niphad),700,275,625.0,Maharashtra,Other
2010-07-08,Onion,23,Ahmednagar,FAQ,Ahmednagar,940,100,520.0,Maharashtra,Other
2010-07-09,Onion,23,Nashik,FAQ,Pimpalgaon Baswant(Saykheda),757,400,640.0,Maharashtra,Other
2010-07-09,Onion,23,Nashik,FAQ,Nandgaon,721,200,600.0,Maharashtra,Other
2010-07-09,Onion,23,Pune,FAQ,Pune(Khadiki),550,300,420.0,Maharashtra,Other
2010-07-10,Onion,23,Nashik,FAQ,Chandvad,789,300,650.0,Maharashtra,Other
2010-07-10,Onion,23,Ahmednagar,FAQ,Rahuri(Vambori),850,100,450.0,Maharashtra,Other
2010-07-10,Onion,23,Kolhapur,FAQ,Kolhapur,950,350,750.0,Maharashtra,Other
2010-07-10,Onion,23,Nashik,FAQ,Yeola,750,300,660.0,Maharashtra,Other
2010-07-10,Onion,23,Satara,FAQ,Karad,900,500,700.0,Maharashtra,Other
2010-07-10,Onion,23,Pune,FAQ,Pune(Khadiki),850,550,700.0,Maharashtra,Other
2010-07-10,Onion,23,Thane,FAQ,Palghar,550,550,550.0,Maharashtra,Other
2010-07-10,Onion,23,Nagpur,FAQ,Nagpur,700,500,600.0,Maharashtra,Red
2010-07-11,Onion,23,Pune,FAQ,Pune(Khadiki),850,300,570.0,Maharashtra,Other
2010-07-11,Onion,23,Ahmednagar,FAQ,Rahata,900,140,600.0,Maharashtra,Other
2010-07-11,Onion,23,Pune,FAQ,Manchar,860,350,600.0,Maharashtra,Other
2010-07-12,Onion,23,Thane,FAQ,Kalyan,800,200,500.0,Maharashtra,Other
2010-07-12,Onion,23,Nashik,FAQ,Dindori,696,663,675.0,Maharashtra,Other
2010-07-12,Onion,23,Nashik,FAQ,Manmad,820,241,670.0,Maharashtra,Other
2010-07-12,Onion,23,Nashik,FAQ,Lasalgaon(Niphad),701,260,620.0,Maharashtra,Other
2010-07-12,Onion,23,Thane,FAQ,Palghar,734,160,447.0,Maharashtra,Other
2010-07-13,Onion,23,Thane,FAQ,Kalyan,700,500,600.0,Maharashtra,Other
2010-07-13,Onion,23,Nashik,FAQ,Manmad,757,325,650.0,Maharashtra,Other
2010-07-13,Onion,23,Kolhapur,FAQ,Kolhapur,850,300,700.0,Maharashtra,Other
2010-07-13,Onion,23,Nashik,FAQ,Pimpalgaon,771,315,625.0,Maharashtra,Other
2010-07-13,Onion,23,Satara,FAQ,Karad,800,400,600.0,Maharashtra,Other
2010-07-13,Onion,23,Sangli,FAQ,"Sangli(Phale, Bhajipura Market)",975,250,612.0,Maharashtra,Other
2010-07-14,Onion,23,Ahmednagar,FAQ,Parner,850,200,525.0,Maharashtra,Other
2010-07-14,Onion,23,Nashik,FAQ,Malegaon,751,300,625.0,Maharashtra,Other
2010-07-14,Onion,23,Satara,FAQ,Karad,850,200,500.0,Maharashtra,Other
2010-07-14,Onion,23,Nashik,FAQ,Chandvad,767,200,675.0,Maharashtra,Other
2010-07-14,Onion,23,Nashik,FAQ,Devala,738,125,670.0,Maharashtra,Other
2010-07-14,Onion,23,Nashik,FAQ,Dindori(Vani),761,300,670.0,Maharashtra,Other
2010-07-15,Onion,23,Chattrapati Sambhajinagar,FAQ,Chattrapati Sambhajinagar,750,250,500.0,Maharashtra,Other
2010-07-15,Onion,23,Nagpur,FAQ,Nagpur,750,600,675.0,Maharashtra,Red
2010-07-15,Onion,23,Pune,FAQ,Junnar,900,350,700.0,Maharashtra,Other
2010-07-16,Onion,23,Nashik,FAQ,Yeola,851,350,635.0,Maharashtra,Other
2010-07-16,Onion,23,Ahmednagar,FAQ,Rahuri,900,100,500.0,Maharashtra,Other
2010-07-16,Onion,23,Pune,FAQ,Pune,900,650,775.0,Maharashtra,Other
2010-07-16,Onion,23,Nashik,FAQ,Sinner,925,100,600.0,Maharashtra,Other
2010-07-17,Onion,23,Nashik,FAQ,Chandvad,798,200,675.0,Maharashtra,Other
2010-07-17,Onion,23,Nagpur,FAQ,Nagpur,800,650,725.0,Maharashtra,Other
2010-07-17,Onion,23,Nashik,FAQ,Lasalgaon(Niphad),720,251,645.0,Maharashtra,Other
2010-07-17,Onion,23,Chandrapur,FAQ,Chandrapur(Ganjwad),700,400,600.0,Maharashtra,Other
2010-07-18,Onion,23,Nagpur,FAQ,Nagpur,800,650,725.0,Maharashtra,Other
2010-07-18,Onion,23,Chattrapati Sambhajinagar,FAQ,Lasur Station,900,150,500.0,Maharashtra,Other
2010-07-19,Onion,23,Nashik,FAQ,Dindori,700,545,650.0,Maharashtra,Other
2010-07-19,Onion,23,Nashik,FAQ,Kalvan,766,300,652.0,Maharashtra,Other
2010-07-19,Onion,23,Jalgaon,FAQ,Jalgaon,700,300,525.0,Maharashtra,Red
2010-07-20,Onion,23,Nashik,FAQ,Chandvad,739,250,650.0,Maharashtra,Other
2010-07-20,Onion,23,Nashik,FAQ,Lasalgaon,805,200,641.0,Maharashtra,Other
2010-07-20,Onion,23,Satara,FAQ,Phaltan,875,200,500.0,Maharashtra,Other
2010-07-20,Onion,23,Nashik,FAQ,Pimpalgaon Baswant(Saykheda),700,400,640.0,Maharashtra,Other
2010-07-21,Onion,23,Dharashiv(Usmanabad),FAQ,Dharashiv,800,800,800.0,Maharashtra,Other
2010-07-21,Onion,23,Chattrapati Sambhajinagar,FAQ,Lasur Station,950,150,600.0,Maharashtra,Other
2010-07-21,Onion,23,Pune,FAQ,Pune,900,650,775.0,Maharashtra,Other
2010-07-21,Onion,23,Beed,FAQ,Kada,875,100,675.0,Maharashtra,Other
2010-07-21,Onion,23,Thane,FAQ,Kalyan,700,400,550.0,Maharashtra,Other
2010-07-21,Onion,23,Nagpur,FAQ,Nagpur,750,675,712.0,Maharashtra,Red
2010-07-21,Onion,23,Ahmednagar,FAQ,Kopargaon,900,200,725.0,Maharashtra,Other
2010-07-21,Onion,23,Kolhapur,FAQ,Kolhapur,900,300,700.0,Maharashtra,Other
2010-07-21,Onion,23,Nagpur,FAQ,Nagpur,875,700,787.0,Maharashtra,Other
2010-07-22,Onion,23,Nashik,FAQ,Dindori(Vani),752,300,670.0,Maharashtra,Other
2010-07-22,Onion,23,Ahmednagar,FAQ,Akole,975,100,572.0,Maharashtra,Other
2010-07-22,Onion,23,Nashik,FAQ,Chandvad,739,250,650.0,Maharashtra,Other
2010-07-22,Onion,23,Thane,FAQ,Kalyan,700,500,600.0,Maharashtra,Other
2010-07-22,Onion,23,Nashik,FAQ,Manmad,741,351,651.0,Maharashtra,Other
2010-07-22,Onion,23,Mumbai,FAQ,Mumbai,900,600,750.0,Maharashtra,Other
2010-07-22,Onion,23,Nashik,FAQ,Nandgaon,840,200,575.0,Maharashtra,Other
2010-07-23,Onion,23,Nashik,FAQ,Dindori(Vani),790,300,690.0,Maharashtra,Other
2010-07-23,Onion,23,Nashik,FAQ,Pimpalgaon Baswant(Saykheda),701,400,640.0,Maharashtra,Other
2010-07-23,Onion,23,Nashik,FAQ,Yeola,712,302,645.0,Maharashtra,Other
2010-07-23,Onion,23,Sholapur,FAQ,Solapur,1000,100,450.0,Maharashtra,Other
2010-07-23,Onion,23,Nashik,FAQ,Nasik,750,245,600.0,Maharashtra,Other
2010-07-23,Onion,23,Mumbai,FAQ,Mumbai,900,700,750.0,Maharashtra,Other
2010-07-23,Onion,23,Ahmednagar,FAQ,Pathardi,800,310,700.0,Maharashtra,Other
2010-07-24,Onion,23,Dharashiv(Usmanabad),FAQ,Dharashiv,300,220,260.0,Maharashtra,Red
2010-07-24,Onion,23,Chandrapur,FAQ,Chandrapur(Ganjwad),700,500,600.0,Maharashtra,Other
2010-07-24,Onion,23,Pune,FAQ,Pune(Khadiki),200,200,200.0,Maharashtra,Other
2010-07-24,Onion,23,Nashik,FAQ,Pimpalgaon Baswant(Saykheda),747,400,640.0,Maharashtra,Other
2010-07-24,Onion,23,Dharashiv(Usmanabad),FAQ,Dharashiv,600,600,600.0,Maharashtra,Other
2010-07-25,Onion,23,Ahmednagar,FAQ,Pathardi,800,150,766.0,Maharashtra,Red
2010-07-25,Onion,23,Ahmednagar,FAQ,Newasa(Ghodegaon),900,100,650.0,Maharashtra,Other
2010-07-25,Onion,23,Satara,FAQ,Satara,850,400,625.0,Maharashtra,Other
2010-07-25,Onion,23,Nagpur,FAQ,Nagpur,950,875,912.0,Maharashtra,Other
2010-07-26,Onion,23,Kolhapur,FAQ,Kolhapur,950,300,700.0,Maharashtra,Other
2010-07-26,Onion,23,Pune,FAQ,Pune(Khadiki),800,250,520.0,Maharashtra,Other
2010-07-26,Onion,23,Nashik,FAQ,Dindori(Vani),827,400,725.0,Maharashtra,Other
2010-07-26,Onion,23,Nashik,FAQ,Yeola,784,300,650.0,Maharashtra,Other
2010-07-27,Onion,23,Dhule,FAQ,Dhule,905,200,600.0,Maharashtra,Other
2010-07-27,Onion,23,Nashik,FAQ,Chandvad,800,400,700.0,Maharashtra,Other
2010-07-27,Onion,23,Nashik,FAQ,Lasalgaon,819,200,721.0,Maharashtra,Other
2010-07-27,Onion,23,Nagpur,FAQ,Nagpur,950,875,912.0,Maharashtra,Other
2010-07-27,Onion,23,Sangli,FAQ,"Sangli(Phale, Bhajipura Market)",900,300,600.0,Maharashtra,Other
2010-07-27,Onion,23,Kolhapur,FAQ,Kolhapur,900,300,700.0,Maharashtra,Other
2010-07-27,Onion,23,Jalgaon,FAQ,Jalgaon,710,350,550.0,Maharashtra,Red
2010-07-27,Onion,23,Ahmednagar,FAQ,Sangamner,911,100,506.0,Maharashtra,Other
2010-07-27,Onion,23,Nashik,FAQ,Manmad,838,261,675.0,Maharashtra,Other
2010-07-28,Onion,23,Nagpur,FAQ,Nagpur,825,500,662.0,Maharashtra,Red
2010-07-28,Onion,23,Nashik,FAQ,Lasalgaon(Niphad),771,250,680.0,Maharashtra,Other
2010-07-28,Onion,23,Dhule,FAQ,Shirpur,710,400,560.0,Maharashtra,Red
2010-07-28,Onion,23,Nashik,FAQ,Nandgaon,811,300,721.0,Maharashtra,Other
2010-07-28,Onion,23,Pune,FAQ,Indapur,850,225,650.0,Maharashtra,Other
2010-07-28,Onion,23,Dhule,FAQ,Dhule,790,105,580.0,Maharashtra,Red
2010-07-28,Onion,23,Nashik,FAQ,Sinner,1051,100,675.0,Maharashtra,Other
2010-07-29,Onion,23,Pune,FAQ,Junnar(Otur),950,100,900.0,Maharashtra,Other
2010-07-29,Onion,23,Satara,FAQ,Satara,850,500,650.0,Maharashtra,Other
2010-07-29,Onion,23,Nashik,FAQ,Nasik,765,275,625.0,Maharashtra,Other
2010-07-29,Onion,23,Nashik,FAQ,Sinner,800,100,700.0,Maharashtra,Other
2010-07-29,Onion,23,Kolhapur,FAQ,Kolhapur,900,350,700.0,Maharashtra,Other
2010-07-29,Onion,23,Satara,FAQ,Lonand,800,350,650.0,Maharashtra,Other
2010-07-29,Onion,23,Nashik,FAQ,Malegaon,815,250,725.0,Maharashtra,Other
2010-07-29,Onion,23,Nashik,FAQ,Yeola,790,275,720.0,Maharashtra,Other
2010-07-29,Onion,23,Nashik,FAQ,Pimpalgaon,881,400,721.0,Maharashtra,Other
2010-07-30,Onion,23,Ahmednagar,FAQ,Rahuri,850,100,475.0,Maharashtra,Other
2010-07-30,Onion,23,Dharashiv(Usmanabad),FAQ,Dharashiv,775,400,588.0,Maharashtra,Other
2010-07-30,Onion,23,Chattrapati Sambhajinagar,FAQ,Gangapur,1005,200,575.0,Maharashtra,Other
2010-07-30,Onion,23,Nashik,FAQ,Nasik,800,350,650.0,Maharashtra,Other
2010-07-30,Onion,23,Nashik,FAQ,Dindori(Vani),828,400,755.0,Maharashtra,Other
2010-07-31,Onion,23,Kolhapur,FAQ,Kolhapur(Malkapur),800,500,600.0,Maharashtra,Other
2010-07-31,Onion,23,Jalgaon,FAQ,Jalgaon,875,300,550.0,Maharashtra,Red
2010-07-31,Onion,23,Pune,FAQ,Baramati,951,200,750.0,Maharashtra,Red
2010-07-31,Onion,23,Nashik,FAQ,Nasik,825,300,650.0,Maharashtra,Other
2010-07-31,Onion,23,Ahmednagar,FAQ,Kopargaon,1050,200,800.0,Maharashtra,Other
2010-08-01,Onion,23,Pune,FAQ,Pune(Pimpri),750,750,750.0,Maharashtra,Other
2010-08-01,Onion,23,Pune,FAQ,Pune,1000,700,850.0,Maharashtra,Other
2010-08-01,Onion,23,Ahmednagar,FAQ,Pathardi,800,140,645.0,Maharashtra,Red
2010-08-01,Onion,23,Ahmednagar,FAQ,Rahuri,1000,100,550.0,Maharashtra,Other
2010-08-01,Onion,23,Nagpur,FAQ,Nagpur,1050,875,962.0,Maharashtra,Other
2010-08-02,Onion,23,Sholapur,FAQ,Barshi,1011,150,1000.0,Maharashtra,Other
2010-08-02,Onion,23,Nashik,FAQ,Manmad,827,370,748.0,Maharashtra,Other
2010-08-02,Onion,23,Nagpur,FAQ,Nagpur,800,650,725.0,Maharashtra,Red
2010-08-02,Onion,23,Nashik,FAQ,Devala,861,150,810.0,Maharashtra,Other
2010-08-02,Onion,23,Nashik,FAQ,Pimpalgaon Baswant(Saykheda),800,500,750.0,Maharashtra,Other
2010-08-03,Onion,23,Ahmednagar,FAQ,Sangamner,921,100,511.0,Maharashtra,Other
2010-08-03,Onion,23,Nashik,FAQ,Lasalgaon(Niphad),800,300,730.0,Maharashtra,Other
2010-08-03,Onion,23,Chandrapur,FAQ,Chandrapur(Ganjwad),1120,950,1000.0,Maharashtra,Other
2010-08-04,Onion,23,Nashik,FAQ,Chandvad,824,400,700.0,Maharashtra,Other
2010-08-04,Onion,23,Dharashiv(Usmanabad),FAQ,Dharashiv,750,750,750.0,Maharashtra,Other
2010-08-04,Onion,23,Nashik,FAQ,Nasik,850,341,700.0,Maharashtra,Other
2010-08-04,Onion,23,Nagpur,FAQ,Nagpur,850,700,775.0,Maharashtra,Red
2010-08-04,Onion,23,Chattrapati Sambhajinagar,FAQ,Chattrapati Sambhajinagar,800,300,550.0,Maharashtra,Other
2010-08-04,Onion,23,Pune,FAQ,Manchar,650,300,480.0,Maharashtra,Other
2010-08-04,Onion,23,Pune,FAQ,Pune,1000,700,850.0,Maharashtra,Other
2010-08-04,Onion,23,Nashik,FAQ,Dindori(Vani),799,400,740.0,Maharashtra,Other
2010-08-04,Onion,23,Nashik,FAQ,Yeola,812,350,720.0,Maharashtra,Other
2010-08-04,Onion,23,Dhule,FAQ,Shirpur,705,250,625.0,Maharashtra,Other
2010-08-05,Onion,23,Nagpur,FAQ,Nagpur,850,750,800.0,Maharashtra,Red
2010-08-05,Onion,23,Parbhani,FAQ,Parbhani,700,500,600.0,Maharashtra,Red
2010-08-05,Onion,23,Nagpur,FAQ,Nagpur,1062,875,968.0,Maharashtra,Other
2010-08-05,Onion,23,Ahmednagar,FAQ,Akole,1001,200,644.0,Maharashtra,Other
2010-08-05,Onion,23,Sholapur,FAQ,Pandharpur,850,110,750.0,Maharashtra,Red
2010-08-05,Onion,23,Ahmednagar,FAQ,Sangamner,951,100,526.0,Maharashtra,Other
2010-08-05,Onion,23,Kolhapur,FAQ,Kolhapur,1000,300,700.0,Maharashtra,Other
2010-08-05,Onion,23,Sangli,FAQ,"Sangli(Phale, Bhajipura Market)",950,500,725.0,Maharashtra,Other
2010-08-05,Onion,23,Chandrapur,FAQ,Chandrapur(Ganjwad),1125,850,1100.0,Maharashtra,Other
2010-08-05,Onion,23,Pune,FAQ,Pune(Khadiki),1000,1000,1000.0,Maharashtra,Other
2010-08-06,Onion,23,Nashik,FAQ,Devala,800,100,720.0,Maharashtra,Other
2010-08-06,Onion,23,Nashik,FAQ,Nasik,835,311,700.0,Maharashtra,Other
2010-08-06,Onion,23,Nashik,FAQ,Kalvan,831,200,771.0,Maharashtra,Other
2010-08-06,Onion,23,Nashik,FAQ,Nandgaon,866,250,700.0,Maharashtra,Other
2010-08-06,Onion,23,Ahmednagar,FAQ,Ahmednagar,960,100,530.0,Maharashtra,Other
2010-08-06,Onion,23,Mumbai,FAQ,Mumbai,1000,750,800.0,Maharashtra,Other
2010-08-07,Onion,23,Jalgaon,FAQ,Jalgaon,860,275,600.0,Maharashtra,Red
2010-08-07,Onion,23,Chattrapati Sambhajinagar,FAQ,Chattrapati Sambhajinagar,800,200,500.0,Maharashtra,Other
2010-08-07,Onion,23,Nashik,FAQ,Chandvad,800,300,760.0,Maharashtra,Other
2010-08-08,Onion,23,Pune,FAQ,Pune(Pimpri),800,700,750.0,Maharashtra,Other
2010-08-08,Onion,23,Ahmednagar,FAQ,Parner,955,200,580.0,Maharashtra,Other
2010-08-08,Onion,23,Nagpur,FAQ,Nagpur,1000,850,925.0,Maharashtra,Other
2010-08-08,Onion,23,Pune,FAQ,Pune(Khadiki),850,300,575.0,Maharashtra,Other
2010-08-09,Onion,23,Pune,FAQ,Pune(Khadiki),850,200,520.0,Maharashtra,Other
2010-08-09,Onion,23,Nashik,FAQ,Nasik,865,311,725.0,Maharashtra,Other
2010-08-09,Onion,23,Ahmednagar,FAQ,Ahmednagar,1010,200,610.0,Maharashtra,Other
2010-08-09,Onion,23,Nagpur,FAQ,Nagpur,850,650,750.0,Maharashtra,Red
2010-08-09,Onion,23,Kolhapur,FAQ,Kolhapur,1000,400,700.0,Maharashtra,Other
2010-08-09,Onion,23,Sangli,FAQ,"Sangli(Phale, Bhajipura Market)",1020,500,760.0,Maharashtra,Other
2010-08-09,Onion,23,Nashik,FAQ,Sinner,1000,150,700.0,Maharashtra,Other
2010-08-09,Onion,23,Ahmednagar,FAQ,Shrirampur,1025,250,700.0,Maharashtra,Other
2010-08-10,Onion,23,Satara,FAQ,Karad,900,700,800.0,Maharashtra,Other
2010-08-10,Onion,23,Nashik,FAQ,Manmad,848,300,800.0,Maharashtra,Other
2010-08-10,Onion,23,Nashik,FAQ,Kalvan,862,300,800.0,Maharashtra,Other
2010-08-10,Onion,23,Ahmednagar,FAQ,Rahuri,900,100,500.0,Maharashtra,Other
2010-08-10,Onion,23,Chattrapati Sambhajinagar,FAQ,Gangapur,1000,400,675.0,Maharashtra,Other
2010-08-11,Onion,23,Mumbai,FAQ,Mumbai,1000,700,850.0,Maharashtra,Other
2010-08-11,Onion,23,Nashik,FAQ,Devala,860,151,770.0,Maharashtra,Other
2010-08-11,Onion,23,Nashik,FAQ,Pimpalgaon Baswant(Saykheda),811,451,745.0,Maharashtra,Other
2010-08-11,Onion,23,Satara,FAQ,Karad,900,600,750.0,Maharashtra,Other
2010-08-12,Onion,23,Sholapur,FAQ,Pandharpur,960,150,600.0,Maharashtra,Red
2010-08-12,Onion,23,Nashik,FAQ,Nasik,825,330,700.0,Maharashtra,Other
2010-08-12,Onion,23,Satara,FAQ,Karad,1000,500,750.0,Maharashtra,Other
2010-08-12,Onion,23,Pune,FAQ,Pune(Khadiki),900,600,750.0,Maharashtra,Other
2010-08-12,Onion,23,Nashik,FAQ,Lasalgaon,885,200,780.0,Maharashtra,Other
2010-08-12,Onion,23,Mumbai,FAQ,Mumbai,1050,750,800.0,Maharashtra,Other
2010-08-13,Onion,23,Jalgaon,FAQ,Jalgaon,825,325,600.0,Maharashtra,Red
2010-08-13,Onion,23,Nashik,FAQ,Satana,915,300,845.0,Maharashtra,Other
2010-08-13,Onion,23,Nashik,FAQ,Nasik,900,400,725.0,Maharashtra,Other
2010-08-13,Onion,23,Dhule,FAQ,Sakri,830,650,750.0,Maharashtra,Red
2010-08-13,Onion,23,Nashik,FAQ,Kalvan,870,300,825.0,Maharashtra,Other
2010-08-13,Onion,23,Sholapur,FAQ,Kurdwadi,801,200,600.0,Maharashtra,Other
2010-08-13,Onion,23,Buldhana,FAQ,Malkapur,792,400,716.0,Maharashtra,Other
2010-08-13,Onion,23,Nashik,FAQ,Devala,869,230,811.0,Maharashtra,Other
2010-08-14,Onion,23,Ahmednagar,FAQ,Kopargaon,1225,300,850.0,Maharashtra,Other
2010-08-14,Onion,23,Kolhapur,FAQ,Kolhapur,1120,300,700.0,Maharashtra,Other
2010-08-14,Onion,23,Nagpur,FAQ,Nagpur,1125,950,1037.0,Maharashtra,Other
2010-08-14,Onion,23,Ahmednagar,FAQ,Rahuri(Vambori),1100,150,600.0,Maharashtra,Other
2010-08-14,Onion,23,Mumbai,FAQ,Mumbai,1100,750,900.0,Maharashtra,Other
2010-08-14,Onion,23,Nashik,FAQ,Chandvad,999,450,850.0,Maharashtra,Other
2010-08-16,Onion,23,Chandrapur,FAQ,Chandrapur(Ganjwad),1150,700,1100.0,Maharashtra,Other
2010-08-16,Onion,23,Nashik,FAQ,Yeola,1021,400,940.0,Maharashtra,Other
2010-08-16,Onion,23,Nagpur,FAQ,Nagpur,1050,750,900.0,Maharashtra,Other
2010-08-16,Onion,23,Mumbai,FAQ,Mumbai,1200,800,900.0,Maharashtra,Other
2010-08-16,Onion,23,Nashik,FAQ,Lasalgaon,1013,200,931.0,Maharashtra,Other
2010-08-16,Onion,23,Ahmednagar,FAQ,Rahuri(Vambori),1100,150,650.0,Maharashtra,Other
2010-08-16,Onion,23,Sholapur,FAQ,Kurdwadi,915,100,600.0,Maharashtra,Other
2010-08-16,Onion,23,Nashik,FAQ,Sinner,1301,100,875.0,Maharashtra,Other
2010-08-16,Onion,23,Ahmednagar,FAQ,Kopargaon,1200,400,900.0,Maharashtra,Other
2010-08-16,Onion,23,Ahmednagar,FAQ,Shrirampur,1225,300,850.0,Maharashtra,Other
2010-08-17,Onion,23,Sangli,FAQ,"Sangli(Phale, Bhajipura Market)",1200,600,900.0,Maharashtra,Other
2010-08-17,Onion,23,Ahmednagar,FAQ,Sangamner,1301,100,701.0,Maharashtra,Other
2010-08-17,Onion,23,Nashik,FAQ,Satana,970,300,890.0,Maharashtra,Other
2010-08-18,Onion,23,Nagpur,FAQ,Nagpur,1000,750,875.0,Maharashtra,Red
2010-08-18,Onion,23,Sholapur,FAQ,Kurdwadi,1025,200,650.0,Maharashtra,Other
2010-08-18,Onion,23,Pune,FAQ,Indapur,1100,160,700.0,Maharashtra,Red
2010-08-18,Onion,23,Nashik,FAQ,Devala,951,160,851.0,Maharashtra,Other
2010-08-18,Onion,23,Pune,FAQ,Pune,1200,750,975.0,Maharashtra,Other
2010-08-18,Onion,23,Sangli,FAQ,"Sangli(Phale, Bhajipura Market)",1210,500,855.0,Maharashtra,Other
2010-08-18,Onion,23,Nashik,FAQ,Manmad,966,270,800.0,Maharashtra,Other
2010-08-18,Onion,23,Nashik,FAQ,Nasik,1000,400,850.0,Maharashtra,Other
2010-08-18,Onion,23,Chattrapati Sambhajinagar,FAQ,Chattrapati Sambhajinagar,900,400,650.0,Maharashtra,Other
2010-08-19,Onion,23,Satara,FAQ,Karad,850,500,650.0,Maharashtra,Other
2010-08-19,Onion,23,Chandrapur,FAQ,Chandrapur(Ganjwad),1150,700,1100.0,Maharashtra,Other
2010-08-19,Onion,23,Ahmednagar,FAQ,Ahmednagar,1050,200,625.0,Maharashtra,Other
2010-08-19,Onion,23,Satara,FAQ,Lonand,950,450,755.0,Maharashtra,Other
2010-08-19,Onion,23,Nagpur,FAQ,Nagpur,1200,950,1075.0,Maharashtra,Other
2010-08-20,Onion,23,Nashik,FAQ,Yeola,913,400,830.0,Maharashtra,Other
2010-08-20,Onion,23,Buldhana,FAQ,Malkapur,1025,700,900.0,Maharashtra,Other
2010-08-20,Onion,23,Nashik,FAQ,Satana,890,200,780.0,Maharashtra,Other
2010-08-21,Onion,23,Kolhapur,FAQ,Kolhapur(Malkapur),700,600,650.0,Maharashtra,Other
2010-08-21,Onion,23,Jalgaon,FAQ,Jalgaon,900,400,650.0,Maharashtra,Red
2010-08-21,Onion,23,Ahmednagar,FAQ,Rahuri(Vambori),1000,100,500.0,Maharashtra,Other
2010-08-21,Onion,23,Satara,FAQ,Karad,1000,700,800.0,Maharashtra,Other
2010-08-21,Onion,23,Dhule,FAQ,Sakri,865,750,801.0,Maharashtra,Red
2010-08-22,Onion,23,Ahmednagar,FAQ,Newasa(Ghodegaon),1200,100,900.0,Maharashtra,Other
2010-08-22,Onion,23,Nagpur,FAQ,Nagpur,1250,875,1062.0,Maharashtra,Other
2010-08-23,Onion,23,Nagpur,FAQ,Nagpur,1250,875,1062.0,Maharashtra,Other
2010-08-23,Onion,23,Nashik,FAQ,Kalvan,931,200,850.0,Maharashtra,Other
2010-08-23,Onion,23,Nagpur,FAQ,Nagpur,1000,375,687.0,Maharashtra,Red
2010-08-23,Onion,23,Nashik,FAQ,Manmad,964,290,871.0,Maharashtra,Other
2010-08-23,Onion,23,Chattrapati Sambhajinagar,FAQ,Chattrapati Sambhajinagar,1000,500,750.0,Maharashtra,Other
2010-08-23,Onion,23,Dhule,FAQ,Sakri,865,730,780.0,Maharashtra,Red
2010-08-23,Onion,23,Nashik,FAQ,Lasalgaon,955,261,825.0,Maharashtra,Other
2010-08-23,Onion,23,Pune,FAQ,Pune,1100,850,975.0,Maharashtra,Other
2010-08-24,Onion,23,Satara,FAQ,Phaltan,1070,150,550.0,Maharashtra,Other
2010-08-24,Onion,23,Chattrapati Sambhajinagar,FAQ,Chattrapati Sambhajinagar,900,400,650.0,Maharashtra,Other
2010-08-24,Onion,23,Pune,FAQ,Pune(Khadiki),1100,300,700.0,Maharashtra,Other
2010-08-25,Onion,23,Pune,FAQ,Baramati,1000,300,800.0,Maharashtra,Red
2010-08-25,Onion,23,Sholapur,FAQ,Kurdwadi,851,200,600.0,Maharashtra,Other
2010-08-25,Onion,23,Dhule,FAQ,Sakri,885,700,795.0,Maharashtra,Red
2010-08-25,Onion,23,Nashik,FAQ,Manmad,1000,265,900.0,Maharashtra,Other
2010-08-25,Onion,23,Chandrapur,FAQ,Chandrapur(Ganjwad),1225,700,1200.0,Maharashtra,Other
2010-08-25,Onion,23,Nashik,FAQ,Yeola,986,300,925.0,Maharashtra,Other
2010-08-26,Onion,23,Dhule,FAQ,Dhule,1025,100,870.0,Maharashtra,Red
2010-08-26,Onion,23,Satara,FAQ,Karad,1000,500,750.0,Maharashtra,Other
2010-08-26,Onion,23,Satara,FAQ,Lonand,1005,300,800.0,Maharashtra,Other
2010-08-26,Onion,23,Nashik,FAQ,Nandgaon,1090,200,950.0,Maharashtra,Other
2010-08-26,Onion,23,Satara,FAQ,Satara,1200,600,900.0,Maharashtra,Other
2010-08-26,Onion,23,Ahmednagar,FAQ,Shrirampur,1250,300,875.0,Maharashtra,Other
2010-08-26,Onion,23,Kolhapur,FAQ,Kolhapur,1300,500,800.0,Maharashtra,Other
2010-08-26,Onion,23,Pune,FAQ,Junnar,1100,450,850.0,Maharashtra,Other
2010-08-26,Onion,23,Nashik,FAQ,Yeola,1085,400,950.0,Maharashtra,Other
2010-08-27,Onion,23,Thane,FAQ,Kalyan,800,700,750.0,Maharashtra,Other
2010-08-27,Onion,23,Dhule,FAQ,Dhule,1050,100,880.0,Maharashtra,Red
2010-08-27,Onion,23,Pune,FAQ,Pune(Pimpri),1000,950,970.0,Maharashtra,Other
2010-08-27,Onion,23,Nashik,FAQ,Chandvad,1100,500,1000.0,Maharashtra,Other
2010-08-27,Onion,23,Nashik,FAQ,Manmad,1135,473,1000.0,Maharashtra,Other
2010-08-28,Onion,23,Ahmednagar,FAQ,Kopargaon,1600,600,1250.0,Maharashtra,Other
2010-08-28,Onion,23,Sangli,FAQ,"Sangli(Phale, Bhajipura Market)",1400,600,1000.0,Maharashtra,Other
2010-08-28,Onion,23,Ahmednagar,FAQ,Ahmednagar,1450,300,900.0,Maharashtra,Other
2010-08-28,Onion,23,Nashik,FAQ,Yeola,1200,500,1000.0,Maharashtra,Other
2010-08-28,Onion,23,Ahmednagar,FAQ,Rahuri(Vambori),1500,100,800.0,Maharashtra,Other
2010-08-28,Onion,23,Nashik,FAQ,Nasik,1050,400,850.0,Maharashtra,Other
2010-08-29,Onion,23,Pune,FAQ,Junnar,1500,400,900.0,Maharashtra,Other
2010-08-29,Onion,23,Satara,FAQ,Satara,1300,700,1000.0,Maharashtra,Other
2010-08-29,Onion,23,Nashik,FAQ,Sinner,1086,100,975.0,Maharashtra,Other
2010-08-30,Onion,23,Jalgaon,FAQ,Jalgaon,1100,375,800.0,Maharashtra,Red
2010-08-30,Onion,23,Pune,FAQ,Pune,1300,850,1075.0,Maharashtra,Other
2010-08-30,Onion,23,Nashik,FAQ,Devala,1162,250,950.0,Maharashtra,Other
2010-08-30,Onion,23,Ahmednagar,FAQ,Kopargaon,1200,300,1100.0,Maharashtra,Other
2010-08-30,Onion,23,Nashik,FAQ,Satana,1140,300,1020.0,Maharashtra,Other
2010-08-30,Onion,23,Pune,FAQ,Pune(Pimpri),1000,1000,1000.0,Maharashtra,Other
2010-08-30,Onion,23,Pune,FAQ,Baramati,1161,311,900.0,Maharashtra,Red
2010-08-30,Onion,23,Sholapur,FAQ,Pandharpur,1300,100,850.0,Maharashtra,Red
2010-08-30,Onion,23,Nashik,FAQ,Sinner,1651,150,1025.0,Maharashtra,Other
2010-08-30,Onion,23,Thane,FAQ,Kalyan,1000,600,800.0,Maharashtra,Other
2010-08-31,Onion,23,Satara,FAQ,Karad,1000,500,750.0,Maharashtra,Other
2010-08-31,Onion,23,Pune,FAQ,Pune(Khadiki),1300,700,1000.0,Maharashtra,Other
2010-08-31,Onion,23,Jalgaon,FAQ,Jalgaon,1100,600,850.0,Maharashtra,Red
2010-09-01,Onion,23,Ahmednagar,FAQ,Kopargaon,1500,400,1050.0,Maharashtra,Other
2010-09-01,Onion,23,Nashik,FAQ,Manmad,1183,460,1000.0,Maharashtra,Other
2010-09-01,Onion,23,Dhule,FAQ,Shirpur,930,100,550.0,Maharashtra,Red
2010-09-01,Onion,23,Chattrapati Sambhajinagar,FAQ,Lasur Station,1560,100,900.0,Maharashtra,Other
2010-09-01,Onion,23,Dharashiv(Usmanabad),FAQ,Dharashiv,1200,1200,1200.0,Maharashtra,Other
2010-09-01,Onion,23,Mumbai,FAQ,Vashi New Mumbai,1300,1000,1150.0,Maharashtra,Other
2010-09-01,Onion,23,Nashik,FAQ,Pimpalgaon Baswant(Saykheda),1091,600,1025.0,Maharashtra,Other
2010-09-02,Onion,23,Satara,FAQ,Satara,1300,700,1000.0,Maharashtra,Other
2010-09-02,Onion,23,Ahmednagar,FAQ,Shrirampur,1500,400,1150.0,Maharashtra,Other
2010-09-02,Onion,23,Nashik,FAQ,Manmad,1199,301,1006.0,Maharashtra,Other
2010-09-03,Onion,23,Mumbai,FAQ,Vashi New Mumbai,1250,950,1100.0,Maharashtra,Other
2010-09-03,Onion,23,Thane,FAQ,Bhivandi,1450,1300,1375.0,Maharashtra,Other
2010-09-03,Onion,23,Ahmednagar,FAQ,Newasa,1425,100,1000.0,Maharashtra,Other
2010-09-03,Onion,23,Sholapur,FAQ,Solapur,1450,100,650.0,Maharashtra,Other
2010-09-03,Onion,23,Sholapur,FAQ,Kurdwadi,1210,300,800.0,Maharashtra,Other
2010-09-04,Onion,23,Dharashiv(Usmanabad),FAQ,Dharashiv,1125,1125,1125.0,Maharashtra,Other
2010-09-04,Onion,23,Dharashiv(Usmanabad),FAQ,Dharashiv,525,190,358.0,Maharashtra,Red
2010-09-04,Onion,23,Nashik,FAQ,Nasik,1200,525,950.0,Maharashtra,Other
2010-09-04,Onion,23,Mumbai,FAQ,Vashi New Mumbai,1250,900,1000.0,Maharashtra,Other
2010-09-04,Onion,23,Pune,FAQ,Baramati,1375,300,1000.0,Maharashtra,Red
2010-09-05,Onion,23,Pune,FAQ,Junnar,1300,500,950.0,Maharashtra,Other
2010-09-05,Onion,23,Pune,FAQ,Pune,1300,900,1100.0,Maharashtra,Other
2010-09-05,Onion,23,Ahmednagar,FAQ,Pathardi,1250,140,988.0,Maharashtra,Red
2010-09-05,Onion,23,Ahmednagar,FAQ,Parner,1300,400,850.0,Maharashtra,Other
2010-09-05,Onion,23,Satara,FAQ,Satara,1400,600,1000.0,Maharashtra,Other
2010-09-05,Onion,23,Satara,FAQ,Karad,1000,500,750.0,Maharashtra,Other
2010-09-05,Onion,23,Ahmednagar,FAQ,Newasa(Ghodegaon),1450,100,950.0,Maharashtra,Other
2010-09-06,Onion,23,Nashik,FAQ,Kalvan,1200,300,1051.0,Maharashtra,Other
2010-09-06,Onion,23,Nashik,FAQ,Nasik,1200,511,1000.0,Maharashtra,Other
2010-09-06,Onion,23,Sangli,FAQ,"Sangli(Phale, Bhajipura Market)",1300,500,900.0,Maharashtra,Other
2010-09-06,Onion,23,Satara,FAQ,Satara,1300,1000,1150.0,Maharashtra,Other
2010-09-06,Onion,23,Nashik,FAQ,Devala,1160,325,1025.0,Maharashtra,Other
2010-09-06,Onion,23,Thane,FAQ,Bhivandi,1400,1200,1300.0,Maharashtra,Other
2010-09-07,Onion,23,Dharashiv(Usmanabad),FAQ,Dharashiv,1200,550,850.0,Maharashtra,Other
2010-09-07,Onion,23,Nashik,FAQ,Nashik(Devlali),1151,825,1051.0,Maharashtra,Other
2010-09-07,Onion,23,Nagpur,FAQ,Nagpur,1200,1100,1150.0,Maharashtra,Red
2010-09-07,Onion,23,Chattrapati Sambhajinagar,FAQ,Gangapur,1300,600,875.0,Maharashtra,Other
2010-09-07,Onion,23,Ahmednagar,FAQ,Sangamner,1400,100,750.0,Maharashtra,Other
2010-09-07,Onion,23,Ahmednagar,FAQ,Rahata,1400,350,1050.0,Maharashtra,Other
2010-09-08,Onion,23,Thane,FAQ,Bhivandi,1500,1350,1425.0,Maharashtra,Other
2010-09-08,Onion,23,Pune,FAQ,Pune(Khadiki),1200,500,850.0,Maharashtra,Other
2010-09-08,Onion,23,Sangli,FAQ,"Sangli(Phale, Bhajipura Market)",1350,500,925.0,Maharashtra,Other
2010-09-08,Onion,23,Ahmednagar,FAQ,Parner,1500,400,950.0,Maharashtra,Other
2010-09-08,Onion,23,Pune,FAQ,Pune(Pimpri),1200,1000,1100.0,Maharashtra,Other
2010-09-08,Onion,23,Nagpur,FAQ,Nagpur,1325,500,912.0,Maharashtra,Red
2010-09-09,Onion,23,Nashik,FAQ,Nasik,1125,500,950.0,Maharashtra,Other
2010-09-09,Onion,23,Nashik,FAQ,Satana,1185,350,1060.0,Maharashtra,Other
2010-09-09,Onion,23,Mumbai,FAQ,Mumbai,1300,1000,1100.0,Maharashtra,Other
2010-09-09,Onion,23,Nashik,FAQ,Kalvan,1351,400,1251.0,Maharashtra,Other
2010-09-09,Onion,23,Nashik,FAQ,Dindori(Vani),1268,400,1050.0,Maharashtra,Other
2010-09-09,Onion,23,Dhule,FAQ,Dhule,1270,150,1020.0,Maharashtra,Red
2010-09-09,Onion,23,Sholapur,FAQ,Pandharpur,1500,270,1300.0,Maharashtra,Red
2010-09-10,Onion,23,Ahmednagar,FAQ,Rahuri,1700,100,700.0,Maharashtra,Other
2010-09-10,Onion,23,Nashik,FAQ,Nasik,1150,450,1000.0,Maharashtra,Other
2010-09-10,Onion,23,Nashik,FAQ,Devala,1341,300,1150.0,Maharashtra,Other
2010-09-10,Onion,23,Pune,FAQ,Pune(Khadiki),1100,900,1000.0,Maharashtra,Other
2010-09-10,Onion,23,Pune,FAQ,Pune(Pimpri),1200,700,950.0,Maharashtra,Other
2010-09-11,Onion,23,Pune,FAQ,Baramati,1400,600,1170.0,Maharashtra,Red
2010-09-11,Onion,23,Ahmednagar,FAQ,Sangamner,1500,100,800.0,Maharashtra,Other
2010-09-12,Onion,23,Ahmednagar,FAQ,Sangamner,1651,100,875.0,Maharashtra,Other
2010-09-12,Onion,23,Ahmednagar,FAQ,Rahata,1550,300,1200.0,Maharashtra,Other
2010-09-12,Onion,23,Ahmednagar,FAQ,Newasa(Ghodegaon),1700,100,1000.0,Maharashtra,Other
2010-09-12,Onion,23,Chattrapati Sambhajinagar,FAQ,Lasur Station,1600,200,950.0,Maharashtra,Other
2010-09-12,Onion,23,Satara,FAQ,Satara,1400,600,1000.0,Maharashtra,Other
2010-09-12,Onion,23,Ahmednagar,FAQ,Rahuri,1400,100,750.0,Maharashtra,Other
2010-09-13,Onion,23,Nagpur,FAQ,Nagpur,1375,875,1125.0,Maharashtra,Red
2010-09-13,Onion,23,Sangli,FAQ,"Sangli(Phale, Bhajipura Market)",1600,300,950.0,Maharashtra,Other
2010-09-13,Onion,23,Mumbai,FAQ,Mumbai,1650,950,1300.0,Maharashtra,Other
2010-09-13,Onion,23,Nashik,FAQ,Nandgaon,1378,400,1125.0,Maharashtra,Other
2010-09-13,Onion,23,Nashik,FAQ,Nasik,1400,611,1100.0,Maharashtra,Other
2010-09-13,Onion,23,Nashik,FAQ,Yeola,1351,500,1200.0,Maharashtra,Other
2010-09-13,Onion,23,Chattrapati Sambhajinagar,FAQ,Chattrapati Sambhajinagar,1300,500,900.0,Maharashtra,Other
2010-09-13,Onion,23,Ahmednagar,FAQ,Shrirampur,1700,500,1300.0,Maharashtra,Other
2010-09-14,Onion,23,Pune,FAQ,Pune(Pimpri),1200,1000,1100.0,Maharashtra,Other
2010-09-14,Onion,23,Mumbai,FAQ,Vashi New Mumbai,1500,1200,1300.0,Maharashtra,Other
2010-09-15,Onion,23,Nagpur,FAQ,Nagpur,2000,1250,1625.0,Maharashtra,Other
2010-09-15,Onion,23,Nashik,FAQ,Yeola,1522,551,1350.0,Maharashtra,Other
2010-09-15,Onion,23,Sholapur,FAQ,Solapur,2650,125,750.0,Maharashtra,Other
2010-09-15,Onion,23,Mumbai,FAQ,Mumbai,1600,1200,1300.0,Maharashtra,Other
2010-09-15,Onion,23,Nashik,FAQ,Satana,1500,450,1390.0,Maharashtra,Other
2010-09-15,Onion,23,Pune,FAQ,Baramati,1515,300,1001.0,Maharashtra,Red
2010-09-15,Onion,23,Sholapur,FAQ,Kurdwadi,1271,300,900.0,Maharashtra,Other
2010-09-15,Onion,23,Pune,FAQ,Pune,1600,1100,1350.0,Maharashtra,Other
2010-09-15,Onion,23,Dhule,FAQ,Dhule,1825,800,1025.0,Maharashtra,Other
2010-09-15,Onion,23,Ahmednagar,FAQ,Newasa(Ghodegaon),1850,400,1500.0,Maharashtra,Other
2010-09-16,Onion,23,Dharashiv(Usmanabad),FAQ,Dharashiv,525,250,388.0,Maharashtra,Red
2010-09-16,Onion,23,Nagpur,FAQ,Nagpur,1562,1250,1406.0,Maharashtra,Red
2010-09-16,Onion,23,Nashik,FAQ,Manmad,1525,791,1350.0,Maharashtra,Other
2010-09-16,Onion,23,Sangli,FAQ,"Sangli(Phale, Bhajipura Market)",2000,500,1250.0,Maharashtra,Other
2010-09-16,Onion,23,Dhule,FAQ,Dhule,1300,1300,1300.0,Maharashtra,Other
2010-09-16,Onion,23,Ahmednagar,FAQ,Sangamner,2100,100,1100.0,Maharashtra,Other
2010-09-16,Onion,23,Dhule,FAQ,Dhule,1545,200,1250.0,Maharashtra,Red
2010-09-16,Onion,23,Nashik,FAQ,Lasalgaon(Niphad),1571,300,1411.0,Maharashtra,Other
2010-09-17,Onion,23,Nashik,FAQ,Dindori(Vani),1572,500,1411.0,Maharashtra,Other
2010-09-17,Onion,23,Sholapur,FAQ,Solapur,2000,100,775.0,Maharashtra,Other
2010-09-18,Onion,23,Nashik,FAQ,Lasalgaon(Niphad),1500,400,1351.0,Maharashtra,Other
2010-09-18,Onion,23,Nashik,FAQ,Yeola,1701,700,1435.0,Maharashtra,Other
2010-09-19,Onion,23,Chattrapati Sambhajinagar,FAQ,Chattrapati Sambhajinagar,1500,600,1050.0,Maharashtra,Other
2010-09-19,Onion,23,Pune,FAQ,Junnar,1700,1200,1500.0,Maharashtra,Other
2010-09-20,Onion,23,Nashik,FAQ,Yeola,1587,555,1380.0,Maharashtra,Other
2010-09-20,Onion,23,Nashik,FAQ,Lasalgaon(Niphad),1595,351,1370.0,Maharashtra,Other
2010-09-20,Onion,23,Nashik,FAQ,Sinner,1801,200,1500.0,Maharashtra,Other
2010-09-20,Onion,23,Sangli,FAQ,"Sangli(Phale, Bhajipura Market)",1850,500,1175.0,Maharashtra,Other
2010-09-20,Onion,23,Chandrapur,FAQ,Chandrapur(Ganjwad),1800,1500,1550.0,Maharashtra,Other
2010-09-20,Onion,23,Nashik,FAQ,Lasalgaon,1675,280,1431.0,Maharashtra,Other
2010-09-20,Onion,23,Dhule,FAQ,Sakri,1600,1460,1530.0,Maharashtra,Red
2010-09-21,Onion,23,Nagpur,FAQ,Nagpur,1700,1250,1475.0,Maharashtra,Red
2010-09-21,Onion,23,Dharashiv(Usmanabad),FAQ,Dharashiv,550,350,450.0,Maharashtra,Red
2010-09-21,Onion,23,Nashik,FAQ,Nandgaon,1625,500,1450.0,Maharashtra,Other
2010-09-21,Onion,23,Sholapur,FAQ,Solapur,2025,200,800.0,Maharashtra,Other
2010-09-21,Onion,23,Chattrapati Sambhajinagar,FAQ,Chattrapati Sambhajinagar,1600,800,1200.0,Maharashtra,Other
2010-09-21,Onion,23,Nashik,FAQ,Satana,1675,500,1515.0,Maharashtra,Red
2010-09-21,Onion,23,Nashik,FAQ,Devala,1590,900,1420.0,Maharashtra,Other
2010-09-21,Onion,23,Ahmednagar,FAQ,Rahuri,1850,100,900.0,Maharashtra,Other
2010-09-21,Onion,23,Pune,FAQ,Pune,1700,1000,1350.0,Maharashtra,Other
2010-09-22,Onion,23,Nagpur,FAQ,Nagpur,1700,1000,1350.0,Maharashtra,Red
2010-09-22,Onion,23,Thane,FAQ,Bhivandi,1450,1370,1410.0,Maharashtra,Other
2010-09-22,Onion,23,Pune,FAQ,Pune(Pimpri),1400,1200,1300.0,Maharashtra,Other
2010-09-22,Onion,23,Ahmednagar,FAQ,Kopargaon,1700,500,1300.0,Maharashtra,Other
2010-09-23,Onion,23,Nashik,FAQ,Yeola,1571,500,1380.0,Maharashtra,Other
2010-09-23,Onion,23,Nashik,FAQ,Sinner,1624,100,1550.0,Maharashtra,Other
2010-09-23,Onion,23,Ahmednagar,FAQ,Akole,1900,300,1375.0,Maharashtra,Other
2010-09-23,Onion,23,Thane,FAQ,Bhivandi,1500,1380,1440.0,Maharashtra,Other
2010-09-23,Onion,23,Nashik,FAQ,Manmad,1615,600,1450.0,Maharashtra,Other
2010-09-23,Onion,23,Satara,FAQ,Lonand,1805,1000,1500.0,Maharashtra,Other
2010-09-24,Onion,23,Nashik,FAQ,Manmad,1609,460,1400.0,Maharashtra,Other
2010-09-25,Onion,23,Nagpur,FAQ,Nagpur,1687,1250,1468.0,Maharashtra,Red
2010-09-25,Onion,23,Dhule,FAQ,Sakri,1500,910,1245.0,Maharashtra,Red
2010-09-25,Onion,23,Dharashiv(Usmanabad),FAQ,Dharashiv,325,325,325.0,Maharashtra,Red
2010-09-25,Onion,23,Sangli,FAQ,"Sangli(Phale, Bhajipura Market)",1800,500,1150.0,Maharashtra,Other
2010-09-26,Onion,23,Ahmednagar,FAQ,Parner,1800,500,1100.0,Maharashtra,Other
2010-09-26,Onion,23,Beed,FAQ,Kada,1800,150,1600.0,Maharashtra,Other
2010-09-26,Onion,23,Ahmednagar,FAQ,Rahuri,1700,100,900.0,Maharashtra,Other
2010-09-26,Onion,23,Nagpur,FAQ,Nagpur,1625,1500,1562.0,Maharashtra,Red
2010-09-27,Onion,23,Nashik,FAQ,Pimpalgaon Baswant(Saykheda),1681,851,1570.0,Maharashtra,Other
2010-09-27,Onion,23,Jalgaon,FAQ,Jalgaon,1750,800,1200.0,Maharashtra,Red
2010-09-27,Onion,23,Sholapur,FAQ,Pandharpur,1825,250,1100.0,Maharashtra,Red
2010-09-27,Onion,23,Chattrapati Sambhajinagar,FAQ,Chattrapati Sambhajinagar,1600,800,1200.0,Maharashtra,Other
2010-09-27,Onion,23,Satara,FAQ,Karad,1800,900,1350.0,Maharashtra,Other
2010-09-27,Onion,23,Nashik,FAQ,Sinner,1901,250,1550.0,Maharashtra,Other
2010-09-27,Onion,23,Thane,FAQ,Bhivandi,1400,1300,1350.0,Maharashtra,Other
2010-09-28,Onion,23,Nashik,FAQ,Sinner,1717,200,1600.0,Maharashtra,Other
2010-09-28,Onion,23,Parbhani,FAQ,Parbhani,1200,900,1000.0,Maharashtra,Red
2010-09-28,Onion,23,Nashik,FAQ,Kalvan,1800,400,1700.0,Maharashtra,Other
2010-09-28,Onion,23,Mumbai,FAQ,Mumbai,1800,1500,1600.0,Maharashtra,Other
2010-09-28,Onion,23,Nashik,FAQ,Pimpalgaon Baswant(Saykheda),1798,924,1650.0,Maharashtra,Other
2010-09-28,Onion,23,Chattrapati Sambhajinagar,FAQ,Gangapur,1750,400,1250.0,Maharashtra,Other
2010-09-28,Onion,23,Dhule,FAQ,Dhule,1570,260,1340.0,Maharashtra,Red
2010-09-28,Onion,23,Nashik,FAQ,Devala,1725,750,1600.0,Maharashtra,Other
2010-09-28,Onion,23,Satara,FAQ,Karad,1100,800,950.0,Maharashtra,Other
2010-09-28,Onion,23,Nagpur,FAQ,Nagpur,1750,1500,1625.0,Maharashtra,Red
2010-09-29,Onion,23,Nashik,FAQ,Lasalgaon,1812,301,1711.0,Maharashtra,Other
2010-09-29,Onion,23,Sholapur,FAQ,Solapur,2300,100,850.0,Maharashtra,Other
2010-09-29,Onion,23,Nashik,FAQ,Pimpalgaon Baswant(Saykheda),1839,925,1290.0,Maharashtra,Other
2010-09-29,Onion,23,Satara,FAQ,Karad,1000,700,850.0,Maharashtra,Other
2010-09-29,Onion,23,Chattrapati Sambhajinagar,FAQ,Chattrapati Sambhajinagar,1400,400,900.0,Maharashtra,Other
2010-09-29,Onion,23,Sholapur,FAQ,Kurdwadi,1641,300,1200.0,Maharashtra,Other
2010-09-30,Onion,23,Sholapur,FAQ,Kurdwadi(Modnimb),1571,500,1000.0,Maharashtra,Other
2010-09-30,Onion,23,Jalgaon,FAQ,Chalisgaon,1300,350,700.0,Maharashtra,Red
2010-09-30,Onion,23,Nashik,FAQ,Devala,1786,650,1640.0,Maharashtra,Other
2010-09-30,Onion,23,Nagpur,FAQ,Nagpur,1750,1500,1625.0,Maharashtra,Red
2010-09-30,Onion,23,Pune,FAQ,Pune,1800,1400,1600.0,Maharashtra,Other
2010-09-30,Onion,23,Ahmednagar,FAQ,Sangamner,2050,100,1075.0,Maharashtra,Other
2010-09-30,Onion,23,Mumbai,FAQ,Mumbai- Fruit Market,1000,1000,1000.0,Maharashtra,Other
2010-10-01,Onion,23,Satara,FAQ,Koregaon,1950,1250,1600.0,Maharashtra,Other
2010-10-01,Onion,23,Nashik,FAQ,Devala,1860,1860,1860.0,Maharashtra,Red
2010-10-01,Onion,23,Kolhapur,FAQ,Kolhapur,2000,700,1400.0,Maharashtra,Other
2010-10-01,Onion,23,Jalgaon,FAQ,Jalgaon,1850,800,1200.0,Maharashtra,Red
2010-10-01,Onion,23,Chattrapati Sambhajinagar,FAQ,Gangapur,1875,350,1300.0,Maharashtra,Other
2010-10-01,Onion,23,Nashik,FAQ,Nandgaon,1800,500,1600.0,Maharashtra,Other
2010-10-01,Onion,23,Nashik,FAQ,Manmad,1770,600,1650.0,Maharashtra,Other
2010-10-02,Onion,23,Mumbai,FAQ,Mumbai- Fruit Market,1000,1000,1000.0,Maharashtra,Other
2010-10-02,Onion,23,Dharashiv(Usmanabad),FAQ,Dharashiv,825,500,663.0,Maharashtra,Other
2010-10-02,Onion,23,Dhule,FAQ,Shirpur,1665,270,1345.0,Maharashtra,Other
2010-10-03,Onion,23,Pune,FAQ,Pune,1950,1100,1700.0,Maharashtra,Other
2010-10-03,Onion,23,Ahmednagar,FAQ,Akole,2000,300,1452.0,Maharashtra,Other
2010-10-04,Onion,23,Ahmednagar,FAQ,Kopargaon,1800,500,1400.0,Maharashtra,Other
2010-10-04,Onion,23,Dhule,FAQ,Dhule,1680,300,1330.0,Maharashtra,Red
2010-10-04,Onion,23,Nashik,FAQ,Devala,1670,775,1550.0,Maharashtra,Other
2010-10-04,Onion,23,Nashik,FAQ,Lasalgaon(Niphad),1700,540,1550.0,Maharashtra,Other
2010-10-04,Onion,23,Thane,FAQ,Bhivandi,1450,1200,1325.0,Maharashtra,Other
2010-10-05,Onion,23,Dhule,FAQ,Dhule,1930,750,1705.0,Maharashtra,Other
2010-10-05,Onion,23,Thane,FAQ,Bhivandi,1500,1200,1350.0,Maharashtra,Other
2010-10-05,Onion,23,Nagpur,FAQ,Nagpur,1937,1750,1843.0,Maharashtra,Red
2010-10-05,Onion,23,Jalgaon,FAQ,Jalgaon,1600,700,1100.0,Maharashtra,Red
2010-10-05,Onion,23,Nashik,FAQ,Yeola,1611,500,1400.0,Maharashtra,Other
2010-10-06,Onion,23,Nashik,FAQ,Devala,1566,500,1350.0,Maharashtra,Other
2010-10-06,Onion,23,Nashik,FAQ,Chandvad,1551,663,1375.0,Maharashtra,Other
2010-10-06,Onion,23,Beed,FAQ,Kada,1850,200,1600.0,Maharashtra,Other
2010-10-06,Onion,23,Nashik,FAQ,Devala,1575,1575,1575.0,Maharashtra,Red
2010-10-07,Onion,23,Thane,FAQ,Bhivandi,1500,1100,1300.0,Maharashtra,Other
2010-10-08,Onion,23,Ahmednagar,FAQ,Rahuri,1400,100,750.0,Maharashtra,Red
2010-10-08,Onion,23,Nashik,FAQ,Yeola,1541,800,1350.0,Maharashtra,Other
2010-10-08,Onion,23,Ahmednagar,FAQ,Pathardi,1600,340,1450.0,Maharashtra,Other
2010-10-08,Onion,23,Ahmednagar,FAQ,Rahata,1780,350,1300.0,Maharashtra,Other
2010-10-08,Onion,23,Mumbai,FAQ,Mumbai,1800,1500,1600.0,Maharashtra,Other
2010-10-08,Onion,23,Ahmednagar,FAQ,Newasa,1850,350,1200.0,Maharashtra,Other
2010-10-08,Onion,23,Nashik,FAQ,Lasalgaon,1614,251,1311.0,Maharashtra,Other
2010-10-09,Onion,23,Nagpur,FAQ,Nagpur,1875,1750,1812.0,Maharashtra,Red
2010-10-09,Onion,23,Mumbai,FAQ,Mumbai,1800,1550,1600.0,Maharashtra,Other
2010-10-10,Onion,23,Pune,FAQ,Pune(Khadiki),1700,1000,1350.0,Maharashtra,Other
2010-10-10,Onion,23,Beed,FAQ,Kada,1750,150,1600.0,Maharashtra,Other
2010-10-11,Onion,23,Sholapur,FAQ,Kurdwadi(Modnimb),1600,125,900.0,Maharashtra,Other
2010-10-11,Onion,23,Satara,FAQ,Karad,1000,700,850.0,Maharashtra,Other
2010-10-11,Onion,23,Nagpur,FAQ,Nagpur,2125,1750,1937.0,Maharashtra,Other
2010-10-11,Onion,23,Jalgaon,FAQ,Jalgaon,1600,800,1200.0,Maharashtra,Red
2010-10-11,Onion,23,Mumbai,FAQ,Vashi New Mumbai,1800,1400,1500.0,Maharashtra,Other
2010-10-11,Onion,23,Kolhapur,FAQ,Kolhapur,2000,600,1400.0,Maharashtra,Other
2010-10-11,Onion,23,Satara,FAQ,Lonand,1201,600,950.0,Maharashtra,Other
2010-10-12,Onion,23,Nashik,FAQ,Devala,1551,450,1415.0,Maharashtra,Other
2010-10-12,Onion,23,Nashik,FAQ,Yeola,1501,600,1300.0,Maharashtra,Other
2010-10-12,Onion,23,Pune,FAQ,Pune(Pimpri),2000,1800,1900.0,Maharashtra,Other
2010-10-12,Onion,23,Nashik,FAQ,Lasalgaon,1525,301,1300.0,Maharashtra,Other
2010-10-12,Onion,23,Thane,FAQ,Bhivandi,1500,1100,1300.0,Maharashtra,Other
2010-10-12,Onion,23,Nashik,FAQ,Devala,1051,991,1050.0,Maharashtra,Red
2010-10-12,Onion,23,Jalgaon,FAQ,Jalgaon,1600,700,1000.0,Maharashtra,Red
2010-10-12,Onion,23,Pune,FAQ,Pune,1700,1200,1450.0,Maharashtra,Other
2010-10-13,Onion,23,Satara,FAQ,Satara,1800,400,1100.0,Maharashtra,Other
2010-10-13,Onion,23,Nashik,FAQ,Manmad,1550,600,1350.0,Maharashtra,Other
2010-10-13,Onion,23,Nashik,FAQ,Malegaon,1460,465,1311.0,Maharashtra,Other
2010-10-13,Onion,23,Pune,FAQ,Indapur,1600,450,1200.0,Maharashtra,Other
2010-10-14,Onion,23,Dharashiv(Usmanabad),FAQ,Dharashiv,450,250,350.0,Maharashtra,Red
2010-10-14,Onion,23,Nashik,FAQ,Dindori(Vani),1677,500,1510.0,Maharashtra,Other
2010-10-14,Onion,23,Ahmednagar,FAQ,Sangamner,1700,100,900.0,Maharashtra,Other
2010-10-14,Onion,23,Nashik,FAQ,Chandvad,1570,800,1300.0,Maharashtra,Other
2010-10-14,Onion,23,Pune,FAQ,Junnar(Otur),1800,1200,1500.0,Maharashtra,Other
2010-10-14,Onion,23,Nashik,FAQ,Nasik,1650,700,1400.0,Maharashtra,Other
2010-10-14,Onion,23,Nashik,FAQ,Nandgaon,1528,500,1350.0,Maharashtra,Other
2010-10-14,Onion,23,Pune,FAQ,Pune,1750,1000,1375.0,Maharashtra,Other
2010-10-15,Onion,23,Jalgaon,FAQ,Jalgaon,1400,600,1000.0,Maharashtra,Red
2010-10-15,Onion,23,Nashik,FAQ,Nasik,1651,721,1400.0,Maharashtra,Other
2010-10-15,Onion,23,Ahmednagar,FAQ,Rahata,1705,250,1350.0,Maharashtra,Other
2010-10-15,Onion,23,Ahmednagar,FAQ,Rahuri,1300,200,750.0,Maharashtra,Red
2010-10-15,Onion,23,Kolhapur,FAQ,Kolhapur,1800,500,1300.0,Maharashtra,Other
2010-10-16,Onion,23,Ahmednagar,FAQ,Ahmednagar,1900,500,1200.0,Maharashtra,Other
2010-10-16,Onion,23,Nashik,FAQ,Chandvad,1555,775,1330.0,Maharashtra,Other
2010-10-16,Onion,23,Sholapur,FAQ,Barshi,1825,100,1100.0,Maharashtra,Other
2010-10-16,Onion,23,Nagpur,FAQ,Nagpur,2000,1750,1875.0,Maharashtra,Other
2010-10-17,Onion,23,Chattrapati Sambhajinagar,FAQ,Chattrapati Sambhajinagar,1500,500,1000.0,Maharashtra,Other
2010-10-17,Onion,23,Satara,FAQ,Satara,1800,500,1150.0,Maharashtra,Other
2010-10-17,Onion,23,Ahmednagar,FAQ,Pathardi,1750,340,1633.0,Maharashtra,Red
2010-10-18,Onion,23,Nashik,FAQ,Yeola,1671,600,1450.0,Maharashtra,Other
2010-10-18,Onion,23,Thane,FAQ,Ulhasnagar,2400,2000,2100.0,Maharashtra,Other
2010-10-18,Onion,23,Nashik,FAQ,Lasalgaon,1651,951,1561.0,Maharashtra,Red
2010-10-18,Onion,23,Pune,FAQ,Pune,1800,800,1300.0,Maharashtra,Other
2010-10-19,Onion,23,Parbhani,FAQ,Parbhani,1200,800,1000.0,Maharashtra,Red
2010-10-19,Onion,23,Nashik,FAQ,Devala,1531,901,1300.0,Maharashtra,Other
2010-10-19,Onion,23,Nashik,FAQ,Yeola,1517,600,1275.0,Maharashtra,Other
2010-10-19,Onion,23,Nashik,FAQ,Satana,1620,600,1465.0,Maharashtra,Other
2010-10-19,Onion,23,Satara,FAQ,Phaltan,1700,300,1250.0,Maharashtra,Other
2010-10-20,Onion,23,Nashik,FAQ,Lasalgaon,1578,1268,1299.0,Maharashtra,Red
2010-10-20,Onion,23,Dharashiv(Usmanabad),FAQ,Dharashiv,1700,1500,1600.0,Maharashtra,Other
2010-10-20,Onion,23,Nashik,FAQ,Nasik,1700,700,1500.0,Maharashtra,Other
2010-10-20,Onion,23,Ahmednagar,FAQ,Newasa(Ghodegaon),2050,150,1350.0,Maharashtra,Red
2010-10-20,Onion,23,Beed,FAQ,Kada,1700,300,1450.0,Maharashtra,Red
2010-10-21,Onion,23,Sangli,FAQ,"Sangli(Phale, Bhajipura Market)",1800,200,1000.0,Maharashtra,Other
2010-10-21,Onion,23,Nashik,FAQ,Devala,1075,475,750.0,Maharashtra,Red
2010-10-21,Onion,23,Mumbai,FAQ,Mumbai,1800,1400,1500.0,Maharashtra,Other
2010-10-21,Onion,23,Ahmednagar,FAQ,Shrirampur,1900,500,1575.0,Maharashtra,Other
2010-10-21,Onion,23,Chandrapur,FAQ,Chandrapur(Ganjwad),1900,1500,1800.0,Maharashtra,Other
2010-10-21,Onion,23,Nashik,FAQ,Lasalgaon,1543,351,1350.0,Maharashtra,Other
2010-10-22,Onion,23,Chattrapati Sambhajinagar,FAQ,Gangapur,1800,400,900.0,Maharashtra,Other
2010-10-22,Onion,23,Nashik,FAQ,Chandvad,1425,600,1300.0,Maharashtra,Other
2010-10-22,Onion,23,Nashik,FAQ,Satana,1565,600,1400.0,Maharashtra,Other
2010-10-22,Onion,23,Ahmednagar,FAQ,Pathardi,1850,424,1533.0,Maharashtra,Red
2010-10-23,Onion,23,Nashik,FAQ,Kalvan,1571,500,1351.0,Maharashtra,Other
2010-10-23,Onion,23,Dharashiv(Usmanabad),FAQ,Dharashiv,1600,1600,1600.0,Maharashtra,Other
2010-10-23,Onion,23,Dhule,FAQ,Shirpur,700,675,700.0,Maharashtra,Other
2010-10-23,Onion,23,Dhule,FAQ,Sakri,1111,1111,1111.0,Maharashtra,Red
2010-10-24,Onion,23,Ahmednagar,FAQ,Sangamner,1771,100,936.0,Maharashtra,Other
2010-10-25,Onion,23,Nagpur,FAQ,Nagpur,1625,1500,1562.0,Maharashtra,Red
2010-10-25,Onion,23,Ahmednagar,FAQ,Kopargaon,1705,500,1400.0,Maharashtra,Other
2010-10-25,Onion,23,Pune,FAQ,Pune(Khadiki),1500,500,1000.0,Maharashtra,Other
2010-10-25,Onion,23,Ahmednagar,FAQ,Ahmednagar,2005,600,1302.0,Maharashtra,Other
2010-10-25,Onion,23,Thane,FAQ,Bhivandi,1400,1300,1350.0,Maharashtra,Other
2010-10-26,Onion,23,Chattrapati Sambhajinagar,FAQ,Chattrapati Sambhajinagar,1600,600,1100.0,Maharashtra,Other
2010-10-26,Onion,23,Mumbai,FAQ,Vashi New Mumbai,1800,1400,1500.0,Maharashtra,Other
2010-10-26,Onion,23,Ahmednagar,FAQ,Sangamner,1803,100,950.0,Maharashtra,Other
2010-10-26,Onion,23,Ahmednagar,FAQ,Pathardi,1800,340,1504.0,Maharashtra,Other
2010-10-26,Onion,23,Thane,FAQ,Bhivandi,1400,1300,1350.0,Maharashtra,Other
2010-10-26,Onion,23,Pune,FAQ,Pune,1800,700,1250.0,Maharashtra,Other
2010-10-26,Onion,23,Ahmednagar,FAQ,Rahuri,1900,100,1000.0,Maharashtra,Other
2010-10-26,Onion,23,Nashik,FAQ,Lasalgaon,1354,700,1050.0,Maharashtra,Red
2010-10-26,Onion,23,Ahmednagar,FAQ,Ahmednagar,2005,600,1302.0,Maharashtra,Other
2010-10-26,Onion,23,Satara,FAQ,Satara,2000,500,1250.0,Maharashtra,Other
2010-10-26,Onion,23,Nashik,FAQ,Lasalgaon(Niphad),1495,425,1321.0,Maharashtra,Other
2010-10-27,Onion,23,Ahmednagar,FAQ,Parner,1850,850,1350.0,Maharashtra,Other
2010-10-27,Onion,23,Chattrapati Sambhajinagar,FAQ,Lasur Station,1825,500,1450.0,Maharashtra,Other
2010-10-27,Onion,23,Nashik,FAQ,Pimpalgaon Baswant(Saykheda),1551,670,1250.0,Maharashtra,Other
2010-10-27,Onion,23,Nashik,FAQ,Lasalgaon(Niphad),1546,500,1340.0,Maharashtra,Other
2010-10-27,Onion,23,Nashik,FAQ,Satana,1685,600,1450.0,Maharashtra,Other
2010-10-27,Onion,23,Nashik,FAQ,Malegaon,1000,250,700.0,Maharashtra,Red
2010-10-27,Onion,23,Sholapur,FAQ,Pandharpur,1810,600,1400.0,Maharashtra,Red
2010-10-28,Onion,23,Pune,FAQ,Pune(Pimpri),1600,1600,1600.0,Maharashtra,Other
2010-10-28,Onion,23,Dhule,FAQ,Dhule,1600,200,1220.0,Maharashtra,Red
2010-10-28,Onion,23,Nashik,FAQ,Lasalgaon,1481,300,1151.0,Maharashtra,Red
2010-10-28,Onion,23,Thane,FAQ,Bhivandi,1500,1380,1440.0,Maharashtra,Other
2010-10-29,Onion,23,Ahmednagar,FAQ,Newasa,1850,300,1400.0,Maharashtra,Red
2010-10-29,Onion,23,Sholapur,FAQ,Kurdwadi,1800,200,1200.0,Maharashtra,Other
2010-10-29,Onion,23,Mumbai,FAQ,Mumbai,1900,1450,1600.0,Maharashtra,Other
2010-10-29,Onion,23,Pune,FAQ,Pune(Khadiki),1500,1000,1100.0,Maharashtra,Other
2010-10-29,Onion,23,Nashik,FAQ,Yeola,1652,700,1450.0,Maharashtra,Other
2010-10-29,Onion,23,Nashik,FAQ,Satana,1800,650,1550.0,Maharashtra,Other
2010-10-30,Onion,23,Nagpur,FAQ,Nagpur,1875,1625,1750.0,Maharashtra,Other
2010-10-30,Onion,23,Ahmednagar,FAQ,Kopargaon,2010,500,1500.0,Maharashtra,Other
2010-10-31,Onion,23,Pune,FAQ,Pune(Khadiki),1700,750,1220.0,Maharashtra,Other
2010-10-31,Onion,23,Ahmednagar,FAQ,Rahata,2000,450,1500.0,Maharashtra,Other
2010-11-01,Onion,23,Satara,FAQ,Karad,1000,400,800.0,Maharashtra,Other
2010-11-01,Onion,23,Pune,FAQ,Pune(Khadiki),3000,1500,2250.0,Maharashtra,Other
2010-11-01,Onion,23,Nashik,FAQ,Devala,1400,750,1000.0,Maharashtra,Red
2010-11-02,Onion,23,Dharashiv(Usmanabad),FAQ,Dharashiv,500,250,375.0,Maharashtra,Red
2010-11-02,Onion,23,Pune,FAQ,Pune,2000,1000,1500.0,Maharashtra,Other
2010-11-02,Onion,23,Jalgaon,FAQ,Jalgaon,1500,550,1000.0,Maharashtra,Red
2010-11-02,Onion,23,Satara,FAQ,Lonand,1281,500,1000.0,Maharashtra,Other
2010-11-03,Onion,23,Ahmednagar,FAQ,Newasa(Ghodegaon),2500,200,1450.0,Maharashtra,Other
2010-11-03,Onion,23,Dharashiv(Usmanabad),FAQ,Dharashiv,440,180,310.0,Maharashtra,Red
2010-11-03,Onion,23,Jalgaon,FAQ,Jalgaon,1400,500,900.0,Maharashtra,Red
2010-11-04,Onion,23,Ahmednagar,FAQ,Akole,2105,300,1398.0,Maharashtra,Other
2010-11-04,Onion,23,Satara,FAQ,Lonand,1300,500,1000.0,Maharashtra,Other
2010-11-04,Onion,23,Satara,FAQ,Satara,2000,1000,1500.0,Maharashtra,Other
2010-11-04,Onion,23,Nashik,FAQ,Nasik,1800,1000,1650.0,Maharashtra,Other
2010-11-05,Onion,23,Satara,FAQ,Koregaon,1000,900,950.0,Maharashtra,Other
2010-11-07,Onion,23,Dharashiv(Usmanabad),FAQ,Dharashiv,290,125,208.0,Maharashtra,Red
2010-11-07,Onion,23,Satara,FAQ,Satara,2000,400,1200.0,Maharashtra,Other
2010-11-07,Onion,23,Ahmednagar,FAQ,Parner,2600,800,1700.0,Maharashtra,Other
2010-11-08,Onion,23,Pune,FAQ,Baramati,1900,400,1000.0,Maharashtra,Red
2010-11-08,Onion,23,Chattrapati Sambhajinagar,FAQ,Chattrapati Sambhajinagar,1100,300,700.0,Maharashtra,Other
2010-11-08,Onion,23,Dhule,FAQ,Dhule,2180,500,1650.0,Maharashtra,Other
2010-11-08,Onion,23,Nashik,FAQ,Nasik,1900,700,1500.0,Maharashtra,Red
2010-11-08,Onion,23,Ahmednagar,FAQ,Ahmednagar,3000,500,1750.0,Maharashtra,Other
2010-11-09,Onion,23,Ahmednagar,FAQ,Pathardi,3100,500,2900.0,Maharashtra,Red
2010-11-09,Onion,23,Ahmednagar,FAQ,Sangamner,3051,100,1575.0,Maharashtra,Other
2010-11-10,Onion,23,Sholapur,FAQ,Solapur,3800,100,1000.0,Maharashtra,Other
2010-11-10,Onion,23,Jalgaon,FAQ,Jalgaon,2150,650,1300.0,Maharashtra,Red
2010-11-10,Onion,23,Mumbai,FAQ,Mumbai,3300,1800,2700.0,Maharashtra,Other
2010-11-10,Onion,23,Ahmednagar,FAQ,Newasa(Ghodegaon),4000,200,2400.0,Maharashtra,Red
2010-11-11,Onion,23,Nashik,FAQ,Nandgaon,1781,500,1500.0,Maharashtra,Red
2010-11-11,Onion,23,Satara,FAQ,Lonand,2100,700,1800.0,Maharashtra,Other
2010-11-11,Onion,23,Jalgaon,FAQ,Jalgaon,2000,650,1350.0,Maharashtra,Other
2010-11-11,Onion,23,Nashik,FAQ,Dindori(Vani),2652,100,2300.0,Maharashtra,Other
2010-11-12,Onion,23,Kolhapur,FAQ,Kolhapur,3600,600,2200.0,Maharashtra,Other
2010-11-12,Onion,23,Nashik,FAQ,Nandgaon,1700,400,1000.0,Maharashtra,Red
2010-11-12,Onion,23,Nashik,FAQ,Yeola,2496,900,2200.0,Maharashtra,Other
2010-11-12,Onion,23,Nashik,FAQ,Kalvan,2701,500,2451.0,Maharashtra,Other
2010-11-12,Onion,23,Nashik,FAQ,Pimpalgaon Baswant(Saykheda),1498,200,751.0,Maharashtra,Other
2010-11-12,Onion,23,Dhule,FAQ,Dhule,2250,400,1750.0,Maharashtra,Other
2010-11-12,Onion,23,Nashik,FAQ,Sinner,2551,100,1500.0,Maharashtra,Other
2010-11-12,Onion,23,Nashik,FAQ,Devala,1951,775,1600.0,Maharashtra,Red
2010-11-13,Onion,23,Nashik,FAQ,Nandgaon,1846,900,1400.0,Maharashtra,Other
2010-11-13,Onion,23,Nagpur,FAQ,Nagpur,2375,2000,2187.0,Maharashtra,Other
2010-11-13,Onion,23,Nashik,FAQ,Lasalgaon(Niphad),2351,801,2225.0,Maharashtra,Other
2010-11-13,Onion,23,Mumbai,FAQ,Mumbai,2900,1800,2500.0,Maharashtra,Other
2010-11-14,Onion,23,Ahmednagar,FAQ,Rahata,3100,700,1850.0,Maharashtra,Other
2010-11-15,Onion,23,Nashik,FAQ,Lasalgaon(Niphad),2804,770,2690.0,Maharashtra,Other
2010-11-15,Onion,23,Nashik,FAQ,Devala,3081,1400,2800.0,Maharashtra,Other
2010-11-15,Onion,23,Ahmednagar,FAQ,Ahmednagar,3350,650,2000.0,Maharashtra,Other
2010-11-15,Onion,23,Nashik,FAQ,Nandgaon,1724,500,850.0,Maharashtra,Red
2010-11-15,Onion,23,Nashik,FAQ,Sinner,2629,200,1500.0,Maharashtra,Other
2010-11-15,Onion,23,Nashik,FAQ,Nandgaon,2100,900,1800.0,Maharashtra,Other
2010-11-15,Onion,23,Nashik,FAQ,Devala,1925,400,1400.0,Maharashtra,Red
2010-11-15,Onion,23,Sholapur,FAQ,Solapur,3800,100,1000.0,Maharashtra,Other
2010-11-15,Onion,23,Chattrapati Sambhajinagar,FAQ,Chattrapati Sambhajinagar,2500,500,1500.0,Maharashtra,Other
2010-11-16,Onion,23,Mumbai,FAQ,Mumbai,3200,1850,2500.0,Maharashtra,Other
2010-11-16,Onion,23,Nashik,FAQ,Nandgaon,3000,901,2783.0,Maharashtra,Other
2010-11-16,Onion,23,Nagpur,FAQ,Nagpur,2000,1625,1812.0,Maharashtra,Other
2010-11-16,Onion,23,Parbhani,FAQ,Parbhani,1800,1500,1600.0,Maharashtra,Red
2010-11-17,Onion,23,Sholapur,FAQ,Kurdwadi,1300,200,900.0,Maharashtra,Other
2010-11-17,Onion,23,Nashik,FAQ,Devala,2661,500,1650.0,Maharashtra,Red
2010-11-17,Onion,23,Nashik,FAQ,Devala,3180,1000,2651.0,Maharashtra,Other
2010-11-18,Onion,23,Nashik,FAQ,Satana,2215,200,1458.0,Maharashtra,Red
2010-11-18,Onion,23,Pune,FAQ,Pune,3200,1000,2100.0,Maharashtra,Other
2010-11-18,Onion,23,Nagpur,FAQ,Nagpur,1875,1625,1750.0,Maharashtra,Red
2010-11-19,Onion,23,Ahmednagar,FAQ,Pathardi,2500,340,2000.0,Maharashtra,Red
2010-11-19,Onion,23,Ahmednagar,FAQ,Rahuri,3300,200,1750.0,Maharashtra,Other
2010-11-19,Onion,23,Nashik,FAQ,Manmad,1920,551,1350.0,Maharashtra,Red
2010-11-19,Onion,23,Nashik,FAQ,Lasalgaon,3211,600,2500.0,Maharashtra,Other
2010-11-19,Onion,23,Nashik,FAQ,Devala,2300,700,1600.0,Maharashtra,Red
2010-11-19,Onion,23,Ahmednagar,FAQ,Rahuri,2100,100,1100.0,Maharashtra,Red
2010-11-20,Onion,23,Nashik,FAQ,Devala,2500,500,1300.0,Maharashtra,Red
2010-11-20,Onion,23,Nashik,FAQ,Lasalgaon(Niphad),2003,451,1667.0,Maharashtra,Other
2010-11-20,Onion,23,Nashik,FAQ,Pimpalgaon Baswant(Saykheda),1786,200,1175.0,Maharashtra,Other
2010-11-20,Onion,23,Mumbai,FAQ,Mumbai,3200,1500,2200.0,Maharashtra,Other
2010-11-20,Onion,23,Jalgaon,FAQ,Jalgaon,2100,400,1300.0,Maharashtra,Red
2010-11-21,Onion,23,Dharashiv(Usmanabad),FAQ,Dharashiv,1600,800,1200.0,Maharashtra,Other
2010-11-21,Onion,23,Ahmednagar,FAQ,Pathardi,2700,340,2300.0,Maharashtra,Red
2010-11-21,Onion,23,Pune,FAQ,Pune(Khadiki),400,400,400.0,Maharashtra,Other
2010-11-21,Onion,23,Pune,FAQ,Junnar,3400,2000,2500.0,Maharashtra,Other
2010-11-22,Onion,23,Nashik,FAQ,Sinner,2700,100,1200.0,Maharashtra,Other
2010-11-22,Onion,23,Sangli,FAQ,"Sangli(Phale, Bhajipura Market)",2500,500,1500.0,Maharashtra,Other
2010-11-22,Onion,23,Kolhapur,FAQ,Kolhapur,2600,500,2200.0,Maharashtra,Other
2010-11-22,Onion,23,Nashik,FAQ,Lasalgaon,2900,200,1600.0,Maharashtra,Red
2010-11-22,Onion,23,Jalgaon,FAQ,Jalgaon,1750,400,1300.0,Maharashtra,Red
2010-11-23,Onion,23,Nashik,FAQ,Nasik,2700,1100,2000.0,Maharashtra,Other
2010-11-23,Onion,23,Nashik,FAQ,Devala,2751,400,1600.0,Maharashtra,Red
2010-11-23,Onion,23,Chattrapati Sambhajinagar,FAQ,Chattrapati Sambhajinagar,1150,250,700.0,Maharashtra,Other
2010-11-23,Onion,23,Ahmednagar,FAQ,Rahata,3500,600,2200.0,Maharashtra,Other
2010-11-23,Onion,23,Nagpur,FAQ,Nagpur,2000,1875,1937.0,Maharashtra,Red
2010-11-23,Onion,23,Ahmednagar,FAQ,Rahuri,2500,100,1300.0,Maharashtra,Red
2010-11-23,Onion,23,Nagpur,FAQ,Nagpur,2125,1875,2000.0,Maharashtra,Other
2010-11-24,Onion,23,Chandrapur,FAQ,Chandrapur(Ganjwad),2000,1000,1900.0,Maharashtra,Other
2010-11-24,Onion,23,Nashik,FAQ,Nasik,1700,400,1300.0,Maharashtra,Other
2010-11-24,Onion,23,Nashik,FAQ,Nandgaon,1761,1761,1761.0,Maharashtra,Other
2010-11-24,Onion,23,Dharashiv(Usmanabad),FAQ,Dharashiv,1500,525,1013.0,Maharashtra,Other
2010-11-24,Onion,23,Nashik,FAQ,Lasalgaon,3468,1012,3000.0,Maharashtra,Other
2010-11-25,Onion,23,Jalgaon,FAQ,Jalgaon,1800,400,1000.0,Maharashtra,Red
2010-11-25,Onion,23,Ahmednagar,FAQ,Akole,4000,300,1900.0,Maharashtra,Other
2010-11-25,Onion,23,Pune,FAQ,Pune,3700,1000,2350.0,Maharashtra,Other
2010-11-25,Onion,23,Satara,FAQ,Satara,3000,400,1700.0,Maharashtra,Other
2010-11-25,Onion,23,Nashik,FAQ,Satana,3750,1200,3350.0,Maharashtra,Other
2010-11-25,Onion,23,Mumbai,FAQ,Vashi New Mumbai,3700,1500,2500.0,Maharashtra,Other
2010-11-25,Onion,23,Nashik,FAQ,Manmad,1800,300,1200.0,Maharashtra,Red
2010-11-25,Onion,23,Chandrapur,FAQ,Chandrapur(Ganjwad),2100,1000,2000.0,Maharashtra,Other
2010-11-25,Onion,23,Nashik,FAQ,Devala,3926,1200,3000.0,Maharashtra,Other
2010-11-25,Onion,23,Chattrapati Sambhajinagar,FAQ,Chattrapati Sambhajinagar,2000,400,1200.0,Maharashtra,Other
2010-11-26,Onion,23,Nashik,FAQ,Nandgaon,3131,928,1041.0,Maharashtra,Other
2010-11-26,Onion,23,Nashik,FAQ,Devala,3891,1151,3400.0,Maharashtra,Other
2010-11-26,Onion,23,Dharashiv(Usmanabad),FAQ,Dharashiv,290,240,265.0,Maharashtra,Red
2010-11-27,Onion,23,Kolhapur,FAQ,Kolhapur,3600,500,1800.0,Maharashtra,Other
2010-11-27,Onion,23,Pune,FAQ,Pune(Khadiki),900,900,900.0,Maharashtra,Other
2010-11-27,Onion,23,Nashik,FAQ,Lasalgaon(Niphad),1461,401,1070.0,Maharashtra,Red
2010-11-27,Onion,23,Dharashiv(Usmanabad),FAQ,Dharashiv,1650,800,1225.0,Maharashtra,Other
2010-11-28,Onion,23,Pune,FAQ,Junnar,3000,2000,2500.0,Maharashtra,Other
2010-11-28,Onion,23,Pune,FAQ,Manchar,1600,800,1200.0,Maharashtra,Other
2010-11-28,Onion,23,Nagpur,FAQ,Nagpur,2375,1750,2062.0,Maharashtra,Red
2010-11-28,Onion,23,Ahmednagar,FAQ,Parner,3850,1000,2425.0,Maharashtra,Other
2010-11-28,Onion,23,Nagpur,FAQ,Nagpur,2500,2000,2250.0,Maharashtra,Other
2010-11-28,Onion,23,Ahmednagar,FAQ,Rahata,4000,500,2500.0,Maharashtra,Other
2010-11-29,Onion,23,Nashik,FAQ,Yeola,1723,400,1000.0,Maharashtra,Red
2010-11-29,Onion,23,Nashik,FAQ,Nandgaon,1551,111,800.0,Maharashtra,Other
2010-11-29,Onion,23,Pune,FAQ,Manchar,1001,201,601.0,Maharashtra,Other
2010-11-29,Onion,23,Nashik,FAQ,Kalvan,3600,751,3251.0,Maharashtra,Other
2010-11-29,Onion,23,Chattrapati Sambhajinagar,FAQ,Chattrapati Sambhajinagar,1900,300,1100.0,Maharashtra,Other
2010-11-29,Onion,23,Nashik,FAQ,Devala,2750,300,1900.0,Maharashtra,Red
2010-11-30,Onion,23,Dhule,FAQ,Dhule,2450,400,1650.0,Maharashtra,Other
2010-11-30,Onion,23,Nashik,FAQ,Chandvad,2025,600,1350.0,Maharashtra,Other
2010-11-30,Onion,23,Jalgaon,FAQ,Jalgaon,1500,300,1000.0,Maharashtra,Red
2010-11-30,Onion,23,Mumbai,FAQ,Mumbai,3800,1600,2800.0,Maharashtra,Other
2010-11-30,Onion,23,Nashik,FAQ,Lasalgaon,3041,1151,2701.0,Maharashtra,Other
2010-11-30,Onion,23,Nagpur,FAQ,Nagpur,2125,2000,2062.0,Maharashtra,Red
2010-11-30,Onion,23,Nashik,FAQ,Pimpalgaon,3403,500,2651.0,Maharashtra,Other
2010-11-30,Onion,23,Nashik,FAQ,Sinner,1411,100,700.0,Maharashtra,Other
2010-12-01,Onion,23,Thane,FAQ,Bhivandi,5000,4000,4500.0,Maharashtra,Other
2010-12-01,Onion,23,Chattrapati Sambhajinagar,FAQ,Chattrapati Sambhajinagar,1600,400,1000.0,Maharashtra,Other
2010-12-01,Onion,23,Ahmednagar,FAQ,Newasa(Ghodegaon),3100,300,1500.0,Maharashtra,Red
2010-12-01,Onion,23,Ahmednagar,FAQ,Parner,3800,900,2350.0,Maharashtra,Other
2010-12-01,Onion,23,Nashik,FAQ,Chandvad,2036,100,1000.0,Maharashtra,Other
2010-12-01,Onion,23,Dharashiv(Usmanabad),FAQ,Dharashiv,500,200,350.0,Maharashtra,Red
2010-12-01,Onion,23,Nashik,FAQ,Nandgaon,1574,350,1000.0,Maharashtra,Other
2010-12-01,Onion,23,Jalgaon,FAQ,Jalgaon,1500,500,1100.0,Maharashtra,Red
2010-12-02,Onion,23,Dhule,FAQ,Dhule,2110,500,1390.0,Maharashtra,Other
2010-12-02,Onion,23,Ahmednagar,FAQ,Ahmednagar,3500,1300,2100.0,Maharashtra,Other
2010-12-02,Onion,23,Nashik,FAQ,Sinner,1500,100,1000.0,Maharashtra,Other
2010-12-02,Onion,23,Nashik,FAQ,Nandgaon,1628,500,1150.0,Maharashtra,Other
2010-12-02,Onion,23,Dharashiv(Usmanabad),FAQ,Dharashiv,400,250,325.0,Maharashtra,Red
2010-12-02,Onion,23,Nashik,FAQ,Manmad,1400,500,851.0,Maharashtra,Red
2010-12-02,Onion,23,Nashik,FAQ,Yeola,1600,500,1300.0,Maharashtra,Red
2010-12-02,Onion,23,Nashik,FAQ,Devala,2600,570,1600.0,Maharashtra,Red
2010-12-02,Onion,23,Nashik,FAQ,Lasalgaon,2900,1100,2100.0,Maharashtra,Other
2010-12-02,Onion,23,Mumbai,FAQ,Vashi New Mumbai,3500,1500,2400.0,Maharashtra,Other
2010-12-03,Onion,23,Nashik,FAQ,Kalvan,3361,712,3051.0,Maharashtra,Other
2010-12-03,Onion,23,Sholapur,FAQ,Barshi,1900,180,1000.0,Maharashtra,Other
2010-12-03,Onion,23,Nashik,FAQ,Yeola,1550,500,1100.0,Maharashtra,Red
2010-12-03,Onion,23,Nashik,FAQ,Lasalgaon,2890,201,1251.0,Maharashtra,Red
2010-12-03,Onion,23,Jalgaon,FAQ,Jalgaon,1600,400,1000.0,Maharashtra,Red
2010-12-04,Onion,23,Dhule,FAQ,Shirpur,1425,300,1100.0,Maharashtra,Red
2010-12-04,Onion,23,Ahmednagar,FAQ,Ahmednagar,3500,1400,2100.0,Maharashtra,Other
2010-12-04,Onion,23,Mumbai,FAQ,Mumbai,3300,1000,2150.0,Maharashtra,Other
2010-12-04,Onion,23,Chattrapati Sambhajinagar,FAQ,Chattrapati Sambhajinagar,1600,300,950.0,Maharashtra,Other
2010-12-05,Onion,23,Pune,FAQ,Pune,3500,1500,2500.0,Maharashtra,Other
2010-12-05,Onion,23,Ahmednagar,FAQ,Pathardi,1950,500,1650.0,Maharashtra,Red
2010-12-05,Onion,23,Ahmednagar,FAQ,Rahuri,2000,100,1050.0,Maharashtra,Other
2010-12-06,Onion,23,Nashik,FAQ,Devala,3150,1010,1800.0,Maharashtra,Other
2010-12-06,Onion,23,Nashik,FAQ,Lasalgaon(Niphad),1751,300,1340.0,Maharashtra,Red
2010-12-07,Onion,23,Pune,FAQ,Pune,3800,1500,2650.0,Maharashtra,Other
2010-12-07,Onion,23,Nashik,FAQ,Lasalgaon(Niphad),1851,400,1300.0,Maharashtra,Red
2010-12-07,Onion,23,Nashik,FAQ,Devala,2900,500,1700.0,Maharashtra,Red
2010-12-07,Onion,23,Nashik,FAQ,Devala,3651,1000,2800.0,Maharashtra,Other
2010-12-08,Onion,23,Pune,FAQ,Pune(Khadiki),1000,1000,1000.0,Maharashtra,Other
2010-12-08,Onion,23,Nashik,FAQ,Chandvad,2000,500,1400.0,Maharashtra,Other
2010-12-08,Onion,23,Thane,FAQ,Vasai,3800,2700,3200.0,Maharashtra,Other
2010-12-08,Onion,23,Nashik,FAQ,Nasik,2300,601,1600.0,Maharashtra,Other
2010-12-08,Onion,23,Nashik,FAQ,Devala,2750,300,1500.0,Maharashtra,Red
2010-12-08,Onion,23,Kolhapur,FAQ,Kolhapur,4200,800,2800.0,Maharashtra,Other
2010-12-08,Onion,23,Ahmednagar,FAQ,Parner,4000,1000,2500.0,Maharashtra,Other
2010-12-09,Onion,23,Jalgaon,FAQ,Jalgaon,2200,600,1500.0,Maharashtra,Red
2010-12-09,Onion,23,Sangli,FAQ,"Sangli(Phale, Bhajipura Market)",3500,500,2000.0,Maharashtra,Other
2010-12-09,Onion,23,Nagpur,FAQ,Nagpur,2875,1500,2178.0,Maharashtra,Other
2010-12-09,Onion,23,Nashik,FAQ,Lasalgaon(Niphad),1810,300,1201.0,Maharashtra,Red
2010-12-09,Onion,23,Nashik,FAQ,Kalvan,2800,500,1700.0,Maharashtra,Red
2010-12-09,Onion,23,Mumbai,FAQ,Vashi New Mumbai,3500,1500,2800.0,Maharashtra,Other
2010-12-10,Onion,23,Ahmednagar,FAQ,Rahuri,2500,100,1300.0,Maharashtra,Red
2010-12-10,Onion,23,Kolhapur,FAQ,Kolhapur,4000,600,3000.0,Maharashtra,Other
2010-12-11,Onion,23,Jalgaon,FAQ,Jalgaon,2100,600,1400.0,Maharashtra,Red
2010-12-11,Onion,23,Mumbai,FAQ,Mumbai,3700,1400,2500.0,Maharashtra,Other
2010-12-11,Onion,23,Kolhapur,FAQ,Kolhapur,4000,700,3000.0,Maharashtra,Other
2010-12-12,Onion,23,Nashik,FAQ,Sinner,1560,100,800.0,Maharashtra,Other
2010-12-12,Onion,23,Chattrapati Sambhajinagar,FAQ,Chattrapati Sambhajinagar,1400,200,800.0,Maharashtra,Other
2010-12-12,Onion,23,Nagpur,FAQ,Nagpur,2875,2250,2562.0,Maharashtra,Other
2010-12-13,Onion,23,Kolhapur,FAQ,Kolhapur,4000,700,2500.0,Maharashtra,Other
2010-12-13,Onion,23,Pune,FAQ,Pune(Pimpri),3600,1200,2400.0,Maharashtra,Other
2010-12-13,Onion,23,Nagpur,FAQ,Nagpur,2500,1750,2125.0,Maharashtra,Red
2010-12-13,Onion,23,Nashik,FAQ,Pimpalgaon Baswant(Saykheda),1975,200,1100.0,Maharashtra,Other
2010-12-13,Onion,23,Sholapur,FAQ,Barshi,2750,370,1200.0,Maharashtra,Other
2010-12-13,Onion,23,Jalgaon,FAQ,Jalgaon,2350,500,1500.0,Maharashtra,Red
2010-12-13,Onion,23,Nashik,FAQ,Malegaon,3000,350,1400.0,Maharashtra,Red
2010-12-13,Onion,23,Ahmednagar,FAQ,Rahuri(Vambori),4500,100,2300.0,Maharashtra,Other
2010-12-13,Onion,23,Nashik,FAQ,Nasik,2300,850,1700.0,Maharashtra,Other
2010-12-13,Onion,23,Nashik,FAQ,Kalvan,3001,500,2251.0,Maharashtra,Red
2010-12-13,Onion,23,Nashik,FAQ,Dindori(Vani),3267,500,2100.0,Maharashtra,Other
2010-12-14,Onion,23,Mumbai,FAQ,Vashi New Mumbai,3700,1500,2600.0,Maharashtra,Other
2010-12-14,Onion,23,Sangli,FAQ,"Sangli(Phale, Bhajipura Market)",4000,900,2450.0,Maharashtra,Other
2010-12-14,Onion,23,Nashik,FAQ,Manmad,2500,700,1800.0,Maharashtra,Red
2010-12-14,Onion,23,Nashik,FAQ,Pimpalgaon Baswant(Saykheda),2225,300,1225.0,Maharashtra,Other
2010-12-14,Onion,23,Nashik,FAQ,Kalvan,3352,500,2425.0,Maharashtra,Red
2010-12-15,Onion,23,Nashik,FAQ,Nasik,3500,1300,2500.0,Maharashtra,Other
2010-12-15,Onion,23,Nashik,FAQ,Satana,4600,1050,3475.0,Maharashtra,Other
2010-12-15,Onion,23,Nashik,FAQ,Lasalgaon(Niphad),2752,400,1570.0,Maharashtra,Red
2010-12-15,Onion,23,Chattrapati Sambhajinagar,FAQ,Chattrapati Sambhajinagar,1900,500,1200.0,Maharashtra,Other
2010-12-15,Onion,23,Nagpur,FAQ,Nagpur,4500,2000,3250.0,Maharashtra,Other
2010-12-15,Onion,23,Kolhapur,FAQ,Kolhapur,4700,700,2700.0,Maharashtra,Other
2010-12-15,Onion,23,Satara,FAQ,Karad,2000,1600,1800.0,Maharashtra,Other
2010-12-15,Onion,23,Pune,FAQ,Pune,5250,2500,3950.0,Maharashtra,Other
2010-12-15,Onion,23,Sangli,FAQ,"Sangli(Phale, Bhajipura Market)",4500,900,2700.0,Maharashtra,Other
2010-12-16,Onion,23,Nagpur,FAQ,Nagpur,4750,2000,3375.0,Maharashtra,Other
2010-12-16,Onion,23,Dhule,FAQ,Dhule,4400,900,3000.0,Maharashtra,Other
2010-12-16,Onion,23,Mumbai,FAQ,Vashi New Mumbai,4500,2100,3300.0,Maharashtra,Other
2010-12-16,Onion,23,Nashik,FAQ,Lasalgaon,3700,301,1801.0,Maharashtra,Red
2010-12-16,Onion,23,Sangli,FAQ,"Sangli(Phale, Bhajipura Market)",4500,800,2650.0,Maharashtra,Other
2010-12-16,Onion,23,Nashik,FAQ,Devala,4551,4001,4551.0,Maharashtra,Other
2010-12-16,Onion,23,Pune,FAQ,Pune,5500,2000,3750.0,Maharashtra,Other
2010-12-17,Onion,23,Dhule,FAQ,Dhule,4000,1000,2800.0,Maharashtra,Other
2010-12-17,Onion,23,Nashik,FAQ,Nasik,3500,741,2200.0,Maharashtra,Other
2010-12-17,Onion,23,Nashik,FAQ,Pimpalgaon Baswant(Saykheda),3462,900,1550.0,Maharashtra,Other
2010-12-18,Onion,23,Nashik,FAQ,Lasalgaon(Niphad),3781,800,2101.0,Maharashtra,Red
2010-12-18,Onion,23,Pune,FAQ,Pune(Khadiki),3000,1500,2250.0,Maharashtra,Other
2010-12-19,Onion,23,Ahmednagar,FAQ,Sangamner,5000,2000,3500.0,Maharashtra,Other
2010-12-19,Onion,23,Satara,FAQ,Satara,4000,1000,2500.0,Maharashtra,Other
2010-12-19,Onion,23,Ahmednagar,FAQ,Pathardi,5500,500,3488.0,Maharashtra,Other
2010-12-19,Onion,23,Nagpur,FAQ,Nagpur,4500,3000,3750.0,Maharashtra,Other
2010-12-20,Onion,23,Nashik,FAQ,Yeola,5300,1000,4000.0,Maharashtra,Red
2010-12-20,Onion,23,Nashik,FAQ,Sinner,5000,300,2500.0,Maharashtra,Other
2010-12-20,Onion,23,Ahmednagar,FAQ,Ahmednagar,7500,1000,4250.0,Maharashtra,Other
2010-12-20,Onion,23,Ahmednagar,FAQ,Shrirampur,5400,1250,3400.0,Maharashtra,Other
2010-12-20,Onion,23,Nashik,FAQ,Lasalgaon,6299,401,3800.0,Maharashtra,Red
2010-12-21,Onion,23,Ahmednagar,FAQ,Rahuri,6600,500,3550.0,Maharashtra,Red
2010-12-21,Onion,23,Jalgaon,FAQ,Jalgaon,4000,500,2500.0,Maharashtra,Red
2010-12-21,Onion,23,Nashik,FAQ,Nandgaon,4801,800,2500.0,Maharashtra,Other
2010-12-21,Onion,23,Parbhani,FAQ,Parbhani,5000,2500,4000.0,Maharashtra,Red
2010-12-21,Onion,23,Nashik,FAQ,Sinner,3680,500,2000.0,Maharashtra,Other
2010-12-21,Onion,23,Dhule,FAQ,Dhule,4000,700,3600.0,Maharashtra,Other
2010-12-21,Onion,23,Sangli,FAQ,"Sangli(Phale, Bhajipura Market)",7000,2000,4500.0,Maharashtra,Other
2010-12-22,Onion,23,Jalgaon,FAQ,Jalgaon,3500,600,2500.0,Maharashtra,Red
2010-12-22,Onion,23,Nashik,FAQ,Chandvad,3852,200,2200.0,Maharashtra,Other
2010-12-22,Onion,23,Dhule,FAQ,Shirpur,3900,300,2550.0,Maharashtra,Red
2010-12-22,Onion,23,Nashik,FAQ,Satana,4400,500,2800.0,Maharashtra,Red
2010-12-22,Onion,23,Nagpur,FAQ,Nagpur,4375,2375,3375.0,Maharashtra,Red
2010-12-22,Onion,23,Sholapur,FAQ,Solapur,5200,100,1500.0,Maharashtra,Other
2010-12-22,Onion,23,Ahmednagar,FAQ,Parner,5000,1500,3250.0,Maharashtra,Other
2010-12-22,Onion,23,Beed,FAQ,Kada,5500,500,3500.0,Maharashtra,Other
2010-12-22,Onion,23,Satara,FAQ,Satara,6500,5000,5750.0,Maharashtra,Other
2010-12-22,Onion,23,Sholapur,FAQ,Kurdwadi,4200,400,2000.0,Maharashtra,Other
2010-12-22,Onion,23,Thane,FAQ,Kalyan,5500,4500,5000.0,Maharashtra,Other
2010-12-23,Onion,23,Sholapur,FAQ,Pandharpur,4600,500,2500.0,Maharashtra,Red
2010-12-23,Onion,23,Nashik,FAQ,Nandgaon,3000,500,1600.0,Maharashtra,Other
2010-12-23,Onion,23,Jalgaon,FAQ,Bodwad(Varangaon),2000,700,1000.0,Maharashtra,Other
2010-12-23,Onion,23,Dhule,FAQ,Sakri,2500,700,1900.0,Maharashtra,Red
2010-12-23,Onion,23,Kolhapur,FAQ,Kolhapur,4500,500,3000.0,Maharashtra,Other
2010-12-23,Onion,23,Satara,FAQ,Lonand,4000,2000,3000.0,Maharashtra,Other
2010-12-23,Onion,23,Pune,FAQ,Khed(Chakan),5000,900,3000.0,Maharashtra,Other
2010-12-23,Onion,23,Nashik,FAQ,Satana,4500,1000,3500.0,Maharashtra,Other
2010-12-23,Onion,23,Nashik,FAQ,Satana,3450,500,2050.0,Maharashtra,Red
2010-12-23,Onion,23,Mumbai,FAQ,Vashi New Mumbai,4500,2500,3500.0,Maharashtra,Other
2010-12-23,Onion,23,Nashik,FAQ,Lasalgaon(Niphad),2800,600,1700.0,Maharashtra,Red
2010-12-23,Onion,23,Thane,FAQ,Kalyan,4000,3500,3750.0,Maharashtra,Other
2010-12-24,Onion,23,Nashik,FAQ,Kalvan,3600,300,2300.0,Maharashtra,Red
2010-12-24,Onion,23,Pune,FAQ,Pune,4000,1500,2750.0,Maharashtra,Other
2010-12-24,Onion,23,Nashik,FAQ,Chandvad,3551,200,2500.0,Maharashtra,Other
2010-12-24,Onion,23,Nashik,FAQ,Satana,3350,500,2840.0,Maharashtra,Red
2010-12-24,Onion,23,Jalgaon,FAQ,Jalgaon,2000,300,1500.0,Maharashtra,Red
2010-12-24,Onion,23,Jalgaon,FAQ,Jalgaon,1900,400,1400.0,Maharashtra,Other
2010-12-24,Onion,23,Nashik,FAQ,Lasalgaon(Niphad),2500,555,1551.0,Maharashtra,Red
2010-12-24,Onion,23,Sholapur,FAQ,Pandharpur,3900,100,1500.0,Maharashtra,Red
2010-12-25,Onion,23,Nashik,FAQ,Yeola,3000,500,1500.0,Maharashtra,Red
2010-12-25,Onion,23,Nagpur,FAQ,Nagpur,3000,2000,2500.0,Maharashtra,Red
2010-12-25,Onion,23,Thane,FAQ,Palghar,1200,1200,1200.0,Maharashtra,Other
2010-12-25,Onion,23,Thane,FAQ,Kalyan,5000,1200,3100.0,Maharashtra,Other
2010-12-26,Onion,23,Nagpur,FAQ,Nagpur,3000,2000,2500.0,Maharashtra,Red
2010-12-26,Onion,23,Pune,FAQ,Indapur,3200,450,2700.0,Maharashtra,Other
2010-12-27,Onion,23,Ahmednagar,FAQ,Ahmednagar,6500,1000,3750.0,Maharashtra,Other
2010-12-27,Onion,23,Pune,FAQ,Pune,5500,2000,3750.0,Maharashtra,Other
2010-12-27,Onion,23,Nashik,FAQ,Pimpalgaon,3822,1000,2111.0,Maharashtra,Other
2010-12-27,Onion,23,Nashik,FAQ,Nasik,3200,900,2700.0,Maharashtra,Other
2010-12-27,Onion,23,Sholapur,FAQ,Kurdwadi,4500,200,2400.0,Maharashtra,Other
2010-12-27,Onion,23,Nashik,FAQ,Lasalgaon(Niphad),3501,700,2250.0,Maharashtra,Red
2010-12-27,Onion,23,Satara,FAQ,Lonand,5000,1000,3500.0,Maharashtra,Other
2010-12-27,Onion,23,Nashik,FAQ,Devala,4401,500,3200.0,Maharashtra,Red
2010-12-28,Onion,23,Nashik,FAQ,Sinner,3300,500,2000.0,Maharashtra,Other
2010-12-28,Onion,23,Dharashiv(Usmanabad),FAQ,Dharashiv,2700,1125,1913.0,Maharashtra,Other
2010-12-28,Onion,23,Nashik,FAQ,Lasalgaon,4201,500,2401.0,Maharashtra,Red
2010-12-28,Onion,23,Nashik,FAQ,Nasik,3500,971,2800.0,Maharashtra,Other
2010-12-28,Onion,23,Dharashiv(Usmanabad),FAQ,Dharashiv,575,575,575.0,Maharashtra,Red
2010-12-28,Onion,23,Dhule,FAQ,Dhule,4000,400,3000.0,Maharashtra,Red
2010-12-28,Onion,23,Ahmednagar,FAQ,Sangamner,5100,200,2651.0,Maharashtra,Other
2010-12-28,Onion,23,Pune,FAQ,Pune(Khadiki),3500,800,2150.0,Maharashtra,Other
2010-12-29,Onion,23,Nashik,FAQ,Manmad,3000,700,2000.0,Maharashtra,Red
2010-12-29,Onion,23,Pune,FAQ,Pune(Khadiki),3500,1000,2250.0,Maharashtra,Other
2010-12-29,Onion,23,Nashik,FAQ,Satana,4500,1000,3100.0,Maharashtra,Red
2010-12-29,Onion,23,Dhule,FAQ,Shirpur,3300,400,2850.0,Maharashtra,Red
2010-12-29,Onion,23,Sholapur,FAQ,Solapur,6300,100,1350.0,Maharashtra,Other
2010-12-29,Onion,23,Dhule,FAQ,Dhule,3350,900,2750.0,Maharashtra,Other
2010-12-29,Onion,23,Pune,FAQ,Pune,5500,2000,3750.0,Maharashtra,Other
2010-12-29,Onion,23,Nashik,FAQ,Dindori(Vani),4600,1000,3300.0,Maharashtra,Other
2010-12-30,Onion,23,Nashik,FAQ,Lasalgaon,5000,325,2901.0,Maharashtra,Other
2010-12-30,Onion,23,Nashik,FAQ,Satana,4500,1000,3000.0,Maharashtra,Red
2010-12-30,Onion,23,Pune,FAQ,Pune(Khadiki),3000,1200,2100.0,Maharashtra,Other
2010-12-30,Onion,23,Satara,FAQ,Satara,4000,1000,2500.0,Maharashtra,Other
2010-12-30,Onion,23,Dhule,FAQ,Dhule,3350,700,2870.0,Maharashtra,Other
2010-12-30,Onion,23,Nashik,FAQ,Chandvad,4242,500,2700.0,Maharashtra,Other
2010-12-30,Onion,23,Dhule,FAQ,Sakri,2525,725,1500.0,Maharashtra,Red
2010-12-30,Onion,23,Nashik,FAQ,Pimpalgaon,4100,1100,2400.0,Maharashtra,Other
2010-12-31,Onion,23,Sholapur,FAQ,Solapur,6500,200,1600.0,Maharashtra,Other
2010-12-31,Onion,23,Sholapur,FAQ,Barshi,6300,500,1900.0,Maharashtra,Other
2010-12-31,Onion,23,Nashik,FAQ,Manmad,4000,615,2600.0,Maharashtra,Red
2015-01-01,Onion,23,Nashik,FAQ,Manmad,1398,600,1230.0,Maharashtra,Red
2015-01-01,Onion,23,Buldhana,FAQ,Malkapur,1475,800,1200.0,Maharashtra,Other
2015-01-01,Onion,23,Nashik,FAQ,Pimpalgaon,1588,500,1200.0,Maharashtra,Other
2015-01-02,Onion,23,Chandrapur,FAQ,Chandrapur(Ganjwad),2000,800,1400.0,Maharashtra,Other
2015-01-02,Onion,23,Nashik,FAQ,Sinner,1700,100,1300.0,Maharashtra,Other
2015-01-02,Onion,23,Ahmednagar,FAQ,Rahuri,1400,200,800.0,Maharashtra,Other
2015-01-02,Onion,23,Ahmednagar,FAQ,Shrirampur,1400,300,1100.0,Maharashtra,Other
2015-01-03,Onion,23,Chandrapur,FAQ,Chandrapur(Ganjwad),2000,800,1400.0,Maharashtra,Other
2015-01-03,Onion,23,Nashik,FAQ,Yeola,1450,300,1175.0,Maharashtra,Red
2015-01-03,Onion,23,Pune,FAQ,Baramati,1700,300,1100.0,Maharashtra,Red
2015-01-04,Onion,23,Chattrapati Sambhajinagar,FAQ,Lasur Station,1525,150,700.0,Maharashtra,Other
2015-01-05,Onion,23,Ahmednagar,FAQ,Rahuri(Vambori),1800,200,1200.0,Maharashtra,Other
2015-01-05,Onion,23,Chattrapati Sambhajinagar,FAQ,Chattrapati Sambhajinagar,1500,600,1050.0,Maharashtra,Other
2015-01-06,Onion,23,Nashik,FAQ,Pimpalgaon,1602,500,1170.0,Maharashtra,Other
2015-01-06,Onion,23,Dhule,FAQ,Dhule,1200,300,1050.0,Maharashtra,Other
2015-01-07,Onion,23,Nashik,FAQ,Nasik,1625,200,1350.0,Maharashtra,Other
2015-01-08,Onion,23,Chattrapati Sambhajinagar,FAQ,Vaijpur,1600,200,1075.0,Maharashtra,Red
2015-01-08,Onion,23,Nashik,FAQ,Nasik,1425,200,1250.0,Maharashtra,Other
2015-01-09,Onion,23,Buldhana,FAQ,Malkapur,1025,425,700.0,Maharashtra,Other
2015-01-10,Onion,23,Dhule,FAQ,Dhule,1300,300,1000.0,Maharashtra,Other
2015-01-10,Onion,23,Nashik,FAQ,Malegaon,1350,400,1025.0,Maharashtra,Red
2015-01-11,Onion,23,Ahmednagar,FAQ,Parner,1750,500,1125.0,Maharashtra,Red
2015-01-11,Onion,23,Ahmednagar,FAQ,Rahuri,1600,100,800.0,Maharashtra,Other
2015-01-11,Onion,23,Ahmednagar,FAQ,Sangamner,1711,500,1105.0,Maharashtra,Red
2015-01-12,Onion,23,Dhule,FAQ,Dhule,1250,100,950.0,Maharashtra,Red
2015-01-13,Onion,23,Dhule,FAQ,Dhule,1200,100,900.0,Maharashtra,Red
2015-01-13,Onion,23,Dhule,FAQ,Dhule,1000,200,800.0,Maharashtra,Other
2015-01-14,Onion,23,Chattrapati Sambhajinagar,FAQ,Chattrapati Sambhajinagar,1300,500,900.0,Maharashtra,Other
2015-01-15,Onion,23,Ahmednagar,FAQ,Rahuri(Vambori),1800,100,1200.0,Maharashtra,Other
2015-01-15,Onion,23,Dhule,FAQ,Dhule,1330,200,1000.0,Maharashtra,Other
2015-01-19,Onion,23,Chattrapati Sambhajinagar,FAQ,Vaijpur,1600,200,1000.0,Maharashtra,Red
2015-01-20,Onion,23,Dhule,FAQ,Dhule,1300,100,1080.0,Maharashtra,Red
2015-01-20,Onion,23,Ahmednagar,FAQ,Rahata,1800,300,1050.0,Maharashtra,Other
2015-01-21,Onion,23,Nashik,FAQ,Yeola,1384,400,1175.0,Maharashtra,Red
2015-01-21,Onion,23,Nashik,FAQ,Manmad,1410,499,1250.0,Maharashtra,Red
2015-01-22,Onion,23,Nashik,FAQ,Yeola,1249,350,1100.0,Maharashtra,Red
2015-01-22,Onion,23,Dhule,FAQ,Dhule,1305,100,1020.0,Maharashtra,Red
2015-01-22,Onion,23,Nashik,FAQ,Pimpalgaon,1575,550,1201.0,Maharashtra,Other
2015-01-22,Onion,23,Nashik,FAQ,Manmad,1469,500,1230.0,Maharashtra,Red
2015-01-23,Onion,23,Nashik,FAQ,Manmad,1436,300,1250.0,Maharashtra,Red
2015-01-23,Onion,23,Nashik,FAQ,Pimpalgaon,1503,500,1211.0,Maharashtra,Other
2015-01-23,Onion,23,Pune,FAQ,Indapur,1400,250,1175.0,Maharashtra,Other
2015-01-23,Onion,23,Dhule,FAQ,Dhule,1350,100,1080.0,Maharashtra,Red
2015-01-23,Onion,23,Dharashiv(Usmanabad),FAQ,Dharashiv,1500,800,1150.0,Maharashtra,Red
2015-01-23,Onion,23,Nashik,FAQ,Yeola,1316,400,1150.0,Maharashtra,Red
2015-01-23,Onion,23,Dhule,FAQ,Dhule,1200,100,900.0,Maharashtra,Other
2015-01-24,Onion,23,Nashik,FAQ,Pimpalgaon Baswant(Saykheda),1377,400,1050.0,Maharashtra,Red
2015-01-24,Onion,23,Chandrapur,FAQ,Chandrapur(Ganjwad),1400,1000,1200.0,Maharashtra,Other
2015-01-24,Onion,23,Ahmednagar,FAQ,Rahuri(Vambori),1800,100,1100.0,Maharashtra,Other
2015-01-24,Onion,23,Dharashiv(Usmanabad),FAQ,Dharashiv,1000,900,950.0,Maharashtra,Red
2015-01-25,Onion,23,Ahmednagar,FAQ,Shrirampur,1625,200,1150.0,Maharashtra,Other
2015-01-25,Onion,23,Pune,FAQ,Junnar,1600,1000,1300.0,Maharashtra,Other
2015-01-27,Onion,23,Amarawati,FAQ,Amarawati,1100,800,1050.0,Maharashtra,Red
2015-01-27,Onion,23,Ahmednagar,FAQ,Pathardi,1500,150,800.0,Maharashtra,Red
2015-01-28,Onion,23,Nashik,FAQ,Chandvad,1460,150,1250.0,Maharashtra,Red
2015-01-28,Onion,23,Chandrapur,FAQ,Chandrapur(Ganjwad),1500,1000,1200.0,Maharashtra,Other
2015-01-28,Onion,23,Nashik,FAQ,Sinner,1661,200,1250.0,Maharashtra,Other
2015-01-29,Onion,23,Nashik,FAQ,Pimpalgaon,1517,500,1300.0,Maharashtra,Other
2015-01-30,Onion,23,Nashik,FAQ,Yeola,1525,400,1415.0,Maharashtra,Red
2015-01-30,Onion,23,Ahmednagar,FAQ,Rahata,1900,400,1350.0,Maharashtra,Other
2015-01-31,Onion,23,Chattrapati Sambhajinagar,FAQ,Chattrapati Sambhajinagar,1400,500,950.0,Maharashtra,Other
2015-01-31,Onion,23,Chandrapur,FAQ,Chandrapur(Ganjwad),1600,1000,1400.0,Maharashtra,Other
2015-01-31,Onion,23,Nashik,FAQ,Chandvad,1350,100,1200.0,Maharashtra,Red
2015-01-31,Onion,23,Amarawati,FAQ,Amarawati,1400,1200,1350.0,Maharashtra,Other
2015-02-01,Onion,23,Chattrapati Sambhajinagar,FAQ,Chattrapati Sambhajinagar,1300,500,900.0,Maharashtra,Other
2015-02-01,Onion,23,Chattrapati Sambhajinagar,FAQ,Lasur Station,1705,200,1100.0,Maharashtra,Other
2015-02-02,Onion,23,Dhule,FAQ,Dhule,1500,400,1200.0,Maharashtra,Other
2015-02-02,Onion,23,Chattrapati Sambhajinagar,FAQ,Vaijpur,2100,400,1350.0,Maharashtra,Red
2015-02-02,Onion,23,Nashik,FAQ,Lasalgaon(Niphad),1626,540,1500.0,Maharashtra,Red
2015-02-02,Onion,23,Nashik,FAQ,Nasik,1800,500,1500.0,Maharashtra,Other
2015-02-02,Onion,23,Ahmednagar,FAQ,Newasa(Ghodegaon),2200,300,1700.0,Maharashtra,Red
2015-02-03,Onion,23,Nashik,FAQ,Nasik,1751,600,1500.0,Maharashtra,Other
2015-02-03,Onion,23,Nashik,FAQ,Manmad,1561,400,1440.0,Maharashtra,Red
2015-02-03,Onion,23,Nashik,FAQ,Pimpalgaon,1688,600,1411.0,Maharashtra,Other
2015-02-03,Onion,23,Nashik,FAQ,Malegaon,1645,650,1325.0,Maharashtra,Red
2015-02-03,Onion,23,Amarawati,FAQ,Amarawati,1500,1200,1480.0,Maharashtra,Other
2015-02-03,Onion,23,Ahmednagar,FAQ,Sangamner,2261,500,1380.0,Maharashtra,Red
2015-02-04,Onion,23,Nashik,FAQ,Yeola,1662,500,1525.0,Maharashtra,Red
2015-02-04,Onion,23,Nashik,FAQ,Sinner,2151,300,1450.0,Maharashtra,Other
2015-02-04,Onion,23,Ahmednagar,FAQ,Parner,2100,700,1400.0,Maharashtra,Red
2015-02-05,Onion,23,Nashik,FAQ,Chandvad,1579,200,1400.0,Maharashtra,Red
2015-02-05,Onion,23,Nashik,FAQ,Sinner,1670,200,1350.0,Maharashtra,Other
2015-02-06,Onion,23,Nashik,FAQ,Pimpalgaon Baswant(Saykheda),1701,400,1350.0,Maharashtra,Red
2015-02-06,Onion,23,Ahmednagar,FAQ,Parner,2000,700,1350.0,Maharashtra,Red
2015-02-06,Onion,23,Nashik,FAQ,Sinner,1851,200,1400.0,Maharashtra,Other
2015-02-07,Onion,23,Chandrapur,FAQ,Chandrapur(Ganjwad),1600,1000,1300.0,Maharashtra,Other
2015-02-07,Onion,23,Amarawati,FAQ,Amarawati,1600,1300,1590.0,Maharashtra,Other
2015-02-07,Onion,23,Ahmednagar,FAQ,Newasa(Ghodegaon),2000,300,1600.0,Maharashtra,Red
2015-02-07,Onion,23,Nashik,FAQ,Chandvad,1589,100,1400.0,Maharashtra,Red
2015-02-07,Onion,23,Chattrapati Sambhajinagar,FAQ,Chattrapati Sambhajinagar,1600,500,1050.0,Maharashtra,Other
2015-02-08,Onion,23,Chattrapati Sambhajinagar,FAQ,Lasur Station,1700,250,1150.0,Maharashtra,Other
2015-02-08,Onion,23,Pune,FAQ,Junnar,1600,1400,1500.0,Maharashtra,Other
2015-02-09,Onion,23,Nashik,FAQ,Sinner,1751,200,1400.0,Maharashtra,Other
2015-02-09,Onion,23,Nashik,FAQ,Pimpalgaon Baswant(Saykheda),1495,400,1100.0,Maharashtra,Red
2015-02-10,Onion,23,Ahmednagar,FAQ,Pathardi,1700,100,1000.0,Maharashtra,Red
2015-02-10,Onion,23,Ahmednagar,FAQ,Rahata,2000,450,1450.0,Maharashtra,Other
2015-02-10,Onion,23,Chattrapati Sambhajinagar,FAQ,Chattrapati Sambhajinagar,1700,600,1150.0,Maharashtra,Other
2015-02-10,Onion,23,Nashik,FAQ,Pimpalgaon Baswant(Saykheda),1509,500,1200.0,Maharashtra,Red
2015-02-11,Onion,23,Nashik,FAQ,Pimpalgaon Baswant(Saykheda),1621,700,1425.0,Maharashtra,Red
2015-02-11,Onion,23,Dhule,FAQ,Dhule,1530,500,1250.0,Maharashtra,Other
2015-02-13,Onion,23,Amarawati,FAQ,Amarawati,1500,1000,1460.0,Maharashtra,Other
2015-02-13,Onion,23,Nashik,FAQ,Pimpalgaon,1685,600,1321.0,Maharashtra,Other
2015-02-14,Onion,23,Nashik,FAQ,Lasalgaon(Niphad),1584,700,1480.0,Maharashtra,Red
2015-02-14,Onion,23,Nashik,FAQ,Yeola,1611,500,1475.0,Maharashtra,Red
2015-02-14,Onion,23,Ahmednagar,FAQ,Newasa(Ghodegaon),2000,300,1600.0,Maharashtra,Red
2015-02-15,Onion,23,Chattrapati Sambhajinagar,FAQ,Lasur Station,1850,300,1200.0,Maharashtra,Other
2015-02-15,Onion,23,Chattrapati Sambhajinagar,FAQ,Chattrapati Sambhajinagar,1700,500,1100.0,Maharashtra,Other
2015-02-15,Onion,23,Ahmednagar,FAQ,Parner,1800,700,1250.0,Maharashtra,Red
2015-02-16,Onion,23,Nashik,FAQ,Lasalgaon(Niphad),1551,700,1450.0,Maharashtra,Red
2015-02-16,Onion,23,Amarawati,FAQ,Amarawati,1600,1000,1590.0,Maharashtra,Other
2015-02-16,Onion,23,Nashik,FAQ,Pimpalgaon,1680,700,1551.0,Maharashtra,Other
2015-02-18,Onion,23,Dhule,FAQ,Dhule,1500,500,1300.0,Maharashtra,Other
2015-02-18,Onion,23,Amarawati,FAQ,Amarawati,1400,1200,1350.0,Maharashtra,Red
2015-02-21,Onion,23,Nashik,FAQ,Yeola,1430,500,1250.0,Maharashtra,Red
2015-02-22,Onion,23,Chattrapati Sambhajinagar,FAQ,Chattrapati Sambhajinagar,1600,700,1150.0,Maharashtra,Other
2015-02-23,Onion,23,Nashik,FAQ,Lasalgaon(Niphad),1380,600,1175.0,Maharashtra,Red
2015-02-23,Onion,23,Chandrapur,FAQ,Chandrapur(Ganjwad),1500,1000,1200.0,Maharashtra,Other
2015-02-23,Onion,23,Nashik,FAQ,Pimpalgaon,1501,800,1311.0,Maharashtra,Other
2015-02-23,Onion,23,Chattrapati Sambhajinagar,FAQ,Chattrapati Sambhajinagar,1500,800,1150.0,Maharashtra,Other
2015-02-24,Onion,23,Nashik,FAQ,Malegaon,1381,400,1250.0,Maharashtra,Red
2015-02-25,Onion,23,Nashik,FAQ,Chandvad,1476,500,1300.0,Maharashtra,Red
2015-02-25,Onion,23,Pune,FAQ,Indapur,1705,605,1550.0,Maharashtra,Other
2015-02-25,Onion,23,Ahmednagar,FAQ,Shrirampur,1700,300,1350.0,Maharashtra,Other
2015-02-26,Onion,23,Chattrapati Sambhajinagar,FAQ,Vaijpur,1800,400,1250.0,Maharashtra,Red
2015-02-26,Onion,23,Nashik,FAQ,Lasalgaon(Niphad),1332,551,1125.0,Maharashtra,Red
2015-02-27,Onion,23,Ahmednagar,FAQ,Parner,1510,500,1025.0,Maharashtra,Red
2015-02-28,Onion,23,Ahmednagar,FAQ,Rahuri(Vambori),1600,300,1000.0,Maharashtra,Other
2015-02-28,Onion,23,Nashik,FAQ,Yeola,1330,351,1125.0,Maharashtra,Red
2015-02-28,Onion,23,Nashik,FAQ,Chandvad,1413,151,1100.0,Maharashtra,Red
2015-03-02,Onion,23,Chattrapati Sambhajinagar,FAQ,Chattrapati Sambhajinagar,1500,1000,1250.0,Maharashtra,Other
2015-03-03,Onion,23,Dhule,FAQ,Dhule,1500,500,1300.0,Maharashtra,Other
2015-03-03,Onion,23,Ahmednagar,FAQ,Rahuri,1650,150,900.0,Maharashtra,Other
2015-03-03,Onion,23,Nashik,FAQ,Nasik,1600,400,1400.0,Maharashtra,Other
2015-03-03,Onion,23,Nashik,FAQ,Chandvad,1374,500,1150.0,Maharashtra,Red
2015-03-04,Onion,23,Chattrapati Sambhajinagar,FAQ,Chattrapati Sambhajinagar,1600,900,1250.0,Maharashtra,Other
2015-03-04,Onion,23,Dhule,FAQ,Dhule,1530,200,1205.0,Maharashtra,Red
2015-03-05,Onion,23,Ahmednagar,FAQ,Sangamner,1851,500,1175.0,Maharashtra,Other
2015-03-05,Onion,23,Ahmednagar,FAQ,Rahuri(Vambori),1600,300,1100.0,Maharashtra,Other
2015-03-06,Onion,23,Ahmednagar,FAQ,Parner,1600,500,1050.0,Maharashtra,Other
2015-03-07,Onion,23,Dhule,FAQ,Dhule,1425,300,1100.0,Maharashtra,Other
2015-03-07,Onion,23,Dhule,FAQ,Dhule,1530,200,1205.0,Maharashtra,Red
2015-03-07,Onion,23,Amarawati,FAQ,Amarawati,1800,1500,1750.0,Maharashtra,Other
2015-03-08,Onion,23,Pune,FAQ,Junnar,1500,600,1000.0,Maharashtra,Other
2015-03-09,Onion,23,Amarawati,FAQ,Amarawati,1600,1400,1550.0,Maharashtra,Red
2015-03-09,Onion,23,Chattrapati Sambhajinagar,FAQ,Vaijpur,1525,400,1150.0,Maharashtra,Red
2015-03-09,Onion,23,Amarawati,FAQ,Amarawati,1800,1500,1750.0,Maharashtra,Other
2015-03-09,Onion,23,Chattrapati Sambhajinagar,FAQ,Chattrapati Sambhajinagar,1600,800,1200.0,Maharashtra,Other
2015-03-10,Onion,23,Nashik,FAQ,Pimpalgaon Baswant(Saykheda),1477,500,1200.0,Maharashtra,Red
2015-03-10,Onion,23,Nashik,FAQ,Devala,1439,651,1350.0,Maharashtra,Other
2015-03-11,Onion,23,Nashik,FAQ,Sinner,1600,200,1300.0,Maharashtra,Other
2015-03-11,Onion,23,Dhule,FAQ,Dhule,1600,300,1325.0,Maharashtra,Red
2015-03-12,Onion,23,Chattrapati Sambhajinagar,FAQ,Chattrapati Sambhajinagar,1500,500,1000.0,Maharashtra,Other
2015-03-12,Onion,23,Nashik,FAQ,Yeola,1425,351,1325.0,Maharashtra,Red
2015-03-12,Onion,23,Chattrapati Sambhajinagar,FAQ,Vaijpur,1600,400,1250.0,Maharashtra,Red
2015-03-12,Onion,23,Nashik,FAQ,Chandvad,1485,400,1250.0,Maharashtra,Red
2015-03-13,Onion,23,Dhule,FAQ,Dhule,1435,500,1250.0,Maharashtra,Other
2015-03-13,Onion,23,Nashik,FAQ,Malegaon,1375,600,1140.0,Maharashtra,Red
2015-03-13,Onion,23,Nashik,FAQ,Satana,1455,850,1050.0,Maharashtra,Red
2015-03-13,Onion,23,Ahmednagar,FAQ,Shrirampur,1700,200,1300.0,Maharashtra,Other
2015-03-13,Onion,23,Ahmednagar,FAQ,Rahata,1700,500,1250.0,Maharashtra,Other
2015-03-14,Onion,23,Nashik,FAQ,Chandvad,1499,200,1280.0,Maharashtra,Red
2015-03-14,Onion,23,Chattrapati Sambhajinagar,FAQ,Chattrapati Sambhajinagar,1400,600,1000.0,Maharashtra,Other
2015-03-15,Onion,23,Ahmednagar,FAQ,Parner,1630,500,1065.0,Maharashtra,Red
2015-03-15,Onion,23,Ahmednagar,FAQ,Sangamner,1701,500,1101.0,Maharashtra,Other
2015-03-15,Onion,23,Ahmednagar,FAQ,Rahata,1630,500,1250.0,Maharashtra,Other
2015-03-15,Onion,23,Pune,FAQ,Junnar,1500,1000,1200.0,Maharashtra,Other
2015-03-16,Onion,23,Chattrapati Sambhajinagar,FAQ,Vaijpur,1600,400,1250.0,Maharashtra,Red
2015-03-17,Onion,23,Ahmednagar,FAQ,Sangamner,1701,500,1100.0,Maharashtra,Other
2015-03-17,Onion,23,Nashik,FAQ,Pimpalgaon Baswant(Saykheda),1367,500,1075.0,Maharashtra,Red
2015-03-17,Onion,23,Nashik,FAQ,Pimpalgaon,1499,500,1201.0,Maharashtra,Other
2015-03-18,Onion,23,Nashik,FAQ,Yeola,1286,300,1125.0,Maharashtra,Red
2015-03-18,Onion,23,Chandrapur,FAQ,Chandrapur(Ganjwad),1500,850,1200.0,Maharashtra,Other
2015-03-18,Onion,23,Nashik,FAQ,Pimpalgaon Baswant(Saykheda),1336,500,950.0,Maharashtra,Red
2015-03-19,Onion,23,Ahmednagar,FAQ,Sangamner,1200,500,750.0,Maharashtra,Other
2015-03-19,Onion,23,Nashik,FAQ,Manmad,1286,455,1100.0,Maharashtra,Red
2015-03-20,Onion,23,Pune,FAQ,Indapur,1250,200,1050.0,Maharashtra,Other
2015-03-22,Onion,23,Ahmednagar,FAQ,Parner,1200,500,850.0,Maharashtra,Red
2015-03-23,Onion,23,Nashik,FAQ,Pimpalgaon Baswant(Saykheda),1000,500,600.0,Maharashtra,Red
2015-03-23,Onion,23,Nashik,FAQ,Manmad,1049,230,825.0,Maharashtra,Red
2015-03-23,Onion,23,Nashik,FAQ,Sinner,1155,100,800.0,Maharashtra,Other
2015-03-24,Onion,23,Nashik,FAQ,Sinner,1025,200,850.0,Maharashtra,Other
2015-03-24,Onion,23,Ahmednagar,FAQ,Pathardi,1000,100,600.0,Maharashtra,Red
2015-03-24,Onion,23,Chandrapur,FAQ,Chandrapur(Ganjwad),1400,1200,1300.0,Maharashtra,Other
2015-03-25,Onion,23,Nashik,FAQ,Pimpalgaon Baswant(Saykheda),1200,500,800.0,Maharashtra,Red
2015-03-26,Onion,23,Nashik,FAQ,Chandvad,1230,200,900.0,Maharashtra,Red
2015-03-27,Onion,23,Nashik,FAQ,Sinner,1305,200,1050.0,Maharashtra,Other
2015-03-27,Onion,23,Ahmednagar,FAQ,Rahuri,1300,100,700.0,Maharashtra,Other
2015-03-29,Onion,23,Chattrapati Sambhajinagar,FAQ,Lasur Station,1200,200,700.0,Maharashtra,Other
2015-04-01,Onion,23,Nashik,FAQ,Sinner,1351,100,800.0,Maharashtra,Other
2015-04-05,Onion,23,Pune,FAQ,Indapur,1150,100,800.0,Maharashtra,Other
2015-04-06,Onion,23,Chattrapati Sambhajinagar,FAQ,Chattrapati Sambhajinagar,1000,600,800.0,Maharashtra,Other
2015-04-06,Onion,23,Nashik,FAQ,Manmad,1234,300,1081.0,Maharashtra,Red
2015-04-06,Onion,23,Nashik,FAQ,Devala,1200,475,1050.0,Maharashtra,Other
2015-04-07,Onion,23,Nashik,FAQ,Devala,1275,500,1100.0,Maharashtra,Other
2015-04-07,Onion,23,Nashik,FAQ,Chandvad,1301,200,1000.0,Maharashtra,Red
2015-04-07,Onion,23,Nashik,FAQ,Manmad,1379,500,1150.0,Maharashtra,Red
2015-04-08,Onion,23,Nashik,FAQ,Chandvad,1317,200,1000.0,Maharashtra,Other
2015-04-09,Onion,23,Nashik,FAQ,Chandvad,1241,200,1000.0,Maharashtra,Red
2015-04-10,Onion,23,Nashik,FAQ,Yeola,1335,300,1050.0,Maharashtra,Other
2015-04-10,Onion,23,Chattrapati Sambhajinagar,FAQ,Gangapur,1250,450,950.0,Maharashtra,Red
2015-04-10,Onion,23,Nashik,FAQ,Pimpalgaon Baswant(Saykheda),1253,400,800.0,Maharashtra,Other
2015-04-10,Onion,23,Nashik,FAQ,Manmad,1341,500,1095.0,Maharashtra,Other
2015-04-11,Onion,23,Nashik,FAQ,Yeola,1322,300,1050.0,Maharashtra,Other
2015-04-12,Onion,23,Ahmednagar,FAQ,Parner,1400,500,950.0,Maharashtra,Other
2015-04-12,Onion,23,Pune,FAQ,Junnar,1350,1000,1250.0,Maharashtra,Other
2015-04-12,Onion,23,Ahmednagar,FAQ,Sangamner,1451,300,876.0,Maharashtra,Other
2015-04-13,Onion,23,Nashik,FAQ,Manmad,915,200,820.0,Maharashtra,Red
2015-04-13,Onion,23,Nashik,FAQ,Sinner,1360,100,850.0,Maharashtra,Other
2015-04-13,Onion,23,Nashik,FAQ,Malegaon,1109,425,1030.0,Maharashtra,Other
2015-04-13,Onion,23,Ahmednagar,FAQ,Rahuri(Vambori),1500,100,800.0,Maharashtra,Other
2015-04-14,Onion,23,Chattrapati Sambhajinagar,FAQ,Gangapur,1250,450,950.0,Maharashtra,Red
2015-04-15,Onion,23,Ahmednagar,FAQ,Shrirampur,1450,200,1050.0,Maharashtra,Other
2015-04-15,Onion,23,Nashik,FAQ,Chandvad,1422,500,1100.0,Maharashtra,Other
2015-04-16,Onion,23,Nashik,FAQ,Manmad,1041,300,880.0,Maharashtra,Red
2015-04-16,Onion,23,Nashik,FAQ,Pimpalgaon,1521,400,951.0,Maharashtra,Other
2015-04-16,Onion,23,Chattrapati Sambhajinagar,FAQ,Chattrapati Sambhajinagar,1000,600,800.0,Maharashtra,Other
2015-04-16,Onion,23,Nashik,FAQ,Chandvad,1262,400,1020.0,Maharashtra,Other
2015-04-17,Onion,23,Dhule,FAQ,Dhule,1300,500,1100.0,Maharashtra,Other
2015-04-17,Onion,23,Ahmednagar,FAQ,Rahata,1500,200,950.0,Maharashtra,Other
2015-04-18,Onion,23,Chattrapati Sambhajinagar,FAQ,Chattrapati Sambhajinagar,1200,500,850.0,Maharashtra,Other
2015-04-19,Onion,23,Chattrapati Sambhajinagar,FAQ,Lasur Station,1235,200,700.0,Maharashtra,Other
2015-04-19,Onion,23,Ahmednagar,FAQ,Sangamner,1411,300,855.0,Maharashtra,Other
2015-04-19,Onion,23,Ahmednagar,FAQ,Parner,1410,500,955.0,Maharashtra,Other
2015-04-19,Onion,23,Ahmednagar,FAQ,Shrirampur,1400,200,1050.0,Maharashtra,Other
2015-04-20,Onion,23,Nashik,FAQ,Sinner,1150,100,850.0,Maharashtra,Other
2015-04-20,Onion,23,Nashik,FAQ,Pimpalgaon,1565,501,1011.0,Maharashtra,Other
2015-04-20,Onion,23,Nashik,FAQ,Yeola,1281,300,1025.0,Maharashtra,Other
2015-04-20,Onion,23,Nashik,FAQ,Malegaon,1200,400,950.0,Maharashtra,Other
2015-04-21,Onion,23,Ahmednagar,FAQ,Sangamner,1401,300,850.0,Maharashtra,Other
2015-04-22,Onion,23,Dhule,FAQ,Dhule,1100,500,950.0,Maharashtra,Other
2015-04-22,Onion,23,Pune,FAQ,Baramati,1400,400,1150.0,Maharashtra,Red
2015-04-22,Onion,23,Pune,FAQ,Indapur,1000,200,800.0,Maharashtra,Other
2015-04-22,Onion,23,Nashik,FAQ,Yeola,1202,470,950.0,Maharashtra,Other
2015-04-23,Onion,23,Chattrapati Sambhajinagar,FAQ,Vaijpur,1300,200,850.0,Maharashtra,Other
2015-04-23,Onion,23,Nashik,FAQ,Malegaon,1301,700,1050.0,Maharashtra,Other
2015-04-23,Onion,23,Dhule,FAQ,Dhule,1200,500,950.0,Maharashtra,Other
2015-04-23,Onion,23,Nashik,FAQ,Devala,1224,650,1000.0,Maharashtra,Other
2015-04-24,Onion,23,Nashik,FAQ,Pimpalgaon Baswant(Saykheda),1197,300,750.0,Maharashtra,Other
2015-04-25,Onion,23,Ahmednagar,FAQ,Rahuri(Vambori),1500,100,1000.0,Maharashtra,Other
2015-04-27,Onion,23,Chattrapati Sambhajinagar,FAQ,Vaijpur,1200,200,710.0,Maharashtra,Red
2015-04-28,Onion,23,Ahmednagar,FAQ,Rahata,1500,200,950.0,Maharashtra,Other
2015-04-28,Onion,23,Ahmednagar,FAQ,Rahuri,1400,100,700.0,Maharashtra,Other
2015-04-29,Onion,23,Nashik,FAQ,Manmad,1408,290,1100.0,Maharashtra,Other
2015-04-30,Onion,23,Nashik,FAQ,Sinner,1199,100,800.0,Maharashtra,Other
2015-04-30,Onion,23,Buldhana,FAQ,Malkapur,975,450,670.0,Maharashtra,Other
2015-05-01,Onion,23,Chattrapati Sambhajinagar,FAQ,Gangapur,1300,200,900.0,Maharashtra,Other
2015-05-02,Onion,23,Ahmednagar,FAQ,Rahuri(Vambori),1400,100,800.0,Maharashtra,Other
2015-05-02,Onion,23,Chattrapati Sambhajinagar,FAQ,Chattrapati Sambhajinagar,1100,300,700.0,Maharashtra,Other
2015-05-04,Onion,23,Pune,FAQ,Baramati,1521,500,1200.0,Maharashtra,Red
2015-05-04,Onion,23,Nashik,FAQ,Pimpalgaon,1930,600,1251.0,Maharashtra,Other
2015-05-05,Onion,23,Nashik,FAQ,Pimpalgaon,1781,600,1200.0,Maharashtra,Other
2015-05-06,Onion,23,Pune,FAQ,Indapur,1300,200,900.0,Maharashtra,Other
2015-05-06,Onion,23,Chattrapati Sambhajinagar,FAQ,Chattrapati Sambhajinagar,900,300,600.0,Maharashtra,Other
2015-05-08,Onion,23,Dharashiv(Usmanabad),FAQ,Dharashiv,1600,900,1250.0,Maharashtra,Red
2015-05-08,Onion,23,Pune,FAQ,Indapur,1300,200,800.0,Maharashtra,Other
2015-05-08,Onion,23,Dhule,FAQ,Dhule,1200,500,1020.0,Maharashtra,Other
2015-05-08,Onion,23,Nashik,FAQ,Malegaon,1351,350,1025.0,Maharashtra,Red
2015-05-09,Onion,23,Chattrapati Sambhajinagar,FAQ,Chattrapati Sambhajinagar,1500,500,1000.0,Maharashtra,Other
2015-05-09,Onion,23,Pune,FAQ,Baramati,1630,500,1200.0,Maharashtra,Red
2015-05-10,Onion,23,Ahmednagar,FAQ,Rahuri,1600,100,800.0,Maharashtra,Other
2015-05-10,Onion,23,Ahmednagar,FAQ,Shrirampur,1650,100,1150.0,Maharashtra,Other
2015-05-11,Onion,23,Nashik,FAQ,Sinner,1300,200,850.0,Maharashtra,Other
2015-05-11,Onion,23,Nashik,FAQ,Pimpalgaon Baswant(Saykheda),1425,300,800.0,Maharashtra,Other
2015-05-12,Onion,23,Dhule,FAQ,Dhule,1200,400,1050.0,Maharashtra,Other
2015-05-12,Onion,23,Nashik,FAQ,Chandvad,1580,200,1100.0,Maharashtra,Other
2015-05-13,Onion,23,Nashik,FAQ,Pimpalgaon,2000,500,1050.0,Maharashtra,Other
2015-05-14,Onion,23,Dharashiv(Usmanabad),FAQ,Dharashiv,1500,1200,1400.0,Maharashtra,Red
2015-05-15,Onion,23,Ahmednagar,FAQ,Shrirampur,1500,100,1150.0,Maharashtra,Other
2015-05-15,Onion,23,Nashik,FAQ,Manmad,1488,500,1050.0,Maharashtra,Other
2015-05-15,Onion,23,Nashik,FAQ,Pimpalgaon Baswant(Saykheda),1481,300,850.0,Maharashtra,Other
2015-05-15,Onion,23,Nashik,FAQ,Sinner,1751,200,950.0,Maharashtra,Other
2015-05-16,Onion,23,Nashik,FAQ,Pimpalgaon,2005,500,1150.0,Maharashtra,Other
2015-05-16,Onion,23,Nashik,FAQ,Chandvad,1575,200,1100.0,Maharashtra,Other
2015-05-19,Onion,23,Ahmednagar,FAQ,Sangamner,2051,500,1125.0,Maharashtra,Other
2015-05-19,Onion,23,Nashik,FAQ,Yeola,1440,300,1050.0,Maharashtra,Other
2015-05-20,Onion,23,Beed,FAQ,Kada,1700,100,1400.0,Maharashtra,Other
2015-05-21,Onion,23,Nashik,FAQ,Pimpalgaon,1911,550,1110.0,Maharashtra,Other
2015-05-21,Onion,23,Chattrapati Sambhajinagar,FAQ,Vaijpur,1650,200,900.0,Maharashtra,Red
2015-05-21,Onion,23,Pune,FAQ,Junnar,2000,1000,1500.0,Maharashtra,Other
2015-05-21,Onion,23,Nashik,FAQ,Yeola,1475,300,1000.0,Maharashtra,Other
2015-05-21,Onion,23,Chattrapati Sambhajinagar,FAQ,Chattrapati Sambhajinagar,1400,300,850.0,Maharashtra,Other
2015-05-21,Onion,23,Nashik,FAQ,Manmad,1496,500,1150.0,Maharashtra,Other
2015-05-22,Onion,23,Ahmednagar,FAQ,Rahuri,1700,100,900.0,Maharashtra,Other
2015-05-22,Onion,23,Nashik,FAQ,Pimpalgaon,1944,500,1105.0,Maharashtra,Other
2015-05-22,Onion,23,Ahmednagar,FAQ,Parner,1800,500,1150.0,Maharashtra,Red
2015-05-22,Onion,23,Nashik,FAQ,Chandvad,1575,200,1100.0,Maharashtra,Other
2015-05-24,Onion,23,Ahmednagar,FAQ,Rahata,2000,400,1350.0,Maharashtra,Other
2015-05-24,Onion,23,Dharashiv(Usmanabad),FAQ,Dharashiv,1700,500,1100.0,Maharashtra,Red
2015-05-24,Onion,23,Ahmednagar,FAQ,Shrirampur,2100,300,1450.0,Maharashtra,Other
2015-05-24,Onion,23,Ahmednagar,FAQ,Sangamner,2000,500,1250.0,Maharashtra,Other
2015-05-25,Onion,23,Nashik,FAQ,Yeola,1695,400,1200.0,Maharashtra,Other
2015-05-26,Onion,23,Nashik,FAQ,Sinner,1270,100,850.0,Maharashtra,Other
2015-05-26,Onion,23,Ahmednagar,FAQ,Sangamner,2000,500,1250.0,Maharashtra,Other
2015-05-26,Onion,23,Ahmednagar,FAQ,Rahuri,1800,200,1000.0,Maharashtra,Other
2015-05-27,Onion,23,Ahmednagar,FAQ,Shrirampur,2100,200,1450.0,Maharashtra,Other
2015-05-27,Onion,23,Nashik,FAQ,Manmad,1700,500,1250.0,Maharashtra,Other
2015-05-27,Onion,23,Nashik,FAQ,Sinner,2100,150,1300.0,Maharashtra,Other
2015-05-28,Onion,23,Pune,FAQ,Junnar,2000,1000,1500.0,Maharashtra,Other
2015-05-29,Onion,23,Nashik,FAQ,Malegaon,1700,555,1275.0,Maharashtra,Other
2015-05-29,Onion,23,Buldhana,FAQ,Malkapur,1530,875,1240.0,Maharashtra,Local
2015-05-29,Onion,23,Chattrapati Sambhajinagar,FAQ,Gangapur,1810,400,1000.0,Maharashtra,Red
2015-05-31,Onion,23,Beed,FAQ,Kada,2500,100,1600.0,Maharashtra,Other
2015-05-31,Onion,23,Ahmednagar,FAQ,Parner,2400,800,1600.0,Maharashtra,Other
2015-05-31,Onion,23,Ahmednagar,FAQ,Shrirampur,2500,300,1750.0,Maharashtra,Other
2015-06-01,Onion,23,Chattrapati Sambhajinagar,FAQ,Chattrapati Sambhajinagar,1600,500,1050.0,Maharashtra,Other
2015-06-01,Onion,23,Nashik,FAQ,Yeola,1951,450,1300.0,Maharashtra,Other
2015-06-02,Onion,23,Nashik,FAQ,Pimpalgaon Baswant(Saykheda),1776,500,1100.0,Maharashtra,Other
2015-06-02,Onion,23,Nashik,FAQ,Chandvad,1800,300,1250.0,Maharashtra,Other
2015-06-02,Onion,23,Ahmednagar,FAQ,Pathardi,1800,200,1000.0,Maharashtra,Red
2015-06-02,Onion,23,Nashik,FAQ,Manmad,1850,500,1275.0,Maharashtra,Other
2015-06-02,Onion,23,Nashik,FAQ,Sinner,1599,515,1200.0,Maharashtra,Other
2015-06-03,Onion,23,Chattrapati Sambhajinagar,FAQ,Chattrapati Sambhajinagar,1600,400,1400.0,Maharashtra,Other
2015-06-04,Onion,23,Pune,FAQ,Junnar,2100,1200,1600.0,Maharashtra,Other
2015-06-04,Onion,23,Buldhana,FAQ,Malkapur,1925,675,1250.0,Maharashtra,Local
2015-06-05,Onion,23,Nashik,FAQ,Pimpalgaon,2232,700,1251.0,Maharashtra,Other
2015-06-05,Onion,23,Nashik,FAQ,Yeola,2001,400,1500.0,Maharashtra,Other
2015-06-05,Onion,23,Chandrapur,FAQ,Chandrapur,1800,1200,1500.0,Maharashtra,Other
2015-06-06,Onion,23,Nashik,FAQ,Pimpalgaon Baswant(Saykheda),1970,700,1200.0,Maharashtra,Other
2015-06-07,Onion,23,Ahmednagar,FAQ,Rahuri,2400,200,1300.0,Maharashtra,Other
2015-06-07,Onion,23,Pune,FAQ,Junnar,2500,1500,2000.0,Maharashtra,Other
2015-06-08,Onion,23,Nashik,FAQ,Pimpalgaon,2326,600,1351.0,Maharashtra,Other
2015-06-08,Onion,23,Nashik,FAQ,Malegaon,1937,560,1437.0,Maharashtra,Other
2015-06-09,Onion,23,Chandrapur,FAQ,Chandrapur(Ganjwad),1800,1200,1400.0,Maharashtra,Other
2015-06-09,Onion,23,Ahmednagar,FAQ,Rahuri,2700,200,1450.0,Maharashtra,Other
2015-06-10,Onion,23,Nashik,FAQ,Malegaon,2001,700,1540.0,Maharashtra,Other
2015-06-11,Onion,23,Nashik,FAQ,Pimpalgaon,2184,900,1400.0,Maharashtra,Other
2015-06-11,Onion,23,Nashik,FAQ,Sinner,1920,200,1400.0,Maharashtra,Other
2015-06-11,Onion,23,Nashik,FAQ,Chandvad,1863,452,1500.0,Maharashtra,Other
2015-06-12,Onion,23,Nashik,FAQ,Pimpalgaon,2131,600,1400.0,Maharashtra,Other
2015-06-12,Onion,23,Nashik,FAQ,Yeola,1911,611,1501.0,Maharashtra,Other
2015-06-13,Onion,23,Nashik,FAQ,Pimpalgaon Baswant(Saykheda),1861,600,1150.0,Maharashtra,Other
2015-06-14,Onion,23,Ahmednagar,FAQ,Pathardi,1433,300,1000.0,Maharashtra,Red
2015-06-15,Onion,23,Nashik,FAQ,Sinner,2151,200,1500.0,Maharashtra,Other
2015-06-15,Onion,23,Nashik,FAQ,Pimpalgaon,2115,700,1201.0,Maharashtra,Other
2015-06-15,Onion,23,Nashik,FAQ,Yeola,2000,700,1500.0,Maharashtra,Other
2015-06-16,Onion,23,Nashik,FAQ,Satana,2180,850,1550.0,Maharashtra,Other
2015-06-16,Onion,23,Ahmednagar,FAQ,Sangamner,2351,500,1425.0,Maharashtra,Other
2015-06-17,Onion,23,Pune,FAQ,Indapur,1800,1000,1600.0,Maharashtra,Other
2015-06-19,Onion,23,Nashik,FAQ,Yeola,1971,660,1550.0,Maharashtra,Other
2015-06-19,Onion,23,Ahmednagar,FAQ,Rahuri,2200,200,1125.0,Maharashtra,Other
2015-06-19,Onion,23,Nashik,FAQ,Pimpalgaon Baswant(Saykheda),2051,600,1200.0,Maharashtra,Other
2015-06-19,Onion,23,Nashik,FAQ,Malegaon,1860,475,1560.0,Maharashtra,Other
2015-06-19,Onion,23,Chandrapur,FAQ,Chandrapur(Ganjwad),1900,1500,1700.0,Maharashtra,Other
2015-06-19,Onion,23,Ahmednagar,FAQ,Parner,2200,800,1650.0,Maharashtra,Other
2015-06-19,Onion,23,Nashik,FAQ,Satana,1990,850,1450.0,Maharashtra,Other
2015-06-21,Onion,23,Ahmednagar,FAQ,Shrirampur,2100,300,1650.0,Maharashtra,Other
2015-06-21,Onion,23,Ahmednagar,FAQ,Rahuri,2200,200,1100.0,Maharashtra,Other
2015-06-21,Onion,23,Pune,FAQ,Indapur,1700,600,1550.0,Maharashtra,Other
2015-06-22,Onion,23,Nashik,FAQ,Yeola,1779,500,1450.0,Maharashtra,Other
2015-06-23,Onion,23,Nashik,FAQ,Satana,1940,825,1425.0,Maharashtra,Other
2015-06-23,Onion,23,Nashik,FAQ,Malegaon,1798,545,1550.0,Maharashtra,Other
2015-06-24,Onion,23,Nashik,FAQ,Pimpalgaon,1952,700,1250.0,Maharashtra,Other
2015-06-25,Onion,23,Ahmednagar,FAQ,Sangamner,2261,500,1381.0,Maharashtra,Other
2015-06-25,Onion,23,Nashik,FAQ,Chandvad,1775,251,1425.0,Maharashtra,Other
2015-06-26,Onion,23,Buldhana,FAQ,Malkapur,1700,900,1575.0,Maharashtra,Local
2015-06-26,Onion,23,Nashik,FAQ,Sinner,2077,200,1400.0,Maharashtra,Other
2015-06-27,Onion,23,Nashik,FAQ,Yeola,1742,600,1425.0,Maharashtra,Other
2015-06-29,Onion,23,Nashik,FAQ,Manmad,1751,400,1440.0,Maharashtra,Other
2015-06-30,Onion,23,Nashik,FAQ,Pimpalgaon Baswant(Saykheda),1726,500,1200.0,Maharashtra,Other
2015-06-30,Onion,23,Nashik,FAQ,Manmad,1775,700,1440.0,Maharashtra,Other
2015-06-30,Onion,23,Chattrapati Sambhajinagar,FAQ,Chattrapati Sambhajinagar,1600,400,1000.0,Maharashtra,Other
2015-07-01,Onion,23,Nashik,FAQ,Satana,1785,750,1375.0,Maharashtra,Other
2015-07-01,Onion,23,Pune,FAQ,Baramati,2100,600,1750.0,Maharashtra,Red
2015-07-02,Onion,23,Nashik,FAQ,Malegaon,1755,425,1475.0,Maharashtra,Other
2015-07-02,Onion,23,Nashik,FAQ,Chandvad,1725,300,1525.0,Maharashtra,Other
2015-07-03,Onion,23,Nashik,FAQ,Yeola,1791,500,1500.0,Maharashtra,Other
2015-07-03,Onion,23,Nashik,FAQ,Sinner,2100,300,1450.0,Maharashtra,Other
2015-07-03,Onion,23,Nashik,FAQ,Manmad,1819,600,1450.0,Maharashtra,Other
2015-07-03,Onion,23,Pune,FAQ,Indapur,1600,500,1000.0,Maharashtra,Other
2015-07-03,Onion,23,Ahmednagar,FAQ,Pathardi,1944,300,1155.0,Maharashtra,Red
2015-07-05,Onion,23,Chattrapati Sambhajinagar,FAQ,Chattrapati Sambhajinagar,1600,800,1200.0,Maharashtra,Other
2015-07-05,Onion,23,Ahmednagar,FAQ,Rahata,2100,500,1200.0,Maharashtra,Other
2015-07-06,Onion,23,Nashik,FAQ,Sinner,2051,200,1450.0,Maharashtra,Other
2015-07-07,Onion,23,Nashik,FAQ,Manmad,1801,561,1501.0,Maharashtra,Other
2015-07-07,Onion,23,Nashik,FAQ,Chandvad,1852,450,1650.0,Maharashtra,Other
2015-07-07,Onion,23,Nashik,FAQ,Yeola,1955,600,1700.0,Maharashtra,Other
2015-07-07,Onion,23,Nashik,FAQ,Pimpalgaon,2122,800,1311.0,Maharashtra,Other
2015-07-07,Onion,23,Nashik,FAQ,Pimpalgaon Baswant(Saykheda),1889,600,1400.0,Maharashtra,Other
2015-07-08,Onion,23,Chandrapur,FAQ,Chandrapur(Ganjwad),1600,1200,1400.0,Maharashtra,Other
2015-07-08,Onion,23,Nashik,FAQ,Satana,1895,850,1475.0,Maharashtra,Other
2015-07-09,Onion,23,Ahmednagar,FAQ,Rahuri(Vambori),2200,500,1500.0,Maharashtra,Other
2015-07-09,Onion,23,Nashik,FAQ,Pimpalgaon,2100,750,1350.0,Maharashtra,Other
2015-07-10,Onion,23,Nashik,FAQ,Sinner,2411,200,1550.0,Maharashtra,Other
2015-07-10,Onion,23,Chattrapati Sambhajinagar,FAQ,Gangapur,2000,500,975.0,Maharashtra,Red
2015-07-11,Onion,23,Pune,FAQ,Baramati,2360,700,2000.0,Maharashtra,Red
2015-07-11,Onion,23,Nashik,FAQ,Chandvad,1992,650,1700.0,Maharashtra,Other
2015-07-13,Onion,23,Nashik,FAQ,Satana,2390,900,1750.0,Maharashtra,Other
2015-07-13,Onion,23,Nashik,FAQ,Pimpalgaon Baswant(Saykheda),2020,700,1500.0,Maharashtra,Other
2015-07-14,Onion,23,Nashik,FAQ,Pimpalgaon,2505,800,1450.0,Maharashtra,Other
2015-07-14,Onion,23,Nashik,FAQ,Chandvad,2175,600,1875.0,Maharashtra,Other
2015-07-14,Onion,23,Ahmednagar,FAQ,Pathardi,2600,400,1700.0,Maharashtra,Red
2015-07-14,Onion,23,Nashik,FAQ,Satana,2350,950,1850.0,Maharashtra,Other
2015-07-15,Onion,23,Nashik,FAQ,Pimpalgaon,2453,800,1500.0,Maharashtra,Other
2015-07-15,Onion,23,Ahmednagar,FAQ,Shrirampur,2550,500,1850.0,Maharashtra,Other
2015-07-15,Onion,23,Ahmednagar,FAQ,Newasa(Ghodegaon),2500,300,1800.0,Maharashtra,Other
2015-07-15,Onion,23,Chattrapati Sambhajinagar,FAQ,Lasur Station,2700,500,1800.0,Maharashtra,Other
2015-07-16,Onion,23,Ahmednagar,FAQ,Sangamner,2551,500,1526.0,Maharashtra,Other
2015-07-17,Onion,23,Nashik,FAQ,Sinner,2611,400,1900.0,Maharashtra,Other
2015-07-17,Onion,23,Nashik,FAQ,Pimpalgaon,2344,800,1451.0,Maharashtra,Other
2015-07-17,Onion,23,Chandrapur,FAQ,Chandrapur(Ganjwad),2000,1500,1800.0,Maharashtra,Other
2015-07-18,Onion,23,Ahmednagar,FAQ,Rahuri(Vambori),2200,500,1500.0,Maharashtra,Other
2015-07-20,Onion,23,Nashik,FAQ,Satana,2525,950,2050.0,Maharashtra,Other
2015-07-20,Onion,23,Chattrapati Sambhajinagar,FAQ,Chattrapati Sambhajinagar,2300,1000,1650.0,Maharashtra,Other
2015-07-21,Onion,23,Chattrapati Sambhajinagar,FAQ,Chattrapati Sambhajinagar,2200,900,1550.0,Maharashtra,Other
2015-07-21,Onion,23,Nashik,FAQ,Yeola,2717,800,2350.0,Maharashtra,Other
2015-07-21,Onion,23,Nashik,FAQ,Manmad,2601,1000,2451.0,Maharashtra,Other
2015-07-22,Onion,23,Nashik,FAQ,Yeola,2911,1400,2700.0,Maharashtra,Other
2015-07-22,Onion,23,Nashik,FAQ,Malegaon,2751,1400,2550.0,Maharashtra,Other
2015-07-23,Onion,23,Nashik,FAQ,Malegaon,2680,900,2375.0,Maharashtra,Other
2015-07-23,Onion,23,Nashik,FAQ,Sinner,2860,500,2600.0,Maharashtra,Other
2015-07-23,Onion,23,Nashik,FAQ,Pimpalgaon,2999,1200,2101.0,Maharashtra,Other
2015-07-23,Onion,23,Ahmednagar,FAQ,Rahuri(Vambori),3000,500,2200.0,Maharashtra,Other
2015-07-23,Onion,23,Chandrapur,FAQ,Chandrapur(Ganjwad),3000,2200,2600.0,Maharashtra,Other
2015-07-24,Onion,23,Ahmednagar,FAQ,Parner,3100,1200,2650.0,Maharashtra,Other
2015-07-24,Onion,23,Ahmednagar,FAQ,Rahata,3500,1050,2450.0,Maharashtra,Other
2015-07-24,Onion,23,Nashik,FAQ,Pimpalgaon Baswant(Saykheda),2676,1500,2350.0,Maharashtra,Other
2015-07-24,Onion,23,Nashik,FAQ,Satana,2830,1150,2350.0,Maharashtra,Other
2015-07-25,Onion,23,Nashik,FAQ,Pimpalgaon Baswant(Saykheda),2851,1500,2400.0,Maharashtra,Other
2015-07-25,Onion,23,Chandrapur,FAQ,Chandrapur(Ganjwad),3200,2600,3000.0,Maharashtra,Other
2015-07-26,Onion,23,Ahmednagar,FAQ,Rahata,3500,1050,2450.0,Maharashtra,Other
2015-07-26,Onion,23,Ahmednagar,FAQ,Parner,3500,1500,2800.0,Maharashtra,Other
2015-07-26,Onion,23,Ahmednagar,FAQ,Rahuri,3240,300,1406.0,Maharashtra,Other
2015-07-26,Onion,23,Ahmednagar,FAQ,Shrirampur,3400,800,2650.0,Maharashtra,Other
2015-07-26,Onion,23,Chattrapati Sambhajinagar,FAQ,Lasur Station,3100,500,2200.0,Maharashtra,Other
2015-07-28,Onion,23,Nashik,FAQ,Manmad,3931,1500,3700.0,Maharashtra,Other
2015-07-28,Onion,23,Nashik,FAQ,Pimpalgaon Baswant(Saykheda),4000,2000,3200.0,Maharashtra,Other
2015-07-28,Onion,23,Nashik,FAQ,Malegaon,3801,1500,3450.0,Maharashtra,Other
2015-07-28,Onion,23,Nashik,FAQ,Sinner,3700,500,3500.0,Maharashtra,Other
2015-07-28,Onion,23,Ahmednagar,FAQ,Rahata,4500,1200,3000.0,Maharashtra,Other
2015-07-28,Onion,23,Ahmednagar,FAQ,Sangamner,4311,1000,2661.0,Maharashtra,Other
2015-07-28,Onion,23,Chandrapur,FAQ,Chandrapur(Ganjwad),3500,2500,3000.0,Maharashtra,Other
2015-07-28,Onion,23,Nashik,FAQ,Chandvad,4100,1080,3350.0,Maharashtra,Other
2015-07-29,Onion,23,Chandrapur,FAQ,Chandrapur(Ganjwad),3500,2500,3000.0,Maharashtra,Other
2015-07-29,Onion,23,Nashik,FAQ,Pimpalgaon Baswant(Saykheda),3651,1500,3200.0,Maharashtra,Other
2015-07-29,Onion,23,Nashik,FAQ,Sinner,4051,500,3500.0,Maharashtra,Other
2015-07-30,Onion,23,Buldhana,FAQ,Malkapur,3360,1800,3000.0,Maharashtra,Local
2015-07-30,Onion,23,Nashik,FAQ,Satana,3475,1850,2850.0,Maharashtra,Other
2015-07-30,Onion,23,Chattrapati Sambhajinagar,FAQ,Chattrapati Sambhajinagar,3500,1000,2250.0,Maharashtra,Other
2015-07-31,Onion,23,Chandrapur,FAQ,Chandrapur(Ganjwad),3500,2500,3000.0,Maharashtra,Other
2015-07-31,Onion,23,Chattrapati Sambhajinagar,FAQ,Gangapur,3350,1000,1550.0,Maharashtra,Red
2015-07-31,Onion,23,Nashik,FAQ,Sinner,3800,1000,3200.0,Maharashtra,Other
2015-07-31,Onion,23,Nashik,FAQ,Satana,3670,1850,3050.0,Maharashtra,Other
2015-08-01,Onion,23,Chattrapati Sambhajinagar,FAQ,Chattrapati Sambhajinagar,3200,1000,2200.0,Maharashtra,Other
2015-08-01,Onion,23,Nashik,FAQ,Pimpalgaon Baswant(Saykheda),3400,1500,2900.0,Maharashtra,Other
2015-08-01,Onion,23,Ahmednagar,FAQ,Rahuri(Vambori),3600,1000,2800.0,Maharashtra,Other
2015-08-02,Onion,23,Chattrapati Sambhajinagar,FAQ,Chattrapati Sambhajinagar,2800,2000,2400.0,Maharashtra,Other
2015-08-02,Onion,23,Nagpur,FAQ,Ramtek,3000,2800,2900.0,Maharashtra,Other
2015-08-04,Onion,23,Ahmednagar,FAQ,Rahuri,4300,500,2410.0,Maharashtra,Other
2015-08-04,Onion,23,Nashik,FAQ,Malegaon,3799,1525,3350.0,Maharashtra,Other
2015-08-04,Onion,23,Nashik,FAQ,Pimpalgaon Baswant(Saykheda),4000,2500,3350.0,Maharashtra,Other
2015-08-04,Onion,23,Nashik,FAQ,Sinner,3861,1500,3500.0,Maharashtra,Other
2015-08-05,Onion,23,Nashik,FAQ,Malegaon,4062,1414,3550.0,Maharashtra,Other
2015-08-05,Onion,23,Nashik,FAQ,Pimpalgaon,4016,1500,3551.0,Maharashtra,Other
2015-08-05,Onion,23,Nashik,FAQ,Yeola,4126,1500,3500.0,Maharashtra,Other
2015-08-05,Onion,23,Pune,FAQ,Baramati,4001,800,3700.0,Maharashtra,Red
2015-08-06,Onion,23,Nashik,FAQ,Satana,3740,1850,3150.0,Maharashtra,Other
2015-08-06,Onion,23,Ahmednagar,FAQ,Rahuri(Vambori),3600,1000,2800.0,Maharashtra,Other
2015-08-07,Onion,23,Nashik,FAQ,Pimpalgaon Baswant(Saykheda),3650,1500,3151.0,Maharashtra,Other
2015-08-08,Onion,23,Ahmednagar,FAQ,Rahuri(Vambori),4000,2000,3300.0,Maharashtra,Other
2015-08-08,Onion,23,Chattrapati Sambhajinagar,FAQ,Chattrapati Sambhajinagar,3600,1500,2550.0,Maharashtra,Other
2015-08-09,Onion,23,Ahmednagar,FAQ,Rahata,4000,1000,3150.0,Maharashtra,Other
2015-08-09,Onion,23,Ahmednagar,FAQ,Rahuri,4120,600,2375.0,Maharashtra,Other
2015-08-09,Onion,23,Nagpur,FAQ,Ramtek,3500,3000,3200.0,Maharashtra,Other
2015-08-10,Onion,23,Nashik,FAQ,Yeola,4018,1401,3300.0,Maharashtra,Other
2015-08-10,Onion,23,Pune,FAQ,Baramati,4300,1950,4000.0,Maharashtra,Red
2015-08-12,Onion,23,Nashik,FAQ,Pimpalgaon Baswant(Saykheda),3838,1500,3250.0,Maharashtra,Other
2015-08-12,Onion,23,Nashik,FAQ,Sinner,4000,400,3200.0,Maharashtra,Other
2015-08-12,Onion,23,Ahmednagar,FAQ,Shrirampur,4100,1200,3250.0,Maharashtra,Other
2015-08-13,Onion,23,Ahmednagar,FAQ,Sangamner,4375,1000,2688.0,Maharashtra,Other
2015-08-13,Onion,23,Nashik,FAQ,Satana,4200,2050,3350.0,Maharashtra,Other
2015-08-13,Onion,23,Nashik,FAQ,Sinner,4003,1000,3400.0,Maharashtra,Other
2015-08-14,Onion,23,Ahmednagar,FAQ,Parner,4575,2500,3800.0,Maharashtra,Other
2015-08-15,Onion,23,Ahmednagar,FAQ,Newasa(Ghodegaon),4500,800,3500.0,Maharashtra,Other
2015-08-16,Onion,23,Nagpur,FAQ,Ramtek,4000,3000,3500.0,Maharashtra,Other
2015-08-17,Onion,23,Nashik,FAQ,Pimpalgaon,4830,2500,4450.0,Maharashtra,Other
2015-08-17,Onion,23,Nashik,FAQ,Satana,4880,2150,3750.0,Maharashtra,Other
2015-08-18,Onion,23,Nashik,FAQ,Sinner,4650,3000,4300.0,Maharashtra,Other
2015-08-19,Onion,23,Nashik,FAQ,Manmad,5142,2000,4400.0,Maharashtra,Other
2015-08-20,Onion,23,Nashik,FAQ,Yeola,5700,1700,4900.0,Maharashtra,Other
2015-08-20,Onion,23,Chattrapati Sambhajinagar,FAQ,Vaijpur,6000,1000,4500.0,Maharashtra,Other
2015-08-20,Onion,23,Nashik,FAQ,Chandvad,5501,2401,5300.0,Maharashtra,Other
2015-08-21,Onion,23,Ahmednagar,FAQ,Pathardi,4600,500,4300.0,Maharashtra,Red
2015-08-21,Onion,23,Nashik,FAQ,Pimpalgaon Baswant(Saykheda),6100,2500,5200.0,Maharashtra,Other
2015-08-21,Onion,23,Ahmednagar,FAQ,Rahata,6500,2500,4900.0,Maharashtra,Other
2015-08-22,Onion,23,Chattrapati Sambhajinagar,FAQ,Chattrapati Sambhajinagar,5300,2000,3650.0,Maharashtra,Other
2015-08-22,Onion,23,Nashik,FAQ,Pimpalgaon Baswant(Saykheda),6151,2500,5200.0,Maharashtra,Other
2015-08-22,Onion,23,Ahmednagar,FAQ,Rahuri(Vambori),6600,2000,5000.0,Maharashtra,Other
2015-08-23,Onion,23,Nagpur,FAQ,Ramtek,4500,3500,4000.0,Maharashtra,Other
2015-08-23,Onion,23,Ahmednagar,FAQ,Parner,7000,3000,5850.0,Maharashtra,Other
2015-08-25,Onion,23,Ahmednagar,FAQ,Rahata,6000,2000,4400.0,Maharashtra,Other
2015-08-26,Onion,23,Ahmednagar,FAQ,Shrirampur,6000,2000,4900.0,Maharashtra,Other
2015-08-26,Onion,23,Chattrapati Sambhajinagar,FAQ,Chattrapati Sambhajinagar,5000,2500,3750.0,Maharashtra,Other
2015-08-26,Onion,23,Ahmednagar,FAQ,Newasa(Ghodegaon),6500,1500,5000.0,Maharashtra,Other
2015-08-27,Onion,23,Chandrapur,FAQ,Chandrapur(Ganjwad),5300,4200,4700.0,Maharashtra,Other
2015-08-28,Onion,23,Nashik,FAQ,Malegaon,6000,1300,4325.0,Maharashtra,Other
2015-08-29,Onion,23,Pune,FAQ,Baramati,6000,1650,5300.0,Maharashtra,Red
2015-08-29,Onion,23,Nagpur,FAQ,Ramtek,4000,3500,3700.0,Maharashtra,Other
2015-08-29,Onion,23,Ahmednagar,FAQ,Newasa(Ghodegaon),6000,1500,4500.0,Maharashtra,Other
2015-08-30,Onion,23,Chattrapati Sambhajinagar,FAQ,Lasur Station,5000,100,4000.0,Maharashtra,Other
2015-08-30,Onion,23,Ahmednagar,FAQ,Rahata,6300,2000,4400.0,Maharashtra,Other
2015-08-31,Onion,23,Nashik,FAQ,Yeola,5726,2100,4450.0,Maharashtra,Other
2015-08-31,Onion,23,Nashik,FAQ,Satana,5370,2475,4750.0,Maharashtra,Other
2015-08-31,Onion,23,Nashik,FAQ,Manmad,5341,2100,4851.0,Maharashtra,Other
2015-08-31,Onion,23,Nashik,FAQ,Pimpalgaon,5460,2600,4701.0,Maharashtra,Other
2015-09-01,Onion,23,Nashik,FAQ,Satana,5300,2400,4750.0,Maharashtra,Other
2015-09-01,Onion,23,Nashik,FAQ,Sinner,4100,1000,4000.0,Maharashtra,Other
2015-09-02,Onion,23,Nashik,FAQ,Manmad,4511,2301,4000.0,Maharashtra,Other
2015-09-02,Onion,23,Nashik,FAQ,Yeola,5326,1600,4300.0,Maharashtra,Other
2015-09-02,Onion,23,Nashik,FAQ,Pimpalgaon,5122,2100,4450.0,Maharashtra,Other
2015-09-02,Onion,23,Pune,FAQ,Baramati,5501,1650,4200.0,Maharashtra,Red
2015-09-02,Onion,23,Nashik,FAQ,Lasalgaon(Niphad),4499,2501,4200.0,Maharashtra,Other
2015-09-02,Onion,23,Chandrapur,FAQ,Chandrapur(Ganjwad),4500,3500,4000.0,Maharashtra,Other
2015-09-02,Onion,23,Nashik,FAQ,Malegaon,4600,1365,3725.0,Maharashtra,Other
2015-09-02,Onion,23,Nashik,FAQ,Satana,5185,2350,4700.0,Maharashtra,Other
2015-09-03,Onion,23,Nagpur,FAQ,Ramtek,3500,3000,3200.0,Maharashtra,Other
2015-09-03,Onion,23,Chattrapati Sambhajinagar,FAQ,Chattrapati Sambhajinagar,4500,2500,3500.0,Maharashtra,Other
2015-09-03,Onion,23,Ahmednagar,FAQ,Sangamner,5151,1500,3326.0,Maharashtra,Other
2015-09-04,Onion,23,Nashik,FAQ,Pimpalgaon,2581,1400,1990.0,Maharashtra,Pole
2015-09-05,Onion,23,Amarawati,FAQ,Amarawati,5100,4000,4120.0,Maharashtra,White
2015-09-05,Onion,23,Ahmednagar,FAQ,Rahuri(Vambori),5000,1000,4500.0,Maharashtra,Other
2015-09-06,Onion,23,Ahmednagar,FAQ,Parner,4800,3000,4300.0,Maharashtra,Other
2015-09-06,Onion,23,Chattrapati Sambhajinagar,FAQ,Lasur Station,4400,1000,3250.0,Maharashtra,Other
2015-09-06,Onion,23,Nagpur,FAQ,Nagpur,4000,2200,3550.0,Maharashtra,White
2015-09-07,Onion,23,Nashik,FAQ,Satana,5310,2450,4750.0,Maharashtra,Other
2015-09-07,Onion,23,Nashik,FAQ,Malegaon,4754,1755,3975.0,Maharashtra,Other
2015-09-08,Onion,23,Chandrapur,FAQ,Chandrapur(Ganjwad),4700,3400,4200.0,Maharashtra,Other
2015-09-08,Onion,23,Nagpur,FAQ,Nagpur,4300,2500,3850.0,Maharashtra,White
2015-09-08,Onion,23,Nashik,FAQ,Sinner,5100,2400,4500.0,Maharashtra,Other
2015-09-09,Onion,23,Nashik,FAQ,Manmad,5300,2931,4816.0,Maharashtra,Other
2015-09-09,Onion,23,Nashik,FAQ,Pimpalgaon Baswant(Saykheda),5601,2000,4850.0,Maharashtra,Other
2015-09-09,Onion,23,Nashik,FAQ,Chandvad,5229,2553,5100.0,Maharashtra,Other
2015-09-09,Onion,23,Chattrapati Sambhajinagar,FAQ,Chattrapati Sambhajinagar,4500,3000,3750.0,Maharashtra,Other
2015-09-09,Onion,23,Chandrapur,FAQ,Chandrapur(Ganjwad),5000,3500,4200.0,Maharashtra,Other
2015-09-09,Onion,23,Ahmednagar,FAQ,Shrirampur,6100,2000,5150.0,Maharashtra,Other
2015-09-10,Onion,23,Ahmednagar,FAQ,Rahuri(Vambori),6000,2000,4500.0,Maharashtra,Other
2015-09-11,Onion,23,Nashik,FAQ,Chandvad,5151,2500,4500.0,Maharashtra,Other
2015-09-11,Onion,23,Chandrapur,FAQ,Chandrapur(Ganjwad),5000,3500,4200.0,Maharashtra,Other
2015-09-12,Onion,23,Ahmednagar,FAQ,Pathardi,3600,500,2200.0,Maharashtra,Red
2015-09-13,Onion,23,Ahmednagar,FAQ,Parner,5600,3000,4500.0,Maharashtra,Other
2015-09-13,Onion,23,Chandrapur,FAQ,Chandrapur(Ganjwad),5000,3500,4200.0,Maharashtra,Other
2015-09-13,Onion,23,Ahmednagar,FAQ,Rahata,6000,1800,4400.0,Maharashtra,Other
2015-09-14,Onion,23,Nashik,FAQ,Satana,4950,2350,4425.0,Maharashtra,Other
2015-09-14,Onion,23,Ahmednagar,FAQ,Rahuri(Vambori),5500,2000,4500.0,Maharashtra,Other
2015-09-15,Onion,23,Nashik,FAQ,Nandgaon,4965,1800,4475.0,Maharashtra,Other
2015-09-15,Onion,23,Nashik,FAQ,Pimpalgaon,4001,1811,3900.0,Maharashtra,Pole
2015-09-15,Onion,23,Nashik,FAQ,Pimpalgaon Baswant(Saykheda),4770,3000,4081.0,Maharashtra,Other
2015-09-15,Onion,23,Nagpur,FAQ,Ramtek,4000,3000,3500.0,Maharashtra,Other
2015-09-15,Onion,23,Chandrapur,FAQ,Chandrapur(Ganjwad),5000,3500,4200.0,Maharashtra,Other
2015-09-16,Onion,23,Nashik,FAQ,Yeola,4901,2350,4200.0,Maharashtra,Other
2015-09-16,Onion,23,Pune,FAQ,Indapur,3600,1600,3000.0,Maharashtra,Other
2015-09-16,Onion,23,Nashik,FAQ,Malegaon,4700,1760,4155.0,Maharashtra,Other
2015-09-18,Onion,23,Ahmednagar,FAQ,Parner,4500,2000,3400.0,Maharashtra,Other
2015-09-18,Onion,23,Nashik,FAQ,Sinner,4652,1500,4100.0,Maharashtra,Other
2015-09-18,Onion,23,Nashik,FAQ,Pimpalgaon Baswant(Saykheda),4402,3000,3900.0,Maharashtra,Other
2015-09-19,Onion,23,Chattrapati Sambhajinagar,FAQ,Chattrapati Sambhajinagar,3500,1000,2250.0,Maharashtra,Other
2015-09-20,Onion,23,Chattrapati Sambhajinagar,FAQ,Lasur Station,4000,1000,3500.0,Maharashtra,Other
2015-09-21,Onion,23,Chattrapati Sambhajinagar,FAQ,Chattrapati Sambhajinagar,3800,1200,2500.0,Maharashtra,Other
2015-09-22,Onion,23,Nashik,FAQ,Nandgaon,4135,900,3755.0,Maharashtra,Other
2015-09-22,Onion,23,Nashik,FAQ,Pimpalgaon Baswant(Saykheda),4141,2000,3450.0,Maharashtra,Other
2015-09-23,Onion,23,Nashik,FAQ,Pimpalgaon,3911,2500,3551.0,Maharashtra,Other
2015-09-23,Onion,23,Chattrapati Sambhajinagar,FAQ,Chattrapati Sambhajinagar,3000,1000,2000.0,Maharashtra,Other
2015-09-23,Onion,23,Ahmednagar,FAQ,Shrirampur,4300,1200,3400.0,Maharashtra,Other
2015-09-23,Onion,23,Nashik,FAQ,Sinner,4000,1000,3500.0,Maharashtra,Other
2015-09-23,Onion,23,Nashik,FAQ,Nandgaon,3955,680,3675.0,Maharashtra,Other
2015-09-23,Onion,23,Nashik,FAQ,Malegaon,3783,1000,3250.0,Maharashtra,Other
2015-09-24,Onion,23,Chattrapati Sambhajinagar,FAQ,Chattrapati Sambhajinagar,3000,1300,2150.0,Maharashtra,Other
2015-09-24,Onion,23,Nagpur,FAQ,Ramtek,4000,3000,3500.0,Maharashtra,Other
2015-09-24,Onion,23,Nashik,FAQ,Pimpalgaon,4052,2000,3501.0,Maharashtra,Other
2015-09-24,Onion,23,Ahmednagar,FAQ,Sangamner,3550,1500,2525.0,Maharashtra,Red
2015-09-24,Onion,23,Nashik,FAQ,Manmad,3940,1872,3600.0,Maharashtra,Other
2015-09-25,Onion,23,Ahmednagar,FAQ,Parner,3100,1000,2000.0,Maharashtra,Other
2015-09-26,Onion,23,Nashik,FAQ,Pimpalgaon Baswant(Saykheda),3100,1500,2700.0,Maharashtra,Red
2015-09-27,Onion,23,Ahmednagar,FAQ,Parner,3700,1500,2500.0,Maharashtra,Other
2015-09-27,Onion,23,Pune,FAQ,Indapur,3000,150,1800.0,Maharashtra,Other
2015-09-27,Onion,23,Chattrapati Sambhajinagar,FAQ,Chattrapati Sambhajinagar,2800,800,1800.0,Maharashtra,Other
2015-09-28,Onion,23,Ahmednagar,FAQ,Rahuri(Vambori),4500,500,3000.0,Maharashtra,Other
2015-09-28,Onion,23,Nashik,FAQ,Sinner,4300,500,3000.0,Maharashtra,Other
2015-09-28,Onion,23,Nashik,FAQ,Satana,4045,2150,3450.0,Maharashtra,Other
2015-09-28,Onion,23,Nashik,FAQ,Pimpalgaon Baswant(Saykheda),4030,1300,3461.0,Maharashtra,Other
2015-09-29,Onion,23,Nashik,FAQ,Pimpalgaon,4100,2000,3600.0,Maharashtra,Other
2015-09-29,Onion,23,Nashik,FAQ,Malegaon,3281,705,2760.0,Maharashtra,Red
2015-09-29,Onion,23,Chattrapati Sambhajinagar,FAQ,Chattrapati Sambhajinagar,2500,600,1550.0,Maharashtra,Other
2015-09-29,Onion,23,Nashik,FAQ,Chandvad,3551,1751,3351.0,Maharashtra,Other
2015-09-29,Onion,23,Nashik,FAQ,Pimpalgaon Baswant(Saykheda),2399,1001,1150.0,Maharashtra,Red
2015-09-29,Onion,23,Nashik,FAQ,Pimpalgaon Baswant(Saykheda),3951,2451,3500.0,Maharashtra,Other
2015-09-30,Onion,23,Nagpur,FAQ,Nagpur,3400,2100,3075.0,Maharashtra,White
2015-09-30,Onion,23,Nashik,FAQ,Manmad,3700,1200,3300.0,Maharashtra,Other
2015-09-30,Onion,23,Ahmednagar,FAQ,Parner,4100,1500,2600.0,Maharashtra,Other
2015-09-30,Onion,23,Nashik,FAQ,Pimpalgaon Baswant(Saykheda),3715,1705,3200.0,Maharashtra,Other
2015-09-30,Onion,23,Nashik,FAQ,Malegaon,3601,505,3025.0,Maharashtra,Red
2015-09-30,Onion,23,Nashik,FAQ,Satana,4400,2250,3650.0,Maharashtra,Other
2015-10-01,Onion,23,Chattrapati Sambhajinagar,FAQ,Chattrapati Sambhajinagar,3000,1000,2000.0,Maharashtra,Other
2015-10-01,Onion,23,Nagpur,FAQ,Ramtek,4000,3000,3500.0,Maharashtra,Other
2015-10-02,Onion,23,Nashik,FAQ,Pimpalgaon,4061,2311,3451.0,Maharashtra,Other
2015-10-03,Onion,23,Nashik,FAQ,Pimpalgaon Baswant(Saykheda),3852,2300,3291.0,Maharashtra,Other
2015-10-03,Onion,23,Nashik,FAQ,Chandvad,3536,1000,3300.0,Maharashtra,Other
2015-10-03,Onion,23,Ahmednagar,FAQ,Rahuri(Vambori),4500,500,3100.0,Maharashtra,Other
2015-10-03,Onion,23,Chattrapati Sambhajinagar,FAQ,Chattrapati Sambhajinagar,3000,700,1850.0,Maharashtra,Other
2015-10-03,Onion,23,Nashik,FAQ,Pimpalgaon,3453,1500,2751.0,Maharashtra,Pole
2015-10-04,Onion,23,Nagpur,FAQ,Nagpur,3600,2200,3250.0,Maharashtra,White
2015-10-05,Onion,23,Nashik,FAQ,Malegaon,4000,700,3375.0,Maharashtra,Other
2015-10-05,Onion,23,Beed,FAQ,Kada,5100,100,2750.0,Maharashtra,Other
2015-10-05,Onion,23,Nashik,FAQ,Pimpalgaon,4200,2500,3551.0,Maharashtra,Other
2015-10-05,Onion,23,Nashik,FAQ,Nandgaon,3335,1355,2100.0,Maharashtra,Red
2015-10-05,Onion,23,Nashik,FAQ,Satana,4300,2250,3750.0,Maharashtra,Other
2015-10-06,Onion,23,Nashik,FAQ,Malegaon,3850,620,3275.0,Maharashtra,Other
2015-10-06,Onion,23,Nashik,FAQ,Yeola,3400,1500,3200.0,Maharashtra,Other
2015-10-06,Onion,23,Nashik,FAQ,Chandvad,3678,900,3350.0,Maharashtra,Other
2015-10-06,Onion,23,Nagpur,FAQ,Ramtek,4000,3000,3500.0,Maharashtra,Other
2015-10-06,Onion,23,Nashik,FAQ,Pimpalgaon Baswant(Saykheda),3532,1000,2000.0,Maharashtra,Red
2015-10-06,Onion,23,Nashik,FAQ,Lasalgaon(Niphad),3651,2631,3600.0,Maharashtra,Other
2015-10-06,Onion,23,Nashik,FAQ,Pimpalgaon,4401,1500,3611.0,Maharashtra,Other
2015-10-07,Onion,23,Nashik,FAQ,Nandgaon,3900,1400,3650.0,Maharashtra,Other
2015-10-07,Onion,23,Nashik,FAQ,Pimpalgaon,3731,1100,3311.0,Maharashtra,Pole
2015-10-07,Onion,23,Chattrapati Sambhajinagar,FAQ,Chattrapati Sambhajinagar,3800,1000,2400.0,Maharashtra,Other
2015-10-08,Onion,23,Chandrapur,FAQ,Chandrapur(Ganjwad),2800,1200,2300.0,Maharashtra,Other
2015-10-08,Onion,23,Ahmednagar,FAQ,Rahuri(Vambori),4500,500,3200.0,Maharashtra,Other
2015-10-08,Onion,23,Nashik,FAQ,Sinner,3525,500,3000.0,Maharashtra,Other
2015-10-08,Onion,23,Nashik,FAQ,Chandvad,3381,1300,3200.0,Maharashtra,Red
2015-10-08,Onion,23,Nashik,FAQ,Lasalgaon(Niphad),3699,1900,3580.0,Maharashtra,Other
2015-10-09,Onion,23,Nashik,FAQ,Nandgaon,3880,1700,3505.0,Maharashtra,Other
2015-10-09,Onion,23,Nashik,FAQ,Pimpalgaon,3880,1961,3451.0,Maharashtra,Other
2015-10-09,Onion,23,Nashik,FAQ,Satana,4070,2150,3350.0,Maharashtra,Other
2015-10-11,Onion,23,Ahmednagar,FAQ,Parner,2800,1100,2200.0,Maharashtra,Red
2015-10-11,Onion,23,Ahmednagar,FAQ,Shrirampur,4200,1000,3450.0,Maharashtra,Other
2015-10-11,Onion,23,Nagpur,FAQ,Nagpur,3600,2000,3200.0,Maharashtra,White
2015-10-11,Onion,23,Ahmednagar,FAQ,Sangamner,4101,1500,3300.0,Maharashtra,Red
2015-10-11,Onion,23,Pune,FAQ,Indapur,3000,300,1850.0,Maharashtra,Other
2015-10-12,Onion,23,Ahmednagar,FAQ,Newasa(Ghodegaon),4000,1000,3000.0,Maharashtra,Red
2015-10-13,Onion,23,Nashik,FAQ,Nandgaon,3320,1485,2850.0,Maharashtra,Other
2015-10-13,Onion,23,Nagpur,FAQ,Ramtek,3500,3000,3000.0,Maharashtra,Other
2015-10-13,Onion,23,Dharashiv(Usmanabad),FAQ,Dharashiv,3000,1300,2150.0,Maharashtra,Red
2015-10-14,Onion,23,Nashik,FAQ,Sinner,3700,300,2100.0,Maharashtra,Other
2015-10-14,Onion,23,Ahmednagar,FAQ,Parner,3100,1000,2400.0,Maharashtra,Other
2015-10-14,Onion,23,Nashik,FAQ,Malegaon,2665,405,2250.0,Maharashtra,Red
2015-10-14,Onion,23,Pune,FAQ,Indapur,2800,200,1950.0,Maharashtra,Other
2015-10-15,Onion,23,Nashik,FAQ,Nandgaon,2780,1125,2365.0,Maharashtra,Red
2015-10-15,Onion,23,Ahmednagar,FAQ,Rahuri(Vambori),3000,200,2000.0,Maharashtra,Other
2015-10-15,Onion,23,Dharashiv(Usmanabad),FAQ,Dharashiv,3000,1300,2150.0,Maharashtra,Red
2015-10-15,Onion,23,Nashik,FAQ,Pimpalgaon,3352,1500,2851.0,Maharashtra,Other
2015-10-15,Onion,23,Buldhana,FAQ,Malkapur,2050,1500,1800.0,Maharashtra,Local
2015-10-16,Onion,23,Pune,FAQ,Indapur,2225,200,1650.0,Maharashtra,Other
2015-10-16,Onion,23,Nashik,FAQ,Nandgaon,2265,460,2000.0,Maharashtra,Other
2015-10-16,Onion,23,Nashik,FAQ,Nandgaon,2400,445,1800.0,Maharashtra,Red
2015-10-16,Onion,23,Nashik,FAQ,Pimpalgaon,2911,1250,2151.0,Maharashtra,Pole
2015-10-17,Onion,23,Nashik,FAQ,Chandvad,2430,601,2000.0,Maharashtra,Pole
2015-10-17,Onion,23,Amarawati,FAQ,Amarawati,2300,1000,1340.0,Maharashtra,White
2015-10-17,Onion,23,Nashik,FAQ,Pimpalgaon,2881,1700,2251.0,Maharashtra,Other
2015-10-17,Onion,23,Nashik,FAQ,Pimpalgaon,2900,1300,2100.0,Maharashtra,Pole
2015-10-17,Onion,23,Nashik,FAQ,Pimpalgaon Baswant(Saykheda),2101,500,1691.0,Maharashtra,Other
2015-10-18,Onion,23,Ahmednagar,FAQ,Shrirampur,4000,1000,3100.0,Maharashtra,Other
2015-10-18,Onion,23,Ahmednagar,FAQ,Rahata,3000,700,2100.0,Maharashtra,Other
2015-10-19,Onion,23,Chattrapati Sambhajinagar,FAQ,Vaijpur,4200,1000,3000.0,Maharashtra,Other
2015-10-19,Onion,23,Chattrapati Sambhajinagar,FAQ,Chattrapati Sambhajinagar,2200,500,1350.0,Maharashtra,Other
2015-10-19,Onion,23,Nashik,FAQ,Lasalgaon(Niphad),1500,511,1251.0,Maharashtra,Other
2015-10-20,Onion,23,Ahmednagar,FAQ,Rahata,3100,700,2100.0,Maharashtra,Other
2015-10-20,Onion,23,Nashik,FAQ,Chandvad,2401,2401,2401.0,Maharashtra,Other
2015-10-20,Onion,23,Nashik,FAQ,Satana,2860,900,2150.0,Maharashtra,Red
2015-10-20,Onion,23,Dharashiv(Usmanabad),FAQ,Dharashiv,2300,1850,2000.0,Maharashtra,Red
2015-10-20,Onion,23,Nashik,FAQ,Pimpalgaon Baswant(Saykheda),1700,500,1301.0,Maharashtra,Red
2015-10-20,Onion,23,Nashik,FAQ,Manmad,2581,1501,2481.0,Maharashtra,Other
2015-10-20,Onion,23,Amarawati,FAQ,Amarawati,2200,1200,1480.0,Maharashtra,White
2015-10-21,Onion,23,Ahmednagar,FAQ,Parner,2600,1000,1900.0,Maharashtra,Red
2015-10-21,Onion,23,Nashik,FAQ,Yeola,3396,1100,2500.0,Maharashtra,Other
2015-10-21,Onion,23,Amarawati,FAQ,Amarawati,2200,1200,1520.0,Maharashtra,White
2015-10-21,Onion,23,Nashik,FAQ,Pimpalgaon,3267,1551,2451.0,Maharashtra,Pole
2015-10-21,Onion,23,Chattrapati Sambhajinagar,FAQ,Chattrapati Sambhajinagar,2100,300,1200.0,Maharashtra,Other
2015-10-21,Onion,23,Dharashiv(Usmanabad),FAQ,Dharashiv,2300,1250,1775.0,Maharashtra,Red
2015-10-22,Onion,23,Nashik,FAQ,Malegaon,5101,785,2475.0,Maharashtra,Red
2015-10-22,Onion,23,Dharashiv(Usmanabad),FAQ,Dharashiv,1600,1100,1350.0,Maharashtra,Red
2015-10-22,Onion,23,Nashik,FAQ,Manmad,3151,2200,2600.0,Maharashtra,Red
2015-10-23,Onion,23,Nashik,FAQ,Nandgaon,2840,300,2545.0,Maharashtra,Red
2015-10-23,Onion,23,Nashik,FAQ,Manmad,3038,1555,2700.0,Maharashtra,Red
2015-10-23,Onion,23,Buldhana,FAQ,Malkapur,2765,1100,1875.0,Maharashtra,Local
2015-10-23,Onion,23,Nashik,FAQ,Pimpalgaon,3453,1451,2651.0,Maharashtra,Pole
2015-10-24,Onion,23,Nashik,FAQ,Pimpalgaon Baswant(Saykheda),3101,1025,2500.0,Maharashtra,Red
2015-10-25,Onion,23,Pune,FAQ,Indapur,2500,200,1500.0,Maharashtra,Other
2015-10-25,Onion,23,Ahmednagar,FAQ,Parner,3500,1000,2400.0,Maharashtra,Red
2015-10-26,Onion,23,Nashik,FAQ,Malegaon,3450,777,3050.0,Maharashtra,Red
2015-10-26,Onion,23,Nashik,FAQ,Manmad,3425,1500,3210.0,Maharashtra,Red
2015-10-26,Onion,23,Nashik,FAQ,Nandgaon,3210,805,2925.0,Maharashtra,Red
2015-10-26,Onion,23,Nashik,FAQ,Pimpalgaon,3801,1600,3151.0,Maharashtra,Pole
2015-10-27,Onion,23,Chandrapur,FAQ,Chandrapur(Ganjwad),2500,1000,1800.0,Maharashtra,Other
2015-10-27,Onion,23,Ahmednagar,FAQ,Sangamner,4800,1000,3250.0,Maharashtra,Red
2015-10-27,Onion,23,Nashik,FAQ,Chandvad,3500,1200,3150.0,Maharashtra,Pole
2015-10-27,Onion,23,Chattrapati Sambhajinagar,FAQ,Chattrapati Sambhajinagar,2800,300,1550.0,Maharashtra,Other
2015-10-27,Onion,23,Nashik,FAQ,Pimpalgaon Baswant(Saykheda),3500,500,2000.0,Maharashtra,Red
2015-10-28,Onion,23,Nagpur,FAQ,Nagpur,3000,1200,2550.0,Maharashtra,White
2015-10-28,Onion,23,Ahmednagar,FAQ,Newasa(Ghodegaon),4100,1000,3500.0,Maharashtra,Red
2015-10-28,Onion,23,Nashik,FAQ,Nandgaon,3255,910,2805.0,Maharashtra,Red
2015-10-28,Onion,23,Nashik,FAQ,Pimpalgaon,3870,2381,3680.0,Maharashtra,Other
2015-10-29,Onion,23,Nagpur,FAQ,Nagpur,3000,1200,2550.0,Maharashtra,White
2015-10-29,Onion,23,Nashik,FAQ,Yeola,4101,1700,3500.0,Maharashtra,Other
2015-10-29,Onion,23,Nashik,FAQ,Pimpalgaon,3551,1651,2651.0,Maharashtra,Pole
2015-10-30,Onion,23,Ahmednagar,FAQ,Parner,2700,900,2000.0,Maharashtra,Red
2015-10-30,Onion,23,Nashik,FAQ,Yeola,3826,1400,3100.0,Maharashtra,Other
2015-10-30,Onion,23,Nashik,FAQ,Satana,4365,1800,3250.0,Maharashtra,Other
2015-10-30,Onion,23,Nashik,FAQ,Pimpalgaon,3981,2100,3601.0,Maharashtra,Other
2015-10-30,Onion,23,Nashik,FAQ,Pimpalgaon Baswant(Saykheda),2200,500,1451.0,Maharashtra,Red
2015-10-31,Onion,23,Nashik,FAQ,Pimpalgaon Baswant(Saykheda),2525,500,1701.0,Maharashtra,Red
2015-10-31,Onion,23,Nashik,FAQ,Nandgaon,1360,1145,1251.0,Maharashtra,Red
2015-11-01,Onion,23,Ahmednagar,FAQ,Sangamner,4000,1000,2950.0,Maharashtra,Red
2015-11-01,Onion,23,Pune,FAQ,Indapur,2500,100,1400.0,Maharashtra,Other
2015-11-01,Onion,23,Ahmednagar,FAQ,Parner,2500,800,1500.0,Maharashtra,Red
2015-11-02,Onion,23,Chattrapati Sambhajinagar,FAQ,Vaijpur,2500,900,1500.0,Maharashtra,Red
2015-11-02,Onion,23,Nashik,FAQ,Satana,4390,1750,3150.0,Maharashtra,Other
2015-11-02,Onion,23,Nashik,FAQ,Nandgaon,2175,700,1775.0,Maharashtra,Red
2015-11-02,Onion,23,Nashik,FAQ,Yeola,4326,1701,3851.0,Maharashtra,Other
2015-11-02,Onion,23,Nashik,FAQ,Pimpalgaon Baswant(Saykheda),2612,300,1175.0,Maharashtra,Red
2015-11-02,Onion,23,Nashik,FAQ,Manmad,2350,1000,1500.0,Maharashtra,Red
2015-11-02,Onion,23,Chattrapati Sambhajinagar,FAQ,Chattrapati Sambhajinagar,2500,600,1550.0,Maharashtra,Other
2015-11-03,Onion,23,Ahmednagar,FAQ,Rahata,3100,700,2000.0,Maharashtra,Other
2015-11-03,Onion,23,Nashik,FAQ,Pimpalgaon,3300,2600,3240.0,Maharashtra,Other
2015-11-03,Onion,23,Nashik,FAQ,Pimpalgaon Baswant(Saykheda),2500,1000,2100.0,Maharashtra,Other
2015-11-03,Onion,23,Nashik,FAQ,Satana,4380,1750,3150.0,Maharashtra,Other
2015-11-03,Onion,23,Nashik,FAQ,Nandgaon,2250,900,1755.0,Maharashtra,Red
2015-11-03,Onion,23,Ahmednagar,FAQ,Pathardi,2200,1000,1670.0,Maharashtra,Red
2015-11-03,Onion,23,Nashik,FAQ,Pimpalgaon Baswant(Saykheda),2200,300,1300.0,Maharashtra,Red
2015-11-04,Onion,23,Nashik,FAQ,Sinner,3100,200,1900.0,Maharashtra,Other
2015-11-04,Onion,23,Nashik,FAQ,Yeola,4032,1826,3700.0,Maharashtra,Other
2015-11-04,Onion,23,Ahmednagar,FAQ,Parner,2600,1000,1850.0,Maharashtra,Red
2015-11-04,Onion,23,Nandurbar,FAQ,Navapur,2000,2000,2000.0,Maharashtra,Other
2015-11-04,Onion,23,Nashik,FAQ,Nandgaon,2280,760,1750.0,Maharashtra,Red
2015-11-04,Onion,23,Ahmednagar,FAQ,Shrirampur,4700,1000,3550.0,Maharashtra,Other
2015-11-04,Onion,23,Chattrapati Sambhajinagar,FAQ,Chattrapati Sambhajinagar,2600,800,1700.0,Maharashtra,Other
2015-11-04,Onion,23,Nagpur,FAQ,Nagpur,1800,1000,1600.0,Maharashtra,White
2015-11-05,Onion,23,Chattrapati Sambhajinagar,FAQ,Chattrapati Sambhajinagar,2200,600,1400.0,Maharashtra,Other
2015-11-05,Onion,23,Pune,FAQ,Baramati,2500,500,1600.0,Maharashtra,Red
2015-11-05,Onion,23,Ahmednagar,FAQ,Sangamner,3551,1000,2950.0,Maharashtra,Red
2015-11-06,Onion,23,Nashik,FAQ,Sinner,2811,300,1700.0,Maharashtra,Other
2015-11-06,Onion,23,Pune,FAQ,Indapur,2500,200,1000.0,Maharashtra,Other
2015-11-06,Onion,23,Nashik,FAQ,Manmad,2360,850,1900.0,Maharashtra,Red
2015-11-06,Onion,23,Nashik,FAQ,Malegaon,2580,610,1875.0,Maharashtra,Red
2015-11-07,Onion,23,Nagpur,FAQ,Nagpur,1800,1000,1600.0,Maharashtra,White
2015-11-07,Onion,23,Pune,FAQ,Indapur,2750,200,1500.0,Maharashtra,Other
2015-11-08,Onion,23,Nagpur,FAQ,Nagpur,1800,1200,1650.0,Maharashtra,White
2015-11-08,Onion,23,Chattrapati Sambhajinagar,FAQ,Chattrapati Sambhajinagar,2200,1000,1600.0,Maharashtra,Other
2015-11-10,Onion,23,Nagpur,FAQ,Ramtek,3200,3000,3100.0,Maharashtra,Other
2015-11-14,Onion,23,Ahmednagar,FAQ,Newasa(Ghodegaon),4000,500,3400.0,Maharashtra,Red
2015-11-14,Onion,23,Ahmednagar,FAQ,Pathardi,4000,1000,1900.0,Maharashtra,Red
2015-11-14,Onion,23,Pune,FAQ,Baramati,3000,600,2475.0,Maharashtra,Red
2015-11-14,Onion,23,Nandurbar,FAQ,Navapur,2500,2500,2500.0,Maharashtra,Other
2015-11-16,Onion,23,Nashik,FAQ,Malegaon,2782,905,2050.0,Maharashtra,Red
2015-11-16,Onion,23,Nashik,FAQ,Sinner,3501,200,2200.0,Maharashtra,Other
2015-11-17,Onion,23,Nashik,FAQ,Pimpalgaon Baswant(Saykheda),2501,500,1711.0,Maharashtra,Red
2015-11-17,Onion,23,Nashik,FAQ,Lasalgaon(Niphad),2291,1182,1848.0,Maharashtra,Red
2015-11-18,Onion,23,Nashik,FAQ,Manmad,2627,1200,2100.0,Maharashtra,Red
2015-11-18,Onion,23,Pune,FAQ,Indapur,2500,200,1500.0,Maharashtra,Other
2015-11-18,Onion,23,Nashik,FAQ,Sinner,3000,200,2300.0,Maharashtra,Other
2015-11-18,Onion,23,Pune,FAQ,Baramati,4500,600,2300.0,Maharashtra,Red
2015-11-18,Onion,23,Nashik,FAQ,Malegaon,2700,765,1955.0,Maharashtra,Red
2015-11-19,Onion,23,Dharashiv(Usmanabad),FAQ,Paranda,3800,300,2000.0,Maharashtra,Other
2015-11-19,Onion,23,Nagpur,FAQ,Nagpur,2100,1700,2000.0,Maharashtra,White
2015-11-20,Onion,23,Nashik,FAQ,Yeola,2301,701,1700.0,Maharashtra,Red
2015-11-20,Onion,23,Nashik,FAQ,Chandvad,2041,800,1650.0,Maharashtra,Pole
2015-11-21,Onion,23,Dharashiv(Usmanabad),FAQ,Paranda,2600,300,1200.0,Maharashtra,Other
2015-11-21,Onion,23,Pune,FAQ,Baramati,2600,500,1800.0,Maharashtra,Red
2015-11-21,Onion,23,Ahmednagar,FAQ,Newasa(Ghodegaon),2500,300,1800.0,Maharashtra,Red
2015-11-21,Onion,23,Nashik,FAQ,Lasalgaon(Niphad),1680,700,1521.0,Maharashtra,Red
2015-11-22,Onion,23,Ahmednagar,FAQ,Rahata,2700,600,1900.0,Maharashtra,Other
2015-11-22,Onion,23,Nagpur,FAQ,Ramtek,3200,3000,3100.0,Maharashtra,Other
2015-11-23,Onion,23,Nashik,FAQ,Pimpalgaon Baswant(Saykheda),1930,500,1411.0,Maharashtra,Red
2015-11-23,Onion,23,Nashik,FAQ,Malegaon,2430,500,1725.0,Maharashtra,Red
2015-11-23,Onion,23,Nashik,FAQ,Sinner,2511,200,1500.0,Maharashtra,Other
2015-11-24,Onion,23,Nashik,FAQ,Nasik,1700,400,1000.0,Maharashtra,Pole
2015-11-24,Onion,23,Dharashiv(Usmanabad),FAQ,Paranda,3000,400,1500.0,Maharashtra,Other
2015-11-24,Onion,23,Nashik,FAQ,Pimpalgaon,2576,500,1711.0,Maharashtra,Pole
2015-11-24,Onion,23,Ahmednagar,FAQ,Rahata,2500,600,1200.0,Maharashtra,Other
2015-11-24,Onion,23,Ahmednagar,FAQ,Pathardi,2200,500,1500.0,Maharashtra,Red
2015-11-25,Onion,23,Ahmednagar,FAQ,Shrirampur,2500,300,1450.0,Maharashtra,Other
2015-11-25,Onion,23,Nashik,FAQ,Sinner,2611,251,1500.0,Maharashtra,Other
2015-11-25,Onion,23,Amarawati,FAQ,Amarawati,2400,1400,1900.0,Maharashtra,White
2015-11-26,Onion,23,Ahmednagar,FAQ,Rahuri(Vambori),2500,200,1400.0,Maharashtra,Other
2015-11-26,Onion,23,Nashik,FAQ,Malegaon,2388,650,1675.0,Maharashtra,Red
2015-11-26,Onion,23,Nashik,FAQ,Nasik,1800,400,1000.0,Maharashtra,Pole
2015-11-26,Onion,23,Nashik,FAQ,Chandvad,2270,900,1525.0,Maharashtra,Pole
2015-11-26,Onion,23,Nashik,FAQ,Manmad,2013,900,1600.0,Maharashtra,Red
2015-11-26,Onion,23,Dharashiv(Usmanabad),FAQ,Paranda,3500,250,2200.0,Maharashtra,Other
2015-11-28,Onion,23,Nashik,FAQ,Pimpalgaon Baswant(Saykheda),1665,401,1291.0,Maharashtra,Red
2015-11-28,Onion,23,Amarawati,FAQ,Amarawati,2200,1500,1850.0,Maharashtra,Red
2015-11-28,Onion,23,Nashik,FAQ,Malegaon,2100,600,1431.0,Maharashtra,Red
2015-11-29,Onion,23,Ahmednagar,FAQ,Parner,2500,500,1700.0,Maharashtra,Red
2015-11-29,Onion,23,Pune,FAQ,Indapur,2100,50,800.0,Maharashtra,Other
2015-11-30,Onion,23,Nagpur,FAQ,Nagpur,1700,1200,1575.0,Maharashtra,White
2015-11-30,Onion,23,Ahmednagar,FAQ,Newasa(Ghodegaon),2700,300,1800.0,Maharashtra,Red
2015-11-30,Onion,23,Nashik,FAQ,Pimpalgaon Baswant(Saykheda),1700,400,1300.0,Maharashtra,Red
2015-11-30,Onion,23,Nashik,FAQ,Yeola,2062,800,1550.0,Maharashtra,Red
2015-11-30,Onion,23,Chandrapur,FAQ,Chandrapur(Ganjwad),2000,1000,1500.0,Maharashtra,Other
2015-12-01,Onion,23,Ahmednagar,FAQ,Rahata,2700,600,1900.0,Maharashtra,Other
2015-12-01,Onion,23,Nashik,FAQ,Pimpalgaon Baswant(Saykheda),1700,500,1300.0,Maharashtra,Red
2015-12-01,Onion,23,Nashik,FAQ,Manmad,1334,600,1150.0,Maharashtra,Red
2015-12-01,Onion,23,Nashik,FAQ,Sinner,1751,500,1400.0,Maharashtra,Other
2015-12-01,Onion,23,Nashik,FAQ,Malegaon,2005,505,1255.0,Maharashtra,Red
2015-12-02,Onion,23,Ahmednagar,FAQ,Newasa(Ghodegaon),2300,200,1500.0,Maharashtra,Red
2015-12-02,Onion,23,Nashik,FAQ,Nandgaon,1895,700,1410.0,Maharashtra,Red
2015-12-03,Onion,23,Buldhana,FAQ,Malkapur,1375,950,1200.0,Maharashtra,Local
2015-12-03,Onion,23,Nagpur,FAQ,Nagpur,1700,1100,1550.0,Maharashtra,White
2015-12-03,Onion,23,Nandurbar,FAQ,Navapur,1500,1500,1500.0,Maharashtra,Other
2015-12-03,Onion,23,Nashik,FAQ,Nasik,1600,800,1050.0,Maharashtra,Pole
2015-12-04,Onion,23,Buldhana,FAQ,Malkapur,1320,700,1200.0,Maharashtra,Local
2015-12-05,Onion,23,Nashik,FAQ,Lasalgaon(Niphad),1111,500,870.0,Maharashtra,Red
2015-12-05,Onion,23,Nandurbar,FAQ,Navapur,1600,1500,1577.0,Maharashtra,Other
2015-12-05,Onion,23,Nashik,FAQ,Chandvad,1535,600,1100.0,Maharashtra,Pole
2015-12-05,Onion,23,Nashik,FAQ,Pimpalgaon Baswant(Saykheda),1290,300,900.0,Maharashtra,Red
2015-12-05,Onion,23,Nagpur,FAQ,Nagpur,1700,1100,1550.0,Maharashtra,White
2015-12-06,Onion,23,Chandrapur,FAQ,Chandrapur(Ganjwad),1800,1000,1400.0,Maharashtra,Other
2015-12-06,Onion,23,Pune,FAQ,Indapur,1500,100,600.0,Maharashtra,Other
2015-12-06,Onion,23,Ahmednagar,FAQ,Rahuri,2000,200,1110.0,Maharashtra,Other
2015-12-06,Onion,23,Chattrapati Sambhajinagar,FAQ,Chattrapati Sambhajinagar,1300,500,900.0,Maharashtra,Other
2015-12-07,Onion,23,Ahmednagar,FAQ,Newasa(Ghodegaon),2200,200,1500.0,Maharashtra,Red
2015-12-08,Onion,23,Chattrapati Sambhajinagar,FAQ,Chattrapati Sambhajinagar,1400,300,450.0,Maharashtra,Other
2015-12-08,Onion,23,Nashik,FAQ,Pimpalgaon Baswant(Saykheda),1201,400,850.0,Maharashtra,Red
2015-12-09,Onion,23,Nashik,FAQ,Nandgaon,1415,500,1111.0,Maharashtra,Red
2015-12-09,Onion,23,Nashik,FAQ,Satana,1550,300,1050.0,Maharashtra,Red
2015-12-09,Onion,23,Ahmednagar,FAQ,Shrirampur,1800,850,1350.0,Maharashtra,Red
2015-12-10,Onion,23,Dharashiv(Usmanabad),FAQ,Dharashiv,2000,850,1425.0,Maharashtra,Red
2015-12-10,Onion,23,Nashik,FAQ,Pimpalgaon,1547,400,1011.0,Maharashtra,Pole
2015-12-10,Onion,23,Nashik,FAQ,Lasalgaon(Niphad),1212,700,1000.0,Maharashtra,Red
2015-12-10,Onion,23,Nashik,FAQ,Nasik,1350,400,1000.0,Maharashtra,Pole
2015-12-10,Onion,23,Chandrapur,FAQ,Chandrapur(Ganjwad),2000,1000,1500.0,Maharashtra,Other
2015-12-10,Onion,23,Nandurbar,FAQ,Navapur,1500,1000,1250.0,Maharashtra,Other
2015-12-11,Onion,23,Ahmednagar,FAQ,Rahuri,1800,200,1050.0,Maharashtra,Other
2015-12-11,Onion,23,Buldhana,FAQ,Malkapur,1270,700,1050.0,Maharashtra,Local
2015-12-11,Onion,23,Nashik,FAQ,Nasik,1300,200,950.0,Maharashtra,Pole
2015-12-11,Onion,23,Nashik,FAQ,Sinner,1531,100,850.0,Maharashtra,Other
2015-12-11,Onion,23,Ahmednagar,FAQ,Parner,1700,500,1450.0,Maharashtra,Red
2015-12-12,Onion,23,Nagpur,FAQ,Nagpur,1600,1100,1475.0,Maharashtra,White
2015-12-12,Onion,23,Chandrapur,FAQ,Chandrapur(Ganjwad),1800,1000,1400.0,Maharashtra,Other
2015-12-13,Onion,23,Ahmednagar,FAQ,Rahata,2000,500,1400.0,Maharashtra,Other
2015-12-13,Onion,23,Nagpur,FAQ,Ramtek,2400,2000,2200.0,Maharashtra,Other
2015-12-13,Onion,23,Ahmednagar,FAQ,Shrigonda,1751,400,1500.0,Maharashtra,Other
2015-12-14,Onion,23,Nashik,FAQ,Pimpalgaon Baswant(Saykheda),1256,400,950.0,Maharashtra,Red
2015-12-14,Onion,23,Chandrapur,FAQ,Chandrapur(Ganjwad),1800,1000,1500.0,Maharashtra,Other
2015-12-14,Onion,23,Nashik,FAQ,Pimpalgaon,1613,300,1100.0,Maharashtra,Pole
2015-12-14,Onion,23,Nagpur,FAQ,Nagpur,1800,1100,1625.0,Maharashtra,White
2015-12-14,Onion,23,Nashik,FAQ,Yeola,1481,700,1125.0,Maharashtra,Red
2015-12-15,Onion,23,Nashik,FAQ,Pimpalgaon Baswant(Saykheda),1255,350,900.0,Maharashtra,Red
2015-12-15,Onion,23,Ahmednagar,FAQ,Rahuri,1850,200,1125.0,Maharashtra,Other
2015-12-15,Onion,23,Nashik,FAQ,Chandvad,1451,500,1000.0,Maharashtra,Red
2015-12-15,Onion,23,Ahmednagar,FAQ,Shrigonda,1750,200,1000.0,Maharashtra,Red
2015-12-16,Onion,23,Nashik,FAQ,Pimpalgaon Baswant(Saykheda),1200,400,850.0,Maharashtra,Red
2015-12-16,Onion,23,Nashik,FAQ,Chandvad,1261,500,900.0,Maharashtra,Pole
2015-12-16,Onion,23,Ahmednagar,FAQ,Parner,1800,500,1400.0,Maharashtra,Red
2015-12-16,Onion,23,Amarawati,FAQ,Amarawati,2000,1000,1500.0,Maharashtra,Red
2015-12-16,Onion,23,Nashik,FAQ,Pimpalgaon,1589,350,901.0,Maharashtra,Pole
2015-12-16,Onion,23,Nashik,FAQ,Sinner,1400,100,900.0,Maharashtra,Other
2015-12-17,Onion,23,Chattrapati Sambhajinagar,FAQ,Vaijpur,1850,500,1100.0,Maharashtra,Red
2015-12-17,Onion,23,Chattrapati Sambhajinagar,FAQ,Chattrapati Sambhajinagar,1500,300,900.0,Maharashtra,Other
2015-12-18,Onion,23,Nashik,FAQ,Nasik,1350,700,1100.0,Maharashtra,Pole
2015-12-18,Onion,23,Dharashiv(Usmanabad),FAQ,Paranda,1700,300,1000.0,Maharashtra,Other
2015-12-18,Onion,23,Nashik,FAQ,Yeola,1326,633,1021.0,Maharashtra,Red
2015-12-19,Onion,23,Dharashiv(Usmanabad),FAQ,Paranda,1800,150,900.0,Maharashtra,Other
2015-12-20,Onion,23,Chattrapati Sambhajinagar,FAQ,Chattrapati Sambhajinagar,1600,400,1000.0,Maharashtra,Other
2015-12-20,Onion,23,Ahmednagar,FAQ,Shrirampur,1800,300,1350.0,Maharashtra,Red
2015-12-21,Onion,23,Nandurbar,FAQ,Navapur,1400,1400,1400.0,Maharashtra,Other
2015-12-21,Onion,23,Ahmednagar,FAQ,Newasa(Ghodegaon),1800,200,1400.0,Maharashtra,Red
2015-12-22,Onion,23,Nashik,FAQ,Malegaon,1600,700,1075.0,Maharashtra,Red
2015-12-22,Onion,23,Nashik,FAQ,Lasalgaon(Niphad),1200,500,1000.0,Maharashtra,Red
2015-12-22,Onion,23,Nashik,FAQ,Nasik,1450,725,1150.0,Maharashtra,Pole
2015-12-22,Onion,23,Amarawati,FAQ,Amarawati,2200,1500,1850.0,Maharashtra,Red
2015-12-22,Onion,23,Nashik,FAQ,Chandvad,1300,550,1050.0,Maharashtra,Pole
2015-12-22,Onion,23,Buldhana,FAQ,Nandura,1600,905,1600.0,Maharashtra,Other
2015-12-22,Onion,23,Ahmednagar,FAQ,Shrigonda,1600,200,1300.0,Maharashtra,Red
2015-12-22,Onion,23,Nashik,FAQ,Pimpalgaon,1475,400,911.0,Maharashtra,Pole
2015-12-23,Onion,23,Dharashiv(Usmanabad),FAQ,Dharashiv,1400,1300,1350.0,Maharashtra,Red
2015-12-23,Onion,23,Pune,FAQ,Indapur,1250,100,850.0,Maharashtra,Other
2015-12-23,Onion,23,Dharashiv(Usmanabad),FAQ,Paranda,1450,200,1000.0,Maharashtra,Other
2015-12-23,Onion,23,Nashik,FAQ,Nasik,1500,600,1200.0,Maharashtra,Pole
2015-12-24,Onion,23,Nashik,FAQ,Lasalgaon(Niphad),1212,600,1051.0,Maharashtra,Red
2015-12-24,Onion,23,Chandrapur,FAQ,Chandrapur(Ganjwad),2000,1200,1600.0,Maharashtra,Other
2015-12-24,Onion,23,Dharashiv(Usmanabad),FAQ,Dharashiv,1650,800,1225.0,Maharashtra,Red
2015-12-24,Onion,23,Nashik,FAQ,Nasik,1400,700,1100.0,Maharashtra,Pole
2015-12-25,Onion,23,Nashik,FAQ,Nasik,1500,650,1200.0,Maharashtra,Pole
2015-12-25,Onion,23,Ahmednagar,FAQ,Pathardi,1800,300,1000.0,Maharashtra,Red
2015-12-27,Onion,23,Nandurbar,FAQ,Navapur,1200,1200,1200.0,Maharashtra,Other
2015-12-27,Onion,23,Ahmednagar,FAQ,Rahuri,1900,200,1175.0,Maharashtra,Other
2015-12-27,Onion,23,Chattrapati Sambhajinagar,FAQ,Lasur Station,1725,200,900.0,Maharashtra,Other
2015-12-27,Onion,23,Pune,FAQ,Indapur,1500,100,810.0,Maharashtra,Other
2015-12-28,Onion,23,Nashik,FAQ,Malegaon,1501,310,1250.0,Maharashtra,Red
2015-12-28,Onion,23,Nashik,FAQ,Nandgaon,1585,700,1325.0,Maharashtra,Red
2015-12-28,Onion,23,Nagpur,FAQ,Nagpur,1900,1200,1725.0,Maharashtra,White
2015-12-29,Onion,23,Nashik,FAQ,Lasalgaon(Niphad),1451,851,1250.0,Maharashtra,Red
2015-12-29,Onion,23,Dharashiv(Usmanabad),FAQ,Paranda,1700,100,800.0,Maharashtra,Other
2015-12-29,Onion,23,Ahmednagar,FAQ,Pathardi,2050,200,1655.0,Maharashtra,Red
2015-12-30,Onion,23,Nashik,FAQ,Chandvad,1551,600,1360.0,Maharashtra,Pole
2015-12-30,Onion,23,Nashik,FAQ,Pimpalgaon,1640,500,1200.0,Maharashtra,Pole
2015-12-30,Onion,23,Nashik,FAQ,Malegaon,1700,400,1275.0,Maharashtra,Red
2015-12-30,Onion,23,Nashik,FAQ,Manmad,1591,600,1250.0,Maharashtra,Red
2015-12-31,Onion,23,Nagpur,FAQ,Nagpur,1800,1200,1650.0,Maharashtra,White
2015-12-31,Onion,23,Nashik,FAQ,Manmad,1556,600,1231.0,Maharashtra,Red
2015-12-31,Onion,23,Chattrapati Sambhajinagar,FAQ,Chattrapati Sambhajinagar,1800,600,1200.0,Maharashtra,Other
2023-01-01,Onion,23,Jalgaon,FAQ,Yawal,1660,950,1170.0,Maharashtra,Red
2023-01-01,Onion,23,Ahmednagar,FAQ,Rahuri,1800,100,950.0,Maharashtra,Other
2023-01-02,Onion,23,Jalgaon,FAQ,Jalgaon,1510,400,1130.0,Maharashtra,Red
2023-01-02,Onion,23,Nashik,FAQ,Manmad,1177,300,800.0,Maharashtra,Other
2023-01-02,Onion,23,Nashik,FAQ,Pimpalgaon Baswant(Saykheda),1550,500,1330.0,Maharashtra,Red
2023-01-02,Onion,23,Nashik,FAQ,Pimpalgaon Baswant(Saykheda),1255,405,1080.0,Maharashtra,Other
2023-01-02,Onion,23,Kolhapur,FAQ,Kolhapur,2200,700,1200.0,Maharashtra,Other
2023-01-03,Onion,23,Mumbai,FAQ,Vashi New Mumbai,2300,1400,1850.0,Maharashtra,Other
2023-01-03,Onion,23,Nashik,FAQ,Nampur,1835,200,1500.0,Maharashtra,Red
2023-01-03,Onion,23,Pune,FAQ,Manchar,2000,1300,1650.0,Maharashtra,Other
2023-01-03,Onion,23,Nashik,FAQ,Pimpalgaon Baswant(Saykheda),1395,500,1175.0,Maharashtra,Other
2023-01-04,Onion,23,Thane,FAQ,Kalyan,1000,600,800.0,Maharashtra,2nd Sort
2023-01-04,Onion,23,Nashik,FAQ,Umrane,1751,901,1510.0,Maharashtra,Red
2023-01-04,Onion,23,Nashik,FAQ,Umrane,1271,700,1060.0,Maharashtra,Other
2023-01-04,Onion,23,Thane,FAQ,Kalyan,1900,1300,1600.0,Maharashtra,1st Sort
2023-01-04,Onion,23,Mumbai,FAQ,Vashi New Mumbai,2200,1300,1750.0,Maharashtra,Other
2023-01-04,Onion,23,Nashik,FAQ,Yeola,1772,300,1375.0,Maharashtra,Red
2023-01-04,Onion,23,Kolhapur,FAQ,Kolhapur,2200,700,1200.0,Maharashtra,Other
2023-01-04,Onion,23,Nashik,FAQ,Manmad,1671,500,1400.0,Maharashtra,Red
2023-01-05,Onion,23,Nashik,FAQ,Manmad,1700,500,1450.0,Maharashtra,Red
2023-01-05,Onion,23,Nashik,FAQ,Pimpalgaon Baswant(Saykheda),1575,700,1360.0,Maharashtra,Red
2023-01-06,Onion,23,Nashik,FAQ,Lasalgaon,1840,800,1525.0,Maharashtra,Red
2023-01-06,Onion,23,Nashik,FAQ,Nandgaon,1641,300,1351.0,Maharashtra,Red
2023-01-06,Onion,23,Nashik,FAQ,Nandgaon,1481,225,825.0,Maharashtra,Other
2023-01-07,Onion,23,Pune,FAQ,Junnar(Narayangaon),1650,300,1200.0,Maharashtra,Other
2023-01-07,Onion,23,Sholapur,FAQ,Pandharpur,2200,250,1450.0,Maharashtra,Red
2023-01-07,Onion,23,Ahmednagar,FAQ,Newasa(Ghodegaon),1700,500,1500.0,Maharashtra,Other
2023-01-07,Onion,23,Nashik,FAQ,Lasalgaon(Vinchur),1811,800,1500.0,Maharashtra,Red
2023-01-07,Onion,23,Ahmednagar,FAQ,Rahuri(Vambori),1500,100,800.0,Maharashtra,Other
2023-01-07,Onion,23,Nashik,FAQ,Pimpalgaon,1425,550,1200.0,Maharashtra,Other
2023-01-07,Onion,23,Nashik,FAQ,Nasik,1851,1100,1501.0,Maharashtra,Pole
2023-01-07,Onion,23,Nashik,FAQ,Pimpalgaon,1915,400,1550.0,Maharashtra,Pole
2023-01-07,Onion,23,Ahmednagar,FAQ,Rahuri(Vambori),2000,100,1300.0,Maharashtra,Red
2023-01-08,Onion,23,Ahmednagar,FAQ,Rahata,2500,400,1650.0,Maharashtra,Other
2023-01-08,Onion,23,Pune,FAQ,Junnar(Otur),2000,800,1500.0,Maharashtra,Other
2023-01-09,Onion,23,Sholapur,FAQ,Akluj,1800,200,1200.0,Maharashtra,Red
2023-01-10,Onion,23,Nashik,FAQ,Pimpalgaon Baswant(Saykheda),1540,650,1325.0,Maharashtra,Red
2023-01-11,Onion,23,Nashik,FAQ,Nasik,1525,400,1300.0,Maharashtra,Other
2023-01-11,Onion,23,Nashik,FAQ,Umrane,1000,551,850.0,Maharashtra,Other
2023-01-11,Onion,23,Pune,FAQ,Pune(Khadiki),1500,1300,1450.0,Maharashtra,Local
2023-01-11,Onion,23,Nashik,FAQ,Pimpalgaon,1940,500,1500.0,Maharashtra,Other
2023-01-11,Onion,23,Nashik,FAQ,Lasalgaon(Niphad),1455,820,1370.0,Maharashtra,Red
2023-01-11,Onion,23,Nashik,FAQ,Nampur,1030,100,800.0,Maharashtra,Other
2023-01-12,Onion,23,Nashik,FAQ,Nampur,1595,100,1350.0,Maharashtra,Red
2023-01-12,Onion,23,Kolhapur,FAQ,Kolhapur,2100,700,1200.0,Maharashtra,Other
2023-01-12,Onion,23,Nashik,FAQ,Sinner,1450,300,1350.0,Maharashtra,Red
2023-01-12,Onion,23,Pune,FAQ,Pune(Khadiki),1600,1200,1400.0,Maharashtra,Local
2023-01-12,Onion,23,Pune,FAQ,Junnar(Otur),2000,800,1400.0,Maharashtra,Other
2023-01-12,Onion,23,Nashik,FAQ,Nampur,1020,100,750.0,Maharashtra,Other
2023-01-12,Onion,23,Nashik,FAQ,Lasalgaon(Niphad),1425,1095,1351.0,Maharashtra,Red
2023-01-12,Onion,23,Thane,FAQ,Kalyan,1700,1600,1650.0,Maharashtra,1st Sort
2023-01-13,Onion,23,Nashik,FAQ,Nandgaon,1452,200,1150.0,Maharashtra,Red
2023-01-14,Onion,23,Nashik,FAQ,Pimpalgaon Baswant(Saykheda),1445,600,1240.0,Maharashtra,Red
2023-01-14,Onion,23,Pune,FAQ,Pune(Khadiki),1600,1200,1400.0,Maharashtra,Local
2023-01-17,Onion,23,Nashik,FAQ,Nasik,1201,250,900.0,Maharashtra,Other
2023-01-17,Onion,23,Thane,FAQ,Kalyan,1400,1100,1200.0,Maharashtra,2nd Sort
2023-01-17,Onion,23,Nashik,FAQ,Satana,1530,300,1275.0,Maharashtra,Red
2023-01-17,Onion,23,Nashik,FAQ,Satana,1490,200,775.0,Maharashtra,Other
2023-01-17,Onion,23,Pune,FAQ,Pune(Moshi),1400,400,900.0,Maharashtra,Local
2023-01-17,Onion,23,Pune,FAQ,Junnar(Alephata),1910,900,1300.0,Maharashtra,Other
2023-01-18,Onion,23,Pune,FAQ,Pune(Khadiki),1500,1200,1350.0,Maharashtra,Local
2023-01-18,Onion,23,Nashik,FAQ,Lasalgaon,1551,600,1330.0,Maharashtra,Red
2023-01-18,Onion,23,Nashik,FAQ,Pimpalgaon,1790,350,1300.0,Maharashtra,Pole
2023-01-18,Onion,23,Nashik,FAQ,Sinner,1315,300,1050.0,Maharashtra,Red
2023-01-19,Onion,23,Nagpur,FAQ,Kamthi,1800,1400,1600.0,Maharashtra,Local
2023-01-19,Onion,23,Pune,FAQ,Pune(Moshi),1400,400,900.0,Maharashtra,Local
2023-01-19,Onion,23,Nashik,FAQ,Pimpalgaon Baswant(Saykheda),1410,700,1260.0,Maharashtra,Red
2023-01-20,Onion,23,Nashik,FAQ,Lasalgaon(Vinchur),1677,800,1451.0,Maharashtra,Red
2023-01-20,Onion,23,Nashik,FAQ,Nampur,1545,100,1200.0,Maharashtra,Red
2023-01-20,Onion,23,Nashik,FAQ,Pimpalgaon Baswant(Saykheda),1475,800,1280.0,Maharashtra,Red
2023-01-21,Onion,23,Nashik,FAQ,Pimpalgaon,1700,400,1250.0,Maharashtra,Pole
2023-01-21,Onion,23,Nashik,FAQ,Yeola,1600,300,1250.0,Maharashtra,Red
2023-01-21,Onion,23,Nashik,FAQ,Nasik,1701,1250,1475.0,Maharashtra,Pole
2023-01-21,Onion,23,Pune,FAQ,Pune(Manjri),2200,1300,1700.0,Maharashtra,Local
2023-01-22,Onion,23,Pune,FAQ,Khed(Chakan),1600,1200,1400.0,Maharashtra,Other
2023-01-22,Onion,23,Jalgaon,FAQ,Yawal,2120,1100,1660.0,Maharashtra,Red
2023-01-22,Onion,23,Ahmednagar,FAQ,Rahuri,1600,100,850.0,Maharashtra,Other
2023-01-22,Onion,23,Ahmednagar,FAQ,Parner,1700,300,1150.0,Maharashtra,Red
2023-01-22,Onion,23,Sholapur,FAQ,Akluj,2000,500,1300.0,Maharashtra,Red
2023-01-23,Onion,23,Ahmednagar,FAQ,Rahuri(Vambori),1600,100,1000.0,Maharashtra,Red
2023-01-23,Onion,23,Nashik,FAQ,Satana,1465,350,1235.0,Maharashtra,Red
2023-01-23,Onion,23,Nashik,FAQ,Yeola,1608,200,1225.0,Maharashtra,Red
2023-01-24,Onion,23,Ahmednagar,FAQ,Pathardi,1700,200,1200.0,Maharashtra,Red
2023-01-24,Onion,23,Nashik,FAQ,Pimpalgaon Baswant(Saykheda),1445,400,1225.0,Maharashtra,Red
2023-01-24,Onion,23,Pune,FAQ,Pune(Manjri),1700,800,1300.0,Maharashtra,Local
2023-01-24,Onion,23,Nagpur,FAQ,Kamthi,1800,1400,1600.0,Maharashtra,Local
2023-01-24,Onion,23,Nashik,FAQ,Sinner,1355,300,1200.0,Maharashtra,Red
2023-01-24,Onion,23,Thane,FAQ,Kalyan,900,700,800.0,Maharashtra,2nd Sort
2023-01-24,Onion,23,Kolhapur,FAQ,Kolhapur,1800,500,1200.0,Maharashtra,Other
2023-01-25,Onion,23,Thane,FAQ,Kalyan,2000,1000,1500.0,Maharashtra,1st Sort
2023-01-25,Onion,23,Nashik,FAQ,Pimpalgaon,1700,400,1300.0,Maharashtra,Pole
2023-01-25,Onion,23,Jalgaon,FAQ,Bhusaval,1000,1000,1000.0,Maharashtra,Red
2023-01-25,Onion,23,Mumbai,FAQ,Vashi New Mumbai,2100,1200,1650.0,Maharashtra,Other
2023-01-25,Onion,23,Pune,FAQ,Khed(Chakan),1700,1200,1450.0,Maharashtra,Other
2023-01-25,Onion,23,Nashik,FAQ,Lasalgaon(Niphad),1370,701,1271.0,Maharashtra,Red
2023-01-27,Onion,23,Kolhapur,FAQ,Kolhapur,1600,500,1000.0,Maharashtra,Other
2023-01-27,Onion,23,Nashik,FAQ,Sinner,1360,300,1150.0,Maharashtra,Red
2023-01-27,Onion,23,Pune,FAQ,Junnar(Narayangaon),2700,500,1500.0,Maharashtra,Other
2023-01-27,Onion,23,Sholapur,FAQ,Mangal Wedha,1600,200,1130.0,Maharashtra,Other
2023-01-27,Onion,23,Pune,FAQ,Junnar,1800,800,1000.0,Maharashtra,Local
2023-01-28,Onion,23,Kolhapur,FAQ,Kolhapur,1700,500,1200.0,Maharashtra,Other
2023-01-28,Onion,23,Jalgaon,FAQ,Jalgaon,1227,350,825.0,Maharashtra,Red
2023-01-28,Onion,23,Pune,FAQ,Khed(Chakan),1600,1000,1300.0,Maharashtra,Other
2023-01-29,Onion,23,Ahmednagar,FAQ,Rahuri,1400,100,750.0,Maharashtra,Other
2023-01-29,Onion,23,Jalgaon,FAQ,Bhusaval,1000,1000,1000.0,Maharashtra,Red
2023-01-29,Onion,23,Pune,FAQ,Junnar(Otur),2170,500,1300.0,Maharashtra,Other
2023-01-29,Onion,23,Ahmednagar,FAQ,Rahata,1350,200,900.0,Maharashtra,Red
2023-01-29,Onion,23,Ahmednagar,FAQ,Pathardi,1300,200,1000.0,Maharashtra,Red
2023-01-30,Onion,23,Pune,FAQ,Pune(Moshi),1300,300,800.0,Maharashtra,Local
2023-01-30,Onion,23,Nashik,FAQ,Lasalgaon(Vinchur),1501,500,1175.0,Maharashtra,Red
2023-01-30,Onion,23,Nagpur,FAQ,Kamthi,1800,1400,1600.0,Maharashtra,Local
2023-01-30,Onion,23,Nashik,FAQ,Lasalgaon(Niphad),1165,751,1070.0,Maharashtra,Red
2023-01-30,Onion,23,Sholapur,FAQ,Solapur,1510,100,800.0,Maharashtra,Red
2023-01-30,Onion,23,Pune,FAQ,Junnar(Narayangaon),1500,300,1000.0,Maharashtra,Other
2023-01-31,Onion,23,Pune,FAQ,Pune(Moshi),1000,500,750.0,Maharashtra,Local
2023-01-31,Onion,23,Nashik,FAQ,Lasalgaon(Vinchur),1500,500,1225.0,Maharashtra,Red
2023-01-31,Onion,23,Kolhapur,FAQ,Kolhapur,1500,500,1000.0,Maharashtra,Other
2023-01-31,Onion,23,Ahmednagar,FAQ,Pathardi,1200,200,1000.0,Maharashtra,Red
2023-01-31,Onion,23,Pune,FAQ,Manchar,1600,800,1200.0,Maharashtra,Other
2023-02-01,Onion,23,Ahmednagar,FAQ,Newasa(Ghodegaon),1300,500,1200.0,Maharashtra,Red
2023-02-01,Onion,23,Pune,FAQ,Pune,1300,500,900.0,Maharashtra,Local
2023-02-02,Onion,23,Nashik,FAQ,Nampur,1265,100,1000.0,Maharashtra,Red
2023-02-02,Onion,23,Nashik,FAQ,Pimpalgaon,1490,300,1150.0,Maharashtra,Pole
2023-02-02,Onion,23,Jalgaon,FAQ,Bhusaval,800,800,800.0,Maharashtra,Red
2023-02-02,Onion,23,Ahmednagar,FAQ,Rahuri(Vambori),1300,100,800.0,Maharashtra,Red
2023-02-02,Onion,23,Pune,FAQ,Junnar,1300,900,1100.0,Maharashtra,Other
2023-02-02,Onion,23,Pune,FAQ,Junnar(Narayangaon),1300,300,700.0,Maharashtra,Other
2023-02-02,Onion,23,Pune,FAQ,Pune(Moshi),1000,400,700.0,Maharashtra,Local
2023-02-03,Onion,23,Pune,FAQ,Junnar(Alephata),1450,700,1200.0,Maharashtra,Other
2023-02-03,Onion,23,Kolhapur,FAQ,Kolhapur,1500,500,800.0,Maharashtra,Other
2023-02-03,Onion,23,Nashik,FAQ,Pimpalgaon Baswant(Saykheda),1200,400,990.0,Maharashtra,Red
2023-02-03,Onion,23,Nashik,FAQ,Pimpalgaon,1495,300,1100.0,Maharashtra,Pole
2023-02-03,Onion,23,Jalgaon,FAQ,Jalgaon,1102,325,975.0,Maharashtra,Red
2023-02-04,Onion,23,Nashik,FAQ,Nasik,1351,700,1100.0,Maharashtra,Pole
2023-02-04,Onion,23,Kolhapur,FAQ,Kolhapur,1500,500,900.0,Maharashtra,Other
2023-02-04,Onion,23,Nashik,FAQ,Yeola,1291,300,1000.0,Maharashtra,Red
2023-02-04,Onion,23,Nashik,FAQ,Lasalgaon(Niphad),1151,551,1061.0,Maharashtra,Red
2023-02-04,Onion,23,Pune,FAQ,Khed(Chakan),1400,1000,1200.0,Maharashtra,Other
2023-02-04,Onion,23,Nashik,FAQ,Lasalgaon(Vinchur),1451,600,1150.0,Maharashtra,Red
2023-02-05,Onion,23,Nagpur,FAQ,Kamthi,1800,1400,1600.0,Maharashtra,Local
2023-02-05,Onion,23,Pune,FAQ,Pune(Khadiki),1300,800,1050.0,Maharashtra,Local
2023-02-05,Onion,23,Ahmednagar,FAQ,Pathardi,1200,200,1000.0,Maharashtra,Red
2023-02-05,Onion,23,Thane,FAQ,Kalyan,1600,1500,1550.0,Maharashtra,1st Sort
2023-02-06,Onion,23,Pune,FAQ,Indapur,1100,200,700.0,Maharashtra,Red
2023-02-06,Onion,23,Nagpur,FAQ,Kamthi,1800,1400,1600.0,Maharashtra,Local
2023-02-07,Onion,23,Sholapur,FAQ,Pandharpur,1850,200,1400.0,Maharashtra,Red
2023-02-07,Onion,23,Nashik,FAQ,Kalvan,1225,300,950.0,Maharashtra,Red
2023-02-07,Onion,23,Mumbai,FAQ,Vashi New Mumbai,1400,800,1100.0,Maharashtra,Other
2023-02-07,Onion,23,Nashik,FAQ,Nasik,1301,650,1000.0,Maharashtra,Other
2023-02-07,Onion,23,Nashik,FAQ,Nandgaon,1241,100,900.0,Maharashtra,Red
2023-02-07,Onion,23,Pune,FAQ,Pune(Manjri),1300,800,1100.0,Maharashtra,Local
2023-02-07,Onion,23,Pune,FAQ,Pune(Khadiki),1300,1000,1150.0,Maharashtra,Local
2023-02-07,Onion,23,Pune,FAQ,Pune(Moshi),1000,300,650.0,Maharashtra,Local
2023-02-08,Onion,23,Pune,FAQ,Pune(Khadiki),1200,700,950.0,Maharashtra,Local
2023-02-08,Onion,23,Sholapur,FAQ,Solapur,1600,100,900.0,Maharashtra,Red
2023-02-08,Onion,23,Ahmednagar,FAQ,Parner,1400,300,1050.0,Maharashtra,Red
2023-02-09,Onion,23,Nashik,FAQ,Pimpalgaon Baswant(Saykheda),1275,350,840.0,Maharashtra,Red
2023-02-09,Onion,23,Pune,FAQ,Pune,1300,500,900.0,Maharashtra,Local
2023-02-09,Onion,23,Nashik,FAQ,Sinner,1230,200,850.0,Maharashtra,Red
2023-02-10,Onion,23,Nashik,FAQ,Satana,1260,200,925.0,Maharashtra,Red
2023-02-10,Onion,23,Jalgaon,FAQ,Bhusaval,1000,1000,1000.0,Maharashtra,Red
2023-02-10,Onion,23,Nashik,FAQ,Kalvan,1025,200,801.0,Maharashtra,Red
2023-02-10,Onion,23,Mumbai,FAQ,Vashi New Mumbai,1300,900,1100.0,Maharashtra,Other
2023-02-10,Onion,23,Nashik,FAQ,Pimpalgaon,1390,350,950.0,Maharashtra,Pole
2023-02-10,Onion,23,Nashik,FAQ,Umrane,1100,550,900.0,Maharashtra,Red
2023-02-10,Onion,23,Pune,FAQ,Pune,1300,500,900.0,Maharashtra,Local
2023-02-10,Onion,23,Nashik,FAQ,Manmad,1160,300,900.0,Maharashtra,Red
2023-02-11,Onion,23,Pune,FAQ,Junnar(Narayangaon),1300,300,800.0,Maharashtra,Other
2023-02-11,Onion,23,Sholapur,FAQ,Pandharpur,1700,200,1000.0,Maharashtra,Red
2023-02-11,Onion,23,Ahmednagar,FAQ,Newasa(Ghodegaon),1200,500,1000.0,Maharashtra,Red
2023-02-12,Onion,23,Pune,FAQ,Manchar,1300,700,1000.0,Maharashtra,Other
2023-02-12,Onion,23,Nagpur,FAQ,Kamthi,1800,1400,1600.0,Maharashtra,Local
2023-02-12,Onion,23,Pune,FAQ,Khed(Chakan),1300,1000,1150.0,Maharashtra,Other
2023-02-12,Onion,23,Jalgaon,FAQ,Bhusaval,1000,1000,1000.0,Maharashtra,Red
2023-02-13,Onion,23,Pune,FAQ,Pune,1300,500,900.0,Maharashtra,Local
2023-02-13,Onion,23,Nashik,FAQ,Pimpalgaon,1435,300,801.0,Maharashtra,Pole
2023-02-13,Onion,23,Pune,FAQ,Pune(Manjri),1300,800,1100.0,Maharashtra,Local
2023-02-13,Onion,23,Ahmednagar,FAQ,Rahuri(Vambori),1300,100,800.0,Maharashtra,Red
2023-02-14,Onion,23,Jalgaon,FAQ,Yawal,2010,1030,1710.0,Maharashtra,Red
2023-02-14,Onion,23,Jalgaon,FAQ,Jalgaon,865,375,625.0,Maharashtra,Red
2023-02-14,Onion,23,Nashik,FAQ,Lasalgaon,1297,451,780.0,Maharashtra,Red
2023-02-14,Onion,23,Pune,FAQ,Pune(Manjri),1300,800,1100.0,Maharashtra,Local
2023-02-15,Onion,23,Nashik,FAQ,Manmad,960,300,750.0,Maharashtra,Red
2023-02-15,Onion,23,Pune,FAQ,Junnar(Narayangaon),1200,1000,1100.0,Maharashtra,Other
2023-02-15,Onion,23,Thane,FAQ,Kalyan,1500,1400,1450.0,Maharashtra,1st Sort
2023-02-15,Onion,23,Nashik,FAQ,Nandgaon,871,100,575.0,Maharashtra,Red
2023-02-16,Onion,23,Nashik,FAQ,Lasalgaon(Niphad),820,500,700.0,Maharashtra,Red
2023-02-16,Onion,23,Kolhapur,FAQ,Kolhapur,1400,500,900.0,Maharashtra,Other
2023-02-16,Onion,23,Nashik,FAQ,Satana,905,180,665.0,Maharashtra,Red
2023-02-16,Onion,23,Pune,FAQ,Junnar(Otur),1310,700,1000.0,Maharashtra,Other
2023-02-16,Onion,23,Nashik,FAQ,Sinner,821,100,575.0,Maharashtra,Red
2023-02-16,Onion,23,Pune,FAQ,Junnar(Narayangaon),1250,500,900.0,Maharashtra,Other
2023-02-16,Onion,23,Nashik,FAQ,Yeola,853,100,550.0,Maharashtra,Red
2023-02-16,Onion,23,Pune,FAQ,Pune,1200,400,800.0,Maharashtra,Local
2023-02-16,Onion,23,Nashik,FAQ,Umrane,1140,501,855.0,Maharashtra,Red
2023-02-16,Onion,23,Nashik,FAQ,Manmad,895,100,650.0,Maharashtra,Red
2023-02-16,Onion,23,Mumbai,FAQ,Vashi New Mumbai,1300,700,1000.0,Maharashtra,Other
2023-02-17,Onion,23,Pune,FAQ,Indapur,1005,200,800.0,Maharashtra,Red
2023-02-17,Onion,23,Nashik,FAQ,Yeola,827,150,550.0,Maharashtra,Red
2023-02-17,Onion,23,Nashik,FAQ,Satana,960,200,685.0,Maharashtra,Red
2023-02-17,Onion,23,Nashik,FAQ,Lasalgaon(Niphad),741,300,620.0,Maharashtra,Red
2023-02-17,Onion,23,Nashik,FAQ,Lasalgaon,1226,400,675.0,Maharashtra,Red
2023-02-17,Onion,23,Nashik,FAQ,Nasik,875,325,650.0,Maharashtra,Pole
2023-02-17,Onion,23,Pune,FAQ,Khed(Chakan),1200,900,1000.0,Maharashtra,Other
2023-02-17,Onion,23,Nashik,FAQ,Manmad,951,100,700.0,Maharashtra,Red
2023-02-17,Onion,23,Sholapur,FAQ,Solapur,1440,100,650.0,Maharashtra,Red
2023-02-17,Onion,23,Mumbai,FAQ,Vashi New Mumbai,1200,700,950.0,Maharashtra,Other
2023-02-17,Onion,23,Thane,FAQ,Kalyan,1400,1000,1200.0,Maharashtra,1st Sort
2023-02-18,Onion,23,Pune,FAQ,Pune(Manjri),1300,800,1100.0,Maharashtra,Local
2023-02-18,Onion,23,Ahmednagar,FAQ,Rahuri(Vambori),1000,100,600.0,Maharashtra,Red
2023-02-18,Onion,23,Nashik,FAQ,Pimpalgaon Baswant(Saykheda),900,250,525.0,Maharashtra,Red
2023-02-18,Onion,23,Pune,FAQ,Khed(Chakan),1300,900,1100.0,Maharashtra,Other
2023-02-20,Onion,23,Pune,FAQ,Pune(Manjri),1300,800,1100.0,Maharashtra,Local
2023-02-20,Onion,23,Jalgaon,FAQ,Yawal,1930,1000,1650.0,Maharashtra,Red
2023-02-20,Onion,23,Nashik,FAQ,Lasalgaon(Niphad),778,500,650.0,Maharashtra,Red
2023-02-21,Onion,23,Pune,FAQ,Manchar,1400,700,1050.0,Maharashtra,Other
2023-02-21,Onion,23,Pune,FAQ,Khed(Chakan),1200,800,1000.0,Maharashtra,Other
2023-02-21,Onion,23,Nashik,FAQ,Sinner,701,100,500.0,Maharashtra,Other
2023-02-21,Onion,23,Jalgaon,FAQ,Yawal,1720,950,1410.0,Maharashtra,Red
2023-02-21,Onion,23,Nashik,FAQ,Pimpalgaon Baswant(Saykheda),1000,250,530.0,Maharashtra,Red
2023-02-22,Onion,23,Pune,FAQ,Indapur,900,100,600.0,Maharashtra,Red
2023-02-22,Onion,23,Sholapur,FAQ,Mangal Wedha,950,200,800.0,Maharashtra,Other
2023-02-23,Onion,23,Nashik,FAQ,Nandgaon,712,100,450.0,Maharashtra,Red
2023-02-24,Onion,23,Nashik,FAQ,Lasalgaon(Vinchur),1172,300,550.0,Maharashtra,Red
2023-02-24,Onion,23,Pune,FAQ,Junnar(Alephata),1300,400,800.0,Maharashtra,Other
2023-02-24,Onion,23,Nashik,FAQ,Umrane,908,351,600.0,Maharashtra,Red
2023-02-24,Onion,23,Pune,FAQ,Indapur,900,100,500.0,Maharashtra,Red
2023-02-24,Onion,23,Pune,FAQ,Junnar(Narayangaon),1100,1000,1050.0,Maharashtra,Other
2023-02-24,Onion,23,Nashik,FAQ,Nasik,851,351,600.0,Maharashtra,Pole
2023-02-24,Onion,23,Jalgaon,FAQ,Yawal,1600,800,1100.0,Maharashtra,Red
2023-02-25,Onion,23,Nashik,FAQ,Lasalgaon(Vinchur),1148,300,600.0,Maharashtra,Red
2023-02-25,Onion,23,Jalgaon,FAQ,Bhusaval,1000,1000,1000.0,Maharashtra,Red
2023-02-25,Onion,23,Nashik,FAQ,Pimpalgaon,1055,350,590.0,Maharashtra,Pole
2023-02-25,Onion,23,Satara,FAQ,Vai,1500,700,1000.0,Maharashtra,Local
2023-02-26,Onion,23,Pune,FAQ,Manchar,1250,800,1025.0,Maharashtra,Other
2023-02-27,Onion,23,Sholapur,FAQ,Solapur,1400,100,500.0,Maharashtra,Red
2023-02-27,Onion,23,Nashik,FAQ,Lasalgaon(Niphad),730,351,600.0,Maharashtra,Red
2023-02-27,Onion,23,Nashik,FAQ,Sinner,736,100,500.0,Maharashtra,Red
2023-02-28,Onion,23,Thane,FAQ,Kalyan,1100,1000,1050.0,Maharashtra,1st Sort
2023-02-28,Onion,23,Ahmednagar,FAQ,Pathardi,800,300,600.0,Maharashtra,Red
2023-02-28,Onion,23,Nashik,FAQ,Lasalgaon(Vinchur),1175,400,600.0,Maharashtra,Red
2023-02-28,Onion,23,Mumbai,FAQ,Vashi New Mumbai,1200,600,900.0,Maharashtra,Other
2023-02-28,Onion,23,Pune,FAQ,Pune(Moshi),800,200,500.0,Maharashtra,Local
2023-02-28,Onion,23,Kolhapur,FAQ,Kolhapur,1300,400,800.0,Maharashtra,Other
2023-02-28,Onion,23,Sholapur,FAQ,Pandharpur,1200,200,800.0,Maharashtra,Red
2023-02-28,Onion,23,Nashik,FAQ,Pimpalgaon Baswant(Saykheda),850,300,575.0,Maharashtra,Red
2023-02-28,Onion,23,Nashik,FAQ,Sinner,700,100,500.0,Maharashtra,Red
2023-03-01,Onion,23,Nashik,FAQ,Pimpalgaon Baswant(Saykheda),1000,350,650.0,Maharashtra,Red
2023-03-01,Onion,23,Nashik,FAQ,Sinner,821,100,600.0,Maharashtra,Red
2023-03-01,Onion,23,Pune,FAQ,Pune(Manjri),1100,600,800.0,Maharashtra,Local
2023-03-01,Onion,23,Nashik,FAQ,Manmad,876,200,650.0,Maharashtra,Red
2023-03-01,Onion,23,Nashik,FAQ,Nampur,1055,100,600.0,Maharashtra,Red
2023-03-01,Onion,23,Mumbai,FAQ,Vashi New Mumbai,1200,600,900.0,Maharashtra,Other
2023-03-01,Onion,23,Nashik,FAQ,Satana,965,100,700.0,Maharashtra,Red
2023-03-01,Onion,23,Nashik,FAQ,Nasik,901,451,700.0,Maharashtra,Pole
2023-03-01,Onion,23,Nashik,FAQ,Lasalgaon(Vinchur),1101,400,711.0,Maharashtra,Red
2023-03-02,Onion,23,Jalgaon,FAQ,Yawal,1020,585,660.0,Maharashtra,Red
2023-03-02,Onion,23,Jalgaon,FAQ,Bhusaval,1000,1000,1000.0,Maharashtra,Red
2023-03-02,Onion,23,Sholapur,FAQ,Kurdwadi(Modnimb),1066,200,650.0,Maharashtra,Red
2023-03-02,Onion,23,Nashik,FAQ,Sinner,822,100,650.0,Maharashtra,Red
2023-03-02,Onion,23,Ahmednagar,FAQ,Rahuri(Vambori),1000,100,600.0,Maharashtra,Red
2023-03-02,Onion,23,Pune,FAQ,Junnar(Narayangaon),910,500,700.0,Maharashtra,Other
2023-03-02,Onion,23,Nashik,FAQ,Lasalgaon(Niphad),810,401,750.0,Maharashtra,Red
2023-03-02,Onion,23,Pune,FAQ,Manchar,1410,700,1055.0,Maharashtra,Other
2023-03-03,Onion,23,Ahmednagar,FAQ,Rahuri,1100,100,600.0,Maharashtra,Red
2023-03-03,Onion,23,Pune,FAQ,Pune,1200,500,850.0,Maharashtra,Local
2023-03-03,Onion,23,Ahmednagar,FAQ,Rahata,1000,200,750.0,Maharashtra,Other
2023-03-04,Onion,23,Ahmednagar,FAQ,Rahuri(Vambori),1200,100,700.0,Maharashtra,Red
2023-03-04,Onion,23,Pune,FAQ,Pune(Khadiki),1000,700,850.0,Maharashtra,Local
2023-03-04,Onion,23,Pune,FAQ,Pune(Moshi),800,200,500.0,Maharashtra,Local
2023-03-05,Onion,23,Ahmednagar,FAQ,Rahata,1100,200,750.0,Maharashtra,Other
2023-03-06,Onion,23,Mumbai,FAQ,Vashi New Mumbai,1300,700,1000.0,Maharashtra,Other
2023-03-06,Onion,23,Nashik,FAQ,Lasalgaon(Niphad),812,451,750.0,Maharashtra,Red
2023-03-06,Onion,23,Sholapur,FAQ,Kurdwadi(Modnimb),1175,100,650.0,Maharashtra,Red
2023-03-06,Onion,23,Nashik,FAQ,Lasalgaon,1201,400,760.0,Maharashtra,Red
2023-03-06,Onion,23,Pune,FAQ,Khed(Chakan),1400,800,1100.0,Maharashtra,Other
2023-03-07,Onion,23,Pune,FAQ,Junnar(Alephata),1510,500,1000.0,Maharashtra,Other
2023-03-07,Onion,23,Nashik,FAQ,Pimpalgaon,1093,290,800.0,Maharashtra,Pole
2023-03-07,Onion,23,Satara,FAQ,Vai,1300,500,1000.0,Maharashtra,Local
2023-03-08,Onion,23,Nashik,FAQ,Lasalgaon(Vinchur),1100,400,775.0,Maharashtra,Red
2023-03-08,Onion,23,Nashik,FAQ,Nasik,851,500,600.0,Maharashtra,Pole
2023-03-08,Onion,23,Nashik,FAQ,Pimpalgaon Baswant(Saykheda),1100,400,725.0,Maharashtra,Red
2023-03-08,Onion,23,Pune,FAQ,Pune,1300,500,900.0,Maharashtra,Local
2023-03-09,Onion,23,Pune,FAQ,Junnar(Narayangaon),1600,300,1100.0,Maharashtra,Other
2023-03-09,Onion,23,Kolhapur,FAQ,Kolhapur,1400,400,800.0,Maharashtra,Other
2023-03-09,Onion,23,Nashik,FAQ,Manmad,923,200,700.0,Maharashtra,Red
2023-03-09,Onion,23,Pune,FAQ,Pune(Moshi),900,200,550.0,Maharashtra,Local
2023-03-09,Onion,23,Nashik,FAQ,Yeola,926,250,675.0,Maharashtra,Red
2023-03-09,Onion,23,Pune,FAQ,Khed(Chakan),1400,900,1150.0,Maharashtra,Other
2023-03-09,Onion,23,Nashik,FAQ,Sinner,1009,300,800.0,Maharashtra,Red
2023-03-09,Onion,23,Jalgaon,FAQ,Bhusaval,1000,1000,1000.0,Maharashtra,Red
2023-03-10,Onion,23,Nagpur,FAQ,Kamthi,1400,1000,1200.0,Maharashtra,Local
2023-03-10,Onion,23,Nashik,FAQ,Yeola,921,150,675.0,Maharashtra,Red
2023-03-10,Onion,23,Ahmednagar,FAQ,Pathardi,1300,200,800.0,Maharashtra,Red
2023-03-10,Onion,23,Nashik,FAQ,Nasik,1051,500,850.0,Maharashtra,Pole
2023-03-10,Onion,23,Pune,FAQ,Pune,1200,500,850.0,Maharashtra,Local
2023-03-10,Onion,23,Nashik,FAQ,Lasalgaon(Vinchur),1215,500,850.0,Maharashtra,Red
2023-03-10,Onion,23,Ahmednagar,FAQ,Rahata,1250,200,900.0,Maharashtra,Other
2023-03-10,Onion,23,Pune,FAQ,Junnar(Alephata),1510,500,1000.0,Maharashtra,Other
2023-03-10,Onion,23,Nashik,FAQ,Pimpalgaon,1400,700,1100.0,Maharashtra,Other
2023-03-11,Onion,23,Kolhapur,FAQ,Kolhapur,1300,400,900.0,Maharashtra,Other
2023-03-11,Onion,23,Pune,FAQ,Pune(Moshi),800,200,500.0,Maharashtra,Local
2023-03-11,Onion,23,Nashik,FAQ,Yeola,944,200,675.0,Maharashtra,Red
2023-03-11,Onion,23,Mumbai,FAQ,Vashi New Mumbai,1400,800,1100.0,Maharashtra,Other
2023-03-12,Onion,23,Pune,FAQ,Khed(Chakan),1300,900,1100.0,Maharashtra,Other
2023-03-12,Onion,23,Pune,FAQ,Pune(Moshi),800,200,500.0,Maharashtra,Local
2023-03-13,Onion,23,Nashik,FAQ,Lasalgaon(Niphad),1001,430,800.0,Maharashtra,Red
2023-03-13,Onion,23,Nashik,FAQ,Pimpalgaon,1500,750,1200.0,Maharashtra,Other
2023-03-13,Onion,23,Sholapur,FAQ,Mangal Wedha,1100,250,900.0,Maharashtra,Other
2023-03-13,Onion,23,Nashik,FAQ,Nandgaon,1000,265,700.0,Maharashtra,Other
2023-03-14,Onion,23,Kolhapur,FAQ,Kolhapur,1100,400,700.0,Maharashtra,Other
2023-03-14,Onion,23,Pune,FAQ,Khed(Chakan),1300,800,1050.0,Maharashtra,Other
2023-03-14,Onion,23,Nashik,FAQ,Umrane,938,351,700.0,Maharashtra,Red
2023-03-14,Onion,23,Jalgaon,FAQ,Yawal,775,400,510.0,Maharashtra,Red
2023-03-14,Onion,23,Kolhapur,FAQ,Vadgaonpeth,1200,1000,1100.0,Maharashtra,Local
2023-03-14,Onion,23,Sholapur,FAQ,Solapur,1600,100,700.0,Maharashtra,Red
2023-03-14,Onion,23,Nashik,FAQ,Umrane,1100,551,900.0,Maharashtra,Other
2023-03-14,Onion,23,Nashik,FAQ,Nandgaon,881,150,600.0,Maharashtra,Red
2023-03-14,Onion,23,Nashik,FAQ,Pimpalgaon,1131,300,851.0,Maharashtra,Pole
2023-03-15,Onion,23,Nashik,FAQ,Manmad,853,100,650.0,Maharashtra,Red
2023-03-15,Onion,23,Mumbai,FAQ,Vashi New Mumbai,1300,800,1050.0,Maharashtra,Other
2023-03-15,Onion,23,Thane,FAQ,Kalyan,1100,1000,1050.0,Maharashtra,1st Sort
2023-03-15,Onion,23,Nashik,FAQ,Lasalgaon(Vinchur),1104,400,750.0,Maharashtra,Red
2023-03-15,Onion,23,Nashik,FAQ,Lasalgaon,1271,600,1100.0,Maharashtra,Other
2023-03-15,Onion,23,Nashik,FAQ,Pimpalgaon,1213,286,800.0,Maharashtra,Pole
2023-03-15,Onion,23,Jalgaon,FAQ,Bhusaval,1000,1000,1000.0,Maharashtra,Red
2023-03-15,Onion,23,Nashik,FAQ,Satana,935,120,700.0,Maharashtra,Red
2023-03-16,Onion,23,Nashik,FAQ,Nandgaon,851,550,650.0,Maharashtra,Other
2023-03-16,Onion,23,Nashik,FAQ,Lasalgaon,1080,351,751.0,Maharashtra,Red
2023-03-16,Onion,23,Nashik,FAQ,Umrane,940,351,700.0,Maharashtra,Red
2023-03-16,Onion,23,Nashik,FAQ,Yeola,876,200,575.0,Maharashtra,Red
2023-03-16,Onion,23,Nashik,FAQ,Lasalgaon,1290,518,1151.0,Maharashtra,Other
2023-03-16,Onion,23,Jalgaon,FAQ,Bhusaval,1000,1000,1000.0,Maharashtra,Red
2023-03-16,Onion,23,Jalgaon,FAQ,Jalgaon,797,377,512.0,Maharashtra,Red
2023-03-17,Onion,23,Nashik,FAQ,Satana,865,125,755.0,Maharashtra,Red
2023-03-17,Onion,23,Satara,FAQ,Vai,1300,700,1000.0,Maharashtra,Local
2023-03-17,Onion,23,Pune,FAQ,Khed(Chakan),1300,800,1100.0,Maharashtra,Other
2023-03-17,Onion,23,Nashik,FAQ,Lasalgaon(Niphad),1027,690,1003.0,Maharashtra,Other
2023-03-17,Onion,23,Ahmednagar,FAQ,Rahuri,1100,100,600.0,Maharashtra,Red
2023-03-17,Onion,23,Nashik,FAQ,Satana,1225,325,1050.0,Maharashtra,Other
2023-03-18,Onion,23,Nashik,FAQ,Manmad,815,200,650.0,Maharashtra,Red
2023-03-18,Onion,23,Mumbai,FAQ,Vashi New Mumbai,1200,800,1000.0,Maharashtra,Other
2023-03-18,Onion,23,Nashik,FAQ,Lasalgaon(Vinchur),1130,400,750.0,Maharashtra,Red
2023-03-19,Onion,23,Pune,FAQ,Pune(Moshi),800,200,500.0,Maharashtra,Local
2023-03-19,Onion,23,Nagpur,FAQ,Kamthi,1600,1200,1400.0,Maharashtra,Local
2023-03-19,Onion,23,Ahmednagar,FAQ,Rahata,1250,200,800.0,Maharashtra,Other
2023-03-19,Onion,23,Pune,FAQ,Pune(Khadiki),1200,800,1000.0,Maharashtra,Local
2023-03-19,Onion,23,Pune,FAQ,Junnar(Alephata),1510,500,1000.0,Maharashtra,Other
2023-03-20,Onion,23,Nashik,FAQ,Pimpalgaon Baswant(Saykheda),910,500,780.0,Maharashtra,Other
2023-03-20,Onion,23,Pune,FAQ,Pune(Manjri),1300,800,1100.0,Maharashtra,Local
2023-03-20,Onion,23,Nagpur,FAQ,Hingna,1500,1000,1500.0,Maharashtra,Other
2023-03-20,Onion,23,Nashik,FAQ,Lasalgaon(Niphad),913,400,750.0,Maharashtra,Red
2023-03-21,Onion,23,Sholapur,FAQ,Solapur,1500,100,600.0,Maharashtra,Red
2023-03-21,Onion,23,Nashik,FAQ,Lasalgaon(Niphad),941,400,721.0,Maharashtra,Red
2023-03-21,Onion,23,Pune,FAQ,Khed(Chakan),1100,700,900.0,Maharashtra,Other
2023-03-21,Onion,23,Nashik,FAQ,Umrane,900,301,700.0,Maharashtra,Red
2023-03-21,Onion,23,Sholapur,FAQ,Barshi,1125,50,750.0,Maharashtra,Other
2023-03-21,Onion,23,Nashik,FAQ,Satana,970,120,730.0,Maharashtra,Red
2023-03-21,Onion,23,Ahmednagar,FAQ,Kopargaon,885,300,720.0,Maharashtra,Red
2023-03-21,Onion,23,Jalgaon,FAQ,Yawal,720,400,530.0,Maharashtra,Red
2023-03-22,Onion,23,Nashik,FAQ,Lasalgaon,1191,600,1000.0,Maharashtra,Other
2023-03-22,Onion,23,Nashik,FAQ,Manmad,1501,600,1000.0,Maharashtra,Other
2023-03-22,Onion,23,Pune,FAQ,Manchar,1250,700,975.0,Maharashtra,Other
2023-03-22,Onion,23,Pune,FAQ,Junnar(Narayangaon),1110,800,1000.0,Maharashtra,Other
2023-03-22,Onion,23,Nashik,FAQ,Lasalgaon(Vinchur),1038,400,700.0,Maharashtra,Red
2023-03-22,Onion,23,Nashik,FAQ,Lasalgaon(Vinchur),1120,700,1000.0,Maharashtra,Other
2023-03-23,Onion,23,Ahmednagar,FAQ,Rahuri(Vambori),1100,100,600.0,Maharashtra,Red
2023-03-23,Onion,23,Kolhapur,FAQ,Kolhapur,1300,400,800.0,Maharashtra,Other
2023-03-23,Onion,23,Pune,FAQ,Junnar,1200,700,900.0,Maharashtra,Other
2023-03-23,Onion,23,Pune,FAQ,Khed(Chakan),1200,800,1000.0,Maharashtra,Other
2023-03-23,Onion,23,Nashik,FAQ,Umrane,900,301,700.0,Maharashtra,Red
2023-03-23,Onion,23,Nashik,FAQ,Nandgaon,838,100,625.0,Maharashtra,Red
2023-03-23,Onion,23,Ahmednagar,FAQ,Kopargaon,815,350,710.0,Maharashtra,Red
2023-03-23,Onion,23,Nashik,FAQ,Satana,920,150,725.0,Maharashtra,Red
2023-03-23,Onion,23,Jalgaon,FAQ,Chalisgaon,766,100,600.0,Maharashtra,Red
2023-03-23,Onion,23,Nashik,FAQ,Nasik,1125,400,800.0,Maharashtra,Other
2023-03-24,Onion,23,Nashik,FAQ,Satana,940,150,735.0,Maharashtra,Red
2023-03-24,Onion,23,Nashik,FAQ,Yeola,976,300,800.0,Maharashtra,Other
2023-03-24,Onion,23,Kolhapur,FAQ,Kolhapur,1300,400,900.0,Maharashtra,Other
2023-03-24,Onion,23,Nashik,FAQ,Lasalgaon,1195,500,1025.0,Maharashtra,Other
2023-03-24,Onion,23,Ahmednagar,FAQ,Pathardi,1000,300,800.0,Maharashtra,Red
2023-03-24,Onion,23,Jalgaon,FAQ,Jalgaon,750,350,550.0,Maharashtra,Red
2023-03-24,Onion,23,Pune,FAQ,Pune,1100,400,750.0,Maharashtra,Local
2023-03-24,Onion,23,Jalgaon,FAQ,Bhusaval,1000,1000,1000.0,Maharashtra,Red
2023-03-25,Onion,23,Sholapur,FAQ,Pandharpur,1210,200,900.0,Maharashtra,Red
2023-03-25,Onion,23,Kolhapur,FAQ,Kolhapur,1400,400,800.0,Maharashtra,Other
2023-03-25,Onion,23,Ahmednagar,FAQ,Rahuri(Vambori),1100,100,700.0,Maharashtra,Red
2023-03-25,Onion,23,Jalgaon,FAQ,Jalgaon,750,312,605.0,Maharashtra,Red
2023-03-25,Onion,23,Jalgaon,FAQ,Bhusaval,1000,1000,1000.0,Maharashtra,Red
2023-03-25,Onion,23,Nashik,FAQ,Pimpalgaon,1345,300,1000.0,Maharashtra,Other
2023-03-26,Onion,23,Pune,FAQ,Pune(Manjri),1100,800,900.0,Maharashtra,Local
2023-03-26,Onion,23,Ahmednagar,FAQ,Rahata,1200,200,850.0,Maharashtra,Other
2023-03-26,Onion,23,Sholapur,FAQ,Akluj,900,500,700.0,Maharashtra,Red
2023-03-27,Onion,23,Nashik,FAQ,Pimpalgaon Baswant(Saykheda),900,300,600.0,Maharashtra,Red
2023-03-27,Onion,23,Nashik,FAQ,Manmad,990,400,750.0,Maharashtra,Other
2023-03-27,Onion,23,Thane,FAQ,Kalyan,1300,1000,1150.0,Maharashtra,1st Sort
2023-03-27,Onion,23,Pune,FAQ,Pune,1000,400,700.0,Maharashtra,Local
2023-03-27,Onion,23,Nagpur,FAQ,Kamthi,1600,1200,1400.0,Maharashtra,Local
2023-03-27,Onion,23,Nashik,FAQ,Lasalgaon(Vinchur),1130,600,950.0,Maharashtra,Other
2023-03-27,Onion,23,Sholapur,FAQ,Mangal Wedha,1200,200,900.0,Maharashtra,Other
2023-03-27,Onion,23,Nashik,FAQ,Nampur,995,170,700.0,Maharashtra,Other
2023-03-27,Onion,23,Nashik,FAQ,Nandgaon,1005,270,750.0,Maharashtra,Other
2023-03-28,Onion,23,Nashik,FAQ,Pimpalgaon,1201,300,900.0,Maharashtra,Other
2023-03-28,Onion,23,Nashik,FAQ,Pimpalgaon Baswant(Saykheda),1025,300,750.0,Maharashtra,Other
2023-03-28,Onion,23,Ahmednagar,FAQ,Kopargaon,800,300,750.0,Maharashtra,Red
2023-03-28,Onion,23,Pune,FAQ,Junnar(Alephata),1400,500,1000.0,Maharashtra,Other
2023-03-28,Onion,23,Nashik,FAQ,Lasalgaon(Niphad),959,511,800.0,Maharashtra,Other
2023-03-28,Onion,23,Jalgaon,FAQ,Chalisgaon,711,100,540.0,Maharashtra,Red
2023-03-29,Onion,23,Nashik,FAQ,Nasik,1001,450,750.0,Maharashtra,Other
2023-03-29,Onion,23,Sholapur,FAQ,Barshi,1000,50,675.0,Maharashtra,Other
2023-03-29,Onion,23,Nashik,FAQ,Manmad,670,100,550.0,Maharashtra,Red
2023-03-29,Onion,23,Nashik,FAQ,Pimpalgaon,1070,300,850.0,Maharashtra,Other
2023-03-29,Onion,23,Ahmednagar,FAQ,Newasa(Ghodegaon),800,200,600.0,Maharashtra,Red
2023-03-30,Onion,23,Pune,FAQ,Junnar(Narayangaon),1000,300,600.0,Maharashtra,Other
2023-03-30,Onion,23,Jalgaon,FAQ,Yawal,700,410,500.0,Maharashtra,Red
2023-03-30,Onion,23,Ahmednagar,FAQ,Rahuri(Vambori),800,100,400.0,Maharashtra,Red
2023-03-30,Onion,23,Pune,FAQ,Pune,900,300,600.0,Maharashtra,Local
2023-03-30,Onion,23,Nagpur,FAQ,Kamthi,1600,1200,1400.0,Maharashtra,Local
2023-03-31,Onion,23,Nashik,FAQ,Pimpalgaon,825,200,650.0,Maharashtra,Pole
2023-03-31,Onion,23,Nashik,FAQ,Yeola,725,226,600.0,Maharashtra,Other
2023-03-31,Onion,23,Jalgaon,FAQ,Chalisgaon,691,100,480.0,Maharashtra,Red
2023-03-31,Onion,23,Nashik,FAQ,Lasalgaon(Vinchur),858,300,600.0,Maharashtra,Red
2023-03-31,Onion,23,Nashik,FAQ,Umrane,760,351,650.0,Maharashtra,Red
2023-03-31,Onion,23,Jalgaon,FAQ,Yawal,700,400,500.0,Maharashtra,Red
2023-03-31,Onion,23,Ahmednagar,FAQ,Rahuri,900,100,500.0,Maharashtra,Other
2023-04-01,Onion,23,Pune,FAQ,Pune(Manjri),1100,800,900.0,Maharashtra,Local
2023-04-01,Onion,23,Kolhapur,FAQ,Vadgaonpeth,1300,900,1100.0,Maharashtra,Local
2023-04-03,Onion,23,Ahmednagar,FAQ,Newasa(Ghodegaon),800,200,500.0,Maharashtra,Other
2023-04-03,Onion,23,Sholapur,FAQ,Kurdwadi(Modnimb),850,70,525.0,Maharashtra,Red
2023-04-04,Onion,23,Sholapur,FAQ,Pandharpur,1050,150,650.0,Maharashtra,Red
2023-04-04,Onion,23,Pune,FAQ,Khed(Chakan),900,600,750.0,Maharashtra,Other
2023-04-04,Onion,23,Nashik,FAQ,Lasalgaon(Vinchur),1000,500,800.0,Maharashtra,Other
2023-04-05,Onion,23,Sholapur,FAQ,Akluj,1300,300,900.0,Maharashtra,Red
2023-04-05,Onion,23,Sholapur,FAQ,Barshi,945,50,550.0,Maharashtra,Other
2023-04-05,Onion,23,Jalgaon,FAQ,Chalisgaon,741,100,501.0,Maharashtra,Red
2023-04-05,Onion,23,Pune,FAQ,Khed(Chakan),1200,800,1000.0,Maharashtra,Other
2023-04-05,Onion,23,Pune,FAQ,Pune(Khadiki),1100,700,900.0,Maharashtra,Local
2023-04-05,Onion,23,Nashik,FAQ,Lasalgaon(Vinchur),1011,500,800.0,Maharashtra,Other
2023-04-06,Onion,23,Nagpur,FAQ,Kamthi,1600,1200,1400.0,Maharashtra,Local
2023-04-06,Onion,23,Nashik,FAQ,Lasalgaon,1080,551,825.0,Maharashtra,Other
2023-04-06,Onion,23,Pune,FAQ,Junnar,1000,600,800.0,Maharashtra,Other
2023-04-06,Onion,23,Ahmednagar,FAQ,Sangamner,1200,200,700.0,Maharashtra,Other
2023-04-06,Onion,23,Nashik,FAQ,Lasalgaon,700,300,600.0,Maharashtra,Red
2023-04-06,Onion,23,Jalgaon,FAQ,Bhusaval,1000,1000,1000.0,Maharashtra,Red
2023-04-06,Onion,23,Sholapur,FAQ,Pandharpur,900,150,600.0,Maharashtra,Red
2023-04-06,Onion,23,Nashik,FAQ,Nasik,1200,425,900.0,Maharashtra,Other
2023-04-07,Onion,23,Ahmednagar,FAQ,Parner,1100,100,650.0,Maharashtra,Red
2023-04-07,Onion,23,Nashik,FAQ,Lasalgaon(Vinchur),743,300,600.0,Maharashtra,Red
2023-04-07,Onion,23,Ahmednagar,FAQ,Sangamner,1151,200,675.0,Maharashtra,Other
2023-04-07,Onion,23,Nashik,FAQ,Lasalgaon,1090,600,870.0,Maharashtra,Other
2023-04-07,Onion,23,Sholapur,FAQ,Solapur,1200,100,400.0,Maharashtra,Red
2023-04-07,Onion,23,Nashik,FAQ,Pimpalgaon,799,250,500.0,Maharashtra,Pole
2023-04-07,Onion,23,Nagpur,FAQ,Kamthi,1600,1200,1400.0,Maharashtra,Local
2023-04-08,Onion,23,Pune,FAQ,Khed(Chakan),1000,700,850.0,Maharashtra,Other
2023-04-09,Onion,23,Pune,FAQ,Khed(Chakan),1000,700,850.0,Maharashtra,Other
2023-04-09,Onion,23,Pune,FAQ,Pune(Khadiki),1100,700,900.0,Maharashtra,Local
2023-04-09,Onion,23,Sholapur,FAQ,Akluj,1200,400,800.0,Maharashtra,Red
2023-04-10,Onion,23,Sholapur,FAQ,Kurdwadi(Modnimb),845,50,500.0,Maharashtra,Red
2023-04-10,Onion,23,Nashik,FAQ,Yeola,716,150,450.0,Maharashtra,Red
2023-04-10,Onion,23,Nashik,FAQ,Pimpalgaon,699,300,450.0,Maharashtra,Pole
2023-04-10,Onion,23,Pune,FAQ,Pune,900,300,600.0,Maharashtra,Local
2023-04-10,Onion,23,Nashik,FAQ,Pimpalgaon Baswant(Saykheda),660,220,500.0,Maharashtra,Red
2023-04-10,Onion,23,Nashik,FAQ,Nandgaon,840,100,550.0,Maharashtra,Other
2023-04-11,Onion,23,Pune,FAQ,Pune(Khadiki),1000,600,800.0,Maharashtra,Local
2023-04-11,Onion,23,Pune,FAQ,Khed(Chakan),1000,700,850.0,Maharashtra,Other
2023-04-11,Onion,23,Jalgaon,FAQ,Jalgaon,770,275,537.0,Maharashtra,Red
2023-04-11,Onion,23,Nashik,FAQ,Pimpalgaon,731,250,550.0,Maharashtra,Pole
2023-04-11,Onion,23,Mumbai,FAQ,Vashi New Mumbai,1100,600,850.0,Maharashtra,Other
2023-04-11,Onion,23,Nashik,FAQ,Sinner,901,100,600.0,Maharashtra,Red
2023-04-11,Onion,23,Nashik,FAQ,Manmad,835,201,700.0,Maharashtra,Other
2023-04-12,Onion,23,Nashik,FAQ,Nampur,905,100,700.0,Maharashtra,Other
2023-04-12,Onion,23,Pune,FAQ,Khed(Chakan),1000,700,850.0,Maharashtra,Other
2023-04-12,Onion,23,Nashik,FAQ,Pimpalgaon,700,225,580.0,Maharashtra,Pole
2023-04-12,Onion,23,Jalgaon,FAQ,Chalisgaon,721,100,550.0,Maharashtra,Red
2023-04-12,Onion,23,Kolhapur,FAQ,Kolhapur,1000,300,600.0,Maharashtra,Other
2023-04-12,Onion,23,Nashik,FAQ,Yeola,862,150,700.0,Maharashtra,Other
2023-04-13,Onion,23,Nashik,FAQ,Nandgaon,800,100,550.0,Maharashtra,Other
2023-04-13,Onion,23,Nashik,FAQ,Umrane,700,201,550.0,Maharashtra,Red
2023-04-13,Onion,23,Nashik,FAQ,Satana,900,50,730.0,Maharashtra,Other
2023-04-13,Onion,23,Nashik,FAQ,Pimpalgaon,1161,301,850.0,Maharashtra,Other
2023-04-13,Onion,23,Nashik,FAQ,Kalvan,801,150,600.0,Maharashtra,Red
2023-04-13,Onion,23,Nashik,FAQ,Lasalgaon,778,300,620.0,Maharashtra,Red
2023-04-13,Onion,23,Jalgaon,FAQ,Jalgaon,812,427,627.0,Maharashtra,Red
2023-04-14,Onion,23,Nashik,FAQ,Lasalgaon(Niphad),681,475,602.0,Maharashtra,Red
2023-04-14,Onion,23,Ahmednagar,FAQ,Rahuri,1000,100,550.0,Maharashtra,Other
2023-04-14,Onion,23,Ahmednagar,FAQ,Sangamner,1151,200,651.0,Maharashtra,Other
2023-04-14,Onion,23,Ahmednagar,FAQ,Rahata,1100,200,750.0,Maharashtra,Other
2023-04-15,Onion,23,Nashik,FAQ,Lasalgaon(Vinchur),981,400,750.0,Maharashtra,Other
2023-04-15,Onion,23,Ahmednagar,FAQ,Newasa(Ghodegaon),1000,200,600.0,Maharashtra,Other
2023-04-15,Onion,23,Nashik,FAQ,Nasik,500,100,400.0,Maharashtra,Pole
2023-04-15,Onion,23,Nashik,FAQ,Lasalgaon(Niphad),852,351,725.0,Maharashtra,Other
2023-04-15,Onion,23,Nashik,FAQ,Lasalgaon,740,300,480.0,Maharashtra,Red
2023-04-15,Onion,23,Pune,FAQ,Junnar,1000,700,900.0,Maharashtra,Other
2023-04-15,Onion,23,Sholapur,FAQ,Pandharpur,900,200,600.0,Maharashtra,Red
2023-04-15,Onion,23,Nashik,FAQ,Manmad,860,200,700.0,Maharashtra,Other
2023-04-15,Onion,23,Nashik,FAQ,Pimpalgaon,1253,250,800.0,Maharashtra,Other
2023-04-15,Onion,23,Jalgaon,FAQ,Bhusaval,1000,1000,1000.0,Maharashtra,Red
2023-04-16,Onion,23,Ahmednagar,FAQ,Rahuri,1000,100,550.0,Maharashtra,Other
2023-04-16,Onion,23,Pune,FAQ,Pune,950,350,650.0,Maharashtra,Local
2023-04-16,Onion,23,Pune,FAQ,Junnar(Otur),1210,500,900.0,Maharashtra,Other
2023-04-17,Onion,23,Nashik,FAQ,Manmad,625,100,490.0,Maharashtra,Red
2023-04-17,Onion,23,Nashik,FAQ,Manmad,763,100,550.0,Maharashtra,Other
2023-04-17,Onion,23,Nashik,FAQ,Lasalgaon(Niphad),560,321,441.0,Maharashtra,Red
2023-04-17,Onion,23,Nashik,FAQ,Satana,680,100,475.0,Maharashtra,Red
2023-04-17,Onion,23,Nashik,FAQ,Pimpalgaon Baswant(Saykheda),900,200,650.0,Maharashtra,Other
2023-04-17,Onion,23,Nashik,FAQ,Nasik,551,125,400.0,Maharashtra,Pole
2023-04-17,Onion,23,Kolhapur,FAQ,Kolhapur,1100,300,700.0,Maharashtra,Other
2023-04-17,Onion,23,Pune,FAQ,Junnar(Narayangaon),1000,300,700.0,Maharashtra,Other
2023-04-17,Onion,23,Satara,FAQ,Vai,1200,500,900.0,Maharashtra,Local
2023-04-17,Onion,23,Nashik,FAQ,Yeola,861,150,700.0,Maharashtra,Other
2023-04-17,Onion,23,Pune,FAQ,Pune(Khadiki),1000,600,800.0,Maharashtra,Local
2023-04-17,Onion,23,Sholapur,FAQ,Mangal Wedha,1060,150,500.0,Maharashtra,Other
2023-04-18,Onion,23,Nashik,FAQ,Lasalgaon,625,320,541.0,Maharashtra,Red
2023-04-18,Onion,23,Pune,FAQ,Pune(Moshi),900,300,600.0,Maharashtra,Local
2023-04-18,Onion,23,Nashik,FAQ,Satana,955,55,725.0,Maharashtra,Other
2023-04-18,Onion,23,Nashik,FAQ,Manmad,563,100,480.0,Maharashtra,Red
2023-04-18,Onion,23,Kolhapur,FAQ,Kolhapur,1000,300,600.0,Maharashtra,Other
2023-04-18,Onion,23,Nagpur,FAQ,Kamthi,1600,1200,1400.0,Maharashtra,Local
2023-04-18,Onion,23,Nashik,FAQ,Nasik,951,450,725.0,Maharashtra,Other
2023-04-18,Onion,23,Jalgaon,FAQ,Yawal,730,425,550.0,Maharashtra,Red
2023-04-18,Onion,23,Jalgaon,FAQ,Jalgaon,752,350,552.0,Maharashtra,Red
2023-04-19,Onion,23,Jalgaon,FAQ,Yawal,750,430,580.0,Maharashtra,Red
2023-04-19,Onion,23,Pune,FAQ,Pune,900,400,650.0,Maharashtra,Local
2023-04-19,Onion,23,Nashik,FAQ,Satana,565,50,420.0,Maharashtra,Red
2023-04-19,Onion,23,Nashik,FAQ,Lasalgaon(Vinchur),960,350,675.0,Maharashtra,Other
2023-04-20,Onion,23,Nashik,FAQ,Manmad,778,101,600.0,Maharashtra,Other
2023-04-20,Onion,23,Nashik,FAQ,Nasik,900,300,700.0,Maharashtra,Other
2023-04-20,Onion,23,Jalgaon,FAQ,Jalgaon,650,300,475.0,Maharashtra,Red
2023-04-21,Onion,23,Mumbai,FAQ,Vashi New Mumbai,1100,600,850.0,Maharashtra,Other
2023-04-21,Onion,23,Nashik,FAQ,Manmad,719,101,600.0,Maharashtra,Other
2023-04-21,Onion,23,Nashik,FAQ,Pimpalgaon,1381,200,800.0,Maharashtra,Other
2023-04-21,Onion,23,Kolhapur,FAQ,Kolhapur,1100,300,700.0,Maharashtra,Other
2023-04-21,Onion,23,Jalgaon,FAQ,Bhusaval,800,800,800.0,Maharashtra,Red
2023-04-22,Onion,23,Pune,FAQ,Pune(Moshi),900,400,650.0,Maharashtra,Local
2023-04-22,Onion,23,Pune,FAQ,Pune(Khadiki),1000,600,800.0,Maharashtra,Local
2023-04-22,Onion,23,Pune,FAQ,Junnar(Narayangaon),1000,300,700.0,Maharashtra,Other
2023-04-23,Onion,23,Pune,FAQ,Junnar(Alephata),1100,500,800.0,Maharashtra,Other
2023-04-23,Onion,23,Thane,FAQ,Kalyan,1000,800,900.0,Maharashtra,1st Sort
2023-04-23,Onion,23,Satara,FAQ,Vai,1000,500,750.0,Maharashtra,Local
2023-04-23,Onion,23,Nagpur,FAQ,Kamthi,1600,1200,1400.0,Maharashtra,Local
2023-04-24,Onion,23,Nashik,FAQ,Manmad,760,101,600.0,Maharashtra,Other
2023-04-24,Onion,23,Ahmednagar,FAQ,Sangamner,1000,200,600.0,Maharashtra,Other
2023-04-24,Onion,23,Nashik,FAQ,Nandgaon,726,100,450.0,Maharashtra,Other
2023-04-24,Onion,23,Thane,FAQ,Kalyan,1000,800,900.0,Maharashtra,1st Sort
2023-04-24,Onion,23,Pune,FAQ,Pune,850,300,580.0,Maharashtra,Local
2023-04-24,Onion,23,Ahmednagar,FAQ,Rahuri(Vambori),900,100,400.0,Maharashtra,Other
2023-04-24,Onion,23,Nashik,FAQ,Pimpalgaon Baswant(Saykheda),900,200,590.0,Maharashtra,Other
2023-04-25,Onion,23,Nashik,FAQ,Pimpalgaon Baswant(Saykheda),850,200,580.0,Maharashtra,Other
2023-04-25,Onion,23,Ahmednagar,FAQ,Rahata,900,150,650.0,Maharashtra,Other
2023-04-25,Onion,23,Pune,FAQ,Junnar(Alephata),1100,500,700.0,Maharashtra,Other
2023-04-25,Onion,23,Ahmednagar,FAQ,Sangamner,1000,200,600.0,Maharashtra,Other
2023-04-25,Onion,23,Nashik,FAQ,Nasik,400,120,300.0,Maharashtra,Pole
2023-04-26,Onion,23,Sholapur,FAQ,Solapur,1200,100,400.0,Maharashtra,Red
2023-04-26,Onion,23,Pune,FAQ,Pune(Khadiki),1000,500,750.0,Maharashtra,Local
2023-04-26,Onion,23,Nashik,FAQ,Satana,1000,75,675.0,Maharashtra,Other
2023-04-26,Onion,23,Satara,FAQ,Vai,1000,500,750.0,Maharashtra,Local
2023-04-26,Onion,23,Nashik,FAQ,Sinner,795,100,500.0,Maharashtra,Other
2023-04-26,Onion,23,Nashik,FAQ,Pimpalgaon,1395,200,800.0,Maharashtra,Other
2023-04-26,Onion,23,Jalgaon,FAQ,Bhusaval,800,800,800.0,Maharashtra,Red
2023-04-26,Onion,23,Ahmednagar,FAQ,Newasa(Ghodegaon),900,200,600.0,Maharashtra,Other
2023-04-26,Onion,23,Nashik,FAQ,Lasalgaon,1100,300,610.0,Maharashtra,Other
2023-04-27,Onion,23,Nashik,FAQ,Lasalgaon(Niphad),781,300,630.0,Maharashtra,Other
2023-04-27,Onion,23,Jalgaon,FAQ,Bhusaval,700,700,700.0,Maharashtra,Red
2023-04-27,Onion,23,Sholapur,FAQ,Kurdwadi(Modnimb),725,50,450.0,Maharashtra,Red
2023-04-28,Onion,23,Nashik,FAQ,Manmad,800,200,650.0,Maharashtra,Other
2023-04-28,Onion,23,Pune,FAQ,Khed(Chakan),700,400,550.0,Maharashtra,Other
2023-04-28,Onion,23,Jalgaon,FAQ,Jalgaon,750,315,550.0,Maharashtra,Red
2023-04-28,Onion,23,Pune,FAQ,Junnar(Alephata),1100,500,700.0,Maharashtra,Other
2023-04-28,Onion,23,Sholapur,FAQ,Mangal Wedha,750,300,650.0,Maharashtra,Other
2023-04-28,Onion,23,Ahmednagar,FAQ,Rahata,1000,200,750.0,Maharashtra,Other
2023-04-28,Onion,23,Pune,FAQ,Pune(Khadiki),1000,700,850.0,Maharashtra,Local
2023-04-28,Onion,23,Pune,FAQ,Pune(Manjri),1100,800,900.0,Maharashtra,Local
2023-04-28,Onion,23,Thane,FAQ,Kalyan,1500,900,1200.0,Maharashtra,1st Sort
2023-04-29,Onion,23,Ahmednagar,FAQ,Rahuri(Vambori),900,100,500.0,Maharashtra,Other
2023-04-29,Onion,23,Satara,FAQ,Vai,1000,500,750.0,Maharashtra,Local
2023-04-29,Onion,23,Sholapur,FAQ,Pandharpur,1000,200,650.0,Maharashtra,Red
2023-04-30,Onion,23,Pune,FAQ,Pune(Moshi),800,200,500.0,Maharashtra,Local
2023-04-30,Onion,23,Satara,FAQ,Vai,1000,500,750.0,Maharashtra,Local
2023-04-30,Onion,23,Nashik,FAQ,Lasalgaon,981,400,680.0,Maharashtra,Other
2023-04-30,Onion,23,Sholapur,FAQ,Kurdwadi(Modnimb),630,200,500.0,Maharashtra,Red
2023-04-30,Onion,23,Sholapur,FAQ,Akluj,900,300,800.0,Maharashtra,Red
2023-05-01,Onion,23,Pune,FAQ,Junnar(Narayangaon),800,200,500.0,Maharashtra,Other
2023-05-02,Onion,23,Nashik,FAQ,Nasik,925,250,600.0,Maharashtra,Other
2023-05-02,Onion,23,Sholapur,FAQ,Solapur,1350,100,450.0,Maharashtra,Red
2023-05-02,Onion,23,Pune,FAQ,Pune,850,300,575.0,Maharashtra,Local
2023-05-02,Onion,23,Nashik,FAQ,Lasalgaon(Vinchur),851,300,650.0,Maharashtra,Other
2023-05-02,Onion,23,Pune,FAQ,Pune(Khadiki),1000,500,750.0,Maharashtra,Local
2023-05-03,Onion,23,Nashik,FAQ,Lasalgaon(Vinchur),1031,400,700.0,Maharashtra,Other
2023-05-03,Onion,23,Sholapur,FAQ,Barshi,800,100,475.0,Maharashtra,Other
2023-05-03,Onion,23,Nashik,FAQ,Sinner,731,100,500.0,Maharashtra,Other
2023-05-04,Onion,23,Nashik,FAQ,Sinner,791,100,575.0,Maharashtra,Other
2023-05-04,Onion,23,Jalgaon,FAQ,Bhusaval,500,500,500.0,Maharashtra,Red
2023-05-05,Onion,23,Kolhapur,FAQ,Kolhapur,1200,400,800.0,Maharashtra,Other
2023-05-05,Onion,23,Pune,FAQ,Pune(Moshi),2000,300,1150.0,Maharashtra,Local
2023-05-05,Onion,23,Ahmednagar,FAQ,Pathardi,900,200,600.0,Maharashtra,Red
2023-05-05,Onion,23,Pune,FAQ,Pune,1000,400,700.0,Maharashtra,Local
2023-05-05,Onion,23,Sholapur,FAQ,Mangal Wedha,1030,200,700.0,Maharashtra,Other
2023-05-06,Onion,23,Mumbai,FAQ,Vashi New Mumbai,1000,500,750.0,Maharashtra,Other
2023-05-06,Onion,23,Pune,FAQ,Junnar(Narayangaon),800,300,500.0,Maharashtra,Other
2023-05-06,Onion,23,Pune,FAQ,Pune(Moshi),700,200,450.0,Maharashtra,Local
2023-05-07,Onion,23,Jalgaon,FAQ,Yawal,820,490,630.0,Maharashtra,Red
2023-05-07,Onion,23,Satara,FAQ,Vai,900,500,700.0,Maharashtra,Local
2023-05-07,Onion,23,Ahmednagar,FAQ,Pathardi,900,200,600.0,Maharashtra,Red
2023-05-07,Onion,23,Jalgaon,FAQ,Bhusaval,1000,1000,1000.0,Maharashtra,Red
2023-05-07,Onion,23,Sholapur,FAQ,Akluj,750,300,600.0,Maharashtra,Red
2023-05-07,Onion,23,Pune,FAQ,Junnar(Alephata),1210,500,900.0,Maharashtra,Other
2023-05-07,Onion,23,Ahmednagar,FAQ,Rahata,1100,200,750.0,Maharashtra,Other
2023-05-08,Onion,23,Nagpur,FAQ,Hingna,1200,1200,1200.0,Maharashtra,Other
2023-05-08,Onion,23,Jalgaon,FAQ,Yawal,820,490,610.0,Maharashtra,Red
2023-05-08,Onion,23,Pune,FAQ,Pune(Moshi),600,300,450.0,Maharashtra,Local
2023-05-08,Onion,23,Ahmednagar,FAQ,Newasa(Ghodegaon),1000,200,700.0,Maharashtra,Other
2023-05-08,Onion,23,Sholapur,FAQ,Mangal Wedha,1000,200,750.0,Maharashtra,Other
2023-05-08,Onion,23,Nashik,FAQ,Umrane,951,351,700.0,Maharashtra,Other
2023-05-08,Onion,23,Pune,FAQ,Pune(Manjri),1100,600,800.0,Maharashtra,Local
2023-05-08,Onion,23,Nagpur,FAQ,Kamthi,1600,1200,1400.0,Maharashtra,Local
2023-05-09,Onion,23,Nashik,FAQ,Pimpalgaon Baswant(Saykheda),875,200,575.0,Maharashtra,Other
2023-05-09,Onion,23,Ahmednagar,FAQ,Pathardi,825,200,600.0,Maharashtra,Red
2023-05-09,Onion,23,Sholapur,FAQ,Barshi,950,100,450.0,Maharashtra,Other
2023-05-09,Onion,23,Pune,FAQ,Pune(Moshi),800,200,500.0,Maharashtra,Local
2023-05-09,Onion,23,Pune,FAQ,Pune,1000,400,700.0,Maharashtra,Local
2023-05-09,Onion,23,Kolhapur,FAQ,Kolhapur,1300,400,800.0,Maharashtra,Other
2023-05-09,Onion,23,Nashik,FAQ,Nampur,1200,100,700.0,Maharashtra,Other
2023-05-09,Onion,23,Nagpur,FAQ,Kamthi,1600,1200,1400.0,Maharashtra,Local
2023-05-10,Onion,23,Pune,FAQ,Pune,1000,400,700.0,Maharashtra,Local
2023-05-10,Onion,23,Nagpur,FAQ,Hingna,1300,1300,1300.0,Maharashtra,Other
2023-05-10,Onion,23,Nashik,FAQ,Satana,980,100,710.0,Maharashtra,Other
2023-05-11,Onion,23,Nashik,FAQ,Sinner,860,100,550.0,Maharashtra,Other
2023-05-11,Onion,23,Nashik,FAQ,Satana,955,100,665.0,Maharashtra,Other
2023-05-11,Onion,23,Pune,FAQ,Junnar,1100,550,950.0,Maharashtra,Other
2023-05-11,Onion,23,Kolhapur,FAQ,Kolhapur,1000,300,600.0,Maharashtra,Other
2023-05-12,Onion,23,Sholapur,FAQ,Solapur,1400,100,500.0,Maharashtra,Red
2023-05-12,Onion,23,Pune,FAQ,Pune(Khadiki),1000,500,750.0,Maharashtra,Local
2023-05-12,Onion,23,Nashik,FAQ,Pimpalgaon Baswant(Saykheda),850,200,600.0,Maharashtra,Other
2023-05-12,Onion,23,Ahmednagar,FAQ,Parner,1100,100,700.0,Maharashtra,Other
2023-05-12,Onion,23,Pune,FAQ,Khed(Chakan),900,500,600.0,Maharashtra,Other
2023-05-12,Onion,23,Pune,FAQ,Pune(Manjri),800,600,700.0,Maharashtra,Local
2023-05-12,Onion,23,Pune,FAQ,Pune,1050,800,975.0,Maharashtra,Local
2023-05-12,Onion,23,Ahmednagar,FAQ,Rahuri,900,100,500.0,Maharashtra,Other
2023-05-12,Onion,23,Nashik,FAQ,Yeola,920,150,650.0,Maharashtra,Other
2023-05-13,Onion,23,Nashik,FAQ,Nandgaon,801,75,450.0,Maharashtra,Other
2023-05-13,Onion,23,Jalgaon,FAQ,Jalgaon,627,300,450.0,Maharashtra,Red
2023-05-13,Onion,23,Nashik,FAQ,Lasalgaon(Vinchur),1110,350,750.0,Maharashtra,Other
2023-05-13,Onion,23,Sholapur,FAQ,Solapur,1400,100,500.0,Maharashtra,Red
2023-05-14,Onion,23,Nagpur,FAQ,Kamthi,1600,1200,1400.0,Maharashtra,Local
2023-05-14,Onion,23,Pune,FAQ,Manchar,1000,600,800.0,Maharashtra,Other
2023-05-14,Onion,23,Pune,FAQ,Junnar(Alephata),1100,400,800.0,Maharashtra,Other
2023-05-14,Onion,23,Pune,FAQ,Pune,1000,400,700.0,Maharashtra,Local
2023-05-14,Onion,23,Pune,FAQ,Junnar(Narayangaon),700,300,500.0,Maharashtra,Other
2023-05-15,Onion,23,Nashik,FAQ,Manmad,1001,150,650.0,Maharashtra,Other
2023-05-15,Onion,23,Nashik,FAQ,Lasalgaon(Vinchur),1140,400,750.0,Maharashtra,Other
2023-05-16,Onion,23,Jalgaon,FAQ,Bhusaval,500,500,500.0,Maharashtra,Red
2023-05-16,Onion,23,Kolhapur,FAQ,Kolhapur,1200,400,800.0,Maharashtra,Other
2023-05-16,Onion,23,Nashik,FAQ,Nampur,1070,100,550.0,Maharashtra,Other
2023-05-16,Onion,23,Nashik,FAQ,Sinner,611,100,500.0,Maharashtra,Other
2023-05-16,Onion,23,Pune,FAQ,Pune(Moshi),700,200,450.0,Maharashtra,Local
2023-05-16,Onion,23,Nashik,FAQ,Lasalgaon,1190,300,715.0,Maharashtra,Other
2023-05-16,Onion,23,Thane,FAQ,Kalyan,1500,900,1200.0,Maharashtra,1st Sort
2023-05-16,Onion,23,Nagpur,FAQ,Hingna,1200,1200,1200.0,Maharashtra,Other
2023-05-17,Onion,23,Nashik,FAQ,Nampur,1105,100,600.0,Maharashtra,Other
2023-05-17,Onion,23,Nashik,FAQ,Sinner,775,100,450.0,Maharashtra,Other
2023-05-17,Onion,23,Kolhapur,FAQ,Vadgaonpeth,1500,800,1200.0,Maharashtra,Local
2023-05-18,Onion,23,Pune,FAQ,Pune,1200,400,800.0,Maharashtra,Local
2023-05-18,Onion,23,Nashik,FAQ,Nasik,900,200,600.0,Maharashtra,Other
2023-05-18,Onion,23,Ahmednagar,FAQ,Rahuri(Vambori),900,100,400.0,Maharashtra,Other
2023-05-18,Onion,23,Nashik,FAQ,Lasalgaon,1201,300,725.0,Maharashtra,Other
2023-05-18,Onion,23,Sholapur,FAQ,Pandharpur,1100,200,700.0,Maharashtra,Red
2023-05-18,Onion,23,Mumbai,FAQ,Vashi New Mumbai,1100,400,750.0,Maharashtra,Other
2023-05-18,Onion,23,Nashik,FAQ,Lasalgaon(Vinchur),1118,350,700.0,Maharashtra,Other
2023-05-19,Onion,23,Nashik,FAQ,Nasik,1000,200,600.0,Maharashtra,Other
2023-05-19,Onion,23,Nashik,FAQ,Lasalgaon(Niphad),799,300,601.0,Maharashtra,Other
2023-05-19,Onion,23,Pune,FAQ,Junnar(Narayangaon),1000,300,700.0,Maharashtra,Other
2023-05-19,Onion,23,Ahmednagar,FAQ,Sangamner,951,200,575.0,Maharashtra,Other
2023-05-19,Onion,23,Pune,FAQ,Junnar(Alephata),1250,400,800.0,Maharashtra,Other
2023-05-20,Onion,23,Jalgaon,FAQ,Jalgaon,600,225,400.0,Maharashtra,Red
2023-05-20,Onion,23,Nashik,FAQ,Manmad,901,100,425.0,Maharashtra,Other
2023-05-20,Onion,23,Pune,FAQ,Baramati,801,200,600.0,Maharashtra,Red
2023-05-20,Onion,23,Nagpur,FAQ,Kamthi,1600,1200,1400.0,Maharashtra,Local
2023-05-20,Onion,23,Nashik,FAQ,Lasalgaon(Niphad),797,325,500.0,Maharashtra,Other
2023-05-21,Onion,23,Pune,FAQ,Junnar(Otur),1230,500,900.0,Maharashtra,Other
2023-05-21,Onion,23,Satara,FAQ,Vai,900,300,500.0,Maharashtra,Local
2023-05-21,Onion,23,Ahmednagar,FAQ,Pathardi,800,200,600.0,Maharashtra,Red
2023-05-21,Onion,23,Ahmednagar,FAQ,Parner,1100,100,750.0,Maharashtra,Other
2023-05-22,Onion,23,Pune,FAQ,Pune(Khadiki),1000,500,750.0,Maharashtra,Local
2023-05-22,Onion,23,Pune,FAQ,Junnar(Narayangaon),700,300,500.0,Maharashtra,Other
2023-05-22,Onion,23,Nagpur,FAQ,Kamthi,1600,1200,1400.0,Maharashtra,Local
2023-05-22,Onion,23,Ahmednagar,FAQ,Sangamner,1001,200,600.0,Maharashtra,Other
2023-05-22,Onion,23,Nashik,FAQ,Pimpalgaon Baswant(Saykheda),745,160,570.0,Maharashtra,Other
2023-05-22,Onion,23,Nashik,FAQ,Yeola,898,100,600.0,Maharashtra,Other
2023-05-22,Onion,23,Sholapur,FAQ,Mangal Wedha,1000,150,700.0,Maharashtra,Other
2023-05-23,Onion,23,Kolhapur,FAQ,Vadgaonpeth,1800,700,1000.0,Maharashtra,Local
2023-05-23,Onion,23,Nashik,FAQ,Nandgaon,981,50,400.0,Maharashtra,Other
2023-05-23,Onion,23,Pune,FAQ,Pune(Moshi),1000,200,600.0,Maharashtra,Local
2023-05-24,Onion,23,Jalgaon,FAQ,Bhusaval,500,500,500.0,Maharashtra,Red
2023-05-24,Onion,23,Pune,FAQ,Pune(Manjri),800,400,600.0,Maharashtra,Local
2023-05-24,Onion,23,Thane,FAQ,Kalyan,1400,1200,1300.0,Maharashtra,1st Sort
2023-05-24,Onion,23,Mumbai,FAQ,Vashi New Mumbai,1000,500,750.0,Maharashtra,Other
2023-05-24,Onion,23,Ahmednagar,FAQ,Parner,1100,100,700.0,Maharashtra,Other
2023-05-24,Onion,23,Nashik,FAQ,Nampur,1355,100,700.0,Maharashtra,Other
2023-05-25,Onion,23,Nashik,FAQ,Pimpalgaon Baswant(Saykheda),665,200,560.0,Maharashtra,Other
2023-05-25,Onion,23,Jalgaon,FAQ,Bhusaval,500,500,500.0,Maharashtra,Red
2023-05-25,Onion,23,Nashik,FAQ,Manmad,1150,100,550.0,Maharashtra,Other
2023-05-25,Onion,23,Nashik,FAQ,Lasalgaon,1201,251,675.0,Maharashtra,Other
2023-05-25,Onion,23,Thane,FAQ,Kalyan,1400,1200,1300.0,Maharashtra,1st Sort
2023-05-26,Onion,23,Pune,FAQ,Junnar(Narayangaon),900,200,500.0,Maharashtra,Other
2023-05-26,Onion,23,Ahmednagar,FAQ,Pathardi,825,200,600.0,Maharashtra,Red
2023-05-26,Onion,23,Ahmednagar,FAQ,Parner,1375,200,800.0,Maharashtra,Other
2023-05-26,Onion,23,Pune,FAQ,Junnar(Alephata),1400,500,1000.0,Maharashtra,Other
2023-05-26,Onion,23,Sholapur,FAQ,Solapur,1600,100,800.0,Maharashtra,Red
2023-05-26,Onion,23,Nashik,FAQ,Satana,1095,70,685.0,Maharashtra,Other
2023-05-26,Onion,23,Sholapur,FAQ,Barshi,500,300,300.0,Maharashtra,Other
2023-05-26,Onion,23,Jalgaon,FAQ,Bhusaval,500,500,500.0,Maharashtra,Red
2023-05-26,Onion,23,Pune,FAQ,Pune(Khadiki),1000,500,750.0,Maharashtra,Local
2023-05-27,Onion,23,Pune,FAQ,Pune(Khadiki),1000,500,750.0,Maharashtra,Local
2023-05-27,Onion,23,Pune,FAQ,Khed(Chakan),1000,600,800.0,Maharashtra,Other
2023-05-27,Onion,23,Nashik,FAQ,Yeola,1000,150,700.0,Maharashtra,Other
2023-05-27,Onion,23,Sholapur,FAQ,Solapur,2000,100,900.0,Maharashtra,Red
2023-05-27,Onion,23,Nashik,FAQ,Manmad,1133,161,600.0,Maharashtra,Other
2023-05-28,Onion,23,Jalgaon,FAQ,Bhusaval,500,500,500.0,Maharashtra,Red
2023-05-28,Onion,23,Pune,FAQ,Junnar(Otur),1500,500,1100.0,Maharashtra,Other
2023-05-28,Onion,23,Pune,FAQ,Pune(Khadiki),900,500,700.0,Maharashtra,Local
2023-05-28,Onion,23,Pune,FAQ,Junnar(Narayangaon),1000,300,700.0,Maharashtra,Other
2023-05-29,Onion,23,Nashik,FAQ,Nandgaon,1100,100,550.0,Maharashtra,Other
2023-05-29,Onion,23,Ahmednagar,FAQ,Rahata,756,215,375.0,Maharashtra,Other
2023-05-29,Onion,23,Sholapur,FAQ,Barshi,711,135,355.0,Maharashtra,Other
2023-05-29,Onion,23,Nashik,FAQ,Pimpalgaon,1700,200,700.0,Maharashtra,Other
2023-05-29,Onion,23,Nashik,FAQ,Nampur,1380,100,700.0,Maharashtra,Other
2023-05-29,Onion,23,Sholapur,FAQ,Mangal Wedha,800,140,510.0,Maharashtra,Other
2023-05-29,Onion,23,Nashik,FAQ,Nasik,1200,300,750.0,Maharashtra,Other
2023-05-29,Onion,23,Nashik,FAQ,Lasalgaon(Niphad),1100,375,651.0,Maharashtra,Other
2023-05-29,Onion,23,Ahmednagar,FAQ,Rahuri(Vambori),900,100,400.0,Maharashtra,Other
2023-05-29,Onion,23,Ahmednagar,FAQ,Sangamner,1225,200,712.0,Maharashtra,Other
2023-05-29,Onion,23,Pune,FAQ,Pune,1300,500,900.0,Maharashtra,Local
2023-05-30,Onion,23,Nashik,FAQ,Lasalgaon,1217,400,860.0,Maharashtra,Other
2023-05-30,Onion,23,Nashik,FAQ,Lasalgaon(Niphad),826,311,700.0,Maharashtra,Other
2023-05-30,Onion,23,Mumbai,FAQ,Vashi New Mumbai,1200,500,850.0,Maharashtra,Other
2023-05-30,Onion,23,Ahmednagar,FAQ,Rahuri,1100,100,600.0,Maharashtra,Other
2023-05-30,Onion,23,Ahmednagar,FAQ,Rahata,1100,200,600.0,Maharashtra,Other
2023-05-31,Onion,23,Pune,FAQ,Baramati,1000,200,650.0,Maharashtra,Red
2023-05-31,Onion,23,Nashik,FAQ,Nasik,951,200,550.0,Maharashtra,Other
2023-05-31,Onion,23,Pune,FAQ,Pune(Manjri),1100,600,800.0,Maharashtra,Local
2023-05-31,Onion,23,Ahmednagar,FAQ,Newasa(Ghodegaon),1000,200,700.0,Maharashtra,Other
2023-06-01,Onion,23,Nagpur,FAQ,Kamthi,1600,1200,1400.0,Maharashtra,Local
2023-06-01,Onion,23,Nagpur,FAQ,Hingna,1200,1200,1200.0,Maharashtra,Other
2023-06-01,Onion,23,Kolhapur,FAQ,Kolhapur,1300,400,900.0,Maharashtra,Other
2023-06-01,Onion,23,Nashik,FAQ,Nampur,1351,100,650.0,Maharashtra,Other
2023-06-01,Onion,23,Sholapur,FAQ,Solapur,1700,100,800.0,Maharashtra,Red
2023-06-01,Onion,23,Thane,FAQ,Kalyan,1000,800,900.0,Maharashtra,1st Sort
2023-06-01,Onion,23,Sholapur,FAQ,Pandharpur,1300,200,750.0,Maharashtra,Red
2023-06-01,Onion,23,Pune,FAQ,Junnar(Otur),1350,500,910.0,Maharashtra,Other
2023-06-01,Onion,23,Nashik,FAQ,Pimpalgaon Baswant(Saykheda),725,180,520.0,Maharashtra,Other
2023-06-01,Onion,23,Mumbai,FAQ,Vashi New Mumbai,1300,500,900.0,Maharashtra,Other
2023-06-02,Onion,23,Jalgaon,FAQ,Bhusaval,500,500,500.0,Maharashtra,Red
2023-06-02,Onion,23,Nashik,FAQ,Pimpalgaon Baswant(Saykheda),955,150,580.0,Maharashtra,Other
2023-06-02,Onion,23,Thane,FAQ,Kalyan,1000,800,900.0,Maharashtra,1st Sort
2023-06-02,Onion,23,Pune,FAQ,Pune(Khadiki),900,400,650.0,Maharashtra,Local
2023-06-02,Onion,23,Pune,FAQ,Khed(Chakan),1200,700,900.0,Maharashtra,Other
2023-06-02,Onion,23,Sholapur,FAQ,Solapur,1800,100,850.0,Maharashtra,Red
2023-06-02,Onion,23,Jalgaon,FAQ,Yawal,720,490,600.0,Maharashtra,Red
2023-06-02,Onion,23,Nashik,FAQ,Sinner,871,100,600.0,Maharashtra,Other
2023-06-03,Onion,23,Nashik,FAQ,Yeola,1026,100,650.0,Maharashtra,Other
2023-06-03,Onion,23,Pune,FAQ,Pune(Khadiki),1000,500,750.0,Maharashtra,Local
2023-06-03,Onion,23,Nashik,FAQ,Pimpalgaon,2001,200,821.0,Maharashtra,Other
2023-06-03,Onion,23,Nashik,FAQ,Pimpalgaon Baswant(Saykheda),915,160,600.0,Maharashtra,Other
2023-06-04,Onion,23,Jalgaon,FAQ,Bhusaval,800,800,800.0,Maharashtra,Red
2023-06-04,Onion,23,Pune,FAQ,Junnar(Narayangaon),1000,550,800.0,Maharashtra,Other
2023-06-04,Onion,23,Jalgaon,FAQ,Yawal,750,500,600.0,Maharashtra,Red
2023-06-04,Onion,23,Pune,FAQ,Pune(Khadiki),1000,500,750.0,Maharashtra,Local
2023-06-04,Onion,23,Pune,FAQ,Junnar(Alephata),1300,500,900.0,Maharashtra,Other
2023-06-05,Onion,23,Pune,FAQ,Pune,1300,500,900.0,Maharashtra,Local
2023-06-05,Onion,23,Nashik,FAQ,Pimpalgaon,2200,200,1021.0,Maharashtra,Other
2023-06-05,Onion,23,Pune,FAQ,Baramati,1000,200,700.0,Maharashtra,Red
2023-06-06,Onion,23,Pune,FAQ,Manchar,1300,800,1050.0,Maharashtra,Other
2023-06-06,Onion,23,Nagpur,FAQ,Hingna,1200,1200,1200.0,Maharashtra,Other
2023-06-06,Onion,23,Ahmednagar,FAQ,Sangamner,1251,200,725.0,Maharashtra,Other
2023-06-06,Onion,23,Nashik,FAQ,Lasalgaon,1301,400,900.0,Maharashtra,Other
2023-06-06,Onion,23,Sholapur,FAQ,Solapur,1800,100,850.0,Maharashtra,Red
2023-06-07,Onion,23,Nagpur,FAQ,Hingna,1300,1300,1300.0,Maharashtra,Other
2023-06-07,Onion,23,Pune,FAQ,Pune(Manjri),800,500,600.0,Maharashtra,Local
2023-06-07,Onion,23,Nashik,FAQ,Lasalgaon(Vinchur),1300,350,950.0,Maharashtra,Other
2023-06-08,Onion,23,Nashik,FAQ,Mankamneshwar Farmar Producer CoLtd Sanchalit Mank,901,251,502.11,Maharashtra,Other
2023-06-08,Onion,23,Pune,FAQ,Manchar,1510,1000,1250.0,Maharashtra,Other
2023-06-08,Onion,23,Nashik,FAQ,Nasik,1451,300,800.0,Maharashtra,Other
2023-06-08,Onion,23,Jalgaon,FAQ,Jalgaon,900,350,700.0,Maharashtra,Red
2023-06-08,Onion,23,Pune,FAQ,Pune(Khadiki),1000,600,800.0,Maharashtra,Local
2023-06-08,Onion,23,Mumbai,FAQ,Vashi New Mumbai,1500,900,1200.0,Maharashtra,Other
2023-06-09,Onion,23,Ahmednagar,FAQ,Parner,1400,100,750.0,Maharashtra,Other
2023-06-09,Onion,23,Nashik,FAQ,Manmad,1201,110,800.0,Maharashtra,Other
2023-06-09,Onion,23,Sholapur,FAQ,Mangal Wedha,1200,300,900.0,Maharashtra,Other
2023-06-09,Onion,23,Nashik,FAQ,Lasalgaon(Vinchur),1301,301,950.0,Maharashtra,Other
2023-06-10,Onion,23,Jalgaon,FAQ,Jalgaon,1050,325,685.0,Maharashtra,Red
2023-06-10,Onion,23,Mumbai,FAQ,Vashi New Mumbai,1400,600,1000.0,Maharashtra,Other
2023-06-10,Onion,23,Kolhapur,FAQ,Kolhapur,1600,500,1000.0,Maharashtra,Other
2023-06-10,Onion,23,Pune,FAQ,Baramati,1405,300,1100.0,Maharashtra,Red
2023-06-11,Onion,23,Thane,FAQ,Kalyan,1400,1200,1300.0,Maharashtra,1st Sort
2023-06-11,Onion,23,Pune,FAQ,Pune(Khadiki),1000,500,750.0,Maharashtra,Local
2023-06-11,Onion,23,Pune,FAQ,Pune(Manjri),800,600,700.0,Maharashtra,Local
2023-06-11,Onion,23,Ahmednagar,FAQ,Rahuri,1300,100,700.0,Maharashtra,Other
2023-06-12,Onion,23,Nashik,FAQ,Yeola,1027,200,750.0,Maharashtra,Other
2023-06-12,Onion,23,Nashik,FAQ,Nampur,1245,100,900.0,Maharashtra,Other
2023-06-12,Onion,23,Pune,FAQ,Pune,1500,600,1050.0,Maharashtra,Local
2023-06-12,Onion,23,Nagpur,FAQ,Kamthi,1600,1200,1400.0,Maharashtra,Local
2023-06-12,Onion,23,Ahmednagar,FAQ,Sangamner,1500,200,850.0,Maharashtra,Other
2023-06-12,Onion,23,Nashik,FAQ,Sinner,936,100,600.0,Maharashtra,Other
2023-06-13,Onion,23,Jalgaon,FAQ,Bhusaval,600,600,600.0,Maharashtra,Red
2023-06-13,Onion,23,Mumbai,FAQ,Vashi New Mumbai,1300,500,900.0,Maharashtra,Other
2023-06-13,Onion,23,Nashik,FAQ,Umrane,1201,351,870.0,Maharashtra,Other
2023-06-13,Onion,23,Ahmednagar,FAQ,Rahuri,1300,100,700.0,Maharashtra,Other
2023-06-13,Onion,23,Nashik,FAQ,Nandgaon,1091,100,651.0,Maharashtra,Other
2023-06-13,Onion,23,Nashik,FAQ,Pimpalgaon,2550,200,1100.0,Maharashtra,Other
2023-06-13,Onion,23,Satara,FAQ,Vai,1000,300,700.0,Maharashtra,Local
2023-06-14,Onion,23,Nashik,FAQ,Satana,1375,50,750.0,Maharashtra,Other
2023-06-14,Onion,23,Ahmednagar,FAQ,Sangamner,1400,200,800.0,Maharashtra,Other
2023-06-14,Onion,23,Nashik,FAQ,Mankamneshwar Farmar Producer CoLtd Sanchalit Mank,900,258,576.19,Maharashtra,Other
2023-06-14,Onion,23,Nashik,FAQ,Lasalgaon(Niphad),1111,300,751.0,Maharashtra,Other
2023-06-14,Onion,23,Kolhapur,FAQ,Vadgaonpeth,1500,800,900.0,Maharashtra,Local
2023-06-14,Onion,23,Jalgaon,FAQ,Jalgaon,1000,252,625.0,Maharashtra,Red
2023-06-14,Onion,23,Nagpur,FAQ,Hingna,1200,1200,1200.0,Maharashtra,Other
2023-06-14,Onion,23,Nagpur,FAQ,Kamthi,1600,1200,1400.0,Maharashtra,Local
2023-06-15,Onion,23,Pune,FAQ,Pune(Khadiki),1400,800,1100.0,Maharashtra,Local
2023-06-15,Onion,23,Nashik,FAQ,Mankamneshwar Farmar Producer CoLtd Sanchalit Mank,802,355,489.35,Maharashtra,Other
2023-06-15,Onion,23,Sholapur,FAQ,Solapur,2000,100,900.0,Maharashtra,Red
2023-06-15,Onion,23,Nashik,FAQ,Yeola,1051,300,750.0,Maharashtra,Other
2023-06-15,Onion,23,Mumbai,FAQ,Vashi New Mumbai,1400,700,1050.0,Maharashtra,Other
2023-06-15,Onion,23,Pune,FAQ,Junnar,1500,900,1200.0,Maharashtra,Other
2023-06-15,Onion,23,Kolhapur,FAQ,Kolhapur,1600,500,1000.0,Maharashtra,Other
2023-06-15,Onion,23,Nashik,FAQ,Lasalgaon,1351,300,870.0,Maharashtra,Other
2023-06-15,Onion,23,Sholapur,FAQ,Kurdwadi(Modnimb),1101,140,750.0,Maharashtra,Red
2023-06-16,Onion,23,Nagpur,FAQ,Kamthi,1600,1200,1400.0,Maharashtra,Local
2023-06-16,Onion,23,Pune,FAQ,Pune(Manjri),800,500,700.0,Maharashtra,Local
2023-06-16,Onion,23,Ahmednagar,FAQ,Pathardi,1300,200,900.0,Maharashtra,Red
2023-06-16,Onion,23,Kolhapur,FAQ,Kolhapur,1500,500,1000.0,Maharashtra,Other
2023-06-16,Onion,23,Nashik,FAQ,Manmad,1255,100,800.0,Maharashtra,Other
2023-06-16,Onion,23,Sholapur,FAQ,Akluj,1200,300,800.0,Maharashtra,Red
2023-06-16,Onion,23,Nashik,FAQ,Lasalgaon(Niphad),1011,300,700.0,Maharashtra,Other
2023-06-17,Onion,23,Wardha,FAQ,Wardha,1200,500,850.0,Maharashtra,Local
2023-06-17,Onion,23,Ahmednagar,FAQ,Rahuri(Vambori),1300,100,700.0,Maharashtra,Other
2023-06-17,Onion,23,Pune,FAQ,Baramati,1400,300,1000.0,Maharashtra,Red
2023-06-17,Onion,23,Nashik,FAQ,Yeola,1081,150,700.0,Maharashtra,Other
2023-06-17,Onion,23,Pune,FAQ,Khed(Chakan),1300,700,1000.0,Maharashtra,Other
2023-06-17,Onion,23,Nashik,FAQ,Manmad,1056,101,750.0,Maharashtra,Other
2023-06-17,Onion,23,Pune,FAQ,Pune(Khadiki),1400,500,950.0,Maharashtra,Local
2023-06-17,Onion,23,Nashik,FAQ,Nasik,1300,400,700.0,Maharashtra,Other
2023-06-18,Onion,23,Pune,FAQ,Junnar(Alephata),1900,900,1400.0,Maharashtra,Other
2023-06-18,Onion,23,Ahmednagar,FAQ,Rahuri,1300,100,700.0,Maharashtra,Other
2023-06-19,Onion,23,Pune,FAQ,Baramati,1250,200,900.0,Maharashtra,Red
2023-06-19,Onion,23,Pune,FAQ,Pune(Khadiki),1300,800,1050.0,Maharashtra,Local
2023-06-19,Onion,23,Satara,FAQ,Vai,1000,600,800.0,Maharashtra,Local
2023-06-19,Onion,23,Ahmednagar,FAQ,Rahata,1100,352,775.0,Maharashtra,Other
2023-06-19,Onion,23,Jalgaon,FAQ,Jalgaon,1000,375,677.0,Maharashtra,Red
2023-06-19,Onion,23,Pune,FAQ,Junnar(Narayangaon),1200,300,800.0,Maharashtra,Other
2023-06-19,Onion,23,Ahmednagar,FAQ,Rahuri(Vambori),1300,100,700.0,Maharashtra,Other
2023-06-19,Onion,23,Ahmednagar,FAQ,Newasa(Ghodegaon),1650,200,1050.0,Maharashtra,Other
2023-06-19,Onion,23,Nashik,FAQ,Lasalgaon,1701,500,1051.0,Maharashtra,Other
2023-06-20,Onion,23,Nashik,FAQ,Mankamneshwar Farmar Producer CoLtd Sanchalit Mank,707,200,510.24,Maharashtra,Other
2023-06-20,Onion,23,Nashik,FAQ,Nasik,1251,300,700.0,Maharashtra,Other
2023-06-20,Onion,23,Sholapur,FAQ,Solapur,1900,100,900.0,Maharashtra,Red
2023-06-21,Onion,23,Kolhapur,FAQ,Kolhapur,1600,500,1000.0,Maharashtra,Other
2023-06-21,Onion,23,Pune,FAQ,Baramati,1400,300,1000.0,Maharashtra,Red
2023-06-21,Onion,23,Nashik,FAQ,Lasalgaon(Vinchur),1300,350,900.0,Maharashtra,Other
2023-06-21,Onion,23,Nagpur,FAQ,Hingna,1200,1200,1200.0,Maharashtra,Other
2023-06-21,Onion,23,Pune,FAQ,Indapur,1100,250,595.0,Maharashtra,Other
2023-06-21,Onion,23,Nashik,FAQ,Yeola,1066,200,800.0,Maharashtra,Other
2023-06-21,Onion,23,Nashik,FAQ,Nandgaon,1251,102,651.0,Maharashtra,Other
2023-06-22,Onion,23,Nashik,FAQ,Manmad,1201,100,850.0,Maharashtra,Other
2023-06-22,Onion,23,Pune,FAQ,Khed(Chakan),1200,700,1000.0,Maharashtra,Other
2023-06-22,Onion,23,Nashik,FAQ,Lasalgaon,2100,400,1001.0,Maharashtra,Other
2023-06-22,Onion,23,Nashik,FAQ,Mankamneshwar Farmar Producer CoLtd Sanchalit Mank,951,171,724.22,Maharashtra,Other
2023-06-22,Onion,23,Nagpur,FAQ,Hingna,1300,1300,1300.0,Maharashtra,Other
2023-06-22,Onion,23,Jalgaon,FAQ,Bhusaval,800,800,800.0,Maharashtra,Red
2023-06-22,Onion,23,Nagpur,FAQ,Kamthi,1600,1200,1400.0,Maharashtra,Local
2023-06-22,Onion,23,Nashik,FAQ,Sinner,1041,100,750.0,Maharashtra,Other
2023-06-22,Onion,23,Satara,FAQ,Vai,1200,400,800.0,Maharashtra,Local
2023-06-23,Onion,23,Ahmednagar,FAQ,Pathardi,1500,200,900.0,Maharashtra,Red
2023-06-23,Onion,23,Kolhapur,FAQ,Kolhapur,1500,500,900.0,Maharashtra,Other
2023-06-23,Onion,23,Sholapur,FAQ,Mangal Wedha,1210,100,1000.0,Maharashtra,Other
2023-06-23,Onion,23,Ahmednagar,FAQ,Rahuri,1500,100,800.0,Maharashtra,Other
2023-06-23,Onion,23,Sholapur,FAQ,Solapur,1800,100,850.0,Maharashtra,Red
2023-06-23,Onion,23,Pune,FAQ,Khed(Chakan),1200,700,1000.0,Maharashtra,Other
2023-06-23,Onion,23,Pune,FAQ,Junnar(Narayangaon),1100,300,800.0,Maharashtra,Other
2023-06-23,Onion,23,Kolhapur,FAQ,Vadgaonpeth,1400,700,1100.0,Maharashtra,Local
2023-06-25,Onion,23,Ahmednagar,FAQ,Rahata,1500,300,950.0,Maharashtra,Red
2023-06-25,Onion,23,Pune,FAQ,Junnar(Alephata),1750,500,1000.0,Maharashtra,Other
2023-06-25,Onion,23,Pune,FAQ,Pune,1300,500,900.0,Maharashtra,Local
2023-06-25,Onion,23,Pune,FAQ,Junnar(Otur),1500,500,1100.0,Maharashtra,Other
2023-06-25,Onion,23,Ahmednagar,FAQ,Rahuri,1300,100,700.0,Maharashtra,Other
2023-06-26,Onion,23,Ahmednagar,FAQ,Newasa(Ghodegaon),2000,200,1200.0,Maharashtra,Other
2023-06-26,Onion,23,Ahmednagar,FAQ,Sangamner,1551,200,875.0,Maharashtra,Other
2023-06-26,Onion,23,Nashik,FAQ,Nandgaon,1711,100,950.0,Maharashtra,Other
2023-06-26,Onion,23,Nashik,FAQ,Lasalgaon(Niphad),1321,300,1051.0,Maharashtra,Other
2023-06-27,Onion,23,Nashik,FAQ,Umrane,1340,501,1040.0,Maharashtra,Other
2023-06-27,Onion,23,Nashik,FAQ,Lasalgaon(Vinchur),1400,400,1175.0,Maharashtra,Other
2023-06-27,Onion,23,Nashik,FAQ,Nandgaon,1436,215,1150.0,Maharashtra,Other
2023-06-28,Onion,23,Nashik,FAQ,Mankamneshwar Farmar Producer CoLtd Sanchalit Mank,1186,210,1040.0,Maharashtra,Other
2023-06-28,Onion,23,Nashik,FAQ,Lasalgaon(Niphad),2001,400,1250.0,Maharashtra,Other
2023-06-28,Onion,23,Pune,FAQ,Khed(Chakan),1400,800,1200.0,Maharashtra,Other
2023-06-28,Onion,23,Mumbai,FAQ,Vashi New Mumbai,1700,900,1300.0,Maharashtra,Other
2023-06-29,Onion,23,Ahmednagar,FAQ,Sangamner,2350,200,1350.0,Maharashtra,Other
2023-06-29,Onion,23,Ahmednagar,FAQ,Rahuri(Vambori),1800,100,1000.0,Maharashtra,Other
2023-06-29,Onion,23,Pune,FAQ,Pune(Khadiki),1400,700,1050.0,Maharashtra,Local
2023-06-29,Onion,23,Nagpur,FAQ,Kamthi,1400,1000,1200.0,Maharashtra,Local
2023-06-30,Onion,23,Mumbai,FAQ,Vashi New Mumbai,1700,900,1300.0,Maharashtra,Other
2023-06-30,Onion,23,Nashik,FAQ,Mankamneshwar Farmar Producer CoLtd Sanchalit Mank,1500,991,1288.38,Maharashtra,Other
2023-06-30,Onion,23,Nashik,FAQ,Manmad,1600,400,1200.0,Maharashtra,Other
2023-06-30,Onion,23,Pune,FAQ,Pune(Khadiki),1400,700,1050.0,Maharashtra,Local
2023-06-30,Onion,23,Ahmednagar,FAQ,Rahata,2300,400,1650.0,Maharashtra,Other
2023-06-30,Onion,23,Sholapur,FAQ,Mangal Wedha,1840,250,1600.0,Maharashtra,Other
2023-06-30,Onion,23,Ahmednagar,FAQ,Parner,2100,300,1500.0,Maharashtra,Other
2023-07-01,Onion,23,Sholapur,FAQ,Laxmi Sopan Agriculture Produce Marketing Co Ltd,800,100,500.0,Maharashtra,Other
2023-07-01,Onion,23,Nashik,FAQ,Yeola,1571,300,1350.0,Maharashtra,Other
2023-07-01,Onion,23,Satara,FAQ,Vai,1300,500,850.0,Maharashtra,Local
2023-07-01,Onion,23,Thane,FAQ,Kalyan,1600,1400,1500.0,Maharashtra,1st Sort
2023-07-01,Onion,23,Nashik,FAQ,Lasalgaon(Niphad),1428,500,1300.0,Maharashtra,Other
2023-07-02,Onion,23,Ahmednagar,FAQ,Pathardi,1300,200,900.0,Maharashtra,Red
2023-07-02,Onion,23,Ahmednagar,FAQ,Parner,2200,300,1650.0,Maharashtra,Other
2023-07-03,Onion,23,Nashik,FAQ,Pimpalgaon Baswant(Saykheda),1500,300,1125.0,Maharashtra,Other
2023-07-03,Onion,23,Nashik,FAQ,Kalvan,1850,200,1001.0,Maharashtra,Other
2023-07-03,Onion,23,Mumbai,FAQ,Vashi New Mumbai,1800,1000,1400.0,Maharashtra,Other
2023-07-03,Onion,23,Pune,FAQ,Baramati,1500,300,1000.0,Maharashtra,Red
2023-07-03,Onion,23,Nashik,FAQ,Lasalgaon(Niphad),1700,500,1350.0,Maharashtra,Other
2023-07-03,Onion,23,Nagpur,FAQ,Kamthi,1400,1000,1200.0,Maharashtra,Local
2023-07-04,Onion,23,Pune,FAQ,Junnar(Alephata),2100,1050,1650.0,Maharashtra,Other
2023-07-04,Onion,23,Ahmednagar,FAQ,Rahuri,2100,100,1100.0,Maharashtra,Other
2023-07-04,Onion,23,Pune,FAQ,Khed(Chakan),1800,1000,1500.0,Maharashtra,Other
2023-07-04,Onion,23,Nashik,FAQ,Umrane,1851,1000,1400.0,Maharashtra,Other
2023-07-04,Onion,23,Nashik,FAQ,Nandgaon,1547,125,1250.0,Maharashtra,Other
2023-07-04,Onion,23,Pune,FAQ,Pune,1600,600,1100.0,Maharashtra,Local
2023-07-04,Onion,23,Nashik,FAQ,Malharshree Farmers Producer Co Ltd,1450,385,1035.0,Maharashtra,Other
2023-07-04,Onion,23,Nashik,FAQ,Manmad,1775,300,1300.0,Maharashtra,Other
2023-07-04,Onion,23,Sholapur,FAQ,Laxmi Sopan Agriculture Produce Marketing Co Ltd,1210,400,600.0,Maharashtra,Other
2023-07-04,Onion,23,Wardha,FAQ,Wardha,1500,800,1150.0,Maharashtra,Local
2023-07-05,Onion,23,Ahmednagar,FAQ,Parner,2200,300,1550.0,Maharashtra,Other
2023-07-05,Onion,23,Nashik,FAQ,Satana,1710,200,1350.0,Maharashtra,Other
2023-07-05,Onion,23,Jalgaon,FAQ,Jalgaon,1400,350,1100.0,Maharashtra,Red
2023-07-05,Onion,23,Thane,FAQ,Kalyan,1800,1500,1650.0,Maharashtra,1st Sort
2023-07-05,Onion,23,Nashik,FAQ,Umrane,1711,1000,1400.0,Maharashtra,Other
2023-07-05,Onion,23,Sholapur,FAQ,Laxmi Sopan Agriculture Produce Marketing Co Ltd,1300,350,800.0,Maharashtra,Other
2023-07-05,Onion,23,Wardha,FAQ,Wardha,1500,800,1150.0,Maharashtra,Local
2023-07-06,Onion,23,Sholapur,FAQ,Laxmi Sopan Agriculture Produce Marketing Co Ltd,1300,215,500.0,Maharashtra,Other
2023-07-06,Onion,23,Nashik,FAQ,Shivsiddha Govind Producer Company Limited Sanchal,1920,600,1450.0,Maharashtra,Local
2023-07-06,Onion,23,Nashik,FAQ,Nampur,1720,100,1200.0,Maharashtra,Other
2023-07-06,Onion,23,Sholapur,FAQ,Pandharpur,1800,350,1200.0,Maharashtra,Red
2023-07-06,Onion,23,Nashik,FAQ,Shree Rameshwar Krushi Market ,1951,200,1076.9,Maharashtra,Other
2023-07-06,Onion,23,Pune,FAQ,Junnar(Otur),2000,800,1400.0,Maharashtra,Other
2023-07-06,Onion,23,Nagpur,FAQ,Kamthi,1600,1200,1400.0,Maharashtra,Local
2023-07-06,Onion,23,Pune,FAQ,Junnar(Narayangaon),1750,600,1200.0,Maharashtra,Other
2023-07-06,Onion,23,Mumbai,FAQ,Vashi New Mumbai,1700,1100,1400.0,Maharashtra,Other
2023-07-06,Onion,23,Nashik,FAQ,Lasalgaon,2611,600,1360.0,Maharashtra,Other
2023-07-06,Onion,23,Thane,FAQ,Kalyan,1800,1500,1650.0,Maharashtra,1st Sort
2023-07-06,Onion,23,Nashik,FAQ,Manmad,1581,200,1200.0,Maharashtra,Other
2023-07-07,Onion,23,Ahmednagar,FAQ,Rahata,2200,300,1450.0,Maharashtra,Other
2023-07-07,Onion,23,Pune,FAQ,Pune(Manjri),1500,1100,1300.0,Maharashtra,Local
2023-07-07,Onion,23,Thane,FAQ,Kalyan,1800,1500,1650.0,Maharashtra,1st Sort
2023-07-07,Onion,23,Sholapur,FAQ,Mangal Wedha,1770,300,1400.0,Maharashtra,Other
2023-07-07,Onion,23,Nashik,FAQ,Manmad,1650,200,1300.0,Maharashtra,Other
2023-07-07,Onion,23,Nashik,FAQ,Shree Rameshwar Krushi Market ,2160,200,1112.48,Maharashtra,Other
2023-07-07,Onion,23,Sholapur,FAQ,Akluj,1510,500,1050.0,Maharashtra,Red
2023-07-08,Onion,23,Ahmednagar,FAQ,Rahuri(Vambori),1800,100,1000.0,Maharashtra,Other
2023-07-08,Onion,23,Pune,FAQ,Pune(Khadiki),1400,700,1050.0,Maharashtra,Local
2023-07-08,Onion,23,Sholapur,FAQ,Laxmi Sopan Agriculture Produce Marketing Co Ltd,1600,100,800.0,Maharashtra,Other
2023-07-08,Onion,23,Pune,FAQ,Khed(Chakan),1700,800,1300.0,Maharashtra,Other
2023-07-08,Onion,23,Sholapur,FAQ,Pandharpur,2100,500,1400.0,Maharashtra,Red
2023-07-08,Onion,23,Mumbai,FAQ,Vashi New Mumbai,1800,1100,1450.0,Maharashtra,Other
2023-07-08,Onion,23,Nashik,FAQ,Pimpalgaon,2500,300,1300.0,Maharashtra,Other
2023-07-09,Onion,23,Pune,FAQ,Junnar(Narayangaon),1400,300,1000.0,Maharashtra,Other
2023-07-09,Onion,23,Ahmednagar,FAQ,Parner,2000,300,1350.0,Maharashtra,Other
2023-07-09,Onion,23,Thane,FAQ,Kalyan,1800,1600,1700.0,Maharashtra,1st Sort
2023-07-09,Onion,23,Pune,FAQ,Pune(Manjri),1300,800,1100.0,Maharashtra,Local
2023-07-09,Onion,23,Sholapur,FAQ,Akluj,1700,500,1300.0,Maharashtra,Red
2023-07-09,Onion,23,Ahmednagar,FAQ,Rahuri,1600,100,850.0,Maharashtra,Other
2023-07-10,Onion,23,Sholapur,FAQ,Mangal Wedha,1700,400,1310.0,Maharashtra,Other
2023-07-10,Onion,23,Pune,FAQ,Junnar(Narayangaon),1700,300,1200.0,Maharashtra,Other
2023-07-11,Onion,23,Nashik,FAQ,Manmad,1700,200,1150.0,Maharashtra,Other
2023-07-11,Onion,23,Nashik,FAQ,Lasalgaon(Niphad),1501,400,1200.0,Maharashtra,Other
2023-07-11,Onion,23,Sholapur,FAQ,Pandharpur,2000,500,1500.0,Maharashtra,Red
2023-07-11,Onion,23,Ahmednagar,FAQ,Rahuri,1600,100,850.0,Maharashtra,Other
2023-07-11,Onion,23,Nashik,FAQ,Pimpalgaon,2511,300,1300.0,Maharashtra,Other
2023-07-12,Onion,23,Nashik,FAQ,Umrane,1560,501,1230.0,Maharashtra,Other
2023-07-12,Onion,23,Nashik,FAQ,Shree Rameshwar Krushi Market ,2001,211,1153.45,Maharashtra,Other
2023-07-12,Onion,23,Thane,FAQ,Kalyan,1000,500,800.0,Maharashtra,2nd Sort
2023-07-12,Onion,23,Nashik,FAQ,Yeola,1501,200,1050.0,Maharashtra,Other
2023-07-12,Onion,23,Nashik,FAQ,Pimpalgaon Baswant(Saykheda),1350,350,1025.0,Maharashtra,Other
2023-07-12,Onion,23,Pune,FAQ,Pune(Khadiki),1500,800,1100.0,Maharashtra,Local
2023-07-12,Onion,23,Kolhapur,FAQ,Vadgaonpeth,2000,1600,1800.0,Maharashtra,Local
2023-07-12,Onion,23,Nashik,FAQ,Manmad,1680,200,1200.0,Maharashtra,Other
2023-07-12,Onion,23,Nashik,FAQ,Lasalgaon(Niphad),1501,451,1200.0,Maharashtra,Other
2023-07-13,Onion,23,Nashik,FAQ,Shree Rameshwar Krushi Market ,1800,200,1140.43,Maharashtra,Other
2023-07-13,Onion,23,Nashik,FAQ,Shivsiddha Govind Producer Company Limited Sanchal,1880,620,1350.0,Maharashtra,Local
2023-07-13,Onion,23,Nashik,FAQ,Yeola,1486,250,1100.0,Maharashtra,Other
2023-07-13,Onion,23,Nashik,FAQ,Lasalgaon,2301,500,1301.0,Maharashtra,Other
2023-07-13,Onion,23,Nashik,FAQ,Lasalgaon(Niphad),1500,500,1170.0,Maharashtra,Other
2023-07-13,Onion,23,Nashik,FAQ,Pimpalgaon,2552,300,1300.0,Maharashtra,Other
2023-07-13,Onion,23,Pune,FAQ,Junnar,1800,1000,1500.0,Maharashtra,Other
2023-07-14,Onion,23,Pune,FAQ,Junnar(Alephata),1800,800,1450.0,Maharashtra,Other
2023-07-14,Onion,23,Ahmednagar,FAQ,Parner,2200,200,1400.0,Maharashtra,Other
2023-07-14,Onion,23,Pune,FAQ,Pune(Khadiki),1400,700,1050.0,Maharashtra,Local
2023-07-14,Onion,23,Nashik,FAQ,Nasik,1351,400,850.0,Maharashtra,Other
2023-07-14,Onion,23,Nashik,FAQ,Manmad,1502,200,1100.0,Maharashtra,Other
2023-07-15,Onion,23,Kolhapur,FAQ,Vadgaonpeth,1500,1000,1200.0,Maharashtra,Local
2023-07-15,Onion,23,Sholapur,FAQ,Pandharpur,1800,200,1100.0,Maharashtra,Red
2023-07-15,Onion,23,Nashik,FAQ,Manmad,1425,150,1100.0,Maharashtra,Other
2023-07-16,Onion,23,Pune,FAQ,Manchar,1700,1000,1350.0,Maharashtra,Other
2023-07-16,Onion,23,Nagpur,FAQ,Kamthi,2000,1600,1800.0,Maharashtra,Local
2023-07-17,Onion,23,Pune,FAQ,Junnar(Narayangaon),1400,500,1000.0,Maharashtra,Other
2023-07-17,Onion,23,Nashik,FAQ,Lasalgaon(Vinchur),1600,500,1325.0,Maharashtra,Other
2023-07-17,Onion,23,Nashik,FAQ,Satana,1765,200,1250.0,Maharashtra,Other
2023-07-17,Onion,23,Kolhapur,FAQ,Kolhapur,2000,600,1200.0,Maharashtra,Other
2023-07-17,Onion,23,Mumbai,FAQ,Vashi New Mumbai,1700,1000,1350.0,Maharashtra,Other
2023-07-18,Onion,23,Nashik,FAQ,Lasalgaon,2601,700,1351.0,Maharashtra,Other
2023-07-18,Onion,23,Nashik,FAQ,Nandgaon,1617,100,1250.0,Maharashtra,Other
2023-07-18,Onion,23,Nashik,FAQ,Manmad,1600,200,1275.0,Maharashtra,Other
2023-07-18,Onion,23,Ahmednagar,FAQ,Om Chaitanya Multistate Agro Purpose CoOp Society ,1700,250,1350.0,Maharashtra,Other
2023-07-18,Onion,23,Nashik,FAQ,Sinner,1391,100,1100.0,Maharashtra,Other
2023-07-18,Onion,23,Nagpur,FAQ,Kamthi,1800,1400,1600.0,Maharashtra,Local
2023-07-18,Onion,23,Nashik,FAQ,Lasalgaon(Vinchur),1682,600,1350.0,Maharashtra,Other
2023-07-18,Onion,23,Nashik,FAQ,Lasalgaon(Niphad),1426,500,1300.0,Maharashtra,Other
2023-07-19,Onion,23,Nashik,FAQ,Manmad,1566,200,1250.0,Maharashtra,Other
2023-07-19,Onion,23,Sholapur,FAQ,Mangal Wedha,1410,600,1200.0,Maharashtra,Other
2023-07-19,Onion,23,Jalgaon,FAQ,Jalgaon,1315,350,800.0,Maharashtra,Red
2023-07-19,Onion,23,Kolhapur,FAQ,Kolhapur,1800,600,1200.0,Maharashtra,Other
2023-07-19,Onion,23,Ahmednagar,FAQ,Sangamner,1800,200,1000.0,Maharashtra,Other
2023-07-19,Onion,23,Nagpur,FAQ,Hingna,1600,1600,1600.0,Maharashtra,Other
2023-07-19,Onion,23,Pune,FAQ,Pune,1700,600,1150.0,Maharashtra,Local
2023-07-19,Onion,23,Pune,FAQ,Pune(Khadiki),1400,800,1100.0,Maharashtra,Local
2023-07-19,Onion,23,Ahmednagar,FAQ,Newasa(Ghodegaon),2550,400,1300.0,Maharashtra,Other
2023-07-20,Onion,23,Sholapur,FAQ,Solapur,2100,100,900.0,Maharashtra,Red
2023-07-20,Onion,23,Pune,FAQ,Pune,1800,700,1250.0,Maharashtra,Local
2023-07-20,Onion,23,Nashik,FAQ,Satana,1725,225,1225.0,Maharashtra,Other
2023-07-20,Onion,23,Pune,FAQ,Junnar(Otur),1810,600,1400.0,Maharashtra,Other
2023-07-20,Onion,23,Kolhapur,FAQ,Kolhapur,1800,600,1200.0,Maharashtra,Other
2023-07-20,Onion,23,Nashik,FAQ,Nandgaon,1486,100,1150.0,Maharashtra,Other
2023-07-20,Onion,23,Sholapur,FAQ,Kurdwadi(Modnimb),1451,350,1250.0,Maharashtra,Red
2023-07-20,Onion,23,Nashik,FAQ,Sinner,1340,100,1075.0,Maharashtra,Other
2023-07-20,Onion,23,Nagpur,FAQ,Hingna,1600,1600,1600.0,Maharashtra,Other
2023-07-21,Onion,23,Ahmednagar,FAQ,Sangamner,1751,200,975.0,Maharashtra,Other
2023-07-21,Onion,23,Ahmednagar,FAQ,Pathardi,1700,200,1200.0,Maharashtra,Red
2023-07-21,Onion,23,Nashik,FAQ,Nampur,1675,100,1100.0,Maharashtra,Other
2023-07-21,Onion,23,Nashik,FAQ,Kalvan,1800,200,1011.0,Maharashtra,Other
2023-07-21,Onion,23,Pune,FAQ,Junnar(Narayangaon),700,200,500.0,Maharashtra,Other
2023-07-21,Onion,23,Sholapur,FAQ,Mangal Wedha,1800,700,1530.0,Maharashtra,Local
2023-07-21,Onion,23,Sholapur,FAQ,Laxmi Sopan Agriculture Produce Marketing Co Ltd,1600,300,700.0,Maharashtra,Other
2023-07-21,Onion,23,Nashik,FAQ,Lasalgaon(Niphad),1351,400,1100.0,Maharashtra,Other
2023-07-22,Onion,23,Pune,FAQ,Baramati,1601,250,1200.0,Maharashtra,Red
2023-07-22,Onion,23,Sholapur,FAQ,Pandharpur,2000,200,1300.0,Maharashtra,Red
2023-07-22,Onion,23,Pune,FAQ,Junnar(Narayangaon),1650,300,1000.0,Maharashtra,Other
2023-07-22,Onion,23,Nashik,FAQ,Lasalgaon(Niphad),1400,400,1100.0,Maharashtra,Other
2023-07-22,Onion,23,Nashik,FAQ,Lasalgaon,2701,500,1251.0,Maharashtra,Other
2023-07-22,Onion,23,Nashik,FAQ,Kalvan,1705,400,1150.0,Maharashtra,Other
2023-07-23,Onion,23,Pune,FAQ,Junnar(Alephata),2000,1000,1800.0,Maharashtra,Other
2023-07-23,Onion,23,Ahmednagar,FAQ,Rahuri,1500,100,800.0,Maharashtra,Other
2023-07-23,Onion,23,Sholapur,FAQ,Akluj,1700,500,1200.0,Maharashtra,Red
2023-07-24,Onion,23,Nashik,FAQ,Nasik,1411,300,900.0,Maharashtra,Other
2023-07-24,Onion,23,Nashik,FAQ,Manmad,1590,200,1150.0,Maharashtra,Other
2023-07-24,Onion,23,Ahmednagar,FAQ,Newasa(Ghodegaon),1700,200,1300.0,Maharashtra,Other
2023-07-24,Onion,23,Nagpur,FAQ,Hingna,1700,1700,1700.0,Maharashtra,Other
2023-07-24,Onion,23,Nashik,FAQ,Malharshree Farmers Producer Co Ltd,1280,365,995.0,Maharashtra,Other
2023-07-24,Onion,23,Sholapur,FAQ,Kurdwadi(Modnimb),1361,500,1000.0,Maharashtra,Red
2023-07-24,Onion,23,Nashik,FAQ,Umrane,1700,751,1350.0,Maharashtra,Other
2023-07-24,Onion,23,Nashik,FAQ,Nandgaon,1552,100,1050.0,Maharashtra,Other
2023-07-24,Onion,23,Nashik,FAQ,Shree Rameshwar Krushi Market ,1702,200,1075.19,Maharashtra,Other
2023-07-25,Onion,23,Jalgaon,FAQ,Jalgaon,1187,387,840.0,Maharashtra,Red
2023-07-25,Onion,23,Pune,FAQ,Khed(Chakan),1600,1000,1300.0,Maharashtra,Other
2023-07-25,Onion,23,Kolhapur,FAQ,Kolhapur,1700,600,1100.0,Maharashtra,Other
2023-07-25,Onion,23,Nashik,FAQ,Lasalgaon,2711,600,1301.0,Maharashtra,Other
2023-07-25,Onion,23,Nagpur,FAQ,Kamthi,1800,1400,1600.0,Maharashtra,Local
2023-07-25,Onion,23,Nashik,FAQ,Nasik,1351,300,950.0,Maharashtra,Other
2023-07-25,Onion,23,Nashik,FAQ,Shivsiddha Govind Producer Company Limited Sanchal,1900,400,1400.0,Maharashtra,Local
2023-07-25,Onion,23,Nashik,FAQ,Sinner,1347,100,1100.0,Maharashtra,Other
2023-07-25,Onion,23,Sholapur,FAQ,Solapur,2200,100,1000.0,Maharashtra,Red
2023-07-26,Onion,23,Thane,FAQ,Kalyan,1700,1400,1550.0,Maharashtra,1st Sort
2023-07-26,Onion,23,Sholapur,FAQ,Mangal Wedha,1610,600,1500.0,Maharashtra,Local
2023-07-26,Onion,23,Mumbai,FAQ,Vashi New Mumbai,1700,1000,1350.0,Maharashtra,Other
2023-07-26,Onion,23,Pune,FAQ,Pune(Khadiki),1500,1000,1250.0,Maharashtra,Local
2023-07-26,Onion,23,Nashik,FAQ,Lasalgaon(Vinchur),1604,600,1300.0,Maharashtra,Other
2023-07-26,Onion,23,Nashik,FAQ,Shree Rameshwar Krushi Market ,1701,200,1128.22,Maharashtra,Other
2023-07-26,Onion,23,Nashik,FAQ,Lasalgaon(Niphad),1400,411,1200.0,Maharashtra,Other
2023-07-27,Onion,23,Nashik,FAQ,Umrane,1400,501,1250.0,Maharashtra,Other
2023-07-27,Onion,23,Pune,FAQ,Junnar,1800,1000,1500.0,Maharashtra,Other
2023-07-27,Onion,23,Nashik,FAQ,Nampur,1850,100,1250.0,Maharashtra,Other
2023-07-27,Onion,23,Pune,FAQ,Pune,1600,700,1150.0,Maharashtra,Local
2023-07-27,Onion,23,Kolhapur,FAQ,Vadgaonpeth,1500,1000,1200.0,Maharashtra,Local
2023-07-27,Onion,23,Nashik,FAQ,Manmad,1470,200,1100.0,Maharashtra,Other
2023-07-28,Onion,23,Nagpur,FAQ,Kamthi,1800,1400,1600.0,Maharashtra,Local
2023-07-28,Onion,23,Nashik,FAQ,Shree Rameshwar Krushi Market ,1800,221,1148.11,Maharashtra,Other
2023-07-28,Onion,23,Pune,FAQ,Pune,1600,600,1100.0,Maharashtra,Local
2023-07-28,Onion,23,Nashik,FAQ,Umrane,1521,501,1200.0,Maharashtra,Other
2023-07-29,Onion,23,Thane,FAQ,Kalyan,1000,800,900.0,Maharashtra,2nd Sort
2023-07-29,Onion,23,Thane,FAQ,Kalyan,1800,1600,1700.0,Maharashtra,1st Sort
2023-07-30,Onion,23,Ahmednagar,FAQ,Pathardi,1500,200,1200.0,Maharashtra,Red
2023-07-30,Onion,23,Pune,FAQ,Manchar,2000,1200,1600.0,Maharashtra,Other
2023-07-30,Onion,23,Pune,FAQ,Junnar(Otur),1800,800,1200.0,Maharashtra,Other
2023-07-30,Onion,23,Kolhapur,FAQ,Vadgaonpeth,1800,1600,1700.0,Maharashtra,Local
2023-07-30,Onion,23,Ahmednagar,FAQ,Rahuri,1700,100,900.0,Maharashtra,Other
2023-07-30,Onion,23,Ahmednagar,FAQ,Om Chaitanya Multistate Agro Purpose CoOp Society ,1700,300,1350.0,Maharashtra,Other
2023-07-31,Onion,23,Nagpur,FAQ,Hingna,1600,1600,1600.0,Maharashtra,Other
2023-07-31,Onion,23,Nashik,FAQ,Lasalgaon,2758,600,1350.0,Maharashtra,Other
2023-07-31,Onion,23,Pune,FAQ,Pune(Manjri),1600,1100,1300.0,Maharashtra,Local
2023-08-01,Onion,23,Nashik,FAQ,Manmad,1599,200,1250.0,Maharashtra,Other
2023-08-01,Onion,23,Pune,FAQ,Junnar(Alephata),2210,1000,1800.0,Maharashtra,Other
2023-08-01,Onion,23,Nashik,FAQ,Nandgaon,1670,100,1250.0,Maharashtra,Other
2023-08-01,Onion,23,Nashik,FAQ,Lasalgaon(Niphad),1320,501,1200.0,Maharashtra,Other
2023-08-01,Onion,23,Nashik,FAQ,Sinner,1465,100,1250.0,Maharashtra,Other
2023-08-01,Onion,23,Nagpur,FAQ,Hingna,1700,1700,1700.0,Maharashtra,Other
2023-08-02,Onion,23,Nashik,FAQ,Pimpalgaon Baswant(Saykheda),1500,350,1250.0,Maharashtra,Other
2023-08-02,Onion,23,Sholapur,FAQ,Solapur,2200,100,950.0,Maharashtra,Red
2023-08-02,Onion,23,Pune,FAQ,Pune,1600,700,1150.0,Maharashtra,Local
2023-08-02,Onion,23,Ahmednagar,FAQ,Parner,2100,200,1350.0,Maharashtra,Other
2023-08-02,Onion,23,Nashik,FAQ,Shivsiddha Govind Producer Company Limited Sanchal,2100,700,1700.0,Maharashtra,Local
2023-08-02,Onion,23,Mumbai,FAQ,Vashi New Mumbai,1700,1000,1350.0,Maharashtra,Other
2023-08-02,Onion,23,Pune,FAQ,Khed(Chakan),1600,1000,1200.0,Maharashtra,Other
2023-08-02,Onion,23,Pune,FAQ,Pune(Khadiki),1400,900,1150.0,Maharashtra,Local
2023-08-02,Onion,23,Nashik,FAQ,Satana,1875,250,1375.0,Maharashtra,Other
2023-08-02,Onion,23,Pune,FAQ,Baramati,1550,250,1200.0,Maharashtra,Red
2023-08-03,Onion,23,Kolhapur,FAQ,Kolhapur,2000,600,1400.0,Maharashtra,Other
2023-08-03,Onion,23,Pune,FAQ,Pune(Manjri),1500,1100,1300.0,Maharashtra,Local
2023-08-03,Onion,23,Pune,FAQ,Junnar,2110,1000,1500.0,Maharashtra,Other
2023-08-03,Onion,23,Sholapur,FAQ,Laxmi Sopan Agriculture Produce Marketing Co Ltd,1400,1050,1200.0,Maharashtra,Other
2023-08-03,Onion,23,Nashik,FAQ,Malharshree Farmers Producer Co Ltd,1510,385,1145.0,Maharashtra,Other
2023-08-03,Onion,23,Nashik,FAQ,Nandgaon,1741,111,1250.0,Maharashtra,Other
2023-08-03,Onion,23,Pune,FAQ,Pune,1700,700,1200.0,Maharashtra,Local
2023-08-03,Onion,23,Nashik,FAQ,Sinner,1551,100,1375.0,Maharashtra,Other
2023-08-03,Onion,23,Nashik,FAQ,Satana,1900,300,1450.0,Maharashtra,Other
2023-08-04,Onion,23,Thane,FAQ,Kalyan,1800,1600,1700.0,Maharashtra,1st Sort
2023-08-04,Onion,23,Mumbai,FAQ,Vashi New Mumbai,1700,1000,1350.0,Maharashtra,Other
2023-08-04,Onion,23,Ahmednagar,FAQ,Om Chaitanya Multistate Agro Purpose CoOp Society ,1600,300,1350.0,Maharashtra,Other
2023-08-04,Onion,23,Jalgaon,FAQ,Jalgaon,1370,325,920.0,Maharashtra,Red
2023-08-04,Onion,23,Nashik,FAQ,Lasalgaon(Niphad),1751,500,1600.0,Maharashtra,Other
2023-08-04,Onion,23,Pune,FAQ,Pune(Khadiki),1400,700,1050.0,Maharashtra,Local
2023-08-04,Onion,23,Nagpur,FAQ,Hingna,1400,1400,1400.0,Maharashtra,Other
2023-08-04,Onion,23,Nashik,FAQ,Lasalgaon,1761,700,1551.0,Maharashtra,Other
2023-08-04,Onion,23,Kolhapur,FAQ,Kolhapur,18000,6000,13000.0,Maharashtra,Other
2023-08-04,Onion,23,Ahmednagar,FAQ,Rahuri,2000,200,1100.0,Maharashtra,Other
2023-08-05,Onion,23,Nashik,FAQ,Pimpalgaon Baswant(Saykheda),1900,400,1500.0,Maharashtra,Other
2023-08-05,Onion,23,Nagpur,FAQ,Hingna,1300,1300,1300.0,Maharashtra,Other
2023-08-05,Onion,23,Sholapur,FAQ,Pandharpur,2021,200,1300.0,Maharashtra,Red
2023-08-05,Onion,23,Sholapur,FAQ,Laxmi Sopan Agriculture Produce Marketing Co Ltd,1800,405,1200.0,Maharashtra,Other
2023-08-05,Onion,23,Pune,FAQ,Pune(Khadiki),1300,900,1100.0,Maharashtra,Local
2023-08-05,Onion,23,Nashik,FAQ,Lasalgaon,1911,701,1675.0,Maharashtra,Other
2023-08-05,Onion,23,Nashik,FAQ,Nasik,1851,450,1250.0,Maharashtra,Other
2023-08-05,Onion,23,Nashik,FAQ,Pimpalgaon,2351,500,1750.0,Maharashtra,Other
2023-08-06,Onion,23,Ahmednagar,FAQ,Parner,2500,300,1550.0,Maharashtra,Other
2023-08-06,Onion,23,Pune,FAQ,Pune(Manjri),1100,800,1000.0,Maharashtra,Local
2023-08-06,Onion,23,Pune,FAQ,Manchar,2250,1500,1875.0,Maharashtra,Other
2023-08-06,Onion,23,Pune,FAQ,Pune,1800,800,1300.0,Maharashtra,Local
2023-08-06,Onion,23,Satara,FAQ,Vai,1500,700,1100.0,Maharashtra,Local
2023-08-06,Onion,23,Ahmednagar,FAQ,Rahata,2500,500,1950.0,Maharashtra,Other
2023-08-07,Onion,23,Sholapur,FAQ,Mangal Wedha,1660,500,1400.0,Maharashtra,Local
2023-08-07,Onion,23,Pune,FAQ,Pune,1900,800,1350.0,Maharashtra,Local
2023-08-07,Onion,23,Nashik,FAQ,Yeola,2000,400,1700.0,Maharashtra,Other
2023-08-07,Onion,23,Nashik,FAQ,Sinner,1847,300,1650.0,Maharashtra,Other
2023-08-07,Onion,23,Nashik,FAQ,Nampur,2300,250,1750.0,Maharashtra,Other
2023-08-07,Onion,23,Nashik,FAQ,Lasalgaon,2095,700,1725.0,Maharashtra,Other
2023-08-07,Onion,23,Nashik,FAQ,Satana,2155,550,1750.0,Maharashtra,Other
2023-08-07,Onion,23,Mumbai,FAQ,Vashi New Mumbai,2000,1300,1650.0,Maharashtra,Other
2023-08-07,Onion,23,Nashik,FAQ,Pimpalgaon,2400,500,1900.0,Maharashtra,Other
2023-08-07,Onion,23,Nashik,FAQ,Pimpalgaon Baswant(Saykheda),1920,400,1650.0,Maharashtra,Other
2023-08-07,Onion,23,Nashik,FAQ,Lasalgaon(Niphad),2200,500,1811.0,Maharashtra,Other
2023-08-08,Onion,23,Nashik,FAQ,Lasalgaon,2030,500,1700.0,Maharashtra,Other
2023-08-08,Onion,23,Kolhapur,FAQ,Vadgaonpeth,1500,900,1200.0,Maharashtra,Local
2023-08-08,Onion,23,Nashik,FAQ,Umrane,2140,701,1700.0,Maharashtra,Other
2023-08-08,Onion,23,Sholapur,FAQ,Pandharpur,2250,300,1350.0,Maharashtra,Red
2023-08-08,Onion,23,Nashik,FAQ,Pimpalgaon Baswant(Saykheda),2000,400,1675.0,Maharashtra,Other
2023-08-08,Onion,23,Satara,FAQ,Vai,1500,700,1100.0,Maharashtra,Local
2023-08-08,Onion,23,Ahmednagar,FAQ,Sangamner,2600,200,1400.0,Maharashtra,Other
2023-08-09,Onion,23,Nashik,FAQ,Sinner,1925,300,1700.0,Maharashtra,Other
2023-08-09,Onion,23,Jalgaon,FAQ,Jalgaon,1677,487,1062.0,Maharashtra,Red
2023-08-09,Onion,23,Pune,FAQ,Pune(Manjri),1300,1000,1100.0,Maharashtra,Local
2023-08-09,Onion,23,Sholapur,FAQ,Mangal Wedha,1800,600,1600.0,Maharashtra,Local
2023-08-10,Onion,23,Pune,FAQ,Junnar(Otur),2750,1200,1900.0,Maharashtra,Other
2023-08-10,Onion,23,Nashik,FAQ,Manmad,2300,500,2000.0,Maharashtra,Other
2023-08-10,Onion,23,Nashik,FAQ,Yeola,2300,350,1850.0,Maharashtra,Other
2023-08-10,Onion,23,Pune,FAQ,Pune,2200,1000,1600.0,Maharashtra,Local
2023-08-11,Onion,23,Pune,FAQ,Pune(Khadiki),1600,1000,1300.0,Maharashtra,Local
2023-08-11,Onion,23,Thane,FAQ,Kalyan,2100,2000,2050.0,Maharashtra,1st Sort
2023-08-11,Onion,23,Nashik,FAQ,Lasalgaon(Vinchur),2752,1500,2400.0,Maharashtra,Other
2023-08-11,Onion,23,Nashik,FAQ,Lasalgaon,2500,900,2301.0,Maharashtra,Other
2023-08-11,Onion,23,Ahmednagar,FAQ,Rahata,3100,700,2000.0,Maharashtra,Other
2023-08-11,Onion,23,Ahmednagar,FAQ,Sangamner,2811,200,1500.0,Maharashtra,Other
2023-08-11,Onion,23,Pune,FAQ,Junnar(Narayangaon),1900,600,1200.0,Maharashtra,Other
2023-08-12,Onion,23,Sholapur,FAQ,Pandharpur,3000,400,1600.0,Maharashtra,Red
2023-08-12,Onion,23,Mumbai,FAQ,Vashi New Mumbai,2400,1000,1700.0,Maharashtra,Other
2023-08-12,Onion,23,Pune,FAQ,Pune(Khadiki),1600,1000,1300.0,Maharashtra,Local
2023-08-12,Onion,23,Nashik,FAQ,Pimpalgaon Baswant(Saykheda),2550,500,2150.0,Maharashtra,Other
2023-08-13,Onion,23,Ahmednagar,FAQ,Pathardi,2000,500,1200.0,Maharashtra,Red
2023-08-13,Onion,23,Ahmednagar,FAQ,Om Chaitanya Multistate Agro Purpose CoOp Society ,2600,800,2200.0,Maharashtra,Other
2023-08-13,Onion,23,Pune,FAQ,Pune,2700,1000,1850.0,Maharashtra,Local
2023-08-13,Onion,23,Pune,FAQ,Junnar(Narayangaon),3000,500,2000.0,Maharashtra,Other
2023-08-14,Onion,23,Pune,FAQ,Pune(Khadiki),1600,1100,1350.0,Maharashtra,Local
2023-08-14,Onion,23,Mumbai,FAQ,Vashi New Mumbai,2500,1000,1750.0,Maharashtra,Other
2023-08-14,Onion,23,Nashik,FAQ,Pimpalgaon,2856,700,2350.0,Maharashtra,Other
2023-08-14,Onion,23,Nashik,FAQ,Shivsiddha Govind Producer Company Limited Sanchal,3005,1050,2400.0,Maharashtra,Local
2023-08-14,Onion,23,Nashik,FAQ,Nasik,3000,500,2250.0,Maharashtra,Other
2023-08-14,Onion,23,Thane,FAQ,Kalyan,2700,2400,2550.0,Maharashtra,1st Sort
2023-08-16,Onion,23,Satara,FAQ,Vai,2800,1000,1400.0,Maharashtra,Local
2023-08-16,Onion,23,Nashik,FAQ,Sinner,2542,300,2250.0,Maharashtra,Other
2023-08-17,Onion,23,Pune,FAQ,Pune(Manjri),2200,1500,1700.0,Maharashtra,Local
2023-08-17,Onion,23,Nashik,FAQ,Pimpalgaon Baswant(Saykheda),2600,700,2000.0,Maharashtra,Other
2023-08-17,Onion,23,Nashik,FAQ,Lasalgaon(Niphad),2471,800,2250.0,Maharashtra,Other
2023-08-17,Onion,23,Nashik,FAQ,Pimpalgaon,2955,700,2350.0,Maharashtra,Other
2023-08-17,Onion,23,Pune,FAQ,Pune(Khadiki),1600,1000,1300.0,Maharashtra,Local
2023-08-17,Onion,23,Pune,FAQ,Junnar(Narayangaon),2560,500,1500.0,Maharashtra,Other
2023-08-17,Onion,23,Mumbai,FAQ,Vashi New Mumbai,2400,900,1650.0,Maharashtra,Other
2023-08-18,Onion,23,Nashik,FAQ,Lasalgaon,2450,700,2150.0,Maharashtra,Other
2023-08-18,Onion,23,Nashik,FAQ,Lasalgaon(Vinchur),2575,1000,2175.0,Maharashtra,Other
2023-08-18,Onion,23,Kolhapur,FAQ,Kolhapur,2500,1000,1700.0,Maharashtra,Other
2023-08-18,Onion,23,Pune,FAQ,Junnar(Narayangaon),2500,500,1500.0,Maharashtra,Other
2023-08-18,Onion,23,Pune,FAQ,Pune,2500,1000,1750.0,Maharashtra,Local
2023-08-18,Onion,23,Satara,FAQ,Vai,2700,1000,1600.0,Maharashtra,Local
2023-08-18,Onion,23,Nashik,FAQ,Yeola,2346,250,1900.0,Maharashtra,Other
2023-08-18,Onion,23,Jalgaon,FAQ,Yawal,1480,1000,1260.0,Maharashtra,Red
2023-08-19,Onion,23,Mumbai,FAQ,Vashi New Mumbai,2300,900,1600.0,Maharashtra,Other
2023-08-19,Onion,23,Jalgaon,FAQ,Jalgaon,2062,427,1357.0,Maharashtra,Red
2023-08-19,Onion,23,Kolhapur,FAQ,Kolhapur,2400,1000,1600.0,Maharashtra,Other
2023-08-19,Onion,23,Sholapur,FAQ,Solapur,3200,100,1300.0,Maharashtra,Red
2023-08-19,Onion,23,Ahmednagar,FAQ,Newasa(Ghodegaon),2500,400,1800.0,Maharashtra,Other
2023-08-20,Onion,23,Ahmednagar,FAQ,Pathardi,1800,500,1500.0,Maharashtra,Red
2023-08-20,Onion,23,Ahmednagar,FAQ,Rahuri,2500,200,1350.0,Maharashtra,Other
2023-08-20,Onion,23,Pune,FAQ,Pune(Khadiki),1800,1000,1450.0,Maharashtra,Local
2023-08-20,Onion,23,Pune,FAQ,Junnar(Narayangaon),2350,500,1500.0,Maharashtra,Other
2023-08-20,Onion,23,Pune,FAQ,Junnar,2500,1000,1500.0,Maharashtra,Other
2023-08-21,Onion,23,Sholapur,FAQ,Mangal Wedha,2500,700,2200.0,Maharashtra,Local
2023-08-21,Onion,23,Nashik,FAQ,Nasik,2151,400,1700.0,Maharashtra,Other
2023-08-21,Onion,23,Nashik,FAQ,Manmad,2425,500,2000.0,Maharashtra,Other
2023-08-22,Onion,23,Sholapur,FAQ,Solapur,3300,100,1250.0,Maharashtra,Red
2023-08-22,Onion,23,Nashik,FAQ,Satana,2700,600,2250.0,Maharashtra,Other
2023-08-22,Onion,23,Pune,FAQ,Junnar(Alephata),3000,1200,2400.0,Maharashtra,Other
2023-08-22,Onion,23,Nashik,FAQ,Nampur,2600,300,2200.0,Maharashtra,Other
2023-08-22,Onion,23,Sholapur,FAQ,Pandharpur,2700,500,1800.0,Maharashtra,Red
2023-08-22,Onion,23,Kolhapur,FAQ,Kolhapur,2700,1000,1800.0,Maharashtra,Other
2023-08-23,Onion,23,Thane,FAQ,Kalyan,2400,2200,2300.0,Maharashtra,1st Sort
2023-08-23,Onion,23,Jalgaon,FAQ,Jalgaon,2077,377,1252.0,Maharashtra,Red
2023-08-23,Onion,23,Ahmednagar,FAQ,Parner,3000,200,1850.0,Maharashtra,Other
2023-08-23,Onion,23,Pune,FAQ,Pune,2500,1000,1750.0,Maharashtra,Local
2023-08-24,Onion,23,Kolhapur,FAQ,Kolhapur,2500,1000,1800.0,Maharashtra,Other
2023-08-24,Onion,23,Nashik,FAQ,Yeola,2261,350,1950.0,Maharashtra,Other
2023-08-24,Onion,23,Sholapur,FAQ,Solapur,3300,100,1200.0,Maharashtra,Red
2023-08-24,Onion,23,Ahmednagar,FAQ,Sangamner,2601,200,1400.0,Maharashtra,Other
2023-08-24,Onion,23,Nashik,FAQ,Manmad,2411,300,2000.0,Maharashtra,Other
2023-08-24,Onion,23,Pune,FAQ,Junnar(Narayangaon),2200,300,1500.0,Maharashtra,Other
2023-08-25,Onion,23,Ahmednagar,FAQ,Om Chaitanya Multistate Agro Purpose CoOp Society ,2500,500,2000.0,Maharashtra,Other
2023-08-25,Onion,23,Jalgaon,FAQ,Jalgaon,2182,627,1375.0,Maharashtra,Red
2023-08-25,Onion,23,Pune,FAQ,Pune(Manjri),1700,1100,1500.0,Maharashtra,Local
2023-08-25,Onion,23,Ahmednagar,FAQ,Rahuri,2500,200,1350.0,Maharashtra,Other
2023-08-26,Onion,23,Ahmednagar,FAQ,Newasa(Ghodegaon),2300,300,1700.0,Maharashtra,Other
2023-08-26,Onion,23,Pune,FAQ,Baramati,2500,450,1900.0,Maharashtra,Red
2023-08-26,Onion,23,Nashik,FAQ,Lasalgaon,2301,600,2051.0,Maharashtra,Other
2023-08-26,Onion,23,Nashik,FAQ,Nasik,2400,500,1900.0,Maharashtra,Other
2023-08-26,Onion,23,Jalgaon,FAQ,Jalgaon,2127,600,1377.0,Maharashtra,Red
2023-08-26,Onion,23,Ahmednagar,FAQ,Rahuri(Vambori),2500,200,1600.0,Maharashtra,Other
2023-08-27,Onion,23,Thane,FAQ,Kalyan,2400,2000,2200.0,Maharashtra,1st Sort
2023-08-27,Onion,23,Ahmednagar,FAQ,Parner,2600,300,1800.0,Maharashtra,Other
2023-08-28,Onion,23,Thane,FAQ,Kalyan,2200,2000,2100.0,Maharashtra,1st Sort
2023-08-28,Onion,23,Nashik,FAQ,Lasalgaon(Niphad),2251,800,2000.0,Maharashtra,Other
2023-08-28,Onion,23,Ahmednagar,FAQ,Rahuri(Vambori),2500,200,1600.0,Maharashtra,Other
2023-08-28,Onion,23,Mumbai,FAQ,Vashi New Mumbai,2300,900,1600.0,Maharashtra,Other
2023-08-28,Onion,23,Pune,FAQ,Pune(Khadiki),1800,1100,1450.0,Maharashtra,Local
2023-08-28,Onion,23,Ahmednagar,FAQ,Newasa(Ghodegaon),2500,300,1900.0,Maharashtra,Other
2023-08-28,Onion,23,Pune,FAQ,Pune(Manjri),2200,1100,1700.0,Maharashtra,Local
2023-08-28,Onion,23,Nashik,FAQ,Pimpalgaon,2640,850,2150.0,Maharashtra,Other
2023-08-29,Onion,23,Nagpur,FAQ,Hingna,2200,2200,2200.0,Maharashtra,Other
2023-08-29,Onion,23,Kolhapur,FAQ,Vadgaonpeth,2100,1800,1900.0,Maharashtra,Local
2023-08-30,Onion,23,Pune,FAQ,Pune(Khadiki),1700,1000,1350.0,Maharashtra,Local
2023-08-30,Onion,23,Mumbai,FAQ,Vashi New Mumbai,2200,900,1550.0,Maharashtra,Other
2023-08-30,Onion,23,Nashik,FAQ,Lasalgaon(Vinchur),2371,700,2100.0,Maharashtra,Other
2023-08-31,Onion,23,Nashik,FAQ,Lasalgaon,2491,801,2351.0,Maharashtra,Other
2023-08-31,Onion,23,Pune,FAQ,Pune(Khadiki),1800,1000,1400.0,Maharashtra,Local
2023-08-31,Onion,23,Nashik,FAQ,Sinner,2321,300,1950.0,Maharashtra,Other
2023-08-31,Onion,23,Pune,FAQ,Khed(Chakan),2000,1000,1800.0,Maharashtra,Other
2023-08-31,Onion,23,Nashik,FAQ,Nandgaon,2490,200,1950.0,Maharashtra,Other
2023-08-31,Onion,23,Jalgaon,FAQ,Jalgaon,2100,552,1400.0,Maharashtra,Red
2023-09-01,Onion,23,Pune,FAQ,Junnar(Narayangaon),2600,500,1500.0,Maharashtra,Other
2023-09-01,Onion,23,Sholapur,FAQ,Akluj,2300,500,1500.0,Maharashtra,Red
2023-09-01,Onion,23,Sholapur,FAQ,Solapur,2900,100,1500.0,Maharashtra,Red
2023-09-01,Onion,23,Mumbai,FAQ,Vashi New Mumbai,2300,1000,1650.0,Maharashtra,Other
2023-09-02,Onion,23,Ahmednagar,FAQ,Newasa(Ghodegaon),2300,400,1900.0,Maharashtra,Other
2023-09-02,Onion,23,Nashik,FAQ,Pimpalgaon Baswant(Saykheda),2380,500,2000.0,Maharashtra,Other
2023-09-02,Onion,23,Kolhapur,FAQ,Vadgaonpeth,2100,1500,1800.0,Maharashtra,Local
2023-09-03,Onion,23,Ahmednagar,FAQ,Pathardi,2000,500,1500.0,Maharashtra,Red
2023-09-03,Onion,23,Ahmednagar,FAQ,Rahata,2800,700,1600.0,Maharashtra,Other
2023-09-03,Onion,23,Pune,FAQ,Junnar(Alephata),3010,1300,2400.0,Maharashtra,Other
2023-09-03,Onion,23,Sholapur,FAQ,Akluj,2400,600,1700.0,Maharashtra,Red
2023-09-03,Onion,23,Pune,FAQ,Pune,2100,900,1500.0,Maharashtra,Local
2023-09-04,Onion,23,Pune,FAQ,Pune,2400,800,1600.0,Maharashtra,Local
2023-09-04,Onion,23,Thane,FAQ,Kalyan,2400,2000,2200.0,Maharashtra,1st Sort
2023-09-04,Onion,23,Ahmednagar,FAQ,Newasa(Ghodegaon),2300,400,1900.0,Maharashtra,Other
2023-09-04,Onion,23,Nashik,FAQ,Yeola,2425,370,2000.0,Maharashtra,Other
2023-09-04,Onion,23,Sholapur,FAQ,Solapur,3100,100,1450.0,Maharashtra,Red
2023-09-04,Onion,23,Nashik,FAQ,Pimpalgaon Baswant(Saykheda),2326,700,1881.0,Maharashtra,Other
2023-09-04,Onion,23,Ahmednagar,FAQ,Rahuri(Vambori),2500,200,1500.0,Maharashtra,Other
2023-09-05,Onion,23,Nashik,FAQ,Nampur,2450,300,2200.0,Maharashtra,Other
2023-09-05,Onion,23,Nashik,FAQ,Manmad,2360,300,1950.0,Maharashtra,Other
2023-09-05,Onion,23,Nashik,FAQ,Umrane,2525,801,2150.0,Maharashtra,Other
2023-09-05,Onion,23,Pune,FAQ,Junnar(Alephata),2700,1200,2200.0,Maharashtra,Other
2023-09-05,Onion,23,Pune,FAQ,Pune(Manjri),1700,1100,1300.0,Maharashtra,Local
2023-09-05,Onion,23,Pune,FAQ,Manchar,2500,1500,2000.0,Maharashtra,Other
2023-09-06,Onion,23,Nashik,FAQ,Yeola,2425,371,1950.0,Maharashtra,Other
2023-09-06,Onion,23,Nashik,FAQ,Satana,2540,400,2100.0,Maharashtra,Other
2023-09-06,Onion,23,Nashik,FAQ,Pimpalgaon,3051,900,2200.0,Maharashtra,Other
2023-09-06,Onion,23,Sholapur,FAQ,Solapur,3100,100,1550.0,Maharashtra,Red
2023-09-07,Onion,23,Nashik,FAQ,Shree Rameshwar Krushi Market ,2430,200,1787.11,Maharashtra,Other
2023-09-07,Onion,23,Ahmednagar,FAQ,Newasa(Ghodegaon),2300,300,1900.0,Maharashtra,Other
2023-09-08,Onion,23,Nashik,FAQ,Pimpalgaon,2991,850,2100.0,Maharashtra,Other
2023-09-08,Onion,23,Nashik,FAQ,Lasalgaon,2511,900,2051.0,Maharashtra,Other
2023-09-08,Onion,23,Nashik,FAQ,Manmad,2296,300,1900.0,Maharashtra,Other
2023-09-08,Onion,23,Nashik,FAQ,Lasalgaon(Vinchur),2343,800,2000.0,Maharashtra,Other
2023-09-08,Onion,23,Ahmednagar,FAQ,Pathardi,2000,500,1500.0,Maharashtra,Red
2023-09-08,Onion,23,Ahmednagar,FAQ,Om Chaitanya Multistate Agro Purpose CoOp Society ,2300,500,1800.0,Maharashtra,Other
2023-09-08,Onion,23,Pune,FAQ,Pune,2200,800,1500.0,Maharashtra,Local
2023-09-09,Onion,23,Pune,FAQ,Junnar(Narayangaon),2220,500,1500.0,Maharashtra,Other
2023-09-09,Onion,23,Nashik,FAQ,Yeola,2278,340,1800.0,Maharashtra,Other
2023-09-09,Onion,23,Mumbai,FAQ,Vashi New Mumbai,2300,1000,1650.0,Maharashtra,Other
2023-09-09,Onion,23,Nashik,FAQ,Pimpalgaon Baswant(Saykheda),2151,500,1700.0,Maharashtra,Other
2023-09-09,Onion,23,Pune,FAQ,Pune(Manjri),2200,1300,1700.0,Maharashtra,Local
2023-09-10,Onion,23,Pune,FAQ,Pune,2300,900,1600.0,Maharashtra,Local
2023-09-10,Onion,23,Pune,FAQ,Manchar,2550,1600,2085.0,Maharashtra,Other
2023-09-10,Onion,23,Sholapur,FAQ,Akluj,2500,600,1800.0,Maharashtra,Red
2023-09-11,Onion,23,Nashik,FAQ,Nasik,2201,601,2000.0,Maharashtra,Other
2023-09-11,Onion,23,Nashik,FAQ,Kalvan,2805,500,2000.0,Maharashtra,Other
2023-09-11,Onion,23,Ahmednagar,FAQ,Rahuri(Vambori),2500,200,1500.0,Maharashtra,Other
2023-09-11,Onion,23,Nashik,FAQ,Lasalgaon(Vinchur),2401,700,2000.0,Maharashtra,Other
2023-09-11,Onion,23,Mumbai,FAQ,Vashi New Mumbai,2400,1000,1700.0,Maharashtra,Other
2023-09-11,Onion,23,Nashik,FAQ,Satana,2450,500,1925.0,Maharashtra,Other
2023-09-11,Onion,23,Pune,FAQ,Junnar(Narayangaon),2000,500,1500.0,Maharashtra,Other
2023-09-11,Onion,23,Nashik,FAQ,Pimpalgaon Baswant(Saykheda),2111,500,1730.0,Maharashtra,Other
2023-09-11,Onion,23,Nashik,FAQ,Lasalgaon,2425,800,2000.0,Maharashtra,Other
2023-09-11,Onion,23,Pune,FAQ,Pune,2300,900,1600.0,Maharashtra,Local
2023-09-11,Onion,23,Kolhapur,FAQ,Kolhapur,2600,1000,1800.0,Maharashtra,Other
2023-09-11,Onion,23,Pune,FAQ,Pune(Manjri),1700,1300,1500.0,Maharashtra,Local
2023-09-12,Onion,23,Nashik,FAQ,Nandgaon,2371,200,1650.0,Maharashtra,Other
2023-09-12,Onion,23,Ahmednagar,FAQ,Rahuri,2400,200,1300.0,Maharashtra,Other
2023-09-13,Onion,23,Sholapur,FAQ,Solapur,4000,200,2200.0,Maharashtra,White
2023-09-13,Onion,23,Pune,FAQ,Pune,2400,800,1600.0,Maharashtra,Local
2023-09-13,Onion,23,Pune,FAQ,Junnar(Narayangaon),2300,500,1500.0,Maharashtra,Other
2023-09-13,Onion,23,Nashik,FAQ,Umrane,2300,750,1900.0,Maharashtra,Other
2023-09-14,Onion,23,Sholapur,FAQ,Pandharpur,2500,400,1800.0,Maharashtra,Red
2023-09-14,Onion,23,Pune,FAQ,Pune(Manjri),1700,1500,1600.0,Maharashtra,Local
2023-09-15,Onion,23,Nashik,FAQ,Nandgaon,2377,265,1950.0,Maharashtra,Other
2023-09-15,Onion,23,Nashik,FAQ,Lasalgaon(Vinchur),2360,750,1950.0,Maharashtra,Other
2023-09-15,Onion,23,Nashik,FAQ,Kalvan,2525,400,1871.0,Maharashtra,Other
2023-09-15,Onion,23,Kolhapur,FAQ,Kolhapur,2400,1000,1700.0,Maharashtra,Other
2023-09-15,Onion,23,Jalgaon,FAQ,Jalgaon,1950,800,1300.0,Maharashtra,Red
2023-09-15,Onion,23,Nashik,FAQ,Pimpalgaon Baswant(Saykheda),2120,500,1700.0,Maharashtra,Other
2023-09-16,Onion,23,Sholapur,FAQ,Solapur,3000,100,1700.0,Maharashtra,Red
2023-09-16,Onion,23,Kolhapur,FAQ,Kolhapur,2700,1000,1900.0,Maharashtra,Other
2023-09-16,Onion,23,Pune,FAQ,Junnar(Narayangaon),2000,500,1500.0,Maharashtra,Other
2023-09-16,Onion,23,Pune,FAQ,Khed(Chakan),2200,1000,1700.0,Maharashtra,Other
2023-09-17,Onion,23,Pune,FAQ,Junnar,2400,1000,1800.0,Maharashtra,Other
2023-09-17,Onion,23,Pune,FAQ,Khed(Chakan),2200,1000,1500.0,Maharashtra,Other
2023-09-18,Onion,23,Thane,FAQ,Kalyan,2500,2100,2300.0,Maharashtra,1st Sort
2023-09-18,Onion,23,Pune,FAQ,Junnar(Narayangaon),2120,500,1500.0,Maharashtra,Other
2023-09-18,Onion,23,Sholapur,FAQ,Solapur,4025,200,2200.0,Maharashtra,White
2023-09-18,Onion,23,Sholapur,FAQ,Kurdwadi(Modnimb),2200,600,1400.0,Maharashtra,Red
2023-09-18,Onion,23,Nashik,FAQ,Sinner,2086,300,1800.0,Maharashtra,Other
2023-09-18,Onion,23,Nagpur,FAQ,Hingna,1800,1800,1800.0,Maharashtra,Other
2023-09-18,Onion,23,Pune,FAQ,Pune,2300,900,1600.0,Maharashtra,Local
2023-09-18,Onion,23,Pune,FAQ,Pune(Khadiki),1700,1100,1400.0,Maharashtra,Local
2023-09-19,Onion,23,Pune,FAQ,Junnar(Alephata),2800,1100,2200.0,Maharashtra,Other
2023-09-20,Onion,23,Ahmednagar,FAQ,Om Chaitanya Multistate Agro Purpose CoOp Society ,2400,500,1925.0,Maharashtra,Other
2023-09-20,Onion,23,Ahmednagar,FAQ,Parner,2700,300,1850.0,Maharashtra,Other
2023-09-20,Onion,23,Sholapur,FAQ,Akluj,2400,500,1600.0,Maharashtra,Red
2023-09-21,Onion,23,Pune,FAQ,Junnar(Otur),2800,1300,2200.0,Maharashtra,Other
2023-09-22,Onion,23,Ahmednagar,FAQ,Rahata,2700,500,2050.0,Maharashtra,Other
2023-09-22,Onion,23,Pune,FAQ,Pune(Manjri),1700,1300,1500.0,Maharashtra,Local
2023-09-22,Onion,23,Sholapur,FAQ,Mangal Wedha,2200,1000,2000.0,Maharashtra,Local
2023-09-22,Onion,23,Pune,FAQ,Khed(Chakan),2200,1000,1500.0,Maharashtra,Other
2023-09-23,Onion,23,Pune,FAQ,Pune(Khadiki),2000,1000,1600.0,Maharashtra,Local
2023-09-23,Onion,23,Pune,FAQ,Junnar(Narayangaon),2200,500,1500.0,Maharashtra,Other
2023-09-23,Onion,23,Pune,FAQ,Khed(Chakan),2400,1000,1600.0,Maharashtra,Other
2023-09-23,Onion,23,Pune,FAQ,Pune(Manjri),1700,1300,1500.0,Maharashtra,Local
2023-09-24,Onion,23,Pune,FAQ,Junnar(Otur),2650,1200,2000.0,Maharashtra,Other
2023-09-24,Onion,23,Sholapur,FAQ,Akluj,2400,500,1800.0,Maharashtra,Red
2023-09-25,Onion,23,Pune,FAQ,Pune(Khadiki),2000,1400,1700.0,Maharashtra,Local
2023-09-25,Onion,23,Sholapur,FAQ,Kurdwadi(Modnimb),2201,1500,2000.0,Maharashtra,Red
2023-09-25,Onion,23,Sholapur,FAQ,Solapur,3300,100,1700.0,Maharashtra,Red
2023-09-25,Onion,23,Nagpur,FAQ,Hingna,1700,1700,1700.0,Maharashtra,Other
2023-09-26,Onion,23,Pune,FAQ,Khed(Chakan),2400,1000,1800.0,Maharashtra,Other
2023-09-26,Onion,23,Jalgaon,FAQ,Jalgaon,2000,1000,1750.0,Maharashtra,Red
2023-09-26,Onion,23,Sholapur,FAQ,Solapur,3100,100,1650.0,Maharashtra,Red
2023-09-27,Onion,23,Thane,FAQ,Kalyan,2400,2000,2200.0,Maharashtra,1st Sort
2023-09-27,Onion,23,Pune,FAQ,Junnar,2800,1000,1800.0,Maharashtra,Other
2023-09-27,Onion,23,Pune,FAQ,Pune(Manjri),2600,1500,2200.0,Maharashtra,Local
2023-09-28,Onion,23,Ahmednagar,FAQ,Rahuri(Vambori),2500,200,1600.0,Maharashtra,Other
2023-09-29,Onion,23,Ahmednagar,FAQ,Parner,2600,300,1800.0,Maharashtra,Other
2023-09-29,Onion,23,Ahmednagar,FAQ,Rahuri,2500,200,1350.0,Maharashtra,Other
2023-09-29,Onion,23,Kolhapur,FAQ,Kolhapur,2600,1000,1800.0,Maharashtra,Other
2023-09-30,Onion,23,Sholapur,FAQ,Solapur,4600,200,2400.0,Maharashtra,White
2023-09-30,Onion,23,Pune,FAQ,Junnar(Narayangaon),2500,500,1500.0,Maharashtra,Other
2023-09-30,Onion,23,Nagpur,FAQ,Hingna,2100,2100,2100.0,Maharashtra,Other
2023-09-30,Onion,23,Ahmednagar,FAQ,Rahuri(Vambori),2500,200,1600.0,Maharashtra,Other
2023-10-01,Onion,23,Pune,FAQ,Junnar,2800,1000,2000.0,Maharashtra,Other
2023-10-01,Onion,23,Pune,FAQ,Manchar,2800,1800,2300.0,Maharashtra,Other
2023-10-02,Onion,23,Thane,FAQ,Kalyan,2400,2100,2250.0,Maharashtra,1st Sort
2023-10-03,Onion,23,Nashik,FAQ,Pimpalgaon Baswant(Saykheda),2250,900,1850.0,Maharashtra,Other
2023-10-03,Onion,23,Sholapur,FAQ,Solapur,4400,200,2400.0,Maharashtra,White
2023-10-03,Onion,23,Nashik,FAQ,Sinner,2086,1101,1825.0,Maharashtra,Other
2023-10-03,Onion,23,Nashik,FAQ,Nasik,2300,600,2000.0,Maharashtra,Other
2023-10-03,Onion,23,Pune,FAQ,Pune,2500,900,1700.0,Maharashtra,Local
2023-10-03,Onion,23,Sholapur,FAQ,Pandharpur,2700,300,1900.0,Maharashtra,Red
2023-10-03,Onion,23,Ahmednagar,FAQ,Rahata,2800,500,2150.0,Maharashtra,Other
2023-10-04,Onion,23,Ahmednagar,FAQ,Newasa(Ghodegaon),3450,500,2500.0,Maharashtra,Other
2023-10-04,Onion,23,Nashik,FAQ,Pimpalgaon Baswant(Saykheda),2300,700,1950.0,Maharashtra,Other
2023-10-04,Onion,23,Mumbai,FAQ,Vashi New Mumbai,2400,1000,1700.0,Maharashtra,Other
2023-10-05,Onion,23,Nashik,FAQ,Umrane,2413,751,1900.0,Maharashtra,Other
2023-10-05,Onion,23,Ahmednagar,FAQ,Rahuri(Vambori),2400,200,1500.0,Maharashtra,Other
2023-10-05,Onion,23,Nashik,FAQ,Lasalgaon,2601,900,2325.0,Maharashtra,Other
2023-10-05,Onion,23,Pune,FAQ,Khed(Chakan),2300,1000,1700.0,Maharashtra,Other
2023-10-06,Onion,23,Nashik,FAQ,Nasik,3001,900,2300.0,Maharashtra,Other
2023-10-06,Onion,23,Mumbai,FAQ,Vashi New Mumbai,2500,1000,1750.0,Maharashtra,Other
2023-10-06,Onion,23,Nashik,FAQ,Pimpalgaon Baswant(Saykheda),2500,700,2100.0,Maharashtra,Other
2023-10-06,Onion,23,Sholapur,FAQ,Mangal Wedha,2500,500,2100.0,Maharashtra,Local
2023-10-06,Onion,23,Pune,FAQ,Khed(Chakan),2300,1000,1800.0,Maharashtra,Other
2023-10-06,Onion,23,Nashik,FAQ,Lasalgaon,2599,801,2310.0,Maharashtra,Other
2023-10-06,Onion,23,Pune,FAQ,Pune(Manjri),1700,1300,1500.0,Maharashtra,Local
2023-10-06,Onion,23,Kolhapur,FAQ,Kolhapur,2600,1000,1800.0,Maharashtra,Other
2023-10-06,Onion,23,Nashik,FAQ,Lasalgaon(Niphad),2511,1000,2250.0,Maharashtra,Other
2023-10-07,Onion,23,Pune,FAQ,Pune(Manjri),2200,1300,1700.0,Maharashtra,Local
2023-10-07,Onion,23,Pune,FAQ,Pune(Khadiki),2200,1400,1800.0,Maharashtra,Local
2023-10-07,Onion,23,Nashik,FAQ,Manmad,2459,500,2000.0,Maharashtra,Other
2023-10-07,Onion,23,Nashik,FAQ,Shivsiddha Govind Producer Company Limited Sanchal,2800,1600,2350.0,Maharashtra,Local
2023-10-08,Onion,23,Pune,FAQ,Manchar,3010,1800,2405.0,Maharashtra,Other
2023-10-08,Onion,23,Sholapur,FAQ,Akluj,2350,400,1600.0,Maharashtra,Red
2023-10-09,Onion,23,Kolhapur,FAQ,Kolhapur,2600,1000,1800.0,Maharashtra,Other
2023-10-09,Onion,23,Pune,FAQ,Pune(Khadiki),2000,1500,1750.0,Maharashtra,Local
2023-10-09,Onion,23,Nashik,FAQ,Pimpalgaon,2966,1251,2400.0,Maharashtra,Other
2023-10-09,Onion,23,Nashik,FAQ,Nasik,2801,600,2275.0,Maharashtra,Other
2023-10-09,Onion,23,Nashik,FAQ,Mankamneshwar Farmar Producer CoLtd Sanchalit Mank,2301,700,2096.38,Maharashtra,Other
2023-10-09,Onion,23,Thane,FAQ,Kalyan,2500,2000,2250.0,Maharashtra,1st Sort
2023-10-09,Onion,23,Sholapur,FAQ,Solapur,3100,100,1700.0,Maharashtra,Red
2023-10-09,Onion,23,Sholapur,FAQ,Solapur,4500,200,2100.0,Maharashtra,White
2023-10-10,Onion,23,Thane,FAQ,Kalyan,2500,2000,2250.0,Maharashtra,1st Sort
2023-10-10,Onion,23,Pune,FAQ,Khed(Chakan),23,17,20.0,Maharashtra,Other
2023-10-10,Onion,23,Nashik,FAQ,Lasalgaon,2700,900,2410.0,Maharashtra,Other
2023-10-10,Onion,23,Kolhapur,FAQ,Kolhapur,2700,1000,1800.0,Maharashtra,Other
2023-10-10,Onion,23,Nashik,FAQ,Umrane,2601,951,2100.0,Maharashtra,Other
2023-10-10,Onion,23,Ahmednagar,FAQ,Pathardi,2000,1000,1500.0,Maharashtra,Red
2023-10-10,Onion,23,Nashik,FAQ,Pimpalgaon Baswant(Saykheda),2625,800,2250.0,Maharashtra,Other
2023-10-10,Onion,23,Pune,FAQ,Manchar,3010,1500,2250.0,Maharashtra,Other
2023-10-10,Onion,23,Pune,FAQ,Pune(Manjri),2000,1300,1700.0,Maharashtra,Local
2023-10-10,Onion,23,Nashik,FAQ,Sinner,2415,500,2150.0,Maharashtra,Other
2023-10-11,Onion,23,Ahmednagar,FAQ,Newasa(Ghodegaon),3500,500,2500.0,Maharashtra,Other
2023-10-11,Onion,23,Mumbai,FAQ,Vashi New Mumbai,2600,1000,1800.0,Maharashtra,Other
2023-10-11,Onion,23,Nashik,FAQ,Satana,2765,600,2210.0,Maharashtra,Other
2023-10-11,Onion,23,Nashik,FAQ,Pimpalgaon,3044,1200,2400.0,Maharashtra,Other
2023-10-11,Onion,23,Nashik,FAQ,Yeola,2605,600,2250.0,Maharashtra,Other
2023-10-11,Onion,23,Pune,FAQ,Junnar(Narayangaon),2700,500,1500.0,Maharashtra,Other
2023-10-12,Onion,23,Nashik,FAQ,Nasik,2701,600,2300.0,Maharashtra,Other
2023-10-12,Onion,23,Nashik,FAQ,Sinner,2529,500,2250.0,Maharashtra,Other
2023-10-12,Onion,23,Mumbai,FAQ,Vashi New Mumbai,2700,1100,1900.0,Maharashtra,Other
2023-10-12,Onion,23,Nashik,FAQ,Kalvan,3200,1000,2401.0,Maharashtra,Other
2023-10-12,Onion,23,Nashik,FAQ,Lasalgaon(Vinchur),2901,1000,2500.0,Maharashtra,Other
2023-10-13,Onion,23,Nashik,FAQ,Lasalgaon,2870,1000,2500.0,Maharashtra,Other
2023-10-13,Onion,23,Nashik,FAQ,Yeola,2673,500,2200.0,Maharashtra,Other
2023-10-13,Onion,23,Ahmednagar,FAQ,Rahuri,2800,200,1500.0,Maharashtra,Other
2023-10-13,Onion,23,Nashik,FAQ,Manmad,2640,500,2300.0,Maharashtra,Other
2023-10-13,Onion,23,Pune,FAQ,Junnar(Alephata),3110,1100,1900.0,Maharashtra,Other
2023-10-14,Onion,23,Nashik,FAQ,Pimpalgaon,3180,1200,2650.0,Maharashtra,Other
2023-10-14,Onion,23,Kolhapur,FAQ,Kolhapur,3000,1000,2000.0,Maharashtra,Other
2023-10-14,Onion,23,Nashik,FAQ,Yeola,2761,600,2350.0,Maharashtra,Other
2023-10-14,Onion,23,Sholapur,FAQ,Solapur,4300,200,2000.0,Maharashtra,White
2023-10-15,Onion,23,Pune,FAQ,Pune(Manjri),2000,1300,1700.0,Maharashtra,Local
2023-10-15,Onion,23,Pune,FAQ,Junnar(Otur),3310,1200,1600.0,Maharashtra,Other
2023-10-15,Onion,23,Pune,FAQ,Junnar(Alephata),3300,1800,2800.0,Maharashtra,Other
2023-10-16,Onion,23,Nashik,FAQ,Lasalgaon(Niphad),3108,1001,2750.0,Maharashtra,Other
2023-10-16,Onion,23,Ahmednagar,FAQ,Newasa(Ghodegaon),4100,500,3100.0,Maharashtra,Other
2023-10-16,Onion,23,Nashik,FAQ,Lasalgaon(Vinchur),3100,1100,2900.0,Maharashtra,Other
2023-10-17,Onion,23,Nashik,FAQ,Shivsiddha Govind Producer Company Limited Sanchal,3885,2100,3400.0,Maharashtra,Local
2023-10-17,Onion,23,Nashik,FAQ,Lasalgaon(Niphad),3395,1101,3100.0,Maharashtra,Other
2023-10-17,Onion,23,Nashik,FAQ,Umrane,3641,1011,3000.0,Maharashtra,Other
2023-10-17,Onion,23,Nashik,FAQ,Nampur,3675,285,3000.0,Maharashtra,Other
2023-10-17,Onion,23,Nashik,FAQ,Satana,3810,600,3150.0,Maharashtra,Other
2023-10-17,Onion,23,Pune,FAQ,Pune(Khadiki),2000,1400,1700.0,Maharashtra,Local
2023-10-17,Onion,23,Pune,FAQ,Manchar,4510,3000,3755.0,Maharashtra,Other
2023-10-17,Onion,23,Nashik,FAQ,Manmad,3500,900,3100.0,Maharashtra,Other
2023-10-17,Onion,23,Satara,FAQ,Vai,2500,1000,1750.0,Maharashtra,Local
2023-10-18,Onion,23,Nashik,FAQ,Satana,3800,700,3150.0,Maharashtra,Other
2023-10-18,Onion,23,Satara,FAQ,Vai,2500,1000,2250.0,Maharashtra,Local
2023-10-18,Onion,23,Pune,FAQ,Khed(Chakan),4000,1500,2500.0,Maharashtra,Other
2023-10-18,Onion,23,Nashik,FAQ,Yeola,3725,1000,3150.0,Maharashtra,Other
2023-10-18,Onion,23,Nashik,FAQ,Umrane,3601,1011,3150.0,Maharashtra,Other
2023-10-18,Onion,23,Nashik,FAQ,Sinner,3400,500,2900.0,Maharashtra,Other
2023-10-19,Onion,23,Nashik,FAQ,Shree Rameshwar Krushi Market ,3651,500,2845.01,Maharashtra,Other
2023-10-20,Onion,23,Jalgaon,FAQ,Jalgaon,3250,737,1975.0,Maharashtra,Red
2023-10-20,Onion,23,Sholapur,FAQ,Akluj,3800,700,3200.0,Maharashtra,Red
2023-10-20,Onion,23,Nashik,FAQ,Pimpalgaon Baswant(Saykheda),3525,1500,3100.0,Maharashtra,Other
2023-10-20,Onion,23,Nashik,FAQ,Nampur,3700,285,3300.0,Maharashtra,Other
2023-10-20,Onion,23,Nashik,FAQ,Yeola,3548,1000,3000.0,Maharashtra,Other
2023-10-21,Onion,23,Nashik,FAQ,Lasalgaon(Vinchur),3511,1200,3250.0,Maharashtra,Other
2023-10-21,Onion,23,Pune,FAQ,Junnar(Narayangaon),3510,700,2000.0,Maharashtra,Other
2023-10-21,Onion,23,Satara,FAQ,Vai,3500,1500,3200.0,Maharashtra,Local
2023-10-21,Onion,23,Sholapur,FAQ,Solapur,5500,200,2400.0,Maharashtra,White
2023-10-21,Onion,23,Nashik,FAQ,Pimpalgaon,3940,1501,3200.0,Maharashtra,Other
2023-10-21,Onion,23,Ahmednagar,FAQ,Rahuri(Vambori),4000,400,3000.0,Maharashtra,Other
2023-10-21,Onion,23,Nashik,FAQ,Yeola,3776,500,3150.0,Maharashtra,Other
2023-10-21,Onion,23,Kolhapur,FAQ,Kolhapur,4000,1000,2800.0,Maharashtra,Other
2023-10-21,Onion,23,Jalgaon,FAQ,Jalgaon,3375,1127,2250.0,Maharashtra,Red
2023-10-23,Onion,23,Nagpur,FAQ,Hingna,2500,2500,2500.0,Maharashtra,Other
2023-10-23,Onion,23,Pune,FAQ,Junnar(Narayangaon),3700,500,2000.0,Maharashtra,Other
2023-10-23,Onion,23,Nashik,FAQ,Lasalgaon(Niphad),4041,2001,3800.0,Maharashtra,Other
2023-10-23,Onion,23,Jalgaon,FAQ,Jalgaon,3525,1500,2375.0,Maharashtra,Red
2023-10-23,Onion,23,Nashik,FAQ,Pimpalgaon Baswant(Saykheda),4111,2000,3650.0,Maharashtra,Other
2023-10-23,Onion,23,Nashik,FAQ,Manmad,4100,1000,3700.0,Maharashtra,Other
2023-10-24,Onion,23,Ahmednagar,FAQ,Pathardi,5100,500,4000.0,Maharashtra,Red
2023-10-24,Onion,23,Nashik,FAQ,Lasalgaon(Niphad),4085,1500,3851.0,Maharashtra,Other
2023-10-24,Onion,23,Pune,FAQ,Pune(Khadiki),2400,1200,1800.0,Maharashtra,Local
2023-10-24,Onion,23,Nashik,FAQ,Manmad,4100,1500,3700.0,Maharashtra,Other
2023-10-24,Onion,23,Pune,FAQ,Pune,4500,2000,3250.0,Maharashtra,Local
2023-10-24,Onion,23,Ahmednagar,FAQ,Rahuri,4800,500,2650.0,Maharashtra,Other
2023-10-24,Onion,23,Nashik,FAQ,Nandgaon,5151,1100,3850.0,Maharashtra,Other
2023-10-25,Onion,23,Nashik,FAQ,Nampur,5005,250,4400.0,Maharashtra,Other
2023-10-25,Onion,23,Nashik,FAQ,Yeola,4700,1200,4150.0,Maharashtra,Other
2023-10-25,Onion,23,Nashik,FAQ,Shree Rameshwar Krushi Market ,5316,1012,4169.7,Maharashtra,Other
2023-10-26,Onion,23,Nashik,FAQ,Kalvan,5950,2000,4800.0,Maharashtra,Other
2023-10-26,Onion,23,Pune,FAQ,Manchar,7110,3000,5055.0,Maharashtra,Other
2023-10-26,Onion,23,Nagpur,FAQ,Hingna,2200,2200,2200.0,Maharashtra,Other
2023-10-26,Onion,23,Pune,FAQ,Junnar,6500,2000,4500.0,Maharashtra,Other
2023-10-26,Onion,23,Nashik,FAQ,Nandgaon,5600,1525,4350.0,Maharashtra,Other
2023-10-26,Onion,23,Nashik,FAQ,Manmad,4900,1800,4400.0,Maharashtra,Other
2023-10-27,Onion,23,Pune,FAQ,Pune(Manjri),3100,2000,2500.0,Maharashtra,Local
2023-10-27,Onion,23,Thane,FAQ,Kalyan,6000,4000,5000.0,Maharashtra,1st Sort
2023-10-27,Onion,23,Ahmednagar,FAQ,Kopargaon,5100,3000,3800.0,Maharashtra,Red
2023-10-27,Onion,23,Pune,FAQ,Junnar(Alephata),7000,1800,5500.0,Maharashtra,Other
2023-10-27,Onion,23,Pune,FAQ,Pune,5500,3000,4250.0,Maharashtra,Local
2023-10-27,Onion,23,Pune,FAQ,Junnar(Narayangaon),5510,1000,3000.0,Maharashtra,Other
2023-10-27,Onion,23,Nashik,FAQ,Yeola,5400,2001,4750.0,Maharashtra,Other
2023-10-28,Onion,23,Pune,FAQ,Khed(Chakan),6000,2000,3800.0,Maharashtra,Other
2023-10-28,Onion,23,Nashik,FAQ,Lasalgaon(Niphad),5053,2301,4700.0,Maharashtra,Other
2023-10-28,Onion,23,Nashik,FAQ,Kalvan,6025,2500,5100.0,Maharashtra,Other
2023-10-28,Onion,23,Ahmednagar,FAQ,Rahuri(Vambori),5200,1000,4000.0,Maharashtra,Other
2023-10-29,Onion,23,Pune,FAQ,Pune(Manjri),3200,2000,2800.0,Maharashtra,Local
2023-10-29,Onion,23,Ahmednagar,FAQ,Rahuri,5500,500,3000.0,Maharashtra,Other
2023-10-30,Onion,23,Pune,FAQ,Junnar(Narayangaon),5700,1000,3000.0,Maharashtra,Other
2023-10-30,Onion,23,Nagpur,FAQ,Hingna,4000,4000,4000.0,Maharashtra,Other
2023-10-30,Onion,23,Sholapur,FAQ,Mangal Wedha,5300,500,4500.0,Maharashtra,Local
2023-10-31,Onion,23,Mumbai,FAQ,Vashi New Mumbai,5400,3000,4200.0,Maharashtra,Other
2023-10-31,Onion,23,Nashik,FAQ,Sinner,4600,700,3950.0,Maharashtra,Other
2023-10-31,Onion,23,Thane,FAQ,Kalyan,3000,2000,2800.0,Maharashtra,1st Sort
2023-10-31,Onion,23,Nashik,FAQ,Lasalgaon(Niphad),4899,2500,4400.0,Maharashtra,Other
2023-11-01,Onion,23,Sholapur,FAQ,Solapur,6500,500,3400.0,Maharashtra,Red
2023-11-01,Onion,23,Nashik,FAQ,Umrane,4242,1500,3500.0,Maharashtra,Other
2023-11-01,Onion,23,Nashik,FAQ,Nandgaon,4500,600,3250.0,Maharashtra,Other
2023-11-01,Onion,23,Nashik,FAQ,Satana,4940,1150,4050.0,Maharashtra,Other
2023-11-01,Onion,23,Nagpur,FAQ,Hingna,2700,2700,2700.0,Maharashtra,Other
2023-11-01,Onion,23,Pune,FAQ,Junnar(Alephata),5310,1200,2500.0,Maharashtra,Other
2023-11-02,Onion,23,Nashik,FAQ,Pimpalgaon Baswant(Saykheda),4375,1500,3600.0,Maharashtra,Other
2023-11-02,Onion,23,Nashik,FAQ,Shivsiddha Govind Producer Company Limited Sanchal,5000,2600,4200.0,Maharashtra,Local
2023-11-02,Onion,23,Pune,FAQ,Pune,5000,2500,3750.0,Maharashtra,Local
2023-11-02,Onion,23,Nashik,FAQ,Nandgaon,4402,900,3550.0,Maharashtra,Other
2023-11-02,Onion,23,Ahmednagar,FAQ,Kopargaon,3514,1900,3000.0,Maharashtra,Red
2023-11-02,Onion,23,Sholapur,FAQ,Kurdwadi(Modnimb),4025,500,2800.0,Maharashtra,Red
2023-11-02,Onion,23,Ahmednagar,FAQ,Rahuri(Vambori),4800,500,3200.0,Maharashtra,Other
2023-11-02,Onion,23,Pune,FAQ,Junnar(Otur),5110,2000,4200.0,Maharashtra,Other
2023-11-03,Onion,23,Nashik,FAQ,Pimpalgaon Baswant(Saykheda),4051,1500,3625.0,Maharashtra,Other
2023-11-03,Onion,23,Jalgaon,FAQ,Jalgaon,4187,1250,3000.0,Maharashtra,Red
2023-11-03,Onion,23,Nashik,FAQ,Lasalgaon(Vinchur),4580,1500,3400.0,Maharashtra,Other
2023-11-03,Onion,23,Nashik,FAQ,Lasalgaon,4246,1400,3650.0,Maharashtra,Other
2023-11-03,Onion,23,Nashik,FAQ,Lasalgaon(Niphad),4100,1400,3600.0,Maharashtra,Other
2023-11-03,Onion,23,Kolhapur,FAQ,Kolhapur,5000,1500,3200.0,Maharashtra,Other
2023-11-03,Onion,23,Sholapur,FAQ,Mangal Wedha,4500,1250,3900.0,Maharashtra,Local
2023-11-04,Onion,23,Ahmednagar,FAQ,Kopargaon,3251,2000,2801.0,Maharashtra,Red
2023-11-04,Onion,23,Nashik,FAQ,Pimpalgaon,4569,2000,3500.0,Maharashtra,Other
2023-11-04,Onion,23,Pune,FAQ,Junnar(Narayangaon),4510,600,2500.0,Maharashtra,Other
2023-11-04,Onion,23,Nashik,FAQ,Nasik,4250,2400,3700.0,Maharashtra,Other
2023-11-04,Onion,23,Sholapur,FAQ,Solapur,6000,100,3000.0,Maharashtra,Red
2023-11-04,Onion,23,Ahmednagar,FAQ,Rahuri(Vambori),3600,300,2500.0,Maharashtra,Other
2023-11-06,Onion,23,Nashik,FAQ,Lasalgaon(Vinchur),3801,1500,3200.0,Maharashtra,Other
2023-11-06,Onion,23,Nashik,FAQ,Shree Rameshwar Krushi Market ,4600,500,3010.13,Maharashtra,Red
2023-11-06,Onion,23,Nashik,FAQ,Nasik,4000,2000,3500.0,Maharashtra,Other
2023-11-06,Onion,23,Pune,FAQ,Junnar(Narayangaon),3800,1000,2500.0,Maharashtra,Other
2023-11-06,Onion,23,Nashik,FAQ,Lasalgaon(Niphad),3702,1200,3300.0,Maharashtra,Other
2023-11-07,Onion,23,Pune,FAQ,Junnar(Alephata),4510,1700,3200.0,Maharashtra,Other
2023-11-07,Onion,23,Nashik,FAQ,Shivsiddha Govind Producer Company Limited Sanchal,5000,2200,3800.0,Maharashtra,Local
2023-11-07,Onion,23,Pune,FAQ,Pune(Khadiki),4000,3000,3500.0,Maharashtra,Local
2023-11-07,Onion,23,Nashik,FAQ,Pimpalgaon,4591,2000,3500.0,Maharashtra,Other
2023-11-07,Onion,23,Nashik,FAQ,Lasalgaon(Vinchur),3890,1500,3400.0,Maharashtra,Other
2023-11-07,Onion,23,Nashik,FAQ,Shree Rameshwar Krushi Market ,4950,500,3360.85,Maharashtra,Red
2023-11-07,Onion,23,Nashik,FAQ,Shree Rameshwar Krushi Market ,4251,500,3187.2,Maharashtra,Other
2023-11-08,Onion,23,Nagpur,FAQ,Hingna,2500,2500,2500.0,Maharashtra,Other
2023-11-08,Onion,23,Nashik,FAQ,Pimpalgaon,4711,2000,3550.0,Maharashtra,Other
2023-11-08,Onion,23,Nashik,FAQ,Lasalgaon(Niphad),3499,3499,3499.0,Maharashtra,Red
2023-11-08,Onion,23,Pune,FAQ,Khed(Chakan),4000,1500,3000.0,Maharashtra,Other
2023-11-08,Onion,23,Pune,FAQ,Pune(Khadiki),4400,2600,3500.0,Maharashtra,Local
2023-11-08,Onion,23,Jalgaon,FAQ,Jalgaon,3700,1400,2630.0,Maharashtra,Red
2023-11-10,Onion,23,Pune,FAQ,Junnar(Alephata),5250,2000,3550.0,Maharashtra,Other
2023-11-10,Onion,23,Sholapur,FAQ,Mangal Wedha,4000,600,3500.0,Maharashtra,Local
2023-11-10,Onion,23,Pune,FAQ,Junnar(Narayangaon),5000,1100,3000.0,Maharashtra,Other
2023-11-13,Onion,23,Jalgaon,FAQ,Jalgaon,4177,1575,3200.0,Maharashtra,Red
2023-11-13,Onion,23,Nashik,FAQ,Nasik,4511,3300,4000.0,Maharashtra,Other
2023-11-14,Onion,23,Ahmednagar,FAQ,Rahuri,4500,200,2350.0,Maharashtra,Other
2023-11-15,Onion,23,Pune,FAQ,Pune(Manjri),5000,3000,4000.0,Maharashtra,Local
2023-11-15,Onion,23,Sholapur,FAQ,Mangal Wedha,5100,1000,4000.0,Maharashtra,Local
2023-11-16,Onion,23,Kolhapur,FAQ,Kolhapur,4800,1500,3000.0,Maharashtra,Other
2023-11-16,Onion,23,Nashik,FAQ,Lasalgaon(Niphad),3542,1551,3320.0,Maharashtra,Other
2023-11-16,Onion,23,Pune,FAQ,Manchar,4700,3000,3850.0,Maharashtra,Other
2023-11-16,Onion,23,Thane,FAQ,Kalyan,5400,4200,4800.0,Maharashtra,1st Sort
2023-11-16,Onion,23,Sholapur,FAQ,Kurdwadi(Modnimb),4351,1351,3600.0,Maharashtra,Red
2023-11-16,Onion,23,Nashik,FAQ,Lasalgaon(Vinchur),4700,2500,4000.0,Maharashtra,Red
2023-11-17,Onion,23,Kolhapur,FAQ,Kolhapur,4800,1500,3000.0,Maharashtra,Other
2023-11-17,Onion,23,Nashik,FAQ,Lasalgaon(Niphad),3700,2101,3400.0,Maharashtra,Other
2023-11-17,Onion,23,Sholapur,FAQ,Solapur,6100,100,3600.0,Maharashtra,Red
2023-11-18,Onion,23,Kolhapur,FAQ,Kolhapur,4800,1500,3000.0,Maharashtra,Other
2023-11-18,Onion,23,Nashik,FAQ,Lasalgaon(Vinchur),4175,2000,3600.0,Maharashtra,Other
2023-11-19,Onion,23,Ahmednagar,FAQ,Rahata,4500,1400,3500.0,Maharashtra,Other
2023-11-19,Onion,23,Pune,FAQ,Junnar(Narayangaon),4100,1000,2500.0,Maharashtra,Other
2023-11-19,Onion,23,Pune,FAQ,Pune(Khadiki),3500,3000,3250.0,Maharashtra,Local
2023-11-20,Onion,23,Nashik,FAQ,Lasalgaon(Vinchur),4401,2000,4100.0,Maharashtra,Red
2023-11-20,Onion,23,Sholapur,FAQ,Laxmi Sopan Agriculture Produce Marketing Co Ltd,5000,1000,4100.0,Maharashtra,Other
2023-11-20,Onion,23,Nashik,FAQ,Nandgaon,3771,1200,3650.0,Maharashtra,Red
2023-11-20,Onion,23,Nashik,FAQ,Lasalgaon(Niphad),3600,1950,3300.0,Maharashtra,Other
2023-11-20,Onion,23,Nashik,FAQ,Shivsiddha Govind Producer Company Limited Sanchal,3900,3000,3400.0,Maharashtra,Local
2023-11-21,Onion,23,Thane,FAQ,Kalyan,4600,4200,4400.0,Maharashtra,1st Sort
2023-11-21,Onion,23,Nashik,FAQ,Sinner,3900,500,3200.0,Maharashtra,Other
2023-11-21,Onion,23,Sholapur,FAQ,Solapur,5500,100,3000.0,Maharashtra,Red
2023-11-21,Onion,23,Nashik,FAQ,Pimpalgaon,4400,2300,3400.0,Maharashtra,Other
2023-11-21,Onion,23,Nashik,FAQ,Manmad,4500,1280,3600.0,Maharashtra,Red
2023-11-21,Onion,23,Nashik,FAQ,Nampur,4150,900,3600.0,Maharashtra,Red
2023-11-21,Onion,23,Nashik,FAQ,Satana,3700,500,3150.0,Maharashtra,Other
2023-11-21,Onion,23,Nashik,FAQ,Kalvan,4500,1500,3200.0,Maharashtra,Other
2023-11-22,Onion,23,Ahmednagar,FAQ,Newasa(Ghodegaon),4500,1000,3800.0,Maharashtra,Other
2023-11-22,Onion,23,Pune,FAQ,Baramati,4110,1000,3000.0,Maharashtra,Red
2023-11-22,Onion,23,Mumbai,FAQ,Vashi New Mumbai,3800,2800,3300.0,Maharashtra,Other
2023-11-22,Onion,23,Jalgaon,FAQ,Jalgaon,3682,750,2500.0,Maharashtra,Red
2023-11-22,Onion,23,Pune,FAQ,Pune(Manjri),4400,2800,3600.0,Maharashtra,Local
2023-11-22,Onion,23,Nashik,FAQ,Shree Rameshwar Krushi Market ,5100,500,3543.01,Maharashtra,Red
2023-11-22,Onion,23,Nashik,FAQ,Lasalgaon(Vinchur),3900,1000,3100.0,Maharashtra,Other
2023-11-22,Onion,23,Nashik,FAQ,Pimpalgaon Baswant(Saykheda),3550,3434,3526.0,Maharashtra,Red
2023-11-22,Onion,23,Nashik,FAQ,Umrane,4600,1001,3500.0,Maharashtra,Red
2023-11-23,Onion,23,Nashik,FAQ,Manmad,4470,1500,3700.0,Maharashtra,Red
2023-11-23,Onion,23,Sholapur,FAQ,Kurdwadi(Modnimb),3700,800,2600.0,Maharashtra,Red
2023-11-23,Onion,23,Nashik,FAQ,Lasalgaon,3651,1500,3400.0,Maharashtra,Other
2023-11-23,Onion,23,Nashik,FAQ,Umrane,3500,901,3000.0,Maharashtra,Other
2023-11-23,Onion,23,Nashik,FAQ,Pimpalgaon,4501,1500,3400.0,Maharashtra,Other
2023-11-23,Onion,23,Nashik,FAQ,Manmad,3416,1700,3100.0,Maharashtra,Other
2023-11-23,Onion,23,Pune,FAQ,Pune,4000,2000,3000.0,Maharashtra,Local
2023-11-23,Onion,23,Satara,FAQ,Vai,5000,2000,3500.0,Maharashtra,Local
2023-11-23,Onion,23,Nashik,FAQ,Pimpalgaon,4471,1501,3700.0,Maharashtra,Pole
2023-11-23,Onion,23,Pune,FAQ,Junnar(Narayangaon),4000,1000,2500.0,Maharashtra,Other
2023-11-23,Onion,23,Nashik,FAQ,Lasalgaon(Niphad),3519,1800,3350.0,Maharashtra,Other
2023-11-24,Onion,23,Nashik,FAQ,Lasalgaon(Niphad),4040,2000,3851.0,Maharashtra,Red
2023-11-24,Onion,23,Ahmednagar,FAQ,Parner,4105,1000,2950.0,Maharashtra,Other
2023-11-24,Onion,23,Nashik,FAQ,Manmad,3600,1300,3200.0,Maharashtra,Other
2023-11-24,Onion,23,Nashik,FAQ,Yeola,3751,1000,3150.0,Maharashtra,Other
2023-11-24,Onion,23,Nashik,FAQ,Umrane,4000,1001,3800.0,Maharashtra,Red
2023-11-24,Onion,23,Pune,FAQ,Pune,3600,2000,2800.0,Maharashtra,Local
2023-11-24,Onion,23,Jalgaon,FAQ,Jalgaon,3375,800,2375.0,Maharashtra,Red
2023-11-24,Onion,23,Ahmednagar,FAQ,Pathardi,4100,500,3000.0,Maharashtra,Red
2023-11-24,Onion,23,Sholapur,FAQ,Laxmi Sopan Agriculture Produce Marketing Co Ltd,3600,700,3100.0,Maharashtra,Other
2023-11-24,Onion,23,Nashik,FAQ,Lasalgaon,3845,2000,3400.0,Maharashtra,Other
2023-11-24,Onion,23,Nashik,FAQ,Lasalgaon,4201,2000,3700.0,Maharashtra,Red
2023-11-24,Onion,23,Ahmednagar,FAQ,Kopargaon,4000,2000,3450.0,Maharashtra,Red
2023-11-25,Onion,23,Nashik,FAQ,Nasik,3551,1800,3050.0,Maharashtra,Other
2023-11-25,Onion,23,Pune,FAQ,Junnar(Narayangaon),4100,1000,2500.0,Maharashtra,Other
2023-11-25,Onion,23,Nashik,FAQ,Lasalgaon,3571,1600,3300.0,Maharashtra,Other
2023-11-25,Onion,23,Nashik,FAQ,Lasalgaon(Niphad),3700,2100,3400.0,Maharashtra,Other
2023-11-26,Onion,23,Pune,FAQ,Junnar,4110,1200,3000.0,Maharashtra,Other
2023-11-26,Onion,23,Ahmednagar,FAQ,Rahata,4200,1000,3000.0,Maharashtra,Red
2023-11-26,Onion,23,Ahmednagar,FAQ,Rahuri,3700,200,1950.0,Maharashtra,Other
2023-11-26,Onion,23,Sholapur,FAQ,Akluj,3400,500,2200.0,Maharashtra,Red
2023-11-26,Onion,23,Pune,FAQ,Junnar(Alephata),4110,1000,3100.0,Maharashtra,Other
2023-11-26,Onion,23,Pune,FAQ,Manchar,3920,2600,3260.0,Maharashtra,Other
2023-11-27,Onion,23,Pune,FAQ,Junnar(Narayangaon),4000,500,2500.0,Maharashtra,Other
2023-11-27,Onion,23,Nashik,FAQ,Lasalgaon(Niphad),4551,1500,4299.0,Maharashtra,Red
2023-11-27,Onion,23,Nashik,FAQ,Pimpalgaon,4836,2501,4300.0,Maharashtra,Pole
2023-11-27,Onion,23,Ahmednagar,FAQ,Rahuri(Vambori),4500,300,3200.0,Maharashtra,Other
2023-11-27,Onion,23,Pune,FAQ,Pune(Khadiki),3000,2000,2500.0,Maharashtra,Local
2023-11-27,Onion,23,Nashik,FAQ,Pimpalgaon Baswant(Saykheda),4400,2250,4000.0,Maharashtra,Red
2023-11-28,Onion,23,Nashik,FAQ,Satana,4500,600,3950.0,Maharashtra,Red
2023-11-28,Onion,23,Ahmednagar,FAQ,Om Chaitanya Multistate Agro Purpose CoOp Society ,4500,1000,3780.0,Maharashtra,Other
2023-11-28,Onion,23,Ahmednagar,FAQ,Rahuri,4200,200,2200.0,Maharashtra,Other
2023-11-28,Onion,23,Pune,FAQ,Manchar,5000,2000,3500.0,Maharashtra,Other
2023-11-28,Onion,23,Nashik,FAQ,Nandgaon,5055,1150,4350.0,Maharashtra,Red
2023-11-28,Onion,23,Nashik,FAQ,Shivsiddha Govind Producer Company Limited Sanchal,4650,3000,4300.0,Maharashtra,Local
2023-11-28,Onion,23,Nashik,FAQ,Sinner,4231,1000,4000.0,Maharashtra,Other
2023-11-28,Onion,23,Nashik,FAQ,Lasalgaon(Niphad),4201,2300,4001.0,Maharashtra,Red
2023-11-28,Onion,23,Nashik,FAQ,Shree Rameshwar Krushi Market ,5100,500,3835.03,Maharashtra,Red
2023-11-28,Onion,23,Pune,FAQ,Junnar(Alephata),5250,1100,4000.0,Maharashtra,Other
2023-11-29,Onion,23,Nagpur,FAQ,Hingna,2500,2500,2500.0,Maharashtra,Other
2023-11-29,Onion,23,Nashik,FAQ,Lasalgaon(Niphad),4310,2000,4200.0,Maharashtra,Other
2023-11-29,Onion,23,Satara,FAQ,Vai,4000,1500,2900.0,Maharashtra,Local
2023-11-29,Onion,23,Nashik,FAQ,Satana,4300,800,3550.0,Maharashtra,Red
2023-11-29,Onion,23,Pune,FAQ,Pune(Manjri),3600,2600,3000.0,Maharashtra,Local
2023-11-29,Onion,23,Nashik,FAQ,Pimpalgaon,4599,1500,3800.0,Maharashtra,Pole
2023-11-29,Onion,23,Nashik,FAQ,Satana,4640,1000,3650.0,Maharashtra,Other
2023-11-29,Onion,23,Nashik,FAQ,Lasalgaon(Niphad),4435,2500,4150.0,Maharashtra,Red
2023-11-29,Onion,23,Nashik,FAQ,Nasik,4350,2800,4000.0,Maharashtra,Other
2023-11-29,Onion,23,Ahmednagar,FAQ,Newasa(Ghodegaon),4800,1000,4000.0,Maharashtra,Other
2023-11-30,Onion,23,Nashik,FAQ,Satana,4020,700,3350.0,Maharashtra,Other
2023-11-30,Onion,23,Sholapur,FAQ,Solapur,5200,100,2800.0,Maharashtra,Red
2023-11-30,Onion,23,Kolhapur,FAQ,Kolhapur,4600,1500,2800.0,Maharashtra,Other
2023-11-30,Onion,23,Ahmednagar,FAQ,Kopargaon,3600,1000,3300.0,Maharashtra,Red
2023-11-30,Onion,23,Ahmednagar,FAQ,Rahuri(Vambori),4100,500,2800.0,Maharashtra,Red
2023-12-02,Onion,23,Nashik,FAQ,Manmad,3725,1700,3400.0,Maharashtra,Other
2023-12-02,Onion,23,Nashik,FAQ,Pimpalgaon,4278,2400,3700.0,Maharashtra,Other
2023-12-04,Onion,23,Nashik,FAQ,Nasik,4400,2700,3800.0,Maharashtra,Other
2023-12-04,Onion,23,Pune,FAQ,Pune(Manjri),1700,800,1300.0,Maharashtra,Local
2023-12-04,Onion,23,Mumbai,FAQ,Vashi New Mumbai,4500,3000,3750.0,Maharashtra,Other
2023-12-04,Onion,23,Nashik,FAQ,Manmad,3799,1700,3500.0,Maharashtra,Other
2023-12-04,Onion,23,Nashik,FAQ,Lasalgaon,4380,2100,3900.0,Maharashtra,Red
2023-12-04,Onion,23,Nashik,FAQ,Yeola,3898,1503,3300.0,Maharashtra,Red
2023-12-04,Onion,23,Nashik,FAQ,Lasalgaon(Niphad),3800,1900,3555.0,Maharashtra,Other
2023-12-04,Onion,23,Sholapur,FAQ,Kurdwadi(Modnimb),3700,500,2500.0,Maharashtra,Red
2023-12-04,Onion,23,Kolhapur,FAQ,Kolhapur,5000,1500,3200.0,Maharashtra,Other
2023-12-04,Onion,23,Pune,FAQ,Junnar(Narayangaon),4500,1200,2500.0,Maharashtra,Other
2023-12-04,Onion,23,Nashik,FAQ,Sinner,4106,500,3450.0,Maharashtra,Red
2023-12-05,Onion,23,Pune,FAQ,Manchar,4750,3000,3875.0,Maharashtra,Other
2023-12-05,Onion,23,Nashik,FAQ,Satana,4375,500,3375.0,Maharashtra,Red
2023-12-05,Onion,23,Sholapur,FAQ,Solapur,4900,100,2900.0,Maharashtra,Red
2023-12-05,Onion,23,Nashik,FAQ,Nandgaon,3953,301,3550.0,Maharashtra,Red
2023-12-05,Onion,23,Nashik,FAQ,Kalvan,4675,1200,3100.0,Maharashtra,Other
2023-12-05,Onion,23,Nashik,FAQ,Lasalgaon,4552,2501,4000.0,Maharashtra,Red
2023-12-06,Onion,23,Nashik,FAQ,Umrane,4120,951,3500.0,Maharashtra,Red
2023-12-06,Onion,23,Thane,FAQ,Kalyan,5500,4500,5000.0,Maharashtra,1st Sort
2023-12-06,Onion,23,Nashik,FAQ,Lasalgaon(Vinchur),4400,2000,3800.0,Maharashtra,Red
2023-12-06,Onion,23,Nashik,FAQ,Manmad,4051,1000,3600.0,Maharashtra,Red
2023-12-06,Onion,23,Nashik,FAQ,Nasik,4100,2200,3700.0,Maharashtra,Other
2023-12-06,Onion,23,Nashik,FAQ,Lasalgaon,4515,2500,3950.0,Maharashtra,Red
2023-12-06,Onion,23,Ahmednagar,FAQ,Newasa(Ghodegaon),4500,1000,3800.0,Maharashtra,Red
2023-12-07,Onion,23,Satara,FAQ,Vai,5000,2500,3750.0,Maharashtra,Local
2023-12-07,Onion,23,Nashik,FAQ,Nandgaon,4300,500,3350.0,Maharashtra,Other
2023-12-07,Onion,23,Thane,FAQ,Kalyan,55000,45000,50000.0,Maharashtra,1st Sort
2023-12-07,Onion,23,Nashik,FAQ,Yeola,4000,1500,3500.0,Maharashtra,Other
2023-12-07,Onion,23,Nashik,FAQ,Pimpalgaon,4352,2500,4000.0,Maharashtra,Other
2023-12-08,Onion,23,Nashik,FAQ,Lasalgaon,3001,675,2002.0,Maharashtra,Other
2023-12-08,Onion,23,Nashik,FAQ,Pimpalgaon,2880,900,1800.0,Maharashtra,Pole
2023-12-08,Onion,23,Kolhapur,FAQ,Vadgaonpeth,5000,2500,3750.0,Maharashtra,Local
2023-12-09,Onion,23,Nagpur,FAQ,Hingna,2200,2200,2200.0,Maharashtra,Other
2023-12-09,Onion,23,Pune,FAQ,Junnar(Narayangaon),4500,500,2500.0,Maharashtra,Other
2023-12-09,Onion,23,Kolhapur,FAQ,Kolhapur,4500,1500,2600.0,Maharashtra,Other
2023-12-09,Onion,23,Nashik,FAQ,Nasik,4100,2500,3550.0,Maharashtra,Other
2023-12-10,Onion,23,Pune,FAQ,Pune(Khadiki),3500,3500,3500.0,Maharashtra,Local
2023-12-10,Onion,23,Pune,FAQ,Pune,4200,2000,3100.0,Maharashtra,Local
2023-12-10,Onion,23,Pune,FAQ,Junnar(Alephata),3710,1000,2500.0,Maharashtra,Other
2023-12-11,Onion,23,Sholapur,FAQ,Solapur,4100,100,2100.0,Maharashtra,Red
2023-12-11,Onion,23,Pune,FAQ,Baramati,4200,1000,3000.0,Maharashtra,Red
2023-12-11,Onion,23,Nashik,FAQ,Lasalgaon,2611,1251,2260.0,Maharashtra,Red
2023-12-11,Onion,23,Nashik,FAQ,Nasik,2852,1500,2500.0,Maharashtra,Pole
2023-12-11,Onion,23,Sholapur,FAQ,Kurdwadi(Modnimb),2500,100,1500.0,Maharashtra,Red
2023-12-11,Onion,23,Nashik,FAQ,Kalvan,2765,1100,2000.0,Maharashtra,Red
2023-12-11,Onion,23,Nashik,FAQ,Lasalgaon,3300,1500,2500.0,Maharashtra,Other
2023-12-11,Onion,23,Nashik,FAQ,Manmad,2633,811,2250.0,Maharashtra,Red
2023-12-12,Onion,23,Nashik,FAQ,Lasalgaon(Niphad),2800,1000,2500.0,Maharashtra,Other
2023-12-12,Onion,23,Nashik,FAQ,Manmad,2671,1800,2300.0,Maharashtra,Other
2023-12-12,Onion,23,Pune,FAQ,Pune(Manjri),4400,3300,3800.0,Maharashtra,Local
2023-12-12,Onion,23,Nagpur,FAQ,Hingna,2200,2200,2200.0,Maharashtra,Other
2023-12-12,Onion,23,Nashik,FAQ,Sinner,2500,700,2050.0,Maharashtra,Red
2023-12-13,Onion,23,Pune,FAQ,Indapur,2800,500,1500.0,Maharashtra,Red
2023-12-13,Onion,23,Nashik,FAQ,Nasik,2600,1200,1900.0,Maharashtra,Pole
2023-12-13,Onion,23,Nashik,FAQ,Umrane,2825,751,2100.0,Maharashtra,Other
2023-12-13,Onion,23,Nashik,FAQ,Manmad,2050,600,1750.0,Maharashtra,Other
2023-12-13,Onion,23,Nashik,FAQ,Umrane,3111,751,1800.0,Maharashtra,Red
2023-12-13,Onion,23,Pune,FAQ,Pune(Manjri),4000,3300,3500.0,Maharashtra,Local
2023-12-13,Onion,23,Sholapur,FAQ,Mangal Wedha,3000,500,2200.0,Maharashtra,Local
2023-12-13,Onion,23,Nashik,FAQ,Lasalgaon,2500,700,1900.0,Maharashtra,Red
2023-12-13,Onion,23,Nashik,FAQ,Nandgaon,2400,301,1550.0,Maharashtra,Red
2023-12-13,Onion,23,Nashik,FAQ,Nandgaon,2700,300,1450.0,Maharashtra,Other
2023-12-13,Onion,23,Thane,FAQ,Kalyan,4600,3800,4200.0,Maharashtra,1st Sort
2023-12-13,Onion,23,Kolhapur,FAQ,Kolhapur,4500,1200,2600.0,Maharashtra,Other
2023-12-14,Onion,23,Nashik,FAQ,Umrane,2751,851,2050.0,Maharashtra,Other
2023-12-14,Onion,23,Nashik,FAQ,Yeola,2150,800,1750.0,Maharashtra,Red
2023-12-14,Onion,23,Sholapur,FAQ,Kurdwadi(Modnimb),2190,100,1400.0,Maharashtra,Red
2023-12-14,Onion,23,Nashik,FAQ,Nasik,3000,1200,2500.0,Maharashtra,Other
2023-12-14,Onion,23,Nashik,FAQ,Lasalgaon,3152,1325,2625.0,Maharashtra,Other
2023-12-14,Onion,23,Nashik,FAQ,Umrane,2250,901,1770.0,Maharashtra,Red
2023-12-14,Onion,23,Ahmednagar,FAQ,Rahuri(Vambori),2900,200,2000.0,Maharashtra,Red
2023-12-14,Onion,23,Pune,FAQ,Pune(Manjri),4000,3300,3600.0,Maharashtra,Local
2023-12-14,Onion,23,Nashik,FAQ,Nandgaon,2275,401,1650.0,Maharashtra,Red
2023-12-14,Onion,23,Pune,FAQ,Pune(Khadiki),3500,3000,3250.0,Maharashtra,Local
2023-12-15,Onion,23,Ahmednagar,FAQ,Rahata,2600,800,1950.0,Maharashtra,Red
2023-12-15,Onion,23,Pune,FAQ,Junnar(Narayangaon),3500,500,2000.0,Maharashtra,Other
2023-12-15,Onion,23,Pune,FAQ,Khed(Chakan),3500,1500,3000.0,Maharashtra,Other
2023-12-15,Onion,23,Ahmednagar,FAQ,Kopargaon,2100,1000,1775.0,Maharashtra,Red
2023-12-15,Onion,23,Nashik,FAQ,Satana,2395,300,1750.0,Maharashtra,Red
2023-12-15,Onion,23,Nashik,FAQ,Lasalgaon(Vinchur),2261,1000,2000.0,Maharashtra,Red
2023-12-15,Onion,23,Pune,FAQ,Pune(Manjri),4400,3300,3600.0,Maharashtra,Local
2023-12-16,Onion,23,Ahmednagar,FAQ,Kopargaon,2089,700,1850.0,Maharashtra,Red
2023-12-16,Onion,23,Ahmednagar,FAQ,Newasa(Ghodegaon),2200,500,1800.0,Maharashtra,Red
2023-12-16,Onion,23,Pune,FAQ,Baramati,3600,800,2500.0,Maharashtra,Red
2023-12-16,Onion,23,Nashik,FAQ,Pimpalgaon,2399,1000,1900.0,Maharashtra,Pole
2023-12-17,Onion,23,Ahmednagar,FAQ,Rahuri,2400,200,1300.0,Maharashtra,Other
2023-12-18,Onion,23,Nashik,FAQ,Sinner,2175,500,1900.0,Maharashtra,Red
2023-12-18,Onion,23,Pune,FAQ,Pune(Manjri),4400,3300,3800.0,Maharashtra,Local
2023-12-18,Onion,23,Nashik,FAQ,Lasalgaon(Niphad),2207,1400,2100.0,Maharashtra,Red
2023-12-18,Onion,23,Pune,FAQ,Junnar(Narayangaon),3500,500,2000.0,Maharashtra,Other
2023-12-18,Onion,23,Nashik,FAQ,Pimpalgaon,2391,1000,2001.0,Maharashtra,Pole
2023-12-18,Onion,23,Nashik,FAQ,Satana,2295,400,1750.0,Maharashtra,Red
2023-12-18,Onion,23,Jalgaon,FAQ,Jalgaon,1942,500,1300.0,Maharashtra,Red
2023-12-18,Onion,23,Ahmednagar,FAQ,Newasa(Ghodegaon),2500,500,2000.0,Maharashtra,Red
2023-12-19,Onion,23,Sholapur,FAQ,Solapur,3400,100,1700.0,Maharashtra,Red
2023-12-19,Onion,23,Ahmednagar,FAQ,Kopargaon,2109,500,2050.0,Maharashtra,Red
2023-12-19,Onion,23,Ahmednagar,FAQ,Pathardi,2050,500,1400.0,Maharashtra,Red
2023-12-19,Onion,23,Pune,FAQ,Junnar(Alephata),2700,900,2000.0,Maharashtra,Other
2023-12-19,Onion,23,Jalgaon,FAQ,Jalgaon,1950,662,1427.0,Maharashtra,Red
2023-12-19,Onion,23,Nashik,FAQ,Lasalgaon,2100,1000,1900.0,Maharashtra,Other
2023-12-19,Onion,23,Nashik,FAQ,Lasalgaon,2525,1000,2125.0,Maharashtra,Red
2023-12-19,Onion,23,Kolhapur,FAQ,Kolhapur,3500,500,1700.0,Maharashtra,Other
2023-12-19,Onion,23,Pune,FAQ,Manchar,3000,1000,2000.0,Maharashtra,Other
2023-12-20,Onion,23,Thane,FAQ,Kalyan,2700,2000,2310.0,Maharashtra,1st Sort
2023-12-20,Onion,23,Nashik,FAQ,Pimpalgaon,2180,1000,1800.0,Maharashtra,Other
2023-12-20,Onion,23,Nashik,FAQ,Lasalgaon,2260,461,2000.0,Maharashtra,Other
2023-12-20,Onion,23,Nashik,FAQ,Satana,2130,300,1860.0,Maharashtra,Red
2023-12-20,Onion,23,Nashik,FAQ,Nampur,2295,100,1900.0,Maharashtra,Red
2023-12-21,Onion,23,Sholapur,FAQ,Pandharpur,3000,300,1800.0,Maharashtra,Red
2023-12-21,Onion,23,Nashik,FAQ,Manmad,2050,1001,1493.0,Maharashtra,Other
2023-12-21,Onion,23,Kolhapur,FAQ,Kolhapur,3500,500,1800.0,Maharashtra,Other
2023-12-21,Onion,23,Pune,FAQ,Manchar,2700,1000,1850.0,Maharashtra,Other
2023-12-21,Onion,23,Pune,FAQ,Khed(Chakan),2400,1000,1800.0,Maharashtra,Other
2023-12-21,Onion,23,Nashik,FAQ,Manmad,2021,600,1700.0,Maharashtra,Red
2023-12-21,Onion,23,Nashik,FAQ,Pimpalgaon,1900,740,1800.0,Maharashtra,Other
2023-12-21,Onion,23,Nashik,FAQ,Pimpalgaon Baswant(Saykheda),1900,800,1700.0,Maharashtra,Red
2023-12-21,Onion,23,Nashik,FAQ,Lasalgaon(Vinchur),2100,1000,1900.0,Maharashtra,Red
2023-12-22,Onion,23,Pune,FAQ,Junnar(Alephata),2510,900,2000.0,Maharashtra,Other
2023-12-22,Onion,23,Ahmednagar,FAQ,Pathardi,1800,500,1500.0,Maharashtra,Red
2023-12-22,Onion,23,Kolhapur,FAQ,Vadgaonpeth,3200,2000,2500.0,Maharashtra,Local
2023-12-22,Onion,23,Nashik,FAQ,Nasik,2251,1150,1900.0,Maharashtra,Pole
2023-12-22,Onion,23,Jalgaon,FAQ,Jalgaon,1512,627,1062.0,Maharashtra,White
2023-12-22,Onion,23,Ahmednagar,FAQ,Kopargaon,2030,700,1700.0,Maharashtra,Red
2023-12-22,Onion,23,Nashik,FAQ,Manmad,1495,911,1340.0,Maharashtra,Other
2023-12-22,Onion,23,Nashik,FAQ,Kalvan,1915,400,1350.0,Maharashtra,Red
2023-12-22,Onion,23,Nashik,FAQ,Lasalgaon(Vinchur),2011,1000,1800.0,Maharashtra,Red
2023-12-22,Onion,23,Nashik,FAQ,Lasalgaon(Niphad),2036,1101,1850.0,Maharashtra,Red
2023-12-22,Onion,23,Nashik,FAQ,Lasalgaon,2051,900,1850.0,Maharashtra,Red
2023-12-22,Onion,23,Ahmednagar,FAQ,Rahuri,2000,100,1050.0,Maharashtra,Other
2023-12-23,Onion,23,Sholapur,FAQ,Solapur,3100,100,1500.0,Maharashtra,Red
2023-12-23,Onion,23,Ahmednagar,FAQ,Newasa(Ghodegaon),2000,500,1700.0,Maharashtra,Red
2023-12-23,Onion,23,Pune,FAQ,Junnar(Narayangaon),3000,500,2000.0,Maharashtra,Other
2023-12-23,Onion,23,Nashik,FAQ,Lasalgaon(Vinchur),2300,1000,2000.0,Maharashtra,Other
2023-12-23,Onion,23,Jalgaon,FAQ,Bhusaval,1500,1000,1200.0,Maharashtra,Red
2023-12-24,Onion,23,Pune,FAQ,Junnar(Alephata),2510,1000,2000.0,Maharashtra,Other
2023-12-24,Onion,23,Sholapur,FAQ,Akluj,2700,500,1300.0,Maharashtra,Red
2023-12-25,Onion,23,Nashik,FAQ,Lasalgaon(Niphad),1799,1025,1670.0,Maharashtra,Red
2023-12-25,Onion,23,Nashik,FAQ,Lasalgaon,1772,700,1600.0,Maharashtra,Red
2023-12-25,Onion,23,Sholapur,FAQ,Kurdwadi(Modnimb),2000,100,1300.0,Maharashtra,Red
2023-12-25,Onion,23,Pune,FAQ,Baramati,3000,700,2000.0,Maharashtra,Red
2023-12-26,Onion,23,Ahmednagar,FAQ,Pathardi,1500,300,1000.0,Maharashtra,Red
2023-12-26,Onion,23,Kolhapur,FAQ,Kolhapur,3000,500,1500.0,Maharashtra,Other
2023-12-26,Onion,23,Sholapur,FAQ,Pandharpur,2500,200,1800.0,Maharashtra,Red
2023-12-26,Onion,23,Pune,FAQ,Khed(Chakan),2100,1000,1800.0,Maharashtra,Other
2023-12-26,Onion,23,Nashik,FAQ,Pimpalgaon,1861,601,1551.0,Maharashtra,Pole
2023-12-27,Onion,23,Nashik,FAQ,Lasalgaon,1801,600,1670.0,Maharashtra,Red
2023-12-27,Onion,23,Nashik,FAQ,Nasik,1751,900,1600.0,Maharashtra,Pole
2023-12-27,Onion,23,Pune,FAQ,Khed(Chakan),1900,1300,1500.0,Maharashtra,Other
2023-12-27,Onion,23,Nashik,FAQ,Sinner,1614,300,1400.0,Maharashtra,Red
2023-12-27,Onion,23,Nashik,FAQ,Umrane,1751,751,1400.0,Maharashtra,Red
2023-12-28,Onion,23,Nashik,FAQ,Kalvan,2300,200,1300.0,Maharashtra,Other
2023-12-28,Onion,23,Nashik,FAQ,Lasalgaon,1800,800,1650.0,Maharashtra,Other
2023-12-28,Onion,23,Nashik,FAQ,Kalvan,1880,400,1100.0,Maharashtra,Red
2023-12-28,Onion,23,Pune,FAQ,Junnar,2200,200,1200.0,Maharashtra,Other
2023-12-28,Onion,23,Nashik,FAQ,Manmad,1801,300,1550.0,Maharashtra,Red
2023-12-28,Onion,23,Nashik,FAQ,Satana,1895,100,1455.0,Maharashtra,Red
2023-12-28,Onion,23,Pune,FAQ,Pune,3000,800,1900.0,Maharashtra,Local
2023-12-28,Onion,23,Jalgaon,FAQ,Bhusaval,1800,1000,1500.0,Maharashtra,Red
2023-12-29,Onion,23,Ahmednagar,FAQ,Pathardi,1500,300,1000.0,Maharashtra,Red
2023-12-29,Onion,23,Pune,FAQ,Junnar(Alephata),2510,1000,2000.0,Maharashtra,Other
2023-12-29,Onion,23,Nashik,FAQ,Satana,1880,300,1415.0,Maharashtra,Red
2023-12-29,Onion,23,Nashik,FAQ,Manmad,1674,500,1450.0,Maharashtra,Red
2023-12-29,Onion,23,Kolhapur,FAQ,Kolhapur,2800,500,1500.0,Maharashtra,Other
2023-12-29,Onion,23,Nashik,FAQ,Pimpalgaon,2001,650,1650.0,Maharashtra,Pole
2023-12-30,Onion,23,Satara,FAQ,Vai,3500,1500,2250.0,Maharashtra,Local
2023-12-30,Onion,23,Pune,FAQ,Baramati,2900,600,1800.0,Maharashtra,Red
2023-12-30,Onion,23,Nashik,FAQ,Pimpalgaon Baswant(Saykheda),1815,500,1600.0,Maharashtra,Red
2023-12-30,Onion,23,Nashik,FAQ,Pimpalgaon Baswant(Saykheda),1815,500,1600.0,Maharashtra,Other
2023-12-30,Onion,23,Ahmednagar,FAQ,Kopargaon,1756,300,1575.0,Maharashtra,Red
2023-12-30,Onion,23,Pune,FAQ,Pune(Khadiki),2750,2000,2350.0,Maharashtra,Local
2023-12-30,Onion,23,Pune,FAQ,Pune(Manjri),2200,1300,1700.0,Maharashtra,Local
2023-12-30,Onion,23,Jalgaon,FAQ,Bhusaval,1500,1200,1400.0,Maharashtra,Red
2023-12-31,Onion,23,Pune,FAQ,Junnar(Alephata),2510,1000,2000.0,Maharashtra,Other
2023-12-31,Onion,23,Pune,FAQ,Pune,2600,800,1800.0,Maharashtra,Local
2023-12-31,Onion,23,Pune,FAQ,Manchar,2600,1300,1950.0,Maharashtra,Other
2023-12-31,Onion,23,Jalgaon,FAQ,Bhusaval,1500,1200,1300.0,Maharashtra,Red
2023-12-31,Onion,23,Sholapur,FAQ,Akluj,2500,500,1800.0,Maharashtra,Red
2025-02-01,Onion,23,Pune,Local,Khed(Chakan),2500,1000,2200.0,Maharashtra,Other
2025-02-01,Onion,23,Nashik,Local,Chandvad,2500,1100,1780.0,Maharashtra,Red
2025-02-01,Onion,23,Pune,Local,Pune(Moshi),2000,800,1400.0,Maharashtra,Local
2025-02-01,Onion,23,Nashik,Local,Pimpalgaon,2904,600,2100.0,Maharashtra,Pole
2025-02-01,Onion,23,Nashik,Local,Lasalgaon,2600,700,2100.0,Maharashtra,Red
2025-02-01,Onion,23,Sholapur,Local,Solapur,3500,200,1600.0,Maharashtra,Red
2025-02-01,Onion,23,Ahmednagar,Local,Shevgaon,1900,1500,1900.0,Maharashtra,2nd Sort
2025-02-01,Onion,23,Ahmednagar,Local,Newasa(Ghodegaon),2800,1000,2500.0,Maharashtra,Red
2025-02-01,Onion,23,Nashik,Local,Manmad,1550,512,1311.0,Maharashtra,White
2025-02-01,Onion,23,Nashik,Local,Dindori(Vani),2950,1751,2350.0,Maharashtra,Red
2025-02-02,Onion,23,Nagpur,Local,Kamthi,2500,1500,2000.0,Maharashtra,Local
2025-02-03,Onion,23,Sholapur,FAQ,Laxmi Sopan Agriculture Produce Marketing Co Ltd,2900,500,2100.0,Maharashtra,Other
2025-02-03,Onion,23,Kolhapur,Local,Kolhapur,3200,1000,2000.0,Maharashtra,Other
2025-02-03,Onion,23,Sholapur,Local,Kurdwadi(Modnimb),2500,400,1400.0,Maharashtra,Red
2025-02-03,Onion,23,Dhule,Local,Dhule,2310,300,2100.0,Maharashtra,Red
2025-02-03,Onion,23,Mumbai,Local,Vashi New Mumbai,2700,1000,1850.0,Maharashtra,Other
2025-02-03,Onion,23,Ahmednagar,Local,Karjat,2500,500,1500.0,Maharashtra,Local
2025-02-03,Onion,23,Pune,Local,Pune(Khadiki),2400,1600,2000.0,Maharashtra,Local
2025-02-03,Onion,23,Nashik,Local,Dindori(Vani),3081,1700,2201.0,Maharashtra,Red
2025-02-03,Onion,23,Nashik,Local,Satana,2320,400,1910.0,Maharashtra,Red
2025-02-03,Onion,23,Nashik,Local,Yeola,2226,400,1750.0,Maharashtra,Red
2025-02-03,Onion,23,Thane,Local,Kalyan,2500,2300,2400.0,Maharashtra,1st Sort
2025-02-03,Onion,23,Nagpur,Local,Nagpur,2600,1600,2350.0,Maharashtra,White
2025-02-03,Onion,23,Nagpur,Local,Hingna,4000,2500,3020.0,Maharashtra,Red
2025-02-04,Onion,23,Ahmednagar,Local,Shrigonda,2600,300,2300.0,Maharashtra,Other
2025-02-04,Onion,23,Nashik,Local,Devala,2390,900,2150.0,Maharashtra,Red
2025-02-04,Onion,23,Nagpur,Local,Hingna,3000,2000,2460.0,Maharashtra,Red
2025-02-04,Onion,23,Sholapur,FAQ,Laxmi Sopan Agriculture Produce Marketing Co Ltd,2900,500,2200.0,Maharashtra,Other
2025-02-04,Onion,23,Nagpur,Local,Nagpur,2500,1500,2250.0,Maharashtra,Red
2025-02-04,Onion,23,Sangli,Local,"Sangli(Phale, Bhajipura Market)",2900,1000,1950.0,Maharashtra,Local
2025-02-04,Onion,23,Nagpur,Local,Ramtek,2800,2400,2600.0,Maharashtra,Other
2025-02-04,Onion,23,Pune,Local,Pune(Khadiki),2400,1600,2200.0,Maharashtra,Local
2025-02-04,Onion,23,Nashik,Local,Kalvan,2640,1100,2201.0,Maharashtra,Red
2025-02-04,Onion,23,Nashik,Local,Manmad,1400,500,1052.0,Maharashtra,White
2025-02-05,Onion,23,Nashik,Local,Devala,2500,950,2175.0,Maharashtra,Red
2025-02-05,Onion,23,Jalgaon,Local,Jalgaon,2500,700,1575.0,Maharashtra,Red
2025-02-05,Onion,23,Nashik,Local,Pimpalgaon Baswant(Saykheda),2500,800,2075.0,Maharashtra,Red
2025-02-05,Onion,23,Pune,Local,Pune(Khadiki),2200,1400,1800.0,Maharashtra,Local
2025-02-05,Onion,23,Mumbai,Local,Vashi New Mumbai,2800,1100,1950.0,Maharashtra,Other
2025-02-05,Onion,23,Nashik,Local,Chandvad,2676,1100,2200.0,Maharashtra,Red
2025-02-05,Onion,23,Satara,Local,Karad,2500,500,2500.0,Maharashtra,Other
2025-02-06,Onion,23,Pune,Local,Pune,2800,1400,2100.0,Maharashtra,Local
2025-02-06,Onion,23,Nashik,Local,Nasik,2615,700,2111.0,Maharashtra,Pole
2025-02-06,Onion,23,Thane,Local,Kalyan,2700,2200,2400.0,Maharashtra,1st Sort
2025-02-06,Onion,23,Nashik,Local,Manmad,2605,300,2100.0,Maharashtra,Red
2025-02-06,Onion,23,Nashik,Local,Lasalgaon(Niphad),2605,1100,2400.0,Maharashtra,Red
2025-02-06,Onion,23,Beed,Local,Kada,2750,200,1800.0,Maharashtra,Other
2025-02-06,Onion,23,Mumbai,Local,Vashi New Mumbai,2800,1100,1950.0,Maharashtra,Other
2025-02-06,Onion,23,Pune,Local,Pune(Manjri),2600,2200,2400.0,Maharashtra,Local
2025-02-06,Onion,23,Sangli,Local,"Sangli(Phale, Bhajipura Market)",3000,1200,2100.0,Maharashtra,Local
2025-02-06,Onion,23,Nashik,Local,Chandvad,2700,1000,2080.0,Maharashtra,Red
2025-02-06,Onion,23,Sholapur,Local,Kurdwadi(Modnimb),2851,500,1500.0,Maharashtra,Red
2025-02-07,Onion,23,Pune,Local,Junnar(Alephata),3510,1100,2200.0,Maharashtra,Other
2025-02-07,Onion,23,Nashik,Local,Devala,2630,900,2300.0,Maharashtra,Red
2025-02-07,Onion,23,Nashik,Local,Dindori(Vani),3500,1751,2551.0,Maharashtra,Red
2025-02-07,Onion,23,Dhule,Local,Dhule,2290,350,1380.0,Maharashtra,Red
2025-02-07,Onion,23,Thane,Local,Kalyan,2700,2200,2450.0,Maharashtra,1st Sort
2025-02-07,Onion,23,Nagpur,Local,Hingna,3000,2500,2750.0,Maharashtra,Red
2025-02-07,Onion,23,Nashik,Local,Nampur,2680,300,2100.0,Maharashtra,Red
2025-02-07,Onion,23,Dharashiv(Usmanabad),Local,Dharashiv,3000,1000,2000.0,Maharashtra,Red
2025-02-07,Onion,23,Nashik,Local,Pimpalgaon Baswant(Saykheda),2451,800,2125.0,Maharashtra,Red
2025-02-07,Onion,23,Nashik,Local,Pimpalgaon,3000,500,2250.0,Maharashtra,Pole
2025-02-07,Onion,23,Ahmednagar,Local,Sangamner,3011,500,1756.0,Maharashtra,Red
2025-02-07,Onion,23,Akola,Local,Akola,2800,2000,2500.0,Maharashtra,Other
2025-02-08,Onion,23,Pune,Local,Pune(Moshi),2500,500,1500.0,Maharashtra,Local
2025-02-08,Onion,23,Sholapur,FAQ,Laxmi Sopan Agriculture Produce Marketing Co Ltd,3215,500,2300.0,Maharashtra,Other
2025-02-08,Onion,23,Pune,Local,Pune(Pimpri),2800,2800,2800.0,Maharashtra,Local
2025-02-08,Onion,23,Jalgaon,Local,Jalgaon,3127,625,1850.0,Maharashtra,Red
2025-02-08,Onion,23,Sholapur,Local,Solapur,3500,300,1800.0,Maharashtra,Red
2025-02-08,Onion,23,Dharashiv(Usmanabad),Local,Dharashiv,2600,1800,2200.0,Maharashtra,Red
2025-02-08,Onion,23,Dhule,Local,Shirpur,2500,500,2500.0,Maharashtra,Red
2025-02-08,Onion,23,Ahmednagar,Local,Kopargaon,2676,1000,2350.0,Maharashtra,Red
2025-02-08,Onion,23,Nagpur,Local,Nagpur,1600,1200,1525.0,Maharashtra,Red
2025-02-09,Onion,23,Chattrapati Sambhajinagar,Local,Chattrapati Sambhajinagar,2800,600,1200.0,Maharashtra,Other
2025-02-12,Onion,23,Sholapur,Local,Akluj,3500,600,1800.0,Maharashtra,Red
2025-02-12,Onion,23,Nashik,Local,Sinner,3000,1000,2600.0,Maharashtra,Red
2025-02-12,Onion,23,Nashik,Local,Pimpalgaon Baswant(Saykheda),3111,1000,2600.0,Maharashtra,Red
2025-02-12,Onion,23,Nashik,Local,Chandvad,3051,1500,2620.0,Maharashtra,Red
2025-02-12,Onion,23,Nashik,Local,Pimpalgaon,3100,800,2600.0,Maharashtra,Pole
2025-02-12,Onion,23,Chattrapati Sambhajinagar,Local,Lasur Station,2850,700,2150.0,Maharashtra,Other
2025-02-12,Onion,23,Chattrapati Sambhajinagar,Local,Vaijpur,2730,500,2100.0,Maharashtra,Red
2025-02-12,Onion,23,Nashik,Local,Devala,2860,1100,2650.0,Maharashtra,Red
2025-02-12,Onion,23,Ahmednagar,Local,Shrigonda,2800,500,2100.0,Maharashtra,Other
2025-02-12,Onion,23,Beed,Local,Kada,3400,400,2200.0,Maharashtra,Red
2025-02-13,Onion,23,Nashik,Local,Dindori(Vani),3381,2000,2751.0,Maharashtra,Red
2025-02-13,Onion,23,Satara,Local,Karad,2000,1500,2000.0,Maharashtra,Other
2025-02-13,Onion,23,Nashik,Local,Lasalgaon(Niphad),4000,1300,3050.0,Maharashtra,Red
2025-02-13,Onion,23,Sholapur,Local,Kurdwadi(Modnimb),3210,500,1900.0,Maharashtra,Red
2025-02-13,Onion,23,Nashik,Local,Sinner,3239,1000,2850.0,Maharashtra,Red
2025-02-13,Onion,23,Mumbai,Local,Vashi New Mumbai,3300,1500,2400.0,Maharashtra,Other
2025-02-13,Onion,23,Nashik,Local,Pimpalgaon Baswant(Saykheda),3500,1500,2800.0,Maharashtra,Red
2025-02-13,Onion,23,Dharashiv(Usmanabad),Local,Dharashiv,3000,1400,2200.0,Maharashtra,Red
2025-02-13,Onion,23,Sangli,Local,"Sangli(Phale, Bhajipura Market)",3200,1200,2200.0,Maharashtra,Local
2025-02-13,Onion,23,Buldhana,Local,Malkapur,3100,1700,2500.0,Maharashtra,Local
2025-02-13,Onion,23,Nashik,Local,Satana,3155,570,2785.0,Maharashtra,Red
2025-02-14,Onion,23,Pune,Local,Junnar(Narayangaon),3000,1100,2300.0,Maharashtra,Other
2025-02-14,Onion,23,Nashik,Local,Chandvad,3651,1571,3100.0,Maharashtra,Red
2025-02-14,Onion,23,Jalgaon,Local,Jalgaon,3250,687,2000.0,Maharashtra,Red
2025-02-14,Onion,23,Jalgaon,Local,Bhusaval,2500,2000,2200.0,Maharashtra,Red
2025-02-14,Onion,23,Nashik,Local,Nampur,3400,300,3000.0,Maharashtra,Red
2025-02-14,Onion,23,Sangli,Local,"Sangli(Phale, Bhajipura Market)",3000,1000,2000.0,Maharashtra,Local
2025-02-14,Onion,23,Chattrapati Sambhajinagar,Local,Vaijpur,3120,600,2200.0,Maharashtra,Red
2025-02-14,Onion,23,Sholapur,Local,Akluj,3550,500,1800.0,Maharashtra,Red
2025-02-14,Onion,23,Ahmednagar,FAQ,Om Chaitanya Multistate Agro Purpose CoOp Society ,3300,500,2950.0,Maharashtra,Red
2025-02-14,Onion,23,Pune,Local,Pune(Manjri),3300,2200,2800.0,Maharashtra,Local
2025-02-14,Onion,23,Ahmednagar,Local,Rahata,3575,500,2350.0,Maharashtra,Other
2025-02-14,Onion,23,Nashik,Local,Pimpalgaon,3632,1000,2900.0,Maharashtra,Pole
2025-02-14,Onion,23,Nashik,Local,Yeola,3337,700,2750.0,Maharashtra,Red
2025-02-14,Onion,23,Chattrapati Sambhajinagar,Local,Lasur Station,3405,800,2500.0,Maharashtra,Other
2025-02-15,Onion,23,Nashik,Local,Chandvad,3551,1700,2900.0,Maharashtra,Red
2025-02-15,Onion,23,Satara,Local,Karad,3000,500,3000.0,Maharashtra,Other
2025-02-15,Onion,23,Sangli,Local,Vita,3400,2500,3100.0,Maharashtra,Other
2025-02-15,Onion,23,Amarawati,Local,Amrawati(Frui & Veg. Market),2200,700,1450.0,Maharashtra,Local
2025-02-15,Onion,23,Pune,Local,Pune(Pimpri),3000,3000,3000.0,Maharashtra,Local
2025-02-15,Onion,23,Nashik,Local,Lasalgaon,3481,1200,3000.0,Maharashtra,Red
2025-02-15,Onion,23,Nashik,Local,Yeola,3250,825,2650.0,Maharashtra,Red
2025-02-15,Onion,23,Ahmednagar,Local,Kopargaon,3068,1000,2850.0,Maharashtra,Red
2025-02-15,Onion,23,Dhule,Local,Dhule,3310,500,3000.0,Maharashtra,Red
2025-02-16,Onion,23,Pune,Local,Manchar,3510,3100,3305.0,Maharashtra,Other
2025-02-16,Onion,23,Thane,Local,Kalyan,3000,2800,2900.0,Maharashtra,1st Sort
2025-02-16,Onion,23,Satara,Local,Karad,2500,1000,2500.0,Maharashtra,Other
2025-02-16,Onion,23,Jalgaon,Local,Bhusaval,2500,2000,2300.0,Maharashtra,Red
2025-02-16,Onion,23,Amarawati,Local,Amrawati(Frui & Veg. Market),2200,500,1350.0,Maharashtra,Red
2025-02-16,Onion,23,Pune,Local,Pune(Moshi),3000,1000,2000.0,Maharashtra,Local
2025-02-17,Onion,23,Thane,Local,Kalyan,2600,2400,2500.0,Maharashtra,2nd Sort
2025-02-17,Onion,23,Ahmednagar,Local,Kopargaon,3185,1000,2725.0,Maharashtra,Red
2025-02-17,Onion,23,Jalgaon,Local,Yawal,2070,1490,1810.0,Maharashtra,Red
2025-02-17,Onion,23,Nagpur,Local,Hingna,3000,3000,3000.0,Maharashtra,White
2025-02-17,Onion,23,Nagpur,Local,Nagpur,3000,1400,2600.0,Maharashtra,Red
2025-02-17,Onion,23,Nashik,Local,Lasalgaon(Niphad),2850,1700,2651.0,Maharashtra,Other
2025-02-17,Onion,23,Nandurbar,Local,Navapur,3000,1000,2050.0,Maharashtra,Other
2025-02-17,Onion,23,Nashik,Local,Nampur,3100,300,2500.0,Maharashtra,Red
2025-02-17,Onion,23,Nashik,Local,Devala,2960,1000,2750.0,Maharashtra,Red
2025-02-17,Onion,23,Nashik,Local,Pimpalgaon Baswant(Saykheda),3101,1840,2750.0,Maharashtra,Red
2025-02-17,Onion,23,Nashik,Local,Lasalgaon,3311,1200,2700.0,Maharashtra,Red
2025-02-17,Onion,23,Amarawati,Local,Amrawati(Frui & Veg. Market),2200,700,1450.0,Maharashtra,Red
2025-02-17,Onion,23,Nashik,Local,Pimpalgaon,3434,800,2750.0,Maharashtra,Pole
2025-02-18,Onion,23,Ahmednagar,Local,Sangamner,3251,400,1825.0,Maharashtra,Red
2025-02-18,Onion,23,Sholapur,FAQ,Laxmi Sopan Agriculture Produce Marketing Co Ltd,3400,500,2500.0,Maharashtra,Other
2025-02-18,Onion,23,Nagpur,Local,Kamthi,3000,2000,2500.0,Maharashtra,Local
2025-02-18,Onion,23,Nashik,Local,Satana,2830,595,2315.0,Maharashtra,Red
2025-02-18,Onion,23,Pune,Local,Pune,3000,1500,2250.0,Maharashtra,Local
2025-02-18,Onion,23,Pune,Local,Pune(Khadiki),2400,1300,1850.0,Maharashtra,Local
2025-02-18,Onion,23,Nashik,Local,Manmad,1276,1100,1190.0,Maharashtra,White
2025-02-18,Onion,23,Ahmednagar,Local,Kopargaon,3100,1000,2750.0,Maharashtra,Red
2025-02-19,Onion,23,Amarawati,Local,Amrawati(Frui & Veg. Market),2200,500,1350.0,Maharashtra,Red
2025-02-19,Onion,23,Thane,Local,Kalyan,3300,3100,3200.0,Maharashtra,1st Sort
2025-02-19,Onion,23,Pune,Local,Baramati,3000,1100,2200.0,Maharashtra,Red
2025-02-19,Onion,23,Ahmednagar,Local,Sangamner,3100,400,1750.0,Maharashtra,Red
2025-02-19,Onion,23,Ahmednagar,FAQ,Shree Sairaj Krushi Market,2900,600,1800.0,Maharashtra,Local
2025-02-19,Onion,23,Nashik,Local,Lasalgaon(Niphad),2300,851,2241.0,Maharashtra,Other
2025-02-19,Onion,23,Pune,Local,Pune,2800,1400,2100.0,Maharashtra,Local
2025-02-20,Onion,23,Ahmednagar,Local,Sangamner,2800,400,1600.0,Maharashtra,Red
2025-02-20,Onion,23,Ahmednagar,Local,Jamkhed,2800,200,1500.0,Maharashtra,Local
2025-02-20,Onion,23,Nashik,Local,Lasalgaon(Vinchur),2451,1300,2100.0,Maharashtra,Other
2025-02-20,Onion,23,Pune,Local,Manchar,2800,2300,2600.0,Maharashtra,Other
2025-02-20,Onion,23,Nashik,Local,Pimpalgaon Baswant(Saykheda),2476,1000,2150.0,Maharashtra,Red
2025-02-20,Onion,23,Ahmednagar,Local,Shrigonda,2800,500,2300.0,Maharashtra,Other
2025-02-20,Onion,23,Nashik,Local,Nasik,3200,1100,2600.0,Maharashtra,Pole
2025-02-20,Onion,23,Nashik,Local,Satana,2475,550,2005.0,Maharashtra,Red
2025-02-21,Onion,23,Chattrapati Sambhajinagar,Local,Lasur Station,2398,625,1525.0,Maharashtra,Other
2025-02-21,Onion,23,Ahmednagar,Local,Akole,2611,300,2261.0,Maharashtra,Other
2025-02-21,Onion,23,Ahmednagar,Local,Parner,2500,500,1900.0,Maharashtra,Other
2025-02-21,Onion,23,Ahmednagar,Local,Pathardi,2000,500,1500.0,Maharashtra,Red
2025-02-21,Onion,23,Amarawati,Local,Amrawati(Frui & Veg. Market),2200,600,1400.0,Maharashtra,Red
2025-02-21,Onion,23,Jalgaon,Local,Jalgaon,2650,500,1575.0,Maharashtra,Red
2025-02-21,Onion,23,Ahmednagar,Local,Kopargaon,2581,1000,2300.0,Maharashtra,Other
2025-02-21,Onion,23,Pune,Local,Khed(Chakan),2700,2200,2500.0,Maharashtra,Other
2025-02-21,Onion,23,Sholapur,FAQ,Laxmi Sopan Agriculture Produce Marketing Co Ltd,3000,500,2300.0,Maharashtra,Other
2025-02-21,Onion,23,Nashik,Local,Lasalgaon(Vinchur),2620,1000,2300.0,Maharashtra,Red
2025-02-21,Onion,23,Nashik,Local,Manmad,1081,951,951.0,Maharashtra,White
2025-02-21,Onion,23,Ahmednagar,FAQ,Om Chaitanya Multistate Agro Purpose CoOp Society ,2400,500,2000.0,Maharashtra,Red
2025-02-21,Onion,23,Jalgaon,Local,Yawal,2050,1490,1810.0,Maharashtra,Red
2025-02-21,Onion,23,Chattrapati Sambhajinagar,Local,Vaijpur,2355,500,2000.0,Maharashtra,Red
2025-02-22,Onion,23,Jalgaon,Local,Yawal,2050,1460,1800.0,Maharashtra,Red
2025-02-22,Onion,23,Ahmednagar,Local,Kopargaon,2270,1000,2150.0,Maharashtra,Red
2025-02-22,Onion,23,Satara,Local,Satara,2800,1500,2150.0,Maharashtra,Other
2025-02-22,Onion,23,Ahmednagar,Local,Karjat,2700,1000,1700.0,Maharashtra,Local
2025-02-22,Onion,23,Kolhapur,Local,Vadgaonpeth,3000,1800,2600.0,Maharashtra,Local
2025-02-22,Onion,23,Nashik,Local,Lasalgaon(Vinchur),2830,1200,2350.0,Maharashtra,Red
2025-02-23,Onion,23,Pune,Local,Khed(Chakan),2500,1500,2000.0,Maharashtra,Other
2025-02-23,Onion,23,Pune,Local,Pune(Khadiki),2300,1500,1900.0,Maharashtra,Local
2025-02-23,Onion,23,Satara,Local,Karad,2800,2000,2800.0,Maharashtra,Other
2025-02-23,Onion,23,Pune,Local,Pune(Pimpri),2500,1300,1900.0,Maharashtra,Local
2025-02-23,Onion,23,Pune,Local,Pune(Manjri),2800,2600,2700.0,Maharashtra,Local
2025-02-24,Onion,23,Nashik,Local,Manmad,1371,1013,1130.0,Maharashtra,White
2025-02-24,Onion,23,Nashik,FAQ,Shree Rameshwar Krushi Market ,2900,352,2254.34,Maharashtra,Red
2025-02-24,Onion,23,Nagpur,Local,Nagpur,3000,1400,2600.0,Maharashtra,Red
2025-02-24,Onion,23,Pune,Local,Pune(Manjri),2600,2200,2400.0,Maharashtra,Local
2025-02-24,Onion,23,Jalgaon,Local,Jalgaon,2500,627,1572.0,Maharashtra,Red
2025-02-24,Onion,23,Ahmednagar,Local,Kopargaon,2474,700,2100.0,Maharashtra,Red
2025-02-24,Onion,23,Nashik,Local,Satana,2575,700,2355.0,Maharashtra,Red
2025-02-24,Onion,23,Nashik,Local,Nasik,3100,1250,2500.0,Maharashtra,Other
2025-02-24,Onion,23,Nashik,Local,Nampur,2525,300,2100.0,Maharashtra,Red
2025-02-24,Onion,23,Ahmednagar,Local,Newasa(Ghodegaon),2500,1000,2200.0,Maharashtra,Red
2025-02-24,Onion,23,Nashik,Local,Manmad,2424,400,2100.0,Maharashtra,Red
2025-02-24,Onion,23,Satara,Local,Lonand,2510,800,1700.0,Maharashtra,Other
2025-02-24,Onion,23,Kolhapur,Local,Kolhapur,2800,1000,1900.0,Maharashtra,Other
2025-02-24,Onion,23,Ahmednagar,Local,Rahuri(Vambori),2500,300,2000.0,Maharashtra,Other
2025-02-25,Onion,23,Nashik,Local,Lasalgaon(Niphad),2670,1100,2500.0,Maharashtra,Red
2025-02-25,Onion,23,Sholapur,Local,Solapur,3000,200,1900.0,Maharashtra,Red
2025-02-25,Onion,23,Jalgaon,Local,Yawal,2090,1470,1800.0,Maharashtra,Red
2025-02-25,Onion,23,Nagpur,Local,Ramtek,2000,1800,1900.0,Maharashtra,Other
2025-02-25,Onion,23,Nashik,Local,Lasalgaon,2580,1000,2370.0,Maharashtra,Other
2025-02-25,Onion,23,Kolhapur,Local,Kolhapur,2800,1000,1800.0,Maharashtra,Other
2025-02-25,Onion,23,Akola,Local,Akola,2500,1500,2000.0,Maharashtra,Other
2025-02-26,Onion,23,Ahmednagar,Local,Sangamner,2811,400,1605.0,Maharashtra,Red
2025-02-26,Onion,23,Sholapur,Local,Mangal Wedha,2730,600,2550.0,Maharashtra,Local
2025-02-26,Onion,23,Nashik,Local,Nasik,2550,1200,2250.0,Maharashtra,Pole
2025-02-26,Onion,23,Ahmednagar,Local,Parner,2700,500,2050.0,Maharashtra,Other
2025-02-26,Onion,23,Dharashiv(Usmanabad),Local,Dharashiv,2800,1800,2300.0,Maharashtra,Red
2025-02-27,Onion,23,Jalgaon,Local,Yawal,2030,1480,1820.0,Maharashtra,Red
2025-02-27,Onion,23,Ahmednagar,Local,Kopargaon,2560,1000,2300.0,Maharashtra,Other
2025-02-27,Onion,23,Ahmednagar,Local,Ahmednagar,2600,500,1700.0,Maharashtra,Other
2025-02-27,Onion,23,Buldhana,Local,Malkapur,2210,1400,1800.0,Maharashtra,Local
2025-02-27,Onion,23,Ahmednagar,Local,Rahuri(Vambori),2600,300,1900.0,Maharashtra,Other
2025-02-27,Onion,23,Pune,Local,Pune(Manjri),2800,2200,2600.0,Maharashtra,Local
2025-02-27,Onion,23,Sangli,Local,"Sangli(Phale, Bhajipura Market)",2800,1200,2000.0,Maharashtra,Local
2025-02-27,Onion,23,Ahmednagar,Local,Karjat,2200,700,1500.0,Maharashtra,Local
2025-02-27,Onion,23,Nashik,Local,Nampur,2500,300,2100.0,Maharashtra,Red
2025-02-27,Onion,23,Nashik,Local,Lasalgaon(Vinchur),2650,1000,2300.0,Maharashtra,Red
2025-02-28,Onion,23,Satara,Local,Lonand,2600,800,1800.0,Maharashtra,Other
2025-02-28,Onion,23,Nashik,Local,Manmad,2450,500,2100.0,Maharashtra,Red
2025-02-28,Onion,23,Nashik,Local,Lasalgaon(Vinchur),2470,1040,2300.0,Maharashtra,Red
2025-02-28,Onion,23,Chattrapati Sambhajinagar,Local,Vaijpur,2377,500,1900.0,Maharashtra,Red
2025-02-28,Onion,23,Pune,Local,Pune(Pimpri),2200,2000,2100.0,Maharashtra,Local
2025-02-28,Onion,23,Kolhapur,Local,Kolhapur,2700,1000,1700.0,Maharashtra,Other
2025-02-28,Onion,23,Nashik,Local,Lasalgaon,2700,1700,2351.0,Maharashtra,Other
2025-02-28,Onion,23,Nashik,Local,Nampur,2490,300,2200.0,Maharashtra,Red
2025-02-28,Onion,23,Nashik,Local,Nandgaon,2452,300,2050.0,Maharashtra,Red
2025-02-28,Onion,23,Ahmednagar,Local,Kopargaon,2500,1000,2200.0,Maharashtra,Red
2025-02-28,Onion,23,Nashik,Local,Pimpalgaon,2800,500,2200.0,Maharashtra,Pole
2025-03-10,Onion,23,Nashik,Local,Pimpalgaon Baswant(Saykheda),1631,800,1500.0,Maharashtra,Red
2025-03-19,Onion,23,Nashik,Local,Devala,1600,650,1450.0,Maharashtra,Other
2025-03-21,Onion,23,Nashik,Local,Chandvad,1503,800,1230.0,Maharashtra,Red
2025-03-21,Onion,23,Nashik,Local,Pimpalgaon,1760,400,1400.0,Maharashtra,Other
2025-03-22,Onion,23,Nashik,Local,Manmad,1401,400,1200.0,Maharashtra,Red
2025-03-25,Onion,23,Nashik,Local,Pimpalgaon Baswant(Saykheda),1600,1000,1500.0,Maharashtra,Other
2025-03-26,Onion,23,Nashik,Local,Pimpalgaon Baswant(Saykheda),1602,1000,1470.0,Maharashtra,Other
2025-03-27,Onion,23,Nashik,Local,Manmad,1611,561,1450.0,Maharashtra,Other
2025-04-05,Onion,23,Nashik,Local,Chandvad,1391,876,1280.0,Maharashtra,Other
2025-04-05,Onion,23,Nashik,Local,Pimpalgaon,1551,750,1300.0,Maharashtra,Other
2025-04-07,Onion,23,Nashik,Local,Yeola,1326,451,1200.0,Maharashtra,Other
2025-04-07,Onion,23,Nashik,Local,Manmad,1114,400,1000.0,Maharashtra,Red
2025-04-15,Onion,23,Nashik,Local,Manmad,1141,525,1000.0,Maharashtra,Other
2025-04-15,Onion,23,Nashik,Local,Devala,1200,400,1100.0,Maharashtra,Other
2025-04-16,Onion,23,Nashik,Local,Manmad,1190,500,1050.0,Maharashtra,Other
2025-05-01,Onion,23,Thane,Local,Kalyan,1500,1300,1400.0,Maharashtra,1st Sort
2025-05-03,Onion,23,Nashik,Local,Nandgaon,770,770,770.0,Maharashtra,Other
2025-05-03,Onion,23,Sholapur,Local,Solapur,1600,100,750.0,Maharashtra,Red
2025-05-07,Onion,23,Nashik,Local,Nasik,1350,350,900.0,Maharashtra,Other
2025-05-08,Onion,23,Nashik,Local,Sinner,1231,200,1000.0,Maharashtra,Other
2025-05-09,Onion,23,Sholapur,FAQ,Laxmi Sopan Agriculture Produce Marketing Co Ltd,1700,600,1200.0,Maharashtra,Other
2025-05-09,Onion,23,Nashik,Local,Nasik,1311,350,800.0,Maharashtra,Other
2025-05-10,Onion,23,Sholapur,Local,Mangal Wedha,900,200,800.0,Maharashtra,Local
2025-05-15,Onion,23,Thane,Local,Kalyan,1500,1400,1450.0,Maharashtra,1st Sort
2025-05-15,Onion,23,Nashik,Local,Umrane,1500,700,1250.0,Maharashtra,Other
2025-05-16,Onion,23,Nashik,FAQ,Shivsiddha Govind Producer Company Limited Sanchal,1300,675,1125.0,Maharashtra,Other
2025-05-16,Onion,23,Nashik,Local,Sinner,1240,200,950.0,Maharashtra,Other
2025-05-16,Onion,23,Sholapur,Local,Solapur,1570,100,1000.0,Maharashtra,Red
2025-05-17,Onion,23,Nashik,Local,Pimpalgaon Baswant(Saykheda),1152,600,900.0,Maharashtra,Other
2025-05-17,Onion,23,Sholapur,Local,Mangal Wedha,1300,250,1000.0,Maharashtra,Local
2025-05-21,Onion,23,Nashik,Local,Nampur,1400,150,1000.0,Maharashtra,Other
2025-05-24,Onion,23,Nashik,FAQ,Shivsiddha Govind Producer Company Limited Sanchal,1805,850,1250.0,Maharashtra,Other
2025-05-26,Onion,23,Nashik,FAQ,Shivsiddha Govind Producer Company Limited Sanchal,2105,1150,1310.0,Maharashtra,Other
2025-05-27,Onion,23,Thane,Local,Kalyan,1800,1600,1700.0,Maharashtra,1st Sort
2025-05-27,Onion,23,Nashik,Local,Pimpalgaon,2211,550,1450.0,Maharashtra,Other
2025-05-28,Onion,23,Nashik,Local,Pimpalgaon,2300,550,1500.0,Maharashtra,Other
2025-05-28,Onion,23,Nashik,Local,Pimpalgaon Baswant(Saykheda),1520,600,1125.0,Maharashtra,Other
2025-05-29,Onion,23,Nashik,FAQ,Shivsiddha Govind Producer Company Limited Sanchal,2205,1150,1450.0,Maharashtra,Other
2025-05-30,Onion,23,Sholapur,FAQ,Laxmi Sopan Agriculture Produce Marketing Co Ltd,1500,600,1100.0,Maharashtra,Other
2025-06-01,Onion,23,Satara,Local,Satara,1500,700,1100.0,Maharashtra,Other
2025-06-01,Onion,23,Nagpur,Local,Kamthi,1500,1100,1300.0,Maharashtra,Local
2025-06-01,Onion,23,Dharashiv(Usmanabad),Local,Paranda,1300,500,800.0,Maharashtra,Other
2025-06-02,Onion,23,Ahmednagar,Local,Sangamner,1611,151,881.0,Maharashtra,Other
2025-06-02,Onion,23,Nashik,Local,Nampur,1615,200,1200.0,Maharashtra,Other
2025-06-02,Onion,23,Ahmednagar,Local,Rahuri(Vambori),1500,100,800.0,Maharashtra,Other
2025-06-02,Onion,23,Nashik,Local,Chandvad,1825,300,1100.0,Maharashtra,Other
2025-06-02,Onion,23,Pune,Local,Pune(Manjri),800,400,600.0,Maharashtra,Local
2025-06-02,Onion,23,Dharashiv(Usmanabad),Local,Paranda,1400,500,1000.0,Maharashtra,Other
2025-06-02,Onion,23,Pune,Local,Indapur,1800,200,800.0,Maharashtra,Red
2025-06-02,Onion,23,Satara,Local,Karad,1500,200,1500.0,Maharashtra,Other
2025-06-02,Onion,23,Nashik,Local,Pimpalgaon,2501,600,1450.0,Maharashtra,Other
2025-06-02,Onion,23,Ahmednagar,Local,Shrigonda,1600,300,1200.0,Maharashtra,Other
2025-06-02,Onion,23,Ahmednagar,Local,Shevgaon,900,600,800.0,Maharashtra,2nd Sort
2025-06-02,Onion,23,Sholapur,FAQ,Laxmi Sopan Agriculture Produce Marketing Co Ltd,1500,600,1100.0,Maharashtra,Other
2025-06-02,Onion,23,Sholapur,Local,Solapur,1900,100,950.0,Maharashtra,Red
2025-06-02,Onion,23,Chattrapati Sambhajinagar,Local,Vaijpur,1500,300,1100.0,Maharashtra,Other
2025-06-02,Onion,23,Sangli,Local,"Sangli(Phale, Bhajipura Market)",1600,500,1050.0,Maharashtra,Local
2025-06-03,Onion,23,Dhule,Local,Dhule,1000,200,900.0,Maharashtra,Red
2025-06-03,Onion,23,Kolhapur,Local,Kolhapur,1800,500,1000.0,Maharashtra,Other
2025-06-03,Onion,23,Satara,Local,Karad,1300,1000,1300.0,Maharashtra,Other
2025-06-03,Onion,23,Nagpur,Local,Ramtek,1500,1200,1400.0,Maharashtra,Other
2025-06-03,Onion,23,Chattrapati Sambhajinagar,Local,Vaijpur,1500,200,1200.0,Maharashtra,Other
2025-06-03,Onion,23,Nagpur,Local,Kamthi,1400,1000,1200.0,Maharashtra,Local
2025-06-03,Onion,23,Nashik,Local,Lasalgaon(Niphad),1800,500,1400.0,Maharashtra,Other
2025-06-03,Onion,23,Amarawati,Local,Amrawati(Frui & Veg. Market),1200,600,900.0,Maharashtra,Local
2025-06-03,Onion,23,Pune,Local,Pune(Khadiki),1800,900,1150.0,Maharashtra,Local
2025-06-03,Onion,23,Chattrapati Sambhajinagar,Local,Gangapur,1455,200,1155.0,Maharashtra,Other
2025-06-03,Onion,23,Pune,Local,Pune(Pimpri),1000,800,900.0,Maharashtra,Local
2025-06-03,Onion,23,Pune,Local,Junnar(Alephata),1710,1000,1350.0,Maharashtra,Other
2025-06-03,Onion,23,Akola,Local,Akola,1500,500,1100.0,Maharashtra,Other
2025-06-03,Onion,23,Nashik,Local,Pimpalgaon Baswant(Saykheda),1350,600,1050.0,Maharashtra,Other
2025-06-04,Onion,23,Nagpur,Local,Nagpur,1600,800,1400.0,Maharashtra,White
2025-06-04,Onion,23,Nashik,Local,Lasalgaon,2020,600,1420.0,Maharashtra,Other
2025-06-04,Onion,23,Chattrapati Sambhajinagar,Local,Paithan,1600,300,1200.0,Maharashtra,Other
2025-06-04,Onion,23,Nashik,Local,Lasalgaon(Niphad),1740,500,1400.0,Maharashtra,Other
2025-06-04,Onion,23,Nagpur,Local,Kamthi,1500,1100,1300.0,Maharashtra,Local
2025-06-04,Onion,23,Chattrapati Sambhajinagar,Local,Lasur Station,1650,100,950.0,Maharashtra,Other
2025-06-04,Onion,23,Mumbai,Local,Vashi New Mumbai,1600,700,1150.0,Maharashtra,Other
2025-06-04,Onion,23,Nashik,Local,Devala,1700,100,1425.0,Maharashtra,Other
2025-06-04,Onion,23,Ahmednagar,Local,Shrigonda,1300,300,900.0,Maharashtra,Other
2025-06-04,Onion,23,Akola,Local,Akola,1500,500,1200.0,Maharashtra,Other
2025-06-04,Onion,23,Pune,Local,Pune(Manjri),800,400,600.0,Maharashtra,Local
2025-06-04,Onion,23,Pune,Local,Pune(Pimpri),1500,1300,1400.0,Maharashtra,Local
2025-06-04,Onion,23,Pune,Local,Indapur,2000,200,700.0,Maharashtra,Red
2025-06-05,Onion,23,Nashik,Local,Chandvad,1970,370,1410.0,Maharashtra,Other
2025-06-05,Onion,23,Nashik,Local,Devala,1625,150,1425.0,Maharashtra,Other
2025-06-05,Onion,23,Nagpur,Local,Ramtek,1500,1200,1400.0,Maharashtra,Other
2025-06-05,Onion,23,Pune,Local,Pune(Khadiki),1500,1000,1250.0,Maharashtra,Local
2025-06-05,Onion,23,Nashik,Local,Pimpalgaon,2512,650,1550.0,Maharashtra,Other
2025-06-05,Onion,23,Ahmednagar,Local,Sangamner,2051,200,1125.0,Maharashtra,Other
2025-06-05,Onion,23,Thane,Local,Kalyan,1000,800,900.0,Maharashtra,2nd Sort
2025-06-05,Onion,23,Pune,Local,Junnar,1800,300,1200.0,Maharashtra,Other
2025-06-05,Onion,23,Ahmednagar,Local,Kopargaon,1499,500,1175.0,Maharashtra,Other
2025-06-05,Onion,23,Nashik,Local,Satana,1830,150,1270.0,Maharashtra,Other
2025-06-05,Onion,23,Pune,Local,Khed(Chakan),1400,800,1200.0,Maharashtra,Other
2025-06-06,Onion,23,Pune,Local,Pune(Moshi),1200,800,1000.0,Maharashtra,Local
2025-06-06,Onion,23,Nashik,Local,Lasalgaon(Niphad),1700,600,1400.0,Maharashtra,Other
2025-06-06,Onion,23,Ahmednagar,Local,Parner,2000,100,1300.0,Maharashtra,Other
2025-06-06,Onion,23,Pune,Local,Pune(Pimpri),1000,1000,1000.0,Maharashtra,Local
2025-06-06,Onion,23,Nashik,Local,Nasik,1551,300,1050.0,Maharashtra,Other
2025-06-06,Onion,23,Chattrapati Sambhajinagar,Local,Paithan,1500,150,1000.0,Maharashtra,Other
2025-06-06,Onion,23,Nashik,Local,Manmad,1650,200,1300.0,Maharashtra,Other
2025-06-06,Onion,23,Nashik,Local,Chandvad,2400,400,1480.0,Maharashtra,Other
2025-06-06,Onion,23,Nashik,Local,Nampur,2300,100,1600.0,Maharashtra,Other
2025-06-06,Onion,23,Nashik,Local,Shree Rameshwar Krushi Market ,2002,151,1045.19,Maharashtra,Other
2025-06-06,Onion,23,Chattrapati Sambhajinagar,Local,Lasur Station,1701,100,1000.0,Maharashtra,Other
2025-06-07,Onion,23,Ahmednagar,Local,Shevgaon,1100,900,1050.0,Maharashtra,2nd Sort
2025-06-07,Onion,23,Chattrapati Sambhajinagar,Local,Chattrapati Sambhajinagar,1300,500,900.0,Maharashtra,Other
2025-06-07,Onion,23,Pune,Local,Khed(Chakan),1400,800,1100.0,Maharashtra,Other
2025-06-07,Onion,23,Chattrapati Sambhajinagar,Local,Gangapur,1620,200,1325.0,Maharashtra,Other
2025-06-07,Onion,23,Amarawati,Local,Amrawati(Frui & Veg. Market),2000,500,1250.0,Maharashtra,Local
2025-06-08,Onion,23,Ahmednagar,Local,Pathardi,2100,200,1100.0,Maharashtra,Red
2025-06-08,Onion,23,Pune,Local,Pune(Pimpri),1600,1100,1350.0,Maharashtra,Local
2025-06-08,Onion,23,Thane,Local,Kalyan,1800,1700,1750.0,Maharashtra,1st Sort
2025-06-08,Onion,23,Pune,Local,Pune,1800,500,1050.0,Maharashtra,Local
2025-06-09,Onion,23,Sangli,Local,Vita,2000,1000,1500.0,Maharashtra,Other
2025-06-09,Onion,23,Nagpur,Local,Nagpur,1800,1000,1600.0,Maharashtra,Red
2025-06-09,Onion,23,Sholapur,Local,Laxmi Sopan Agriculture Produce Marketing Co Ltd,1500,500,1000.0,Maharashtra,Other
2025-06-09,Onion,23,Ahmednagar,Local,Shrigonda,1500,400,1200.0,Maharashtra,Other
2025-06-09,Onion,23,Nashik,Local,Lasalgaon(Niphad),1910,600,1600.0,Maharashtra,Other
2025-06-09,Onion,23,Pune,Local,Pune(Khadiki),1400,700,1050.0,Maharashtra,Local
2025-06-09,Onion,23,Ahmednagar,Local,Shevgaon,2100,1200,1200.0,Maharashtra,1st Sort
2025-06-09,Onion,23,Nashik,Local,Chandvad,2350,412,1480.0,Maharashtra,Other
2025-06-09,Onion,23,Satara,Local,Karad,1600,500,1600.0,Maharashtra,Other
2025-06-09,Onion,23,Pune,Local,Pune(Manjri),1200,400,800.0,Maharashtra,Local
2025-06-09,Onion,23,Nashik,Local,Nampur,1825,200,1400.0,Maharashtra,Other
2025-06-09,Onion,23,Nashik,Local,Nasik,1500,250,900.0,Maharashtra,Other
2025-06-10,Onion,23,Pune,Local,Junnar(Alephata),2110,1000,1500.0,Maharashtra,Other
2025-06-10,Onion,23,Nashik,Local,Manmad,1801,200,1500.0,Maharashtra,Other
2025-06-10,Onion,23,Satara,Local,Karad,1800,500,1800.0,Maharashtra,Other
2025-06-10,Onion,23,Nashik,Local,Pimpalgaon,2425,525,1600.0,Maharashtra,Other
2025-06-10,Onion,23,Satara,Local,Satara,1800,1000,1400.0,Maharashtra,Other
2025-06-10,Onion,23,Buldhana,Local,Malkapur,1100,300,770.0,Maharashtra,Local
2025-06-10,Onion,23,Nashik,Local,Chandvad,2300,500,1480.0,Maharashtra,Other
2025-06-10,Onion,23,Dharashiv(Usmanabad),Local,Dharashiv,1400,1000,1200.0,Maharashtra,Red
2025-06-10,Onion,23,Nashik,Local,Nandgaon,1800,150,1350.0,Maharashtra,Other
2025-06-10,Onion,23,Kolhapur,Local,Vadgaonpeth,1600,1000,1300.0,Maharashtra,Local
2025-06-10,Onion,23,Kolhapur,Local,Kolhapur,2100,500,1200.0,Maharashtra,Other
2025-06-10,Onion,23,Nagpur,Local,Nagpur,1600,800,1400.0,Maharashtra,White
2025-06-10,Onion,23,Nashik,Local,Lasalgaon,2112,600,1600.0,Maharashtra,Other
2025-06-11,Onion,23,Pune,Local,Pune(Khadiki),1500,800,1150.0,Maharashtra,Local
2025-06-11,Onion,23,Nagpur,Local,Hingna,1500,1500,1500.0,Maharashtra,Red
2025-06-11,Onion,23,Nashik,Local,Sinner,1701,300,1450.0,Maharashtra,Other
2025-06-11,Onion,23,Dharashiv(Usmanabad),Local,Dharashiv,1800,1100,1450.0,Maharashtra,Red
2025-06-11,Onion,23,Pune,Local,Pune,2000,500,1250.0,Maharashtra,Local
2025-06-11,Onion,23,Sholapur,Local,Solapur,2600,100,1150.0,Maharashtra,Red
2025-06-11,Onion,23,Mumbai,Local,Vashi New Mumbai,2000,1000,1500.0,Maharashtra,Other
2025-06-11,Onion,23,Dhule,Local,Dhule,1280,300,1100.0,Maharashtra,Red
2025-06-12,Onion,23,Nagpur,Local,Kamthi,1500,1100,1300.0,Maharashtra,Local
2025-06-12,Onion,23,Chattrapati Sambhajinagar,Local,Paithan,1700,1410,1560.0,Maharashtra,Other
2025-06-12,Onion,23,Nashik,Local,Lasalgaon(Vinchur),2080,500,1600.0,Maharashtra,Other
2025-06-12,Onion,23,Nagpur,Local,Nagpur,1600,800,1400.0,Maharashtra,White
2025-06-12,Onion,23,Dhule,Local,Dhule,1200,400,1080.0,Maharashtra,Red
2025-06-12,Onion,23,Nagpur,Local,Nagpur,1800,1000,1600.0,Maharashtra,Red
2025-06-12,Onion,23,Pune,Local,Pune(Manjri),1500,600,1000.0,Maharashtra,Local
2025-06-12,Onion,23,Nashik,Local,Nandgaon,1715,100,1350.0,Maharashtra,Other
2025-06-12,Onion,23,Mumbai,Local,Vashi New Mumbai,2100,1200,1650.0,Maharashtra,Other
2025-06-13,Onion,23,Nashik,Local,Manmad,1781,200,1500.0,Maharashtra,Other
2025-06-13,Onion,23,Sholapur,Local,Mangal Wedha,1700,400,1500.0,Maharashtra,Local
2025-06-13,Onion,23,Dharashiv(Usmanabad),Local,Dharashiv,1600,1000,1300.0,Maharashtra,Red
2025-06-13,Onion,23,Nashik,Local,Pimpalgaon,2508,585,1650.0,Maharashtra,Other
2025-06-13,Onion,23,Pune,Local,Pune(Moshi),2000,500,1250.0,Maharashtra,Local
2025-06-13,Onion,23,Ahmednagar,Local,Sangamner,2311,300,1305.0,Maharashtra,Other
2025-06-13,Onion,23,Pune,Local,Junnar(Alephata),2210,1100,1750.0,Maharashtra,Other
2025-06-13,Onion,23,Nashik,Local,Yeola,1551,200,1200.0,Maharashtra,Other
2025-06-13,Onion,23,Jalgaon,Local,Jalgaon,1512,300,962.0,Maharashtra,Red
2025-06-13,Onion,23,Pune,Local,Pune,2000,600,1300.0,Maharashtra,Local
2025-06-14,Onion,23,Satara,Local,Vai,1800,1000,1400.0,Maharashtra,Local
2025-06-14,Onion,23,Ahmednagar,Local,Shevgaon,700,300,500.0,Maharashtra,Other
2025-06-14,Onion,23,Ahmednagar,Local,Shree Sairaj Krushi Market,2100,200,1200.0,Maharashtra,Local
2025-06-14,Onion,23,Pune,Local,Junnar(Narayangaon),1600,400,1000.0,Maharashtra,Other
2025-06-14,Onion,23,Nashik,Local,Lasalgaon(Niphad),1950,500,1651.0,Maharashtra,Other
2025-06-14,Onion,23,Nashik,Local,Yeola,1626,200,1200.0,Maharashtra,Other
2025-06-14,Onion,23,Ahmednagar,Local,Rahuri(Vambori),1900,100,1100.0,Maharashtra,Other
2025-06-14,Onion,23,Nashik,Local,Dindori(Vani),2351,950,1750.0,Maharashtra,Other
2025-06-14,Onion,23,Nashik,Local,Nasik,2001,350,1300.0,Maharashtra,Other
2025-06-14,Onion,23,Mumbai,Local,Vashi New Mumbai,2000,1000,1500.0,Maharashtra,Other
2025-06-14,Onion,23,Nashik,Local,Mankamneshwar Farmar Producer CoLtd Sanchalit Mank,1696,155,1446.79,Maharashtra,Other
2025-06-14,Onion,23,Chattrapati Sambhajinagar,Local,Gangapur,1800,250,1420.0,Maharashtra,Other
2025-06-14,Onion,23,Nashik,Local,Lasalgaon(Vinchur),2001,500,1600.0,Maharashtra,Other
2025-06-15,Onion,23,Satara,Local,Karad,1800,500,1800.0,Maharashtra,Other
2025-06-15,Onion,23,Satara,Local,Satara,2000,1000,1500.0,Maharashtra,Other
2025-06-15,Onion,23,Satara,Local,Vai,1800,1000,1500.0,Maharashtra,Local
2025-06-15,Onion,23,Sholapur,Local,Akluj,2100,200,900.0,Maharashtra,Other
2025-06-15,Onion,23,Chattrapati Sambhajinagar,Local,Chattrapati Sambhajinagar,1800,100,950.0,Maharashtra,Other
2025-06-15,Onion,23,Jalgaon,Local,Bhusaval,1200,800,1000.0,Maharashtra,Other
2025-06-15,Onion,23,Ahmednagar,Local,Shrigonda,1400,300,1000.0,Maharashtra,Other
2025-06-15,Onion,23,Beed,Local,Kada,1700,200,1000.0,Maharashtra,Other
2025-06-15,Onion,23,Ahmednagar,Local,Akole,2301,450,1800.0,Maharashtra,Other
2025-06-16,Onion,23,Nashik,Local,Pimpalgaon Baswant(Saykheda),1700,700,1230.0,Maharashtra,Other
2025-06-16,Onion,23,Nashik,Local,Kalvan,2400,400,1400.0,Maharashtra,Other
2025-06-16,Onion,23,Pune,Local,Pune(Manjri),1200,600,900.0,Maharashtra,Local
2025-06-16,Onion,23,Ahmednagar,Local,Karjat,1500,500,1000.0,Maharashtra,Local
2025-06-16,Onion,23,Nagpur,Local,Hingna,2000,1600,1850.0,Maharashtra,Red
2025-06-16,Onion,23,Amarawati,Local,Amrawati(Frui & Veg. Market),2200,600,1400.0,Maharashtra,Local
2025-06-16,Onion,23,Nashik,Local,Umrane,1800,1000,1350.0,Maharashtra,Other
2025-06-16,Onion,23,Nashik,Local,Lasalgaon,2152,700,1600.0,Maharashtra,Other
2025-06-16,Onion,23,Nashik,Local,Nandgaon,1701,100,1350.0,Maharashtra,Other
2025-06-16,Onion,23,Nagpur,Local,Nagpur,1600,1000,1400.0,Maharashtra,Red
2025-06-16,Onion,23,Ahmednagar,Local,Kopargaon,1756,350,1501.0,Maharashtra,Other
2025-06-16,Onion,23,Satara,Local,Karad,1700,1000,1700.0,Maharashtra,Other
2025-06-16,Onion,23,Ahmednagar,Local,Newasa(Ghodegaon),1800,500,1400.0,Maharashtra,Other
2025-06-17,Onion,23,Nashik,Local,Nasik,1800,275,1200.0,Maharashtra,Other
2025-06-17,Onion,23,Nagpur,Local,Nagpur,1600,800,1400.0,Maharashtra,White
2025-06-17,Onion,23,Dharashiv(Usmanabad),Local,Dharashiv,1800,1200,1500.0,Maharashtra,Red
2025-06-17,Onion,23,Nashik,Local,Dindori,2231,800,1650.0,Maharashtra,Other
2025-06-17,Onion,23,Nashik,Local,Lasalgaon(Vinchur),1720,500,1550.0,Maharashtra,Other
2025-06-17,Onion,23,Nashik,Local,Dindori(Vani),2231,800,1650.0,Maharashtra,Other
2025-06-17,Onion,23,Nashik,Local,Satana,1855,255,1490.0,Maharashtra,Other
2025-06-17,Onion,23,Chandrapur,Local,Chandrapur(Ganjwad),2000,1200,1750.0,Maharashtra,Other
2025-06-17,Onion,23,Ahmednagar,Local,Karjat,1600,100,900.0,Maharashtra,Local
2025-06-17,Onion,23,Ahmednagar,Local,Rahata,2100,500,1450.0,Maharashtra,Other
2025-06-18,Onion,23,Beed,Local,Kada,2000,200,1100.0,Maharashtra,White
2025-06-18,Onion,23,Ahmednagar,Local,Karjat,1600,100,900.0,Maharashtra,Local
2025-06-18,Onion,23,Thane,Local,Kalyan,1900,1700,1800.0,Maharashtra,1st Sort
2025-06-18,Onion,23,Ahmednagar,Local,Kopargaon,1676,500,1475.0,Maharashtra,Other
2025-06-18,Onion,23,Jalgaon,Local,Bhusaval,1200,800,1000.0,Maharashtra,Other
2025-06-18,Onion,23,Nashik,Local,Mankamneshwar Farmar Producer CoLtd Sanchalit Mank,1605,564,1229.06,Maharashtra,Other
2025-06-18,Onion,23,Nagpur,Local,Nagpur,1800,800,1550.0,Maharashtra,Red
2025-06-18,Onion,23,Nagpur,Local,Hingna,2000,1500,1750.0,Maharashtra,Red
2025-06-19,Onion,23,Ahmednagar,Local,Akole,2111,150,1801.0,Maharashtra,Other
2025-06-19,Onion,23,Sholapur,Local,Solapur,2200,100,1000.0,Maharashtra,Red
2025-06-19,Onion,23,Chattrapati Sambhajinagar,Local,Lasur Station,1686,100,950.0,Maharashtra,Other
2025-06-19,Onion,23,Pune,Local,Manchar,2000,1700,1900.0,Maharashtra,Other
2025-06-19,Onion,23,Nashik,Local,Lasalgaon(Niphad),1850,500,1550.0,Maharashtra,Other
2025-06-19,Onion,23,Buldhana,Local,Malkapur,1150,305,800.0,Maharashtra,Local
2025-06-19,Onion,23,Pune,Local,Junnar(Narayangaon),1810,400,1200.0,Maharashtra,Other
2025-06-19,Onion,23,Satara,Local,Karad,1800,500,1800.0,Maharashtra,Other
2025-06-19,Onion,23,Pune,Local,Pune(Moshi),1600,500,1050.0,Maharashtra,Local
2025-06-19,Onion,23,Ahmednagar,Local,Sangamner,2111,251,1181.0,Maharashtra,Other
2025-06-20,Onion,23,Pune,Local,Khed(Chakan),1800,1200,1500.0,Maharashtra,Other
2025-06-20,Onion,23,Pune,Local,Pune(Moshi),1400,800,1100.0,Maharashtra,Local
2025-06-20,Onion,23,Nagpur,Local,Hingna,2000,1600,1800.0,Maharashtra,Red
2025-06-20,Onion,23,Pune,Local,Pune(Pimpri),700,700,700.0,Maharashtra,Local
2025-06-20,Onion,23,Pune,Local,Junnar(Alephata),2110,1000,1850.0,Maharashtra,Other
2025-06-20,Onion,23,Pune,Local,Pune(Manjri),1000,600,800.0,Maharashtra,Local
2025-06-20,Onion,23,Nashik,Local,Dindori,2611,751,1751.0,Maharashtra,Other
2025-06-20,Onion,23,Nashik,Local,Nasik,2001,350,1300.0,Maharashtra,Other
2025-06-20,Onion,23,Nashik,Local,Dindori(Vani),2611,751,1751.0,Maharashtra,Other
2025-06-20,Onion,23,Nashik,Local,Pimpalgaon Baswant(Saykheda),1670,700,1340.0,Maharashtra,Other
2025-06-20,Onion,23,Pune,Local,Pune,1900,400,1150.0,Maharashtra,Local
2025-06-20,Onion,23,Ahmednagar,Local,Sangamner,2151,200,1175.0,Maharashtra,Other
2025-06-20,Onion,23,Chattrapati Sambhajinagar,Local,Gangapur,1800,310,1445.0,Maharashtra,Other
2025-06-20,Onion,23,Chandrapur,Local,Chandrapur(Ganjwad),2000,1400,1800.0,Maharashtra,Other
2025-06-21,Onion,23,Akola,Local,Akola,1800,200,1400.0,Maharashtra,Other
2025-06-21,Onion,23,Nashik,Local,Lasalgaon(Niphad),1851,500,1600.0,Maharashtra,Other
2025-06-21,Onion,23,Ahmednagar,Local,Karjat,1700,200,1000.0,Maharashtra,Local
2025-06-21,Onion,23,Nagpur,Local,Nagpur,1700,700,1450.0,Maharashtra,Red
2025-06-21,Onion,23,Nashik,Local,Dindori(Vani),2500,1001,1761.0,Maharashtra,Other
2025-06-21,Onion,23,Nashik,Local,Pimpalgaon Baswant(Saykheda),1900,800,1400.0,Maharashtra,Other
2025-06-21,Onion,23,Pune,Local,Pune(Moshi),1600,400,1000.0,Maharashtra,Local
2025-06-21,Onion,23,Nashik,Local,Mankamneshwar Farmar Producer CoLtd Sanchalit Mank,1435,501,1247.26,Maharashtra,Other
2025-06-21,Onion,23,Kolhapur,Local,Kolhapur,2100,500,1200.0,Maharashtra,Other
2025-06-21,Onion,23,Nagpur,Local,Hingna,2000,1600,1800.0,Maharashtra,Red
2025-06-21,Onion,23,Pune,Local,Junnar(Narayangaon),2000,400,1300.0,Maharashtra,Other
2025-06-21,Onion,23,Jalgaon,Local,Bhusaval,1200,700,1000.0,Maharashtra,Other
2025-06-22,Onion,23,Ahmednagar,Local,Karjat,1500,200,1000.0,Maharashtra,Local
2025-06-22,Onion,23,Nagpur,Local,Nagpur,1700,700,1450.0,Maharashtra,Red
2025-06-22,Onion,23,Pune,Local,Junnar(Narayangaon),1850,400,1250.0,Maharashtra,Other
2025-06-22,Onion,23,Pune,Local,Junnar(Alephata),2210,1000,1600.0,Maharashtra,Other
2025-06-22,Onion,23,Pune,Local,Pune(Manjri),1000,600,800.0,Maharashtra,Local
2025-06-22,Onion,23,Sholapur,Local,Akluj,2500,300,1200.0,Maharashtra,Red
2025-06-22,Onion,23,Pune,Local,Junnar,2100,300,1900.0,Maharashtra,Other
2025-06-22,Onion,23,Chattrapati Sambhajinagar,Local,Chattrapati Sambhajinagar,1600,200,900.0,Maharashtra,Other
2025-06-22,Onion,23,Beed,Local,Kada,1700,200,1000.0,Maharashtra,Other
2025-06-22,Onion,23,Satara,Local,Vai,1700,1000,1400.0,Maharashtra,Local
2025-06-23,Onion,23,Nagpur,Local,Kamthi,1500,1100,1300.0,Maharashtra,Local
2025-06-23,Onion,23,Sangli,Local,"Sangli(Phale, Bhajipura Market)",2175,425,1300.0,Maharashtra,Local
2025-06-23,Onion,23,Pune,Local,Pune(Pimpri),2000,1200,1600.0,Maharashtra,Local
2025-06-23,Onion,23,Nashik,Local,Dindori(Vani),2300,900,1700.0,Maharashtra,Other
2025-06-23,Onion,23,Ahmednagar,Local,Shevgaon,2100,1600,1850.0,Maharashtra,1st Sort
2025-06-23,Onion,23,Satara,Local,Lonand,1700,400,1200.0,Maharashtra,Other
2025-06-23,Onion,23,Sholapur,Local,Kurdwadi(Modnimb),1400,200,800.0,Maharashtra,Red
2025-06-23,Onion,23,Pune,Local,Pune(Moshi),1800,700,1250.0,Maharashtra,Local
2025-06-23,Onion,23,Kolhapur,Local,Kolhapur,2200,500,1200.0,Maharashtra,Other
2025-06-23,Onion,23,Mumbai,Local,Vashi New Mumbai,1700,1100,1400.0,Maharashtra,Other
2025-06-23,Onion,23,Ahmednagar,Local,Shevgaon,1500,1000,1300.0,Maharashtra,2nd Sort
2025-06-23,Onion,23,Ahmednagar,Local,Ahmednagar,2000,250,1350.0,Maharashtra,Other
2025-06-23,Onion,23,Nashik,Local,Nasik,1901,450,1250.0,Maharashtra,Other
2025-06-23,Onion,23,Nashik,Local,Shivsiddha Govind Producer Company Limited Sanchal,2200,1250,1550.0,Maharashtra,Other
2025-06-23,Onion,23,Pune,Local,Pune(Manjri),1500,1000,1200.0,Maharashtra,Local
2025-06-24,Onion,23,Pune,Local,Pune,2100,600,1350.0,Maharashtra,Local
2025-06-24,Onion,23,Ahmednagar,Local,Rahata,2200,500,1500.0,Maharashtra,Other
2025-06-24,Onion,23,Nashik,Local,Manmad,1801,300,1500.0,Maharashtra,Other
2025-06-24,Onion,23,Mumbai,Local,Vashi New Mumbai,2100,1100,1600.0,Maharashtra,Other
2025-06-24,Onion,23,Pune,Local,Junnar(Alephata),2210,1000,1850.0,Maharashtra,Other
2025-06-24,Onion,23,Nashik,Local,Nampur,1815,300,1400.0,Maharashtra,Other
2025-06-24,Onion,23,Chattrapati Sambhajinagar,Local,Vaijpur,1635,400,1450.0,Maharashtra,Other
2025-06-24,Onion,23,Nashik,Local,Dindori,2030,1251,1601.0,Maharashtra,Other
2025-06-24,Onion,23,Nagpur,Local,Kamthi,1500,1100,1300.0,Maharashtra,Local
2025-06-24,Onion,23,Chattrapati Sambhajinagar,Local,Lasur Station,1740,200,1050.0,Maharashtra,Other
2025-06-24,Onion,23,Nagpur,Local,Nagpur,1700,700,1450.0,Maharashtra,Red
2025-06-24,Onion,23,Satara,Local,Karad,1700,500,1700.0,Maharashtra,Other
2025-06-25,Onion,23,Nagpur,Local,Nagpur,1800,600,1500.0,Maharashtra,White
2025-06-25,Onion,23,Pune,Local,Khed(Chakan),1800,800,1500.0,Maharashtra,Other
2025-06-25,Onion,23,Nashik,Local,Nandgaon,1700,211,1350.0,Maharashtra,Other
2025-06-25,Onion,23,Chattrapati Sambhajinagar,Local,Lasur Station,1700,200,1075.0,Maharashtra,Other
2025-06-25,Onion,23,Ahmednagar,Local,Newasa(Ghodegaon),1900,500,1500.0,Maharashtra,Other
2025-06-25,Onion,23,Nashik,Local,Shivsiddha Govind Producer Company Limited Sanchal,2200,1350,1600.0,Maharashtra,Other
2025-06-25,Onion,23,Akola,Local,Akola,1800,600,1400.0,Maharashtra,Other
2025-06-25,Onion,23,Sholapur,Local,Laxmi Sopan Agriculture Produce Marketing Co Ltd,1700,600,1200.0,Maharashtra,Other
2025-06-25,Onion,23,Pune,Local,Pune(Khadiki),1500,800,1150.0,Maharashtra,Local
2025-06-25,Onion,23,Nashik,Local,Pimpalgaon,2099,400,1500.0,Maharashtra,Other
2025-06-25,Onion,23,Ahmednagar,Local,Shree Sairaj Krushi Market,2000,200,1100.0,Maharashtra,Local
2025-06-26,Onion,23,Nashik,Local,Sinner,1600,500,1500.0,Maharashtra,Other
2025-06-26,Onion,23,Akola,Local,Akola,1800,600,1400.0,Maharashtra,Other
2025-06-26,Onion,23,Nagpur,Local,Nagpur,1800,600,1500.0,Maharashtra,White
2025-06-26,Onion,23,Ahmednagar,Local,Shevgaon,1300,900,1100.0,Maharashtra,2nd Sort
2025-06-26,Onion,23,Nashik,Local,Satana,1705,440,1375.0,Maharashtra,Other
2025-06-26,Onion,23,Nashik,Local,Shree Rameshwar Krushi Market ,1891,411,1215.11,Maharashtra,Other
2025-06-26,Onion,23,Thane,Local,Kalyan,1500,1000,1200.0,Maharashtra,2nd Sort
2025-06-26,Onion,23,Satara,Local,Satara,2000,1000,1500.0,Maharashtra,Other
2025-06-26,Onion,23,Sholapur,Local,Laxmi Sopan Agriculture Produce Marketing Co Ltd,1600,600,1200.0,Maharashtra,Other
2025-06-26,Onion,23,Pune,Local,Pune,2000,600,1300.0,Maharashtra,Local
2025-06-26,Onion,23,Pune,Local,Pune(Moshi),1800,700,1250.0,Maharashtra,Local
2025-06-26,Onion,23,Pune,Local,Pune(Khadiki),1500,700,1100.0,Maharashtra,Local
2025-06-26,Onion,23,Dhule,Local,Dhule,1350,500,1260.0,Maharashtra,Red
2025-06-26,Onion,23,Pune,Local,Khed(Chakan),1800,1200,1500.0,Maharashtra,Other
2025-06-27,Onion,23,Nashik,Local,Kalvan,2040,700,1450.0,Maharashtra,Other
2025-06-27,Onion,23,Ahmednagar,Local,Parner,2000,200,1550.0,Maharashtra,Other
2025-06-27,Onion,23,Pune,Local,Pune(Khadiki),1400,700,1050.0,Maharashtra,Local
2025-06-27,Onion,23,Pune,Local,Pune,2000,600,1300.0,Maharashtra,Local
2025-06-27,Onion,23,Sholapur,Local,Solapur,2300,100,1050.0,Maharashtra,Red
2025-06-27,Onion,23,Ahmednagar,Local,Shrirampur,2100,630,1650.0,Maharashtra,Other
2025-06-27,Onion,23,Dharashiv(Usmanabad),Local,Paranda,1600,500,1100.0,Maharashtra,Other
2025-06-27,Onion,23,Dhule,Local,Dhule,1450,460,1120.0,Maharashtra,Red
2025-06-27,Onion,23,Nagpur,Local,Kamthi,1500,1100,1300.0,Maharashtra,Local
2025-06-27,Onion,23,Nagpur,Local,Hingna,2000,2000,2000.0,Maharashtra,Red
2025-06-27,Onion,23,Pune,Local,Pune(Pimpri),2000,500,1250.0,Maharashtra,Local
2025-06-28,Onion,23,Dhule,Local,Dhule,1450,460,1120.0,Maharashtra,Red
2025-06-28,Onion,23,Nagpur,Local,Nagpur,1700,700,1450.0,Maharashtra,Red
2025-06-28,Onion,23,Nashik,Local,Dindori(Vani),2045,900,1561.0,Maharashtra,Other
2025-06-28,Onion,23,Nashik,Local,Kalvan,2000,500,1400.0,Maharashtra,Other
2025-06-28,Onion,23,Pune,Local,Pune(Moshi),1800,700,1250.0,Maharashtra,Local
2025-06-28,Onion,23,Ahmednagar,Local,Shevgaon,800,300,650.0,Maharashtra,Other
2025-06-28,Onion,23,Akola,Local,Akola,1800,600,1400.0,Maharashtra,Other
2025-06-29,Onion,23,Jalgaon,Local,Bhusaval,1200,800,1000.0,Maharashtra,Other
2025-06-29,Onion,23,Nagpur,Local,Ramtek,1500,1200,1400.0,Maharashtra,Other
2025-06-29,Onion,23,Ahmednagar,Local,Karjat,1700,100,1000.0,Maharashtra,Local
2025-06-29,Onion,23,Ahmednagar,Local,Parner,2000,200,1550.0,Maharashtra,Other
2025-06-29,Onion,23,Nagpur,Local,Kamthi,1500,1100,1300.0,Maharashtra,Local
2025-06-29,Onion,23,Ahmednagar,Local,Om Chaitanya Multistate Agro Purpose CoOp Society ,1800,200,1300.0,Maharashtra,Other
2025-06-29,Onion,23,Pune,Local,Manchar,2010,1700,1855.0,Maharashtra,Other
2025-06-30,Onion,23,Nashik,Local,Pimpalgaon Baswant(Saykheda),1900,900,1450.0,Maharashtra,Other
2025-06-30,Onion,23,Nashik,Local,Satana,1675,450,1305.0,Maharashtra,Other
2025-06-30,Onion,23,Chandrapur,Local,Chandrapur(Ganjwad),2000,1750,1850.0,Maharashtra,Other
2025-06-30,Onion,23,Pune,Local,Pune,1800,500,1150.0,Maharashtra,Local
2025-06-30,Onion,23,Satara,Local,Karad,1400,500,1400.0,Maharashtra,Other
2025-06-30,Onion,23,Ahmednagar,Local,Sangamner,1911,200,1055.0,Maharashtra,Other
2025-06-30,Onion,23,Nashik,Local,Yeola,1498,300,1175.0,Maharashtra,Other
2025-06-30,Onion,23,Nashik,Local,Nandgaon,1505,200,1250.0,Maharashtra,Other
2025-06-30,Onion,23,Sholapur,Local,Solapur,2300,100,1150.0,Maharashtra,Red
2025-06-30,Onion,23,Nashik,Local,Chandvad,1880,524,1430.0,Maharashtra,Other
2025-06-30,Onion,23,Nagpur,Local,Nagpur,1800,600,1500.0,Maharashtra,White
2025-06-30,Onion,23,Ahmednagar,Local,Shrirampur,1900,500,1450.0,Maharashtra,Other
2025-07-01,Onion,23,Chattrapati Sambhajinagar,Local,Lasur Station,1655,200,950.0,Maharashtra,Other
2025-07-01,Onion,23,Nashik,Local,Shivsiddha Govind Producer Company Limited Sanchal,2105,1250,1615.0,Maharashtra,Other
2025-07-01,Onion,23,Jalgaon,Local,Bhusaval,1200,800,1000.0,Maharashtra,Other
2025-07-01,Onion,23,Satara,Local,Satara,2000,1000,1500.0,Maharashtra,Other
2025-07-01,Onion,23,Nashik,Local,Sinner,1550,300,1430.0,Maharashtra,Other
2025-07-01,Onion,23,Nashik,Local,Pimpalgaon Baswant(Saykheda),2002,700,1350.0,Maharashtra,Other
2025-07-01,Onion,23,Ahmednagar,Local,Jamkhed,1800,100,950.0,Maharashtra,Local
2025-07-01,Onion,23,Ahmednagar,Local,Om Chaitanya Multistate Agro Purpose CoOp Society ,1800,200,1250.0,Maharashtra,Other
2025-07-01,Onion,23,Nagpur,Local,Ramtek,1800,1400,1600.0,Maharashtra,Other
2025-07-01,Onion,23,Nashik,Local,Lasalgaon(Niphad),1647,500,1500.0,Maharashtra,Other
2025-07-01,Onion,23,Nagpur,Local,Hingna,1800,1000,1400.0,Maharashtra,Red
2025-07-01,Onion,23,Ahmednagar,Local,Akole,2000,300,1651.0,Maharashtra,Other
2025-07-01,Onion,23,Dhule,Local,Dhule,1310,410,1200.0,Maharashtra,Red
2025-07-02,Onion,23,Thane,Local,Kalyan,1800,1700,1750.0,Maharashtra,1st Sort
2025-07-02,Onion,23,Chattrapati Sambhajinagar,Local,Paithan,1700,300,1300.0,Maharashtra,Other
2025-07-02,Onion,23,Sangli,Local,"Sangli(Phale, Bhajipura Market)",2100,500,1300.0,Maharashtra,Local
2025-07-02,Onion,23,Nashik,Local,Shivsiddha Govind Producer Company Limited Sanchal,2200,1150,1350.0,Maharashtra,Other
2025-07-02,Onion,23,Satara,Local,Karad,1700,1000,1700.0,Maharashtra,Other
2025-07-02,Onion,23,Ahmednagar,Local,Shrirampur,2000,400,1550.0,Maharashtra,Other
2025-07-02,Onion,23,Chandrapur,Local,Chandrapur(Ganjwad),2000,1600,1800.0,Maharashtra,Other
2025-07-02,Onion,23,Nashik,Local,Nampur,1800,300,1300.0,Maharashtra,Other
2025-07-02,Onion,23,Nashik,Local,Yeola,1491,300,1150.0,Maharashtra,Other
2025-07-02,Onion,23,Satara,Local,Satara,2000,1000,1500.0,Maharashtra,Other
2025-07-02,Onion,23,Nashik,Local,Umrane,1751,1000,1350.0,Maharashtra,Other
2025-07-02,Onion,23,Amarawati,Local,Amrawati(Frui & Veg. Market),2300,1000,1650.0,Maharashtra,Local
2025-07-02,Onion,23,Dharashiv(Usmanabad),Local,Dharashiv,1800,1800,1800.0,Maharashtra,Red
2025-07-02,Onion,23,Pune,Local,Pune(Khadiki),1400,700,1050.0,Maharashtra,Local
2025-07-03,Onion,23,Nagpur,Local,Hingna,1600,1600,1600.0,Maharashtra,Red
2025-07-03,Onion,23,Sholapur,Local,Solapur,2200,100,1050.0,Maharashtra,Red
2025-07-03,Onion,23,Ahmednagar,Local,Karjat,1000,1000,1000.0,Maharashtra,Local
2025-07-03,Onion,23,Sangli,Local,Islampur,2000,1500,1750.0,Maharashtra,Local
2025-07-03,Onion,23,Sangli,Local,"Sangli(Phale, Bhajipura Market)",2100,500,1300.0,Maharashtra,Local
2025-07-03,Onion,23,Chandrapur,Local,Chandrapur(Ganjwad),2000,1600,1800.0,Maharashtra,Other
2025-07-03,Onion,23,Nashik,Local,Nampur,1800,300,300.0,Maharashtra,Other
2025-07-03,Onion,23,Satara,Local,Lonand,1721,500,1500.0,Maharashtra,Other
2025-07-03,Onion,23,Nagpur,Local,Nagpur,1700,700,1450.0,Maharashtra,Red
2025-07-03,Onion,23,Nashik,Local,Shree Rameshwar Krushi Market ,1851,391,1136.33,Maharashtra,Other
2025-07-03,Onion,23,Nashik,Local,Devala,1645,300,1450.0,Maharashtra,Other
2025-07-03,Onion,23,Nashik,Local,Lasalgaon(Niphad),1610,500,1475.0,Maharashtra,Other
2025-07-03,Onion,23,Nashik,Local,Pimpalgaon Baswant(Saykheda),1600,700,1350.0,Maharashtra,Other
2025-07-03,Onion,23,Dhule,Local,Sakri,1575,250,1000.0,Maharashtra,Other
2025-07-03,Onion,23,Nashik,Local,Sinner,1455,300,1350.0,Maharashtra,Other
2025-07-04,Onion,23,Nashik,Local,Dindori,1687,1000,1450.0,Maharashtra,Other
2025-07-04,Onion,23,Chandrapur,Local,Chandrapur(Ganjwad),2000,1700,1850.0,Maharashtra,Other
2025-07-04,Onion,23,Nashik,Local,Nampur,1900,400,1400.0,Maharashtra,Other
2025-07-04,Onion,23,Ahmednagar,Local,Rahata,2000,500,1450.0,Maharashtra,Other
2025-07-04,Onion,23,Pune,Local,Pune(Moshi),1800,600,1200.0,Maharashtra,Local
2025-07-04,Onion,23,Pune,Local,Khed(Chakan),1800,800,1500.0,Maharashtra,Other
2025-07-04,Onion,23,Nashik,Local,Yeola,1601,300,1200.0,Maharashtra,Other
2025-07-04,Onion,23,Nashik,Local,Satana,1805,365,1440.0,Maharashtra,Other
2025-07-04,Onion,23,Nashik,Local,Sinner,1439,300,1300.0,Maharashtra,Other
2025-07-04,Onion,23,Nashik,Local,Lasalgaon(Vinchur),1800,600,1500.0,Maharashtra,Other
2025-07-05,Onion,23,Chandrapur,Local,Chandrapur(Ganjwad),2000,1700,1850.0,Maharashtra,Other
2025-07-05,Onion,23,Sholapur,Local,Mangal Wedha,1800,1310,1500.0,Maharashtra,Local
2025-07-05,Onion,23,Ahmednagar,Local,Newasa(Ghodegaon),1900,500,1200.0,Maharashtra,Other
2025-07-05,Onion,23,Chattrapati Sambhajinagar,Local,Chattrapati Sambhajinagar,1500,200,850.0,Maharashtra,Other
2025-07-05,Onion,23,Nashik,Local,Chandvad,1700,700,1400.0,Maharashtra,Other
2025-07-05,Onion,23,Kolhapur,Local,Kolhapur,2200,500,1200.0,Maharashtra,Other
2025-07-05,Onion,23,Dharashiv(Usmanabad),Local,Dharashiv,1700,1300,1500.0,Maharashtra,Red
2025-07-05,Onion,23,Nashik,Local,Pimpalgaon Baswant(Saykheda),2053,800,1450.0,Maharashtra,Other
2025-07-05,Onion,23,Amarawati,Local,Amrawati(Frui & Veg. Market),2300,700,1500.0,Maharashtra,Local
2025-07-05,Onion,23,Nashik,Local,Lasalgaon(Vinchur),1715,600,1500.0,Maharashtra,Other
2025-07-05,Onion,23,Ahmednagar,Local,Shree Sairaj Krushi Market,2000,200,1100.0,Maharashtra,Local
2025-07-05,Onion,23,Chattrapati Sambhajinagar,Local,Lasur Station,1570,300,950.0,Maharashtra,Other
2025-07-05,Onion,23,Nashik,Local,Pimpalgaon,2025,400,1425.0,Maharashtra,Other
2025-07-05,Onion,23,Chattrapati Sambhajinagar,Local,Paithan,1465,905,1340.0,Maharashtra,Other
2025-07-06,Onion,23,Ahmednagar,Local,Parner,2000,100,1500.0,Maharashtra,Other
2025-07-06,Onion,23,Sholapur,Local,Mangal Wedha,1000,800,800.0,Maharashtra,Local
2025-07-06,Onion,23,Ahmednagar,Local,Akole,1825,150,1551.0,Maharashtra,Other
2025-07-06,Onion,23,Pune,Local,Junnar,2000,300,1300.0,Maharashtra,Other
2025-07-06,Onion,23,Pune,Local,Junnar(Alephata),2050,1000,1600.0,Maharashtra,Other
2025-07-06,Onion,23,Pune,Local,Pune(Manjri),1400,1000,1200.0,Maharashtra,Local
2025-07-07,Onion,23,Nashik,Local,Umrane,1720,1000,1350.0,Maharashtra,Other
2025-07-07,Onion,23,Jalgaon,Local,Jalgaon,1350,300,812.0,Maharashtra,Red
2025-07-07,Onion,23,Kolhapur,Local,Kolhapur,2100,500,1200.0,Maharashtra,Other
2025-07-07,Onion,23,Nashik,Local,Manmad,1697,200,1450.0,Maharashtra,Other
2025-07-07,Onion,23,Nagpur,Local,Hingna,2200,2000,2066.0,Maharashtra,Red
2025-07-07,Onion,23,Thane,Local,Kalyan,1600,1400,1500.0,Maharashtra,2nd Sort
2025-07-07,Onion,23,Nashik,Local,Lasalgaon(Vinchur),1616,600,1450.0,Maharashtra,Other
2025-07-07,Onion,23,Nagpur,Local,Nagpur,1600,600,1350.0,Maharashtra,White
2025-07-07,Onion,23,Nashik,Local,Lasalgaon(Niphad),1600,500,1470.0,Maharashtra,Other
2025-07-07,Onion,23,Pune,Local,Pune(Moshi),1500,400,950.0,Maharashtra,Local
2025-07-07,Onion,23,Nashik,Local,Devala,1605,200,1450.0,Maharashtra,Other
2025-07-08,Onion,23,Nashik,Local,Shree Rameshwar Krushi Market ,1900,400,1224.28,Maharashtra,Other
2025-07-08,Onion,23,Nashik,Local,Manmad,1580,300,1400.0,Maharashtra,Other
2025-07-08,Onion,23,Sholapur,Local,Solapur,2400,100,1200.0,Maharashtra,Red
2025-07-08,Onion,23,Chattrapati Sambhajinagar,Local,Lasur Station,1651,400,1125.0,Maharashtra,Other
2025-07-08,Onion,23,Buldhana,Local,Malkapur,1100,500,800.0,Maharashtra,Local
2025-07-08,Onion,23,Pune,Local,Pune(Pimpri),2000,1800,1900.0,Maharashtra,Local
2025-07-08,Onion,23,Sangli,Local,"Sangli(Phale, Bhajipura Market)",2000,500,1250.0,Maharashtra,Local
2025-07-08,Onion,23,Ahmednagar,Local,Kopargaon,1625,500,1395.0,Maharashtra,Other
2025-07-08,Onion,23,Nashik,Local,Satana,1685,425,1325.0,Maharashtra,Other
2025-07-08,Onion,23,Thane,Local,Kalyan,1600,1400,1450.0,Maharashtra,2nd Sort
2025-07-08,Onion,23,Ahmednagar,Local,Om Chaitanya Multistate Agro Purpose CoOp Society ,1800,200,1300.0,Maharashtra,Other
2025-07-08,Onion,23,Pune,Local,Pune(Moshi),1700,600,1150.0,Maharashtra,Local
2025-07-08,Onion,23,Amarawati,Local,Amrawati(Frui & Veg. Market),2200,700,1450.0,Maharashtra,Local
2025-07-08,Onion,23,Pune,Local,Junnar(Alephata),2050,900,1550.0,Maharashtra,Other
2025-07-08,Onion,23,Kolhapur,Local,Kolhapur,2000,500,1200.0,Maharashtra,Other
2025-07-08,Onion,23,Nashik,Local,Dindori,1575,850,1425.0,Maharashtra,Other
2025-07-08,Onion,23,Dhule,Local,Sakri,1550,800,1100.0,Maharashtra,Other
2025-07-08,Onion,23,Nashik,Local,Sinner,1581,300,1375.0,Maharashtra,Other
2025-07-08,Onion,23,Nashik,Local,Lasalgaon(Niphad),1610,500,1450.0,Maharashtra,Other
2025-07-09,Onion,23,Sangli,Local,"Sangli(Phale, Bhajipura Market)",2000,500,1250.0,Maharashtra,Local
2025-07-09,Onion,23,Satara,Local,Satara,2000,1000,1500.0,Maharashtra,Other
2025-07-09,Onion,23,Dhule,Local,Shirpur,1275,200,850.0,Maharashtra,Red
2025-07-09,Onion,23,Nagpur,Local,Kamthi,2000,1000,1500.0,Maharashtra,Local
2025-07-09,Onion,23,Nashik,Local,Nandgaon,1593,200,1350.0,Maharashtra,Other
2025-07-09,Onion,23,Nashik,Local,Lasalgaon(Niphad),1591,500,1451.0,Maharashtra,Other
2025-07-09,Onion,23,Pune,Local,Khed(Chakan),1800,900,1200.0,Maharashtra,Other
2025-07-09,Onion,23,Nashik,Local,Shivsiddha Govind Producer Company Limited Sanchal,2105,1150,1550.0,Maharashtra,Other
2025-07-10,Onion,23,Nagpur,Local,Hingna,2000,1800,1900.0,Maharashtra,Red
2025-07-10,Onion,23,Nashik,Local,Pimpalgaon Baswant(Saykheda),1310,600,1200.0,Maharashtra,Other
2025-07-10,Onion,23,Jalgaon,Local,Jalgaon,1387,300,837.0,Maharashtra,Red
2025-07-10,Onion,23,Sholapur,Local,Laxmi Sopan Agriculture Produce Marketing Co Ltd,1400,500,1000.0,Maharashtra,Other
2025-07-10,Onion,23,Thane,Local,Kalyan,1600,1500,1550.0,Maharashtra,2nd Sort
2025-07-10,Onion,23,Nashik,Local,Lasalgaon(Vinchur),1750,600,1460.0,Maharashtra,Other
2025-07-10,Onion,23,Dhule,Local,Dhule,1140,500,1000.0,Maharashtra,Red
2025-07-10,Onion,23,Nashik,Local,Lasalgaon,2092,600,1475.0,Maharashtra,Other
2025-07-10,Onion,23,Kolhapur,Local,Kolhapur,2000,500,1200.0,Maharashtra,Other
2025-07-10,Onion,23,Satara,Local,Karad,1800,1000,1800.0,Maharashtra,Other
2025-07-11,Onion,23,Pune,Local,Pune(Moshi),1800,400,1100.0,Maharashtra,Local
2025-07-11,Onion,23,Nashik,Local,Lasalgaon(Niphad),1521,500,1400.0,Maharashtra,Other
2025-07-11,Onion,23,Pune,Local,Pune(Pimpri),1700,1500,1600.0,Maharashtra,Local
2025-07-11,Onion,23,Dhule,Local,Sakri,1550,800,1150.0,Maharashtra,Other
2025-07-11,Onion,23,Nashik,Local,Pimpalgaon Baswant(Saykheda),1826,700,1300.0,Maharashtra,Other
2025-07-11,Onion,23,Thane,Local,Kalyan,1800,1700,1750.0,Maharashtra,1st Sort
2025-07-11,Onion,23,Akola,Local,Akola,1800,600,1400.0,Maharashtra,Other
2025-07-11,Onion,23,Nashik,Local,Nampur,1505,300,1200.0,Maharashtra,Other
2025-07-11,Onion,23,Nashik,Local,Lasalgaon(Vinchur),1752,600,1500.0,Maharashtra,Other
2025-07-11,Onion,23,Pune,Local,Pune,1800,600,1200.0,Maharashtra,Local
2025-07-11,Onion,23,Ahmednagar,Local,Om Chaitanya Multistate Agro Purpose CoOp Society ,1700,200,1250.0,Maharashtra,Other
2025-07-11,Onion,23,Ahmednagar,Local,Sangamner,1900,200,1100.0,Maharashtra,Other
2025-07-11,Onion,23,Thane,Local,Kalyan,1600,1400,1500.0,Maharashtra,2nd Sort
2025-07-11,Onion,23,Pune,Local,Junnar(Narayangaon),1700,600,1100.0,Maharashtra,Other
2025-07-11,Onion,23,Ahmednagar,Local,Karjat,1600,100,1000.0,Maharashtra,Local
2025-07-11,Onion,23,Ahmednagar,Local,Rahuri,1875,100,985.0,Maharashtra,Other
2025-07-11,Onion,23,Kolhapur,Local,Kolhapur,1900,500,1200.0,Maharashtra,Other
2025-07-12,Onion,23,Satara,Local,Karad,1800,1000,1800.0,Maharashtra,Other
2025-07-12,Onion,23,Mumbai,Local,Vashi New Mumbai,1800,1100,1450.0,Maharashtra,Other
2025-07-12,Onion,23,Dharashiv(Usmanabad),Local,Dharashiv,1800,1700,1750.0,Maharashtra,Red
2025-07-12,Onion,23,Chattrapati Sambhajinagar,Local,Vaijpur,1450,400,1200.0,Maharashtra,Other
2025-07-12,Onion,23,Kolhapur,Local,Kolhapur,2000,500,1200.0,Maharashtra,Other
2025-07-12,Onion,23,Amarawati,Local,Amrawati(Frui & Veg. Market),2200,700,1450.0,Maharashtra,Local
2025-07-12,Onion,23,Nashik,Local,Yeola,1357,302,1100.0,Maharashtra,Other
2025-07-12,Onion,23,Nashik,Local,Kalvan,1805,350,1251.0,Maharashtra,Other
2025-07-12,Onion,23,Chandrapur,Local,Chandrapur(Ganjwad),2000,1600,1800.0,Maharashtra,Other
2025-07-12,Onion,23,Sholapur,Local,Solapur,2200,100,1100.0,Maharashtra,Red
2025-07-12,Onion,23,Nashik,Local,Chandvad,1790,521,1330.0,Maharashtra,Other
2025-07-12,Onion,23,Chattrapati Sambhajinagar,Local,Chattrapati Sambhajinagar,1500,375,938.0,Maharashtra,Other
2025-07-13,Onion,23,Pune,Local,Khed(Chakan),1500,800,1200.0,Maharashtra,Other
2025-07-13,Onion,23,Jalgaon,Local,Bhusaval,1200,800,1000.0,Maharashtra,Other
2025-07-13,Onion,23,Pune,Local,Manchar,1850,1550,1700.0,Maharashtra,Other
2025-07-13,Onion,23,Beed,Local,Kada,1700,200,1000.0,Maharashtra,Other
2025-07-13,Onion,23,Dharashiv(Usmanabad),Local,Paranda,1371,500,1100.0,Maharashtra,Other
2025-07-13,Onion,23,Sangli,Local,Islampur,2000,800,1450.0,Maharashtra,Local
2025-07-13,Onion,23,Ahmednagar,Local,Akole,1651,150,1351.0,Maharashtra,Other
2025-07-14,Onion,23,Nashik,Local,Nasik,1801,400,1300.0,Maharashtra,Other
2025-07-14,Onion,23,Ahmednagar,Local,Shevgaon,1600,1200,1300.0,Maharashtra,1st Sort
2025-07-14,Onion,23,Chattrapati Sambhajinagar,Local,Vaijpur,1500,500,1300.0,Maharashtra,Other
2025-07-14,Onion,23,Kolhapur,Local,Kolhapur,2000,500,1200.0,Maharashtra,Other
2025-07-14,Onion,23,Nagpur,Local,Hingna,2000,1800,1920.0,Maharashtra,Red
2025-07-14,Onion,23,Ahmednagar,Local,Karjat,1500,200,1000.0,Maharashtra,Local
2025-07-14,Onion,23,Nashik,Local,Nampur,1485,300,1200.0,Maharashtra,Other
2025-07-14,Onion,23,Mumbai,Local,Vashi New Mumbai,1700,1000,1350.0,Maharashtra,Other
2025-07-14,Onion,23,Sholapur,Local,Kurdwadi(Modnimb),1651,150,1251.0,Maharashtra,Red
2025-07-14,Onion,23,Ahmednagar,Local,Shevgaon,1100,600,800.0,Maharashtra,2nd Sort
2025-07-14,Onion,23,Ahmednagar,Local,Newasa(Ghodegaon),1700,300,1200.0,Maharashtra,Other
2025-07-14,Onion,23,Sholapur,Local,Laxmi Sopan Agriculture Produce Marketing Co Ltd,1700,600,1200.0,Maharashtra,Other
2025-07-14,Onion,23,Thane,Local,Kalyan,1200,900,1050.0,Maharashtra,2nd Sort
2025-07-14,Onion,23,Pune,Local,Pune(Manjri),1400,800,1100.0,Maharashtra,Local
2025-07-15,Onion,23,Chandrapur,Local,Chandrapur(Ganjwad),2000,1600,1850.0,Maharashtra,Other
2025-07-15,Onion,23,Nashik,Local,Chandvad,1781,500,1410.0,Maharashtra,Other
2025-07-15,Onion,23,Nashik,Local,Shivsiddha Govind Producer Company Limited Sanchal,2000,300,1560.0,Maharashtra,Other
2025-07-15,Onion,23,Nashik,Local,Umrane,1751,1000,1300.0,Maharashtra,Other
2025-07-15,Onion,23,Nagpur,Local,Hingna,2000,1800,1900.0,Maharashtra,Red
2025-07-15,Onion,23,Ahmednagar,Local,Kopargaon,1489,500,1225.0,Maharashtra,Other
2025-07-15,Onion,23,Thane,Local,Kalyan,1400,1200,1300.0,Maharashtra,2nd Sort
2025-07-15,Onion,23,Satara,Local,Satara,2000,1000,1500.0,Maharashtra,Other
2025-07-15,Onion,23,Kolhapur,Local,Kolhapur,2000,500,1200.0,Maharashtra,Other
2025-07-15,Onion,23,Satara,Local,Phaltan,1611,200,1000.0,Maharashtra,Hybrid
2025-07-15,Onion,23,Nashik,Local,Lasalgaon(Niphad),1500,500,1400.0,Maharashtra,Other
2025-07-16,Onion,23,Nashik,Local,Lasalgaon(Vinchur),1815,600,1500.0,Maharashtra,Other
2025-07-16,Onion,23,Pune,Local,Pune,1800,500,1150.0,Maharashtra,Local
2025-07-16,Onion,23,Chattrapati Sambhajinagar,Local,Chattrapati Sambhajinagar,1350,350,850.0,Maharashtra,Other
2025-07-16,Onion,23,Chattrapati Sambhajinagar,Local,Vaijpur,1410,400,1250.0,Maharashtra,Other
2025-07-16,Onion,23,Kolhapur,Local,Kolhapur,2000,500,1200.0,Maharashtra,Other
2025-07-16,Onion,23,Nagpur,Local,Hingna,2000,1500,1766.0,Maharashtra,Red
2025-07-16,Onion,23,Jalgaon,Local,Bhusaval,1200,900,1000.0,Maharashtra,Other
2025-07-16,Onion,23,Sholapur,Local,Akluj,1500,200,1000.0,Maharashtra,Other
2025-07-16,Onion,23,Beed,Local,Kada,2000,200,1200.0,Maharashtra,White
2025-07-16,Onion,23,Ahmednagar,Local,Shrirampur,1700,600,1350.0,Maharashtra,Other
2025-07-17,Onion,23,Nashik,Local,Lasalgaon(Vinchur),1780,600,1425.0,Maharashtra,Other
2025-07-17,Onion,23,Nagpur,Local,Nagpur,1700,700,1450.0,Maharashtra,Red
2025-07-17,Onion,23,Nagpur,Local,Kamthi,1800,1400,1600.0,Maharashtra,Local
2025-07-17,Onion,23,Sangli,Local,Islampur,2400,1000,1750.0,Maharashtra,Local
2025-07-17,Onion,23,Mumbai,Local,Vashi New Mumbai,1700,1000,1350.0,Maharashtra,Other
2025-07-17,Onion,23,Kolhapur,Local,Vadgaonpeth,1900,1200,1400.0,Maharashtra,Local
2025-07-17,Onion,23,Nashik,Local,Devala,1700,300,1300.0,Maharashtra,Other
2025-07-17,Onion,23,Chattrapati Sambhajinagar,Local,Gangapur,1525,315,1275.0,Maharashtra,Other
2025-07-17,Onion,23,Jalgaon,Local,Bhusaval,1200,800,1000.0,Maharashtra,Other
2025-07-17,Onion,23,Pune,Local,Manchar,1800,1550,1700.0,Maharashtra,Other
2025-07-17,Onion,23,Nashik,Local,Nandgaon,1517,100,1150.0,Maharashtra,Other
2025-07-17,Onion,23,Thane,Local,Kalyan,1400,1300,1350.0,Maharashtra,2nd Sort
2025-07-17,Onion,23,Pune,Local,Junnar,1800,400,1300.0,Maharashtra,Other
2025-07-17,Onion,23,Kolhapur,Local,Kolhapur,1900,500,1200.0,Maharashtra,Other
2025-07-18,Onion,23,Thane,Local,Kalyan,1400,1300,1350.0,Maharashtra,2nd Sort
2025-07-18,Onion,23,Nashik,Local,Nandgaon,1536,100,1250.0,Maharashtra,Other
2025-07-18,Onion,23,Pune,Local,Junnar(Narayangaon),1850,400,1200.0,Maharashtra,Other
2025-07-18,Onion,23,Nashik,Local,Satana,1580,255,1280.0,Maharashtra,Other
2025-07-18,Onion,23,Nashik,Local,Chandvad,1700,550,1360.0,Maharashtra,Other
2025-07-18,Onion,23,Sholapur,Local,Solapur,1900,100,1000.0,Maharashtra,Red
2025-07-18,Onion,23,Dharashiv(Usmanabad),Local,Dharashiv,1600,1000,1300.0,Maharashtra,Red
2025-07-18,Onion,23,Kolhapur,Local,Vadgaonpeth,1900,1200,1400.0,Maharashtra,Local
2025-07-18,Onion,23,Nashik,Local,Umrane,1552,1000,1250.0,Maharashtra,Other
2025-07-18,Onion,23,Jalgaon,Local,Bhusaval,1200,900,1000.0,Maharashtra,Other
2025-07-18,Onion,23,Thane,Local,Kalyan,1700,1500,1600.0,Maharashtra,1st Sort
2025-07-18,Onion,23,Ahmednagar,Local,Kopargaon,1485,500,1200.0,Maharashtra,Other
2025-07-19,Onion,23,Pune,Local,Pune(Manjri),1600,800,1200.0,Maharashtra,Local
2025-07-19,Onion,23,Nashik,Local,Lasalgaon(Niphad),1521,500,1351.0,Maharashtra,Other
2025-07-19,Onion,23,Ahmednagar,Local,Shree Sairaj Krushi Market,1700,300,1000.0,Maharashtra,Local
2025-07-19,Onion,23,Nashik,Local,Pimpalgaon,2090,400,1450.0,Maharashtra,Other
2025-07-19,Onion,23,Ahmednagar,Local,Jamkhed,1900,200,1050.0,Maharashtra,Local
2025-07-20,Onion,23,Sholapur,Local,Akluj,1500,300,1000.0,Maharashtra,Other
2025-07-20,Onion,23,Ahmednagar,Local,Parner,1825,200,1400.0,Maharashtra,Other
2025-07-20,Onion,23,Ahmednagar,Local,Rahata,1800,400,1200.0,Maharashtra,Other
2025-07-20,Onion,23,Jalgaon,Local,Bhusaval,1200,800,1000.0,Maharashtra,Other
2025-07-20,Onion,23,Ahmednagar,Local,Akole,1800,111,1500.0,Maharashtra,Other
2025-07-20,Onion,23,Nagpur,Local,Kamthi,1975,1775,1875.0,Maharashtra,Local
2025-07-21,Onion,23,Nashik,Local,Lasalgaon(Niphad),1470,500,1375.0,Maharashtra,Other
2025-07-21,Onion,23,Ahmednagar,Local,Shevgaon,1700,1400,1550.0,Maharashtra,1st Sort
2025-07-21,Onion,23,Satara,Local,Lonand,1350,500,900.0,Maharashtra,Other
2025-07-21,Onion,23,Ahmednagar,Local,Sangamner,2000,200,1100.0,Maharashtra,Other
2025-07-21,Onion,23,Nagpur,Local,Nagpur,1700,700,1450.0,Maharashtra,Red
2025-07-21,Onion,23,Sholapur,Local,Solapur,2100,100,1100.0,Maharashtra,Red
2025-07-21,Onion,23,Jalgaon,Local,Jalgaon,1272,375,825.0,Maharashtra,Red
2025-07-21,Onion,23,Dharashiv(Usmanabad),Local,Paranda,1500,500,1100.0,Maharashtra,Other
2025-07-21,Onion,23,Dhule,Local,Sakri,1350,700,1000.0,Maharashtra,Other
2025-07-21,Onion,23,Chattrapati Sambhajinagar,Local,Lasur Station,1475,200,950.0,Maharashtra,Other
2025-07-21,Onion,23,Ahmednagar,Local,Shevgaon,600,300,450.0,Maharashtra,Other
2025-07-22,Onion,23,Pune,Local,Pune(Pimpri),1800,900,1350.0,Maharashtra,Local
2025-07-22,Onion,23,Sholapur,Local,Solapur,2100,100,1100.0,Maharashtra,Red
2025-07-22,Onion,23,Nashik,Local,Lasalgaon,2100,501,1451.0,Maharashtra,Other
2025-07-22,Onion,23,Nashik,Local,Chandvad,1700,550,1380.0,Maharashtra,Other
2025-07-22,Onion,23,Nashik,Local,Nandgaon,1525,100,1150.0,Maharashtra,Other
2025-07-22,Onion,23,Nashik,Local,Shivsiddha Govind Producer Company Limited Sanchal,1800,420,1350.0,Maharashtra,Other
2025-07-22,Onion,23,Kolhapur,Local,Kolhapur,1700,500,1000.0,Maharashtra,Other
2025-07-22,Onion,23,Ahmednagar,Local,Rahuri,2050,100,1075.0,Maharashtra,Other
2025-07-23,Onion,23,Chattrapati Sambhajinagar,Local,Lasur Station,1430,100,900.0,Maharashtra,Other
2025-07-23,Onion,23,Ahmednagar,Local,Parner,1800,200,1300.0,Maharashtra,Other
2025-07-23,Onion,23,Beed,Local,Kada,1700,200,1200.0,Maharashtra,Other
2025-07-23,Onion,23,Dharashiv(Usmanabad),Local,Dharashiv,1800,1100,1450.0,Maharashtra,Red
2025-07-23,Onion,23,Chandrapur,Local,Chandrapur(Ganjwad),2100,1700,1900.0,Maharashtra,Other
2025-07-23,Onion,23,Mumbai,Local,Vashi New Mumbai,1700,900,1300.0,Maharashtra,Other
2025-07-23,Onion,23,Ahmednagar,Local,Sangamner,1767,200,983.0,Maharashtra,Other
2025-07-23,Onion,23,Ahmednagar,Local,Shree Sairaj Krushi Market,1700,300,1000.0,Maharashtra,Local
2025-07-23,Onion,23,Chattrapati Sambhajinagar,Local,Chattrapati Sambhajinagar,1400,370,885.0,Maharashtra,Other
2025-07-23,Onion,23,Nagpur,Local,Nagpur,1600,600,1350.0,Maharashtra,White
2025-07-23,Onion,23,Nashik,Local,Manmad,1351,200,1200.0,Maharashtra,Other
2025-07-23,Onion,23,Nashik,Local,Shivsiddha Govind Producer Company Limited Sanchal,2000,425,1450.0,Maharashtra,Other
2025-07-23,Onion,23,Nashik,Local,Lasalgaon(Niphad),1425,500,1300.0,Maharashtra,Other
2025-07-23,Onion,23,Nashik,Local,Lasalgaon,2001,500,1400.0,Maharashtra,Other
2025-07-23,Onion,23,Satara,Local,Satara,2000,1000,1500.0,Maharashtra,Other
2025-07-23,Onion,23,Nagpur,Local,Hingna,2000,2000,2000.0,Maharashtra,Red
2025-07-23,Onion,23,Sholapur,Local,Solapur,2000,100,1000.0,Maharashtra,Red
2025-07-24,Onion,23,Ahmednagar,Local,Jamkhed,1700,100,900.0,Maharashtra,Local
2025-07-24,Onion,23,Nagpur,Local,Ramtek,1600,1400,1500.0,Maharashtra,Other
2025-07-24,Onion,23,Sholapur,Local,Kurdwadi(Modnimb),1200,400,800.0,Maharashtra,Red
2025-07-24,Onion,23,Akola,Local,Akola,1600,600,1200.0,Maharashtra,Other
2025-07-24,Onion,23,Ahmednagar,Local,Shevgaon,600,300,400.0,Maharashtra,Other
2025-07-24,Onion,23,Ahmednagar,Local,Rahuri(Vambori),1700,100,1100.0,Maharashtra,Other
2025-07-24,Onion,23,Ahmednagar,Local,Shevgaon,1700,1300,1500.0,Maharashtra,1st Sort
2025-07-24,Onion,23,Sholapur,Local,Solapur,1900,100,1000.0,Maharashtra,Red
2025-07-24,Onion,23,Kolhapur,Local,Kolhapur,1700,500,1000.0,Maharashtra,Other
2025-07-24,Onion,23,Nagpur,Local,Kamthi,1950,1450,1700.0,Maharashtra,Local
2025-07-24,Onion,23,Nagpur,Local,Hingna,1500,1300,1400.0,Maharashtra,White
2025-07-24,Onion,23,Ahmednagar,Local,Ahmednagar,1600,200,950.0,Maharashtra,Other
2025-07-25,Onion,23,Nashik,Local,Yeola,1338,208,1051.0,Maharashtra,Other
2025-07-25,Onion,23,Nashik,Local,Nasik,1475,250,800.0,Maharashtra,Other
2025-07-25,Onion,23,Mumbai,Local,Vashi New Mumbai,1700,900,1300.0,Maharashtra,Other
2025-07-25,Onion,23,Sholapur,Local,Akluj,1500,200,1000.0,Maharashtra,Other
2025-07-25,Onion,23,Nashik,Local,Chandvad,1700,550,1220.0,Maharashtra,Other
2025-07-25,Onion,23,Sangli,Local,"Sangli(Phale, Bhajipura Market)",1800,600,1200.0,Maharashtra,Local
2025-07-25,Onion,23,Dhule,Local,Dhule,1200,500,1000.0,Maharashtra,Red
2025-07-26,Onion,23,Akola,Local,Akola,1400,500,1100.0,Maharashtra,Other
2025-07-26,Onion,23,Nashik,Local,Pimpalgaon,1900,400,1350.0,Maharashtra,Other
2025-07-26,Onion,23,Nashik,Local,Chandvad,1655,500,1270.0,Maharashtra,Other
2025-07-26,Onion,23,Dharashiv(Usmanabad),Local,Paranda,1450,500,1000.0,Maharashtra,Other
2025-07-27,Onion,23,Pune,Local,Junnar(Narayangaon),1950,300,1300.0,Maharashtra,Other
2025-07-27,Onion,23,Satara,Local,Karad,1600,1000,1600.0,Maharashtra,Other
2025-07-27,Onion,23,Kolhapur,Local,Vadgaonpeth,1700,1200,1400.0,Maharashtra,Local
2025-07-27,Onion,23,Ahmednagar,Local,Om Chaitanya Multistate Agro Purpose CoOp Society ,1600,200,1150.0,Maharashtra,Other
2025-07-27,Onion,23,Amarawati,Local,Amrawati(Frui & Veg. Market),2100,700,1400.0,Maharashtra,Local
2025-07-27,Onion,23,Ahmednagar,Local,Rahata,1700,600,1200.0,Maharashtra,Other
2025-07-28,Onion,23,Satara,Local,Satara,2000,1000,1500.0,Maharashtra,Other
2025-07-28,Onion,23,Nashik,Local,Yeola,1339,351,1070.0,Maharashtra,Other
2025-07-28,Onion,23,Nashik,Local,Shivsiddha Govind Producer Company Limited Sanchal,2000,300,1530.0,Maharashtra,Other
2025-07-28,Onion,23,Nashik,Local,Pimpalgaon Baswant(Saykheda),1325,600,1140.0,Maharashtra,Other
2025-07-28,Onion,23,Pune,Local,Pune(Pimpri),1700,1700,1700.0,Maharashtra,Local
2025-07-28,Onion,23,Satara,Local,Lonand,1300,500,1000.0,Maharashtra,Other
2025-07-28,Onion,23,Ahmednagar,Local,Kopargaon,1473,500,1200.0,Maharashtra,Other
2025-07-28,Onion,23,Nashik,Local,Chandvad,1550,200,1350.0,Maharashtra,Other
2025-07-28,Onion,23,Akola,Local,Akola,1400,500,1100.0,Maharashtra,Other
2025-07-28,Onion,23,Nashik,Local,Manmad,1252,300,1150.0,Maharashtra,Other
2025-07-28,Onion,23,Sholapur,Local,Kurdwadi(Modnimb),1175,400,800.0,Maharashtra,Red
2025-07-28,Onion,23,Nashik,Local,Lasalgaon(Niphad),1500,500,1350.0,Maharashtra,Other
2025-07-29,Onion,23,Nashik,Local,Chandvad,1452,500,1260.0,Maharashtra,Other
2025-07-29,Onion,23,Dharashiv(Usmanabad),Local,Dharashiv,1900,1000,1450.0,Maharashtra,Red
2025-07-29,Onion,23,Nashik,Local,Nasik,1500,320,850.0,Maharashtra,Other
2025-07-29,Onion,23,Chattrapati Sambhajinagar,Local,Lasur Station,1379,100,950.0,Maharashtra,Other
2025-07-29,Onion,23,Ahmednagar,Local,Sangamner,1700,200,950.0,Maharashtra,Other
2025-07-29,Onion,23,Nagpur,Local,Nagpur,1600,600,1350.0,Maharashtra,White
2025-07-29,Onion,23,Ahmednagar,Local,Akole,1600,100,1300.0,Maharashtra,Other
2025-07-29,Onion,23,Nashik,Local,Devala,1575,310,1200.0,Maharashtra,Other
2025-07-29,Onion,23,Nashik,Local,Manmad,1326,300,1200.0,Maharashtra,Other
2025-07-29,Onion,23,Sangli,Local,"Sangli(Phale, Bhajipura Market)",1875,525,1200.0,Maharashtra,Local
2025-07-29,Onion,23,Nashik,Local,Lasalgaon(Vinchur),1501,500,1300.0,Maharashtra,Other
2025-07-29,Onion,23,Pune,Local,Khed(Chakan),1500,800,1300.0,Maharashtra,Other
2025-07-29,Onion,23,Chattrapati Sambhajinagar,Local,Vaijpur,1371,300,1250.0,Maharashtra,Other
2025-07-29,Onion,23,Jalgaon,Local,Bhusaval,1200,800,1000.0,Maharashtra,Other
2025-07-29,Onion,23,Pune,Local,Manchar,1700,1400,1600.0,Maharashtra,Other
2025-07-30,Onion,23,Kolhapur,Local,Kolhapur,1800,500,1000.0,Maharashtra,Other
2025-07-30,Onion,23,Satara,Local,Karad,1700,500,1700.0,Maharashtra,Other
2025-07-30,Onion,23,Dharashiv(Usmanabad),Local,Dharashiv,1800,1600,1700.0,Maharashtra,Red
2025-07-30,Onion,23,Nashik,Local,Umrane,1511,700,1300.0,Maharashtra,Other
2025-07-30,Onion,23,Chattrapati Sambhajinagar,Local,Paithan,1600,200,1350.0,Maharashtra,Other
2025-07-30,Onion,23,Chattrapati Sambhajinagar,Local,Lasur Station,1402,200,950.0,Maharashtra,Other
2025-07-30,Onion,23,Sholapur,Local,Akluj,1600,200,1000.0,Maharashtra,Other
2025-07-30,Onion,23,Pune,Local,Pune(Khadiki),1600,800,1200.0,Maharashtra,Local
2025-07-30,Onion,23,Mumbai,Local,Vashi New Mumbai,1800,1000,1400.0,Maharashtra,Other
2025-07-30,Onion,23,Nagpur,Local,Nagpur,1700,700,1450.0,Maharashtra,Red
2025-07-30,Onion,23,Nagpur,Local,Ramtek,1500,1300,1400.0,Maharashtra,Other
2025-07-30,Onion,23,Kolhapur,Local,Vadgaonpeth,1900,1200,1600.0,Maharashtra,Local
2025-07-31,Onion,23,Sholapur,Local,Kurdwadi(Modnimb),1000,1000,1000.0,Maharashtra,Red
2025-07-31,Onion,23,Ahmednagar,Local,Ahmednagar,1600,200,950.0,Maharashtra,Other
2025-07-31,Onion,23,Sholapur,Local,Mangal Wedha,1700,300,1500.0,Maharashtra,Local
2025-07-31,Onion,23,Nashik,Local,Nampur,1470,300,1200.0,Maharashtra,Other
2025-07-31,Onion,23,Ahmednagar,Local,Kopargaon,1600,500,1310.0,Maharashtra,Other
2025-07-31,Onion,23,Nashik,Local,Lasalgaon(Niphad),1425,500,1300.0,Maharashtra,Other
2025-07-31,Onion,23,Pune,Local,Junnar(Otur),1700,400,1500.0,Maharashtra,Other
2025-07-31,Onion,23,Jalgaon,Local,Jalgaon,1250,377,837.0,Maharashtra,Red
2025-07-31,Onion,23,Nashik,Local,Kalvan,1765,400,1050.0,Maharashtra,Other
2025-07-31,Onion,23,Pune,Local,Pune(Pimpri),1600,1400,1500.0,Maharashtra,Local
2025-07-31,Onion,23,Pune,Local,Pune(Moshi),1500,600,1050.0,Maharashtra,Local
2025-07-31,Onion,23,Nashik,Local,Manmad,1301,400,1150.0,Maharashtra,Other
2025-07-31,Onion,23,Dharashiv(Usmanabad),Local,Dharashiv,1800,1600,1700.0,Maharashtra,Red
2025-07-31,Onion,23,Dhule,Local,Sakri,1350,700,1000.0,Maharashtra,Other
2025-08-01,Onion,23,Nashik,Local,Nampur,1355,300,1100.0,Maharashtra,Other
2025-08-06,Onion,23,Nashik,Local,Devala,1365,275,1200.0,Maharashtra,Other
2025-08-07,Onion,23,Nashik,Local,Nampur,1365,300,1200.0,Maharashtra,Other
2025-08-18,Onion,23,Nashik,Local,Manmad,1606,300,1400.0,Maharashtra,Other
2025-08-18,Onion,23,Nashik,Local,Chandvad,1754,512,1550.0,Maharashtra,Other
2025-08-19,Onion,23,Nashik,Local,Chandvad,1700,600,1500.0,Maharashtra,Other
2025-08-28,Onion,23,Nashik,Local,Manmad,1441,300,1300.0,Maharashtra,Other
2025-08-28,Onion,23,Nashik,Local,Pimpalgaon Baswant(Saykheda),1300,600,1150.0,Maharashtra,Other
2025-08-29,Onion,23,Nashik,Local,Manmad,1450,300,1250.0,Maharashtra,Other
2025-09-02,Onion,23,Nashik,Local,Pimpalgaon Baswant(Saykheda),1551,800,1130.0,Maharashtra,Other
2025-09-03,Onion,23,Nashik,Local,Yeola,1386,271,1070.0,Maharashtra,Other
2025-09-08,Onion,23,Nashik,Local,Nampur,1505,300,1200.0,Maharashtra,Other
2025-09-09,Onion,23,Nashik,Local,Pimpalgaon Baswant(Saykheda),1352,600,1150.0,Maharashtra,Other
2025-09-12,Onion,23,Nashik,Local,Pimpalgaon Baswant(Saykheda),1300,700,1000.0,Maharashtra,Other
2025-09-18,Onion,23,Nashik,Local,Pimpalgaon Baswant(Saykheda),1151,600,950.0,Maharashtra,Other
2025-09-22,Onion,23,Nashik,Local,Yeola,1089,222,850.0,Maharashtra,Other
2025-09-23,Onion,23,Nashik,Local,Manmad,1171,200,900.0,Maharashtra,Other
2026-04-01,Onion,23,Mumbai,Local,Mumbai-Onion & Potato Market APMC,1200,600,900.0,Maharashtra,Other
2026-04-01,Onion,23,Chattrapati Sambhajinagar,Local,Chattrapati Sambhajinagar APMC,1100,300,700.0,Maharashtra,Other
2026-04-01,Onion,23,Nagpur,Local,Hingna APMC,1600,1000,1300.0,Maharashtra,Red
2026-04-01,Onion,23,Solapur,Local,Solapur APMC,1400,100,600.0,Maharashtra,Red
2026-04-01,Onion,23,Jalgaon,Local,Jalgaon APMC,1125,377,937.0,Maharashtra,Red
2026-04-01,Onion,23,Pune,Local,Pune APMC,1300,500,900.0,Maharashtra,Local
2026-04-01,Onion,23,Ahilyanagar,Local,Parner APMC,1300,200,950.0,Maharashtra,Other
2026-04-01,Onion,23,Satara,Local,Karad APMC,1300,1000,1300.0,Maharashtra,Other
2026-04-01,Onion,23,Kolhapur,Local,Kolhapur APMC,1400,500,900.0,Maharashtra,Other
2026-04-02,Onion,23,Satara,Local,Vaduj APMC,1200,1000,1100.0,Maharashtra,Local
2026-04-02,Onion,23,Pune,Local,Pune APMC,1300,400,850.0,Maharashtra,Local
2026-04-02,Onion,23,Sangli,Local,"Sangli(Phale, Bhajipala Market) APMC",1300,500,850.0,Maharashtra,Local
2026-04-02,Onion,23,Chattrapati Sambhajinagar,Local,Lasur Station APMC,1095,200,700.0,Maharashtra,Other
2026-04-02,Onion,23,Solapur,Local,Solapur APMC,1300,100,600.0,Maharashtra,Red
2026-04-02,Onion,23,Nagpur,Local,Nagpur APMC,1300,1000,1225.0,Maharashtra,Red
2026-04-02,Onion,23,Mumbai,Local,Mumbai-Onion & Potato Market APMC,1300,600,950.0,Maharashtra,Other
2026-04-02,Onion,23,Chandrapur,Local,Chandrapur(Ganjwad) APMC,1500,1000,1300.0,Maharashtra,Other
2026-04-03,Onion,23,Nashik,Local,Yeola APMC,1076,250,950.0,Maharashtra,Red
2026-04-03,Onion,23,Dharashiv,Local,Dharashiv APMC,1000,150,525.0,Maharashtra,Red
2026-04-03,Onion,23,Kolhapur,Local,Kolhapur APMC,1200,500,800.0,Maharashtra,Other
2026-04-03,Onion,23,Pune,Local,Khed(Chakan) APMC,1400,1000,1200.0,Maharashtra,Other
2026-04-03,Onion,23,Mumbai,Local,Mumbai-Onion & Potato Market APMC,1300,600,950.0,Maharashtra,Other
2026-04-04,Onion,23,Satara,Local,Karad APMC,1500,700,1500.0,Maharashtra,Other
2026-04-04,Onion,23,Nashik,Local,Chandvad APMC,1370,725,1060.0,Maharashtra,Other
2026-04-04,Onion,23,Nagpur,Local,Nagpur APMC,1300,1000,1225.0,Maharashtra,White
2026-04-04,Onion,23,Satara,Local,Satara APMC,1300,700,1000.0,Maharashtra,Other
2026-04-04,Onion,23,Dharashiv,Local,Dharashiv APMC,1000,200,600.0,Maharashtra,Red
2026-04-04,Onion,23,Solapur,Local,Solapur APMC,1500,100,700.0,Maharashtra,Red
2026-04-04,Onion,23,Nashik,Local,Lasalgaon(Vinchur) APMC,1032,400,950.0,Maharashtra,Red
2026-04-04,Onion,23,Jalgaon,Local,Bhusaval APMC,1200,800,1000.0,Maharashtra,Other
2026-04-04,Onion,23,Chattrapati Sambhajinagar,Local,Lasur Station APMC,1095,150,675.0,Maharashtra,Other
2026-04-05,Onion,23,Solapur,Local,Mangal Wedha APMC,1000,200,900.0,Maharashtra,Local
2026-04-05,Onion,23,Pune,Local,Khed(Chakan) APMC,1400,1000,1200.0,Maharashtra,Other
2026-04-05,Onion,23,Nagpur,Local,Ramtek APMC,1500,1100,1300.0,Maharashtra,Other
2026-04-05,Onion,23,Pune,Local,Junnar(Otur) APMC,1400,500,950.0,Maharashtra,Other
2026-04-05,Onion,23,Jalgaon,Local,Bhusaval APMC,1000,500,800.0,Maharashtra,Other
2026-04-06,Onion,23,Nashik,Local,Nandgaon APMC,1015,300,650.0,Maharashtra,Red
2026-04-06,Onion,23,Chandrapur,Local,Chandrapur(Ganjwad) APMC,1500,1200,1300.0,Maharashtra,Other
2026-04-06,Onion,23,Nashik,Local,Lasalgaon APMC,1451,600,1125.0,Maharashtra,Other
2026-04-06,Onion,23,Ahilyanagar,Local,Rahuri(Vambori) APMC,1300,100,900.0,Maharashtra,Other
2026-04-06,Onion,23,Dhule,Local,Sakri APMC,970,550,890.0,Maharashtra,Other
2026-04-06,Onion,23,Nashik,Local,Devala APMC,1225,400,1000.0,Maharashtra,Other
2026-04-06,Onion,23,Ahilyanagar,Local,Shevgaon APMC,1000,800,900.0,Maharashtra,1st Sort
2026-04-06,Onion,23,Jalgaon,Local,Jalgaon APMC,1125,300,800.0,Maharashtra,Red
2026-04-06,Onion,23,Nashik,Local,Chandvad APMC,1000,100,870.0,Maharashtra,Red
2026-04-06,Onion,23,Ahilyanagar,Local,Kopargaon APMC,1021,400,850.0,Maharashtra,Red
2026-04-06,Onion,23,Solapur,Local,"Laxmi-Sopan Agriculture Produce Marketing Co Ltd, Barshi, Dist Solapur",1200,500,800.0,Maharashtra,Other
2026-04-06,Onion,23,Nagpur,Local,Hingna APMC,1800,1100,1516.0,Maharashtra,Red
2026-04-07,Onion,23,Chandrapur,Local,Chandrapur(Ganjwad) APMC,1400,1100,1300.0,Maharashtra,Other
2026-04-07,Onion,23,Dharashiv,Local,Dharashiv APMC,1200,400,800.0,Maharashtra,Red
2026-04-07,Onion,23,Pune,Local,Khed(Chakan) APMC,1300,1000,1200.0,Maharashtra,Other
2026-04-07,Onion,23,Ahilyanagar,Local,Kopargaon APMC,1000,400,900.0,Maharashtra,Red
2026-04-07,Onion,23,Nashik,Local,Nandgaon APMC,975,100,650.0,Maharashtra,Red
2026-04-07,Onion,23,Chattrapati Sambhajinagar,Local,Lasur Station APMC,1022,200,700.0,Maharashtra,Other
2026-04-07,Onion,23,Nagpur,Local,Hingna APMC,1600,1200,1433.0,Maharashtra,Red
2026-04-07,Onion,23,Sangli,Local,"Sangli(Phale, Bhajipala Market) APMC",1300,400,850.0,Maharashtra,Local
2026-04-07,Onion,23,Satara,Local,Vaduj APMC,1200,500,800.0,Maharashtra,Local
2026-04-07,Onion,23,Pune,Local,Pune(Khadiki) APMC,1000,700,850.0,Maharashtra,Local
2026-04-07,Onion,23,Nashik,Local,Lasalgaon(Vinchur) APMC,970,400,850.0,Maharashtra,Red
2026-04-07,Onion,23,Amarawati,Local,Amrawati(Frui & Veg. Market) APMC,1400,600,1000.0,Maharashtra,Red
2026-04-07,Onion,23,Pune,Local,Pune(Pimpri) APMC,1400,650,1030.0,Maharashtra,Local
2026-04-07,Onion,23,Pune,Local,Pune APMC,1300,500,900.0,Maharashtra,Local
2026-04-07,Onion,23,Nagpur,Local,Nagpur APMC,1200,1000,1150.0,Maharashtra,White
2026-04-08,Onion,23,Chattrapati Sambhajinagar,Local,Vaijpur APMC,1011,200,800.0,Maharashtra,Other
2026-04-08,Onion,23,Nashik,Local,Pimpalgaon Baswant(Saykheda) APMC,1151,581,1000.0,Maharashtra,Other
2026-04-08,Onion,23,Chattrapati Sambhajinagar,Local,Lasur Station APMC,1022,200,725.0,Maharashtra,Other
2026-04-08,Onion,23,Nagpur,Local,Hingna APMC,1600,900,1120.0,Maharashtra,Red
2026-04-08,Onion,23,Nashik,Local,Sinner APMC,1140,300,1000.0,Maharashtra,Other
2026-04-08,Onion,23,Nashik,Local,Dindori(Vani) APMC,1425,811,1211.0,Maharashtra,Other
2026-04-08,Onion,23,Pune,Local,Junnar(Narayangaon) APMC,1200,300,850.0,Maharashtra,Other
2026-04-08,Onion,23,Nashik,Local,"Shivsiddha Govind Producer Company Ltd Sanchalit Khajgi Krush Utpann Bajar, Samati-Nashik",1500,350,1220.0,Maharashtra,Other
2026-04-08,Onion,23,Akola,Local,Akola APMC,1000,400,700.0,Maharashtra,Other
2026-04-08,Onion,23,Satara,Local,Satara APMC,1300,700,1000.0,Maharashtra,Other
2026-04-08,Onion,23,Nashik,Local,Lasalgaon APMC,1500,500,1151.0,Maharashtra,Other
2026-04-08,Onion,23,Nashik,Local,Nandgaon APMC,1130,201,950.0,Maharashtra,Other
2026-04-08,Onion,23,Nashik,Local,Devala APMC,930,350,800.0,Maharashtra,Red
2026-04-08,Onion,23,Jalgaon,Local,Jalgaon APMC,1075,500,875.0,Maharashtra,Red
2026-04-08,Onion,23,Ahilyanagar,Local,Newasa(Ghodegaon) APMC,1200,300,800.0,Maharashtra,Red
2026-04-08,Onion,23,Chattrapati Sambhajinagar,Local,Vaijpur APMC,830,200,650.0,Maharashtra,Red
2026-04-08,Onion,23,Chattrapati Sambhajinagar,Local,Chattrapati Sambhajinagar APMC,900,600,750.0,Maharashtra,Other
2026-04-09,Onion,23,Nashik,Local,Lasalgaon(Vinchur) APMC,1252,500,1100.0,Maharashtra,Other
2026-04-09,Onion,23,Chattrapati Sambhajinagar,Local,Chattrapati Sambhajinagar APMC,950,300,625.0,Maharashtra,Other
2026-04-09,Onion,23,Solapur,Local,Solapur APMC,1300,100,600.0,Maharashtra,Red
2026-04-09,Onion,23,Nashik,Local,Dindori(Vani) APMC,1410,801,1225.0,Maharashtra,Other
2026-04-09,Onion,23,Nashik,Local,Lasalgaon(Niphad) APMC,898,421,800.0,Maharashtra,Red
2026-04-09,Onion,23,Nashik,Local,Kalvan APMC,1000,400,800.0,Maharashtra,Red
2026-04-09,Onion,23,Ahilyanagar,Local,Kopargaon APMC,981,400,875.0,Maharashtra,Red
2026-04-09,Onion,23,Chattrapati Sambhajinagar,Local,Lasur Station APMC,1025,200,700.0,Maharashtra,Other
2026-04-09,Onion,23,Pune,Local,Pune(Moshi) APMC,1000,300,650.0,Maharashtra,Local
2026-04-09,Onion,23,Pune,Local,Pune(Khadiki) APMC,1100,700,900.0,Maharashtra,Local
2026-04-09,Onion,23,Ahilyanagar,Local,Shevgaon APMC,800,500,700.0,Maharashtra,2nd Sort
2026-04-09,Onion,23,Ahilyanagar,Local,Rahuri(Vambori) APMC,1300,100,800.0,Maharashtra,Other
2026-04-09,Onion,23,Palghar,Local,Kalyan APMC,1400,1000,1200.0,Maharashtra,1st Sort
2026-04-09,Onion,23,Nashik,Local,Lasalgaon APMC,1505,400,1125.0,Maharashtra,Other
2026-04-09,Onion,23,Nagpur,Local,Nagpur APMC,1400,1000,1300.0,Maharashtra,White
2026-04-09,Onion,23,Palghar,Local,Kalyan APMC,1000,800,900.0,Maharashtra,2nd Sort
2026-04-10,Onion,23,Nashik,Local,Yeola APMC,916,140,750.0,Maharashtra,Red
2026-04-10,Onion,23,Nagpur,Local,Hingna APMC,1200,1200,1200.0,Maharashtra,Red
2026-04-10,Onion,23,Solapur,Local,Solapur APMC,1500,100,650.0,Maharashtra,Red
2026-04-10,Onion,23,Dharashiv,Local,Dharashiv APMC,1200,500,850.0,Maharashtra,Red
2026-04-10,Onion,23,Ahilyanagar,Local,Shrirampur APMC,1100,300,1050.0,Maharashtra,Other
2026-04-10,Onion,23,Nashik,Local,Lasalgaon(Niphad) APMC,1361,625,1230.0,Maharashtra,Other
2026-04-10,Onion,23,Nashik,Local,Pimpalgaon APMC,1015,300,900.0,Maharashtra,Pole
2026-04-10,Onion,23,Nashik,Local,Pimpalgaon Baswant(Saykheda) APMC,1201,411,1015.0,Maharashtra,Other
2026-04-10,Onion,23,Nashik,Local,Lasalgaon(Vinchur) APMC,960,300,800.0,Maharashtra,Red
2026-04-10,Onion,23,Nashik,Local,Nampur APMC,1225,255,1000.0,Maharashtra,Other
2026-04-10,Onion,23,Pune,Local,Khed(Chakan) APMC,1300,900,1100.0,Maharashtra,Other
2026-04-10,Onion,23,Pune,Local,Junnar(Alephata) APMC,1400,900,1150.0,Maharashtra,Other
2026-04-10,Onion,23,Nashik,Local,Kalvan APMC,1430,500,1050.0,Maharashtra,Other
2026-04-10,Onion,23,Sangli,Local,Islampur APMC,1300,900,1100.0,Maharashtra,Local
2026-04-10,Onion,23,Chattrapati Sambhajinagar,Local,Vaijpur APMC,1000,200,850.0,Maharashtra,Other
2026-04-10,Onion,23,Mumbai,Local,Mumbai-Onion & Potato Market APMC,1400,700,1050.0,Maharashtra,Other
2026-04-10,Onion,23,Nashik,Local,Lasalgaon(Vinchur) APMC,1201,500,1100.0,Maharashtra,Other
2026-04-11,Onion,23,Chattrapati Sambhajinagar,Local,Chattrapati Sambhajinagar APMC,1000,500,750.0,Maharashtra,Other
2026-04-11,Onion,23,Ahilyanagar,Local,Shevgaon APMC,1200,900,1050.0,Maharashtra,1st Sort
2026-04-11,Onion,23,Nashik,Local,Yeola APMC,1187,312,1000.0,Maharashtra,Other
2026-04-11,Onion,23,Nashik,Local,Lasalgaon APMC,1481,600,1100.0,Maharashtra,Other
2026-04-11,Onion,23,Pune,Local,Pune(Pimpri) APMC,1400,1000,1200.0,Maharashtra,Local
2026-04-11,Onion,23,Pune,Local,Pune(Manjri) APMC,1300,1000,1200.0,Maharashtra,Local
2026-04-11,Onion,23,Satara,Local,Vai APMC,1200,700,1000.0,Maharashtra,Local
2026-04-11,Onion,23,Nashik,Local,Lasalgaon APMC,900,400,775.0,Maharashtra,Red
2026-04-11,Onion,23,Satara,Local,Satara APMC,1500,1000,1250.0,Maharashtra,Other
2026-04-11,Onion,23,Mumbai,Local,Mumbai-Onion & Potato Market APMC,1500,800,1150.0,Maharashtra,Other
2026-04-12,Onion,23,Ahilyanagar,Local,Parner APMC,1300,200,950.0,Maharashtra,Other
2026-04-12,Onion,23,Ahilyanagar,Local,Akole APMC,1311,251,1011.0,Maharashtra,Other
2026-04-13,Onion,23,Nashik,Local,Chandvad APMC,990,300,730.0,Maharashtra,Red
2026-04-13,Onion,23,Nashik,Local,"Shivsiddha Govind Producer Company Ltd Sanchalit Khajgi Krush Utpann Bajar, Samati-Nashik",1725,400,1350.0,Maharashtra,Other
2026-04-13,Onion,23,Nashik,Local,Devala APMC,1425,400,1100.0,Maharashtra,Other
2026-04-14,Onion,23,Ahilyanagar,Local,Rahuri APMC,1200,100,650.0,Maharashtra,Other
2026-04-14,Onion,23,Satara,Local,Satara APMC,1300,700,1000.0,Maharashtra,Other
2026-04-14,Onion,23,Ahilyanagar,Local,"Omchatinya Multi State Agro Purpose Co-Op Society, Dist Ahilyanagar",1200,100,800.0,Maharashtra,Red
2026-04-14,Onion,23,Chattrapati Sambhajinagar,Local,Gangapur APMC,1030,305,750.0,Maharashtra,Other
2026-04-14,Onion,23,Pune,Local,Pune(Moshi) APMC,1200,500,850.0,Maharashtra,Local
2026-04-14,Onion,23,Pune,Local,Pune APMC,1200,400,800.0,Maharashtra,Local
2026-04-14,Onion,23,Satara,Local,Phaltan APMC,1050,300,700.0,Maharashtra,Hybrid
2026-04-14,Onion,23,Pune,Local,Manchar APMC,1300,900,1120.0,Maharashtra,Other
2026-04-14,Onion,23,Ahilyanagar,Local,Rahata APMC,1300,300,1000.0,Maharashtra,Other
2026-04-14,Onion,23,Nashik,Local,Lasalgaon APMC,970,300,800.0,Maharashtra,Red
2026-04-15,Onion,23,Nashik,Local,Devala APMC,800,300,700.0,Maharashtra,Red
2026-04-15,Onion,23,Nashik,Local,Lasalgaon APMC,791,301,651.0,Maharashtra,Red
2026-04-15,Onion,23,Nashik,Local,Yeola APMC,1170,200,850.0,Maharashtra,Other
2026-04-15,Onion,23,Palghar,Local,Kalyan APMC,1000,900,950.0,Maharashtra,2nd Sort
2026-04-15,Onion,23,Dharashiv,Local,Dharashiv APMC,700,300,500.0,Maharashtra,Red
2026-04-15,Onion,23,Sangli,Local,"Sangli(Phale, Bhajipala Market) APMC",1400,400,900.0,Maharashtra,Local
2026-04-15,Onion,23,Amarawati,Local,Amrawati(Frui & Veg. Market) APMC,1600,400,1000.0,Maharashtra,Red
2026-04-15,Onion,23,Ahilyanagar,Local,Sangamner APMC,1331,200,766.0,Maharashtra,Other
2026-04-15,Onion,23,Dhule,Local,Dhule APMC,920,300,800.0,Maharashtra,Red
2026-04-15,Onion,23,Mumbai,Local,Mumbai-Onion & Potato Market APMC,1400,800,1100.0,Maharashtra,Other
2026-04-15,Onion,23,Nashik,Local,Lasalgaon APMC,1500,500,1100.0,Maharashtra,Other
2026-04-15,Onion,23,Ahilyanagar,Local,Pathardi APMC,1300,100,700.0,Maharashtra,Red
2026-04-15,Onion,23,Kolhapur,Local,Vadgaonpeth APMC,1400,1000,1200.0,Maharashtra,Local
2026-04-15,Onion,23,Nashik,Local,Manmad APMC,785,200,650.0,Maharashtra,Red
2026-04-15,Onion,23,Kolhapur,Local,Kolhapur APMC,1300,500,900.0,Maharashtra,Other
2026-04-15,Onion,23,Akola,Local,Akola APMC,1100,400,800.0,Maharashtra,Other
2026-04-16,Onion,23,Chattrapati Sambhajinagar,Local,Vaijpur APMC,878,200,750.0,Maharashtra,Other
2026-04-16,Onion,23,Nashik,Local,"Shri Rameshwar Krushi Market, M.Nagar, Tal Deola, Dist Nashik",603,250,389.52,Maharashtra,Red
2026-04-16,Onion,23,Nashik,Local,Dindori(Vani) APMC,1571,801,1271.0,Maharashtra,Other
2026-04-16,Onion,23,Nashik,Local,Manmad APMC,800,200,650.0,Maharashtra,Red
2026-04-16,Onion,23,Jalgaon,Local,Bhusaval APMC,1000,500,800.0,Maharashtra,Other
2026-04-16,Onion,23,Chattrapati Sambhajinagar,Local,Vaijpur APMC,554,100,350.0,Maharashtra,Red
2026-04-16,Onion,23,Pune,Local,Khed(Chakan) APMC,1300,900,1100.0,Maharashtra,Other
2026-04-16,Onion,23,Ahilyanagar,Local,Sangamner APMC,1301,200,750.0,Maharashtra,Other
2026-04-16,Onion,23,Nashik,Local,Lasalgaon(Vinchur) APMC,1552,500,1075.0,Maharashtra,Other
2026-04-16,Onion,23,Chandrapur,Local,Chandrapur(Ganjwad) APMC,1500,1100,1300.0,Maharashtra,Other
2026-04-16,Onion,23,Nashik,Local,Lasalgaon APMC,1501,500,1080.0,Maharashtra,Other
2026-04-16,Onion,23,Ahilyanagar,Local,Shevgaon APMC,1000,700,900.0,Maharashtra,1st Sort
2026-04-16,Onion,23,Pune,Local,Junnar APMC,1200,600,900.0,Maharashtra,Other
2026-04-16,Onion,23,Nashik,Local,Devala APMC,725,250,650.0,Maharashtra,Red
2026-04-16,Onion,23,Sangli,Local,"Sangli(Phale, Bhajipala Market) APMC",1400,400,900.0,Maharashtra,Local
2026-04-17,Onion,23,Pune,Local,Khed(Chakan) APMC,1300,900,1100.0,Maharashtra,Other
2026-04-17,Onion,23,Nashik,Local,Lasalgaon(Niphad) APMC,953,500,825.0,Maharashtra,Other
2026-04-17,Onion,23,Nashik,Local,Lasalgaon(Vinchur) APMC,1215,500,950.0,Maharashtra,Other
2026-04-17,Onion,23,Chattrapati Sambhajinagar,Local,Vaijpur APMC,905,208,750.0,Maharashtra,Other
2026-04-17,Onion,23,Nashik,Local,Devala APMC,1300,300,1000.0,Maharashtra,Other
2026-04-17,Onion,23,Ahilyanagar,Local,Shrirampur APMC,1300,500,1000.0,Maharashtra,Other
2026-04-17,Onion,23,Nashik,Local,Pimpalgaon APMC,1700,300,1150.0,Maharashtra,Other
2026-04-17,Onion,23,Jalgaon,Local,Jalgaon APMC,900,100,500.0,Maharashtra,Red
2026-04-17,Onion,23,Satara,Local,Vai APMC,1200,500,800.0,Maharashtra,Local
2026-04-17,Onion,23,Nashik,Local,Nandgaon APMC,680,100,550.0,Maharashtra,Red
2026-04-17,Onion,23,Solapur,Local,Solapur APMC,1350,100,500.0,Maharashtra,Red
2026-04-17,Onion,23,Nagpur,Local,Kamthi APMC,2030,1530,1780.0,Maharashtra,Local
2026-04-18,Onion,23,Satara,Local,Vaduj APMC,1000,500,800.0,Maharashtra,Local
2026-04-18,Onion,23,Satara,Local,Satara APMC,1300,700,1000.0,Maharashtra,Other
2026-04-18,Onion,23,Kolhapur,Local,Kolhapur APMC,1300,500,900.0,Maharashtra,Other
2026-04-18,Onion,23,Kolhapur,Local,Vadgaonpeth APMC,1400,900,1100.0,Maharashtra,Local
2026-04-18,Onion,23,Satara,Local,Karad APMC,1000,500,1000.0,Maharashtra,Other
2026-04-18,Onion,23,Pune,Local,Pune(Manjri) APMC,900,500,800.0,Maharashtra,Local
2026-04-18,Onion,23,Chattrapati Sambhajinagar,Local,Chattrapati Sambhajinagar APMC,975,450,713.0,Maharashtra,Other
2026-04-19,Onion,23,Satara,Local,Satara APMC,1300,700,1000.0,Maharashtra,Other
2026-04-19,Onion,23,Chattrapati Sambhajinagar,Local,Paithan APMC,900,100,700.0,Maharashtra,Other
2026-04-19,Onion,23,Dharashiv,Local,Paranda APMC,1050,200,600.0,Maharashtra,Red
2026-04-19,Onion,23,Pune,Local,Junnar APMC,1200,300,750.0,Maharashtra,Other
2026-04-19,Onion,23,Satara,Local,Vai APMC,1200,500,900.0,Maharashtra,Local
2026-04-19,Onion,23,Nagpur,Local,Kamthi APMC,2020,1520,1770.0,Maharashtra,Local
2026-04-20,Onion,23,Chattrapati Sambhajinagar,Local,Chattrapati Sambhajinagar APMC,700,300,500.0,Maharashtra,Other
2026-04-20,Onion,23,Mumbai,Local,Mumbai-Onion & Potato Market APMC,1200,600,900.0,Maharashtra,Other
2026-04-20,Onion,23,Satara,Local,Satara APMC,1300,700,1000.0,Maharashtra,Other
2026-04-20,Onion,23,Nashik,Local,Dindori(Vani) APMC,1471,651,1071.0,Maharashtra,Other
2026-04-20,Onion,23,Solapur,Local,Mangal Wedha APMC,1100,100,700.0,Maharashtra,Local
2026-04-20,Onion,23,Ahilyanagar,Local,Shevgaon APMC,500,300,425.0,Maharashtra,2nd Sort
2026-04-20,Onion,23,Pune,Local,Pune APMC,1100,400,750.0,Maharashtra,Local
2026-04-20,Onion,23,Pune,Local,Pune(Khadiki) APMC,1100,600,850.0,Maharashtra,Local
2026-04-20,Onion,23,Satara,Local,Lonand APMC,1050,400,850.0,Maharashtra,Other
2026-04-20,Onion,23,Nagpur,Local,Hingna APMC,1700,1100,1500.0,Maharashtra,Red
2026-04-20,Onion,23,Ahilyanagar,Local,Sangamner APMC,1251,200,726.0,Maharashtra,Other
2026-04-20,Onion,23,Ahilyanagar,Local,Rahuri(Vambori) APMC,1200,100,750.0,Maharashtra,Other
2026-04-21,Onion,23,Dharashiv,Local,Dharashiv APMC,800,200,500.0,Maharashtra,Red
2026-04-21,Onion,23,Satara,Local,Karad APMC,1200,200,1200.0,Maharashtra,Other
2026-04-21,Onion,23,Dhule,Local,Dhule APMC,900,300,750.0,Maharashtra,Red
2026-04-21,Onion,23,Jalgaon,Local,Yawal APMC,1280,910,1180.0,Maharashtra,Red
2026-04-21,Onion,23,Solapur,Local,Solapur APMC,1400,100,500.0,Maharashtra,Red
2026-04-21,Onion,23,Dharashiv,Local,Paranda APMC,1000,200,550.0,Maharashtra,Red
2026-04-21,Onion,23,Nashik,Local,Dindori(Vani) APMC,1641,801,1221.0,Maharashtra,Other
2026-04-21,Onion,23,Nashik,Local,Pimpalgaon APMC,1799,300,1075.0,Maharashtra,Other
2026-04-21,Onion,23,Kolhapur,Local,Kolhapur APMC,1200,500,800.0,Maharashtra,Other
2026-04-21,Onion,23,Pune,Local,Pune(Moshi) APMC,1000,500,750.0,Maharashtra,Local
2026-04-21,Onion,23,Pune,Local,Pune APMC,1100,400,700.0,Maharashtra,Local
2026-04-21,Onion,23,Ahilyanagar,Local,Kopargaon APMC,1035,300,700.0,Maharashtra,Other
2026-04-21,Onion,23,Nashik,Local,Umrane APMC,1376,500,950.0,Maharashtra,Other
2026-04-22,Onion,23,Nashik,Local,"Shivsiddha Govind Producer Company Ltd Sanchalit Khajgi Krush Utpann Bajar, Samati-Nashik",1751,200,1275.0,Maharashtra,Other
2026-04-22,Onion,23,Palghar,Local,Kalyan APMC,1300,1000,1200.0,Maharashtra,1st Sort
2026-04-22,Onion,23,Nagpur,Local,Hingna APMC,1500,1200,1433.0,Maharashtra,Red
2026-04-22,Onion,23,Pune,Local,Pune(Manjri) APMC,900,500,700.0,Maharashtra,Local
2026-04-22,Onion,23,Nashik,Local,Pimpalgaon Baswant(Saykheda) APMC,1100,500,850.0,Maharashtra,Other
2026-04-22,Onion,23,Nashik,Local,Chandvad APMC,1690,151,1050.0,Maharashtra,Other
2026-04-22,Onion,23,Mumbai,Local,Mumbai-Onion & Potato Market APMC,1400,700,1050.0,Maharashtra,Other
2026-04-22,Onion,23,Nashik,Local,Lasalgaon(Niphad) APMC,1314,400,925.0,Maharashtra,Other
2026-04-22,Onion,23,Ahilyanagar,Local,Sangamner APMC,1301,151,726.0,Maharashtra,Other
2026-04-22,Onion,23,Nashik,Local,Nampur APMC,950,100,600.0,Maharashtra,Other
2026-04-22,Onion,23,Nagpur,Local,Kamthi APMC,2020,1520,1770.0,Maharashtra,Local
2026-04-22,Onion,23,Satara,Local,Vai APMC,1200,500,900.0,Maharashtra,Local
2026-04-22,Onion,23,Nashik,Local,Manmad APMC,1300,400,1000.0,Maharashtra,Other
2026-04-23,Onion,23,Nashik,Local,"Malharshree Khajgi Krushi Utpann Bajar, Chandanpuri Tal Malegaon, Nashik",941,210,751.0,Maharashtra,Other
2026-04-23,Onion,23,Ahilyanagar,Local,Sangamner APMC,1280,200,740.0,Maharashtra,Other
2026-04-23,Onion,23,Nashik,Local,"Shri Rameshwar Krushi Market, M.Nagar, Tal Deola, Dist Nashik",1201,151,664.41,Maharashtra,Other
2026-04-23,Onion,23,Satara,Local,Lonand APMC,900,250,650.0,Maharashtra,Other
2026-04-23,Onion,23,Nashik,Local,Sinner APMC,1165,200,800.0,Maharashtra,Other
2026-04-23,Onion,23,Palghar,Local,Kalyan APMC,1300,1000,1150.0,Maharashtra,1st Sort
2026-04-23,Onion,23,Pune,Local,Pune(Moshi) APMC,1000,300,650.0,Maharashtra,Local
2026-04-23,Onion,23,Nashik,Local,Nasik APMC,1100,230,700.0,Maharashtra,Other
2026-04-23,Onion,23,Dharashiv,Local,Dharashiv APMC,800,400,600.0,Maharashtra,Red
2026-04-23,Onion,23,Ahilyanagar,Local,Shrigonda APMC,800,200,500.0,Maharashtra,Other
2026-04-23,Onion,23,Pune,Local,Junnar APMC,1200,400,700.0,Maharashtra,Other
2026-04-23,Onion,23,Ahilyanagar,Local,Shevgaon APMC,500,300,400.0,Maharashtra,2nd Sort
2026-04-24,Onion,23,Ahilyanagar,Local,"Omchatinya Multi State Agro Purpose Co-Op Society, Dist Ahilyanagar",1100,100,600.0,Maharashtra,Other
2026-04-24,Onion,23,Pune,Local,Pune(Manjri) APMC,1100,600,800.0,Maharashtra,Local
2026-04-24,Onion,23,Akola,Local,Akola APMC,1000,400,700.0,Maharashtra,Other
2026-04-24,Onion,23,Nashik,Local,Nasik APMC,1201,300,750.0,Maharashtra,Other
2026-04-24,Onion,23,Jalgaon,Local,Jalgaon APMC,975,300,625.0,Maharashtra,Red
2026-04-24,Onion,23,Pune,Local,Junnar(Narayangaon) APMC,1100,200,600.0,Maharashtra,Other
2026-04-24,Onion,23,Nashik,Local,Lasalgaon APMC,1501,400,1000.0,Maharashtra,Other
2026-04-25,Onion,23,Chattrapati Sambhajinagar,Local,Vaijpur APMC,800,350,600.0,Maharashtra,Other
2026-04-25,Onion,23,Nashik,Local,Lasalgaon(Vinchur) APMC,1601,500,1000.0,Maharashtra,Other
2026-04-25,Onion,23,Satara,Local,Vaduj APMC,1100,400,800.0,Maharashtra,Local
2026-04-25,Onion,23,Jalgaon,Local,Yawal APMC,1290,940,1160.0,Maharashtra,Red
2026-04-25,Onion,23,Dhule,Local,Dhule APMC,910,450,700.0,Maharashtra,Red
2026-04-25,Onion,23,Mumbai,Local,Mumbai-Onion & Potato Market APMC,1200,600,900.0,Maharashtra,Other
2026-04-25,Onion,23,Nashik,Local,Yeola APMC,1261,100,750.0,Maharashtra,Other
2026-04-25,Onion,23,Jalgaon,Local,Bhusaval APMC,1000,500,800.0,Maharashtra,Other
2026-04-25,Onion,23,Nagpur,Local,Nagpur APMC,1100,800,1025.0,Maharashtra,White
2026-04-26,Onion,23,Nagpur,Local,Ramtek APMC,1500,1100,1300.0,Maharashtra,Other
2026-04-26,Onion,23,Dharashiv,Local,Paranda APMC,1050,100,650.0,Maharashtra,Red
2026-04-26,Onion,23,Satara,Local,Vaduj APMC,800,100,500.0,Maharashtra,Local
2026-04-26,Onion,23,Pune,Local,Junnar(Narayangaon) APMC,1100,300,700.0,Maharashtra,Other
2026-04-26,Onion,23,Pune,Local,Junnar(Alephata) APMC,1300,600,1000.0,Maharashtra,Other
2026-04-26,Onion,23,Chattrapati Sambhajinagar,Local,Chattrapati Sambhajinagar APMC,750,200,475.0,Maharashtra,Other
2026-04-26,Onion,23,Nagpur,Local,Kamthi APMC,2020,1520,1770.0,Maharashtra,Local
2026-04-27,Onion,23,Satara,Local,Vaduj APMC,900,100,500.0,Maharashtra,Local
2026-04-27,Onion,23,Nashik,Local,Pimpalgaon APMC,2004,300,1150.0,Maharashtra,Other
2026-04-27,Onion,23,Nashik,Local,Sinner APMC,1267,200,900.0,Maharashtra,Other
2026-04-27,Onion,23,Pune,Local,Pune(Moshi) APMC,1000,400,700.0,Maharashtra,Local
2026-04-27,Onion,23,Ahilyanagar,Local,Sangamner APMC,1376,200,788.0,Maharashtra,Other
2026-04-27,Onion,23,Nashik,Local,Manmad APMC,391,301,350.0,Maharashtra,Red
2026-04-27,Onion,23,Nashik,Local,Nandgaon APMC,402,280,280.0,Maharashtra,Red
2026-04-27,Onion,23,Nashik,Local,Devala APMC,1380,350,1050.0,Maharashtra,Other
2026-04-27,Onion,23,Chattrapati Sambhajinagar,Local,Vaijpur APMC,890,120,600.0,Maharashtra,Other
2026-04-28,Onion,23,Chattrapati Sambhajinagar,Local,Vaijpur APMC,1025,140,800.0,Maharashtra,Other
2026-04-28,Onion,23,Pune,Local,Khed(Chakan) APMC,1000,500,800.0,Maharashtra,Other
2026-04-28,Onion,23,Nagpur,Local,Nagpur APMC,1200,1000,1150.0,Maharashtra,Red
2026-04-28,Onion,23,Jalgaon,Local,Jalgaon APMC,1000,375,700.0,Maharashtra,Red
2026-04-28,Onion,23,Nagpur,Local,Hingna APMC,1500,1100,1233.0,Maharashtra,Red
2026-04-28,Onion,23,Nashik,Local,"Malharshree Khajgi Krushi Utpann Bajar, Chandanpuri Tal Malegaon, Nashik",1083,295,863.0,Maharashtra,Other
2026-04-28,Onion,23,Palghar,Local,Kalyan APMC,800,500,650.0,Maharashtra,2nd Sort
2026-04-28,Onion,23,Ahilyanagar,Local,Kopargaon APMC,1131,300,850.0,Maharashtra,Other
2026-04-28,Onion,23,Nashik,Local,Pimpalgaon APMC,2041,300,1200.0,Maharashtra,Other
2026-04-28,Onion,23,Ahilyanagar,Local,Rahuri APMC,1300,100,700.0,Maharashtra,Other
2026-04-28,Onion,23,Chattrapati Sambhajinagar,Local,Lasur Station APMC,1000,120,575.0,Maharashtra,Other
2026-04-28,Onion,23,Ahilyanagar,Local,Akole APMC,1255,250,1011.0,Maharashtra,Other
2026-04-28,Onion,23,Chattrapati Sambhajinagar,Local,Gangapur APMC,1060,125,725.0,Maharashtra,Other
2026-04-28,Onion,23,Kolhapur,Local,Vadgaonpeth APMC,1300,900,1100.0,Maharashtra,Local
2026-04-28,Onion,23,Nashik,Local,Chandvad APMC,1620,100,1000.0,Maharashtra,Other
2026-04-28,Onion,23,Satara,Local,Vaduj APMC,1000,100,500.0,Maharashtra,Local
2026-04-28,Onion,23,Sangli,Local,"Sangli(Phale, Bhajipala Market) APMC",1550,300,925.0,Maharashtra,Local
2026-04-28,Onion,23,Pune,Local,Pune(Manjri) APMC,1000,500,700.0,Maharashtra,Local
2026-04-28,Onion,23,Ahilyanagar,Local,"Omchatinya Multi State Agro Purpose Co-Op Society, Dist Ahilyanagar",1200,100,700.0,Maharashtra,Red
2026-04-28,Onion,23,Nashik,Local,Devala APMC,1605,350,1100.0,Maharashtra,Other
2026-04-28,Onion,23,Nashik,Local,Satana APMC,1650,125,1000.0,Maharashtra,Other
2026-04-28,Onion,23,Nashik,Local,Nampur APMC,1160,150,800.0,Maharashtra,Other
2026-04-28,Onion,23,Dhule,Local,Dhule APMC,880,200,690.0,Maharashtra,Red
2026-04-29,Onion,23,Satara,Local,Vaduj APMC,1200,100,800.0,Maharashtra,Local
2026-04-29,Onion,23,Nagpur,Local,Hingna APMC,1500,1100,1233.0,Maharashtra,Red
2026-04-29,Onion,23,Ahilyanagar,Local,Sangamner APMC,1460,200,830.0,Maharashtra,Other
2026-04-29,Onion,23,Nagpur,Local,Nagpur APMC,1200,1000,1150.0,Maharashtra,Red
2026-04-29,Onion,23,Ahilyanagar,Local,"Shree Sairaj Krushi Market, Dist Ahilyanagar",1400,200,800.0,Maharashtra,Local
2026-04-29,Onion,23,Kolhapur,Local,Kolhapur APMC,1400,500,1000.0,Maharashtra,Other
2026-04-29,Onion,23,Nashik,Local,Lasalgaon(Vinchur) APMC,1552,500,1000.0,Maharashtra,Other
2026-04-29,Onion,23,Ahilyanagar,Local,Shrigonda APMC,1000,300,700.0,Maharashtra,Other
2026-04-29,Onion,23,Nashik,Local,Pimpalgaon APMC,2030,300,1230.0,Maharashtra,Other
2026-04-29,Onion,23,Dharashiv,Local,Paranda APMC,1100,100,600.0,Maharashtra,Red
2026-04-29,Onion,23,Palghar,Local,Kalyan APMC,1200,1000,1100.0,Maharashtra,1st Sort
2026-04-29,Onion,23,Ahilyanagar,Local,Pathardi APMC,750,100,450.0,Maharashtra,Red
2026-04-29,Onion,23,Solapur,Local,Barshi APMC,500,100,350.0,Maharashtra,Other
2026-04-30,Onion,23,Chattrapati Sambhajinagar,Local,Lasur Station APMC,1103,100,675.0,Maharashtra,Other
2026-04-30,Onion,23,Kolhapur,Local,Kolhapur APMC,1500,500,1000.0,Maharashtra,Other
2026-04-30,Onion,23,Ahilyanagar,Local,Ahilyanagar APMC,1200,200,750.0,Maharashtra,Other
2026-04-30,Onion,23,Nashik,Local,Lasalgaon APMC,1600,500,1180.0,Maharashtra,Other
2026-04-30,Onion,23,Nashik,Local,Nampur APMC,995,100,600.0,Maharashtra,Other
2026-04-30,Onion,23,Sangli,Local,"Sangli(Phale, Bhajipala Market) APMC",1500,400,950.0,Maharashtra,Local
2026-04-30,Onion,23,Nashik,Local,Sinner APMC,1200,200,800.0,Maharashtra,Other
2026-04-30,Onion,23,Chandrapur,Local,Chandrapur(Ganjwad) APMC,1500,1200,1300.0,Maharashtra,Other
2026-04-30,Onion,23,Nashik,Local,Pimpalgaon APMC,2102,300,1250.0,Maharashtra,Other
2026-04-30,Onion,23,Nashik,Local,Manmad APMC,1375,500,1100.0,Maharashtra,Red
2026-04-30,Onion,23,Chattrapati Sambhajinagar,Local,Paithan APMC,820,555,695.0,Maharashtra,Other
2026-05-02,Onion,23,Nashik,Local,Lasalgaon APMC,1625,400,1130.0,Maharashtra,Other
2026-05-02,Onion,23,Chattrapati Sambhajinagar,Local,Chattrapati Sambhajinagar APMC,600,200,400.0,Maharashtra,Other
2026-05-02,Onion,23,Chandrapur,Local,Chandrapur(Ganjwad) APMC,1500,1300,1400.0,Maharashtra,Other
2026-05-02,Onion,23,Ahilyanagar,Local,Ahilyanagar APMC,1300,200,800.0,Maharashtra,Other
2026-05-02,Onion,23,Ahilyanagar,Local,Rahuri(Vambori) APMC,1300,100,800.0,Maharashtra,Other
2026-05-03,Onion,23,Ahilyanagar,Local,Akole APMC,1301,200,1051.0,Maharashtra,Other
2026-05-04,Onion,23,Mumbai,Local,Mumbai-Onion & Potato Market APMC,1500,800,1150.0,Maharashtra,Other
2026-05-04,Onion,23,Nashik,Local,Lasalgaon(Vinchur) APMC,1550,500,1100.0,Maharashtra,Other
2026-05-04,Onion,23,Chattrapati Sambhajinagar,Local,Lasur Station APMC,1150,150,680.0,Maharashtra,Other
2026-05-04,Onion,23,Kolhapur,Local,Kolhapur APMC,1500,500,1000.0,Maharashtra,Other
2026-05-04,Onion,23,Nashik,Local,Nampur APMC,1555,150,800.0,Maharashtra,Other
2026-05-04,Onion,23,Ahilyanagar,Local,Shevgaon APMC,900,700,775.0,Maharashtra,1st Sort
2026-05-04,Onion,23,Nashik,Local,Pimpalgaon Baswant(Saykheda) APMC,1451,600,975.0,Maharashtra,Other
2026-05-05,Onion,23,Nashik,Local,Dindori APMC,1600,900,1250.0,Maharashtra,Other
2026-05-05,Onion,23,Nashik,Local,Dindori(Vani) APMC,2041,801,1551.0,Maharashtra,Other
2026-05-05,Onion,23,Satara,Local,Satara APMC,1300,700,1000.0,Maharashtra,Other
2026-05-05,Onion,23,Chandrapur,Local,Chandrapur(Ganjwad) APMC,1500,1300,1400.0,Maharashtra,Other
2026-05-06,Onion,23,Palghar,Local,Kalyan APMC,1000,600,800.0,Maharashtra,2nd Sort
2026-05-06,Onion,23,Pune,Local,Khed(Chakan) APMC,1300,800,1000.0,Maharashtra,Other
2026-05-06,Onion,23,Chattrapati Sambhajinagar,Local,Chattrapati Sambhajinagar APMC,700,150,425.0,Maharashtra,Other
2026-05-07,Onion,23,Akola,Local,Akola APMC,1300,400,900.0,Maharashtra,Other
2026-05-07,Onion,23,Chattrapati Sambhajinagar,Local,Chattrapati Sambhajinagar APMC,1000,170,585.0,Maharashtra,Other
2026-05-07,Onion,23,Chandrapur,Local,Chandrapur(Ganjwad) APMC,1750,1300,1500.0,Maharashtra,Other
2026-05-07,Onion,23,Nashik,Local,"Shivsiddha Govind Producer Company Ltd Sanchalit Khajgi Krush Utpann Bajar, Samati-Nashik",2001,300,1290.0,Maharashtra,Other
2026-05-08,Onion,23,Chandrapur,Local,Chandrapur(Ganjwad) APMC,1600,1300,1500.0,Maharashtra,Other
2026-05-08,Onion,23,Solapur,Local,Akluj APMC,1100,200,700.0,Maharashtra,Other
2026-05-08,Onion,23,Akola,Local,Akola APMC,1200,400,800.0,Maharashtra,Other
2026-05-08,Onion,23,Kolhapur,Local,Kolhapur APMC,1400,500,1000.0,Maharashtra,Other
2026-05-09,Onion,23,Akola,Local,Akola APMC,1300,500,900.0,Maharashtra,Other
2026-05-09,Onion,23,Solapur,Local,"Laxmi-Sopan Agriculture Produce Marketing Co Ltd, Barshi, Dist Solapur",1000,400,700.0,Maharashtra,Other
2026-05-10,Onion,23,Ahilyanagar,Local,Rahata APMC,1400,400,600.0,Maharashtra,Other
2026-05-11,Onion,23,Kolhapur,Local,Kolhapur APMC,1500,500,1000.0,Maharashtra,Other
2026-05-11,Onion,23,Akola,Local,Akola APMC,1300,300,800.0,Maharashtra,Other
2026-05-11,Onion,23,Ahilyanagar,Local,Shevgaon APMC,600,400,550.0,Maharashtra,2nd Sort
2026-05-11,Onion,23,Ahilyanagar,Local,Akole APMC,1211,200,1011.0,Maharashtra,Other
2026-05-11,Onion,23,Nagpur,Local,Nagpur APMC,1400,1200,1350.0,Maharashtra,White
2026-05-11,Onion,23,Nashik,Local,"Shivsiddha Govind Producer Company Ltd Sanchalit Khajgi Krush Utpann Bajar, Samati-Nashik",2000,200,1230.0,Maharashtra,Other
2026-05-12,Onion,23,Akola,Local,Akola APMC,1300,300,800.0,Maharashtra,Other
2026-05-12,Onion,23,Sangli,Local,Vita APMC,1200,800,1000.0,Maharashtra,Other
2026-05-13,Onion,23,Chattrapati Sambhajinagar,Local,Chattrapati Sambhajinagar APMC,700,200,450.0,Maharashtra,Other
2026-05-13,Onion,23,Nagpur,Local,Nagpur APMC,1400,800,1250.0,Maharashtra,White
2026-05-13,Onion,23,Amarawati,Local,Amrawati(Frui & Veg. Market) APMC,1600,400,1000.0,Maharashtra,Local
2026-05-14,Onion,23,Ahilyanagar,Local,Shevgaon APMC,600,400,520.0,Maharashtra,2nd Sort
2026-05-14,Onion,23,Pune,Local,Pune(Manjri) APMC,1100,600,900.0,Maharashtra,Local
2026-05-14,Onion,23,Ahilyanagar,Local,Sangamner APMC,1355,200,728.0,Maharashtra,Unhali
2026-05-14,Onion,23,Pune,Local,Manchar APMC,1350,950,1155.0,Maharashtra,Other
2026-05-14,Onion,23,Nashik,Local,Dindori(Vani) APMC,2071,701,1361.0,Maharashtra,Unhali
2026-05-14,Onion,23,Pune,Local,Khed(Chakan) APMC,1200,800,1000.0,Maharashtra,Other
2026-05-14,Onion,23,Nashik,Local,Nasik APMC,1350,370,850.0,Maharashtra,Unhali
2026-05-14,Onion,23,Dhule,Local,Sakri APMC,1100,400,950.0,Maharashtra,Unhali
2026-05-14,Onion,23,Akola,Local,Akola APMC,1300,300,800.0,Maharashtra,Other
2026-05-15,Onion,23,Palghar,Local,Kalyan APMC,1300,1200,1250.0,Maharashtra,1st Sort
2026-05-15,Onion,23,Nandurbar,Local,Navapur APMC,1000,300,975.0,Maharashtra,Other
2026-05-15,Onion,23,Ahilyanagar,Local,Karjat APMC,600,600,600.0,Maharashtra,Local
2026-05-15,Onion,23,Mumbai,Local,Mumbai-Onion & Potato Market APMC,1700,900,1300.0,Maharashtra,Other
2026-05-15,Onion,23,Kolhapur,Local,Kolhapur APMC,1400,500,1000.0,Maharashtra,Other
2026-05-15,Onion,23,Chandrapur,Local,Chandrapur(Ganjwad) APMC,1800,1300,1500.0,Maharashtra,Other
2026-05-15,Onion,23,Ahilyanagar,Local,Rahata APMC,1400,400,600.0,Maharashtra,Other
2026-05-15,Onion,23,Nashik,Local,Yeola APMC,1201,160,850.0,Maharashtra,Unhali
2026-05-16,Onion,23,Nashik,Local,Pimpalgaon Baswant(Saykheda) APMC,905,500,800.0,Maharashtra,Unhali
2026-05-16,Onion,23,Satara,Local,Satara APMC,1300,700,1000.0,Maharashtra,Other
2026-05-16,Onion,23,Mumbai,Local,Mumbai-Onion & Potato Market APMC,1600,700,1150.0,Maharashtra,Other
2026-05-17,Onion,23,Ahilyanagar,Local,Akole APMC,1201,150,951.0,Maharashtra,Unhali
2026-05-17,Onion,23,Ahilyanagar,Local,Shrigonda APMC,1100,400,800.0,Maharashtra,Other
2026-05-17,Onion,23,Satara,Local,Vai APMC,1100,700,900.0,Maharashtra,Local
2026-05-17,Onion,23,Satara,Local,Satara APMC,1200,700,950.0,Maharashtra,Other
2026-05-18,Onion,23,Ahilyanagar,Local,Kopargaon APMC,1200,250,850.0,Maharashtra,Unhali
2026-05-18,Onion,23,Nashik,Local,Pimpalgaon Baswant APMC,2267,300,1150.0,Maharashtra,Unhali
2026-05-18,Onion,23,Nashik,Local,Lasalgaon(Vinchur) APMC,1611,500,1000.0,Maharashtra,Unhali
2026-05-18,Onion,23,Ahilyanagar,Local,Ahilyanagar APMC,1200,150,700.0,Maharashtra,Unhali
2026-05-18,Onion,23,Nashik,Local,Pimpalgaon Baswant(Saykheda) APMC,1000,450,850.0,Maharashtra,Unhali
2026-05-18,Onion,23,Nashik,Local,Dindori(Vani) APMC,2111,721,1421.0,Maharashtra,Unhali
2026-05-18,Onion,23,Dhule,Local,Sakri APMC,1325,150,850.0,Maharashtra,Unhali
2026-05-18,Onion,23,Nashik,Local,Sinner APMC,1171,100,800.0,Maharashtra,Unhali
2026-05-18,Onion,23,Chattrapati Sambhajinagar,Local,Lasur Station APMC,1190,100,575.0,Maharashtra,Other
2026-05-18,Onion,23,Pune,Local,Pune(Moshi) APMC,1000,400,700.0,Maharashtra,Local
2026-05-18,Onion,23,Chandrapur,Local,Chandrapur(Ganjwad) APMC,1800,1300,1500.0,Maharashtra,Other
2026-05-18,Onion,23,Sangli,Local,"Sangli(Phale, Bhajipala Market) APMC",1500,400,950.0,Maharashtra,Local
2026-05-19,Onion,23,Chattrapati Sambhajinagar,Local,Vaijpur APMC,986,167,700.0,Maharashtra,Unhali
2026-05-19,Onion,23,Nashik,Local,Dindori APMC,1500,800,1150.0,Maharashtra,Unhali
2026-05-19,Onion,23,Nashik,Local,AGRICULTURE PRODUCE MARKET COMITEE CHANDWAD,1875,195,1150.0,Maharashtra,Unhali
2026-05-19,Onion,23,Chandrapur,Local,Chandrapur(Ganjwad) APMC,2000,1100,1500.0,Maharashtra,Other
2026-05-19,Onion,23,Sangli,Local,"Sangli(Phale, Bhajipala Market) APMC",1450,400,925.0,Maharashtra,Local
2026-05-19,Onion,23,Nagpur,Local,Nagpur APMC,1400,1000,1300.0,Maharashtra,White
2026-05-19,Onion,23,Jalgaon,Local,Bhusaval APMC,1000,500,800.0,Maharashtra,Unhali
2026-05-19,Onion,23,Nashik,Local,Nasik APMC,1201,270,750.0,Maharashtra,Unhali
2026-05-19,Onion,23,Satara,Local,Vai APMC,1100,700,900.0,Maharashtra,Local
2026-05-19,Onion,23,Nagpur,Local,Kamthi APMC,2040,1540,1790.0,Maharashtra,Local
2026-05-20,Onion,23,Amarawati,Local,Amrawati(Frui & Veg. Market) APMC,1300,500,900.0,Maharashtra,Local
2026-05-20,Onion,23,Nashik,Local,Satana APMC,1800,100,950.0,Maharashtra,Unhali
2026-05-20,Onion,23,Ahilyanagar,Local,Sangamner APMC,1361,200,781.0,Maharashtra,Unhali
2026-05-20,Onion,23,Ahilyanagar,Local,Shrirampur APMC,1200,400,850.0,Maharashtra,Unhali
2026-05-20,Onion,23,Nashik,Local,Manmad APMC,1333,100,980.0,Maharashtra,Unhali
2026-05-20,Onion,23,Akola,Local,Akola APMC,1100,300,600.0,Maharashtra,Other
2026-05-20,Onion,23,Nashik,Local,Nampur APMC,1210,200,800.0,Maharashtra,Unhali
2026-05-21,Onion,23,Ahilyanagar,Local,Newasa APMC,1000,300,800.0,Maharashtra,Unhali
2026-05-21,Onion,23,Nashik,Local,Sinner APMC,1350,200,900.0,Maharashtra,Unhali
2026-05-21,Onion,23,Nashik,Local,Kalvan APMC,1901,250,1000.0,Maharashtra,Unhali
2026-05-21,Onion,23,Ahilyanagar,Local,Jamkhed APMC,1250,100,675.0,Maharashtra,Local
2026-05-21,Onion,23,Nashik,Local,"Shivsiddha Govind Producer Company Ltd Sanchalit Khajgi Krush Utpann Bajar, Samati-Nashik",2065,300,1310.0,Maharashtra,Other
2026-05-21,Onion,23,Pune,Local,Manchar APMC,1540,1000,1280.0,Maharashtra,Other
2026-05-21,Onion,23,Chandrapur,Local,Chandrapur(Ganjwad) APMC,2000,1500,1800.0,Maharashtra,Other
2026-05-21,Onion,23,Nashik,Local,Dindori APMC,1500,800,1175.0,Maharashtra,Unhali
2026-05-22,Onion,23,Akola,Local,Akola APMC,1200,400,800.0,Maharashtra,Other
2026-05-22,Onion,23,Ahilyanagar,Local,Kopargaon APMC,1249,100,875.0,Maharashtra,Unhali
2026-05-22,Onion,23,Sangli,Local,"Sangli(Phale, Bhajipala Market) APMC",1450,400,925.0,Maharashtra,Local
2026-05-22,Onion,23,Pune,Local,Khed(Chakan) APMC,1200,500,800.0,Maharashtra,Other
2026-05-23,Onion,23,Ahilyanagar,Local,"Shree Sairaj Krushi Market, Dist Ahilyanagar",1610,100,900.0,Maharashtra,Local
2026-05-23,Onion,23,Pune,Local,Pune(Moshi) APMC,1000,400,700.0,Maharashtra,Local
2026-05-23,Onion,23,Ahilyanagar,Local,Rahuri(Vambori) APMC,1100,100,600.0,Maharashtra,Unhali
2026-05-23,Onion,23,Satara,Local,Satara APMC,1300,700,1000.0,Maharashtra,Other
2026-05-23,Onion,23,Jalgaon,Local,Bhusaval APMC,1000,500,800.0,Maharashtra,Unhali
2026-05-23,Onion,23,Nashik,Local,Nasik APMC,1351,300,820.0,Maharashtra,Unhali
2026-05-23,Onion,23,Chandrapur,Local,Chandrapur(Ganjwad) APMC,1750,1300,1500.0,Maharashtra,Other
2026-05-24,Onion,23,Pune,Local,Junnar(Otur) APMC,1650,700,1300.0,Maharashtra,Unhali
2026-05-24,Onion,23,Ahilyanagar,Local,Parner APMC,1600,200,950.0,Maharashtra,Unhali
2026-05-24,Onion,23,Satara,Local,Satara APMC,1200,700,1000.0,Maharashtra,Other
2026-05-25,Onion,23,Nashik,Local,Manmad APMC,1400,200,1150.0,Maharashtra,Unhali
2026-05-25,Onion,23,Ahilyanagar,Local,Ahilyanagar APMC,1250,150,700.0,Maharashtra,Unhali
2026-05-25,Onion,23,Nashik,Local,Umrane APMC,1701,800,1300.0,Maharashtra,Unhali
2026-05-25,Onion,23,Ahilyanagar,Local,"Shree Sairaj Krushi Market, Dist Ahilyanagar",1600,150,900.0,Maharashtra,Local
2026-05-25,Onion,23,Pune,Local,Pune(Moshi) APMC,1000,500,750.0,Maharashtra,Local
2026-05-25,Onion,23,Amarawati,Local,Amrawati(Frui & Veg. Market) APMC,1200,600,900.0,Maharashtra,Local
2026-05-25,Onion,23,Sangli,Local,"Sangli(Phale, Bhajipala Market) APMC",1400,400,900.0,Maharashtra,Local
2026-05-25,Onion,23,Ahilyanagar,Local,Newasa(Ghodegaon) APMC,1200,200,800.0,Maharashtra,Unhali
2026-05-25,Onion,23,Ahilyanagar,Local,Sangamner APMC,1500,200,850.0,Maharashtra,Unhali
2026-05-25,Onion,23,Nagpur,Local,Nagpur APMC,1400,1000,1300.0,Maharashtra,White
2026-05-25,Onion,23,Nashik,Local,Sinner APMC,1300,300,1000.0,Maharashtra,Unhali
2026-05-26,Onion,23,Nashik,Local,Dindori APMC,1600,900,1300.0,Maharashtra,Unhali
2026-05-26,Onion,23,Palghar,Local,Kalyan APMC,1600,1400,1500.0,Maharashtra,1st Sort
2026-05-26,Onion,23,Nashik,Local,AGRICULTURE PRODUCE MARKET COMITEE CHANDWAD,1830,200,1280.0,Maharashtra,Unhali
2026-05-26,Onion,23,Nashik,Local,Sinner APMC,1300,300,1000.0,Maharashtra,Unhali
2026-05-26,Onion,23,Dhule,Local,Sakri APMC,1000,400,800.0,Maharashtra,Unhali
2026-05-26,Onion,23,Ahilyanagar,Local,Karjat APMC,800,300,600.0,Maharashtra,Local
2026-05-26,Onion,23,Ahilyanagar,Local,Akole APMC,1551,200,1151.0,Maharashtra,Unhali
2026-05-26,Onion,23,Buldhana,Local,Malkapur APMC,1000,400,700.0,Maharashtra,Local
2026-05-26,Onion,23,Nashik,Local,Pimpalgaon Baswant(Saykheda) APMC,1414,700,1150.0,Maharashtra,Unhali
2026-05-26,Onion,23,Satara,Local,Vaduj APMC,1650,200,850.0,Maharashtra,Local
2026-05-27,Onion,23,Amarawati,Local,Amrawati(Frui & Veg. Market) APMC,1300,500,900.0,Maharashtra,Local
2026-05-27,Onion,23,Chandrapur,Local,Chandrapur(Ganjwad) APMC,1700,1500,1600.0,Maharashtra,Other
2026-05-27,Onion,23,Solapur,Local,Barshi APMC,950,100,450.0,Maharashtra,Other
2026-05-27,Onion,23,Nashik,Local,Lasalgaon APMC,1825,500,1400.0,Maharashtra,Unhali
2026-05-27,Onion,23,Nashik,Local,Devala APMC,1570,450,1250.0,Maharashtra,Unhali
2026-05-27,Onion,23,Ahilyanagar,Local,Parner APMC,1800,200,1200.0,Maharashtra,Unhali
2026-05-27,Onion,23,Nashik,Local,Satana APMC,1830,100,1170.0,Maharashtra,Unhali
2026-05-27,Onion,23,Mumbai,Local,Mumbai-Onion & Potato Market APMC,1800,700,1250.0,Maharashtra,Other
2026-05-28,Onion,23,Kolhapur,Local,Vadgaonpeth APMC,1400,1000,1200.0,Maharashtra,Local
2026-05-28,Onion,23,Nashik,Local,Nampur APMC,1555,150,900.0,Maharashtra,Unhali
2026-05-28,Onion,23,Nashik,Local,Kalvan APMC,1850,300,1101.0,Maharashtra,Unhali
2026-05-29,Onion,23,Nashik,Local,Chandvad APMC,1845,200,1300.0,Maharashtra,Unhali
2026-05-29,Onion,23,Pune,Local,Pune APMC,1700,500,1100.0,Maharashtra,Local
2026-05-29,Onion,23,Nashik,Local,Dindori(Vani) APMC,2076,821,1470.0,Maharashtra,Unhali
2026-05-29,Onion,23,Ahilyanagar,Local,Kopargaon APMC,1500,300,1125.0,Maharashtra,Unhali
2026-05-30,Onion,23,Nashik,Local,Yeola APMC,1367,180,1000.0,Maharashtra,Unhali
2026-05-30,Onion,23,Pune,Local,Pune(Manjri) APMC,2000,800,1200.0,Maharashtra,Local
2026-05-30,Onion,23,Ahilyanagar,Local,Newasa(Ghodegaon) APMC,1700,300,1100.0,Maharashtra,Unhali
2026-05-30,Onion,23,Ahilyanagar,Local,Kopargaon APMC,1500,300,1150.0,Maharashtra,Unhali
2026-05-30,Onion,23,Nashik,Local,Pimpalgaon Baswant APMC,2141,300,1400.0,Maharashtra,Unhali
2026-05-30,Onion,23,Nagpur,Local,Nagpur APMC,1600,1200,1500.0,Maharashtra,White
2026-05-31,Onion,23,Ahilyanagar,Local,Karjat(Rashin) APMC,800,800,800.0,Maharashtra,Local
2026-05-31,Onion,23,Nagpur,Local,Kamthi APMC,2020,1520,1770.0,Maharashtra,Local
2026-05-31,Onion,23,Satara,Local,Vai APMC,1400,700,1200.0,Maharashtra,Local
2026-05-31,Onion,23,Solapur,Local,Mangal Wedha APMC,1600,1200,1250.0,Maharashtra,Local
2026-05-31,Onion,23,Amarawati,Local,Amrawati(Frui & Veg. Market) APMC,1300,500,900.0,Maharashtra,Local
2026-05-31,Onion,23,Beed,Local,Kada APMC,2000,200,1500.0,Maharashtra,Unhali
2026-05-31,Onion,23,Chattrapati Sambhajinagar,Local,Paithan APMC,1900,200,1200.0,Maharashtra,Unhali
2026-05-31,Onion,23,Pune,Local,Pune(Manjri) APMC,1500,700,1300.0,Maharashtra,Local
2026-06-01,Onion,23,Beed,Local,Gevrai APMC,1400,400,700.0,Maharashtra,Red
2026-06-01,Onion,23,Nashik,Local,Kalvan APMC,2001,400,1151.0,Maharashtra,Unhali
2026-06-01,Onion,23,Solapur,Local,SHRI.SIDDHESHWAR  APMC,3000,100,1100.0,Maharashtra,Red
2026-06-01,Onion,23,Chattrapati Sambhajinagar,Local,Vaijpur APMC,1600,300,1200.0,Maharashtra,Unhali
2026-06-01,Onion,23,Chattrapati Sambhajinagar,Local,Gangapur APMC,1600,150,1000.0,Maharashtra,Unhali
2026-06-01,Onion,23,Nashik,Local,Devala APMC,1810,500,1350.0,Maharashtra,Unhali
2026-06-01,Onion,23,Nashik,Local,Lasalgaon APMC,1900,700,1400.0,Maharashtra,Unhali
2026-06-01,Onion,23,Solapur,Local,Kurdwadi(Modnimb) APMC,1200,200,800.0,Maharashtra,Red
2026-06-01,Onion,23,Nashik,Local,Lasalgaon(Vinchur) APMC,1620,500,1325.0,Maharashtra,Unhali
2026-06-01,Onion,23,Nashik,Local,Dindori APMC,1800,951,1400.0,Maharashtra,Unhali
2026-06-01,Onion,23,Nashik,Local,Satana APMC,2200,200,1250.0,Maharashtra,Unhali
2026-06-02,Onion,23,Nashik,Local,Lasalgaon(Niphad) APMC,1652,500,1500.0,Maharashtra,Unhali
2026-06-02,Onion,23,Ahilyanagar,Local,Jamkhed APMC,1700,100,900.0,Maharashtra,Local
2026-06-02,Onion,23,Nagpur,Local,Ramtek APMC,1500,1100,1300.0,Maharashtra,Unhali
2026-06-02,Onion,23,Nashik,Local,Nasik APMC,1701,400,1300.0,Maharashtra,Unhali
2026-06-02,Onion,23,Chandrapur,Local,Chandrapur(Ganjwad) APMC,2000,1600,1800.0,Maharashtra,Other
2026-06-02,Onion,23,Kolhapur,Local,Kolhapur APMC,2100,500,1100.0,Maharashtra,Other
2026-06-02,Onion,23,Nashik,Local,Devala APMC,1615,500,1300.0,Maharashtra,Unhali
2026-06-02,Onion,23,Satara,Local,Satara APMC,1900,500,1200.0,Maharashtra,Other
2026-06-02,Onion,23,Nashik,Local,Kalvan APMC,2001,500,1200.0,Maharashtra,Unhali
2026-06-02,Onion,23,Pune,Local,Pune APMC,1800,600,1200.0,Maharashtra,Local
2026-06-02,Onion,23,Sangli,Local,"Sangli(Phale, Bhajipala Market) APMC",1800,500,1150.0,Maharashtra,Local
2026-06-02,Onion,23,Nashik,Local,Umrane APMC,1785,800,1300.0,Maharashtra,Unhali
2026-06-03,Onion,23,Nashik,Local,Lasalgaon(Niphad) APMC,1602,500,1450.0,Maharashtra,Unhali
2026-06-03,Onion,23,Ahilyanagar,Local,Shrirampur APMC,1800,600,1250.0,Maharashtra,Unhali
2026-06-03,Onion,23,Dhule,Local,Sakri APMC,1605,400,1150.0,Maharashtra,Unhali
2026-06-03,Onion,23,Ahilyanagar,Local,Parner APMC,2000,300,1200.0,Maharashtra,Unhali
2026-06-03,Onion,23,Nashik,Local,Lasalgaon APMC,1852,700,1470.0,Maharashtra,Unhali
2026-06-03,Onion,23,Solapur,Local,SHRI.SIDDHESHWAR  APMC,3000,100,1100.0,Maharashtra,Red
2026-06-03,Onion,23,Nagpur,Local,HINGNA - APMC,1600,800,1160.0,Maharashtra,Red
2026-06-03,Onion,23,Amarawati,Local,Amrawati(Frui & Veg. Market) APMC,1400,400,900.0,Maharashtra,Local
2026-06-03,Onion,23,Jalgaon,Local,Jalgaon APMC,1400,400,900.0,Maharashtra,Red
2026-06-03,Onion,23,Pune,Local,Pune(Pimpri) APMC,1500,800,1150.0,Maharashtra,Local
2026-06-03,Onion,23,Nashik,Local,Pimpalgaon Baswant(Saykheda) APMC,1800,580,1275.0,Maharashtra,Unhali
2026-06-03,Onion,23,Chandrapur,Local,Chandrapur(Ganjwad) APMC,2100,1600,1900.0,Maharashtra,Other
2026-06-04,Onion,23,Pune,Local,Pune(Khadiki) APMC,1100,700,900.0,Maharashtra,Local
2026-06-04,Onion,23,Pune,Local,Manchar APMC,2000,1400,1700.0,Maharashtra,Other
2026-06-04,Onion,23,Satara,Local,Vaduj APMC,2200,500,1500.0,Maharashtra,Local
2026-06-04,Onion,23,Ahilyanagar,Local,Newasa APMC,1600,300,1200.0,Maharashtra,Unhali
2026-06-04,Onion,23,Sangli,Local,"Sangli(Phale, Bhajipala Market) APMC",2000,400,1200.0,Maharashtra,Local
2026-06-04,Onion,23,Nashik,Local,Lasalgaon(Niphad) APMC,1712,600,1500.0,Maharashtra,Unhali
2026-06-04,Onion,23,Dhule,Local,Sakri APMC,1450,600,1000.0,Maharashtra,Unhali
2026-06-04,Onion,23,Ahilyanagar,Local,Ahilyanagar APMC,1700,200,1000.0,Maharashtra,Unhali
2026-06-04,Onion,23,Dharashiv,Local,Dharashiv APMC,1600,850,1225.0,Maharashtra,Red
2026-06-04,Onion,23,Satara,Local,Lonand APMC,1711,450,1250.0,Maharashtra,Unhali
2026-06-05,Onion,23,Sangli,Local,"Sangli(Phale, Bhajipala Market) APMC",2100,500,900.0,Maharashtra,Local
2026-06-05,Onion,23,Solapur,Local,SHRI.SIDDHESHWAR  APMC,2600,100,1000.0,Maharashtra,Red
2026-06-05,Onion,23,Ahilyanagar,Local,Pathardi APMC,1825,100,1250.0,Maharashtra,Red
2026-06-05,Onion,23,Pune,Local,Khed(Chakan) APMC,1600,1000,1200.0,Maharashtra,Other
2026-06-05,Onion,23,Nashik,Local,Dindori APMC,1870,1100,1470.0,Maharashtra,Unhali
2026-06-05,Onion,23,Pune,Local,Junnar(Narayangaon) APMC,2000,400,1000.0,Maharashtra,Chinchwad
2026-06-05,Onion,23,Ahilyanagar,Local,Sangamner APMC,1900,200,1050.0,Maharashtra,Unhali
2026-06-05,Onion,23,Palghar,Local,Kalyan APMC,1600,1300,1400.0,Maharashtra,1st Sort
2026-06-05,Onion,23,Nashik,Local,Manmad APMC,1579,200,1250.0,Maharashtra,Unhali
2026-06-05,Onion,23,Nashik,Local,Pimpalgaon Baswant(Saykheda) APMC,1651,575,1300.0,Maharashtra,Unhali
2026-06-05,Onion,23,Nashik,Local,Lasalgaon(Vinchur) APMC,1950,500,1500.0,Maharashtra,Unhali
2026-06-05,Onion,23,Chattrapati Sambhajinagar,Local,Paithan APMC,1800,200,1200.0,Maharashtra,Unhali
2026-06-05,Onion,23,Pune,Local,Pune APMC,1800,600,1200.0,Maharashtra,Local
2026-06-06,Onion,23,Nashik,Local,Lasalgaon(Niphad) APMC,2200,500,1500.0,Maharashtra,Unhali
2026-06-06,Onion,23,Ahilyanagar,Local,Kopargaon APMC,1460,300,1100.0,Maharashtra,Unhali
2026-06-06,Onion,23,Ahilyanagar,Local,Jamkhed APMC,1700,100,900.0,Maharashtra,Local
2026-06-06,Onion,23,Nagpur,Local,HINGNA - APMC,2000,2000,2000.0,Maharashtra,Red
2026-06-06,Onion,23,Nashik,Local,AGRICULTURE PRODUCE MARKET COMITEE CHANDWAD,2000,200,1520.0,Maharashtra,Unhali
2026-06-06,Onion,23,Dhule,Local,Sakri APMC,1100,400,800.0,Maharashtra,Unhali
2026-06-06,Onion,23,Nashik,Local,Yeola APMC,1561,280,1150.0,Maharashtra,Unhali
2026-06-06,Onion,23,Sangli,Local,"Sangli(Phale, Bhajipala Market) APMC",2000,500,1250.0,Maharashtra,Local
2026-06-06,Onion,23,Satara,Local,Karad APMC,1000,300,1000.0,Maharashtra,Halva
2026-06-06,Onion,23,Nashik,Local,Pimpalgaon Baswant(Saykheda) APMC,1651,700,1250.0,Maharashtra,Unhali
2026-06-07,Onion,23,Ahilyanagar,Local,Pathardi APMC,1700,100,1000.0,Maharashtra,Red
2026-06-07,Onion,23,Pune,Local,Pune APMC,1800,500,1350.0,Maharashtra,Local
2026-06-07,Onion,23,Beed,Local,Kada APMC,2000,100,1550.0,Maharashtra,Unhali
2026-06-07,Onion,23,Ahilyanagar,Local,Rahuri APMC,1905,100,1000.0,Maharashtra,Other
2026-06-07,Onion,23,Nagpur,Local,Ramtek APMC,1500,1000,1300.0,Maharashtra,Unhali
2026-06-08,Onion,23,Pune,Local,Pune(Moshi) APMC,1200,500,850.0,Maharashtra,Local
2026-06-08,Onion,23,Ahilyanagar,Local,Sangamner APMC,2000,200,1100.0,Maharashtra,Unhali
2026-06-08,Onion,23,Dhule,Local,Sakri APMC,1800,500,1350.0,Maharashtra,Unhali
2026-06-08,Onion,23,Nashik,Local,Satana APMC,2050,200,1310.0,Maharashtra,Unhali
2026-06-08,Onion,23,Nashik,Local,Dindori(Vani) APMC,2601,1301,1751.0,Maharashtra,Unhali
2026-06-08,Onion,23,Nashik,Local,Kalvan APMC,2150,300,1225.0,Maharashtra,Unhali
2026-06-08,Onion,23,Pune,Local,Junnar(Narayangaon) APMC,1800,300,1100.0,Maharashtra,Chinchwad
2026-06-08,Onion,23,Ahilyanagar,Local,Shevgaon APMC,700,200,500.0,Maharashtra,Other
2026-06-08,Onion,23,Dharashiv,Local,Paranda APMC,1400,500,750.0,Maharashtra,Red
2026-06-08,Onion,23,Sangli,Local,Vita APMC,2000,1400,1700.0,Maharashtra,Other
2026-06-08,Onion,23,Sangli,Local,"Sangli(Phale, Bhajipala Market) APMC",1800,500,1150.0,Maharashtra,Local
2026-06-08,Onion,23,Nashik,Local,Lasalgaon APMC,2090,800,1651.0,Maharashtra,Unhali
2026-06-09,Onion,23,Nashik,Local,Devala APMC,1725,500,1350.0,Maharashtra,Unhali
2026-06-09,Onion,23,Dhule,Local,Sakri APMC,1580,500,1000.0,Maharashtra,Unhali
2026-06-09,Onion,23,Satara,Local,Karad APMC,1800,300,1800.0,Maharashtra,Halva
2026-06-09,Onion,23,Pune,Local,Pune APMC,1800,500,1150.0,Maharashtra,Local
2026-06-09,Onion,23,Nashik,Local,"Malharshree Khajgi Krushi Utpann Bajar, Chandanpuri Tal Malegaon, Nashik",1416,331,1047.0,Maharashtra,Other
2026-06-09,Onion,23,Pune,Local,Khed(Chakan) APMC,1600,1000,1300.0,Maharashtra,Other
2026-06-09,Onion,23,Mumbai,Local,Mumbai-Onion & Potato Market APMC,2000,1000,1500.0,Maharashtra,Other
2026-06-09,Onion,23,Solapur,Local,Barshi APMC,1150,250,650.0,Maharashtra,Other
2026-06-10,Onion,23,Nashik,Local,Dindori APMC,1980,1100,1550.0,Maharashtra,Unhali
2026-06-10,Onion,23,Mumbai,Local,Mumbai-Onion & Potato Market APMC,1900,900,1400.0,Maharashtra,Other
2026-06-10,Onion,23,Chattrapati Sambhajinagar,Local,Gangapur APMC,1650,175,1100.0,Maharashtra,Unhali
2026-06-10,Onion,23,Nashik,Local,Umrane APMC,1800,800,1100.0,Maharashtra,Unhali
2026-06-10,Onion,23,Nashik,Local,Kalvan APMC,2201,350,1201.0,Maharashtra,Unhali
2026-06-10,Onion,23,Jalgaon,Local,Bhusaval APMC,1200,800,1000.0,Maharashtra,Unhali
2026-06-10,Onion,23,Palghar,Local,Kalyan APMC,1700,1500,1600.0,Maharashtra,2nd Sort
2026-06-10,Onion,23,Kolhapur,Local,Vadgaonpeth APMC,1700,1000,1200.0,Maharashtra,Local
2026-06-10,Onion,23,Solapur,Local,Mangal Wedha APMC,1900,300,1400.0,Maharashtra,Local
2026-06-10,Onion,23,Nashik,Local,Lasalgaon APMC,2081,600,1600.0,Maharashtra,Unhali
2026-06-10,Onion,23,Sangli,Local,"Sangli(Phale, Bhajipala Market) APMC",1900,500,1200.0,Maharashtra,Local
2026-06-10,Onion,23,Dhule,Local,Sakri APMC,1450,400,900.0,Maharashtra,Unhali
2026-06-10,Onion,23,Chattrapati Sambhajinagar,Local,Lasur Station APMC,1470,100,800.0,Maharashtra,Other
2026-06-10,Onion,23,Nashik,Local,Pimpalgaon Baswant APMC,2490,300,1611.0,Maharashtra,Unhali
2026-06-10,Onion,23,Satara,Local,Vaduj APMC,2000,500,1200.0,Maharashtra,Local
2026-06-11,Onion,23,Solapur,Local,"Laxmi-Sopan Agriculture Produce Marketing Co Ltd, Barshi, Dist Solapur",1200,500,800.0,Maharashtra,Other
2026-06-11,Onion,23,Pune,Local,Pune(Khadiki) APMC,1200,700,950.0,Maharashtra,Local
2026-06-11,Onion,23,Satara,Local,Vaduj APMC,2000,1000,1500.0,Maharashtra,Local
2026-06-11,Onion,23,Satara,Local,Lonand APMC,1751,400,1150.0,Maharashtra,Unhali
2026-06-11,Onion,23,Mumbai,Local,Mumbai-Onion & Potato Market APMC,1800,900,1350.0,Maharashtra,Other
2026-06-11,Onion,23,Dharashiv,Local,Dharashiv APMC,1800,700,1250.0,Maharashtra,Red
2026-06-11,Onion,23,Nashik,Local,Satana APMC,1855,200,1150.0,Maharashtra,Unhali
2026-06-11,Onion,23,Ahilyanagar,Local,Shevgaon APMC,1200,800,1050.0,Maharashtra,2nd Sort
2026-06-11,Onion,23,Ahilyanagar,Local,Shevgaon APMC,700,200,550.0,Maharashtra,Other
2026-06-11,Onion,23,Nashik,Local,Kalvan APMC,2100,300,1250.0,Maharashtra,Unhali
2026-06-11,Onion,23,Chandrapur,Local,Chandrapur(Ganjwad) APMC,2500,1600,2000.0,Maharashtra,Other
2026-06-11,Onion,23,Jalgaon,Local,Jalgaon APMC,1597,500,1037.0,Maharashtra,Red
2026-06-11,Onion,23,Nagpur,Local,Nagpur APMC,1800,1000,1600.0,Maharashtra,Red
2026-06-11,Onion,23,Dhule,Local,Sakri APMC,1515,400,850.0,Maharashtra,Unhali
2026-06-11,Onion,23,Ahilyanagar,Local,Rahuri(Vambori) APMC,2000,100,1000.0,Maharashtra,Unhali
2026-06-11,Onion,23,Satara,Local,Satara APMC,1900,500,1200.0,Maharashtra,Other
2026-06-11,Onion,23,Nashik,Local,Nandgaon APMC,1700,160,1050.0,Maharashtra,Unhali
2026-06-11,Onion,23,Ahilyanagar,Local,Kopargaon APMC,1561,350,1250.0,Maharashtra,Unhali
2026-06-11,Onion,23,Chattrapati Sambhajinagar,Local,Lasur Station APMC,1535,100,825.0,Maharashtra,Other
2026-06-12,Onion,23,Dhule,Local,Sakri APMC,1550,300,950.0,Maharashtra,Unhali
2026-06-12,Onion,23,Satara,Local,Vai APMC,1800,700,900.0,Maharashtra,Local
2026-06-12,Onion,23,Ahilyanagar,Local,Kopargaon APMC,1690,350,1175.0,Maharashtra,Unhali
2026-06-12,Onion,23,Pune,Local,Pune(Khadiki) APMC,1100,700,900.0,Maharashtra,Local
2026-06-12,Onion,23,Sangli,Local,"Sangli(Phale, Bhajipala Market) APMC",1600,400,1000.0,Maharashtra,Local
2026-06-12,Onion,23,Pune,Local,Pune(Manjri) APMC,1700,800,1300.0,Maharashtra,Local
2026-06-12,Onion,23,Nashik,Local,Nasik APMC,1921,450,1430.0,Maharashtra,Unhali
2026-06-12,Onion,23,Nashik,Local,Lasalgaon(Vinchur) APMC,2001,500,1450.0,Maharashtra,Unhali
2026-06-12,Onion,23,Chattrapati Sambhajinagar,Local,Lasur Station APMC,1481,100,800.0,Maharashtra,Other
2026-06-12,Onion,23,Pune,Local,Pune(Pimpri) APMC,1600,900,1250.0,Maharashtra,Local
2026-06-13,Onion,23,Satara,Local,Satara APMC,1900,1000,1450.0,Maharashtra,Other
2026-06-13,Onion,23,Ahilyanagar,Local,"Shree Sairaj Krushi Market, Dist Ahilyanagar",2100,100,1100.0,Maharashtra,Local
2026-06-13,Onion,23,Pune,Local,Pune(Pimpri) APMC,1600,1400,1500.0,Maharashtra,Local
2026-06-13,Onion,23,Dhule,Local,Sakri APMC,1475,400,850.0,Maharashtra,Unhali
2026-06-13,Onion,23,Ahilyanagar,Local,Shevgaon APMC,600,100,350.0,Maharashtra,Other
2026-06-13,Onion,23,Chattrapati Sambhajinagar,Local,Lasur Station APMC,1457,100,800.0,Maharashtra,Other
2026-06-13,Onion,23,Chattrapati Sambhajinagar,Local,Paithan APMC,1275,480,950.0,Maharashtra,Unhali
2026-06-13,Onion,23,Nagpur,Local,Nagpur APMC,2500,2200,2425.0,Maharashtra,White
2026-06-14,Onion,23,Chattrapati Sambhajinagar,Local,Paithan APMC,1800,250,1300.0,Maharashtra,Unhali
2026-06-14,Onion,23,Nagpur,Local,Kamthi APMC,2010,1510,1760.0,Maharashtra,Local
2026-06-14,Onion,23,Pune,Local,Pune(Moshi) APMC,1400,500,950.0,Maharashtra,Local
2026-06-14,Onion,23,Pune,Local,Pune(Khadiki) APMC,1200,700,950.0,Maharashtra,Local
2026-06-14,Onion,23,Ahilyanagar,Local,Rahuri APMC,2200,100,1150.0,Maharashtra,Other
2026-06-15,Onion,23,Nagpur,Local,Kamthi APMC,2020,1520,1770.0,Maharashtra,Local
2026-06-15,Onion,23,Pune,Local,Junnar(Narayangaon) APMC,2000,500,1500.0,Maharashtra,Chinchwad
2026-06-15,Onion,23,Sangli,Local,"Sangli(Phale, Bhajipala Market) APMC",1900,500,1200.0,Maharashtra,Local
2026-06-15,Onion,23,Nashik,Local,Nasik APMC,1751,400,1300.0,Maharashtra,Unhali
2026-06-15,Onion,23,Nashik,Local,Dindori(Vani) APMC,2561,1321,1801.0,Maharashtra,Unhali
2026-06-15,Onion,23,Jalgaon,Local,Jalgaon APMC,1500,500,1000.0,Maharashtra,Red
2026-06-15,Onion,23,Nashik,Local,Devala APMC,1550,500,1350.0,Maharashtra,Unhali
2026-06-15,Onion,23,Dhule,Local,Sakri APMC,1755,400,1000.0,Maharashtra,Unhali
2026-06-16,Onion,23,Satara,Local,Vai APMC,1900,800,1000.0,Maharashtra,Local
2026-06-16,Onion,23,Nandurbar,Local,Navapur APMC,1000,600,722.0,Maharashtra,Other
2026-06-16,Onion,23,Pune,Local,Pune(Manjri) APMC,1700,1000,1300.0,Maharashtra,Local
2026-06-16,Onion,23,Satara,Local,Vaduj APMC,1300,500,900.0,Maharashtra,Local
2026-06-16,Onion,23,Sangli,Local,"Sangli(Phale, Bhajipala Market) APMC",1700,500,1100.0,Maharashtra,Local
2026-06-16,Onion,23,Satara,Local,Satara APMC,1900,1000,1400.0,Maharashtra,Other
2026-06-16,Onion,23,Nashik,Local,"Shivsiddha Govind Producer Company Ltd Sanchalit Khajgi Krush Utpann Bajar, Samati-Nashik",2700,300,1630.0,Maharashtra,Other
2026-06-16,Onion,23,Ahilyanagar,Local,Rahuri APMC,2600,100,1350.0,Maharashtra,Other
2026-06-16,Onion,23,Nashik,Local,Lasalgaon(Vinchur) APMC,2100,500,1600.0,Maharashtra,Unhali
2026-06-16,Onion,23,Pune,Local,Pune(Khadiki) APMC,1100,700,900.0,Maharashtra,Local
2026-06-17,Onion,23,Dhule,Local,Dhule APMC,1670,600,1150.0,Maharashtra,Red
2026-06-17,Onion,23,Nashik,Local,Dindori APMC,2050,1000,1800.0,Maharashtra,Unhali
2026-06-17,Onion,23,Ahilyanagar,Local,Newasa(Ghodegaon) APMC,2100,400,1500.0,Maharashtra,Unhali
2026-06-17,Onion,23,Akola,Local,Akola APMC,1800,500,1200.0,Maharashtra,Other
2026-06-17,Onion,23,Pune,Local,Khed(Chakan) APMC,1800,1000,1400.0,Maharashtra,Other
2026-06-17,Onion,23,Nashik,Local,Kalvan APMC,2250,300,1301.0,Maharashtra,Unhali
2026-06-17,Onion,23,Ahilyanagar,Local,Pathardi APMC,2300,200,1300.0,Maharashtra,Red
2026-06-17,Onion,23,Nashik,Local,Yeola APMC,1890,352,1425.0,Maharashtra,Unhali
2026-06-17,Onion,23,Sangli,Local,"Sangli(Phale, Bhajipala Market) APMC",2200,500,1350.0,Maharashtra,Local
2026-06-17,Onion,23,Chattrapati Sambhajinagar,Local,Vaijpur APMC,2055,500,1500.0,Maharashtra,Unhali
2026-06-17,Onion,23,Solapur,Local,Mangal Wedha APMC,1630,350,1350.0,Maharashtra,Local
2026-06-17,Onion,23,Pune,Local,Pune(Pimpri) APMC,1800,1200,1500.0,Maharashtra,Local
2026-06-17,Onion,23,Kolhapur,Local,Vadgaonpeth APMC,1700,1100,1400.0,Maharashtra,Local
2026-06-17,Onion,23,Amarawati,Local,Amrawati(Frui & Veg. Market) APMC,2600,600,1600.0,Maharashtra,Local
2026-06-17,Onion,23,Nagpur,Local,Nagpur APMC,2500,1500,2250.0,Maharashtra,White
2026-06-17,Onion,23,Nashik,Local,AGRICULTURE PRODUCE MARKET COMITEE CHANDWAD,2130,500,1650.0,Maharashtra,Unhali
2026-06-18,Onion,23,Ahilyanagar,Local,Rahuri(Vambori) APMC,2500,200,1500.0,Maharashtra,Unhali
2026-06-18,Onion,23,Pune,Local,Khed(Chakan) APMC,2000,1000,1600.0,Maharashtra,Other
2026-06-18,Onion,23,Nagpur,Local,HINGNA - APMC,2200,1300,1666.0,Maharashtra,Red
2026-06-18,Onion,23,Ahilyanagar,Local,Shevgaon APMC,1800,1100,1800.0,Maharashtra,2nd Sort
2026-06-18,Onion,23,Pune,Local,Pune APMC,2200,600,1400.0,Maharashtra,Local
2026-06-18,Onion,23,Nashik,Local,Devala APMC,1880,650,1650.0,Maharashtra,Unhali
2026-06-18,Onion,23,Satara,Local,Vai APMC,1800,800,1350.0,Maharashtra,Local
2026-06-18,Onion,23,Sangli,Local,Vita APMC,2000,1800,1800.0,Maharashtra,Other
2026-06-18,Onion,23,Kolhapur,Local,Vadgaonpeth APMC,1700,1200,1400.0,Maharashtra,Local
2026-06-18,Onion,23,Pune,Local,Pune(Manjri) APMC,2200,1100,1700.0,Maharashtra,Local
2026-06-18,Onion,23,Dharashiv,Local,Paranda APMC,1700,500,1000.0,Maharashtra,Unhali
2026-06-18,Onion,23,Satara,Local,Karad APMC,1500,1000,1500.0,Maharashtra,Halva
2026-06-19,Onion,23,Ahilyanagar,Local,Shrirampur APMC,2700,600,1950.0,Maharashtra,Unhali
2026-06-19,Onion,23,Pune,Local,Khed(Chakan) APMC,2000,1000,1500.0,Maharashtra,Other
2026-06-19,Onion,23,Chattrapati Sambhajinagar,Local,Gangapur APMC,2051,250,1370.0,Maharashtra,Unhali
2026-06-19,Onion,23,Nashik,Local,Yeola APMC,1777,300,1450.0,Maharashtra,Unhali
2026-06-19,Onion,23,Ahilyanagar,Local,Rahata APMC,2600,400,1700.0,Maharashtra,Unhali
2026-06-19,Onion,23,Nashik,Local,Pimpalgaon Baswant(Saykheda) APMC,1927,700,1425.0,Maharashtra,Unhali
2026-06-19,Onion,23,Jalgaon,Local,Bhusaval APMC,1500,1000,1200.0,Maharashtra,Unhali
2026-06-19,Onion,23,Nashik,Local,Umrane APMC,2200,900,1600.0,Maharashtra,Unhali
2026-06-20,Onion,23,Ahilyanagar,Local,Jamkhed APMC,2100,100,1100.0,Maharashtra,Local
2026-06-20,Onion,23,Nashik,Local,Manmad APMC,2030,700,1775.0,Maharashtra,Unhali
2026-06-20,Onion,23,Chandrapur,Local,Chandrapur(Ganjwad) APMC,2500,2000,2250.0,Maharashtra,Other
2026-06-20,Onion,23,Pune,Local,Pune(Moshi) APMC,1800,700,1250.0,Maharashtra,Local
2026-06-20,Onion,23,Chattrapati Sambhajinagar,Local,Paithan APMC,1740,755,1350.0,Maharashtra,Unhali
2026-06-20,Onion,23,Nashik,Local,Pimpalgaon Baswant(Saykheda) APMC,2100,700,1500.0,Maharashtra,Unhali
2026-06-20,Onion,23,Dhule,Local,Sakri APMC,2000,300,1250.0,Maharashtra,Unhali
2026-06-20,Onion,23,Nashik,Local,Yeola APMC,1770,200,1400.0,Maharashtra,Unhali
2026-06-21,Onion,23,Satara,Local,Satara APMC,1900,1000,1500.0,Maharashtra,Other
2026-06-21,Onion,23,Ahilyanagar,Local,Akole APMC,2501,301,1701.0,Maharashtra,Unhali
2026-06-21,Onion,23,Ahilyanagar,Local,Parner APMC,2300,400,1400.0,Maharashtra,Unhali
2026-06-21,Onion,23,Pune,Local,Manchar APMC,2450,1200,1830.0,Maharashtra,Other
2026-06-21,Onion,23,Ahilyanagar,Local,Rahata APMC,3100,300,1400.0,Maharashtra,Other
2026-06-21,Onion,23,Ahilyanagar,Local,Rahuri APMC,2200,200,1200.0,Maharashtra,Other
2026-06-22,Onion,23,Kolhapur,Local,Kolhapur APMC,2200,500,1200.0,Maharashtra,Other
2026-06-22,Onion,23,Nagpur,Local,Kamthi APMC,2060,1560,1810.0,Maharashtra,Local
2026-06-22,Onion,23,Satara,Local,Satara APMC,1900,500,1150.0,Maharashtra,Other
2026-06-22,Onion,23,Solapur,Local,Mangal Wedha APMC,1900,300,1410.0,Maharashtra,Local
2026-06-22,Onion,23,Nashik,Local,AGRICULTURE PRODUCE MARKET COMITEE CHANDWAD,2255,505,1750.0,Maharashtra,Unhali
2026-06-22,Onion,23,Chandrapur,Local,Chandrapur(Ganjwad) APMC,2300,1700,2100.0,Maharashtra,Other
2026-06-22,Onion,23,Ahilyanagar,Local,Shevgaon APMC,800,300,550.0,Maharashtra,Other
2026-06-22,Onion,23,Nashik,Local,Umrane APMC,2451,900,1800.0,Maharashtra,Unhali
2026-06-22,Onion,23,Pune,Local,Pune(Khadiki) APMC,1200,600,900.0,Maharashtra,Local
2026-06-22,Onion,23,Nandurbar,Local,Navapur APMC,1000,600,894.0,Maharashtra,Other
2026-06-22,Onion,23,Pune,Local,Pune(Moshi) APMC,1400,700,1050.0,Maharashtra,Local
2026-06-23,Onion,23,Dhule,Local,Dhule APMC,1830,600,1200.0,Maharashtra,Red
2026-06-23,Onion,23,Satara,Local,Vaduj APMC,2300,1500,1900.0,Maharashtra,Local
2026-06-23,Onion,23,Pune,Local,Manchar APMC,2550,1350,1960.0,Maharashtra,Other
2026-06-23,Onion,23,Pune,Local,Junnar(Alephata) APMC,2510,1100,1950.0,Maharashtra,Chinchwad
2026-06-23,Onion,23,Buldhana,Local,Malkapur APMC,2000,1500,1805.0,Maharashtra,Local
2026-06-23,Onion,23,Chattrapati Sambhajinagar,Local,Chattrapati Sambhajinagar APMC,1700,500,1100.0,Maharashtra,Other
2026-06-23,Onion,23,Solapur,Local,"Laxmi-Sopan Agriculture Produce Marketing Co Ltd, Barshi, Dist Solapur",1600,500,1200.0,Maharashtra,Other
2026-06-23,Onion,23,Ahilyanagar,Local,"Omchatinya Multi State Agro Purpose Co-Op Society, Dist Ahilyanagar",2400,200,1500.0,Maharashtra,Other
2026-06-23,Onion,23,Satara,Local,Satara APMC,1900,1000,1450.0,Maharashtra,Other
2026-06-23,Onion,23,Nashik,Local,Umrane APMC,2500,900,1800.0,Maharashtra,Unhali
2026-06-23,Onion,23,Nashik,Local,Dindori APMC,2350,1850,2050.0,Maharashtra,Unhali
2026-06-24,Onion,23,Nagpur,Local,HINGNA - APMC,2200,1700,2033.0,Maharashtra,Red
2026-06-24,Onion,23,Chattrapati Sambhajinagar,Local,Lasur Station APMC,2401,500,1675.0,Maharashtra,Other
2026-06-24,Onion,23,Nashik,Local,"Shivsiddha Govind Producer Company Ltd Sanchalit Khajgi Krush Utpann Bajar, Samati-Nashik",3100,500,1945.0,Maharashtra,Other
2026-06-24,Onion,23,Pune,Local,Khed(Chakan) APMC,2400,1200,1800.0,Maharashtra,Other
2026-06-24,Onion,23,Ahilyanagar,Local,Pathardi APMC,3100,500,2500.0,Maharashtra,Red
2026-06-24,Onion,23,Nashik,Local,Satana APMC,2600,600,2010.0,Maharashtra,Unhali
2026-06-24,Onion,23,Satara,Local,Karad APMC,2300,500,2300.0,Maharashtra,Halva
2026-06-24,Onion,23,Mumbai,Local,Mumbai-Onion & Potato Market APMC,2400,1000,1700.0,Maharashtra,Other
2026-06-24,Onion,23,Nashik,Local,Nasik APMC,2500,750,1850.0,Maharashtra,Unhali
2026-06-24,Onion,23,Ahilyanagar,Local,"Shree Sairaj Krushi Market, Dist Ahilyanagar",2800,200,1500.0,Maharashtra,Local
2026-06-24,Onion,23,Pune,Local,Pune APMC,2200,600,1400.0,Maharashtra,Local
2026-06-24,Onion,23,Jalgaon,Local,Bhusaval APMC,1500,1000,1200.0,Maharashtra,Unhali
2026-06-25,Onion,23,Nashik,Local,"Shivsiddha Govind Producer Company Ltd Sanchalit Khajgi Krush Utpann Bajar, Samati-Nashik",3000,500,1920.0,Maharashtra,Other
2026-06-25,Onion,23,Mumbai,Local,Mumbai-Onion & Potato Market APMC,2300,1000,1650.0,Maharashtra,Other
2026-06-25,Onion,23,Nashik,Local,Nasik APMC,2551,700,1900.0,Maharashtra,Unhali
2026-06-25,Onion,23,Kolhapur,Local,Vadgaonpeth APMC,1800,1200,1400.0,Maharashtra,Local
2026-06-25,Onion,23,Nashik,Local,Yeola APMC,2367,426,2000.0,Maharashtra,Unhali
2026-06-25,Onion,23,Ahilyanagar,Local,Shevgaon APMC,1200,300,750.0,Maharashtra,Other
2026-06-25,Onion,23,Nashik,Local,Pimpalgaon Baswant APMC,3000,600,2225.0,Maharashtra,Unhali
2026-06-25,Onion,23,Satara,Local,Vai APMC,1800,1000,1500.0,Maharashtra,Local
2026-06-25,Onion,23,Pune,Local,Junnar(Narayangaon) APMC,2500,400,1400.0,Maharashtra,Chinchwad
2026-06-26,Onion,23,Chattrapati Sambhajinagar,Local,Vaijpur APMC,2275,500,1950.0,Maharashtra,Unhali
2026-06-26,Onion,23,Beed,Local,Gevrai APMC,3300,1700,2800.0,Maharashtra,Red
2026-06-26,Onion,23,Pune,Local,Junnar(Narayangaon) APMC,2500,400,1450.0,Maharashtra,Chinchwad
2026-06-26,Onion,23,Nashik,Local,Pimpalgaon Baswant(Saykheda) APMC,2386,700,1825.0,Maharashtra,Unhali
2026-06-27,Onion,23,Nashik,Local,Lasalgaon APMC,2551,700,2110.0,Maharashtra,Unhali
2026-06-27,Onion,23,Nashik,Local,Yeola APMC,2240,550,1875.0,Maharashtra,Unhali
2026-06-27,Onion,23,Dhule,Local,Sakri APMC,2400,700,1400.0,Maharashtra,Unhali
2026-06-27,Onion,23,Nashik,Local,Nasik APMC,2611,750,1950.0,Maharashtra,Unhali
2026-06-27,Onion,23,Pune,Local,Pune(Pimpri) APMC,2200,1100,1650.0,Maharashtra,Local
2026-06-27,Onion,23,Chattrapati Sambhajinagar,Local,Lasur Station APMC,2451,400,1750.0,Maharashtra,Other
2026-06-27,Onion,23,Akola,Local,Akola APMC,2400,700,1400.0,Maharashtra,Other
2026-06-27,Onion,23,Amarawati,Local,Amrawati(Frui & Veg. Market) APMC,2700,600,1650.0,Maharashtra,Local
2026-06-28,Onion,23,Beed,Local,Kada APMC,3000,200,2400.0,Maharashtra,Unhali
2026-06-28,Onion,23,Ahilyanagar,Local,Pathardi APMC,2800,400,1600.0,Maharashtra,Red
2026-06-28,Onion,23,Ahilyanagar,Local,"Omchatinya Multi State Agro Purpose Co-Op Society, Dist Ahilyanagar",3000,400,1900.0,Maharashtra,Other
2026-06-28,Onion,23,Pune,Local,Junnar APMC,2500,1000,2000.0,Maharashtra,Chinchwad
2026-06-28,Onion,23,Satara,Local,Satara APMC,3000,1000,2000.0,Maharashtra,Other
2026-06-28,Onion,23,Pune,Local,Pune APMC,2500,800,1650.0,Maharashtra,Local
2026-06-28,Onion,23,Pune,Local,Manchar APMC,3000,2200,2600.0,Maharashtra,Other
2026-06-29,Onion,23,Pune,Local,Pune(Moshi) APMC,1500,800,1150.0,Maharashtra,Local
2026-06-29,Onion,23,Ahilyanagar,Local,"Shree Sairaj Krushi Market, Dist Ahilyanagar",2610,100,1400.0,Maharashtra,Local
2026-06-29,Onion,23,Ahilyanagar,Local,Karjat APMC,2100,200,1300.0,Maharashtra,Local
2026-06-29,Onion,23,Satara,Local,Vai APMC,2700,1000,1800.0,Maharashtra,Local
2026-06-29,Onion,23,Amarawati,Local,Amrawati(Frui & Veg. Market) APMC,2800,600,1700.0,Maharashtra,Local
2026-06-29,Onion,23,Nandurbar,Local,Navapur APMC,1500,700,966.0,Maharashtra,Other
2026-06-29,Onion,23,Satara,Local,Karad APMC,1400,500,1400.0,Maharashtra,Halva
2026-06-29,Onion,23,Nagpur,Local,HINGNA - APMC,3000,1600,2275.0,Maharashtra,Red
2026-06-29,Onion,23,Nashik,Local,Lasalgaon(Vinchur) APMC,2600,700,2200.0,Maharashtra,Unhali
2026-06-29,Onion,23,Ahilyanagar,Local,Kopargaon APMC,2301,700,2000.0,Maharashtra,Unhali
2026-06-29,Onion,23,Nashik,Local,Nampur APMC,2660,200,2100.0,Maharashtra,Unhali
2026-06-29,Onion,23,Nashik,Local,Satana APMC,2805,400,2280.0,Maharashtra,Unhali
2026-06-29,Onion,23,Nashik,Local,AGRICULTURE PRODUCE MARKET COMITEE CHANDWAD,2700,825,2190.0,Maharashtra,Unhali
2026-06-30,Onion,23,Nagpur,Local,HINGNA - APMC,2400,2400,2400.0,Maharashtra,Red
2026-06-30,Onion,23,Nashik,Local,Devala APMC,2550,550,2100.0,Maharashtra,Unhali
2026-06-30,Onion,23,Satara,Local,Vaduj APMC,2500,1000,1200.0,Maharashtra,Local
2026-06-30,Onion,23,Nashik,Local,Dindori(Vani) APMC,2901,1751,2451.0,Maharashtra,Unhali
2026-06-30,Onion,23,Nashik,Local,"Shivsiddha Govind Producer Company Ltd Sanchalit Khajgi Krush Utpann Bajar, Samati-Nashik",3150,500,2190.0,Maharashtra,Other
2026-06-30,Onion,23,Satara,Local,Lonand APMC,2310,500,1800.0,Maharashtra,Unhali
2026-06-30,Onion,23,Nashik,Local,Satana APMC,3000,450,2200.0,Maharashtra,Unhali
2026-06-30,Onion,23,Pune,Local,Pune(Moshi) APMC,1500,700,1100.0,Maharashtra,Local
2026-06-30,Onion,23,Nashik,Local,AGRICULTURE PRODUCE MARKET COMITEE CHANDWAD,2800,830,2290.0,Maharashtra,Unhali
2026-07-01,Onion,23,Ahilyanagar,Local,Rahata APMC,1500,500,1000.0,Maharashtra,Unhali
2026-07-01,Onion,23,Chattrapati Sambhajinagar,Local,Gangapur APMC,2380,400,1820.0,Maharashtra,Unhali
2026-07-01,Onion,23,Dhule,Local,Sakri APMC,2100,1400,1900.0,Maharashtra,Unhali
2026-07-01,Onion,23,Nashik,Local,Pimpalgaon Baswant(Saykheda) APMC,2301,750,1810.0,Maharashtra,Unhali
2026-07-01,Onion,23,Nashik,Local,Nasik APMC,2300,600,1650.0,Maharashtra,Unhali
2026-07-01,Onion,23,Ahilyanagar,Local,"Prasanna Krushi Market, Tal Parnet, Dist Ahilyanagar",2270,700,1485.0,Maharashtra,Other
2026-07-01,Onion,23,Pune,Local,Pune(Khadiki) APMC,1100,700,900.0,Maharashtra,Local
2026-07-01,Onion,23,Nashik,Local,Manmad APMC,2340,400,2000.0,Maharashtra,Unhali
2026-07-01,Onion,23,Nagpur,Local,Nagpur APMC,2500,2000,2375.0,Maharashtra,Red
2026-07-01,Onion,23,Dhule,Local,Dhule APMC,2400,550,1830.0,Maharashtra,Red
2026-07-01,Onion,23,Mumbai,Local,Mumbai-Onion & Potato Market APMC,2700,1500,2100.0,Maharashtra,Other
2026-07-01,Onion,23,Nagpur,Local,Nagpur APMC,2500,2000,2375.0,Maharashtra,White
2026-07-01,Onion,23,Dhule,Local,Shirpur APMC,2450,300,1750.0,Maharashtra,Red
2026-07-02,Onion,23,Ahilyanagar,Local,Newasa APMC,2260,400,1800.0,Maharashtra,Unhali
2026-07-02,Onion,23,Nashik,Local,Nampur APMC,2185,300,1900.0,Maharashtra,Unhali
2026-07-02,Onion,23,Buldhana,Local,Malkapur APMC,2200,1200,1700.0,Maharashtra,Local
2026-07-02,Onion,23,Nashik,Local,Pimpalgaon Baswant APMC,3156,600,2225.0,Maharashtra,Unhali
2026-07-02,Onion,23,Nagpur,Local,Ramtek APMC,2000,1000,1500.0,Maharashtra,Unhali
2026-07-02,Onion,23,Dhule,Local,Sakri APMC,2100,1400,1800.0,Maharashtra,Unhali
2026-07-02,Onion,23,Pune,Local,Pune(Khadiki) APMC,1100,700,900.0,Maharashtra,Local
2026-07-02,Onion,23,Pune,Local,Pune(Moshi) APMC,2000,800,1400.0,Maharashtra,Local
2026-07-02,Onion,23,Palghar,Local,Kalyan APMC,2200,2100,2150.0,Maharashtra,2nd Sort
2026-07-02,Onion,23,Pune,Local,Khed(Chakan) APMC,2200,800,1700.0,Maharashtra,Other
2026-07-02,Onion,23,Nashik,Local,Devala APMC,2500,300,2050.0,Maharashtra,Unhali
2026-07-02,Onion,23,Nagpur,Local,Nagpur APMC,2500,2000,2375.0,Maharashtra,Red
2026-07-02,Onion,23,Nashik,Local,Manmad APMC,2375,300,2000.0,Maharashtra,Unhali
2026-07-02,Onion,23,Dharashiv,Local,Paranda APMC,2350,1000,1150.0,Maharashtra,Red
2026-07-02,Onion,23,Jalgaon,Local,Jalgaon APMC,2500,1000,1800.0,Maharashtra,Red
2026-07-02,Onion,23,Solapur,Local,"Laxmi-Sopan Agriculture Produce Marketing Co Ltd, Barshi, Dist Solapur",2400,600,2000.0,Maharashtra,Other
2026-07-02,Onion,23,Pune,Local,Manchar APMC,3000,1500,2260.0,Maharashtra,Other
2026-07-02,Onion,23,Nashik,Local,Umrane APMC,2700,900,1800.0,Maharashtra,Unhali
2026-07-03,Onion,23,Nashik,Local,Dindori APMC,2470,1550,2200.0,Maharashtra,Unhali
2026-07-03,Onion,23,Dhule,Local,Dhule APMC,2000,500,1420.0,Maharashtra,Red
2026-07-03,Onion,23,Pune,Local,Junnar(Narayangaon) APMC,2500,400,1500.0,Maharashtra,Chinchwad
2026-07-03,Onion,23,Ahilyanagar,Local,"Omchatinya Multi State Agro Purpose Co-Op Society, Dist Ahilyanagar",3000,400,1800.0,Maharashtra,Other
2026-07-03,Onion,23,Solapur,Local,Akluj APMC,2500,300,1600.0,Maharashtra,Other
2026-07-03,Onion,23,Jalgaon,Local,Jalgaon APMC,2750,925,1812.0,Maharashtra,Red
2026-07-03,Onion,23,Nashik,Local,Nasik APMC,2351,600,1750.0,Maharashtra,Unhali
2026-07-03,Onion,23,Nashik,Local,Lasalgaon APMC,2700,700,2200.0,Maharashtra,Unhali
2026-07-03,Onion,23,Ahilyanagar,Local,Kopargaon APMC,2295,600,1950.0,Maharashtra,Unhali
2026-07-03,Onion,23,Nagpur,Local,Kamthi APMC,3020,2520,2770.0,Maharashtra,Local
2026-07-03,Onion,23,Pune,Local,Khed(Chakan) APMC,2600,1000,1700.0,Maharashtra,Other
2026-07-04,Onion,23,Nashik,Local,Pimpalgaon Baswant(Saykheda) APMC,2500,1001,2150.0,Maharashtra,Unhali
2026-07-04,Onion,23,Jalgaon,Local,Bhusaval APMC,2200,1500,2000.0,Maharashtra,Unhali
2026-07-04,Onion,23,Nagpur,Local,Ramtek APMC,2000,1000,1500.0,Maharashtra,Unhali
2026-07-04,Onion,23,Nashik,Local,Lasalgaon(Niphad) APMC,2427,700,2200.0,Maharashtra,Unhali
2026-07-04,Onion,23,Dharashiv,Local,Dharashiv APMC,2500,2500,2500.0,Maharashtra,Red
2026-07-04,Onion,23,Solapur,Local,SHRI.SIDDHESHWAR  APMC,3200,100,1600.0,Maharashtra,Red
2026-07-04,Onion,23,Dhule,Local,Dhule APMC,2000,500,1420.0,Maharashtra,Red
2026-07-04,Onion,23,Satara,Local,Satara APMC,3000,1000,2000.0,Maharashtra,Other
2026-07-04,Onion,23,Nashik,Local,Nasik APMC,2400,650,1800.0,Maharashtra,Unhali
2026-07-04,Onion,23,Pune,Local,Khed(Chakan) APMC,2600,1000,1800.0,Maharashtra,Other
2026-07-04,Onion,23,Ahilyanagar,Local,Kopargaon APMC,2500,700,2000.0,Maharashtra,Unhali
2026-07-04,Onion,23,Solapur,Local,Mangal Wedha APMC,2500,600,2000.0,Maharashtra,Local
2026-07-04,Onion,23,Pune,Local,Pune(Khadiki) APMC,1100,700,900.0,Maharashtra,Local
2026-07-04,Onion,23,Pune,Local,Pune(Moshi) APMC,2000,1000,1500.0,Maharashtra,Local
2026-07-05,Onion,23,Chattrapati Sambhajinagar,Local,Chattrapati Sambhajinagar APMC,2400,700,1550.0,Maharashtra,Other
2026-07-05,Onion,23,Pune,Local,Khed(Chakan) APMC,2600,1000,1700.0,Maharashtra,Other
2026-07-05,Onion,23,Satara,Local,Satara APMC,2700,1000,1850.0,Maharashtra,Other
2026-07-05,Onion,23,Ahilyanagar,Local,Rahata APMC,3200,500,2350.0,Maharashtra,Other
2026-07-05,Onion,23,Ahilyanagar,Local,Pathardi APMC,2700,300,1500.0,Maharashtra,Red
2026-07-05,Onion,23,Pune,Local,Junnar(Otur) APMC,2600,1000,2200.0,Maharashtra,Unhali
2026-07-05,Onion,23,Pune,Local,Pune(Moshi) APMC,1800,1000,1400.0,Maharashtra,Local
2026-07-05,Onion,23,Nagpur,Local,Ramtek APMC,2000,1500,1700.0,Maharashtra,Unhali
2026-07-05,Onion,23,Pune,Local,Manchar APMC,3250,1910,2590.0,Maharashtra,Other
2026-07-05,Onion,23,Pune,Local,Pune(Pimpri) APMC,2300,1000,1650.0,Maharashtra,Local
2026-07-05,Onion,23,Solapur,Local,Akluj APMC,2500,200,1700.0,Maharashtra,Other
2026-07-05,Onion,23,Kolhapur,Local,Vadgaonpeth APMC,2500,1300,1700.0,Maharashtra,Local
2026-07-05,Onion,23,Beed,Local,Kada APMC,2800,200,2200.0,Maharashtra,Unhali
2026-07-05,Onion,23,Ahilyanagar,Local,Akole APMC,2901,401,2121.0,Maharashtra,Unhali
2026-07-05,Onion,23,Satara,Local,Vaduj APMC,2700,500,1500.0,Maharashtra,Local
2026-07-06,Onion,23,Nashik,Local,Umrane APMC,2800,900,2100.0,Maharashtra,Unhali
2026-07-06,Onion,23,Nashik,Local,Lasalgaon(Niphad) APMC,2578,800,2350.0,Maharashtra,Unhali
2026-07-06,Onion,23,Amarawati,Local,Amrawati(Frui & Veg. Market) APMC,3200,1200,2200.0,Maharashtra,Local
2026-07-06,Onion,23,Sangli,Local,"Sangli(Phale, Bhajipala Market) APMC",3000,1500,2250.0,Maharashtra,Local
2026-07-06,Onion,23,Pune,Local,Junnar(Narayangaon) APMC,2500,600,1550.0,Maharashtra,Chinchwad
2026-07-06,Onion,23,Nashik,Local,Pimpalgaon Baswant APMC,3252,600,2400.0,Maharashtra,Unhali
2026-07-06,Onion,23,Nashik,Local,Shivsiddha Govind Producer Company Ltd Sanchalit Khajgi Krushi Utpann Bajar Samati-Abhona-Kalwan,3200,600,2210.0,Maharashtra,Other
2026-07-06,Onion,23,Nashik,Local,Yeola APMC,2575,451,2150.0,Maharashtra,Unhali
2026-07-06,Onion,23,Mumbai,Local,Mumbai-Onion & Potato Market APMC,2600,1700,2150.0,Maharashtra,Other
2026-07-06,Onion,23,Pune,Local,Pune(Manjri) APMC,3200,2000,2800.0,Maharashtra,Local
2026-07-07,Onion,23,Dharashiv,Local,Dharashiv APMC,2500,850,1675.0,Maharashtra,Red
2026-07-07,Onion,23,Pune,Local,Indapur APMC,3600,300,1500.0,Maharashtra,Red
2026-07-07,Onion,23,Dhule,Local,Dhule APMC,2300,470,1800.0,Maharashtra,Red
2026-07-07,Onion,23,Chattrapati Sambhajinagar,Local,Chattrapati Sambhajinagar APMC,2450,750,1600.0,Maharashtra,Other
2026-07-07,Onion,23,Mumbai,Local,Mumbai-Onion & Potato Market APMC,2600,1700,2150.0,Maharashtra,Other
2026-07-07,Onion,23,Nashik,Local,Nandgaon APMC,2704,424,2350.0,Maharashtra,Unhali
2026-07-07,Onion,23,Sangli,Local,Vita APMC,2800,2000,2500.0,Maharashtra,Other
2026-07-07,Onion,23,Nashik,Local,AGRICULTURE PRODUCE MARKET COMITEE CHANDWAD,2799,325,2275.0,Maharashtra,Unhali
2026-07-07,Onion,23,Nashik,Local,Manmad APMC,2540,700,2350.0,Maharashtra,Unhali
2026-07-07,Onion,23,Nagpur,Local,Nagpur APMC,3000,2500,2875.0,Maharashtra,White
2026-07-07,Onion,23,Pune,Local,Pune(Moshi) APMC,2000,1000,1500.0,Maharashtra,Local
2026-07-07,Onion,23,Sangli,Local,"Sangli(Phale, Bhajipala Market) APMC",3000,1300,2150.0,Maharashtra,Local
2026-07-07,Onion,23,Nashik,Local,Kalvan APMC,3150,700,2250.0,Maharashtra,Unhali
2026-07-07,Onion,23,Pune,Local,Pune(Khadiki) APMC,1200,700,950.0,Maharashtra,Local
2026-07-07,Onion,23,Jalgaon,Local,Bhusaval APMC,2500,2000,2200.0,Maharashtra,Unhali
2026-07-08,Onion,23,Nashik,Local,Lasalgaon(Niphad) APMC,2512,700,2300.0,Maharashtra,Unhali
2026-07-08,Onion,23,Jalgaon,Local,Bhusaval APMC,2500,2500,2500.0,Maharashtra,Unhali
2026-07-08,Onion,23,Sangli,Local,"Sangli(Phale, Bhajipala Market) APMC",3000,1300,2150.0,Maharashtra,Local
2026-07-08,Onion,23,Satara,Local,Vaduj APMC,3000,2000,2500.0,Maharashtra,Local
2026-07-08,Onion,23,Pune,Local,Khed(Chakan) APMC,3000,1200,2500.0,Maharashtra,Other
2026-07-08,Onion,23,Chattrapati Sambhajinagar,Local,Lasur Station APMC,2581,600,1825.0,Maharashtra,Other
2026-07-08,Onion,23,Dhule,Local,Shirpur APMC,2525,300,2050.0,Maharashtra,Red
2026-07-09,Onion,23,Nashik,Local,Lasalgaon(Vinchur) APMC,2621,700,2200.0,Maharashtra,Unhali
2026-07-09,Onion,23,Nashik,Local,Dindori APMC,2600,2175,2350.0,Maharashtra,Unhali
2026-07-09,Onion,23,Chattrapati Sambhajinagar,Local,Paithan APMC,2275,1025,1805.0,Maharashtra,Unhali
2026-07-09,Onion,23,Nashik,Local,Kalvan APMC,3201,800,2050.0,Maharashtra,Unhali
2026-07-09,Onion,23,Dhule,Local,Dhule APMC,2400,540,1600.0,Maharashtra,Red
2026-07-09,Onion,23,Nashik,Local,"Malharshree Khajgi Krushi Utpann Bajar, Chandanpuri Tal Malegaon, Nashik",2311,421,1861.0,Maharashtra,Pole
2026-07-09,Onion,23,Nashik,Local,Pimpalgaon Baswant(Saykheda) APMC,2101,1100,1950.0,Maharashtra,Unhali
2026-07-09,Onion,23,Nashik,Local,"Shivsiddha Govind Producer Company Ltd Sanchalit Khajgi Krush Utpann Bajar, Samati-Nashik",3000,600,2135.0,Maharashtra,Other
2026-07-09,Onion,23,Akola,Local,Akola APMC,2600,1000,1600.0,Maharashtra,Other
2026-07-09,Onion,23,Nashik,Local,Satana APMC,3010,300,2200.0,Maharashtra,Unhali
2026-07-09,Onion,23,Ahilyanagar,Local,Newasa APMC,2500,500,1800.0,Maharashtra,Unhali
2026-07-09,Onion,23,Pune,Local,Pune(Pimpri) APMC,2600,2500,2550.0,Maharashtra,Local
2026-07-09,Onion,23,Nashik,Local,Dindori(Vani) APMC,2771,2085,2411.0,Maharashtra,Unhali
2026-07-09,Onion,23,Chattrapati Sambhajinagar,Local,Lasur Station APMC,2485,500,1800.0,Maharashtra,Other
2026-07-10,Onion,23,Kolhapur,Local,Vadgaonpeth APMC,2800,1500,1900.0,Maharashtra,Local
2026-07-10,Onion,23,Akola,Local,Akola APMC,2600,1000,1600.0,Maharashtra,Other
2026-07-10,Onion,23,Solapur,Local,Akluj APMC,2600,300,1800.0,Maharashtra,Other
2026-07-10,Onion,23,Sangli,Local,"Sangli(Phale, Bhajipala Market) APMC",2900,1200,2050.0,Maharashtra,Local
2026-07-10,Onion,23,Solapur,Local,SHRI.SIDDHESHWAR  APMC,3200,100,1850.0,Maharashtra,Red
2026-07-10,Onion,23,Dhule,Local,Dhule APMC,2350,500,1800.0,Maharashtra,Red
2026-07-10,Onion,23,Ahilyanagar,Local,"Omchatinya Multi State Agro Purpose Co-Op Society, Dist Ahilyanagar",3000,300,1950.0,Maharashtra,Other
2026-07-10,Onion,23,Nashik,Local,Pimpalgaon Baswant APMC,3063,500,2250.0,Maharashtra,Unhali
2026-07-10,Onion,23,Dharashiv,Local,Paranda APMC,2150,500,1600.0,Maharashtra,Red
2026-07-10,Onion,23,Nashik,Local,Manmad APMC,2502,350,2200.0,Maharashtra,Unhali
2026-07-10,Onion,23,Nashik,Local,Dindori APMC,2450,2000,2250.0,Maharashtra,Unhali
2026-07-10,Onion,23,Nashik,Local,Nampur APMC,2355,400,2000.0,Maharashtra,Unhali
2026-07-10,Onion,23,Ahilyanagar,Local,Pathardi APMC,2600,300,1600.0,Maharashtra,Red
2026-07-11,Onion,23,Dharashiv,Local,Dharashiv APMC,2700,1300,2000.0,Maharashtra,Red
2026-07-11,Onion,23,Nashik,Local,Kalvan APMC,3250,500,2000.0,Maharashtra,Unhali
2026-07-11,Onion,23,Solapur,Local,SHRI.SIDDHESHWAR  APMC,3200,100,1600.0,Maharashtra,Red
2026-07-12,Onion,23,Pune,Local,Junnar(Narayangaon) APMC,2600,500,1550.0,Maharashtra,Chinchwad
2026-07-12,Onion,23,Nagpur,Local,Nagpur APMC,2200,2000,2150.0,Maharashtra,Red
2026-07-12,Onion,23,Satara,Local,Vai APMC,2600,1800,2200.0,Maharashtra,Local
2026-07-12,Onion,23,Pune,Local,Pune(Manjri) APMC,2500,1500,2000.0,Maharashtra,Local
2026-07-12,Onion,23,Ahilyanagar,Local,Parner APMC,2800,500,1900.0,Maharashtra,Unhali
2026-07-12,Onion,23,Pune,Local,Khed(Chakan) APMC,2700,1000,1800.0,Maharashtra,Other
2026-07-12,Onion,23,Pune,Local,Junnar(Alephata) APMC,2710,1000,2100.0,Maharashtra,Chinchwad
2026-07-13,Onion,23,Ahilyanagar,Local,"Shree Sairaj Krushi Market, Dist Ahilyanagar",2500,200,1400.0,Maharashtra,Local
2026-07-13,Onion,23,Nashik,Local,Devala APMC,2655,500,2300.0,Maharashtra,Unhali
2026-07-13,Onion,23,Nashik,Local,Yeola APMC,2356,300,1850.0,Maharashtra,Unhali
2026-07-13,Onion,23,Chandrapur,Local,Chandrapur(Ganjwad) APMC,3500,2800,3000.0,Maharashtra,Other
2026-07-13,Onion,23,Pune,Local,Pune(Manjri) APMC,3000,1700,2200.0,Maharashtra,Local
2026-07-13,Onion,23,Mumbai,Local,Mumbai-Onion & Potato Market APMC,2500,1700,2100.0,Maharashtra,Other
2026-07-13,Onion,23,Pune,Local,Khed APMC,2200,1800,2000.0,Maharashtra,Fursungi
2026-07-13,Onion,23,Sangli,Local,Vita APMC,3000,2000,2600.0,Maharashtra,Other
2026-07-13,Onion,23,Ahilyanagar,Local,Shevgaon APMC,1700,1300,1500.0,Maharashtra,2nd Sort
2026-07-13,Onion,23,Nashik,Local,"Shivsiddha Govind Producer Company Ltd Sanchalit Khajgi Krush Utpann Bajar, Samati-Nashik",3200,600,2230.0,Maharashtra,Other
2026-07-13,Onion,23,Nashik,Local,Dindori APMC,2350,1700,2150.0,Maharashtra,Unhali
2026-07-14,Onion,23,Dharashiv,Local,Dharashiv APMC,3000,900,1950.0,Maharashtra,Red
2026-07-14,Onion,23,Pune,Local,Khed APMC,2500,1200,1800.0,Maharashtra,Fursungi
2026-07-14,Onion,23,Nagpur,Local,Kamthi APMC,4010,3510,3760.0,Maharashtra,Local
2026-07-14,Onion,23,Nashik,Local,Pimpalgaon Baswant(Saykheda) APMC,2400,1151,1950.0,Maharashtra,Unhali
2026-07-14,Onion,23,Amarawati,Local,Amrawati(Frui & Veg. Market) APMC,3200,1000,2100.0,Maharashtra,Local
2026-07-14,Onion,23,Kolhapur,Local,Kolhapur APMC,2700,600,1600.0,Maharashtra,Other
2026-07-14,Onion,23,Pune,Local,Khed(Chakan) APMC,2700,1000,2000.0,Maharashtra,Other
2026-07-14,Onion,23,Nashik,Local,Shivsiddha Govind Producer Company Ltd Sanchalit Khajgi Krushi Utpann Bajar Samati-Abhona-Kalwan,3250,600,2255.0,Maharashtra,Other
2026-07-14,Onion,23,Akola,Local,Akola APMC,2600,1000,1600.0,Maharashtra,Other
2026-07-15,Onion,23,Ahilyanagar,Local,"Prasanna Krushi Market, Tal Parnet, Dist Ahilyanagar",2510,610,1560.0,Maharashtra,Other
2026-07-15,Onion,23,Nashik,Local,Devala APMC,2580,500,2250.0,Maharashtra,Unhali
2026-07-15,Onion,23,Chattrapati Sambhajinagar,Local,Gangapur APMC,2600,400,1990.0,Maharashtra,Unhali
2026-07-15,Onion,23,Dhule,Local,Sakri APMC,2380,900,1600.0,Maharashtra,Unhali
2026-07-15,Onion,23,Nagpur,Local,Ramtek APMC,2500,2000,2300.0,Maharashtra,Unhali
2026-07-15,Onion,23,Dharashiv,Local,Paranda APMC,2100,1000,1550.0,Maharashtra,Red
2026-07-15,Onion,23,Nashik,Local,"Malharshree Khajgi Krushi Utpann Bajar, Chandanpuri Tal Malegaon, Nashik",2410,463,1817.0,Maharashtra,Other
2026-07-15,Onion,23,Dhule,Local,Dhule APMC,2150,700,1800.0,Maharashtra,Red
2026-07-15,Onion,23,Nashik,Local,Kalvan APMC,3500,700,2200.0,Maharashtra,Unhali
2026-07-15,Onion,23,Nagpur,Local,HINGNA - APMC,3000,2200,2566.0,Maharashtra,Red
2026-07-15,Onion,23,Satara,Local,Vai APMC,2000,1000,1530.0,Maharashtra,Local
2026-07-15,Onion,23,Nashik,Local,Lasalgaon APMC,2706,700,2200.0,Maharashtra,Unhali
2026-07-15,Onion,23,Ahilyanagar,Local,Shrirampur APMC,3000,900,2150.0,Maharashtra,Unhali
2026-07-16,Onion,23,Pune,Local,Pune(Khadiki) APMC,1200,700,950.0,Maharashtra,Local
2026-07-16,Onion,23,Pune,Local,Khed(Chakan) APMC,2600,1000,1800.0,Maharashtra,Other
2026-07-16,Onion,23,Ahilyanagar,Local,Karjat APMC,2200,300,1600.0,Maharashtra,Local
2026-07-16,Onion,23,Nashik,Local,Lasalgaon(Vinchur) APMC,2600,700,2200.0,Maharashtra,Unhali
2026-07-16,Onion,23,Pune,Local,Pune(Manjri) APMC,2600,1500,2200.0,Maharashtra,Local
2026-07-16,Onion,23,Ahilyanagar,Local,Jamkhed APMC,2300,400,1350.0,Maharashtra,Local
2026-07-16,Onion,23,Nashik,Local,Shivsiddha Govind Producer Company Ltd Sanchalit Khajgi Krushi Utpann Bajar Samati-Abhona-Kalwan,3230,500,2210.0,Maharashtra,Other
2026-07-16,Onion,23,Satara,Local,Satara APMC,2800,1000,1900.0,Maharashtra,Other
2026-07-16,Onion,23,Nashik,Local,Yeola APMC,2461,401,2100.0,Maharashtra,Unhali
2026-07-16,Onion,23,Nagpur,Local,HINGNA - APMC,3000,3000,3000.0,Maharashtra,Red
2026-07-16,Onion,23,Nashik,Local,Sinner APMC,2391,1000,2100.0,Maharashtra,Unhali
2026-07-17,Onion,23,Nashik,Local,Devala APMC,2460,600,2175.0,Maharashtra,Unhali
2026-07-17,Onion,23,Jalgaon,Local,Jalgaon APMC,2500,555,1500.0,Maharashtra,Red
2026-07-17,Onion,23,Kolhapur,Local,Kolhapur APMC,2600,600,1600.0,Maharashtra,Other
2026-07-17,Onion,23,Nashik,Local,"Malharshree Khajgi Krushi Utpann Bajar, Chandanpuri Tal Malegaon, Nashik",2315,355,1977.0,Maharashtra,Other
2026-07-17,Onion,23,Mumbai,Local,Mumbai-Onion & Potato Market APMC,2400,1500,1950.0,Maharashtra,Other
2026-07-17,Onion,23,Pune,Local,Junnar(Alephata) APMC,2710,1000,1800.0,Maharashtra,Chinchwad
2026-07-17,Onion,23,Pune,Local,Khed(Chakan) APMC,2700,1000,2000.0,Maharashtra,Other
2026-07-17,Onion,23,Nashik,Local,Yeola APMC,2525,500,2000.0,Maharashtra,Unhali
2026-07-17,Onion,23,Ahilyanagar,Local,"Omchatinya Multi State Agro Purpose Co-Op Society, Dist Ahilyanagar",2800,500,2050.0,Maharashtra,Other
2026-07-18,Onion,23,Ahilyanagar,Local,"Prasanna Krushi Market, Tal Parnet, Dist Ahilyanagar",2700,710,1705.0,Maharashtra,Other
2026-07-18,Onion,23,Pune,Local,Pune(Pimpri) APMC,2400,1100,1750.0,Maharashtra,Local
2026-07-18,Onion,23,Satara,Local,Satara APMC,2500,1000,1700.0,Maharashtra,Other
2026-07-18,Onion,23,Pune,Local,Junnar(Narayangaon) APMC,2500,400,1500.0,Maharashtra,Chinchwad
2026-07-18,Onion,23,Nashik,Local,Dindori(Vani) APMC,2575,1881,2221.0,Maharashtra,Unhali
2026-07-18,Onion,23,Amarawati,Local,Amrawati(Frui & Veg. Market) APMC,3500,700,2100.0,Maharashtra,Local
2026-07-19,Onion,23,Beed,Local,Kada APMC,2800,300,2400.0,Maharashtra,Unhali
2026-07-19,Onion,23,Chattrapati Sambhajinagar,Local,Paithan APMC,3100,350,2105.0,Maharashtra,Unhali
2026-07-19,Onion,23,Nagpur,Local,Kamthi APMC,3540,3040,3290.0,Maharashtra,Local
2026-07-19,Onion,23,Ahilyanagar,Local,Pathardi APMC,2600,300,1450.0,Maharashtra,Red
2026-07-19,Onion,23,Pune,Local,Pune(Manjri) APMC,2600,1500,2200.0,Maharashtra,Local
2026-07-20,Onion,23,Chattrapati Sambhajinagar,Local,Lasur Station APMC,2325,200,1700.0,Maharashtra,Other
2026-07-20,Onion,23,Sangli,Local,"Sangli(Phale, Bhajipala Market) APMC",2700,1300,1500.0,Maharashtra,Local
2026-07-20,Onion,23,Nagpur,Local,HINGNA - APMC,3000,2200,2580.0,Maharashtra,Red
2026-07-20,Onion,23,Mumbai,Local,Mumbai-Onion & Potato Market APMC,2300,1400,1850.0,Maharashtra,Other
2026-07-20,Onion,23,Pune,Local,Pune(Manjri) APMC,2500,1100,2000.0,Maharashtra,Local
2026-07-20,Onion,23,Satara,Local,Vai APMC,2700,1200,1602.0,Maharashtra,Local
2026-07-20,Onion,23,Nashik,Local,Nampur APMC,2405,300,2000.0,Maharashtra,Unhali
2026-07-21,Onion,23,Pune,Local,Pune(Moshi) APMC,2000,800,1400.0,Maharashtra,Local
2026-07-21,Onion,23,Pune,Local,Pune(Pimpri) APMC,1900,1500,1700.0,Maharashtra,Local
2026-07-21,Onion,23,Jalgaon,Local,Jalgaon APMC,2187,800,1500.0,Maharashtra,Red
2026-07-21,Onion,23,Nashik,Local,"Shivsiddha Govind Producer Company Ltd Sanchalit Khajgi Krush Utpann Bajar, Samati-Nashik",3300,500,2130.0,Maharashtra,Other
2026-07-21,Onion,23,Pune,Local,Junnar(Alephata) APMC,2800,1000,2000.0,Maharashtra,Chinchwad
2026-07-21,Onion,23,Pune,Local,Pune APMC,2600,1000,1800.0,Maharashtra,Local
2026-07-22,Onion,23,Dhule,Local,Dhule APMC,2200,700,1850.0,Maharashtra,Red
2026-07-22,Onion,23,Nashik,Local,Sinner APMC,2200,500,1950.0,Maharashtra,Unhali
2026-07-22,Onion,23,Dhule,Local,Shirpur APMC,2500,600,1850.0,Maharashtra,Red
2026-07-22,Onion,23,Dharashiv,Local,Paranda APMC,2050,1000,1280.0,Maharashtra,Red
2026-07-22,Onion,23,Nagpur,Local,HINGNA - APMC,3000,2800,2900.0,Maharashtra,Red
2026-07-22,Onion,23,Jalgaon,Local,Jalgaon APMC,2125,750,1450.0,Maharashtra,Red
2026-07-22,Onion,23,Nashik,Local,Manmad APMC,3535,375,2150.0,Maharashtra,Unhali
2026-07-22,Onion,23,Nashik,Local,AGRICULTURE PRODUCE MARKET COMITEE CHANDWAD,2745,920,2080.0,Maharashtra,Unhali
2026-07-22,Onion,23,Ahilyanagar,Local,Shrirampur APMC,3000,700,2150.0,Maharashtra,Unhali
2026-07-22,Onion,23,Ahilyanagar,Local,Parner APMC,2700,500,1650.0,Maharashtra,Unhali
2026-07-22,Onion,23,Kolhapur,Local,Kolhapur APMC,2700,600,1700.0,Maharashtra,Other
2026-07-22,Onion,23,Solapur,Local,Mangal Wedha APMC,2720,500,2100.0,Maharashtra,Local
2026-07-22,Onion,23,Satara,Local,Vai APMC,2800,1200,2000.0,Maharashtra,Local
2026-07-23,Onion,23,Chattrapati Sambhajinagar,Local,Gangapur APMC,2401,445,1910.0,Maharashtra,Unhali
2026-07-23,Onion,23,Mumbai,Local,Mumbai-Onion & Potato Market APMC,2500,1500,2000.0,Maharashtra,Other
2026-07-23,Onion,23,Akola,Local,Akola APMC,2500,1000,1700.0,Maharashtra,Other
2026-07-23,Onion,23,Dharashiv,Local,Dharashiv APMC,2800,1100,1950.0,Maharashtra,Red
2026-07-23,Onion,23,Nagpur,Local,HINGNA - APMC,3000,2000,2433.0,Maharashtra,Red
2026-07-23,Onion,23,Sangli,Local,Islampur APMC,2500,1000,1750.0,Maharashtra,Local
2026-07-23,Onion,23,Nashik,Local,"Malharshree Khajgi Krushi Utpann Bajar, Chandanpuri Tal Malegaon, Nashik",2300,321,1691.0,Maharashtra,Other
2026-07-23,Onion,23,Ahilyanagar,Local,Shevgaon APMC,1100,500,800.0,Maharashtra,Other
2026-07-23,Onion,23,Sangli,Local,Vita APMC,2800,2000,2500.0,Maharashtra,Other
2026-07-23,Onion,23,Dharashiv,Local,Paranda APMC,2100,1000,1850.0,Maharashtra,Red
2026-07-23,Onion,23,Nagpur,Local,Nagpur APMC,2800,1500,2475.0,Maharashtra,Red
2026-07-23,Onion,23,Pune,Local,Pune(Manjri) APMC,3000,1300,1700.0,Maharashtra,Local
2026-07-24,Onion,23,Nagpur,Local,Kamthi APMC,3520,3020,3270.0,Maharashtra,Local
2026-07-24,Onion,23,Nagpur,Local,HINGNA - APMC,3000,3000,3000.0,Maharashtra,Red
2026-07-24,Onion,23,Solapur,Local,SHRI.SIDDHESHWAR  APMC,3300,200,1700.0,Maharashtra,Red
2026-07-24,Onion,23,Palghar,Local,Kalyan APMC,1000,800,900.0,Maharashtra,2nd Sort
2026-07-25,Onion,23,Chattrapati Sambhajinagar,Local,Chattrapati Sambhajinagar APMC,2100,1100,1600.0,Maharashtra,Other
2026-07-25,Onion,23,Nagpur,Local,Nagpur APMC,2800,1500,2475.0,Maharashtra,Red
2026-07-25,Onion,23,Chandrapur,Local,Chandrapur(Ganjwad) APMC,3800,2800,3300.0,Maharashtra,Other
2026-07-25,Onion,23,Ahilyanagar,Local,Shevgaon APMC,900,500,900.0,Maharashtra,Other
2026-07-25,Onion,23,Ahilyanagar,Local,"Shree Sairaj Krushi Market, Dist Ahilyanagar",2600,400,1500.0,Maharashtra,Local
2026-07-26,Onion,23,Pune,Local,Junnar(Alephata) APMC,2750,1000,2200.0,Maharashtra,Chinchwad
2026-07-26,Onion,23,Pune,Local,Pune APMC,2600,900,1750.0,Maharashtra,Local
2026-07-27,Onion,23,Ahilyanagar,Local,"Shree Sairaj Krushi Market, Dist Ahilyanagar",2650,800,1725.0,Maharashtra,Local
2026-07-27,Onion,23,Nashik,Local,Manmad APMC,2486,400,2200.0,Maharashtra,Unhali
2026-07-27,Onion,23,Pune,Local,Pune(Moshi) APMC,2200,1000,1600.0,Maharashtra,Local
2026-07-27,Onion,23,Nashik,Local,AGRICULTURE PRODUCE MARKET COMITEE CHANDWAD,2670,1000,2190.0,Maharashtra,Unhali
2026-07-27,Onion,23,Pune,Local,Pune(Khadiki) APMC,1400,900,1050.0,Maharashtra,Local
2026-07-27,Onion,23,Pune,Local,Indapur APMC,2600,400,1200.0,Maharashtra,Red
2026-07-27,Onion,23,Akola,Local,Akola APMC,2600,1000,1500.0,Maharashtra,Other
2026-07-27,Onion,23,Nashik,Local,"Shivsiddha Govind Producer Company Ltd Sanchalit Khajgi Krush Utpann Bajar, Samati-Nashik",3150,600,2190.0,Maharashtra,Other
2026-07-27,Onion,23,Satara,Local,Satara APMC,2500,1000,1750.0,Maharashtra,Other
2026-07-27,Onion,23,Sangli,Local,Vita APMC,2800,2000,2600.0,Maharashtra,Other
2026-07-28,Onion,23,Dhule,Local,Dhule APMC,2450,1260,1500.0,Maharashtra,Red
2026-07-28,Onion,23,Pune,Local,Pune(Pimpri) APMC,2500,1500,2000.0,Maharashtra,Local
2026-07-28,Onion,23,Jalgaon,Local,Jalgaon APMC,2427,627,1550.0,Maharashtra,Red
2026-07-28,Onion,23,Ahilyanagar,Local,Pathardi APMC,2500,300,1450.0,Maharashtra,Red
2026-07-29,Onion,23,Pune,Local,Khed(Chakan) APMC,2500,1000,2000.0,Maharashtra,Other
2026-07-29,Onion,23,Pune,Local,Pune(Manjri) APMC,2400,1300,1800.0,Maharashtra,Local
2026-07-29,Onion,23,Dharashiv,Local,Paranda APMC,2150,1000,1480.0,Maharashtra,Red
2026-07-29,Onion,23,Pune,Local,Pune APMC,2600,1000,1800.0,Maharashtra,Local
2026-07-29,Onion,23,Kolhapur,Local,Kolhapur APMC,2600,600,1600.0,Maharashtra,Other
2026-07-29,Onion,23,Nagpur,Local,Nagpur APMC,2800,1700,2525.0,Maharashtra,Red
2026-07-29,Onion,23,Nashik,Local,"Shivsiddha Govind Producer Company Ltd Sanchalit Khajgi Krush Utpann Bajar, Samati-Nashik",3005,500,2120.0,Maharashtra,Other
2026-07-29,Onion,23,Pune,Local,Pune(Khadiki) APMC,1300,700,1000.0,Maharashtra,Local
2026-07-30,Onion,23,Pune,Local,Pune(Moshi) APMC,1500,800,1150.0,Maharashtra,Local
2026-07-30,Onion,23,Pune,Local,Junnar(Otur) APMC,2710,1000,2200.0,Maharashtra,Chinchwad
2026-07-30,Onion,23,Nagpur,Local,Nagpur APMC,2800,1700,2525.0,Maharashtra,Red
2026-07-30,Onion,23,Pune,Local,Junnar(Narayangaon) APMC,2500,500,1500.0,Maharashtra,Chinchwad
2026-07-30,Onion,23,Chandrapur,Local,Chandrapur(Ganjwad) APMC,4000,3000,3500.0,Maharashtra,Other
2026-07-30,Onion,23,Pune,Local,Pune APMC,2600,1000,1800.0,Maharashtra,Local
2026-07-30,Onion,23,Solapur,Local,SHRI.SIDDHESHWAR  APMC,3300,200,1800.0,Maharashtra,Red
2026-07-30,Onion,23,Pune,Local,Pune(Khadiki) APMC,1300,700,1000.0,Maharashtra,Local
2026-07-31,Onion,23,Mumbai,Local,Mumbai-Onion & Potato Market APMC,2400,1200,1800.0,Maharashtra,Other
2026-07-31,Onion,23,Nagpur,Local,Kamthi APMC,3570,3070,3320.0,Maharashtra,Local
2026-07-31,Onion,23,Nashik,Local,"Malharshree Khajgi Krushi Utpann Bajar, Chandanpuri Tal Malegaon, Nashik",2219,550,1894.0,Maharashtra,Other
2026-07-31,Onion,23,Dharashiv,Local,Dharashiv APMC,3000,2000,2500.0,Maharashtra,Red
2026-07-31,Onion,23,Nashik,Local,Manmad APMC,2500,800,2200.0,Maharashtra,Unhali
2026-08-01,Onion,23,Ahilyanagar,Local,Rahuri(Vambori) ,2700,200,2000.0,Maharashtra,Unhali
2026-08-01,Onion,23,Amarawati,Local,Amrawati(Frui & Veg. Market) APMC,3800,1000,2400.0,Maharashtra,Local
2026-08-01,Onion,23,Ahilyanagar,Local,Shevgaon APMC,2800,2100,2100.0,Maharashtra,1st Sort
2026-08-01,Onion,23,Ahilyanagar,Local,Shevgaon APMC,2000,1300,2000.0,Maharashtra,2nd Sort
2026-08-01,Onion,23,Dharashiv,Local,Dharashiv APMC,2800,1700,2250.0,Maharashtra,Red
2026-08-01,Onion,23,Sangli,Local,APMC Vita ,3000,2000,2600.0,Maharashtra,Other
2026-08-01,Onion,23,Ahilyanagar,Local,Newasa(Ghodegaon) ,2500,500,2000.0,Maharashtra,Unhali
2026-08-01,Onion,23,Nashik,Local,APMC Kalvan ,3410,700,2200.0,Maharashtra,Unhali
2026-08-01,Onion,23,Kolhapur,Local,Vadgaonpeth APMC,2900,1800,2300.0,Maharashtra,Local
2026-08-01,Onion,23,Satara,Local,Vaduj APMC,2800,2000,2500.0,Maharashtra,Local
2026-08-01,Onion,23,Kolhapur,Local,Kolhapur APMC,2800,600,1800.0,Maharashtra,Other
2026-08-01,Onion,23,Nagpur,Local,Nagpur APMC,3500,3000,3375.0,Maharashtra,White
2026-08-01,Onion,23,Satara,Local,Satara APMC,2500,1000,1750.0,Maharashtra,Other
2026-08-01,Onion,23,Mumbai,Local,Mumbai-Onion & Potato Market APMC,2500,1300,1900.0,Maharashtra,Other
2026-08-01,Onion,23,Nashik,Local,APMC Pimpalgaon Baswant ,3271,500,2175.0,Maharashtra,Unhali
2026-08-02,Onion,23,Chattrapati Sambhajinagar,Local,APMC Gangapur ,2500,315,1985.0,Maharashtra,Unhali
2026-08-02,Onion,23,Chattrapati Sambhajinagar,Local,Chattrapati Sambhajinagar APMC,2500,700,1600.0,Maharashtra,Other
2026-08-02,Onion,23,Pune,Local,Junnar(Otur) APMC,2700,600,1800.0,Maharashtra,Unhali
2026-08-02,Onion,23,Ahilyanagar,Local,Akole APMC,2701,511,2111.0,Maharashtra,Unhali
2026-08-02,Onion,23,Pune,Local,Junnar(Narayangaon) APMC,2500,700,1600.0,Maharashtra,Chinchwad
2026-08-02,Onion,23,Solapur,Local,Akluj APMC,2600,400,1700.0,Maharashtra,Other
2026-08-02,Onion,23,Sangli,Local,Islampur APMC,2500,1000,1750.0,Maharashtra,Local
2026-08-02,Onion,23,Ahilyanagar,Local,APMC Newasa ,2500,700,2000.0,Maharashtra,Unhali
2026-08-02,Onion,23,Nagpur,Local,Kamthi APMC,4020,3520,3770.0,Maharashtra,Local
2026-08-02,Onion,23,Ahilyanagar,Local,"Omchatinya Multi State Agro Purpose Co-Op Society, Dist Ahilyanagar",3000,500,2150.0,Maharashtra,Other
2026-08-02,Onion,23,Satara,Local,APMC Lonand ,2300,450,1800.0,Maharashtra,Unhali
2026-08-02,Onion,23,Beed,Local,APMC Kada ,2800,300,2500.0,Maharashtra,Unhali
2026-08-03,Onion,23,Nashik,Local,APMC Nasik ,2511,750,2000.0,Maharashtra,Unhali
2026-08-03,Onion,23,Nashik,Local,APMC Kalvan ,3555,800,2200.0,Maharashtra,Unhali
2026-08-03,Onion,23,Chattrapati Sambhajinagar,Local,APMC Gangapur ,2605,205,2000.0,Maharashtra,Unhali
2026-08-03,Onion,23,Nashik,Local,APMC Lasalgaon ,2525,700,2125.0,Maharashtra,Unhali
2026-08-03,Onion,23,Pune,Local,Pune(Khadiki) APMC,1300,800,1050.0,Maharashtra,Local
2026-08-03,Onion,23,Ahilyanagar,Local,Rahuri(Vambori) ,2800,200,2100.0,Maharashtra,Unhali
2026-08-03,Onion,23,Satara,Local,Vaduj APMC,2800,2000,2500.0,Maharashtra,Local
2026-08-03,Onion,23,Nashik,Local,Shivsiddha Govind Producer Company Ltd Sanchalit Khajgi Krushi Utpann Bajar Samati-Abhona-Kalwan,3100,550,2210.0,Maharashtra,Other
2026-08-03,Onion,23,Nagpur,Local,HINGNA - APMC,2800,2500,2633.0,Maharashtra,Red
2026-08-03,Onion,23,Ahilyanagar,Local,APMC Shevgaon ,1300,500,900.0,Maharashtra,Other
2026-08-03,Onion,23,Satara,Local,APMC Satara ,2500,1000,1750.0,Maharashtra,Other
2026-08-03,Onion,23,Solapur,Local,Kurdwadi(Modnimb) APMC,2800,600,2000.0,Maharashtra,Red
2026-08-03,Onion,23,Palghar,Local,Kalyan APMC,2600,1800,2200.0,Maharashtra,1st Sort
2026-08-03,Onion,23,Chattrapati Sambhajinagar,Local,APMC Paithan ,2155,100,1905.0,Maharashtra,Unhali
2026-08-03,Onion,23,Nashik,Local,"Shivsiddha Govind Producer Company Ltd Sanchalit Khajgi Krush Utpann Bajar, Samati-Nashik",3100,550,2210.0,Maharashtra,Other
2026-08-04,Onion,23,Jalgaon,Local,APMC Jalgaon ,2500,750,1625.0,Maharashtra,Red
2026-08-04,Onion,23,Buldhana,Local,Malkapur APMC,2600,1000,1800.0,Maharashtra,Local
2026-08-04,Onion,23,Mumbai,Local,Mumbai-Onion & Potato Market APMC,2500,1300,1900.0,Maharashtra,Other
2026-08-04,Onion,23,Satara,Local,Karad APMC,2500,1500,2500.0,Maharashtra,Halva
2026-08-04,Onion,23,Sangli,Local,APMC Vita ,3000,2000,2600.0,Maharashtra,Other
2026-08-04,Onion,23,Ahilyanagar,Local,"Omchatinya Multi State Agro Purpose Co-Op Society, Dist Ahilyanagar",3000,500,2150.0,Maharashtra,Other
2026-08-04,Onion,23,Ahilyanagar,Local,Rahata APMC,3000,400,1800.0,Maharashtra,Other
2026-08-04,Onion,23,Nashik,Local,APMC Nasik ,2400,600,1850.0,Maharashtra,Unhali
2026-08-04,Onion,23,Ahilyanagar,Local,Pathardi APMC,2600,300,1450.0,Maharashtra,Red
2026-08-04,Onion,23,Nashik,Local,APMC Lasalgaon ,2651,700,2200.0,Maharashtra,Unhali
2026-08-04,Onion,23,Nashik,Local,APMC Nampur,2290,250,2000.0,Maharashtra,Unhali
2026-08-04,Onion,23,Nashik,Local,APMC Pimpalgaon Baswant ,3151,500,2250.0,Maharashtra,Unhali
2026-08-04,Onion,23,Nashik,Local,Pimpalgaon Baswant(Saykheda) ,2301,1000,1970.0,Maharashtra,Unhali
2026-08-04,Onion,23,Nagpur,Local,Nagpur APMC,2600,1800,2400.0,Maharashtra,Red
2026-08-04,Onion,23,Nagpur,Local,HINGNA - APMC,3000,2400,2700.0,Maharashtra,Red
2026-08-04,Onion,23,Solapur,Local,SHRI.SIDDHESHWAR  APMC,3500,200,2000.0,Maharashtra,Red
2026-08-04,Onion,23,Palghar,Local,Kalyan APMC,2200,1800,2000.0,Maharashtra,2nd Sort
2026-08-05,Onion,23,Nashik,Local,"Shivsiddha Govind Producer Company Ltd Sanchalit Khajgi Krush Utpann Bajar, Samati-Nashik",3611,600,2260.0,Maharashtra,Other
2026-08-05,Onion,23,Nashik,Local,Dindori(Vani) ,2777,1895,2331.0,Maharashtra,Unhali
2026-08-05,Onion,23,Nashik,Local,APMC Lasalgaon ,2690,700,2200.0,Maharashtra,Unhali
2026-08-05,Onion,23,Nashik,Local,APMC Umrane,2801,900,2100.0,Maharashtra,Unhali
2026-08-05,Onion,23,Nashik,Local,Devala APMC,2385,600,2200.0,Maharashtra,Unhali
2026-08-05,Onion,23,Nashik,Local,APMC Pimpalgaon Baswant ,3280,400,2275.0,Maharashtra,Unhali
2026-08-05,Onion,23,Pune,Local,Pune(Pimpri) APMC,2300,1300,1800.0,Maharashtra,Local
2026-08-05,Onion,23,Ahilyanagar,Local,APMC Sangamner ,2951,500,1725.0,Maharashtra,Unhali
2026-08-05,Onion,23,Mumbai,Local,Mumbai-Onion & Potato Market ,2400,1200,1800.0,Maharashtra,Other
2026-08-05,Onion,23,Pune,Local,Khed(Chakan) ,2600,1200,2100.0,Maharashtra,Other
2026-08-05,Onion,23,Dharashiv,Local,APMC Paranda ,2100,1000,1450.0,Maharashtra,Red
2026-08-05,Onion,23,Pune,Local,Pune(Khadiki) APMC,1300,700,1000.0,Maharashtra,Local
2026-08-05,Onion,23,Amarawati,Local,Amrawati(Frui & Veg. Market) APMC,3600,1000,2300.0,Maharashtra,Local
2026-08-05,Onion,23,Nashik,Local,Lasalgaon(Niphad) ,2411,700,2150.0,Maharashtra,Unhali
2026-08-06,Onion,23,Satara,Local,APMC Lonand ,2470,500,1900.0,Maharashtra,Unhali
2026-08-06,Onion,23,Dharashiv,Local,APMC Paranda ,2150,1000,1480.0,Maharashtra,Red
2026-08-06,Onion,23,Kolhapur,Local,Kolhapur APMC,2700,600,1800.0,Maharashtra,Other
2026-08-06,Onion,23,Akola,Local,Akola APMC,2600,800,1600.0,Maharashtra,Other
2026-08-06,Onion,23,Ahilyanagar,Local,Jamkhed APMC,2600,400,1500.0,Maharashtra,Local
2026-08-06,Onion,23,Mumbai,Local,Mumbai-Onion & Potato Market ,2600,1400,2000.0,Maharashtra,Other
2026-08-06,Onion,23,Chattrapati Sambhajinagar,Local,Lasur Station APMC,2451,300,1825.0,Maharashtra,Other
2026-08-06,Onion,23,Thane,Local,APMC Kalyan ,2300,2100,2200.0,Maharashtra,1st Sort
2026-08-06,Onion,23,Dharashiv,Local,Paranda APMC,2150,1000,1480.0,Maharashtra,Red
2026-08-06,Onion,23,Nashik,Local,Lasalgaon(Vinchur) ,2690,600,2200.0,Maharashtra,Unhali
2026-08-06,Onion,23,Chattrapati Sambhajinagar,Local,Chattrapati Sambhajinagar APMC,2400,700,1550.0,Maharashtra,Other
2026-08-06,Onion,23,Sangli,Local,Islampur APMC,2700,1400,2000.0,Maharashtra,Local
2026-08-06,Onion,23,Sangli,Local,"Sangli(Phale, Bhajipala Market) APMC",3100,1000,2050.0,Maharashtra,Local
2026-08-06,Onion,23,Chattrapati Sambhajinagar,Local,APMC Vaijpur ,2400,500,2000.0,Maharashtra,Unhali
2026-08-06,Onion,23,Ahilyanagar,Local,Rahuri(Vambori) ,2700,200,2100.0,Maharashtra,Unhali
2026-08-06,Onion,23,Solapur,Local,SHRI.SIDDHESHWAR  APMC,3500,200,1800.0,Maharashtra,Red
2026-08-06,Onion,23,Pune,Local,Khed(Chakan) ,2700,1000,2200.0,Maharashtra,Other
2026-08-06,Onion,23,Ahilyanagar,Local,APMC Shevgaon ,1700,500,1300.0,Maharashtra,Other
2026-08-06,Onion,23,Ahilyanagar,Local,APMC Shevgaon ,2300,1800,2000.0,Maharashtra,2nd Sort
2026-08-06,Onion,23,Nashik,Local,APMC Umrane,2750,900,2100.0,Maharashtra,Unhali
2026-08-06,Onion,23,Nashik,Local,APMC Devala ,2450,600,2200.0,Maharashtra,Unhali
2026-08-06,Onion,23,Nashik,Local,APMC Manmad ,2571,300,2250.0,Maharashtra,Unhali
2026-08-06,Onion,23,Satara,Local,Vaduj APMC,2700,1000,1800.0,Maharashtra,Local
2026-08-06,Onion,23,Pune,Local,Pune(Moshi) APMC,2500,1000,1750.0,Maharashtra,Local
2026-08-06,Onion,23,Nashik,Local,Pimpalgaon Baswant(Saykheda) APMC,2100,1100,1850.0,Maharashtra,Unhali
2026-08-06,Onion,23,Nashik,Local,APMC Satana ,2750,300,1975.0,Maharashtra,Unhali
2026-08-07,Onion,23,Solapur,Local,"Laxmi-Sopan Agriculture Produce Marketing Co Ltd, Barshi, Dist Solapur",2000,600,1400.0,Maharashtra,Other
2026-08-07,Onion,23,Akola,Local,Akola APMC,2600,1000,1600.0,Maharashtra,Other
2026-08-07,Onion,23,Solapur,Local,Akluj APMC,3100,500,2000.0,Maharashtra,Red
2026-08-07,Onion,23,Nashik,Local,APMC Chandwad ,2785,300,2180.0,Maharashtra,Unhali
2026-08-07,Onion,23,Nashik,Local,APMC Devala ,2700,700,2250.0,Maharashtra,Unhali
2026-08-07,Onion,23,Nashik,Local,APMC Nandgaon ,2480,300,2050.0,Maharashtra,Unhali
2026-08-07,Onion,23,Nashik,Local,Lasalgaon(Vinchur) ,2525,600,2150.0,Maharashtra,Unhali
2026-08-07,Onion,23,Ahilyanagar,Local,Rahuri APMC,3210,200,1705.0,Maharashtra,Other
2026-08-07,Onion,23,Nashik,Local,Pimpalgaon Baswant(Saykheda) ,2341,1000,2000.0,Maharashtra,Unhali
2026-08-07,Onion,23,Solapur,Local,APMC Akluj ,3100,500,2000.0,Maharashtra,Red
2026-08-07,Onion,23,Chattrapati Sambhajinagar,Local,APMC Gangapur ,2611,350,1960.0,Maharashtra,Unhali
2026-08-07,Onion,23,Nashik,Local,Manmad APMC,2202,500,2100.0,Maharashtra,Unhali
2026-08-07,Onion,23,Kolhapur,Local,APMC Kolhapur ,2700,700,1900.0,Maharashtra,Other
2026-08-07,Onion,23,Pune,Local,APMC Indapur ,3200,500,1400.0,Maharashtra,Red
2026-08-07,Onion,23,Jalgaon,Local,APMC Jalgaon ,2552,500,1500.0,Maharashtra,Red
2026-08-07,Onion,23,Ahilyanagar,Local,"Omchatinya Multi State Agro Purpose Co-Op Society, Dist Ahilyanagar",3200,500,2200.0,Maharashtra,Other
2026-08-07,Onion,23,Chattrapati Sambhajinagar,Local,APMC Vaijpur ,2401,800,2000.0,Maharashtra,Unhali
2026-08-08,Onion,23,Nashik,Local,APMC Lasalgaon ,2751,700,2180.0,Maharashtra,Unhali
2026-08-08,Onion,23,Kolhapur,Local,Vadgaonpeth APMC,2800,2000,2100.0,Maharashtra,Local
2026-08-08,Onion,23,Nashik,Local,APMC Nasik ,2750,750,2100.0,Maharashtra,Unhali
2026-08-08,Onion,23,Nashik,Local,APMC Yeola ,2420,450,2000.0,Maharashtra,Unhali
2026-08-08,Onion,23,Solapur,Local,APMC Solapur ,3600,200,1950.0,Maharashtra,Red
2026-08-08,Onion,23,Pune,Local,Pune(Pimpri) APMC,2500,1000,1750.0,Maharashtra,Local
2026-08-08,Onion,23,Nagpur,Local,Nagpur APMC,2800,2000,2600.0,Maharashtra,Red
2026-08-08,Onion,23,Chattrapati Sambhajinagar,Local,APMC Chattrapati Sambhajinagar ,2500,900,1700.0,Maharashtra,Other
2026-08-08,Onion,23,Ahilyanagar,Local,APMC Shevgaon ,3100,1800,2500.0,Maharashtra,1st Sort
2026-08-08,Onion,23,Dhule,Local,APMC Sakri ,2635,1800,2100.0,Maharashtra,Unhali
2026-08-08,Onion,23,Solapur,Local,SHRI.SIDDHESHWAR  APMC,3600,200,1950.0,Maharashtra,Red
2026-08-08,Onion,23,Mumbai,Local,Mumbai-Onion & Potato Market ,2500,1300,1900.0,Maharashtra,Other
2026-08-08,Onion,23,Satara,Local,APMC Satara ,2500,1000,1750.0,Maharashtra,Other
2026-08-08,Onion,23,Ahilyanagar,Local,"Prasanna Krushi Market, Tal Parnet, Dist Ahilyanagar",2550,750,1650.0,Maharashtra,Other
2026-08-08,Onion,23,Chattrapati Sambhajinagar,Local,APMC Paithan ,2500,1000,1850.0,Maharashtra,Unhali
2026-08-09,Onion,23,Dharashiv,Local,APMC Dharashiv ,2800,1000,1900.0,Maharashtra,Red
2026-08-09,Onion,23,Amarawati,Local,Amrawati(Frui & Veg. Market) APMC,3700,1000,2350.0,Maharashtra,Local
2026-08-09,Onion,23,Pune,Local,Junnar APMC,3000,1000,2200.0,Maharashtra,Chinchwad
2026-08-09,Onion,23,Chattrapati Sambhajinagar,Local,APMC Chattrapati Sambhajinagar ,2550,650,1600.0,Maharashtra,Other
2026-08-09,Onion,23,Beed,Local,APMC Kada ,3100,500,2400.0,Maharashtra,Unhali
2026-08-10,Onion,23,Sangli,Local,"Sangli(Phale, Bhajipala Market) APMC",2800,1000,1900.0,Maharashtra,Local
2026-08-10,Onion,23,Chattrapati Sambhajinagar,Local,Lasur Station APMC,2560,250,1850.0,Maharashtra,Other
2026-08-10,Onion,23,Ahilyanagar,Local,APMC Shrirampur ,3100,900,2250.0,Maharashtra,Unhali
2026-08-10,Onion,23,Mumbai,Local,Mumbai-Onion & Potato Market ,2500,1300,1900.0,Maharashtra,Other
2026-08-10,Onion,23,Dhule,Local,Dhule APMC,2400,500,1900.0,Maharashtra,Red
2026-08-10,Onion,23,Solapur,Local,Mangal Wedha APMC,3000,1100,2410.0,Maharashtra,Local
2026-08-10,Onion,23,Satara,Local,Vaduj APMC,3000,1500,2500.0,Maharashtra,Local
2026-08-10,Onion,23,Ahilyanagar,Local,Shevgaon APMC,3100,2000,2700.0,Maharashtra,1st Sort
2026-08-10,Onion,23,Satara,Local,Karad APMC,1800,500,1800.0,Maharashtra,Halva
2026-08-10,Onion,23,Chattrapati Sambhajinagar,Local,APMC Vaijpur ,2611,800,2100.0,Maharashtra,Unhali
2026-08-10,Onion,23,Nashik,Local,APMC Umrane,3001,900,2300.0,Maharashtra,Unhali
2026-08-10,Onion,23,Solapur,Local,Kurdwadi(Modnimb) APMC,2550,400,1800.0,Maharashtra,Red
2026-08-10,Onion,23,Nashik,Local,APMC Sinner ,2455,700,2350.0,Maharashtra,Unhali
2026-08-10,Onion,23,Satara,Local,Satara APMC,2500,1000,1750.0,Maharashtra,Other
2026-08-10,Onion,23,Nashik,Local,APMC Manmad ,2601,300,2250.0,Maharashtra,Unhali
2026-08-10,Onion,23,Ahilyanagar,Local,Shevgaon APMC,1900,1400,1700.0,Maharashtra,2nd Sort
2026-08-10,Onion,23,Dhule,Local,"Pratap Nana Mahale Khajgi Krushi Uttpana Bazar, Samati-Dhule",2100,2100,2100.0,Maharashtra,White
2026-08-10,Onion,23,Nashik,Local,Yeola APMC,2576,400,2100.0,Maharashtra,Unhali
2026-08-10,Onion,23,Nashik,Local,Nampur APMC,2500,325,2250.0,Maharashtra,Unhali
2026-08-10,Onion,23,Satara,Local,APMC Lonand ,2555,500,2000.0,Maharashtra,Unhali
2026-08-11,Onion,23,Ahilyanagar,Local,Rahata APMC,3600,400,2300.0,Maharashtra,Other
2026-08-11,Onion,23,Pune,Local,Khed(Chakan) APMC,2700,1000,2200.0,Maharashtra,Other
2026-08-11,Onion,23,Chattrapati Sambhajinagar,Local,Chattrapati Sambhajinagar APMC,2700,800,1750.0,Maharashtra,Other
2026-08-11,Onion,23,Chattrapati Sambhajinagar,Local,APMC Vaijpur ,2675,800,2050.0,Maharashtra,Unhali
2026-08-11,Onion,23,Pune,Local,APMC Indapur ,2600,500,1400.0,Maharashtra,Red
2026-08-11,Onion,23,Jalgaon,Local,APMC Jalgaon ,2400,762,1575.0,Maharashtra,Red
2026-08-11,Onion,23,Thane,Local,APMC Kalyan ,2500,2400,2450.0,Maharashtra,1st Sort
2026-08-11,Onion,23,Dhule,Local,APMC Sakri ,2300,1700,2000.0,Maharashtra,Unhali
2026-08-11,Onion,23,Akola,Local,Akola APMC,2600,1000,1600.0,Maharashtra,Other
2026-08-11,Onion,23,Pune,Local,Pune APMC,2800,1200,2000.0,Maharashtra,Local
2026-08-11,Onion,23,Ahilyanagar,Local,APMC Akole ,3000,651,2251.0,Maharashtra,Unhali
2026-08-11,Onion,23,Satara,Local,Karad APMC,1700,1000,1700.0,Maharashtra,Halva
2026-08-11,Onion,23,Nagpur,Local,Nagpur APMC,3500,3000,3375.0,Maharashtra,White
2026-08-11,Onion,23,Solapur,Local,SHRI.SIDDHESHWAR  APMC,3500,200,1900.0,Maharashtra,Red
2026-08-11,Onion,23,Nagpur,Local,HINGNA - APMC,3000,3000,3000.0,Maharashtra,Red
2026-08-11,Onion,23,Dharashiv,Local,Dharashiv APMC,3000,1100,2050.0,Maharashtra,Red
2026-08-11,Onion,23,Akola,Local,APMC Akola ,2600,1000,1600.0,Maharashtra,Other
2026-08-11,Onion,23,Ahilyanagar,Local,APMC Rahata ,3600,400,2300.0,Maharashtra,Other
2026-08-11,Onion,23,Nashik,Local,"Malharshree Khajgi Krushi Utpann Bajar, Chandanpuri Tal Malegaon, Nashik",2495,645,2214.0,Maharashtra,Other
2026-08-11,Onion,23,Ahilyanagar,Local,APMC Kopargaon ,2728,1000,2400.0,Maharashtra,Unhali
2026-08-12,Onion,23,Chattrapati Sambhajinagar,Local,APMC Vaijpur ,2901,800,2600.0,Maharashtra,Unhali
2026-08-12,Onion,23,Nashik,Local,APMC Lasalgaon ,3001,800,2685.0,Maharashtra,Unhali
2026-08-12,Onion,23,Thane,Local,APMC Kalyan ,2500,2400,2450.0,Maharashtra,1st Sort
2026-08-12,Onion,23,Akola,Local,APMC Akola ,2700,1000,1600.0,Maharashtra,Other
2026-08-12,Onion,23,Amarawati,Local,Amrawati(Frui & Veg. Market) APMC,3600,1000,2300.0,Maharashtra,Local
2026-08-12,Onion,23,Pune,Local,Khed(Chakan) ,2700,1000,2200.0,Maharashtra,Other
2026-08-12,Onion,23,Beed,Local,APMC Kada ,3500,800,2700.0,Maharashtra,Unhali
2026-08-12,Onion,23,Satara,Local,Vai APMC,2800,1200,2300.0,Maharashtra,Local
2026-08-12,Onion,23,Pune,Local,Junnar(Narayangaon) APMC,2700,800,1800.0,Maharashtra,Chinchwad
2026-08-12,Onion,23,Pune,Local,Khed(Chakan) APMC,2700,1000,2200.0,Maharashtra,Other
2026-08-12,Onion,23,Chattrapati Sambhajinagar,Local,Chattrapati Sambhajinagar APMC,2600,650,1625.0,Maharashtra,Other
2026-08-12,Onion,23,Nashik,Local,APMC Sinner ,2651,1000,2500.0,Maharashtra,Unhali
2026-08-12,Onion,23,Dharashiv,Local,Dharashiv APMC,3000,1500,2250.0,Maharashtra,Red
2026-08-12,Onion,23,Chattrapati Sambhajinagar,Local,APMC Paithan ,3300,500,2550.0,Maharashtra,Unhali
2026-08-12,Onion,23,Ahilyanagar,Local,APMC Sangamner ,3500,500,2000.0,Maharashtra,Unhali
2026-08-13,Onion,23,Pune,Local,APMC Indapur ,2500,700,1400.0,Maharashtra,Red
2026-08-13,Onion,23,Pune,Local,Pune(Pimpri) APMC,2500,1500,2000.0,Maharashtra,Local
2026-08-13,Onion,23,Ahilyanagar,Local,Rahuri(Vambori) ,3500,500,2500.0,Maharashtra,Unhali
2026-08-13,Onion,23,Satara,Local,Vai APMC,2500,2200,2350.0,Maharashtra,Local
2026-08-13,Onion,23,Solapur,Local,Mangal Wedha APMC,2700,1200,2520.0,Maharashtra,Local
2026-08-13,Onion,23,Pune,Local,Khed APMC,2500,1500,2000.0,Maharashtra,Fursungi
2026-08-13,Onion,23,Chattrapati Sambhajinagar,Local,APMC Vaijpur ,3251,800,2700.0,Maharashtra,Unhali
2026-08-13,Onion,23,Nagpur,Local,HINGNA - APMC,3000,3000,3000.0,Maharashtra,Red
2026-08-13,Onion,23,Jalgaon,Local,Jalgaon APMC,2777,700,1750.0,Maharashtra,Red
2026-08-13,Onion,23,Nashik,Local,APMC Nasik ,3500,1200,2650.0,Maharashtra,Unhali
2026-08-13,Onion,23,Ahilyanagar,Local,APMC Akole ,3401,701,2601.0,Maharashtra,Unhali
2026-08-13,Onion,23,Satara,Local,Karad APMC,2500,1500,2500.0,Maharashtra,Halva
2026-08-13,Onion,23,Nagpur,Local,APMC Hingna,3000,3000,3000.0,Maharashtra,Red
2026-08-13,Onion,23,Solapur,Local,SHRI.SIDDHESHWAR  APMC,4000,500,2200.0,Maharashtra,Red
2026-08-13,Onion,23,Solapur,Local,APMC Solapur ,4000,500,2200.0,Maharashtra,Red
2026-08-13,Onion,23,Chattrapati Sambhajinagar,Local,Chattrapati Sambhajinagar APMC,3000,500,1750.0,Maharashtra,Other
2026-08-13,Onion,23,Palghar,Local,Kalyan APMC,2400,2200,2300.0,Maharashtra,1st Sort
2026-08-13,Onion,23,Kolhapur,Local,Kolhapur APMC,3700,600,2200.0,Maharashtra,Other
2026-08-13,Onion,23,Nashik,Local,APMC Manmad ,3200,500,2950.0,Maharashtra,Unhali
2026-08-13,Onion,23,Ahilyanagar,Local,Shevgaon APMC,1700,700,1300.0,Maharashtra,Other
2026-08-13,Onion,23,Ahilyanagar,Local,Shevgaon APMC,4100,2600,3300.0,Maharashtra,1st Sort
2026-08-13,Onion,23,Chandrapur,Local,Chandrapur(Ganjwad) APMC,4000,2500,3000.0,Maharashtra,Other
2026-08-13,Onion,23,Pune,Local,APMC Junnar ,3500,1300,2700.0,Maharashtra,Unhali
2026-08-13,Onion,23,Satara,Local,Satara APMC,2500,1000,1750.0,Maharashtra,Other
2026-08-13,Onion,23,Chattrapati Sambhajinagar,Local,APMC Gangapur ,3350,625,2560.0,Maharashtra,Unhali
2026-08-13,Onion,23,Mumbai,Local,Mumbai-Onion & Potato Market ,2800,1500,2150.0,Maharashtra,Other
2026-08-13,Onion,23,Nagpur,Local,APMC Nagpur ,3500,3000,3375.0,Maharashtra,White
2026-08-13,Onion,23,Ahilyanagar,Local,APMC Sangamner ,3500,500,2000.0,Maharashtra,Unhali
2026-08-13,Onion,23,Palghar,Local,Kalyan APMC,2000,1800,1900.0,Maharashtra,2nd Sort
2026-08-13,Onion,23,Solapur,Local,"Laxmi-Sopan Agriculture Produce Marketing Co Ltd, Barshi, Dist Solapur",2600,500,2100.0,Maharashtra,Other
2026-08-14,Onion,23,Solapur,Local,SHRI.SIDDHESHWAR  APMC,4100,500,2300.0,Maharashtra,Red
2026-08-14,Onion,23,Ahilyanagar,Local,Rahata APMC,4200,800,3250.0,Maharashtra,Other
2026-08-14,Onion,23,Satara,Local,Vai APMC,2700,1200,2000.0,Maharashtra,Local
2026-08-14,Onion,23,Solapur,Local,Mangal Wedha APMC,3700,500,2700.0,Maharashtra,Local
2026-08-14,Onion,23,Mumbai,Local,Mumbai-Onion & Potato Market APMC,3200,1800,2500.0,Maharashtra,Other
2026-08-14,Onion,23,Amarawati,Local,Amrawati(Frui & Veg. Market) APMC,3700,1000,2350.0,Maharashtra,Local
2026-08-14,Onion,23,Pune,Local,Pune(Pimpri) APMC,2500,1500,2000.0,Maharashtra,Local
2026-08-14,Onion,23,Pune,Local,Pune(Moshi) APMC,3000,1000,2000.0,Maharashtra,Local
2026-08-14,Onion,23,Nashik,Local,Lasalgaon(Vinchur) ,3251,1000,2900.0,Maharashtra,Unhali
2026-08-14,Onion,23,Nashik,Local,Pimpalgaon Baswant(Saykheda) ,3151,1600,2725.0,Maharashtra,Unhali
2026-08-14,Onion,23,Nagpur,Local,HINGNA - APMC,2500,2500,2500.0,Maharashtra,White
2026-08-14,Onion,23,Nashik,Local,APMC Umrane,3380,900,2800.0,Maharashtra,Unhali
2026-08-14,Onion,23,Nashik,Local,APMC Manmad ,3084,700,2900.0,Maharashtra,Unhali
2026-08-14,Onion,23,Nashik,Local,APMC Nandgaon ,3201,500,2850.0,Maharashtra,Unhali
2026-08-14,Onion,23,Chattrapati Sambhajinagar,Local,APMC Paithan ,4000,800,2950.0,Maharashtra,Unhali
2026-08-14,Onion,23,Pune,Local,Junnar(Alephata) APMC,3800,1500,2500.0,Maharashtra,Chinchwad
2026-08-15,Onion,23,Ahilyanagar,Local,APMC Ahilyanagar ,3600,700,2150.0,Maharashtra,Unhali
2026-08-15,Onion,23,Jalgaon,Local,APMC Bhusaval ,2500,2500,2500.0,Maharashtra,Unhali
2026-08-15,Onion,23,Satara,Local,Vaduj APMC,3000,2000,2500.0,Maharashtra,Local
2026-08-15,Onion,23,Chattrapati Sambhajinagar,Local,Chattrapati Sambhajinagar APMC,3100,500,1800.0,Maharashtra,Other
2026-08-15,Onion,23,Sangli,Local,Vita APMC,3000,2500,2800.0,Maharashtra,Other
2026-08-16,Onion,23,Solapur,Local,APMC Akluj ,3700,900,2800.0,Maharashtra,Other
2026-08-16,Onion,23,Palghar,Local,Kalyan APMC,2200,1800,2000.0,Maharashtra,2nd Sort
2026-08-16,Onion,23,Palghar,Local,Kalyan APMC,3000,2400,2700.0,Maharashtra,1st Sort
2026-08-16,Onion,23,Ahilyanagar,Local,Rahata APMC,4200,500,3200.0,Maharashtra,Other
2026-08-16,Onion,23,Jalgaon,Local,APMC Bhusaval ,3000,3000,3000.0,Maharashtra,Unhali
2026-08-17,Onion,23,Satara,Local,Karad APMC,3000,2000,3000.0,Maharashtra,Halva
2026-08-17,Onion,23,Pune,Local,Pune(Moshi) APMC,2000,1000,1500.0,Maharashtra,Local
2026-08-17,Onion,23,Sangli,Local,APMC Vita ,3000,2500,2800.0,Maharashtra,Other
2026-08-17,Onion,23,Amarawati,Local,Amrawati(Frui & Veg. Market) APMC,3500,1000,2250.0,Maharashtra,Local
2026-08-17,Onion,23,Satara,Local,APMC Satara ,3500,1500,2500.0,Maharashtra,Other
2026-08-17,Onion,23,Solapur,Local,Kurdwadi(Modnimb) ,3600,2000,2900.0,Maharashtra,Red
2026-08-17,Onion,23,Ahilyanagar,Local,APMC Shevgaon ,2100,1000,1900.0,Maharashtra,Other
2026-08-17,Onion,23,Pune,Local,Junnar(Narayangaon) APMC,3500,1000,2500.0,Maharashtra,Chinchwad
2026-08-17,Onion,23,Solapur,Local,"Laxmi-Sopan Agriculture Produce Marketing Co Ltd, Barshi, Dist Solapur",2600,500,1800.0,Maharashtra,Other
2026-08-17,Onion,23,Nagpur,Local,Nagpur APMC,4000,3500,3875.0,Maharashtra,White
2026-08-17,Onion,23,Ahilyanagar,Local,APMC Shrirampur ,3800,1300,2950.0,Maharashtra,Unhali
2026-08-17,Onion,23,Dhule,Local,APMC Sakri ,3600,1550,2550.0,Maharashtra,Unhali
2026-08-17,Onion,23,Solapur,Local,SHRI.SIDDHESHWAR  APMC,4200,500,2400.0,Maharashtra,Red
2026-08-17,Onion,23,Solapur,Local,Kurdwadi(Modnimb) APMC,3600,2000,2900.0,Maharashtra,Red
2026-08-17,Onion,23,Nashik,Local,APMC Pimpalgaon Baswant ,3964,1000,3450.0,Maharashtra,Unhali
2026-08-17,Onion,23,Kolhapur,Local,Kolhapur APMC,4000,1000,2300.0,Maharashtra,Other
2026-08-17,Onion,23,Chandrapur,Local,Chandrapur(Ganjwad) APMC,4000,2800,3600.0,Maharashtra,Other
2026-08-17,Onion,23,Nagpur,Local,APMC Nagpur ,3500,2500,3250.0,Maharashtra,Red
2026-08-17,Onion,23,Nashik,Local,APMC Nampur,4000,300,3000.0,Maharashtra,Unhali
2026-08-17,Onion,23,Nashik,Local,APMC Chandwad ,3775,1000,3320.0,Maharashtra,Unhali
2026-08-18,Onion,23,Beed,Local,Gevrai APMC,4500,1900,3000.0,Maharashtra,Red
2026-08-18,Onion,23,Nashik,Local,APMC Pimpalgaon Baswant ,4399,1500,3900.0,Maharashtra,Unhali
2026-08-18,Onion,23,Nashik,Local,Pimpalgaon Baswant(Saykheda) ,4001,1500,3350.0,Maharashtra,Unhali
2026-08-18,Onion,23,Nagpur,Local,HINGNA - APMC,3600,3000,3300.0,Maharashtra,Red
2026-08-18,Onion,23,Mumbai,Local,Mumbai-Onion & Potato Market APMC,3500,2100,2800.0,Maharashtra,Other
2026-08-18,Onion,23,Ahilyanagar,Local,Rahuri APMC,5100,500,2800.0,Maharashtra,Other
2026-08-18,Onion,23,Dharashiv,Local,Dharashiv APMC,3800,1500,2650.0,Maharashtra,Red
2026-08-18,Onion,23,Kolhapur,Local,Kolhapur APMC,4200,1000,2300.0,Maharashtra,Other
2026-08-18,Onion,23,Dhule,Local,"Janata Agri Market (DLS Agro Infrastructure Pvt Ltd), Dist Dhule",2100,500,1300.0,Maharashtra,Other
2026-08-18,Onion,23,Pune,Local,Pune(Moshi) APMC,3000,1000,2000.0,Maharashtra,Local
2026-08-18,Onion,23,Satara,Local,Phaltan APMC,4501,1000,2000.0,Maharashtra,Hybrid
2026-08-18,Onion,23,Pune,Local,Pune(Khadiki) APMC,1400,900,1150.0,Maharashtra,Local
2026-08-18,Onion,23,Nashik,Local,Shivsiddha Govind Producer Company Ltd Sanchalit Khajgi Krushi Utpann Bajar Samati-Abhona-Kalwan,4400,1300,3750.0,Maharashtra,Other
2026-08-18,Onion,23,Nashik,Local,APMC Manmad ,4001,506,3900.0,Maharashtra,Unhali
2026-08-18,Onion,23,Nashik,Local,APMC Chandwad ,4145,1300,3650.0,Maharashtra,Unhali
2026-08-18,Onion,23,Chattrapati Sambhajinagar,Local,APMC Chattrapati Sambhajinagar ,4000,1400,2700.0,Maharashtra,Other
2026-08-18,Onion,23,Nashik,Local,Lasalgaon(Niphad) ,3829,1200,3600.0,Maharashtra,Unhali
2026-08-18,Onion,23,Nashik,Local,APMC Umrane,4401,1500,3600.0,Maharashtra,Unhali
2026-08-18,Onion,23,Nashik,Local,"Malharshree Khajgi Krushi Utpann Bajar, Chandanpuri Tal Malegaon, Nashik",4141,899,3464.0,Maharashtra,Other
2026-08-19,Onion,23,Nashik,Local,APMC Sinner ,3800,1500,3575.0,Maharashtra,Unhali
2026-08-19,Onion,23,Nashik,Local,APMC Satana ,4505,600,3500.0,Maharashtra,Unhali
2026-08-19,Onion,23,Ahilyanagar,Local,APMC Shrirampur ,4600,1600,3550.0,Maharashtra,Unhali
2026-08-19,Onion,23,Ahilyanagar,Local,APMC Kopargaon ,4100,1000,3750.0,Maharashtra,Unhali
2026-08-19,Onion,23,Pune,Local,Pune(Manjri) APMC,5000,2000,3500.0,Maharashtra,Local
2026-08-19,Onion,23,Pune,Local,Indapur APMC,5100,1300,2100.0,Maharashtra,Red
2026-08-19,Onion,23,Nagpur,Local,Nagpur APMC,4000,3500,3875.0,Maharashtra,White
2026-08-19,Onion,23,Akola,Local,APMC Akola ,4000,2000,3000.0,Maharashtra,Other
2026-08-19,Onion,23,Nashik,Local,APMC Umrane,4300,1500,3400.0,Maharashtra,Unhali
2026-08-19,Onion,23,Solapur,Local,Akluj APMC,4100,700,3000.0,Maharashtra,Red
2026-08-19,Onion,23,Mumbai,Local,Mumbai-Onion & Potato Market APMC,3400,2000,2700.0,Maharashtra,Other
2026-08-19,Onion,23,Chandrapur,Local,Chandrapur(Ganjwad) ,4000,3000,3600.0,Maharashtra,Other
2026-08-19,Onion,23,Nashik,Local,Yeola APMC,4100,600,3650.0,Maharashtra,Unhali
2026-08-19,Onion,23,Jalgaon,Local,APMC Jalgaon ,3877,1125,2377.0,Maharashtra,Red
2026-08-19,Onion,23,Nashik,Local,APMC Dindori ,4392,3251,3801.0,Maharashtra,Unhali
2026-08-19,Onion,23,Chattrapati Sambhajinagar,Local,Chattrapati Sambhajinagar APMC,4500,1500,3000.0,Maharashtra,Other
2026-08-19,Onion,23,Nashik,Local,APMC Lasalgaon ,4000,1000,3600.0,Maharashtra,Unhali
2026-08-19,Onion,23,Kolhapur,Local,Kolhapur APMC,4500,1200,2400.0,Maharashtra,Other
2026-08-19,Onion,23,Solapur,Local,APMC Akluj ,4100,700,3000.0,Maharashtra,Red
2026-08-19,Onion,23,Satara,Local,Satara APMC,3500,1500,2500.0,Maharashtra,Other
2026-08-19,Onion,23,Pune,Local,Khed(Chakan) APMC,4600,1700,4000.0,Maharashtra,Other
2026-08-19,Onion,23,Solapur,Local,APMC Solapur ,5500,500,2900.0,Maharashtra,Red
2026-08-19,Onion,23,Solapur,Local,Mangal Wedha APMC,5100,1210,3700.0,Maharashtra,Local
2026-08-20,Onion,23,Akola,Local,Akola APMC,4200,2000,3000.0,Maharashtra,Other
2026-08-20,Onion,23,Nashik,Local,APMC Yeola ,3656,600,3275.0,Maharashtra,Unhali
2026-08-20,Onion,23,Nagpur,Local,APMC Nagpur ,4500,4000,4375.0,Maharashtra,White
2026-08-20,Onion,23,Palghar,Local,Kalyan APMC,2500,2200,2350.0,Maharashtra,2nd Sort
2026-08-20,Onion,23,Sangli,Local,Vita APMC,4500,4000,4000.0,Maharashtra,Other
2026-08-20,Onion,23,Nagpur,Local,Nagpur APMC,4000,3500,3875.0,Maharashtra,Red
2026-08-20,Onion,23,Solapur,Local,SHRI.SIDDHESHWAR  APMC,5100,500,2800.0,Maharashtra,Red
2026-08-20,Onion,23,Pune,Local,Indapur APMC,5200,1300,2100.0,Maharashtra,Red
2026-08-20,Onion,23,Nagpur,Local,Nagpur APMC,4500,4000,4375.0,Maharashtra,White
2026-08-20,Onion,23,Jalgaon,Local,Jalgaon APMC,3500,500,2000.0,Maharashtra,Red
2026-08-20,Onion,23,Ahilyanagar,Local,Jamkhed APMC,4500,1000,2750.0,Maharashtra,Local
2026-08-20,Onion,23,Pune,Local,Junnar(Narayangaon) APMC,4500,500,2500.0,Maharashtra,Chinchwad
2026-08-20,Onion,23,Nashik,Local,APMC Chandwad ,4120,1025,3380.0,Maharashtra,Unhali
2026-08-20,Onion,23,Pune,Local,Pune(Moshi) ,3000,1500,2250.0,Maharashtra,Local
2026-08-20,Onion,23,Nashik,Local,APMC Kalvan ,4450,1500,3501.0,Maharashtra,Unhali
2026-08-20,Onion,23,Nagpur,Local,APMC Ramtek ,3000,2000,2500.0,Maharashtra,Unhali
2026-08-20,Onion,23,Nashik,Local,Lasalgaon(Niphad) ,3819,1200,3600.0,Maharashtra,Unhali
2026-08-20,Onion,23,Sangli,Local,APMC Vita ,4500,4000,4000.0,Maharashtra,Other
2026-08-20,Onion,23,Solapur,Local,Kurdwadi(Modnimb) ,3500,2700,2800.0,Maharashtra,Red
2026-08-20,Onion,23,Nashik,Local,APMC Satana ,4315,705,3355.0,Maharashtra,Unhali
2026-08-20,Onion,23,Ahilyanagar,Local,APMC Akole ,4501,700,3821.0,Maharashtra,Unhali
2026-08-20,Onion,23,Ahilyanagar,Local,APMC Shevgaon ,3700,2500,3300.0,Maharashtra,2nd Sort
2026-08-20,Onion,23,Ahilyanagar,Local,Shevgaon APMC,3700,2500,3300.0,Maharashtra,2nd Sort
2026-08-21,Onion,23,Pune,Local,Pune(Manjri) APMC,5000,2500,3500.0,Maharashtra,Local
2026-08-21,Onion,23,Pune,Local,Pune APMC,4000,1000,2500.0,Maharashtra,Local
2026-08-21,Onion,23,Satara,Local,Vai APMC,3500,1500,2500.0,Maharashtra,Local
2026-08-21,Onion,23,Ahilyanagar,Local,APMC Sangamner ,4700,1000,2850.0,Maharashtra,Unhali
2026-08-21,Onion,23,Nashik,Local,APMC Umrane,4501,1500,3600.0,Maharashtra,Unhali
2026-08-21,Onion,23,Ahilyanagar,Local,Pathardi APMC,5500,1200,3400.0,Maharashtra,Red
2026-08-21,Onion,23,Nashik,Local,Pimpalgaon Baswant(Saykheda) ,3889,1500,3200.0,Maharashtra,Unhali
2026-08-21,Onion,23,Nashik,Local,Lasalgaon(Niphad) ,4000,1300,3600.0,Maharashtra,Unhali
2026-08-21,Onion,23,Ahilyanagar,Local,APMC Karjat ,3000,700,2000.0,Maharashtra,Local
2026-08-21,Onion,23,Palghar,Local,Kalyan APMC,2500,2200,2350.0,Maharashtra,2nd Sort
2026-08-21,Onion,23,Nashik,Local,APMC Manmad ,3851,520,3600.0,Maharashtra,Unhali
2026-08-21,Onion,23,Nagpur,Local,HINGNA - APMC,4500,2500,3666.0,Maharashtra,Red
2026-08-21,Onion,23,Dharashiv,Local,Dharashiv APMC,4600,2200,3400.0,Maharashtra,Red
2026-08-21,Onion,23,Nashik,Local,Devala APMC,4015,900,3600.0,Maharashtra,Unhali
2026-08-21,Onion,23,Nashik,Local,Manmad APMC,3511,800,3300.0,Maharashtra,Unhali
2026-08-21,Onion,23,Nagpur,Local,APMC Hingna,4500,2500,3666.0,Maharashtra,Red
2026-08-21,Onion,23,Beed,Local,APMC Gevrai ,4200,3000,3200.0,Maharashtra,Red
2026-08-21,Onion,23,Kolhapur,Local,Vadgaonpeth APMC,4000,2800,3500.0,Maharashtra,Local
2026-08-22,Onion,23,Kolhapur,Local,APMC Kolhapur ,4200,1200,2300.0,Maharashtra,Other
2026-08-22,Onion,23,Ahilyanagar,Local,APMC Shevgaon ,3200,2600,3000.0,Maharashtra,2nd Sort
2026-08-22,Onion,23,Ahilyanagar,Local,APMC Shevgaon ,4600,3300,4000.0,Maharashtra,1st Sort
2026-08-22,Onion,23,Chandrapur,Local,Chandrapur(Ganjwad) ,5000,4000,4500.0,Maharashtra,Other
2026-08-22,Onion,23,Pune,Local,Junnar(Narayangaon) APMC,4000,700,2500.0,Maharashtra,Chinchwad
2026-08-22,Onion,23,Pune,Local,Pune(Moshi) APMC,3000,1500,2250.0,Maharashtra,Local
2026-08-22,Onion,23,Pune,Local,Pune(Khadiki) ,1400,900,1150.0,Maharashtra,Local
2026-08-22,Onion,23,Ahilyanagar,Local,Shevgaon APMC,3200,2600,3000.0,Maharashtra,2nd Sort
2026-08-22,Onion,23,Pune,Local,Pune(Manjri) APMC,3500,2000,2600.0,Maharashtra,Local
2026-08-22,Onion,23,Nashik,Local,APMC Nampur,4100,205,3400.0,Maharashtra,Unhali
2026-08-22,Onion,23,Dhule,Local,APMC Sakri ,4560,3000,4000.0,Maharashtra,Unhali
2026-08-22,Onion,23,Jalgaon,Local,APMC Bhusaval ,3300,3300,3300.0,Maharashtra,Unhali
2026-08-22,Onion,23,Nashik,Local,APMC Dindori ,4121,3000,3750.0,Maharashtra,Unhali
2026-08-22,Onion,23,Satara,Local,Karad APMC,4500,1500,4500.0,Maharashtra,Halva
2026-08-23,Onion,23,Pune,Local,Junnar(Narayangaon) APMC,4100,650,2350.0,Maharashtra,Chinchwad
2026-08-23,Onion,23,Sangli,Local,Vita APMC,4000,3000,3600.0,Maharashtra,Other
2026-08-23,Onion,23,Nagpur,Local,APMC Ramtek ,5000,3000,4000.0,Maharashtra,Unhali
2026-08-23,Onion,23,Chattrapati Sambhajinagar,Local,APMC Chattrapati Sambhajinagar ,4100,1700,2900.0,Maharashtra,Other
2026-08-23,Onion,23,Kolhapur,Local,Vadgaonpeth APMC,4200,3000,3500.0,Maharashtra,Local
2026-08-23,Onion,23,Ahilyanagar,Local,APMC Newasa ,4300,1000,3500.0,Maharashtra,Unhali
2026-08-23,Onion,23,Pune,Local,Pune(Manjri) APMC,4000,2000,3000.0,Maharashtra,Local
2026-08-23,Onion,23,Sangli,Local,Islampur APMC,4000,1000,2200.0,Maharashtra,Local
2026-08-23,Onion,23,Satara,Local,Vaduj APMC,4200,3500,3900.0,Maharashtra,Local
2026-08-24,Onion,23,Nashik,Local,Nandgaon APMC,4456,911,3950.0,Maharashtra,Unhali
2026-08-24,Onion,23,Nashik,Local,Devala APMC,5005,1100,4325.0,Maharashtra,Unhali
2026-08-24,Onion,23,Solapur,Local,SHRI.SIDDHESHWAR  APMC,5500,500,2900.0,Maharashtra,Red
2026-08-24,Onion,23,Pune,Local,APMC Indapur ,5300,1100,1900.0,Maharashtra,Red
2026-08-24,Onion,23,Nashik,Local,APMC Chandwad ,4886,1400,4280.0,Maharashtra,Unhali
2026-08-24,Onion,23,Dhule,Local,"Pratap Nana Mahale Khajgi Krushi Uttpana Bazar, Samati-Dhule",3600,1510,2898.29,Maharashtra,Red
2026-08-24,Onion,23,Chattrapati Sambhajinagar,Local,Lasur Station APMC,4745,500,3700.0,Maharashtra,Other
2026-08-24,Onion,23,Sangli,Local,Vita APMC,4000,3500,3600.0,Maharashtra,Other
2026-08-24,Onion,23,Ahilyanagar,Local,"Prasanna Krushi Market, Tal Parnet, Dist Ahilyanagar",4440,600,2520.0,Maharashtra,Other
2026-08-24,Onion,23,Chattrapati Sambhajinagar,Local,Gangapur APMC,5001,920,3679.0,Maharashtra,Unhali
2026-08-24,Onion,23,Chattrapati Sambhajinagar,Local,Paithan APMC,4760,2180,3800.0,Maharashtra,Unhali
2026-08-24,Onion,23,Pune,Local,Indapur APMC,5300,1100,1900.0,Maharashtra,Red
2026-08-24,Onion,23,Nashik,Local,Lasalgaon APMC,4545,1000,4251.0,Maharashtra,Unhali
2026-08-24,Onion,23,Ahilyanagar,Local,Ahilyanagar APMC,4700,1000,2850.0,Maharashtra,Unhali
2026-08-24,Onion,23,Nashik,Local,APMC Lasalgaon ,4545,1000,4251.0,Maharashtra,Unhali
2026-08-24,Onion,23,Sangli,Local,"Sangli(Phale, Bhajipala Market) ",4200,1000,2600.0,Maharashtra,Local
2026-08-24,Onion,23,Ahilyanagar,Local,Newasa(Ghodegaon) APMC,4500,1000,3500.0,Maharashtra,Unhali
2026-08-24,Onion,23,Nashik,Local,Sinner APMC,5001,1500,4425.0,Maharashtra,Unhali
2026-08-24,Onion,23,Pune,Local,Junnar(Narayangaon) APMC,4500,1100,2800.0,Maharashtra,Chinchwad
2026-08-24,Onion,23,Pune,Local,Pune(Manjri) APMC,4000,2000,3000.0,Maharashtra,Local
2026-08-24,Onion,23,Nashik,Local,APMC Sinner ,5001,1500,4425.0,Maharashtra,Unhali
2026-08-24,Onion,23,Nagpur,Local,HINGNA - APMC,4000,3500,3875.0,Maharashtra,Red
2026-08-25,Onion,23,Nashik,Local,APMC Devala ,4325,700,3925.0,Maharashtra,Unhali
2026-08-25,Onion,23,Dharashiv,Local,Paranda APMC,4000,2500,3200.0,Maharashtra,Red
2026-08-25,Onion,23,Pune,Local,Pune APMC,4500,1000,2750.0,Maharashtra,Local
2026-08-25,Onion,23,Buldhana,Local,APMC Malkapur ,4200,2300,3500.0,Maharashtra,Local
2026-08-25,Onion,23,Nagpur,Local,APMC Kamthi ,4000,3500,3750.0,Maharashtra,Local
2026-08-25,Onion,23,Pune,Local,Pune(Moshi) APMC,3500,1500,2500.0,Maharashtra,Local
2026-08-25,Onion,23,Ahilyanagar,Local,Kopargaon APMC,4400,1000,4000.0,Maharashtra,Unhali
2026-08-25,Onion,23,Pune,Local,Pune(Pimpri) APMC,3700,2200,2950.0,Maharashtra,Local
2026-08-25,Onion,23,Jalgaon,Local,Bhusaval APMC,3500,3500,3500.0,Maharashtra,Unhali
2026-08-25,Onion,23,Ahilyanagar,Local,Pathardi APMC,5700,900,3300.0,Maharashtra,Red
2026-08-25,Onion,23,Nashik,Local,Pimpalgaon Baswant(Saykheda) APMC,4502,1500,3800.0,Maharashtra,Unhali
2026-08-25,Onion,23,Satara,Local,APMC Satara ,4500,2000,3250.0,Maharashtra,Other
2026-08-25,Onion,23,Nashik,Local,APMC Pimpalgaon Baswant ,5030,700,4300.0,Maharashtra,Unhali
2026-08-25,Onion,23,Chattrapati Sambhajinagar,Local,APMC Lasur Station ,4352,850,3300.0,Maharashtra,Other
2026-08-25,Onion,23,Pune,Local,Pune(Moshi) ,3500,1500,2500.0,Maharashtra,Local
2026-08-25,Onion,23,Pune,Local,Khed APMC,3800,2200,3000.0,Maharashtra,Fursungi
2026-08-25,Onion,23,Nashik,Local,Lasalgaon(Niphad) APMC,4421,1500,4200.0,Maharashtra,Unhali
2026-08-25,Onion,23,Nashik,Local,Lasalgaon(Niphad) ,4421,1500,4200.0,Maharashtra,Unhali
2026-08-25,Onion,23,Chandrapur,Local,Chandrapur(Ganjwad) APMC,5000,4000,4500.0,Maharashtra,Other
2026-08-25,Onion,23,Sangli,Local,"Sangli(Phale, Bhajipala Market) APMC",4700,1500,3100.0,Maharashtra,Local
2026-08-25,Onion,23,Dhule,Local,APMC Dhule ,4250,2400,2500.0,Maharashtra,Red
2026-08-25,Onion,23,Dhule,Local,"Pratap Nana Mahale Khajgi Krushi Uttpana Bazar, Samati-Dhule",4550,1460,3772.79,Maharashtra,Other
2026-08-25,Onion,23,Nagpur,Local,APMC Nagpur ,4000,3500,3875.0,Maharashtra,Red
2026-08-25,Onion,23,Buldhana,Local,Malkapur APMC,4200,2300,3500.0,Maharashtra,Local
2026-08-25,Onion,23,Ahilyanagar,Local,Rahuri APMC,5505,500,3000.0,Maharashtra,Other
2026-08-26,Onion,23,Ahilyanagar,Local,APMC Shrirampur ,5100,1700,3650.0,Maharashtra,Unhali
2026-08-26,Onion,23,Satara,Local,APMC Vaduj ,4200,3000,3800.0,Maharashtra,Red
2026-08-26,Onion,23,Dhule,Local,APMC Shirpur ,3725,1100,2550.0,Maharashtra,Red
2026-08-26,Onion,23,Nagpur,Local,Kamthi APMC,4000,3500,3750.0,Maharashtra,Local
2026-08-26,Onion,23,Dharashiv,Local,APMC Dharashiv ,4500,3000,3750.0,Maharashtra,Red
2026-08-26,Onion,23,Nashik,Local,Pimpalgaon Baswant APMC,5000,800,4300.0,Maharashtra,Unhali
2026-08-26,Onion,23,Pune,Local,APMC Indapur ,4150,1500,2000.0,Maharashtra,Red
2026-08-26,Onion,23,Jalgaon,Local,Bhusaval APMC,3500,3000,3500.0,Maharashtra,Unhali
2026-08-26,Onion,23,Nashik,Local,Lasalgaon(Vinchur) APMC,4415,1000,3950.0,Maharashtra,Unhali
2026-08-26,Onion,23,Dharashiv,Local,Dharashiv APMC,4500,3000,3750.0,Maharashtra,Red
2026-08-26,Onion,23,Jalgaon,Local,APMC Bhusaval ,3500,3000,3500.0,Maharashtra,Unhali
2026-08-26,Onion,23,Nashik,Local,Lasalgaon(Niphad) ,4390,1200,4100.0,Maharashtra,Unhali
2026-08-26,Onion,23,Nashik,Local,Nasik APMC,4511,2150,3800.0,Maharashtra,Unhali
2026-08-27,Onion,23,Ahilyanagar,Local,APMC Jamkhed ,4000,1000,2500.0,Maharashtra,Local
2026-08-27,Onion,23,Ahilyanagar,Local,Kopargaon APMC,4271,1000,3600.0,Maharashtra,Unhali
2026-08-27,Onion,23,Nashik,Local,APMC Devala ,4100,800,3780.0,Maharashtra,Unhali
2026-08-27,Onion,23,Nashik,Local,APMC Dindori ,4300,3000,3900.0,Maharashtra,Unhali
2026-08-27,Onion,23,Nashik,Local,Lasalgaon(Vinchur) ,4290,1000,3800.0,Maharashtra,Unhali
2026-08-27,Onion,23,Chattrapati Sambhajinagar,Local,APMC Gangapur ,4300,410,2982.0,Maharashtra,Unhali
2026-08-27,Onion,23,Ahilyanagar,Local,Newasa APMC,4000,1000,3500.0,Maharashtra,Unhali
2026-08-27,Onion,23,Sangli,Local,Islampur APMC,4300,2000,3200.0,Maharashtra,Local
2026-08-27,Onion,23,Pune,Local,Pune(Moshi) APMC,3000,2000,2500.0,Maharashtra,Local
2026-08-27,Onion,23,Pune,Local,Khed(Chakan) APMC,4000,1500,3400.0,Maharashtra,Other
2026-08-27,Onion,23,Chandrapur,Local,Chandrapur(Ganjwad) APMC,5250,4250,4750.0,Maharashtra,Other
2026-08-27,Onion,23,Solapur,Local,APMC Mangal Wedha ,4500,1620,4100.0,Maharashtra,Local
2026-08-27,Onion,23,Pune,Local,Pune APMC,4300,1000,2650.0,Maharashtra,Local
2026-08-27,Onion,23,Pune,Local,Manchar APMC,4510,3400,3955.0,Maharashtra,Other
2026-08-27,Onion,23,Nashik,Local,Sinner APMC,4240,1200,3775.0,Maharashtra,Unhali
2026-08-27,Onion,23,Chattrapati Sambhajinagar,Local,Lasur Station APMC,4020,400,2900.0,Maharashtra,Other
2026-08-27,Onion,23,Nashik,Local,Pimpalgaon Baswant(Saykheda) APMC,4000,1700,3600.0,Maharashtra,Unhali
2026-08-27,Onion,23,Nagpur,Local,APMC Nagpur ,4500,4000,4375.0,Maharashtra,White
2026-08-27,Onion,23,Dhule,Local,"Janata Agri Market (DLS Agro Infrastructure Pvt Ltd), Dist Dhule",4000,1000,2500.0,Maharashtra,Other
2026-08-27,Onion,23,Nagpur,Local,Ramtek APMC,4000,3000,3500.0,Maharashtra,Unhali
2026-08-27,Onion,23,Nashik,Local,APMC Sinner ,4240,1200,3775.0,Maharashtra,Unhali
2026-08-27,Onion,23,Nagpur,Local,Nagpur APMC,4000,3500,3875.0,Maharashtra,Red
2026-08-27,Onion,23,Solapur,Local,SHRI.SIDDHESHWAR  APMC,5500,500,2800.0,Maharashtra,Red
2026-08-27,Onion,23,Solapur,Local,Kurdwadi(Modnimb) ,3400,2000,2800.0,Maharashtra,Red
2026-08-27,Onion,23,Nagpur,Local,APMC Nagpur ,4000,3500,3875.0,Maharashtra,Red
2026-08-27,Onion,23,Dhule,Local,APMC Dhule ,4000,1200,2850.0,Maharashtra,Red
2026-08-27,Onion,23,Solapur,Local,APMC Solapur ,5500,500,2800.0,Maharashtra,Red
2026-08-27,Onion,23,Palghar,Local,Kalyan APMC,4000,3200,3600.0,Maharashtra,1st Sort
2026-08-27,Onion,23,Mumbai,Local,Mumbai-Onion & Potato Market APMC,4100,3100,3600.0,Maharashtra,Other
2026-08-27,Onion,23,Nashik,Local,APMC Chandwad ,4540,500,3600.0,Maharashtra,Unhali
2026-08-27,Onion,23,Nashik,Local,Lasalgaon APMC,4401,1000,3800.0,Maharashtra,Unhali
2026-08-27,Onion,23,Nashik,Local,Nasik APMC,4400,2050,3700.0,Maharashtra,Unhali
2026-08-28,Onion,23,Ahilyanagar,Local,APMC Parner ,4800,1000,3900.0,Maharashtra,Unhali
2026-08-28,Onion,23,Pune,Local,Indapur APMC,4200,1500,2000.0,Maharashtra,Red
2026-08-28,Onion,23,Nashik,Local,APMC Dindori ,4122,3211,3850.0,Maharashtra,Unhali
2026-08-28,Onion,23,Mumbai,Local,Mumbai-Onion & Potato Market ,4000,2800,3400.0,Maharashtra,Other
2026-08-28,Onion,23,Nagpur,Local,Kamthi APMC,4500,4000,4350.0,Maharashtra,Local
2026-08-28,Onion,23,Ahilyanagar,Local,APMC Shrirampur ,4500,1500,3450.0,Maharashtra,Unhali
2026-08-28,Onion,23,Pune,Local,Pune(Khadiki) APMC,2000,1000,1500.0,Maharashtra,Local
2026-08-28,Onion,23,Pune,Local,Pune(Manjri) ,4000,3000,3500.0,Maharashtra,Local
2026-08-29,Onion,23,Dhule,Local,Dhule APMC,4000,1200,2850.0,Maharashtra,Red
2026-08-29,Onion,23,Akola,Local,Akola APMC,4500,2000,3000.0,Maharashtra,Other
2026-08-29,Onion,23,Pune,Local,Khed(Chakan) ,4000,1500,3000.0,Maharashtra,Other
2026-08-29,Onion,23,Nashik,Local,Pimpalgaon Baswant(Saykheda) APMC,4351,1500,3701.0,Maharashtra,Unhali
2026-08-29,Onion,23,Ahilyanagar,Local,"Prasanna Krushi Market, Tal Parnet, Dist Ahilyanagar",4000,1000,2500.0,Maharashtra,Other
2026-08-29,Onion,23,Nagpur,Local,HINGNA - APMC,5000,2500,3750.0,Maharashtra,Red
2026-08-29,Onion,23,Dhule,Local,APMC Shirpur ,3900,1250,3300.0,Maharashtra,Red
2026-08-29,Onion,23,Nagpur,Local,APMC Hingna,5000,2500,3750.0,Maharashtra,Red
2026-08-29,Onion,23,Jalgaon,Local,APMC Jalgaon ,4000,1250,2625.0,Maharashtra,Red
2026-08-29,Onion,23,Nashik,Local,Pimpalgaon Baswant(Saykheda) APMC,4199,1500,3701.0,Maharashtra,Unhali
2026-08-29,Onion,23,Sangli,Local,APMC Vita ,4000,3500,3600.0,Maharashtra,Other
2026-08-29,Onion,23,Nashik,Local,Kalvan APMC,4940,1200,4000.0,Maharashtra,Unhali
2026-08-29,Onion,23,Satara,Local,Satara APMC,4500,2000,3250.0,Maharashtra,Other
2026-08-29,Onion,23,Pune,Local,Khed(Chakan) APMC,4000,1500,3000.0,Maharashtra,Other
2026-08-29,Onion,23,Ahilyanagar,Local,Kopargaon APMC,4141,1000,3550.0,Maharashtra,Unhali
2026-08-29,Onion,23,Pune,Local,Pune(Manjri) APMC,4000,2600,3000.0,Maharashtra,Local
2026-08-29,Onion,23,Chattrapati Sambhajinagar,Local,APMC Gangapur ,4411,1090,2948.0,Maharashtra,Unhali
2026-08-29,Onion,23,Nashik,Local,Lasalgaon(Niphad) ,4299,1200,3700.0,Maharashtra,Unhali
2026-08-29,Onion,23,Ahilyanagar,Local,APMC Ahilyanagar ,4250,700,2475.0,Maharashtra,Unhali
2026-08-29,Onion,23,Nagpur,Local,APMC Nagpur ,4500,4000,4375.0,Maharashtra,White
2026-08-29,Onion,23,Nagpur,Local,Ramtek APMC,2500,1500,2000.0,Maharashtra,Unhali
2026-08-30,Onion,23,Solapur,Local,APMC Akluj ,4500,1000,3000.0,Maharashtra,Other
2026-08-30,Onion,23,Pune,Local,APMC Manchar ,5110,2700,3925.0,Maharashtra,Other
2026-08-30,Onion,23,Ahilyanagar,Local,Parner APMC,4800,1000,3600.0,Maharashtra,Unhali
2026-08-30,Onion,23,Pune,Local,Pune(Manjri) ,4000,2000,3000.0,Maharashtra,Local
2026-08-30,Onion,23,Pune,Local,Pune APMC,4500,2000,3250.0,Maharashtra,Local
2026-08-30,Onion,23,Pune,Local,APMC Pune ,4500,2000,3250.0,Maharashtra,Local
2026-08-30,Onion,23,Ahilyanagar,Local,Akole APMC,4211,600,2400.0,Maharashtra,Unhali
2026-08-30,Onion,23,Ahilyanagar,Local,APMC Newasa ,4050,1000,3700.0,Maharashtra,Unhali
2026-08-30,Onion,23,Chattrapati Sambhajinagar,Local,APMC Chattrapati Sambhajinagar ,4000,1800,2900.0,Maharashtra,Other
2026-08-30,Onion,23,Satara,Local,APMC Satara ,4500,2000,3250.0,Maharashtra,Other
2026-08-30,Onion,23,Satara,Local,Karad APMC,3800,2000,3800.0,Maharashtra,Halva
2026-08-31,Onion,23,Nashik,Local,APMC Satana ,4480,605,3995.0,Maharashtra,Unhali
2026-08-31,Onion,23,Pune,Local,Pune(Manjri) APMC,4500,3000,4000.0,Maharashtra,Local
2026-08-31,Onion,23,Pune,Local,Pune(Pimpri) APMC,4000,2500,3250.0,Maharashtra,Local
2026-08-31,Onion,23,Solapur,Local,Mangal Wedha APMC,4600,1810,4000.0,Maharashtra,Local
2026-08-31,Onion,23,Solapur,Local,APMC Solapur ,5500,500,3000.0,Maharashtra,Red
2026-08-31,Onion,23,Chattrapati Sambhajinagar,Local,Chattrapati Sambhajinagar APMC,4500,1400,2950.0,Maharashtra,Other
2026-08-31,Onion,23,Chattrapati Sambhajinagar,Local,APMC Vaijpur ,4300,800,3500.0,Maharashtra,Unhali
2026-08-31,Onion,23,Jalgaon,Local,Jalgaon APMC,4000,1500,3500.0,Maharashtra,Red
2026-08-31,Onion,23,Nashik,Local,APMC Nasik ,4500,1650,3650.0,Maharashtra,Unhali
2026-08-31,Onion,23,Nashik,Local,APMC Dindori ,4200,3400,3700.0,Maharashtra,Unhali
2026-08-31,Onion,23,Pune,Local,Pune APMC,4600,1000,2800.0,Maharashtra,Local
2026-08-31,Onion,23,Ahilyanagar,Local,APMC Shrirampur ,5000,1500,3450.0,Maharashtra,Unhali
2026-08-31,Onion,23,Nashik,Local,Manmad APMC,4302,1340,4100.0,Maharashtra,Unhali
2026-08-31,Onion,23,Solapur,Local,SHRI.SIDDHESHWAR  APMC,5500,500,3000.0,Maharashtra,Red
2026-08-31,Onion,23,Pune,Local,Junnar(Narayangaon) APMC,4500,600,2500.0,Maharashtra,Chinchwad
2026-08-31,Onion,23,Ahilyanagar,Local,Rahuri(Vambori) ,4500,300,3500.0,Maharashtra,Unhali
2026-08-31,Onion,23,Kolhapur,Local,APMC Kolhapur ,4800,1000,2800.0,Maharashtra,Other
2026-08-31,Onion,23,Nashik,Local,Lasalgaon(Niphad) APMC,4400,1200,4000.0,Maharashtra,Unhali
2026-08-31,Onion,23,Akola,Local,APMC Akola ,4500,2000,3000.0,Maharashtra,Other
2026-08-31,Onion,23,Pune,Local,APMC Pune ,4600,1000,2800.0,Maharashtra,Local
2026-08-31,Onion,23,Satara,Local,APMC Vaduj ,4800,3500,4200.0,Maharashtra,Local
2026-08-31,Onion,23,Ahilyanagar,Local,Ahilyanagar APMC,4600,900,2750.0,Maharashtra,Unhali
2026-08-31,Onion,23,Nashik,Local,Satana APMC,4480,605,3995.0,Maharashtra,Unhali
2026-08-31,Onion,23,Satara,Local,Lonand APMC,4200,1800,3800.0,Maharashtra,Unhali
2026-08-31,Onion,23,Ahilyanagar,Local,Newasa(Ghodegaon) APMC,4500,1000,3500.0,Maharashtra,Unhali
2026-08-31,Onion,23,Sangli,Local,"Sangli(Phale, Bhajipala Market) ",4700,1700,3200.0,Maharashtra,Local
2026-08-31,Onion,23,Nashik,Local,Umrane APMC,4750,1500,3900.0,Maharashtra,Unhali
2026-08-31,Onion,23,Ahilyanagar,Local,Kopargaon APMC,4301,1000,4000.0,Maharashtra,Unhali
2026-09-01,Onion,23,Ahilyanagar,Local,Jamkhed APMC,4500,1000,2750.0,Maharashtra,Local
2026-09-01,Onion,23,Nashik,Local,Devala APMC,4700,800,4350.0,Maharashtra,Unhali
2026-09-01,Onion,23,Ahilyanagar,Local,APMC Akole ,5111,900,4311.0,Maharashtra,Unhali
2026-09-01,Onion,23,Nashik,Local,APMC Nandgaon ,5051,900,4250.0,Maharashtra,Unhali
2026-09-01,Onion,23,Nashik,Local,Pimpalgaon Baswant(Saykheda) ,4600,1700,4201.0,Maharashtra,Unhali
2026-09-01,Onion,23,Ahilyanagar,Local,APMC Newasa ,4700,1000,4000.0,Maharashtra,Unhali
2026-09-01,Onion,23,Dhule,Local,APMC Sakri ,4700,3500,4100.0,Maharashtra,Unhali
2026-09-01,Onion,23,Chattrapati Sambhajinagar,Local,APMC Vaijpur ,4670,1000,3800.0,Maharashtra,Unhali
2026-09-01,Onion,23,Ahilyanagar,Local,APMC Rahuri ,5700,500,3100.0,Maharashtra,Other
2026-09-01,Onion,23,Chattrapati Sambhajinagar,Local,APMC Lasur Station ,4700,905,3200.0,Maharashtra,Other
2026-09-01,Onion,23,Satara,Local,APMC Satara ,4500,2000,3250.0,Maharashtra,Other
2026-09-01,Onion,23,Solapur,Local,APMC Solapur ,5500,500,3000.0,Maharashtra,Red
2026-09-01,Onion,23,Nashik,Local,APMC Umrane,5213,1500,4300.0,Maharashtra,Unhali
2026-09-01,Onion,23,Nashik,Local,Pimpalgaon Baswant APMC,5400,2000,4450.0,Maharashtra,Unhali
2026-09-01,Onion,23,Chattrapati Sambhajinagar,Local,Chattrapati Sambhajinagar APMC,4700,1700,3200.0,Maharashtra,Other
2026-09-01,Onion,23,Nashik,Local,Dindori APMC,4501,3000,3951.0,Maharashtra,Unhali
2026-09-01,Onion,23,Chattrapati Sambhajinagar,Local,Lasur Station APMC,4700,905,3200.0,Maharashtra,Other
2026-09-01,Onion,23,Satara,Local,Phaltan APMC,5100,1600,3000.0,Maharashtra,Hybrid
2026-09-01,Onion,23,Sangli,Local,"Sangli(Phale, Bhajipala Market) APMC",4700,1700,3200.0,Maharashtra,Local
2026-09-01,Onion,23,Amarawati,Local,Amrawati(Frui & Veg. Market) APMC,5400,2500,3950.0,Maharashtra,Local
2026-09-01,Onion,23,Satara,Local,APMC Vai ,4000,2000,3000.0,Maharashtra,Local
2026-09-01,Onion,23,Pune,Local,Pune(Moshi) APMC,2500,1200,1850.0,Maharashtra,Local
2026-09-01,Onion,23,Nashik,Local,Lasalgaon(Vinchur) APMC,4770,1200,4300.0,Maharashtra,Unhali
2026-09-01,Onion,23,Nagpur,Local,Ramtek APMC,4000,3000,3500.0,Maharashtra,Unhali
2026-09-01,Onion,23,Satara,Local,Vai APMC,4000,2000,3000.0,Maharashtra,Local
2026-09-01,Onion,23,Nashik,Local,Umrane APMC,5213,1500,4300.0,Maharashtra,Unhali
2026-09-01,Onion,23,Nashik,Local,Dindori(Vani) APMC,5021,3901,4411.0,Maharashtra,Unhali
2026-09-01,Onion,23,Nashik,Local,AGRICULTURE PRODUCE MARKET COMITEE CHANDWAD,5105,1815,4410.0,Maharashtra,Unhali
2026-09-02,Onion,23,Nashik,Local,APMC Devala ,5005,1000,4600.0,Maharashtra,Unhali
2026-09-02,Onion,23,Nagpur,Local,HINGNA - APMC,5000,5000,5000.0,Maharashtra,Red
2026-09-02,Onion,23,Beed,Local,APMC Kada ,5500,1000,4000.0,Maharashtra,Unhali
2026-09-02,Onion,23,Ahilyanagar,Local,"Shree Sairaj Krushi Market, Dist Ahilyanagar",5000,800,2900.0,Maharashtra,Local
2026-09-02,Onion,23,Ahilyanagar,Local,Parner APMC,5500,1000,3800.0,Maharashtra,Unhali
2026-09-02,Onion,23,Pune,Local,Pune(Pimpri) APMC,4400,2000,3200.0,Maharashtra,Local
2026-09-02,Onion,23,Nashik,Local,Lasalgaon(Niphad) APMC,4621,1101,4300.0,Maharashtra,Unhali
2026-09-02,Onion,23,Nashik,Local,Manmad APMC,4451,1650,4300.0,Maharashtra,Unhali
2026-09-02,Onion,23,Jalgaon,Local,Bhusaval APMC,4000,4000,4000.0,Maharashtra,Unhali
2026-09-02,Onion,23,Nashik,Local,Pimpalgaon Baswant APMC,5330,2000,4500.0,Maharashtra,Unhali
2026-09-02,Onion,23,Dhule,Local,Sakri APMC,4710,3800,4400.0,Maharashtra,Unhali
2026-09-02,Onion,23,Satara,Local,Vaduj APMC,5000,4000,4500.0,Maharashtra,Local
2026-09-02,Onion,23,Dhule,Local,"Pratap Nana Mahale Khajgi Krushi Uttpana Bazar, Samati-Dhule",2360,1500,1802.67,Maharashtra,Red
2026-09-02,Onion,23,Chattrapati Sambhajinagar,Local,APMC Chattrapati Sambhajinagar ,4200,1700,2950.0,Maharashtra,Other
2026-09-02,Onion,23,Chattrapati Sambhajinagar,Local,APMC Gangapur ,5301,660,3723.0,Maharashtra,Unhali
2026-09-02,Onion,23,Nashik,Local,"Malharshree Khajgi Krushi Utpann Bajar, Chandanpuri Tal Malegaon, Nashik",4450,2578,3789.0,Maharashtra,Other
2026-09-02,Onion,23,Pune,Local,APMC Indapur ,6000,1500,2500.0,Maharashtra,Red
2026-09-02,Onion,23,Nagpur,Local,APMC Nagpur ,4500,4000,4375.0,Maharashtra,Red
2026-09-02,Onion,23,Solapur,Local,APMC Akluj ,5100,1000,3500.0,Maharashtra,Red
2026-09-02,Onion,23,Kolhapur,Local,Vadgaonpeth APMC,4100,3000,3500.0,Maharashtra,Local
2026-09-02,Onion,23,Jalgaon,Local,Jalgaon APMC,4250,1750,3312.0,Maharashtra,Red
2026-09-02,Onion,23,Solapur,Local,SHRI.SIDDHESHWAR  APMC,6000,500,3300.0,Maharashtra,Red
2026-09-02,Onion,23,Mumbai,Local,Mumbai-Onion & Potato Market ,4400,3200,3800.0,Maharashtra,Other
2026-09-02,Onion,23,Solapur,Local,APMC Solapur ,6000,500,3300.0,Maharashtra,Red
2026-09-03,Onion,23,Chattrapati Sambhajinagar,Local,APMC Chattrapati Sambhajinagar ,4750,1700,3225.0,Maharashtra,Other
2026-09-03,Onion,23,Satara,Local,APMC Vaduj ,5500,4000,5000.0,Maharashtra,Local
2026-09-03,Onion,23,Nagpur,Local,APMC Kamthi ,4500,4000,4350.0,Maharashtra,Local
2026-09-03,Onion,23,Nashik,Local,APMC Manmad ,4701,2000,4450.0,Maharashtra,Unhali
2026-09-03,Onion,23,Satara,Local,APMC Lonand ,4500,2000,3400.0,Maharashtra,Unhali
2026-09-03,Onion,23,Chandrapur,Local,Chandrapur(Ganjwad) ,5500,4500,5000.0,Maharashtra,Other
2026-09-03,Onion,23,Nashik,Local,APMC Manmad ,4540,1730,4300.0,Maharashtra,Unhali
2026-09-03,Onion,23,Pune,Local,APMC Manchar ,6110,3800,4980.0,Maharashtra,Other
2026-09-03,Onion,23,Chattrapati Sambhajinagar,Local,APMC Lasur Station ,4800,1055,3200.0,Maharashtra,Other
2026-09-03,Onion,23,Nashik,Local,"Shri Rameshwar Krushi Market, M.Nagar, Tal Deola, Dist Nashik",5601,1000,4133.81,Maharashtra,Other
2026-09-03,Onion,23,Pune,Local,Pune(Khadiki) ,1600,1000,1300.0,Maharashtra,Local
2026-09-03,Onion,23,Chattrapati Sambhajinagar,Local,APMC Vaijpur ,4710,1000,4000.0,Maharashtra,Unhali
2026-09-04,Onion,23,Chattrapati Sambhajinagar,Local,APMC Gangapur ,4850,1020,3545.0,Maharashtra,Unhali
2026-09-04,Onion,23,Nashik,Local,APMC Yeola ,4785,1000,4325.0,Maharashtra,Unhali
2026-09-04,Onion,23,Nashik,Local,Dindori(Vani) ,5411,4101,4801.0,Maharashtra,Unhali
2026-09-04,Onion,23,Nashik,Local,APMC Sinner ,4730,1500,4600.0,Maharashtra,Unhali
2026-09-04,Onion,23,Akola,Local,APMC Akola ,4800,2000,3500.0,Maharashtra,Other
2026-09-04,Onion,23,Nashik,Local,APMC Umrane,5401,1500,4500.0,Maharashtra,Unhali
2026-09-04,Onion,23,Nagpur,Local,APMC Kamthi ,4500,4000,4350.0,Maharashtra,Local
2026-09-04,Onion,23,Nashik,Local,APMC Nasik ,5000,2200,4400.0,Maharashtra,Unhali
2026-09-04,Onion,23,Nashik,Local,APMC Manmad ,4771,1500,4400.0,Maharashtra,Unhali
2026-09-04,Onion,23,Solapur,Local,APMC Mangal Wedha ,5000,2200,4200.0,Maharashtra,Local
2026-09-04,Onion,23,Nashik,Local,APMC Kalvan ,5500,2200,4600.0,Maharashtra,Unhali
2026-09-05,Onion,23,Kolhapur,Local,APMC Kolhapur ,5300,1200,3200.0,Maharashtra,Other
2026-09-05,Onion,23,Ahilyanagar,Local,Newasa(Ghodegaon) ,5500,1500,4000.0,Maharashtra,Unhali
2026-09-05,Onion,23,Ahilyanagar,Local,APMC Shevgaon ,2900,1800,2500.0,Maharashtra,Other
2026-09-05,Onion,23,Solapur,Local,APMC Solapur ,6200,500,3300.0,Maharashtra,Red
2026-09-05,Onion,23,Dharashiv,Local,APMC Dharashiv ,5000,2500,3750.0,Maharashtra,Red
2026-09-06,Onion,23,Satara,Local,APMC Vaduj ,5000,4000,4500.0,Maharashtra,Local
2026-09-07,Onion,23,Chattrapati Sambhajinagar,Local,APMC Paithan ,4685,2655,4200.0,Maharashtra,Unhali
2026-09-07,Onion,23,Nashik,Local,APMC Sinner ,4698,1500,4300.0,Maharashtra,Unhali
2026-09-07,Onion,23,Chattrapati Sambhajinagar,Local,APMC Vaijpur ,4805,1500,4000.0,Maharashtra,Unhali
2026-09-07,Onion,23,Dhule,Local,APMC Sakri ,5000,3700,4400.0,Maharashtra,Unhali
2026-09-07,Onion,23,Nashik,Local,APMC Manmad ,4720,1330,4400.0,Maharashtra,Unhali
2026-09-07,Onion,23,Nashik,Local,APMC Chandwad ,5260,1310,4470.0,Maharashtra,Unhali
2026-09-07,Onion,23,Nashik,Local,APMC Kalvan ,5535,2000,4600.0,Maharashtra,Unhali
2026-09-07,Onion,23,Satara,Local,APMC Lonand ,5000,2000,3700.0,Maharashtra,Unhali
2026-09-07,Onion,23,Nashik,Local,"Malharshree Khajgi Krushi Utpann Bajar, Chandanpuri Tal Malegaon, Nashik",4514,1954,3810.0,Maharashtra,Other
2026-09-07,Onion,23,Sangli,Local,"Sangli(Phale, Bhajipala Market) ",5100,1800,3450.0,Maharashtra,Local
2026-09-07,Onion,23,Chattrapati Sambhajinagar,Local,APMC Chattrapati Sambhajinagar ,5100,2000,3550.0,Maharashtra,Other
2026-09-07,Onion,23,Nashik,Local,"Shri Rameshwar Krushi Market, M.Nagar, Tal Deola, Dist Nashik",5751,1111,4144.07,Maharashtra,Other
2026-09-07,Onion,23,Satara,Local,APMC Satara ,4500,1500,3000.0,Maharashtra,Other
2026-09-07,Onion,23,Ahilyanagar,Local,"Shree Sairaj Krushi Market, Dist Ahilyanagar",5100,1000,3100.0,Maharashtra,Local
2026-09-07,Onion,23,Sangli,Local,APMC Vita ,5500,4500,4800.0,Maharashtra,Other
2026-09-07,Onion,23,Nashik,Local,APMC Yeola ,4850,801,4350.0,Maharashtra,Unhali
2026-09-08,Onion,23,Nashik,Local,APMC Nandgaon ,5201,500,4150.0,Maharashtra,Unhali
2026-09-08,Onion,23,Nashik,Local,APMC Chandwad ,5295,1500,4450.0,Maharashtra,Unhali
2026-09-08,Onion,23,Dhule,Local,"Pratap Nana Mahale Khajgi Krushi Uttpana Bazar, Samati-Dhule",4100,1100,3732.06,Maharashtra,Red
2026-09-08,Onion,23,Sangli,Local,"Sangli(Phale, Bhajipala Market) ",4800,1800,3300.0,Maharashtra,Local
2026-09-08,Onion,23,Nashik,Local,APMC Nasik ,4851,2200,4200.0,Maharashtra,Unhali
2026-09-08,Onion,23,Pune,Local,Pune(Manjri) ,5000,3000,4000.0,Maharashtra,Local
2026-09-08,Onion,23,Akola,Local,APMC Akola ,5200,2000,3500.0,Maharashtra,Other
2026-09-08,Onion,23,Ahilyanagar,Local,APMC Newasa ,4700,1000,4200.0,Maharashtra,Unhali
2026-09-08,Onion,23,Satara,Local,APMC Vaduj ,4700,4000,4500.0,Maharashtra,Local
2026-09-09,Onion,23,Nashik,Local,APMC Nasik ,4700,2050,4150.0,Maharashtra,Unhali
2026-09-09,Onion,23,Ahilyanagar,Local,APMC Sangamner ,5500,1500,3500.0,Maharashtra,Unhali
2026-09-09,Onion,23,Chattrapati Sambhajinagar,Local,APMC Paithan ,5350,1400,4400.0,Maharashtra,Unhali
2026-09-09,Onion,23,Nashik,Local,APMC Nampur,4750,605,4100.0,Maharashtra,Unhali
2026-09-09,Onion,23,Nashik,Local,Lasalgaon(Niphad) ,4590,1500,4350.0,Maharashtra,Unhali
2026-09-09,Onion,23,Nashik,Local,APMC Sinner ,5000,1300,4200.0,Maharashtra,Unhali
2026-09-09,Onion,23,Nashik,Local,APMC Devala ,4775,1000,4380.0,Maharashtra,Unhali
2026-09-09,Onion,23,Pune,Local,APMC Pune ,5000,1000,3000.0,Maharashtra,Local
2026-09-09,Onion,23,Solapur,Local,APMC Akluj ,5200,1400,4000.0,Maharashtra,Red
