Arrival_Date,Commodity,Commodity_Code,District,Grade,Market,Max_Price,Min_Price,Modal_Price,State,Variety
2007-01-01,Wheat,1,Pune,FAQ,Pune,2200,1325,1762,Maharashtra,Other
2007-01-02,Wheat,1,Jalana,FAQ,Ambad (Vadigodri),1581,1141,1300,Maharashtra,147 Average
2007-01-02,Wheat,1,Kolhapur,FAQ,Kolhapur(Laxmipuri),1900,1100,1400,Maharashtra,Other
2007-01-02,Wheat,1,Ahmednagar,FAQ,Rahuri(Vambori),1321,1001,1161,Maharashtra,Other
2007-01-02,Wheat,1,Jalgaon,FAQ,Chopada,1282,1226,1271,Maharashtra,Other
2007-01-02,Wheat,1,Nashik,FAQ,Malegaon,1400,1131,1222,Maharashtra,Other
2007-01-02,Wheat,1,Chattrapati Sambhajinagar,FAQ,Kannad,1400,1280,1390,Maharashtra,Other
2007-01-02,Wheat,1,Sholapur,FAQ,Solapur,1785,1110,1480,Maharashtra,Sharbati
2007-01-03,Wheat,1,Nashik,FAQ,Malegaon,1281,1065,1200,Maharashtra,Other
2007-01-03,Wheat,1,Dhule,FAQ,Dhule,1470,950,1350,Maharashtra,Other
2007-01-03,Wheat,1,Sholapur,FAQ,Pandharpur,1575,1150,1300,Maharashtra,Other
2007-01-03,Wheat,1,Ahmednagar,FAQ,Rahuri(Vambori),1275,1100,1187,Maharashtra,Other
2007-01-03,Wheat,1,Hingoli,FAQ,Sengoan,1110,1000,1060,Maharashtra,Other
2007-01-03,Wheat,1,Jalgaon,FAQ,Chalisgaon,1300,1150,1250,Maharashtra,Other
2007-01-03,Wheat,1,Ahmednagar,FAQ,Pathardi,1315,1000,1200,Maharashtra,Other
2007-01-03,Wheat,1,Buldhana,FAQ,Chikali,1420,1140,1280,Maharashtra,Other
2007-01-03,Wheat,1,Amarawati,FAQ,Morshi,1451,1100,1254,Maharashtra,Other
2007-01-03,Wheat,1,Chattrapati Sambhajinagar,FAQ,Gangapur,1501,1100,1280,Maharashtra,Other
2007-01-03,Wheat,1,Beed,FAQ,Parali Vaijyanath,1400,1400,1400,Maharashtra,Other
2007-01-03,Wheat,1,Nashik,FAQ,Yeola,1300,1056,1091,Maharashtra,Maharashtra 2189
2007-01-03,Wheat,1,Jalgaon,FAQ,Parola,1452,1150,1172,Maharashtra,Other
2007-01-03,Wheat,1,Chattrapati Sambhajinagar,FAQ,Kannad,1400,1290,1380,Maharashtra,Other
2007-01-03,Wheat,1,Hingoli,FAQ,Hingoli,1424,1150,1287,Maharashtra,Other
2007-01-04,Wheat,1,Sholapur,FAQ,Barshi,1641,1100,1100,Maharashtra,Other
2007-01-04,Wheat,1,Buldhana,FAQ,Khamgaon,1210,1000,1105,Maharashtra,Other
2007-01-04,Wheat,1,Jalgaon,FAQ,Dharangaon,1230,1125,1195,Maharashtra,Other
2007-01-04,Wheat,1,Beed,FAQ,Gevrai,1520,1050,1340,Maharashtra,Other
2007-01-04,Wheat,1,Jalgaon,FAQ,Chopada,1253,1000,1221,Maharashtra,Other
2007-01-04,Wheat,1,Chattrapati Sambhajinagar,FAQ,Kannad,1450,1200,1350,Maharashtra,Other
2007-01-04,Wheat,1,Bhandara,FAQ,Tumsar,1161,900,1030,Maharashtra,Other
2007-01-04,Wheat,1,Amarawati,FAQ,Achalpur,1450,1050,1250,Maharashtra,Other
2007-01-04,Wheat,1,Nashik,FAQ,Yeola,1111,1090,1111,Maharashtra,Maharashtra 2189
2007-01-04,Wheat,1,Dhule,FAQ,Shirpur,1450,951,1245,Maharashtra,Other
2007-01-04,Wheat,1,Jalana,FAQ,Jalana,1700,1700,1700,Maharashtra,Other
2007-01-05,Wheat,1,Hingoli,FAQ,Hingoli,1341,1050,1195,Maharashtra,Other
2007-01-05,Wheat,1,Nashik,FAQ,Manmad,1451,1190,1400,Maharashtra,Other
2007-01-05,Wheat,1,Jalgaon,FAQ,Chopada,1000,1000,1000,Maharashtra,Other
2007-01-05,Wheat,1,Sholapur,FAQ,Solapur,1775,1100,1470,Maharashtra,Sharbati
2007-01-05,Wheat,1,Ahmednagar,FAQ,Rahuri,1290,1150,1205,Maharashtra,Other
2007-01-05,Wheat,1,Dharashiv(Usmanabad),FAQ,Kalamb (Dharashiv),1440,1025,1191,Maharashtra,Maharashtra 2189
2007-01-05,Wheat,1,Jalana,FAQ,Jalana,1450,1050,1275,Maharashtra,Other
2007-01-06,Wheat,1,Jalana,FAQ,Ambad (Vadigodri),1580,1121,1281,Maharashtra,147 Average
2007-01-06,Wheat,1,Jalgaon,FAQ,Jalgaon(Masawat),1350,1200,1251,Maharashtra,147 Average
2007-01-06,Wheat,1,Kolhapur,FAQ,Kolhapur(Laxmipuri),1800,1075,1375,Maharashtra,Other
2007-01-06,Wheat,1,Amarawati,FAQ,Morshi,1451,1100,1269,Maharashtra,Other
2007-01-06,Wheat,1,Bhandara,FAQ,Tumsar,1082,1082,1082,Maharashtra,Other
2007-01-06,Wheat,1,Parbhani,FAQ,Parbhani,1121,1115,1115,Maharashtra,Maharashtra 2189
2007-01-06,Wheat,1,Thane,FAQ,Vasai,1230,900,1100,Maharashtra,Other
2007-01-07,Wheat,1,Pune,FAQ,Indapur(Bhigwan),1701,950,1200,Maharashtra,Maharashtra 2189
2007-01-07,Wheat,1,Akola,FAQ,Balapur,1250,875,1207,Maharashtra,Other
2007-01-07,Wheat,1,Dharashiv(Usmanabad),FAQ,Dharashiv,1801,1201,1501,Maharashtra,Other
2007-01-08,Wheat,1,Buldhana,FAQ,Sangrampur(Varvatbakal),1250,970,1140,Maharashtra,Other
2007-01-08,Wheat,1,Nashik,FAQ,Satana,1426,1231,1348,Maharashtra,Maharashtra 2189
2007-01-08,Wheat,1,Sholapur,FAQ,Solapur,1775,1100,1470,Maharashtra,Sharbati
2007-01-08,Wheat,1,Beed,FAQ,Gevrai,1450,1100,1350,Maharashtra,Other
2007-01-08,Wheat,1,Parbhani,FAQ,Palam,1236,1011,1090,Maharashtra,Sharbati
2007-01-08,Wheat,1,Parbhani,FAQ,Parbhani,1225,1225,1225,Maharashtra,Maharashtra 2189
2007-01-08,Wheat,1,Parbhani,FAQ,Selu,611,611,611,Maharashtra,Other
2007-01-08,Wheat,1,Ahmednagar,FAQ,Rahuri,1240,1000,1125,Maharashtra,Other
2007-01-08,Wheat,1,Sholapur,FAQ,Mohol,1575,1400,1510,Maharashtra,Other
2007-01-08,Wheat,1,Dhule,FAQ,Dondaicha,1301,1085,1229,Maharashtra,Other
2007-01-08,Wheat,1,Thane,FAQ,Kalyan,1550,1350,1450,Maharashtra,Sharbati
2007-01-08,Wheat,1,Sholapur,FAQ,Kurdwadi(Modnimb),1600,944,1350,Maharashtra,Other
2007-01-09,Wheat,1,Akola,FAQ,Akot,1376,1100,1307,Maharashtra,Other
2007-01-09,Wheat,1,Kolhapur,FAQ,Kolhapur(Laxmipuri),1900,1050,1400,Maharashtra,Other
2007-01-09,Wheat,1,Buldhana,FAQ,Chikali,1415,1166,1290,Maharashtra,Other
2007-01-09,Wheat,1,Beed,FAQ,Ambejaogai,1500,1081,1250,Maharashtra,Other
2007-01-09,Wheat,1,Jalana,FAQ,Jalana,1500,1050,1300,Maharashtra,Other
2007-01-09,Wheat,1,Thane,FAQ,Ulhasnagar,1600,1000,1275,Maharashtra,Other
2007-01-09,Wheat,1,Jalgaon,FAQ,Jalgaon,1375,1225,1331,Maharashtra,147 Average
2007-01-09,Wheat,1,Jalgaon,FAQ,Chopada,1222,1026,1200,Maharashtra,Other
2007-01-10,Wheat,1,Buldhana,FAQ,Jalgaon(Jamod),1400,1000,1200,Maharashtra,Other
2007-01-10,Wheat,1,Amarawati,FAQ,Amarawati,1250,1100,1175,Maharashtra,147 Average
2007-01-10,Wheat,1,Jalgaon,FAQ,Jalgaon,1331,1150,1225,Maharashtra,147 Average
2007-01-10,Wheat,1,Sholapur,FAQ,Solapur,1765,1115,1460,Maharashtra,Sharbati
2007-01-10,Wheat,1,Amarawati,FAQ,Chandur Railway,1000,1000,1000,Maharashtra,Other
2007-01-10,Wheat,1,Pune,FAQ,Baramati,1800,1200,1600,Maharashtra,Other
2007-01-10,Wheat,1,Latur,FAQ,Ahmedpur,1045,800,1000,Maharashtra,Other
2007-01-10,Wheat,1,Buldhana,FAQ,Chikali,1395,1140,1267,Maharashtra,Other
2007-01-10,Wheat,1,Nashik,FAQ,Sinner,1421,1001,1300,Maharashtra,Other
2007-01-10,Wheat,1,Ahmednagar,FAQ,Shrirampur,1400,1000,1200,Maharashtra,Other
2007-01-11,Wheat,1,Jalgaon,FAQ,Jalgaon,1331,1111,1251,Maharashtra,147 Average
2007-01-11,Wheat,1,Sholapur,FAQ,Pandharpur,1403,1250,1403,Maharashtra,Other
2007-01-11,Wheat,1,Amarawati,FAQ,Achalpur,1350,850,1100,Maharashtra,Other
2007-01-11,Wheat,1,Nashik,FAQ,Malegaon,1341,901,1131,Maharashtra,Other
2007-01-11,Wheat,1,Buldhana,FAQ,Malkapur,1325,800,1251,Maharashtra,Other
2007-01-11,Wheat,1,Jalgaon,FAQ,Bhusaval,1277,1081,1241,Maharashtra,Other
2007-01-11,Wheat,1,Ahmednagar,FAQ,Shrirampur,1375,1111,1200,Maharashtra,Other
2007-01-11,Wheat,1,Jalgaon,FAQ,Chalisgaon,1400,1100,1300,Maharashtra,Maharashtra 2189
2007-01-11,Wheat,1,Jalana,FAQ,Jalana,1351,1050,1241,Maharashtra,Other
2007-01-11,Wheat,1,Jalana,FAQ,Ambad (Vadigodri),1075,900,1040,Maharashtra,Other
2007-01-11,Wheat,1,Dhule,FAQ,Dhule,1434,1060,1320,Maharashtra,Other
2007-01-12,Wheat,1,Jalgaon,FAQ,Parola,1440,1100,1225,Maharashtra,Other
2007-01-12,Wheat,1,Sholapur,FAQ,Solapur,1750,1100,1460,Maharashtra,Sharbati
2007-01-12,Wheat,1,Amarawati,FAQ,Amarawati,1300,1100,1200,Maharashtra,Other
2007-01-12,Wheat,1,Dhule,FAQ,Dhule,1471,911,1351,Maharashtra,Other
2007-01-12,Wheat,1,Akola,FAQ,Murtizapur,1070,1000,1025,Maharashtra,Other
2007-01-13,Wheat,1,Jalgaon,FAQ,Bhusaval,1260,1150,1150,Maharashtra,Other
2007-01-13,Wheat,1,Ahmednagar,FAQ,Pathardi,1400,1000,1300,Maharashtra,Other
2007-01-13,Wheat,1,Vashim,FAQ,Washim,1250,1100,1200,Maharashtra,Maharashtra 2189
2007-01-13,Wheat,1,Nashik,FAQ,Malegaon,1352,1011,1151,Maharashtra,Other
2007-01-13,Wheat,1,Amarawati,FAQ,Anajngaon,1350,1200,1250,Maharashtra,Other
2007-01-13,Wheat,1,Akola,FAQ,Akola,1311,900,1125,Maharashtra,Kalyan
2007-01-13,Wheat,1,Dhule,FAQ,Dondaicha(Sindhkheda),1275,1275,1275,Maharashtra,Other
2007-01-13,Wheat,1,Chattrapati Sambhajinagar,FAQ,Gangapur,1470,1170,1300,Maharashtra,Other
2007-01-13,Wheat,1,Chattrapati Sambhajinagar,FAQ,Chattrapati Sambhajinagar,1361,1225,1225,Maharashtra,Other
2007-01-15,Wheat,1,Beed,FAQ,Kille Dharur,1201,1090,1175,Maharashtra,Other
2007-01-15,Wheat,1,Jalana,FAQ,Ambad (Vadigodri),1091,831,1013,Maharashtra,Other
2007-01-15,Wheat,1,Ahmednagar,FAQ,Rahuri,1200,1125,1151,Maharashtra,Other
2007-01-15,Wheat,1,Beed,FAQ,Gevrai,1400,1050,1250,Maharashtra,Other
2007-01-15,Wheat,1,Pune,FAQ,Baramati,1290,1050,1200,Maharashtra,Kalyan
2007-01-15,Wheat,1,Buldhana,FAQ,Chikali,1410,1140,1275,Maharashtra,Other
2007-01-16,Wheat,1,Hingoli,FAQ,Hingoli,1195,1035,1115,Maharashtra,Other
2007-01-16,Wheat,1,Thane,FAQ,Kalyan,1550,1425,1487,Maharashtra,Sharbati
2007-01-16,Wheat,1,Vashim,FAQ,Karanja,1202,1085,1100,Maharashtra,Maharashtra 2189
2007-01-16,Wheat,1,Jalana,FAQ,Jalana,1390,1050,1275,Maharashtra,Other
2007-01-16,Wheat,1,Nashik,FAQ,Satana,1326,1100,1285,Maharashtra,Other
2007-01-16,Wheat,1,Chattrapati Sambhajinagar,FAQ,Chattrapati Sambhajinagar,1400,1200,1300,Maharashtra,Other
2007-01-16,Wheat,1,Ahmednagar,FAQ,Shevgaon,1400,1000,1300,Maharashtra,Maharashtra 2189
2007-01-16,Wheat,1,Sholapur,FAQ,Pandharpur,1560,1400,1480,Maharashtra,Other
2007-01-16,Wheat,1,Chattrapati Sambhajinagar,FAQ,Paithan,1480,1350,1375,Maharashtra,Maharashtra 2189
2007-01-17,Wheat,1,Beed,FAQ,Kaij,1300,825,1132,Maharashtra,Other
2007-01-17,Wheat,1,Chattrapati Sambhajinagar,FAQ,Lasur Station,1475,900,1350,Maharashtra,Maharashtra 2189
2007-01-17,Wheat,1,Parbhani,FAQ,Palam,1135,903,1112,Maharashtra,Sharbati
2007-01-17,Wheat,1,Nashik,FAQ,Malegaon,1420,1015,1271,Maharashtra,Other
2007-01-17,Wheat,1,Kolhapur,FAQ,Kolhapur(Laxmipuri),2000,1025,1400,Maharashtra,Other
2007-01-17,Wheat,1,Sholapur,FAQ,Pandharpur,1550,1366,1458,Maharashtra,Other
2007-01-17,Wheat,1,Nashik,FAQ,Sinner,1380,1042,1300,Maharashtra,Other
2007-01-17,Wheat,1,Ahmednagar,FAQ,Newasa,1300,1000,1200,Maharashtra,Other
2007-01-17,Wheat,1,Ahmednagar,FAQ,Shrirampur,1501,1100,1300,Maharashtra,Other
2007-01-17,Wheat,1,Dhule,FAQ,Dhule,1471,1100,1351,Maharashtra,Other
2007-01-17,Wheat,1,Latur,FAQ,Ausa,1351,1101,1275,Maharashtra,Maharashtra 2189
2007-01-17,Wheat,1,Nashik,FAQ,Satana,1335,1120,1261,Maharashtra,Other
2007-01-17,Wheat,1,Nashik,FAQ,Satana,1390,1266,1351,Maharashtra,Maharashtra 2189
2007-01-17,Wheat,1,Dharashiv(Usmanabad),FAQ,Kalamb (Dharashiv),1330,1000,1100,Maharashtra,Maharashtra 2189
2007-01-17,Wheat,1,Ahmednagar,FAQ,Sangamner,1409,1101,1255,Maharashtra,Other
2007-01-18,Wheat,1,Akola,FAQ,Akola,1390,880,1215,Maharashtra,Other
2007-01-18,Wheat,1,Buldhana,FAQ,Malkapur,1377,1201,1201,Maharashtra,Other
2007-01-18,Wheat,1,Pune,FAQ,Dound,1581,1100,1400,Maharashtra,Maharashtra 2189
2007-01-18,Wheat,1,Jalgaon,FAQ,Dharangaon,1145,1105,1129,Maharashtra,Other
2007-01-18,Wheat,1,Thane,FAQ,Ulhasnagar,1600,1000,1275,Maharashtra,Other
2007-01-18,Wheat,1,Amarawati,FAQ,Amarawati,1250,1200,1225,Maharashtra,147 Average
2007-01-18,Wheat,1,Chattrapati Sambhajinagar,FAQ,Lasur Station,1285,1000,1136,Maharashtra,Maharashtra 2189
2007-01-19,Wheat,1,Jalgaon,FAQ,Chalisgaon,1350,1150,1275,Maharashtra,Maharashtra 2189
2007-01-19,Wheat,1,Dhule,FAQ,Dhule,1435,1175,1350,Maharashtra,Other
2007-01-19,Wheat,1,Buldhana,FAQ,Khamgaon,1350,1150,1250,Maharashtra,Other
2007-01-19,Wheat,1,Jalgaon,FAQ,Parola,1401,1075,1250,Maharashtra,Other
2007-01-19,Wheat,1,Ahmednagar,FAQ,Shrirampur,1340,1050,1195,Maharashtra,Other
2007-01-19,Wheat,1,Ahmednagar,FAQ,Shrirampur(Belapur),1225,1051,1151,Maharashtra,Other
2007-01-19,Wheat,1,Sholapur,FAQ,Solapur,1752,1075,1460,Maharashtra,Sharbati
2007-01-19,Wheat,1,Amarawati,FAQ,Chandur Railway,1669,1342,1356,Maharashtra,Other
2007-01-19,Wheat,1,Jalgaon,FAQ,Chopada,1251,1151,1251,Maharashtra,Other
2007-01-20,Wheat,1,Bhandara,FAQ,Tumsar,1050,950,1000,Maharashtra,Other
2007-01-20,Wheat,1,Beed,FAQ,Kaij,1276,800,1163,Maharashtra,Other
2007-01-20,Wheat,1,Thane,FAQ,Palghar,1700,1335,1517,Maharashtra,Other
2007-01-20,Wheat,1,Jalgaon,FAQ,Parola,1431,1100,1300,Maharashtra,Other
2007-01-20,Wheat,1,Amarawati,FAQ,Morshi,1500,1200,1366,Maharashtra,Other
2007-01-20,Wheat,1,Nashik,FAQ,Yeola,1105,875,1075,Maharashtra,Maharashtra 2189
2007-01-20,Wheat,1,Dhule,FAQ,Dhule,1395,1315,1315,Maharashtra,Other
2007-01-20,Wheat,1,Parbhani,FAQ,Selu,1300,1300,1300,Maharashtra,Other
2007-01-20,Wheat,1,Thane,FAQ,Ulhasnagar,1700,1125,1425,Maharashtra,Kalyan
2007-01-20,Wheat,1,Buldhana,FAQ,Deoulgaon Raja,1325,950,1150,Maharashtra,Other
2007-01-20,Wheat,1,Kolhapur,FAQ,Kolhapur(Laxmipuri),2000,1000,1400,Maharashtra,Other
2007-01-21,Wheat,1,Buldhana,FAQ,Jalgaon(Jamod),1200,1000,1100,Maharashtra,Other
2007-01-22,Wheat,1,Jalana,FAQ,Ambad (Vadigodri),1086,900,900,Maharashtra,Other
2007-01-22,Wheat,1,Pune,FAQ,Pune,2325,1200,1760,Maharashtra,Other
2007-01-22,Wheat,1,Buldhana,FAQ,Deoulgaon Raja,1265,950,1075,Maharashtra,Other
2007-01-22,Wheat,1,Parbhani,FAQ,Palam,1181,860,1001,Maharashtra,Sharbati
2007-01-22,Wheat,1,Pune,FAQ,Indapur,1560,1051,1300,Maharashtra,Maharashtra 2189
2007-01-23,Wheat,1,Chattrapati Sambhajinagar,FAQ,Chattrapati Sambhajinagar,1350,1200,1250,Maharashtra,Other
2007-01-23,Wheat,1,Jalgaon,FAQ,Chalisgaon,1300,1100,1200,Maharashtra,Maharashtra 2189
2007-01-23,Wheat,1,Thane,FAQ,Palghar,1591,1331,1461,Maharashtra,Other
2007-01-23,Wheat,1,Kolhapur,FAQ,Kolhapur(Laxmipuri),1975,1025,1400,Maharashtra,Other
2007-01-23,Wheat,1,Amarawati,FAQ,Anajngaon,1351,1175,1250,Maharashtra,Other
2007-01-23,Wheat,1,Dhule,FAQ,Shirpur,1300,1050,1231,Maharashtra,Other
2007-01-24,Wheat,1,Nashik,FAQ,Manmad,1422,1240,1400,Maharashtra,Other
2007-01-24,Wheat,1,Jalgaon,FAQ,Chalisgaon,1300,1100,1250,Maharashtra,Maharashtra 2189
2007-01-24,Wheat,1,Ahmednagar,FAQ,Sangamner,1440,1270,1350,Maharashtra,Other
2007-01-24,Wheat,1,Nashik,FAQ,Satana,1310,1200,1281,Maharashtra,Maharashtra 2189
2007-01-24,Wheat,1,Akola,FAQ,Akola,1300,1050,1175,Maharashtra,Other
2007-01-24,Wheat,1,Beed,FAQ,Gevrai,1400,1050,1350,Maharashtra,Other
2007-01-24,Wheat,1,Thane,FAQ,Ulhasnagar,1700,1125,1425,Maharashtra,Kalyan
2007-01-25,Wheat,1,Chattrapati Sambhajinagar,FAQ,Paithan,1340,1340,1340,Maharashtra,Other
2007-01-25,Wheat,1,Nashik,FAQ,Satana,1300,1051,1264,Maharashtra,Other
2007-01-25,Wheat,1,Beed,FAQ,Kaij,1151,700,999,Maharashtra,Other
2007-01-25,Wheat,1,Amarawati,FAQ,Chandur Railway,1351,1000,1176,Maharashtra,Other
2007-01-25,Wheat,1,Buldhana,FAQ,Deoulgaon Raja,1235,900,1000,Maharashtra,Other
2007-01-25,Wheat,1,Akola,FAQ,Akola,1325,1050,1215,Maharashtra,Other
2007-01-25,Wheat,1,Beed,FAQ,Gevrai,1450,1000,1350,Maharashtra,Other
2007-01-25,Wheat,1,Sholapur,FAQ,Pandharpur,1250,1250,1250,Maharashtra,Other
2007-01-25,Wheat,1,Pune,FAQ,Dound,1431,1000,1300,Maharashtra,Maharashtra 2189
2007-01-25,Wheat,1,Nashik,FAQ,Manmad,1400,1301,1351,Maharashtra,Other
2007-01-25,Wheat,1,Latur,FAQ,Ahmedpur,1010,810,950,Maharashtra,Other
2007-01-25,Wheat,1,Parbhani,FAQ,Selu,1045,1045,1045,Maharashtra,Other
2007-01-25,Wheat,1,Amarawati,FAQ,Achalpur,1400,900,1150,Maharashtra,Other
2007-01-26,Wheat,1,Ahmednagar,FAQ,Shrirampur,1400,1200,1300,Maharashtra,Other
2007-01-26,Wheat,1,Pune,FAQ,Dound,1431,975,1310,Maharashtra,Maharashtra 2189
2007-01-27,Wheat,1,Buldhana,FAQ,Khamgaon,1250,1100,1175,Maharashtra,Other
2007-01-27,Wheat,1,Nashik,FAQ,Malegaon,1463,1025,1233,Maharashtra,Other
2007-01-27,Wheat,1,Amarawati,FAQ,Achalpur,1450,1100,1275,Maharashtra,Other
2007-01-27,Wheat,1,Ahmednagar,FAQ,Shrirampur,1400,921,1160,Maharashtra,Other
2007-01-27,Wheat,1,Beed,FAQ,Kaij,1300,800,1151,Maharashtra,Other
2007-01-27,Wheat,1,Sholapur,FAQ,Solapur,1750,1075,1465,Maharashtra,Sharbati
2007-01-27,Wheat,1,Kolhapur,FAQ,Kolhapur(Laxmipuri),1950,1000,1375,Maharashtra,Other
2007-01-27,Wheat,1,Chattrapati Sambhajinagar,FAQ,Lasur Station,1350,975,1260,Maharashtra,Maharashtra 2189
2007-01-28,Wheat,1,Buldhana,FAQ,Jalgaon(Jamod),1200,1000,1100,Maharashtra,Other
2007-01-29,Wheat,1,Sholapur,FAQ,Kurdwadi(Modnimb),1500,900,1300,Maharashtra,Other
2007-01-29,Wheat,1,Jalana,FAQ,Ashti(Jalna),1391,1051,1051,Maharashtra,Maharashtra 2189
2007-01-29,Wheat,1,Nashik,FAQ,Manmad,1400,1302,1351,Maharashtra,Other
2007-01-29,Wheat,1,Nashik,FAQ,Satana,1286,1012,1265,Maharashtra,Other
2007-01-29,Wheat,1,Sholapur,FAQ,Solapur,1760,1080,1470,Maharashtra,Sharbati
2007-01-29,Wheat,1,Hingoli,FAQ,Sengoan,1050,1000,1000,Maharashtra,Other
2007-01-29,Wheat,1,Dhule,FAQ,Dondaicha,1421,911,1251,Maharashtra,Other
2007-01-29,Wheat,1,Kolhapur,FAQ,Kolhapur(Laxmipuri),2000,1100,1400,Maharashtra,Other
2007-01-29,Wheat,1,Dharashiv(Usmanabad),FAQ,Kalamb (Dharashiv),1275,950,1120,Maharashtra,Maharashtra 2189
2007-01-29,Wheat,1,Pune,FAQ,Indapur,1551,951,1331,Maharashtra,Maharashtra 2189
2007-01-29,Wheat,1,Jalgaon,FAQ,Chopada,1251,976,1151,Maharashtra,Other
2007-01-29,Wheat,1,Akola,FAQ,Akola,1250,1090,1175,Maharashtra,Other
2007-01-29,Wheat,1,Thane,FAQ,Vasai,1150,875,1000,Maharashtra,Other
2007-01-29,Wheat,1,Buldhana,FAQ,Deoulgaon Raja,1211,900,950,Maharashtra,Other
2007-01-30,Wheat,1,Dhule,FAQ,Dhule,1462,850,1354,Maharashtra,Other
2007-01-30,Wheat,1,Hingoli,FAQ,Sengoan,1100,1000,1050,Maharashtra,Other
2007-01-31,Wheat,1,Jalgaon,FAQ,Chopada,1200,1075,1200,Maharashtra,Other
2007-01-31,Wheat,1,Amarawati,FAQ,Morshi,1300,1200,1236,Maharashtra,Other
2007-01-31,Wheat,1,Buldhana,FAQ,Jalgaon(Jamod),1200,1000,1100,Maharashtra,Other
2007-01-31,Wheat,1,Jalgaon,FAQ,Jalgaon,1350,1100,1255,Maharashtra,147 Average
2007-01-31,Wheat,1,Beed,FAQ,Kada,1301,1051,1211,Maharashtra,Other
2007-01-31,Wheat,1,Buldhana,FAQ,Khamgaon,1257,1000,1128,Maharashtra,Other
2007-01-31,Wheat,1,Chattrapati Sambhajinagar,FAQ,Lasur Station,1300,950,1275,Maharashtra,Maharashtra 2189
2007-01-31,Wheat,1,Buldhana,FAQ,Deoulgaon Raja,1100,900,975,Maharashtra,Other
2007-01-31,Wheat,1,Beed,FAQ,Gevrai,1400,990,1350,Maharashtra,Other
2007-01-31,Wheat,1,Dharashiv(Usmanabad),FAQ,Kalamb (Dharashiv),1321,950,1151,Maharashtra,Maharashtra 2189
2007-01-31,Wheat,1,Dhule,FAQ,Dondaicha,1327,861,1151,Maharashtra,Other
2007-01-31,Wheat,1,Chattrapati Sambhajinagar,FAQ,Chattrapati Sambhajinagar,1350,1150,1161,Maharashtra,Other
2007-01-31,Wheat,1,Akola,FAQ,Akola,1300,1025,1175,Maharashtra,Other
2007-02-01,Wheat,1,Buldhana,FAQ,Deoulgaon Raja,1150,925,950,Maharashtra,Other
2007-02-01,Wheat,1,Beed,FAQ,Gevrai,1420,950,1350,Maharashtra,Other
2007-02-01,Wheat,1,Sholapur,FAQ,Mangal Wedha,1525,1035,1315,Maharashtra,Other
2007-02-01,Wheat,1,Ahmednagar,FAQ,Rahuri(Vambori),1275,1000,1137,Maharashtra,Other
2007-02-01,Wheat,1,Nashik,FAQ,Manmad,1300,1101,1251,Maharashtra,Other
2007-02-01,Wheat,1,Buldhana,FAQ,Mehekar,1350,1100,1250,Maharashtra,Other
2007-02-01,Wheat,1,Nashik,FAQ,Satana,1100,1001,1061,Maharashtra,Other
2007-02-01,Wheat,1,Beed,FAQ,Majalgaon,1361,901,1275,Maharashtra,Other
2007-02-01,Wheat,1,Amarawati,FAQ,Achalpur,1300,1000,1150,Maharashtra,Other
2007-02-01,Wheat,1,Latur,FAQ,Ausa,1271,1001,1251,Maharashtra,Maharashtra 2189
2007-02-01,Wheat,1,Pune,FAQ,Dound,1401,1000,1301,Maharashtra,Maharashtra 2189
2007-02-01,Wheat,1,Ahmednagar,FAQ,Shrirampur(Belapur),1300,900,1175,Maharashtra,Other
2007-02-02,Wheat,1,Pune,FAQ,Dound,1361,1161,1300,Maharashtra,Maharashtra 2189
2007-02-02,Wheat,1,Thane,FAQ,Ulhasnagar,1800,1600,1750,Maharashtra,Kalyan
2007-02-02,Wheat,1,Buldhana,FAQ,Chikali,1111,981,1046,Maharashtra,Other
2007-02-02,Wheat,1,Jalgaon,FAQ,Chopada,1251,1000,1251,Maharashtra,Other
2007-02-02,Wheat,1,Nashik,FAQ,Manmad,1295,880,1240,Maharashtra,Other
2007-02-02,Wheat,1,Amarawati,FAQ,Amarawati,1300,1100,1200,Maharashtra,Other
2007-02-02,Wheat,1,Buldhana,FAQ,Deoulgaon Raja,1000,800,975,Maharashtra,Other
2007-02-02,Wheat,1,Pune,FAQ,Pune,2200,1150,1675,Maharashtra,Other
2007-02-02,Wheat,1,Latur,FAQ,Ausa,1201,1201,1201,Maharashtra,Maharashtra 2189
2007-02-03,Wheat,1,Chattrapati Sambhajinagar,FAQ,Paithan,1200,1100,1200,Maharashtra,Bansi
2007-02-03,Wheat,1,Bhandara,FAQ,Bhandara,1150,1150,1150,Maharashtra,Other
2007-02-03,Wheat,1,Chattrapati Sambhajinagar,FAQ,Gangapur,1285,980,1150,Maharashtra,Other
2007-02-03,Wheat,1,Dharashiv(Usmanabad),FAQ,Kalamb (Dharashiv),1290,925,1125,Maharashtra,Maharashtra 2189
2007-02-03,Wheat,1,Nashik,FAQ,Malegaon,1462,1087,1261,Maharashtra,Other
2007-02-03,Wheat,1,Chattrapati Sambhajinagar,FAQ,Lasur Station,1225,800,1151,Maharashtra,Maharashtra 2189
2007-02-03,Wheat,1,Jalana,FAQ,Jalana,1425,1100,1325,Maharashtra,Other
2007-02-03,Wheat,1,Jalgaon,FAQ,Jalgaon(Masawat),926,926,926,Maharashtra,147 Average
2007-02-03,Wheat,1,Ahmednagar,FAQ,Shrirampur,1351,1051,1200,Maharashtra,Other
2007-02-03,Wheat,1,Kolhapur,FAQ,Kolhapur(Laxmipuri),1900,975,1375,Maharashtra,Other
2007-02-03,Wheat,1,Buldhana,FAQ,Chikali,1110,901,1005,Maharashtra,Other
2007-02-03,Wheat,1,Akola,FAQ,Telhara,1250,1150,1200,Maharashtra,Other
2007-02-03,Wheat,1,Buldhana,FAQ,Deoulgaon Raja,1300,800,950,Maharashtra,Other
2007-02-04,Wheat,1,Buldhana,FAQ,Jalgaon(Jamod),1150,900,1025,Maharashtra,Other
2007-02-04,Wheat,1,Chattrapati Sambhajinagar,FAQ,Paithan,1425,1350,1413,Maharashtra,Bansi
2007-02-05,Wheat,1,Akola,FAQ,Akola,1211,1100,1155,Maharashtra,Other
2007-02-05,Wheat,1,Buldhana,FAQ,Sangrampur(Varvatbakal),1100,950,1045,Maharashtra,Other
2007-02-05,Wheat,1,Dharashiv(Usmanabad),FAQ,Kalamb (Dharashiv),1268,1000,1201,Maharashtra,Maharashtra 2189
2007-02-05,Wheat,1,Nashik,FAQ,Satana,1281,1000,1240,Maharashtra,Other
2007-02-05,Wheat,1,Latur,FAQ,Ahmedpur,1125,660,890,Maharashtra,Other
2007-02-05,Wheat,1,Dhule,FAQ,Dondaicha,1374,825,1094,Maharashtra,Other
2007-02-05,Wheat,1,Jalgaon,FAQ,Chopada,1200,1200,1200,Maharashtra,Other
2007-02-05,Wheat,1,Amarawati,FAQ,Chandur Railway,1000,1000,1000,Maharashtra,Other
2007-02-05,Wheat,1,Nashik,FAQ,Satana,1302,1181,1275,Maharashtra,Maharashtra 2189
2007-02-05,Wheat,1,Sholapur,FAQ,Solapur,1750,1070,1460,Maharashtra,Sharbati
2007-02-05,Wheat,1,Beed,FAQ,Gevrai,1400,1000,1250,Maharashtra,Other
2007-02-05,Wheat,1,Beed,FAQ,Kille Dharur,1176,831,1161,Maharashtra,Other
2007-02-05,Wheat,1,Sholapur,FAQ,Mohol,1600,1400,1450,Maharashtra,Other
2007-02-05,Wheat,1,Kolhapur,FAQ,Kolhapur(Laxmipuri),1800,950,1350,Maharashtra,Other
2007-02-06,Wheat,1,Dharashiv(Usmanabad),FAQ,Kalamb (Dharashiv),1231,1100,1200,Maharashtra,Maharashtra 2189
2007-02-06,Wheat,1,Sholapur,FAQ,Solapur,1760,1070,1450,Maharashtra,Sharbati
2007-02-06,Wheat,1,Sholapur,FAQ,Barshi,1321,900,1186,Maharashtra,Other
2007-02-06,Wheat,1,Jalgaon,FAQ,Chalisgaon,1250,1100,1200,Maharashtra,Maharashtra 2189
2007-02-06,Wheat,1,Jalgaon,FAQ,Dharangaon,1165,1105,1135,Maharashtra,Other
2007-02-06,Wheat,1,Akola,FAQ,Akola,1300,1100,1200,Maharashtra,Other
2007-02-06,Wheat,1,Amarawati,FAQ,Amarawati,1150,1100,1125,Maharashtra,147 Average
2007-02-06,Wheat,1,Jalana,FAQ,Jalana,1425,1000,1300,Maharashtra,Other
2007-02-06,Wheat,1,Amarawati,FAQ,Amarawati,1250,1100,1175,Maharashtra,Other
2007-02-06,Wheat,1,Amarawati,FAQ,Chandur Railway,1000,1000,1000,Maharashtra,Other
2007-02-06,Wheat,1,Chattrapati Sambhajinagar,FAQ,Gangapur,1240,975,1100,Maharashtra,Other
2007-02-06,Wheat,1,Akola,FAQ,Telhara,1300,1200,1250,Maharashtra,Other
2007-02-06,Wheat,1,Buldhana,FAQ,Mehekar,1200,1000,1100,Maharashtra,Other
2007-02-06,Wheat,1,Buldhana,FAQ,Chikali,1110,1000,1055,Maharashtra,Other
2007-02-06,Wheat,1,Chattrapati Sambhajinagar,FAQ,Paithan,1425,1235,1251,Maharashtra,Other
2007-02-07,Wheat,1,Chattrapati Sambhajinagar,FAQ,Paithan,1400,1185,1335,Maharashtra,Other
2007-02-07,Wheat,1,Dhule,FAQ,Dhule,1350,1000,1150,Maharashtra,Other
2007-02-07,Wheat,1,Ahmednagar,FAQ,Sangamner,1325,770,1047,Maharashtra,Other
2007-02-07,Wheat,1,Jalgaon,FAQ,Dharangaon,1145,1105,1119,Maharashtra,Other
2007-02-07,Wheat,1,Ahmednagar,FAQ,Newasa,1200,1000,1151,Maharashtra,Other
2007-02-07,Wheat,1,Jalana,FAQ,Jalana,1400,950,1221,Maharashtra,Other
2007-02-07,Wheat,1,Nashik,FAQ,Manmad,1272,1111,1225,Maharashtra,Other
2007-02-08,Wheat,1,Jalgaon,FAQ,Jalgaon,1331,1136,1211,Maharashtra,Other
2007-02-08,Wheat,1,Dhule,FAQ,Dhule,1435,925,1250,Maharashtra,Other
2007-02-08,Wheat,1,Nashik,FAQ,Malegaon,1455,1152,1326,Maharashtra,Other
2007-02-08,Wheat,1,Nashik,FAQ,Yeola,1116,1025,1111,Maharashtra,Maharashtra 2189
2007-02-08,Wheat,1,Buldhana,FAQ,Chikali,1131,1000,1065,Maharashtra,Other
2007-02-08,Wheat,1,Buldhana,FAQ,Jalgaon(Jamod),1150,950,1050,Maharashtra,Other
2007-02-08,Wheat,1,Nashik,FAQ,Satana,1275,1012,1230,Maharashtra,Other
2007-02-08,Wheat,1,Buldhana,FAQ,Khamgaon,1150,1075,1112,Maharashtra,Other
2007-02-08,Wheat,1,Nashik,FAQ,Sinner,1322,1055,1190,Maharashtra,Other
2007-02-08,Wheat,1,Jalgaon,FAQ,Amalner,1132,1065,1098,Maharashtra,Other
2007-02-08,Wheat,1,Jalana,FAQ,Partur,1275,1015,1275,Maharashtra,Other
2007-02-08,Wheat,1,Jalgaon,FAQ,Chopada,1141,1100,1141,Maharashtra,Other
2007-02-08,Wheat,1,Jalana,FAQ,Jalana,1321,1100,1275,Maharashtra,Other
2007-02-08,Wheat,1,Dharashiv(Usmanabad),FAQ,Kalamb (Dharashiv),1300,1100,1210,Maharashtra,Maharashtra 2189
2007-02-08,Wheat,1,Jalgaon,FAQ,Chalisgaon,1250,1100,1200,Maharashtra,Maharashtra 2189
2007-02-08,Wheat,1,Latur,FAQ,Latur,1350,1100,1200,Maharashtra,Maharashtra 2189
2007-02-08,Wheat,1,Pune,FAQ,Pune,2500,1300,1900,Maharashtra,Other
2007-02-09,Wheat,1,Jalana,FAQ,Bhokardan,1250,1000,1100,Maharashtra,Maharashtra 2189
2007-02-09,Wheat,1,Thane,FAQ,Ulhasnagar,1600,1200,1400,Maharashtra,Other
2007-02-09,Wheat,1,Jalana,FAQ,Jalna(Badnapur),1201,1201,1201,Maharashtra,Other
2007-02-09,Wheat,1,Nashik,FAQ,Yeola,1226,965,1195,Maharashtra,Maharashtra 2189
2007-02-09,Wheat,1,Ahmednagar,FAQ,Shrirampur,1405,1151,1278,Maharashtra,Other
2007-02-09,Wheat,1,Beed,FAQ,Majalgaon,1328,851,950,Maharashtra,Other
2007-02-10,Wheat,1,Sholapur,FAQ,Pandharpur,1296,900,1100,Maharashtra,Other
2007-02-10,Wheat,1,Amarawati,FAQ,Achalpur,1250,1100,1175,Maharashtra,Other
2007-02-10,Wheat,1,Dhule,FAQ,Dhule,1300,1100,1270,Maharashtra,Other
2007-02-10,Wheat,1,Jalgaon,FAQ,Jalgaon,1341,1151,1205,Maharashtra,147 Average
2007-02-10,Wheat,1,Beed,FAQ,Majalgaon,1175,750,900,Maharashtra,Other
2007-02-10,Wheat,1,Chattrapati Sambhajinagar,FAQ,Gangapur,1222,1181,1200,Maharashtra,Other
2007-02-10,Wheat,1,Ahmednagar,FAQ,Rahuri,1340,1115,1151,Maharashtra,Other
2007-02-10,Wheat,1,Ahmednagar,FAQ,Shevgaon,1275,900,1250,Maharashtra,Maharashtra 2189
2007-02-10,Wheat,1,Amarawati,FAQ,Anajngaon,1350,1200,1251,Maharashtra,Other
2007-02-10,Wheat,1,Thane,FAQ,Vasai,1235,900,1000,Maharashtra,Other
2007-02-10,Wheat,1,Parbhani,FAQ,Selu,1001,1001,1001,Maharashtra,Other
2007-02-11,Wheat,1,Hingoli,FAQ,Jawala-Bajar,1200,1000,1100,Maharashtra,Other
2007-02-11,Wheat,1,Akola,FAQ,Balapur,1200,750,1052,Maharashtra,Other
2007-02-11,Wheat,1,Amarawati,FAQ,Chandur Bazar,1250,1150,1200,Maharashtra,Other
2007-02-12,Wheat,1,Jalana,FAQ,Ashti(Jalna),1101,901,901,Maharashtra,Maharashtra 2189
2007-02-12,Wheat,1,Buldhana,FAQ,Shegaon,1300,1000,1200,Maharashtra,Other
2007-02-12,Wheat,1,Latur,FAQ,Ahmedpur,1110,675,1001,Maharashtra,Other
2007-02-12,Wheat,1,Kolhapur,FAQ,Kolhapur(Laxmipuri),1900,925,1350,Maharashtra,Other
2007-02-12,Wheat,1,Bhandara,FAQ,Tumsar,1100,1100,1100,Maharashtra,Other
2007-02-12,Wheat,1,Buldhana,FAQ,Mehekar,1100,1050,1070,Maharashtra,Other
2007-02-13,Wheat,1,Jalgaon,FAQ,Jalgaon(Masawat),1135,1106,1120,Maharashtra,147 Average
2007-02-13,Wheat,1,Jalana,FAQ,Jalana,1371,1031,1300,Maharashtra,Other
2007-02-13,Wheat,1,Ahmednagar,FAQ,Rahuri(Vambori),1241,1000,1120,Maharashtra,Other
2007-02-13,Wheat,1,Buldhana,FAQ,Deoulgaon Raja,1125,800,950,Maharashtra,Other
2007-02-13,Wheat,1,Dhule,FAQ,Dhule,1350,1010,1230,Maharashtra,Other
2007-02-13,Wheat,1,Sholapur,FAQ,Solapur,1700,1050,1450,Maharashtra,Sharbati
2007-02-14,Wheat,1,Amarawati,FAQ,Achalpur,1250,1100,1175,Maharashtra,Other
2007-02-14,Wheat,1,Chattrapati Sambhajinagar,FAQ,Sillod,1100,1000,1050,Maharashtra,Other
2007-02-14,Wheat,1,Beed,FAQ,Kada,1201,1000,1090,Maharashtra,Other
2007-02-14,Wheat,1,Jalana,FAQ,Jalana,1341,1051,1282,Maharashtra,Other
2007-02-14,Wheat,1,Thane,FAQ,Ulhasnagar,1800,1600,1750,Maharashtra,Kalyan
2007-02-14,Wheat,1,Hingoli,FAQ,Sengoan,1050,1000,1000,Maharashtra,Other
2007-02-14,Wheat,1,Buldhana,FAQ,Khamgaon,1172,991,1081,Maharashtra,Other
2007-02-14,Wheat,1,Nashik,FAQ,Sinner,1251,950,1200,Maharashtra,Other
2007-02-14,Wheat,1,Hingoli,FAQ,Basmat,1130,1100,1115,Maharashtra,Other
2007-02-15,Wheat,1,Nashik,FAQ,Satana,1220,1190,1190,Maharashtra,Maharashtra 2189
2007-02-15,Wheat,1,Jalgaon,FAQ,Jalgaon(Masawat),1154,1145,1150,Maharashtra,147 Average
2007-02-15,Wheat,1,Beed,FAQ,Gevrai,1285,1251,1251,Maharashtra,Other
2007-02-15,Wheat,1,Pune,FAQ,Indapur,1500,961,1100,Maharashtra,Maharashtra 2189
2007-02-16,Wheat,1,Ahmednagar,FAQ,Shrirampur,1300,951,1100,Maharashtra,Other
2007-02-16,Wheat,1,Jalana,FAQ,Bhokardan,1100,1000,1050,Maharashtra,147 Average
2007-02-17,Wheat,1,Jalgaon,FAQ,Chopada,1119,891,1000,Maharashtra,Other
2007-02-17,Wheat,1,Thane,FAQ,Ulhasnagar,1800,1600,1750,Maharashtra,Kalyan
2007-02-17,Wheat,1,Kolhapur,FAQ,Jaysingpur,1100,1050,1050,Maharashtra,Other
2007-02-18,Wheat,1,Nashik,FAQ,Sinner,1200,900,1150,Maharashtra,Other
2007-02-18,Wheat,1,Buldhana,FAQ,Buldhana(Dhad),1125,1050,1100,Maharashtra,Other
2007-02-18,Wheat,1,Ahmednagar,FAQ,Newasa,1100,900,1000,Maharashtra,Other
2007-02-19,Wheat,1,Amarawati,FAQ,Morshi,1150,1100,1119,Maharashtra,Other
2007-02-19,Wheat,1,Thane,FAQ,Vasai,1135,925,1000,Maharashtra,Other
2007-02-19,Wheat,1,Nashik,FAQ,Satana,1130,1036,1061,Maharashtra,Maharashtra 2189
2007-02-19,Wheat,1,Dhule,FAQ,Shirpur,1180,964,1025,Maharashtra,Other
2007-02-19,Wheat,1,Ahmednagar,FAQ,Sangamner,1201,800,1000,Maharashtra,Other
2007-02-20,Wheat,1,Dharashiv(Usmanabad),FAQ,Kalamb (Dharashiv),931,850,885,Maharashtra,Maharashtra 2189
2007-02-20,Wheat,1,Nashik,FAQ,Satana,1028,974,990,Maharashtra,Maharashtra 2189
2007-02-20,Wheat,1,Amarawati,FAQ,Anajngaon,1251,1201,1221,Maharashtra,Other
2007-02-20,Wheat,1,Sholapur,FAQ,Pandharpur,1301,1015,1281,Maharashtra,Other
2007-02-20,Wheat,1,Chattrapati Sambhajinagar,FAQ,Kannad,1200,1065,1185,Maharashtra,Other
2007-02-20,Wheat,1,Dhule,FAQ,Dondaicha,1200,700,910,Maharashtra,Other
2007-02-20,Wheat,1,Parbhani,FAQ,Palam,971,752,842,Maharashtra,Sharbati
2007-02-20,Wheat,1,Hingoli,FAQ,Sengoan,950,850,900,Maharashtra,Other
2007-02-20,Wheat,1,Thane,FAQ,Ulhasnagar,1600,1200,1400,Maharashtra,Other
2007-02-20,Wheat,1,Nashik,FAQ,Satana,1000,930,971,Maharashtra,Other
2007-02-21,Wheat,1,Sholapur,FAQ,Pandharpur,1201,1040,1201,Maharashtra,Other
2007-02-21,Wheat,1,Ahmednagar,FAQ,Sangamner,1051,751,901,Maharashtra,Other
2007-02-21,Wheat,1,Sholapur,FAQ,Solapur,1400,930,1250,Maharashtra,Sharbati
2007-02-21,Wheat,1,Beed,FAQ,Parali Vaijyanath,1050,815,900,Maharashtra,Other
2007-02-21,Wheat,1,Chattrapati Sambhajinagar,FAQ,Sillod,1050,1000,1025,Maharashtra,Other
2007-02-21,Wheat,1,Dhule,FAQ,Dhule,1000,890,925,Maharashtra,Other
2007-02-21,Wheat,1,Nashik,FAQ,Satana,1058,887,975,Maharashtra,Maharashtra 2189
2007-02-21,Wheat,1,Jalgaon,FAQ,Jalgaon(Masawat),1000,900,950,Maharashtra,147 Average
2007-02-21,Wheat,1,Bhandara,FAQ,Tumsar,775,775,775,Maharashtra,Other
2007-02-22,Wheat,1,Ahmednagar,FAQ,Shrirampur,1062,825,944,Maharashtra,Other
2007-02-22,Wheat,1,Vashim,FAQ,Washim,960,900,950,Maharashtra,Maharashtra 2189
2007-02-22,Wheat,1,Bhandara,FAQ,Tumsar,1000,890,940,Maharashtra,Other
2007-02-22,Wheat,1,Pune,FAQ,Nira,1200,800,1100,Maharashtra,Other
2007-02-22,Wheat,1,Sholapur,FAQ,Barshi(Vairag),1245,1180,1200,Maharashtra,Other
2007-02-22,Wheat,1,Dhule,FAQ,Dhule,1000,850,956,Maharashtra,Other
2007-02-22,Wheat,1,Latur,FAQ,Ausa,1151,951,1011,Maharashtra,Maharashtra 2189
2007-02-22,Wheat,1,Nashik,FAQ,Satana,999,900,921,Maharashtra,Maharashtra 2189
2007-02-23,Wheat,1,Ahmednagar,FAQ,Shrirampur,1115,811,963,Maharashtra,Other
2007-02-23,Wheat,1,Wardha,FAQ,Sindi,1000,900,950,Maharashtra,Other
2007-02-23,Wheat,1,Ahmednagar,FAQ,Shevgaon(Bodhegaon),950,850,875,Maharashtra,Maharashtra 2189
2007-02-23,Wheat,1,Beed,FAQ,Parali Vaijyanath,1030,801,1000,Maharashtra,Other
2007-02-23,Wheat,1,Sholapur,FAQ,Solapur,1400,920,1240,Maharashtra,Sharbati
2007-02-23,Wheat,1,Ahmednagar,FAQ,Shevgaon,1025,900,1000,Maharashtra,Maharashtra 2189
2007-02-23,Wheat,1,Buldhana,FAQ,Khamgaon,995,900,947,Maharashtra,Other
2007-02-23,Wheat,1,Beed,FAQ,Kille Dharur,1081,700,970,Maharashtra,Other
2007-02-23,Wheat,1,Latur,FAQ,Ausa,951,876,901,Maharashtra,Maharashtra 2189
2007-02-23,Wheat,1,Nashik,FAQ,Yeola,1003,870,895,Maharashtra,Maharashtra 2189
2007-02-23,Wheat,1,Pune,FAQ,Pune,1850,1050,1450,Maharashtra,Other
2007-02-24,Wheat,1,Beed,FAQ,Kille Dharur,979,950,964,Maharashtra,Other
2007-02-24,Wheat,1,Ahmednagar,FAQ,Shrirampur(Belapur),971,875,921,Maharashtra,Other
2007-02-24,Wheat,1,Vashim,FAQ,Karanja,1151,940,1080,Maharashtra,Maharashtra 2189
2007-02-24,Wheat,1,Amarawati,FAQ,Amarawati,1100,950,1025,Maharashtra,147 Average
2007-02-24,Wheat,1,Sholapur,FAQ,Pandharpur,1060,1052,1052,Maharashtra,Other
2007-02-24,Wheat,1,Wardha,FAQ,Pulgaon,1001,1001,1001,Maharashtra,Other
2007-02-24,Wheat,1,Buldhana,FAQ,Khamgaon,975,920,947,Maharashtra,Other
2007-02-24,Wheat,1,Wardha,FAQ,Sindi,1000,1000,1000,Maharashtra,Other
2007-02-24,Wheat,1,Jalgaon,FAQ,Jalgaon(Masawat),932,800,875,Maharashtra,147 Average
2007-02-24,Wheat,1,Jalana,FAQ,Bhokardan,950,850,900,Maharashtra,Maharashtra 2189
2007-02-24,Wheat,1,Jalgaon,FAQ,Jalgaon,1390,961,1000,Maharashtra,147 Average
2007-02-24,Wheat,1,Buldhana,FAQ,Mehekar,980,900,950,Maharashtra,Other
2007-02-24,Wheat,1,Beed,FAQ,Ambejaogai,1002,800,961,Maharashtra,Other
2007-02-25,Wheat,1,Hingoli,FAQ,Sengoan,925,850,900,Maharashtra,Other
2007-02-25,Wheat,1,Hingoli,FAQ,Jawala-Bajar,1020,1000,1010,Maharashtra,Other
2007-02-25,Wheat,1,Ahmednagar,FAQ,Shevgaon,1095,900,1000,Maharashtra,Maharashtra 2189
2007-02-25,Wheat,1,Latur,FAQ,Ausa,1101,901,1011,Maharashtra,Maharashtra 2189
2007-02-25,Wheat,1,Jalana,FAQ,Bhokardan,950,800,900,Maharashtra,Maharashtra 2189
2007-02-25,Wheat,1,Dharashiv(Usmanabad),FAQ,Dharashiv,1123,929,1026,Maharashtra,Other
2007-02-26,Wheat,1,Jalana,FAQ,Partur,1022,860,970,Maharashtra,Red
2007-02-26,Wheat,1,Jalgaon,FAQ,Jalgaon(Masawat),950,900,925,Maharashtra,147 Average
2007-02-26,Wheat,1,Pune,FAQ,Dound,1111,881,1050,Maharashtra,Maharashtra 2189
2007-02-26,Wheat,1,Thane,FAQ,Vasai,1130,900,1025,Maharashtra,Other
2007-02-26,Wheat,1,Dhule,FAQ,Dondaicha(Sindhkheda),900,886,890,Maharashtra,Other
2007-02-26,Wheat,1,Nashik,FAQ,Yeola,969,760,890,Maharashtra,Maharashtra 2189
2007-02-26,Wheat,1,Ahmednagar,FAQ,Sangamner,1000,869,935,Maharashtra,Other
2007-02-26,Wheat,1,Jalana,FAQ,Jalana,1099,915,991,Maharashtra,Other
2007-02-26,Wheat,1,Nashik,FAQ,Nandgaon,1006,815,980,Maharashtra,Other
2007-02-26,Wheat,1,Ahmednagar,FAQ,Shrirampur(Belapur),1125,725,1001,Maharashtra,Other
2007-02-26,Wheat,1,Chattrapati Sambhajinagar,FAQ,Sillod,1000,900,950,Maharashtra,Other
2007-02-26,Wheat,1,Dhule,FAQ,Dondaicha,991,711,921,Maharashtra,Other
2007-02-27,Wheat,1,Dhule,FAQ,Dondaicha(Sindhkheda),906,864,900,Maharashtra,Other
2007-02-27,Wheat,1,Jalgaon,FAQ,Chalisgaon,1150,950,1050,Maharashtra,Maharashtra 2189
2007-02-27,Wheat,1,Ahmednagar,FAQ,Shrirampur(Belapur),1100,880,1001,Maharashtra,Other
2007-02-27,Wheat,1,Hingoli,FAQ,Sengoan,877,800,850,Maharashtra,Other
2007-02-27,Wheat,1,Akola,FAQ,Akot,1100,965,1066,Maharashtra,Other
2007-02-27,Wheat,1,Latur,FAQ,Latur,1180,957,1050,Maharashtra,Maharashtra 2189
2007-02-27,Wheat,1,Buldhana,FAQ,Shegaon,950,850,900,Maharashtra,Other
2007-02-27,Wheat,1,Nashik,FAQ,Malegaon,1057,926,972,Maharashtra,Other
2007-02-27,Wheat,1,Nashik,FAQ,Manmad,1335,886,1000,Maharashtra,Other
2007-02-28,Wheat,1,Jalgaon,FAQ,Jalgaon,1050,911,911,Maharashtra,147 Average
2007-02-28,Wheat,1,Buldhana,FAQ,Nandura,1105,875,989,Maharashtra,Other
2007-02-28,Wheat,1,Jalgaon,FAQ,Jalgaon(Masawat),900,871,875,Maharashtra,147 Average
2007-02-28,Wheat,1,Bhandara,FAQ,Tumsar,1100,966,1025,Maharashtra,Other
2007-02-28,Wheat,1,Ahmednagar,FAQ,Shevgaon,1050,950,1000,Maharashtra,Maharashtra 2189
2007-02-28,Wheat,1,Thane,FAQ,Ulhasnagar,1600,1200,1400,Maharashtra,Other
2007-02-28,Wheat,1,Dharashiv(Usmanabad),FAQ,Kalamb (Dharashiv),1100,850,933,Maharashtra,Maharashtra 2189
2007-02-28,Wheat,1,Thane,FAQ,Ulhasnagar,1800,1600,1750,Maharashtra,Kalyan
2007-02-28,Wheat,1,Ahmednagar,FAQ,Shevgaon(Bodhegaon),950,875,900,Maharashtra,Maharashtra 2189
2007-02-28,Wheat,1,Ahmednagar,FAQ,Shrirampur(Belapur),1011,875,901,Maharashtra,Other
2007-02-28,Wheat,1,Buldhana,FAQ,Jalgaon(Jamod),950,800,875,Maharashtra,Other
2007-02-28,Wheat,1,Chattrapati Sambhajinagar,FAQ,Sillod,1100,1000,1050,Maharashtra,Other
2007-02-28,Wheat,1,Beed,FAQ,Kada,1001,851,895,Maharashtra,Other
2007-03-01,Wheat,1,Thane,FAQ,Ulhasnagar,1800,1600,1750,Maharashtra,Kalyan
2007-03-01,Wheat,1,Sholapur,FAQ,Pandharpur,1000,880,940,Maharashtra,Other
2007-03-01,Wheat,1,Sholapur,FAQ,Kurdwadi(Modnimb),1150,800,900,Maharashtra,Other
2007-03-01,Wheat,1,Latur,FAQ,Latur,1200,950,1050,Maharashtra,Maharashtra 2189
2007-03-01,Wheat,1,Dharashiv(Usmanabad),FAQ,Dharashiv,1001,820,910,Maharashtra,Maharashtra 2189
2007-03-01,Wheat,1,Dhule,FAQ,Dondaicha,1100,700,874,Maharashtra,Other
2007-03-01,Wheat,1,Jalgaon,FAQ,Chopada,982,800,896,Maharashtra,Other
2007-03-01,Wheat,1,Pune,FAQ,Dound,1201,850,1000,Maharashtra,Maharashtra 2189
2007-03-01,Wheat,1,Vashim,FAQ,Karanja,1007,810,989,Maharashtra,Maharashtra 2189
2007-03-01,Wheat,1,Beed,FAQ,Beed,1110,800,1050,Maharashtra,Kalyan
2007-03-01,Wheat,1,Nashik,FAQ,Manmad,1060,900,1024,Maharashtra,Other
2007-03-01,Wheat,1,Ahmednagar,FAQ,Shrirampur,1051,900,975,Maharashtra,Other
2007-03-02,Wheat,1,Pune,FAQ,Pune,2000,1000,1500,Maharashtra,Other
2007-03-02,Wheat,1,Vashim,FAQ,Karanja,1003,900,956,Maharashtra,Maharashtra 2189
2007-03-02,Wheat,1,Pune,FAQ,Dound,1060,891,950,Maharashtra,Maharashtra 2189
2007-03-02,Wheat,1,Amarawati,FAQ,Achalpur,950,850,875,Maharashtra,Other
2007-03-02,Wheat,1,Jalgaon,FAQ,Jalgaon(Masawat),900,825,850,Maharashtra,Other
2007-03-02,Wheat,1,Nashik,FAQ,Satana,1105,951,1001,Maharashtra,Maharashtra 2189
2007-03-02,Wheat,1,Chattrapati Sambhajinagar,FAQ,Gangapur,1005,860,950,Maharashtra,Other
2007-03-02,Wheat,1,Amarawati,FAQ,Chandur Railway,1381,1091,1236,Maharashtra,Other
2007-03-02,Wheat,1,Latur,FAQ,Latur,1200,970,1050,Maharashtra,Maharashtra 2189
2007-03-03,Wheat,1,Bhandara,FAQ,Tumsar,1101,805,1000,Maharashtra,Other
2007-03-03,Wheat,1,Ahmednagar,FAQ,Rahuri(Vambori),980,900,940,Maharashtra,Other
2007-03-03,Wheat,1,Buldhana,FAQ,Malkapur,1006,871,923,Maharashtra,Other
2007-03-03,Wheat,1,Amarawati,FAQ,Morshi,1000,900,954,Maharashtra,Other
2007-03-03,Wheat,1,Latur,FAQ,Latur,1200,946,1050,Maharashtra,Maharashtra 2189
2007-03-03,Wheat,1,Sholapur,FAQ,Mangal Wedha,1230,926,1050,Maharashtra,Other
2007-03-03,Wheat,1,Vashim,FAQ,Karanja,901,840,889,Maharashtra,Maharashtra 2189
2007-03-05,Wheat,1,Jalana,FAQ,Jalana,1439,1439,1439,Maharashtra,Other
2007-03-05,Wheat,1,Vashim,FAQ,Manora,750,700,750,Maharashtra,Other
2007-03-05,Wheat,1,Vashim,FAQ,Karanja,976,871,906,Maharashtra,Maharashtra 2189
2007-03-05,Wheat,1,Nashik,FAQ,Yeola,910,815,868,Maharashtra,Maharashtra 2189
2007-03-05,Wheat,1,Sholapur,FAQ,Barshi,1081,861,965,Maharashtra,Other
2007-03-05,Wheat,1,Beed,FAQ,Beed,1159,804,1050,Maharashtra,Other
2007-03-05,Wheat,1,Chattrapati Sambhajinagar,FAQ,Chattrapati Sambhajinagar,1075,870,941,Maharashtra,Other
2007-03-05,Wheat,1,Nashik,FAQ,Manmad,1331,812,1120,Maharashtra,Other
2007-03-05,Wheat,1,Chattrapati Sambhajinagar,FAQ,Lasur Station,1060,750,970,Maharashtra,Maharashtra 2189
2007-03-05,Wheat,1,Sholapur,FAQ,Mohol,1046,950,1030,Maharashtra,Other
2007-03-05,Wheat,1,Hingoli,FAQ,Jawala-Bajar,900,850,875,Maharashtra,Other
2007-03-05,Wheat,1,Thane,FAQ,Ulhasnagar,1600,1200,1400,Maharashtra,Other
2007-03-05,Wheat,1,Hingoli,FAQ,Hingoli,1000,890,945,Maharashtra,Other
2007-03-05,Wheat,1,Buldhana,FAQ,Deoulgaon Raja,930,700,900,Maharashtra,Other
2007-03-05,Wheat,1,Vashim,FAQ,Washim,880,800,850,Maharashtra,Maharashtra 2189
2007-03-05,Wheat,1,Hingoli,FAQ,Sengoan,900,825,850,Maharashtra,Other
2007-03-06,Wheat,1,Vashim,FAQ,Washim,915,850,900,Maharashtra,Maharashtra 2189
2007-03-06,Wheat,1,Dhule,FAQ,Dondaicha(Sindhkheda),931,896,900,Maharashtra,Other
2007-03-06,Wheat,1,Beed,FAQ,Kaij,951,811,841,Maharashtra,Other
2007-03-06,Wheat,1,Hingoli,FAQ,Hingoli,975,885,930,Maharashtra,Other
2007-03-06,Wheat,1,Thane,FAQ,Vasai,1150,924,1020,Maharashtra,Other
2007-03-06,Wheat,1,Parbhani,FAQ,Selu,1031,800,925,Maharashtra,Other
2007-03-06,Wheat,1,Ahmednagar,FAQ,Shrirampur,1015,811,913,Maharashtra,Other
2007-03-06,Wheat,1,Sholapur,FAQ,Pandharpur,1130,1081,1105,Maharashtra,Other
2007-03-07,Wheat,1,Sholapur,FAQ,Solapur,1350,900,1170,Maharashtra,Sharbati
2007-03-07,Wheat,1,Akola,FAQ,Akola,960,850,925,Maharashtra,Kalyan
2007-03-07,Wheat,1,Dhule,FAQ,Shirpur,940,830,850,Maharashtra,Other
2007-03-07,Wheat,1,Buldhana,FAQ,Khamgaon,962,850,906,Maharashtra,Other
2007-03-07,Wheat,1,Sholapur,FAQ,Mohol,933,933,933,Maharashtra,Other
2007-03-07,Wheat,1,Jalgaon,FAQ,Chalisgaon,1100,870,950,Maharashtra,Maharashtra 2189
2007-03-07,Wheat,1,Vashim,FAQ,Washim,950,850,900,Maharashtra,Maharashtra 2189
2007-03-07,Wheat,1,Kolhapur,FAQ,Kolhapur(Laxmipuri),1900,925,1200,Maharashtra,Other
2007-03-07,Wheat,1,Dhule,FAQ,Dondaicha(Sindhkheda),920,875,880,Maharashtra,Other
2007-03-08,Wheat,1,Jalgaon,FAQ,Jalgaon,1031,850,1025,Maharashtra,147 Average
2007-03-08,Wheat,1,Pune,FAQ,Dound,1150,851,1100,Maharashtra,Maharashtra 2189
2007-03-08,Wheat,1,Buldhana,FAQ,Chikali,925,850,887,Maharashtra,Other
2007-03-08,Wheat,1,Kolhapur,FAQ,Kolhapur(Laxmipuri),1900,925,1200,Maharashtra,Other
2007-03-08,Wheat,1,Jalgaon,FAQ,Chalisgaon,1100,860,950,Maharashtra,Maharashtra 2189
2007-03-08,Wheat,1,Sholapur,FAQ,Solapur,1340,890,1150,Maharashtra,Sharbati
2007-03-08,Wheat,1,Nashik,FAQ,Manmad,961,872,920,Maharashtra,Other
2007-03-08,Wheat,1,Chattrapati Sambhajinagar,FAQ,Lasur Station,1205,899,1000,Maharashtra,Maharashtra 2189
2007-03-08,Wheat,1,Parbhani,FAQ,Parbhani,1050,925,925,Maharashtra,Maharashtra 2189
2007-03-08,Wheat,1,Bhandara,FAQ,Tumsar,1155,1155,1155,Maharashtra,Other
2007-03-08,Wheat,1,Parbhani,FAQ,Gangakhed,950,900,930,Maharashtra,Other
2007-03-08,Wheat,1,Akola,FAQ,Telhara,881,800,840,Maharashtra,Other
2007-03-08,Wheat,1,Thane,FAQ,Ulhasnagar,1600,1200,1400,Maharashtra,Other
2007-03-08,Wheat,1,Beed,FAQ,Gevrai,1120,700,1080,Maharashtra,Other
2007-03-08,Wheat,1,Amarawati,FAQ,Achalpur,1000,900,950,Maharashtra,Other
2007-03-09,Wheat,1,Parbhani,FAQ,Gangakhed,950,900,925,Maharashtra,Other
2007-03-09,Wheat,1,Jalgaon,FAQ,Jalgaon(Masawat),871,832,843,Maharashtra,Other
2007-03-09,Wheat,1,Jalgaon,FAQ,Chalisgaon,1100,650,850,Maharashtra,Maharashtra 2189
2007-03-09,Wheat,1,Dhule,FAQ,Shirpur,980,848,878,Maharashtra,Other
2007-03-09,Wheat,1,Nashik,FAQ,Nandgaon,976,856,900,Maharashtra,Other
2007-03-10,Wheat,1,Dhule,FAQ,Dhule,958,850,930,Maharashtra,Other
2007-03-10,Wheat,1,Akola,FAQ,Murtizapur,931,850,901,Maharashtra,Other
2007-03-10,Wheat,1,Hingoli,FAQ,Hingoli,990,865,927,Maharashtra,Other
2007-03-10,Wheat,1,Jalgaon,FAQ,Yawal,800,700,750,Maharashtra,Other
2007-03-10,Wheat,1,Thane,FAQ,Ulhasnagar,1600,1200,1400,Maharashtra,Other
2007-03-10,Wheat,1,Beed,FAQ,Kille Dharur,1460,801,1000,Maharashtra,Other
2007-03-10,Wheat,1,Jalana,FAQ,Partur,1088,1013,1077,Maharashtra,Maharashtra 2189
2007-03-10,Wheat,1,Latur,FAQ,Latur,1100,930,1050,Maharashtra,Maharashtra 2189
2007-03-10,Wheat,1,Bhandara,FAQ,Tumsar,1121,951,1050,Maharashtra,Other
2007-03-12,Wheat,1,Thane,FAQ,Ulhasnagar,1800,1600,1750,Maharashtra,Kalyan
2007-03-12,Wheat,1,Kolhapur,FAQ,Kolhapur(Laxmipuri),1800,900,1225,Maharashtra,Other
2007-03-12,Wheat,1,Jalgaon,FAQ,Jalgaon(Masawat),872,800,850,Maharashtra,Other
2007-03-12,Wheat,1,Nashik,FAQ,Sinner,1087,879,950,Maharashtra,Other
2007-03-12,Wheat,1,Vashim,FAQ,Karanja,990,875,901,Maharashtra,Maharashtra 2189
2007-03-12,Wheat,1,Vashim,FAQ,Washim,1030,875,1000,Maharashtra,Maharashtra 2189
2007-03-12,Wheat,1,Nashik,FAQ,Yeola,940,875,921,Maharashtra,Maharashtra 2189
2007-03-12,Wheat,1,Dharashiv(Usmanabad),FAQ,Kalamb (Dharashiv),1100,900,1100,Maharashtra,Maharashtra 2189
2007-03-12,Wheat,1,Latur,FAQ,Ausa,1060,851,951,Maharashtra,Maharashtra 2189
2007-03-13,Wheat,1,Vashim,FAQ,Karanja,1026,875,900,Maharashtra,Maharashtra 2189
2007-03-13,Wheat,1,Thane,FAQ,Ulhasnagar,1600,1200,1400,Maharashtra,Other
2007-03-13,Wheat,1,Nashik,FAQ,Manmad,1138,902,1037,Maharashtra,Other
2007-03-13,Wheat,1,Nashik,FAQ,Satana,1031,955,992,Maharashtra,Maharashtra 2189
2007-03-13,Wheat,1,Beed,FAQ,Ambejaogai,1052,876,950,Maharashtra,Other
2007-03-13,Wheat,1,Dhule,FAQ,Shirpur,1026,826,875,Maharashtra,Other
2007-03-13,Wheat,1,Nashik,FAQ,Satana,984,860,945,Maharashtra,Other
2007-03-13,Wheat,1,Akola,FAQ,Telhara,1026,850,900,Maharashtra,Other
2007-03-13,Wheat,1,Akola,FAQ,Akot,1010,850,970,Maharashtra,Other
2007-03-14,Wheat,1,Jalgaon,FAQ,Parola,1000,824,875,Maharashtra,Other
2007-03-14,Wheat,1,Hingoli,FAQ,Basmat,967,952,959,Maharashtra,Other
2007-03-14,Wheat,1,Chattrapati Sambhajinagar,FAQ,Lasur Station,1241,850,1140,Maharashtra,Maharashtra 2189
2007-03-14,Wheat,1,Nashik,FAQ,Satana,1001,860,960,Maharashtra,Other
2007-03-14,Wheat,1,Beed,FAQ,Beed,1231,811,1100,Maharashtra,Other
2007-03-14,Wheat,1,Beed,FAQ,Majalgaon,1390,1101,1211,Maharashtra,Other
2007-03-14,Wheat,1,Sholapur,FAQ,Barshi,1150,931,1000,Maharashtra,Other
2007-03-14,Wheat,1,Bhandara,FAQ,Tumsar,1000,930,970,Maharashtra,Other
2007-03-14,Wheat,1,Nashik,FAQ,Satana,1090,950,1042,Maharashtra,Maharashtra 2189
2007-03-14,Wheat,1,Latur,FAQ,Ausa,1050,901,1001,Maharashtra,Maharashtra 2189
2007-03-15,Wheat,1,Thane,FAQ,Ulhasnagar,1600,1200,1400,Maharashtra,Other
2007-03-15,Wheat,1,Jalana,FAQ,Ambad (Vadigodri),1176,935,990,Maharashtra,Other
2007-03-15,Wheat,1,Dhule,FAQ,Dondaicha(Sindhkheda),936,900,910,Maharashtra,Other
2007-03-16,Wheat,1,Ahmednagar,FAQ,Shevgaon(Bodhegaon),1000,950,975,Maharashtra,Maharashtra 2189
2007-03-16,Wheat,1,Buldhana,FAQ,Deoulgaon Raja,1161,800,985,Maharashtra,Other
2007-03-16,Wheat,1,Buldhana,FAQ,Khamgaon,940,900,920,Maharashtra,Other
2007-03-16,Wheat,1,Sholapur,FAQ,Solapur,1390,860,1170,Maharashtra,Sharbati
2007-03-17,Wheat,1,Vashim,FAQ,Manora,770,700,770,Maharashtra,Other
2007-03-17,Wheat,1,Hingoli,FAQ,Basmat,1026,986,1006,Maharashtra,Other
2007-03-17,Wheat,1,Chattrapati Sambhajinagar,FAQ,Paithan,1125,967,1031,Maharashtra,147 Average
2007-03-17,Wheat,1,Chattrapati Sambhajinagar,FAQ,Chattrapati Sambhajinagar,1150,941,1031,Maharashtra,Other
2007-03-18,Wheat,1,Jalana,FAQ,Bhokardan,950,850,900,Maharashtra,Maharashtra 2189
2007-03-19,Wheat,1,Parbhani,FAQ,Palam,1026,805,1010,Maharashtra,Sharbati
2007-03-19,Wheat,1,Parbhani,FAQ,Selu,1300,981,1101,Maharashtra,Other
2007-03-19,Wheat,1,Dharashiv(Usmanabad),FAQ,Dharashiv,1510,1000,1255,Maharashtra,Other
2007-03-19,Wheat,1,Pune,FAQ,Baramati,1150,950,1000,Maharashtra,Kalyan
2007-03-19,Wheat,1,Chattrapati Sambhajinagar,FAQ,Chattrapati Sambhajinagar,1200,921,1040,Maharashtra,Other
2007-03-19,Wheat,1,Sholapur,FAQ,Pandharpur,1181,912,1046,Maharashtra,Other
2007-03-19,Wheat,1,Vashim,FAQ,Manora,770,700,770,Maharashtra,Other
2007-03-20,Wheat,1,Hingoli,FAQ,Basmat,1030,935,982,Maharashtra,Other
2007-03-20,Wheat,1,Ahmednagar,FAQ,Shrirampur(Belapur),1100,975,1051,Maharashtra,Other
2007-03-20,Wheat,1,Parbhani,FAQ,Pathari,1141,901,1071,Maharashtra,Other
2007-03-20,Wheat,1,Beed,FAQ,Gevrai,1196,944,1100,Maharashtra,Other
2007-03-20,Wheat,1,Beed,FAQ,Kille Dharur,1741,990,1025,Maharashtra,Other
2007-03-20,Wheat,1,Jalgaon,FAQ,Dharangaon,999,970,986,Maharashtra,Other
2007-03-20,Wheat,1,Jalgaon,FAQ,Chopada,970,929,940,Maharashtra,Other
2007-03-20,Wheat,1,Sholapur,FAQ,Solapur,1450,890,1200,Maharashtra,Sharbati
2007-03-20,Wheat,1,Amarawati,FAQ,Dhamngaon-Railway,1101,750,950,Maharashtra,Other
2007-03-20,Wheat,1,Buldhana,FAQ,Chikali,1000,950,975,Maharashtra,Other
2007-03-20,Wheat,1,Chattrapati Sambhajinagar,FAQ,Sillod,1000,900,950,Maharashtra,Other
2007-03-20,Wheat,1,Sholapur,FAQ,Karmala,1150,851,1050,Maharashtra,Other
2007-03-21,Wheat,1,Vashim,FAQ,Karanja,1151,951,1040,Maharashtra,Maharashtra 2189
2007-03-21,Wheat,1,Beed,FAQ,Gevrai,1200,900,1100,Maharashtra,Other
2007-03-21,Wheat,1,Sholapur,FAQ,Barshi,2201,965,1711,Maharashtra,Other
2007-03-21,Wheat,1,Jalgaon,FAQ,Jalgaon,1080,900,985,Maharashtra,147 Average
2007-03-21,Wheat,1,Parbhani,FAQ,Gangakhed,950,900,925,Maharashtra,Other
2007-03-21,Wheat,1,Bhandara,FAQ,Tumsar,1251,980,1170,Maharashtra,Other
2007-03-21,Wheat,1,Ahmednagar,FAQ,Newasa,1075,925,1000,Maharashtra,Other
2007-03-21,Wheat,1,Pune,FAQ,Pune,2100,1100,1600,Maharashtra,Other
2007-03-21,Wheat,1,Buldhana,FAQ,Nandura,1075,851,929,Maharashtra,Other
2007-03-21,Wheat,1,Buldhana,FAQ,Khamgaon,1000,886,943,Maharashtra,Other
2007-03-21,Wheat,1,Dharashiv(Usmanabad),FAQ,Kalamb (Dharashiv),1132,995,1000,Maharashtra,Maharashtra 2189
2007-03-21,Wheat,1,Nashik,FAQ,Manmad,1140,601,1050,Maharashtra,Other
2007-03-22,Wheat,1,Jalgaon,FAQ,Chalisgaon,1150,950,1100,Maharashtra,Maharashtra 2189
2007-03-22,Wheat,1,Chattrapati Sambhajinagar,FAQ,Chattrapati Sambhajinagar,1250,900,1071,Maharashtra,Other
2007-03-22,Wheat,1,Parbhani,FAQ,Gangakhed,925,900,915,Maharashtra,Other
2007-03-22,Wheat,1,Ahmednagar,FAQ,Shrirampur,1141,900,1020,Maharashtra,Other
2007-03-22,Wheat,1,Buldhana,FAQ,Nandura,1200,901,998,Maharashtra,Other
2007-03-22,Wheat,1,Thane,FAQ,Ulhasnagar,1800,1600,1750,Maharashtra,Kalyan
2007-03-22,Wheat,1,Beed,FAQ,Gevrai,1215,650,1075,Maharashtra,Other
2007-03-22,Wheat,1,Vashim,FAQ,Karanja,1171,951,1025,Maharashtra,Maharashtra 2189
2007-03-22,Wheat,1,Amarawati,FAQ,Amarawati,1100,1000,1050,Maharashtra,Other
2007-03-22,Wheat,1,Chattrapati Sambhajinagar,FAQ,Gangapur,1160,1030,1100,Maharashtra,Other
2007-03-22,Wheat,1,Hingoli,FAQ,Jawala-Bajar,1000,950,975,Maharashtra,Other
2007-03-22,Wheat,1,Buldhana,FAQ,Khamgaon,1000,930,965,Maharashtra,Other
2007-03-22,Wheat,1,Sholapur,FAQ,Mangal Wedha,1500,1026,1300,Maharashtra,Other
2007-03-22,Wheat,1,Dharashiv(Usmanabad),FAQ,Dharashiv,1711,1085,1398,Maharashtra,Maharashtra 2189
2007-03-23,Wheat,1,Jalgaon,FAQ,Jalgaon(Masawat),981,981,981,Maharashtra,147 Average
2007-03-23,Wheat,1,Parbhani,FAQ,Parbhani,1030,950,970,Maharashtra,Maharashtra 2189
2007-03-23,Wheat,1,Sholapur,FAQ,Barshi(Vairag),1250,1150,1250,Maharashtra,Other
2007-03-23,Wheat,1,Amarawati,FAQ,Amarawati,1100,1000,1050,Maharashtra,Other
2007-03-23,Wheat,1,Parbhani,FAQ,Gangakhed,1050,1000,1030,Maharashtra,Other
2007-03-23,Wheat,1,Jalana,FAQ,Jalana,1550,1450,1550,Maharashtra,Other
2007-03-23,Wheat,1,Ahmednagar,FAQ,Rahuri(Vambori),1212,1000,1106,Maharashtra,Other
2007-03-23,Wheat,1,Sholapur,FAQ,Solapur,1450,890,1220,Maharashtra,Sharbati
2007-03-23,Wheat,1,Jalgaon,FAQ,Jamner,875,825,850,Maharashtra,Other
2007-03-23,Wheat,1,Jalgaon,FAQ,Chalisgaon,1250,960,1050,Maharashtra,Maharashtra 2189
2007-03-23,Wheat,1,Ahmednagar,FAQ,Sangamner,1165,950,1057,Maharashtra,Other
2007-03-24,Wheat,1,Amarawati,FAQ,Morshi,990,800,923,Maharashtra,Other
2007-03-24,Wheat,1,Ahmednagar,FAQ,Rahuri,1100,975,1040,Maharashtra,Other
2007-03-24,Wheat,1,Thane,FAQ,Ulhasnagar,1800,1600,1750,Maharashtra,Kalyan
2007-03-24,Wheat,1,Pune,FAQ,Pune,2200,1175,1680,Maharashtra,Other
2007-03-24,Wheat,1,Buldhana,FAQ,Malkapur,1205,876,1000,Maharashtra,Other
2007-03-24,Wheat,1,Amarawati,FAQ,Anajngaon,1150,950,1050,Maharashtra,Other
2007-03-24,Wheat,1,Jalgaon,FAQ,Raver,1200,861,965,Maharashtra,Maharashtra 2189
2007-03-25,Wheat,1,Ahmednagar,FAQ,Newasa,1100,900,1000,Maharashtra,Other
2007-03-25,Wheat,1,Beed,FAQ,Kada,1151,800,1033,Maharashtra,Other
2007-03-26,Wheat,1,Chattrapati Sambhajinagar,FAQ,Sillod,1000,900,950,Maharashtra,Other
2007-03-26,Wheat,1,Sholapur,FAQ,Barshi,2125,811,1225,Maharashtra,Other
2007-03-26,Wheat,1,Jalgaon,FAQ,Jalgaon,1121,955,1100,Maharashtra,Maharashtra 2189
2007-03-26,Wheat,1,Buldhana,FAQ,Malkapur,1200,940,990,Maharashtra,Other
2007-03-26,Wheat,1,Parbhani,FAQ,Gangakhed,1050,1000,1025,Maharashtra,Other
2007-03-26,Wheat,1,Hingoli,FAQ,Jawala-Bajar,1000,980,990,Maharashtra,Other
2007-03-26,Wheat,1,Ahmednagar,FAQ,Shrirampur,1221,900,1100,Maharashtra,Other
2007-03-26,Wheat,1,Amarawati,FAQ,Morshi,1000,800,926,Maharashtra,Other
2007-03-26,Wheat,1,Buldhana,FAQ,Nandura,1151,855,985,Maharashtra,Other
2007-03-26,Wheat,1,Chattrapati Sambhajinagar,FAQ,Gangapur,1270,1000,1150,Maharashtra,Other
2007-03-27,Wheat,1,Ahmednagar,FAQ,Pathardi,1150,900,1050,Maharashtra,Other
2007-03-27,Wheat,1,Ahmednagar,FAQ,Shrirampur,1220,900,1060,Maharashtra,Other
2007-03-27,Wheat,1,Jalgaon,FAQ,Dharangaon,1175,989,1005,Maharashtra,Other
2007-03-28,Wheat,1,Amarawati,FAQ,Chandur Railway,1091,1091,1091,Maharashtra,Other
2007-03-28,Wheat,1,Sholapur,FAQ,Pandharpur,1200,1200,1200,Maharashtra,Other
2007-03-28,Wheat,1,Latur,FAQ,Ausa,1150,951,1051,Maharashtra,Maharashtra 2189
2007-03-28,Wheat,1,Amarawati,FAQ,Amarawati,1100,1000,1050,Maharashtra,147 Average
2007-03-28,Wheat,1,Dhule,FAQ,Dondaicha(Sindhkheda),1021,939,970,Maharashtra,Other
2007-03-28,Wheat,1,Buldhana,FAQ,Khamgaon,1000,928,964,Maharashtra,Other
2007-03-28,Wheat,1,Thane,FAQ,Vasai,1215,900,1100,Maharashtra,Other
2007-03-29,Wheat,1,Ahmednagar,FAQ,Rahuri(Vambori),1296,1000,1133,Maharashtra,Other
2007-03-29,Wheat,1,Sholapur,FAQ,Mangal Wedha,2000,1241,1401,Maharashtra,Other
2007-03-29,Wheat,1,Thane,FAQ,Ulhasnagar,1800,1600,1750,Maharashtra,Kalyan
2007-03-29,Wheat,1,Thane,FAQ,Vasai,1225,900,1200,Maharashtra,Other
2007-03-29,Wheat,1,Beed,FAQ,Parali Vaijyanath,1225,1010,1100,Maharashtra,Other
2007-03-29,Wheat,1,Sholapur,FAQ,Pandharpur,1236,1100,1151,Maharashtra,Other
2007-03-30,Wheat,1,Akola,FAQ,Akot,1180,1025,1141,Maharashtra,Other
2007-03-30,Wheat,1,Buldhana,FAQ,Buldhana(Dhad),1200,1050,1140,Maharashtra,Other
2007-03-30,Wheat,1,Sholapur,FAQ,Solapur,1500,1000,1230,Maharashtra,Sharbati
2007-03-30,Wheat,1,Jalgaon,FAQ,Chalisgaon,1150,950,1100,Maharashtra,Maharashtra 2189
2007-03-30,Wheat,1,Hingoli,FAQ,Sengoan,1025,900,1000,Maharashtra,Other
2007-03-31,Wheat,1,Pune,FAQ,Pune,2100,1150,1625,Maharashtra,Other
2007-04-01,Wheat,1,Pune,FAQ,Dound,1250,952,1160,Maharashtra,Maharashtra 2189
2007-04-01,Wheat,1,Beed,FAQ,Kada,1201,962,1030,Maharashtra,Other
2007-04-01,Wheat,1,Buldhana,FAQ,Buldhana(Dhad),1150,1000,1075,Maharashtra,Other
2007-04-01,Wheat,1,Pune,FAQ,Indapur(Bhigwan),1401,850,1075,Maharashtra,Maharashtra 2189
2007-04-01,Wheat,1,Parbhani,FAQ,Palam,925,750,925,Maharashtra,Sharbati
2007-04-02,Wheat,1,Sholapur,FAQ,Solapur,1520,1000,1275,Maharashtra,Sharbati
2007-04-02,Wheat,1,Jalgaon,FAQ,Jamner,1050,950,990,Maharashtra,Other
2007-04-02,Wheat,1,Beed,FAQ,Gevrai,1241,950,1125,Maharashtra,Other
2007-04-02,Wheat,1,Pune,FAQ,Dound,1225,1000,1150,Maharashtra,Maharashtra 2189
2007-04-02,Wheat,1,Vashim,FAQ,Manora,750,700,750,Maharashtra,Other
2007-04-02,Wheat,1,Sholapur,FAQ,Mohol,1370,1100,1300,Maharashtra,Other
2007-04-02,Wheat,1,Parbhani,FAQ,Gangakhed,1100,1000,1075,Maharashtra,Other
2007-04-02,Wheat,1,Jalgaon,FAQ,Pachora,1180,942,1061,Maharashtra,Kalyan
2007-04-02,Wheat,1,Pune,FAQ,Indapur,1371,850,1125,Maharashtra,Maharashtra 2189
2007-04-02,Wheat,1,Jalgaon,FAQ,Dharangaon,1125,985,1008,Maharashtra,Other
2007-04-02,Wheat,1,Nashik,FAQ,Satana,1100,901,1051,Maharashtra,Other
2007-04-02,Wheat,1,Amarawati,FAQ,Achalpur,1100,950,1087,Maharashtra,Other
2007-04-02,Wheat,1,Thane,FAQ,Ulhasnagar,1800,1600,1750,Maharashtra,Kalyan
2007-04-02,Wheat,1,Jalana,FAQ,Jalana,1825,1825,1825,Maharashtra,Other
2007-04-03,Wheat,1,Jalgaon,FAQ,Jamner,1050,950,980,Maharashtra,Other
2007-04-03,Wheat,1,Sholapur,FAQ,Solapur,1550,1000,1275,Maharashtra,Sharbati
2007-04-03,Wheat,1,Bhandara,FAQ,Bhandara,1155,900,970,Maharashtra,Other
2007-04-03,Wheat,1,Thane,FAQ,Palghar,1300,1255,1277,Maharashtra,Other
2007-04-03,Wheat,1,Jalgaon,FAQ,Raver,1170,951,1020,Maharashtra,Maharashtra 2189
2007-04-03,Wheat,1,Hingoli,FAQ,Sengoan,965,900,925,Maharashtra,Other
2007-04-03,Wheat,1,Sholapur,FAQ,Barshi(Vairag),1350,1140,1350,Maharashtra,Other
2007-04-04,Wheat,1,Jalgaon,FAQ,Raver,1190,931,990,Maharashtra,Maharashtra 2189
2007-04-04,Wheat,1,Jalgaon,FAQ,Dharangaon,1147,986,1009,Maharashtra,Other
2007-04-04,Wheat,1,Nashik,FAQ,Nandgaon,1337,950,1025,Maharashtra,Other
2007-04-04,Wheat,1,Dharashiv(Usmanabad),FAQ,Kalamb (Dharashiv),1250,1000,1185,Maharashtra,Maharashtra 2189
2007-04-04,Wheat,1,Dhule,FAQ,Dondaicha,1102,900,990,Maharashtra,Other
2007-04-04,Wheat,1,Sholapur,FAQ,Solapur,1540,1010,1280,Maharashtra,Sharbati
2007-04-04,Wheat,1,Buldhana,FAQ,Malkapur,1325,956,994,Maharashtra,Other
2007-04-04,Wheat,1,Buldhana,FAQ,Deoulgaon Raja,1246,850,1100,Maharashtra,Other
2007-04-04,Wheat,1,Kolhapur,FAQ,Kolhapur(Laxmipuri),1800,900,1200,Maharashtra,Other
2007-04-04,Wheat,1,Chattrapati Sambhajinagar,FAQ,Kannad,1200,1050,1185,Maharashtra,Other
2007-04-04,Wheat,1,Sholapur,FAQ,Karmala,1252,1045,1111,Maharashtra,Other
2007-04-04,Wheat,1,Thane,FAQ,Ulhasnagar,1800,1600,1750,Maharashtra,Kalyan
2007-04-05,Wheat,1,Nashik,FAQ,Yeola,1000,1000,1000,Maharashtra,Maharashtra 2189
2007-04-05,Wheat,1,Jalgaon,FAQ,Jamner,1050,950,990,Maharashtra,Other
2007-04-05,Wheat,1,Sholapur,FAQ,Barshi,1335,1000,1235,Maharashtra,Other
2007-04-05,Wheat,1,Jalana,FAQ,Ambad (Vadigodri),1586,1586,1586,Maharashtra,Other
2007-04-05,Wheat,1,Nashik,FAQ,Malegaon,1185,991,1061,Maharashtra,Other
2007-04-05,Wheat,1,Jalgaon,FAQ,Dharangaon,1138,986,1012,Maharashtra,Other
2007-04-05,Wheat,1,Jalgaon,FAQ,Chalisgaon,1350,980,1150,Maharashtra,Other
2007-04-05,Wheat,1,Hingoli,FAQ,Jawala-Bajar,1060,960,1010,Maharashtra,Other
2007-04-05,Wheat,1,Buldhana,FAQ,Malkapur,1274,957,976,Maharashtra,Other
2007-04-05,Wheat,1,Amarawati,FAQ,Amarawati,1100,1000,1000,Maharashtra,147 Average
2007-04-05,Wheat,1,Akola,FAQ,Akot,1042,975,1025,Maharashtra,Other
2007-04-05,Wheat,1,Akola,FAQ,Murtizapur,1171,950,1101,Maharashtra,Other
2007-04-05,Wheat,1,Nashik,FAQ,Satana,1112,950,1025,Maharashtra,Other
2007-04-05,Wheat,1,Beed,FAQ,Kaij,1260,1000,1131,Maharashtra,Other
2007-04-05,Wheat,1,Buldhana,FAQ,Chikali,1010,950,980,Maharashtra,Other
2007-04-06,Wheat,1,Wardha,FAQ,Arvi,1150,920,1050,Maharashtra,Other
2007-04-06,Wheat,1,Bhandara,FAQ,Bhandara,1100,900,970,Maharashtra,Maharashtra 2189
2007-04-06,Wheat,1,Hingoli,FAQ,Jawala-Bajar,1040,960,1000,Maharashtra,Other
2007-04-06,Wheat,1,Chattrapati Sambhajinagar,FAQ,Chattrapati Sambhajinagar,1350,950,1050,Maharashtra,Other
2007-04-06,Wheat,1,Pune,FAQ,Pune,2200,1100,1650,Maharashtra,Other
2007-04-07,Wheat,1,Ahmednagar,FAQ,Shevgaon,1175,1050,1150,Maharashtra,Maharashtra 2189
2007-04-07,Wheat,1,Jalgaon,FAQ,Chopada,1115,940,1000,Maharashtra,Other
2007-04-07,Wheat,1,Chattrapati Sambhajinagar,FAQ,Chattrapati Sambhajinagar,1370,975,1082,Maharashtra,Other
2007-04-07,Wheat,1,Ahmednagar,FAQ,Rahuri(Vambori),1251,1040,1145,Maharashtra,Other
2007-04-07,Wheat,1,Dharashiv(Usmanabad),FAQ,Kalamb (Dharashiv),1254,1000,1151,Maharashtra,Maharashtra 2189
2007-04-07,Wheat,1,Amarawati,FAQ,Dhamngaon-Railway,1050,950,1000,Maharashtra,Other
2007-04-07,Wheat,1,Sholapur,FAQ,Mangal Wedha,2001,1025,1400,Maharashtra,Other
2007-04-07,Wheat,1,Latur,FAQ,Latur,1400,1047,1250,Maharashtra,Maharashtra 2189
2007-04-07,Wheat,1,Ahmednagar,FAQ,Shrirampur(Belapur),1300,985,1150,Maharashtra,Other
2007-04-07,Wheat,1,Buldhana,FAQ,Mehekar,1110,950,1000,Maharashtra,Other
2007-04-07,Wheat,1,Amarawati,FAQ,Chandur Railway,1111,960,1036,Maharashtra,Other
2007-04-07,Wheat,1,Kolhapur,FAQ,Kolhapur(Laxmipuri),1800,950,1200,Maharashtra,Other
2007-04-07,Wheat,1,Amarawati,FAQ,Morshi,1000,800,956,Maharashtra,Other
2007-04-08,Wheat,1,Amarawati,FAQ,Chandur Bazar,1100,1000,1050,Maharashtra,Other
2007-04-09,Wheat,1,Beed,FAQ,Kille Dharur,1350,955,1112,Maharashtra,Other
2007-04-09,Wheat,1,Vashim,FAQ,Washim,1200,925,1100,Maharashtra,Maharashtra 2189
2007-04-09,Wheat,1,Sholapur,FAQ,Kurdwadi(Modnimb),1551,740,1250,Maharashtra,Other
2007-04-09,Wheat,1,Amarawati,FAQ,Amarawati,1100,950,1025,Maharashtra,147 Average
2007-04-09,Wheat,1,Nashik,FAQ,Manmad,1211,996,1100,Maharashtra,Other
2007-04-09,Wheat,1,Ahmednagar,FAQ,Shevgaon,1150,1000,1140,Maharashtra,Maharashtra 2189
2007-04-09,Wheat,1,Sholapur,FAQ,Barshi,2200,1131,1351,Maharashtra,Other
2007-04-09,Wheat,1,Hingoli,FAQ,Jawala-Bajar,1040,1000,1020,Maharashtra,Other
2007-04-09,Wheat,1,Vashim,FAQ,Karanja,1472,938,1050,Maharashtra,Maharashtra 2189
2007-04-09,Wheat,1,Nashik,FAQ,Malegaon,1151,981,1040,Maharashtra,Other
2007-04-09,Wheat,1,Ahmednagar,FAQ,Rahuri,1150,1050,1100,Maharashtra,Other
2007-04-09,Wheat,1,Latur,FAQ,Latur,1400,1030,1250,Maharashtra,Maharashtra 2189
2007-04-09,Wheat,1,Chattrapati Sambhajinagar,FAQ,Lasur Station,1311,980,1100,Maharashtra,Maharashtra 2189
2007-04-09,Wheat,1,Pune,FAQ,Baramati,1322,1000,1100,Maharashtra,Maharashtra 2189
2007-04-09,Wheat,1,Bhandara,FAQ,Bhandara,1110,900,925,Maharashtra,Other
2007-04-09,Wheat,1,Pune,FAQ,Pune,2000,1150,1575,Maharashtra,Other
2007-04-09,Wheat,1,Buldhana,FAQ,Sangrampur(Varvatbakal),1120,920,975,Maharashtra,Other
2007-04-09,Wheat,1,Dharashiv(Usmanabad),FAQ,Kalamb (Dharashiv),1240,980,1125,Maharashtra,Maharashtra 2189
2007-04-10,Wheat,1,Jalana,FAQ,Partur,1205,1020,1036,Maharashtra,Other
2007-04-10,Wheat,1,Parbhani,FAQ,Pathari,1241,991,1141,Maharashtra,Other
2007-04-10,Wheat,1,Thane,FAQ,Ulhasnagar,1800,1600,1750,Maharashtra,Kalyan
2007-04-10,Wheat,1,Dhule,FAQ,Dondaicha,1251,775,950,Maharashtra,Other
2007-04-10,Wheat,1,Chattrapati Sambhajinagar,FAQ,Paithan,1165,1010,1130,Maharashtra,Maharashtra 2189
2007-04-10,Wheat,1,Amarawati,FAQ,Chandur Railway,1101,960,1031,Maharashtra,Other
2007-04-10,Wheat,1,Chattrapati Sambhajinagar,FAQ,Chattrapati Sambhajinagar,1335,990,1077,Maharashtra,Other
2007-04-10,Wheat,1,Jalgaon,FAQ,Dharangaon,1129,980,1012,Maharashtra,Other
2007-04-10,Wheat,1,Dhule,FAQ,Dondaicha(Sindhkheda),1080,940,950,Maharashtra,Other
2007-04-10,Wheat,1,Jalgaon,FAQ,Jalgaon,1251,1010,1231,Maharashtra,147 Average
2007-04-10,Wheat,1,Amarawati,FAQ,Amarawati,1100,1000,1050,Maharashtra,147 Average
2007-04-10,Wheat,1,Ahmednagar,FAQ,Shevgaon,1150,950,1100,Maharashtra,Maharashtra 2189
2007-04-10,Wheat,1,Amarawati,FAQ,Achalpur,1100,950,1025,Maharashtra,Other
2007-04-10,Wheat,1,Pune,FAQ,Pune,2000,1150,1575,Maharashtra,Other
2007-04-10,Wheat,1,Buldhana,FAQ,Chikali,1050,950,1000,Maharashtra,Other
2007-04-10,Wheat,1,Beed,FAQ,Kaij,1251,951,1100,Maharashtra,Other
2007-04-10,Wheat,1,Ahmednagar,FAQ,Rahuri,1165,1000,1101,Maharashtra,Other
2007-04-10,Wheat,1,Dhule,FAQ,Dhule,1225,950,1020,Maharashtra,Other
2007-04-10,Wheat,1,Akola,FAQ,Telhara,1050,950,1000,Maharashtra,Other
2007-04-10,Wheat,1,Beed,FAQ,Kille Dharur,1261,1041,1085,Maharashtra,Other
2007-04-10,Wheat,1,Chattrapati Sambhajinagar,FAQ,Sillod,1100,1000,1050,Maharashtra,Other
2007-04-10,Wheat,1,Chattrapati Sambhajinagar,FAQ,Kannad,1200,1000,1100,Maharashtra,Other
2007-04-10,Wheat,1,Hingoli,FAQ,Jawala-Bajar,1010,1010,1010,Maharashtra,Other
2007-04-11,Wheat,1,Buldhana,FAQ,Nandura,1235,889,1135,Maharashtra,Other
2007-04-11,Wheat,1,Dhule,FAQ,Dondaicha,1163,901,951,Maharashtra,Other
2007-04-11,Wheat,1,Sholapur,FAQ,Barshi,2200,1011,1375,Maharashtra,Other
2007-04-11,Wheat,1,Hingoli,FAQ,Jawala-Bajar,1040,960,1000,Maharashtra,Other
2007-04-11,Wheat,1,Jalana,FAQ,Ghansawangi,1100,950,1000,Maharashtra,Maharashtra 2189
2007-04-11,Wheat,1,Ahmednagar,FAQ,Pathardi,1150,900,1050,Maharashtra,Other
2007-04-11,Wheat,1,Nashik,FAQ,Nandgaon,1100,945,1000,Maharashtra,Other
2007-04-11,Wheat,1,Kolhapur,FAQ,Kolhapur(Laxmipuri),2000,1250,1750,Maharashtra,Other
2007-04-11,Wheat,1,Thane,FAQ,Ulhasnagar,1800,1600,1750,Maharashtra,Kalyan
2007-04-11,Wheat,1,Nashik,FAQ,Satana,1093,951,1065,Maharashtra,Other
2007-04-11,Wheat,1,Jalgaon,FAQ,Jamner,1050,950,982,Maharashtra,Other
2007-04-11,Wheat,1,Amarawati,FAQ,Chandur Railway,1101,925,1033,Maharashtra,Other
2007-04-11,Wheat,1,Vashim,FAQ,Washim,1250,950,1100,Maharashtra,Maharashtra 2189
2007-04-11,Wheat,1,Amarawati,FAQ,Dhamngaon-Railway,1050,950,1000,Maharashtra,Other
2007-04-11,Wheat,1,Parbhani,FAQ,Palam,1100,976,1050,Maharashtra,Sharbati
2007-04-12,Wheat,1,Chattrapati Sambhajinagar,FAQ,Kannad,1125,985,1065,Maharashtra,Other
2007-04-12,Wheat,1,Sholapur,FAQ,Karmala,1225,981,1100,Maharashtra,Other
2007-04-12,Wheat,1,Amarawati,FAQ,Amarawati,1150,950,1050,Maharashtra,Other
2007-04-12,Wheat,1,Bhandara,FAQ,Bhandara,1050,860,960,Maharashtra,Other
2007-04-12,Wheat,1,Buldhana,FAQ,Nandura,1225,875,1120,Maharashtra,Other
2007-04-12,Wheat,1,Jalana,FAQ,Ghansawangi,1120,950,1050,Maharashtra,Kalyan
2007-04-12,Wheat,1,Akola,FAQ,Telhara,1050,950,1000,Maharashtra,Other
2007-04-12,Wheat,1,Pune,FAQ,Indapur,1365,1000,1251,Maharashtra,Maharashtra 2189
2007-04-12,Wheat,1,Dharashiv(Usmanabad),FAQ,Kalamb (Dharashiv),1271,1000,1160,Maharashtra,Maharashtra 2189
2007-04-12,Wheat,1,Chattrapati Sambhajinagar,FAQ,Lasur Station,1275,971,1075,Maharashtra,Maharashtra 2189
2007-04-12,Wheat,1,Buldhana,FAQ,Deoulgaon Raja,1275,850,1040,Maharashtra,Other
2007-04-13,Wheat,1,Beed,FAQ,Parali Vaijyanath,1275,1251,1251,Maharashtra,Other
2007-04-13,Wheat,1,Jalgaon,FAQ,Pachora,1146,930,1038,Maharashtra,Kalyan
2007-04-13,Wheat,1,Thane,FAQ,Ulhasnagar,1600,1200,1400,Maharashtra,Other
2007-04-13,Wheat,1,Amarawati,FAQ,Achalpur,1020,945,982,Maharashtra,Other
2007-04-13,Wheat,1,Beed,FAQ,Majalgaon,1425,1041,1321,Maharashtra,Other
2007-04-13,Wheat,1,Amarawati,FAQ,Amarawati,1100,950,1000,Maharashtra,147 Average
2007-04-13,Wheat,1,Beed,FAQ,Gevrai,1350,900,1200,Maharashtra,Other
2007-04-13,Wheat,1,Buldhana,FAQ,Khamgaon,1100,955,1027,Maharashtra,Other
2007-04-13,Wheat,1,Jalgaon,FAQ,Jamner,1050,950,980,Maharashtra,Other
2007-04-13,Wheat,1,Thane,FAQ,Vasai,1200,900,1025,Maharashtra,Other
2007-04-13,Wheat,1,Amarawati,FAQ,Daryapur,1035,938,1017,Maharashtra,Kalyan
2007-04-13,Wheat,1,Buldhana,FAQ,Chikali,1160,950,1050,Maharashtra,Other
2007-04-13,Wheat,1,Sholapur,FAQ,Karmala,1251,911,1151,Maharashtra,Other
2007-04-13,Wheat,1,Thane,FAQ,Palghar,2500,1218,1859,Maharashtra,Other
2007-04-13,Wheat,1,Amarawati,FAQ,Dhamngaon-Railway,1104,850,975,Maharashtra,Other
2007-04-14,Wheat,1,Jalana,FAQ,Bhokardan,1000,900,950,Maharashtra,Maharashtra 2189
2007-04-14,Wheat,1,Thane,FAQ,Vasai,1150,900,1000,Maharashtra,Other
2007-04-15,Wheat,1,Bhandara,FAQ,Pavani,1100,1000,1050,Maharashtra,Other
2007-04-15,Wheat,1,Akola,FAQ,Balapur,1075,925,972,Maharashtra,Other
2007-04-16,Wheat,1,Pune,FAQ,Baramati,1150,950,1040,Maharashtra,Kalyan
2007-04-16,Wheat,1,Jalana,FAQ,Jalana,1325,980,1175,Maharashtra,Other
2007-04-16,Wheat,1,Akola,FAQ,Murtizapur,1036,950,1001,Maharashtra,Other
2007-04-16,Wheat,1,Jalgaon,FAQ,Jalgaon,1300,975,1171,Maharashtra,147 Average
2007-04-16,Wheat,1,Buldhana,FAQ,Sangrampur(Varvatbakal),1065,900,980,Maharashtra,Other
2007-04-16,Wheat,1,Parbhani,FAQ,Palam,1150,826,1030,Maharashtra,Sharbati
2007-04-16,Wheat,1,Jalgaon,FAQ,Jalgaon(Masawat),1050,875,925,Maharashtra,147 Average
2007-04-16,Wheat,1,Dhule,FAQ,Dondaicha,1117,800,975,Maharashtra,Other
2007-04-16,Wheat,1,Buldhana,FAQ,Nandura,1235,925,1121,Maharashtra,Other
2007-04-16,Wheat,1,Vashim,FAQ,Manora,780,730,780,Maharashtra,Other
2007-04-16,Wheat,1,Buldhana,FAQ,Shegaon,1000,925,1000,Maharashtra,Other
2007-04-17,Wheat,1,Jalgaon,FAQ,Pachora,1175,940,1058,Maharashtra,Kalyan
2007-04-17,Wheat,1,Buldhana,FAQ,Mehekar,1090,950,1040,Maharashtra,Other
2007-04-17,Wheat,1,Chattrapati Sambhajinagar,FAQ,Chattrapati Sambhajinagar,1250,980,1100,Maharashtra,Other
2007-04-17,Wheat,1,Dhule,FAQ,Dhule,1160,850,1075,Maharashtra,Other
2007-04-17,Wheat,1,Sholapur,FAQ,Pandharpur,1320,1150,1235,Maharashtra,Other
2007-04-17,Wheat,1,Ahmednagar,FAQ,Rahuri,1125,975,1051,Maharashtra,Other
2007-04-17,Wheat,1,Pune,FAQ,Nira,1226,1061,1140,Maharashtra,Other
2007-04-17,Wheat,1,Hingoli,FAQ,Sengoan,1000,900,950,Maharashtra,Other
2007-04-17,Wheat,1,Amarawati,FAQ,Nandgaon Khandeshwar,1049,991,1020,Maharashtra,Other
2007-04-17,Wheat,1,Chattrapati Sambhajinagar,FAQ,Sillod,1100,1000,1050,Maharashtra,Other
2007-04-17,Wheat,1,Vashim,FAQ,Washim,1260,1000,1100,Maharashtra,Maharashtra 2189
2007-04-17,Wheat,1,Buldhana,FAQ,Khamgaon,1111,945,1028,Maharashtra,Other
2007-04-17,Wheat,1,Kolhapur,FAQ,Kolhapur(Laxmipuri),2050,1150,1375,Maharashtra,Other
2007-04-18,Wheat,1,Kolhapur,FAQ,Kolhapur(Laxmipuri),1800,1200,1400,Maharashtra,Other
2007-04-18,Wheat,1,Beed,FAQ,Kada,1131,1012,1040,Maharashtra,Other
2007-04-18,Wheat,1,Jalana,FAQ,Partur,1275,1000,1110,Maharashtra,Maharashtra 2189
2007-04-18,Wheat,1,Jalgaon,FAQ,Jalgaon(Masawat),950,925,925,Maharashtra,147 Average
2007-04-18,Wheat,1,Beed,FAQ,Gevrai,1330,1000,1100,Maharashtra,Other
2007-04-18,Wheat,1,Buldhana,FAQ,Deoulgaon Raja,1250,800,975,Maharashtra,Other
2007-04-18,Wheat,1,Chattrapati Sambhajinagar,FAQ,Lasur Station,1200,875,1050,Maharashtra,Maharashtra 2189
2007-04-18,Wheat,1,Sholapur,FAQ,Pandharpur,1261,1137,1261,Maharashtra,Other
2007-04-18,Wheat,1,Wardha,FAQ,Arvi,1160,970,1060,Maharashtra,Other
2007-04-18,Wheat,1,Ahmednagar,FAQ,Shrirampur,1226,950,1100,Maharashtra,Other
2007-04-18,Wheat,1,Buldhana,FAQ,Khamgaon,1185,950,1067,Maharashtra,Other
2007-04-18,Wheat,1,Beed,FAQ,Majalgaon,1380,1050,1300,Maharashtra,Other
2007-04-18,Wheat,1,Nashik,FAQ,Manmad,1206,951,1070,Maharashtra,Other
2007-04-18,Wheat,1,Nashik,FAQ,Satana,1021,970,1000,Maharashtra,Maharashtra 2189
2007-04-18,Wheat,1,Buldhana,FAQ,Mehekar,1100,970,1025,Maharashtra,Other
2007-04-18,Wheat,1,Nashik,FAQ,Yeola,1094,872,940,Maharashtra,Maharashtra 2189
2007-04-19,Wheat,1,Chattrapati Sambhajinagar,FAQ,Lasur Station,1181,951,1000,Maharashtra,Maharashtra 2189
2007-04-19,Wheat,1,Sholapur,FAQ,Mangal Wedha,1350,1001,1200,Maharashtra,Other
2007-04-19,Wheat,1,Ahmednagar,FAQ,Rahuri(Vambori),1175,965,1070,Maharashtra,Other
2007-04-19,Wheat,1,Pune,FAQ,Dound,1251,975,1100,Maharashtra,Maharashtra 2189
2007-04-19,Wheat,1,Hingoli,FAQ,Jawala-Bajar,960,940,950,Maharashtra,Other
2007-04-19,Wheat,1,Pune,FAQ,Baramati,1090,900,1000,Maharashtra,Kalyan
2007-04-19,Wheat,1,Sholapur,FAQ,Akluj,1302,1168,1168,Maharashtra,Maharashtra 2189
2007-04-19,Wheat,1,Chattrapati Sambhajinagar,FAQ,Paithan,1240,940,1120,Maharashtra,Bansi
2007-04-20,Wheat,1,Thane,FAQ,Palghar,1221,1000,1110,Maharashtra,Other
2007-04-20,Wheat,1,Pune,FAQ,Dound,1190,955,1010,Maharashtra,Maharashtra 2189
2007-04-20,Wheat,1,Bhandara,FAQ,Bhandara,1180,900,950,Maharashtra,Other
2007-04-20,Wheat,1,Ahmednagar,FAQ,Rahuri,1165,960,1051,Maharashtra,Other
2007-04-20,Wheat,1,Vashim,FAQ,Karanja,1176,948,1000,Maharashtra,Maharashtra 2189
2007-04-20,Wheat,1,Pune,FAQ,Pune,2200,1100,1650,Maharashtra,Other
2007-04-20,Wheat,1,Buldhana,FAQ,Mehekar,1100,950,1050,Maharashtra,Other
2007-04-20,Wheat,1,Chattrapati Sambhajinagar,FAQ,Kannad,1100,950,1050,Maharashtra,Other
2007-04-20,Wheat,1,Dhule,FAQ,Dondaicha(Sindhkheda),951,938,950,Maharashtra,Other
2007-04-20,Wheat,1,Jalgaon,FAQ,Jamner,950,900,922,Maharashtra,Other
2007-04-20,Wheat,1,Jalana,FAQ,Jalana,1500,1500,1500,Maharashtra,Other
2007-04-20,Wheat,1,Beed,FAQ,Parali Vaijyanath,1201,921,1082,Maharashtra,Other
2007-04-20,Wheat,1,Akola,FAQ,Akola,1225,911,1075,Maharashtra,Other
2007-04-20,Wheat,1,Jalana,FAQ,Bhokardan,1050,900,950,Maharashtra,Maharashtra 2189
2007-04-20,Wheat,1,Thane,FAQ,Ulhasnagar,1600,1200,1400,Maharashtra,Other
2007-04-21,Wheat,1,Buldhana,FAQ,Khamgaon,1175,935,1055,Maharashtra,Other
2007-04-21,Wheat,1,Vashim,FAQ,Karanja,1131,945,1075,Maharashtra,Maharashtra 2189
2007-04-21,Wheat,1,Amarawati,FAQ,Morshi,1050,900,939,Maharashtra,Other
2007-04-21,Wheat,1,Parbhani,FAQ,Gangakhed,1090,1070,1075,Maharashtra,Other
2007-04-21,Wheat,1,Dhule,FAQ,Dhule,1051,851,970,Maharashtra,Other
2007-04-21,Wheat,1,Nashik,FAQ,Malegaon,1155,950,985,Maharashtra,Other
2007-04-21,Wheat,1,Sholapur,FAQ,Pandharpur,1240,1087,1240,Maharashtra,Other
2007-04-21,Wheat,1,Dharashiv(Usmanabad),FAQ,Kalamb (Dharashiv),1993,1993,1993,Maharashtra,Bansi
2007-04-21,Wheat,1,Beed,FAQ,Kille Dharur,1235,751,1100,Maharashtra,Other
2007-04-21,Wheat,1,Pune,FAQ,Nira(Saswad),1305,700,1000,Maharashtra,Other
2007-04-21,Wheat,1,Buldhana,FAQ,Mehekar,1100,950,1050,Maharashtra,Other
2007-04-22,Wheat,1,Amarawati,FAQ,Chandur Bazar,1100,950,1050,Maharashtra,Other
2007-04-22,Wheat,1,Thane,FAQ,Palghar,1432,1111,1271,Maharashtra,Other
2007-04-22,Wheat,1,Akola,FAQ,Balapur,1000,900,976,Maharashtra,Other
2007-04-22,Wheat,1,Hingoli,FAQ,Jawala-Bajar,960,950,955,Maharashtra,Other
2007-04-22,Wheat,1,Bhandara,FAQ,Pavani,1100,1000,1050,Maharashtra,Other
2007-04-22,Wheat,1,Jalana,FAQ,Jalna(Badnapur),1000,950,950,Maharashtra,Other
2007-04-23,Wheat,1,Buldhana,FAQ,Malkapur,1191,928,950,Maharashtra,Other
2007-04-23,Wheat,1,Nashik,FAQ,Nandgaon,1171,905,1036,Maharashtra,Other
2007-04-23,Wheat,1,Jalgaon,FAQ,Chalisgaon,1250,970,1175,Maharashtra,Other
2007-04-23,Wheat,1,Chattrapati Sambhajinagar,FAQ,Sillod,1100,1000,1050,Maharashtra,Other
2007-04-23,Wheat,1,Dhule,FAQ,Dondaicha(Sindhkheda),1141,934,990,Maharashtra,Other
2007-04-23,Wheat,1,Bhandara,FAQ,Bhandara,1000,850,920,Maharashtra,Other
2007-04-23,Wheat,1,Bhandara,FAQ,Tumsar,1030,975,1000,Maharashtra,Other
2007-04-23,Wheat,1,Ahmednagar,FAQ,Shrirampur,1150,850,1000,Maharashtra,Other
2007-04-23,Wheat,1,Hingoli,FAQ,Jawala-Bajar,960,950,955,Maharashtra,Other
2007-04-23,Wheat,1,Dhule,FAQ,Shirpur,1036,911,990,Maharashtra,Other
2007-04-23,Wheat,1,Jalgaon,FAQ,Jamner,950,900,935,Maharashtra,Other
2007-04-23,Wheat,1,Ahmednagar,FAQ,Shevgaon,1150,950,1100,Maharashtra,Maharashtra 2189
2007-04-23,Wheat,1,Ahmednagar,FAQ,Sangamner,1251,900,1075,Maharashtra,Other
2007-04-23,Wheat,1,Bhandara,FAQ,Pavani,1100,1000,1050,Maharashtra,Other
2007-04-23,Wheat,1,Akola,FAQ,Murtizapur,1041,950,1001,Maharashtra,Other
2007-04-23,Wheat,1,Jalgaon,FAQ,Pachora,1100,925,1013,Maharashtra,Kalyan
2007-04-23,Wheat,1,Dhule,FAQ,Dondaicha,1071,800,955,Maharashtra,Other
2007-04-23,Wheat,1,Sholapur,FAQ,Karmala,1235,900,1211,Maharashtra,Other
2007-04-24,Wheat,1,Jalgaon,FAQ,Chalisgaon,1350,900,1100,Maharashtra,Other
2007-04-24,Wheat,1,Ahmednagar,FAQ,Rahuri,1100,900,1000,Maharashtra,Other
2007-04-24,Wheat,1,Pune,FAQ,Dound,1200,950,1080,Maharashtra,Maharashtra 2189
2007-04-24,Wheat,1,Sholapur,FAQ,Solapur,1500,1000,1270,Maharashtra,Sharbati
2007-04-24,Wheat,1,Bhandara,FAQ,Pavani,1100,1000,1050,Maharashtra,Other
2007-04-24,Wheat,1,Chattrapati Sambhajinagar,FAQ,Kannad,1100,950,1050,Maharashtra,Other
2007-04-24,Wheat,1,Thane,FAQ,Ulhasnagar,1600,1200,1400,Maharashtra,Other
2007-04-24,Wheat,1,Buldhana,FAQ,Deoulgaon Raja,1400,900,950,Maharashtra,Other
2007-04-24,Wheat,1,Dhule,FAQ,Dhule,1100,900,1030,Maharashtra,Other
2007-04-24,Wheat,1,Dharashiv(Usmanabad),FAQ,Kalamb (Dharashiv),1210,950,1075,Maharashtra,Maharashtra 2189
2007-04-24,Wheat,1,Beed,FAQ,Majalgaon,1371,971,1265,Maharashtra,Other
2007-04-24,Wheat,1,Nashik,FAQ,Malegaon,1130,980,1000,Maharashtra,Other
2007-04-24,Wheat,1,Amarawati,FAQ,Anajngaon,1125,950,1050,Maharashtra,Other
2007-04-24,Wheat,1,Dhule,FAQ,Dondaicha,1100,851,955,Maharashtra,Other
2007-04-25,Wheat,1,Hingoli,FAQ,Jawala-Bajar,980,950,965,Maharashtra,Other
2007-04-25,Wheat,1,Thane,FAQ,Bhivandi,1400,900,1250,Maharashtra,Other
2007-04-25,Wheat,1,Chattrapati Sambhajinagar,FAQ,Lasur Station,1132,800,935,Maharashtra,Maharashtra 2189
2007-04-25,Wheat,1,Thane,FAQ,Ulhasnagar,1800,1600,1750,Maharashtra,Kalyan
2007-04-25,Wheat,1,Latur,FAQ,Latur,1450,1000,1300,Maharashtra,Maharashtra 2189
2007-04-25,Wheat,1,Nashik,FAQ,Manmad,1232,956,1100,Maharashtra,Other
2007-04-25,Wheat,1,Buldhana,FAQ,Malkapur,1276,860,930,Maharashtra,Other
2007-04-25,Wheat,1,Thane,FAQ,Ulhasnagar,1600,1200,1400,Maharashtra,Other
2007-04-25,Wheat,1,Dhule,FAQ,Dondaicha(Sindhkheda),1125,887,990,Maharashtra,Other
2007-04-25,Wheat,1,Jalgaon,FAQ,Chalisgaon,1250,975,1150,Maharashtra,Other
2007-04-25,Wheat,1,Jalana,FAQ,Partur,1220,1040,1160,Maharashtra,Other
2007-04-26,Wheat,1,Bhandara,FAQ,Tumsar,1142,915,1080,Maharashtra,Other
2007-04-26,Wheat,1,Dhule,FAQ,Shirpur,1061,880,925,Maharashtra,Other
2007-04-26,Wheat,1,Pune,FAQ,Nira(Saswad),1211,775,990,Maharashtra,Other
2007-04-26,Wheat,1,Jalana,FAQ,Jalana,1800,1800,1800,Maharashtra,Other
2007-04-26,Wheat,1,Akola,FAQ,Akola,1200,940,1150,Maharashtra,Other
2007-04-26,Wheat,1,Buldhana,FAQ,Nandura,1205,855,1129,Maharashtra,Other
2007-04-26,Wheat,1,Ahmednagar,FAQ,Shrirampur,1150,860,1005,Maharashtra,Other
2007-04-26,Wheat,1,Dharashiv(Usmanabad),FAQ,Kalamb (Dharashiv),1751,1751,1751,Maharashtra,Other
2007-04-26,Wheat,1,Nashik,FAQ,Nandgaon,1120,900,1010,Maharashtra,Other
2007-04-26,Wheat,1,Kolhapur,FAQ,Kolhapur(Laxmipuri),2100,1200,1500,Maharashtra,Other
2007-04-26,Wheat,1,Sholapur,FAQ,Pandharpur,1103,1103,1103,Maharashtra,Other
2007-04-26,Wheat,1,Nashik,FAQ,Satana,1044,925,991,Maharashtra,Other
2007-04-26,Wheat,1,Nashik,FAQ,Sinner,1200,951,1050,Maharashtra,Other
2007-04-27,Wheat,1,Nashik,FAQ,Satana,1181,1012,1126,Maharashtra,Maharashtra 2189
2007-04-27,Wheat,1,Beed,FAQ,Kille Dharur,1871,940,1060,Maharashtra,Other
2007-04-27,Wheat,1,Dhule,FAQ,Dondaicha(Sindhkheda),971,925,960,Maharashtra,Other
2007-04-27,Wheat,1,Bhandara,FAQ,Pavani,1100,1000,1050,Maharashtra,Other
2007-04-27,Wheat,1,Pune,FAQ,Dound,1136,925,1060,Maharashtra,Maharashtra 2189
2007-04-27,Wheat,1,Thane,FAQ,Palghar,1080,1000,1040,Maharashtra,Other
2007-04-27,Wheat,1,Chandrapur,FAQ,Nagbhid,1050,1050,1050,Maharashtra,Other
2007-04-27,Wheat,1,Kolhapur,FAQ,Kolhapur(Laxmipuri),2100,1150,1500,Maharashtra,Other
2007-04-27,Wheat,1,Hingoli,FAQ,Jawala-Bajar,960,940,950,Maharashtra,Other
2007-04-27,Wheat,1,Jalana,FAQ,Partur,1260,970,1026,Maharashtra,Maharashtra 2189
2007-04-27,Wheat,1,Bhandara,FAQ,Bhandara,1030,855,912,Maharashtra,Other
2007-04-27,Wheat,1,Amarawati,FAQ,Achalpur,1020,900,960,Maharashtra,Other
2007-04-28,Wheat,1,Jalgaon,FAQ,Jamner,950,900,935,Maharashtra,Other
2007-04-28,Wheat,1,Buldhana,FAQ,Nandura,1205,875,1051,Maharashtra,Other
2007-04-28,Wheat,1,Parbhani,FAQ,Gangakhed,1100,1080,1090,Maharashtra,Other
2007-04-28,Wheat,1,Chattrapati Sambhajinagar,FAQ,Chattrapati Sambhajinagar,1130,941,1071,Maharashtra,Other
2007-04-28,Wheat,1,Jalgaon,FAQ,Raver,1011,905,937,Maharashtra,Maharashtra 2189
2007-04-28,Wheat,1,Chattrapati Sambhajinagar,FAQ,Lasur Station,1175,900,1000,Maharashtra,Maharashtra 2189
2007-04-28,Wheat,1,Thane,FAQ,Palghar,1115,1068,1091,Maharashtra,Other
2007-04-28,Wheat,1,Sholapur,FAQ,Pandharpur,1185,1068,1126,Maharashtra,Other
2007-04-28,Wheat,1,Bhandara,FAQ,Tumsar,1028,871,975,Maharashtra,Other
2007-04-28,Wheat,1,Nashik,FAQ,Malegaon,1128,950,1020,Maharashtra,Other
2007-04-28,Wheat,1,Ahmednagar,FAQ,Rahuri,1100,900,1050,Maharashtra,Other
2007-04-29,Wheat,1,Ahmednagar,FAQ,Newasa,1000,900,950,Maharashtra,Other
2007-04-30,Wheat,1,Nashik,FAQ,Yeola,995,875,914,Maharashtra,Maharashtra 2189
2007-04-30,Wheat,1,Nashik,FAQ,Malegaon,1152,951,1035,Maharashtra,Other
2007-04-30,Wheat,1,Dhule,FAQ,Shirpur,1090,860,941,Maharashtra,Other
2007-04-30,Wheat,1,Jalana,FAQ,Ambad (Vadigodri),1250,1009,1056,Maharashtra,Other
2007-04-30,Wheat,1,Ahmednagar,FAQ,Shevgaon,1100,950,1050,Maharashtra,Maharashtra 2189
2007-04-30,Wheat,1,Kolhapur,FAQ,Kolhapur(Laxmipuri),2100,1200,1500,Maharashtra,Other
2007-04-30,Wheat,1,Dhule,FAQ,Dondaicha(Sindhkheda),994,860,960,Maharashtra,Other
2007-04-30,Wheat,1,Beed,FAQ,Ambejaogai,1250,840,1130,Maharashtra,Other
2007-05-01,Wheat,1,Thane,FAQ,Palghar,1347,1330,1338,Maharashtra,Other
2007-05-02,Wheat,1,Jalgaon,FAQ,Jalgaon,1011,1011,1011,Maharashtra,147 Average
2007-05-02,Wheat,1,Ahmednagar,FAQ,Shrirampur,1135,851,993,Maharashtra,Other
2007-05-02,Wheat,1,Kolhapur,FAQ,Kolhapur(Laxmipuri),1900,1150,1600,Maharashtra,Other
2007-05-02,Wheat,1,Amarawati,FAQ,Morshi,1000,800,941,Maharashtra,Other
2007-05-03,Wheat,1,Beed,FAQ,Kaij,1500,900,1124,Maharashtra,Other
2007-05-03,Wheat,1,Buldhana,FAQ,Malkapur,1260,922,1000,Maharashtra,Other
2007-05-03,Wheat,1,Jalgaon,FAQ,Chalisgaon,1250,950,1075,Maharashtra,Maharashtra 2189
2007-05-03,Wheat,1,Ahmednagar,FAQ,Shrirampur,1175,875,1025,Maharashtra,Other
2007-05-03,Wheat,1,Jalana,FAQ,Jalana,1237,900,1100,Maharashtra,Other
2007-05-03,Wheat,1,Thane,FAQ,Ulhasnagar,1800,1600,1750,Maharashtra,Kalyan
2007-05-03,Wheat,1,Beed,FAQ,Ambejaogai,1280,750,1130,Maharashtra,Other
2007-05-03,Wheat,1,Akola,FAQ,Akola,1225,911,1075,Maharashtra,Other
2007-05-03,Wheat,1,Buldhana,FAQ,Khamgaon,1150,980,1065,Maharashtra,Other
2007-05-03,Wheat,1,Jalgaon,FAQ,Jalgaon,1262,977,1075,Maharashtra,147 Average
2007-05-04,Wheat,1,Ahmednagar,FAQ,Shrirampur,1126,800,995,Maharashtra,Other
2007-05-04,Wheat,1,Jalana,FAQ,Jalana,1650,1550,1600,Maharashtra,Other
2007-05-04,Wheat,1,Buldhana,FAQ,Nandura,1189,879,1051,Maharashtra,Other
2007-05-04,Wheat,1,Jalana,FAQ,Ambad (Vadigodri),1155,921,985,Maharashtra,Other
2007-05-04,Wheat,1,Pune,FAQ,Pune,2000,1000,1500,Maharashtra,Other
2007-05-04,Wheat,1,Dharashiv(Usmanabad),FAQ,Kalamb (Dharashiv),1170,930,1000,Maharashtra,Maharashtra 2189
2007-05-04,Wheat,1,Chattrapati Sambhajinagar,FAQ,Gangapur,1125,911,1050,Maharashtra,Other
2007-05-04,Wheat,1,Beed,FAQ,Parali Vaijyanath,1250,941,1110,Maharashtra,Other
2007-05-04,Wheat,1,Akola,FAQ,Akola,1150,950,1065,Maharashtra,Other
2007-05-05,Wheat,1,Buldhana,FAQ,Nandura,1141,855,1015,Maharashtra,Other
2007-05-05,Wheat,1,Amarawati,FAQ,Nandgaon Khandeshwar,1000,925,950,Maharashtra,Other
2007-05-05,Wheat,1,Buldhana,FAQ,Malkapur,1180,840,925,Maharashtra,Other
2007-05-05,Wheat,1,Beed,FAQ,Ambejaogai,1401,750,1135,Maharashtra,Other
2007-05-05,Wheat,1,Nashik,FAQ,Nandgaon,1000,925,963,Maharashtra,Other
2007-05-05,Wheat,1,Chattrapati Sambhajinagar,FAQ,Paithan,1190,976,1045,Maharashtra,Bansi
2007-05-05,Wheat,1,Dharashiv(Usmanabad),FAQ,Kalamb (Dharashiv),1235,925,1000,Maharashtra,Maharashtra 2189
2007-05-05,Wheat,1,Buldhana,FAQ,Khamgaon,1182,965,1073,Maharashtra,Other
2007-05-05,Wheat,1,Amarawati,FAQ,Dhamngaon-Railway,1100,1050,1075,Maharashtra,Other
2007-05-05,Wheat,1,Buldhana,FAQ,Deoulgaon Raja,1200,750,925,Maharashtra,Other
2007-05-06,Wheat,1,Chattrapati Sambhajinagar,FAQ,Paithan,1060,936,1000,Maharashtra,Bansi
2007-05-07,Wheat,1,Buldhana,FAQ,Khamgaon,1190,915,1052,Maharashtra,Other
2007-05-07,Wheat,1,Sholapur,FAQ,Barshi(Vairag),1290,1111,1250,Maharashtra,Other
2007-05-07,Wheat,1,Thane,FAQ,Vasai,1135,925,1050,Maharashtra,Other
2007-05-07,Wheat,1,Nashik,FAQ,Manmad,1035,960,975,Maharashtra,Other
2007-05-07,Wheat,1,Hingoli,FAQ,Sengoan,970,900,930,Maharashtra,Other
2007-05-07,Wheat,1,Vashim,FAQ,Karanja,1085,941,1011,Maharashtra,Maharashtra 2189
2007-05-07,Wheat,1,Pune,FAQ,Baramati,1095,840,1000,Maharashtra,Kalyan
2007-05-07,Wheat,1,Beed,FAQ,Parali Vaijyanath,800,800,800,Maharashtra,Other
2007-05-07,Wheat,1,Buldhana,FAQ,Malkapur,1200,900,951,Maharashtra,Other
2007-05-07,Wheat,1,Parbhani,FAQ,Gangakhed,1090,1040,1060,Maharashtra,Other
2007-05-07,Wheat,1,Jalgaon,FAQ,Jalgaon,1251,1035,1051,Maharashtra,147 Average
2007-05-07,Wheat,1,Nashik,FAQ,Sinner,1245,955,1000,Maharashtra,Other
2007-05-07,Wheat,1,Bhandara,FAQ,Tumsar,1021,925,1000,Maharashtra,Other
2007-05-07,Wheat,1,Buldhana,FAQ,Mehekar,1025,920,1000,Maharashtra,Other
2007-05-08,Wheat,1,Buldhana,FAQ,Deoulgaon Raja,1180,850,900,Maharashtra,Other
2007-05-08,Wheat,1,Sholapur,FAQ,Solapur,1475,1000,1250,Maharashtra,Sharbati
2007-05-08,Wheat,1,Jalgaon,FAQ,Chalisgaon,1150,900,1050,Maharashtra,Maharashtra 2189
2007-05-08,Wheat,1,Buldhana,FAQ,Khamgaon,1150,888,1019,Maharashtra,Other
2007-05-08,Wheat,1,Dhule,FAQ,Dondaicha,1000,751,940,Maharashtra,Other
2007-05-08,Wheat,1,Latur,FAQ,Latur,1425,1005,1300,Maharashtra,Maharashtra 2189
2007-05-08,Wheat,1,Buldhana,FAQ,Mehekar,1025,920,1000,Maharashtra,Other
2007-05-08,Wheat,1,Ahmednagar,FAQ,Shrirampur,1113,875,995,Maharashtra,Other
2007-05-08,Wheat,1,Nashik,FAQ,Satana,1000,900,951,Maharashtra,Other
2007-05-08,Wheat,1,Amarawati,FAQ,Chandur Railway,850,850,850,Maharashtra,Other
2007-05-09,Wheat,1,Akola,FAQ,Akola,1150,900,1075,Maharashtra,Other
2007-05-09,Wheat,1,Jalana,FAQ,Ambad (Vadigodri),1100,968,1000,Maharashtra,Other
2007-05-09,Wheat,1,Dharashiv(Usmanabad),FAQ,Kalamb (Dharashiv),1135,925,1100,Maharashtra,Maharashtra 2189
2007-05-09,Wheat,1,Pune,FAQ,Nira,1231,1060,1145,Maharashtra,Other
2007-05-09,Wheat,1,Dhule,FAQ,Dondaicha,952,875,941,Maharashtra,Other
2007-05-09,Wheat,1,Dhule,FAQ,Dhule,1100,850,990,Maharashtra,Other
2007-05-09,Wheat,1,Chattrapati Sambhajinagar,FAQ,Gangapur,1150,900,1050,Maharashtra,Other
2007-05-09,Wheat,1,Sholapur,FAQ,Pandharpur,1118,911,1105,Maharashtra,Other
2007-05-10,Wheat,1,Beed,FAQ,Kaij,960,801,912,Maharashtra,Other
2007-05-10,Wheat,1,Beed,FAQ,Parali Vaijyanath,1150,950,1002,Maharashtra,Other
2007-05-10,Wheat,1,Dharashiv(Usmanabad),FAQ,Kalamb (Dharashiv),1150,936,1100,Maharashtra,Maharashtra 2189
2007-05-10,Wheat,1,Amarawati,FAQ,Varud(Rajura Bazar),950,850,900,Maharashtra,Other
2007-05-10,Wheat,1,Dhule,FAQ,Dondaicha,1231,900,941,Maharashtra,Other
2007-05-10,Wheat,1,Jalana,FAQ,Partur,1211,981,1050,Maharashtra,Maharashtra 2189
2007-05-10,Wheat,1,Jalgaon,FAQ,Amalner,951,925,938,Maharashtra,Other
2007-05-10,Wheat,1,Nashik,FAQ,Nandgaon,1100,800,900,Maharashtra,Other
2007-05-10,Wheat,1,Amarawati,FAQ,Amarawati,1050,950,1000,Maharashtra,Other
2007-05-10,Wheat,1,Dharashiv(Usmanabad),FAQ,Dharashiv,1321,1150,1230,Maharashtra,Maharashtra 2189
2007-05-10,Wheat,1,Parbhani,FAQ,Gangakhed,1100,1000,1060,Maharashtra,Other
2007-05-10,Wheat,1,Amarawati,FAQ,Chandur Railway,900,841,871,Maharashtra,Other
2007-05-10,Wheat,1,Beed,FAQ,Gevrai,1150,960,1050,Maharashtra,Other
2007-05-11,Wheat,1,Vashim,FAQ,Washim,1000,940,950,Maharashtra,Maharashtra 2189
2007-05-11,Wheat,1,Beed,FAQ,Gevrai,1300,631,1100,Maharashtra,Other
2007-05-11,Wheat,1,Akola,FAQ,Murtizapur,941,920,935,Maharashtra,Other
2007-05-11,Wheat,1,Nashik,FAQ,Nandgaon,1187,899,1000,Maharashtra,Other
2007-05-11,Wheat,1,Sholapur,FAQ,Akluj,1226,1011,1201,Maharashtra,Maharashtra 2189
2007-05-11,Wheat,1,Dharashiv(Usmanabad),FAQ,Kalamb (Dharashiv),1250,930,1160,Maharashtra,Maharashtra 2189
2007-05-11,Wheat,1,Chattrapati Sambhajinagar,FAQ,Chattrapati Sambhajinagar,1100,935,1050,Maharashtra,Other
2007-05-11,Wheat,1,Sholapur,FAQ,Mohol,1325,1000,1221,Maharashtra,Other
2007-05-11,Wheat,1,Akola,FAQ,Akola,1125,911,1035,Maharashtra,Other
2007-05-11,Wheat,1,Kolhapur,FAQ,Kolhapur(Laxmipuri),2100,1200,1650,Maharashtra,Other
2007-05-11,Wheat,1,Parbhani,FAQ,Gangakhed,1130,1100,1120,Maharashtra,Other
2007-05-11,Wheat,1,Buldhana,FAQ,Shegaon,1000,910,950,Maharashtra,Other
2007-05-12,Wheat,1,Beed,FAQ,Parali Vaijyanath,1100,1000,1031,Maharashtra,Other
2007-05-12,Wheat,1,Bhandara,FAQ,Tumsar,1025,885,950,Maharashtra,Other
2007-05-12,Wheat,1,Dharashiv(Usmanabad),FAQ,Kalamb (Dharashiv),1200,901,1100,Maharashtra,Maharashtra 2189
2007-05-12,Wheat,1,Buldhana,FAQ,Sangrampur(Varvatbakal),975,850,920,Maharashtra,Other
2007-05-12,Wheat,1,Chattrapati Sambhajinagar,FAQ,Lasur Station,1051,881,1000,Maharashtra,Maharashtra 2189
2007-05-12,Wheat,1,Jalana,FAQ,Jalana,1200,935,1050,Maharashtra,Other
2007-05-12,Wheat,1,Beed,FAQ,Majalgaon,1290,831,1211,Maharashtra,Other
2007-05-12,Wheat,1,Jalgaon,FAQ,Jalgaon,1071,950,1041,Maharashtra,147 Average
2007-05-12,Wheat,1,Vashim,FAQ,Karanja,1005,918,988,Maharashtra,Maharashtra 2189
2007-05-12,Wheat,1,Chattrapati Sambhajinagar,FAQ,Vaijpur,1100,900,1025,Maharashtra,Maharashtra 2189
2007-05-12,Wheat,1,Wardha,FAQ,Sindi,1000,900,950,Maharashtra,Other
2007-05-12,Wheat,1,Beed,FAQ,Kille Dharur,1125,976,1125,Maharashtra,Other
2007-05-12,Wheat,1,Thane,FAQ,Kalyan,1500,1320,1425,Maharashtra,Sharbati
2007-05-12,Wheat,1,Chattrapati Sambhajinagar,FAQ,Paithan,1150,930,1000,Maharashtra,Other
2007-05-13,Wheat,1,Pune,FAQ,Indapur(Bhigwan),1401,820,1000,Maharashtra,Maharashtra 2189
2007-05-13,Wheat,1,Bhandara,FAQ,Tumsar,1025,900,950,Maharashtra,Other
2007-05-13,Wheat,1,Amarawati,FAQ,Chandur Bazar,1050,900,1000,Maharashtra,Other
2007-05-14,Wheat,1,Amarawati,FAQ,Dhamngaon-Railway,910,850,880,Maharashtra,Other
2007-05-14,Wheat,1,Vashim,FAQ,Karanja,1037,920,946,Maharashtra,Maharashtra 2189
2007-05-14,Wheat,1,Pune,FAQ,Dound,1200,921,1050,Maharashtra,Maharashtra 2189
2007-05-14,Wheat,1,Dharashiv(Usmanabad),FAQ,Kalamb (Dharashiv),1500,1400,1500,Maharashtra,Bansi
2007-05-14,Wheat,1,Sholapur,FAQ,Barshi,1900,1125,1300,Maharashtra,Other
2007-05-14,Wheat,1,Parbhani,FAQ,Parbhani,1025,1000,1000,Maharashtra,Maharashtra 2189
2007-05-14,Wheat,1,Thane,FAQ,Ulhasnagar,1800,1600,1750,Maharashtra,Kalyan
2007-05-14,Wheat,1,Chattrapati Sambhajinagar,FAQ,Chattrapati Sambhajinagar,1100,925,1050,Maharashtra,Other
2007-05-14,Wheat,1,Dharashiv(Usmanabad),FAQ,Kalamb (Dharashiv),1165,925,1050,Maharashtra,Maharashtra 2189
2007-05-14,Wheat,1,Chattrapati Sambhajinagar,FAQ,Lasur Station,1150,900,1000,Maharashtra,Maharashtra 2189
2007-05-14,Wheat,1,Amarawati,FAQ,Amarawati,1051,1000,1025,Maharashtra,147 Average
2007-05-14,Wheat,1,Nashik,FAQ,Nandgaon,1000,850,925,Maharashtra,Other
2007-05-14,Wheat,1,Buldhana,FAQ,Nandura,1151,825,1015,Maharashtra,Other
2007-05-15,Wheat,1,Jalana,FAQ,Jalana,1150,910,1050,Maharashtra,Other
2007-05-15,Wheat,1,Jalgaon,FAQ,Raver,1000,935,940,Maharashtra,Maharashtra 2189
2007-05-15,Wheat,1,Amarawati,FAQ,Amarawati,1000,900,950,Maharashtra,147 Average
2007-05-15,Wheat,1,Nashik,FAQ,Satana,1022,925,981,Maharashtra,Other
2007-05-15,Wheat,1,Sholapur,FAQ,Akluj,1134,975,1100,Maharashtra,Maharashtra 2189
2007-05-15,Wheat,1,Dhule,FAQ,Shirpur,1036,850,925,Maharashtra,Other
2007-05-15,Wheat,1,Kolhapur,FAQ,Kolhapur(Laxmipuri),2100,1200,1650,Maharashtra,Other
2007-05-15,Wheat,1,Amarawati,FAQ,Chandur Railway,940,851,896,Maharashtra,Other
2007-05-15,Wheat,1,Akola,FAQ,Akola,1050,935,1010,Maharashtra,Other
2007-05-15,Wheat,1,Chattrapati Sambhajinagar,FAQ,Chattrapati Sambhajinagar,1190,931,1075,Maharashtra,Other
2007-05-15,Wheat,1,Ahmednagar,FAQ,Rahuri(Vambori),1100,950,1025,Maharashtra,Other
2007-05-15,Wheat,1,Vashim,FAQ,Washim,1050,950,1000,Maharashtra,Maharashtra 2189
2007-05-15,Wheat,1,Beed,FAQ,Kaij,1263,921,1100,Maharashtra,Other
2007-05-15,Wheat,1,Sholapur,FAQ,Barshi(Vairag),1350,1300,1300,Maharashtra,Other
2007-05-15,Wheat,1,Amarawati,FAQ,Dhamngaon-Railway,966,859,910,Maharashtra,Other
2007-05-15,Wheat,1,Dhule,FAQ,Dondaicha,951,831,928,Maharashtra,Other
2007-05-15,Wheat,1,Sholapur,FAQ,Karmala,1200,1000,1171,Maharashtra,Other
2007-05-16,Wheat,1,Dhule,FAQ,Shirpur,1071,800,934,Maharashtra,Other
2007-05-16,Wheat,1,Sholapur,FAQ,Karmala,1200,975,1141,Maharashtra,Other
2007-05-16,Wheat,1,Jalgaon,FAQ,Raver,991,938,945,Maharashtra,Maharashtra 2189
2007-05-16,Wheat,1,Amarawati,FAQ,Chandur Bazar,1050,900,1000,Maharashtra,Other
2007-05-16,Wheat,1,Nashik,FAQ,Satana,1152,1000,1115,Maharashtra,Maharashtra 2189
2007-05-16,Wheat,1,Thane,FAQ,Kalyan,1460,1280,1370,Maharashtra,Sharbati
2007-05-16,Wheat,1,Thane,FAQ,Ulhasnagar,1800,1600,1750,Maharashtra,Kalyan
2007-05-16,Wheat,1,Chandrapur,FAQ,Nagbhid,1025,1025,1025,Maharashtra,Other
2007-05-16,Wheat,1,Dhule,FAQ,Dondaicha(Sindhkheda),970,851,960,Maharashtra,Other
2007-05-17,Wheat,1,Buldhana,FAQ,Shegaon,1000,900,950,Maharashtra,Other
2007-05-17,Wheat,1,Jalgaon,FAQ,Jalgaon,1100,951,1088,Maharashtra,147 Average
2007-05-17,Wheat,1,Sholapur,FAQ,Barshi,1900,1031,1200,Maharashtra,Other
2007-05-17,Wheat,1,Bhandara,FAQ,Bhandara,930,860,880,Maharashtra,Other
2007-05-17,Wheat,1,Bhandara,FAQ,Tumsar,1021,975,995,Maharashtra,Other
2007-05-17,Wheat,1,Sholapur,FAQ,Barshi(Vairag),1450,1300,1300,Maharashtra,Other
2007-05-17,Wheat,1,Nashik,FAQ,Manmad,1031,943,980,Maharashtra,Other
2007-05-17,Wheat,1,Latur,FAQ,Latur,1400,987,1300,Maharashtra,Maharashtra 2189
2007-05-17,Wheat,1,Vashim,FAQ,Manora,950,900,950,Maharashtra,Other
2007-05-17,Wheat,1,Jalana,FAQ,Ambad (Vadigodri),1221,951,1005,Maharashtra,Other
2007-05-17,Wheat,1,Sholapur,FAQ,Solapur,1440,1000,1230,Maharashtra,Sharbati
2007-05-17,Wheat,1,Nashik,FAQ,Sinner,1231,932,1000,Maharashtra,Other
2007-05-17,Wheat,1,Buldhana,FAQ,Sindkhed Raja,1000,852,940,Maharashtra,Other
2007-05-18,Wheat,1,Chattrapati Sambhajinagar,FAQ,Gangapur,1055,932,1000,Maharashtra,Other
2007-05-18,Wheat,1,Bhandara,FAQ,Bhandara,1000,840,910,Maharashtra,Other
2007-05-18,Wheat,1,Chattrapati Sambhajinagar,FAQ,Vaijpur,1190,900,1075,Maharashtra,Maharashtra 2189
2007-05-18,Wheat,1,Jalana,FAQ,Bhokardan,1000,900,950,Maharashtra,Maharashtra 2189
2007-05-18,Wheat,1,Jalgaon,FAQ,Pachora,1125,875,1000,Maharashtra,Kalyan
2007-05-18,Wheat,1,Jalgaon,FAQ,Chalisgaon,1250,900,1100,Maharashtra,Maharashtra 2189
2007-05-18,Wheat,1,Latur,FAQ,Latur,1350,1000,1300,Maharashtra,Maharashtra 2189
2007-05-18,Wheat,1,Jalana,FAQ,Ambad (Vadigodri),1211,961,1012,Maharashtra,Other
2007-05-18,Wheat,1,Wardha,FAQ,Sindi,950,850,900,Maharashtra,Other
2007-05-18,Wheat,1,Amarawati,FAQ,Achalpur,1000,900,950,Maharashtra,Other
2007-05-18,Wheat,1,Vashim,FAQ,Washim,1075,930,1000,Maharashtra,Maharashtra 2189
2007-05-18,Wheat,1,Buldhana,FAQ,Mehekar,975,900,940,Maharashtra,Other
2007-05-18,Wheat,1,Dhule,FAQ,Dhule,1177,850,965,Maharashtra,Other
2007-05-18,Wheat,1,Nashik,FAQ,Manmad,1096,880,981,Maharashtra,Other
2007-05-18,Wheat,1,Sholapur,FAQ,Pandharpur,1050,1030,1030,Maharashtra,Other
2007-05-18,Wheat,1,Nashik,FAQ,Nandgaon,1000,950,975,Maharashtra,Other
2007-05-18,Wheat,1,Jalana,FAQ,Jalna(Badnapur),1000,875,925,Maharashtra,Other
2007-05-18,Wheat,1,Nashik,FAQ,Satana,1050,876,975,Maharashtra,Other
2007-05-18,Wheat,1,Dhule,FAQ,Dondaicha,951,881,923,Maharashtra,Other
2007-05-18,Wheat,1,Chattrapati Sambhajinagar,FAQ,Lasur Station,1070,800,950,Maharashtra,Maharashtra 2189
2007-05-18,Wheat,1,Jalgaon,FAQ,Jamner,1000,900,950,Maharashtra,Other
2007-05-19,Wheat,1,Buldhana,FAQ,Sangrampur(Varvatbakal),1050,870,920,Maharashtra,Other
2007-05-19,Wheat,1,Pune,FAQ,Pune,2050,1150,1600,Maharashtra,Other
2007-05-19,Wheat,1,Dharashiv(Usmanabad),FAQ,Kalamb (Dharashiv),1300,935,1125,Maharashtra,Maharashtra 2189
2007-05-19,Wheat,1,Chattrapati Sambhajinagar,FAQ,Gangapur,1041,884,995,Maharashtra,Other
2007-05-19,Wheat,1,Akola,FAQ,Akola,1115,880,1010,Maharashtra,Other
2007-05-19,Wheat,1,Kolhapur,FAQ,Kolhapur(Laxmipuri),2000,1200,1600,Maharashtra,Other
2007-05-19,Wheat,1,Amarawati,FAQ,Amarawati,1051,950,1000,Maharashtra,Other
2007-05-19,Wheat,1,Vashim,FAQ,Karanja,960,899,943,Maharashtra,Maharashtra 2189
2007-05-19,Wheat,1,Bhandara,FAQ,Bhandara,950,810,900,Maharashtra,Other
2007-05-19,Wheat,1,Buldhana,FAQ,Nandura,1105,845,1025,Maharashtra,Other
2007-05-19,Wheat,1,Ahmednagar,FAQ,Shrirampur,1101,850,975,Maharashtra,Other
2007-05-19,Wheat,1,Sholapur,FAQ,Barshi,1900,1171,1275,Maharashtra,Other
2007-05-19,Wheat,1,Thane,FAQ,Kalyan,1400,1300,1350,Maharashtra,Sharbati
2007-05-20,Wheat,1,Pune,FAQ,Dound,1151,875,1000,Maharashtra,Maharashtra 2189
2007-05-20,Wheat,1,Amarawati,FAQ,Chandur Bazar,1100,900,1000,Maharashtra,Other
2007-05-21,Wheat,1,Beed,FAQ,Gevrai,1200,921,1100,Maharashtra,Other
2007-05-21,Wheat,1,Vashim,FAQ,Karanja,1011,928,960,Maharashtra,Maharashtra 2189
2007-05-21,Wheat,1,Thane,FAQ,Palghar,1400,1065,1232,Maharashtra,Other
2007-05-21,Wheat,1,Kolhapur,FAQ,Kolhapur(Laxmipuri),2100,1200,1650,Maharashtra,Other
2007-05-21,Wheat,1,Amarawati,FAQ,Amarawati,1050,950,1000,Maharashtra,147 Average
2007-05-21,Wheat,1,Sholapur,FAQ,Karmala,1201,975,1100,Maharashtra,Other
2007-05-21,Wheat,1,Hingoli,FAQ,Sengoan,940,900,920,Maharashtra,Other
2007-05-21,Wheat,1,Amarawati,FAQ,Amarawati,1100,1000,1050,Maharashtra,Other
2007-05-21,Wheat,1,Beed,FAQ,Kaij,1300,926,951,Maharashtra,Other
2007-05-22,Wheat,1,Jalana,FAQ,Jalana,1111,925,1051,Maharashtra,Other
2007-05-22,Wheat,1,Jalana,FAQ,Partur,1175,946,1000,Maharashtra,Other
2007-05-22,Wheat,1,Amarawati,FAQ,Chandur Railway,871,871,871,Maharashtra,Other
2007-05-22,Wheat,1,Chattrapati Sambhajinagar,FAQ,Chattrapati Sambhajinagar,1125,915,1020,Maharashtra,Other
2007-05-22,Wheat,1,Buldhana,FAQ,Khamgaon,975,895,935,Maharashtra,Other
2007-05-22,Wheat,1,Jalgaon,FAQ,Chalisgaon,1250,925,1100,Maharashtra,Maharashtra 2189
2007-05-22,Wheat,1,Beed,FAQ,Gevrai,1184,700,1000,Maharashtra,Other
2007-05-22,Wheat,1,Dhule,FAQ,Shirpur,976,860,911,Maharashtra,Other
2007-05-22,Wheat,1,Buldhana,FAQ,Mehekar,1050,910,970,Maharashtra,Other
2007-05-22,Wheat,1,Chattrapati Sambhajinagar,FAQ,Paithan,1119,640,1035,Maharashtra,Bansi
2007-05-22,Wheat,1,Thane,FAQ,Ulhasnagar,1600,1200,1400,Maharashtra,Other
2007-05-22,Wheat,1,Ahmednagar,FAQ,Rahuri(Vambori),1050,900,975,Maharashtra,Other
2007-05-22,Wheat,1,Sholapur,FAQ,Akluj,1152,951,1050,Maharashtra,Maharashtra 2189
2007-05-22,Wheat,1,Pune,FAQ,Dound,1201,950,1050,Maharashtra,Maharashtra 2189
2007-05-22,Wheat,1,Buldhana,FAQ,Deoulgaon Raja,1170,800,925,Maharashtra,Other
2007-05-23,Wheat,1,Chattrapati Sambhajinagar,FAQ,Gangapur,1021,895,985,Maharashtra,Other
2007-05-23,Wheat,1,Buldhana,FAQ,Khamgaon,1025,905,965,Maharashtra,Other
2007-05-23,Wheat,1,Akola,FAQ,Akot,1000,900,975,Maharashtra,Other
2007-05-23,Wheat,1,Nashik,FAQ,Malegaon,1131,940,1000,Maharashtra,Other
2007-05-23,Wheat,1,Ahmednagar,FAQ,Rahuri(Vambori),1111,950,1030,Maharashtra,Other
2007-05-23,Wheat,1,Bhandara,FAQ,Tumsar,1000,950,950,Maharashtra,Other
2007-05-23,Wheat,1,Dhule,FAQ,Shirpur,1041,739,875,Maharashtra,Other
2007-05-23,Wheat,1,Amarawati,FAQ,Chandur Railway,875,825,850,Maharashtra,Other
2007-05-23,Wheat,1,Parbhani,FAQ,Gangakhed,1150,1070,1100,Maharashtra,Other
2007-05-24,Wheat,1,Jalana,FAQ,Jalana,1075,910,1000,Maharashtra,Other
2007-05-24,Wheat,1,Vashim,FAQ,Karanja,1105,876,970,Maharashtra,Maharashtra 2189
2007-05-24,Wheat,1,Dhule,FAQ,Shirpur,1015,830,890,Maharashtra,Other
2007-05-24,Wheat,1,Buldhana,FAQ,Nandura,1145,850,978,Maharashtra,Other
2007-05-24,Wheat,1,Vashim,FAQ,Manora,980,974,980,Maharashtra,Other
2007-05-24,Wheat,1,Chattrapati Sambhajinagar,FAQ,Lasur Station,1040,825,950,Maharashtra,Maharashtra 2189
2007-05-24,Wheat,1,Sholapur,FAQ,Mangal Wedha,1502,1110,1305,Maharashtra,Other
2007-05-24,Wheat,1,Buldhana,FAQ,Jalgaon(Jamod),950,850,900,Maharashtra,Other
2007-05-24,Wheat,1,Parbhani,FAQ,Gangakhed,1125,1090,1100,Maharashtra,Other
2007-05-24,Wheat,1,Chattrapati Sambhajinagar,FAQ,Gangapur,1060,895,975,Maharashtra,Other
2007-05-24,Wheat,1,Chattrapati Sambhajinagar,FAQ,Paithan,1170,934,1125,Maharashtra,Bansi
2007-05-24,Wheat,1,Parbhani,FAQ,Selu,1150,925,935,Maharashtra,Other
2007-05-24,Wheat,1,Jalgaon,FAQ,Chalisgaon,1260,920,1150,Maharashtra,Maharashtra 2189
2007-05-25,Wheat,1,Jalana,FAQ,Jalna(Badnapur),950,925,925,Maharashtra,Other
2007-05-25,Wheat,1,Nashik,FAQ,Satana,1045,899,940,Maharashtra,Other
2007-05-25,Wheat,1,Chattrapati Sambhajinagar,FAQ,Lasur Station,1060,840,950,Maharashtra,Maharashtra 2189
2007-05-25,Wheat,1,Jalgaon,FAQ,Jalgaon,1151,835,1151,Maharashtra,147 Average
2007-05-25,Wheat,1,Sholapur,FAQ,Solapur,1385,1000,1190,Maharashtra,Red
2007-05-25,Wheat,1,Dhule,FAQ,Dondaicha(Sindhkheda),890,680,850,Maharashtra,Other
2007-05-25,Wheat,1,Amarawati,FAQ,Achalpur,950,880,915,Maharashtra,Other
2007-05-25,Wheat,1,Beed,FAQ,Gevrai,1225,875,1040,Maharashtra,Other
2007-05-26,Wheat,1,Amarawati,FAQ,Morshi,1050,800,945,Maharashtra,Other
2007-05-26,Wheat,1,Chattrapati Sambhajinagar,FAQ,Chattrapati Sambhajinagar,1100,915,1080,Maharashtra,Other
2007-05-26,Wheat,1,Sholapur,FAQ,Pandharpur,1120,1070,1085,Maharashtra,Other
2007-05-26,Wheat,1,Parbhani,FAQ,Palam,1111,729,1050,Maharashtra,Sharbati
2007-05-26,Wheat,1,Jalgaon,FAQ,Jalgaon(Masawat),910,850,900,Maharashtra,Maharashtra 2189
2007-05-26,Wheat,1,Beed,FAQ,Ambejaogai,1180,700,1080,Maharashtra,Other
2007-05-26,Wheat,1,Parbhani,FAQ,Selu,1150,925,1000,Maharashtra,Other
2007-05-26,Wheat,1,Ahmednagar,FAQ,Shrirampur,1151,875,1013,Maharashtra,Other
2007-05-26,Wheat,1,Buldhana,FAQ,Deoulgaon Raja,1125,850,925,Maharashtra,Other
2007-05-26,Wheat,1,Jalgaon,FAQ,Jalgaon,1051,941,951,Maharashtra,147 Average
2007-05-26,Wheat,1,Amarawati,FAQ,Amarawati,1000,870,915,Maharashtra,Other
2007-05-26,Wheat,1,Hingoli,FAQ,Sengoan,970,900,925,Maharashtra,Other
2007-05-26,Wheat,1,Chattrapati Sambhajinagar,FAQ,Paithan,1100,921,1090,Maharashtra,Bansi
2007-05-27,Wheat,1,Beed,FAQ,Kada,1051,752,875,Maharashtra,Other
2007-05-27,Wheat,1,Dharashiv(Usmanabad),FAQ,Dharashiv,1500,1275,1385,Maharashtra,Maharashtra 2189
2007-05-27,Wheat,1,Pune,FAQ,Indapur(Bhigwan),1390,821,1000,Maharashtra,Maharashtra 2189
2007-05-28,Wheat,1,Thane,FAQ,Ulhasnagar,1800,1600,1750,Maharashtra,Kalyan
2007-05-28,Wheat,1,Nashik,FAQ,Satana,1226,960,1135,Maharashtra,Maharashtra 2189
2007-05-28,Wheat,1,Buldhana,FAQ,Mehekar,1000,900,950,Maharashtra,Other
2007-05-28,Wheat,1,Dhule,FAQ,Shirpur,939,850,885,Maharashtra,Other
2007-05-28,Wheat,1,Amarawati,FAQ,Chandur Railway,925,855,890,Maharashtra,Other
2007-05-28,Wheat,1,Chattrapati Sambhajinagar,FAQ,Paithan,1151,920,1035,Maharashtra,Bansi
2007-05-28,Wheat,1,Amarawati,FAQ,Amarawati,1100,950,1025,Maharashtra,Other
2007-05-28,Wheat,1,Buldhana,FAQ,Khamgaon,1000,850,925,Maharashtra,Other
2007-05-28,Wheat,1,Kolhapur,FAQ,Kolhapur(Laxmipuri),2100,1200,1650,Maharashtra,Other
2007-05-28,Wheat,1,Jalgaon,FAQ,Raver,951,851,912,Maharashtra,Maharashtra 2189
2007-05-28,Wheat,1,Chattrapati Sambhajinagar,FAQ,Chattrapati Sambhajinagar,1100,915,1007,Maharashtra,Other
2007-05-29,Wheat,1,Nashik,FAQ,Satana,994,860,945,Maharashtra,Other
2007-05-29,Wheat,1,Akola,FAQ,Murtizapur,981,850,901,Maharashtra,Other
2007-05-29,Wheat,1,Chattrapati Sambhajinagar,FAQ,Sillod,1000,900,950,Maharashtra,Other
2007-05-29,Wheat,1,Ahmednagar,FAQ,Rahuri,975,900,940,Maharashtra,Other
2007-05-29,Wheat,1,Nashik,FAQ,Satana,1167,971,1121,Maharashtra,Maharashtra 2189
2007-05-29,Wheat,1,Akola,FAQ,Akot,1080,887,1032,Maharashtra,Other
2007-05-29,Wheat,1,Chattrapati Sambhajinagar,FAQ,Kannad,1100,965,1045,Maharashtra,Other
2007-05-29,Wheat,1,Amarawati,FAQ,Dhamngaon-Railway,956,850,906,Maharashtra,Other
2007-05-29,Wheat,1,Buldhana,FAQ,Mehekar,1070,905,970,Maharashtra,Other
2007-05-29,Wheat,1,Jalana,FAQ,Ambad (Vadigodri),1619,1619,1619,Maharashtra,Other
2007-05-29,Wheat,1,Vashim,FAQ,Manora,975,940,975,Maharashtra,Other
2007-05-29,Wheat,1,Pune,FAQ,Pune,2500,1000,1750,Maharashtra,Other
2007-05-29,Wheat,1,Ahmednagar,FAQ,Shrirampur,1003,851,927,Maharashtra,Other
2007-05-29,Wheat,1,Beed,FAQ,Gevrai,1150,921,1050,Maharashtra,Other
2007-05-29,Wheat,1,Jalgaon,FAQ,Chalisgaon,1250,880,1100,Maharashtra,Maharashtra 2189
2007-05-29,Wheat,1,Chattrapati Sambhajinagar,FAQ,Gangapur,975,945,950,Maharashtra,Other
2007-05-29,Wheat,1,Parbhani,FAQ,Palam,1021,921,991,Maharashtra,Sharbati
2007-05-30,Wheat,1,Chandrapur,FAQ,Nagbhid,1000,1000,1000,Maharashtra,Other
2007-05-30,Wheat,1,Sholapur,FAQ,Pandharpur,1200,1040,1040,Maharashtra,Other
2007-05-30,Wheat,1,Sholapur,FAQ,Solapur,1320,1000,1190,Maharashtra,Sharbati
2007-05-30,Wheat,1,Amarawati,FAQ,Dhamngaon-Railway,948,751,850,Maharashtra,Other
2007-05-30,Wheat,1,Nashik,FAQ,Malegaon,1078,901,975,Maharashtra,Other
2007-05-30,Wheat,1,Dhule,FAQ,Dondaicha(Sindhkheda),841,841,841,Maharashtra,Other
2007-05-30,Wheat,1,Kolhapur,FAQ,Kolhapur(Laxmipuri),2000,1100,1550,Maharashtra,Other
2007-05-30,Wheat,1,Dhule,FAQ,Dondaicha,1243,801,941,Maharashtra,Other
2007-05-30,Wheat,1,Beed,FAQ,Ambejaogai,1180,700,1020,Maharashtra,Other
2007-05-31,Wheat,1,Jalgaon,FAQ,Jalgaon,1105,961,1041,Maharashtra,147 Average
2007-05-31,Wheat,1,Kolhapur,FAQ,Kolhapur(Laxmipuri),2100,1200,1400,Maharashtra,Other
2007-05-31,Wheat,1,Amarawati,FAQ,Dhamngaon-Railway,927,890,910,Maharashtra,Other
2007-05-31,Wheat,1,Chattrapati Sambhajinagar,FAQ,Chattrapati Sambhajinagar,1100,925,1000,Maharashtra,Other
2007-05-31,Wheat,1,Jalana,FAQ,Partur,1165,940,1040,Maharashtra,Maharashtra 2189
2007-05-31,Wheat,1,Buldhana,FAQ,Chikali,925,855,885,Maharashtra,Other
2007-05-31,Wheat,1,Buldhana,FAQ,Deoulgaon Raja,1055,850,925,Maharashtra,Other
2007-05-31,Wheat,1,Pune,FAQ,Nira(Saswad),1100,900,1000,Maharashtra,Other
2007-06-01,Wheat,1,Amarawati,FAQ,Chandur Railway,901,805,876,Maharashtra,Other
2007-06-01,Wheat,1,Beed,FAQ,Parali Vaijyanath,1000,1000,1000,Maharashtra,Other
2007-06-01,Wheat,1,Dhule,FAQ,Shirpur,950,850,880,Maharashtra,Other
2007-06-01,Wheat,1,Sholapur,FAQ,Solapur,1365,1000,1175,Maharashtra,Sharbati
2007-06-01,Wheat,1,Nashik,FAQ,Satana,1126,1001,1076,Maharashtra,Maharashtra 2189
2007-06-01,Wheat,1,Dharashiv(Usmanabad),FAQ,Kalamb (Dharashiv),1161,911,1000,Maharashtra,Maharashtra 2189
2007-06-01,Wheat,1,Beed,FAQ,Kaij,1200,917,1051,Maharashtra,Other
2007-06-01,Wheat,1,Chattrapati Sambhajinagar,FAQ,Vaijpur,1040,890,1000,Maharashtra,Maharashtra 2189
2007-06-01,Wheat,1,Wardha,FAQ,Sindi,920,800,900,Maharashtra,Other
2007-06-02,Wheat,1,Chattrapati Sambhajinagar,FAQ,Chattrapati Sambhajinagar,1101,940,1020,Maharashtra,Other
2007-06-02,Wheat,1,Dhule,FAQ,Dondaicha(Sindhkheda),918,918,918,Maharashtra,Other
2007-06-02,Wheat,1,Vashim,FAQ,Washim,980,935,950,Maharashtra,Maharashtra 2189
2007-06-02,Wheat,1,Wardha,FAQ,Sindi,920,870,900,Maharashtra,Other
2007-06-02,Wheat,1,Nashik,FAQ,Nandgaon,1060,580,851,Maharashtra,Other
2007-06-02,Wheat,1,Parbhani,FAQ,Selu,1101,850,925,Maharashtra,Other
2007-06-02,Wheat,1,Beed,FAQ,Kille Dharur,1170,931,1100,Maharashtra,Other
2007-06-02,Wheat,1,Nashik,FAQ,Yeola,1022,865,900,Maharashtra,Maharashtra 2189
2007-06-02,Wheat,1,Sholapur,FAQ,Barshi(Vairag),1250,1250,1250,Maharashtra,Other
2007-06-02,Wheat,1,Buldhana,FAQ,Sangrampur(Varvatbakal),950,875,920,Maharashtra,Other
2007-06-03,Wheat,1,Chattrapati Sambhajinagar,FAQ,Paithan,1031,925,1025,Maharashtra,Bansi
2007-06-03,Wheat,1,Ahmednagar,FAQ,Newasa,1000,900,951,Maharashtra,Other
2007-06-03,Wheat,1,Dharashiv(Usmanabad),FAQ,Dharashiv,1350,1215,1282,Maharashtra,Maharashtra 2189
2007-06-03,Wheat,1,Beed,FAQ,Kada,1051,751,951,Maharashtra,Other
2007-06-03,Wheat,1,Akola,FAQ,Balapur,1000,825,883,Maharashtra,Other
2007-06-04,Wheat,1,Jalana,FAQ,Ambad (Vadigodri),1150,940,1000,Maharashtra,Other
2007-06-04,Wheat,1,Amarawati,FAQ,Dhamngaon-Railway,945,888,910,Maharashtra,Other
2007-06-04,Wheat,1,Nashik,FAQ,Malegaon,1065,900,941,Maharashtra,Other
2007-06-04,Wheat,1,Beed,FAQ,Gevrai,1225,900,1100,Maharashtra,Other
2007-06-04,Wheat,1,Pune,FAQ,Pune,1890,1150,1525,Maharashtra,Other
2007-06-04,Wheat,1,Parbhani,FAQ,Gangakhed,1150,1090,1100,Maharashtra,Other
2007-06-04,Wheat,1,Beed,FAQ,Kaij,1914,887,1100,Maharashtra,Other
2007-06-04,Wheat,1,Bhandara,FAQ,Bhandara,900,820,860,Maharashtra,Maharashtra 2189
2007-06-04,Wheat,1,Dharashiv(Usmanabad),FAQ,Kalamb (Dharashiv),1211,929,1150,Maharashtra,Maharashtra 2189
2007-06-04,Wheat,1,Buldhana,FAQ,Sangrampur(Varvatbakal),916,850,895,Maharashtra,Other
2007-06-04,Wheat,1,Hingoli,FAQ,Sengoan,1050,900,950,Maharashtra,Other
2007-06-04,Wheat,1,Dharashiv(Usmanabad),FAQ,Kalamb (Dharashiv),1511,1511,1511,Maharashtra,Bansi
2007-06-05,Wheat,1,Jalgaon,FAQ,Chalisgaon,1200,875,1100,Maharashtra,Maharashtra 2189
2007-06-05,Wheat,1,Amarawati,FAQ,Dhamngaon-Railway,945,900,925,Maharashtra,Other
2007-06-05,Wheat,1,Parbhani,FAQ,Pathari,1155,901,926,Maharashtra,Other
2007-06-05,Wheat,1,Ahmednagar,FAQ,Rahuri(Vambori),1115,951,1033,Maharashtra,Other
2007-06-05,Wheat,1,Amarawati,FAQ,Amarawati,1051,900,975,Maharashtra,147 Average
2007-06-05,Wheat,1,Chattrapati Sambhajinagar,FAQ,Chattrapati Sambhajinagar,1111,935,1023,Maharashtra,Other
2007-06-05,Wheat,1,Sholapur,FAQ,Barshi(Vairag),1301,1170,1275,Maharashtra,Other
2007-06-05,Wheat,1,Sholapur,FAQ,Pandharpur,1111,965,1038,Maharashtra,Other
2007-06-05,Wheat,1,Nashik,FAQ,Nandgaon,1109,780,1000,Maharashtra,Other
2007-06-05,Wheat,1,Thane,FAQ,Kalyan,1400,1300,1350,Maharashtra,Sharbati
2007-06-05,Wheat,1,Dhule,FAQ,Shirpur,976,880,905,Maharashtra,Other
2007-06-05,Wheat,1,Bhandara,FAQ,Bhandara,900,840,850,Maharashtra,Maharashtra 2189
2007-06-05,Wheat,1,Akola,FAQ,Akola,1060,850,965,Maharashtra,Other
2007-06-05,Wheat,1,Akola,FAQ,Telhara,925,875,900,Maharashtra,Other
2007-06-06,Wheat,1,Hingoli,FAQ,Hingoli,1125,956,1040,Maharashtra,Other
2007-06-06,Wheat,1,Thane,FAQ,Ulhasnagar,1600,1200,1400,Maharashtra,Other
2007-06-06,Wheat,1,Chattrapati Sambhajinagar,FAQ,Paithan,1045,860,933,Maharashtra,Bansi
2007-06-06,Wheat,1,Sholapur,FAQ,Solapur,1370,1010,1160,Maharashtra,Sharbati
2007-06-06,Wheat,1,Dharashiv(Usmanabad),FAQ,Kalamb (Dharashiv),1450,1450,1450,Maharashtra,Bansi
2007-06-06,Wheat,1,Jalgaon,FAQ,Amalner,941,900,921,Maharashtra,Other
2007-06-06,Wheat,1,Chattrapati Sambhajinagar,FAQ,Lasur Station,1077,880,950,Maharashtra,Maharashtra 2189
2007-06-06,Wheat,1,Chattrapati Sambhajinagar,FAQ,Vaijpur,1065,900,1000,Maharashtra,Maharashtra 2189
2007-06-06,Wheat,1,Sholapur,FAQ,Pandharpur,1132,1065,1132,Maharashtra,Other
2007-06-06,Wheat,1,Kolhapur,FAQ,Kolhapur(Laxmipuri),1900,1175,1550,Maharashtra,Other
2007-06-07,Wheat,1,Dhule,FAQ,Shirpur,950,885,908,Maharashtra,Other
2007-06-07,Wheat,1,Beed,FAQ,Gevrai,1147,875,935,Maharashtra,Other
2007-06-07,Wheat,1,Jalana,FAQ,Ambad (Vadigodri),1185,942,1000,Maharashtra,Other
2007-06-07,Wheat,1,Sholapur,FAQ,Solapur,1360,1000,1150,Maharashtra,Sharbati
2007-06-07,Wheat,1,Chandrapur,FAQ,Nagbhid,990,990,990,Maharashtra,Other
2007-06-07,Wheat,1,Nashik,FAQ,Malegaon,1031,930,990,Maharashtra,Other
2007-06-07,Wheat,1,Jalgaon,FAQ,Chalisgaon,1200,900,1100,Maharashtra,Maharashtra 2189
2007-06-07,Wheat,1,Sholapur,FAQ,Barshi,1231,771,1025,Maharashtra,Other
2007-06-07,Wheat,1,Jalana,FAQ,Partur,1130,916,962,Maharashtra,Maharashtra 2189
2007-06-07,Wheat,1,Jalgaon,FAQ,Pachora,1100,890,995,Maharashtra,Kalyan
2007-06-07,Wheat,1,Buldhana,FAQ,Sindkhed Raja,1000,875,975,Maharashtra,Other
2007-06-07,Wheat,1,Vashim,FAQ,Washim,950,850,900,Maharashtra,Maharashtra 2189
2007-06-08,Wheat,1,Beed,FAQ,Gevrai,1175,920,1050,Maharashtra,Other
2007-06-08,Wheat,1,Chattrapati Sambhajinagar,FAQ,Vaijpur,1000,850,990,Maharashtra,Maharashtra 2189
2007-06-08,Wheat,1,Buldhana,FAQ,Buldhana(Dhad),1050,950,1000,Maharashtra,Other
2007-06-08,Wheat,1,Wardha,FAQ,Sindi,930,870,900,Maharashtra,Other
2007-06-08,Wheat,1,Amarawati,FAQ,Dhamngaon-Railway,958,717,820,Maharashtra,Other
2007-06-08,Wheat,1,Jalana,FAQ,Ambad (Vadigodri),1112,941,970,Maharashtra,Other
2007-06-08,Wheat,1,Parbhani,FAQ,Gangakhed,1110,1080,1090,Maharashtra,Other
2007-06-08,Wheat,1,Akola,FAQ,Murtizapur,981,901,951,Maharashtra,Other
2007-06-08,Wheat,1,Sholapur,FAQ,Solapur,1350,1010,1150,Maharashtra,Sharbati
2007-06-08,Wheat,1,Ahmednagar,FAQ,Shrirampur,1055,875,965,Maharashtra,Other
2007-06-09,Wheat,1,Jalana,FAQ,Jalana,1150,945,1100,Maharashtra,Other
2007-06-09,Wheat,1,Akola,FAQ,Murtizapur,956,850,901,Maharashtra,Other
2007-06-09,Wheat,1,Nashik,FAQ,Malegaon,1021,910,951,Maharashtra,Other
2007-06-09,Wheat,1,Parbhani,FAQ,Gangakhed,1175,1090,1100,Maharashtra,Other
2007-06-09,Wheat,1,Chattrapati Sambhajinagar,FAQ,Paithan,1025,922,960,Maharashtra,Bansi
2007-06-09,Wheat,1,Dharashiv(Usmanabad),FAQ,Kalamb (Dharashiv),1269,931,1100,Maharashtra,Maharashtra 2189
2007-06-10,Wheat,1,Akola,FAQ,Balapur,1050,860,912,Maharashtra,Other
2007-06-10,Wheat,1,Pune,FAQ,Dound,1201,951,1050,Maharashtra,Maharashtra 2189
2007-06-10,Wheat,1,Bhandara,FAQ,Tumsar,1015,919,970,Maharashtra,Other
2007-06-11,Wheat,1,Dhule,FAQ,Shirpur,1052,841,922,Maharashtra,Other
2007-06-11,Wheat,1,Buldhana,FAQ,Nandura,1100,875,1020,Maharashtra,Other
2007-06-11,Wheat,1,Nashik,FAQ,Satana,1007,925,950,Maharashtra,Other
2007-06-11,Wheat,1,Chattrapati Sambhajinagar,FAQ,Lasur Station,1132,945,1000,Maharashtra,Maharashtra 2189
2007-06-11,Wheat,1,Hingoli,FAQ,Sengoan,1660,1300,1500,Maharashtra,Other
2007-06-11,Wheat,1,Ahmednagar,FAQ,Rahuri,1015,900,975,Maharashtra,Other
2007-06-11,Wheat,1,Buldhana,FAQ,Malkapur,1170,914,941,Maharashtra,Other
2007-06-11,Wheat,1,Wardha,FAQ,Arvi,950,885,925,Maharashtra,Other
2007-06-11,Wheat,1,Akola,FAQ,Akola,1025,850,955,Maharashtra,Other
2007-06-11,Wheat,1,Beed,FAQ,Parali Vaijyanath,1311,980,1240,Maharashtra,Other
2007-06-11,Wheat,1,Chattrapati Sambhajinagar,FAQ,Chattrapati Sambhajinagar,1125,915,1010,Maharashtra,Other
2007-06-11,Wheat,1,Buldhana,FAQ,Chikali,1080,940,1000,Maharashtra,Other
2007-06-12,Wheat,1,Parbhani,FAQ,Pathari,1025,911,975,Maharashtra,Other
2007-06-12,Wheat,1,Jalana,FAQ,Ambad (Vadigodri),1500,1500,1500,Maharashtra,Other
2007-06-12,Wheat,1,Thane,FAQ,Kalyan,1350,1250,1300,Maharashtra,Sharbati
2007-06-12,Wheat,1,Latur,FAQ,Latur,1300,950,1250,Maharashtra,Maharashtra 2189
2007-06-12,Wheat,1,Latur,FAQ,Ahmedpur,1100,940,1090,Maharashtra,Other
2007-06-12,Wheat,1,Beed,FAQ,Ambejaogai,1105,911,1040,Maharashtra,Other
2007-06-12,Wheat,1,Thane,FAQ,Ulhasnagar,1600,1200,1400,Maharashtra,Other
2007-06-12,Wheat,1,Kolhapur,FAQ,Kolhapur(Laxmipuri),1800,1100,1450,Maharashtra,Other
2007-06-12,Wheat,1,Pune,FAQ,Pune,2000,1150,1575,Maharashtra,Other
2007-06-13,Wheat,1,Chandrapur,FAQ,Nagbhid,1100,1100,1100,Maharashtra,Other
2007-06-13,Wheat,1,Beed,FAQ,Ambejaogai,1220,750,1045,Maharashtra,Other
2007-06-13,Wheat,1,Beed,FAQ,Majalgaon,1200,851,1151,Maharashtra,Other
2007-06-13,Wheat,1,Beed,FAQ,Kada,1000,700,966,Maharashtra,Other
2007-06-13,Wheat,1,Ahmednagar,FAQ,Rahuri(Vambori),1040,951,995,Maharashtra,Other
2007-06-13,Wheat,1,Jalgaon,FAQ,Chalisgaon,1250,900,1100,Maharashtra,Maharashtra 2189
2007-06-14,Wheat,1,Buldhana,FAQ,Sangrampur(Varvatbakal),980,930,945,Maharashtra,Other
2007-06-14,Wheat,1,Amarawati,FAQ,Amarawati,1075,950,1015,Maharashtra,147 Average
2007-06-14,Wheat,1,Nashik,FAQ,Yeola,965,945,953,Maharashtra,Maharashtra 2189
2007-06-14,Wheat,1,Buldhana,FAQ,Deoulgaon Raja,1100,900,985,Maharashtra,Other
2007-06-14,Wheat,1,Vashim,FAQ,Karanja,1070,957,992,Maharashtra,Other
2007-06-14,Wheat,1,Buldhana,FAQ,Khamgaon,1100,970,1035,Maharashtra,Other
2007-06-14,Wheat,1,Latur,FAQ,Ahmedpur,980,730,850,Maharashtra,Other
2007-06-14,Wheat,1,Akola,FAQ,Akola,1150,900,1040,Maharashtra,Other
2007-06-14,Wheat,1,Buldhana,FAQ,Nandura,1088,921,1000,Maharashtra,Other
2007-06-14,Wheat,1,Bhandara,FAQ,Bhandara,900,800,860,Maharashtra,Maharashtra 2189
2007-06-14,Wheat,1,Sholapur,FAQ,Mangal Wedha,1276,1027,1276,Maharashtra,Other
2007-06-14,Wheat,1,Parbhani,FAQ,Gangakhed,1150,1100,1125,Maharashtra,Other
2007-06-15,Wheat,1,Wardha,FAQ,Sindi,927,912,915,Maharashtra,Other
2007-06-15,Wheat,1,Sholapur,FAQ,Pandharpur,1162,1100,1100,Maharashtra,Other
2007-06-15,Wheat,1,Thane,FAQ,Ulhasnagar,1800,1600,1750,Maharashtra,Kalyan
2007-06-15,Wheat,1,Ahmednagar,FAQ,Sangamner,1100,930,1015,Maharashtra,Other
2007-06-15,Wheat,1,Kolhapur,FAQ,Kolhapur(Laxmipuri),1700,1100,1400,Maharashtra,Other
2007-06-15,Wheat,1,Kolhapur,FAQ,Jaysingpur,1350,1150,1300,Maharashtra,Other
2007-06-15,Wheat,1,Dhule,FAQ,Dhule,1032,927,991,Maharashtra,Other
2007-06-15,Wheat,1,Dhule,FAQ,Shirpur,1034,908,926,Maharashtra,Other
2007-06-16,Wheat,1,Latur,FAQ,Ahmedpur,1200,760,1047,Maharashtra,Other
2007-06-16,Wheat,1,Amarawati,FAQ,Anajngaon,965,925,945,Maharashtra,Other
2007-06-16,Wheat,1,Ahmednagar,FAQ,Rahuri,1040,900,971,Maharashtra,Other
2007-06-16,Wheat,1,Parbhani,FAQ,Palam,1050,751,1003,Maharashtra,Sharbati
2007-06-16,Wheat,1,Buldhana,FAQ,Sangrampur(Varvatbakal),975,900,935,Maharashtra,Other
2007-06-16,Wheat,1,Thane,FAQ,Ulhasnagar,1600,1200,1400,Maharashtra,Other
2007-06-16,Wheat,1,Dhule,FAQ,Dhule,1019,940,992,Maharashtra,Other
2007-06-16,Wheat,1,Sholapur,FAQ,Solapur,1360,1000,1190,Maharashtra,Sharbati
2007-06-16,Wheat,1,Amarawati,FAQ,Achalpur,1100,900,1000,Maharashtra,Other
2007-06-16,Wheat,1,Vashim,FAQ,Washim,1050,950,1000,Maharashtra,Maharashtra 2189
2007-06-17,Wheat,1,Chattrapati Sambhajinagar,FAQ,Paithan,1045,940,1010,Maharashtra,Bansi
2007-06-17,Wheat,1,Bhandara,FAQ,Tumsar,955,930,930,Maharashtra,Other
2007-06-17,Wheat,1,Pune,FAQ,Dound,1125,925,1000,Maharashtra,Maharashtra 2189
2007-06-18,Wheat,1,Sholapur,FAQ,Pandharpur,1100,980,983,Maharashtra,Other
2007-06-18,Wheat,1,Buldhana,FAQ,Sangrampur(Varvatbakal),1000,926,945,Maharashtra,Other
2007-06-18,Wheat,1,Parbhani,FAQ,Palam,1105,914,985,Maharashtra,Sharbati
2007-06-18,Wheat,1,Buldhana,FAQ,Mehekar,1050,910,980,Maharashtra,Other
2007-06-18,Wheat,1,Nashik,FAQ,Satana,1152,963,1071,Maharashtra,Maharashtra 2189
2007-06-18,Wheat,1,Beed,FAQ,Gevrai,1181,950,1100,Maharashtra,Other
2007-06-18,Wheat,1,Bhandara,FAQ,Tumsar,1011,945,975,Maharashtra,Other
2007-06-18,Wheat,1,Thane,FAQ,Kalyan,1350,1250,1300,Maharashtra,Sharbati
2007-06-18,Wheat,1,Nashik,FAQ,Malegaon,1163,987,1051,Maharashtra,Other
2007-06-18,Wheat,1,Beed,FAQ,Majalgaon,1265,875,1200,Maharashtra,Other
2007-06-19,Wheat,1,Jalgaon,FAQ,Chalisgaon,1200,930,1150,Maharashtra,Maharashtra 2189
2007-06-19,Wheat,1,Amarawati,FAQ,Anajngaon,1000,925,951,Maharashtra,Other
2007-06-19,Wheat,1,Amarawati,FAQ,Amarawati,1100,950,1025,Maharashtra,Other
2007-06-19,Wheat,1,Buldhana,FAQ,Mehekar,1050,980,1010,Maharashtra,Other
2007-06-19,Wheat,1,Buldhana,FAQ,Khamgaon,1100,959,1029,Maharashtra,Other
2007-06-19,Wheat,1,Parbhani,FAQ,Gangakhed,1175,1140,1170,Maharashtra,Other
2007-06-19,Wheat,1,Ahmednagar,FAQ,Rahuri,1075,900,975,Maharashtra,Other
2007-06-19,Wheat,1,Jalana,FAQ,Partur,1071,915,965,Maharashtra,Maharashtra 2189
2007-06-19,Wheat,1,Amarawati,FAQ,Dhamngaon-Railway,979,931,955,Maharashtra,Other
2007-06-19,Wheat,1,Beed,FAQ,Majalgaon,1255,951,1200,Maharashtra,Other
2007-06-19,Wheat,1,Nashik,FAQ,Satana,1141,975,1081,Maharashtra,Maharashtra 2189
2007-06-19,Wheat,1,Nashik,FAQ,Nandgaon,1015,880,950,Maharashtra,Other
2007-06-19,Wheat,1,Amarawati,FAQ,Achalpur,1100,950,1000,Maharashtra,Other
2007-06-19,Wheat,1,Dhule,FAQ,Dhule,1062,936,990,Maharashtra,Other
2007-06-19,Wheat,1,Pune,FAQ,Pune,2200,1050,1625,Maharashtra,Other
2007-06-19,Wheat,1,Latur,FAQ,Ahmedpur,1200,1000,1100,Maharashtra,Other
2007-06-19,Wheat,1,Ahmednagar,FAQ,Rahuri(Vambori),1121,900,1010,Maharashtra,Other
2007-06-20,Wheat,1,Latur,FAQ,Ahmedpur,1100,745,1052,Maharashtra,Other
2007-06-20,Wheat,1,Beed,FAQ,Beed,1161,977,1050,Maharashtra,Other
2007-06-20,Wheat,1,Sholapur,FAQ,Solapur,1360,1000,1190,Maharashtra,Sharbati
2007-06-20,Wheat,1,Buldhana,FAQ,Sindkhed Raja,990,835,920,Maharashtra,Other
2007-06-20,Wheat,1,Nashik,FAQ,Malegaon,1075,945,1041,Maharashtra,Other
2007-06-20,Wheat,1,Thane,FAQ,Bhivandi,1400,900,1250,Maharashtra,Other
2007-06-20,Wheat,1,Hingoli,FAQ,Hingoli,1095,946,1020,Maharashtra,Other
2007-06-20,Wheat,1,Parbhani,FAQ,Jintur,1060,950,1025,Maharashtra,Maharashtra 2189
2007-06-20,Wheat,1,Jalana,FAQ,Jalana,1109,985,1040,Maharashtra,Other
2007-06-20,Wheat,1,Chattrapati Sambhajinagar,FAQ,Gangapur,1060,960,1000,Maharashtra,Other
2007-06-20,Wheat,1,Jalana,FAQ,Partur,1040,951,1020,Maharashtra,Maharashtra 2189
2007-06-20,Wheat,1,Chattrapati Sambhajinagar,FAQ,Lasur Station,1125,900,1100,Maharashtra,Maharashtra 2189
2007-06-20,Wheat,1,Amarawati,FAQ,Morshi,1000,800,869,Maharashtra,Other
2007-06-21,Wheat,1,Buldhana,FAQ,Khamgaon,1050,999,1024,Maharashtra,Other
2007-06-21,Wheat,1,Buldhana,FAQ,Sangrampur(Varvatbakal),1000,930,945,Maharashtra,Other
2007-06-21,Wheat,1,Parbhani,FAQ,Pathari,1151,981,1011,Maharashtra,Other
2007-06-21,Wheat,1,Beed,FAQ,Gevrai,1170,974,1100,Maharashtra,Other
2007-06-21,Wheat,1,Wardha,FAQ,Sindi,971,915,950,Maharashtra,Other
2007-06-21,Wheat,1,Dhule,FAQ,Shirpur,1041,900,977,Maharashtra,Other
2007-06-21,Wheat,1,Jalana,FAQ,Ambad (Vadigodri),1300,1300,1300,Maharashtra,Other
2007-06-21,Wheat,1,Jalgaon,FAQ,Chalisgaon,1250,940,1150,Maharashtra,Maharashtra 2189
2007-06-21,Wheat,1,Chattrapati Sambhajinagar,FAQ,Paithan,1073,926,1040,Maharashtra,Bansi
2007-06-21,Wheat,1,Chattrapati Sambhajinagar,FAQ,Lasur Station,1111,850,1025,Maharashtra,Maharashtra 2189
2007-06-21,Wheat,1,Sholapur,FAQ,Solapur,1350,1000,1175,Maharashtra,Sharbati
2007-06-22,Wheat,1,Buldhana,FAQ,Khamgaon,1050,962,1006,Maharashtra,Other
2007-06-22,Wheat,1,Sholapur,FAQ,Solapur,1360,1000,1180,Maharashtra,Sharbati
2007-06-22,Wheat,1,Chattrapati Sambhajinagar,FAQ,Gangapur,1137,997,1050,Maharashtra,Other
2007-06-22,Wheat,1,Parbhani,FAQ,Gangakhed,1170,1100,1160,Maharashtra,Other
2007-06-22,Wheat,1,Chattrapati Sambhajinagar,FAQ,Lasur Station,1111,850,1025,Maharashtra,Maharashtra 2189
2007-06-22,Wheat,1,Dhule,FAQ,Dhule,1050,911,1020,Maharashtra,Other
2007-06-22,Wheat,1,Pune,FAQ,Dound,1185,1000,1010,Maharashtra,Maharashtra 2189
2007-06-23,Wheat,1,Buldhana,FAQ,Khamgaon,1050,958,1004,Maharashtra,Other
2007-06-23,Wheat,1,Nashik,FAQ,Yeola,1081,952,970,Maharashtra,Maharashtra 2189
2007-06-23,Wheat,1,Buldhana,FAQ,Nandura,1115,925,1080,Maharashtra,Other
2007-06-23,Wheat,1,Bhandara,FAQ,Bhandara,1030,850,950,Maharashtra,Maharashtra 2189
2007-06-23,Wheat,1,Chattrapati Sambhajinagar,FAQ,Chattrapati Sambhajinagar,1175,1050,1112,Maharashtra,Other
2007-06-23,Wheat,1,Chattrapati Sambhajinagar,FAQ,Lasur Station,1200,1010,1125,Maharashtra,Maharashtra 2189
2007-06-23,Wheat,1,Beed,FAQ,Kille Dharur,1111,984,984,Maharashtra,Other
2007-06-23,Wheat,1,Bhandara,FAQ,Tumsar,975,851,925,Maharashtra,Other
2007-06-24,Wheat,1,Chattrapati Sambhajinagar,FAQ,Paithan,1111,971,985,Maharashtra,Other
2007-06-24,Wheat,1,Ahmednagar,FAQ,Newasa,1100,900,1075,Maharashtra,Other
2007-06-25,Wheat,1,Parbhani,FAQ,Gangakhed,1185,1100,1160,Maharashtra,Other
2007-06-25,Wheat,1,Beed,FAQ,Kada,1051,951,991,Maharashtra,Other
2007-06-25,Wheat,1,Bhandara,FAQ,Tumsar,1000,975,975,Maharashtra,Other
2007-06-25,Wheat,1,Amarawati,FAQ,Dhamngaon-Railway,995,974,985,Maharashtra,Other
2007-06-25,Wheat,1,Beed,FAQ,Gevrai,1246,1020,1100,Maharashtra,Other
2007-06-25,Wheat,1,Akola,FAQ,Akola,1070,875,985,Maharashtra,Other
2007-06-25,Wheat,1,Nashik,FAQ,Satana,1054,1000,1025,Maharashtra,Other
2007-06-26,Wheat,1,Buldhana,FAQ,Deoulgaon Raja,1175,900,1050,Maharashtra,Other
2007-06-26,Wheat,1,Thane,FAQ,Ulhasnagar,1600,1200,1400,Maharashtra,Other
2007-06-26,Wheat,1,Beed,FAQ,Kille Dharur,961,921,960,Maharashtra,Other
2007-06-26,Wheat,1,Jalgaon,FAQ,Jalgaon(Masawat),981,850,900,Maharashtra,Maharashtra 2189
2007-06-26,Wheat,1,Nashik,FAQ,Malegaon,1070,961,1011,Maharashtra,Other
2007-06-26,Wheat,1,Nashik,FAQ,Satana,1026,985,1010,Maharashtra,Other
2007-06-26,Wheat,1,Dhule,FAQ,Shirpur,1013,900,975,Maharashtra,Other
2007-06-26,Wheat,1,Chattrapati Sambhajinagar,FAQ,Chattrapati Sambhajinagar,1120,1030,1070,Maharashtra,Other
2007-06-26,Wheat,1,Pune,FAQ,Pune,1850,1200,1525,Maharashtra,Other
2007-06-26,Wheat,1,Parbhani,FAQ,Pathari,1177,971,1011,Maharashtra,Other
2007-06-26,Wheat,1,Dharashiv(Usmanabad),FAQ,Kalamb (Dharashiv),1230,1025,1075,Maharashtra,Maharashtra 2189
2007-06-26,Wheat,1,Ahmednagar,FAQ,Kopargaon,1071,990,1030,Maharashtra,Other
2007-06-27,Wheat,1,Dharashiv(Usmanabad),FAQ,Kalamb (Dharashiv),1500,1500,1500,Maharashtra,Bansi
2007-06-27,Wheat,1,Chattrapati Sambhajinagar,FAQ,Chattrapati Sambhajinagar,1100,1020,1060,Maharashtra,Other
2007-06-27,Wheat,1,Jalana,FAQ,Partur,1176,1050,1075,Maharashtra,Maharashtra 2189
2007-06-27,Wheat,1,Amarawati,FAQ,Dhamngaon-Railway,1004,873,950,Maharashtra,Other
2007-06-27,Wheat,1,Jalgaon,FAQ,Chalisgaon,1200,960,1100,Maharashtra,Maharashtra 2189
2007-06-27,Wheat,1,Jalana,FAQ,Jalana,1192,1030,1100,Maharashtra,Other
2007-06-28,Wheat,1,Chattrapati Sambhajinagar,FAQ,Vaijpur,1141,900,1050,Maharashtra,Other
2007-06-28,Wheat,1,Kolhapur,FAQ,Kolhapur(Laxmipuri),1800,1100,1400,Maharashtra,Other
2007-06-28,Wheat,1,Beed,FAQ,Parali Vaijyanath,1071,1071,1071,Maharashtra,Other
2007-06-28,Wheat,1,Thane,FAQ,Ulhasnagar,1800,1600,1750,Maharashtra,Kalyan
2007-06-28,Wheat,1,Dharashiv(Usmanabad),FAQ,Kalamb (Dharashiv),1125,1011,1081,Maharashtra,Maharashtra 2189
2007-06-28,Wheat,1,Jalgaon,FAQ,Jalgaon(Masawat),975,975,975,Maharashtra,Maharashtra 2189
2007-06-28,Wheat,1,Dhule,FAQ,Dondaicha,1041,765,996,Maharashtra,Other
2007-06-29,Wheat,1,Beed,FAQ,Kille Dharur,1281,961,1000,Maharashtra,Other
2007-06-29,Wheat,1,Buldhana,FAQ,Nandura,1125,958,1020,Maharashtra,Other
2007-06-29,Wheat,1,Akola,FAQ,Akola,1125,880,1025,Maharashtra,Other
2007-06-29,Wheat,1,Amarawati,FAQ,Dhamngaon-Railway,1012,929,970,Maharashtra,Other
2007-06-29,Wheat,1,Jalana,FAQ,Bhokardan,1000,850,950,Maharashtra,Maharashtra 2189
2007-06-29,Wheat,1,Hingoli,FAQ,Hingoli,1135,953,1044,Maharashtra,Other
2007-06-29,Wheat,1,Parbhani,FAQ,Gangakhed,1170,1090,1160,Maharashtra,Other
2007-06-29,Wheat,1,Parbhani,FAQ,Pathari,1195,951,1001,Maharashtra,Other
2007-06-29,Wheat,1,Ahmednagar,FAQ,Rahuri,1065,950,1025,Maharashtra,Other
2007-06-29,Wheat,1,Pune,FAQ,Pune,2500,1050,1775,Maharashtra,Other
2007-06-29,Wheat,1,Buldhana,FAQ,Khamgaon,1100,980,1040,Maharashtra,Other
2007-06-30,Wheat,1,Parbhani,FAQ,Palam,1060,1000,1021,Maharashtra,Sharbati
2007-06-30,Wheat,1,Parbhani,FAQ,Pathari,1101,951,1075,Maharashtra,Other
2007-06-30,Wheat,1,Akola,FAQ,Akola,1100,950,1035,Maharashtra,Other
2007-06-30,Wheat,1,Sholapur,FAQ,Solapur,1350,1000,1160,Maharashtra,Sharbati
2007-06-30,Wheat,1,Jalgaon,FAQ,Jalgaon,1021,1021,1021,Maharashtra,147 Average
2007-06-30,Wheat,1,Dharashiv(Usmanabad),FAQ,Kalamb (Dharashiv),1500,1300,1500,Maharashtra,Bansi
2007-06-30,Wheat,1,Amarawati,FAQ,Anajngaon,1011,951,975,Maharashtra,Other
2007-06-30,Wheat,1,Jalana,FAQ,Jalana,1109,1000,1075,Maharashtra,Other
2007-06-30,Wheat,1,Thane,FAQ,Kalyan,1300,1200,1250,Maharashtra,Sharbati
2007-07-02,Wheat,1,Hingoli,FAQ,Hingoli,1135,956,1045,Maharashtra,Other
2007-07-02,Wheat,1,Bhandara,FAQ,Tumsar,1035,910,975,Maharashtra,Other
2007-07-02,Wheat,1,Sholapur,FAQ,Barshi(Vairag),1301,1200,1301,Maharashtra,Other
2007-07-02,Wheat,1,Ahmednagar,FAQ,Rahuri,1000,900,951,Maharashtra,Other
2007-07-02,Wheat,1,Jalgaon,FAQ,Jalgaon,1121,1051,1105,Maharashtra,147 Average
2007-07-02,Wheat,1,Chattrapati Sambhajinagar,FAQ,Gangapur,1100,1036,1050,Maharashtra,Other
2007-07-02,Wheat,1,Chattrapati Sambhajinagar,FAQ,Chattrapati Sambhajinagar,1151,1040,1095,Maharashtra,Other
2007-07-02,Wheat,1,Dhule,FAQ,Shirpur,992,971,980,Maharashtra,Other
2007-07-02,Wheat,1,Parbhani,FAQ,Gangakhed,1100,1080,1090,Maharashtra,Other
2007-07-02,Wheat,1,Buldhana,FAQ,Mehekar,1130,950,1050,Maharashtra,Other
2007-07-03,Wheat,1,Nashik,FAQ,Malegaon,1161,1051,1120,Maharashtra,Other
2007-07-03,Wheat,1,Bhandara,FAQ,Bhandara,1000,900,960,Maharashtra,Other
2007-07-03,Wheat,1,Buldhana,FAQ,Mehekar,1150,950,1050,Maharashtra,Other
2007-07-03,Wheat,1,Jalana,FAQ,Jalana,1125,1000,1083,Maharashtra,Other
2007-07-03,Wheat,1,Chattrapati Sambhajinagar,FAQ,Chattrapati Sambhajinagar,1125,1040,1082,Maharashtra,Other
2007-07-03,Wheat,1,Chattrapati Sambhajinagar,FAQ,Gangapur,1107,1021,1075,Maharashtra,Other
2007-07-03,Wheat,1,Buldhana,FAQ,Khamgaon,1125,1041,1083,Maharashtra,Other
2007-07-03,Wheat,1,Buldhana,FAQ,Sindkhed Raja,1100,900,1050,Maharashtra,Other
2007-07-03,Wheat,1,Chattrapati Sambhajinagar,FAQ,Paithan,1121,991,1050,Maharashtra,Bansi
2007-07-03,Wheat,1,Thane,FAQ,Ulhasnagar,1600,1200,1400,Maharashtra,Other
2007-07-03,Wheat,1,Ahmednagar,FAQ,Shevgaon,1075,950,1050,Maharashtra,Maharashtra 2189
2007-07-04,Wheat,1,Buldhana,FAQ,Deoulgaon Raja,1150,1025,1050,Maharashtra,Other
2007-07-04,Wheat,1,Dhule,FAQ,Dondaicha,1064,800,1031,Maharashtra,Other
2007-07-04,Wheat,1,Ahmednagar,FAQ,Shrirampur,1071,925,1000,Maharashtra,Other
2007-07-04,Wheat,1,Dharashiv(Usmanabad),FAQ,Kalamb (Dharashiv),1400,1400,1400,Maharashtra,Bansi
2007-07-04,Wheat,1,Beed,FAQ,Majalgaon,1231,825,1181,Maharashtra,Other
2007-07-04,Wheat,1,Parbhani,FAQ,Jintur,1100,1030,1071,Maharashtra,Maharashtra 2189
2007-07-04,Wheat,1,Dhule,FAQ,Dhule,1080,925,1040,Maharashtra,Other
2007-07-04,Wheat,1,Amarawati,FAQ,Dhamngaon-Railway,1025,901,961,Maharashtra,Other
2007-07-04,Wheat,1,Jalana,FAQ,Jalna(Badnapur),1025,950,1000,Maharashtra,Other
2007-07-04,Wheat,1,Nashik,FAQ,Malegaon,1210,1000,1117,Maharashtra,Other
2007-07-04,Wheat,1,Jalgaon,FAQ,Jalgaon(Masawat),975,950,961,Maharashtra,147 Average
2007-07-04,Wheat,1,Buldhana,FAQ,Sindkhed Raja,1070,875,975,Maharashtra,Other
2007-07-04,Wheat,1,Jalgaon,FAQ,Parola,1052,985,1010,Maharashtra,Other
2007-07-04,Wheat,1,Ahmednagar,FAQ,Newasa,1051,900,1000,Maharashtra,Other
2007-07-04,Wheat,1,Ahmednagar,FAQ,Rahuri,1050,900,1001,Maharashtra,Other
2007-07-04,Wheat,1,Buldhana,FAQ,Nandura,1143,925,1075,Maharashtra,Other
2007-07-05,Wheat,1,Buldhana,FAQ,Mehekar,1140,1020,1050,Maharashtra,Other
2007-07-05,Wheat,1,Dhule,FAQ,Dondaicha,1071,981,1048,Maharashtra,Other
2007-07-05,Wheat,1,Dharashiv(Usmanabad),FAQ,Kalamb (Dharashiv),1211,1051,1170,Maharashtra,Maharashtra 2189
2007-07-05,Wheat,1,Chattrapati Sambhajinagar,FAQ,Gangapur,1104,1025,1075,Maharashtra,Other
2007-07-05,Wheat,1,Bhandara,FAQ,Bhandara,1020,850,970,Maharashtra,Other
2007-07-05,Wheat,1,Sholapur,FAQ,Akluj,1134,1095,1101,Maharashtra,Maharashtra 2189
2007-07-05,Wheat,1,Nashik,FAQ,Nandgaon,1148,981,1075,Maharashtra,Other
2007-07-05,Wheat,1,Jalana,FAQ,Partur,1170,1060,1131,Maharashtra,Maharashtra 2189
2007-07-05,Wheat,1,Beed,FAQ,Ambejaogai,1230,800,1045,Maharashtra,Other
2007-07-05,Wheat,1,Nashik,FAQ,Malegaon,1245,1071,1100,Maharashtra,Other
2007-07-05,Wheat,1,Dhule,FAQ,Shirpur,1022,800,995,Maharashtra,Other
2007-07-05,Wheat,1,Buldhana,FAQ,Sangrampur(Varvatbakal),1031,950,980,Maharashtra,Other
2007-07-05,Wheat,1,Buldhana,FAQ,Nandura,1075,855,998,Maharashtra,Other
2007-07-06,Wheat,1,Jalgaon,FAQ,Jalgaon,1200,1000,1125,Maharashtra,147 Average
2007-07-06,Wheat,1,Jalgaon,FAQ,Jalgaon(Masawat),1100,975,1000,Maharashtra,147 Average
2007-07-06,Wheat,1,Buldhana,FAQ,Buldhana(Dhad),1070,980,1030,Maharashtra,Other
2007-07-06,Wheat,1,Amarawati,FAQ,Amarawati,1200,1000,1100,Maharashtra,Other
2007-07-06,Wheat,1,Vashim,FAQ,Mangrulpeer,1140,1000,1100,Maharashtra,Other
2007-07-06,Wheat,1,Beed,FAQ,Majalgaon,1251,951,1161,Maharashtra,Other
2007-07-06,Wheat,1,Thane,FAQ,Ulhasnagar,1800,1600,1750,Maharashtra,Kalyan
2007-07-06,Wheat,1,Nashik,FAQ,Manmad,1201,1097,1160,Maharashtra,Other
2007-07-06,Wheat,1,Ahmednagar,FAQ,Shevgaon,1070,950,1050,Maharashtra,Maharashtra 2189
2007-07-06,Wheat,1,Dhule,FAQ,Dondaicha,1068,801,1065,Maharashtra,Other
2007-07-06,Wheat,1,Buldhana,FAQ,Khamgaon,1100,1050,1075,Maharashtra,Other
2007-07-06,Wheat,1,Nashik,FAQ,Yeola,1072,986,1026,Maharashtra,Maharashtra 2189
2007-07-06,Wheat,1,Nashik,FAQ,Satana,1130,1075,1103,Maharashtra,Maharashtra 2189
2007-07-07,Wheat,1,Pune,FAQ,Pune,2150,1100,1625,Maharashtra,Other
2007-07-07,Wheat,1,Sholapur,FAQ,Barshi(Vairag),900,900,900,Maharashtra,Other
2007-07-07,Wheat,1,Bhandara,FAQ,Bhandara,965,930,950,Maharashtra,Maharashtra 2189
2007-07-07,Wheat,1,Jalana,FAQ,Ambad (Vadigodri),1170,1059,1087,Maharashtra,Other
2007-07-07,Wheat,1,Kolhapur,FAQ,Kolhapur(Laxmipuri),1750,1150,1450,Maharashtra,Other
2007-07-07,Wheat,1,Ahmednagar,FAQ,Shrirampur,1140,941,1050,Maharashtra,Other
2007-07-07,Wheat,1,Beed,FAQ,Kaij,1280,1087,1090,Maharashtra,Other
2007-07-07,Wheat,1,Bhandara,FAQ,Tumsar,1031,925,985,Maharashtra,Other
2007-07-07,Wheat,1,Nashik,FAQ,Malegaon,1132,1055,1070,Maharashtra,Maharashtra 2189
2007-07-07,Wheat,1,Hingoli,FAQ,Sengoan,950,900,925,Maharashtra,Other
2007-07-07,Wheat,1,Jalgaon,FAQ,Parola,1041,999,1000,Maharashtra,Other
2007-07-07,Wheat,1,Chattrapati Sambhajinagar,FAQ,Lasur Station,1225,1030,1100,Maharashtra,Maharashtra 2189
2007-07-07,Wheat,1,Buldhana,FAQ,Deoulgaon Raja,1150,950,1025,Maharashtra,Other
2007-07-08,Wheat,1,Pune,FAQ,Indapur(Bhigwan),1251,880,1150,Maharashtra,Maharashtra 2189
2007-07-08,Wheat,1,Nashik,FAQ,Sinner,1176,1027,1050,Maharashtra,Other
2007-07-08,Wheat,1,Thane,FAQ,Kalyan,1350,1250,1275,Maharashtra,Sharbati
2007-07-08,Wheat,1,Ahmednagar,FAQ,Newasa,1100,951,1050,Maharashtra,Other
2007-07-09,Wheat,1,Buldhana,FAQ,Motala,1051,1041,1050,Maharashtra,Other
2007-07-09,Wheat,1,Pune,FAQ,Pune,1950,1250,1600,Maharashtra,Other
2007-07-09,Wheat,1,Nashik,FAQ,Yeola,1040,951,978,Maharashtra,Maharashtra 2189
2007-07-09,Wheat,1,Sholapur,FAQ,Mangal Wedha,1500,1000,1200,Maharashtra,Other
2007-07-09,Wheat,1,Beed,FAQ,Parali Vaijyanath,1140,1140,1140,Maharashtra,Other
2007-07-09,Wheat,1,Buldhana,FAQ,Malkapur,1100,991,1020,Maharashtra,Other
2007-07-09,Wheat,1,Ahmednagar,FAQ,Sangamner,1260,1025,1142,Maharashtra,Other
2007-07-09,Wheat,1,Thane,FAQ,Ulhasnagar,1800,1600,1750,Maharashtra,Kalyan
2007-07-09,Wheat,1,Nashik,FAQ,Satana,1128,1040,1080,Maharashtra,Other
2007-07-09,Wheat,1,Nashik,FAQ,Malegaon,1211,1083,1141,Maharashtra,Maharashtra 2189
2007-07-09,Wheat,1,Parbhani,FAQ,Parbhani,1100,1060,1060,Maharashtra,Maharashtra 2189
2007-07-09,Wheat,1,Buldhana,FAQ,Nandura,1088,925,1025,Maharashtra,Other
2007-07-09,Wheat,1,Buldhana,FAQ,Chikali,1040,1000,1020,Maharashtra,Other
2007-07-09,Wheat,1,Hingoli,FAQ,Sengoan,950,900,930,Maharashtra,Other
2007-07-10,Wheat,1,Ahmednagar,FAQ,Kopargaon,1160,1080,1140,Maharashtra,Other
2007-07-10,Wheat,1,Beed,FAQ,Ambejaogai,1200,825,1110,Maharashtra,Other
2007-07-10,Wheat,1,Nashik,FAQ,Satana,1185,1080,1153,Maharashtra,Maharashtra 2189
2007-07-10,Wheat,1,Vashim,FAQ,Mangrulpeer,1110,1070,1100,Maharashtra,Other
2007-07-10,Wheat,1,Akola,FAQ,Akola,1140,1030,1095,Maharashtra,Other
2007-07-10,Wheat,1,Jalana,FAQ,Jalana,1400,1400,1400,Maharashtra,Other
2007-07-10,Wheat,1,Nashik,FAQ,Malegaon,1176,1074,1103,Maharashtra,Maharashtra 2189
2007-07-10,Wheat,1,Latur,FAQ,Latur,1350,1050,1250,Maharashtra,Maharashtra 2189
2007-07-10,Wheat,1,Parbhani,FAQ,Selu,1225,1000,1076,Maharashtra,Other
2007-07-11,Wheat,1,Chattrapati Sambhajinagar,FAQ,Lasur Station,1172,1080,1100,Maharashtra,Maharashtra 2189
2007-07-11,Wheat,1,Thane,FAQ,Ulhasnagar,1600,1200,1400,Maharashtra,Other
2007-07-11,Wheat,1,Beed,FAQ,Kada,1151,1025,1145,Maharashtra,Maharashtra 2189
2007-07-11,Wheat,1,Sholapur,FAQ,Pandharpur,1115,1115,1115,Maharashtra,Other
2007-07-11,Wheat,1,Ahmednagar,FAQ,Shrirampur,1178,901,1040,Maharashtra,Other
2007-07-11,Wheat,1,Thane,FAQ,Ulhasnagar,1800,1600,1750,Maharashtra,Kalyan
2007-07-11,Wheat,1,Jalana,FAQ,Jalana,1140,1050,1100,Maharashtra,Other
2007-07-11,Wheat,1,Buldhana,FAQ,Deoulgaon Raja,1175,1051,1100,Maharashtra,Other
2007-07-11,Wheat,1,Jalgaon,FAQ,Chalisgaon,1250,1050,1150,Maharashtra,Maharashtra 2189
2007-07-12,Wheat,1,Chattrapati Sambhajinagar,FAQ,Paithan,1172,1001,1090,Maharashtra,Bansi
2007-07-12,Wheat,1,Bhandara,FAQ,Tumsar,1100,1080,1090,Maharashtra,Other
2007-07-12,Wheat,1,Amarawati,FAQ,Dhamngaon-Railway,1078,1031,1050,Maharashtra,Other
2007-07-12,Wheat,1,Sholapur,FAQ,Pandharpur,1242,1000,1242,Maharashtra,Other
2007-07-12,Wheat,1,Akola,FAQ,Telhara,1100,1050,1070,Maharashtra,Other
2007-07-12,Wheat,1,Jalana,FAQ,Ghansawangi,1200,1025,1100,Maharashtra,Maharashtra 2189
2007-07-12,Wheat,1,Sholapur,FAQ,Barshi(Vairag),1375,1375,1375,Maharashtra,Other
2007-07-12,Wheat,1,Nashik,FAQ,Satana,1131,1080,1112,Maharashtra,Maharashtra 2189
2007-07-12,Wheat,1,Latur,FAQ,Latur,1350,1100,1250,Maharashtra,Maharashtra 2189
2007-07-12,Wheat,1,Buldhana,FAQ,Sangrampur(Varvatbakal),1070,1005,1025,Maharashtra,Other
2007-07-13,Wheat,1,Jalgaon,FAQ,Chalisgaon,1250,1160,1175,Maharashtra,Maharashtra 2189
2007-07-13,Wheat,1,Beed,FAQ,Gevrai,1201,1100,1150,Maharashtra,Other
2007-07-13,Wheat,1,Ahmednagar,FAQ,Rahuri(Vambori),1225,1054,1139,Maharashtra,Other
2007-07-13,Wheat,1,Jalana,FAQ,Ambad (Vadigodri),1500,1500,1500,Maharashtra,Other
2007-07-13,Wheat,1,Latur,FAQ,Latur,1350,1150,1250,Maharashtra,Maharashtra 2189
2007-07-13,Wheat,1,Akola,FAQ,Telhara,1100,1040,1050,Maharashtra,Other
2007-07-13,Wheat,1,Akola,FAQ,Akola,1150,900,1050,Maharashtra,Other
2007-07-13,Wheat,1,Chattrapati Sambhajinagar,FAQ,Chattrapati Sambhajinagar,1151,1071,1110,Maharashtra,Other
2007-07-14,Wheat,1,Jalgaon,FAQ,Jalgaon,1100,1100,1100,Maharashtra,147 Average
2007-07-14,Wheat,1,Ahmednagar,FAQ,Rahuri,1250,925,1100,Maharashtra,Other
2007-07-14,Wheat,1,Sholapur,FAQ,Solapur,1460,1200,1290,Maharashtra,Sharbati
2007-07-14,Wheat,1,Chattrapati Sambhajinagar,FAQ,Chattrapati Sambhajinagar,1155,1090,1121,Maharashtra,Other
2007-07-14,Wheat,1,Bhandara,FAQ,Bhandara,1020,1020,1020,Maharashtra,Other
2007-07-14,Wheat,1,Amarawati,FAQ,Dhamngaon-Railway,1063,1015,1040,Maharashtra,Other
2007-07-14,Wheat,1,Ahmednagar,FAQ,Pathardi,1100,1000,1050,Maharashtra,Other
2007-07-15,Wheat,1,Buldhana,FAQ,Buldhana(Dhad),1200,1050,1170,Maharashtra,Other
2007-07-15,Wheat,1,Ahmednagar,FAQ,Newasa,1185,1000,1100,Maharashtra,Other
2007-07-15,Wheat,1,Pune,FAQ,Dound,1200,1051,1100,Maharashtra,Maharashtra 2189
2007-07-15,Wheat,1,Chattrapati Sambhajinagar,FAQ,Paithan,1201,1000,1143,Maharashtra,Bansi
2007-07-16,Wheat,1,Buldhana,FAQ,Nandura,1115,925,1045,Maharashtra,Other
2007-07-16,Wheat,1,Ahmednagar,FAQ,Sangamner,1235,1020,1127,Maharashtra,Other
2007-07-16,Wheat,1,Nashik,FAQ,Satana,1147,1061,1090,Maharashtra,Other
2007-07-16,Wheat,1,Chattrapati Sambhajinagar,FAQ,Chattrapati Sambhajinagar,1200,1100,1150,Maharashtra,Other
2007-07-16,Wheat,1,Latur,FAQ,Ahmedpur,1111,850,1050,Maharashtra,Other
2007-07-16,Wheat,1,Bhandara,FAQ,Tumsar,1100,1071,1085,Maharashtra,Other
2007-07-16,Wheat,1,Buldhana,FAQ,Mehekar,1150,1070,1120,Maharashtra,Other
2007-07-16,Wheat,1,Thane,FAQ,Ulhasnagar,1600,1200,1400,Maharashtra,Other
2007-07-16,Wheat,1,Amarawati,FAQ,Achalpur,1100,950,1025,Maharashtra,Other
2007-07-16,Wheat,1,Jalgaon,FAQ,Jalgaon,1200,1100,1140,Maharashtra,147 Average
2007-07-16,Wheat,1,Pune,FAQ,Pune,2000,1200,1600,Maharashtra,Other
2007-07-16,Wheat,1,Sholapur,FAQ,Pandharpur,1261,1200,1230,Maharashtra,Other
2007-07-16,Wheat,1,Jalana,FAQ,Ambad (Vadigodri),1366,1366,1366,Maharashtra,Other
2007-07-17,Wheat,1,Nashik,FAQ,Malegaon,1200,1090,1100,Maharashtra,Maharashtra 2189
2007-07-17,Wheat,1,Dharashiv(Usmanabad),FAQ,Kalamb (Dharashiv),1201,1110,1165,Maharashtra,Maharashtra 2189
2007-07-17,Wheat,1,Buldhana,FAQ,Chikali,1120,1000,1060,Maharashtra,Other
2007-07-17,Wheat,1,Kolhapur,FAQ,Kolhapur(Laxmipuri),1800,1250,1450,Maharashtra,Other
2007-07-17,Wheat,1,Beed,FAQ,Ambejaogai,1231,1060,1130,Maharashtra,Other
2007-07-17,Wheat,1,Beed,FAQ,Parali Vaijyanath,1300,1100,1260,Maharashtra,Other
2007-07-17,Wheat,1,Akola,FAQ,Akot,1085,1000,1064,Maharashtra,Other
2007-07-17,Wheat,1,Pune,FAQ,Nira,1200,1000,1100,Maharashtra,Other
2007-07-17,Wheat,1,Nashik,FAQ,Satana,1151,1099,1121,Maharashtra,Maharashtra 2189
2007-07-18,Wheat,1,Buldhana,FAQ,Mehekar,1170,1080,1120,Maharashtra,Other
2007-07-18,Wheat,1,Jalana,FAQ,Partur,1171,1060,1111,Maharashtra,Maharashtra 2189
2007-07-18,Wheat,1,Beed,FAQ,Majalgaon,1325,1051,1250,Maharashtra,Other
2007-07-18,Wheat,1,Nashik,FAQ,Sinner,1196,1100,1150,Maharashtra,Other
2007-07-18,Wheat,1,Dharashiv(Usmanabad),FAQ,Kalamb (Dharashiv),1225,1101,1150,Maharashtra,Maharashtra 2189
2007-07-18,Wheat,1,Ahmednagar,FAQ,Shrirampur,1150,950,1050,Maharashtra,Other
2007-07-18,Wheat,1,Akola,FAQ,Akola,1150,975,1060,Maharashtra,Other
2007-07-18,Wheat,1,Buldhana,FAQ,Malkapur,1120,1058,1100,Maharashtra,Other
2007-07-19,Wheat,1,Pune,FAQ,Dound,1301,1060,1130,Maharashtra,Maharashtra 2189
2007-07-19,Wheat,1,Nashik,FAQ,Yeola,1051,1050,1050,Maharashtra,Maharashtra 2189
2007-07-19,Wheat,1,Sholapur,FAQ,Pandharpur,1151,1000,1151,Maharashtra,Other
2007-07-19,Wheat,1,Vashim,FAQ,Karanja,1131,1051,1075,Maharashtra,Other
2007-07-19,Wheat,1,Dhule,FAQ,Dondaicha,1100,800,1080,Maharashtra,Other
2007-07-19,Wheat,1,Pune,FAQ,Nira,1205,1060,1132,Maharashtra,Other
2007-07-19,Wheat,1,Ahmednagar,FAQ,Rahuri(Vambori),1175,1065,1125,Maharashtra,Other
2007-07-20,Wheat,1,Buldhana,FAQ,Deoulgaon Raja,1225,925,1125,Maharashtra,Other
2007-07-20,Wheat,1,Jalana,FAQ,Jalna(Badnapur),1100,1100,1100,Maharashtra,Other
2007-07-20,Wheat,1,Jalana,FAQ,Partur,1250,1076,1130,Maharashtra,Maharashtra 2189
2007-07-20,Wheat,1,Ahmednagar,FAQ,Shrirampur,1201,975,1088,Maharashtra,Other
2007-07-20,Wheat,1,Ahmednagar,FAQ,Pathardi,1200,1000,1100,Maharashtra,Other
2007-07-20,Wheat,1,Kolhapur,FAQ,Kolhapur(Laxmipuri),1900,1200,1400,Maharashtra,Other
2007-07-20,Wheat,1,Buldhana,FAQ,Khamgaon,1100,1012,1056,Maharashtra,Other
2007-07-20,Wheat,1,Thane,FAQ,Ulhasnagar,1800,1600,1750,Maharashtra,Kalyan
2007-07-20,Wheat,1,Dhule,FAQ,Shirpur,1098,1005,1040,Maharashtra,Other
2007-07-20,Wheat,1,Chattrapati Sambhajinagar,FAQ,Lasur Station,1200,1025,1100,Maharashtra,Maharashtra 2189
2007-07-20,Wheat,1,Amarawati,FAQ,Achalpur,1100,950,1025,Maharashtra,Other
2007-07-20,Wheat,1,Nashik,FAQ,Yeola,1125,1041,1062,Maharashtra,Maharashtra 2189
2007-07-20,Wheat,1,Chattrapati Sambhajinagar,FAQ,Gangapur,1140,1072,1100,Maharashtra,Other
2007-07-20,Wheat,1,Sholapur,FAQ,Pandharpur,1141,1085,1113,Maharashtra,Other
2007-07-21,Wheat,1,Beed,FAQ,Kille Dharur,1161,850,1115,Maharashtra,Other
2007-07-21,Wheat,1,Buldhana,FAQ,Khamgaon,1147,1025,1086,Maharashtra,Other
2007-07-21,Wheat,1,Amarawati,FAQ,Morshi,1050,800,911,Maharashtra,Other
2007-07-21,Wheat,1,Dharashiv(Usmanabad),FAQ,Kalamb (Dharashiv),1212,1051,1151,Maharashtra,Maharashtra 2189
2007-07-21,Wheat,1,Buldhana,FAQ,Mehekar,1100,950,1050,Maharashtra,Other
2007-07-21,Wheat,1,Buldhana,FAQ,Sangrampur(Varvatbakal),1060,976,1015,Maharashtra,Other
2007-07-21,Wheat,1,Kolhapur,FAQ,Kolhapur(Laxmipuri),1800,1200,1400,Maharashtra,Other
2007-07-23,Wheat,1,Jalgaon,FAQ,Jalgaon,1231,1125,1225,Maharashtra,147 Average
2007-07-23,Wheat,1,Chattrapati Sambhajinagar,FAQ,Gangapur,1112,1045,1090,Maharashtra,Other
2007-07-23,Wheat,1,Vashim,FAQ,Karanja,1110,1000,1024,Maharashtra,Other
2007-07-23,Wheat,1,Sholapur,FAQ,Solapur,1460,1120,1275,Maharashtra,Sharbati
2007-07-23,Wheat,1,Beed,FAQ,Gevrai,1211,1065,1140,Maharashtra,Other
2007-07-23,Wheat,1,Nashik,FAQ,Malegaon,1159,1093,1100,Maharashtra,Maharashtra 2189
2007-07-23,Wheat,1,Nashik,FAQ,Yeola,1114,1051,1111,Maharashtra,Maharashtra 2189
2007-07-23,Wheat,1,Pune,FAQ,Pune,2100,1250,1675,Maharashtra,Other
2007-07-23,Wheat,1,Kolhapur,FAQ,Kolhapur(Laxmipuri),1750,1150,1400,Maharashtra,Other
2007-07-23,Wheat,1,Buldhana,FAQ,Nandura,1075,941,1020,Maharashtra,Other
2007-07-23,Wheat,1,Parbhani,FAQ,Gangakhed,1275,1200,1260,Maharashtra,Other
2007-07-23,Wheat,1,Beed,FAQ,Kille Dharur,1200,826,1124,Maharashtra,Other
2007-07-24,Wheat,1,Jalana,FAQ,Ambad (Vadigodri),1225,1100,1116,Maharashtra,Other
2007-07-24,Wheat,1,Thane,FAQ,Ulhasnagar,1600,1200,1400,Maharashtra,Other
2007-07-24,Wheat,1,Pune,FAQ,Pune,2500,1200,1850,Maharashtra,Other
2007-07-24,Wheat,1,Nashik,FAQ,Malegaon,1147,1060,1071,Maharashtra,Other
2007-07-24,Wheat,1,Ahmednagar,FAQ,Shrirampur,1171,925,1048,Maharashtra,Other
2007-07-24,Wheat,1,Jalana,FAQ,Jalana,1500,1500,1500,Maharashtra,Other
2007-07-24,Wheat,1,Chattrapati Sambhajinagar,FAQ,Paithan,1129,1058,1105,Maharashtra,Bansi
2007-07-24,Wheat,1,Kolhapur,FAQ,Kolhapur(Laxmipuri),1900,1200,1400,Maharashtra,Other
2007-07-24,Wheat,1,Nashik,FAQ,Satana,1188,1096,1119,Maharashtra,Maharashtra 2189
2007-07-24,Wheat,1,Sholapur,FAQ,Barshi,1175,1125,1125,Maharashtra,Other
2007-07-24,Wheat,1,Sholapur,FAQ,Akluj,1220,1025,1191,Maharashtra,Maharashtra 2189
2007-07-25,Wheat,1,Buldhana,FAQ,Nandura,1091,925,1025,Maharashtra,Other
2007-07-25,Wheat,1,Jalgaon,FAQ,Chalisgaon,1200,1040,1150,Maharashtra,Maharashtra 2189
2007-07-25,Wheat,1,Sholapur,FAQ,Solapur,1450,1100,1260,Maharashtra,Sharbati
2007-07-25,Wheat,1,Chattrapati Sambhajinagar,FAQ,Gangapur,1120,1050,1100,Maharashtra,Other
2007-07-25,Wheat,1,Bhandara,FAQ,Tumsar,1060,950,1000,Maharashtra,Other
2007-07-25,Wheat,1,Ahmednagar,FAQ,Newasa,1111,1000,1050,Maharashtra,Other
2007-07-25,Wheat,1,Vashim,FAQ,Karanja,1073,1040,1052,Maharashtra,Other
2007-07-25,Wheat,1,Beed,FAQ,Ambejaogai,1196,850,1108,Maharashtra,Other
2007-07-25,Wheat,1,Nashik,FAQ,Sinner,1189,1093,1125,Maharashtra,Other
2007-07-26,Wheat,1,Chattrapati Sambhajinagar,FAQ,Sillod,1100,1000,1050,Maharashtra,Other
2007-07-26,Wheat,1,Sholapur,FAQ,Solapur,1460,1110,1270,Maharashtra,Sharbati
2007-07-26,Wheat,1,Amarawati,FAQ,Achalpur,1100,900,1100,Maharashtra,Other
2007-07-27,Wheat,1,Beed,FAQ,Parali Vaijyanath,1221,900,1100,Maharashtra,Other
2007-07-27,Wheat,1,Nashik,FAQ,Satana,1186,1074,1141,Maharashtra,Maharashtra 2189
2007-07-27,Wheat,1,Amarawati,FAQ,Varud(Rajura Bazar),1010,1000,1005,Maharashtra,Other
2007-07-27,Wheat,1,Ahmednagar,FAQ,Kopargaon,1160,1090,1135,Maharashtra,Other
2007-07-27,Wheat,1,Bhandara,FAQ,Bhandara,1100,980,1000,Maharashtra,Other
2007-07-27,Wheat,1,Jalgaon,FAQ,Chalisgaon,1150,1040,1070,Maharashtra,Maharashtra 2189
2007-07-27,Wheat,1,Buldhana,FAQ,Buldhana(Dhad),1200,1100,1150,Maharashtra,Other
2007-07-27,Wheat,1,Latur,FAQ,Ahmedpur,1201,850,1025,Maharashtra,Other
2007-07-27,Wheat,1,Thane,FAQ,Ulhasnagar,1800,1600,1750,Maharashtra,Kalyan
2007-07-27,Wheat,1,Nashik,FAQ,Satana,1120,1052,1085,Maharashtra,Other
2007-07-27,Wheat,1,Beed,FAQ,Beed,1253,1070,1200,Maharashtra,Other
2007-07-27,Wheat,1,Jalana,FAQ,Jalna(Badnapur),1180,950,1060,Maharashtra,Other
2007-07-27,Wheat,1,Beed,FAQ,Gevrai,1241,1058,1150,Maharashtra,Other
2007-07-27,Wheat,1,Jalgaon,FAQ,Jalgaon,1100,1100,1100,Maharashtra,147 Average
2007-07-27,Wheat,1,Dhule,FAQ,Shirpur,1079,975,1030,Maharashtra,Other
2007-07-28,Wheat,1,Buldhana,FAQ,Khamgaon,1080,1040,1060,Maharashtra,Other
2007-07-28,Wheat,1,Ahmednagar,FAQ,Pathardi,1150,1000,1050,Maharashtra,Other
2007-07-28,Wheat,1,Buldhana,FAQ,Deoulgaon Raja,1200,1000,1100,Maharashtra,Other
2007-07-28,Wheat,1,Amarawati,FAQ,Morshi,1050,800,895,Maharashtra,Other
2007-07-28,Wheat,1,Bhandara,FAQ,Bhandara,1080,950,1050,Maharashtra,Other
2007-07-28,Wheat,1,Jalana,FAQ,Bhokardan,1100,950,1050,Maharashtra,Maharashtra 2189
2007-07-28,Wheat,1,Pune,FAQ,Pune,2000,1225,1612,Maharashtra,Other
2007-07-28,Wheat,1,Ahmednagar,FAQ,Shrirampur,1175,951,1050,Maharashtra,Other
2007-07-29,Wheat,1,Jalgaon,FAQ,Parola,1050,975,1040,Maharashtra,Other
2007-07-29,Wheat,1,Ahmednagar,FAQ,Newasa,1111,1000,1081,Maharashtra,Other
2007-07-30,Wheat,1,Pune,FAQ,Dound,1201,1011,1100,Maharashtra,Maharashtra 2189
2007-07-30,Wheat,1,Sholapur,FAQ,Mangal Wedha,1925,1201,1350,Maharashtra,Other
2007-07-30,Wheat,1,Ahmednagar,FAQ,Shrirampur,1175,950,1063,Maharashtra,Other
2007-07-30,Wheat,1,Beed,FAQ,Ambejaogai,1250,850,1116,Maharashtra,Other
2007-07-30,Wheat,1,Thane,FAQ,Ulhasnagar,1600,1200,1400,Maharashtra,Other
2007-07-30,Wheat,1,Parbhani,FAQ,Purna,1129,1040,1095,Maharashtra,Maharashtra 2189
2007-07-30,Wheat,1,Thane,FAQ,Kalyan,1400,1300,1350,Maharashtra,Sharbati
2007-07-30,Wheat,1,Vashim,FAQ,Karanja,1091,1040,1060,Maharashtra,Other
2007-07-30,Wheat,1,Sholapur,FAQ,Barshi,1171,975,1111,Maharashtra,Other
2007-07-30,Wheat,1,Jalana,FAQ,Partur,1151,1041,1100,Maharashtra,Maharashtra 2189
2007-07-30,Wheat,1,Pune,FAQ,Pune,2200,1100,1650,Maharashtra,Other
2007-07-31,Wheat,1,Vashim,FAQ,Mangrulpeer,1105,1031,1100,Maharashtra,Other
2007-07-31,Wheat,1,Sholapur,FAQ,Solapur,1470,1120,1320,Maharashtra,Sharbati
2007-07-31,Wheat,1,Thane,FAQ,Ulhasnagar,1800,1600,1750,Maharashtra,Kalyan
2007-07-31,Wheat,1,Amarawati,FAQ,Anajngaon,1060,975,1011,Maharashtra,Other
2007-07-31,Wheat,1,Jalgaon,FAQ,Jalgaon,1175,1075,1100,Maharashtra,147 Average
2007-07-31,Wheat,1,Parbhani,FAQ,Gangakhed,1290,1200,1280,Maharashtra,Other
2007-07-31,Wheat,1,Jalana,FAQ,Jalna(Badnapur),1100,1060,1060,Maharashtra,Other
2007-07-31,Wheat,1,Chattrapati Sambhajinagar,FAQ,Gangapur,1105,1044,1090,Maharashtra,Other
2007-07-31,Wheat,1,Beed,FAQ,Ambejaogai,1181,1020,1105,Maharashtra,Other
2007-07-31,Wheat,1,Hingoli,FAQ,Sengoan,1100,950,1000,Maharashtra,Other
2007-08-01,Wheat,1,Nashik,FAQ,Sinner,1172,1066,1125,Maharashtra,Other
2007-08-01,Wheat,1,Buldhana,FAQ,Malkapur,1112,1028,1044,Maharashtra,Other
2007-08-01,Wheat,1,Buldhana,FAQ,Khamgaon,1065,1021,1043,Maharashtra,Other
2007-08-01,Wheat,1,Vashim,FAQ,Washim,1125,1050,1100,Maharashtra,Maharashtra 2189
2007-08-01,Wheat,1,Sholapur,FAQ,Solapur,1475,1120,1275,Maharashtra,Sharbati
2007-08-01,Wheat,1,Ahmednagar,FAQ,Shrirampur,1151,975,1063,Maharashtra,Other
2007-08-01,Wheat,1,Jalgaon,FAQ,Jalgaon,1121,1035,1080,Maharashtra,147 Average
2007-08-01,Wheat,1,Bhandara,FAQ,Tumsar,1070,970,1000,Maharashtra,Other
2007-08-01,Wheat,1,Jalgaon,FAQ,Chopada,1046,1027,1040,Maharashtra,Other
2007-08-01,Wheat,1,Jalana,FAQ,Jalana,1151,1000,1095,Maharashtra,Other
2007-08-01,Wheat,1,Sholapur,FAQ,Pandharpur,1190,900,1190,Maharashtra,Other
2007-08-02,Wheat,1,Buldhana,FAQ,Shegaon,1111,1020,1100,Maharashtra,Other
2007-08-02,Wheat,1,Beed,FAQ,Majalgaon,1275,1001,1200,Maharashtra,Other
2007-08-02,Wheat,1,Jalgaon,FAQ,Chalisgaon,1150,1030,1075,Maharashtra,Maharashtra 2189
2007-08-02,Wheat,1,Chattrapati Sambhajinagar,FAQ,Paithan,1150,1000,1100,Maharashtra,Bansi
2007-08-02,Wheat,1,Buldhana,FAQ,Chikali,1060,1000,1030,Maharashtra,Other
2007-08-02,Wheat,1,Sholapur,FAQ,Mangal Wedha,1924,1150,1300,Maharashtra,Other
2007-08-02,Wheat,1,Vashim,FAQ,Washim,1125,1050,1100,Maharashtra,Maharashtra 2189
2007-08-02,Wheat,1,Dhule,FAQ,Dondaicha(Sindhkheda),1040,1000,1030,Maharashtra,Other
2007-08-03,Wheat,1,Jalgaon,FAQ,Jalgaon,1200,1071,1100,Maharashtra,147 Average
2007-08-03,Wheat,1,Dharashiv(Usmanabad),FAQ,Kalamb (Dharashiv),1181,1080,1100,Maharashtra,Maharashtra 2189
2007-08-03,Wheat,1,Ahmednagar,FAQ,Rahuri(Vambori),1130,1085,1100,Maharashtra,Other
2007-08-03,Wheat,1,Buldhana,FAQ,Shegaon,1140,1031,1100,Maharashtra,Other
2007-08-03,Wheat,1,Ahmednagar,FAQ,Kopargaon,1135,1080,1100,Maharashtra,Other
2007-08-03,Wheat,1,Nashik,FAQ,Satana,1103,1056,1060,Maharashtra,Other
2007-08-03,Wheat,1,Thane,FAQ,Kalyan,1375,1275,1325,Maharashtra,Sharbati
2007-08-03,Wheat,1,Beed,FAQ,Gevrai,1185,1070,1100,Maharashtra,Other
2007-08-03,Wheat,1,Jalana,FAQ,Bhokardan,1050,900,1000,Maharashtra,Maharashtra 2189
2007-08-03,Wheat,1,Chattrapati Sambhajinagar,FAQ,Chattrapati Sambhajinagar,1125,1091,1110,Maharashtra,Other
2007-08-04,Wheat,1,Chattrapati Sambhajinagar,FAQ,Paithan,1121,1031,1100,Maharashtra,Bansi
2007-08-04,Wheat,1,Amarawati,FAQ,Dhamngaon-Railway,1043,1018,1028,Maharashtra,Other
2007-08-04,Wheat,1,Amarawati,FAQ,Anajngaon,1050,990,1000,Maharashtra,Other
2007-08-04,Wheat,1,Sholapur,FAQ,Barshi,1151,1050,1150,Maharashtra,Other
2007-08-04,Wheat,1,Chattrapati Sambhajinagar,FAQ,Gangapur,1110,1055,1090,Maharashtra,Other
2007-08-04,Wheat,1,Beed,FAQ,Beed,1272,1050,1170,Maharashtra,Other
2007-08-04,Wheat,1,Parbhani,FAQ,Gangakhed,1300,1200,1270,Maharashtra,Other
2007-08-04,Wheat,1,Sholapur,FAQ,Solapur,1470,1110,1260,Maharashtra,Sharbati
2007-08-04,Wheat,1,Dharashiv(Usmanabad),FAQ,Kalamb (Dharashiv),1200,1060,1100,Maharashtra,Maharashtra 2189
2007-08-04,Wheat,1,Ahmednagar,FAQ,Shevgaon,1111,1040,1100,Maharashtra,Maharashtra 2189
2007-08-04,Wheat,1,Beed,FAQ,Kille Dharur,1144,1075,1127,Maharashtra,Other
2007-08-05,Wheat,1,Bhandara,FAQ,Tumsar,921,921,921,Maharashtra,Other
2007-08-05,Wheat,1,Hingoli,FAQ,Kalamnuri,1060,1037,1040,Maharashtra,Other
2007-08-06,Wheat,1,Dhule,FAQ,Shirpur,1056,930,1011,Maharashtra,Other
2007-08-06,Wheat,1,Akola,FAQ,Murtizapur,1026,951,1001,Maharashtra,Other
2007-08-06,Wheat,1,Beed,FAQ,Parali Vaijyanath,1222,1041,1101,Maharashtra,Other
2007-08-06,Wheat,1,Chattrapati Sambhajinagar,FAQ,Gangapur,1100,1060,1080,Maharashtra,Other
2007-08-06,Wheat,1,Jalgaon,FAQ,Jalgaon,1212,1000,1200,Maharashtra,147 Average
2007-08-06,Wheat,1,Amarawati,FAQ,Achalpur,1100,1010,1050,Maharashtra,Other
2007-08-06,Wheat,1,Bhandara,FAQ,Tumsar,977,931,955,Maharashtra,Other
2007-08-06,Wheat,1,Buldhana,FAQ,Nandura,1105,935,1049,Maharashtra,Other
2007-08-06,Wheat,1,Jalana,FAQ,Ambad (Vadigodri),1050,1010,1035,Maharashtra,Other
2007-08-06,Wheat,1,Nashik,FAQ,Satana,1100,1059,1088,Maharashtra,Maharashtra 2189
2007-08-07,Wheat,1,Nashik,FAQ,Manmad,1085,1070,1075,Maharashtra,Other
2007-08-07,Wheat,1,Sholapur,FAQ,Akluj,1190,1051,1170,Maharashtra,Maharashtra 2189
2007-08-07,Wheat,1,Chattrapati Sambhajinagar,FAQ,Paithan,1285,1000,1150,Maharashtra,Bansi
2007-08-07,Wheat,1,Hingoli,FAQ,Hingoli,1079,973,1026,Maharashtra,Other
2007-08-07,Wheat,1,Jalana,FAQ,Jalana,1140,1045,1080,Maharashtra,Other
2007-08-07,Wheat,1,Buldhana,FAQ,Chikali,1075,1005,1040,Maharashtra,Other
2007-08-07,Wheat,1,Pune,FAQ,Nira,1300,1022,1160,Maharashtra,Other
2007-08-07,Wheat,1,Nashik,FAQ,Satana,1161,1068,1090,Maharashtra,Maharashtra 2189
2007-08-07,Wheat,1,Beed,FAQ,Ambejaogai,1236,756,1075,Maharashtra,Other
2007-08-07,Wheat,1,Amarawati,FAQ,Amarawati,1150,950,1050,Maharashtra,Other
2007-08-07,Wheat,1,Dhule,FAQ,Dondaicha,1052,725,1040,Maharashtra,Other
2007-08-07,Wheat,1,Pune,FAQ,Bhor,740,640,700,Maharashtra,Other
2007-08-08,Wheat,1,Vashim,FAQ,Karanja,1072,1000,1035,Maharashtra,Other
2007-08-08,Wheat,1,Ahmednagar,FAQ,Shrirampur,1171,921,1046,Maharashtra,Other
2007-08-08,Wheat,1,Beed,FAQ,Majalgaon,1280,901,1241,Maharashtra,Other
2007-08-08,Wheat,1,Dhule,FAQ,Dhule,1116,1011,1045,Maharashtra,Other
2007-08-08,Wheat,1,Beed,FAQ,Gevrai,1225,1030,1090,Maharashtra,Other
2007-08-08,Wheat,1,Buldhana,FAQ,Shegaon,1050,980,1000,Maharashtra,Other
2007-08-08,Wheat,1,Pune,FAQ,Pune,2100,1200,1650,Maharashtra,Other
2007-08-08,Wheat,1,Jalgaon,FAQ,Chalisgaon,1100,1030,1060,Maharashtra,Maharashtra 2189
2007-08-08,Wheat,1,Buldhana,FAQ,Khamgaon,1075,1030,1052,Maharashtra,Other
2007-08-08,Wheat,1,Amarawati,FAQ,Amarawati,1100,905,1000,Maharashtra,147 Average
2007-08-09,Wheat,1,Jalana,FAQ,Ghansawangi,1300,1000,1050,Maharashtra,Maharashtra 2189
2007-08-09,Wheat,1,Parbhani,FAQ,Gangakhed,1275,1200,1270,Maharashtra,Other
2007-08-09,Wheat,1,Buldhana,FAQ,Sangrampur(Varvatbakal),1000,965,980,Maharashtra,Other
2007-08-09,Wheat,1,Akola,FAQ,Akola,1111,980,1055,Maharashtra,Kalyan
2007-08-09,Wheat,1,Dhule,FAQ,Shirpur,1044,994,1021,Maharashtra,Other
2007-08-09,Wheat,1,Akola,FAQ,Telhara,1050,1015,1030,Maharashtra,Other
2007-08-09,Wheat,1,Chattrapati Sambhajinagar,FAQ,Gangapur,1111,1053,1080,Maharashtra,Other
2007-08-09,Wheat,1,Nashik,FAQ,Satana,1071,1060,1062,Maharashtra,Maharashtra 2189
2007-08-09,Wheat,1,Jalana,FAQ,Ambad (Vadigodri),1142,1050,1077,Maharashtra,Other
2007-08-09,Wheat,1,Jalana,FAQ,Jalana,1145,1025,1090,Maharashtra,Other
2007-08-09,Wheat,1,Pune,FAQ,Dound,1225,1050,1130,Maharashtra,Maharashtra 2189
2007-08-09,Wheat,1,Dhule,FAQ,Dhule,1119,975,1040,Maharashtra,Other
2007-08-09,Wheat,1,Parbhani,FAQ,Pathari,1131,1011,1101,Maharashtra,Other
2007-08-10,Wheat,1,Amarawati,FAQ,Chandur Railway,1031,911,971,Maharashtra,Other
2007-08-10,Wheat,1,Sholapur,FAQ,Solapur,1470,1100,1270,Maharashtra,Sharbati
2007-08-10,Wheat,1,Buldhana,FAQ,Khamgaon,1116,990,1053,Maharashtra,Other
2007-08-10,Wheat,1,Jalgaon,FAQ,Parola,1035,1000,1015,Maharashtra,Other
2007-08-10,Wheat,1,Ahmednagar,FAQ,Shevgaon,1075,1000,1032,Maharashtra,Maharashtra 2189
2007-08-10,Wheat,1,Parbhani,FAQ,Selu,1200,980,1200,Maharashtra,Other
2007-08-10,Wheat,1,Amarawati,FAQ,Dhamngaon-Railway,1044,981,1010,Maharashtra,Other
2007-08-10,Wheat,1,Akola,FAQ,Akola,1075,925,1025,Maharashtra,Kalyan
2007-08-10,Wheat,1,Chattrapati Sambhajinagar,FAQ,Chattrapati Sambhajinagar,1115,1050,1100,Maharashtra,Other
2007-08-11,Wheat,1,Amarawati,FAQ,Morshi,1100,800,953,Maharashtra,Other
2007-08-11,Wheat,1,Beed,FAQ,Majalgaon,1341,931,1281,Maharashtra,Other
2007-08-11,Wheat,1,Jalana,FAQ,Partur,1161,1050,1075,Maharashtra,Maharashtra 2189
2007-08-11,Wheat,1,Chattrapati Sambhajinagar,FAQ,Paithan,1100,1031,1070,Maharashtra,Bansi
2007-08-11,Wheat,1,Beed,FAQ,Gevrai,1201,1060,1085,Maharashtra,Other
2007-08-11,Wheat,1,Parbhani,FAQ,Pathari,1151,1021,1091,Maharashtra,Other
2007-08-11,Wheat,1,Buldhana,FAQ,Sangrampur(Varvatbakal),1051,925,970,Maharashtra,Other
2007-08-11,Wheat,1,Chattrapati Sambhajinagar,FAQ,Chattrapati Sambhajinagar,1125,1050,1100,Maharashtra,Other
2007-08-11,Wheat,1,Buldhana,FAQ,Mehekar,1050,990,1030,Maharashtra,Other
2007-08-11,Wheat,1,Sholapur,FAQ,Barshi(Vairag),925,925,925,Maharashtra,Other
2007-08-13,Wheat,1,Buldhana,FAQ,Sangrampur(Varvatbakal),1031,970,995,Maharashtra,Other
2007-08-13,Wheat,1,Akola,FAQ,Akola,1075,1000,1025,Maharashtra,Other
2007-08-13,Wheat,1,Beed,FAQ,Majalgaon,1300,1000,1219,Maharashtra,Other
2007-08-13,Wheat,1,Sholapur,FAQ,Barshi,1200,900,1100,Maharashtra,Other
2007-08-13,Wheat,1,Ahmednagar,FAQ,Shrirampur,1135,900,1018,Maharashtra,Other
2007-08-13,Wheat,1,Nashik,FAQ,Satana,1080,1043,1061,Maharashtra,Other
2007-08-13,Wheat,1,Bhandara,FAQ,Tumsar,1080,970,1030,Maharashtra,Other
2007-08-13,Wheat,1,Amarawati,FAQ,Amarawati,1151,951,1050,Maharashtra,Other
2007-08-13,Wheat,1,Hingoli,FAQ,Jawala-Bajar,1100,1080,1090,Maharashtra,Other
2007-08-13,Wheat,1,Vashim,FAQ,Mangrulpeer,1095,1000,1050,Maharashtra,Other
2007-08-13,Wheat,1,Beed,FAQ,Kille Dharur,1150,910,1076,Maharashtra,Other
2007-08-13,Wheat,1,Jalgaon,FAQ,Chopada,1072,927,1016,Maharashtra,Other
2007-08-13,Wheat,1,Sholapur,FAQ,Solapur,1470,1100,1270,Maharashtra,Sharbati
2007-08-13,Wheat,1,Buldhana,FAQ,Deoulgaon Raja,1150,925,1075,Maharashtra,Other
2007-08-13,Wheat,1,Nashik,FAQ,Yeola,1081,1020,1035,Maharashtra,Maharashtra 2189
2007-08-13,Wheat,1,Parbhani,FAQ,Purna,1107,1081,1102,Maharashtra,Maharashtra 2189
2007-08-14,Wheat,1,Latur,FAQ,Latur,1300,1100,1200,Maharashtra,Maharashtra 2189
2007-08-14,Wheat,1,Pune,FAQ,Nira,1180,1101,1140,Maharashtra,Other
2007-08-14,Wheat,1,Jalgaon,FAQ,Parola,1041,900,1015,Maharashtra,Other
2007-08-14,Wheat,1,Ahmednagar,FAQ,Rahuri(Vambori),1111,1060,1085,Maharashtra,Other
2007-08-14,Wheat,1,Amarawati,FAQ,Amarawati,1125,950,1025,Maharashtra,Other
2007-08-14,Wheat,1,Parbhani,FAQ,Gangakhed,1240,1210,1230,Maharashtra,Other
2007-08-14,Wheat,1,Amarawati,FAQ,Chandur Railway,1031,950,991,Maharashtra,Other
2007-08-14,Wheat,1,Chattrapati Sambhajinagar,FAQ,Chattrapati Sambhajinagar,1111,1060,1080,Maharashtra,Other
2007-08-14,Wheat,1,Vashim,FAQ,Mangrulpeer,1100,1050,1085,Maharashtra,Other
2007-08-14,Wheat,1,Nashik,FAQ,Satana,1100,1054,1070,Maharashtra,Other
2007-08-14,Wheat,1,Nashik,FAQ,Satana,1163,1061,1081,Maharashtra,Maharashtra 2189
2007-08-14,Wheat,1,Jalgaon,FAQ,Chalisgaon,1100,1020,1060,Maharashtra,Maharashtra 2189
2007-08-14,Wheat,1,Hingoli,FAQ,Kalamnuri,1100,1020,1050,Maharashtra,Maharashtra 2189
2007-08-14,Wheat,1,Dhule,FAQ,Dondaicha(Sindhkheda),1046,991,1020,Maharashtra,Other
2007-08-14,Wheat,1,Buldhana,FAQ,Shegaon,1100,975,1000,Maharashtra,Other
2007-08-16,Wheat,1,Sholapur,FAQ,Pandharpur,1245,1105,1105,Maharashtra,Other
2007-08-16,Wheat,1,Amarawati,FAQ,Chandur Railway,1026,950,988,Maharashtra,Other
2007-08-16,Wheat,1,Buldhana,FAQ,Nandura,1075,955,1035,Maharashtra,Other
2007-08-16,Wheat,1,Chattrapati Sambhajinagar,FAQ,Lasur Station,1126,1000,1075,Maharashtra,Maharashtra 2189
2007-08-16,Wheat,1,Jalgaon,FAQ,Dharangaon,1059,1021,1053,Maharashtra,Other
2007-08-16,Wheat,1,Nashik,FAQ,Yeola,1078,1000,1040,Maharashtra,Maharashtra 2189
2007-08-16,Wheat,1,Jalgaon,FAQ,Bhusaval,1100,950,1055,Maharashtra,Other
2007-08-16,Wheat,1,Akola,FAQ,Akola,1125,980,1080,Maharashtra,Other
2007-08-16,Wheat,1,Beed,FAQ,Parali Vaijyanath,1100,1009,1063,Maharashtra,Other
2007-08-16,Wheat,1,Parbhani,FAQ,Pathari,1151,1001,1031,Maharashtra,Other
2007-08-16,Wheat,1,Buldhana,FAQ,Chikali,1080,950,1010,Maharashtra,Other
2007-08-16,Wheat,1,Dhule,FAQ,Dhule,1142,1025,1090,Maharashtra,Other
2007-08-16,Wheat,1,Ahmednagar,FAQ,Shrirampur,1170,925,1048,Maharashtra,Other
2007-08-16,Wheat,1,Bhandara,FAQ,Tumsar,1120,1050,1090,Maharashtra,Other
2007-08-17,Wheat,1,Thane,FAQ,Ulhasnagar,1800,1400,1600,Maharashtra,Other
2007-08-17,Wheat,1,Pune,FAQ,Dound,1165,1011,1090,Maharashtra,Maharashtra 2189
2007-08-17,Wheat,1,Amarawati,FAQ,Dhamngaon-Railway,1037,999,1015,Maharashtra,Other
2007-08-17,Wheat,1,Chattrapati Sambhajinagar,FAQ,Paithan,1125,1050,1100,Maharashtra,Bansi
2007-08-17,Wheat,1,Latur,FAQ,Latur,1275,1100,1200,Maharashtra,Maharashtra 2189
2007-08-17,Wheat,1,Buldhana,FAQ,Khamgaon,1070,1000,1035,Maharashtra,Other
2007-08-17,Wheat,1,Jalgaon,FAQ,Chalisgaon,1100,1020,1050,Maharashtra,Maharashtra 2189
2007-08-17,Wheat,1,Nashik,FAQ,Satana,1163,1061,1081,Maharashtra,Maharashtra 2189
2007-08-17,Wheat,1,Nashik,FAQ,Satana,1100,1054,1070,Maharashtra,Other
2007-08-17,Wheat,1,Bhandara,FAQ,Bhandara,1070,1040,1055,Maharashtra,Other
2007-08-17,Wheat,1,Chattrapati Sambhajinagar,FAQ,Lasur Station,1112,1040,1075,Maharashtra,Maharashtra 2189
2007-08-17,Wheat,1,Vashim,FAQ,Mangrulpeer,1075,1000,1050,Maharashtra,Other
2007-08-17,Wheat,1,Ahmednagar,FAQ,Shrirampur,1170,925,1048,Maharashtra,Other
2007-08-17,Wheat,1,Beed,FAQ,Kille Dharur,1226,900,1075,Maharashtra,Other
2007-08-18,Wheat,1,Sholapur,FAQ,Solapur,1470,1110,1260,Maharashtra,Sharbati
2007-08-18,Wheat,1,Ahmednagar,FAQ,Pathardi,1100,1000,1050,Maharashtra,Other
2007-08-18,Wheat,1,Akola,FAQ,Akola,1125,950,1045,Maharashtra,Other
2007-08-18,Wheat,1,Beed,FAQ,Parali Vaijyanath,1121,845,1000,Maharashtra,Other
2007-08-19,Wheat,1,Ahmednagar,FAQ,Newasa,1111,925,1000,Maharashtra,Other
2007-08-19,Wheat,1,Hingoli,FAQ,Kalamnuri,1050,1020,1030,Maharashtra,Maharashtra 2189
2007-08-20,Wheat,1,Jalana,FAQ,Jalana,1100,1060,1075,Maharashtra,Other
2007-08-20,Wheat,1,Dhule,FAQ,Dondaicha,1067,711,1045,Maharashtra,Other
2007-08-20,Wheat,1,Beed,FAQ,Parali Vaijyanath,1110,945,1000,Maharashtra,Other
2007-08-20,Wheat,1,Nashik,FAQ,Satana,1120,1062,1090,Maharashtra,Maharashtra 2189
2007-08-20,Wheat,1,Dhule,FAQ,Dhule,1142,1031,1100,Maharashtra,Other
2007-08-21,Wheat,1,Beed,FAQ,Gevrai,1202,1072,1100,Maharashtra,Other
2007-08-21,Wheat,1,Buldhana,FAQ,Mehekar,1100,980,1050,Maharashtra,Other
2007-08-21,Wheat,1,Amarawati,FAQ,Achalpur,1050,1000,1025,Maharashtra,Other
2007-08-21,Wheat,1,Pune,FAQ,Baramati,1151,1050,1090,Maharashtra,Maharashtra 2189
2007-08-21,Wheat,1,Jalgaon,FAQ,Chopada,1022,900,1016,Maharashtra,Other
2007-08-21,Wheat,1,Nashik,FAQ,Satana,1110,1051,1080,Maharashtra,Maharashtra 2189
2007-08-21,Wheat,1,Amarawati,FAQ,Dhamngaon-Railway,1047,949,1000,Maharashtra,Other
2007-08-21,Wheat,1,Sholapur,FAQ,Barshi(Vairag),1400,1350,1400,Maharashtra,Other
2007-08-21,Wheat,1,Sholapur,FAQ,Akluj,1170,851,1140,Maharashtra,Maharashtra 2189
2007-08-21,Wheat,1,Dharashiv(Usmanabad),FAQ,Kalamb (Dharashiv),1251,1045,1176,Maharashtra,Other
2007-08-22,Wheat,1,Ahmednagar,FAQ,Kopargaon,1100,1050,1075,Maharashtra,Other
2007-08-22,Wheat,1,Nashik,FAQ,Satana,1152,1081,1100,Maharashtra,Maharashtra 2189
2007-08-22,Wheat,1,Thane,FAQ,Bhivandi,1400,900,1250,Maharashtra,Other
2007-08-22,Wheat,1,Jalgaon,FAQ,Chalisgaon,1200,1030,1080,Maharashtra,Maharashtra 2189
2007-08-22,Wheat,1,Hingoli,FAQ,Kalamnuri,1043,1025,1030,Maharashtra,Maharashtra 2189
2007-08-22,Wheat,1,Beed,FAQ,Parali Vaijyanath,1150,1000,1100,Maharashtra,Other
2007-08-23,Wheat,1,Nashik,FAQ,Satana,1088,1036,1065,Maharashtra,Other
2007-08-23,Wheat,1,Akola,FAQ,Akot,1100,1010,1077,Maharashtra,Other
2007-08-23,Wheat,1,Pune,FAQ,Baramati,1166,1050,1100,Maharashtra,Maharashtra 2189
2007-08-23,Wheat,1,Parbhani,FAQ,Selu,1125,1025,1025,Maharashtra,Other
2007-08-23,Wheat,1,Bhandara,FAQ,Bhandara,1150,980,1005,Maharashtra,Other
2007-08-23,Wheat,1,Amarawati,FAQ,Amarawati,1100,950,1025,Maharashtra,147 Average
2007-08-23,Wheat,1,Jalgaon,FAQ,Jalgaon,1081,957,1065,Maharashtra,147 Average
2007-08-23,Wheat,1,Pune,FAQ,Pune,1800,1100,1450,Maharashtra,Other
2007-08-23,Wheat,1,Chattrapati Sambhajinagar,FAQ,Lasur Station,1125,1025,1090,Maharashtra,Maharashtra 2189
2007-08-23,Wheat,1,Chattrapati Sambhajinagar,FAQ,Chattrapati Sambhajinagar,1130,1050,1100,Maharashtra,Other
2007-08-23,Wheat,1,Sholapur,FAQ,Akluj,1081,511,1051,Maharashtra,Maharashtra 2189
2007-08-23,Wheat,1,Vashim,FAQ,Karanja,1078,1025,1050,Maharashtra,Other
2007-08-23,Wheat,1,Jalana,FAQ,Partur,1081,1080,1081,Maharashtra,Maharashtra 2189
2007-08-24,Wheat,1,Ahmednagar,FAQ,Kopargaon,1141,1055,1080,Maharashtra,Other
2007-08-24,Wheat,1,Amarawati,FAQ,Dhamngaon-Railway,1071,911,1050,Maharashtra,Other
2007-08-24,Wheat,1,Beed,FAQ,Gevrai,1156,1065,1150,Maharashtra,Other
2007-08-24,Wheat,1,Dhule,FAQ,Dondaicha(Sindhkheda),975,972,973,Maharashtra,Other
2007-08-24,Wheat,1,Ahmednagar,FAQ,Rahuri,1050,975,1025,Maharashtra,Other
2007-08-24,Wheat,1,Jalana,FAQ,Bhokardan,1000,900,950,Maharashtra,Maharashtra 2189
2007-08-24,Wheat,1,Buldhana,FAQ,Jalgaon Jamod(Aasalgaon),1050,950,1000,Maharashtra,Other
2007-08-24,Wheat,1,Amarawati,FAQ,Amarawati,1100,950,1025,Maharashtra,Other
2007-08-24,Wheat,1,Dhule,FAQ,Dondaicha,1063,721,1054,Maharashtra,Other
2007-08-24,Wheat,1,Akola,FAQ,Murtizapur,1031,950,1001,Maharashtra,Other
2007-08-24,Wheat,1,Sholapur,FAQ,Barshi(Vairag),1325,1190,1325,Maharashtra,Other
2007-08-25,Wheat,1,Parbhani,FAQ,Pathari,1151,1025,1111,Maharashtra,Other
2007-08-25,Wheat,1,Parbhani,FAQ,Jintur,1067,1019,1040,Maharashtra,Other
2007-08-25,Wheat,1,Buldhana,FAQ,Khamgaon,1100,1000,1050,Maharashtra,Other
2007-08-25,Wheat,1,Amarawati,FAQ,Anajngaon,1025,925,975,Maharashtra,Other
2007-08-26,Wheat,1,Jalgaon,FAQ,Parola,1032,931,990,Maharashtra,Other
2007-08-27,Wheat,1,Hingoli,FAQ,Sengoan,1000,900,950,Maharashtra,Other
2007-08-27,Wheat,1,Amarawati,FAQ,Achalpur,1050,900,975,Maharashtra,Other
2007-08-27,Wheat,1,Jalgaon,FAQ,Chopada,1012,990,1011,Maharashtra,Other
2007-08-27,Wheat,1,Dhule,FAQ,Dondaicha,1059,700,1050,Maharashtra,Other
2007-08-27,Wheat,1,Jalgaon,FAQ,Chalisgaon,1200,1040,1100,Maharashtra,Maharashtra 2189
2007-08-28,Wheat,1,Beed,FAQ,Parali Vaijyanath,657,592,608,Maharashtra,Other
2007-08-28,Wheat,1,Amarawati,FAQ,Chandur Railway,1000,992,996,Maharashtra,Other
2007-08-28,Wheat,1,Pune,FAQ,Dound,1201,1055,1080,Maharashtra,Maharashtra 2189
2007-08-29,Wheat,1,Parbhani,FAQ,Pathari,1177,1051,1078,Maharashtra,Other
2007-08-29,Wheat,1,Thane,FAQ,Ulhasnagar,1800,1400,1600,Maharashtra,Other
2007-08-29,Wheat,1,Nashik,FAQ,Satana,1050,950,1025,Maharashtra,Other
2007-08-29,Wheat,1,Thane,FAQ,Ulhasnagar,2000,1600,1800,Maharashtra,Kalyan
2007-08-29,Wheat,1,Chattrapati Sambhajinagar,FAQ,Sillod,1000,1000,1000,Maharashtra,Other
2007-08-29,Wheat,1,Nashik,FAQ,Yeola,1150,975,1057,Maharashtra,Maharashtra 2189
2007-08-29,Wheat,1,Sholapur,FAQ,Barshi,1301,1051,1141,Maharashtra,Other
2007-08-29,Wheat,1,Jalgaon,FAQ,Chalisgaon,1200,1040,1100,Maharashtra,Maharashtra 2189
2007-08-29,Wheat,1,Beed,FAQ,Parali Vaijyanath,1122,1112,1117,Maharashtra,Other
2007-08-30,Wheat,1,Bhandara,FAQ,Tumsar,1045,925,980,Maharashtra,Other
2007-08-30,Wheat,1,Nashik,FAQ,Yeola,1151,1030,1055,Maharashtra,Maharashtra 2189
2007-08-30,Wheat,1,Jalana,FAQ,Jalna(Badnapur),1100,1000,1070,Maharashtra,Other
2007-08-30,Wheat,1,Ahmednagar,FAQ,Pathardi,1100,1000,1050,Maharashtra,Other
2007-08-30,Wheat,1,Akola,FAQ,Murtizapur,1021,950,975,Maharashtra,Other
2007-08-30,Wheat,1,Vashim,FAQ,Karanja,1064,1031,1046,Maharashtra,Other
2007-08-31,Wheat,1,Pune,FAQ,Dound,1150,971,1070,Maharashtra,Maharashtra 2189
2007-08-31,Wheat,1,Sholapur,FAQ,Solapur,1480,1110,1270,Maharashtra,Sharbati
2007-08-31,Wheat,1,Amarawati,FAQ,Amarawati,1100,990,1045,Maharashtra,Other
2007-08-31,Wheat,1,Amarawati,FAQ,Achalpur,1030,900,965,Maharashtra,Other
2007-08-31,Wheat,1,Chattrapati Sambhajinagar,FAQ,Chattrapati Sambhajinagar,1141,1041,1100,Maharashtra,Other
2007-08-31,Wheat,1,Nashik,FAQ,Satana,1076,971,1041,Maharashtra,Other
2007-08-31,Wheat,1,Latur,FAQ,Latur,1300,1100,1200,Maharashtra,Maharashtra 2189
2007-08-31,Wheat,1,Jalgaon,FAQ,Chopada,1026,1000,1026,Maharashtra,Other
2007-08-31,Wheat,1,Jalgaon,FAQ,Chalisgaon,1200,1025,1100,Maharashtra,Maharashtra 2189
2007-08-31,Wheat,1,Parbhani,FAQ,Selu,1200,1200,1200,Maharashtra,Other
2007-08-31,Wheat,1,Amarawati,FAQ,Chandur Railway,1022,1000,1011,Maharashtra,Other
2007-09-01,Wheat,1,Akola,FAQ,Telhara,1025,1010,1015,Maharashtra,Other
2007-09-01,Wheat,1,Dharashiv(Usmanabad),FAQ,Kalamb (Dharashiv),1251,950,1000,Maharashtra,Maharashtra 2189
2007-09-01,Wheat,1,Buldhana,FAQ,Khamgaon,1100,980,1040,Maharashtra,Other
2007-09-01,Wheat,1,Ahmednagar,FAQ,Kopargaon,1152,1050,1090,Maharashtra,Other
2007-09-01,Wheat,1,Dhule,FAQ,Dondaicha(Sindhkheda),960,947,950,Maharashtra,Other
2007-09-01,Wheat,1,Chattrapati Sambhajinagar,FAQ,Chattrapati Sambhajinagar,1145,1031,1081,Maharashtra,Other
2007-09-01,Wheat,1,Chattrapati Sambhajinagar,FAQ,Paithan,1080,975,1066,Maharashtra,Bansi
2007-09-01,Wheat,1,Jalana,FAQ,Partur,1100,1050,1071,Maharashtra,Maharashtra 2189
2007-09-02,Wheat,1,Ahmednagar,FAQ,Newasa,1151,950,1100,Maharashtra,Other
2007-09-02,Wheat,1,Dhule,FAQ,Dondaicha,1075,661,1025,Maharashtra,Other
2007-09-02,Wheat,1,Amarawati,FAQ,Achalpur,1030,900,965,Maharashtra,Other
2007-09-02,Wheat,1,Jalana,FAQ,Bhokardan,1000,900,950,Maharashtra,147 Average
2007-09-03,Wheat,1,Akola,FAQ,Akola,1100,1050,1080,Maharashtra,Other
2007-09-03,Wheat,1,Beed,FAQ,Parali Vaijyanath,1090,1000,1050,Maharashtra,Other
2007-09-03,Wheat,1,Nashik,FAQ,Yeola,1029,1011,1029,Maharashtra,Maharashtra 2189
2007-09-03,Wheat,1,Bhandara,FAQ,Bhandara,1000,1000,1000,Maharashtra,Other
2007-09-03,Wheat,1,Buldhana,FAQ,Deoulgaon Raja,1125,850,1000,Maharashtra,Other
2007-09-03,Wheat,1,Dhule,FAQ,Dondaicha(Sindhkheda),1000,946,975,Maharashtra,Other
2007-09-04,Wheat,1,Buldhana,FAQ,Deoulgaon Raja,1100,950,1025,Maharashtra,Other
2007-09-04,Wheat,1,Jalana,FAQ,Bhokardan(Pimpalgaon Renu),1000,900,950,Maharashtra,Maharashtra 2189
2007-09-04,Wheat,1,Chattrapati Sambhajinagar,FAQ,Gangapur,1095,1050,1088,Maharashtra,Other
2007-09-04,Wheat,1,Akola,FAQ,Akola,1125,1000,1065,Maharashtra,Other
2007-09-04,Wheat,1,Amarawati,FAQ,Chandur Railway,951,951,951,Maharashtra,Other
2007-09-04,Wheat,1,Vashim,FAQ,Karanja,1101,1050,1080,Maharashtra,Other
2007-09-04,Wheat,1,Dhule,FAQ,Shirpur,1017,986,1010,Maharashtra,Other
2007-09-04,Wheat,1,Nashik,FAQ,Satana,1080,1046,1060,Maharashtra,Maharashtra 2189
2007-09-04,Wheat,1,Amarawati,FAQ,Dhamngaon-Railway,1053,939,985,Maharashtra,Other
2007-09-04,Wheat,1,Thane,FAQ,Ulhasnagar,1800,1400,1600,Maharashtra,Other
2007-09-04,Wheat,1,Hingoli,FAQ,Kalamnuri,1035,1020,1035,Maharashtra,Maharashtra 2189
2007-09-04,Wheat,1,Buldhana,FAQ,Mehekar,1130,1000,1050,Maharashtra,Other
2007-09-05,Wheat,1,Ahmednagar,FAQ,Rahuri(Vambori),1116,1010,1090,Maharashtra,Other
2007-09-05,Wheat,1,Thane,FAQ,Bhivandi,1400,900,1250,Maharashtra,Other
2007-09-05,Wheat,1,Dhule,FAQ,Dhule,1140,940,1070,Maharashtra,Other
2007-09-05,Wheat,1,Buldhana,FAQ,Deoulgaon Raja,1150,950,1050,Maharashtra,Other
2007-09-05,Wheat,1,Jalana,FAQ,Partur,1067,976,1046,Maharashtra,Maharashtra 2189
2007-09-05,Wheat,1,Chattrapati Sambhajinagar,FAQ,Paithan,1066,1021,1046,Maharashtra,Bansi
2007-09-05,Wheat,1,Buldhana,FAQ,Mehekar,1130,1020,1060,Maharashtra,Other
2007-09-05,Wheat,1,Chattrapati Sambhajinagar,FAQ,Lasur Station,1100,1000,1060,Maharashtra,Maharashtra 2189
2007-09-06,Wheat,1,Parbhani,FAQ,Pathari,1185,1001,1075,Maharashtra,Other
2007-09-06,Wheat,1,Parbhani,FAQ,Gangakhed,1200,1150,1175,Maharashtra,Other
2007-09-06,Wheat,1,Nashik,FAQ,Satana,1082,985,1060,Maharashtra,Other
2007-09-06,Wheat,1,Nashik,FAQ,Nandgaon,900,800,850,Maharashtra,Other
2007-09-06,Wheat,1,Ahmednagar,FAQ,Pathardi,1100,1000,1050,Maharashtra,Other
2007-09-06,Wheat,1,Bhandara,FAQ,Bhandara,1040,1000,1000,Maharashtra,Other
2007-09-06,Wheat,1,Chattrapati Sambhajinagar,FAQ,Paithan,1094,1027,1085,Maharashtra,Bansi
2007-09-06,Wheat,1,Buldhana,FAQ,Khamgaon,1150,1025,1087,Maharashtra,Other
2007-09-06,Wheat,1,Thane,FAQ,Ulhasnagar,1800,1400,1600,Maharashtra,Other
2007-09-06,Wheat,1,Latur,FAQ,Ausa,1301,1001,1251,Maharashtra,Maharashtra 2189
2007-09-06,Wheat,1,Dhule,FAQ,Dondaicha,1067,600,1038,Maharashtra,Other
2007-09-06,Wheat,1,Dhule,FAQ,Dondaicha(Sindhkheda),1040,975,1020,Maharashtra,Other
2007-09-07,Wheat,1,Amarawati,FAQ,Dhamngaon-Railway,1044,1000,1022,Maharashtra,Other
2007-09-07,Wheat,1,Hingoli,FAQ,Kalamnuri,1042,1030,1042,Maharashtra,Maharashtra 2189
2007-09-07,Wheat,1,Sholapur,FAQ,Pandharpur,1050,950,1050,Maharashtra,Other
2007-09-07,Wheat,1,Jalana,FAQ,Jalana,1100,1060,1075,Maharashtra,Other
2007-09-07,Wheat,1,Sholapur,FAQ,Barshi,1301,1101,1225,Maharashtra,Other
2007-09-07,Wheat,1,Amarawati,FAQ,Achalpur,1050,950,1000,Maharashtra,Other
2007-09-07,Wheat,1,Buldhana,FAQ,Mehekar,1100,1012,1050,Maharashtra,Other
2007-09-07,Wheat,1,Parbhani,FAQ,Parbhani,1090,1090,1090,Maharashtra,Maharashtra 2189
2007-09-07,Wheat,1,Buldhana,FAQ,Khamgaon,1100,950,1025,Maharashtra,Other
2007-09-07,Wheat,1,Thane,FAQ,Ulhasnagar,1800,1400,1600,Maharashtra,Other
2007-09-08,Wheat,1,Ahmednagar,FAQ,Shevgaon,1075,1000,1025,Maharashtra,Maharashtra 2189
2007-09-08,Wheat,1,Sholapur,FAQ,Solapur,1475,1100,1260,Maharashtra,Sharbati
2007-09-08,Wheat,1,Buldhana,FAQ,Mehekar,1090,1015,1050,Maharashtra,Other
2007-09-08,Wheat,1,Buldhana,FAQ,Deoulgaon Raja,1100,600,1050,Maharashtra,Other
2007-09-08,Wheat,1,Amarawati,FAQ,Dhamngaon-Railway,1035,991,1010,Maharashtra,Other
2007-09-09,Wheat,1,Ahmednagar,FAQ,Shevgaon,1075,1000,1050,Maharashtra,Maharashtra 2189
2007-09-10,Wheat,1,Thane,FAQ,Ulhasnagar,2000,1600,1800,Maharashtra,Kalyan
2007-09-11,Wheat,1,Buldhana,FAQ,Mehekar,1050,950,1020,Maharashtra,Other
2007-09-11,Wheat,1,Dhule,FAQ,Dhule,1155,900,1085,Maharashtra,Other
2007-09-11,Wheat,1,Dhule,FAQ,Dondaicha,1081,700,1049,Maharashtra,Other
2007-09-11,Wheat,1,Thane,FAQ,Ulhasnagar,2000,1600,1800,Maharashtra,Kalyan
2007-09-11,Wheat,1,Ahmednagar,FAQ,Shevgaon,1090,1000,1070,Maharashtra,Maharashtra 2189
2007-09-11,Wheat,1,Jalana,FAQ,Bhokardan(Pimpalgaon Renu),1000,900,950,Maharashtra,147 Average
2007-09-11,Wheat,1,Buldhana,FAQ,Shegaon,1097,1040,1050,Maharashtra,Other
2007-09-11,Wheat,1,Pune,FAQ,Dound,1201,1050,1100,Maharashtra,Maharashtra 2189
2007-09-11,Wheat,1,Sholapur,FAQ,Barshi,1251,975,1000,Maharashtra,Other
2007-09-11,Wheat,1,Nashik,FAQ,Satana,1073,985,1050,Maharashtra,Other
2007-09-11,Wheat,1,Akola,FAQ,Telhara,1022,1000,1010,Maharashtra,Other
2007-09-12,Wheat,1,Latur,FAQ,Ausa,1251,1001,1201,Maharashtra,Maharashtra 2189
2007-09-12,Wheat,1,Nashik,FAQ,Satana,1079,930,1051,Maharashtra,Other
2007-09-12,Wheat,1,Dharashiv(Usmanabad),FAQ,Kalamb (Dharashiv),1191,1040,1100,Maharashtra,Maharashtra 2189
2007-09-12,Wheat,1,Buldhana,FAQ,Deoulgaon Raja,1125,850,1075,Maharashtra,Other
2007-09-12,Wheat,1,Beed,FAQ,Ambejaogai,1236,800,1101,Maharashtra,Other
2007-09-12,Wheat,1,Chattrapati Sambhajinagar,FAQ,Lasur Station,1144,1000,1100,Maharashtra,Maharashtra 2189
2007-09-12,Wheat,1,Bhandara,FAQ,Tumsar,1042,885,975,Maharashtra,Other
2007-09-12,Wheat,1,Nashik,FAQ,Satana,1119,1065,1075,Maharashtra,Maharashtra 2189
2007-09-12,Wheat,1,Nashik,FAQ,Sinner,1145,1040,1075,Maharashtra,Other
2007-09-12,Wheat,1,Dhule,FAQ,Dondaicha,1100,701,1047,Maharashtra,Other
2007-09-12,Wheat,1,Hingoli,FAQ,Sengoan,1050,900,1000,Maharashtra,Other
2007-09-12,Wheat,1,Ahmednagar,FAQ,Pathardi,1200,1000,1050,Maharashtra,Other
2007-09-13,Wheat,1,Thane,FAQ,Ulhasnagar,2000,1600,1800,Maharashtra,Kalyan
2007-09-13,Wheat,1,Bhandara,FAQ,Bhandara,1080,950,1010,Maharashtra,Other
2007-09-13,Wheat,1,Beed,FAQ,Ambejaogai,1205,775,1090,Maharashtra,Other
2007-09-13,Wheat,1,Jalgaon,FAQ,Bhusaval,1158,1011,1101,Maharashtra,Other
2007-09-13,Wheat,1,Jalana,FAQ,Jalana,1121,1035,1100,Maharashtra,Other
2007-09-13,Wheat,1,Akola,FAQ,Telhara,1025,990,1000,Maharashtra,Other
2007-09-13,Wheat,1,Nashik,FAQ,Satana,1141,1046,1062,Maharashtra,Maharashtra 2189
2007-09-14,Wheat,1,Chattrapati Sambhajinagar,FAQ,Chattrapati Sambhajinagar,1175,1050,1125,Maharashtra,Other
2007-09-14,Wheat,1,Parbhani,FAQ,Pathari,1201,1001,1081,Maharashtra,Other
2007-09-14,Wheat,1,Amarawati,FAQ,Dhamngaon-Railway,1027,770,900,Maharashtra,Other
2007-09-14,Wheat,1,Dhule,FAQ,Dondaicha(Sindhkheda),980,950,975,Maharashtra,Other
2007-09-14,Wheat,1,Dhule,FAQ,Dhule,1134,951,1050,Maharashtra,Other
2007-09-14,Wheat,1,Chattrapati Sambhajinagar,FAQ,Lasur Station,1149,1000,1100,Maharashtra,Maharashtra 2189
2007-09-14,Wheat,1,Parbhani,FAQ,Manwat,1190,1025,1110,Maharashtra,Other
2007-09-14,Wheat,1,Ahmednagar,FAQ,Kopargaon,1145,1050,1060,Maharashtra,Other
2007-09-14,Wheat,1,Pune,FAQ,Dound,1200,1060,1120,Maharashtra,Maharashtra 2189
2007-09-16,Wheat,1,Thane,FAQ,Kalyan,1450,1350,1400,Maharashtra,Sharbati
2007-09-16,Wheat,1,Buldhana,FAQ,Buldhana(Dhad),1100,950,1025,Maharashtra,Other
2007-09-17,Wheat,1,Pune,FAQ,Dound,1201,1025,1100,Maharashtra,Maharashtra 2189
2007-09-17,Wheat,1,Buldhana,FAQ,Sangrampur(Varvatbakal),1021,870,980,Maharashtra,Other
2007-09-17,Wheat,1,Kolhapur,FAQ,Kolhapur(Laxmipuri),2000,1300,1400,Maharashtra,Other
2007-09-17,Wheat,1,Jalgaon,FAQ,Amalner,1075,1040,1060,Maharashtra,Other
2007-09-18,Wheat,1,Jalana,FAQ,Jalana,1200,1050,1125,Maharashtra,Other
2007-09-18,Wheat,1,Amarawati,FAQ,Chandur Railway,1150,926,1038,Maharashtra,Other
2007-09-18,Wheat,1,Dhule,FAQ,Dondaicha,1105,700,1049,Maharashtra,Other
2007-09-18,Wheat,1,Amarawati,FAQ,Amarawati,1100,980,1040,Maharashtra,Other
2007-09-18,Wheat,1,Parbhani,FAQ,Manwat,1180,1050,1141,Maharashtra,Other
2007-09-18,Wheat,1,Ahmednagar,FAQ,Rahuri(Vambori),1086,1000,1043,Maharashtra,Other
2007-09-18,Wheat,1,Nashik,FAQ,Satana,1096,1020,1051,Maharashtra,Other
2007-09-18,Wheat,1,Dharashiv(Usmanabad),FAQ,Kalamb (Dharashiv),1322,1012,1190,Maharashtra,Maharashtra 2189
2007-09-18,Wheat,1,Hingoli,FAQ,Sengoan,1050,900,1000,Maharashtra,Other
2007-09-18,Wheat,1,Hingoli,FAQ,Hingoli,1121,1000,1060,Maharashtra,Other
2007-09-19,Wheat,1,Jalgaon,FAQ,Chalisgaon,1140,975,1090,Maharashtra,Maharashtra 2189
2007-09-19,Wheat,1,Sholapur,FAQ,Kurdwadi,1175,1175,1175,Maharashtra,Other
2007-09-19,Wheat,1,Jalgaon,FAQ,Amalner,1051,1035,1043,Maharashtra,Other
2007-09-19,Wheat,1,Dhule,FAQ,Dhule,1091,900,1050,Maharashtra,Other
2007-09-19,Wheat,1,Ahmednagar,FAQ,Pathardi,1100,1000,1050,Maharashtra,Other
2007-09-20,Wheat,1,Pune,FAQ,Dound,1251,1000,1140,Maharashtra,Maharashtra 2189
2007-09-20,Wheat,1,Jalgaon,FAQ,Bhusaval,1168,861,1070,Maharashtra,Other
2007-09-20,Wheat,1,Jalgaon,FAQ,Amalner,1075,1035,1055,Maharashtra,Other
2007-09-20,Wheat,1,Chattrapati Sambhajinagar,FAQ,Lasur Station,1136,1025,1100,Maharashtra,Maharashtra 2189
2007-09-20,Wheat,1,Jalgaon,FAQ,Chalisgaon,1150,980,1100,Maharashtra,Maharashtra 2189
2007-09-20,Wheat,1,Sholapur,FAQ,Mangal Wedha,2801,1025,1100,Maharashtra,Other
2007-09-20,Wheat,1,Latur,FAQ,Ausa,1350,1021,1250,Maharashtra,Maharashtra 2189
2007-09-20,Wheat,1,Nashik,FAQ,Satana,1078,950,1052,Maharashtra,Other
2007-09-20,Wheat,1,Ahmednagar,FAQ,Shrirampur,1155,851,1003,Maharashtra,Other
2007-09-20,Wheat,1,Akola,FAQ,Telhara,1025,1000,1010,Maharashtra,Other
2007-09-20,Wheat,1,Buldhana,FAQ,Deoulgaon Raja,1150,1000,1050,Maharashtra,Other
2007-09-20,Wheat,1,Chattrapati Sambhajinagar,FAQ,Gangapur,1105,1000,1050,Maharashtra,Other
2007-09-20,Wheat,1,Buldhana,FAQ,Khamgaon,1100,1061,1080,Maharashtra,Other
2007-09-21,Wheat,1,Kolhapur,FAQ,Kolhapur(Laxmipuri),1800,1300,1450,Maharashtra,Other
2007-09-21,Wheat,1,Pune,FAQ,Dound,1211,911,1081,Maharashtra,Maharashtra 2189
2007-09-21,Wheat,1,Amarawati,FAQ,Dhamngaon-Railway,1031,993,1010,Maharashtra,Other
2007-09-21,Wheat,1,Beed,FAQ,Parali Vaijyanath,1130,1100,1111,Maharashtra,Other
2007-09-21,Wheat,1,Dhule,FAQ,Dondaicha,1069,700,1051,Maharashtra,Other
2007-09-21,Wheat,1,Parbhani,FAQ,Jintur,1075,1051,1071,Maharashtra,Maharashtra 2189
2007-09-21,Wheat,1,Amarawati,FAQ,Amarawati,1100,980,1060,Maharashtra,Other
2007-09-21,Wheat,1,Sholapur,FAQ,Solapur,1475,1120,1275,Maharashtra,Sharbati
2007-09-21,Wheat,1,Amarawati,FAQ,Amarawati,1150,950,1050,Maharashtra,147 Average
2007-09-21,Wheat,1,Chattrapati Sambhajinagar,FAQ,Paithan,1102,995,1085,Maharashtra,Bansi
2007-09-22,Wheat,1,Beed,FAQ,Gevrai,1199,1028,1180,Maharashtra,Other
2007-09-22,Wheat,1,Buldhana,FAQ,Khamgaon,1125,1025,1075,Maharashtra,Other
2007-09-22,Wheat,1,Chattrapati Sambhajinagar,FAQ,Lasur Station,1157,1002,1100,Maharashtra,Maharashtra 2189
2007-09-22,Wheat,1,Sholapur,FAQ,Solapur,1480,1125,1280,Maharashtra,Sharbati
2007-09-22,Wheat,1,Buldhana,FAQ,Sindkhed Raja,1031,1011,1021,Maharashtra,Other
2007-09-22,Wheat,1,Amarawati,FAQ,Dhamngaon-Railway,1030,991,1010,Maharashtra,Other
2007-09-22,Wheat,1,Parbhani,FAQ,Manwat,1151,1151,1151,Maharashtra,Other
2007-09-22,Wheat,1,Sholapur,FAQ,Pandharpur,1234,1100,1234,Maharashtra,Other
2007-09-22,Wheat,1,Amarawati,FAQ,Amarawati,1600,1400,1500,Maharashtra,147 Average
2007-09-22,Wheat,1,Akola,FAQ,Telhara,1051,1005,1010,Maharashtra,Other
2007-09-23,Wheat,1,Jalana,FAQ,Bhokardan,1050,900,1000,Maharashtra,Maharashtra 2189
2007-09-23,Wheat,1,Ahmednagar,FAQ,Newasa,1125,951,1075,Maharashtra,Other
2007-09-24,Wheat,1,Buldhana,FAQ,Khamgaon,1071,1000,1035,Maharashtra,Other
2007-09-24,Wheat,1,Amarawati,FAQ,Dhamngaon-Railway,1040,967,1000,Maharashtra,Other
2007-09-24,Wheat,1,Ahmednagar,FAQ,Sangamner,1140,1040,1075,Maharashtra,Other
2007-09-24,Wheat,1,Jalana,FAQ,Partur,1100,1002,1050,Maharashtra,Maharashtra 2189
2007-09-24,Wheat,1,Ahmednagar,FAQ,Shrirampur,1151,911,1031,Maharashtra,Other
2007-09-25,Wheat,1,Bhandara,FAQ,Bhandara,960,950,960,Maharashtra,Other
2007-09-26,Wheat,1,Amarawati,FAQ,Dhamngaon-Railway,1036,909,970,Maharashtra,Other
2007-09-26,Wheat,1,Nashik,FAQ,Sinner,1180,1048,1075,Maharashtra,Other
2007-09-26,Wheat,1,Nashik,FAQ,Satana,1079,980,1041,Maharashtra,Other
2007-09-26,Wheat,1,Chattrapati Sambhajinagar,FAQ,Lasur Station,1130,1000,1100,Maharashtra,Maharashtra 2189
2007-09-26,Wheat,1,Beed,FAQ,Parali Vaijyanath,1170,1012,1150,Maharashtra,Other
2007-09-26,Wheat,1,Jalana,FAQ,Jalana,1200,1050,1125,Maharashtra,Other
2007-09-26,Wheat,1,Nashik,FAQ,Yeola,1082,1000,1052,Maharashtra,Maharashtra 2189
2007-09-27,Wheat,1,Chattrapati Sambhajinagar,FAQ,Lasur Station,1171,1010,1100,Maharashtra,Maharashtra 2189
2007-09-27,Wheat,1,Ahmednagar,FAQ,Shrirampur,1150,800,975,Maharashtra,Other
2007-09-27,Wheat,1,Parbhani,FAQ,Manwat,1150,1000,1070,Maharashtra,Other
2007-09-27,Wheat,1,Beed,FAQ,Gevrai,1217,1050,1195,Maharashtra,Other
2007-09-27,Wheat,1,Buldhana,FAQ,Nandura,1111,958,1030,Maharashtra,Other
2007-09-27,Wheat,1,Bhandara,FAQ,Bhandara,1000,880,960,Maharashtra,Other
2007-09-28,Wheat,1,Dhule,FAQ,Shirpur,1054,975,1026,Maharashtra,Other
2007-09-28,Wheat,1,Bhandara,FAQ,Bhandara,970,750,960,Maharashtra,Other
2007-09-28,Wheat,1,Sholapur,FAQ,Barshi,1235,1140,1201,Maharashtra,Other
2007-09-29,Wheat,1,Chattrapati Sambhajinagar,FAQ,Gangapur,1145,1040,1100,Maharashtra,Other
2007-09-29,Wheat,1,Amarawati,FAQ,Morshi,1100,900,996,Maharashtra,Other
2007-09-29,Wheat,1,Amarawati,FAQ,Dhamngaon-Railway,1034,852,940,Maharashtra,Other
2007-09-29,Wheat,1,Nashik,FAQ,Yeola,1092,1000,1055,Maharashtra,Maharashtra 2189
2007-09-29,Wheat,1,Beed,FAQ,Gevrai,1190,1050,1100,Maharashtra,Other
2007-09-30,Wheat,1,Jalana,FAQ,Jalna(Badnapur),995,990,990,Maharashtra,Other
2007-10-01,Wheat,1,Dhule,FAQ,Dondaicha(Sindhkheda),1030,985,1000,Maharashtra,Other
2007-10-01,Wheat,1,Dhule,FAQ,Dondaicha,1106,711,1054,Maharashtra,Other
2007-10-01,Wheat,1,Chattrapati Sambhajinagar,FAQ,Gangapur,1127,1020,1100,Maharashtra,Other
2007-10-03,Wheat,1,Chattrapati Sambhajinagar,FAQ,Paithan,1111,1043,1100,Maharashtra,Bansi
2007-10-03,Wheat,1,Sholapur,FAQ,Solapur,1470,1110,1270,Maharashtra,Sharbati
2007-10-03,Wheat,1,Nashik,FAQ,Sinner,1159,1030,1070,Maharashtra,Other
2007-10-03,Wheat,1,Nashik,FAQ,Yeola,1062,1000,1051,Maharashtra,Maharashtra 2189
2007-10-04,Wheat,1,Amarawati,FAQ,Chandur Railway,1013,1013,1013,Maharashtra,Other
2007-10-04,Wheat,1,Parbhani,FAQ,Gangakhed,1050,1000,1025,Maharashtra,Other
2007-10-04,Wheat,1,Buldhana,FAQ,Nandura,1075,955,1025,Maharashtra,Other
2007-10-04,Wheat,1,Buldhana,FAQ,Deoulgaon Raja,1150,900,1050,Maharashtra,Other
2007-10-04,Wheat,1,Sholapur,FAQ,Pandharpur,1100,1100,1100,Maharashtra,Other
2007-10-04,Wheat,1,Sholapur,FAQ,Barshi,1351,1051,1150,Maharashtra,Other
2007-10-04,Wheat,1,Jalgaon,FAQ,Chopada,1036,975,1025,Maharashtra,Other
2007-10-04,Wheat,1,Ahmednagar,FAQ,Shrirampur,1110,950,1030,Maharashtra,Other
2007-10-04,Wheat,1,Chattrapati Sambhajinagar,FAQ,Sillod,1100,1000,1050,Maharashtra,Other
2007-10-04,Wheat,1,Sholapur,FAQ,Mangal Wedha,1900,1025,1250,Maharashtra,Other
2007-10-04,Wheat,1,Dhule,FAQ,Shirpur,1031,1000,1020,Maharashtra,Other
2007-10-05,Wheat,1,Latur,FAQ,Latur,1275,1200,1250,Maharashtra,Maharashtra 2189
2007-10-05,Wheat,1,Ahmednagar,FAQ,Shrirampur,1175,951,1063,Maharashtra,Other
2007-10-05,Wheat,1,Buldhana,FAQ,Deoulgaon Raja,1200,850,1050,Maharashtra,Other
2007-10-05,Wheat,1,Ahmednagar,FAQ,Rahata,1150,1000,1100,Maharashtra,Other
2007-10-05,Wheat,1,Buldhana,FAQ,Nandura,1075,935,1020,Maharashtra,Other
2007-10-05,Wheat,1,Nashik,FAQ,Satana,1075,1000,1041,Maharashtra,Other
2007-10-05,Wheat,1,Pune,FAQ,Dound,1180,961,1100,Maharashtra,Maharashtra 2189
2007-10-06,Wheat,1,Sholapur,FAQ,Solapur,1475,1120,1280,Maharashtra,Sharbati
2007-10-06,Wheat,1,Ahmednagar,FAQ,Pathardi,1100,1000,1050,Maharashtra,Other
2007-10-06,Wheat,1,Ahmednagar,FAQ,Rahata,1155,1005,1100,Maharashtra,Other
2007-10-06,Wheat,1,Chattrapati Sambhajinagar,FAQ,Gangapur,1135,1045,1100,Maharashtra,Other
2007-10-06,Wheat,1,Jalana,FAQ,Jalana,1100,1010,1060,Maharashtra,Other
2007-10-06,Wheat,1,Jalgaon,FAQ,Jalgaon,1231,1075,1141,Maharashtra,147 Average
2007-10-06,Wheat,1,Parbhani,FAQ,Jintur,1080,1080,1080,Maharashtra,Maharashtra 2189
2007-10-06,Wheat,1,Vashim,FAQ,Karanja,1075,998,1011,Maharashtra,Other
2007-10-07,Wheat,1,Chattrapati Sambhajinagar,FAQ,Paithan,1121,1029,1100,Maharashtra,Bansi
2007-10-07,Wheat,1,Thane,FAQ,Palghar,1200,1000,1100,Maharashtra,Other
2007-10-08,Wheat,1,Sholapur,FAQ,Kurdwadi,910,910,910,Maharashtra,Other
2007-10-08,Wheat,1,Dhule,FAQ,Shirpur,1051,995,1024,Maharashtra,Other
2007-10-08,Wheat,1,Parbhani,FAQ,Manwat,1176,1000,1121,Maharashtra,Other
2007-10-08,Wheat,1,Buldhana,FAQ,Sangrampur(Varvatbakal),1017,950,980,Maharashtra,Other
2007-10-09,Wheat,1,Bhandara,FAQ,Bhandara,955,955,955,Maharashtra,Other
2007-10-09,Wheat,1,Akola,FAQ,Akola,1125,1015,1085,Maharashtra,Other
2007-10-09,Wheat,1,Dhule,FAQ,Shirpur,1051,995,1024,Maharashtra,Other
2007-10-09,Wheat,1,Vashim,FAQ,Karanja,1050,900,975,Maharashtra,Other
2007-10-09,Wheat,1,Amarawati,FAQ,Achalpur,1050,950,1000,Maharashtra,Other
2007-10-09,Wheat,1,Hingoli,FAQ,Hingoli,1105,956,1050,Maharashtra,Other
2007-10-09,Wheat,1,Thane,FAQ,Kalyan,1450,1350,1400,Maharashtra,Sharbati
2007-10-10,Wheat,1,Sholapur,FAQ,Pandharpur,1240,1150,1228,Maharashtra,Other
2007-10-10,Wheat,1,Jalgaon,FAQ,Chalisgaon,1100,1025,1050,Maharashtra,Maharashtra 2189
2007-10-11,Wheat,1,Jalgaon,FAQ,Jalgaon(Masawat),1361,1040,1341,Maharashtra,147 Average
2007-10-11,Wheat,1,Nashik,FAQ,Satana,1087,1001,1061,Maharashtra,Kalyan
2007-10-11,Wheat,1,Sholapur,FAQ,Solapur,1480,1125,1280,Maharashtra,Sharbati
2007-10-11,Wheat,1,Chattrapati Sambhajinagar,FAQ,Chattrapati Sambhajinagar,1140,1045,1100,Maharashtra,Other
2007-10-11,Wheat,1,Ahmednagar,FAQ,Kopargaon,1171,1050,1130,Maharashtra,Other
2007-10-11,Wheat,1,Dhule,FAQ,Shirpur,1100,1011,1025,Maharashtra,Other
2007-10-11,Wheat,1,Vashim,FAQ,Karanja,1160,1000,1076,Maharashtra,Other
2007-10-12,Wheat,1,Ahmednagar,FAQ,Kopargaon,1170,1045,1090,Maharashtra,Other
2007-10-12,Wheat,1,Ahmednagar,FAQ,Rahuri(Vambori),1100,1000,1050,Maharashtra,Other
2007-10-12,Wheat,1,Beed,FAQ,Kille Dharur,1070,902,1011,Maharashtra,Other
2007-10-12,Wheat,1,Chattrapati Sambhajinagar,FAQ,Vaijpur,1100,1015,1080,Maharashtra,Other
2007-10-12,Wheat,1,Nashik,FAQ,Yeola,1112,1045,1075,Maharashtra,Maharashtra 2189
2007-10-12,Wheat,1,Akola,FAQ,Akola,1150,1011,1085,Maharashtra,Other
2007-10-13,Wheat,1,Jalgaon,FAQ,Chopada,1071,1025,1025,Maharashtra,Other
2007-10-13,Wheat,1,Chattrapati Sambhajinagar,FAQ,Gangapur,1158,1059,1100,Maharashtra,Other
2007-10-13,Wheat,1,Bhandara,FAQ,Tumsar,1122,850,1025,Maharashtra,Other
2007-10-13,Wheat,1,Akola,FAQ,Akola,1100,1000,1065,Maharashtra,Other
2007-10-13,Wheat,1,Chattrapati Sambhajinagar,FAQ,Paithan,1110,1000,1065,Maharashtra,Bansi
2007-10-13,Wheat,1,Parbhani,FAQ,Pathari,1216,1101,1131,Maharashtra,Other
2007-10-13,Wheat,1,Latur,FAQ,Latur,1275,1035,1150,Maharashtra,Maharashtra 2189
2007-10-13,Wheat,1,Sholapur,FAQ,Pandharpur,1200,1000,1175,Maharashtra,Other
2007-10-15,Wheat,1,Jalana,FAQ,Jalana,1111,1010,1100,Maharashtra,Other
2007-10-15,Wheat,1,Buldhana,FAQ,Deoulgaon Raja,1200,800,1025,Maharashtra,Other
2007-10-15,Wheat,1,Sholapur,FAQ,Pandharpur,1303,1202,1303,Maharashtra,Other
2007-10-15,Wheat,1,Dhule,FAQ,Dhule,1167,960,1131,Maharashtra,Other
2007-10-15,Wheat,1,Buldhana,FAQ,Sangrampur(Varvatbakal),1046,925,980,Maharashtra,Other
2007-10-15,Wheat,1,Jalgaon,FAQ,Chopada,1090,1079,1090,Maharashtra,Other
2007-10-15,Wheat,1,Nashik,FAQ,Malegaon,1191,1082,1111,Maharashtra,Maharashtra 2189
2007-10-15,Wheat,1,Chattrapati Sambhajinagar,FAQ,Chattrapati Sambhajinagar,1150,1060,1100,Maharashtra,Other
2007-10-16,Wheat,1,Jalana,FAQ,Jalana,1125,1020,1100,Maharashtra,Other
2007-10-16,Wheat,1,Nashik,FAQ,Satana,1153,1050,1101,Maharashtra,Other
2007-10-16,Wheat,1,Nashik,FAQ,Malegaon,1141,1094,1105,Maharashtra,Maharashtra 2189
2007-10-16,Wheat,1,Nashik,FAQ,Satana,1169,1085,1135,Maharashtra,Maharashtra 2189
2007-10-16,Wheat,1,Buldhana,FAQ,Deoulgaon Raja,1100,1000,1050,Maharashtra,Other
2007-10-16,Wheat,1,Amarawati,FAQ,Morshi,1011,800,963,Maharashtra,Other
2007-10-16,Wheat,1,Dhule,FAQ,Dondaicha,1120,1051,1090,Maharashtra,Other
2007-10-16,Wheat,1,Parbhani,FAQ,Manwat,1200,1050,1100,Maharashtra,Other
2007-10-16,Wheat,1,Ahmednagar,FAQ,Shrirampur,1200,951,1075,Maharashtra,Other
2007-10-16,Wheat,1,Sholapur,FAQ,Karmala,1351,1130,1225,Maharashtra,Other
2007-10-16,Wheat,1,Amarawati,FAQ,Anajngaon,1070,910,950,Maharashtra,Other
2007-10-17,Wheat,1,Buldhana,FAQ,Buldhana(Dhad),1075,900,1025,Maharashtra,Other
2007-10-17,Wheat,1,Amarawati,FAQ,Morshi,1000,880,947,Maharashtra,Other
2007-10-17,Wheat,1,Ahmednagar,FAQ,Shrirampur,1175,951,1063,Maharashtra,Other
2007-10-18,Wheat,1,Parbhani,FAQ,Jintur,1141,1141,1141,Maharashtra,Maharashtra 2189
2007-10-18,Wheat,1,Nashik,FAQ,Malegaon,1190,1085,1112,Maharashtra,Maharashtra 2189
2007-10-18,Wheat,1,Sholapur,FAQ,Pandharpur,1151,1150,1151,Maharashtra,Other
2007-10-18,Wheat,1,Buldhana,FAQ,Shegaon,1100,1100,1100,Maharashtra,Other
2007-10-18,Wheat,1,Nashik,FAQ,Nandgaon,1079,1034,1051,Maharashtra,Other
2007-10-18,Wheat,1,Latur,FAQ,Latur,1290,1050,1150,Maharashtra,Maharashtra 2189
2007-10-18,Wheat,1,Akola,FAQ,Akola,1250,1000,1125,Maharashtra,Other
2007-10-18,Wheat,1,Nashik,FAQ,Malegaon,1126,1000,1066,Maharashtra,Other
2007-10-19,Wheat,1,Jalgaon,FAQ,Chalisgaon,1200,1000,1150,Maharashtra,Maharashtra 2189
2007-10-19,Wheat,1,Sholapur,FAQ,Solapur,1550,1160,1370,Maharashtra,Sharbati
2007-10-19,Wheat,1,Nashik,FAQ,Satana,1156,1001,1085,Maharashtra,Other
2007-10-19,Wheat,1,Ahmednagar,FAQ,Rahata,1165,1025,1075,Maharashtra,Other
2007-10-19,Wheat,1,Dharashiv(Usmanabad),FAQ,Kalamb (Dharashiv),1215,1021,1101,Maharashtra,Maharashtra 2189
2007-10-19,Wheat,1,Beed,FAQ,Ambejaogai,1241,1040,1135,Maharashtra,Other
2007-10-19,Wheat,1,Jalana,FAQ,Jalana,1215,1020,1100,Maharashtra,Other
2007-10-19,Wheat,1,Hingoli,FAQ,Sengoan,1050,900,950,Maharashtra,Other
2007-10-19,Wheat,1,Buldhana,FAQ,Khamgaon,1125,950,1037,Maharashtra,Other
2007-10-20,Wheat,1,Akola,FAQ,Telhara,1050,1000,1020,Maharashtra,Other
2007-10-20,Wheat,1,Buldhana,FAQ,Khamgaon,1171,1000,1085,Maharashtra,Other
2007-10-20,Wheat,1,Sholapur,FAQ,Solapur,1560,1150,1375,Maharashtra,Sharbati
2007-10-20,Wheat,1,Buldhana,FAQ,Sangrampur(Varvatbakal),1066,950,985,Maharashtra,Other
2007-10-20,Wheat,1,Amarawati,FAQ,Anajngaon,1150,950,1001,Maharashtra,Other
2007-10-20,Wheat,1,Buldhana,FAQ,Nandura,1075,958,1020,Maharashtra,Other
2007-10-20,Wheat,1,Parbhani,FAQ,Pathari,1061,1061,1061,Maharashtra,Other
2007-10-21,Wheat,1,Jalana,FAQ,Bhokardan,1050,950,1000,Maharashtra,Maharashtra 2189
2007-10-21,Wheat,1,Ahmednagar,FAQ,Newasa,1252,951,1100,Maharashtra,Other
2007-10-21,Wheat,1,Beed,FAQ,Kada,1151,1071,1076,Maharashtra,Other
2007-10-21,Wheat,1,Beed,FAQ,Kille Dharur,1380,700,1066,Maharashtra,Other
2007-10-22,Wheat,1,Pune,FAQ,Indapur,1325,925,1200,Maharashtra,Maharashtra 2189
2007-10-22,Wheat,1,Ahmednagar,FAQ,Sangamner,1200,1035,1118,Maharashtra,Other
2007-10-22,Wheat,1,Thane,FAQ,Palghar,1325,1265,1295,Maharashtra,Other
2007-10-22,Wheat,1,Jalana,FAQ,Partur,1165,1020,1160,Maharashtra,Maharashtra 2189
2007-10-22,Wheat,1,Ahmednagar,FAQ,Shevgaon,1150,925,1100,Maharashtra,Maharashtra 2189
2007-10-22,Wheat,1,Beed,FAQ,Kille Dharur,1700,700,1072,Maharashtra,Other
2007-10-22,Wheat,1,Akola,FAQ,Akola,1275,1025,1145,Maharashtra,Other
2007-10-23,Wheat,1,Parbhani,FAQ,Gangakhed,1280,1260,1270,Maharashtra,Other
2007-10-23,Wheat,1,Parbhani,FAQ,Jintur,1151,1030,1151,Maharashtra,Maharashtra 2189
2007-10-23,Wheat,1,Dhule,FAQ,Dondaicha(Sindhkheda),1058,1058,1058,Maharashtra,Other
2007-10-23,Wheat,1,Jalana,FAQ,Jalana,1175,1030,1100,Maharashtra,Other
2007-10-23,Wheat,1,Jalana,FAQ,Jalna(Badnapur),1150,950,1025,Maharashtra,Other
2007-10-23,Wheat,1,Buldhana,FAQ,Jalgaon Jamod(Aasalgaon),1020,900,960,Maharashtra,Other
2007-10-23,Wheat,1,Jalana,FAQ,Bhokardan(Pimpalgaon Renu),1150,1000,1050,Maharashtra,147 Average
2007-10-23,Wheat,1,Amarawati,FAQ,Anajngaon,1150,1000,1050,Maharashtra,Other
2007-10-24,Wheat,1,Akola,FAQ,Akot,1150,1050,1125,Maharashtra,Other
2007-10-24,Wheat,1,Sholapur,FAQ,Barshi,1245,1100,1151,Maharashtra,Other
2007-10-24,Wheat,1,Jalgaon,FAQ,Jalgaon,1235,1201,1201,Maharashtra,147 Average
2007-10-24,Wheat,1,Jalgaon,FAQ,Chalisgaon,1250,1030,1150,Maharashtra,Maharashtra 2189
2007-10-24,Wheat,1,Thane,FAQ,Palghar,1301,1200,1250,Maharashtra,Other
2007-10-24,Wheat,1,Jalana,FAQ,Jalana,1152,1040,1125,Maharashtra,Other
2007-10-24,Wheat,1,Buldhana,FAQ,Deoulgaon Raja,1151,1000,1125,Maharashtra,Other
2007-10-24,Wheat,1,Dharashiv(Usmanabad),FAQ,Kalamb (Dharashiv),1151,1000,1092,Maharashtra,Maharashtra 2189
2007-10-24,Wheat,1,Nashik,FAQ,Satana,1178,1124,1150,Maharashtra,Maharashtra 2189
2007-10-25,Wheat,1,Buldhana,FAQ,Nandura,1100,971,1049,Maharashtra,Other
2007-10-25,Wheat,1,Vashim,FAQ,Karanja,1085,1021,1051,Maharashtra,Other
2007-10-25,Wheat,1,Jalgaon,FAQ,Chalisgaon,1200,1025,1150,Maharashtra,Maharashtra 2189
2007-10-25,Wheat,1,Thane,FAQ,Palghar,1311,1255,1283,Maharashtra,Other
2007-10-25,Wheat,1,Amarawati,FAQ,Morshi,1150,900,1012,Maharashtra,Other
2007-10-26,Wheat,1,Ahmednagar,FAQ,Sangamner,1200,1000,1100,Maharashtra,Other
2007-10-26,Wheat,1,Beed,FAQ,Kille Dharur,1137,761,1041,Maharashtra,Other
2007-10-26,Wheat,1,Bhandara,FAQ,Bhandara,1360,1000,1080,Maharashtra,Other
2007-10-26,Wheat,1,Jalana,FAQ,Bhokardan,1075,950,1000,Maharashtra,Maharashtra 2189
2007-10-26,Wheat,1,Amarawati,FAQ,Chandur Railway,1250,1000,1125,Maharashtra,Other
2007-10-27,Wheat,1,Nashik,FAQ,Nandgaon,1128,1030,1091,Maharashtra,Other
2007-10-27,Wheat,1,Jalana,FAQ,Jalana,1225,1050,1150,Maharashtra,Other
2007-10-27,Wheat,1,Buldhana,FAQ,Khamgaon,1161,1000,1080,Maharashtra,Other
2007-10-27,Wheat,1,Buldhana,FAQ,Chikali,1100,1000,1050,Maharashtra,Other
2007-10-27,Wheat,1,Jalgaon,FAQ,Jalgaon,1325,1115,1115,Maharashtra,147 Average
2007-10-27,Wheat,1,Buldhana,FAQ,Nandura,1145,975,1089,Maharashtra,Other
2007-10-27,Wheat,1,Hingoli,FAQ,Sengoan,1050,950,1000,Maharashtra,Other
2007-10-27,Wheat,1,Beed,FAQ,Parali Vaijyanath,1250,1000,1160,Maharashtra,Other
2007-10-28,Wheat,1,Bhandara,FAQ,Tumsar,1040,981,1000,Maharashtra,Other
2007-10-29,Wheat,1,Sholapur,FAQ,Pandharpur,1435,1100,1100,Maharashtra,Other
2007-10-29,Wheat,1,Vashim,FAQ,Karanja,1126,1025,1075,Maharashtra,Other
2007-10-29,Wheat,1,Sholapur,FAQ,Mangal Wedha,1530,1251,1401,Maharashtra,Other
2007-10-29,Wheat,1,Nashik,FAQ,Malegaon,1173,1070,1125,Maharashtra,Maharashtra 2189
2007-10-29,Wheat,1,Amarawati,FAQ,Amarawati,1300,1100,1200,Maharashtra,Other
2007-10-29,Wheat,1,Chattrapati Sambhajinagar,FAQ,Sillod,1100,1000,1050,Maharashtra,Other
2007-10-29,Wheat,1,Jalgaon,FAQ,Chopada,1082,1082,1082,Maharashtra,Other
2007-10-29,Wheat,1,Dharashiv(Usmanabad),FAQ,Kalamb (Dharashiv),1234,1040,1120,Maharashtra,Maharashtra 2189
2007-10-29,Wheat,1,Nashik,FAQ,Nandgaon,1115,1021,1076,Maharashtra,Other
2007-10-29,Wheat,1,Buldhana,FAQ,Nandura,1167,995,1105,Maharashtra,Other
2007-10-29,Wheat,1,Beed,FAQ,Parali Vaijyanath,1251,1191,1200,Maharashtra,Other
2007-10-29,Wheat,1,Nashik,FAQ,Satana,1190,1060,1140,Maharashtra,Maharashtra 2189
2007-10-29,Wheat,1,Amarawati,FAQ,Achalpur,1125,950,1037,Maharashtra,Other
2007-10-29,Wheat,1,Beed,FAQ,Kille Dharur,1210,900,1046,Maharashtra,Other
2007-10-30,Wheat,1,Amarawati,FAQ,Amarawati,1250,1000,1125,Maharashtra,147 Average
2007-10-30,Wheat,1,Amarawati,FAQ,Chandur Railway,970,951,961,Maharashtra,Other
2007-10-30,Wheat,1,Jalgaon,FAQ,Amalner,1135,1091,1111,Maharashtra,Other
2007-10-30,Wheat,1,Ahmednagar,FAQ,Rahata,1130,900,1080,Maharashtra,Other
2007-10-30,Wheat,1,Nashik,FAQ,Satana,1190,1060,1140,Maharashtra,Maharashtra 2189
2007-10-30,Wheat,1,Sholapur,FAQ,Pandharpur,1311,1160,1212,Maharashtra,Other
2007-10-30,Wheat,1,Chattrapati Sambhajinagar,FAQ,Chattrapati Sambhajinagar,1200,1075,1125,Maharashtra,Other
2007-10-30,Wheat,1,Jalana,FAQ,Jalana,1235,1050,1160,Maharashtra,Other
2007-10-30,Wheat,1,Amarawati,FAQ,Achalpur,1100,950,1025,Maharashtra,Other
2007-10-31,Wheat,1,Jalgaon,FAQ,Chopada,1032,1025,1032,Maharashtra,Other
2007-10-31,Wheat,1,Buldhana,FAQ,Deoulgaon Raja,1125,1000,1100,Maharashtra,Other
2007-10-31,Wheat,1,Sholapur,FAQ,Solapur,1550,1175,1410,Maharashtra,Sharbati
2007-10-31,Wheat,1,Buldhana,FAQ,Chikali,1100,1000,1050,Maharashtra,Other
2007-10-31,Wheat,1,Chattrapati Sambhajinagar,FAQ,Chattrapati Sambhajinagar,1150,1025,1125,Maharashtra,Other
2007-11-01,Wheat,1,Beed,FAQ,Ambejaogai,1240,1060,1120,Maharashtra,Other
2007-11-01,Wheat,1,Pune,FAQ,Dound,1241,1001,1130,Maharashtra,Maharashtra 2189
2007-11-01,Wheat,1,Latur,FAQ,Latur,1300,1072,1250,Maharashtra,Maharashtra 2189
2007-11-01,Wheat,1,Akola,FAQ,Telhara,660,600,640,Maharashtra,Other
2007-11-01,Wheat,1,Sholapur,FAQ,Mangal Wedha,1300,1275,1275,Maharashtra,Other
2007-11-01,Wheat,1,Kolhapur,FAQ,Kolhapur(Laxmipuri),1650,1250,1350,Maharashtra,Other
2007-11-02,Wheat,1,Jalgaon,FAQ,Jalgaon,1250,1120,1225,Maharashtra,147 Average
2007-11-02,Wheat,1,Bhandara,FAQ,Bhandara,1100,1000,1020,Maharashtra,Other
2007-11-02,Wheat,1,Jalana,FAQ,Jalna(Badnapur),1025,1000,1000,Maharashtra,Other
2007-11-02,Wheat,1,Sholapur,FAQ,Pandharpur,1199,1150,1199,Maharashtra,Other
2007-11-02,Wheat,1,Parbhani,FAQ,Manwat,1228,1000,1151,Maharashtra,Other
2007-11-03,Wheat,1,Buldhana,FAQ,Deoulgaon Raja,1200,850,1100,Maharashtra,Other
2007-11-03,Wheat,1,Jalgaon,FAQ,Jalgaon,1311,1000,1241,Maharashtra,147 Average
2007-11-03,Wheat,1,Beed,FAQ,Kille Dharur,1080,1025,1057,Maharashtra,Other
2007-11-03,Wheat,1,Buldhana,FAQ,Nandura,1151,978,1089,Maharashtra,Other
2007-11-03,Wheat,1,Akola,FAQ,Akola,1165,1050,1115,Maharashtra,Other
2007-11-03,Wheat,1,Beed,FAQ,Ambejaogai,1221,1050,1114,Maharashtra,Other
2007-11-03,Wheat,1,Amarawati,FAQ,Anajngaon,1250,1000,1100,Maharashtra,Other
2007-11-03,Wheat,1,Jalgaon,FAQ,Chopada,1063,800,1063,Maharashtra,Other
2007-11-03,Wheat,1,Sholapur,FAQ,Solapur,1550,1190,1420,Maharashtra,Sharbati
2007-11-03,Wheat,1,Parbhani,FAQ,Gangakhed,1240,1210,1230,Maharashtra,Other
2007-11-04,Wheat,1,Ahmednagar,FAQ,Newasa,1150,950,1050,Maharashtra,Other
2007-11-04,Wheat,1,Jalana,FAQ,Bhokardan,1050,950,1000,Maharashtra,Maharashtra 2189
2007-11-04,Wheat,1,Ahmednagar,FAQ,Rahata,1120,950,1050,Maharashtra,Other
2007-11-05,Wheat,1,Jalgaon,FAQ,Amalner,1136,1075,1105,Maharashtra,Other
2007-11-05,Wheat,1,Buldhana,FAQ,Khamgaon,1141,990,1065,Maharashtra,Other
2007-11-05,Wheat,1,Jalgaon,FAQ,Chalisgaon,1250,1000,1180,Maharashtra,Maharashtra 2189
2007-11-05,Wheat,1,Sholapur,FAQ,Mangal Wedha,1562,1150,1400,Maharashtra,Other
2007-11-05,Wheat,1,Ahmednagar,FAQ,Shevgaon,1150,1050,1100,Maharashtra,Maharashtra 2189
2007-11-05,Wheat,1,Beed,FAQ,Kille Dharur,1200,925,1150,Maharashtra,Other
2007-11-06,Wheat,1,Beed,FAQ,Gevrai,1225,1075,1090,Maharashtra,Other
2007-11-06,Wheat,1,Amarawati,FAQ,Achalpur,1125,950,1050,Maharashtra,Other
2007-11-06,Wheat,1,Hingoli,FAQ,Basmat,1100,1050,1075,Maharashtra,Other
2007-11-06,Wheat,1,Buldhana,FAQ,Deoulgaon Raja,1251,1025,1100,Maharashtra,Other
2007-11-06,Wheat,1,Jalana,FAQ,Jalana,1185,1020,1100,Maharashtra,Other
2007-11-07,Wheat,1,Sholapur,FAQ,Solapur,1560,1180,1425,Maharashtra,Sharbati
2007-11-08,Wheat,1,Thane,FAQ,Palghar,1210,1205,1207,Maharashtra,Other
2007-11-10,Wheat,1,Parbhani,FAQ,Parbhani,1175,1150,1150,Maharashtra,Maharashtra 2189
2007-11-10,Wheat,1,Sholapur,FAQ,Barshi(Vairag),1899,1899,1899,Maharashtra,Other
2007-11-10,Wheat,1,Beed,FAQ,Kada,1111,1075,1075,Maharashtra,Other
2007-11-11,Wheat,1,Akola,FAQ,Balapur,1100,975,1000,Maharashtra,Other
2007-11-12,Wheat,1,Beed,FAQ,Ambejaogai,1185,900,1100,Maharashtra,Other
2007-11-12,Wheat,1,Chattrapati Sambhajinagar,FAQ,Lasur Station,1253,975,1120,Maharashtra,Maharashtra 2189
2007-11-12,Wheat,1,Buldhana,FAQ,Deoulgaon Raja,1111,1075,1100,Maharashtra,Other
2007-11-12,Wheat,1,Sholapur,FAQ,Mangal Wedha,1400,1080,1160,Maharashtra,Other
2007-11-12,Wheat,1,Akola,FAQ,Akola,1135,1011,1075,Maharashtra,Other
2007-11-12,Wheat,1,Dhule,FAQ,Dondaicha,1130,700,1085,Maharashtra,Other
2007-11-12,Wheat,1,Dhule,FAQ,Shirpur,1175,950,1065,Maharashtra,Other
2007-11-12,Wheat,1,Ahmednagar,FAQ,Shrirampur,1181,951,1066,Maharashtra,Other
2007-11-12,Wheat,1,Dharashiv(Usmanabad),FAQ,Kalamb (Dharashiv),1101,1000,1046,Maharashtra,Maharashtra 2189
2007-11-13,Wheat,1,Latur,FAQ,Latur,1310,1100,1250,Maharashtra,Maharashtra 2189
2007-11-13,Wheat,1,Thane,FAQ,Palghar,1280,1265,1272,Maharashtra,Other
2007-11-13,Wheat,1,Buldhana,FAQ,Chikali,1100,1025,1060,Maharashtra,Other
2007-11-13,Wheat,1,Pune,FAQ,Dound,1175,1000,1100,Maharashtra,Maharashtra 2189
2007-11-13,Wheat,1,Akola,FAQ,Akot,1140,1060,1120,Maharashtra,Other
2007-11-13,Wheat,1,Dharashiv(Usmanabad),FAQ,Kalamb (Dharashiv),1300,1010,1100,Maharashtra,Maharashtra 2189
2007-11-13,Wheat,1,Amarawati,FAQ,Amarawati,1150,950,1050,Maharashtra,147 Average
2007-11-13,Wheat,1,Jalgaon,FAQ,Parola,1100,1000,1030,Maharashtra,Other
2007-11-13,Wheat,1,Amarawati,FAQ,Amarawati,1300,1150,1225,Maharashtra,Other
2007-11-14,Wheat,1,Nashik,FAQ,Malegaon,1241,1091,1152,Maharashtra,Maharashtra 2189
2007-11-14,Wheat,1,Parbhani,FAQ,Gangakhed,1225,1200,1220,Maharashtra,Other
2007-11-14,Wheat,1,Sholapur,FAQ,Solapur,1575,1170,1425,Maharashtra,Sharbati
2007-11-14,Wheat,1,Akola,FAQ,Akola,1151,1000,1070,Maharashtra,Other
2007-11-14,Wheat,1,Vashim,FAQ,Karanja,1151,980,1045,Maharashtra,Other
2007-11-14,Wheat,1,Jalgaon,FAQ,Chopada,1001,951,1000,Maharashtra,Other
2007-11-14,Wheat,1,Dhule,FAQ,Shirpur,1131,1041,1090,Maharashtra,Other
2007-11-14,Wheat,1,Hingoli,FAQ,Hingoli,1180,1010,1065,Maharashtra,Other
2007-11-14,Wheat,1,Ahmednagar,FAQ,Pathardi,1200,1000,1100,Maharashtra,Other
2007-11-14,Wheat,1,Chattrapati Sambhajinagar,FAQ,Lasur Station,1250,1000,1150,Maharashtra,Maharashtra 2189
2007-11-14,Wheat,1,Thane,FAQ,Palghar,1350,1280,1315,Maharashtra,Other
2007-11-15,Wheat,1,Pune,FAQ,Dound,1251,1001,1130,Maharashtra,Maharashtra 2189
2007-11-15,Wheat,1,Vashim,FAQ,Karanja,1201,1077,1131,Maharashtra,Other
2007-11-15,Wheat,1,Akola,FAQ,Akola,1350,1000,1170,Maharashtra,Other
2007-11-15,Wheat,1,Dhule,FAQ,Dondaicha,1111,951,1083,Maharashtra,Other
2007-11-15,Wheat,1,Dharashiv(Usmanabad),FAQ,Kalamb (Dharashiv),1357,1026,1140,Maharashtra,Maharashtra 2189
2007-11-15,Wheat,1,Chattrapati Sambhajinagar,FAQ,Chattrapati Sambhajinagar,1146,1051,1100,Maharashtra,Other
2007-11-16,Wheat,1,Akola,FAQ,Akola,1150,1000,1065,Maharashtra,Other
2007-11-16,Wheat,1,Bhandara,FAQ,Bhandara,1100,1000,1040,Maharashtra,Maharashtra 2189
2007-11-16,Wheat,1,Ahmednagar,FAQ,Rahuri,1200,1000,1100,Maharashtra,Other
2007-11-16,Wheat,1,Buldhana,FAQ,Khamgaon,1100,1011,1055,Maharashtra,Other
2007-11-16,Wheat,1,Akola,FAQ,Murtizapur,1191,1010,1050,Maharashtra,Other
2007-11-16,Wheat,1,Jalana,FAQ,Bhokardan,1100,1000,1050,Maharashtra,Maharashtra 2189
2007-11-16,Wheat,1,Vashim,FAQ,Manora,1015,980,1015,Maharashtra,Other
2007-11-17,Wheat,1,Beed,FAQ,Gevrai,1215,1100,1170,Maharashtra,Other
2007-11-17,Wheat,1,Dharashiv(Usmanabad),FAQ,Kalamb (Dharashiv),1701,1701,1701,Maharashtra,Bansi
2007-11-17,Wheat,1,Parbhani,FAQ,Gangakhed,1300,1270,1290,Maharashtra,Other
2007-11-17,Wheat,1,Sholapur,FAQ,Barshi,1350,1000,1201,Maharashtra,Other
2007-11-17,Wheat,1,Kolhapur,FAQ,Kolhapur(Laxmipuri),1750,1300,1375,Maharashtra,Other
2007-11-17,Wheat,1,Amarawati,FAQ,Anajngaon,1150,1000,1050,Maharashtra,Other
2007-11-17,Wheat,1,Buldhana,FAQ,Khamgaon,1141,1025,1083,Maharashtra,Other
2007-11-17,Wheat,1,Buldhana,FAQ,Sangrampur(Varvatbakal),1050,925,985,Maharashtra,Other
2007-11-17,Wheat,1,Jalgaon,FAQ,Chopada,1080,1025,1080,Maharashtra,Other
2007-11-18,Wheat,1,Bhandara,FAQ,Tumsar,1081,980,1025,Maharashtra,Other
2007-11-18,Wheat,1,Chattrapati Sambhajinagar,FAQ,Paithan,1117,940,1085,Maharashtra,Other
2007-11-18,Wheat,1,Beed,FAQ,Kada,1111,1045,1067,Maharashtra,Other
2007-11-19,Wheat,1,Chattrapati Sambhajinagar,FAQ,Sillod,1250,1100,1200,Maharashtra,Other
2007-11-19,Wheat,1,Buldhana,FAQ,Khamgaon,1120,925,1022,Maharashtra,Other
2007-11-19,Wheat,1,Ahmednagar,FAQ,Rahata,1100,1000,1050,Maharashtra,Other
2007-11-19,Wheat,1,Buldhana,FAQ,Nandura,1125,975,1081,Maharashtra,Other
2007-11-19,Wheat,1,Parbhani,FAQ,Jintur,1020,1020,1020,Maharashtra,Maharashtra 2189
2007-11-19,Wheat,1,Dhule,FAQ,Shirpur,1127,976,1065,Maharashtra,Other
2007-11-19,Wheat,1,Chattrapati Sambhajinagar,FAQ,Gangapur,1101,1065,1090,Maharashtra,Other
2007-11-19,Wheat,1,Sholapur,FAQ,Pandharpur,1325,1075,1325,Maharashtra,Other
2007-11-20,Wheat,1,Ahmednagar,FAQ,Shevgaon,1160,1000,1140,Maharashtra,Maharashtra 2189
2007-11-20,Wheat,1,Dhule,FAQ,Dondaicha(Sindhkheda),1065,950,1040,Maharashtra,Other
2007-11-20,Wheat,1,Parbhani,FAQ,Gangakhed,1290,1250,1280,Maharashtra,Other
2007-11-20,Wheat,1,Amarawati,FAQ,Anajngaon,1125,1000,1025,Maharashtra,Other
2007-11-20,Wheat,1,Jalgaon,FAQ,Amalner,1135,1065,1100,Maharashtra,Other
2007-11-20,Wheat,1,Amarawati,FAQ,Chandur Railway,1000,990,995,Maharashtra,Other
2007-11-20,Wheat,1,Dharashiv(Usmanabad),FAQ,Kalamb (Dharashiv),1300,1025,1100,Maharashtra,Bansi
2007-11-20,Wheat,1,Buldhana,FAQ,Jalgaon(Jamod),1040,1000,1020,Maharashtra,Other
2007-11-20,Wheat,1,Buldhana,FAQ,Deoulgaon Raja,1125,900,1100,Maharashtra,Other
2007-11-20,Wheat,1,Buldhana,FAQ,Khamgaon,1150,970,1060,Maharashtra,Other
2007-11-20,Wheat,1,Akola,FAQ,Akot,1140,1020,1110,Maharashtra,Other
2007-11-20,Wheat,1,Jalgaon,FAQ,Chalisgaon,1200,950,1150,Maharashtra,Maharashtra 2189
2007-11-20,Wheat,1,Chattrapati Sambhajinagar,FAQ,Sillod,1200,1100,1150,Maharashtra,Other
2007-11-21,Wheat,1,Nashik,FAQ,Malegaon,1251,1092,1159,Maharashtra,Maharashtra 2189
2007-11-21,Wheat,1,Chattrapati Sambhajinagar,FAQ,Paithan,1123,1040,1065,Maharashtra,Bansi
2007-11-21,Wheat,1,Buldhana,FAQ,Chikali,1060,1020,1040,Maharashtra,Other
2007-11-21,Wheat,1,Kolhapur,FAQ,Kolhapur(Laxmipuri),1675,1200,1350,Maharashtra,Other
2007-11-22,Wheat,1,Akola,FAQ,Akola,1175,1050,1115,Maharashtra,Other
2007-11-22,Wheat,1,Buldhana,FAQ,Nandura,1115,975,1035,Maharashtra,Other
2007-11-22,Wheat,1,Chattrapati Sambhajinagar,FAQ,Chattrapati Sambhajinagar,1200,1050,1111,Maharashtra,Other
2007-11-23,Wheat,1,Dhule,FAQ,Dondaicha(Sindhkheda),1050,1050,1050,Maharashtra,Other
2007-11-23,Wheat,1,Dharashiv(Usmanabad),FAQ,Kalamb (Dharashiv),1310,960,1176,Maharashtra,Maharashtra 2189
2007-11-23,Wheat,1,Thane,FAQ,Palghar,1250,900,1075,Maharashtra,Other
2007-11-23,Wheat,1,Chattrapati Sambhajinagar,FAQ,Chattrapati Sambhajinagar,1175,1050,1131,Maharashtra,Other
2007-11-24,Wheat,1,Jalana,FAQ,Bhokardan,1125,975,1050,Maharashtra,Maharashtra 2189
2007-11-24,Wheat,1,Jalgaon,FAQ,Jalgaon,1281,1000,1161,Maharashtra,147 Average
2007-11-24,Wheat,1,Hingoli,FAQ,Sengoan,1050,900,1000,Maharashtra,Other
2007-11-24,Wheat,1,Bhandara,FAQ,Tumsar,1021,1000,1010,Maharashtra,Other
2007-11-25,Wheat,1,Chattrapati Sambhajinagar,FAQ,Paithan,1090,1030,1050,Maharashtra,Bansi
2007-11-25,Wheat,1,Nashik,FAQ,Sinner,1200,960,1075,Maharashtra,Other
2007-11-25,Wheat,1,Amarawati,FAQ,Chandur Bazar,1200,1100,1150,Maharashtra,Other
2007-11-26,Wheat,1,Vashim,FAQ,Washim,1200,1000,1100,Maharashtra,Maharashtra 2189
2007-11-26,Wheat,1,Buldhana,FAQ,Deoulgaon Raja,1225,950,1100,Maharashtra,Other
2007-11-26,Wheat,1,Buldhana,FAQ,Lonar,1050,950,1000,Maharashtra,Other
2007-11-26,Wheat,1,Jalgaon,FAQ,Jalgaon,1305,1150,1281,Maharashtra,147 Average
2007-11-26,Wheat,1,Dhule,FAQ,Shirpur,1200,950,1065,Maharashtra,Other
2007-11-26,Wheat,1,Dhule,FAQ,Dondaicha,1137,933,1040,Maharashtra,Other
2007-11-26,Wheat,1,Nashik,FAQ,Yeola,1121,950,975,Maharashtra,Maharashtra 2189
2007-11-26,Wheat,1,Nashik,FAQ,Satana,1091,981,1062,Maharashtra,Other
2007-11-26,Wheat,1,Vashim,FAQ,Manora,1015,990,1015,Maharashtra,Other
2007-11-27,Wheat,1,Jalgaon,FAQ,Jalgaon,1251,1000,1251,Maharashtra,147 Average
2007-11-27,Wheat,1,Buldhana,FAQ,Chikali,1010,950,980,Maharashtra,Other
2007-11-27,Wheat,1,Nashik,FAQ,Nandgaon,1100,971,1050,Maharashtra,Other
2007-11-27,Wheat,1,Jalana,FAQ,Jalana,1150,1000,1100,Maharashtra,Other
2007-11-27,Wheat,1,Akola,FAQ,Akola,1175,1050,1115,Maharashtra,Other
2007-11-27,Wheat,1,Beed,FAQ,Parali Vaijyanath,1331,1331,1331,Maharashtra,Other
2007-11-27,Wheat,1,Amarawati,FAQ,Achalpur,1125,1000,1060,Maharashtra,Other
2007-11-27,Wheat,1,Buldhana,FAQ,Khamgaon,1100,970,1035,Maharashtra,Other
2007-11-27,Wheat,1,Vashim,FAQ,Karanja,1121,1021,1065,Maharashtra,Other
2007-11-27,Wheat,1,Akola,FAQ,Telhara,1050,975,1000,Maharashtra,Other
2007-11-28,Wheat,1,Kolhapur,FAQ,Kolhapur(Laxmipuri),1750,1200,1325,Maharashtra,Other
2007-11-28,Wheat,1,Beed,FAQ,Parali Vaijyanath,1235,975,1112,Maharashtra,Other
2007-11-28,Wheat,1,Parbhani,FAQ,Parbhani,1250,1200,1200,Maharashtra,Maharashtra 2189
2007-11-28,Wheat,1,Chattrapati Sambhajinagar,FAQ,Paithan,1100,1021,1050,Maharashtra,Bansi
2007-11-28,Wheat,1,Chattrapati Sambhajinagar,FAQ,Gangapur,1160,1060,1100,Maharashtra,Other
2007-11-28,Wheat,1,Buldhana,FAQ,Chikali,1000,951,975,Maharashtra,Other
2007-11-28,Wheat,1,Jalgaon,FAQ,Jalgaon,1281,1100,1135,Maharashtra,147 Average
2007-11-28,Wheat,1,Ahmednagar,FAQ,Shrirampur,1176,1080,1133,Maharashtra,Other
2007-11-28,Wheat,1,Parbhani,FAQ,Gangakhed,1295,1250,1290,Maharashtra,Other
2007-11-29,Wheat,1,Kolhapur,FAQ,Kolhapur(Laxmipuri),1700,1200,1350,Maharashtra,Other
2007-11-29,Wheat,1,Latur,FAQ,Ausa,1301,901,1175,Maharashtra,Maharashtra 2189
2007-11-29,Wheat,1,Parbhani,FAQ,Gangakhed,1300,1280,1290,Maharashtra,Other
2007-11-29,Wheat,1,Nashik,FAQ,Satana,1085,1036,1060,Maharashtra,Maharashtra 2189
2007-11-29,Wheat,1,Sholapur,FAQ,Mangal Wedha,1475,1180,1300,Maharashtra,Other
2007-11-29,Wheat,1,Sholapur,FAQ,Barshi,1311,1121,1300,Maharashtra,Other
2007-11-29,Wheat,1,Vashim,FAQ,Karanja,1165,1075,1111,Maharashtra,Other
2007-11-29,Wheat,1,Nashik,FAQ,Malegaon,1228,1090,1151,Maharashtra,Maharashtra 2189
2007-11-30,Wheat,1,Dhule,FAQ,Dondaicha(Sindhkheda),1036,1036,1036,Maharashtra,Other
2007-11-30,Wheat,1,Chattrapati Sambhajinagar,FAQ,Vaijpur,1125,1040,1090,Maharashtra,Other
2007-11-30,Wheat,1,Jalgaon,FAQ,Jalgaon,1600,1000,1171,Maharashtra,147 Average
2007-11-30,Wheat,1,Jalana,FAQ,Ambad (Vadigodri),1142,1055,1092,Maharashtra,Other
2007-11-30,Wheat,1,Nashik,FAQ,Satana,1094,990,1055,Maharashtra,Other
2007-11-30,Wheat,1,Beed,FAQ,Parali Vaijyanath,1225,1225,1225,Maharashtra,Other
2007-11-30,Wheat,1,Hingoli,FAQ,Sengoan,1100,950,1000,Maharashtra,Other
2007-11-30,Wheat,1,Amarawati,FAQ,Chandur Railway,956,856,906,Maharashtra,Other
2007-12-01,Wheat,1,Jalgaon,FAQ,Jalgaon,1191,1115,1115,Maharashtra,147 Average
2007-12-01,Wheat,1,Chattrapati Sambhajinagar,FAQ,Paithan,1080,1080,1080,Maharashtra,Bansi
2007-12-01,Wheat,1,Nashik,FAQ,Yeola,1018,976,1018,Maharashtra,Maharashtra 2189
2007-12-01,Wheat,1,Sholapur,FAQ,Pandharpur,1201,1201,1201,Maharashtra,Other
2007-12-01,Wheat,1,Amarawati,FAQ,Morshi,1100,800,945,Maharashtra,Other
2007-12-01,Wheat,1,Chattrapati Sambhajinagar,FAQ,Vaijpur,1111,1030,1075,Maharashtra,Other
2007-12-01,Wheat,1,Parbhani,FAQ,Gangakhed,1300,1260,1290,Maharashtra,Other
2007-12-01,Wheat,1,Beed,FAQ,Parali Vaijyanath,1251,1251,1251,Maharashtra,Other
2007-12-01,Wheat,1,Chattrapati Sambhajinagar,FAQ,Chattrapati Sambhajinagar,1440,1025,1062,Maharashtra,Other
2007-12-01,Wheat,1,Amarawati,FAQ,Achalpur,1050,980,1015,Maharashtra,Other
2007-12-02,Wheat,1,Dharashiv(Usmanabad),FAQ,Dharashiv,1200,875,1037,Maharashtra,Maharashtra 2189
2007-12-03,Wheat,1,Bhandara,FAQ,Bhandara,1070,960,1000,Maharashtra,Other
2007-12-03,Wheat,1,Beed,FAQ,Ambejaogai,1260,1020,1140,Maharashtra,Other
2007-12-03,Wheat,1,Ahmednagar,FAQ,Rahata,1108,1000,1050,Maharashtra,Other
2007-12-03,Wheat,1,Nashik,FAQ,Malegaon,1209,1086,1138,Maharashtra,Other
2007-12-04,Wheat,1,Chattrapati Sambhajinagar,FAQ,Gangapur,1180,1035,1100,Maharashtra,Other
2007-12-04,Wheat,1,Vashim,FAQ,Karanja,1132,1051,1092,Maharashtra,Other
2007-12-04,Wheat,1,Amarawati,FAQ,Daryapur,1091,1091,1091,Maharashtra,Kalyan
2007-12-04,Wheat,1,Ahmednagar,FAQ,Kopargaon,1117,1040,1075,Maharashtra,Other
2007-12-04,Wheat,1,Chattrapati Sambhajinagar,FAQ,Chattrapati Sambhajinagar,1400,1010,1065,Maharashtra,Other
2007-12-04,Wheat,1,Sholapur,FAQ,Barshi,1351,1311,1311,Maharashtra,Other
2007-12-04,Wheat,1,Sholapur,FAQ,Pandharpur,1200,1190,1200,Maharashtra,Other
2007-12-05,Wheat,1,Beed,FAQ,Gevrai,1239,1000,1174,Maharashtra,Other
2007-12-05,Wheat,1,Dhule,FAQ,Dondaicha,1091,931,1039,Maharashtra,Other
2007-12-05,Wheat,1,Vashim,FAQ,Karanja,1214,1036,1142,Maharashtra,Other
2007-12-05,Wheat,1,Amarawati,FAQ,Morshi,1100,1000,1007,Maharashtra,Other
2007-12-05,Wheat,1,Sholapur,FAQ,Solapur,1570,1130,1420,Maharashtra,Sharbati
2007-12-05,Wheat,1,Beed,FAQ,Kada,1070,1001,1025,Maharashtra,Maharashtra 2189
2007-12-06,Wheat,1,Nashik,FAQ,Nandgaon,1100,830,965,Maharashtra,Other
2007-12-06,Wheat,1,Buldhana,FAQ,Chikali,990,900,945,Maharashtra,Other
2007-12-06,Wheat,1,Jalgaon,FAQ,Chalisgaon,1100,950,1070,Maharashtra,Maharashtra 2189
2007-12-07,Wheat,1,Pune,FAQ,Dound,1155,1051,1121,Maharashtra,Maharashtra 2189
2007-12-07,Wheat,1,Buldhana,FAQ,Mehekar,1050,950,1000,Maharashtra,Other
2007-12-07,Wheat,1,Sholapur,FAQ,Barshi,1225,1211,1211,Maharashtra,Other
2007-12-07,Wheat,1,Buldhana,FAQ,Khamgaon,1225,899,1062,Maharashtra,Other
2007-12-07,Wheat,1,Kolhapur,FAQ,Kolhapur(Laxmipuri),1700,1225,1300,Maharashtra,Other
2007-12-07,Wheat,1,Amarawati,FAQ,Amarawati,1125,950,1025,Maharashtra,147 Average
2007-12-07,Wheat,1,Jalgaon,FAQ,Chalisgaon,1150,1050,1080,Maharashtra,Maharashtra 2189
2007-12-07,Wheat,1,Chattrapati Sambhajinagar,FAQ,Chattrapati Sambhajinagar,1161,1025,1081,Maharashtra,Other
2007-12-07,Wheat,1,Ahmednagar,FAQ,Sangamner,1125,1030,1077,Maharashtra,Other
2007-12-08,Wheat,1,Dharashiv(Usmanabad),FAQ,Kalamb (Dharashiv),1251,926,1075,Maharashtra,Maharashtra 2189
2007-12-08,Wheat,1,Buldhana,FAQ,Nandura,1105,975,1025,Maharashtra,Other
2007-12-08,Wheat,1,Nashik,FAQ,Yeola,1081,951,1052,Maharashtra,Maharashtra 2189
2007-12-08,Wheat,1,Parbhani,FAQ,Pathari,1253,1101,1151,Maharashtra,Other
2007-12-08,Wheat,1,Sholapur,FAQ,Pandharpur,1125,1000,1125,Maharashtra,Other
2007-12-08,Wheat,1,Jalgaon,FAQ,Amalner,1100,1030,1065,Maharashtra,Other
2007-12-08,Wheat,1,Buldhana,FAQ,Deoulgaon Raja,1100,900,975,Maharashtra,Other
2007-12-08,Wheat,1,Jalana,FAQ,Ambad (Vadigodri),1120,1025,1063,Maharashtra,Other
2007-12-09,Wheat,1,Buldhana,FAQ,Chikali,1025,900,960,Maharashtra,Other
2007-12-09,Wheat,1,Latur,FAQ,Ausa,1301,1001,1175,Maharashtra,Maharashtra 2189
2007-12-10,Wheat,1,Nashik,FAQ,Yeola,1071,1000,1032,Maharashtra,Maharashtra 2189
2007-12-10,Wheat,1,Sholapur,FAQ,Pandharpur,1350,1201,1311,Maharashtra,Other
2007-12-10,Wheat,1,Buldhana,FAQ,Sangrampur(Varvatbakal),1009,965,990,Maharashtra,Other
2007-12-10,Wheat,1,Hingoli,FAQ,Sengoan,1050,1000,1000,Maharashtra,Other
2007-12-10,Wheat,1,Ahmednagar,FAQ,Sangamner,1106,980,1043,Maharashtra,Other
2007-12-10,Wheat,1,Buldhana,FAQ,Lonar,950,900,925,Maharashtra,Other
2007-12-10,Wheat,1,Buldhana,FAQ,Khamgaon,1146,800,973,Maharashtra,Other
2007-12-10,Wheat,1,Dhule,FAQ,Dhule,1211,1000,1125,Maharashtra,Other
2007-12-10,Wheat,1,Pune,FAQ,Dound,1185,1025,1100,Maharashtra,Maharashtra 2189
2007-12-11,Wheat,1,Chattrapati Sambhajinagar,FAQ,Vaijpur,1115,1015,1070,Maharashtra,Other
2007-12-11,Wheat,1,Amarawati,FAQ,Anajngaon,1100,1000,1050,Maharashtra,Other
2007-12-11,Wheat,1,Dhule,FAQ,Dondaicha(Sindhkheda),1047,1047,1047,Maharashtra,Other
2007-12-11,Wheat,1,Buldhana,FAQ,Mehekar,1150,850,1000,Maharashtra,Other
2007-12-11,Wheat,1,Jalana,FAQ,Jalana,1200,1020,1125,Maharashtra,Other
2007-12-11,Wheat,1,Bhandara,FAQ,Bhandara,1180,1110,1170,Maharashtra,Other
2007-12-11,Wheat,1,Jalgaon,FAQ,Chalisgaon,1150,950,1090,Maharashtra,Maharashtra 2189
2007-12-11,Wheat,1,Nashik,FAQ,Malegaon,1154,1000,1071,Maharashtra,Other
2007-12-11,Wheat,1,Sholapur,FAQ,Solapur,1575,1130,1425,Maharashtra,Sharbati
2007-12-12,Wheat,1,Sholapur,FAQ,Pandharpur,1215,1215,1215,Maharashtra,Other
2007-12-12,Wheat,1,Dhule,FAQ,Dondaicha,1081,872,1041,Maharashtra,Other
2007-12-12,Wheat,1,Ahmednagar,FAQ,Sangamner,1140,1000,1070,Maharashtra,Other
2007-12-12,Wheat,1,Sholapur,FAQ,Solapur,1570,1130,1420,Maharashtra,Sharbati
2007-12-12,Wheat,1,Buldhana,FAQ,Mehekar,1150,925,1000,Maharashtra,Other
2007-12-12,Wheat,1,Vashim,FAQ,Malegaon(Vashim),1200,1000,1100,Maharashtra,Other
2007-12-13,Wheat,1,Buldhana,FAQ,Chikali,1110,950,1020,Maharashtra,Other
2007-12-13,Wheat,1,Chattrapati Sambhajinagar,FAQ,Chattrapati Sambhajinagar,1211,1000,1095,Maharashtra,Other
2007-12-13,Wheat,1,Jalgaon,FAQ,Chalisgaon,1150,950,1090,Maharashtra,Maharashtra 2189
2007-12-13,Wheat,1,Jalgaon,FAQ,Jalgaon,1500,1100,1200,Maharashtra,147 Average
2007-12-13,Wheat,1,Sholapur,FAQ,Mangal Wedha,1300,1000,1191,Maharashtra,Other
2007-12-13,Wheat,1,Chattrapati Sambhajinagar,FAQ,Vaijpur,1125,1025,1050,Maharashtra,Other
2007-12-14,Wheat,1,Ahmednagar,FAQ,Kopargaon,1150,1030,1050,Maharashtra,Other
2007-12-14,Wheat,1,Jalgaon,FAQ,Chopada,1026,1026,1026,Maharashtra,Other
2007-12-14,Wheat,1,Jalgaon,FAQ,Jalgaon,1481,1000,1125,Maharashtra,147 Average
2007-12-14,Wheat,1,Thane,FAQ,Palghar,1276,1190,1233,Maharashtra,Other
2007-12-14,Wheat,1,Ahmednagar,FAQ,Shevgaon,1175,1075,1100,Maharashtra,Maharashtra 2189
2007-12-14,Wheat,1,Akola,FAQ,Akola,1225,1075,1155,Maharashtra,Other
2007-12-14,Wheat,1,Dhule,FAQ,Dondaicha,1076,1029,1059,Maharashtra,Other
2007-12-14,Wheat,1,Ahmednagar,FAQ,Rahuri(Vambori),1092,1015,1053,Maharashtra,Other
2007-12-14,Wheat,1,Sholapur,FAQ,Solapur,1575,1130,1420,Maharashtra,Sharbati
2007-12-14,Wheat,1,Jalgaon,FAQ,Chalisgaon,1200,975,1150,Maharashtra,Maharashtra 2189
2007-12-15,Wheat,1,Chattrapati Sambhajinagar,FAQ,Lasur Station,1175,960,1100,Maharashtra,Maharashtra 2189
2007-12-15,Wheat,1,Thane,FAQ,Palghar,1251,1215,1233,Maharashtra,Other
2007-12-15,Wheat,1,Ahmednagar,FAQ,Shrirampur,1175,951,1063,Maharashtra,Other
2007-12-15,Wheat,1,Sholapur,FAQ,Solapur,1575,1125,1425,Maharashtra,Sharbati
2007-12-15,Wheat,1,Buldhana,FAQ,Mehekar,1130,950,1050,Maharashtra,Other
2007-12-15,Wheat,1,Buldhana,FAQ,Khamgaon,1150,875,1012,Maharashtra,Other
2007-12-17,Wheat,1,Jalana,FAQ,Bhokardan(Pimpalgaon Renu),1150,1000,1100,Maharashtra,147 Average
2007-12-17,Wheat,1,Buldhana,FAQ,Lonar,1075,900,950,Maharashtra,Other
2007-12-17,Wheat,1,Sholapur,FAQ,Mohol,1280,1000,1151,Maharashtra,Other
2007-12-17,Wheat,1,Buldhana,FAQ,Nandura,1175,975,1079,Maharashtra,Other
2007-12-17,Wheat,1,Jalgaon,FAQ,Jalgaon,1125,1100,1100,Maharashtra,147 Average
2007-12-17,Wheat,1,Sholapur,FAQ,Solapur,1570,1130,1430,Maharashtra,Sharbati
2007-12-18,Wheat,1,Dhule,FAQ,Dondaicha,1121,985,1026,Maharashtra,Other
2007-12-18,Wheat,1,Chattrapati Sambhajinagar,FAQ,Paithan,1151,1010,1141,Maharashtra,Other
2007-12-18,Wheat,1,Kolhapur,FAQ,Kolhapur(Laxmipuri),1900,1300,1400,Maharashtra,Other
2007-12-18,Wheat,1,Dhule,FAQ,Dondaicha(Sindhkheda),1030,981,1000,Maharashtra,Other
2007-12-18,Wheat,1,Pune,FAQ,Dound,1201,1060,1100,Maharashtra,Maharashtra 2189
2007-12-18,Wheat,1,Sholapur,FAQ,Akluj,1150,1050,1062,Maharashtra,Maharashtra 2189
2007-12-19,Wheat,1,Ahmednagar,FAQ,Rahuri(Vambori),1090,1000,1045,Maharashtra,Other
2007-12-19,Wheat,1,Chattrapati Sambhajinagar,FAQ,Chattrapati Sambhajinagar,1250,1020,1122,Maharashtra,Other
2007-12-19,Wheat,1,Ahmednagar,FAQ,Shrirampur,1200,900,1050,Maharashtra,Other
2007-12-19,Wheat,1,Kolhapur,FAQ,Kolhapur(Laxmipuri),1900,1300,1400,Maharashtra,Other
2007-12-19,Wheat,1,Sholapur,FAQ,Solapur,1575,1130,1420,Maharashtra,Sharbati
2007-12-19,Wheat,1,Dhule,FAQ,Dondaicha(Sindhkheda),991,991,991,Maharashtra,Other
2007-12-20,Wheat,1,Sholapur,FAQ,Pandharpur,1175,1175,1175,Maharashtra,Other
2007-12-20,Wheat,1,Buldhana,FAQ,Malkapur,1200,919,1087,Maharashtra,Other
2007-12-20,Wheat,1,Nashik,FAQ,Nandgaon,1140,925,1050,Maharashtra,Other
2007-12-20,Wheat,1,Ahmednagar,FAQ,Rahuri(Vambori),2301,1882,2019,Maharashtra,Other
2007-12-20,Wheat,1,Pune,FAQ,Dound,1271,1032,1150,Maharashtra,Maharashtra 2189
2007-12-20,Wheat,1,Nashik,FAQ,Malegaon,1253,1081,1155,Maharashtra,Maharashtra 2189
2007-12-21,Wheat,1,Jalana,FAQ,Bhokardan,1100,950,1000,Maharashtra,Maharashtra 2189
2007-12-21,Wheat,1,Pune,FAQ,Dound,1171,1050,1100,Maharashtra,Maharashtra 2189
2007-12-22,Wheat,1,Buldhana,FAQ,Nandura,1215,995,1119,Maharashtra,Other
2007-12-22,Wheat,1,Dhule,FAQ,Dondaicha(Sindhkheda),1030,1030,1030,Maharashtra,Other
2007-12-22,Wheat,1,Sholapur,FAQ,Pandharpur,1255,1031,1215,Maharashtra,Other
2007-12-22,Wheat,1,Jalana,FAQ,Jalana,1200,1040,1125,Maharashtra,Other
2007-12-22,Wheat,1,Nashik,FAQ,Malegaon,1170,1011,1077,Maharashtra,Other
2007-12-23,Wheat,1,Ahmednagar,FAQ,Newasa,1075,951,1011,Maharashtra,Other
2007-12-24,Wheat,1,Buldhana,FAQ,Mehekar,1160,950,1050,Maharashtra,Other
2007-12-24,Wheat,1,Sholapur,FAQ,Pandharpur,1140,1100,1140,Maharashtra,Other
2007-12-24,Wheat,1,Buldhana,FAQ,Lonar,950,900,925,Maharashtra,Other
2007-12-24,Wheat,1,Sholapur,FAQ,Mohol,1950,1050,1252,Maharashtra,Other
2007-12-24,Wheat,1,Beed,FAQ,Gevrai,1235,1091,1125,Maharashtra,Other
2007-12-24,Wheat,1,Pune,FAQ,Dound,1226,1087,1140,Maharashtra,Maharashtra 2189
2007-12-25,Wheat,1,Thane,FAQ,Palghar,1658,1251,1454,Maharashtra,Other
2007-12-26,Wheat,1,Buldhana,FAQ,Deoulgaon Raja,1102,950,1051,Maharashtra,Other
2007-12-26,Wheat,1,Ahmednagar,FAQ,Sangamner,1125,1000,1064,Maharashtra,Other
2007-12-26,Wheat,1,Parbhani,FAQ,Jintur,1131,1001,1056,Maharashtra,Maharashtra 2189
2007-12-26,Wheat,1,Chattrapati Sambhajinagar,FAQ,Vaijpur,1135,1025,1070,Maharashtra,Other
2007-12-26,Wheat,1,Parbhani,FAQ,Parbhani,1125,1050,1075,Maharashtra,Maharashtra 2189
2007-12-26,Wheat,1,Nashik,FAQ,Yeola,1079,1000,1039,Maharashtra,Maharashtra 2189
2007-12-26,Wheat,1,Jalgaon,FAQ,Amalner,1100,1030,1065,Maharashtra,Other
2007-12-26,Wheat,1,Beed,FAQ,Gevrai,1221,1000,1158,Maharashtra,Other
2007-12-26,Wheat,1,Sholapur,FAQ,Pandharpur,1275,1162,1275,Maharashtra,Other
2007-12-27,Wheat,1,Kolhapur,FAQ,Kolhapur(Laxmipuri),1850,1325,1400,Maharashtra,Other
2007-12-27,Wheat,1,Dharashiv(Usmanabad),FAQ,Dharashiv,850,675,762,Maharashtra,Maharashtra 2189
2007-12-27,Wheat,1,Akola,FAQ,Telhara,1071,1020,1050,Maharashtra,Other
2007-12-27,Wheat,1,Sholapur,FAQ,Mangal Wedha,1350,1100,1300,Maharashtra,Other
2007-12-27,Wheat,1,Thane,FAQ,Kalyan,1450,1350,1400,Maharashtra,Sharbati
2007-12-27,Wheat,1,Amarawati,FAQ,Amarawati,1100,950,1025,Maharashtra,147 Average
2007-12-27,Wheat,1,Sholapur,FAQ,Karmala,1200,725,1100,Maharashtra,Other
2007-12-27,Wheat,1,Ahmednagar,FAQ,Rahuri(Vambori),1170,1030,1100,Maharashtra,Other
2007-12-27,Wheat,1,Chattrapati Sambhajinagar,FAQ,Vaijpur,1100,1021,1070,Maharashtra,Other
2007-12-28,Wheat,1,Sholapur,FAQ,Solapur,1575,1125,1410,Maharashtra,Sharbati
2007-12-28,Wheat,1,Amarawati,FAQ,Achalpur,1130,950,1040,Maharashtra,Other
2007-12-28,Wheat,1,Amarawati,FAQ,Amarawati,1150,950,1050,Maharashtra,147 Average
2007-12-28,Wheat,1,Buldhana,FAQ,Lonar,925,900,910,Maharashtra,Other
2007-12-28,Wheat,1,Ahmednagar,FAQ,Rahuri(Vambori),1142,1001,1071,Maharashtra,Other
2007-12-28,Wheat,1,Pune,FAQ,Dound,1215,1011,1150,Maharashtra,Maharashtra 2189
2007-12-28,Wheat,1,Thane,FAQ,Palghar,1451,1250,1350,Maharashtra,Other
2007-12-28,Wheat,1,Jalgaon,FAQ,Jalgaon(Masawat),1000,1000,1000,Maharashtra,147 Average
2007-12-28,Wheat,1,Jalgaon,FAQ,Amalner,1140,1030,1085,Maharashtra,Other
2007-12-28,Wheat,1,Sholapur,FAQ,Barshi,1325,1000,1325,Maharashtra,Other
2007-12-28,Wheat,1,Jalgaon,FAQ,Chalisgaon,1200,950,1080,Maharashtra,Maharashtra 2189
2007-12-28,Wheat,1,Hingoli,FAQ,Sengoan,1050,900,1000,Maharashtra,Other
2007-12-28,Wheat,1,Buldhana,FAQ,Mehekar,1150,950,1050,Maharashtra,Other
2007-12-28,Wheat,1,Vashim,FAQ,Washim,1150,1050,1100,Maharashtra,Maharashtra 2189
2007-12-29,Wheat,1,Parbhani,FAQ,Parbhani,1041,1041,1041,Maharashtra,Maharashtra 2189
2007-12-29,Wheat,1,Vashim,FAQ,Washim,1100,1000,1050,Maharashtra,Maharashtra 2189
2007-12-29,Wheat,1,Ahmednagar,FAQ,Kopargaon,1140,1050,1075,Maharashtra,Other
2007-12-29,Wheat,1,Hingoli,FAQ,Sengoan,1050,900,1020,Maharashtra,Other
2007-12-29,Wheat,1,Thane,FAQ,Kalyan,1450,1350,1400,Maharashtra,Sharbati
2007-12-29,Wheat,1,Chattrapati Sambhajinagar,FAQ,Vaijpur,1100,1025,1080,Maharashtra,Other
2007-12-29,Wheat,1,Jalgaon,FAQ,Parola,1202,900,1021,Maharashtra,Other
2007-12-30,Wheat,1,Jalana,FAQ,Bhokardan,1150,950,1050,Maharashtra,147 Average
2007-12-30,Wheat,1,Jalgaon,FAQ,Parola,1082,950,1010,Maharashtra,Other
2007-12-31,Wheat,1,Parbhani,FAQ,Jintur,1166,1097,1100,Maharashtra,Maharashtra 2189
2007-12-31,Wheat,1,Dhule,FAQ,Shirpur,1136,1000,1075,Maharashtra,Other
2007-12-31,Wheat,1,Sholapur,FAQ,Pandharpur,1250,1200,1200,Maharashtra,Other
2007-12-31,Wheat,1,Buldhana,FAQ,Khamgaon,1150,1000,1075,Maharashtra,Other
2010-01-01,Wheat,1,Beed,FAQ,Ambejaogai,1771,1280,1521,Maharashtra,Other
2010-01-01,Wheat,1,Dhule,FAQ,Dondaicha,1726,1125,1601,Maharashtra,Other
2010-01-01,Wheat,1,Ahmednagar,FAQ,Akole,1350,1100,1250,Maharashtra,Other
2010-01-01,Wheat,1,Chattrapati Sambhajinagar,FAQ,Paithan,1671,1350,1465,Maharashtra,Bansi
2010-01-01,Wheat,1,Ahmednagar,FAQ,Shevgaon,1700,1351,1600,Maharashtra,Other
2010-01-01,Wheat,1,Ahmednagar,FAQ,Sangamner,1650,1300,1475,Maharashtra,Other
2010-01-01,Wheat,1,Buldhana,FAQ,Sangrampur(Varvatbakal),1600,1200,1500,Maharashtra,Other
2010-01-02,Wheat,1,Beed,FAQ,Kille Dharur,1565,1330,1425,Maharashtra,Other
2010-01-02,Wheat,1,Ahmednagar,FAQ,Shevgaon(Bodhegaon),1750,1600,1725,Maharashtra,Other
2010-01-02,Wheat,1,Ahmednagar,FAQ,Kopargaon,1782,1400,1650,Maharashtra,Other
2010-01-02,Wheat,1,Chattrapati Sambhajinagar,FAQ,Gangapur,1660,1451,1575,Maharashtra,Other
2010-01-02,Wheat,1,Jalgaon,FAQ,Amalner,1615,1300,1455,Maharashtra,Other
2010-01-03,Wheat,1,Jalana,FAQ,Bhokardan,1700,1500,1600,Maharashtra,Maharashtra 2189
2010-01-04,Wheat,1,Nashik,FAQ,Kalvan,1500,1351,1451,Maharashtra,Other
2010-01-04,Wheat,1,Ahmednagar,FAQ,Rahuri,1600,1400,1500,Maharashtra,Other
2010-01-04,Wheat,1,Bhandara,FAQ,Bhandara,1310,1260,1270,Maharashtra,Maharashtra 2189
2010-01-04,Wheat,1,Nanded,FAQ,Nanded,1711,1400,1485,Maharashtra,Other
2010-01-04,Wheat,1,Ahmednagar,FAQ,Shrirampur,1685,1200,1465,Maharashtra,Other
2010-01-05,Wheat,1,Beed,FAQ,Kille Dharur,1517,1375,1517,Maharashtra,Other
2010-01-05,Wheat,1,Jalgaon,FAQ,Jalgaon,1700,1601,1675,Maharashtra,147 Average
2010-01-05,Wheat,1,Ahmednagar,FAQ,Shrirampur,1675,1100,1375,Maharashtra,Other
2010-01-05,Wheat,1,Ahmednagar,FAQ,Jamkhed,1700,1500,1600,Maharashtra,Other
2010-01-05,Wheat,1,Buldhana,FAQ,Sindkhed Raja,1750,1600,1705,Maharashtra,Other
2010-01-06,Wheat,1,Nashik,FAQ,Devala,1565,1402,1425,Maharashtra,Maharashtra 2189
2010-01-06,Wheat,1,Chattrapati Sambhajinagar,FAQ,Vaijpur,1581,1361,1515,Maharashtra,Other
2010-01-06,Wheat,1,Akola,FAQ,Telhara,2150,2000,2075,Maharashtra,Other
2010-01-06,Wheat,1,Amarawati,FAQ,Dhamngaon-Railway,1481,1200,1340,Maharashtra,Other
2010-01-06,Wheat,1,Hingoli,FAQ,Jawala-Bajar,1600,1400,1500,Maharashtra,Other
2010-01-06,Wheat,1,Dhule,FAQ,Dondaicha,1731,1151,1662,Maharashtra,Other
2010-01-06,Wheat,1,Nandurbar,FAQ,Nandurbar,1700,1400,1700,Maharashtra,Other
2010-01-06,Wheat,1,Bhandara,FAQ,Tumsar,1325,1100,1210,Maharashtra,Other
2010-01-06,Wheat,1,Chattrapati Sambhajinagar,FAQ,Chattrapati Sambhajinagar,1725,1500,1600,Maharashtra,Other
2010-01-06,Wheat,1,Jalana,FAQ,Ambad (Vadigodri),2076,1350,1651,Maharashtra,Other
2010-01-06,Wheat,1,Ahmednagar,FAQ,Sangamner,1689,1365,1527,Maharashtra,Other
2010-01-06,Wheat,1,Jalgaon,FAQ,Amalner,1617,1426,1521,Maharashtra,Other
2010-01-06,Wheat,1,Buldhana,FAQ,Deoulgaon Raja,1600,1600,1600,Maharashtra,Other
2010-01-07,Wheat,1,Jalgaon,FAQ,Chopada,1525,1491,1525,Maharashtra,Other
2010-01-07,Wheat,1,Ahmednagar,FAQ,Shrirampur,1668,1300,1525,Maharashtra,Other
2010-01-07,Wheat,1,Jalana,FAQ,Partur,1626,1200,1401,Maharashtra,Maharashtra 2189
2010-01-07,Wheat,1,Buldhana,FAQ,Mehekar,1650,1425,1550,Maharashtra,Other
2010-01-07,Wheat,1,Amarawati,FAQ,Chandur Railway,1701,1701,1701,Maharashtra,Other
2010-01-07,Wheat,1,Buldhana,FAQ,Nandura,1725,1575,1601,Maharashtra,Other
2010-01-07,Wheat,1,Buldhana,FAQ,Chikali,1590,1400,1495,Maharashtra,Other
2010-01-07,Wheat,1,Chattrapati Sambhajinagar,FAQ,Lasur Station,1711,1300,1500,Maharashtra,Other
2010-01-07,Wheat,1,Nanded,FAQ,Nanded,1381,1381,1381,Maharashtra,Other
2010-01-07,Wheat,1,Ahmednagar,FAQ,Shevgaon(Bodhegaon),1750,1600,1700,Maharashtra,Other
2010-01-08,Wheat,1,Ahmednagar,FAQ,Shevgaon(Bodhegaon),1741,1625,1725,Maharashtra,Other
2010-01-08,Wheat,1,Nashik,FAQ,Kalvan,1500,1251,1451,Maharashtra,Other
2010-01-08,Wheat,1,Akola,FAQ,Akola,1625,1455,1550,Maharashtra,Other
2010-01-08,Wheat,1,Beed,FAQ,Ambejaogai,1725,1200,1550,Maharashtra,Other
2010-01-08,Wheat,1,Buldhana,FAQ,Khamgaon,1650,1500,1575,Maharashtra,Other
2010-01-08,Wheat,1,Bhandara,FAQ,Bhandara,1400,1400,1400,Maharashtra,Maharashtra 2189
2010-01-08,Wheat,1,Buldhana,FAQ,Lonar,1500,1200,1300,Maharashtra,Other
2010-01-08,Wheat,1,Nanded,FAQ,Loha,1801,1400,1600,Maharashtra,Other
2010-01-08,Wheat,1,Dhule,FAQ,Shirpur,1701,1400,1575,Maharashtra,Other
2010-01-08,Wheat,1,Buldhana,FAQ,Mehekar,1650,1550,1600,Maharashtra,Other
2010-01-09,Wheat,1,Ahmednagar,FAQ,Shrirampur,1681,1200,1450,Maharashtra,Other
2010-01-09,Wheat,1,Buldhana,FAQ,Shegaon,1650,1450,1550,Maharashtra,Other
2010-01-09,Wheat,1,Buldhana,FAQ,Sangrampur(Varvatbakal),1700,1200,1600,Maharashtra,Other
2010-01-09,Wheat,1,Chattrapati Sambhajinagar,FAQ,Gangapur,1635,1445,1600,Maharashtra,Other
2010-01-09,Wheat,1,Jalgaon,FAQ,Jalgaon,1750,1080,1675,Maharashtra,147 Average
2010-01-09,Wheat,1,Bhandara,FAQ,Bhandara,1400,1400,1400,Maharashtra,Maharashtra 2189
2010-01-09,Wheat,1,Ahmednagar,FAQ,Shevgaon,1700,1200,1500,Maharashtra,Other
2010-01-09,Wheat,1,Beed,FAQ,Majalgaon,2150,1171,1952,Maharashtra,Other
2010-01-09,Wheat,1,Bhandara,FAQ,Tumsar,1550,1375,1470,Maharashtra,Other
2010-01-10,Wheat,1,Bhandara,FAQ,Tumsar,1398,1380,1380,Maharashtra,Other
2010-01-10,Wheat,1,Ahmednagar,FAQ,Newasa,1451,1100,1225,Maharashtra,Other
2010-01-11,Wheat,1,Amarawati,FAQ,Morshi,1636,1400,1536,Maharashtra,Other
2010-01-11,Wheat,1,Amarawati,FAQ,Amarawati,1625,1450,1540,Maharashtra,Other
2010-01-11,Wheat,1,Ahmednagar,FAQ,Sangamner,1650,1350,1500,Maharashtra,Other
2010-01-11,Wheat,1,Jalana,FAQ,Jalana,1775,1500,1700,Maharashtra,Other
2010-01-11,Wheat,1,Nanded,FAQ,Loha,1761,1502,1625,Maharashtra,Other
2010-01-11,Wheat,1,Buldhana,FAQ,Deoulgaon Raja,1740,1500,1650,Maharashtra,Other
2010-01-11,Wheat,1,Jalana,FAQ,Jalna(Badnapur),1671,1600,1660,Maharashtra,Other
2010-01-12,Wheat,1,Ahmednagar,FAQ,Rahuri,1550,1350,1450,Maharashtra,Other
2010-01-12,Wheat,1,Nanded,FAQ,Nanded,1551,1431,1510,Maharashtra,Other
2010-01-12,Wheat,1,Ahmednagar,FAQ,Jamkhed,1900,1400,1650,Maharashtra,Other
2010-01-12,Wheat,1,Amarawati,FAQ,Chandur Railway,1601,1601,1601,Maharashtra,Other
2010-01-12,Wheat,1,Jalgaon,FAQ,Amalner,1740,1426,1590,Maharashtra,Other
2010-01-12,Wheat,1,Dhule,FAQ,Dhule,1752,1150,1525,Maharashtra,Other
2010-01-12,Wheat,1,Akola,FAQ,Telhara,1600,1500,1550,Maharashtra,Other
2010-01-13,Wheat,1,Nanded,FAQ,Bhokar,1520,1426,1500,Maharashtra,Other
2010-01-13,Wheat,1,Hingoli,FAQ,Hingoli,1810,1560,1665,Maharashtra,Other
2010-01-13,Wheat,1,Chattrapati Sambhajinagar,FAQ,Paithan,1620,1210,1522,Maharashtra,Other
2010-01-13,Wheat,1,Buldhana,FAQ,Lonar,1400,1200,1300,Maharashtra,Other
2010-01-13,Wheat,1,Buldhana,FAQ,Shegaon,1650,1500,1575,Maharashtra,Other
2010-01-13,Wheat,1,Amarawati,FAQ,Amarawati,1650,1500,1575,Maharashtra,Other
2010-01-13,Wheat,1,Buldhana,FAQ,Deoulgaon Raja,1750,1300,1700,Maharashtra,Other
2010-01-13,Wheat,1,Beed,FAQ,Ambejaogai,1700,1250,1600,Maharashtra,Other
2010-01-13,Wheat,1,Jalgaon,FAQ,Jalgaon,1713,1600,1675,Maharashtra,147 Average
2010-01-13,Wheat,1,Buldhana,FAQ,Khamgaon,1650,1475,1562,Maharashtra,Other
2010-01-14,Wheat,1,Jalana,FAQ,Jalana,1700,1665,1675,Maharashtra,Other
2010-01-15,Wheat,1,Hingoli,FAQ,Jawala-Bajar,1450,1300,1375,Maharashtra,Other
2010-01-15,Wheat,1,Ahmednagar,FAQ,Jamkhed,1900,1700,1800,Maharashtra,Other
2010-01-15,Wheat,1,Ahmednagar,FAQ,Shevgaon(Bodhegaon),1700,1511,1575,Maharashtra,Other
2010-01-15,Wheat,1,Ahmednagar,FAQ,Shevgaon,1700,1315,1550,Maharashtra,Other
2010-01-15,Wheat,1,Ahmednagar,FAQ,Kopargaon,1735,1440,1660,Maharashtra,Other
2010-01-15,Wheat,1,Ahmednagar,FAQ,Rahuri(Vambori),1711,1150,1430,Maharashtra,Other
2010-01-15,Wheat,1,Ahmednagar,FAQ,Sangamner,1651,1251,1451,Maharashtra,Other
2010-01-16,Wheat,1,Beed,FAQ,Kille Dharur,1501,1181,1500,Maharashtra,Other
2010-01-16,Wheat,1,Buldhana,FAQ,Chikali,1700,1391,1542,Maharashtra,Other
2010-01-16,Wheat,1,Ahmednagar,FAQ,Shevgaon,1700,1350,1550,Maharashtra,Other
2010-01-17,Wheat,1,Akola,FAQ,Balapur,1600,1150,1510,Maharashtra,Other
2010-01-17,Wheat,1,Ahmednagar,FAQ,Newasa,1575,1151,1375,Maharashtra,Other
2010-01-17,Wheat,1,Ahmednagar,FAQ,Shevgaon,1700,1300,1600,Maharashtra,Other
2010-01-18,Wheat,1,Nanded,FAQ,Nanded,1675,1375,1525,Maharashtra,Other
2010-01-18,Wheat,1,Hingoli,FAQ,Jawala-Bajar,1700,1500,1600,Maharashtra,Other
2010-01-18,Wheat,1,Bhandara,FAQ,Tumsar,1345,1345,1345,Maharashtra,Other
2010-01-19,Wheat,1,Jalana,FAQ,Bhokardan(Pimpalgaon Renu),1550,1400,1400,Maharashtra,147 Average
2010-01-19,Wheat,1,Chattrapati Sambhajinagar,FAQ,Gangapur,1678,1445,1550,Maharashtra,Other
2010-01-19,Wheat,1,Ahmednagar,FAQ,Shevgaon,1700,1300,1550,Maharashtra,Other
2010-01-19,Wheat,1,Jalana,FAQ,Jalana,1764,1375,1605,Maharashtra,Other
2010-01-20,Wheat,1,Beed,FAQ,Kada,1500,1351,1425,Maharashtra,Maharashtra 2189
2010-01-20,Wheat,1,Chattrapati Sambhajinagar,FAQ,Kannad,1550,1325,1325,Maharashtra,Other
2010-01-20,Wheat,1,Dhule,FAQ,Shirpur,1701,1330,1551,Maharashtra,Other
2010-01-20,Wheat,1,Jalgaon,FAQ,Jalgaon,1751,1675,1685,Maharashtra,147 Average
2010-01-21,Wheat,1,Buldhana,FAQ,Nandura,1751,1500,1626,Maharashtra,Other
2010-01-21,Wheat,1,Nanded,FAQ,Nanded,1601,1401,1441,Maharashtra,Other
2010-01-21,Wheat,1,Buldhana,FAQ,Mehekar,1700,1400,1600,Maharashtra,Other
2010-01-21,Wheat,1,Ahmednagar,FAQ,Jamkhed,1800,1500,1650,Maharashtra,Other
2010-01-21,Wheat,1,Jalgaon,FAQ,Chopada,1515,1515,1515,Maharashtra,Other
2010-01-21,Wheat,1,Ahmednagar,FAQ,Ahmednagar,2050,1500,1775,Maharashtra,Other
2010-01-21,Wheat,1,Chattrapati Sambhajinagar,FAQ,Chattrapati Sambhajinagar,1750,1225,1500,Maharashtra,Other
2010-01-21,Wheat,1,Chattrapati Sambhajinagar,FAQ,Gangapur,1634,1410,1550,Maharashtra,Other
2010-01-21,Wheat,1,Nandurbar,FAQ,Nandurbar,1697,1400,1550,Maharashtra,Other
2010-01-21,Wheat,1,Buldhana,FAQ,Chikali,1500,1300,1400,Maharashtra,Other
2010-01-21,Wheat,1,Dhule,FAQ,Dhule,1800,1135,1570,Maharashtra,Other
2010-01-21,Wheat,1,Jalana,FAQ,Ambad (Vadigodri),2018,1464,1701,Maharashtra,Other
2010-01-21,Wheat,1,Bhandara,FAQ,Bhandara,1610,1610,1610,Maharashtra,Maharashtra 2189
2010-01-21,Wheat,1,Dhule,FAQ,Shirpur,1611,1545,1575,Maharashtra,Other
2010-01-21,Wheat,1,Amarawati,FAQ,Achalpur,1600,1350,1475,Maharashtra,Other
2010-01-22,Wheat,1,Jalgaon,FAQ,Amalner,1751,1525,1640,Maharashtra,Other
2010-01-22,Wheat,1,Nandurbar,FAQ,Nandurbar,1625,1441,1550,Maharashtra,Other
2010-01-22,Wheat,1,Beed,FAQ,Gevrai,1802,1345,1500,Maharashtra,Other
2010-01-22,Wheat,1,Buldhana,FAQ,Khamgaon,1591,1591,1591,Maharashtra,Other
2010-01-22,Wheat,1,Nanded,FAQ,Nanded,1500,1350,1450,Maharashtra,Other
2010-01-22,Wheat,1,Nashik,FAQ,Kalvan,1651,1251,1551,Maharashtra,Other
2010-01-22,Wheat,1,Hingoli,FAQ,Hingoli,1800,1300,1550,Maharashtra,Other
2010-01-22,Wheat,1,Jalana,FAQ,Jalana,1800,1500,1700,Maharashtra,Other
2010-01-22,Wheat,1,Ahmednagar,FAQ,Jamkhed,1900,1800,1850,Maharashtra,Other
2010-01-22,Wheat,1,Chattrapati Sambhajinagar,FAQ,Lasur Station,1661,1300,1500,Maharashtra,Other
2010-01-22,Wheat,1,Jalana,FAQ,Ambad (Vadigodri),1792,1245,1766,Maharashtra,Other
2010-01-23,Wheat,1,Hingoli,FAQ,Hingoli,1800,1271,1535,Maharashtra,Other
2010-01-23,Wheat,1,Amarawati,FAQ,Anajngaon,1600,1500,1550,Maharashtra,Other
2010-01-23,Wheat,1,Dhule,FAQ,Dhule,1635,1110,1493,Maharashtra,Other
2010-01-23,Wheat,1,Jalgaon,FAQ,Amalner,1700,1525,1615,Maharashtra,Other
2010-01-23,Wheat,1,Ahmednagar,FAQ,Shevgaon(Bodhegaon),1750,1525,1600,Maharashtra,Other
2010-01-23,Wheat,1,Nashik,FAQ,Kalvan,1451,1251,1400,Maharashtra,Other
2010-01-23,Wheat,1,Buldhana,FAQ,Chikali,1701,1401,1550,Maharashtra,Other
2010-01-23,Wheat,1,Beed,FAQ,Majalgaon,2125,1401,1700,Maharashtra,Other
2010-01-23,Wheat,1,Bhandara,FAQ,Tumsar,1550,1550,1550,Maharashtra,Other
2010-01-23,Wheat,1,Ahmednagar,FAQ,Pathardi,1700,1400,1500,Maharashtra,Other
2010-01-23,Wheat,1,Ahmednagar,FAQ,Ahmednagar,1900,1425,1662,Maharashtra,Other
2010-01-23,Wheat,1,Dhule,FAQ,Dondaicha(Sindhkheda),1476,1450,1460,Maharashtra,Other
2010-01-24,Wheat,1,Dharashiv(Usmanabad),FAQ,Dharashiv,2041,1525,1780,Maharashtra,Maharashtra 2189
2010-01-24,Wheat,1,Chattrapati Sambhajinagar,FAQ,Kannad,1550,1365,1458,Maharashtra,Other
2010-01-25,Wheat,1,Buldhana,FAQ,Shegaon,1650,1350,1500,Maharashtra,Other
2010-01-25,Wheat,1,Beed,FAQ,Gevrai,1600,1400,1450,Maharashtra,Other
2010-01-25,Wheat,1,Chattrapati Sambhajinagar,FAQ,Chattrapati Sambhajinagar,1800,1500,1600,Maharashtra,Other
2010-01-25,Wheat,1,Buldhana,FAQ,Deoulgaon Raja,1800,1400,1500,Maharashtra,Other
2010-01-25,Wheat,1,Jalana,FAQ,Jalna(Badnapur),1600,1600,1600,Maharashtra,Other
2010-01-27,Wheat,1,Jalgaon,FAQ,Bhusaval,1627,1250,1550,Maharashtra,Other
2010-01-27,Wheat,1,Buldhana,FAQ,Lonar,1400,1300,1350,Maharashtra,Other
2010-01-27,Wheat,1,Buldhana,FAQ,Chikali,1600,1400,1500,Maharashtra,Other
2010-01-27,Wheat,1,Ahmednagar,FAQ,Shevgaon(Bodhegaon),1750,1550,1600,Maharashtra,Other
2010-01-27,Wheat,1,Dharashiv(Usmanabad),FAQ,Kalamb (Dharashiv),1700,1200,1350,Maharashtra,Maharashtra 2189
2010-01-27,Wheat,1,Nandurbar,FAQ,Shahada,1500,1425,1444,Maharashtra,Other
2010-01-28,Wheat,1,Chattrapati Sambhajinagar,FAQ,Chattrapati Sambhajinagar,1750,1400,1500,Maharashtra,Other
2010-01-28,Wheat,1,Dharashiv(Usmanabad),FAQ,Kalamb (Dharashiv),1654,1176,1400,Maharashtra,Maharashtra 2189
2010-01-28,Wheat,1,Buldhana,FAQ,Sangrampur(Varvatbakal),1725,1150,1500,Maharashtra,Other
2010-01-28,Wheat,1,Dharashiv(Usmanabad),FAQ,Dharashiv,1900,1400,1650,Maharashtra,Maharashtra 2189
2010-01-28,Wheat,1,Ahmednagar,FAQ,Jamkhed,1800,1400,1600,Maharashtra,Other
2010-01-28,Wheat,1,Ahmednagar,FAQ,Shevgaon(Bodhegaon),1700,1450,1550,Maharashtra,Other
2010-01-28,Wheat,1,Amarawati,FAQ,Achalpur,1650,1350,1500,Maharashtra,Other
2010-01-28,Wheat,1,Amarawati,FAQ,Amarawati,1750,1650,1700,Maharashtra,Other
2010-01-28,Wheat,1,Buldhana,FAQ,Jalgaon(Jamod),1500,1300,1400,Maharashtra,Other
2010-01-28,Wheat,1,Akola,FAQ,Akot,1721,1370,1621,Maharashtra,Other
2010-01-28,Wheat,1,Buldhana,FAQ,Shegaon,1950,1350,1800,Maharashtra,Other
2010-01-28,Wheat,1,Jalgaon,FAQ,Amalner,1600,1400,1507,Maharashtra,Other
2010-01-29,Wheat,1,Dhule,FAQ,Dondaicha(Sindhkheda),1492,1492,1492,Maharashtra,Other
2010-01-29,Wheat,1,Jalgaon,FAQ,Amalner,1725,1311,1518,Maharashtra,Other
2010-01-29,Wheat,1,Chattrapati Sambhajinagar,FAQ,Lasur Station,1500,1200,1400,Maharashtra,Other
2010-01-29,Wheat,1,Beed,FAQ,Majalgaon,2141,1525,2100,Maharashtra,Other
2010-01-29,Wheat,1,Jalana,FAQ,Jalana,1800,1475,1650,Maharashtra,Other
2010-01-30,Wheat,1,Nandurbar,FAQ,Navapur,1450,1300,1402,Maharashtra,Other
2010-01-30,Wheat,1,Dhule,FAQ,Dhule,1530,1225,1400,Maharashtra,Other
2010-01-30,Wheat,1,Hingoli,FAQ,Sengoan,1400,1400,1400,Maharashtra,Other
2010-01-30,Wheat,1,Ahmednagar,FAQ,Shevgaon(Bodhegaon),1600,1600,1600,Maharashtra,Other
2010-01-30,Wheat,1,Chattrapati Sambhajinagar,FAQ,Kannad,1550,1385,1468,Maharashtra,Other
2010-01-31,Wheat,1,Ahmednagar,FAQ,Shevgaon,1500,1225,1400,Maharashtra,Other
2010-02-01,Wheat,1,Hingoli,FAQ,Sengoan,1400,1400,1400,Maharashtra,Other
2010-02-01,Wheat,1,Hingoli,FAQ,Hingoli,1700,1350,1525,Maharashtra,Other
2010-02-01,Wheat,1,Hingoli,FAQ,Basmat,1576,1460,1518,Maharashtra,Other
2010-02-01,Wheat,1,Nashik,FAQ,Kalvan,1500,1151,1351,Maharashtra,Other
2010-02-01,Wheat,1,Jalgaon,FAQ,Chalisgaon,1500,1100,1370,Maharashtra,Maharashtra 2189
2010-02-01,Wheat,1,Buldhana,FAQ,Deoulgaon Raja,1600,1350,1535,Maharashtra,Other
2010-02-01,Wheat,1,Chattrapati Sambhajinagar,FAQ,Sillod,1600,1400,1500,Maharashtra,Other
2010-02-01,Wheat,1,Beed,FAQ,Gevrai,1450,1300,1400,Maharashtra,Other
2010-02-02,Wheat,1,Buldhana,FAQ,Jalgaon(Jamod),1600,1400,1500,Maharashtra,Other
2010-02-02,Wheat,1,Ahmednagar,FAQ,Shevgaon,1400,1200,1300,Maharashtra,Other
2010-02-02,Wheat,1,Buldhana,FAQ,Malkapur,1731,1250,1465,Maharashtra,Other
2010-02-02,Wheat,1,Ahmednagar,FAQ,Kopargaon,1671,1356,1450,Maharashtra,Other
2010-02-02,Wheat,1,Dhule,FAQ,Dhule,1615,1100,1425,Maharashtra,Other
2010-02-02,Wheat,1,Ahmednagar,FAQ,Rahata,1486,1268,1435,Maharashtra,Other
2010-02-02,Wheat,1,Ahmednagar,FAQ,Shevgaon(Bodhegaon),1560,1450,1500,Maharashtra,Other
2010-02-02,Wheat,1,Dharashiv(Usmanabad),FAQ,Kalamb (Dharashiv),1726,1100,1215,Maharashtra,Maharashtra 2189
2010-02-02,Wheat,1,Ahmednagar,FAQ,Rahuri,1575,1250,1415,Maharashtra,Other
2010-02-03,Wheat,1,Ahmednagar,FAQ,Pathardi,1450,1300,1400,Maharashtra,Other
2010-02-03,Wheat,1,Akola,FAQ,Akola,1611,1400,1505,Maharashtra,Other
2010-02-03,Wheat,1,Amarawati,FAQ,Morshi,1500,1400,1439,Maharashtra,Other
2010-02-03,Wheat,1,Hingoli,FAQ,Hingoli,1700,1350,1525,Maharashtra,Other
2010-02-03,Wheat,1,Buldhana,FAQ,Lonar,1400,1300,1350,Maharashtra,Other
2010-02-03,Wheat,1,Beed,FAQ,Kada,1501,1220,1400,Maharashtra,Other
2010-02-03,Wheat,1,Jalgaon,FAQ,Jalgaon,1675,1500,1611,Maharashtra,147 Average
2010-02-03,Wheat,1,Buldhana,FAQ,Chikali,1375,1200,1287,Maharashtra,Other
2010-02-04,Wheat,1,Jalgaon,FAQ,Chalisgaon,1400,1100,1260,Maharashtra,Other
2010-02-04,Wheat,1,Dhule,FAQ,Dondaicha,1582,1111,1451,Maharashtra,Other
2010-02-04,Wheat,1,Dhule,FAQ,Shirpur,1560,1200,1380,Maharashtra,Other
2010-02-04,Wheat,1,Nanded,FAQ,Naigaon,1400,1400,1400,Maharashtra,Other
2010-02-04,Wheat,1,Nandurbar,FAQ,Taloda,1280,1200,1276,Maharashtra,Other
2010-02-04,Wheat,1,Nashik,FAQ,Kalvan,1351,1151,1300,Maharashtra,Other
2010-02-04,Wheat,1,Buldhana,FAQ,Jalgaon(Jamod),1600,1400,1500,Maharashtra,Other
2010-02-04,Wheat,1,Buldhana,FAQ,Nandura,1625,1200,1375,Maharashtra,Other
2010-02-05,Wheat,1,Jalgaon,FAQ,Amalner,1611,1255,1455,Maharashtra,Other
2010-02-05,Wheat,1,Chattrapati Sambhajinagar,FAQ,Chattrapati Sambhajinagar,1600,1200,1500,Maharashtra,Other
2010-02-05,Wheat,1,Ahmednagar,FAQ,Sangamner,1601,1200,1400,Maharashtra,Other
2010-02-05,Wheat,1,Nanded,FAQ,Bhokar,1300,1300,1300,Maharashtra,Other
2010-02-05,Wheat,1,Amarawati,FAQ,Chandur Railway,1450,1450,1450,Maharashtra,Other
2010-02-05,Wheat,1,Chattrapati Sambhajinagar,FAQ,Kannad,1550,1300,1425,Maharashtra,Other
2010-02-05,Wheat,1,Bhandara,FAQ,Bhandara,1710,1610,1680,Maharashtra,Maharashtra 2189
2010-02-06,Wheat,1,Chattrapati Sambhajinagar,FAQ,Gangapur,1475,1340,1400,Maharashtra,Other
2010-02-06,Wheat,1,Nashik,FAQ,Kalvan,1300,1200,1300,Maharashtra,Other
2010-02-06,Wheat,1,Jalana,FAQ,Jalana,1715,1350,1650,Maharashtra,Other
2010-02-06,Wheat,1,Buldhana,FAQ,Deoulgaon Raja,1701,1250,1661,Maharashtra,Other
2010-02-06,Wheat,1,Buldhana,FAQ,Nandura,1625,1275,1381,Maharashtra,Other
2010-02-06,Wheat,1,Buldhana,FAQ,Lonar,1400,1300,1350,Maharashtra,Other
2010-02-06,Wheat,1,Beed,FAQ,Majalgaon,1500,1150,1300,Maharashtra,Other
2010-02-06,Wheat,1,Nanded,FAQ,Bhokar,1515,1300,1500,Maharashtra,Other
2010-02-06,Wheat,1,Chattrapati Sambhajinagar,FAQ,Chattrapati Sambhajinagar,1661,1200,1500,Maharashtra,Other
2010-02-07,Wheat,1,Beed,FAQ,Kada,1575,1100,1375,Maharashtra,Maharashtra 2189
2010-02-08,Wheat,1,Amarawati,FAQ,Chandur Railway,1501,1501,1501,Maharashtra,Other
2010-02-08,Wheat,1,Buldhana,FAQ,Chikali,1500,1300,1400,Maharashtra,Other
2010-02-08,Wheat,1,Chattrapati Sambhajinagar,FAQ,Chattrapati Sambhajinagar,1500,1300,1300,Maharashtra,Other
2010-02-08,Wheat,1,Dharashiv(Usmanabad),FAQ,Kalamb (Dharashiv),1825,1151,1426,Maharashtra,Maharashtra 2189
2010-02-08,Wheat,1,Jalgaon,FAQ,Jalgaon,1661,1475,1625,Maharashtra,147 Average
2010-02-08,Wheat,1,Ahmednagar,FAQ,Shrirampur,1551,1200,1375,Maharashtra,Other
2010-02-08,Wheat,1,Akola,FAQ,Murtizapur,1701,1516,1651,Maharashtra,Other
2010-02-08,Wheat,1,Ahmednagar,FAQ,Rahata,1486,1200,1395,Maharashtra,Other
2010-02-08,Wheat,1,Nanded,FAQ,Naigaon,1500,1300,1400,Maharashtra,Other
2010-02-08,Wheat,1,Buldhana,FAQ,Mehekar,1735,1300,1600,Maharashtra,Other
2010-02-08,Wheat,1,Nanded,FAQ,Bhokar,1525,1250,1350,Maharashtra,Other
2010-02-08,Wheat,1,Hingoli,FAQ,Sengoan,1500,1200,1350,Maharashtra,Other
2010-02-09,Wheat,1,Hingoli,FAQ,Jawala-Bajar,1500,1300,1400,Maharashtra,Other
2010-02-09,Wheat,1,Nashik,FAQ,Kalvan,1400,1080,1400,Maharashtra,Other
2010-02-09,Wheat,1,Dharashiv(Usmanabad),FAQ,Kalamb (Dharashiv),1800,1151,1305,Maharashtra,Maharashtra 2189
2010-02-09,Wheat,1,Ahmednagar,FAQ,Shevgaon,1500,1200,1350,Maharashtra,Other
2010-02-09,Wheat,1,Nashik,FAQ,Devala,1426,1271,1376,Maharashtra,Maharashtra 2189
2010-02-09,Wheat,1,Buldhana,FAQ,Mehekar,1750,1200,1540,Maharashtra,Other
2010-02-09,Wheat,1,Nanded,FAQ,Naigaon,1500,1300,1400,Maharashtra,Other
2010-02-09,Wheat,1,Chattrapati Sambhajinagar,FAQ,Paithan,1560,1282,1470,Maharashtra,Bansi
2010-02-09,Wheat,1,Buldhana,FAQ,Jalgaon(Jamod),1550,1400,1475,Maharashtra,Other
2010-02-09,Wheat,1,Akola,FAQ,Akola,1575,1250,1425,Maharashtra,Other
2010-02-10,Wheat,1,Amarawati,FAQ,Morshi,1600,1500,1547,Maharashtra,Other
2010-02-10,Wheat,1,Hingoli,FAQ,Hingoli,1750,1352,1551,Maharashtra,Other
2010-02-10,Wheat,1,Dhule,FAQ,Dondaicha(Sindhkheda),1300,1300,1300,Maharashtra,Other
2010-02-10,Wheat,1,Jalana,FAQ,Jalana,1800,1200,1721,Maharashtra,Other
2010-02-10,Wheat,1,Buldhana,FAQ,Mehekar,1700,1250,1550,Maharashtra,Other
2010-02-10,Wheat,1,Beed,FAQ,Parali Vaijyanath,1550,1200,1500,Maharashtra,Other
2010-02-10,Wheat,1,Jalana,FAQ,Mantha,2000,1600,1725,Maharashtra,Other
2010-02-10,Wheat,1,Buldhana,FAQ,Chikali,1650,1450,1550,Maharashtra,Other
2010-02-10,Wheat,1,Ahmednagar,FAQ,Pathardi,1700,1300,1550,Maharashtra,Other
2010-02-10,Wheat,1,Ahmednagar,FAQ,Ahmednagar,1660,1375,1517,Maharashtra,Other
2010-02-10,Wheat,1,Ahmednagar,FAQ,Sangamner,1535,1300,1414,Maharashtra,Other
2010-02-10,Wheat,1,Bhandara,FAQ,Tumsar,1325,1300,1310,Maharashtra,Other
2010-02-11,Wheat,1,Beed,FAQ,Majalgaon,1800,1400,1700,Maharashtra,Other
2010-02-11,Wheat,1,Buldhana,FAQ,Malkapur,1740,1415,1561,Maharashtra,Other
2010-02-11,Wheat,1,Jalgaon,FAQ,Chopada,1400,1100,1355,Maharashtra,Other
2010-02-11,Wheat,1,Nashik,FAQ,Devala,1542,1290,1394,Maharashtra,Maharashtra 2189
2010-02-11,Wheat,1,Buldhana,FAQ,Lonar,1175,1100,1150,Maharashtra,Other
2010-02-11,Wheat,1,Nanded,FAQ,Nanded,1351,1305,1315,Maharashtra,Other
2010-02-12,Wheat,1,Ahmednagar,FAQ,Rahata,1575,1285,1475,Maharashtra,Other
2010-02-13,Wheat,1,Ahmednagar,FAQ,Jamkhed,1600,1100,1350,Maharashtra,Other
2010-02-13,Wheat,1,Jalgaon,FAQ,Jalgaon,1655,1400,1450,Maharashtra,147 Average
2010-02-13,Wheat,1,Buldhana,FAQ,Sangrampur(Varvatbakal),1800,1200,1500,Maharashtra,Other
2010-02-13,Wheat,1,Ahmednagar,FAQ,Rahuri,1625,1625,1625,Maharashtra,Other
2010-02-14,Wheat,1,Ahmednagar,FAQ,Pathardi,1600,1100,1265,Maharashtra,Other
2010-02-14,Wheat,1,Bhandara,FAQ,Tumsar,1325,1300,1310,Maharashtra,Other
2010-02-14,Wheat,1,Hingoli,FAQ,Jawala-Bajar,1450,1300,1375,Maharashtra,Other
2010-02-15,Wheat,1,Ahmednagar,FAQ,Shevgaon(Bodhegaon),1600,1400,1500,Maharashtra,Other
2010-02-15,Wheat,1,Akola,FAQ,Akola,1515,1300,1300,Maharashtra,Other
2010-02-15,Wheat,1,Ahmednagar,FAQ,Ahmednagar,1800,1300,1550,Maharashtra,Other
2010-02-15,Wheat,1,Amarawati,FAQ,Amarawati,1600,1450,1525,Maharashtra,147 Average
2010-02-15,Wheat,1,Nanded,FAQ,Himalyatnagar,1600,1450,1500,Maharashtra,Other
2010-02-16,Wheat,1,Jalgaon,FAQ,Jalgaon,1675,1400,1651,Maharashtra,147 Average
2010-02-16,Wheat,1,Jalgaon,FAQ,Amalner,1631,1213,1450,Maharashtra,Other
2010-02-16,Wheat,1,Jalgaon,FAQ,Chalisgaon,1700,1100,1450,Maharashtra,Maharashtra 2189
2010-02-16,Wheat,1,Ahmednagar,FAQ,Ahmednagar,1751,1100,1425,Maharashtra,Other
2010-02-16,Wheat,1,Chattrapati Sambhajinagar,FAQ,Gangapur,1425,1360,1400,Maharashtra,Other
2010-02-16,Wheat,1,Dhule,FAQ,Shirpur,1570,1175,1350,Maharashtra,Other
2010-02-16,Wheat,1,Buldhana,FAQ,Jalgaon Jamod(Aasalgaon),1500,1300,1400,Maharashtra,Other
2010-02-16,Wheat,1,Jalgaon,FAQ,Chopada,1431,1189,1400,Maharashtra,Other
2010-02-16,Wheat,1,Ahmednagar,FAQ,Shevgaon,1500,1251,1351,Maharashtra,Other
2010-02-16,Wheat,1,Ahmednagar,FAQ,Rahuri(Vambori),1500,1250,1375,Maharashtra,Other
2010-02-16,Wheat,1,Nashik,FAQ,Kalvan,1351,1080,1300,Maharashtra,Other
2010-02-16,Wheat,1,Chattrapati Sambhajinagar,FAQ,Sillod,1450,1400,1425,Maharashtra,Other
2010-02-17,Wheat,1,Buldhana,FAQ,Chikali,1500,1300,1400,Maharashtra,Other
2010-02-17,Wheat,1,Jalgaon,FAQ,Amalner,1366,1250,1301,Maharashtra,Other
2010-02-17,Wheat,1,Nanded,FAQ,Loha,1525,1211,1462,Maharashtra,Other
2010-02-17,Wheat,1,Amarawati,FAQ,Morshi,1600,1400,1519,Maharashtra,Other
2010-02-17,Wheat,1,Chattrapati Sambhajinagar,FAQ,Paithan,1625,1300,1552,Maharashtra,Bansi
2010-02-17,Wheat,1,Jalgaon,FAQ,Chopada,1450,1222,1323,Maharashtra,Other
2010-02-17,Wheat,1,Nashik,FAQ,Devala,1455,1270,1335,Maharashtra,Maharashtra 2189
2010-02-17,Wheat,1,Buldhana,FAQ,Shegaon,1575,1450,1512,Maharashtra,Other
2010-02-17,Wheat,1,Chattrapati Sambhajinagar,FAQ,Lasur Station,1590,1180,1480,Maharashtra,Other
2010-02-17,Wheat,1,Buldhana,FAQ,Mehekar,1450,1200,1350,Maharashtra,Other
2010-02-17,Wheat,1,Ahmednagar,FAQ,Rahuri(Vambori),1461,1250,1355,Maharashtra,Other
2010-02-17,Wheat,1,Nandurbar,FAQ,Nandurbar,1475,1200,1325,Maharashtra,Other
2010-02-17,Wheat,1,Ahmednagar,FAQ,Shevgaon(Bodhegaon),1551,1450,1500,Maharashtra,Other
2010-02-17,Wheat,1,Beed,FAQ,Ambejaogai,1601,1100,1470,Maharashtra,Other
2010-02-18,Wheat,1,Buldhana,FAQ,Deoulgaon Raja,1711,1300,1375,Maharashtra,Other
2010-02-18,Wheat,1,Ahmednagar,FAQ,Jamkhed,1600,1200,1400,Maharashtra,Other
2010-02-18,Wheat,1,Jalgaon,FAQ,Chalisgaon,1600,1100,1440,Maharashtra,Maharashtra 2189
2010-02-18,Wheat,1,Akola,FAQ,Akot,1600,1350,1537,Maharashtra,Other
2010-02-18,Wheat,1,Hingoli,FAQ,Sengoan,1350,1200,1300,Maharashtra,Other
2010-02-18,Wheat,1,Nashik,FAQ,Devala,1501,1321,1461,Maharashtra,Maharashtra 2189
2010-02-19,Wheat,1,Ahmednagar,FAQ,Ahmednagar,1800,1351,1575,Maharashtra,Other
2010-02-19,Wheat,1,Amarawati,FAQ,Morshi,1536,1080,1439,Maharashtra,Other
2010-02-20,Wheat,1,Chattrapati Sambhajinagar,FAQ,Lasur Station,1625,1200,1400,Maharashtra,Other
2010-02-20,Wheat,1,Dhule,FAQ,Dondaicha(Sindhkheda),1349,1347,1348,Maharashtra,Other
2010-02-20,Wheat,1,Buldhana,FAQ,Nandura,1650,1200,1500,Maharashtra,Other
2010-02-20,Wheat,1,Nanded,FAQ,Loha,1305,1305,1305,Maharashtra,Other
2010-02-20,Wheat,1,Ahmednagar,FAQ,Rahata,1551,1365,1415,Maharashtra,Other
2010-02-20,Wheat,1,Amarawati,FAQ,Anajngaon,1650,1450,1550,Maharashtra,Other
2010-02-20,Wheat,1,Chattrapati Sambhajinagar,FAQ,Chattrapati Sambhajinagar,1650,1200,1450,Maharashtra,Other
2010-02-20,Wheat,1,Beed,FAQ,Gevrai,1900,1100,1610,Maharashtra,Other
2010-02-20,Wheat,1,Amarawati,FAQ,Amarawati,1650,1400,1525,Maharashtra,147 Average
2010-02-20,Wheat,1,Ahmednagar,FAQ,Jamkhed,1500,1200,1350,Maharashtra,Other
2010-02-20,Wheat,1,Jalana,FAQ,Jalana,1700,1250,1600,Maharashtra,Other
2010-02-21,Wheat,1,Chattrapati Sambhajinagar,FAQ,Paithan,1590,1500,1590,Maharashtra,Bansi
2010-02-22,Wheat,1,Ahmednagar,FAQ,Shevgaon(Bodhegaon),1500,1110,1250,Maharashtra,Other
2010-02-22,Wheat,1,Dhule,FAQ,Dondaicha(Sindhkheda),1255,1191,1225,Maharashtra,Other
2010-02-22,Wheat,1,Chattrapati Sambhajinagar,FAQ,Lasur Station,1611,1150,1400,Maharashtra,Other
2010-02-22,Wheat,1,Nandurbar,FAQ,Nandurbar,1345,1145,1345,Maharashtra,Other
2010-02-22,Wheat,1,Ahmednagar,FAQ,Jamkhed,1500,1100,1300,Maharashtra,Other
2010-02-22,Wheat,1,Jalgaon,FAQ,Chalisgaon,1600,1100,1430,Maharashtra,Maharashtra 2189
2010-02-22,Wheat,1,Buldhana,FAQ,Deoulgaon Raja,1551,1200,1475,Maharashtra,Other
2010-02-22,Wheat,1,Buldhana,FAQ,Khamgaon,1450,1100,1275,Maharashtra,Other
2010-02-22,Wheat,1,Nanded,FAQ,Loha,1681,1100,1501,Maharashtra,Other
2010-02-23,Wheat,1,Amarawati,FAQ,Achalpur,1650,1330,1490,Maharashtra,Other
2010-02-23,Wheat,1,Ahmednagar,FAQ,Jamkhed,1500,1200,1350,Maharashtra,Other
2010-02-23,Wheat,1,Hingoli,FAQ,Basmat,1380,1275,1327,Maharashtra,Other
2010-02-23,Wheat,1,Dhule,FAQ,Dondaicha,1508,1132,1288,Maharashtra,Other
2010-02-23,Wheat,1,Akola,FAQ,Telhara,1300,1100,1150,Maharashtra,Other
2010-02-23,Wheat,1,Nashik,FAQ,Devala,1370,1255,1280,Maharashtra,Maharashtra 2189
2010-02-23,Wheat,1,Ahmednagar,FAQ,Shevgaon(Bodhegaon),1400,1100,1300,Maharashtra,Other
2010-02-24,Wheat,1,Akola,FAQ,Akola,1375,1100,1245,Maharashtra,Other
2010-02-24,Wheat,1,Dhule,FAQ,Dondaicha,1411,1201,1262,Maharashtra,Other
2010-02-24,Wheat,1,Nashik,FAQ,Devala,1360,1227,1300,Maharashtra,Maharashtra 2189
2010-02-24,Wheat,1,Amarawati,FAQ,Chandur Railway,1205,1151,1178,Maharashtra,Other
2010-02-24,Wheat,1,Buldhana,FAQ,Buldhana(Dhad),1400,1100,1280,Maharashtra,Other
2010-02-24,Wheat,1,Jalana,FAQ,Jalana,2000,2000,2000,Maharashtra,Other
2010-02-24,Wheat,1,Beed,FAQ,Majalgaon,1880,1355,1650,Maharashtra,Other
2010-02-24,Wheat,1,Buldhana,FAQ,Mehekar,1500,1250,1300,Maharashtra,Other
2010-02-25,Wheat,1,Ahmednagar,FAQ,Kopargaon,1500,1240,1411,Maharashtra,Other
2010-02-25,Wheat,1,Jalgaon,FAQ,Amalner,1586,1150,1370,Maharashtra,Other
2010-02-25,Wheat,1,Dhule,FAQ,Dondaicha(Sindhkheda),1225,1175,1200,Maharashtra,Other
2010-02-25,Wheat,1,Dharashiv(Usmanabad),FAQ,Kalamb (Dharashiv),1801,1146,1371,Maharashtra,Maharashtra 2189
2010-02-25,Wheat,1,Ahmednagar,FAQ,Jamkhed,1450,1200,1325,Maharashtra,Other
2010-02-26,Wheat,1,Buldhana,FAQ,Lonar,1300,1200,1250,Maharashtra,Other
2010-02-26,Wheat,1,Dhule,FAQ,Dhule,1401,1080,1201,Maharashtra,Other
2010-02-26,Wheat,1,Buldhana,FAQ,Deoulgaon Raja,1800,1175,1500,Maharashtra,Other
2010-02-26,Wheat,1,Buldhana,FAQ,Shegaon,1450,1250,1350,Maharashtra,Other
2010-02-26,Wheat,1,Beed,FAQ,Gevrai,1601,1100,1310,Maharashtra,Other
2010-02-26,Wheat,1,Bhandara,FAQ,Bhandara,1160,1160,1160,Maharashtra,Maharashtra 2189
2010-02-26,Wheat,1,Nashik,FAQ,Kalvan,1426,1080,1400,Maharashtra,Other
2010-02-26,Wheat,1,Hingoli,FAQ,Kalamnuri,1300,1260,1300,Maharashtra,Maharashtra 2189
2010-02-27,Wheat,1,Buldhana,FAQ,Jalgaon(Jamod),1300,1100,1200,Maharashtra,Other
2010-02-27,Wheat,1,Nanded,FAQ,Hadgaon,1450,1350,1400,Maharashtra,Other
2010-02-27,Wheat,1,Ahmednagar,FAQ,Ahmednagar,1800,1241,1520,Maharashtra,Other
2010-02-28,Wheat,1,Ahmednagar,FAQ,Shrirampur,1691,1125,1375,Maharashtra,Other
2010-02-28,Wheat,1,Akola,FAQ,Balapur,1500,1150,1170,Maharashtra,Other
2010-03-01,Wheat,1,Ahmednagar,FAQ,Rahuri,1200,1125,1162,Maharashtra,Other
2010-03-02,Wheat,1,Bhandara,FAQ,Bhandara,1350,1350,1350,Maharashtra,Maharashtra 2189
2010-03-02,Wheat,1,Nashik,FAQ,Kalvan,1335,1151,1300,Maharashtra,Other
2010-03-02,Wheat,1,Jalgaon,FAQ,Bhusaval,1415,1080,1275,Maharashtra,Other
2010-03-02,Wheat,1,Akola,FAQ,Murtizapur,1401,1116,1321,Maharashtra,Other
2010-03-02,Wheat,1,Dhule,FAQ,Dondaicha(Sindhkheda),1280,1200,1250,Maharashtra,Other
2010-03-02,Wheat,1,Ahmednagar,FAQ,Ahmednagar,1800,1215,1507,Maharashtra,Other
2010-03-02,Wheat,1,Jalana,FAQ,Mantha,1300,1200,1250,Maharashtra,Other
2010-03-02,Wheat,1,Chattrapati Sambhajinagar,FAQ,Sillod(Bharadi),1225,1200,1215,Maharashtra,Other
2010-03-02,Wheat,1,Beed,FAQ,Majalgaon,1700,1291,1550,Maharashtra,Other
2010-03-03,Wheat,1,Dhule,FAQ,Dhule,1350,1100,1160,Maharashtra,Other
2010-03-03,Wheat,1,Hingoli,FAQ,Hingoli,1550,1320,1435,Maharashtra,Other
2010-03-03,Wheat,1,Chattrapati Sambhajinagar,FAQ,Gangapur,1379,1264,1300,Maharashtra,Other
2010-03-03,Wheat,1,Hingoli,FAQ,Sengoan,1300,1200,1250,Maharashtra,Other
2010-03-03,Wheat,1,Chattrapati Sambhajinagar,FAQ,Lasur Station,1525,1150,1361,Maharashtra,Other
2010-03-04,Wheat,1,Ahmednagar,FAQ,Rahuri,1275,1180,1227,Maharashtra,Other
2010-03-04,Wheat,1,Nandurbar,FAQ,Nandurbar,1400,1100,1260,Maharashtra,Other
2010-03-04,Wheat,1,Dhule,FAQ,Dondaicha(Sindhkheda),1310,1290,1300,Maharashtra,Other
2010-03-04,Wheat,1,Amarawati,FAQ,Amarawati,1700,1400,1550,Maharashtra,147 Average
2010-03-05,Wheat,1,Jalgaon,FAQ,Amalner,1617,1426,1521,Maharashtra,Other
2010-03-05,Wheat,1,Chattrapati Sambhajinagar,FAQ,Lasur Station,1425,1150,1300,Maharashtra,Other
2010-03-05,Wheat,1,Akola,FAQ,Akola,1361,1130,1255,Maharashtra,Other
2010-03-05,Wheat,1,Jalana,FAQ,Jalna(Badnapur),1400,1400,1400,Maharashtra,Other
2010-03-05,Wheat,1,Ahmednagar,FAQ,Rahuri,1200,1150,1175,Maharashtra,Other
2010-03-05,Wheat,1,Amarawati,FAQ,Amarawati,1600,1250,1425,Maharashtra,147 Average
2010-03-05,Wheat,1,Dhule,FAQ,Dondaicha(Sindhkheda),1345,1160,1275,Maharashtra,Other
2010-03-05,Wheat,1,Nanded,FAQ,Naigaon,1250,1100,1200,Maharashtra,Other
2010-03-06,Wheat,1,Dhule,FAQ,Dhule,1370,1080,1321,Maharashtra,Other
2010-03-06,Wheat,1,Buldhana,FAQ,Lonar,1300,1200,1250,Maharashtra,Other
2010-03-06,Wheat,1,Buldhana,FAQ,Malkapur,1449,1140,1251,Maharashtra,Other
2010-03-06,Wheat,1,Chattrapati Sambhajinagar,FAQ,Chattrapati Sambhajinagar,1550,1225,1431,Maharashtra,Other
2010-03-06,Wheat,1,Bhandara,FAQ,Bhandara,1300,1100,1180,Maharashtra,Maharashtra 2189
2010-03-06,Wheat,1,Buldhana,FAQ,Sangrampur(Varvatbakal),1240,1080,1200,Maharashtra,Other
2010-03-08,Wheat,1,Jalana,FAQ,Partur,1582,1380,1560,Maharashtra,Maharashtra 2189
2010-03-08,Wheat,1,Hingoli,FAQ,Basmat,1281,1200,1240,Maharashtra,Other
2010-03-08,Wheat,1,Ahmednagar,FAQ,Karjat(Rashin),1450,1250,1350,Maharashtra,Other
2010-03-08,Wheat,1,Nanded,FAQ,Naigaon,1200,1150,1175,Maharashtra,Other
2010-03-08,Wheat,1,Ahmednagar,FAQ,Ahmednagar,1611,1250,1430,Maharashtra,Other
2010-03-08,Wheat,1,Buldhana,FAQ,Shegaon,1450,1300,1375,Maharashtra,Other
2010-03-09,Wheat,1,Akola,FAQ,Akot,1450,1200,1387,Maharashtra,Other
2010-03-09,Wheat,1,Hingoli,FAQ,Sengoan,1300,1200,1225,Maharashtra,Other
2010-03-09,Wheat,1,Nanded,FAQ,Bhokar,1500,1200,1260,Maharashtra,Other
2010-03-09,Wheat,1,Jalana,FAQ,Mantha,1300,1150,1225,Maharashtra,Other
2010-03-09,Wheat,1,Amarawati,FAQ,Dhamngaon-Railway,1180,1100,1140,Maharashtra,Other
2010-03-09,Wheat,1,Nashik,FAQ,Kalvan,1400,1151,1300,Maharashtra,Other
2010-03-09,Wheat,1,Ahmednagar,FAQ,Jamkhed,1450,1200,1325,Maharashtra,Other
2010-03-09,Wheat,1,Jalana,FAQ,Jalana,2111,2111,2111,Maharashtra,Other
2010-03-09,Wheat,1,Ahmednagar,FAQ,Shevgaon,1301,1100,1200,Maharashtra,Other
2010-03-09,Wheat,1,Amarawati,FAQ,Anajngaon,1500,1300,1400,Maharashtra,Other
2010-03-09,Wheat,1,Hingoli,FAQ,Jawala-Bajar,1300,1200,1250,Maharashtra,Other
2010-03-09,Wheat,1,Dhule,FAQ,Dhule,1450,1080,1220,Maharashtra,Other
2010-03-10,Wheat,1,Nanded,FAQ,Bhokar,1300,1080,1240,Maharashtra,Other
2010-03-10,Wheat,1,Hingoli,FAQ,Hingoli,1600,1300,1450,Maharashtra,Other
2010-03-10,Wheat,1,Ahmednagar,FAQ,Pathardi,1400,1150,1300,Maharashtra,Other
2010-03-10,Wheat,1,Amarawati,FAQ,Chandur Railway,1200,1175,1188,Maharashtra,Other
2010-03-10,Wheat,1,Buldhana,FAQ,Mehekar,1400,1100,1300,Maharashtra,Other
2010-03-10,Wheat,1,Jalgaon,FAQ,Bhusaval,1300,1300,1300,Maharashtra,Other
2010-03-10,Wheat,1,Dhule,FAQ,Dondaicha,1561,1101,1251,Maharashtra,Other
2010-03-10,Wheat,1,Jalana,FAQ,Jalana,1950,1300,1651,Maharashtra,Other
2010-03-10,Wheat,1,Chattrapati Sambhajinagar,FAQ,Sillod,1300,1100,1200,Maharashtra,Other
2010-03-10,Wheat,1,Ahmednagar,FAQ,Rahuri,1300,1275,1287,Maharashtra,Other
2010-03-11,Wheat,1,Jalgaon,FAQ,Bhusaval,1403,1150,1151,Maharashtra,Other
2010-03-11,Wheat,1,Buldhana,FAQ,Mehekar,1575,1400,1500,Maharashtra,Other
2010-03-11,Wheat,1,Dhule,FAQ,Dhule,1420,1155,1201,Maharashtra,Other
2010-03-11,Wheat,1,Buldhana,FAQ,Deoulgaon Raja,1600,1300,1425,Maharashtra,Other
2010-03-11,Wheat,1,Nanded,FAQ,Naigaon,1200,1100,1150,Maharashtra,Other
2010-03-11,Wheat,1,Hingoli,FAQ,Basmat,1371,1251,1311,Maharashtra,Other
2010-03-12,Wheat,1,Chattrapati Sambhajinagar,FAQ,Chattrapati Sambhajinagar,1500,1180,1350,Maharashtra,Other
2010-03-12,Wheat,1,Ahmednagar,FAQ,Akole,1300,1100,1250,Maharashtra,Other
2010-03-12,Wheat,1,Nashik,FAQ,Kalvan,1451,1175,1400,Maharashtra,Other
2010-03-12,Wheat,1,Dhule,FAQ,Dondaicha(Sindhkheda),1303,1178,1200,Maharashtra,Other
2010-03-12,Wheat,1,Ahmednagar,FAQ,Sangamner,1526,1177,1350,Maharashtra,Other
2010-03-12,Wheat,1,Nanded,FAQ,Loha,1414,1155,1185,Maharashtra,Other
2010-03-12,Wheat,1,Ahmednagar,FAQ,Jamkhed,1500,1200,1350,Maharashtra,Other
2010-03-12,Wheat,1,Dharashiv(Usmanabad),FAQ,Tuljapur,1100,1100,1100,Maharashtra,Other
2010-03-13,Wheat,1,Ahmednagar,FAQ,Rahuri(Vambori),1586,1200,1393,Maharashtra,Other
2010-03-13,Wheat,1,Chattrapati Sambhajinagar,FAQ,Chattrapati Sambhajinagar,1575,1080,1350,Maharashtra,Other
2010-03-13,Wheat,1,Dharashiv(Usmanabad),FAQ,Kalamb (Dharashiv),1551,1100,1380,Maharashtra,Maharashtra 2189
2010-03-13,Wheat,1,Bhandara,FAQ,Tumsar,1170,1100,1135,Maharashtra,Other
2010-03-13,Wheat,1,Amarawati,FAQ,Morshi,1380,1200,1278,Maharashtra,Other
2010-03-13,Wheat,1,Akola,FAQ,Murtizapur,1221,1100,1201,Maharashtra,Other
2010-03-15,Wheat,1,Hingoli,FAQ,Jawala-Bajar,1310,1230,1270,Maharashtra,Other
2010-03-15,Wheat,1,Hingoli,FAQ,Kalamnuri,1350,1350,1350,Maharashtra,Other
2010-03-15,Wheat,1,Jalgaon,FAQ,Amalner,1451,1165,1250,Maharashtra,Other
2010-03-15,Wheat,1,Dhule,FAQ,Dhule,1380,1170,1201,Maharashtra,Other
2010-03-15,Wheat,1,Ahmednagar,FAQ,Ahmednagar,1725,1241,1483,Maharashtra,Other
2010-03-15,Wheat,1,Chattrapati Sambhajinagar,FAQ,Sillod(Bharadi),1300,1200,1250,Maharashtra,Other
2010-03-16,Wheat,1,Dharashiv(Usmanabad),FAQ,Tuljapur,1300,1200,1250,Maharashtra,Other
2010-03-16,Wheat,1,Beed,FAQ,Ambejaogai,1400,1231,1311,Maharashtra,Other
2010-03-16,Wheat,1,Ahmednagar,FAQ,Ahmednagar,1651,1251,1451,Maharashtra,Other
2010-03-17,Wheat,1,Ahmednagar,FAQ,Ahmednagar,1541,1241,1391,Maharashtra,Other
2010-03-17,Wheat,1,Akola,FAQ,Akot,1250,1175,1231,Maharashtra,Other
2010-03-17,Wheat,1,Amarawati,FAQ,Dhamngaon-Railway,1301,1100,1200,Maharashtra,Other
2010-03-17,Wheat,1,Buldhana,FAQ,Shegaon,1450,1325,1387,Maharashtra,Other
2010-03-17,Wheat,1,Nandurbar,FAQ,Nandurbar,1425,1100,1270,Maharashtra,Other
2010-03-17,Wheat,1,Dharashiv(Usmanabad),FAQ,Tuljapur,1300,1200,1250,Maharashtra,Other
2010-03-18,Wheat,1,Beed,FAQ,Majalgaon,1825,1111,1550,Maharashtra,Other
2010-03-18,Wheat,1,Beed,FAQ,Parali Vaijyanath,1380,1200,1300,Maharashtra,Other
2010-03-18,Wheat,1,Nanded,FAQ,Dharmabad,1170,1165,1165,Maharashtra,Other
2010-03-18,Wheat,1,Dhule,FAQ,Dhule,1565,1170,1220,Maharashtra,Other
2010-03-18,Wheat,1,Ahmednagar,FAQ,Ahmednagar,1700,1261,1480,Maharashtra,Other
2010-03-18,Wheat,1,Jalgaon,FAQ,Bhusaval,1400,1125,1191,Maharashtra,Other
2010-03-18,Wheat,1,Jalgaon,FAQ,Chopada,1267,1171,1240,Maharashtra,Other
2010-03-18,Wheat,1,Buldhana,FAQ,Khamgaon,1300,1100,1200,Maharashtra,Other
2010-03-18,Wheat,1,Nashik,FAQ,Devala,1425,1230,1313,Maharashtra,Maharashtra 2189
2010-03-18,Wheat,1,Buldhana,FAQ,Lonar,1350,1250,1300,Maharashtra,Other
2010-03-18,Wheat,1,Hingoli,FAQ,Sengoan,1200,1150,1150,Maharashtra,Other
2010-03-18,Wheat,1,Hingoli,FAQ,Jawala-Bajar,1400,1200,1300,Maharashtra,Other
2010-03-19,Wheat,1,Buldhana,FAQ,Mehekar,1450,1100,1300,Maharashtra,Other
2010-03-19,Wheat,1,Jalana,FAQ,Jalana,2000,2000,2000,Maharashtra,Other
2010-03-19,Wheat,1,Nashik,FAQ,Devala,1375,1225,1271,Maharashtra,Maharashtra 2189
2010-03-19,Wheat,1,Ahmednagar,FAQ,Akole,1300,1100,1200,Maharashtra,Other
2010-03-19,Wheat,1,Chattrapati Sambhajinagar,FAQ,Sillod,1250,1150,1200,Maharashtra,Other
2010-03-19,Wheat,1,Jalgaon,FAQ,Amalner,1401,1190,1350,Maharashtra,Other
2010-03-19,Wheat,1,Nanded,FAQ,Nanded,1399,1200,1231,Maharashtra,Other
2010-03-19,Wheat,1,Hingoli,FAQ,Kalamnuri,1350,1325,1350,Maharashtra,Other
2010-03-19,Wheat,1,Hingoli,FAQ,Hingoli,1700,1200,1450,Maharashtra,Other
2010-03-20,Wheat,1,Akola,FAQ,Telhara,1160,1100,1130,Maharashtra,Other
2010-03-20,Wheat,1,Ahmednagar,FAQ,Kopargaon,1400,1200,1250,Maharashtra,Other
2010-03-20,Wheat,1,Chattrapati Sambhajinagar,FAQ,Lasur Station,1700,1100,1300,Maharashtra,Other
2010-03-20,Wheat,1,Buldhana,FAQ,Jalgaon(Jamod),1300,1100,1200,Maharashtra,Other
2010-03-21,Wheat,1,Chattrapati Sambhajinagar,FAQ,Paithan,1560,1270,1430,Maharashtra,Bansi
2010-03-21,Wheat,1,Hingoli,FAQ,Jawala-Bajar,1500,1150,1325,Maharashtra,Other
2010-03-21,Wheat,1,Ahmednagar,FAQ,Rahuri,1300,1200,1250,Maharashtra,Other
2010-03-22,Wheat,1,Chattrapati Sambhajinagar,FAQ,Lasur Station,1475,1150,1350,Maharashtra,Other
2010-03-22,Wheat,1,Buldhana,FAQ,Deoulgaon Raja,1975,1100,1900,Maharashtra,Other
2010-03-22,Wheat,1,Ahmednagar,FAQ,Sangamner,1450,1100,1275,Maharashtra,Other
2010-03-22,Wheat,1,Ahmednagar,FAQ,Shevgaon,1400,1100,1251,Maharashtra,Other
2010-03-22,Wheat,1,Bhandara,FAQ,Bhandara,1200,1080,1080,Maharashtra,Maharashtra 2189
2010-03-22,Wheat,1,Buldhana,FAQ,Lonar,1300,1150,1250,Maharashtra,Other
2010-03-22,Wheat,1,Amarawati,FAQ,Dhamngaon-Railway,1230,1100,1160,Maharashtra,Other
2010-03-22,Wheat,1,Buldhana,FAQ,Sangrampur(Varvatbakal),1550,1080,1400,Maharashtra,Other
2010-03-23,Wheat,1,Ahmednagar,FAQ,Shevgaon,1325,1200,1248,Maharashtra,Other
2010-03-23,Wheat,1,Nanded,FAQ,Nanded,1351,1125,1131,Maharashtra,Other
2010-03-23,Wheat,1,Chattrapati Sambhajinagar,FAQ,Sillod,1300,1200,1250,Maharashtra,Other
2010-03-23,Wheat,1,Chattrapati Sambhajinagar,FAQ,Sillod(Bharadi),1300,1200,1250,Maharashtra,Other
2010-03-24,Wheat,1,Ahmednagar,FAQ,Rahuri(Vambori),1776,1200,1488,Maharashtra,Other
2010-03-24,Wheat,1,Ahmednagar,FAQ,Rahuri,1400,1250,1325,Maharashtra,Other
2010-03-24,Wheat,1,Chattrapati Sambhajinagar,FAQ,Kannad,1250,1165,1208,Maharashtra,Other
2010-03-24,Wheat,1,Buldhana,FAQ,Jalgaon(Jamod),1400,1100,1250,Maharashtra,Other
2010-03-25,Wheat,1,Chattrapati Sambhajinagar,FAQ,Lasur Station,1625,1150,1400,Maharashtra,Other
2010-03-25,Wheat,1,Beed,FAQ,Gevrai,1851,1100,1410,Maharashtra,Other
2010-03-25,Wheat,1,Hingoli,FAQ,Basmat,1350,1225,1285,Maharashtra,Other
2010-03-25,Wheat,1,Ahmednagar,FAQ,Rahuri(Vambori),1672,1150,1411,Maharashtra,Other
2010-03-25,Wheat,1,Amarawati,FAQ,Amarawati,1500,1200,1350,Maharashtra,147 Average
2010-03-25,Wheat,1,Jalgaon,FAQ,Amalner,1531,951,1245,Maharashtra,Other
2010-03-25,Wheat,1,Amarawati,FAQ,Chandur Railway,1201,1100,1150,Maharashtra,Other
2010-03-25,Wheat,1,Buldhana,FAQ,Motala,1400,1250,1300,Maharashtra,Other
2010-03-26,Wheat,1,Buldhana,FAQ,Shegaon,1350,1250,1300,Maharashtra,Other
2010-03-26,Wheat,1,Ahmednagar,FAQ,Akole,1300,1100,1200,Maharashtra,Other
2010-03-26,Wheat,1,Ahmednagar,FAQ,Rahuri,1300,1175,1237,Maharashtra,Other
2010-03-26,Wheat,1,Jalana,FAQ,Mantha,1650,1200,1400,Maharashtra,Other
2010-03-26,Wheat,1,Akola,FAQ,Murtizapur,1226,1101,1201,Maharashtra,Other
2010-03-27,Wheat,1,Ahmednagar,FAQ,Kopargaon,1415,1160,1315,Maharashtra,Other
2010-03-27,Wheat,1,Nanded,FAQ,Nanded,1250,1121,1140,Maharashtra,Other
2010-03-27,Wheat,1,Ahmednagar,FAQ,Shevgaon(Bodhegaon),1425,1250,1300,Maharashtra,Other
2010-03-27,Wheat,1,Dharashiv(Usmanabad),FAQ,Kalamb (Dharashiv),1925,1171,1321,Maharashtra,Maharashtra 2189
2010-03-27,Wheat,1,Amarawati,FAQ,Chandur Railway,1100,1100,1100,Maharashtra,Other
2010-03-28,Wheat,1,Ahmednagar,FAQ,Newasa,1300,1175,1250,Maharashtra,Other
2010-03-28,Wheat,1,Nandurbar,FAQ,Navapur,1200,1100,1164,Maharashtra,Other
2010-03-28,Wheat,1,Hingoli,FAQ,Kalamnuri,1300,1300,1300,Maharashtra,Other
2010-03-28,Wheat,1,Ahmednagar,FAQ,Shevgaon,1451,1125,1350,Maharashtra,Other
2010-03-29,Wheat,1,Ahmednagar,FAQ,Ahmednagar,1600,1365,1482,Maharashtra,Other
2010-03-29,Wheat,1,Jalana,FAQ,Jalna(Badnapur),1200,1200,1200,Maharashtra,Other
2010-03-29,Wheat,1,Dhule,FAQ,Dhule,1481,1080,1080,Maharashtra,Other
2010-03-29,Wheat,1,Ahmednagar,FAQ,Rahuri,1200,1125,1160,Maharashtra,Other
2010-03-30,Wheat,1,Nanded,FAQ,Nanded,1250,1250,1250,Maharashtra,Other
2010-03-30,Wheat,1,Buldhana,FAQ,Shegaon,1450,1300,1375,Maharashtra,Other
2010-03-31,Wheat,1,Nandurbar,FAQ,Navapur,1200,1100,1158,Maharashtra,Other
2010-04-01,Wheat,1,Jalgaon,FAQ,Bhusaval,1418,1086,1204,Maharashtra,Other
2010-04-01,Wheat,1,Chattrapati Sambhajinagar,FAQ,Paithan,1750,1100,1600,Maharashtra,Bansi
2010-04-01,Wheat,1,Buldhana,FAQ,Jalgaon(Jamod),1400,1100,1250,Maharashtra,Other
2010-04-01,Wheat,1,Beed,FAQ,Parali Vaijyanath,1367,1150,1200,Maharashtra,Other
2010-04-02,Wheat,1,Nanded,FAQ,Bhokar,1350,1100,1200,Maharashtra,Other
2010-04-02,Wheat,1,Ahmednagar,FAQ,Shevgaon,1525,1100,1350,Maharashtra,Other
2010-04-03,Wheat,1,Dharashiv(Usmanabad),FAQ,Kalamb (Dharashiv),1825,1100,1251,Maharashtra,Maharashtra 2189
2010-04-03,Wheat,1,Ahmednagar,FAQ,Shevgaon,1551,1150,1350,Maharashtra,Other
2010-04-03,Wheat,1,Bhandara,FAQ,Bhandara,1325,1080,1120,Maharashtra,Maharashtra 2189
2010-04-03,Wheat,1,Beed,FAQ,Ambejaogai,1601,1080,1451,Maharashtra,Other
2010-04-03,Wheat,1,Nanded,FAQ,Bhokar,1400,1120,1140,Maharashtra,Other
2010-04-03,Wheat,1,Ahmednagar,FAQ,Pathardi,1400,1150,1356,Maharashtra,Other
2010-04-03,Wheat,1,Akola,FAQ,Akola,1551,1115,1335,Maharashtra,Other
2010-04-03,Wheat,1,Nanded,FAQ,Nanded,1351,1100,1130,Maharashtra,Other
2010-04-04,Wheat,1,Buldhana,FAQ,Buldhana(Dhad),1500,1200,1370,Maharashtra,Other
2010-04-04,Wheat,1,Chattrapati Sambhajinagar,FAQ,Kannad,1400,1165,1283,Maharashtra,Other
2010-04-05,Wheat,1,Buldhana,FAQ,Sindkhed Raja,1500,1250,1401,Maharashtra,Other
2010-04-05,Wheat,1,Amarawati,FAQ,Chandur Railway,1200,1181,1191,Maharashtra,Other
2010-04-05,Wheat,1,Chattrapati Sambhajinagar,FAQ,Chattrapati Sambhajinagar,1600,1150,1400,Maharashtra,Other
2010-04-05,Wheat,1,Dharashiv(Usmanabad),FAQ,Kalamb (Dharashiv),1911,1145,1252,Maharashtra,Maharashtra 2189
2010-04-06,Wheat,1,Buldhana,FAQ,Chikali,1500,1200,1350,Maharashtra,Other
2010-04-06,Wheat,1,Akola,FAQ,Murtizapur,1301,1136,1256,Maharashtra,Other
2010-04-06,Wheat,1,Beed,FAQ,Ambejaogai,1701,1170,1475,Maharashtra,Other
2010-04-06,Wheat,1,Bhandara,FAQ,Pavani,1200,1200,1200,Maharashtra,Other
2010-04-06,Wheat,1,Hingoli,FAQ,Jawala-Bajar,1200,1150,1175,Maharashtra,Other
2010-04-07,Wheat,1,Chattrapati Sambhajinagar,FAQ,Paithan,1851,1305,1600,Maharashtra,Bansi
2010-04-07,Wheat,1,Chattrapati Sambhajinagar,FAQ,Kannad,1350,1185,1268,Maharashtra,Other
2010-04-07,Wheat,1,Jalana,FAQ,Partur,1715,1387,1525,Maharashtra,Maharashtra 2189
2010-04-07,Wheat,1,Jalgaon,FAQ,Bhusaval,1276,1130,1241,Maharashtra,Other
2010-04-07,Wheat,1,Beed,FAQ,Kada,1651,1151,1275,Maharashtra,Maharashtra 2189
2010-04-08,Wheat,1,Ahmednagar,FAQ,Ahmednagar,1900,1350,1625,Maharashtra,Other
2010-04-08,Wheat,1,Buldhana,FAQ,Malkapur,1414,1080,1275,Maharashtra,Other
2010-04-08,Wheat,1,Ahmednagar,FAQ,Shevgaon(Bodhegaon),1550,1350,1500,Maharashtra,Other
2010-04-08,Wheat,1,Beed,FAQ,Gevrai,1650,1201,1400,Maharashtra,Other
2010-04-08,Wheat,1,Chattrapati Sambhajinagar,FAQ,Kannad,1400,1180,1290,Maharashtra,Other
2010-04-08,Wheat,1,Nandurbar,FAQ,Nandurbar,1537,1125,1370,Maharashtra,Other
2010-04-08,Wheat,1,Amarawati,FAQ,Dhamngaon-Railway,1441,1100,1250,Maharashtra,Other
2010-04-08,Wheat,1,Nashik,FAQ,Devala,1441,1149,1313,Maharashtra,Maharashtra 2189
2010-04-09,Wheat,1,Chattrapati Sambhajinagar,FAQ,Chattrapati Sambhajinagar,1680,1155,1400,Maharashtra,Other
2010-04-09,Wheat,1,Nashik,FAQ,Kalvan,1625,1100,1451,Maharashtra,Other
2010-04-09,Wheat,1,Jalgaon,FAQ,Bhusaval,1500,1150,1276,Maharashtra,Other
2010-04-09,Wheat,1,Hingoli,FAQ,Hingoli,1886,1250,1571,Maharashtra,Other
2010-04-09,Wheat,1,Ahmednagar,FAQ,Jamkhed,1775,1300,1538,Maharashtra,Other
2010-04-10,Wheat,1,Ahmednagar,FAQ,Shevgaon(Bodhegaon),1650,1375,1500,Maharashtra,Other
2010-04-10,Wheat,1,Dhule,FAQ,Dhule,1570,1100,1207,Maharashtra,Other
2010-04-10,Wheat,1,Nandurbar,FAQ,Navapur,1200,1100,1194,Maharashtra,Other
2010-04-10,Wheat,1,Jalana,FAQ,Jalana,1850,1111,1725,Maharashtra,Other
2010-04-10,Wheat,1,Buldhana,FAQ,Chikali,1641,1100,1371,Maharashtra,Other
2010-04-10,Wheat,1,Buldhana,FAQ,Sangrampur(Varvatbakal),1300,1080,1200,Maharashtra,Other
2010-04-10,Wheat,1,Beed,FAQ,Gevrai,1875,1201,1500,Maharashtra,Other
2010-04-10,Wheat,1,Amarawati,FAQ,Anajngaon,1350,1200,1275,Maharashtra,Other
2010-04-11,Wheat,1,Buldhana,FAQ,Buldhana(Dhad),1500,1200,1380,Maharashtra,Other
2010-04-12,Wheat,1,Ahmednagar,FAQ,Shevgaon(Bodhegaon),1650,1200,1600,Maharashtra,Other
2010-04-12,Wheat,1,Akola,FAQ,Akola,1415,1111,1265,Maharashtra,Other
2010-04-13,Wheat,1,Hingoli,FAQ,Jawala-Bajar,1700,1100,1400,Maharashtra,Other
2010-04-13,Wheat,1,Chattrapati Sambhajinagar,FAQ,Kannad,1400,1150,1275,Maharashtra,Other
2010-04-13,Wheat,1,Dharashiv(Usmanabad),FAQ,Umarga,1600,1200,1550,Maharashtra,Maharashtra 2189
2010-04-13,Wheat,1,Buldhana,FAQ,Lonar,1300,1200,1250,Maharashtra,Other
2010-04-13,Wheat,1,Jalgaon,FAQ,Amalner,1465,1046,1255,Maharashtra,Other
2010-04-13,Wheat,1,Ahmednagar,FAQ,Shrirampur,1927,1100,1550,Maharashtra,Other
2010-04-13,Wheat,1,Ahmednagar,FAQ,Shevgaon(Bodhegaon),1600,1300,1500,Maharashtra,Other
2010-04-13,Wheat,1,Akola,FAQ,Telhara,1525,1200,1350,Maharashtra,Other
2010-04-13,Wheat,1,Beed,FAQ,Majalgaon,1975,1200,1800,Maharashtra,Other
2010-04-13,Wheat,1,Chattrapati Sambhajinagar,FAQ,Paithan,1721,1390,1571,Maharashtra,Bansi
2010-04-14,Wheat,1,Jalana,FAQ,Ghansawangi,1800,1700,1750,Maharashtra,Maharashtra 2189
2010-04-15,Wheat,1,Chattrapati Sambhajinagar,FAQ,Kannad,1400,1125,1263,Maharashtra,Other
2010-04-15,Wheat,1,Dharashiv(Usmanabad),FAQ,Dharashiv,1820,1200,1510,Maharashtra,Maharashtra 2189
2010-04-15,Wheat,1,Buldhana,FAQ,Chikali,1510,1150,1330,Maharashtra,Other
2010-04-15,Wheat,1,Dhule,FAQ,Dhule,1615,1100,1265,Maharashtra,Other
2010-04-15,Wheat,1,Akola,FAQ,Akola,1400,1150,1270,Maharashtra,Other
2010-04-15,Wheat,1,Buldhana,FAQ,Sangrampur(Varvatbakal),1313,1080,1250,Maharashtra,Other
2010-04-15,Wheat,1,Nanded,FAQ,Kandhar,1425,1350,1410,Maharashtra,Other
2010-04-15,Wheat,1,Ahmednagar,FAQ,Rahuri(Vambori),1751,1100,1425,Maharashtra,Other
2010-04-16,Wheat,1,Dharashiv(Usmanabad),FAQ,Kalamb (Dharashiv),2000,1145,1315,Maharashtra,Maharashtra 2189
2010-04-16,Wheat,1,Dhule,FAQ,Dondaicha,1506,1080,1251,Maharashtra,Other
2010-04-16,Wheat,1,Akola,FAQ,Akot,1400,1200,1350,Maharashtra,Other
2010-04-16,Wheat,1,Ahmednagar,FAQ,Rahuri,1450,1150,1300,Maharashtra,Other
2010-04-16,Wheat,1,Chattrapati Sambhajinagar,FAQ,Lasur Station,1630,1300,1450,Maharashtra,Other
2010-04-16,Wheat,1,Buldhana,FAQ,Lonar,1250,1150,1175,Maharashtra,Other
2010-04-16,Wheat,1,Nashik,FAQ,Devala,1404,1200,1312,Maharashtra,Maharashtra 2189
2010-04-17,Wheat,1,Buldhana,FAQ,Shegaon,1500,1250,1375,Maharashtra,Other
2010-04-17,Wheat,1,Ahmednagar,FAQ,Jamkhed,1700,1300,1500,Maharashtra,Other
2010-04-17,Wheat,1,Buldhana,FAQ,Nandura,1601,1125,1395,Maharashtra,Other
2010-04-17,Wheat,1,Chattrapati Sambhajinagar,FAQ,Chattrapati Sambhajinagar,1511,1080,1280,Maharashtra,Other
2010-04-17,Wheat,1,Beed,FAQ,Majalgaon,2000,1251,1600,Maharashtra,Other
2010-04-18,Wheat,1,Dharashiv(Usmanabad),FAQ,Dharashiv,2100,1285,1700,Maharashtra,Maharashtra 2189
2010-04-18,Wheat,1,Hingoli,FAQ,Jawala-Bajar,1500,1150,1325,Maharashtra,Other
2010-04-18,Wheat,1,Nandurbar,FAQ,Navapur,1200,1100,1187,Maharashtra,Other
2010-04-19,Wheat,1,Buldhana,FAQ,Deoulgaon Raja,1600,1150,1325,Maharashtra,Other
2010-04-19,Wheat,1,Hingoli,FAQ,Jawala-Bajar,1600,1150,1375,Maharashtra,Other
2010-04-19,Wheat,1,Dhule,FAQ,Dondaicha(Sindhkheda),1350,1150,1275,Maharashtra,Other
2010-04-19,Wheat,1,Nanded,FAQ,Kandhar,1300,1200,1250,Maharashtra,Other
2010-04-19,Wheat,1,Jalgaon,FAQ,Amalner,1451,1000,1225,Maharashtra,Other
2010-04-19,Wheat,1,Buldhana,FAQ,Nandura,1500,1300,1400,Maharashtra,Other
2010-04-19,Wheat,1,Hingoli,FAQ,Sengoan,1350,1250,1300,Maharashtra,Other
2010-04-20,Wheat,1,Ahmednagar,FAQ,Shevgaon(Bodhegaon),1650,1150,1400,Maharashtra,Other
2010-04-20,Wheat,1,Buldhana,FAQ,Deoulgaon Raja,1700,1150,1675,Maharashtra,Other
2010-04-20,Wheat,1,Amarawati,FAQ,Chandur Railway,1200,1200,1200,Maharashtra,Other
2010-04-20,Wheat,1,Akola,FAQ,Telhara,1536,1250,1400,Maharashtra,Other
2010-04-20,Wheat,1,Ahmednagar,FAQ,Kopargaon,1551,1161,1341,Maharashtra,Other
2010-04-20,Wheat,1,Ahmednagar,FAQ,Rahuri,1450,1200,1325,Maharashtra,Other
2010-04-21,Wheat,1,Dharashiv(Usmanabad),FAQ,Kalamb (Dharashiv),2200,1150,1700,Maharashtra,Maharashtra 2189
2010-04-21,Wheat,1,Dhule,FAQ,Dondaicha,1526,1090,1250,Maharashtra,Other
2010-04-21,Wheat,1,Beed,FAQ,Kada,1700,1200,1451,Maharashtra,Other
2010-04-21,Wheat,1,Dhule,FAQ,Dhule,1642,1085,1250,Maharashtra,Other
2010-04-22,Wheat,1,Akola,FAQ,Telhara,1500,1200,1300,Maharashtra,Other
2010-04-22,Wheat,1,Buldhana,FAQ,Lonar,1350,1150,1200,Maharashtra,Other
2010-04-22,Wheat,1,Hingoli,FAQ,Jawala-Bajar,1495,1100,1298,Maharashtra,Other
2010-04-22,Wheat,1,Ahmednagar,FAQ,Kopargaon,1636,1250,1450,Maharashtra,Other
2010-04-22,Wheat,1,Ahmednagar,FAQ,Rahuri,1500,1175,1337,Maharashtra,Other
2010-04-22,Wheat,1,Beed,FAQ,Ambejaogai,1900,1100,1600,Maharashtra,Other
2010-04-22,Wheat,1,Buldhana,FAQ,Motala,1200,1200,1200,Maharashtra,Other
2010-04-23,Wheat,1,Hingoli,FAQ,Hingoli,1836,1200,1515,Maharashtra,Other
2010-04-23,Wheat,1,Buldhana,FAQ,Buldhana(Dhad),1530,1200,1380,Maharashtra,Other
2010-04-23,Wheat,1,Jalgaon,FAQ,Chalisgaon,1600,1100,1540,Maharashtra,Maharashtra 2189
2010-04-23,Wheat,1,Jalana,FAQ,Mantha,1800,1350,1650,Maharashtra,Other
2010-04-23,Wheat,1,Bhandara,FAQ,Bhandara,1080,1080,1080,Maharashtra,Maharashtra 2189
2010-04-23,Wheat,1,Akola,FAQ,Akot,1400,1100,1325,Maharashtra,Other
2010-04-23,Wheat,1,Dhule,FAQ,Dondaicha,1378,1141,1251,Maharashtra,Other
2010-04-23,Wheat,1,Dhule,FAQ,Dhule,1560,1080,1250,Maharashtra,Other
2010-04-23,Wheat,1,Ahmednagar,FAQ,Akole,1350,1100,1250,Maharashtra,Other
2010-04-24,Wheat,1,Chattrapati Sambhajinagar,FAQ,Lasur Station,1600,1100,1450,Maharashtra,Other
2010-04-24,Wheat,1,Dhule,FAQ,Dondaicha(Sindhkheda),1386,1171,1280,Maharashtra,Other
2010-04-24,Wheat,1,Jalgaon,FAQ,Bhusaval,1275,1145,1225,Maharashtra,Other
2010-04-24,Wheat,1,Hingoli,FAQ,Sengoan,1400,1200,1300,Maharashtra,Other
2010-04-24,Wheat,1,Ahmednagar,FAQ,Shevgaon(Bodhegaon),1650,1450,1500,Maharashtra,Other
2010-04-25,Wheat,1,Hingoli,FAQ,Jawala-Bajar,1300,1100,1200,Maharashtra,Other
2010-04-25,Wheat,1,Buldhana,FAQ,Buldhana(Dhad),1550,1200,1300,Maharashtra,Other
2010-04-26,Wheat,1,Jalgaon,FAQ,Bhusaval,1210,1099,1181,Maharashtra,Other
2010-04-26,Wheat,1,Beed,FAQ,Gevrai,1940,1100,1400,Maharashtra,Other
2010-04-26,Wheat,1,Ahmednagar,FAQ,Jamkhed,1850,1300,1575,Maharashtra,Other
2010-04-26,Wheat,1,Hingoli,FAQ,Jawala-Bajar,1305,1195,1250,Maharashtra,Other
2010-04-26,Wheat,1,Chattrapati Sambhajinagar,FAQ,Sillod,1300,1125,1250,Maharashtra,Other
2010-04-26,Wheat,1,Jalgaon,FAQ,Chalisgaon,1600,1150,1440,Maharashtra,Maharashtra 2189
2010-04-26,Wheat,1,Jalgaon,FAQ,Amalner,1326,1000,1155,Maharashtra,Other
2010-04-27,Wheat,1,Chattrapati Sambhajinagar,FAQ,Chattrapati Sambhajinagar,1550,1140,1345,Maharashtra,Other
2010-04-27,Wheat,1,Akola,FAQ,Akot,1400,1100,1327,Maharashtra,Other
2010-04-27,Wheat,1,Jalana,FAQ,Jalna(Badnapur),1400,1400,1400,Maharashtra,Other
2010-04-27,Wheat,1,Ahmednagar,FAQ,Shevgaon,1625,1100,1300,Maharashtra,Other
2010-04-27,Wheat,1,Jalana,FAQ,Bhokardan(Pimpalgaon Renu),1400,1200,1300,Maharashtra,147 Average
2010-04-28,Wheat,1,Ahmednagar,FAQ,Ahmednagar,1700,1375,1537,Maharashtra,Other
2010-04-28,Wheat,1,Buldhana,FAQ,Lonar,1350,1150,1250,Maharashtra,Other
2010-04-28,Wheat,1,Dharashiv(Usmanabad),FAQ,Kalamb (Dharashiv),2150,1100,1400,Maharashtra,Maharashtra 2189
2010-04-28,Wheat,1,Buldhana,FAQ,Jalgaon(Jamod),1400,1100,1250,Maharashtra,Other
2010-04-28,Wheat,1,Hingoli,FAQ,Hingoli,1800,1186,1493,Maharashtra,Other
2010-04-28,Wheat,1,Nashik,FAQ,Devala,1600,1193,1290,Maharashtra,Maharashtra 2189
2010-04-28,Wheat,1,Buldhana,FAQ,Deoulgaon Raja,1475,1200,1400,Maharashtra,Other
2010-04-29,Wheat,1,Akola,FAQ,Telhara,1400,1100,1300,Maharashtra,Other
2010-04-29,Wheat,1,Jalgaon,FAQ,Chalisgaon,1650,1100,1450,Maharashtra,Maharashtra 2189
2010-04-29,Wheat,1,Buldhana,FAQ,Nandura,1585,1100,1375,Maharashtra,Other
2010-04-29,Wheat,1,Ahmednagar,FAQ,Jamkhed,1800,1300,1550,Maharashtra,Other
2010-04-29,Wheat,1,Beed,FAQ,Ambejaogai,1901,1171,1570,Maharashtra,Other
2010-04-29,Wheat,1,Nanded,FAQ,Nanded,1290,1290,1290,Maharashtra,Other
2010-04-29,Wheat,1,Ahmednagar,FAQ,Rahata,1630,1175,1400,Maharashtra,Other
2010-04-29,Wheat,1,Beed,FAQ,Gevrai,1825,1100,1372,Maharashtra,Other
2010-04-29,Wheat,1,Amarawati,FAQ,Chandur Railway,1140,1100,1120,Maharashtra,Other
2010-04-29,Wheat,1,Dhule,FAQ,Dondaicha(Sindhkheda),1390,1143,1280,Maharashtra,Other
2010-04-29,Wheat,1,Buldhana,FAQ,Sindkhed Raja,1400,1200,1301,Maharashtra,Other
2010-04-29,Wheat,1,Buldhana,FAQ,Jalgaon(Jamod),1400,1100,1250,Maharashtra,Other
2010-04-30,Wheat,1,Nanded,FAQ,Nanded,1145,1131,1141,Maharashtra,Other
2010-04-30,Wheat,1,Beed,FAQ,Majalgaon,1581,1251,1500,Maharashtra,Other
2010-04-30,Wheat,1,Ahmednagar,FAQ,Ahmednagar,1701,1525,1613,Maharashtra,Other
2010-04-30,Wheat,1,Bhandara,FAQ,Pavani,1340,1300,1320,Maharashtra,Other
2010-04-30,Wheat,1,Akola,FAQ,Murtizapur,1526,1401,1456,Maharashtra,Other
2010-05-01,Wheat,1,Ahmednagar,FAQ,Rahuri,1300,1200,1250,Maharashtra,Other
2010-05-01,Wheat,1,Buldhana,FAQ,Sangrampur(Varvatbakal),1450,1200,1350,Maharashtra,Other
2010-05-03,Wheat,1,Jalana,FAQ,Jalana,1800,1100,1500,Maharashtra,Other
2010-05-03,Wheat,1,Chattrapati Sambhajinagar,FAQ,Sillod,1350,1300,1325,Maharashtra,Other
2010-05-03,Wheat,1,Ahmednagar,FAQ,Shevgaon,1525,1100,1300,Maharashtra,Other
2010-05-03,Wheat,1,Chattrapati Sambhajinagar,FAQ,Chattrapati Sambhajinagar,1500,1200,1350,Maharashtra,Other
2010-05-03,Wheat,1,Ahmednagar,FAQ,Rahata,1655,1100,1450,Maharashtra,Other
2010-05-03,Wheat,1,Akola,FAQ,Murtizapur,1401,1201,1301,Maharashtra,Other
2010-05-03,Wheat,1,Nandurbar,FAQ,Nandurbar,1441,1100,1281,Maharashtra,Other
2010-05-04,Wheat,1,Buldhana,FAQ,Lonar,1250,1150,1200,Maharashtra,Other
2010-05-04,Wheat,1,Buldhana,FAQ,Shegaon,1550,1100,1325,Maharashtra,Other
2010-05-04,Wheat,1,Buldhana,FAQ,Chikali,1531,1125,1328,Maharashtra,Other
2010-05-04,Wheat,1,Ahmednagar,FAQ,Pathardi,1300,1150,1200,Maharashtra,Other
2010-05-04,Wheat,1,Jalana,FAQ,Jalana,1725,1150,1600,Maharashtra,Other
2010-05-04,Wheat,1,Nanded,FAQ,Nanded,1145,1115,1141,Maharashtra,Other
2010-05-04,Wheat,1,Nandurbar,FAQ,Nandurbar,1425,1101,1291,Maharashtra,Other
2010-05-04,Wheat,1,Beed,FAQ,Kille Dharur,1515,1200,1275,Maharashtra,Other
2010-05-05,Wheat,1,Jalgaon,FAQ,Dharangaon,1450,1136,1293,Maharashtra,Other
2010-05-05,Wheat,1,Amarawati,FAQ,Dhamngaon-Railway,1351,1100,1225,Maharashtra,Other
2010-05-05,Wheat,1,Nandurbar,FAQ,Navapur,1200,1200,1200,Maharashtra,Other
2010-05-05,Wheat,1,Buldhana,FAQ,Lonar,1250,1150,1200,Maharashtra,Other
2010-05-05,Wheat,1,Ahmednagar,FAQ,Kopargaon,1601,1180,1411,Maharashtra,Other
2010-05-06,Wheat,1,Jalgaon,FAQ,Dharangaon,1282,1165,1223,Maharashtra,Other
2010-05-06,Wheat,1,Ahmednagar,FAQ,Rahuri,1450,1200,1325,Maharashtra,Other
2010-05-06,Wheat,1,Akola,FAQ,Akola,1350,1150,1250,Maharashtra,Other
2010-05-06,Wheat,1,Ahmednagar,FAQ,Shrirampur,1650,1111,1355,Maharashtra,Other
2010-05-06,Wheat,1,Buldhana,FAQ,Sangrampur(Varvatbakal),1325,1080,1250,Maharashtra,Other
2010-05-07,Wheat,1,Ahmednagar,FAQ,Jamkhed,1800,1300,1550,Maharashtra,Other
2010-05-07,Wheat,1,Ahmednagar,FAQ,Shevgaon,1600,1125,1300,Maharashtra,Other
2010-05-07,Wheat,1,Bhandara,FAQ,Bhandara,1200,1080,1100,Maharashtra,Maharashtra 2189
2010-05-07,Wheat,1,Ahmednagar,FAQ,Rahata,1496,1100,1400,Maharashtra,Other
2010-05-07,Wheat,1,Chattrapati Sambhajinagar,FAQ,Sillod,1475,1425,1425,Maharashtra,Other
2010-05-08,Wheat,1,Amarawati,FAQ,Chandur Railway,1300,1300,1300,Maharashtra,Other
2010-05-08,Wheat,1,Chattrapati Sambhajinagar,FAQ,Lasur Station,1653,1200,1425,Maharashtra,Other
2010-05-08,Wheat,1,Buldhana,FAQ,Lonar,1250,1150,1200,Maharashtra,Other
2010-05-08,Wheat,1,Ahmednagar,FAQ,Sangamner,1775,1100,1437,Maharashtra,Other
2010-05-09,Wheat,1,Ahmednagar,FAQ,Newasa,1380,1150,1200,Maharashtra,Other
2010-05-10,Wheat,1,Jalgaon,FAQ,Chalisgaon,1500,1100,1350,Maharashtra,Maharashtra 2189
2010-05-10,Wheat,1,Ahmednagar,FAQ,Jamkhed,1750,1300,1525,Maharashtra,Other
2010-05-10,Wheat,1,Jalgaon,FAQ,Amalner,1355,1117,1240,Maharashtra,Other
2010-05-10,Wheat,1,Jalana,FAQ,Jalna(Badnapur),1325,1325,1325,Maharashtra,Other
2010-05-10,Wheat,1,Ahmednagar,FAQ,Rahuri,1400,1300,1350,Maharashtra,Other
2010-05-10,Wheat,1,Hingoli,FAQ,Hingoli,1800,1200,1500,Maharashtra,Other
2010-05-10,Wheat,1,Chattrapati Sambhajinagar,FAQ,Lasur Station,1547,1175,1400,Maharashtra,Other
2010-05-10,Wheat,1,Ahmednagar,FAQ,Shrirampur,1616,1130,1355,Maharashtra,Other
2010-05-10,Wheat,1,Hingoli,FAQ,Sengoan,1400,1200,1300,Maharashtra,Other
2010-05-11,Wheat,1,Chattrapati Sambhajinagar,FAQ,Chattrapati Sambhajinagar,1500,1350,1425,Maharashtra,Other
2010-05-11,Wheat,1,Buldhana,FAQ,Shegaon,1475,1300,1385,Maharashtra,Other
2010-05-11,Wheat,1,Beed,FAQ,Ambejaogai,1971,1175,1503,Maharashtra,Other
2010-05-11,Wheat,1,Ahmednagar,FAQ,Jamkhed,1750,1200,1475,Maharashtra,Other
2010-05-11,Wheat,1,Beed,FAQ,Gevrai,1736,1100,1300,Maharashtra,Other
2010-05-11,Wheat,1,Akola,FAQ,Akola,1430,1100,1265,Maharashtra,Other
2010-05-11,Wheat,1,Nashik,FAQ,Devala,1371,1151,1271,Maharashtra,Maharashtra 2189
2010-05-11,Wheat,1,Ahmednagar,FAQ,Rahuri,1300,1225,1275,Maharashtra,Other
2010-05-11,Wheat,1,Ahmednagar,FAQ,Ahmednagar,1725,1400,1563,Maharashtra,Other
2010-05-11,Wheat,1,Jalgaon,FAQ,Bhusaval,1391,1096,1275,Maharashtra,Other
2010-05-12,Wheat,1,Ahmednagar,FAQ,Rahuri,1350,1250,1300,Maharashtra,Other
2010-05-12,Wheat,1,Chattrapati Sambhajinagar,FAQ,Paithan,1616,1141,1400,Maharashtra,Bansi
2010-05-12,Wheat,1,Beed,FAQ,Ambejaogai,1880,1200,1561,Maharashtra,Other
2010-05-12,Wheat,1,Nandurbar,FAQ,Navapur,1250,1200,1244,Maharashtra,Other
2010-05-12,Wheat,1,Dhule,FAQ,Dhule,1574,1080,1245,Maharashtra,Other
2010-05-12,Wheat,1,Ahmednagar,FAQ,Rahuri(Vambori),1600,1100,1350,Maharashtra,Other
2010-05-13,Wheat,1,Jalgaon,FAQ,Amalner,1300,1100,1200,Maharashtra,Other
2010-05-13,Wheat,1,Ahmednagar,FAQ,Rahuri(Vambori),1575,1150,1362,Maharashtra,Other
2010-05-13,Wheat,1,Akola,FAQ,Akola,1450,1100,1270,Maharashtra,Other
2010-05-13,Wheat,1,Nanded,FAQ,Nanded,1151,1145,1150,Maharashtra,Other
2010-05-13,Wheat,1,Ahmednagar,FAQ,Jamkhed,1700,1200,1450,Maharashtra,Other
2010-05-13,Wheat,1,Chattrapati Sambhajinagar,FAQ,Sillod,1550,1500,1550,Maharashtra,Other
2010-05-13,Wheat,1,Buldhana,FAQ,Lonar,1250,1150,1200,Maharashtra,Other
2010-05-14,Wheat,1,Beed,FAQ,Kille Dharur,1841,1135,1282,Maharashtra,Other
2010-05-14,Wheat,1,Akola,FAQ,Akola,1411,1100,1255,Maharashtra,Other
2010-05-14,Wheat,1,Dhule,FAQ,Dondaicha,1384,1117,1226,Maharashtra,Other
2010-05-14,Wheat,1,Hingoli,FAQ,Jawala-Bajar,1500,1100,1300,Maharashtra,Other
2010-05-15,Wheat,1,Buldhana,FAQ,Lonar,1200,1150,1175,Maharashtra,Other
2010-05-15,Wheat,1,Ahmednagar,FAQ,Rahata,1435,1125,1350,Maharashtra,Other
2010-05-15,Wheat,1,Amarawati,FAQ,Anajngaon,1400,1200,1300,Maharashtra,Other
2010-05-15,Wheat,1,Ahmednagar,FAQ,Shevgaon,1500,1100,1300,Maharashtra,Other
2010-05-15,Wheat,1,Jalana,FAQ,Partur,1900,1350,1401,Maharashtra,Maharashtra 2189
2010-05-15,Wheat,1,Jalgaon,FAQ,Bhusaval,1259,1127,1259,Maharashtra,Other
2010-05-15,Wheat,1,Buldhana,FAQ,Shegaon,1450,1250,1300,Maharashtra,Other
2010-05-15,Wheat,1,Dhule,FAQ,Dondaicha(Sindhkheda),1191,1145,1190,Maharashtra,Other
2010-05-15,Wheat,1,Chattrapati Sambhajinagar,FAQ,Lasur Station,1616,1150,1375,Maharashtra,Other
2010-05-16,Wheat,1,Ahmednagar,FAQ,Rahata,1435,1125,1300,Maharashtra,Other
2010-05-16,Wheat,1,Ahmednagar,FAQ,Shevgaon,1500,1100,1300,Maharashtra,Other
2010-05-16,Wheat,1,Chattrapati Sambhajinagar,FAQ,Sillod,1450,1425,1450,Maharashtra,Other
2010-05-16,Wheat,1,Ahmednagar,FAQ,Rahuri,1450,1250,1350,Maharashtra,Other
2010-05-17,Wheat,1,Hingoli,FAQ,Sengoan,1350,1100,1200,Maharashtra,Other
2010-05-18,Wheat,1,Buldhana,FAQ,Deoulgaon Raja,1301,1150,1201,Maharashtra,Other
2010-05-18,Wheat,1,Beed,FAQ,Gevrai,1856,1150,1410,Maharashtra,Other
2010-05-18,Wheat,1,Ahmednagar,FAQ,Shrirampur,1605,1100,1375,Maharashtra,Other
2010-05-18,Wheat,1,Dhule,FAQ,Shirpur,1331,1111,1264,Maharashtra,Other
2010-05-18,Wheat,1,Jalgaon,FAQ,Dharangaon,1398,1085,1246,Maharashtra,Other
2010-05-18,Wheat,1,Nashik,FAQ,Devala,1442,1171,1217,Maharashtra,Maharashtra 2189
2010-05-18,Wheat,1,Akola,FAQ,Telhara,1200,1100,1150,Maharashtra,Other
2010-05-18,Wheat,1,Amarawati,FAQ,Chandur Railway,1100,1100,1100,Maharashtra,Other
2010-05-18,Wheat,1,Ahmednagar,FAQ,Kopargaon,1530,1145,1300,Maharashtra,Other
2010-05-19,Wheat,1,Nashik,FAQ,Devala,1371,1165,1300,Maharashtra,Maharashtra 2189
2010-05-19,Wheat,1,Hingoli,FAQ,Jawala-Bajar,1400,1150,1275,Maharashtra,Other
2010-05-19,Wheat,1,Hingoli,FAQ,Hingoli,1501,1200,1350,Maharashtra,Other
2010-05-19,Wheat,1,Amarawati,FAQ,Dhamngaon-Railway,1250,1100,1175,Maharashtra,Other
2010-05-19,Wheat,1,Ahmednagar,FAQ,Sangamner,1700,1150,1421,Maharashtra,Other
2010-05-19,Wheat,1,Jalgaon,FAQ,Bhusaval,1561,1181,1300,Maharashtra,Other
2010-05-19,Wheat,1,Beed,FAQ,Kada,1501,1161,1400,Maharashtra,Maharashtra 2189
2010-05-20,Wheat,1,Ahmednagar,FAQ,Shevgaon(Bodhegaon),1550,1425,1500,Maharashtra,Other
2010-05-20,Wheat,1,Jalgaon,FAQ,Dharangaon,1213,1150,1190,Maharashtra,Other
2010-05-20,Wheat,1,Bhandara,FAQ,Bhandara,1210,1080,1100,Maharashtra,Maharashtra 2189
2010-05-20,Wheat,1,Akola,FAQ,Akot,1350,1100,1312,Maharashtra,Other
2010-05-20,Wheat,1,Dharashiv(Usmanabad),FAQ,Kalamb (Dharashiv),2200,1100,1300,Maharashtra,Maharashtra 2189
2010-05-20,Wheat,1,Ahmednagar,FAQ,Jamkhed,1700,1300,1500,Maharashtra,Other
2010-05-20,Wheat,1,Hingoli,FAQ,Jawala-Bajar,1500,1150,1325,Maharashtra,Other
2010-05-21,Wheat,1,Ahmednagar,FAQ,Rahuri(Vambori),1565,1297,1431,Maharashtra,Other
2010-05-21,Wheat,1,Dhule,FAQ,Dondaicha(Sindhkheda),1150,1150,1150,Maharashtra,Other
2010-05-21,Wheat,1,Hingoli,FAQ,Hingoli,1450,1150,1300,Maharashtra,Other
2010-05-21,Wheat,1,Beed,FAQ,Gevrai,1700,1125,1200,Maharashtra,Other
2010-05-22,Wheat,1,Akola,FAQ,Telhara,1250,1150,1200,Maharashtra,Other
2010-05-22,Wheat,1,Bhandara,FAQ,Bhandara,1100,1080,1080,Maharashtra,Maharashtra 2189
2010-05-22,Wheat,1,Nandurbar,FAQ,Navapur,1200,1200,1200,Maharashtra,Other
2010-05-22,Wheat,1,Beed,FAQ,Ambejaogai,1711,1150,1475,Maharashtra,Other
2010-05-24,Wheat,1,Nanded,FAQ,Nanded,1185,1165,1175,Maharashtra,Other
2010-05-24,Wheat,1,Ahmednagar,FAQ,Rahata,1400,1222,1300,Maharashtra,Other
2010-05-24,Wheat,1,Hingoli,FAQ,Hingoli,1500,1250,1375,Maharashtra,Other
2010-05-25,Wheat,1,Hingoli,FAQ,Sengoan,1350,1350,1350,Maharashtra,Other
2010-05-25,Wheat,1,Dharashiv(Usmanabad),FAQ,Kalamb (Dharashiv),2251,1175,1330,Maharashtra,Maharashtra 2189
2010-05-25,Wheat,1,Beed,FAQ,Majalgaon,1700,1231,1525,Maharashtra,Other
2010-05-25,Wheat,1,Jalana,FAQ,Jalana,1900,1215,1600,Maharashtra,Other
2010-05-25,Wheat,1,Beed,FAQ,Ambejaogai,1821,1150,1511,Maharashtra,Other
2010-05-25,Wheat,1,Ahmednagar,FAQ,Rahuri(Vambori),1550,1100,1325,Maharashtra,Other
2010-05-26,Wheat,1,Buldhana,FAQ,Lonar,1250,1175,1200,Maharashtra,Other
2010-05-26,Wheat,1,Chattrapati Sambhajinagar,FAQ,Paithan,1645,1200,1500,Maharashtra,Bansi
2010-05-26,Wheat,1,Nanded,FAQ,Nanded,1300,1125,1180,Maharashtra,Other
2010-05-26,Wheat,1,Ahmednagar,FAQ,Shrirampur,1551,1100,1351,Maharashtra,Other
2010-05-26,Wheat,1,Dhule,FAQ,Dondaicha,1500,1151,1249,Maharashtra,Other
2010-05-26,Wheat,1,Dhule,FAQ,Shirpur,1420,1141,1290,Maharashtra,Other
2010-05-26,Wheat,1,Nandurbar,FAQ,Taloda,1252,1240,1250,Maharashtra,Other
2010-05-26,Wheat,1,Amarawati,FAQ,Morshi,1400,1100,1249,Maharashtra,Other
2010-05-26,Wheat,1,Hingoli,FAQ,Hingoli,1505,1250,1377,Maharashtra,Other
2010-05-26,Wheat,1,Beed,FAQ,Majalgaon,2000,1100,1575,Maharashtra,Other
2010-05-27,Wheat,1,Dhule,FAQ,Dhule,1620,1100,1261,Maharashtra,Other
2010-05-27,Wheat,1,Nandurbar,FAQ,Taloda,1220,1185,1217,Maharashtra,Other
2010-05-27,Wheat,1,Nanded,FAQ,Nanded,1200,1175,1191,Maharashtra,Other
2010-05-28,Wheat,1,Ahmednagar,FAQ,Shevgaon,1500,1150,1300,Maharashtra,Other
2010-05-28,Wheat,1,Hingoli,FAQ,Jawala-Bajar,1500,1150,1325,Maharashtra,Other
2010-05-28,Wheat,1,Akola,FAQ,Akot,1200,1100,1175,Maharashtra,Other
2010-05-28,Wheat,1,Dhule,FAQ,Dondaicha(Sindhkheda),1260,1200,1250,Maharashtra,Other
2010-05-28,Wheat,1,Beed,FAQ,Ambejaogai,1730,1100,1550,Maharashtra,Other
2010-05-28,Wheat,1,Chattrapati Sambhajinagar,FAQ,Chattrapati Sambhajinagar,1600,1311,1455,Maharashtra,Other
2010-05-29,Wheat,1,Ahmednagar,FAQ,Shrirampur,1615,1200,1475,Maharashtra,Other
2010-05-29,Wheat,1,Gadchiroli,FAQ,Armori,1100,1100,1100,Maharashtra,Other
2010-05-29,Wheat,1,Ahmednagar,FAQ,Kopargaon,1560,1250,1375,Maharashtra,Other
2010-05-31,Wheat,1,Buldhana,FAQ,Shegaon,1450,1300,1375,Maharashtra,Other
2010-05-31,Wheat,1,Beed,FAQ,Gevrai,1300,1100,1166,Maharashtra,Other
2010-05-31,Wheat,1,Ahmednagar,FAQ,Jamkhed,1700,1350,1525,Maharashtra,Other
2010-05-31,Wheat,1,Ahmednagar,FAQ,Rahata,1600,1100,1425,Maharashtra,Other
2010-05-31,Wheat,1,Nandurbar,FAQ,Nandurbar,1391,1195,1271,Maharashtra,Other
2010-05-31,Wheat,1,Jalgaon,FAQ,Bhusaval,1256,1150,1211,Maharashtra,Other
2010-05-31,Wheat,1,Akola,FAQ,Akola,1440,1111,1260,Maharashtra,Other
2010-05-31,Wheat,1,Nashik,FAQ,Devala,1584,1270,1344,Maharashtra,Maharashtra 2189
2010-05-31,Wheat,1,Jalgaon,FAQ,Amalner,1325,1161,1255,Maharashtra,Other
2010-06-01,Wheat,1,Hingoli,FAQ,Jawala-Bajar,1500,1100,1300,Maharashtra,Other
2010-06-01,Wheat,1,Chattrapati Sambhajinagar,FAQ,Chattrapati Sambhajinagar,1500,1215,1357,Maharashtra,Other
2010-06-01,Wheat,1,Buldhana,FAQ,Jalgaon(Jamod),1350,1200,1275,Maharashtra,Other
2010-06-01,Wheat,1,Ahmednagar,FAQ,Ahmednagar,1725,1325,1525,Maharashtra,Other
2010-06-01,Wheat,1,Chattrapati Sambhajinagar,FAQ,Sillod,1200,1150,1175,Maharashtra,Other
2010-06-01,Wheat,1,Jalgaon,FAQ,Bhusaval,1311,1275,1285,Maharashtra,Other
2010-06-01,Wheat,1,Chattrapati Sambhajinagar,FAQ,Paithan,1630,1270,1550,Maharashtra,Bansi
2010-06-01,Wheat,1,Chattrapati Sambhajinagar,FAQ,Gangapur,1555,1250,1450,Maharashtra,Other
2010-06-01,Wheat,1,Buldhana,FAQ,Lonar,1250,1150,1200,Maharashtra,Other
2010-06-02,Wheat,1,Chattrapati Sambhajinagar,FAQ,Chattrapati Sambhajinagar,1575,1175,1375,Maharashtra,Other
2010-06-02,Wheat,1,Dharashiv(Usmanabad),FAQ,Kalamb (Dharashiv),2000,1200,1800,Maharashtra,Maharashtra 2189
2010-06-02,Wheat,1,Dharashiv(Usmanabad),FAQ,Tuljapur,1200,1200,1200,Maharashtra,Other
2010-06-02,Wheat,1,Akola,FAQ,Murtizapur,1311,1201,1256,Maharashtra,Other
2010-06-02,Wheat,1,Amarawati,FAQ,Morshi,1350,1100,1238,Maharashtra,Other
2010-06-03,Wheat,1,Ahmednagar,FAQ,Rahuri(Vambori),1431,1100,1265,Maharashtra,Other
2010-06-03,Wheat,1,Dhule,FAQ,Dhule,1700,1120,1285,Maharashtra,Other
2010-06-03,Wheat,1,Nandurbar,FAQ,Taloda,1300,1100,1275,Maharashtra,Other
2010-06-03,Wheat,1,Nanded,FAQ,Nanded,1300,1211,1225,Maharashtra,Other
2010-06-03,Wheat,1,Akola,FAQ,Murtizapur,1401,1261,1356,Maharashtra,Other
2010-06-03,Wheat,1,Jalgaon,FAQ,Dharangaon,1326,1201,1263,Maharashtra,Other
2010-06-03,Wheat,1,Buldhana,FAQ,Shegaon,1400,1150,1275,Maharashtra,Other
2010-06-04,Wheat,1,Dhule,FAQ,Dhule,1626,1080,1270,Maharashtra,Other
2010-06-04,Wheat,1,Jalana,FAQ,Jalna(Badnapur),1400,1400,1400,Maharashtra,Other
2010-06-04,Wheat,1,Chattrapati Sambhajinagar,FAQ,Lasur Station,1625,1225,1350,Maharashtra,Other
2010-06-04,Wheat,1,Dhule,FAQ,Shirpur,1481,1101,1270,Maharashtra,Other
2010-06-04,Wheat,1,Chattrapati Sambhajinagar,FAQ,Chattrapati Sambhajinagar,1511,1200,1355,Maharashtra,Other
2010-06-04,Wheat,1,Ahmednagar,FAQ,Rahuri(Vambori),1700,1200,1450,Maharashtra,Other
2010-06-04,Wheat,1,Akola,FAQ,Murtizapur,1301,1171,1246,Maharashtra,Other
2010-06-04,Wheat,1,Dharashiv(Usmanabad),FAQ,Kalamb (Dharashiv),2225,2225,2225,Maharashtra,Bansi
2010-06-04,Wheat,1,Chattrapati Sambhajinagar,FAQ,Paithan,1631,1501,1551,Maharashtra,Bansi
2010-06-04,Wheat,1,Jalana,FAQ,Mantha,1625,1625,1625,Maharashtra,Other
2010-06-04,Wheat,1,Buldhana,FAQ,Malkapur,1400,1096,1235,Maharashtra,Other
2010-06-04,Wheat,1,Beed,FAQ,Ambejaogai,1700,1100,1411,Maharashtra,Other
2010-06-05,Wheat,1,Buldhana,FAQ,Lonar,1250,1150,1200,Maharashtra,Other
2010-06-05,Wheat,1,Chattrapati Sambhajinagar,FAQ,Chattrapati Sambhajinagar,1421,1125,1273,Maharashtra,Other
2010-06-05,Wheat,1,Jalgaon,FAQ,Amalner,1371,1175,1255,Maharashtra,Other
2010-06-05,Wheat,1,Bhandara,FAQ,Bhandara,1320,1080,1080,Maharashtra,Maharashtra 2189
2010-06-05,Wheat,1,Chattrapati Sambhajinagar,FAQ,Sillod(Bharadi),1275,1150,1250,Maharashtra,Other
2010-06-05,Wheat,1,Beed,FAQ,Kille Dharur,1762,1225,1600,Maharashtra,Other
2010-06-06,Wheat,1,Hingoli,FAQ,Jawala-Bajar,1500,1100,1300,Maharashtra,Other
2010-06-07,Wheat,1,Chattrapati Sambhajinagar,FAQ,Lasur Station,1618,1220,1340,Maharashtra,Other
2010-06-07,Wheat,1,Nandurbar,FAQ,Nandurbar,1429,1195,1331,Maharashtra,Other
2010-06-07,Wheat,1,Buldhana,FAQ,Lonar,1250,1150,1200,Maharashtra,Other
2010-06-07,Wheat,1,Dhule,FAQ,Dondaicha(Sindhkheda),1391,1200,1300,Maharashtra,Other
2010-06-07,Wheat,1,Beed,FAQ,Kille Dharur,1999,1240,1481,Maharashtra,Other
2010-06-08,Wheat,1,Beed,FAQ,Gevrai,1600,1150,1300,Maharashtra,Other
2010-06-08,Wheat,1,Jalgaon,FAQ,Amalner,1351,1100,1250,Maharashtra,Other
2010-06-08,Wheat,1,Buldhana,FAQ,Shegaon,1450,1300,1375,Maharashtra,Other
2010-06-08,Wheat,1,Dhule,FAQ,Sakri,1400,1276,1300,Maharashtra,Maharashtra 2189
2010-06-08,Wheat,1,Jalgaon,FAQ,Dharangaon,1350,1250,1300,Maharashtra,Other
2010-06-08,Wheat,1,Nashik,FAQ,Devala,1409,1280,1306,Maharashtra,Maharashtra 2189
2010-06-08,Wheat,1,Dhule,FAQ,Shirpur,1463,1100,1250,Maharashtra,Other
2010-06-08,Wheat,1,Akola,FAQ,Telhara,1250,1100,1200,Maharashtra,Other
2010-06-09,Wheat,1,Beed,FAQ,Majalgaon,1900,1300,1551,Maharashtra,Other
2010-06-09,Wheat,1,Beed,FAQ,Kada,1501,1252,1275,Maharashtra,Maharashtra 2189
2010-06-09,Wheat,1,Akola,FAQ,Akola,1435,1111,1270,Maharashtra,Other
2010-06-09,Wheat,1,Ahmednagar,FAQ,Rahuri(Vambori),1400,1251,1325,Maharashtra,Other
2010-06-09,Wheat,1,Ahmednagar,FAQ,Newasa,1451,1200,1300,Maharashtra,Other
2010-06-09,Wheat,1,Hingoli,FAQ,Hingoli,1900,1250,1575,Maharashtra,Other
2010-06-09,Wheat,1,Buldhana,FAQ,Khamgaon,1350,1150,1250,Maharashtra,Other
2010-06-09,Wheat,1,Chattrapati Sambhajinagar,FAQ,Gangapur,1450,1320,1400,Maharashtra,Other
2010-06-10,Wheat,1,Ahmednagar,FAQ,Rahuri(Vambori),1551,1200,1375,Maharashtra,Other
2010-06-10,Wheat,1,Dharashiv(Usmanabad),FAQ,Dharashiv,2200,1150,1750,Maharashtra,Maharashtra 2189
2010-06-10,Wheat,1,Beed,FAQ,Ambejaogai,1900,1080,1460,Maharashtra,Other
2010-06-10,Wheat,1,Buldhana,FAQ,Jalgaon(Jamod),1300,1150,1250,Maharashtra,Other
2010-06-11,Wheat,1,Buldhana,FAQ,Malkapur,1460,1125,1325,Maharashtra,Other
2010-06-11,Wheat,1,Dhule,FAQ,Shirpur,1475,1175,1261,Maharashtra,Other
2010-06-11,Wheat,1,Jalana,FAQ,Mantha,1680,1500,1525,Maharashtra,Other
2010-06-11,Wheat,1,Amarawati,FAQ,Chandur Railway,1115,1115,1115,Maharashtra,Other
2010-06-12,Wheat,1,Amarawati,FAQ,Anajngaon,1300,1150,1250,Maharashtra,Other
2010-06-12,Wheat,1,Buldhana,FAQ,Jalgaon(Jamod),1400,1100,1250,Maharashtra,Other
2010-06-13,Wheat,1,Chattrapati Sambhajinagar,FAQ,Paithan,1590,1275,1430,Maharashtra,Bansi
2010-06-13,Wheat,1,Ahmednagar,FAQ,Newasa,1500,1100,1350,Maharashtra,Other
2010-06-14,Wheat,1,Buldhana,FAQ,Deoulgaon Raja,1451,1251,1351,Maharashtra,Other
2010-06-14,Wheat,1,Amarawati,FAQ,Chandur Railway,1275,1250,1263,Maharashtra,Other
2010-06-14,Wheat,1,Buldhana,FAQ,Shegaon,1450,1150,1300,Maharashtra,Other
2010-06-14,Wheat,1,Ahmednagar,FAQ,Shevgaon,1550,1150,1300,Maharashtra,Other
2010-06-14,Wheat,1,Ahmednagar,FAQ,Shevgaon(Bodhegaon),1550,1400,1500,Maharashtra,Other
2010-06-14,Wheat,1,Hingoli,FAQ,Sengoan,1300,1300,1300,Maharashtra,Other
2010-06-14,Wheat,1,Nashik,FAQ,Devala,1400,1175,1315,Maharashtra,Maharashtra 2189
2010-06-14,Wheat,1,Dhule,FAQ,Sakri,1650,1200,1400,Maharashtra,Maharashtra 2189
2010-06-15,Wheat,1,Buldhana,FAQ,Jalgaon(Jamod),1300,1200,1250,Maharashtra,Other
2010-06-15,Wheat,1,Akola,FAQ,Akot,1315,1100,1261,Maharashtra,Other
2010-06-15,Wheat,1,Beed,FAQ,Ambejaogai,1624,1100,1475,Maharashtra,Other
2010-06-15,Wheat,1,Ahmednagar,FAQ,Shevgaon(Bodhegaon),1500,1300,1400,Maharashtra,Other
2010-06-15,Wheat,1,Akola,FAQ,Telhara,1225,1150,1200,Maharashtra,Other
2010-06-15,Wheat,1,Chattrapati Sambhajinagar,FAQ,Gangapur,1517,1320,1450,Maharashtra,Other
2010-06-15,Wheat,1,Ahmednagar,FAQ,Rahuri,1400,1300,1350,Maharashtra,Other
2010-06-15,Wheat,1,Chattrapati Sambhajinagar,FAQ,Chattrapati Sambhajinagar,1500,1215,1375,Maharashtra,Other
2010-06-15,Wheat,1,Beed,FAQ,Kaij,1701,1151,1252,Maharashtra,Other
2010-06-16,Wheat,1,Chattrapati Sambhajinagar,FAQ,Paithan,1650,1300,1450,Maharashtra,Bansi
2010-06-16,Wheat,1,Ahmednagar,FAQ,Pathardi,1400,1200,1300,Maharashtra,Other
2010-06-16,Wheat,1,Nanded,FAQ,Nanded,1261,1261,1261,Maharashtra,Other
2010-06-16,Wheat,1,Beed,FAQ,Ambejaogai,1680,1100,1470,Maharashtra,Other
2010-06-16,Wheat,1,Buldhana,FAQ,Lonar,1350,1116,1275,Maharashtra,Other
2010-06-17,Wheat,1,Chattrapati Sambhajinagar,FAQ,Lasur Station,1571,1221,1300,Maharashtra,Other
2010-06-17,Wheat,1,Dharashiv(Usmanabad),FAQ,Umarga,1850,1850,1850,Maharashtra,Maharashtra 2189
2010-06-17,Wheat,1,Ahmednagar,FAQ,Rahata,1559,1214,1450,Maharashtra,Other
2010-06-17,Wheat,1,Bhandara,FAQ,Bhandara,1200,1080,1100,Maharashtra,Maharashtra 2189
2010-06-17,Wheat,1,Jalgaon,FAQ,Amalner,1351,1100,1225,Maharashtra,Other
2010-06-17,Wheat,1,Dhule,FAQ,Shirpur,1521,1170,1275,Maharashtra,Other
2010-06-18,Wheat,1,Jalgaon,FAQ,Amalner,1330,1001,1165,Maharashtra,Other
2010-06-18,Wheat,1,Buldhana,FAQ,Deoulgaon Raja,1700,1300,1350,Maharashtra,Other
2010-06-18,Wheat,1,Jalana,FAQ,Mantha,1700,1250,1600,Maharashtra,Other
2010-06-18,Wheat,1,Beed,FAQ,Gevrai,1550,1230,1340,Maharashtra,Other
2010-06-18,Wheat,1,Ahmednagar,FAQ,Rahuri(Vambori),1450,1350,1400,Maharashtra,Other
2010-06-18,Wheat,1,Chattrapati Sambhajinagar,FAQ,Lasur Station,1400,1220,1300,Maharashtra,Other
2010-06-19,Wheat,1,Amarawati,FAQ,Morshi,1300,1080,1125,Maharashtra,Other
2010-06-19,Wheat,1,Ahmednagar,FAQ,Shevgaon(Bodhegaon),1600,1350,1400,Maharashtra,Other
2010-06-19,Wheat,1,Beed,FAQ,Ambejaogai,1756,1160,1481,Maharashtra,Other
2010-06-20,Wheat,1,Hingoli,FAQ,Jawala-Bajar,1300,1100,1200,Maharashtra,Other
2010-06-20,Wheat,1,Ahmednagar,FAQ,Newasa,1450,1200,1325,Maharashtra,Other
2010-06-20,Wheat,1,Ahmednagar,FAQ,Shevgaon,1500,1200,1300,Maharashtra,Other
2010-06-21,Wheat,1,Chattrapati Sambhajinagar,FAQ,Gangapur,1400,1275,1350,Maharashtra,Other
2010-06-21,Wheat,1,Jalgaon,FAQ,Amalner,1290,1161,1225,Maharashtra,Other
2010-06-21,Wheat,1,Dhule,FAQ,Sakri,1348,1180,1200,Maharashtra,Maharashtra 2189
2010-06-21,Wheat,1,Beed,FAQ,Kaij,1421,1165,1200,Maharashtra,Other
2010-06-22,Wheat,1,Chattrapati Sambhajinagar,FAQ,Gangapur,1400,1285,1350,Maharashtra,Other
2010-06-22,Wheat,1,Dhule,FAQ,Dondaicha(Sindhkheda),1270,1250,1260,Maharashtra,Other
2010-06-22,Wheat,1,Beed,FAQ,Kille Dharur,1750,1280,1430,Maharashtra,Other
2010-06-23,Wheat,1,Jalgaon,FAQ,Bhusaval,1375,1151,1375,Maharashtra,Other
2010-06-23,Wheat,1,Hingoli,FAQ,Jawala-Bajar,1500,1100,1300,Maharashtra,Other
2010-06-23,Wheat,1,Nandurbar,FAQ,Nandurbar,1465,1231,1331,Maharashtra,Other
2010-06-23,Wheat,1,Chattrapati Sambhajinagar,FAQ,Lasur Station,1440,1191,1290,Maharashtra,Other
2010-06-23,Wheat,1,Amarawati,FAQ,Morshi,1300,1100,1234,Maharashtra,Other
2010-06-23,Wheat,1,Dhule,FAQ,Sakri,1385,1126,1258,Maharashtra,Other
2010-06-23,Wheat,1,Hingoli,FAQ,Kalamnuri,1200,1200,1200,Maharashtra,Other
2010-06-23,Wheat,1,Buldhana,FAQ,Deoulgaon Raja,1430,1225,1350,Maharashtra,Other
2010-06-24,Wheat,1,Buldhana,FAQ,Motala,1200,1200,1200,Maharashtra,Other
2010-06-24,Wheat,1,Jalana,FAQ,Jalana,1712,1240,1481,Maharashtra,Other
2010-06-24,Wheat,1,Ahmednagar,FAQ,Jamkhed,1700,1250,1475,Maharashtra,Other
2010-06-24,Wheat,1,Hingoli,FAQ,Kalamnuri,1100,1100,1100,Maharashtra,Other
2010-06-24,Wheat,1,Dhule,FAQ,Dhule,1440,1080,1230,Maharashtra,Other
2010-06-24,Wheat,1,Buldhana,FAQ,Deoulgaon Raja,1300,1201,1201,Maharashtra,Other
2010-06-24,Wheat,1,Bhandara,FAQ,Bhandara,1240,1080,1100,Maharashtra,Other
2010-06-25,Wheat,1,Hingoli,FAQ,Sengoan,1400,1400,1400,Maharashtra,Other
2010-06-25,Wheat,1,Ahmednagar,FAQ,Rahata,1465,1210,1400,Maharashtra,Other
2010-06-25,Wheat,1,Nanded,FAQ,Nanded,1231,1150,1215,Maharashtra,Other
2010-06-25,Wheat,1,Chattrapati Sambhajinagar,FAQ,Chattrapati Sambhajinagar,1425,1200,1325,Maharashtra,Other
2010-06-25,Wheat,1,Ahmednagar,FAQ,Ahmednagar,1825,1400,1612,Maharashtra,Other
2010-06-25,Wheat,1,Jalgaon,FAQ,Bhusaval,1261,1086,1247,Maharashtra,Other
2010-06-26,Wheat,1,Ahmednagar,FAQ,Shevgaon(Bodhegaon),1450,1450,1450,Maharashtra,Other
2010-06-26,Wheat,1,Akola,FAQ,Telhara,1225,1100,1200,Maharashtra,Other
2010-06-26,Wheat,1,Jalana,FAQ,Jalana,2200,2200,2200,Maharashtra,Other
2010-06-27,Wheat,1,Dharashiv(Usmanabad),FAQ,Dharashiv,1720,1461,1590,Maharashtra,Maharashtra 2189
2010-06-28,Wheat,1,Ahmednagar,FAQ,Shevgaon,1500,1200,1350,Maharashtra,Other
2010-06-28,Wheat,1,Chattrapati Sambhajinagar,FAQ,Gangapur,1370,1250,1340,Maharashtra,Other
2010-06-28,Wheat,1,Ahmednagar,FAQ,Jamkhed,1900,1200,1550,Maharashtra,Other
2010-06-28,Wheat,1,Beed,FAQ,Ambejaogai,1560,1080,1410,Maharashtra,Other
2010-06-28,Wheat,1,Dhule,FAQ,Sakri,1358,1190,1267,Maharashtra,Other
2010-06-28,Wheat,1,Buldhana,FAQ,Lonar,1300,1250,1275,Maharashtra,Other
2010-06-29,Wheat,1,Buldhana,FAQ,Deoulgaon Raja,1400,1200,1225,Maharashtra,Other
2010-06-29,Wheat,1,Jalgaon,FAQ,Bhusaval,1150,1125,1150,Maharashtra,Other
2010-06-29,Wheat,1,Dharashiv(Usmanabad),FAQ,Kalamb (Dharashiv),1901,1178,1600,Maharashtra,Maharashtra 2189
2010-06-29,Wheat,1,Beed,FAQ,Kille Dharur,1926,1176,1801,Maharashtra,Other
2010-06-29,Wheat,1,Buldhana,FAQ,Jalgaon(Jamod),1350,1200,1275,Maharashtra,Other
2010-06-29,Wheat,1,Buldhana,FAQ,Lonar,1400,1200,1300,Maharashtra,Other
2010-06-29,Wheat,1,Chattrapati Sambhajinagar,FAQ,Gangapur,1412,1325,1400,Maharashtra,Other
2010-06-29,Wheat,1,Beed,FAQ,Majalgaon,1700,1111,1500,Maharashtra,Other
2010-06-30,Wheat,1,Dhule,FAQ,Shirpur,1350,1150,1240,Maharashtra,Other
2010-06-30,Wheat,1,Chattrapati Sambhajinagar,FAQ,Paithan,1680,1210,1580,Maharashtra,Bansi
2010-06-30,Wheat,1,Hingoli,FAQ,Sengoan,1250,1250,1250,Maharashtra,Other
2010-06-30,Wheat,1,Ahmednagar,FAQ,Sangamner,1451,1200,1325,Maharashtra,Other
2010-06-30,Wheat,1,Hingoli,FAQ,Jawala-Bajar,1300,1250,1275,Maharashtra,Other
2010-06-30,Wheat,1,Dhule,FAQ,Dhule,1410,1080,1205,Maharashtra,Other
2010-07-01,Wheat,1,Buldhana,FAQ,Lonar,1400,1250,1300,Maharashtra,Other
2010-07-01,Wheat,1,Dharashiv(Usmanabad),FAQ,Kalamb (Dharashiv),1900,1161,1600,Maharashtra,Maharashtra 2189
2010-07-01,Wheat,1,Buldhana,FAQ,Sangrampur(Varvatbakal),1300,1150,1250,Maharashtra,Other
2010-07-01,Wheat,1,Akola,FAQ,Telhara,1200,1150,1175,Maharashtra,Other
2010-07-01,Wheat,1,Buldhana,FAQ,Nandura,1725,1575,1601,Maharashtra,Other
2010-07-01,Wheat,1,Buldhana,FAQ,Shegaon,1200,1100,1150,Maharashtra,Other
2010-07-01,Wheat,1,Dharashiv(Usmanabad),FAQ,Umarga,1775,1775,1775,Maharashtra,Maharashtra 2189
2010-07-01,Wheat,1,Dhule,FAQ,Dondaicha,1440,1100,1345,Maharashtra,Other
2010-07-01,Wheat,1,Beed,FAQ,Kaij,1900,1100,1200,Maharashtra,Other
2010-07-01,Wheat,1,Nashik,FAQ,Devala,1271,1260,1261,Maharashtra,Maharashtra 2189
2010-07-01,Wheat,1,Ahmednagar,FAQ,Kopargaon,1414,1250,1300,Maharashtra,Other
2010-07-01,Wheat,1,Beed,FAQ,Gevrai,1740,1210,1375,Maharashtra,Other
2010-07-02,Wheat,1,Chattrapati Sambhajinagar,FAQ,Lasur Station,1400,1226,1290,Maharashtra,Other
2010-07-02,Wheat,1,Beed,FAQ,Kille Dharur,1870,1274,1700,Maharashtra,Other
2010-07-02,Wheat,1,Buldhana,FAQ,Malkapur,1266,1080,1141,Maharashtra,Other
2010-07-02,Wheat,1,Chattrapati Sambhajinagar,FAQ,Chattrapati Sambhajinagar,1500,1200,1375,Maharashtra,Other
2010-07-02,Wheat,1,Bhandara,FAQ,Bhandara,1210,1080,1110,Maharashtra,Other
2010-07-02,Wheat,1,Ahmednagar,FAQ,Shevgaon,1400,1200,1300,Maharashtra,Other
2010-07-02,Wheat,1,Buldhana,FAQ,Lonar,1400,1250,1300,Maharashtra,Other
2010-07-03,Wheat,1,Ahmednagar,FAQ,Rahata,1485,1190,1350,Maharashtra,Other
2010-07-03,Wheat,1,Beed,FAQ,Gevrai,1590,1215,1215,Maharashtra,Other
2010-07-03,Wheat,1,Buldhana,FAQ,Lonar,1400,1250,1300,Maharashtra,Other
2010-07-03,Wheat,1,Ahmednagar,FAQ,Shrirampur,1475,1150,1315,Maharashtra,Other
2010-07-03,Wheat,1,Amarawati,FAQ,Anajngaon,1350,1150,1250,Maharashtra,Other
2010-07-03,Wheat,1,Ahmednagar,FAQ,Kopargaon,1355,1226,1275,Maharashtra,Other
2010-07-03,Wheat,1,Buldhana,FAQ,Sangrampur(Varvatbakal),1500,1080,1300,Maharashtra,Other
2010-07-04,Wheat,1,Beed,FAQ,Kada,1601,1200,1425,Maharashtra,Maharashtra 2189
2010-07-06,Wheat,1,Ahmednagar,FAQ,Ahmednagar,1575,1400,1487,Maharashtra,Other
2010-07-06,Wheat,1,Akola,FAQ,Telhara,1300,1200,1250,Maharashtra,Other
2010-07-06,Wheat,1,Hingoli,FAQ,Kalamnuri,1150,1150,1150,Maharashtra,Other
2010-07-06,Wheat,1,Ahmednagar,FAQ,Rahata,1500,1200,1350,Maharashtra,Other
2010-07-06,Wheat,1,Beed,FAQ,Beed,1517,1151,1400,Maharashtra,Maharashtra 2189
2010-07-06,Wheat,1,Dhule,FAQ,Dondaicha,1351,1100,1329,Maharashtra,Other
2010-07-06,Wheat,1,Hingoli,FAQ,Sengoan,1350,1200,1250,Maharashtra,Other
2010-07-07,Wheat,1,Ahmednagar,FAQ,Shevgaon,1350,1150,1200,Maharashtra,Other
2010-07-07,Wheat,1,Buldhana,FAQ,Malkapur,1321,1090,1140,Maharashtra,Other
2010-07-07,Wheat,1,Beed,FAQ,Majalgaon,1745,1351,1550,Maharashtra,Other
2010-07-07,Wheat,1,Amarawati,FAQ,Morshi,1300,1100,1231,Maharashtra,Other
2010-07-07,Wheat,1,Buldhana,FAQ,Lonar,1300,1150,1250,Maharashtra,Other
2010-07-08,Wheat,1,Dhule,FAQ,Dhule,1366,1080,1220,Maharashtra,Other
2010-07-08,Wheat,1,Chattrapati Sambhajinagar,FAQ,Gangapur,1449,1275,1375,Maharashtra,Other
2010-07-08,Wheat,1,Beed,FAQ,Gevrai,1781,1200,1340,Maharashtra,Other
2010-07-08,Wheat,1,Dhule,FAQ,Sakri,1348,1200,1275,Maharashtra,Maharashtra 2189
2010-07-08,Wheat,1,Ahmednagar,FAQ,Kopargaon,1531,1230,1290,Maharashtra,Other
2010-07-09,Wheat,1,Dharashiv(Usmanabad),FAQ,Kalamb (Dharashiv),2000,1150,1285,Maharashtra,Maharashtra 2189
2010-07-09,Wheat,1,Ahmednagar,FAQ,Jamkhed,1750,1300,1525,Maharashtra,Other
2010-07-09,Wheat,1,Ahmednagar,FAQ,Shrirampur,1551,1151,1351,Maharashtra,Other
2010-07-09,Wheat,1,Dhule,FAQ,Dhule,1426,1080,1220,Maharashtra,Other
2010-07-09,Wheat,1,Hingoli,FAQ,Jawala-Bajar,1350,1150,1250,Maharashtra,Other
2010-07-10,Wheat,1,Ahmednagar,FAQ,Ahmednagar,1550,1311,1430,Maharashtra,Other
2010-07-10,Wheat,1,Beed,FAQ,Beed,1720,1150,1500,Maharashtra,Other
2010-07-10,Wheat,1,Beed,FAQ,Gevrai,1500,1200,1300,Maharashtra,Other
2010-07-10,Wheat,1,Dhule,FAQ,Dhule,1390,1162,1220,Maharashtra,Other
2010-07-10,Wheat,1,Akola,FAQ,Telhara,1250,1200,1225,Maharashtra,Other
2010-07-10,Wheat,1,Jalana,FAQ,Jalana,1650,1240,1450,Maharashtra,Other
2010-07-10,Wheat,1,Chattrapati Sambhajinagar,FAQ,Lasur Station,1425,1220,1300,Maharashtra,Other
2010-07-11,Wheat,1,Ahmednagar,FAQ,Newasa,1400,1100,1250,Maharashtra,Other
2010-07-12,Wheat,1,Buldhana,FAQ,Sindkhed Raja,1400,1250,1301,Maharashtra,Other
2010-07-12,Wheat,1,Hingoli,FAQ,Hingoli,1500,1250,1375,Maharashtra,Other
2010-07-12,Wheat,1,Dharashiv(Usmanabad),FAQ,Kalamb (Dharashiv),1980,1100,1376,Maharashtra,Maharashtra 2189
2010-07-12,Wheat,1,Dharashiv(Usmanabad),FAQ,Umarga,1500,1500,1500,Maharashtra,Maharashtra 2189
2010-07-12,Wheat,1,Ahmednagar,FAQ,Shevgaon(Bodhegaon),1450,1350,1400,Maharashtra,Other
2010-07-12,Wheat,1,Hingoli,FAQ,Sengoan,1311,1200,1260,Maharashtra,Other
2010-07-12,Wheat,1,Buldhana,FAQ,Lonar,1350,1250,1300,Maharashtra,Other
2010-07-13,Wheat,1,Akola,FAQ,Telhara,1250,1150,1200,Maharashtra,Other
2010-07-13,Wheat,1,Ahmednagar,FAQ,Rahata,1500,1194,1400,Maharashtra,Other
2010-07-13,Wheat,1,Dharashiv(Usmanabad),FAQ,Kalamb (Dharashiv),1726,1235,1300,Maharashtra,Maharashtra 2189
2010-07-13,Wheat,1,Chattrapati Sambhajinagar,FAQ,Paithan,1670,1275,1550,Maharashtra,Bansi
2010-07-13,Wheat,1,Ahmednagar,FAQ,Kopargaon,1381,1266,1290,Maharashtra,Other
2010-07-13,Wheat,1,Chattrapati Sambhajinagar,FAQ,Gangapur,1441,1245,1375,Maharashtra,Other
2010-07-13,Wheat,1,Dhule,FAQ,Dondaicha(Sindhkheda),1200,1200,1200,Maharashtra,Other
2010-07-13,Wheat,1,Akola,FAQ,Akot,1425,1150,1356,Maharashtra,Other
2010-07-14,Wheat,1,Amarawati,FAQ,Morshi,1300,1200,1248,Maharashtra,Other
2010-07-14,Wheat,1,Dharashiv(Usmanabad),FAQ,Kalamb (Dharashiv),1700,1150,1300,Maharashtra,Maharashtra 2189
2010-07-14,Wheat,1,Ahmednagar,FAQ,Kopargaon,1429,1250,1300,Maharashtra,Other
2010-07-14,Wheat,1,Ahmednagar,FAQ,Shevgaon(Bodhegaon),1650,1400,1500,Maharashtra,Other
2010-07-14,Wheat,1,Jalana,FAQ,Jalana,1661,1211,1500,Maharashtra,Other
2010-07-14,Wheat,1,Ahmednagar,FAQ,Ahmednagar,1651,1425,1538,Maharashtra,Other
2010-07-14,Wheat,1,Dhule,FAQ,Shirpur,1475,1141,1251,Maharashtra,Other
2010-07-14,Wheat,1,Dhule,FAQ,Sakri,1254,1170,1200,Maharashtra,Maharashtra 2189
2010-07-15,Wheat,1,Ahmednagar,FAQ,Rahata,1482,1241,1270,Maharashtra,Other
2010-07-15,Wheat,1,Akola,FAQ,Telhara,1300,1150,1200,Maharashtra,Other
2010-07-15,Wheat,1,Buldhana,FAQ,Nandura,1385,1089,1266,Maharashtra,Other
2010-07-15,Wheat,1,Chattrapati Sambhajinagar,FAQ,Lasur Station,1431,1235,1325,Maharashtra,Other
2010-07-15,Wheat,1,Dharashiv(Usmanabad),FAQ,Kalamb (Dharashiv),1501,1150,1301,Maharashtra,Maharashtra 2189
2010-07-15,Wheat,1,Ahmednagar,FAQ,Ahmednagar,1600,1400,1500,Maharashtra,Other
2010-07-15,Wheat,1,Amarawati,FAQ,Achalpur,1450,1200,1325,Maharashtra,Other
2010-07-15,Wheat,1,Dhule,FAQ,Shirpur,1300,1176,1240,Maharashtra,Other
2010-07-16,Wheat,1,Dhule,FAQ,Shirpur,1530,1100,1265,Maharashtra,Other
2010-07-16,Wheat,1,Jalgaon,FAQ,Amalner,1300,1200,1250,Maharashtra,Other
2010-07-16,Wheat,1,Chattrapati Sambhajinagar,FAQ,Paithan,1633,1214,1525,Maharashtra,Bansi
2010-07-16,Wheat,1,Buldhana,FAQ,Deoulgaon Raja,1350,1250,1300,Maharashtra,Other
2010-07-16,Wheat,1,Ahmednagar,FAQ,Jamkhed,1700,1300,1500,Maharashtra,Other
2010-07-16,Wheat,1,Hingoli,FAQ,Hingoli,1750,1200,1475,Maharashtra,Other
2010-07-16,Wheat,1,Dhule,FAQ,Sakri,1206,1153,1170,Maharashtra,Maharashtra 2189
2010-07-16,Wheat,1,Ahmednagar,FAQ,Shevgaon(Bodhegaon),1650,1400,1600,Maharashtra,Other
2010-07-16,Wheat,1,Beed,FAQ,Kille Dharur,1760,1100,1650,Maharashtra,Other
2010-07-17,Wheat,1,Dharashiv(Usmanabad),FAQ,Kalamb (Dharashiv),1980,1196,1600,Maharashtra,Maharashtra 2189
2010-07-17,Wheat,1,Ahmednagar,FAQ,Shevgaon,1325,1200,1275,Maharashtra,Other
2010-07-17,Wheat,1,Ahmednagar,FAQ,Jamkhed,1650,1250,1450,Maharashtra,Other
2010-07-17,Wheat,1,Bhandara,FAQ,Bhandara,1100,1100,1100,Maharashtra,Other
2010-07-17,Wheat,1,Jalana,FAQ,Jalana,1516,1250,1400,Maharashtra,Other
2010-07-17,Wheat,1,Buldhana,FAQ,Mehekar,1420,1200,1300,Maharashtra,Other
2010-07-17,Wheat,1,Beed,FAQ,Parali Vaijyanath,1080,1080,1080,Maharashtra,Other
2010-07-17,Wheat,1,Chattrapati Sambhajinagar,FAQ,Paithan,1601,1165,1450,Maharashtra,Bansi
2010-07-17,Wheat,1,Amarawati,FAQ,Morshi,1300,1100,1247,Maharashtra,Other
2010-07-19,Wheat,1,Ahmednagar,FAQ,Shrirampur,1555,1125,1355,Maharashtra,Other
2010-07-19,Wheat,1,Akola,FAQ,Murtizapur,1446,1141,1276,Maharashtra,Other
2010-07-19,Wheat,1,Chattrapati Sambhajinagar,FAQ,Chattrapati Sambhajinagar,1400,1200,1375,Maharashtra,Other
2010-07-19,Wheat,1,Chattrapati Sambhajinagar,FAQ,Lasur Station,1501,1241,1375,Maharashtra,Other
2010-07-19,Wheat,1,Buldhana,FAQ,Sangrampur(Varvatbakal),1451,1111,1375,Maharashtra,Other
2010-07-19,Wheat,1,Hingoli,FAQ,Hingoli,1650,1200,1425,Maharashtra,Other
2010-07-19,Wheat,1,Jalana,FAQ,Jalana,1650,1200,1500,Maharashtra,Other
2010-07-19,Wheat,1,Ahmednagar,FAQ,Jamkhed,1700,1300,1500,Maharashtra,Other
2010-07-20,Wheat,1,Amarawati,FAQ,Dhamngaon-Railway,1258,1141,1235,Maharashtra,Other
2010-07-20,Wheat,1,Hingoli,FAQ,Kalamnuri,1250,1250,1250,Maharashtra,Other
2010-07-20,Wheat,1,Ahmednagar,FAQ,Shevgaon(Bodhegaon),1300,1300,1300,Maharashtra,Other
2010-07-20,Wheat,1,Buldhana,FAQ,Shegaon,1225,1125,1175,Maharashtra,Other
2010-07-20,Wheat,1,Nashik,FAQ,Devala,1340,1272,1285,Maharashtra,Maharashtra 2189
2010-07-20,Wheat,1,Hingoli,FAQ,Jawala-Bajar,1600,1250,1425,Maharashtra,Other
2010-07-20,Wheat,1,Chattrapati Sambhajinagar,FAQ,Chattrapati Sambhajinagar,1325,1211,1300,Maharashtra,Other
2010-07-20,Wheat,1,Akola,FAQ,Telhara,1270,1150,1200,Maharashtra,Other
2010-07-20,Wheat,1,Dhule,FAQ,Dhule,1530,1111,1270,Maharashtra,Maharashtra 2189
2010-07-21,Wheat,1,Ahmednagar,FAQ,Sangamner,1532,1300,1416,Maharashtra,Other
2010-07-21,Wheat,1,Buldhana,FAQ,Jalgaon(Jamod),1350,1100,1225,Maharashtra,Other
2010-07-22,Wheat,1,Buldhana,FAQ,Motala,1300,1200,1250,Maharashtra,Other
2010-07-22,Wheat,1,Chattrapati Sambhajinagar,FAQ,Lasur Station,1520,1250,1380,Maharashtra,Other
2010-07-22,Wheat,1,Buldhana,FAQ,Shegaon,1350,1250,1300,Maharashtra,Other
2010-07-22,Wheat,1,Buldhana,FAQ,Jalgaon(Jamod),1300,1100,1200,Maharashtra,Other
2010-07-22,Wheat,1,Chattrapati Sambhajinagar,FAQ,Vaijpur,1450,1200,1235,Maharashtra,Other
2010-07-22,Wheat,1,Jalana,FAQ,Jalana,1550,1270,1400,Maharashtra,Other
2010-07-22,Wheat,1,Chattrapati Sambhajinagar,FAQ,Gangapur,1441,1318,1400,Maharashtra,Other
2010-07-22,Wheat,1,Nandurbar,FAQ,Nandurbar,1425,1271,1341,Maharashtra,Other
2010-07-23,Wheat,1,Jalana,FAQ,Jalna(Badnapur),1500,1300,1450,Maharashtra,Other
2010-07-23,Wheat,1,Beed,FAQ,Ambejaogai,1741,1100,1461,Maharashtra,Other
2010-07-23,Wheat,1,Chattrapati Sambhajinagar,FAQ,Chattrapati Sambhajinagar,1451,1211,1325,Maharashtra,Other
2010-07-23,Wheat,1,Jalana,FAQ,Partur,1461,1250,1370,Maharashtra,Maharashtra 2189
2010-07-23,Wheat,1,Chattrapati Sambhajinagar,FAQ,Lasur Station,1601,1265,1390,Maharashtra,Other
2010-07-24,Wheat,1,Ahmednagar,FAQ,Pathardi,1700,1200,1500,Maharashtra,Maharashtra 2189
2010-07-24,Wheat,1,Dharashiv(Usmanabad),FAQ,Kalamb (Dharashiv),1825,1200,1400,Maharashtra,Maharashtra 2189
2010-07-24,Wheat,1,Chattrapati Sambhajinagar,FAQ,Lasur Station,1608,1275,1400,Maharashtra,Other
2010-07-24,Wheat,1,Buldhana,FAQ,Shegaon,1350,1250,1300,Maharashtra,Other
2010-07-24,Wheat,1,Ahmednagar,FAQ,Jamkhed,1700,1400,1550,Maharashtra,Kalyan
2010-07-24,Wheat,1,Beed,FAQ,Gevrai,1550,1200,1325,Maharashtra,Other
2010-07-26,Wheat,1,Dhule,FAQ,Sakri,1390,1111,1284,Maharashtra,Maharashtra 2189
2010-07-26,Wheat,1,Ahmednagar,FAQ,Shevgaon(Bodhegaon),1550,1300,1400,Maharashtra,Other
2010-07-26,Wheat,1,Ahmednagar,FAQ,Jamkhed,1750,1450,1600,Maharashtra,Maharashtra 2189
2010-07-26,Wheat,1,Hingoli,FAQ,Hingoli,1750,1250,1500,Maharashtra,Other
2010-07-26,Wheat,1,Nanded,FAQ,Nanded,1251,1231,1245,Maharashtra,Other
2010-07-26,Wheat,1,Akola,FAQ,Murtizapur,1201,1101,1156,Maharashtra,Other
2010-07-26,Wheat,1,Amarawati,FAQ,Chandur Railway,1200,1200,1200,Maharashtra,Other
2010-07-26,Wheat,1,Dharashiv(Usmanabad),FAQ,Umarga,1100,1100,1100,Maharashtra,Maharashtra 2189
2010-07-26,Wheat,1,Buldhana,FAQ,Deoulgaon Raja,1600,1200,1500,Maharashtra,Other
2010-07-26,Wheat,1,Buldhana,FAQ,Chikali,1300,1235,1265,Maharashtra,Other
2010-07-26,Wheat,1,Amarawati,FAQ,Dhamngaon-Railway,1272,1250,1260,Maharashtra,Other
2010-07-27,Wheat,1,Amarawati,FAQ,Chandur Railway,1200,1200,1200,Maharashtra,Other
2010-07-27,Wheat,1,Dharashiv(Usmanabad),FAQ,Kalamb (Dharashiv),1504,1200,1352,Maharashtra,Maharashtra 2189
2010-07-27,Wheat,1,Ahmednagar,FAQ,Shevgaon,1350,1200,1275,Maharashtra,Maharashtra 2189
2010-07-27,Wheat,1,Chattrapati Sambhajinagar,FAQ,Vaijpur,1501,1235,1270,Maharashtra,Other
2010-07-27,Wheat,1,Dhule,FAQ,Shirpur,1528,1200,1271,Maharashtra,Other
2010-07-27,Wheat,1,Beed,FAQ,Kille Dharur,1521,1125,1521,Maharashtra,Other
2010-07-27,Wheat,1,Buldhana,FAQ,Deoulgaon Raja,1525,1300,1400,Maharashtra,Other
2010-07-27,Wheat,1,Dhule,FAQ,Sakri,1296,1141,1200,Maharashtra,Maharashtra 2189
2010-07-27,Wheat,1,Jalana,FAQ,Partur,1466,1175,1202,Maharashtra,Maharashtra 2189
2010-07-27,Wheat,1,Akola,FAQ,Murtizapur,1401,1101,1326,Maharashtra,Other
2010-07-27,Wheat,1,Ahmednagar,FAQ,Shevgaon(Bodhegaon),1400,1250,1300,Maharashtra,Other
2010-07-27,Wheat,1,Chattrapati Sambhajinagar,FAQ,Paithan,1500,1281,1441,Maharashtra,Bansi
2010-07-27,Wheat,1,Akola,FAQ,Akot,1335,1250,1314,Maharashtra,Other
2010-07-28,Wheat,1,Beed,FAQ,Majalgaon,1751,1081,1300,Maharashtra,Other
2010-07-28,Wheat,1,Hingoli,FAQ,Jawala-Bajar,1500,1200,1350,Maharashtra,Maharashtra 2189
2010-07-28,Wheat,1,Beed,FAQ,Gevrai,1730,1100,1250,Maharashtra,Other
2010-07-28,Wheat,1,Ahmednagar,FAQ,Sangamner,1525,1250,1387,Maharashtra,Other
2010-07-28,Wheat,1,Dhule,FAQ,Dondaicha,1425,1100,1380,Maharashtra,Other
2010-07-28,Wheat,1,Buldhana,FAQ,Mehekar,1500,1170,1380,Maharashtra,Other
2010-07-28,Wheat,1,Nandurbar,FAQ,Nandurbar,1399,1211,1331,Maharashtra,Other
2010-07-28,Wheat,1,Chattrapati Sambhajinagar,FAQ,Lasur Station,1435,1200,1390,Maharashtra,Other
2010-07-28,Wheat,1,Ahmednagar,FAQ,Shevgaon(Bodhegaon),1450,1300,1350,Maharashtra,Other
2010-07-28,Wheat,1,Buldhana,FAQ,Lonar,1305,1150,1250,Maharashtra,Other
2010-07-28,Wheat,1,Akola,FAQ,Murtizapur,1221,1101,1201,Maharashtra,Other
2010-07-28,Wheat,1,Buldhana,FAQ,Chikali,1350,1200,1275,Maharashtra,Other
2010-07-29,Wheat,1,Buldhana,FAQ,Nandura,1425,1100,1325,Maharashtra,Other
2010-07-29,Wheat,1,Beed,FAQ,Gevrai,1651,1200,1400,Maharashtra,Other
2010-07-29,Wheat,1,Buldhana,FAQ,Mehekar,1520,1160,1400,Maharashtra,Other
2010-07-29,Wheat,1,Buldhana,FAQ,Shegaon,1325,1150,1237,Maharashtra,Other
2010-07-29,Wheat,1,Chattrapati Sambhajinagar,FAQ,Chattrapati Sambhajinagar,1460,1225,1300,Maharashtra,Other
2010-07-29,Wheat,1,Jalana,FAQ,Partur,1385,1193,1220,Maharashtra,Maharashtra 2189
2010-07-29,Wheat,1,Buldhana,FAQ,Jalgaon(Jamod),1250,1100,1160,Maharashtra,Other
2010-07-29,Wheat,1,Chattrapati Sambhajinagar,FAQ,Vaijpur,1500,1265,1275,Maharashtra,Other
2010-07-29,Wheat,1,Akola,FAQ,Akot,1325,1220,1299,Maharashtra,Other
2010-07-30,Wheat,1,Chattrapati Sambhajinagar,FAQ,Gangapur,1400,1260,1350,Maharashtra,Other
2010-07-30,Wheat,1,Beed,FAQ,Gevrai,1666,1270,1270,Maharashtra,Other
2010-07-30,Wheat,1,Dhule,FAQ,Shirpur,1351,1100,1286,Maharashtra,Other
2010-07-30,Wheat,1,Ahmednagar,FAQ,Rahuri,1450,1350,1400,Maharashtra,Other
2010-07-30,Wheat,1,Nashik,FAQ,Ghoti,1377,1377,1377,Maharashtra,Other
2010-07-30,Wheat,1,Ahmednagar,FAQ,Jamkhed,1600,1500,1550,Maharashtra,Maharashtra 2189
2010-07-30,Wheat,1,Dhule,FAQ,Dondaicha,1413,1100,1325,Maharashtra,Other
2010-07-31,Wheat,1,Beed,FAQ,Beed,1650,1200,1400,Maharashtra,Other
2010-07-31,Wheat,1,Beed,FAQ,Ambejaogai,1821,1180,1475,Maharashtra,Other
2010-08-01,Wheat,1,Ahmednagar,FAQ,Newasa,1375,1100,1200,Maharashtra,Other
2010-08-01,Wheat,1,Hingoli,FAQ,Jawala-Bajar,1500,1100,1300,Maharashtra,Maharashtra 2189
2010-08-02,Wheat,1,Hingoli,FAQ,Jawala-Bajar,1500,1300,1400,Maharashtra,Maharashtra 2189
2010-08-02,Wheat,1,Dharashiv(Usmanabad),FAQ,Umarga,1400,1080,1201,Maharashtra,Maharashtra 2189
2010-08-02,Wheat,1,Buldhana,FAQ,Lonar,1325,1100,1250,Maharashtra,Other
2010-08-02,Wheat,1,Buldhana,FAQ,Mehekar,1450,1250,1350,Maharashtra,Other
2010-08-02,Wheat,1,Beed,FAQ,Majalgaon,1600,1150,1400,Maharashtra,Other
2010-08-02,Wheat,1,Beed,FAQ,Gevrai,1551,1100,1275,Maharashtra,Other
2010-08-02,Wheat,1,Ahmednagar,FAQ,Jamkhed,1650,1550,1600,Maharashtra,Maharashtra 2189
2010-08-03,Wheat,1,Ahmednagar,FAQ,Shrirampur,1511,1200,1385,Maharashtra,Other
2010-08-03,Wheat,1,Bhandara,FAQ,Bhandara,1100,1100,1100,Maharashtra,Maharashtra 2189
2010-08-03,Wheat,1,Dhule,FAQ,Shirpur,1586,1450,1579,Maharashtra,Maharashtra 2189
2010-08-03,Wheat,1,Ahmednagar,FAQ,Shevgaon(Bodhegaon),1600,1400,1500,Maharashtra,Maharashtra 2189
2010-08-03,Wheat,1,Buldhana,FAQ,Lonar,1300,1080,1250,Maharashtra,Other
2010-08-03,Wheat,1,Jalana,FAQ,Jalana,1541,1265,1500,Maharashtra,Other
2010-08-03,Wheat,1,Dhule,FAQ,Shirpur,1325,1177,1241,Maharashtra,Other
2010-08-04,Wheat,1,Beed,FAQ,Majalgaon,1600,1085,1300,Maharashtra,Other
2010-08-04,Wheat,1,Buldhana,FAQ,Lonar,1310,1200,1280,Maharashtra,Other
2010-08-04,Wheat,1,Ahmednagar,FAQ,Shevgaon,1350,1150,1300,Maharashtra,Maharashtra 2189
2010-08-04,Wheat,1,Buldhana,FAQ,Buldhana(Dhad),1500,1300,1450,Maharashtra,Other
2010-08-04,Wheat,1,Dhule,FAQ,Shirpur,1331,1238,1256,Maharashtra,Other
2010-08-04,Wheat,1,Beed,FAQ,Gevrai,1650,1200,1340,Maharashtra,Other
2010-08-04,Wheat,1,Amarawati,FAQ,Dhamngaon-Railway,1275,1150,1250,Maharashtra,Other
2010-08-04,Wheat,1,Beed,FAQ,Ambejaogai,1600,1130,1385,Maharashtra,Other
2010-08-04,Wheat,1,Chattrapati Sambhajinagar,FAQ,Chattrapati Sambhajinagar,1500,1200,1350,Maharashtra,Other
2010-08-05,Wheat,1,Buldhana,FAQ,Lonar,1330,1150,1275,Maharashtra,Other
2010-08-05,Wheat,1,Beed,FAQ,Ambejaogai,1776,1250,1476,Maharashtra,Other
2010-08-05,Wheat,1,Amarawati,FAQ,Achalpur,1400,1300,1350,Maharashtra,Other
2010-08-05,Wheat,1,Buldhana,FAQ,Jalgaon(Jamod),1300,1100,1200,Maharashtra,Other
2010-08-05,Wheat,1,Dhule,FAQ,Shirpur,1342,1100,1255,Maharashtra,Other
2010-08-05,Wheat,1,Nandurbar,FAQ,Nandurbar,1395,1191,1336,Maharashtra,Other
2010-08-05,Wheat,1,Ahmednagar,FAQ,Jamkhed,1700,1450,1575,Maharashtra,Maharashtra 2189
2010-08-05,Wheat,1,Buldhana,FAQ,Malkapur,1350,1166,1213,Maharashtra,Other
2010-08-06,Wheat,1,Ahmednagar,FAQ,Jamkhed,1750,1500,1625,Maharashtra,Maharashtra 2189
2010-08-06,Wheat,1,Beed,FAQ,Beed,1661,1181,1400,Maharashtra,Other
2010-08-06,Wheat,1,Jalgaon,FAQ,Chopada,1312,1252,1266,Maharashtra,Other
2010-08-06,Wheat,1,Dhule,FAQ,Sakri,1300,1155,1240,Maharashtra,Red
2010-08-06,Wheat,1,Beed,FAQ,Gevrai,1481,1200,1275,Maharashtra,Other
2010-08-06,Wheat,1,Ahmednagar,FAQ,Kopargaon,1531,1250,1320,Maharashtra,Other
2010-08-07,Wheat,1,Bhandara,FAQ,Tumsar,1230,1215,1220,Maharashtra,Other
2010-08-07,Wheat,1,Ahmednagar,FAQ,Ahmednagar,1600,1351,1475,Maharashtra,Other
2010-08-07,Wheat,1,Amarawati,FAQ,Achalpur,1400,1300,1350,Maharashtra,Other
2010-08-07,Wheat,1,Chattrapati Sambhajinagar,FAQ,Gangapur,1385,1285,1350,Maharashtra,Other
2010-08-07,Wheat,1,Buldhana,FAQ,Sangrampur(Varvatbakal),1260,1100,1200,Maharashtra,Other
2010-08-09,Wheat,1,Jalana,FAQ,Partur,1366,1100,1201,Maharashtra,Maharashtra 2189
2010-08-09,Wheat,1,Ahmednagar,FAQ,Ahmednagar,1650,1400,1525,Maharashtra,Other
2010-08-09,Wheat,1,Buldhana,FAQ,Malkapur,1357,1080,1239,Maharashtra,Other
2010-08-09,Wheat,1,Nashik,FAQ,Devala,1320,1320,1320,Maharashtra,Maharashtra 2189
2010-08-09,Wheat,1,Jalana,FAQ,Jalna(Badnapur),1400,1400,1400,Maharashtra,Other
2010-08-09,Wheat,1,Jalana,FAQ,Jalana,1511,1450,1450,Maharashtra,147 Average
2010-08-10,Wheat,1,Buldhana,FAQ,Shegaon,1300,1150,1225,Maharashtra,Other
2010-08-10,Wheat,1,Chattrapati Sambhajinagar,FAQ,Chattrapati Sambhajinagar,1400,1225,1260,Maharashtra,Other
2010-08-10,Wheat,1,Ahmednagar,FAQ,Shevgaon(Bodhegaon),1500,1500,1500,Maharashtra,Maharashtra 2189
2010-08-10,Wheat,1,Jalgaon,FAQ,Chopada,1272,1162,1272,Maharashtra,Other
2010-08-10,Wheat,1,Beed,FAQ,Ambejaogai,1600,1150,1385,Maharashtra,Other
2010-08-10,Wheat,1,Amarawati,FAQ,Dhamngaon-Railway,1270,1200,1250,Maharashtra,Other
2010-08-10,Wheat,1,Ahmednagar,FAQ,Jamkhed,1700,1500,1600,Maharashtra,Maharashtra 2189
2010-08-10,Wheat,1,Hingoli,FAQ,Jawala-Bajar,1590,1300,1445,Maharashtra,Maharashtra 2189
2010-08-10,Wheat,1,Beed,FAQ,Kille Dharur,1740,1291,1311,Maharashtra,Other
2010-08-10,Wheat,1,Jalana,FAQ,Bhokardan(Pimpalgaon Renu),1500,1200,1300,Maharashtra,147 Average
2010-08-11,Wheat,1,Akola,FAQ,Murtizapur,1241,1101,1201,Maharashtra,Other
2010-08-11,Wheat,1,Chattrapati Sambhajinagar,FAQ,Gangapur,1400,1290,1350,Maharashtra,Other
2010-08-11,Wheat,1,Ahmednagar,FAQ,Shevgaon(Bodhegaon),1600,1300,1500,Maharashtra,Maharashtra 2189
2010-08-11,Wheat,1,Buldhana,FAQ,Khamgaon,1285,1200,1242,Maharashtra,Other
2010-08-11,Wheat,1,Jalana,FAQ,Jalana,1400,1150,1300,Maharashtra,Other
2010-08-11,Wheat,1,Ahmednagar,FAQ,Newasa,1275,1125,1251,Maharashtra,Other
2010-08-12,Wheat,1,Amarawati,FAQ,Achalpur,1400,1200,1350,Maharashtra,Other
2010-08-12,Wheat,1,Hingoli,FAQ,Kalamnuri,1100,1100,1100,Maharashtra,Other
2010-08-12,Wheat,1,Buldhana,FAQ,Sangrampur(Varvatbakal),1345,1100,1275,Maharashtra,Other
2010-08-12,Wheat,1,Ahmednagar,FAQ,Jamkhed,1700,1400,1550,Maharashtra,Maharashtra 2189
2010-08-12,Wheat,1,Buldhana,FAQ,Chikali,1375,1200,1287,Maharashtra,Other
2010-08-12,Wheat,1,Buldhana,FAQ,Lonar,1300,1250,1275,Maharashtra,Other
2010-08-13,Wheat,1,Chattrapati Sambhajinagar,FAQ,Chattrapati Sambhajinagar,1425,1250,1300,Maharashtra,Other
2010-08-13,Wheat,1,Amarawati,FAQ,Amarawati,1600,1100,1350,Maharashtra,Other
2010-08-13,Wheat,1,Ahmednagar,FAQ,Shevgaon,1325,1200,1225,Maharashtra,Maharashtra 2189
2010-08-13,Wheat,1,Jalana,FAQ,Jalna(Badnapur),1300,1300,1300,Maharashtra,Other
2010-08-15,Wheat,1,Ahmednagar,FAQ,Newasa,1400,1100,1250,Maharashtra,Other
2010-08-16,Wheat,1,Buldhana,FAQ,Deoulgaon Raja,1600,1150,1200,Maharashtra,Other
2010-08-16,Wheat,1,Nandurbar,FAQ,Nandurbar,1415,1201,1365,Maharashtra,Other
2010-08-16,Wheat,1,Beed,FAQ,Gevrai,1630,1160,1280,Maharashtra,Other
2010-08-16,Wheat,1,Beed,FAQ,Ambejaogai,1696,1250,1411,Maharashtra,Other
2010-08-16,Wheat,1,Ahmednagar,FAQ,Rahuri,1450,1250,1350,Maharashtra,Other
2010-08-16,Wheat,1,Dharashiv(Usmanabad),FAQ,Umarga,1101,1100,1100,Maharashtra,Maharashtra 2189
2010-08-16,Wheat,1,Hingoli,FAQ,Hingoli,1800,1200,1500,Maharashtra,Other
2010-08-16,Wheat,1,Dhule,FAQ,Dondaicha(Sindhkheda),1240,1221,1230,Maharashtra,Other
2010-08-16,Wheat,1,Chattrapati Sambhajinagar,FAQ,Gangapur,1400,1280,1350,Maharashtra,Other
2010-08-16,Wheat,1,Jalana,FAQ,Jalana,1340,1280,1300,Maharashtra,Maharashtra 2189
2010-08-16,Wheat,1,Dhule,FAQ,Dondaicha,1429,1111,1377,Maharashtra,Other
2010-08-17,Wheat,1,Dhule,FAQ,Dondaicha,1441,1100,1365,Maharashtra,Other
2010-08-17,Wheat,1,Akola,FAQ,Akot,1344,1200,1304,Maharashtra,147 Average
2010-08-17,Wheat,1,Buldhana,FAQ,Deoulgaon Raja,1375,1200,1300,Maharashtra,Other
2010-08-17,Wheat,1,Jalgaon,FAQ,Chopada,1332,1200,1251,Maharashtra,Other
2010-08-17,Wheat,1,Ahmednagar,FAQ,Kopargaon,1599,1340,1400,Maharashtra,Other
2010-08-18,Wheat,1,Dhule,FAQ,Shirpur,1258,1231,1258,Maharashtra,Maharashtra 2189
2010-08-18,Wheat,1,Beed,FAQ,Kaij,1852,1130,1175,Maharashtra,Other
2010-08-18,Wheat,1,Akola,FAQ,Murtizapur,1271,1101,1256,Maharashtra,Other
2010-08-18,Wheat,1,Jalana,FAQ,Jalana,1500,1335,1400,Maharashtra,147 Average
2010-08-18,Wheat,1,Hingoli,FAQ,Sengoan,1300,1200,1250,Maharashtra,Other
2010-08-18,Wheat,1,Buldhana,FAQ,Lonar,1325,1275,1275,Maharashtra,Other
2010-08-18,Wheat,1,Ahmednagar,FAQ,Ahmednagar,1451,1451,1451,Maharashtra,Other
2010-08-18,Wheat,1,Dhule,FAQ,Dondaicha,1461,1111,1346,Maharashtra,Other
2010-08-18,Wheat,1,Jalana,FAQ,Jalana,1350,1300,1300,Maharashtra,Maharashtra 2189
2010-08-18,Wheat,1,Chattrapati Sambhajinagar,FAQ,Paithan,1527,1100,1433,Maharashtra,Bansi
2010-08-18,Wheat,1,Chattrapati Sambhajinagar,FAQ,Lasur Station,1466,1200,1350,Maharashtra,Other
2010-08-18,Wheat,1,Ahmednagar,FAQ,Rahuri,1350,1275,1315,Maharashtra,Other
2010-08-18,Wheat,1,Buldhana,FAQ,Shegaon,1400,1150,1275,Maharashtra,Other
2010-08-19,Wheat,1,Dhule,FAQ,Shirpur,1347,1241,1262,Maharashtra,Other
2010-08-19,Wheat,1,Jalana,FAQ,Jalana,1375,1265,1290,Maharashtra,Other
2010-08-19,Wheat,1,Ahmednagar,FAQ,Ahmednagar,1600,1351,1475,Maharashtra,Other
2010-08-20,Wheat,1,Beed,FAQ,Gevrai,1570,1101,1280,Maharashtra,Other
2010-08-20,Wheat,1,Buldhana,FAQ,Shegaon,1400,1150,1275,Maharashtra,Other
2010-08-20,Wheat,1,Buldhana,FAQ,Nandura,1321,1095,1235,Maharashtra,Other
2010-08-20,Wheat,1,Ahmednagar,FAQ,Ahmednagar,1600,1350,1475,Maharashtra,Other
2010-08-20,Wheat,1,Chattrapati Sambhajinagar,FAQ,Gangapur,1440,1302,1350,Maharashtra,Other
2010-08-21,Wheat,1,Ahmednagar,FAQ,Kopargaon,1511,1295,1340,Maharashtra,Other
2010-08-21,Wheat,1,Chattrapati Sambhajinagar,FAQ,Gangapur,1406,1275,1350,Maharashtra,Other
2010-08-21,Wheat,1,Buldhana,FAQ,Mehekar,1500,1200,1340,Maharashtra,Other
2010-08-21,Wheat,1,Buldhana,FAQ,Malkapur,1300,1110,1180,Maharashtra,Other
2010-08-21,Wheat,1,Bhandara,FAQ,Bhandara,1150,1100,1100,Maharashtra,Maharashtra 2189
2010-08-21,Wheat,1,Jalana,FAQ,Bhokardan,1450,1250,1400,Maharashtra,147 Average
2010-08-22,Wheat,1,Hingoli,FAQ,Jawala-Bajar,1360,1200,1280,Maharashtra,Bansi
2010-08-23,Wheat,1,Ahmednagar,FAQ,Ahmednagar,1451,1451,1451,Maharashtra,Other
2010-08-23,Wheat,1,Buldhana,FAQ,Mehekar,1475,1250,1320,Maharashtra,Other
2010-08-23,Wheat,1,Ahmednagar,FAQ,Sangamner,1581,1275,1428,Maharashtra,Other
2010-08-23,Wheat,1,Dhule,FAQ,Dondaicha(Sindhkheda),1237,1180,1230,Maharashtra,Other
2010-08-23,Wheat,1,Dhule,FAQ,Dondaicha,1619,1100,1328,Maharashtra,Other
2010-08-23,Wheat,1,Beed,FAQ,Gevrai,1500,1100,1270,Maharashtra,Other
2010-08-23,Wheat,1,Ahmednagar,FAQ,Shevgaon(Bodhegaon),1600,1350,1450,Maharashtra,Maharashtra 2189
2010-08-23,Wheat,1,Chattrapati Sambhajinagar,FAQ,Gangapur,1400,1296,1350,Maharashtra,Other
2010-08-23,Wheat,1,Jalana,FAQ,Partur,1421,1200,1241,Maharashtra,Maharashtra 2189
2010-08-23,Wheat,1,Amarawati,FAQ,Dhamngaon-Railway,1265,1189,1250,Maharashtra,Other
2010-08-23,Wheat,1,Nandurbar,FAQ,Nandurbar,1401,1271,1351,Maharashtra,Other
2010-08-24,Wheat,1,Hingoli,FAQ,Sengoan,1450,1200,1300,Maharashtra,Other
2010-08-24,Wheat,1,Buldhana,FAQ,Jalgaon(Jamod),1300,1100,1200,Maharashtra,Other
2010-08-24,Wheat,1,Dhule,FAQ,Sakri,1175,1101,1130,Maharashtra,Maharashtra 2189
2010-08-25,Wheat,1,Ahmednagar,FAQ,Shevgaon,1300,1150,1250,Maharashtra,Maharashtra 2189
2010-08-25,Wheat,1,Jalana,FAQ,Jalna(Badnapur),1200,1200,1200,Maharashtra,Other
2010-08-25,Wheat,1,Jalana,FAQ,Jalana,1260,1225,1260,Maharashtra,Maharashtra 2189
2010-08-25,Wheat,1,Beed,FAQ,Ambejaogai,1300,1150,1250,Maharashtra,Other
2010-08-25,Wheat,1,Dharashiv(Usmanabad),FAQ,Kalamb (Dharashiv),1451,1200,1273,Maharashtra,Maharashtra 2189
2010-08-25,Wheat,1,Chattrapati Sambhajinagar,FAQ,Kannad,1350,1250,1300,Maharashtra,Other
2010-08-25,Wheat,1,Hingoli,FAQ,Sengoan,1450,1200,1300,Maharashtra,Other
2010-08-25,Wheat,1,Dhule,FAQ,Dondaicha,1406,1111,1342,Maharashtra,Other
2010-08-25,Wheat,1,Buldhana,FAQ,Malkapur,1339,1080,1201,Maharashtra,Other
2010-08-25,Wheat,1,Hingoli,FAQ,Kalamnuri,1270,1270,1270,Maharashtra,Other
2010-08-26,Wheat,1,Dharashiv(Usmanabad),FAQ,Umarga,1501,1501,1501,Maharashtra,Maharashtra 2189
2010-08-26,Wheat,1,Beed,FAQ,Beed,1650,1200,1400,Maharashtra,Other
2010-08-26,Wheat,1,Nandurbar,FAQ,Nandurbar,1395,1201,1355,Maharashtra,Other
2010-08-26,Wheat,1,Chattrapati Sambhajinagar,FAQ,Kannad,1350,1200,1275,Maharashtra,Other
2010-08-26,Wheat,1,Bhandara,FAQ,Tumsar,1215,1185,1200,Maharashtra,Other
2010-08-26,Wheat,1,Beed,FAQ,Gevrai,1300,1260,1275,Maharashtra,Other
2010-08-26,Wheat,1,Beed,FAQ,Parali Vaijyanath,1211,1211,1211,Maharashtra,Other
2010-08-27,Wheat,1,Hingoli,FAQ,Kalamnuri,1135,1135,1135,Maharashtra,Other
2010-08-27,Wheat,1,Buldhana,FAQ,Nandura,1300,1125,1265,Maharashtra,Other
2010-08-27,Wheat,1,Chattrapati Sambhajinagar,FAQ,Kannad,1350,1250,1300,Maharashtra,Other
2010-08-27,Wheat,1,Nashik,FAQ,Devala,1326,1295,1309,Maharashtra,Maharashtra 2189
2010-08-27,Wheat,1,Amarawati,FAQ,Chandur Railway,1200,1141,1171,Maharashtra,Other
2010-08-27,Wheat,1,Chattrapati Sambhajinagar,FAQ,Paithan,1467,1110,1450,Maharashtra,Bansi
2010-08-28,Wheat,1,Chattrapati Sambhajinagar,FAQ,Sillod,1250,1200,1230,Maharashtra,Other
2010-08-28,Wheat,1,Ahmednagar,FAQ,Shevgaon(Bodhegaon),1400,1400,1400,Maharashtra,Maharashtra 2189
2010-08-28,Wheat,1,Jalgaon,FAQ,Amalner,1275,1231,1260,Maharashtra,Other
2010-08-28,Wheat,1,Beed,FAQ,Ambejaogai,1630,1150,1401,Maharashtra,Other
2010-08-28,Wheat,1,Dhule,FAQ,Dhule,1300,1080,1240,Maharashtra,Maharashtra 2189
2010-08-28,Wheat,1,Ahmednagar,FAQ,Ahmednagar,1525,1375,1450,Maharashtra,Other
2010-08-29,Wheat,1,Chattrapati Sambhajinagar,FAQ,Kannad,1400,1225,1313,Maharashtra,Other
2010-08-29,Wheat,1,Ahmednagar,FAQ,Rahuri,1200,1150,1175,Maharashtra,Other
2010-08-30,Wheat,1,Dhule,FAQ,Shirpur,1300,1150,1241,Maharashtra,Other
2010-08-30,Wheat,1,Dhule,FAQ,Shirpur,1450,1300,1340,Maharashtra,Maharashtra 2189
2010-08-30,Wheat,1,Nashik,FAQ,Devala,1341,1180,1325,Maharashtra,Maharashtra 2189
2010-08-30,Wheat,1,Ahmednagar,FAQ,Rahuri,1350,1200,1275,Maharashtra,Other
2010-08-31,Wheat,1,Chattrapati Sambhajinagar,FAQ,Kannad,1350,1200,1275,Maharashtra,Other
2010-08-31,Wheat,1,Ahmednagar,FAQ,Jamkhed,1700,1400,1550,Maharashtra,Maharashtra 2189
2010-08-31,Wheat,1,Akola,FAQ,Telhara,1275,1200,1250,Maharashtra,Other
2010-08-31,Wheat,1,Ahmednagar,FAQ,Shrirampur,1525,1211,1385,Maharashtra,Other
2010-08-31,Wheat,1,Hingoli,FAQ,Jawala-Bajar,1500,1200,1350,Maharashtra,Maharashtra 2189
2010-08-31,Wheat,1,Amarawati,FAQ,Amarawati,1550,1100,1325,Maharashtra,147 Average
2010-08-31,Wheat,1,Hingoli,FAQ,Jawala-Bajar,1485,1190,1338,Maharashtra,Bansi
2010-08-31,Wheat,1,Jalgaon,FAQ,Amalner,1290,1051,1170,Maharashtra,Other
2010-08-31,Wheat,1,Ahmednagar,FAQ,Kopargaon,1612,1220,1320,Maharashtra,Other
2010-08-31,Wheat,1,Nashik,FAQ,Devala,1379,1245,1312,Maharashtra,Maharashtra 2189
2010-08-31,Wheat,1,Amarawati,FAQ,Achalpur,1400,1250,1325,Maharashtra,Other
2010-08-31,Wheat,1,Buldhana,FAQ,Deoulgaon Raja,1355,1100,1275,Maharashtra,Other
2010-08-31,Wheat,1,Bhandara,FAQ,Bhandara,1100,1100,1100,Maharashtra,Maharashtra 2189
2010-08-31,Wheat,1,Chattrapati Sambhajinagar,FAQ,Chattrapati Sambhajinagar,1400,1250,1300,Maharashtra,Other
2010-09-01,Wheat,1,Chattrapati Sambhajinagar,FAQ,Chattrapati Sambhajinagar,1350,1230,1250,Maharashtra,Other
2010-09-01,Wheat,1,Jalana,FAQ,Jalana,1425,1425,1425,Maharashtra,147 Average
2010-09-01,Wheat,1,Akola,FAQ,Murtizapur,1201,1156,1186,Maharashtra,Other
2010-09-01,Wheat,1,Chattrapati Sambhajinagar,FAQ,Gangapur,1395,1250,1340,Maharashtra,Other
2010-09-01,Wheat,1,Ahmednagar,FAQ,Newasa,1425,1150,1300,Maharashtra,Other
2010-09-01,Wheat,1,Amarawati,FAQ,Amarawati,1500,1100,1300,Maharashtra,147 Average
2010-09-01,Wheat,1,Hingoli,FAQ,Jawala-Bajar,1470,1190,1330,Maharashtra,Maharashtra 2189
2010-09-02,Wheat,1,Akola,FAQ,Akot,1285,1190,1261,Maharashtra,147 Average
2010-09-02,Wheat,1,Buldhana,FAQ,Deoulgaon Raja,1475,1150,1150,Maharashtra,Other
2010-09-03,Wheat,1,Hingoli,FAQ,Sengoan,1200,1100,1150,Maharashtra,Other
2010-09-03,Wheat,1,Ahmednagar,FAQ,Shevgaon(Bodhegaon),1550,1200,1450,Maharashtra,Maharashtra 2189
2010-09-03,Wheat,1,Nandurbar,FAQ,Nandurbar,1385,1195,1346,Maharashtra,Other
2010-09-03,Wheat,1,Bhandara,FAQ,Bhandara,1100,1080,1100,Maharashtra,Maharashtra 2189
2010-09-03,Wheat,1,Jalana,FAQ,Mantha,1625,1200,1300,Maharashtra,Other
2010-09-03,Wheat,1,Beed,FAQ,Kaij,1771,1100,1171,Maharashtra,Other
2010-09-03,Wheat,1,Dhule,FAQ,Dondaicha,1457,1151,1313,Maharashtra,Other
2010-09-03,Wheat,1,Amarawati,FAQ,Amarawati,1425,1300,1360,Maharashtra,147 Average
2010-09-03,Wheat,1,Chattrapati Sambhajinagar,FAQ,Lasur Station,1400,1250,1325,Maharashtra,Other
2010-09-04,Wheat,1,Buldhana,FAQ,Deoulgaon Raja,1500,1100,1150,Maharashtra,Other
2010-09-04,Wheat,1,Beed,FAQ,Ambejaogai,1600,1150,1365,Maharashtra,Other
2010-09-04,Wheat,1,Beed,FAQ,Kille Dharur,1541,1185,1221,Maharashtra,Other
2010-09-04,Wheat,1,Nanded,FAQ,Bhokar,1330,1080,1280,Maharashtra,Other
2010-09-04,Wheat,1,Amarawati,FAQ,Morshi,1400,1200,1311,Maharashtra,Other
2010-09-04,Wheat,1,Buldhana,FAQ,Mehekar,1300,1150,1240,Maharashtra,Other
2010-09-04,Wheat,1,Bhandara,FAQ,Bhandara,1330,1080,1150,Maharashtra,Maharashtra 2189
2010-09-05,Wheat,1,Amarawati,FAQ,Chandur Bazar,1250,1150,1200,Maharashtra,Other
2010-09-05,Wheat,1,Bhandara,FAQ,Tumsar,1170,1100,1135,Maharashtra,Other
2010-09-06,Wheat,1,Chattrapati Sambhajinagar,FAQ,Lasur Station,1475,1250,1325,Maharashtra,Other
2010-09-06,Wheat,1,Bhandara,FAQ,Bhandara,1080,1080,1080,Maharashtra,Maharashtra 2189
2010-09-06,Wheat,1,Chattrapati Sambhajinagar,FAQ,Sillod(Bharadi),1250,1200,1225,Maharashtra,Other
2010-09-06,Wheat,1,Beed,FAQ,Beed,1501,1205,1300,Maharashtra,Other
2010-09-06,Wheat,1,Buldhana,FAQ,Chikali,1320,1200,1260,Maharashtra,Other
2010-09-06,Wheat,1,Ahmednagar,FAQ,Ahmednagar,1375,1375,1375,Maharashtra,Other
2010-09-06,Wheat,1,Jalana,FAQ,Jalana,1575,1361,1400,Maharashtra,Other
2010-09-06,Wheat,1,Amarawati,FAQ,Dhamngaon-Railway,1195,1100,1160,Maharashtra,Other
2010-09-06,Wheat,1,Jalana,FAQ,Jalna(Badnapur),1300,1300,1300,Maharashtra,Maharashtra 2189
2010-09-06,Wheat,1,Buldhana,FAQ,Malkapur,1369,1080,1210,Maharashtra,Other
2010-09-07,Wheat,1,Chattrapati Sambhajinagar,FAQ,Gangapur,1332,1150,1275,Maharashtra,Other
2010-09-07,Wheat,1,Beed,FAQ,Gevrai,1460,1100,1360,Maharashtra,Other
2010-09-07,Wheat,1,Ahmednagar,FAQ,Shevgaon,1350,1200,1300,Maharashtra,Maharashtra 2189
2010-09-07,Wheat,1,Beed,FAQ,Beed,1486,1201,1300,Maharashtra,Other
2010-09-07,Wheat,1,Jalgaon,FAQ,Chalisgaon,1350,1175,1290,Maharashtra,Maharashtra 2189
2010-09-07,Wheat,1,Dhule,FAQ,Dhule,1345,1080,1260,Maharashtra,Maharashtra 2189
2010-09-07,Wheat,1,Jalgaon,FAQ,Amalner,1228,1220,1224,Maharashtra,Other
2010-09-08,Wheat,1,Chattrapati Sambhajinagar,FAQ,Sillod,1240,1215,1220,Maharashtra,Other
2010-09-09,Wheat,1,Jalana,FAQ,Jalana,1300,1200,1261,Maharashtra,Other
2010-09-09,Wheat,1,Buldhana,FAQ,Motala,1300,1300,1300,Maharashtra,Other
2010-09-09,Wheat,1,Beed,FAQ,Kaij,1251,1144,1144,Maharashtra,Other
2010-09-09,Wheat,1,Akola,FAQ,Telhara,1215,1170,1200,Maharashtra,Other
2010-09-09,Wheat,1,Beed,FAQ,Beed,1621,1102,1270,Maharashtra,Other
2010-09-09,Wheat,1,Ahmednagar,FAQ,Rahuri,1300,1200,1250,Maharashtra,Other
2010-09-09,Wheat,1,Beed,FAQ,Gevrai,1450,1200,1382,Maharashtra,Other
2010-09-10,Wheat,1,Ahmednagar,FAQ,Rahuri,1450,1300,1375,Maharashtra,Other
2010-09-11,Wheat,1,Hingoli,FAQ,Sengoan,1250,1250,1250,Maharashtra,Other
2010-09-12,Wheat,1,Dharashiv(Usmanabad),FAQ,Dharashiv,1750,1141,1500,Maharashtra,Maharashtra 2189
2010-09-13,Wheat,1,Buldhana,FAQ,Deoulgaon Raja,1400,1100,1300,Maharashtra,Other
2010-09-13,Wheat,1,Jalana,FAQ,Jalana,1340,1210,1300,Maharashtra,Other
2010-09-13,Wheat,1,Ahmednagar,FAQ,Jamkhed,1400,1200,1300,Maharashtra,Other
2010-09-13,Wheat,1,Jalgaon,FAQ,Amalner,1300,1125,1255,Maharashtra,Other
2010-09-13,Wheat,1,Dhule,FAQ,Shirpur,1351,1150,1240,Maharashtra,Other
2010-09-13,Wheat,1,Ahmednagar,FAQ,Rahuri,1300,1250,1275,Maharashtra,Other
2010-09-13,Wheat,1,Nashik,FAQ,Devala,1473,1266,1341,Maharashtra,Maharashtra 2189
2010-09-13,Wheat,1,Nandurbar,FAQ,Nandurbar,1375,1145,1335,Maharashtra,Other
2010-09-13,Wheat,1,Bhandara,FAQ,Tumsar,1175,1140,1150,Maharashtra,Other
2010-09-13,Wheat,1,Beed,FAQ,Majalgaon,1601,1085,1325,Maharashtra,Other
2010-09-13,Wheat,1,Dhule,FAQ,Dhule,1406,1080,1260,Maharashtra,Maharashtra 2189
2010-09-13,Wheat,1,Beed,FAQ,Gevrai,1651,1100,1400,Maharashtra,Other
2010-09-13,Wheat,1,Chattrapati Sambhajinagar,FAQ,Lasur Station,1460,1200,1325,Maharashtra,Other
2010-09-13,Wheat,1,Dhule,FAQ,Dondaicha,1482,1100,1367,Maharashtra,Other
2010-09-14,Wheat,1,Ahmednagar,FAQ,Shrirampur,1505,1150,1355,Maharashtra,Other
2010-09-14,Wheat,1,Beed,FAQ,Ambejaogai,1656,1150,1400,Maharashtra,Other
2010-09-14,Wheat,1,Akola,FAQ,Telhara,1250,1150,1200,Maharashtra,Other
2010-09-14,Wheat,1,Jalana,FAQ,Mantha,1500,1100,1250,Maharashtra,Other
2010-09-14,Wheat,1,Amarawati,FAQ,Anajngaon,1300,1150,1250,Maharashtra,Other
2010-09-14,Wheat,1,Jalgaon,FAQ,Amalner,1275,1201,1240,Maharashtra,Other
2010-09-14,Wheat,1,Buldhana,FAQ,Khamgaon,1311,1150,1230,Maharashtra,Other
2010-09-14,Wheat,1,Buldhana,FAQ,Mehekar,1300,1200,1250,Maharashtra,Other
2010-09-14,Wheat,1,Buldhana,FAQ,Chikali,1300,1100,1200,Maharashtra,Other
2010-09-14,Wheat,1,Chattrapati Sambhajinagar,FAQ,Paithan,1433,1130,1330,Maharashtra,Bansi
2010-09-14,Wheat,1,Jalana,FAQ,Bhokardan,1450,1300,1400,Maharashtra,147 Average
2010-09-14,Wheat,1,Nanded,FAQ,Nanded,1411,1211,1225,Maharashtra,Other
2010-09-14,Wheat,1,Chattrapati Sambhajinagar,FAQ,Chattrapati Sambhajinagar,1425,1080,1211,Maharashtra,Other
2010-09-14,Wheat,1,Beed,FAQ,Gevrai,1450,1191,1270,Maharashtra,Other
2010-09-15,Wheat,1,Jalana,FAQ,Bhokardan,1450,1300,1400,Maharashtra,147 Average
2010-09-15,Wheat,1,Chattrapati Sambhajinagar,FAQ,Lasur Station,1475,1250,1325,Maharashtra,Other
2010-09-15,Wheat,1,Nashik,FAQ,Devala,1301,1263,1294,Maharashtra,Maharashtra 2189
2010-09-15,Wheat,1,Dhule,FAQ,Dondaicha(Sindhkheda),1191,1151,1180,Maharashtra,Other
2010-09-15,Wheat,1,Nanded,FAQ,Bhokar,1300,1080,1225,Maharashtra,Other
2010-09-15,Wheat,1,Ahmednagar,FAQ,Rahata,1460,1195,1325,Maharashtra,Other
2010-09-15,Wheat,1,Amarawati,FAQ,Morshi,1300,1200,1223,Maharashtra,Other
2010-09-15,Wheat,1,Jalgaon,FAQ,Amalner,1311,1191,1260,Maharashtra,Other
2010-09-16,Wheat,1,Akola,FAQ,Telhara,1200,1100,1150,Maharashtra,Other
2010-09-16,Wheat,1,Dhule,FAQ,Sakri,1166,1166,1166,Maharashtra,Maharashtra 2189
2010-09-16,Wheat,1,Jalana,FAQ,Jalana,1351,1320,1351,Maharashtra,Maharashtra 2189
2010-09-16,Wheat,1,Hingoli,FAQ,Sengoan,1250,1250,1250,Maharashtra,Other
2010-09-17,Wheat,1,Dhule,FAQ,Dondaicha,1465,1115,1337,Maharashtra,Other
2010-09-17,Wheat,1,Jalgaon,FAQ,Chalisgaon,1400,1100,1250,Maharashtra,Maharashtra 2189
2010-09-17,Wheat,1,Chattrapati Sambhajinagar,FAQ,Chattrapati Sambhajinagar,1500,1165,1250,Maharashtra,Other
2010-09-17,Wheat,1,Dhule,FAQ,Dhule,1405,1087,1260,Maharashtra,Other
2010-09-17,Wheat,1,Ahmednagar,FAQ,Rahuri,1400,1300,1350,Maharashtra,Other
2010-09-17,Wheat,1,Hingoli,FAQ,Sengoan,1250,1150,1200,Maharashtra,Other
2010-09-18,Wheat,1,Bhandara,FAQ,Bhandara,1160,1080,1100,Maharashtra,Maharashtra 2189
2010-09-18,Wheat,1,Ahmednagar,FAQ,Shevgaon(Bodhegaon),1600,1300,1400,Maharashtra,Maharashtra 2189
2010-09-18,Wheat,1,Ahmednagar,FAQ,Jamkhed,1400,1200,1300,Maharashtra,Other
2010-09-18,Wheat,1,Jalana,FAQ,Jalana,1500,1300,1421,Maharashtra,Other
2010-09-18,Wheat,1,Jalgaon,FAQ,Amalner,1281,1201,1250,Maharashtra,Other
2010-09-18,Wheat,1,Ahmednagar,FAQ,Shevgaon,1351,1175,1250,Maharashtra,Maharashtra 2189
2010-09-18,Wheat,1,Amarawati,FAQ,Anajngaon,1300,1200,1250,Maharashtra,Other
2010-09-18,Wheat,1,Akola,FAQ,Telhara,1200,1100,1150,Maharashtra,Other
2010-09-18,Wheat,1,Ahmednagar,FAQ,Rahuri,1300,1200,1250,Maharashtra,Other
2010-09-18,Wheat,1,Buldhana,FAQ,Shegaon,1350,1250,1300,Maharashtra,Other
2010-09-18,Wheat,1,Chattrapati Sambhajinagar,FAQ,Paithan,1400,1170,1360,Maharashtra,Bansi
2010-09-19,Wheat,1,Amarawati,FAQ,Chandur Bazar,1400,1100,1250,Maharashtra,Other
2010-09-20,Wheat,1,Chattrapati Sambhajinagar,FAQ,Lasur Station,1526,1215,1350,Maharashtra,Other
2010-09-20,Wheat,1,Akola,FAQ,Murtizapur,1211,1181,1201,Maharashtra,Other
2010-09-20,Wheat,1,Beed,FAQ,Parali Vaijyanath,1200,1200,1200,Maharashtra,Other
2010-09-20,Wheat,1,Beed,FAQ,Kaij,1752,1150,1166,Maharashtra,Other
2010-09-20,Wheat,1,Bhandara,FAQ,Bhandara,1080,1080,1080,Maharashtra,Maharashtra 2189
2010-09-20,Wheat,1,Hingoli,FAQ,Sengoan,1350,1200,1250,Maharashtra,Other
2010-09-20,Wheat,1,Beed,FAQ,Beed,1640,1300,1500,Maharashtra,Other
2010-09-20,Wheat,1,Buldhana,FAQ,Nandura,1300,1100,1235,Maharashtra,Other
2010-09-20,Wheat,1,Nashik,FAQ,Devala,1510,1274,1320,Maharashtra,Maharashtra 2189
2010-09-20,Wheat,1,Nanded,FAQ,Bhokar,1300,1200,1220,Maharashtra,Other
2010-09-21,Wheat,1,Akola,FAQ,Murtizapur,1286,1101,1201,Maharashtra,Other
2010-09-21,Wheat,1,Beed,FAQ,Ambejaogai,1540,1080,1341,Maharashtra,Other
2010-09-21,Wheat,1,Ahmednagar,FAQ,Ahmednagar,1451,1325,1388,Maharashtra,Other
2010-09-21,Wheat,1,Buldhana,FAQ,Khamgaon,1330,1181,1255,Maharashtra,Other
2010-09-21,Wheat,1,Dhule,FAQ,Dondaicha,1412,1111,1312,Maharashtra,Other
2010-09-21,Wheat,1,Buldhana,FAQ,Chikali,1280,1100,1190,Maharashtra,Other
2010-09-21,Wheat,1,Ahmednagar,FAQ,Shevgaon(Bodhegaon),1450,1200,1300,Maharashtra,Maharashtra 2189
2010-09-21,Wheat,1,Buldhana,FAQ,Jalgaon Jamod(Aasalgaon),1300,1100,1200,Maharashtra,Other
2010-09-21,Wheat,1,Hingoli,FAQ,Jawala-Bajar,1320,1110,1215,Maharashtra,Maharashtra 2189
2010-09-21,Wheat,1,Dharashiv(Usmanabad),FAQ,Umarga,1475,1390,1400,Maharashtra,Maharashtra 2189
2010-09-21,Wheat,1,Ahmednagar,FAQ,Rahuri,1350,1200,1325,Maharashtra,Other
2010-09-21,Wheat,1,Nanded,FAQ,Nanded,1270,1220,1231,Maharashtra,Other
2010-09-22,Wheat,1,Ahmednagar,FAQ,Rahuri,1350,1275,1312,Maharashtra,Other
2010-09-22,Wheat,1,Hingoli,FAQ,Jawala-Bajar,1300,1140,1220,Maharashtra,Maharashtra 2189
2010-09-22,Wheat,1,Dhule,FAQ,Dondaicha(Sindhkheda),1212,1200,1210,Maharashtra,Other
2010-09-23,Wheat,1,Ahmednagar,FAQ,Shevgaon(Bodhegaon),1400,1250,1350,Maharashtra,Maharashtra 2189
2010-09-23,Wheat,1,Akola,FAQ,Akola,1400,1150,1275,Maharashtra,Other
2010-09-23,Wheat,1,Buldhana,FAQ,Mehekar,1280,1200,1250,Maharashtra,Other
2010-09-23,Wheat,1,Buldhana,FAQ,Khamgaon,1340,1100,1220,Maharashtra,Other
2010-09-23,Wheat,1,Beed,FAQ,Beed,1680,1200,1400,Maharashtra,Other
2010-09-23,Wheat,1,Jalgaon,FAQ,Bodwad(Varangaon),1200,1200,1200,Maharashtra,Other
2010-09-23,Wheat,1,Buldhana,FAQ,Mehekar,1500,1300,1400,Maharashtra,Kalyan
2010-09-23,Wheat,1,Dhule,FAQ,Dondaicha,1469,1100,1300,Maharashtra,Other
2010-09-23,Wheat,1,Buldhana,FAQ,Chikali,1300,1100,1200,Maharashtra,Other
2010-09-23,Wheat,1,Beed,FAQ,Ambejaogai,1698,1100,1403,Maharashtra,Other
2010-09-24,Wheat,1,Amarawati,FAQ,Chandur Railway,1400,1135,1300,Maharashtra,Other
2010-09-24,Wheat,1,Ahmednagar,FAQ,Akole,1300,1100,1200,Maharashtra,Other
2010-09-24,Wheat,1,Chattrapati Sambhajinagar,FAQ,Kannad,1350,1250,1300,Maharashtra,Other
2010-09-24,Wheat,1,Buldhana,FAQ,Khamgaon,1350,1100,1225,Maharashtra,Other
2010-09-24,Wheat,1,Buldhana,FAQ,Malkapur,1270,1189,1200,Maharashtra,Other
2010-09-24,Wheat,1,Ahmednagar,FAQ,Jamkhed,1400,1250,1325,Maharashtra,Other
2010-09-24,Wheat,1,Buldhana,FAQ,Mehekar,1300,1100,1200,Maharashtra,Other
2010-09-24,Wheat,1,Hingoli,FAQ,Kalamnuri,1100,1100,1100,Maharashtra,Other
2010-09-24,Wheat,1,Dhule,FAQ,Shirpur,1360,1214,1275,Maharashtra,Other
2010-09-25,Wheat,1,Ahmednagar,FAQ,Kopargaon,1490,1260,1361,Maharashtra,Other
2010-09-25,Wheat,1,Dharashiv(Usmanabad),FAQ,Tuljapur,1100,1100,1100,Maharashtra,Other
2010-09-25,Wheat,1,Akola,FAQ,Murtizapur,1256,1086,1201,Maharashtra,Other
2010-09-25,Wheat,1,Buldhana,FAQ,Nandura,1333,1100,1250,Maharashtra,Other
2010-09-25,Wheat,1,Jalgaon,FAQ,Amalner,1471,1251,1360,Maharashtra,Other
2010-09-25,Wheat,1,Chattrapati Sambhajinagar,FAQ,Chattrapati Sambhajinagar,1400,1200,1300,Maharashtra,Other
2010-09-25,Wheat,1,Buldhana,FAQ,Lonar,1300,1250,1275,Maharashtra,Other
2010-09-25,Wheat,1,Beed,FAQ,Kille Dharur,1411,1145,1216,Maharashtra,Other
2010-09-25,Wheat,1,Beed,FAQ,Ambejaogai,1600,1150,1391,Maharashtra,Other
2010-09-25,Wheat,1,Ahmednagar,FAQ,Ahmednagar,1375,1375,1375,Maharashtra,Other
2010-09-26,Wheat,1,Bhandara,FAQ,Tumsar,1200,1140,1170,Maharashtra,Other
2010-09-27,Wheat,1,Ahmednagar,FAQ,Ahmednagar,1511,1351,1431,Maharashtra,Other
2010-09-27,Wheat,1,Buldhana,FAQ,Malkapur,1340,1162,1199,Maharashtra,Other
2010-09-27,Wheat,1,Dharashiv(Usmanabad),FAQ,Umarga,1601,1090,1370,Maharashtra,Maharashtra 2189
2010-09-27,Wheat,1,Chattrapati Sambhajinagar,FAQ,Lasur Station,1375,1230,1300,Maharashtra,Other
2010-09-27,Wheat,1,Ahmednagar,FAQ,Jamkhed,1450,1200,1325,Maharashtra,Other
2010-09-27,Wheat,1,Ahmednagar,FAQ,Shevgaon,1350,1200,1250,Maharashtra,Maharashtra 2189
2010-09-27,Wheat,1,Dhule,FAQ,Dondaicha,1456,1100,1294,Maharashtra,Other
2010-09-27,Wheat,1,Buldhana,FAQ,Chikali,1200,1100,1150,Maharashtra,Other
2010-09-27,Wheat,1,Chattrapati Sambhajinagar,FAQ,Chattrapati Sambhajinagar,1522,1215,1275,Maharashtra,Other
2010-09-27,Wheat,1,Hingoli,FAQ,Jawala-Bajar,1300,1175,1238,Maharashtra,Maharashtra 2189
2010-09-27,Wheat,1,Akola,FAQ,Akola,1405,1141,1265,Maharashtra,Other
2010-09-28,Wheat,1,Chattrapati Sambhajinagar,FAQ,Paithan,1311,1311,1311,Maharashtra,Bansi
2010-09-28,Wheat,1,Hingoli,FAQ,Jawala-Bajar,1310,1100,1205,Maharashtra,Bansi
2010-09-28,Wheat,1,Amarawati,FAQ,Anajngaon,1325,1125,1225,Maharashtra,Other
2010-09-28,Wheat,1,Ahmednagar,FAQ,Shevgaon(Bodhegaon),1400,1200,1350,Maharashtra,Maharashtra 2189
2010-09-28,Wheat,1,Ahmednagar,FAQ,Shevgaon,1325,1200,1275,Maharashtra,Maharashtra 2189
2010-09-28,Wheat,1,Ahmednagar,FAQ,Kopargaon,1424,1250,1315,Maharashtra,Other
2010-09-28,Wheat,1,Buldhana,FAQ,Jalgaon Jamod(Aasalgaon),1300,1100,1200,Maharashtra,Other
2010-09-28,Wheat,1,Beed,FAQ,Beed,1730,1100,1450,Maharashtra,Other
2010-09-28,Wheat,1,Jalgaon,FAQ,Amalner,1295,1201,1255,Maharashtra,Other
2010-09-28,Wheat,1,Hingoli,FAQ,Kalamnuri,1100,1100,1100,Maharashtra,Other
2010-09-29,Wheat,1,Hingoli,FAQ,Jawala-Bajar,1120,1090,1105,Maharashtra,Other
2010-09-29,Wheat,1,Dhule,FAQ,Dhule,1455,1106,1260,Maharashtra,Other
2010-09-29,Wheat,1,Buldhana,FAQ,Shegaon,1350,1250,1300,Maharashtra,Other
2010-09-29,Wheat,1,Nanded,FAQ,Nanded,1291,1235,1235,Maharashtra,Other
2010-09-29,Wheat,1,Ahmednagar,FAQ,Rahuri(Vambori),1650,1150,1400,Maharashtra,Other
2010-09-29,Wheat,1,Beed,FAQ,Parali Vaijyanath,1301,1211,1225,Maharashtra,Other
2010-09-29,Wheat,1,Ahmednagar,FAQ,Pathardi,1597,1266,1376,Maharashtra,Other
2010-09-30,Wheat,1,Amarawati,FAQ,Amarawati,1500,1100,1300,Maharashtra,Other
2010-09-30,Wheat,1,Ahmednagar,FAQ,Kopargaon,1601,1280,1361,Maharashtra,Other
2010-09-30,Wheat,1,Amarawati,FAQ,Dhamngaon-Railway,1228,1181,1210,Maharashtra,Other
2010-09-30,Wheat,1,Amarawati,FAQ,Achalpur,1300,1200,1250,Maharashtra,Other
2010-09-30,Wheat,1,Buldhana,FAQ,Sangrampur(Varvatbakal),1150,1100,1125,Maharashtra,Other
2010-09-30,Wheat,1,Chattrapati Sambhajinagar,FAQ,Sillod,1240,1200,1225,Maharashtra,Other
2010-09-30,Wheat,1,Akola,FAQ,Telhara,1200,1150,1180,Maharashtra,Other
2010-10-01,Wheat,1,Chattrapati Sambhajinagar,FAQ,Paithan,1452,1250,1300,Maharashtra,Bansi
2010-10-01,Wheat,1,Amarawati,FAQ,Amarawati,1500,1100,1300,Maharashtra,Other
2010-10-01,Wheat,1,Jalana,FAQ,Jalna(Badnapur),1405,1405,1405,Maharashtra,147 Average
2010-10-01,Wheat,1,Ahmednagar,FAQ,Rahuri,1350,1200,1275,Maharashtra,Other
2010-10-01,Wheat,1,Nanded,FAQ,Nanded,1351,1231,1235,Maharashtra,Other
2010-10-01,Wheat,1,Beed,FAQ,Kille Dharur,1541,1151,1421,Maharashtra,Other
2010-10-01,Wheat,1,Ahmednagar,FAQ,Rahuri(Vambori),1575,1280,1427,Maharashtra,Other
2010-10-01,Wheat,1,Akola,FAQ,Patur,1200,1100,1150,Maharashtra,147 Average
2010-10-02,Wheat,1,Chattrapati Sambhajinagar,FAQ,Chattrapati Sambhajinagar,1450,1215,1250,Maharashtra,Other
2010-10-02,Wheat,1,Chattrapati Sambhajinagar,FAQ,Paithan,1550,1256,1451,Maharashtra,Bansi
2010-10-02,Wheat,1,Ahmednagar,FAQ,Rahuri(Vambori),1500,1196,1348,Maharashtra,Other
2010-10-02,Wheat,1,Amarawati,FAQ,Morshi,1350,1100,1222,Maharashtra,Other
2010-10-03,Wheat,1,Hingoli,FAQ,Jawala-Bajar,1300,1150,1225,Maharashtra,Maharashtra 2189
2010-10-04,Wheat,1,Beed,FAQ,Ambejaogai,1551,1080,1371,Maharashtra,Other
2010-10-04,Wheat,1,Bhandara,FAQ,Tumsar,1225,1100,1150,Maharashtra,Other
2010-10-04,Wheat,1,Hingoli,FAQ,Jawala-Bajar,1250,1150,1200,Maharashtra,Maharashtra 2189
2010-10-04,Wheat,1,Dharashiv(Usmanabad),FAQ,Umarga,1450,1285,1400,Maharashtra,Maharashtra 2189
2010-10-04,Wheat,1,Nanded,FAQ,Bhokar,1350,1080,1225,Maharashtra,Other
2010-10-04,Wheat,1,Nanded,FAQ,Nanded,1300,1210,1235,Maharashtra,Other
2010-10-04,Wheat,1,Dhule,FAQ,Dondaicha(Sindhkheda),1382,1150,1300,Maharashtra,Other
2010-10-04,Wheat,1,Chattrapati Sambhajinagar,FAQ,Chattrapati Sambhajinagar,1450,1200,1340,Maharashtra,Other
2010-10-04,Wheat,1,Ahmednagar,FAQ,Shrirampur,1515,1125,1325,Maharashtra,Other
2010-10-04,Wheat,1,Buldhana,FAQ,Malkapur,1325,1170,1190,Maharashtra,Other
2010-10-04,Wheat,1,Akola,FAQ,Akola,1250,1125,1200,Maharashtra,Other
2010-10-04,Wheat,1,Chattrapati Sambhajinagar,FAQ,Lasur Station,1500,1260,1375,Maharashtra,Other
2010-10-05,Wheat,1,Buldhana,FAQ,Deoulgaon Raja,1300,1150,1250,Maharashtra,Other
2010-10-05,Wheat,1,Akola,FAQ,Akot,1280,1150,1248,Maharashtra,147 Average
2010-10-05,Wheat,1,Ahmednagar,FAQ,Rahuri(Vambori),1425,1100,1262,Maharashtra,Other
2010-10-05,Wheat,1,Ahmednagar,FAQ,Rahata,1450,1225,1300,Maharashtra,Other
2010-10-05,Wheat,1,Akola,FAQ,Akola,1311,1150,1225,Maharashtra,Other
2010-10-05,Wheat,1,Beed,FAQ,Beed,1672,1100,1400,Maharashtra,Other
2010-10-05,Wheat,1,Hingoli,FAQ,Sengoan,1300,1200,1250,Maharashtra,Other
2010-10-05,Wheat,1,Amarawati,FAQ,Amarawati,1500,1100,1300,Maharashtra,Other
2010-10-05,Wheat,1,Buldhana,FAQ,Jalgaon Jamod(Aasalgaon),1250,1150,1200,Maharashtra,Other
2010-10-05,Wheat,1,Jalana,FAQ,Jalana,1400,1400,1400,Maharashtra,147 Average
2010-10-06,Wheat,1,Chattrapati Sambhajinagar,FAQ,Gangapur,1339,1270,1300,Maharashtra,Other
2010-10-06,Wheat,1,Nashik,FAQ,Ghoti,1150,1150,1150,Maharashtra,Other
2010-10-06,Wheat,1,Nanded,FAQ,Nanded,1285,1215,1235,Maharashtra,Other
2010-10-06,Wheat,1,Chattrapati Sambhajinagar,FAQ,Paithan,1551,1236,1300,Maharashtra,Bansi
2010-10-06,Wheat,1,Chattrapati Sambhajinagar,FAQ,Lasur Station,1515,1240,1375,Maharashtra,Other
2010-10-06,Wheat,1,Buldhana,FAQ,Jalgaon(Jamod),1300,1100,1200,Maharashtra,Other
2010-10-06,Wheat,1,Amarawati,FAQ,Morshi,1300,1200,1234,Maharashtra,Other
2010-10-06,Wheat,1,Beed,FAQ,Kada,1461,1175,1351,Maharashtra,Maharashtra 2189
2010-10-07,Wheat,1,Ahmednagar,FAQ,Rahuri,1450,1225,1340,Maharashtra,Other
2010-10-07,Wheat,1,Jalgaon,FAQ,Chalisgaon,1400,1105,1340,Maharashtra,Maharashtra 2189
2010-10-07,Wheat,1,Ahmednagar,FAQ,Rahata,1365,1215,1250,Maharashtra,Other
2010-10-08,Wheat,1,Nanded,FAQ,Nanded,1240,1230,1235,Maharashtra,Other
2010-10-08,Wheat,1,Nanded,FAQ,Bhokar,1349,1161,1240,Maharashtra,Other
2010-10-08,Wheat,1,Ahmednagar,FAQ,Ahmednagar,1425,1425,1425,Maharashtra,Other
2010-10-08,Wheat,1,Dhule,FAQ,Dondaicha(Sindhkheda),1250,1201,1240,Maharashtra,Other
2010-10-08,Wheat,1,Jalana,FAQ,Jalna(Badnapur),1350,1175,1200,Maharashtra,Other
2010-10-08,Wheat,1,Chattrapati Sambhajinagar,FAQ,Kannad,1350,1250,1300,Maharashtra,Other
2010-10-08,Wheat,1,Chattrapati Sambhajinagar,FAQ,Paithan,1400,1261,1332,Maharashtra,Bansi
2010-10-08,Wheat,1,Dhule,FAQ,Dhule,1350,1085,1250,Maharashtra,Other
2010-10-09,Wheat,1,Buldhana,FAQ,Lonar,1375,1150,1275,Maharashtra,Other
2010-10-09,Wheat,1,Buldhana,FAQ,Jalgaon(Jamod),1300,1100,1200,Maharashtra,Other
2010-10-09,Wheat,1,Ahmednagar,FAQ,Shrirampur,1525,1100,1325,Maharashtra,Other
2010-10-09,Wheat,1,Amarawati,FAQ,Amarawati,1550,1100,1325,Maharashtra,Other
2010-10-09,Wheat,1,Ahmednagar,FAQ,Pathardi,1650,1250,1455,Maharashtra,Maharashtra 2189
2010-10-09,Wheat,1,Buldhana,FAQ,Malkapur,1360,1150,1214,Maharashtra,Other
2010-10-09,Wheat,1,Buldhana,FAQ,Sangrampur(Varvatbakal),1175,1080,1125,Maharashtra,Other
2010-10-09,Wheat,1,Ahmednagar,FAQ,Rahata,1600,1250,1450,Maharashtra,Other
2010-10-09,Wheat,1,Bhandara,FAQ,Bhandara,1080,1080,1080,Maharashtra,Maharashtra 2189
2010-10-09,Wheat,1,Beed,FAQ,Ambejaogai,1631,1100,1381,Maharashtra,Other
2010-10-10,Wheat,1,Dharashiv(Usmanabad),FAQ,Dharashiv,2200,1200,1750,Maharashtra,Maharashtra 2189
2010-10-10,Wheat,1,Hingoli,FAQ,Jawala-Bajar,1330,1210,1270,Maharashtra,Other
2010-10-10,Wheat,1,Chattrapati Sambhajinagar,FAQ,Sillod,1250,1200,1230,Maharashtra,Other
2010-10-11,Wheat,1,Beed,FAQ,Beed,1501,1172,1400,Maharashtra,Other
2010-10-11,Wheat,1,Buldhana,FAQ,Sangrampur(Varvatbakal),1170,1080,1125,Maharashtra,Other
2010-10-11,Wheat,1,Nanded,FAQ,Nanded,1305,1225,1240,Maharashtra,Other
2010-10-11,Wheat,1,Chattrapati Sambhajinagar,FAQ,Sillod,1250,1200,1230,Maharashtra,Other
2010-10-11,Wheat,1,Jalana,FAQ,Jalana,1350,1325,1350,Maharashtra,Maharashtra 2189
2010-10-11,Wheat,1,Dhule,FAQ,Dondaicha,1436,1100,1302,Maharashtra,Other
2010-10-11,Wheat,1,Bhandara,FAQ,Bhandara,1200,1080,1100,Maharashtra,Maharashtra 2189
2010-10-12,Wheat,1,Buldhana,FAQ,Malkapur,1320,1085,1225,Maharashtra,Other
2010-10-12,Wheat,1,Ahmednagar,FAQ,Rahuri,1400,1300,1350,Maharashtra,Other
2010-10-12,Wheat,1,Chattrapati Sambhajinagar,FAQ,Kannad,1401,1235,1318,Maharashtra,Other
2010-10-12,Wheat,1,Ahmednagar,FAQ,Kopargaon,1540,1250,1368,Maharashtra,Other
2010-10-12,Wheat,1,Dhule,FAQ,Dondaicha,1500,1111,1293,Maharashtra,Other
2010-10-12,Wheat,1,Amarawati,FAQ,Anajngaon,1350,1150,1250,Maharashtra,Other
2010-10-12,Wheat,1,Hingoli,FAQ,Sengoan,1250,1200,1200,Maharashtra,Other
2010-10-13,Wheat,1,Nanded,FAQ,Nanded,1351,1231,1235,Maharashtra,Other
2010-10-13,Wheat,1,Chattrapati Sambhajinagar,FAQ,Paithan,1300,1265,1280,Maharashtra,Bansi
2010-10-13,Wheat,1,Dhule,FAQ,Sakri,1400,1180,1300,Maharashtra,Maharashtra 2189
2010-10-13,Wheat,1,Beed,FAQ,Kada,1500,1190,1230,Maharashtra,Maharashtra 2189
2010-10-13,Wheat,1,Bhandara,FAQ,Tumsar,1170,1100,1135,Maharashtra,Other
2010-10-14,Wheat,1,Jalgaon,FAQ,Chopada,1192,1100,1192,Maharashtra,Other
2010-10-14,Wheat,1,Nashik,FAQ,Devala,1240,1240,1240,Maharashtra,Maharashtra 2189
2010-10-14,Wheat,1,Chattrapati Sambhajinagar,FAQ,Kannad,1350,1250,1300,Maharashtra,Other
2010-10-15,Wheat,1,Hingoli,FAQ,Jawala-Bajar,1360,1300,1330,Maharashtra,Maharashtra 2189
2010-10-15,Wheat,1,Hingoli,FAQ,Sengoan,1250,1100,1200,Maharashtra,Other
2010-10-15,Wheat,1,Jalana,FAQ,Partur,1375,1100,1301,Maharashtra,Maharashtra 2189
2010-10-15,Wheat,1,Ahmednagar,FAQ,Jamkhed,1700,1400,1550,Maharashtra,Maharashtra 2189
2010-10-15,Wheat,1,Chattrapati Sambhajinagar,FAQ,Lasur Station,1530,1250,1400,Maharashtra,Other
2010-10-16,Wheat,1,Nanded,FAQ,Nanded,1241,1225,1230,Maharashtra,Other
2010-10-16,Wheat,1,Buldhana,FAQ,Sangrampur(Varvatbakal),1200,1100,1150,Maharashtra,Other
2010-10-16,Wheat,1,Dhule,FAQ,Sakri,1376,1225,1280,Maharashtra,Maharashtra 2189
2010-10-17,Wheat,1,Ahmednagar,FAQ,Rahuri,1300,1250,1275,Maharashtra,Other
2010-10-17,Wheat,1,Amarawati,FAQ,Achalpur,1350,1300,1325,Maharashtra,Other
2010-10-17,Wheat,1,Akola,FAQ,Balapur,1300,1090,1100,Maharashtra,Other
2010-10-18,Wheat,1,Akola,FAQ,Akola,1431,1180,1300,Maharashtra,Other
2010-10-18,Wheat,1,Chattrapati Sambhajinagar,FAQ,Gangapur,1260,1163,1200,Maharashtra,Other
2010-10-18,Wheat,1,Ahmednagar,FAQ,Shrirampur,1501,1100,1350,Maharashtra,Other
2010-10-18,Wheat,1,Ahmednagar,FAQ,Sangamner,1400,1240,1300,Maharashtra,Other
2010-10-18,Wheat,1,Jalana,FAQ,Jalana,1450,1350,1350,Maharashtra,Other
2010-10-18,Wheat,1,Ahmednagar,FAQ,Rahata,1316,1200,1275,Maharashtra,Other
2010-10-18,Wheat,1,Buldhana,FAQ,Malkapur,1380,1101,1224,Maharashtra,Other
2010-10-18,Wheat,1,Jalana,FAQ,Jalana,1400,1200,1300,Maharashtra,147 Average
2010-10-18,Wheat,1,Chattrapati Sambhajinagar,FAQ,Lasur Station,1475,1240,1375,Maharashtra,Other
2010-10-18,Wheat,1,Chattrapati Sambhajinagar,FAQ,Chattrapati Sambhajinagar,1400,1225,1260,Maharashtra,Other
2010-10-18,Wheat,1,Dhule,FAQ,Shirpur,1441,1200,1275,Maharashtra,Other
2010-10-18,Wheat,1,Buldhana,FAQ,Sindkhed Raja,1251,1100,1201,Maharashtra,Other
2010-10-18,Wheat,1,Ahmednagar,FAQ,Ahmednagar,1525,1350,1437,Maharashtra,Other
2010-10-19,Wheat,1,Jalana,FAQ,Jalana,1331,1200,1250,Maharashtra,Other
2010-10-19,Wheat,1,Ahmednagar,FAQ,Rahata,1526,1180,1325,Maharashtra,Other
2010-10-19,Wheat,1,Beed,FAQ,Gevrai,1681,1200,1300,Maharashtra,Other
2010-10-19,Wheat,1,Dhule,FAQ,Dondaicha,1455,1151,1292,Maharashtra,Other
2010-10-19,Wheat,1,Beed,FAQ,Ambejaogai,1480,1100,1281,Maharashtra,Other
2010-10-19,Wheat,1,Jalana,FAQ,Bhokardan(Pimpalgaon Renu),1250,1150,1200,Maharashtra,147 Average
2010-10-20,Wheat,1,Nashik,FAQ,Devala,1451,1274,1296,Maharashtra,Maharashtra 2189
2010-10-20,Wheat,1,Bhandara,FAQ,Tumsar,1195,1190,1190,Maharashtra,Other
2010-10-20,Wheat,1,Ahmednagar,FAQ,Pathardi,1650,1200,1455,Maharashtra,Other
2010-10-20,Wheat,1,Beed,FAQ,Kada,1400,1240,1300,Maharashtra,Maharashtra 2189
2010-10-20,Wheat,1,Dharashiv(Usmanabad),FAQ,Kalamb (Dharashiv),2500,2500,2500,Maharashtra,Bansi
2010-10-20,Wheat,1,Buldhana,FAQ,Deoulgaon Raja,1350,1100,1200,Maharashtra,Other
2010-10-21,Wheat,1,Akola,FAQ,Akola,1400,1125,1265,Maharashtra,Other
2010-10-21,Wheat,1,Ahmednagar,FAQ,Shrirampur,1400,1100,1250,Maharashtra,Other
2010-10-21,Wheat,1,Nanded,FAQ,Nanded,1241,1175,1235,Maharashtra,Other
2010-10-21,Wheat,1,Akola,FAQ,Telhara,1250,1200,1230,Maharashtra,Other
2010-10-21,Wheat,1,Beed,FAQ,Kaij,1251,1099,1131,Maharashtra,Other
2010-10-21,Wheat,1,Ahmednagar,FAQ,Kopargaon,1480,1250,1370,Maharashtra,Other
2010-10-21,Wheat,1,Jalgaon,FAQ,Amalner,1300,1100,1200,Maharashtra,Other
2010-10-21,Wheat,1,Amarawati,FAQ,Amarawati,1500,1100,1300,Maharashtra,Other
2010-10-22,Wheat,1,Beed,FAQ,Majalgaon,1500,1080,1350,Maharashtra,Other
2010-10-22,Wheat,1,Dhule,FAQ,Shirpur,1311,1225,1240,Maharashtra,Other
2010-10-22,Wheat,1,Chattrapati Sambhajinagar,FAQ,Lasur Station,1461,1271,1350,Maharashtra,Other
2010-10-22,Wheat,1,Ahmednagar,FAQ,Shevgaon,1400,1250,1300,Maharashtra,Maharashtra 2189
2010-10-22,Wheat,1,Buldhana,FAQ,Khamgaon,1350,1100,1225,Maharashtra,Other
2010-10-23,Wheat,1,Ahmednagar,FAQ,Rahuri(Vambori),1314,1266,1290,Maharashtra,Other
2010-10-23,Wheat,1,Chattrapati Sambhajinagar,FAQ,Vaijpur,1431,1201,1300,Maharashtra,Other
2010-10-23,Wheat,1,Hingoli,FAQ,Jawala-Bajar,1450,1300,1375,Maharashtra,Maharashtra 2189
2010-10-23,Wheat,1,Chattrapati Sambhajinagar,FAQ,Sillod(Bharadi),1250,1200,1225,Maharashtra,Other
2010-10-23,Wheat,1,Beed,FAQ,Ambejaogai,1602,1080,1280,Maharashtra,Other
2010-10-23,Wheat,1,Amarawati,FAQ,Anajngaon,1300,1100,1200,Maharashtra,Other
2010-10-23,Wheat,1,Beed,FAQ,Majalgaon,1800,1251,1425,Maharashtra,Other
2010-10-23,Wheat,1,Ahmednagar,FAQ,Shevgaon(Bodhegaon),1500,1200,1300,Maharashtra,Maharashtra 2189
2010-10-23,Wheat,1,Buldhana,FAQ,Deoulgaon Raja,1350,1200,1250,Maharashtra,Other
2010-10-24,Wheat,1,Chattrapati Sambhajinagar,FAQ,Paithan,1500,1250,1411,Maharashtra,Bansi
2010-10-24,Wheat,1,Amarawati,FAQ,Chandur Bazar,1300,1100,1200,Maharashtra,Other
2010-10-24,Wheat,1,Chattrapati Sambhajinagar,FAQ,Kannad,1300,1250,1275,Maharashtra,Other
2010-10-25,Wheat,1,Bhandara,FAQ,Tumsar,1215,1150,1180,Maharashtra,Other
2010-10-25,Wheat,1,Jalgaon,FAQ,Amalner,1260,1140,1199,Maharashtra,Other
2010-10-25,Wheat,1,Nandurbar,FAQ,Nandurbar,1371,1271,1335,Maharashtra,Other
2010-10-25,Wheat,1,Chattrapati Sambhajinagar,FAQ,Chattrapati Sambhajinagar,1450,1260,1300,Maharashtra,Other
2010-10-25,Wheat,1,Buldhana,FAQ,Shegaon,1275,1150,1212,Maharashtra,Other
2010-10-25,Wheat,1,Ahmednagar,FAQ,Jamkhed,1500,1200,1350,Maharashtra,Other
2010-10-26,Wheat,1,Buldhana,FAQ,Deoulgaon Raja,1351,1150,1200,Maharashtra,Other
2010-10-26,Wheat,1,Buldhana,FAQ,Khamgaon,1400,1150,1275,Maharashtra,Other
2010-10-26,Wheat,1,Chattrapati Sambhajinagar,FAQ,Kannad,1350,1250,1300,Maharashtra,Other
2010-10-26,Wheat,1,Jalana,FAQ,Jalana,1325,1100,1250,Maharashtra,Other
2010-10-26,Wheat,1,Chattrapati Sambhajinagar,FAQ,Vaijpur,1414,1201,1300,Maharashtra,Other
2010-10-26,Wheat,1,Chattrapati Sambhajinagar,FAQ,Chattrapati Sambhajinagar,1500,1250,1350,Maharashtra,Other
2010-10-27,Wheat,1,Akola,FAQ,Akola,1250,1125,1195,Maharashtra,Other
2010-10-27,Wheat,1,Jalana,FAQ,Jalana,1340,1225,1300,Maharashtra,Other
2010-10-27,Wheat,1,Dhule,FAQ,Shirpur,1476,1220,1275,Maharashtra,Other
2010-10-27,Wheat,1,Nanded,FAQ,Nanded,1261,1231,1241,Maharashtra,Other
2010-10-27,Wheat,1,Nanded,FAQ,Bhokar,1400,1080,1200,Maharashtra,Other
2010-10-28,Wheat,1,Ahmednagar,FAQ,Shrirampur,1525,1150,1325,Maharashtra,Other
2010-10-28,Wheat,1,Ahmednagar,FAQ,Jamkhed,1500,1300,1400,Maharashtra,Other
2010-10-28,Wheat,1,Jalgaon,FAQ,Chalisgaon,1411,1100,1250,Maharashtra,Maharashtra 2189
2010-10-28,Wheat,1,Beed,FAQ,Ambejaogai,1510,1101,1341,Maharashtra,Other
2010-10-28,Wheat,1,Bhandara,FAQ,Tumsar,1270,1200,1235,Maharashtra,Other
2010-10-28,Wheat,1,Bhandara,FAQ,Bhandara,1080,1080,1080,Maharashtra,Maharashtra 2189
2010-10-28,Wheat,1,Chattrapati Sambhajinagar,FAQ,Chattrapati Sambhajinagar,1400,1270,1300,Maharashtra,Other
2010-10-28,Wheat,1,Jalana,FAQ,Jalana,1251,1180,1210,Maharashtra,Other
2010-10-28,Wheat,1,Nanded,FAQ,Nanded,1300,1231,1255,Maharashtra,Other
2010-10-28,Wheat,1,Jalgaon,FAQ,Amalner,1265,1085,1175,Maharashtra,Other
2010-10-28,Wheat,1,Amarawati,FAQ,Dhamngaon-Railway,1260,1150,1220,Maharashtra,Other
2010-10-28,Wheat,1,Dharashiv(Usmanabad),FAQ,Dharashiv,1800,1101,1550,Maharashtra,Maharashtra 2189
2010-10-29,Wheat,1,Chattrapati Sambhajinagar,FAQ,Kannad,1300,1250,1275,Maharashtra,Other
2010-10-29,Wheat,1,Beed,FAQ,Majalgaon,1750,1080,1200,Maharashtra,Other
2010-10-29,Wheat,1,Buldhana,FAQ,Deoulgaon Raja,1300,1150,1200,Maharashtra,Other
2010-10-29,Wheat,1,Ahmednagar,FAQ,Shevgaon,1351,1250,1300,Maharashtra,Maharashtra 2189
2010-10-30,Wheat,1,Beed,FAQ,Ambejaogai,1521,1100,1330,Maharashtra,Other
2010-10-30,Wheat,1,Beed,FAQ,Kille Dharur,1571,1140,1280,Maharashtra,Other
2010-10-30,Wheat,1,Jalana,FAQ,Jalana,1450,1400,1400,Maharashtra,Other
2010-10-30,Wheat,1,Chattrapati Sambhajinagar,FAQ,Chattrapati Sambhajinagar,1500,1250,1300,Maharashtra,Other
2010-10-30,Wheat,1,Chattrapati Sambhajinagar,FAQ,Paithan,1416,1110,1350,Maharashtra,Bansi
2010-11-01,Wheat,1,Bhandara,FAQ,Bhandara,1080,1080,1080,Maharashtra,Maharashtra 2189
2010-11-01,Wheat,1,Bhandara,FAQ,Tumsar,1215,1190,1200,Maharashtra,Other
2010-11-01,Wheat,1,Ahmednagar,FAQ,Shevgaon(Bodhegaon),1400,1200,1250,Maharashtra,Maharashtra 2189
2010-11-01,Wheat,1,Nashik,FAQ,Devala,1474,1255,1335,Maharashtra,Maharashtra 2189
2010-11-01,Wheat,1,Nanded,FAQ,Nanded,1251,1241,1245,Maharashtra,Other
2010-11-01,Wheat,1,Jalgaon,FAQ,Amalner,1341,1211,1277,Maharashtra,Other
2010-11-02,Wheat,1,Nashik,FAQ,Devala,1476,1215,1315,Maharashtra,Maharashtra 2189
2010-11-02,Wheat,1,Jalana,FAQ,Jalana,1325,1260,1301,Maharashtra,Other
2010-11-02,Wheat,1,Ahmednagar,FAQ,Shevgaon,1400,1200,1300,Maharashtra,Maharashtra 2189
2010-11-02,Wheat,1,Jalgaon,FAQ,Dharangaon,1300,1221,1265,Maharashtra,Other
2010-11-02,Wheat,1,Jalana,FAQ,Jalana,1600,1375,1450,Maharashtra,147 Average
2010-11-02,Wheat,1,Amarawati,FAQ,Dhamngaon-Railway,1230,1125,1220,Maharashtra,Other
2010-11-02,Wheat,1,Jalgaon,FAQ,Chalisgaon,1300,1150,1250,Maharashtra,Maharashtra 2189
2010-11-02,Wheat,1,Beed,FAQ,Beed,1586,1180,1400,Maharashtra,Other
2010-11-02,Wheat,1,Bhandara,FAQ,Bhandara,1100,1080,1080,Maharashtra,Other
2010-11-03,Wheat,1,Ahmednagar,FAQ,Newasa,1325,1200,1275,Maharashtra,Maharashtra 2189
2010-11-04,Wheat,1,Dhule,FAQ,Sakri,1296,1275,1280,Maharashtra,Maharashtra 2189
2010-11-07,Wheat,1,Beed,FAQ,Majalgaon,1891,1100,1451,Maharashtra,Other
2010-11-07,Wheat,1,Dharashiv(Usmanabad),FAQ,Umarga,1111,1100,1111,Maharashtra,Maharashtra 2189
2010-11-07,Wheat,1,Hingoli,FAQ,Jawala-Bajar,1430,1290,1360,Maharashtra,Maharashtra 2189
2010-11-07,Wheat,1,Ahmednagar,FAQ,Jamkhed,1400,1200,1300,Maharashtra,Other
2010-11-07,Wheat,1,Akola,FAQ,Balapur,1300,1100,1150,Maharashtra,Other
2010-11-08,Wheat,1,Ahmednagar,FAQ,Shevgaon,1351,1225,1300,Maharashtra,Maharashtra 2189
2010-11-08,Wheat,1,Buldhana,FAQ,Sindkhed Raja,1250,1100,1200,Maharashtra,Other
2010-11-08,Wheat,1,Beed,FAQ,Beed,1584,1400,1400,Maharashtra,Other
2010-11-08,Wheat,1,Jalgaon,FAQ,Amalner,1311,1232,1271,Maharashtra,Other
2010-11-09,Wheat,1,Beed,FAQ,Beed,1646,1200,1450,Maharashtra,Other
2010-11-09,Wheat,1,Ahmednagar,FAQ,Jamkhed,1400,1200,1300,Maharashtra,Other
2010-11-09,Wheat,1,Ahmednagar,FAQ,Shrirampur,1601,1100,1400,Maharashtra,Other
2010-11-09,Wheat,1,Jalana,FAQ,Jalana,1550,1300,1529,Maharashtra,147 Average
2010-11-09,Wheat,1,Jalgaon,FAQ,Chalisgaon,1401,1100,1300,Maharashtra,Maharashtra 2189
2010-11-09,Wheat,1,Jalgaon,FAQ,Amalner,1280,1265,1275,Maharashtra,Other
2010-11-09,Wheat,1,Dhule,FAQ,Dondaicha,1531,1125,1461,Maharashtra,Other
2010-11-10,Wheat,1,Ahmednagar,FAQ,Pathardi,1700,1260,1600,Maharashtra,Maharashtra 2189
2010-11-10,Wheat,1,Jalgaon,FAQ,Chalisgaon,1400,1100,1300,Maharashtra,Maharashtra 2189
2010-11-10,Wheat,1,Akola,FAQ,Akola,1260,1150,1215,Maharashtra,Other
2010-11-10,Wheat,1,Jalgaon,FAQ,Dharangaon,1335,1335,1335,Maharashtra,Other
2010-11-10,Wheat,1,Ahmednagar,FAQ,Newasa,1275,1275,1275,Maharashtra,Other
2010-11-11,Wheat,1,Amarawati,FAQ,Dhamngaon-Railway,1266,1100,1240,Maharashtra,Other
2010-11-11,Wheat,1,Buldhana,FAQ,Deoulgaon Raja,1300,1250,1300,Maharashtra,Other
2010-11-11,Wheat,1,Akola,FAQ,Akola,1461,1130,1250,Maharashtra,Other
2010-11-11,Wheat,1,Ahmednagar,FAQ,Ahmednagar,1600,1351,1475,Maharashtra,Other
2010-11-11,Wheat,1,Chattrapati Sambhajinagar,FAQ,Vaijpur,1426,1200,1350,Maharashtra,Other
2010-11-11,Wheat,1,Jalgaon,FAQ,Amalner,1471,1250,1360,Maharashtra,Other
2010-11-12,Wheat,1,Ahmednagar,FAQ,Shrirampur,1661,1150,1375,Maharashtra,Other
2010-11-12,Wheat,1,Ahmednagar,FAQ,Kopargaon,1431,1250,1360,Maharashtra,Other
2010-11-12,Wheat,1,Ahmednagar,FAQ,Sangamner,1656,1325,1451,Maharashtra,Other
2010-11-12,Wheat,1,Amarawati,FAQ,Dhamngaon-Railway,1274,1200,1245,Maharashtra,Other
2010-11-12,Wheat,1,Hingoli,FAQ,Sengoan,1250,1250,1250,Maharashtra,Other
2010-11-12,Wheat,1,Dhule,FAQ,Sakri,1240,1240,1240,Maharashtra,Maharashtra 2189
2010-11-12,Wheat,1,Ahmednagar,FAQ,Shevgaon(Bodhegaon),1400,1225,1300,Maharashtra,Maharashtra 2189
2010-11-12,Wheat,1,Beed,FAQ,Majalgaon,1775,1080,1275,Maharashtra,Other
2010-11-13,Wheat,1,Ahmednagar,FAQ,Jamkhed,1600,1400,1500,Maharashtra,Maharashtra 2189
2010-11-13,Wheat,1,Jalana,FAQ,Jalana,1513,1340,1513,Maharashtra,Maharashtra 2189
2010-11-13,Wheat,1,Jalana,FAQ,Bhokardan,1275,1200,1250,Maharashtra,147 Average
2010-11-13,Wheat,1,Chattrapati Sambhajinagar,FAQ,Lasur Station,1877,1200,1500,Maharashtra,Other
2010-11-13,Wheat,1,Nanded,FAQ,Nanded,1261,1241,1250,Maharashtra,Other
2010-11-13,Wheat,1,Amarawati,FAQ,Dhamngaon-Railway,1260,1150,1220,Maharashtra,Other
2010-11-14,Wheat,1,Beed,FAQ,Kada,1401,1175,1275,Maharashtra,Maharashtra 2189
2010-11-14,Wheat,1,Chattrapati Sambhajinagar,FAQ,Sillod,1200,1150,1150,Maharashtra,Other
2010-11-14,Wheat,1,Chattrapati Sambhajinagar,FAQ,Paithan,1151,1151,1151,Maharashtra,Bansi
2010-11-14,Wheat,1,Bhandara,FAQ,Tumsar,1234,1225,1230,Maharashtra,Other
2010-11-15,Wheat,1,Jalgaon,FAQ,Chopada,1101,1101,1101,Maharashtra,Other
2010-11-15,Wheat,1,Hingoli,FAQ,Jawala-Bajar,1400,1250,1325,Maharashtra,Maharashtra 2189
2010-11-15,Wheat,1,Ahmednagar,FAQ,Shevgaon(Bodhegaon),1400,1250,1325,Maharashtra,Maharashtra 2189
2010-11-15,Wheat,1,Beed,FAQ,Kille Dharur,1420,1100,1171,Maharashtra,Other
2010-11-16,Wheat,1,Amarawati,FAQ,Amarawati,1650,1450,1550,Maharashtra,Other
2010-11-16,Wheat,1,Hingoli,FAQ,Sengoan,1250,1200,1200,Maharashtra,Other
2010-11-16,Wheat,1,Ahmednagar,FAQ,Ahmednagar,1675,1350,1512,Maharashtra,Other
2010-11-16,Wheat,1,Amarawati,FAQ,Amarawati,1450,1250,1350,Maharashtra,147 Average
2010-11-16,Wheat,1,Ahmednagar,FAQ,Shevgaon(Bodhegaon),1350,1200,1300,Maharashtra,Maharashtra 2189
2010-11-17,Wheat,1,Nanded,FAQ,Bhokar,2100,2100,2100,Maharashtra,Other
2010-11-17,Wheat,1,Ahmednagar,FAQ,Rahuri,1425,1225,1325,Maharashtra,Other
2010-11-18,Wheat,1,Nashik,FAQ,Devala,1471,1300,1346,Maharashtra,Maharashtra 2189
2010-11-18,Wheat,1,Akola,FAQ,Telhara,1290,1175,1250,Maharashtra,Other
2010-11-18,Wheat,1,Bhandara,FAQ,Tumsar,1280,1240,1260,Maharashtra,Other
2010-11-18,Wheat,1,Akola,FAQ,Akola,1275,1130,1210,Maharashtra,Other
2010-11-18,Wheat,1,Beed,FAQ,Parali Vaijyanath,1325,1325,1325,Maharashtra,Other
2010-11-18,Wheat,1,Jalana,FAQ,Ambad (Vadigodri),1500,1200,1400,Maharashtra,Other
2010-11-18,Wheat,1,Dhule,FAQ,Dondaicha,1463,1100,1344,Maharashtra,Other
2010-11-18,Wheat,1,Beed,FAQ,Beed,1800,1150,1600,Maharashtra,Other
2010-11-18,Wheat,1,Nanded,FAQ,Loha,1280,1200,1226,Maharashtra,Other
2010-11-19,Wheat,1,Jalana,FAQ,Jalna(Badnapur),1200,1200,1200,Maharashtra,Other
2010-11-19,Wheat,1,Dharashiv(Usmanabad),FAQ,Kalamb (Dharashiv),1300,1100,1211,Maharashtra,Maharashtra 2189
2010-11-19,Wheat,1,Nanded,FAQ,Loha,1191,1190,1190,Maharashtra,Other
2010-11-19,Wheat,1,Ahmednagar,FAQ,Rahuri(Vambori),1500,1250,1375,Maharashtra,Other
2010-11-19,Wheat,1,Buldhana,FAQ,Khamgaon,1300,1150,1250,Maharashtra,Other
2010-11-19,Wheat,1,Nashik,FAQ,Devala,1552,1270,1316,Maharashtra,Maharashtra 2189
2010-11-19,Wheat,1,Beed,FAQ,Majalgaon,1825,1100,1700,Maharashtra,Other
2010-11-19,Wheat,1,Akola,FAQ,Akot,1350,1150,1295,Maharashtra,147 Average
2010-11-20,Wheat,1,Ahmednagar,FAQ,Rahuri(Vambori),1645,1250,1447,Maharashtra,Other
2010-11-20,Wheat,1,Nanded,FAQ,Nanded,1280,1261,1275,Maharashtra,Other
2010-11-20,Wheat,1,Jalana,FAQ,Ambad (Vadigodri),1491,1200,1300,Maharashtra,Other
2010-11-20,Wheat,1,Beed,FAQ,Ambejaogai,1240,1125,1171,Maharashtra,Other
2010-11-20,Wheat,1,Akola,FAQ,Telhara,1225,1150,1175,Maharashtra,Other
2010-11-20,Wheat,1,Nandurbar,FAQ,Navapur,1200,1200,1200,Maharashtra,Other
2010-11-20,Wheat,1,Chattrapati Sambhajinagar,FAQ,Chattrapati Sambhajinagar,1381,1260,1300,Maharashtra,Other
2010-11-20,Wheat,1,Nanded,FAQ,Loha,1201,1135,1135,Maharashtra,Other
2010-11-20,Wheat,1,Buldhana,FAQ,Nandura,1300,1089,1265,Maharashtra,Other
2010-11-21,Wheat,1,Amarawati,FAQ,Achalpur,1400,1250,1300,Maharashtra,Other
2010-11-21,Wheat,1,Ahmednagar,FAQ,Newasa,1400,1200,1301,Maharashtra,Maharashtra 2189
2010-11-21,Wheat,1,Nandurbar,FAQ,Navapur,1200,1200,1200,Maharashtra,Other
2010-11-21,Wheat,1,Hingoli,FAQ,Jawala-Bajar,1410,1300,1355,Maharashtra,Maharashtra 2189
2010-11-21,Wheat,1,Bhandara,FAQ,Tumsar,1255,1240,1250,Maharashtra,Other
2010-11-22,Wheat,1,Jalana,FAQ,Ambad (Vadigodri),1612,1200,1400,Maharashtra,Other
2010-11-22,Wheat,1,Amarawati,FAQ,Amarawati,1450,1250,1350,Maharashtra,147 Average
2010-11-22,Wheat,1,Hingoli,FAQ,Jawala-Bajar,1430,1300,1365,Maharashtra,Maharashtra 2189
2010-11-22,Wheat,1,Chattrapati Sambhajinagar,FAQ,Sillod,1230,1215,1216,Maharashtra,Other
2010-11-22,Wheat,1,Ahmednagar,FAQ,Rahata,1529,1125,1275,Maharashtra,Other
2010-11-22,Wheat,1,Dhule,FAQ,Dondaicha,1541,1111,1360,Maharashtra,Other
2010-11-23,Wheat,1,Nanded,FAQ,Bhokar,1571,1371,1471,Maharashtra,Other
2010-11-23,Wheat,1,Beed,FAQ,Ambejaogai,1600,1250,1400,Maharashtra,Other
2010-11-23,Wheat,1,Ahmednagar,FAQ,Rahuri,1450,1250,1350,Maharashtra,Other
2010-11-23,Wheat,1,Dhule,FAQ,Dondaicha,1500,1121,1390,Maharashtra,Other
2010-11-23,Wheat,1,Jalgaon,FAQ,Amalner,1355,1200,1277,Maharashtra,Other
2010-11-23,Wheat,1,Dhule,FAQ,Shirpur,1461,1260,1324,Maharashtra,Other
2010-11-23,Wheat,1,Ahmednagar,FAQ,Ahmednagar,1500,1361,1430,Maharashtra,Other
2010-11-23,Wheat,1,Ahmednagar,FAQ,Shevgaon,1375,1250,1300,Maharashtra,Maharashtra 2189
2010-11-24,Wheat,1,Nashik,FAQ,Devala,1390,1315,1341,Maharashtra,Maharashtra 2189
2010-11-24,Wheat,1,Amarawati,FAQ,Amarawati,1500,1250,1375,Maharashtra,147 Average
2010-11-24,Wheat,1,Beed,FAQ,Gevrai,1700,1125,1249,Maharashtra,Other
2010-11-24,Wheat,1,Chattrapati Sambhajinagar,FAQ,Paithan,1500,1241,1426,Maharashtra,Bansi
2010-11-24,Wheat,1,Ahmednagar,FAQ,Rahuri,1450,1350,1400,Maharashtra,Other
2010-11-24,Wheat,1,Jalana,FAQ,Jalana,1550,1401,1550,Maharashtra,Other
2010-11-24,Wheat,1,Akola,FAQ,Akola,1275,1150,1225,Maharashtra,Other
2010-11-24,Wheat,1,Akola,FAQ,Telhara,1250,1150,1200,Maharashtra,Other
2010-11-24,Wheat,1,Jalana,FAQ,Partur,1646,1525,1640,Maharashtra,Maharashtra 2189
2010-11-24,Wheat,1,Nandurbar,FAQ,Navapur,1200,1200,1200,Maharashtra,Other
2010-11-25,Wheat,1,Buldhana,FAQ,Deoulgaon Raja,1400,1200,1300,Maharashtra,Other
2010-11-25,Wheat,1,Ahmednagar,FAQ,Ahmednagar,1550,1325,1437,Maharashtra,Other
2010-11-25,Wheat,1,Dhule,FAQ,Shirpur,1501,1125,1311,Maharashtra,Other
2010-11-25,Wheat,1,Jalgaon,FAQ,Chopada,1301,1201,1301,Maharashtra,Other
2010-11-25,Wheat,1,Beed,FAQ,Gevrai,1526,1250,1288,Maharashtra,Other
2010-11-25,Wheat,1,Ahmednagar,FAQ,Rahuri,1475,1300,1390,Maharashtra,Other
2010-11-25,Wheat,1,Ahmednagar,FAQ,Shevgaon(Bodhegaon),1450,1200,1300,Maharashtra,Maharashtra 2189
2010-11-25,Wheat,1,Akola,FAQ,Telhara,1240,1150,1200,Maharashtra,Other
2010-11-26,Wheat,1,Ahmednagar,FAQ,Shevgaon(Bodhegaon),1400,1200,1250,Maharashtra,Maharashtra 2189
2010-11-26,Wheat,1,Ahmednagar,FAQ,Kopargaon,1800,1350,1550,Maharashtra,Other
2010-11-26,Wheat,1,Ahmednagar,FAQ,Rahata,1633,1225,1350,Maharashtra,Other
2010-11-27,Wheat,1,Chattrapati Sambhajinagar,FAQ,Paithan,1701,1433,1510,Maharashtra,Bansi
2010-11-27,Wheat,1,Bhandara,FAQ,Bhandara,1100,1100,1100,Maharashtra,Maharashtra 2189
2010-11-27,Wheat,1,Chattrapati Sambhajinagar,FAQ,Chattrapati Sambhajinagar,1450,1280,1325,Maharashtra,Other
2010-11-27,Wheat,1,Ahmednagar,FAQ,Rahata,1549,1200,1265,Maharashtra,Other
2010-11-27,Wheat,1,Chattrapati Sambhajinagar,FAQ,Kannad,1350,1250,1300,Maharashtra,Other
2010-11-27,Wheat,1,Amarawati,FAQ,Morshi,1455,1100,1269,Maharashtra,Other
2010-11-28,Wheat,1,Chattrapati Sambhajinagar,FAQ,Paithan,1655,1236,1500,Maharashtra,Bansi
2010-11-29,Wheat,1,Ahmednagar,FAQ,Ahmednagar,1600,1370,1485,Maharashtra,Other
2010-11-29,Wheat,1,Amarawati,FAQ,Chandur Railway,1640,1250,1445,Maharashtra,Other
2010-11-29,Wheat,1,Ahmednagar,FAQ,Shevgaon(Bodhegaon),1450,1200,1250,Maharashtra,Maharashtra 2189
2010-11-29,Wheat,1,Buldhana,FAQ,Khamgaon,1400,1175,1287,Maharashtra,Other
2010-11-29,Wheat,1,Amarawati,FAQ,Amarawati,1550,1500,1525,Maharashtra,Other
2010-11-29,Wheat,1,Buldhana,FAQ,Deoulgaon Raja,1500,1250,1400,Maharashtra,Other
2010-11-29,Wheat,1,Jalana,FAQ,Jalana,1711,1400,1641,Maharashtra,Other
2010-11-29,Wheat,1,Amarawati,FAQ,Achalpur,1400,1200,1300,Maharashtra,Other
2010-11-30,Wheat,1,Ahmednagar,FAQ,Shevgaon(Bodhegaon),1350,1350,1350,Maharashtra,Maharashtra 2189
2010-11-30,Wheat,1,Nandurbar,FAQ,Nandurbar,1441,1275,1381,Maharashtra,Other
2010-11-30,Wheat,1,Jalana,FAQ,Jalana,2212,2212,2212,Maharashtra,Other
2010-11-30,Wheat,1,Nanded,FAQ,Nanded,1300,1290,1300,Maharashtra,Other
2010-11-30,Wheat,1,Dhule,FAQ,Dhule,1520,1175,1375,Maharashtra,Other
2010-11-30,Wheat,1,Akola,FAQ,Akot,1311,1175,1277,Maharashtra,147 Average
2010-12-01,Wheat,1,Beed,FAQ,Gevrai,1781,1100,1253,Maharashtra,Other
2010-12-01,Wheat,1,Akola,FAQ,Telhara,1275,1200,1250,Maharashtra,Other
2010-12-01,Wheat,1,Amarawati,FAQ,Morshi,1355,1200,1249,Maharashtra,Other
2010-12-01,Wheat,1,Ahmednagar,FAQ,Newasa,1400,1200,1275,Maharashtra,Maharashtra 2189
2010-12-02,Wheat,1,Ahmednagar,FAQ,Rahata,1561,1200,1400,Maharashtra,Other
2010-12-02,Wheat,1,Nanded,FAQ,Loha,1112,1112,1112,Maharashtra,Other
2010-12-02,Wheat,1,Buldhana,FAQ,Khamgaon,1400,1180,1290,Maharashtra,Other
2010-12-02,Wheat,1,Nashik,FAQ,Devala,1499,1290,1375,Maharashtra,Maharashtra 2189
2010-12-02,Wheat,1,Nagpur,FAQ,Umared,1600,1100,1350,Maharashtra,Other
2010-12-02,Wheat,1,Ahmednagar,FAQ,Rahuri(Vambori),1708,1250,1479,Maharashtra,Other
2010-12-02,Wheat,1,Ahmednagar,FAQ,Rahuri,1350,1350,1350,Maharashtra,Other
2010-12-02,Wheat,1,Ahmednagar,FAQ,Shevgaon(Bodhegaon),1400,1400,1400,Maharashtra,Maharashtra 2189
2010-12-03,Wheat,1,Nandurbar,FAQ,Nandurbar,1425,1241,1375,Maharashtra,Other
2010-12-03,Wheat,1,Jalgaon,FAQ,Chopada,1252,1252,1252,Maharashtra,Other
2010-12-03,Wheat,1,Chattrapati Sambhajinagar,FAQ,Kannad,1401,1251,1326,Maharashtra,Other
2010-12-03,Wheat,1,Ahmednagar,FAQ,Sangamner,1501,1350,1426,Maharashtra,Other
2010-12-03,Wheat,1,Jalgaon,FAQ,Dharangaon,1274,1274,1274,Maharashtra,Other
2010-12-03,Wheat,1,Jalana,FAQ,Ambad (Vadigodri),1900,1300,1650,Maharashtra,Other
2010-12-03,Wheat,1,Beed,FAQ,Gevrai,1425,1232,1275,Maharashtra,Other
2010-12-03,Wheat,1,Buldhana,FAQ,Khamgaon,1300,1115,1207,Maharashtra,Other
2010-12-03,Wheat,1,Nashik,FAQ,Devala,1454,1346,1346,Maharashtra,Maharashtra 2189
2010-12-03,Wheat,1,Amarawati,FAQ,Achalpur,1400,1200,1300,Maharashtra,Other
2010-12-04,Wheat,1,Jalana,FAQ,Jalana,1775,1400,1611,Maharashtra,Other
2010-12-04,Wheat,1,Buldhana,FAQ,Nandura,1305,1088,1288,Maharashtra,Other
2010-12-04,Wheat,1,Ahmednagar,FAQ,Rahata,1558,1225,1425,Maharashtra,Other
2010-12-04,Wheat,1,Bhandara,FAQ,Tumsar,1244,1235,1240,Maharashtra,Other
2010-12-04,Wheat,1,Nanded,FAQ,Nanded,1300,1300,1300,Maharashtra,Other
2010-12-04,Wheat,1,Ahmednagar,FAQ,Shevgaon,1400,1300,1325,Maharashtra,Maharashtra 2189
2010-12-04,Wheat,1,Buldhana,FAQ,Motala,1425,1100,1225,Maharashtra,Other
2010-12-05,Wheat,1,Jalgaon,FAQ,Chalisgaon,1400,1150,1270,Maharashtra,Maharashtra 2189
2010-12-05,Wheat,1,Nandurbar,FAQ,Navapur,1300,1200,1289,Maharashtra,Other
2010-12-06,Wheat,1,Ahmednagar,FAQ,Ahmednagar,1800,1351,1575,Maharashtra,Other
2010-12-06,Wheat,1,Beed,FAQ,Gevrai,1708,1250,1411,Maharashtra,Other
2010-12-06,Wheat,1,Amarawati,FAQ,Achalpur,1400,1200,1300,Maharashtra,Other
2010-12-06,Wheat,1,Ahmednagar,FAQ,Shrirampur,1910,1175,1575,Maharashtra,Other
2010-12-06,Wheat,1,Nandurbar,FAQ,Nandurbar,1441,1301,1401,Maharashtra,Other
2010-12-07,Wheat,1,Amarawati,FAQ,Dhamngaon-Railway,1240,1200,1225,Maharashtra,Other
2010-12-07,Wheat,1,Amarawati,FAQ,Chandur Railway,1653,1260,1457,Maharashtra,Other
2010-12-07,Wheat,1,Nandurbar,FAQ,Nandurbar,1475,1315,1401,Maharashtra,Other
2010-12-07,Wheat,1,Beed,FAQ,Gevrai,1925,1220,1300,Maharashtra,Other
2010-12-07,Wheat,1,Ahmednagar,FAQ,Shevgaon,1450,1275,1425,Maharashtra,Maharashtra 2189
2010-12-07,Wheat,1,Amarawati,FAQ,Anajngaon,1450,1250,1350,Maharashtra,Other
2010-12-07,Wheat,1,Jalgaon,FAQ,Chalisgaon,1400,1100,1280,Maharashtra,Maharashtra 2189
2010-12-07,Wheat,1,Bhandara,FAQ,Bhandara,1440,1080,1250,Maharashtra,Maharashtra 2189
2010-12-08,Wheat,1,Dharashiv(Usmanabad),FAQ,Umarga,1450,1100,1200,Maharashtra,Maharashtra 2189
2010-12-08,Wheat,1,Dhule,FAQ,Shirpur,1550,1220,1370,Maharashtra,Other
2010-12-08,Wheat,1,Jalana,FAQ,Jalana,1375,1275,1300,Maharashtra,Other
2010-12-08,Wheat,1,Chattrapati Sambhajinagar,FAQ,Chattrapati Sambhajinagar,1521,1280,1300,Maharashtra,Other
2010-12-08,Wheat,1,Beed,FAQ,Kada,1351,1200,1200,Maharashtra,Other
2010-12-08,Wheat,1,Amarawati,FAQ,Dhamngaon-Railway,1261,1200,1240,Maharashtra,Other
2010-12-09,Wheat,1,Bhandara,FAQ,Bhandara,1100,1080,1080,Maharashtra,Maharashtra 2189
2010-12-09,Wheat,1,Ahmednagar,FAQ,Kopargaon,1701,1280,1360,Maharashtra,Other
2010-12-09,Wheat,1,Bhandara,FAQ,Tumsar,1235,1230,1230,Maharashtra,Other
2010-12-09,Wheat,1,Ahmednagar,FAQ,Rahuri(Vambori),1541,1201,1371,Maharashtra,Other
2010-12-10,Wheat,1,Ahmednagar,FAQ,Rahuri(Vambori),1400,1150,1275,Maharashtra,Other
2010-12-10,Wheat,1,Ahmednagar,FAQ,Ahmednagar,1500,1300,1400,Maharashtra,Other
2010-12-10,Wheat,1,Jalana,FAQ,Jalana,1551,1551,1551,Maharashtra,147 Average
2010-12-10,Wheat,1,Ahmednagar,FAQ,Rahuri,1450,1300,1375,Maharashtra,Other
2010-12-11,Wheat,1,Jalgaon,FAQ,Amalner,1540,1400,1470,Maharashtra,Other
2010-12-11,Wheat,1,Nanded,FAQ,Bhokar,1250,1100,1175,Maharashtra,Other
2010-12-11,Wheat,1,Ahmednagar,FAQ,Rahuri,1325,1275,1300,Maharashtra,Other
2010-12-11,Wheat,1,Nanded,FAQ,Nanded,1500,1265,1325,Maharashtra,Other
2010-12-11,Wheat,1,Ahmednagar,FAQ,Shevgaon,1400,1275,1325,Maharashtra,Maharashtra 2189
2010-12-11,Wheat,1,Ahmednagar,FAQ,Shrirampur,1601,1111,1325,Maharashtra,Other
2010-12-12,Wheat,1,Beed,FAQ,Kada,1350,1200,1325,Maharashtra,Maharashtra 2189
2010-12-13,Wheat,1,Ahmednagar,FAQ,Sangamner,1501,1201,1351,Maharashtra,Other
2010-12-13,Wheat,1,Beed,FAQ,Parali Vaijyanath,1215,1215,1215,Maharashtra,Other
2010-12-13,Wheat,1,Nanded,FAQ,Nanded,1650,1300,1300,Maharashtra,Other
2010-12-13,Wheat,1,Ahmednagar,FAQ,Rahuri,1350,1275,1325,Maharashtra,Other
2010-12-14,Wheat,1,Buldhana,FAQ,Khamgaon,1350,1200,1275,Maharashtra,Other
2010-12-14,Wheat,1,Jalgaon,FAQ,Chalisgaon,1400,1100,1300,Maharashtra,Maharashtra 2189
2010-12-14,Wheat,1,Beed,FAQ,Parali Vaijyanath,1251,1251,1251,Maharashtra,Other
2010-12-14,Wheat,1,Amarawati,FAQ,Dhamngaon-Railway,1250,1100,1220,Maharashtra,Other
2010-12-15,Wheat,1,Buldhana,FAQ,Deoulgaon Raja,1600,1200,1400,Maharashtra,Other
2010-12-15,Wheat,1,Amarawati,FAQ,Morshi,1344,1100,1245,Maharashtra,Other
2010-12-15,Wheat,1,Dharashiv(Usmanabad),FAQ,Umarga,1250,1250,1250,Maharashtra,Maharashtra 2189
2010-12-15,Wheat,1,Buldhana,FAQ,Khamgaon,1403,1225,1314,Maharashtra,Other
2010-12-16,Wheat,1,Ahmednagar,FAQ,Rahuri(Vambori),1460,1200,1330,Maharashtra,Other
2010-12-16,Wheat,1,Jalgaon,FAQ,Chopada,1341,1231,1341,Maharashtra,Other
2010-12-16,Wheat,1,Ahmednagar,FAQ,Ahmednagar,1875,1325,1600,Maharashtra,Other
2010-12-17,Wheat,1,Ahmednagar,FAQ,Rahuri(Vambori),1400,1300,1350,Maharashtra,Other
2010-12-19,Wheat,1,Ahmednagar,FAQ,Shevgaon,1350,1275,1300,Maharashtra,Maharashtra 2189
2010-12-20,Wheat,1,Beed,FAQ,Kille Dharur,1400,1231,1271,Maharashtra,Other
2010-12-20,Wheat,1,Bhandara,FAQ,Bhandara,1290,1100,1190,Maharashtra,Maharashtra 2189
2010-12-20,Wheat,1,Amarawati,FAQ,Daryapur,1200,1200,1200,Maharashtra,Other
2010-12-20,Wheat,1,Chattrapati Sambhajinagar,FAQ,Lasur Station,1529,1225,1425,Maharashtra,Other
2010-12-20,Wheat,1,Beed,FAQ,Gevrai,1640,1100,1220,Maharashtra,Other
2010-12-20,Wheat,1,Ahmednagar,FAQ,Shevgaon,1500,1275,1451,Maharashtra,Maharashtra 2189
2010-12-20,Wheat,1,Nanded,FAQ,Bhokar,1210,1210,1210,Maharashtra,Other
2010-12-21,Wheat,1,Akola,FAQ,Akola,1540,1150,1300,Maharashtra,Other
2010-12-21,Wheat,1,Amarawati,FAQ,Achalpur,1400,1200,1300,Maharashtra,Other
2010-12-21,Wheat,1,Ahmednagar,FAQ,Ahmednagar,1900,1400,1650,Maharashtra,Other
2010-12-21,Wheat,1,Chattrapati Sambhajinagar,FAQ,Paithan,1751,1250,1561,Maharashtra,Bansi
2010-12-21,Wheat,1,Amarawati,FAQ,Dhamngaon-Railway,1343,1250,1300,Maharashtra,Other
2010-12-21,Wheat,1,Ahmednagar,FAQ,Shevgaon,1500,1300,1450,Maharashtra,Maharashtra 2189
2010-12-21,Wheat,1,Dhule,FAQ,Shirpur,1550,1250,1375,Maharashtra,Other
2010-12-22,Wheat,1,Dhule,FAQ,Shirpur,1521,1111,1371,Maharashtra,Other
2010-12-22,Wheat,1,Buldhana,FAQ,Nandura,1450,1100,1305,Maharashtra,Other
2010-12-22,Wheat,1,Nandurbar,FAQ,Nandurbar,1425,1265,1371,Maharashtra,Other
2010-12-22,Wheat,1,Akola,FAQ,Akola,1350,1150,1250,Maharashtra,Other
2010-12-23,Wheat,1,Akola,FAQ,Telhara,1300,1150,1200,Maharashtra,Other
2010-12-23,Wheat,1,Nandurbar,FAQ,Nandurbar,1475,1281,1399,Maharashtra,Other
2010-12-23,Wheat,1,Jalgaon,FAQ,Amalner,1400,1320,1360,Maharashtra,Other
2010-12-23,Wheat,1,Beed,FAQ,Gevrai,1750,1175,1260,Maharashtra,Other
2010-12-23,Wheat,1,Dhule,FAQ,Shirpur,1625,1275,1425,Maharashtra,Other
2010-12-23,Wheat,1,Ahmednagar,FAQ,Rahuri(Vambori),1411,1250,1330,Maharashtra,Other
2010-12-23,Wheat,1,Ahmednagar,FAQ,Jamkhed,1400,1100,1250,Maharashtra,Other
2010-12-23,Wheat,1,Ahmednagar,FAQ,Kopargaon,1575,1280,1400,Maharashtra,Other
2010-12-24,Wheat,1,Ahmednagar,FAQ,Rahuri(Vambori),1580,1275,1427,Maharashtra,Other
2010-12-24,Wheat,1,Dhule,FAQ,Shirpur,1570,1200,1375,Maharashtra,Other
2010-12-24,Wheat,1,Chattrapati Sambhajinagar,FAQ,Chattrapati Sambhajinagar,1600,1275,1400,Maharashtra,Other
2010-12-24,Wheat,1,Chattrapati Sambhajinagar,FAQ,Paithan,1671,1200,1501,Maharashtra,Bansi
2010-12-24,Wheat,1,Amarawati,FAQ,Achalpur,1400,1200,1300,Maharashtra,Other
2010-12-24,Wheat,1,Ahmednagar,FAQ,Rahuri,1400,1300,1350,Maharashtra,Other
2010-12-25,Wheat,1,Buldhana,FAQ,Jalgaon(Jamod),1300,1100,1200,Maharashtra,Other
2010-12-25,Wheat,1,Akola,FAQ,Akola,1275,1100,1190,Maharashtra,Other
2010-12-25,Wheat,1,Hingoli,FAQ,Jawala-Bajar,1380,1320,1350,Maharashtra,Maharashtra 2189
2010-12-27,Wheat,1,Nashik,FAQ,Devala,1477,1211,1311,Maharashtra,Maharashtra 2189
2010-12-27,Wheat,1,Ahmednagar,FAQ,Shrirampur,1717,1100,1450,Maharashtra,Other
2010-12-27,Wheat,1,Beed,FAQ,Beed,1660,1190,1500,Maharashtra,Other
2010-12-27,Wheat,1,Buldhana,FAQ,Sangrampur(Varvatbakal),1300,1100,1275,Maharashtra,Other
2010-12-27,Wheat,1,Jalgaon,FAQ,Chopada,1100,1100,1100,Maharashtra,Other
2010-12-28,Wheat,1,Dhule,FAQ,Shirpur,1576,1250,1427,Maharashtra,Other
2010-12-28,Wheat,1,Chattrapati Sambhajinagar,FAQ,Chattrapati Sambhajinagar,1475,1275,1325,Maharashtra,Other
2010-12-28,Wheat,1,Chattrapati Sambhajinagar,FAQ,Vaijpur,1575,1215,1450,Maharashtra,Other
2010-12-28,Wheat,1,Bhandara,FAQ,Bhandara,1100,1080,1090,Maharashtra,147 Average
2010-12-28,Wheat,1,Buldhana,FAQ,Deoulgaon Raja,1551,1300,1400,Maharashtra,Other
2010-12-28,Wheat,1,Akola,FAQ,Akola,1375,1111,1245,Maharashtra,Other
2010-12-28,Wheat,1,Ahmednagar,FAQ,Shrirampur,1701,1150,1450,Maharashtra,Other
2010-12-29,Wheat,1,Ahmednagar,FAQ,Shrirampur(Belapur),1400,1200,1300,Maharashtra,Other
2010-12-29,Wheat,1,Chattrapati Sambhajinagar,FAQ,Lasur Station,1575,1200,1425,Maharashtra,Other
2010-12-29,Wheat,1,Jalana,FAQ,Mantha,1600,1400,1400,Maharashtra,Other
2010-12-29,Wheat,1,Bhandara,FAQ,Tumsar,1240,1135,1185,Maharashtra,Other
2010-12-29,Wheat,1,Amarawati,FAQ,Morshi,1388,1200,1311,Maharashtra,Other
2010-12-29,Wheat,1,Nandurbar,FAQ,Navapur,1250,1250,1250,Maharashtra,Other
2010-12-29,Wheat,1,Nashik,FAQ,Chandvad,1600,1261,1400,Maharashtra,Other
2010-12-29,Wheat,1,Buldhana,FAQ,Khamgaon,1500,1300,1400,Maharashtra,Other
2010-12-29,Wheat,1,Dhule,FAQ,Shirpur,1542,1101,1375,Maharashtra,Other
2010-12-30,Wheat,1,Ahmednagar,FAQ,Ahmednagar,1700,1300,1500,Maharashtra,Other
2010-12-30,Wheat,1,Jalgaon,FAQ,Chopada,1426,1426,1426,Maharashtra,Other
2010-12-30,Wheat,1,Buldhana,FAQ,Deoulgaon Raja,1725,1275,1425,Maharashtra,Other
2010-12-30,Wheat,1,Dhule,FAQ,Sakri,1460,1460,1460,Maharashtra,Maharashtra 2189
2010-12-30,Wheat,1,Chattrapati Sambhajinagar,FAQ,Vaijpur,1350,1201,1301,Maharashtra,Other
2010-12-30,Wheat,1,Buldhana,FAQ,Sangrampur(Varvatbakal),1280,1200,1250,Maharashtra,Other
2010-12-31,Wheat,1,Jalgaon,FAQ,Amalner,1476,1275,1375,Maharashtra,Other
2010-12-31,Wheat,1,Nandurbar,FAQ,Navapur,1200,1100,1150,Maharashtra,Other
2010-12-31,Wheat,1,Buldhana,FAQ,Lonar,1751,1550,1650,Maharashtra,Other
2010-12-31,Wheat,1,Bhandara,FAQ,Bhandara,1170,1170,1170,Maharashtra,Maharashtra 2189
2023-01-01,Wheat,1,Chattrapati Sambhajinagar,FAQ,Paithan,3500,2500,3076,Maharashtra,Bansi
2023-01-01,Wheat,1,Ahmednagar,FAQ,Shevgaon,3000,2300,3000,Maharashtra,Maharashtra 2189
2023-01-02,Wheat,1,Dhule,FAQ,Shirpur,3119,2600,2800,Maharashtra,Other
2023-01-02,Wheat,1,Jalgaon,FAQ,Chopada,2125,2062,2125,Maharashtra,Other
2023-01-04,Wheat,1,Chattrapati Sambhajinagar,FAQ,Vaijpur,3020,2700,2750,Maharashtra,Other
2023-01-11,Wheat,1,Chattrapati Sambhajinagar,FAQ,Sillod,2900,2800,2900,Maharashtra,Other
2023-01-11,Wheat,1,Hingoli,FAQ,Akhadabalapur,2200,2000,2100,Maharashtra,Maharashtra 2189
2023-01-12,Wheat,1,Chattrapati Sambhajinagar,FAQ,Lasur Station,3175,2650,2900,Maharashtra,Other
2023-01-14,Wheat,1,Ahmednagar,FAQ,Jamkhed,3000,2200,2600,Maharashtra,Maharashtra 2189
2023-01-15,Wheat,1,Chattrapati Sambhajinagar,FAQ,Paithan,2631,2631,2631,Maharashtra,Bansi
2023-01-16,Wheat,1,Ahmednagar,FAQ,Shevgaon,2600,2600,2600,Maharashtra,Maharashtra 2189
2023-01-17,Wheat,1,Ahmednagar,FAQ,Rahuri(Vambori),3200,2651,2925,Maharashtra,Other
2023-01-17,Wheat,1,Ahmednagar,FAQ,Kopargaon,2951,2740,2899,Maharashtra,Other
2023-01-17,Wheat,1,Ahmednagar,FAQ,Shevgaon,2400,2400,2400,Maharashtra,Maharashtra 2189
2023-01-20,Wheat,1,Chattrapati Sambhajinagar,FAQ,Kannad,2900,2500,2700,Maharashtra,Other
2023-01-20,Wheat,1,Jalgaon,FAQ,Pachora,3000,2600,2800,Maharashtra,Other
2023-01-21,Wheat,1,Chattrapati Sambhajinagar,FAQ,Lasur Station,3060,2700,2900,Maharashtra,Other
2023-01-21,Wheat,1,Ahmednagar,FAQ,Kopargaon,2951,2500,2800,Maharashtra,Other
2023-01-23,Wheat,1,Jalgaon,FAQ,Pachora,3073,2725,2821,Maharashtra,Other
2023-01-23,Wheat,1,Chattrapati Sambhajinagar,FAQ,Sillod,2900,2700,2800,Maharashtra,Other
2023-01-23,Wheat,1,Dharashiv(Usmanabad),FAQ,Kalamb (Dharashiv),3411,2400,3200,Maharashtra,Maharashtra 2189
2023-01-24,Wheat,1,Jalgaon,FAQ,Parola,2948,2500,2948,Maharashtra,Kalyan
2023-01-24,Wheat,1,Dharashiv(Usmanabad),FAQ,Kalamb (Dharashiv),2701,2400,2600,Maharashtra,Maharashtra 2189
2023-01-25,Wheat,1,Chattrapati Sambhajinagar,FAQ,Paithan,3300,2600,2881,Maharashtra,Bansi
2023-01-25,Wheat,1,Ahmednagar,FAQ,Ahmednagar,3050,2400,2725,Maharashtra,Other
2023-01-25,Wheat,1,Ahmednagar,FAQ,Pathardi,2500,2000,2300,Maharashtra,Maharashtra 2189
2023-01-25,Wheat,1,Ahmednagar,FAQ,Rahuri,2800,2200,2500,Maharashtra,Other
2023-01-27,Wheat,1,Dharashiv(Usmanabad),FAQ,Kalamb (Dharashiv),3272,2200,2651,Maharashtra,Maharashtra 2189
2023-01-28,Wheat,1,Ahmednagar,FAQ,Rahata,3110,3110,3110,Maharashtra,Other
2023-01-28,Wheat,1,Ahmednagar,FAQ,Ahmednagar,2900,2600,2750,Maharashtra,Other
2023-01-28,Wheat,1,Ahmednagar,FAQ,Pathardi,2600,2000,2300,Maharashtra,Maharashtra 2189
2023-01-28,Wheat,1,Jalgaon,FAQ,Pachora,2960,2580,2711,Maharashtra,Other
2023-01-30,Wheat,1,Ahmednagar,FAQ,Kopargaon,3130,2466,2828,Maharashtra,Other
2023-01-30,Wheat,1,Ahmednagar,FAQ,Sangamner,2800,2600,2700,Maharashtra,Other
2023-01-30,Wheat,1,Ahmednagar,FAQ,Rahata,2801,2500,2650,Maharashtra,Other
2023-01-30,Wheat,1,Dharashiv(Usmanabad),FAQ,Kalamb (Dharashiv),3500,2300,2700,Maharashtra,Maharashtra 2189
2023-01-31,Wheat,1,Ahmednagar,FAQ,Rahuri(Vambori),1800,1800,1800,Maharashtra,Other
2023-01-31,Wheat,1,Ahmednagar,FAQ,Jamkhed,2500,2200,2350,Maharashtra,Maharashtra 2189
2023-02-01,Wheat,1,Chattrapati Sambhajinagar,FAQ,Paithan,2900,2300,2500,Maharashtra,Bansi
2023-02-01,Wheat,1,Chattrapati Sambhajinagar,FAQ,Lasur Station,3075,2500,2650,Maharashtra,Other
2023-02-01,Wheat,1,Ahmednagar,FAQ,Rahuri(Vambori),2811,2300,2555,Maharashtra,Other
2023-02-01,Wheat,1,Ahmednagar,FAQ,Rahata,2476,2476,2476,Maharashtra,Other
2023-02-02,Wheat,1,Dharashiv(Usmanabad),FAQ,Kalamb (Dharashiv),3201,2300,2700,Maharashtra,Maharashtra 2189
2023-02-02,Wheat,1,Ahmednagar,FAQ,Kopargaon,3075,2490,3000,Maharashtra,Other
2023-02-02,Wheat,1,Jalgaon,FAQ,Chalisgaon,3171,2400,2500,Maharashtra,Maharashtra 2189
2023-02-03,Wheat,1,Dhule,FAQ,Shirpur,2952,2300,2400,Maharashtra,Other
2023-02-03,Wheat,1,Chattrapati Sambhajinagar,FAQ,Sillod,2650,2500,2600,Maharashtra,Other
2023-02-03,Wheat,1,Jalgaon,FAQ,Parola,2377,2377,2377,Maharashtra,Kalyan
2023-02-03,Wheat,1,Dharashiv(Usmanabad),FAQ,Kalamb (Dharashiv),3600,2300,3175,Maharashtra,Maharashtra 2189
2023-02-03,Wheat,1,Ahmednagar,FAQ,Shevgaon,2500,2300,2500,Maharashtra,Maharashtra 2189
2023-02-04,Wheat,1,Ahmednagar,FAQ,Rahata,2600,2400,2500,Maharashtra,Other
2023-02-04,Wheat,1,Chattrapati Sambhajinagar,FAQ,Kannad,3100,2500,2800,Maharashtra,Other
2023-02-04,Wheat,1,Chattrapati Sambhajinagar,FAQ,Sillod(Bharadi),2500,2500,2500,Maharashtra,Other
2023-02-04,Wheat,1,Jalgaon,FAQ,Parola,2900,2900,2900,Maharashtra,Kalyan
2023-02-06,Wheat,1,Ahmednagar,FAQ,Ahmednagar,3050,1950,2500,Maharashtra,Other
2023-02-07,Wheat,1,Chattrapati Sambhajinagar,FAQ,Sillod,2600,2500,2600,Maharashtra,Other
2023-02-07,Wheat,1,Jalgaon,FAQ,Chalisgaon,2800,2351,2400,Maharashtra,Maharashtra 2189
2023-02-07,Wheat,1,Dhule,FAQ,Shirpur,2881,2250,2526,Maharashtra,Other
2023-02-08,Wheat,1,Ahmednagar,FAQ,Pathardi,2400,1900,2200,Maharashtra,Maharashtra 2189
2023-02-08,Wheat,1,Dhule,FAQ,Shirpur,3037,2251,2386,Maharashtra,Other
2023-02-08,Wheat,1,Jalgaon,FAQ,Chopada,3199,3100,3199,Maharashtra,Other
2023-02-09,Wheat,1,Ahmednagar,FAQ,Jamkhed,2800,2000,2400,Maharashtra,Maharashtra 2189
2023-02-09,Wheat,1,Ahmednagar,FAQ,Ahmednagar,2800,2200,2500,Maharashtra,Other
2023-02-09,Wheat,1,Chattrapati Sambhajinagar,FAQ,Kannad,3000,2300,2650,Maharashtra,Other
2023-02-09,Wheat,1,Jalgaon,FAQ,Pachora,2651,2452,2521,Maharashtra,Other
2023-02-09,Wheat,1,Jalgaon,FAQ,Parola,2900,2700,2848,Maharashtra,Kalyan
2023-02-09,Wheat,1,Ahmednagar,FAQ,Kopargaon,2952,2440,2500,Maharashtra,Other
2023-02-10,Wheat,1,Chattrapati Sambhajinagar,FAQ,Paithan,3150,2101,2630,Maharashtra,Bansi
2023-02-11,Wheat,1,Chattrapati Sambhajinagar,FAQ,Paithan,2980,1500,2835,Maharashtra,Bansi
2023-02-11,Wheat,1,Ahmednagar,FAQ,Pathardi,2600,2200,2400,Maharashtra,Maharashtra 2189
2023-02-11,Wheat,1,Ahmednagar,FAQ,Ahmednagar,2850,2400,2625,Maharashtra,Other
2023-02-13,Wheat,1,Ahmednagar,FAQ,Shevgaon,2200,2200,2200,Maharashtra,Maharashtra 2189
2023-02-13,Wheat,1,Dharashiv(Usmanabad),FAQ,Kalamb (Dharashiv),3101,2301,3011,Maharashtra,Maharashtra 2189
2023-02-14,Wheat,1,Ahmednagar,FAQ,Jamkhed,2300,2000,2150,Maharashtra,Other
2023-02-14,Wheat,1,Jalgaon,FAQ,Parola,2181,2181,2181,Maharashtra,Kalyan
2023-02-14,Wheat,1,Dharashiv(Usmanabad),FAQ,Kalamb (Dharashiv),3000,2000,2700,Maharashtra,Maharashtra 2189
2023-02-14,Wheat,1,Chattrapati Sambhajinagar,FAQ,Kannad,2900,2300,2700,Maharashtra,Other
2023-02-14,Wheat,1,Chattrapati Sambhajinagar,FAQ,Lasur Station,2800,2250,2400,Maharashtra,Other
2023-02-15,Wheat,1,Chattrapati Sambhajinagar,FAQ,Sillod,2650,2400,2600,Maharashtra,Other
2023-02-15,Wheat,1,Ahmednagar,FAQ,Kopargaon,2901,2153,2701,Maharashtra,Other
2023-02-15,Wheat,1,Chattrapati Sambhajinagar,FAQ,Kannad,2700,2500,2600,Maharashtra,Other
2023-02-15,Wheat,1,Ahmednagar,FAQ,Rahata,2451,2200,2300,Maharashtra,Other
2023-02-16,Wheat,1,Jalgaon,FAQ,Dharangaon,2831,2281,2281,Maharashtra,Other
2023-02-16,Wheat,1,Ahmednagar,FAQ,Ahmednagar,2800,2100,2450,Maharashtra,Other
2023-02-16,Wheat,1,Jalgaon,FAQ,Parola,2276,2276,2276,Maharashtra,Kalyan
2023-02-16,Wheat,1,Jalgaon,FAQ,Pachora,2350,2200,2251,Maharashtra,Other
2023-02-16,Wheat,1,Dharashiv(Usmanabad),FAQ,Kalamb (Dharashiv),2800,2000,2800,Maharashtra,Maharashtra 2189
2023-02-17,Wheat,1,Ahmednagar,FAQ,Jamkhed,2700,2000,2350,Maharashtra,Maharashtra 2189
2023-02-17,Wheat,1,Jalgaon,FAQ,Chalisgaon,2960,2280,2300,Maharashtra,Maharashtra 2189
2023-02-17,Wheat,1,Ahmednagar,FAQ,Rahata,2250,2100,2200,Maharashtra,Other
2023-02-18,Wheat,1,Ahmednagar,FAQ,Rahata,2600,2600,2600,Maharashtra,Other
2023-02-20,Wheat,1,Jalgaon,FAQ,Dharangaon,2477,2250,2370,Maharashtra,Other
2023-02-22,Wheat,1,Ahmednagar,FAQ,Rahuri(Vambori),2151,2151,2151,Maharashtra,Other
2023-02-22,Wheat,1,Dhule,FAQ,Shirpur,2531,2002,2340,Maharashtra,Other
2023-02-22,Wheat,1,Jalgaon,FAQ,Chopada,2326,1900,1926,Maharashtra,Other
2023-02-22,Wheat,1,Chattrapati Sambhajinagar,FAQ,Sillod,2400,2200,2300,Maharashtra,Other
2023-02-22,Wheat,1,Ahmednagar,FAQ,Ahmednagar,2675,1800,2237,Maharashtra,Other
2023-02-23,Wheat,1,Jalgaon,FAQ,Chalisgaon,2475,2070,2080,Maharashtra,Maharashtra 2189
2023-02-23,Wheat,1,Jalgaon,FAQ,Parola,2301,2301,2301,Maharashtra,Kalyan
2023-02-23,Wheat,1,Dhule,FAQ,Shirpur,2552,2000,2300,Maharashtra,Other
2023-02-23,Wheat,1,Chattrapati Sambhajinagar,FAQ,Lasur Station,2470,2100,2300,Maharashtra,Other
2023-02-23,Wheat,1,Ahmednagar,FAQ,Rahuri,2700,2200,2450,Maharashtra,Other
2023-02-23,Wheat,1,Dharashiv(Usmanabad),FAQ,Kalamb (Dharashiv),3076,2026,2450,Maharashtra,Maharashtra 2189
2023-02-23,Wheat,1,Chattrapati Sambhajinagar,FAQ,Paithan,2651,1950,2411,Maharashtra,Bansi
2023-02-24,Wheat,1,Jalgaon,FAQ,Dharangaon,2251,1825,2022,Maharashtra,Other
2023-02-24,Wheat,1,Chattrapati Sambhajinagar,FAQ,Sillod,2300,2100,2250,Maharashtra,Other
2023-02-24,Wheat,1,Jalgaon,FAQ,Chalisgaon,2452,2070,2100,Maharashtra,Maharashtra 2189
2023-02-24,Wheat,1,Dharashiv(Usmanabad),FAQ,Kalamb (Dharashiv),2678,1861,2201,Maharashtra,Maharashtra 2189
2023-02-25,Wheat,1,Jalgaon,FAQ,Parola,2151,2151,2151,Maharashtra,Kalyan
2023-02-25,Wheat,1,Chattrapati Sambhajinagar,FAQ,Sillod(Bharadi),2100,2100,2100,Maharashtra,Other
2023-02-25,Wheat,1,Ahmednagar,FAQ,Jamkhed,2500,2200,2350,Maharashtra,Maharashtra 2189
2023-02-25,Wheat,1,Ahmednagar,FAQ,Ahmednagar,2700,2000,2350,Maharashtra,Other
2023-02-26,Wheat,1,Jalgaon,FAQ,Parola,2451,1600,2000,Maharashtra,Kalyan
2023-02-27,Wheat,1,Jalgaon,FAQ,Pachora,2406,2151,2311,Maharashtra,Other
2023-02-27,Wheat,1,Chattrapati Sambhajinagar,FAQ,Lasur Station,2450,2100,2300,Maharashtra,Other
2023-02-27,Wheat,1,Ahmednagar,FAQ,Kopargaon,2211,2112,2150,Maharashtra,Other
2023-02-28,Wheat,1,Ahmednagar,FAQ,Rahata,2450,1821,2000,Maharashtra,Other
2023-02-28,Wheat,1,Ahmednagar,FAQ,Newasa,2500,2500,2500,Maharashtra,Maharashtra 2189
2023-02-28,Wheat,1,Jalgaon,FAQ,Parola,2300,2050,2050,Maharashtra,Kalyan
2023-02-28,Wheat,1,Jalgaon,FAQ,Chopada,2322,2005,2226,Maharashtra,Other
2023-02-28,Wheat,1,Ahmednagar,FAQ,Kopargaon,23800,1899,2108,Maharashtra,Other
2023-03-01,Wheat,1,Ahmednagar,FAQ,Ahmednagar,2600,2000,2300,Maharashtra,Other
2023-03-01,Wheat,1,Dhule,FAQ,Dondaicha(Sindhkheda),2212,2126,2161,Maharashtra,Other
2023-03-01,Wheat,1,Ahmednagar,FAQ,Rahata,2383,1946,2100,Maharashtra,Other
2023-03-02,Wheat,1,Chattrapati Sambhajinagar,FAQ,Paithan,2426,2000,2325,Maharashtra,Bansi
2023-03-02,Wheat,1,Ahmednagar,FAQ,Rahuri,2050,1950,2000,Maharashtra,Other
2023-03-02,Wheat,1,Ahmednagar,FAQ,Jamkhed,2400,2000,2200,Maharashtra,Other
2023-03-02,Wheat,1,Ahmednagar,FAQ,Rahuri(Vambori),2151,1700,2100,Maharashtra,Other
2023-03-03,Wheat,1,Ahmednagar,FAQ,Jamkhed,2300,2000,2150,Maharashtra,Other
2023-03-03,Wheat,1,Ahmednagar,FAQ,Rahata,2387,1900,2150,Maharashtra,Other
2023-03-03,Wheat,1,Jalgaon,FAQ,Dharangaon,2399,2000,2178,Maharashtra,Other
2023-03-04,Wheat,1,Ahmednagar,FAQ,Jamkhed,2300,2000,2150,Maharashtra,Other
2023-03-04,Wheat,1,Chattrapati Sambhajinagar,FAQ,Paithan,2621,2060,2290,Maharashtra,Bansi
2023-03-04,Wheat,1,Chattrapati Sambhajinagar,FAQ,Sillod(Bharadi),2025,2025,2025,Maharashtra,Other
2023-03-04,Wheat,1,Ahmednagar,FAQ,Pathardi,2300,2000,2100,Maharashtra,Maharashtra 2189
2023-03-04,Wheat,1,Chattrapati Sambhajinagar,FAQ,Lasur Station,2461,2075,2300,Maharashtra,Other
2023-03-04,Wheat,1,Chattrapati Sambhajinagar,FAQ,Kannad,2301,1900,2105,Maharashtra,Other
2023-03-05,Wheat,1,Chattrapati Sambhajinagar,FAQ,Paithan,2600,2091,2332,Maharashtra,Bansi
2023-03-06,Wheat,1,Ahmednagar,FAQ,Rahuri,2400,1900,2250,Maharashtra,Other
2023-03-06,Wheat,1,Jalgaon,FAQ,Dharangaon,2173,2171,2171,Maharashtra,Other
2023-03-06,Wheat,1,Ahmednagar,FAQ,Rahata,2200,2200,2200,Maharashtra,Other
2023-03-07,Wheat,1,Chattrapati Sambhajinagar,FAQ,Sillod,2325,2100,2250,Maharashtra,Other
2023-03-07,Wheat,1,Ahmednagar,FAQ,Rahuri(Vambori),2277,1904,2277,Maharashtra,Other
2023-03-08,Wheat,1,Jalgaon,FAQ,Pachora,2185,1935,2021,Maharashtra,Other
2023-03-08,Wheat,1,Jalgaon,FAQ,Amalner,2355,2000,2355,Maharashtra,Other
2023-03-08,Wheat,1,Jalgaon,FAQ,Chopada,2372,2000,2242,Maharashtra,Other
2023-03-08,Wheat,1,Dhule,FAQ,Shirpur,2461,1812,2151,Maharashtra,Other
2023-03-08,Wheat,1,Ahmednagar,FAQ,Rahuri,2250,1850,2050,Maharashtra,Other
2023-03-09,Wheat,1,Jalgaon,FAQ,Chopada,2601,2000,2371,Maharashtra,Other
2023-03-09,Wheat,1,Dhule,FAQ,Shirpur,2512,1851,2111,Maharashtra,Other
2023-03-09,Wheat,1,Ahmednagar,FAQ,Jamkhed,2300,2000,2150,Maharashtra,Other
2023-03-10,Wheat,1,Ahmednagar,FAQ,Shevgaon,2400,2000,2000,Maharashtra,Maharashtra 2189
2023-03-10,Wheat,1,Jalgaon,FAQ,Jalgaon,2075,2050,2075,Maharashtra,147 Average
2023-03-10,Wheat,1,Ahmednagar,FAQ,Jamkhed,2300,2000,2150,Maharashtra,Other
2023-03-10,Wheat,1,Ahmednagar,FAQ,Newasa,2000,2000,2000,Maharashtra,Maharashtra 2189
2023-03-11,Wheat,1,Jalgaon,FAQ,Amalner,2261,1953,2261,Maharashtra,Other
2023-03-11,Wheat,1,Jalgaon,FAQ,Jalgaon(Masawat),2300,2300,2300,Maharashtra,147 Average
2023-03-11,Wheat,1,Chattrapati Sambhajinagar,FAQ,Lasur Station,2471,2075,2250,Maharashtra,Other
2023-03-12,Wheat,1,Ahmednagar,FAQ,Rahuri,2400,1750,2250,Maharashtra,Other
2023-03-13,Wheat,1,Ahmednagar,FAQ,Ahmednagar,2300,2000,2200,Maharashtra,Other
2023-03-14,Wheat,1,Jalgaon,FAQ,Chopada,2401,1926,2256,Maharashtra,Other
2023-03-14,Wheat,1,Chattrapati Sambhajinagar,FAQ,Lasur Station,2541,1975,2275,Maharashtra,Other
2023-03-14,Wheat,1,Ahmednagar,FAQ,Jamkhed,2300,2000,2150,Maharashtra,Other
2023-03-14,Wheat,1,Dhule,FAQ,Shirpur,2641,1600,2111,Maharashtra,Other
2023-03-15,Wheat,1,Jalgaon,FAQ,Chopada,2399,1976,2250,Maharashtra,Other
2023-03-15,Wheat,1,Dhule,FAQ,Shirpur,2425,1500,2100,Maharashtra,Other
2023-03-15,Wheat,1,Jalgaon,FAQ,Parola,2415,1800,2300,Maharashtra,Kalyan
2023-03-16,Wheat,1,Ahmednagar,FAQ,Jamkhed,2500,2200,2350,Maharashtra,Maharashtra 2189
2023-03-16,Wheat,1,Jalgaon,FAQ,Amalner,2301,2001,2301,Maharashtra,Other
2023-03-16,Wheat,1,Dharashiv(Usmanabad),FAQ,Kalamb (Dharashiv),2790,1900,2500,Maharashtra,Maharashtra 2189
2023-03-16,Wheat,1,Chattrapati Sambhajinagar,FAQ,Kannad,2661,2000,2350,Maharashtra,Other
2023-03-16,Wheat,1,Ahmednagar,FAQ,Ahmednagar,2350,2000,2175,Maharashtra,Other
2023-03-17,Wheat,1,Ahmednagar,FAQ,Rahuri(Vambori),2400,1975,2100,Maharashtra,Other
2023-03-17,Wheat,1,Ahmednagar,FAQ,Jamkhed,2400,2000,2200,Maharashtra,Maharashtra 2189
2023-03-17,Wheat,1,Ahmednagar,FAQ,Sangamner,2501,2436,2468,Maharashtra,Other
2023-03-18,Wheat,1,Ahmednagar,FAQ,Jamkhed,2200,2000,2100,Maharashtra,Other
2023-03-18,Wheat,1,Ahmednagar,FAQ,Kopargaon,2481,1653,2367,Maharashtra,Other
2023-03-18,Wheat,1,Dharashiv(Usmanabad),FAQ,Kalamb (Dharashiv),2976,2501,2751,Maharashtra,Maharashtra 2189
2023-03-20,Wheat,1,Jalgaon,FAQ,Chalisgaon,2575,1980,2140,Maharashtra,Maharashtra 2189
2023-03-20,Wheat,1,Dhule,FAQ,Shirpur,2615,1650,2000,Maharashtra,Other
2023-03-21,Wheat,1,Ahmednagar,FAQ,Jamkhed,2200,2000,2100,Maharashtra,Other
2023-03-21,Wheat,1,Dhule,FAQ,Shirpur,2650,1500,2151,Maharashtra,Other
2023-03-21,Wheat,1,Chattrapati Sambhajinagar,FAQ,Kannad,2650,1950,2300,Maharashtra,Other
2023-03-21,Wheat,1,Jalgaon,FAQ,Chalisgaon,2601,1919,2025,Maharashtra,Maharashtra 2189
2023-03-21,Wheat,1,Jalgaon,FAQ,Amalner,2450,2000,2450,Maharashtra,Other
2023-03-21,Wheat,1,Dhule,FAQ,Dondaicha(Sindhkheda),2200,2140,2177,Maharashtra,Other
2023-03-21,Wheat,1,Ahmednagar,FAQ,Kopargaon,2511,2142,2396,Maharashtra,Other
2023-03-22,Wheat,1,Dharashiv(Usmanabad),FAQ,Kalamb (Dharashiv),3200,2390,3000,Maharashtra,Maharashtra 2189
2023-03-22,Wheat,1,Hingoli,FAQ,Akhadabalapur,2200,2000,2100,Maharashtra,Maharashtra 2189
2023-03-22,Wheat,1,Chattrapati Sambhajinagar,FAQ,Lasur Station,2600,2100,2325,Maharashtra,Other
2023-03-23,Wheat,1,Chattrapati Sambhajinagar,FAQ,Sillod,2150,2000,2100,Maharashtra,Other
2023-03-23,Wheat,1,Ahmednagar,FAQ,Rahata,2655,2025,2286,Maharashtra,Other
2023-03-23,Wheat,1,Chattrapati Sambhajinagar,FAQ,Paithan,2481,2011,2250,Maharashtra,Bansi
2023-03-23,Wheat,1,Jalgaon,FAQ,Parola,2471,1950,2375,Maharashtra,Kalyan
2023-03-23,Wheat,1,Jalgaon,FAQ,Dharangaon,2398,1950,2200,Maharashtra,Other
2023-03-24,Wheat,1,Ahmednagar,FAQ,Sangamner,2638,2200,2419,Maharashtra,Other
2023-03-24,Wheat,1,Dhule,FAQ,Sakri,2375,2000,2275,Maharashtra,Other
2023-03-24,Wheat,1,Chattrapati Sambhajinagar,FAQ,Lasur Station,2750,2100,2400,Maharashtra,Other
2023-03-24,Wheat,1,Ahmednagar,FAQ,Jamkhed,2600,2000,2300,Maharashtra,Maharashtra 2189
2023-03-24,Wheat,1,Ahmednagar,FAQ,Rahuri(Vambori),2041,2041,2041,Maharashtra,Other
2023-03-24,Wheat,1,Chattrapati Sambhajinagar,FAQ,Paithan,2441,2000,2291,Maharashtra,Bansi
2023-03-25,Wheat,1,Dhule,FAQ,Sakri,2375,2000,2250,Maharashtra,Other
2023-03-25,Wheat,1,Dharashiv(Usmanabad),FAQ,Kalamb (Dharashiv),3800,1900,2500,Maharashtra,Maharashtra 2189
2023-03-25,Wheat,1,Ahmednagar,FAQ,Jamkhed,2400,2000,2200,Maharashtra,Other
2023-03-25,Wheat,1,Ahmednagar,FAQ,Jamkhed,2600,2000,2300,Maharashtra,Maharashtra 2189
2023-03-26,Wheat,1,Chattrapati Sambhajinagar,FAQ,Sillod,2200,2075,2100,Maharashtra,Other
2023-03-27,Wheat,1,Ahmednagar,FAQ,Rahata,2400,2050,2225,Maharashtra,Other
2023-03-27,Wheat,1,Ahmednagar,FAQ,Jamkhed,2300,2000,2150,Maharashtra,Other
2023-03-27,Wheat,1,Jalgaon,FAQ,Chalisgaon,2800,2022,2051,Maharashtra,Maharashtra 2189
2023-03-28,Wheat,1,Jalgaon,FAQ,Parola,2500,2100,2350,Maharashtra,Kalyan
2023-03-28,Wheat,1,Dharashiv(Usmanabad),FAQ,Kalamb (Dharashiv),3081,1800,2600,Maharashtra,Maharashtra 2189
2023-03-29,Wheat,1,Hingoli,FAQ,Akhadabalapur,2400,2200,2300,Maharashtra,Maharashtra 2189
2023-03-29,Wheat,1,Dhule,FAQ,Dondaicha(Sindhkheda),2326,2176,2265,Maharashtra,Other
2023-03-29,Wheat,1,Chattrapati Sambhajinagar,FAQ,Kannad,3300,1900,2600,Maharashtra,Other
2023-03-29,Wheat,1,Jalgaon,FAQ,Pachora,2450,2051,2231,Maharashtra,Other
2023-03-30,Wheat,1,Jalgaon,FAQ,Parola,2470,2150,2200,Maharashtra,Kalyan
2023-03-30,Wheat,1,Ahmednagar,FAQ,Rahata,2401,2011,2300,Maharashtra,Other
2023-03-31,Wheat,1,Chattrapati Sambhajinagar,FAQ,Paithan,2400,2100,2375,Maharashtra,Bansi
2023-03-31,Wheat,1,Dharashiv(Usmanabad),FAQ,Kalamb (Dharashiv),3000,2075,2800,Maharashtra,Maharashtra 2189
2023-04-01,Wheat,1,Jalgaon,FAQ,Pachora,2400,2151,2300,Maharashtra,Other
2023-04-01,Wheat,1,Dharashiv(Usmanabad),FAQ,Kalamb (Dharashiv),3100,2500,2800,Maharashtra,Maharashtra 2189
2023-04-01,Wheat,1,Ahmednagar,FAQ,Rahata,2386,1900,2150,Maharashtra,Other
2023-04-01,Wheat,1,Chattrapati Sambhajinagar,FAQ,Lasur Station,2865,2175,2300,Maharashtra,Other
2023-04-01,Wheat,1,Ahmednagar,FAQ,Pathardi,2200,1800,2000,Maharashtra,Maharashtra 2189
2023-04-02,Wheat,1,Ahmednagar,FAQ,Rahuri,2100,1500,1800,Maharashtra,Other
2023-04-02,Wheat,1,Chattrapati Sambhajinagar,FAQ,Kannad,3002,1900,2451,Maharashtra,Other
2023-04-03,Wheat,1,Ahmednagar,FAQ,Rahata,2499,1900,2240,Maharashtra,Other
2023-04-03,Wheat,1,Chattrapati Sambhajinagar,FAQ,Lasur Station,2750,2150,2350,Maharashtra,Other
2023-04-04,Wheat,1,Chattrapati Sambhajinagar,FAQ,Paithan,2450,2100,2300,Maharashtra,Bansi
2023-04-05,Wheat,1,Dhule,FAQ,Shirpur,2727,1571,2240,Maharashtra,Other
2023-04-05,Wheat,1,Dharashiv(Usmanabad),FAQ,Kalamb (Dharashiv),3011,2400,2701,Maharashtra,Maharashtra 2189
2023-04-05,Wheat,1,Jalgaon,FAQ,Dharangaon,2400,2182,2233,Maharashtra,Other
2023-04-05,Wheat,1,Jalgaon,FAQ,Chopada,2451,2151,2375,Maharashtra,Other
2023-04-06,Wheat,1,Dhule,FAQ,Dondaicha(Sindhkheda),2390,2126,2240,Maharashtra,Other
2023-04-06,Wheat,1,Chattrapati Sambhajinagar,FAQ,Sillod,2300,2100,2200,Maharashtra,Other
2023-04-06,Wheat,1,Ahmednagar,FAQ,Jamkhed,2300,2000,2150,Maharashtra,Other
2023-04-06,Wheat,1,Jalgaon,FAQ,Jalgaon,2460,2205,2460,Maharashtra,147 Average
2023-04-06,Wheat,1,Ahmednagar,FAQ,Kopargaon,2273,2020,2150,Maharashtra,Other
2023-04-08,Wheat,1,Ahmednagar,FAQ,Kopargaon,2450,2032,2110,Maharashtra,Other
2023-04-08,Wheat,1,Ahmednagar,FAQ,Rahuri(Vambori),2050,2000,2025,Maharashtra,Other
2023-04-08,Wheat,1,Jalgaon,FAQ,Amalner,2600,2025,2600,Maharashtra,Other
2023-04-08,Wheat,1,Chattrapati Sambhajinagar,FAQ,Paithan,2451,2050,2351,Maharashtra,Bansi
2023-04-09,Wheat,1,Jalgaon,FAQ,Parola,2475,2101,2375,Maharashtra,Kalyan
2023-04-09,Wheat,1,Ahmednagar,FAQ,Rahuri,2100,1900,2000,Maharashtra,Other
2023-04-10,Wheat,1,Ahmednagar,FAQ,Sangamner,2491,2160,2325,Maharashtra,Other
2023-04-10,Wheat,1,Ahmednagar,FAQ,Rahuri,2150,1900,2025,Maharashtra,Other
2023-04-10,Wheat,1,Ahmednagar,FAQ,Jamkhed,2600,2200,2400,Maharashtra,Maharashtra 2189
2023-04-10,Wheat,1,Jalgaon,FAQ,Pachora,2300,2015,2100,Maharashtra,Other
2023-04-11,Wheat,1,Chattrapati Sambhajinagar,FAQ,Kannad,3200,1950,2575,Maharashtra,Other
2023-04-11,Wheat,1,Dharashiv(Usmanabad),FAQ,Kalamb (Dharashiv),3280,2500,2900,Maharashtra,Maharashtra 2189
2023-04-11,Wheat,1,Jalgaon,FAQ,Amalner,2550,2250,2550,Maharashtra,Other
2023-04-11,Wheat,1,Ahmednagar,FAQ,Rahata,2199,1950,2075,Maharashtra,Other
2023-04-11,Wheat,1,Ahmednagar,FAQ,Rahuri(Vambori),2401,2000,2200,Maharashtra,Other
2023-04-12,Wheat,1,Ahmednagar,FAQ,Rahuri,2200,1900,2050,Maharashtra,Other
2023-04-12,Wheat,1,Dhule,FAQ,Dondaicha(Sindhkheda),2252,2130,2186,Maharashtra,Other
2023-04-12,Wheat,1,Jalgaon,FAQ,Pachora,2250,2050,2131,Maharashtra,Other
2023-04-12,Wheat,1,Ahmednagar,FAQ,Kopargaon,2437,2114,2313,Maharashtra,Other
2023-04-12,Wheat,1,Ahmednagar,FAQ,Rahata,2351,2060,2270,Maharashtra,Other
2023-04-12,Wheat,1,Chattrapati Sambhajinagar,FAQ,Lasur Station,2839,2150,2350,Maharashtra,Other
2023-04-12,Wheat,1,Dharashiv(Usmanabad),FAQ,Kalamb (Dharashiv),2700,2000,2551,Maharashtra,Maharashtra 2189
2023-04-13,Wheat,1,Jalgaon,FAQ,Amalner,2500,1950,2500,Maharashtra,Other
2023-04-14,Wheat,1,Ahmednagar,FAQ,Rahata,2355,2000,2251,Maharashtra,Other
2023-04-15,Wheat,1,Ahmednagar,FAQ,Kopargaon,2451,2040,2253,Maharashtra,Other
2023-04-15,Wheat,1,Jalgaon,FAQ,Amalner,2400,2200,2400,Maharashtra,Other
2023-04-15,Wheat,1,Jalgaon,FAQ,Dharangaon,2301,2100,2214,Maharashtra,Other
2023-04-15,Wheat,1,Chattrapati Sambhajinagar,FAQ,Paithan,2540,2100,2370,Maharashtra,Bansi
2023-04-15,Wheat,1,Ahmednagar,FAQ,Ahmednagar,2575,2050,2312,Maharashtra,Other
2023-04-15,Wheat,1,Chattrapati Sambhajinagar,FAQ,Kannad,3100,1900,2800,Maharashtra,Other
2023-04-15,Wheat,1,Jalgaon,FAQ,Parola,2376,2376,2376,Maharashtra,Kalyan
2023-04-16,Wheat,1,Ahmednagar,FAQ,Rahuri,2100,2000,2050,Maharashtra,Other
2023-04-17,Wheat,1,Jalgaon,FAQ,Dharangaon,2122,2075,2122,Maharashtra,Other
2023-04-18,Wheat,1,Ahmednagar,FAQ,Jamkhed,2400,2000,2200,Maharashtra,Other
2023-04-18,Wheat,1,Chattrapati Sambhajinagar,FAQ,Paithan,2700,2252,2500,Maharashtra,Bansi
2023-04-19,Wheat,1,Jalgaon,FAQ,Jalgaon,1900,1900,1900,Maharashtra,147 Average
2023-04-19,Wheat,1,Chattrapati Sambhajinagar,FAQ,Lasur Station,2956,2125,2275,Maharashtra,Other
2023-04-19,Wheat,1,Dhule,FAQ,Shirpur,2425,1800,2121,Maharashtra,Other
2023-04-19,Wheat,1,Jalgaon,FAQ,Chalisgaon,2700,2000,2100,Maharashtra,Maharashtra 2189
2023-04-19,Wheat,1,Ahmednagar,FAQ,Newasa,2300,2300,2300,Maharashtra,Maharashtra 2189
2023-04-19,Wheat,1,Ahmednagar,FAQ,Pathardi,2300,1800,2000,Maharashtra,Maharashtra 2189
2023-04-19,Wheat,1,Jalgaon,FAQ,Chopada,2501,2100,2375,Maharashtra,Other
2023-04-20,Wheat,1,Ahmednagar,FAQ,Rahuri,2200,1950,2125,Maharashtra,Other
2023-04-20,Wheat,1,Jalgaon,FAQ,Chalisgaon,2601,2070,2300,Maharashtra,Maharashtra 2189
2023-04-20,Wheat,1,Ahmednagar,FAQ,Jamkhed,2500,2000,2250,Maharashtra,Maharashtra 2189
2023-04-21,Wheat,1,Chattrapati Sambhajinagar,FAQ,Paithan,2700,200,2400,Maharashtra,Bansi
2023-04-21,Wheat,1,Ahmednagar,FAQ,Jamkhed,2400,2000,2200,Maharashtra,Other
2023-04-21,Wheat,1,Ahmednagar,FAQ,Rahata,2330,2011,2241,Maharashtra,Other
2023-04-21,Wheat,1,Ahmednagar,FAQ,Kopargaon,2392,2101,2223,Maharashtra,Other
2023-04-21,Wheat,1,Jalgaon,FAQ,Jalgaon,2050,2050,2050,Maharashtra,147 Average
2023-04-24,Wheat,1,Ahmednagar,FAQ,Rahata,2260,2025,2155,Maharashtra,Other
2023-04-25,Wheat,1,Jalgaon,FAQ,Jalgaon,2190,2190,2190,Maharashtra,147 Average
2023-04-25,Wheat,1,Hingoli,FAQ,Akhadabalapur,2800,2500,2700,Maharashtra,Maharashtra 2189
2023-04-25,Wheat,1,Jalgaon,FAQ,Parola,2411,2386,2386,Maharashtra,Kalyan
2023-04-25,Wheat,1,Chattrapati Sambhajinagar,FAQ,Kannad,2800,1800,2500,Maharashtra,Other
2023-04-25,Wheat,1,Ahmednagar,FAQ,Jamkhed,2600,2200,2400,Maharashtra,Maharashtra 2189
2023-04-25,Wheat,1,Dharashiv(Usmanabad),FAQ,Kalamb (Dharashiv),3020,2500,2900,Maharashtra,Maharashtra 2189
2023-04-26,Wheat,1,Ahmednagar,FAQ,Pathardi,2300,1900,2000,Maharashtra,Maharashtra 2189
2023-04-26,Wheat,1,Ahmednagar,FAQ,Rahata,2351,2026,2216,Maharashtra,Other
2023-04-26,Wheat,1,Dharashiv(Usmanabad),FAQ,Kalamb (Dharashiv),3251,2500,3000,Maharashtra,Maharashtra 2189
2023-04-26,Wheat,1,Chattrapati Sambhajinagar,FAQ,Sillod,2350,2100,2250,Maharashtra,Other
2023-04-27,Wheat,1,Dharashiv(Usmanabad),FAQ,Kalamb (Dharashiv),3151,2500,2800,Maharashtra,Maharashtra 2189
2023-04-27,Wheat,1,Jalgaon,FAQ,Chalisgaon,3191,2050,2502,Maharashtra,Maharashtra 2189
2023-04-27,Wheat,1,Dhule,FAQ,Shirpur,2576,1800,2301,Maharashtra,Other
2023-04-27,Wheat,1,Jalgaon,FAQ,Chopada,2100,2100,2100,Maharashtra,Other
2023-04-29,Wheat,1,Ahmednagar,FAQ,Pathardi,2300,1900,2000,Maharashtra,Maharashtra 2189
2023-04-29,Wheat,1,Chattrapati Sambhajinagar,FAQ,Lasur Station,2680,1950,2150,Maharashtra,Other
2023-04-29,Wheat,1,Jalgaon,FAQ,Amalner,2509,2251,2509,Maharashtra,Other
2023-04-29,Wheat,1,Ahmednagar,FAQ,Rahuri(Vambori),2200,1951,2000,Maharashtra,Other
2023-05-01,Wheat,1,Chattrapati Sambhajinagar,FAQ,Sillod,2300,2100,2200,Maharashtra,Other
2023-05-02,Wheat,1,Chattrapati Sambhajinagar,FAQ,Sillod,2250,2100,2200,Maharashtra,Other
2023-05-02,Wheat,1,Chattrapati Sambhajinagar,FAQ,Kannad,3251,1900,2575,Maharashtra,Other
2023-05-03,Wheat,1,Jalgaon,FAQ,Parola,2450,2450,2450,Maharashtra,Kalyan
2023-05-04,Wheat,1,Jalgaon,FAQ,Amalner,2625,2200,2625,Maharashtra,Other
2023-05-04,Wheat,1,Chattrapati Sambhajinagar,FAQ,Lasur Station,2900,2025,2300,Maharashtra,Other
2023-05-04,Wheat,1,Ahmednagar,FAQ,Jamkhed,2400,2000,2200,Maharashtra,Other
2023-05-05,Wheat,1,Chattrapati Sambhajinagar,FAQ,Lasur Station,2960,2100,2350,Maharashtra,Other
2023-05-05,Wheat,1,Chattrapati Sambhajinagar,FAQ,Sillod,2300,2100,2200,Maharashtra,Other
2023-05-06,Wheat,1,Chattrapati Sambhajinagar,FAQ,Sillod(Bharadi),2100,2100,2100,Maharashtra,Other
2023-05-06,Wheat,1,Ahmednagar,FAQ,Jamkhed,2600,2200,2400,Maharashtra,Maharashtra 2189
2023-05-06,Wheat,1,Ahmednagar,FAQ,Rahata,2266,2000,2130,Maharashtra,Other
2023-05-07,Wheat,1,Chattrapati Sambhajinagar,FAQ,Kannad,3200,1850,2525,Maharashtra,Other
2023-05-08,Wheat,1,Ahmednagar,FAQ,Jamkhed,2400,2200,2300,Maharashtra,Other
2023-05-09,Wheat,1,Chattrapati Sambhajinagar,FAQ,Kannad,3200,1850,2563,Maharashtra,Other
2023-05-10,Wheat,1,Chattrapati Sambhajinagar,FAQ,Paithan,2741,2081,2200,Maharashtra,Bansi
2023-05-10,Wheat,1,Ahmednagar,FAQ,Kopargaon,2250,2090,2111,Maharashtra,Other
2023-05-10,Wheat,1,Ahmednagar,FAQ,Rahata,2251,2101,2175,Maharashtra,Other
2023-05-10,Wheat,1,Ahmednagar,FAQ,Pathardi,2300,1900,2000,Maharashtra,Maharashtra 2189
2023-05-10,Wheat,1,Chattrapati Sambhajinagar,FAQ,Lasur Station,2500,2100,2250,Maharashtra,Other
2023-05-11,Wheat,1,Dhule,FAQ,Dondaicha(Sindhkheda),2291,1941,1941,Maharashtra,Other
2023-05-11,Wheat,1,Chattrapati Sambhajinagar,FAQ,Vaijpur,2690,2100,2300,Maharashtra,Other
2023-05-11,Wheat,1,Chattrapati Sambhajinagar,FAQ,Paithan,2550,2076,2400,Maharashtra,Bansi
2023-05-11,Wheat,1,Jalgaon,FAQ,Chalisgaon,2400,2011,2361,Maharashtra,Maharashtra 2189
2023-05-12,Wheat,1,Ahmednagar,FAQ,Rahata,2200,2050,2130,Maharashtra,Other
2023-05-12,Wheat,1,Ahmednagar,FAQ,Rahuri(Vambori),2355,2200,2277,Maharashtra,Other
2023-05-12,Wheat,1,Chattrapati Sambhajinagar,FAQ,Kannad,2900,2000,2900,Maharashtra,Other
2023-05-13,Wheat,1,Ahmednagar,FAQ,Rahata,2244,2136,2186,Maharashtra,Other
2023-05-13,Wheat,1,Dharashiv(Usmanabad),FAQ,Kalamb (Dharashiv),4600,4600,4600,Maharashtra,Bansi
2023-05-13,Wheat,1,Chattrapati Sambhajinagar,FAQ,Vaijpur,2700,2150,2305,Maharashtra,Other
2023-05-15,Wheat,1,Dharashiv(Usmanabad),FAQ,Kalamb (Dharashiv),3001,2100,2600,Maharashtra,Maharashtra 2189
2023-05-15,Wheat,1,Hingoli,FAQ,Akhadabalapur,2400,2000,2200,Maharashtra,Maharashtra 2189
2023-05-16,Wheat,1,Dhule,FAQ,Dondaicha(Sindhkheda),2242,2176,2242,Maharashtra,Other
2023-05-16,Wheat,1,Jalgaon,FAQ,Chalisgaon,3050,2080,2500,Maharashtra,Maharashtra 2189
2023-05-16,Wheat,1,Dharashiv(Usmanabad),FAQ,Kalamb (Dharashiv),2671,2000,2450,Maharashtra,Maharashtra 2189
2023-05-17,Wheat,1,Ahmednagar,FAQ,Rahuri(Vambori),2350,1901,2175,Maharashtra,Other
2023-05-17,Wheat,1,Dhule,FAQ,Dondaicha(Sindhkheda),2245,1905,2241,Maharashtra,Other
2023-05-17,Wheat,1,Ahmednagar,FAQ,Pathardi,2300,2000,2100,Maharashtra,Maharashtra 2189
2023-05-17,Wheat,1,Jalgaon,FAQ,Parola,2251,2000,2251,Maharashtra,Kalyan
2023-05-18,Wheat,1,Ahmednagar,FAQ,Jamkhed,2700,2200,2450,Maharashtra,Maharashtra 2189
2023-05-19,Wheat,1,Chattrapati Sambhajinagar,FAQ,Sillod,2300,2200,2300,Maharashtra,Other
2023-05-20,Wheat,1,Jalgaon,FAQ,Chopada,2075,2075,2075,Maharashtra,Other
2023-05-20,Wheat,1,Jalgaon,FAQ,Jalgaon,2065,2065,2065,Maharashtra,147 Average
2023-05-20,Wheat,1,Chattrapati Sambhajinagar,FAQ,Vaijpur,2715,2200,2305,Maharashtra,Other
2023-05-21,Wheat,1,Chattrapati Sambhajinagar,FAQ,Sillod,2500,2100,2200,Maharashtra,Other
2023-05-22,Wheat,1,Jalgaon,FAQ,Amalner,2526,2271,2526,Maharashtra,Other
2023-05-22,Wheat,1,Ahmednagar,FAQ,Jamkhed,2400,2000,2200,Maharashtra,Other
2023-05-23,Wheat,1,Dhule,FAQ,Shirpur,2526,1900,2300,Maharashtra,Other
2023-05-23,Wheat,1,Ahmednagar,FAQ,Newasa,2300,2300,2300,Maharashtra,Maharashtra 2189
2023-05-24,Wheat,1,Jalgaon,FAQ,Amalner,2433,2231,2433,Maharashtra,Other
2023-05-24,Wheat,1,Chattrapati Sambhajinagar,FAQ,Vaijpur,2695,2200,2340,Maharashtra,Other
2023-05-24,Wheat,1,Chattrapati Sambhajinagar,FAQ,Kannad,3000,1850,2800,Maharashtra,Other
2023-05-24,Wheat,1,Chattrapati Sambhajinagar,FAQ,Sillod,2300,2200,2300,Maharashtra,Other
2023-05-24,Wheat,1,Jalgaon,FAQ,Jalgaon,2200,2100,2100,Maharashtra,147 Average
2023-05-24,Wheat,1,Ahmednagar,FAQ,Pathardi,2300,1800,2100,Maharashtra,Maharashtra 2189
2023-05-24,Wheat,1,Jalgaon,FAQ,Dharangaon,2130,2130,2130,Maharashtra,Other
2023-05-25,Wheat,1,Ahmednagar,FAQ,Rahata,2420,2125,2275,Maharashtra,Other
2023-05-25,Wheat,1,Ahmednagar,FAQ,Kopargaon,2285,2251,2266,Maharashtra,Other
2023-05-25,Wheat,1,Jalgaon,FAQ,Amalner,2565,2300,2565,Maharashtra,Other
2023-05-25,Wheat,1,Jalgaon,FAQ,Parola,2400,2400,2400,Maharashtra,Kalyan
2023-05-26,Wheat,1,Chattrapati Sambhajinagar,FAQ,Paithan,2740,2250,2400,Maharashtra,Bansi
2023-05-26,Wheat,1,Ahmednagar,FAQ,Jamkhed,2600,1800,2200,Maharashtra,Other
2023-05-26,Wheat,1,Jalgaon,FAQ,Parola,2337,1701,2020,Maharashtra,Kalyan
2023-05-26,Wheat,1,Ahmednagar,FAQ,Rahata,2376,1740,2268,Maharashtra,Other
2023-05-27,Wheat,1,Ahmednagar,FAQ,Pathardi,2300,1900,2000,Maharashtra,Maharashtra 2189
2023-05-27,Wheat,1,Chattrapati Sambhajinagar,FAQ,Kannad,2400,1800,2100,Maharashtra,Other
2023-05-29,Wheat,1,Chattrapati Sambhajinagar,FAQ,Lasur Station,2935,2100,2200,Maharashtra,Other
2023-05-29,Wheat,1,Ahmednagar,FAQ,Jamkhed,2600,2000,2300,Maharashtra,Maharashtra 2189
2023-05-30,Wheat,1,Dhule,FAQ,Sakri,2200,2000,2121,Maharashtra,Other
2023-05-30,Wheat,1,Ahmednagar,FAQ,Rahata,2478,2150,2315,Maharashtra,Other
2023-05-31,Wheat,1,Ahmednagar,FAQ,Kopargaon,2356,2222,2300,Maharashtra,Other
2023-05-31,Wheat,1,Chattrapati Sambhajinagar,FAQ,Sillod,2300,2100,2200,Maharashtra,Other
2023-05-31,Wheat,1,Chattrapati Sambhajinagar,FAQ,Vaijpur,2680,2305,2380,Maharashtra,Other
2023-06-01,Wheat,1,Chattrapati Sambhajinagar,FAQ,Lasur Station,2991,2050,2250,Maharashtra,Other
2023-06-01,Wheat,1,Ahmednagar,FAQ,Sangamner,2540,2285,2412,Maharashtra,Other
2023-06-01,Wheat,1,Chattrapati Sambhajinagar,FAQ,Paithan,2600,2196,2281,Maharashtra,Bansi
2023-06-01,Wheat,1,Dhule,FAQ,Dondaicha(Sindhkheda),2287,2253,2287,Maharashtra,Other
2023-06-03,Wheat,1,Chattrapati Sambhajinagar,FAQ,Lasur Station,2901,2100,2275,Maharashtra,Other
2023-06-03,Wheat,1,Chattrapati Sambhajinagar,FAQ,Kannad,3012,1850,2431,Maharashtra,Other
2023-06-03,Wheat,1,Ahmednagar,FAQ,Kopargaon,2377,2235,2300,Maharashtra,Other
2023-06-04,Wheat,1,Chattrapati Sambhajinagar,FAQ,Sillod,2325,2200,2250,Maharashtra,Other
2023-06-05,Wheat,1,Jalgaon,FAQ,Chopada,2551,2251,2548,Maharashtra,Other
2023-06-05,Wheat,1,Chattrapati Sambhajinagar,FAQ,Sillod,2300,2100,2200,Maharashtra,Other
2023-06-05,Wheat,1,Dhule,FAQ,Dondaicha(Sindhkheda),2309,2192,2270,Maharashtra,Other
2023-06-06,Wheat,1,Chattrapati Sambhajinagar,FAQ,Vaijpur,2650,2305,2365,Maharashtra,Other
2023-06-06,Wheat,1,Ahmednagar,FAQ,Rahuri,2275,2000,2125,Maharashtra,Other
2023-06-06,Wheat,1,Ahmednagar,FAQ,Rahata,2526,2200,2325,Maharashtra,Other
2023-06-06,Wheat,1,Jalgaon,FAQ,Parola,2701,2172,2419,Maharashtra,Kalyan
2023-06-06,Wheat,1,Dhule,FAQ,Shirpur,2520,2000,2340,Maharashtra,Other
2023-06-06,Wheat,1,Ahmednagar,FAQ,Jamkhed,2400,2000,2200,Maharashtra,Other
2023-06-07,Wheat,1,Ahmednagar,FAQ,Rahuri(Vambori),2400,2300,2350,Maharashtra,Other
2023-06-07,Wheat,1,Jalgaon,FAQ,Chopada,2681,2200,2527,Maharashtra,Other
2023-06-07,Wheat,1,Chattrapati Sambhajinagar,FAQ,Lasur Station,3030,2125,2275,Maharashtra,Other
2023-06-07,Wheat,1,Ahmednagar,FAQ,Pathardi,2300,2000,2100,Maharashtra,Maharashtra 2189
2023-06-07,Wheat,1,Ahmednagar,FAQ,Rahuri,2300,2100,2200,Maharashtra,Other
2023-06-08,Wheat,1,Jalgaon,FAQ,Amalner,2431,2272,2431,Maharashtra,Other
2023-06-08,Wheat,1,Ahmednagar,FAQ,Rahuri(Vambori),2111,2100,2105,Maharashtra,Other
2023-06-08,Wheat,1,Ahmednagar,FAQ,Rahata,2412,2250,2331,Maharashtra,Other
2023-06-08,Wheat,1,Ahmednagar,FAQ,Jamkhed,2400,2200,2300,Maharashtra,Other
2023-06-09,Wheat,1,Dhule,FAQ,Shirpur,2541,2000,2311,Maharashtra,Other
2023-06-10,Wheat,1,Chattrapati Sambhajinagar,FAQ,Paithan,2700,2231,2400,Maharashtra,Bansi
2023-06-10,Wheat,1,Ahmednagar,FAQ,Rahuri(Vambori),2480,2020,2250,Maharashtra,Other
2023-06-10,Wheat,1,Ahmednagar,FAQ,Rahata,2325,2225,2275,Maharashtra,Other
2023-06-11,Wheat,1,Ahmednagar,FAQ,Rahuri,2300,2000,2150,Maharashtra,Other
2023-06-12,Wheat,1,Ahmednagar,FAQ,Kopargaon,2400,2185,2290,Maharashtra,Other
2023-06-13,Wheat,1,Ahmednagar,FAQ,Rahuri(Vambori),2296,2000,2148,Maharashtra,Other
2023-06-13,Wheat,1,Chattrapati Sambhajinagar,FAQ,Paithan,2491,2200,2351,Maharashtra,Bansi
2023-06-13,Wheat,1,Chattrapati Sambhajinagar,FAQ,Lasur Station,2700,2176,2325,Maharashtra,Other
2023-06-14,Wheat,1,Jalgaon,FAQ,Chopada,2351,2300,2351,Maharashtra,Other
2023-06-14,Wheat,1,Ahmednagar,FAQ,Pathardi,2300,1900,2100,Maharashtra,Maharashtra 2189
2023-06-15,Wheat,1,Jalgaon,FAQ,Parola,2095,2095,2095,Maharashtra,Kalyan
2023-06-15,Wheat,1,Chattrapati Sambhajinagar,FAQ,Paithan,2561,2181,2440,Maharashtra,Bansi
2023-06-16,Wheat,1,Jalgaon,FAQ,Pachora,2350,2150,2221,Maharashtra,Other
2023-06-16,Wheat,1,Jalgaon,FAQ,Chalisgaon,2600,2141,2251,Maharashtra,Maharashtra 2189
2023-06-16,Wheat,1,Dhule,FAQ,Shirpur,2457,2022,2250,Maharashtra,Other
2023-06-17,Wheat,1,Chattrapati Sambhajinagar,FAQ,Kannad,3112,2000,2556,Maharashtra,Other
2023-06-17,Wheat,1,Chattrapati Sambhajinagar,FAQ,Vaijpur,2890,2200,2240,Maharashtra,Other
2023-06-19,Wheat,1,Jalgaon,FAQ,Jalgaon,2250,2250,2250,Maharashtra,147 Average
2023-06-19,Wheat,1,Jalgaon,FAQ,Chalisgaon,3000,2100,2130,Maharashtra,Maharashtra 2189
2023-06-20,Wheat,1,Chattrapati Sambhajinagar,FAQ,Sillod,2300,2150,2250,Maharashtra,Other
2023-06-20,Wheat,1,Jalgaon,FAQ,Chalisgaon,2171,2100,2121,Maharashtra,Other
2023-06-20,Wheat,1,Chattrapati Sambhajinagar,FAQ,Kannad,3000,2000,2500,Maharashtra,Other
2023-06-20,Wheat,1,Ahmednagar,FAQ,Jamkhed,2600,2200,2400,Maharashtra,Maharashtra 2189
2023-06-21,Wheat,1,Ahmednagar,FAQ,Rahuri(Vambori),2186,1676,1900,Maharashtra,Other
2023-06-21,Wheat,1,Jalgaon,FAQ,Chalisgaon,2300,2121,2151,Maharashtra,Other
2023-06-21,Wheat,1,Dhule,FAQ,Dondaicha(Sindhkheda),2286,2030,2262,Maharashtra,Other
2023-06-21,Wheat,1,Jalgaon,FAQ,Pachora,2350,2150,2221,Maharashtra,Other
2023-06-22,Wheat,1,Dhule,FAQ,Sakri,2435,2050,2350,Maharashtra,Other
2023-06-22,Wheat,1,Jalgaon,FAQ,Chalisgaon,2300,2100,2150,Maharashtra,Other
2023-06-22,Wheat,1,Ahmednagar,FAQ,Rahuri(Vambori),2301,2222,2261,Maharashtra,Other
2023-06-22,Wheat,1,Jalgaon,FAQ,Jalgaon,2175,2175,2175,Maharashtra,Maharashtra 2189
2023-06-22,Wheat,1,Chattrapati Sambhajinagar,FAQ,Paithan,2525,2090,2450,Maharashtra,Bansi
2023-06-22,Wheat,1,Ahmednagar,FAQ,Jamkhed,2400,2000,2200,Maharashtra,Other
2023-06-23,Wheat,1,Chattrapati Sambhajinagar,FAQ,Kannad,2950,2000,2475,Maharashtra,Other
2023-06-23,Wheat,1,Ahmednagar,FAQ,Kopargaon,2361,2230,2280,Maharashtra,Other
2023-06-23,Wheat,1,Chattrapati Sambhajinagar,FAQ,Vaijpur,2870,2200,2300,Maharashtra,Other
2023-06-24,Wheat,1,Jalgaon,FAQ,Amalner,2300,1950,2300,Maharashtra,Other
2023-06-24,Wheat,1,Ahmednagar,FAQ,Jamkhed,2600,2200,2400,Maharashtra,Maharashtra 2189
2023-06-24,Wheat,1,Chattrapati Sambhajinagar,FAQ,Sillod(Bharadi),2175,2175,2175,Maharashtra,Other
2023-06-24,Wheat,1,Ahmednagar,FAQ,Ahmednagar,2550,2150,2350,Maharashtra,Other
2023-06-25,Wheat,1,Chattrapati Sambhajinagar,FAQ,Sillod,2250,2200,2250,Maharashtra,Other
2023-06-25,Wheat,1,Ahmednagar,FAQ,Rahuri,2200,1500,1850,Maharashtra,Other
2023-06-26,Wheat,1,Dhule,FAQ,Shirpur,2566,1951,2326,Maharashtra,Other
2023-06-27,Wheat,1,Ahmednagar,FAQ,Jamkhed,2500,2000,2250,Maharashtra,Other
2023-06-28,Wheat,1,Ahmednagar,FAQ,Pathardi,2300,2000,2100,Maharashtra,Maharashtra 2189
2023-06-28,Wheat,1,Jalgaon,FAQ,Amalner,2500,2000,2500,Maharashtra,Other
2023-06-29,Wheat,1,Chattrapati Sambhajinagar,FAQ,Paithan,2251,2141,2200,Maharashtra,Bansi
2023-06-30,Wheat,1,Ahmednagar,FAQ,Sangamner,2300,2300,2300,Maharashtra,Other
2023-06-30,Wheat,1,Jalgaon,FAQ,Parola,2308,2308,2308,Maharashtra,Kalyan
2023-06-30,Wheat,1,Chattrapati Sambhajinagar,FAQ,Paithan,2351,2100,2200,Maharashtra,Bansi
2023-06-30,Wheat,1,Ahmednagar,FAQ,Kopargaon,2376,1980,2211,Maharashtra,Other
2023-07-01,Wheat,1,Chattrapati Sambhajinagar,FAQ,Vaijpur,2400,2220,2300,Maharashtra,Other
2023-07-01,Wheat,1,Ahmednagar,FAQ,Kopargaon,2241,2235,2238,Maharashtra,Other
2023-07-03,Wheat,1,Dhule,FAQ,Shirpur,2412,2015,2200,Maharashtra,Other
2023-07-04,Wheat,1,Hingoli,FAQ,Akhadabalapur,2400,2000,2200,Maharashtra,Maharashtra 2189
2023-07-04,Wheat,1,Chattrapati Sambhajinagar,FAQ,Lasur Station,2300,2200,2250,Maharashtra,Other
2023-07-04,Wheat,1,Chattrapati Sambhajinagar,FAQ,Paithan,2320,2181,2231,Maharashtra,Bansi
2023-07-05,Wheat,1,Ahmednagar,FAQ,Rahuri,2300,2175,2250,Maharashtra,Other
2023-07-06,Wheat,1,Ahmednagar,FAQ,Ahmednagar,2450,1950,2200,Maharashtra,Other
2023-07-06,Wheat,1,Ahmednagar,FAQ,Rahuri,2250,1600,1925,Maharashtra,Other
2023-07-07,Wheat,1,Dhule,FAQ,Sakri,2480,2100,2350,Maharashtra,Other
2023-07-07,Wheat,1,Ahmednagar,FAQ,Ahmednagar,2500,2150,2325,Maharashtra,Other
2023-07-07,Wheat,1,Chattrapati Sambhajinagar,FAQ,Paithan,2476,2231,2250,Maharashtra,Bansi
2023-07-07,Wheat,1,Jalgaon,FAQ,Chalisgaon,2900,2140,2351,Maharashtra,Other
2023-07-08,Wheat,1,Chattrapati Sambhajinagar,FAQ,Kannad,2751,1950,2350,Maharashtra,Other
2023-07-08,Wheat,1,Ahmednagar,FAQ,Kopargaon,2255,1950,2211,Maharashtra,Other
2023-07-09,Wheat,1,Ahmednagar,FAQ,Om Chaitanya Multistate Agro Purpose CoOp Society ,2500,2500,2500,Maharashtra,Other
2023-07-10,Wheat,1,Jalgaon,FAQ,Amalner,2381,2000,2381,Maharashtra,Other
2023-07-11,Wheat,1,Chattrapati Sambhajinagar,FAQ,Sillod,2300,2200,2250,Maharashtra,Other
2023-07-11,Wheat,1,Dhule,FAQ,Dondaicha(Sindhkheda),2180,1951,2180,Maharashtra,Other
2023-07-12,Wheat,1,Ahmednagar,FAQ,Rahuri(Vambori),2550,2150,2350,Maharashtra,Other
2023-07-12,Wheat,1,Jalgaon,FAQ,Chalisgaon,2851,2111,2350,Maharashtra,Other
2023-07-13,Wheat,1,Ahmednagar,FAQ,Rahuri(Vambori),2200,2121,2200,Maharashtra,Other
2023-07-13,Wheat,1,Dhule,FAQ,Shirpur,2490,2000,2280,Maharashtra,Other
2023-07-13,Wheat,1,Jalgaon,FAQ,Pachora,2275,2170,2200,Maharashtra,Other
2023-07-13,Wheat,1,Ahmednagar,FAQ,Jamkhed,2200,2000,2100,Maharashtra,Other
2023-07-14,Wheat,1,Ahmednagar,FAQ,Ahmednagar,2150,1800,1975,Maharashtra,Other
2023-07-15,Wheat,1,Ahmednagar,FAQ,Ahmednagar,2450,1950,2200,Maharashtra,Other
2023-07-15,Wheat,1,Ahmednagar,FAQ,Rahuri(Vambori),2445,2050,2292,Maharashtra,Other
2023-07-15,Wheat,1,Jalgaon,FAQ,Amalner,2435,2201,2435,Maharashtra,Other
2023-07-16,Wheat,1,Chattrapati Sambhajinagar,FAQ,Kannad,2301,1950,2125,Maharashtra,Other
2023-07-17,Wheat,1,Ahmednagar,FAQ,Kopargaon,2511,2250,2359,Maharashtra,Other
2023-07-17,Wheat,1,Dhule,FAQ,Shirpur,2551,2085,2160,Maharashtra,Other
2023-07-17,Wheat,1,Ahmednagar,FAQ,Om Chaitanya Multistate Agro Purpose CoOp Society ,2600,2400,2500,Maharashtra,Other
2023-07-17,Wheat,1,Jalgaon,FAQ,Pachora,2251,2168,2200,Maharashtra,Other
2023-07-17,Wheat,1,Jalgaon,FAQ,Amalner,2400,2225,2400,Maharashtra,Other
2023-07-18,Wheat,1,Chattrapati Sambhajinagar,FAQ,Lasur Station,3000,2280,2350,Maharashtra,Other
2023-07-18,Wheat,1,Jalgaon,FAQ,Pachora,2400,2180,2300,Maharashtra,Other
2023-07-18,Wheat,1,Jalgaon,FAQ,Chalisgaon,2196,2051,2151,Maharashtra,Other
2023-07-18,Wheat,1,Jalgaon,FAQ,Amalner,2300,2249,2300,Maharashtra,Other
2023-07-19,Wheat,1,Chattrapati Sambhajinagar,FAQ,Sillod,2400,2200,2300,Maharashtra,Other
2023-07-20,Wheat,1,Chattrapati Sambhajinagar,FAQ,Kannad,2899,2270,2525,Maharashtra,Other
2023-07-20,Wheat,1,Jalgaon,FAQ,Chalisgaon,3061,1900,2600,Maharashtra,Other
2023-07-21,Wheat,1,Ahmednagar,FAQ,Kopargaon,2343,2316,2330,Maharashtra,Other
2023-07-21,Wheat,1,Jalgaon,FAQ,Amalner,2310,2100,2310,Maharashtra,Other
2023-07-21,Wheat,1,Chattrapati Sambhajinagar,FAQ,Kannad,2899,2270,2585,Maharashtra,Other
2023-07-21,Wheat,1,Jalgaon,FAQ,Jalgaon,2321,2321,2321,Maharashtra,147 Average
2023-07-22,Wheat,1,Jalgaon,FAQ,Amalner,2300,2100,2300,Maharashtra,Other
2023-07-22,Wheat,1,Chattrapati Sambhajinagar,FAQ,Vaijpur,2715,2310,2365,Maharashtra,Other
2023-07-22,Wheat,1,Ahmednagar,FAQ,Pathardi,2400,2000,2200,Maharashtra,Maharashtra 2189
2023-07-22,Wheat,1,Ahmednagar,FAQ,Kopargaon,2472,2350,2435,Maharashtra,Other
2023-07-23,Wheat,1,Ahmednagar,FAQ,Om Chaitanya Multistate Agro Purpose CoOp Society ,2250,2250,2250,Maharashtra,Other
2023-07-25,Wheat,1,Chattrapati Sambhajinagar,FAQ,Kannad,2500,2270,2385,Maharashtra,Other
2023-07-25,Wheat,1,Ahmednagar,FAQ,Rahuri(Vambori),2340,2049,2270,Maharashtra,Other
2023-07-25,Wheat,1,Ahmednagar,FAQ,Jamkhed,2400,2000,2200,Maharashtra,Other
2023-07-25,Wheat,1,Chattrapati Sambhajinagar,FAQ,Vaijpur,2700,2305,2415,Maharashtra,Other
2023-07-25,Wheat,1,Jalgaon,FAQ,Pachora,2471,2190,2300,Maharashtra,Other
2023-07-26,Wheat,1,Jalgaon,FAQ,Chopada,2500,2500,2500,Maharashtra,Other
2023-07-26,Wheat,1,Chattrapati Sambhajinagar,FAQ,Sillod,2400,2300,2350,Maharashtra,Other
2023-07-27,Wheat,1,Dhule,FAQ,Shirpur,2431,2291,2390,Maharashtra,Other
2023-07-28,Wheat,1,Jalgaon,FAQ,Chopada,2423,2423,2423,Maharashtra,Other
2023-07-28,Wheat,1,Chattrapati Sambhajinagar,FAQ,Lasur Station,2561,2325,2375,Maharashtra,Other
2023-07-28,Wheat,1,Ahmednagar,FAQ,Om Chaitanya Multistate Agro Purpose CoOp Society ,2300,2300,2300,Maharashtra,Other
2023-07-29,Wheat,1,Chattrapati Sambhajinagar,FAQ,Sillod(Bharadi),2350,2350,2350,Maharashtra,Other
2023-07-29,Wheat,1,Ahmednagar,FAQ,Pathardi,2300,2000,2200,Maharashtra,Maharashtra 2189
2023-07-29,Wheat,1,Chattrapati Sambhajinagar,FAQ,Paithan,2476,2336,2352,Maharashtra,Bansi
2023-07-29,Wheat,1,Chattrapati Sambhajinagar,FAQ,Lasur Station,2425,2300,2350,Maharashtra,Other
2023-07-31,Wheat,1,Chattrapati Sambhajinagar,FAQ,Sillod,2400,2200,2300,Maharashtra,Other
2023-08-01,Wheat,1,Chattrapati Sambhajinagar,FAQ,Kannad,2750,2280,2515,Maharashtra,Other
2023-08-01,Wheat,1,Dhule,FAQ,Dondaicha(Sindhkheda),2181,2181,2181,Maharashtra,Other
2023-08-01,Wheat,1,Chattrapati Sambhajinagar,FAQ,Paithan,2511,2370,2440,Maharashtra,Bansi
2023-08-01,Wheat,1,Jalgaon,FAQ,Chalisgaon,2351,2211,2300,Maharashtra,Other
2023-08-02,Wheat,1,Jalgaon,FAQ,Jalgaon,2175,2175,2175,Maharashtra,147 Average
2023-08-02,Wheat,1,Jalgaon,FAQ,Amalner,2550,2300,2550,Maharashtra,Other
2023-08-02,Wheat,1,Chattrapati Sambhajinagar,FAQ,Vaijpur,2605,2470,2530,Maharashtra,Other
2023-08-02,Wheat,1,Chattrapati Sambhajinagar,FAQ,Paithan,2550,2400,2430,Maharashtra,Bansi
2023-08-02,Wheat,1,Chattrapati Sambhajinagar,FAQ,Lasur Station,2703,2400,2525,Maharashtra,Other
2023-08-03,Wheat,1,Dhule,FAQ,Shirpur,2460,2000,2341,Maharashtra,Other
2023-08-03,Wheat,1,Jalgaon,FAQ,Chalisgaon,2865,2400,2651,Maharashtra,Other
2023-08-03,Wheat,1,Ahmednagar,FAQ,Rahuri(Vambori),2430,2322,2375,Maharashtra,Other
2023-08-03,Wheat,1,Ahmednagar,FAQ,Jamkhed,2400,2000,2200,Maharashtra,Maharashtra 2189
2023-08-03,Wheat,1,Jalgaon,FAQ,Amalner,2500,2250,2500,Maharashtra,Other
2023-08-03,Wheat,1,Dhule,FAQ,Dondaicha(Sindhkheda),2200,2200,2200,Maharashtra,Other
2023-08-05,Wheat,1,Ahmednagar,FAQ,Rahuri(Vambori),2400,2276,2300,Maharashtra,Other
2023-08-05,Wheat,1,Chattrapati Sambhajinagar,FAQ,Kannad,2675,2315,2495,Maharashtra,Other
2023-08-07,Wheat,1,Ahmednagar,FAQ,Om Chaitanya Multistate Agro Purpose CoOp Society ,2350,2350,2350,Maharashtra,Other
2023-08-07,Wheat,1,Ahmednagar,FAQ,Kopargaon,2570,2421,2435,Maharashtra,Other
2023-08-07,Wheat,1,Chattrapati Sambhajinagar,FAQ,Lasur Station,2780,2350,2450,Maharashtra,Other
2023-08-08,Wheat,1,Dhule,FAQ,Sakri,2500,2175,2350,Maharashtra,Other
2023-08-08,Wheat,1,Ahmednagar,FAQ,Om Chaitanya Multistate Agro Purpose CoOp Society ,2500,2500,2500,Maharashtra,Other
2023-08-09,Wheat,1,Ahmednagar,FAQ,Rahuri(Vambori),2500,1900,2350,Maharashtra,Other
2023-08-09,Wheat,1,Ahmednagar,FAQ,Pathardi,2500,2000,2200,Maharashtra,Maharashtra 2189
2023-08-09,Wheat,1,Chattrapati Sambhajinagar,FAQ,Kannad,2926,2325,2625,Maharashtra,Other
2023-08-09,Wheat,1,Jalgaon,FAQ,Pachora,2457,2400,2421,Maharashtra,Other
2023-08-10,Wheat,1,Jalgaon,FAQ,Chopada,2611,2476,2568,Maharashtra,Other
2023-08-10,Wheat,1,Ahmednagar,FAQ,Rahuri(Vambori),2425,2265,2345,Maharashtra,Other
2023-08-10,Wheat,1,Ahmednagar,FAQ,Rahuri,2375,2200,2275,Maharashtra,Other
2023-08-12,Wheat,1,Ahmednagar,FAQ,Jamkhed,2600,2000,2300,Maharashtra,Maharashtra 2189
2023-08-12,Wheat,1,Ahmednagar,FAQ,Kopargaon,2500,2400,2475,Maharashtra,Other
2023-08-13,Wheat,1,Chattrapati Sambhajinagar,FAQ,Kannad,3025,2330,2677,Maharashtra,Other
2023-08-14,Wheat,1,Ahmednagar,FAQ,Rahata,2590,2377,2455,Maharashtra,Other
2023-08-14,Wheat,1,Chattrapati Sambhajinagar,FAQ,Lasur Station,2551,2400,2450,Maharashtra,Other
2023-08-14,Wheat,1,Jalgaon,FAQ,Amalner,2621,2316,2621,Maharashtra,Other
2023-08-16,Wheat,1,Chattrapati Sambhajinagar,FAQ,Paithan,2621,2400,2500,Maharashtra,Bansi
2023-08-17,Wheat,1,Ahmednagar,FAQ,Rahuri(Vambori),2450,2200,2325,Maharashtra,Other
2023-08-17,Wheat,1,Ahmednagar,FAQ,Newasa,2500,2500,2500,Maharashtra,Maharashtra 2189
2023-08-17,Wheat,1,Ahmednagar,FAQ,Ahmednagar,2750,2350,2550,Maharashtra,Other
2023-08-17,Wheat,1,Chattrapati Sambhajinagar,FAQ,Sillod,2450,2350,2400,Maharashtra,Other
2023-08-17,Wheat,1,Chattrapati Sambhajinagar,FAQ,Lasur Station,2676,2425,2500,Maharashtra,Other
2023-08-17,Wheat,1,Jalgaon,FAQ,Amalner,2685,2400,2685,Maharashtra,Other
2023-08-18,Wheat,1,Jalgaon,FAQ,Dharangaon,2365,2051,2300,Maharashtra,Other
2023-08-19,Wheat,1,Ahmednagar,FAQ,Rahuri(Vambori),2600,2600,2600,Maharashtra,Other
2023-08-19,Wheat,1,Chattrapati Sambhajinagar,FAQ,Lasur Station,2825,2400,2500,Maharashtra,Other
2023-08-19,Wheat,1,Chattrapati Sambhajinagar,FAQ,Paithan,2640,2431,2531,Maharashtra,Bansi
2023-08-20,Wheat,1,Chattrapati Sambhajinagar,FAQ,Sillod,2700,2400,2500,Maharashtra,Other
2023-08-21,Wheat,1,Chattrapati Sambhajinagar,FAQ,Lasur Station,2801,2425,2500,Maharashtra,Other
2023-08-21,Wheat,1,Dhule,FAQ,Shirpur,2721,2176,2350,Maharashtra,Other
2023-08-21,Wheat,1,Jalgaon,FAQ,Chalisgaon,2650,2300,2340,Maharashtra,Other
2023-08-21,Wheat,1,Ahmednagar,FAQ,Kopargaon,2531,2182,2441,Maharashtra,Other
2023-08-22,Wheat,1,Ahmednagar,FAQ,Kopargaon,2655,2435,2475,Maharashtra,Other
2023-08-22,Wheat,1,Ahmednagar,FAQ,Rahata,2596,2445,2500,Maharashtra,Other
2023-08-22,Wheat,1,Dhule,FAQ,Shirpur,2702,2000,2450,Maharashtra,Other
2023-08-23,Wheat,1,Jalgaon,FAQ,Amalner,2700,2479,2700,Maharashtra,Other
2023-08-23,Wheat,1,Ahmednagar,FAQ,Kopargaon,2590,2425,2470,Maharashtra,Other
2023-08-23,Wheat,1,Dhule,FAQ,Dondaicha(Sindhkheda),2100,2100,2100,Maharashtra,Other
2023-08-24,Wheat,1,Jalgaon,FAQ,Amalner,2525,2300,2525,Maharashtra,Other
2023-08-24,Wheat,1,Jalgaon,FAQ,Chalisgaon,3000,2355,2800,Maharashtra,Other
2023-08-24,Wheat,1,Ahmednagar,FAQ,Kopargaon,2475,2460,2466,Maharashtra,Other
2023-08-25,Wheat,1,Dhule,FAQ,Shirpur,2776,2000,2500,Maharashtra,Other
2023-08-25,Wheat,1,Jalgaon,FAQ,Chopada,2400,2400,2400,Maharashtra,Other
2023-08-25,Wheat,1,Chattrapati Sambhajinagar,FAQ,Paithan,2600,2350,2401,Maharashtra,Bansi
2023-08-26,Wheat,1,Chattrapati Sambhajinagar,FAQ,Paithan,2650,2352,2500,Maharashtra,Bansi
2023-08-26,Wheat,1,Ahmednagar,FAQ,Rahuri(Vambori),2294,2256,2271,Maharashtra,Other
2023-08-28,Wheat,1,Chattrapati Sambhajinagar,FAQ,Kannad,2800,2300,2550,Maharashtra,Other
2023-08-28,Wheat,1,Ahmednagar,FAQ,Jamkhed,2500,2000,2250,Maharashtra,Other
2023-08-29,Wheat,1,Chattrapati Sambhajinagar,FAQ,Paithan,2425,2300,2356,Maharashtra,Bansi
2023-08-30,Wheat,1,Chattrapati Sambhajinagar,FAQ,Paithan,2461,2360,2400,Maharashtra,Bansi
2023-08-31,Wheat,1,Ahmednagar,FAQ,Kopargaon,2565,2426,2474,Maharashtra,Other
2023-08-31,Wheat,1,Chattrapati Sambhajinagar,FAQ,Kannad,2450,2355,2402,Maharashtra,Other
2023-08-31,Wheat,1,Dhule,FAQ,Dondaicha(Sindhkheda),2300,2000,2300,Maharashtra,Other
2023-09-01,Wheat,1,Jalgaon,FAQ,Amalner,2650,2342,2650,Maharashtra,Other
2023-09-03,Wheat,1,Chattrapati Sambhajinagar,FAQ,Sillod,2500,2400,2450,Maharashtra,Other
2023-09-03,Wheat,1,Ahmednagar,FAQ,Om Chaitanya Multistate Agro Purpose CoOp Society ,2500,2500,2500,Maharashtra,Other
2023-09-04,Wheat,1,Jalgaon,FAQ,Chopada,2651,2200,2400,Maharashtra,Other
2023-09-04,Wheat,1,Jalgaon,FAQ,Dharangaon,2411,2200,2400,Maharashtra,Other
2023-09-04,Wheat,1,Chattrapati Sambhajinagar,FAQ,Sillod,2500,2400,2500,Maharashtra,Other
2023-09-05,Wheat,1,Ahmednagar,FAQ,Rahuri(Vambori),2825,2290,2400,Maharashtra,Other
2023-09-05,Wheat,1,Jalgaon,FAQ,Chalisgaon,2751,2201,2331,Maharashtra,Other
2023-09-05,Wheat,1,Jalgaon,FAQ,Chopada,2746,2400,2400,Maharashtra,Other
2023-09-05,Wheat,1,Chattrapati Sambhajinagar,FAQ,Sillod,2500,2400,2500,Maharashtra,Other
2023-09-06,Wheat,1,Jalgaon,FAQ,Chalisgaon,2451,2300,2311,Maharashtra,Other
2023-09-06,Wheat,1,Jalgaon,FAQ,Chopada,2432,2365,2365,Maharashtra,Other
2023-09-07,Wheat,1,Dhule,FAQ,Shirpur,2650,2251,2550,Maharashtra,Other
2023-09-08,Wheat,1,Jalgaon,FAQ,Chopada,2400,2365,2365,Maharashtra,Other
2023-09-11,Wheat,1,Jalgaon,FAQ,Chalisgaon,2401,2051,2300,Maharashtra,Other
2023-09-11,Wheat,1,Ahmednagar,FAQ,Jamkhed,2900,2000,2450,Maharashtra,Other
2023-09-11,Wheat,1,Chattrapati Sambhajinagar,FAQ,Lasur Station,3000,2550,2700,Maharashtra,Other
2023-09-11,Wheat,1,Ahmednagar,FAQ,Om Chaitanya Multistate Agro Purpose CoOp Society ,2500,2500,2500,Maharashtra,Other
2023-09-12,Wheat,1,Jalgaon,FAQ,Chalisgaon,2400,2045,2300,Maharashtra,Other
2023-09-12,Wheat,1,Ahmednagar,FAQ,Rahata,2761,2450,2605,Maharashtra,Other
2023-09-12,Wheat,1,Dhule,FAQ,Dondaicha(Sindhkheda),2526,2261,2451,Maharashtra,Other
2023-09-12,Wheat,1,Chattrapati Sambhajinagar,FAQ,Lasur Station,2800,2550,2651,Maharashtra,Other
2023-09-13,Wheat,1,Chattrapati Sambhajinagar,FAQ,Sillod,2700,2600,2650,Maharashtra,Other
2023-09-13,Wheat,1,Chattrapati Sambhajinagar,FAQ,Lasur Station,2900,2525,2650,Maharashtra,Other
2023-09-13,Wheat,1,Ahmednagar,FAQ,Kopargaon,2800,2411,2719,Maharashtra,Other
2023-09-13,Wheat,1,Jalgaon,FAQ,Chalisgaon,2501,2300,2302,Maharashtra,Other
2023-09-15,Wheat,1,Ahmednagar,FAQ,Rahuri(Vambori),2851,2251,2425,Maharashtra,Other
2023-09-15,Wheat,1,Ahmednagar,FAQ,Kopargaon,2828,2500,2767,Maharashtra,Other
2023-09-16,Wheat,1,Ahmednagar,FAQ,Kopargaon,2761,2480,2678,Maharashtra,Other
2023-09-16,Wheat,1,Chattrapati Sambhajinagar,FAQ,Paithan,2600,2380,2515,Maharashtra,Bansi
2023-09-17,Wheat,1,Ahmednagar,FAQ,Om Chaitanya Multistate Agro Purpose CoOp Society ,2000,2000,2000,Maharashtra,Other
2023-09-17,Wheat,1,Chattrapati Sambhajinagar,FAQ,Sillod,2600,2450,2500,Maharashtra,Other
2023-09-18,Wheat,1,Chattrapati Sambhajinagar,FAQ,Sillod,2650,2500,2600,Maharashtra,Other
2023-09-18,Wheat,1,Ahmednagar,FAQ,Jamkhed,2600,2200,2400,Maharashtra,Maharashtra 2189
2023-09-18,Wheat,1,Jalgaon,FAQ,Pachora,2598,2350,2433,Maharashtra,Other
2023-09-19,Wheat,1,Ahmednagar,FAQ,Kopargaon,2621,2500,2600,Maharashtra,Other
2023-09-20,Wheat,1,Jalgaon,FAQ,Chopada,2412,2412,2412,Maharashtra,Other
2023-09-20,Wheat,1,Jalgaon,FAQ,Chalisgaon,2425,2300,2351,Maharashtra,Other
2023-09-20,Wheat,1,Jalgaon,FAQ,Amalner,2757,2500,2757,Maharashtra,Other
2023-09-21,Wheat,1,Jalgaon,FAQ,Chopada,2575,2351,2475,Maharashtra,Other
2023-09-22,Wheat,1,Jalgaon,FAQ,Jalgaon,2500,2300,2400,Maharashtra,147 Average
2023-09-22,Wheat,1,Dhule,FAQ,Shirpur,2752,2500,2575,Maharashtra,Other
2023-09-22,Wheat,1,Chattrapati Sambhajinagar,FAQ,Lasur Station,3026,2550,2600,Maharashtra,Other
2023-09-22,Wheat,1,Jalgaon,FAQ,Chalisgaon,2325,2300,2311,Maharashtra,Other
2023-09-24,Wheat,1,Chattrapati Sambhajinagar,FAQ,Sillod,2800,2450,2650,Maharashtra,Other
2023-09-24,Wheat,1,Ahmednagar,FAQ,Om Chaitanya Multistate Agro Purpose CoOp Society ,2600,2600,2600,Maharashtra,Other
2023-09-25,Wheat,1,Jalgaon,FAQ,Chopada,2485,2351,2485,Maharashtra,Other
2023-09-25,Wheat,1,Jalgaon,FAQ,Chalisgaon,2451,2330,2340,Maharashtra,Other
2023-09-25,Wheat,1,Ahmednagar,FAQ,Jamkhed,2600,2200,2400,Maharashtra,Maharashtra 2189
2023-09-26,Wheat,1,Jalgaon,FAQ,Chopada,2600,2300,2500,Maharashtra,Other
2023-09-26,Wheat,1,Chattrapati Sambhajinagar,FAQ,Sillod,2700,2600,2650,Maharashtra,Other
2023-09-26,Wheat,1,Ahmednagar,FAQ,Rahata,2792,2535,2685,Maharashtra,Other
2023-09-27,Wheat,1,Chattrapati Sambhajinagar,FAQ,Lasur Station,3976,2550,2650,Maharashtra,Other
2023-09-27,Wheat,1,Ahmednagar,FAQ,Rahuri(Vambori),2375,2375,2375,Maharashtra,Other
2023-09-27,Wheat,1,Ahmednagar,FAQ,Pathardi,2450,2050,2250,Maharashtra,Maharashtra 2189
2023-09-27,Wheat,1,Ahmednagar,FAQ,Kopargaon,2875,2101,2511,Maharashtra,Other
2023-09-29,Wheat,1,Jalgaon,FAQ,Dharangaon,3000,2421,2601,Maharashtra,Other
2023-09-30,Wheat,1,Ahmednagar,FAQ,Rahuri(Vambori),2701,2100,2390,Maharashtra,Other
2023-09-30,Wheat,1,Chattrapati Sambhajinagar,FAQ,Kannad,2851,2300,2575,Maharashtra,Other
2023-09-30,Wheat,1,Jalgaon,FAQ,Pachora,2571,2351,2451,Maharashtra,Other
2023-09-30,Wheat,1,Ahmednagar,FAQ,Rahata,2751,2448,2600,Maharashtra,Other
2023-10-01,Wheat,1,Chattrapati Sambhajinagar,FAQ,Sillod,2600,2400,2500,Maharashtra,Other
2023-10-02,Wheat,1,Ahmednagar,FAQ,Rahata,2800,2446,2700,Maharashtra,Other
2023-10-03,Wheat,1,Dhule,FAQ,Shirpur,2791,1850,2450,Maharashtra,Other
2023-10-03,Wheat,1,Chattrapati Sambhajinagar,FAQ,Paithan,2831,2400,2600,Maharashtra,Bansi
2023-10-04,Wheat,1,Jalgaon,FAQ,Chopada,2800,2426,2625,Maharashtra,Other
2023-10-04,Wheat,1,Chattrapati Sambhajinagar,FAQ,Sillod,2600,2400,2500,Maharashtra,Other
2023-10-04,Wheat,1,Ahmednagar,FAQ,Om Chaitanya Multistate Agro Purpose CoOp Society ,2700,2700,2700,Maharashtra,Other
2023-10-04,Wheat,1,Chattrapati Sambhajinagar,FAQ,Lasur Station,2941,2450,2625,Maharashtra,Other
2023-10-04,Wheat,1,Jalgaon,FAQ,Pachora,2540,2260,2321,Maharashtra,Other
2023-10-05,Wheat,1,Dhule,FAQ,Sakri,2351,2200,2300,Maharashtra,Other
2023-10-05,Wheat,1,Jalgaon,FAQ,Chopada,2761,2627,2627,Maharashtra,Other
2023-10-05,Wheat,1,Chattrapati Sambhajinagar,FAQ,Lasur Station,3051,2500,2640,Maharashtra,Other
2023-10-05,Wheat,1,Chattrapati Sambhajinagar,FAQ,Sillod,2650,2400,2550,Maharashtra,Other
2023-10-06,Wheat,1,Jalgaon,FAQ,Jalgaon,2575,2550,2575,Maharashtra,147 Average
2023-10-06,Wheat,1,Ahmednagar,FAQ,Om Chaitanya Multistate Agro Purpose CoOp Society ,2700,2400,2500,Maharashtra,Other
2023-10-06,Wheat,1,Jalgaon,FAQ,Dharangaon,2612,2575,2586,Maharashtra,Other
2023-10-06,Wheat,1,Ahmednagar,FAQ,Rahata,2756,2427,2600,Maharashtra,Other
2023-10-06,Wheat,1,Chattrapati Sambhajinagar,FAQ,Sillod,2600,2400,2500,Maharashtra,Other
2023-10-07,Wheat,1,Jalgaon,FAQ,Chopada,2600,2111,2451,Maharashtra,Other
2023-10-07,Wheat,1,Ahmednagar,FAQ,Kopargaon,2700,2400,2600,Maharashtra,Other
2023-10-07,Wheat,1,Chattrapati Sambhajinagar,FAQ,Kannad,2351,2300,2325,Maharashtra,Other
2023-10-07,Wheat,1,Chattrapati Sambhajinagar,FAQ,Paithan,2735,2400,2575,Maharashtra,Bansi
2023-10-07,Wheat,1,Ahmednagar,FAQ,Rahuri(Vambori),2750,2275,2500,Maharashtra,Other
2023-10-07,Wheat,1,Chattrapati Sambhajinagar,FAQ,Sillod(Bharadi),2460,2460,2460,Maharashtra,Other
2023-10-08,Wheat,1,Chattrapati Sambhajinagar,FAQ,Paithan,2660,2405,2500,Maharashtra,Bansi
2023-10-09,Wheat,1,Chattrapati Sambhajinagar,FAQ,Sillod,2525,2400,2500,Maharashtra,Other
2023-10-09,Wheat,1,Dhule,FAQ,Dondaicha(Sindhkheda),2603,2603,2603,Maharashtra,Other
2023-10-09,Wheat,1,Jalgaon,FAQ,Amalner,2550,2400,2550,Maharashtra,Other
2023-10-10,Wheat,1,Ahmednagar,FAQ,Rahata,2725,2460,2646,Maharashtra,Other
2023-10-10,Wheat,1,Ahmednagar,FAQ,Kopargaon,2951,2301,2740,Maharashtra,Other
2023-10-10,Wheat,1,Dhule,FAQ,Shirpur,2760,2205,2450,Maharashtra,Other
2023-10-10,Wheat,1,Jalgaon,FAQ,Chopada,2556,2211,2551,Maharashtra,Other
2023-10-11,Wheat,1,Chattrapati Sambhajinagar,FAQ,Kannad,2750,2300,2525,Maharashtra,Other
2023-10-11,Wheat,1,Ahmednagar,FAQ,Pathardi,2300,1800,2100,Maharashtra,Maharashtra 2189
2023-10-12,Wheat,1,Ahmednagar,FAQ,Rahuri(Vambori),2476,2476,2476,Maharashtra,Other
2023-10-12,Wheat,1,Chattrapati Sambhajinagar,FAQ,Sillod,2550,2400,2500,Maharashtra,Other
2023-10-13,Wheat,1,Chattrapati Sambhajinagar,FAQ,Sillod,2550,2450,2500,Maharashtra,Other
2023-10-13,Wheat,1,Jalgaon,FAQ,Chopada,2842,2425,2600,Maharashtra,Other
2023-10-13,Wheat,1,Dhule,FAQ,Shirpur,2772,2400,2500,Maharashtra,Other
2023-10-13,Wheat,1,Dhule,FAQ,Sakri,2499,2300,2450,Maharashtra,Other
2023-10-13,Wheat,1,Ahmednagar,FAQ,Kopargaon,2711,2501,2600,Maharashtra,Other
2023-10-14,Wheat,1,Ahmednagar,FAQ,Ahmednagar,2700,1950,2325,Maharashtra,Other
2023-10-15,Wheat,1,Chattrapati Sambhajinagar,FAQ,Sillod,2700,2420,2600,Maharashtra,Other
2023-10-15,Wheat,1,Chattrapati Sambhajinagar,FAQ,Paithan,2735,2421,2590,Maharashtra,Bansi
2023-10-16,Wheat,1,Jalgaon,FAQ,Chalisgaon,2700,2125,2400,Maharashtra,Other
2023-10-16,Wheat,1,Dhule,FAQ,Shirpur,2700,2450,2561,Maharashtra,Other
2023-10-17,Wheat,1,Chattrapati Sambhajinagar,FAQ,Vaijpur,2780,2300,2545,Maharashtra,Other
2023-10-17,Wheat,1,Ahmednagar,FAQ,Newasa,2500,2500,2500,Maharashtra,Maharashtra 2189
2023-10-18,Wheat,1,Jalgaon,FAQ,Amalner,2855,2451,2855,Maharashtra,Other
2023-10-18,Wheat,1,Ahmednagar,FAQ,Rahuri(Vambori),2600,2275,2400,Maharashtra,Other
2023-10-18,Wheat,1,Jalgaon,FAQ,Chopada,2500,2400,2400,Maharashtra,Other
2023-10-18,Wheat,1,Dhule,FAQ,Shirpur,2701,2201,2500,Maharashtra,Other
2023-10-19,Wheat,1,Jalgaon,FAQ,Chalisgaon,2751,2050,2411,Maharashtra,Other
2023-10-20,Wheat,1,Jalgaon,FAQ,Pachora,2626,2240,2421,Maharashtra,Other
2023-10-20,Wheat,1,Dhule,FAQ,Dondaicha(Sindhkheda),2302,2302,2302,Maharashtra,Other
2023-10-21,Wheat,1,Ahmednagar,FAQ,Om Chaitanya Multistate Agro Purpose CoOp Society ,2700,2500,2500,Maharashtra,Other
2023-10-21,Wheat,1,Jalgaon,FAQ,Amalner,2640,2480,2640,Maharashtra,Other
2023-10-23,Wheat,1,Ahmednagar,FAQ,Jamkhed,2300,2200,2250,Maharashtra,Maharashtra 2189
2023-10-23,Wheat,1,Dhule,FAQ,Dondaicha(Sindhkheda),2600,2600,2600,Maharashtra,Other
2023-10-23,Wheat,1,Ahmednagar,FAQ,Kopargaon,2599,2491,2535,Maharashtra,Other
2023-10-23,Wheat,1,Ahmednagar,FAQ,Rahata,2742,2375,2641,Maharashtra,Other
2023-10-24,Wheat,1,Ahmednagar,FAQ,Rahuri,2700,2300,2500,Maharashtra,Other
2023-10-25,Wheat,1,Ahmednagar,FAQ,Rahuri(Vambori),2380,2300,2375,Maharashtra,Other
2023-10-25,Wheat,1,Chattrapati Sambhajinagar,FAQ,Kannad,3251,2400,2825,Maharashtra,Other
2023-10-25,Wheat,1,Chattrapati Sambhajinagar,FAQ,Lasur Station,2900,2550,2625,Maharashtra,Other
2023-10-25,Wheat,1,Jalgaon,FAQ,Amalner,2970,2525,2970,Maharashtra,Other
2023-10-25,Wheat,1,Ahmednagar,FAQ,Rahata,2637,2480,2561,Maharashtra,Other
2023-10-26,Wheat,1,Chattrapati Sambhajinagar,FAQ,Sillod,2700,2500,2600,Maharashtra,Other
2023-10-27,Wheat,1,Ahmednagar,FAQ,Kopargaon,2701,2200,2621,Maharashtra,Other
2023-10-27,Wheat,1,Ahmednagar,FAQ,Newasa,3000,3000,3000,Maharashtra,Maharashtra 2189
2023-10-27,Wheat,1,Chattrapati Sambhajinagar,FAQ,Paithan,2844,2571,2681,Maharashtra,Bansi
2023-10-27,Wheat,1,Jalgaon,FAQ,Chopada,2951,2686,2772,Maharashtra,Other
2023-10-28,Wheat,1,Ahmednagar,FAQ,Ahmednagar,2600,2000,2300,Maharashtra,Other
2023-10-28,Wheat,1,Chattrapati Sambhajinagar,FAQ,Lasur Station,3070,2500,2650,Maharashtra,Other
2023-10-28,Wheat,1,Ahmednagar,FAQ,Om Chaitanya Multistate Agro Purpose CoOp Society ,2700,2500,2600,Maharashtra,Other
2023-10-30,Wheat,1,Chattrapati Sambhajinagar,FAQ,Sillod,2700,2500,2600,Maharashtra,Other
2023-10-30,Wheat,1,Ahmednagar,FAQ,Rahuri,2600,2200,2400,Maharashtra,Other
2023-10-30,Wheat,1,Ahmednagar,FAQ,Newasa,2500,2500,2500,Maharashtra,Maharashtra 2189
2023-11-01,Wheat,1,Ahmednagar,FAQ,Rahuri,2800,2400,2600,Maharashtra,Other
2023-11-02,Wheat,1,Chattrapati Sambhajinagar,FAQ,Sillod,2700,2500,2600,Maharashtra,Other
2023-11-02,Wheat,1,Ahmednagar,FAQ,Ahmednagar,2650,2050,2350,Maharashtra,Other
2023-11-03,Wheat,1,Chattrapati Sambhajinagar,FAQ,Sillod,2700,2600,2650,Maharashtra,Other
2023-11-04,Wheat,1,Chattrapati Sambhajinagar,FAQ,Paithan,2890,2600,2751,Maharashtra,Bansi
2023-11-06,Wheat,1,Ahmednagar,FAQ,Kopargaon,2900,2400,2750,Maharashtra,Other
2023-11-06,Wheat,1,Ahmednagar,FAQ,Jamkhed,2900,2200,2550,Maharashtra,Maharashtra 2189
2023-11-07,Wheat,1,Chattrapati Sambhajinagar,FAQ,Kannad,3551,2400,2975,Maharashtra,Other
2023-11-07,Wheat,1,Jalgaon,FAQ,Chalisgaon,2600,2450,2500,Maharashtra,Other
2023-11-07,Wheat,1,Dhule,FAQ,Dondaicha(Sindhkheda),2901,2901,2901,Maharashtra,Other
2023-11-08,Wheat,1,Chattrapati Sambhajinagar,FAQ,Sillod,2700,2650,2700,Maharashtra,Other
2023-11-09,Wheat,1,Jalgaon,FAQ,Amalner,2751,2511,2751,Maharashtra,Other
2023-11-09,Wheat,1,Jalgaon,FAQ,Chalisgaon,3027,2450,2501,Maharashtra,Other
2023-11-11,Wheat,1,Ahmednagar,FAQ,Rahuri,2700,2500,2600,Maharashtra,Other
2023-11-14,Wheat,1,Ahmednagar,FAQ,Rahuri(Vambori),2970,2371,2700,Maharashtra,Other
2023-11-16,Wheat,1,Jalgaon,FAQ,Chalisgaon,2586,2450,2500,Maharashtra,Other
2023-11-16,Wheat,1,Chattrapati Sambhajinagar,FAQ,Sillod,2850,2700,2800,Maharashtra,Other
2023-11-16,Wheat,1,Jalgaon,FAQ,Chopada,2722,2722,2722,Maharashtra,Other
2023-11-17,Wheat,1,Dhule,FAQ,Shirpur,3275,2481,2525,Maharashtra,Other
2023-11-17,Wheat,1,Jalgaon,FAQ,Chopada,2817,2500,2715,Maharashtra,Other
2023-11-17,Wheat,1,Chattrapati Sambhajinagar,FAQ,Kannad,2800,2500,2650,Maharashtra,Other
2023-11-17,Wheat,1,Chattrapati Sambhajinagar,FAQ,Vaijpur,3040,2680,2730,Maharashtra,Other
2023-11-18,Wheat,1,Ahmednagar,FAQ,Rahuri,2800,2500,2650,Maharashtra,Other
2023-11-18,Wheat,1,Chattrapati Sambhajinagar,FAQ,Kannad,3010,2400,2705,Maharashtra,Other
2023-11-18,Wheat,1,Jalgaon,FAQ,Pachora,3000,2555,2800,Maharashtra,Other
2023-11-19,Wheat,1,Chattrapati Sambhajinagar,FAQ,Sillod,2900,2700,2800,Maharashtra,Other
2023-11-19,Wheat,1,Chattrapati Sambhajinagar,FAQ,Kannad,3300,2400,2850,Maharashtra,Other
2023-11-20,Wheat,1,Dhule,FAQ,Dondaicha(Sindhkheda),2751,2751,2751,Maharashtra,Other
2023-11-20,Wheat,1,Chattrapati Sambhajinagar,FAQ,Sillod,2850,2700,2800,Maharashtra,Other
2023-11-21,Wheat,1,Ahmednagar,FAQ,Om Chaitanya Multistate Agro Purpose CoOp Society ,2900,2400,2800,Maharashtra,Other
2023-11-21,Wheat,1,Ahmednagar,FAQ,Rahuri(Vambori),2700,2180,2450,Maharashtra,Other
2023-11-21,Wheat,1,Ahmednagar,FAQ,Kopargaon,2900,2500,2725,Maharashtra,Other
2023-11-21,Wheat,1,Chattrapati Sambhajinagar,FAQ,Kannad,3201,2400,2850,Maharashtra,Other
2023-11-23,Wheat,1,Chattrapati Sambhajinagar,FAQ,Sillod,2800,2700,2750,Maharashtra,Other
2023-11-23,Wheat,1,Chattrapati Sambhajinagar,FAQ,Gangapur,2735,2400,2636,Maharashtra,Other
2023-11-23,Wheat,1,Ahmednagar,FAQ,Sangamner,2751,1800,2275,Maharashtra,Other
2023-11-23,Wheat,1,Chattrapati Sambhajinagar,FAQ,Kannad,3001,2400,2700,Maharashtra,Other
2023-11-23,Wheat,1,Chattrapati Sambhajinagar,FAQ,Lasur Station,3352,2650,2900,Maharashtra,Other
2023-11-23,Wheat,1,Ahmednagar,FAQ,Kopargaon,3029,2685,2728,Maharashtra,Other
2023-11-24,Wheat,1,Ahmednagar,FAQ,Rahuri,2750,2500,2625,Maharashtra,Other
2023-11-24,Wheat,1,Ahmednagar,FAQ,Rahuri(Vambori),2801,2401,2601,Maharashtra,Other
2023-11-24,Wheat,1,Chattrapati Sambhajinagar,FAQ,Lasur Station,3112,2650,2850,Maharashtra,Other
2023-11-24,Wheat,1,Chattrapati Sambhajinagar,FAQ,Sillod,2800,2700,2750,Maharashtra,Other
2023-11-24,Wheat,1,Ahmednagar,FAQ,Jamkhed,2700,2200,2450,Maharashtra,Maharashtra 2189
2023-11-25,Wheat,1,Jalgaon,FAQ,Jalgaon,2600,2600,2600,Maharashtra,147 Average
2023-11-25,Wheat,1,Ahmednagar,FAQ,Rahuri(Vambori),2650,2501,2600,Maharashtra,Other
2023-11-25,Wheat,1,Ahmednagar,FAQ,Jamkhed,2400,2000,2200,Maharashtra,Other
2023-11-28,Wheat,1,Ahmednagar,FAQ,Rahuri,3000,2200,2600,Maharashtra,Other
2023-11-28,Wheat,1,Chattrapati Sambhajinagar,FAQ,Lasur Station,3075,2650,2900,Maharashtra,Other
2023-11-28,Wheat,1,Ahmednagar,FAQ,Rahuri(Vambori),3011,2050,2711,Maharashtra,Other
2023-11-28,Wheat,1,Ahmednagar,FAQ,Rahata,3000,2600,2775,Maharashtra,Other
2023-11-28,Wheat,1,Chattrapati Sambhajinagar,FAQ,Paithan,2971,2620,2840,Maharashtra,Bansi
2023-11-29,Wheat,1,Chattrapati Sambhajinagar,FAQ,Paithan,3084,2621,2951,Maharashtra,Bansi
2023-12-04,Wheat,1,Jalgaon,FAQ,Pachora,2750,2575,2621,Maharashtra,Other
2023-12-04,Wheat,1,Ahmednagar,FAQ,Sangamner,2851,2600,2725,Maharashtra,Other
2023-12-04,Wheat,1,Jalgaon,FAQ,Amalner,2800,2400,2800,Maharashtra,Other
2023-12-04,Wheat,1,Chattrapati Sambhajinagar,FAQ,Lasur Station,3141,2550,2825,Maharashtra,Other
2023-12-04,Wheat,1,Ahmednagar,FAQ,Jamkhed,2800,2200,2500,Maharashtra,Other
2023-12-05,Wheat,1,Dhule,FAQ,Shirpur,2800,2451,2550,Maharashtra,Other
2023-12-05,Wheat,1,Jalgaon,FAQ,Chalisgaon,2601,2501,2550,Maharashtra,Other
2023-12-05,Wheat,1,Ahmednagar,FAQ,Kopargaon,2800,2300,2740,Maharashtra,Other
2023-12-05,Wheat,1,Jalgaon,FAQ,Chopada,2600,2600,2600,Maharashtra,Other
2023-12-06,Wheat,1,Jalgaon,FAQ,Amalner,2920,2855,2920,Maharashtra,Other
2023-12-07,Wheat,1,Chattrapati Sambhajinagar,FAQ,Lasur Station,2940,2600,2750,Maharashtra,Other
2023-12-07,Wheat,1,Ahmednagar,FAQ,Rahuri(Vambori),3000,2500,2750,Maharashtra,Other
2023-12-08,Wheat,1,Chattrapati Sambhajinagar,FAQ,Kannad,2700,2400,2562,Maharashtra,Other
2023-12-08,Wheat,1,Chattrapati Sambhajinagar,FAQ,Vaijpur,2755,2610,2690,Maharashtra,Other
2023-12-08,Wheat,1,Dhule,FAQ,Shirpur,2900,2600,2690,Maharashtra,Other
2023-12-09,Wheat,1,Ahmednagar,FAQ,Jamkhed,3000,2200,2600,Maharashtra,Other
2023-12-09,Wheat,1,Chattrapati Sambhajinagar,FAQ,Vaijpur,3125,2555,2690,Maharashtra,Other
2023-12-10,Wheat,1,Chattrapati Sambhajinagar,FAQ,Kannad,3301,2401,2851,Maharashtra,Other
2023-12-10,Wheat,1,Chattrapati Sambhajinagar,FAQ,Sillod,2900,2700,2800,Maharashtra,Other
2023-12-10,Wheat,1,Ahmednagar,FAQ,Rahuri,2500,2200,2350,Maharashtra,Other
2023-12-11,Wheat,1,Ahmednagar,FAQ,Rahata,2900,2450,2786,Maharashtra,Other
2023-12-11,Wheat,1,Jalgaon,FAQ,Chalisgaon,2756,2500,2630,Maharashtra,Other
2023-12-12,Wheat,1,Chattrapati Sambhajinagar,FAQ,Vaijpur,3220,2615,2660,Maharashtra,Other
2023-12-12,Wheat,1,Jalgaon,FAQ,Amalner,2900,2356,2900,Maharashtra,Other
2023-12-13,Wheat,1,Ahmednagar,FAQ,Rahuri,2700,2200,2350,Maharashtra,Other
2023-12-13,Wheat,1,Ahmednagar,FAQ,Rahata,2800,2400,2526,Maharashtra,Other
2023-12-13,Wheat,1,Ahmednagar,FAQ,Pathardi,3200,2600,2850,Maharashtra,Maharashtra 2189
2023-12-14,Wheat,1,Jalgaon,FAQ,Amalner,3150,2451,3150,Maharashtra,Other
2023-12-14,Wheat,1,Ahmednagar,FAQ,Rahata,3046,2400,2731,Maharashtra,Other
2023-12-15,Wheat,1,Ahmednagar,FAQ,Kopargaon,2890,2500,2700,Maharashtra,Other
2023-12-15,Wheat,1,Jalgaon,FAQ,Amalner,2750,2300,2750,Maharashtra,Other
2023-12-15,Wheat,1,Chattrapati Sambhajinagar,FAQ,Kannad,3376,2300,2838,Maharashtra,Other
2023-12-15,Wheat,1,Ahmednagar,FAQ,Rahuri(Vambori),2899,2476,2652,Maharashtra,Other
2023-12-18,Wheat,1,Ahmednagar,FAQ,Rahuri,2600,2400,2500,Maharashtra,Other
2023-12-19,Wheat,1,Ahmednagar,FAQ,Kopargaon,2765,2500,2550,Maharashtra,Other
2023-12-19,Wheat,1,Jalgaon,FAQ,Amalner,2900,2450,2900,Maharashtra,Other
2023-12-20,Wheat,1,Chattrapati Sambhajinagar,FAQ,Kannad,3352,2000,2676,Maharashtra,Other
2023-12-20,Wheat,1,Jalgaon,FAQ,Chopada,2700,2700,2700,Maharashtra,Other
2023-12-21,Wheat,1,Chattrapati Sambhajinagar,FAQ,Kannad,3100,2300,2700,Maharashtra,Other
2023-12-22,Wheat,1,Jalgaon,FAQ,Chopada,2762,2762,2762,Maharashtra,Other
2023-12-22,Wheat,1,Ahmednagar,FAQ,Kopargaon,2725,2400,2500,Maharashtra,Other
2023-12-22,Wheat,1,Ahmednagar,FAQ,Rahuri(Vambori),2376,2300,2351,Maharashtra,Other
2023-12-22,Wheat,1,Chattrapati Sambhajinagar,FAQ,Sillod,2700,2500,2600,Maharashtra,Other
2023-12-22,Wheat,1,Ahmednagar,FAQ,Ahmednagar,2900,2500,2700,Maharashtra,Other
2023-12-22,Wheat,1,Jalgaon,FAQ,Chalisgaon,2580,2560,2562,Maharashtra,Other
2023-12-23,Wheat,1,Jalgaon,FAQ,Pachora,2850,2651,2751,Maharashtra,Other
2023-12-23,Wheat,1,Jalgaon,FAQ,Chopada,2500,2500,2500,Maharashtra,Other
2023-12-23,Wheat,1,Ahmednagar,FAQ,Rahuri,2600,2400,2500,Maharashtra,Other
2023-12-26,Wheat,1,Ahmednagar,FAQ,Kopargaon,2821,2399,2713,Maharashtra,Other
2023-12-27,Wheat,1,Dhule,FAQ,Shirpur,2700,2550,2616,Maharashtra,Other
2023-12-28,Wheat,1,Jalgaon,FAQ,Pachora,3039,2650,2821,Maharashtra,Other
2023-12-28,Wheat,1,Dhule,FAQ,Shirpur,3021,2000,2500,Maharashtra,Other
2023-12-28,Wheat,1,Chattrapati Sambhajinagar,FAQ,Sillod,2700,2500,2600,Maharashtra,Other
2023-12-29,Wheat,1,Chattrapati Sambhajinagar,FAQ,Paithan,3373,2600,2900,Maharashtra,Bansi
2023-12-29,Wheat,1,Chattrapati Sambhajinagar,FAQ,Lasur Station,2900,2350,2700,Maharashtra,Other
2023-12-30,Wheat,1,Chattrapati Sambhajinagar,FAQ,Paithan,2900,2351,2600,Maharashtra,Bansi
2023-12-30,Wheat,1,Chattrapati Sambhajinagar,FAQ,Lasur Station,3126,2450,2600,Maharashtra,Other
2023-12-30,Wheat,1,Jalgaon,FAQ,Amalner,3100,2500,3100,Maharashtra,Other
2023-12-30,Wheat,1,Ahmednagar,FAQ,Jamkhed,2400,2000,2200,Maharashtra,Other
2023-12-30,Wheat,1,Ahmednagar,FAQ,Rahuri,2550,2200,2350,Maharashtra,Other
2023-12-30,Wheat,1,Chattrapati Sambhajinagar,FAQ,Sillod(Bharadi),2450,2450,2450,Maharashtra,Other
2023-12-30,Wheat,1,Ahmednagar,FAQ,Ahmednagar,2800,2450,2625,Maharashtra,Other
2023-12-31,Wheat,1,Chattrapati Sambhajinagar,FAQ,Sillod,2760,2550,2650,Maharashtra,Other
2025-03-01,Wheat,1,Ahmednagar,FAQ,Jamkhed,3000,2500,2750,Maharashtra,Other
2025-03-01,Wheat,1,Buldhana,Non-FAQ,Sindkhed Raja,2200,1800,2000,Maharashtra,Other
2025-03-01,Wheat,1,Ahmednagar,FAQ,Om Chaitanya Multistate Agro Purpose CoOp Society ,3000,2600,2900,Maharashtra,Other
2025-03-01,Wheat,1,Amarawati,FAQ,Achalpur,3000,2700,2850,Maharashtra,Other
2025-03-01,Wheat,1,Jalgaon,FAQ,Jalgaon(Masawat),2800,2800,2800,Maharashtra,Maharashtra 2189
2025-03-01,Wheat,1,Buldhana,FAQ,Shegaon,2500,2500,2500,Maharashtra,Other
2025-03-01,Wheat,1,Ahmednagar,FAQ,Ahmednagar,3400,2600,3000,Maharashtra,Other
2025-03-01,Wheat,1,Chattrapati Sambhajinagar,FAQ,Gangapur,2751,2440,2540,Maharashtra,Other
2025-03-01,Wheat,1,Jalana,FAQ,Bhokardan,2700,2300,2500,Maharashtra,Other
2025-03-01,Wheat,1,Ahmednagar,FAQ,Shevgaon,3000,2500,2500,Maharashtra,Maharashtra 2189
2025-03-01,Wheat,1,Yavatmal,FAQ,Kisan Market Yard,2900,2500,2651,Maharashtra,Other
2025-03-02,Wheat,1,Beed,FAQ,Kada,3000,2800,2900,Maharashtra,Maharashtra 2189
2025-03-02,Wheat,1,Nagpur,FAQ,Katol,2681,2631,2650,Maharashtra,Other
2025-03-03,Wheat,1,Chattrapati Sambhajinagar,FAQ,Gangapur,2775,2310,2550,Maharashtra,Other
2025-03-03,Wheat,1,Nashik,FAQ,Nandgaon,2800,2450,2750,Maharashtra,Maharashtra 2189
2025-03-03,Wheat,1,Nashik,FAQ,Lasalgaon,2860,2500,2652,Maharashtra,Maharashtra 2189
2025-03-03,Wheat,1,Nashik,FAQ,Lasalgaon(Niphad),2823,2600,2750,Maharashtra,Maharashtra 2189
2025-03-03,Wheat,1,Nashik,FAQ,Lasalgaon(Vinchur),2866,2600,2775,Maharashtra,Other
2025-03-03,Wheat,1,Jalgaon,FAQ,Dharangaon,2851,2650,2711,Maharashtra,Other
2025-03-03,Wheat,1,Buldhana,FAQ,Mehekar,2850,2500,2650,Maharashtra,Other
2025-03-03,Wheat,1,Parbhani,FAQ,Sonpeth,2570,2570,2570,Maharashtra,Other
2025-03-03,Wheat,1,Amarawati,FAQ,Dhamngaon-Railway,2800,2500,2600,Maharashtra,Other
2025-03-03,Wheat,1,Wardha,FAQ,Sindi(Selu),2810,2610,2800,Maharashtra,Other
2025-03-03,Wheat,1,Latur,FAQ,Aurad Shahajani,2400,2400,2400,Maharashtra,Maharashtra 2189
2025-03-03,Wheat,1,Chattrapati Sambhajinagar,FAQ,Sillod,2700,2600,2650,Maharashtra,Other
2025-03-03,Wheat,1,Yavatmal,FAQ,Kisan Market Yard,2800,2500,2778,Maharashtra,Other
2025-03-03,Wheat,1,Dharashiv(Usmanabad),FAQ,Murum,2891,2630,2753,Maharashtra,Bansi
2025-03-03,Wheat,1,Ahmednagar,FAQ,Shevgaon(Bodhegaon),2900,2700,2700,Maharashtra,Maharashtra 2189
2025-03-03,Wheat,1,Ahmednagar,FAQ,Ahmednagar,3000,2500,2750,Maharashtra,Other
2025-03-03,Wheat,1,Vashim,FAQ,Washim,2760,2445,2550,Maharashtra,Maharashtra 2189
2025-03-03,Wheat,1,Thane,FAQ,Kalyan,3600,3400,3500,Maharashtra,Sharbati
2025-03-03,Wheat,1,Dhule,FAQ,Dondaicha,2765,2275,2651,Maharashtra,Other
2025-03-04,Wheat,1,Chattrapati Sambhajinagar,FAQ,Paithan,3001,2520,2720,Maharashtra,Bansi
2025-03-04,Wheat,1,Chattrapati Sambhajinagar,FAQ,Gangapur,2766,2430,2500,Maharashtra,Other
2025-03-04,Wheat,1,Nashik,FAQ,Satana,3200,2601,2950,Maharashtra,Other
2025-03-04,Wheat,1,Ahmednagar,FAQ,Jamkhed,3000,2500,2750,Maharashtra,Other
2025-03-04,Wheat,1,Ahmednagar,FAQ,Rahuri(Vambori),2651,2300,2500,Maharashtra,Other
2025-03-04,Wheat,1,Jalgaon,FAQ,Jalgaon(Masawat),2800,2700,2755,Maharashtra,147 Average
2025-03-04,Wheat,1,Ahmednagar,FAQ,Shrirampur(Belapur),2600,2600,2600,Maharashtra,Other
2025-03-04,Wheat,1,Jalgaon,FAQ,Chalisgaon,2962,2550,2850,Maharashtra,Other
2025-03-04,Wheat,1,Thane,FAQ,Ulhasnagar,3400,3200,3300,Maharashtra,Other
2025-03-04,Wheat,1,Yavatmal,FAQ,Kisan Market Yard,2800,2500,2584,Maharashtra,Other
2025-03-04,Wheat,1,Nandurbar,FAQ,Shahada,2980,2500,2600,Maharashtra,Other
2025-03-04,Wheat,1,Akola,FAQ,Akola,2960,2500,2700,Maharashtra,Other
2025-03-04,Wheat,1,Ahmednagar,Non-FAQ,Rahuri(Vambori),2225,2225,2225,Maharashtra,Other
2025-03-04,Wheat,1,Parbhani,FAQ,Tadkalas,3000,2700,2700,Maharashtra,Other
2025-03-04,Wheat,1,Chattrapati Sambhajinagar,FAQ,Chattrapati Sambhajinagar,3121,2400,2760,Maharashtra,Other
2025-03-04,Wheat,1,Vashim,FAQ,Karanja,2640,2575,2600,Maharashtra,Other
2025-03-04,Wheat,1,Nandurbar,FAQ,Nandurbar,2735,2350,2620,Maharashtra,Bansi
2025-03-04,Wheat,1,Ahmednagar,FAQ,Shevgaon(Bodhegaon),2700,2500,2500,Maharashtra,Maharashtra 2189
2025-03-04,Wheat,1,Jalgaon,FAQ,Raver,2565,2550,2550,Maharashtra,Other
2025-03-04,Wheat,1,Dhule,FAQ,Dondaicha,2755,2275,2651,Maharashtra,Other
2025-03-04,Wheat,1,Buldhana,FAQ,BSK Krishi Bazar Private Ltd,2575,2575,2575,Maharashtra,Other
2025-03-04,Wheat,1,Mumbai,FAQ,Mumbai,6000,3000,4500,Maharashtra,Other
2025-03-04,Wheat,1,Ahmednagar,FAQ,Shrirampur,2700,2500,2600,Maharashtra,Other
2025-03-04,Wheat,1,Nashik,FAQ,Lasalgaon(Vinchur),2751,2551,2675,Maharashtra,Other
2025-03-04,Wheat,1,Jalana,FAQ,Ambad (Vadigodri),3150,2450,2820,Maharashtra,Other
2025-03-04,Wheat,1,Akola,FAQ,Murtizapur,2630,2450,2540,Maharashtra,Other
2025-03-05,Wheat,1,Buldhana,FAQ,Khamgaon,2600,2300,2450,Maharashtra,Other
2025-03-05,Wheat,1,Nashik,Non-FAQ,Satana,2200,2200,2200,Maharashtra,Other
2025-03-05,Wheat,1,Ahmednagar,FAQ,Rahata,2830,2525,2646,Maharashtra,Other
2025-03-05,Wheat,1,Nagpur,FAQ,Savner,2750,2600,2700,Maharashtra,Other
2025-03-05,Wheat,1,Ahmednagar,FAQ,Rahuri(Vambori),2850,2276,2563,Maharashtra,Other
2025-03-05,Wheat,1,Ahmednagar,FAQ,Karjat,3000,2300,2600,Maharashtra,Other
2025-03-05,Wheat,1,Chattrapati Sambhajinagar,FAQ,Gangapur,2870,2370,2750,Maharashtra,Other
2025-03-05,Wheat,1,Ahmednagar,FAQ,Shevgaon(Bodhegaon),2700,2600,2600,Maharashtra,Maharashtra 2189
2025-03-05,Wheat,1,Ahmednagar,FAQ,Shrirampur,2725,2300,2500,Maharashtra,Other
2025-03-05,Wheat,1,Dhule,FAQ,Dondaicha,2717,2275,2671,Maharashtra,Other
2025-03-05,Wheat,1,Beed,FAQ,Majalgaon,3221,2400,2901,Maharashtra,Other
2025-03-05,Wheat,1,Latur,FAQ,Aurad Shahajani,2451,2451,2451,Maharashtra,Maharashtra 2189
2025-03-05,Wheat,1,Amarawati,FAQ,Chandur Bazar,2700,2400,2550,Maharashtra,Other
2025-03-05,Wheat,1,Jalana,FAQ,Partur,2850,2560,2800,Maharashtra,Maharashtra 2189
2025-03-05,Wheat,1,Yavatmal,FAQ,Pusad,3075,2581,2850,Maharashtra,Other
2025-03-06,Wheat,1,Latur,FAQ,Aurad Shahajani,2750,2520,2635,Maharashtra,Maharashtra 2189
2025-03-06,Wheat,1,Akola,FAQ,Akola,2800,2325,2600,Maharashtra,Other
2025-03-06,Wheat,1,Nanded,Non-FAQ,Bhokar,2200,2200,2200,Maharashtra,Other
2025-03-06,Wheat,1,Jalgaon,FAQ,Chalisgaon,3000,2550,2850,Maharashtra,Other
2025-03-06,Wheat,1,Nagpur,FAQ,Savner,2625,2400,2625,Maharashtra,Other
2025-03-06,Wheat,1,Nashik,FAQ,Lasalgaon,3100,2300,2752,Maharashtra,Maharashtra 2189
2025-03-06,Wheat,1,Jalgaon,FAQ,Jalgaon(Masawat),2695,2500,2680,Maharashtra,147 Average
2025-03-06,Wheat,1,Buldhana,Non-FAQ,Sindkhed Raja,2200,1900,2000,Maharashtra,Other
2025-03-06,Wheat,1,Dharashiv(Usmanabad),FAQ,Paranda,3000,2500,2850,Maharashtra,Maharashtra 2189
2025-03-06,Wheat,1,Buldhana,FAQ,Shegaon,2705,2575,2705,Maharashtra,Other
2025-03-06,Wheat,1,Buldhana,FAQ,Deoulgaon Raja,2850,2400,2600,Maharashtra,Other
2025-03-06,Wheat,1,Buldhana,Non-FAQ,Shegaon,2250,2105,2150,Maharashtra,Other
2025-03-06,Wheat,1,Beed,FAQ,Kada,3000,2800,2900,Maharashtra,Maharashtra 2189
2025-03-06,Wheat,1,Wardha,FAQ,Sindi(Selu),2680,2400,2570,Maharashtra,Other
2025-03-07,Wheat,1,Dharashiv(Usmanabad),Non-FAQ,Washi (Dharashiv),2260,2060,2120,Maharashtra,Other
2025-03-07,Wheat,1,Ahmednagar,FAQ,Sangamner,2500,2500,2500,Maharashtra,Other
2025-03-07,Wheat,1,Parbhani,FAQ,Pathari,2400,2400,2400,Maharashtra,Other
2025-03-07,Wheat,1,Sangli,FAQ,Sangli,4500,3500,4000,Maharashtra,Other
2025-03-07,Wheat,1,Buldhana,FAQ,Malkapur,2800,2424,2611,Maharashtra,Other
2025-03-07,Wheat,1,Nagpur,FAQ,Nagpur,3500,3200,3425,Maharashtra,Sharbati
2025-03-07,Wheat,1,Latur,FAQ,Aurad Shahajani,2800,2500,2650,Maharashtra,Maharashtra 2189
2025-03-07,Wheat,1,Nanded,FAQ,Nanded,2890,2500,2825,Maharashtra,Sharbati
2025-03-07,Wheat,1,Buldhana,FAQ,Chikali,2840,2280,2560,Maharashtra,Other
2025-03-07,Wheat,1,Buldhana,FAQ,Deoulgaon Raja,2700,2400,2500,Maharashtra,Other
2025-03-07,Wheat,1,Chattrapati Sambhajinagar,FAQ,Kannad,2776,2300,2538,Maharashtra,Other
2025-03-08,Wheat,1,Dhule,Non-FAQ,Dhule,2274,2150,2250,Maharashtra,Other
2025-03-08,Wheat,1,Jalana,FAQ,Bhokardan,2700,2400,2500,Maharashtra,Other
2025-03-08,Wheat,1,Akola,FAQ,Telhara,2890,2650,2840,Maharashtra,Other
2025-03-08,Wheat,1,Nashik,FAQ,Lasalgaon(Niphad),3052,2400,2750,Maharashtra,Maharashtra 2189
2025-03-08,Wheat,1,Wardha,FAQ,Sindi(Selu),2665,2560,2600,Maharashtra,Other
2025-03-08,Wheat,1,Ahmednagar,FAQ,Ahmednagar,2750,2550,2650,Maharashtra,Other
2025-03-08,Wheat,1,Bhandara,FAQ,Tumsar,2549,2485,2500,Maharashtra,Other
2025-03-08,Wheat,1,Ahmednagar,FAQ,Karjat,3200,2300,2900,Maharashtra,Other
2025-03-08,Wheat,1,Sholapur,FAQ,Solapur,3965,2570,3405,Maharashtra,Sharbati
2025-03-08,Wheat,1,Ahmednagar,FAQ,Rahuri(Vambori),2575,2550,2562,Maharashtra,Other
2025-03-08,Wheat,1,Dharashiv(Usmanabad),FAQ,Murum,3061,2500,2704,Maharashtra,Bansi
2025-03-08,Wheat,1,Buldhana,FAQ,Khamgaon,2775,2400,2588,Maharashtra,Other
2025-03-08,Wheat,1,Chattrapati Sambhajinagar,FAQ,Gangapur,2855,2475,2692,Maharashtra,Other
2025-03-08,Wheat,1,Chattrapati Sambhajinagar,FAQ,Kannad,3001,2400,2701,Maharashtra,Other
2025-03-09,Wheat,1,Nagpur,FAQ,Katol,2575,2525,2550,Maharashtra,Other
2025-03-09,Wheat,1,Ahmednagar,FAQ,Karjat,3000,2300,2750,Maharashtra,Other
2025-03-09,Wheat,1,Beed,FAQ,Kada,3000,2800,2900,Maharashtra,Maharashtra 2189
2025-03-09,Wheat,1,Dharashiv(Usmanabad),Non-FAQ,Washi (Dharashiv),2250,2030,2140,Maharashtra,Other
2025-03-10,Wheat,1,Wardha,FAQ,Ashti(Karanja),2605,2500,2525,Maharashtra,Other
2025-03-10,Wheat,1,Vashim,FAQ,Washim(Ansing),2650,2450,2550,Maharashtra,Maharashtra 2189
2025-03-10,Wheat,1,Nagpur,FAQ,Nagpur,2711,2600,2683,Maharashtra,Other
2025-03-10,Wheat,1,Nashik,FAQ,Satana,3085,2525,2750,Maharashtra,Other
2025-03-10,Wheat,1,Ahmednagar,FAQ,Jamkhed,3000,2500,2750,Maharashtra,Other
2025-03-10,Wheat,1,Vashim,FAQ,Karanja,2650,2580,2620,Maharashtra,Other
2025-03-10,Wheat,1,Yavatmal,FAQ,Digras,2875,2680,2730,Maharashtra,Other
2025-03-10,Wheat,1,Ahmednagar,FAQ,Shrirampur,2650,2575,2600,Maharashtra,Other
2025-03-10,Wheat,1,Sholapur,FAQ,Karmala,2900,2431,2700,Maharashtra,Other
2025-03-10,Wheat,1,Bhandara,FAQ,Tumsar,2555,2450,2500,Maharashtra,Other
2025-03-10,Wheat,1,Akola,FAQ,Murtizapur,2750,2310,2530,Maharashtra,Other
2025-03-10,Wheat,1,Wardha,FAQ,Wardha,2740,2615,2700,Maharashtra,Other
2025-03-10,Wheat,1,Amarawati,FAQ,Morshi,2650,2500,2575,Maharashtra,Other
2025-03-10,Wheat,1,Sholapur,FAQ,Solapur,3970,2565,3400,Maharashtra,Sharbati
2025-03-10,Wheat,1,Nagpur,FAQ,Savner,2626,2400,2540,Maharashtra,Other
2025-03-10,Wheat,1,Nashik,FAQ,Yeola,2723,2481,2575,Maharashtra,Maharashtra 2189
2025-03-10,Wheat,1,Jalgaon,FAQ,Raver,2676,2390,2390,Maharashtra,Other
2025-03-10,Wheat,1,Nashik,FAQ,Lasalgaon,3033,2401,2665,Maharashtra,Maharashtra 2189
2025-03-10,Wheat,1,Nashik,FAQ,Nandgaon,2970,2529,2650,Maharashtra,Maharashtra 2189
2025-03-10,Wheat,1,Pune,FAQ,Indapur,3021,2275,2600,Maharashtra,Other
2025-03-10,Wheat,1,Parbhani,FAQ,Sonpeth,3326,2700,2950,Maharashtra,Other
2025-03-10,Wheat,1,Parbhani,FAQ,Tadkalas,2800,2275,2500,Maharashtra,Other
2025-03-10,Wheat,1,Dharashiv(Usmanabad),FAQ,Paranda,2700,2500,2500,Maharashtra,Other
2025-03-10,Wheat,1,Sangli,FAQ,Sangli,4500,3500,4000,Maharashtra,Other
2025-03-10,Wheat,1,Dhule,FAQ,Dhule,2790,2275,2611,Maharashtra,Other
2025-03-10,Wheat,1,Pune,FAQ,Baramati,3112,2500,2800,Maharashtra,Maharashtra 2189
2025-03-10,Wheat,1,Nagpur,FAQ,Katol,2600,2541,2550,Maharashtra,Other
2025-03-10,Wheat,1,Latur,FAQ,Aurad Shahajani,2950,2930,2940,Maharashtra,Maharashtra 2189
2025-03-10,Wheat,1,Hingoli,FAQ,Hingoli,3025,2525,2775,Maharashtra,Sharbati
2025-03-10,Wheat,1,Sholapur,FAQ,Kurdwadi(Modnimb),3151,2500,2800,Maharashtra,Other
2025-03-11,Wheat,1,Nashik,FAQ,Lasalgaon,2952,2500,2571,Maharashtra,Maharashtra 2189
2025-03-11,Wheat,1,Parbhani,FAQ,Gangakhed,3000,2500,2500,Maharashtra,Other
2025-03-11,Wheat,1,Chattrapati Sambhajinagar,FAQ,Fulmbri,2650,2350,2475,Maharashtra,Other
2025-03-11,Wheat,1,Sholapur,FAQ,Barshi(Vairag),3100,2300,2500,Maharashtra,Other
2025-03-11,Wheat,1,Chattrapati Sambhajinagar,FAQ,Paithan,2700,2450,2500,Maharashtra,Bansi
2025-03-11,Wheat,1,Nashik,FAQ,Malegaon,2741,2280,2552,Maharashtra,Other
2025-03-11,Wheat,1,Buldhana,FAQ,Mehekar,3000,2600,2800,Maharashtra,Other
2025-03-11,Wheat,1,Chattrapati Sambhajinagar,FAQ,Chattrapati Sambhajinagar,2841,2450,2646,Maharashtra,Other
2025-03-11,Wheat,1,Nashik,Non-FAQ,Satana,2000,2000,2000,Maharashtra,Other
2025-03-11,Wheat,1,Amarawati,FAQ,Dhamngaon-Railway,2640,2400,2500,Maharashtra,Other
2025-03-11,Wheat,1,Dharashiv(Usmanabad),FAQ,Paranda,2800,2800,2800,Maharashtra,Other
2025-03-11,Wheat,1,Ahmednagar,Non-FAQ,Rahuri(Vambori),2226,2226,2226,Maharashtra,Other
2025-03-11,Wheat,1,Jalgaon,FAQ,Amalner,2926,2500,2926,Maharashtra,Other
2025-03-11,Wheat,1,Dhule,FAQ,Dhule,2805,2425,2745,Maharashtra,Other
2025-03-11,Wheat,1,Buldhana,FAQ,Khamgaon,2526,2305,2416,Maharashtra,Other
2025-03-11,Wheat,1,Dhule,FAQ,Shirpur,2756,2550,2650,Maharashtra,Other
2025-03-11,Wheat,1,Akola,FAQ,Akola,3200,2405,2800,Maharashtra,Other
2025-03-11,Wheat,1,Ahmednagar,FAQ,Kopargaon,2627,2275,2410,Maharashtra,Other
2025-03-12,Wheat,1,Ahmednagar,Non-FAQ,Rahuri(Vambori),2222,2222,2222,Maharashtra,Other
2025-03-12,Wheat,1,Nagpur,FAQ,Nagpur,2612,2450,2571,Maharashtra,Other
2025-03-12,Wheat,1,Nagpur,FAQ,Katol,2500,2400,2450,Maharashtra,Other
2025-03-12,Wheat,1,Buldhana,FAQ,Lonar,2539,2400,2469,Maharashtra,Other
2025-03-12,Wheat,1,Dhule,Non-FAQ,Dhule,2274,2175,2175,Maharashtra,Other
2025-03-12,Wheat,1,Nagpur,FAQ,Savner,2500,2500,2500,Maharashtra,Other
2025-03-12,Wheat,1,Ahmednagar,FAQ,Rahata,2770,2580,2681,Maharashtra,Other
2025-03-12,Wheat,1,Chattrapati Sambhajinagar,FAQ,Kannad,2900,2450,2675,Maharashtra,Other
2025-03-12,Wheat,1,Dharashiv(Usmanabad),FAQ,Tuljapur,2700,2400,2500,Maharashtra,Other
2025-03-12,Wheat,1,Sangli,FAQ,Tasgaon,3160,2860,3000,Maharashtra,Other
2025-03-12,Wheat,1,Wardha,FAQ,Wardha,2675,2600,2650,Maharashtra,Other
2025-03-12,Wheat,1,Jalgaon,FAQ,Amalner,2725,2400,2725,Maharashtra,Other
2025-03-13,Wheat,1,Ahmednagar,FAQ,Shevgaon(Bodhegaon),2700,2600,2700,Maharashtra,Maharashtra 2189
2025-03-13,Wheat,1,Jalgaon,FAQ,Jalgaon,2555,2450,2555,Maharashtra,147 Average
2025-03-13,Wheat,1,Chattrapati Sambhajinagar,FAQ,Chattrapati Sambhajinagar,2825,2300,2562,Maharashtra,Other
2025-03-13,Wheat,1,Dharashiv(Usmanabad),FAQ,Murum,2826,2412,2667,Maharashtra,Bansi
2025-03-13,Wheat,1,Jalgaon,FAQ,Amalner,2955,2300,2955,Maharashtra,Other
2025-03-13,Wheat,1,Sangli,FAQ,Sangli,4500,3500,4000,Maharashtra,Other
2025-03-13,Wheat,1,Sholapur,FAQ,Barshi,2700,2600,2600,Maharashtra,Other
2025-03-13,Wheat,1,Parbhani,FAQ,Tadkalas,2300,2300,2300,Maharashtra,Other
2025-03-13,Wheat,1,Ahmednagar,FAQ,Rahuri(Vambori),2560,2350,2455,Maharashtra,Other
2025-03-14,Wheat,1,Thane,FAQ,Kalyan,3500,3100,3350,Maharashtra,Sharbati
2025-03-14,Wheat,1,Nashik,FAQ,Lasalgaon(Niphad),2766,2599,2650,Maharashtra,Maharashtra 2189
2025-03-15,Wheat,1,Buldhana,FAQ,Chikali,2850,2325,2587,Maharashtra,Other
2025-03-15,Wheat,1,Dharashiv(Usmanabad),FAQ,Tuljapur,2700,2400,2600,Maharashtra,Other
2025-03-15,Wheat,1,Beed,Non-FAQ,Majalgaon,2200,2000,2100,Maharashtra,Other
2025-03-15,Wheat,1,Ahmednagar,FAQ,Pathardi,3100,2300,2800,Maharashtra,Maharashtra 2189
2025-03-15,Wheat,1,Yavatmal,FAQ,Kisan Market Yard,2600,2300,2530,Maharashtra,Other
2025-03-15,Wheat,1,Ahmednagar,FAQ,Newasa,2450,2450,2450,Maharashtra,Maharashtra 2189
2025-03-15,Wheat,1,Jalgaon,FAQ,Amalner,2690,2300,2690,Maharashtra,Other
2025-03-15,Wheat,1,Ahmednagar,FAQ,Rahata,2656,2400,2551,Maharashtra,Other
2025-03-15,Wheat,1,Parbhani,FAQ,Gangakhed,3000,2500,2500,Maharashtra,Other
2025-03-15,Wheat,1,Jalgaon,FAQ,Raver,2521,2521,2521,Maharashtra,Other
2025-03-15,Wheat,1,Ahmednagar,FAQ,Shrirampur,2625,2500,2600,Maharashtra,Other
2025-03-15,Wheat,1,Nashik,FAQ,Nandgaon,2896,2491,2550,Maharashtra,Maharashtra 2189
2025-03-15,Wheat,1,Buldhana,Non-FAQ,Khamgaon,2100,2100,2100,Maharashtra,Other
2025-03-16,Wheat,1,Nagpur,FAQ,Bhiwapur,2400,2300,2350,Maharashtra,Other
2025-03-16,Wheat,1,Ahmednagar,FAQ,Karjat,3200,2500,2800,Maharashtra,Other
2025-03-16,Wheat,1,Wardha,FAQ,Ashti(Karanja),2555,2450,2525,Maharashtra,Other
2025-03-17,Wheat,1,Nandurbar,FAQ,Taloda,2669,2500,2588,Maharashtra,Other
2025-03-17,Wheat,1,Chattrapati Sambhajinagar,FAQ,Gangapur,2675,2360,2560,Maharashtra,Other
2025-03-17,Wheat,1,Jalana,FAQ,Jalana,2745,2550,2550,Maharashtra,Other
2025-03-17,Wheat,1,Sholapur,FAQ,Solapur,3995,2540,3380,Maharashtra,Sharbati
2025-03-17,Wheat,1,Vashim,FAQ,Manora,2770,2500,2573,Maharashtra,Other
2025-03-17,Wheat,1,Amarawati,FAQ,Chandur Bazar,2700,2400,2610,Maharashtra,Other
2025-03-17,Wheat,1,Pune,FAQ,Shirur,3000,3000,3000,Maharashtra,Other
2025-03-17,Wheat,1,Parbhani,FAQ,Jintur,2700,2700,2700,Maharashtra,Other
2025-03-17,Wheat,1,Jalgaon,FAQ,Jalgaon(Masawat),2750,2600,2675,Maharashtra,147 Average
2025-03-17,Wheat,1,Latur,FAQ,Ausa,2551,2351,2551,Maharashtra,Maharashtra 2189
2025-03-17,Wheat,1,Pune,Non-FAQ,Shirur,2000,2000,2000,Maharashtra,Other
2025-03-17,Wheat,1,Yavatmal,FAQ,Babhulgaon,2550,2350,2450,Maharashtra,Other
2025-03-17,Wheat,1,Parbhani,FAQ,Purna,3000,2515,2900,Maharashtra,Maharashtra 2189
2025-03-17,Wheat,1,Yavatmal,FAQ,Pusad,3300,2505,2800,Maharashtra,Other
2025-03-17,Wheat,1,Parbhani,FAQ,Gangakhed,3000,2500,2500,Maharashtra,Other
2025-03-18,Wheat,1,Jalana,FAQ,Jalana,2800,2450,2600,Maharashtra,Other
2025-03-18,Wheat,1,Beed,FAQ,Beed,2951,2550,2700,Maharashtra,Other
2025-03-18,Wheat,1,Vashim,FAQ,Karanja,2570,2480,2520,Maharashtra,Other
2025-03-18,Wheat,1,Chattrapati Sambhajinagar,FAQ,Fulmbri,2650,2350,2450,Maharashtra,Other
2025-03-18,Wheat,1,Sangli,FAQ,Sangli,4500,3500,4000,Maharashtra,Other
2025-03-18,Wheat,1,Thane,FAQ,Palghar,3400,3400,3400,Maharashtra,Other
2025-03-18,Wheat,1,Ahmednagar,FAQ,Kopargaon,2560,2369,2475,Maharashtra,Other
2025-03-18,Wheat,1,Wardha,FAQ,Sindi,2600,2400,2500,Maharashtra,Other
2025-03-18,Wheat,1,Ahmednagar,FAQ,Ahmednagar,2800,2400,2600,Maharashtra,Other
2025-03-18,Wheat,1,Dharashiv(Usmanabad),FAQ,Paranda,2600,2400,2500,Maharashtra,Other
2025-03-18,Wheat,1,Buldhana,FAQ,Lonar,2474,2350,2412,Maharashtra,Other
2025-03-18,Wheat,1,Nashik,FAQ,Devala,2645,2400,2550,Maharashtra,Maharashtra 2189
2025-03-18,Wheat,1,Nanded,FAQ,Bhokar,3000,3000,3000,Maharashtra,Other
2025-03-18,Wheat,1,Chattrapati Sambhajinagar,FAQ,Sillod,2650,2500,2600,Maharashtra,Other
2025-03-18,Wheat,1,Nandurbar,FAQ,Shahada,2633,2300,2582,Maharashtra,Other
2025-03-18,Wheat,1,Nanded,FAQ,Nanded,3000,2300,2670,Maharashtra,Sharbati
2025-03-18,Wheat,1,Ahmednagar,FAQ,Karjat,2800,2300,2500,Maharashtra,Other
2025-03-18,Wheat,1,Chattrapati Sambhajinagar,FAQ,Gangapur,2600,2300,2588,Maharashtra,Other
2025-03-19,Wheat,1,Buldhana,FAQ,Mehekar,3200,2700,3000,Maharashtra,Other
2025-03-19,Wheat,1,Ahmednagar,FAQ,Shevgaon(Bodhegaon),2700,2700,2700,Maharashtra,Maharashtra 2189
2025-03-19,Wheat,1,Jalana,FAQ,Ambad (Vadigodri),2926,2275,2626,Maharashtra,Other
2025-03-19,Wheat,1,Vashim,FAQ,Karanja,2545,2475,2510,Maharashtra,Other
2025-03-19,Wheat,1,Amarawati,FAQ,Amarawati,2900,2700,2800,Maharashtra,Other
2025-03-19,Wheat,1,Jalgaon,FAQ,Dharangaon,2830,2500,2631,Maharashtra,Other
2025-03-19,Wheat,1,Dhule,FAQ,Dhule,2900,2275,2600,Maharashtra,Other
2025-03-19,Wheat,1,Sangli,FAQ,Tasgaon,3120,2860,2920,Maharashtra,Other
2025-03-19,Wheat,1,Nashik,FAQ,Lasalgaon(Niphad),2640,2475,2600,Maharashtra,Maharashtra 2189
2025-03-19,Wheat,1,Jalgaon,FAQ,Jalgaon(Masawat),2675,2625,2650,Maharashtra,147 Average
2025-03-19,Wheat,1,Buldhana,FAQ,Lonar,2570,2400,2485,Maharashtra,Other
2025-03-19,Wheat,1,Ahmednagar,Non-FAQ,Rahuri(Vambori),2100,2100,2100,Maharashtra,Other
2025-03-19,Wheat,1,Akola,FAQ,Akola,2730,2345,2400,Maharashtra,Other
2025-03-19,Wheat,1,Chattrapati Sambhajinagar,FAQ,Chattrapati Sambhajinagar,2775,2299,2537,Maharashtra,Other
2025-03-19,Wheat,1,Yavatmal,FAQ,Yeotmal,2575,2430,2502,Maharashtra,Other
2025-03-19,Wheat,1,Buldhana,FAQ,BSK Krishi Bazar Private Ltd,2626,2626,2626,Maharashtra,Other
2025-03-19,Wheat,1,Buldhana,FAQ,Deoulgaon Raja,2511,2400,2450,Maharashtra,Other
2025-03-19,Wheat,1,Thane,FAQ,Ulhasnagar,3400,3000,3200,Maharashtra,Other
2025-03-19,Wheat,1,Amarawati,FAQ,Chandur Bazar,2750,2400,2640,Maharashtra,Other
2025-03-19,Wheat,1,Ahmednagar,FAQ,Rahuri(Vambori),2550,2340,2445,Maharashtra,Other
2025-03-20,Wheat,1,Akola,FAQ,Murtizapur,3010,2450,2730,Maharashtra,Other
2025-03-20,Wheat,1,Pune,FAQ,Baramati,3200,2500,2851,Maharashtra,Maharashtra 2189
2025-03-20,Wheat,1,Dharashiv(Usmanabad),Non-FAQ,Murum,2150,2150,2150,Maharashtra,Bansi
2025-03-20,Wheat,1,Ahmednagar,FAQ,Shevgaon(Bodhegaon),2700,2600,2600,Maharashtra,Maharashtra 2189
2025-03-20,Wheat,1,Thane,FAQ,Kalyan,3400,3000,3250,Maharashtra,Sharbati
2025-03-20,Wheat,1,Parbhani,FAQ,Parbhani,3000,2600,2950,Maharashtra,Other
2025-03-20,Wheat,1,Ahmednagar,FAQ,Kopargaon,2681,2400,2505,Maharashtra,Other
2025-03-20,Wheat,1,Ahmednagar,FAQ,Rahuri(Vambori),2525,2400,2470,Maharashtra,Other
2025-03-20,Wheat,1,Amarawati,FAQ,Morshi,2550,2400,2475,Maharashtra,Other
2025-03-20,Wheat,1,Wardha,FAQ,Wardha,2760,2540,2650,Maharashtra,Other
2025-03-20,Wheat,1,Nagpur,FAQ,Savner,2640,2350,2550,Maharashtra,Other
2025-03-20,Wheat,1,Sholapur,FAQ,Karmala,3150,2411,2700,Maharashtra,Other
2025-03-20,Wheat,1,Yavatmal,FAQ,"Mahesh Krushi Utpanna Bazar, Digras",2775,2500,2668,Maharashtra,Other
2025-03-20,Wheat,1,Chattrapati Sambhajinagar,FAQ,Kannad,3000,2301,2651,Maharashtra,Other
2025-03-20,Wheat,1,Nashik,FAQ,Lasalgaon(Niphad),2694,2300,2561,Maharashtra,Maharashtra 2189
2025-03-20,Wheat,1,Nashik,FAQ,Lasalgaon(Vinchur),2775,2400,2551,Maharashtra,Other
2025-03-20,Wheat,1,Nashik,FAQ,Manmad,2870,2275,2550,Maharashtra,Other
2025-03-20,Wheat,1,Chattrapati Sambhajinagar,FAQ,Gangapur,2585,2279,2450,Maharashtra,Other
2025-03-20,Wheat,1,Thane,FAQ,Ulhasnagar,3200,3000,3100,Maharashtra,Other
2025-03-20,Wheat,1,Jalana,FAQ,Partur,2670,2500,2556,Maharashtra,Maharashtra 2189
2025-03-20,Wheat,1,Nandurbar,FAQ,Shahada,2686,2300,2500,Maharashtra,Other
2025-03-21,Wheat,1,Vashim,FAQ,Manora,2781,2490,2564,Maharashtra,Other
2025-03-21,Wheat,1,Nashik,FAQ,Devala,2805,2495,2800,Maharashtra,Maharashtra 2189
2025-03-21,Wheat,1,Ahmednagar,FAQ,Kopargaon,2599,2400,2518,Maharashtra,Other
2025-03-21,Wheat,1,Nagpur,FAQ,Nagpur,3500,3200,3425,Maharashtra,Sharbati
2025-03-21,Wheat,1,Amarawati,FAQ,Chandur Railway,2675,2400,2500,Maharashtra,Other
2025-03-21,Wheat,1,Latur,FAQ,Ausa,3102,2275,2510,Maharashtra,Maharashtra 2189
2025-03-21,Wheat,1,Buldhana,Non-FAQ,Khamgaon,2200,2000,2100,Maharashtra,Other
2025-03-21,Wheat,1,Buldhana,FAQ,Chikali,2850,2350,2600,Maharashtra,Other
2025-03-21,Wheat,1,Amarawati,FAQ,Varud(Rajura Bazar),2500,2500,2500,Maharashtra,Other
2025-03-21,Wheat,1,Wardha,FAQ,Sindi(Selu),2655,2480,2580,Maharashtra,Other
2025-03-21,Wheat,1,Parbhani,FAQ,Gangakhed,3000,2500,2800,Maharashtra,Other
2025-03-21,Wheat,1,Beed,FAQ,Beed,2851,2650,2792,Maharashtra,Other
2025-03-21,Wheat,1,Jalgaon,FAQ,Jalgaon(Masawat),2675,2600,2640,Maharashtra,147 Average
2025-03-21,Wheat,1,Buldhana,FAQ,Mehekar,3200,2700,3000,Maharashtra,Other
2025-03-21,Wheat,1,Jalana,FAQ,Partur,2780,2550,2600,Maharashtra,Maharashtra 2189
2025-03-21,Wheat,1,Thane,FAQ,Palghar,3025,3025,3025,Maharashtra,Other
2025-03-22,Wheat,1,Ahmednagar,Non-FAQ,Ahmednagar,1700,1700,1700,Maharashtra,Other
2025-03-22,Wheat,1,Nagpur,FAQ,Nagpur,2520,2400,2490,Maharashtra,Other
2025-03-22,Wheat,1,Buldhana,FAQ,Chikali,2750,2300,2525,Maharashtra,Other
2025-03-22,Wheat,1,Buldhana,FAQ,Shegaon,3000,2410,2800,Maharashtra,Other
2025-03-22,Wheat,1,Jalgaon,FAQ,Jalgaon,2500,2365,2470,Maharashtra,147 Average
2025-03-22,Wheat,1,Yavatmal,FAQ,Kisan Market Yard,2650,2200,2474,Maharashtra,Other
2025-03-22,Wheat,1,Sholapur,FAQ,Barshi(Vairag),2600,2300,2400,Maharashtra,Other
2025-03-22,Wheat,1,Wardha,FAQ,Sindi,2650,2410,2500,Maharashtra,Other
2025-03-22,Wheat,1,Sangli,FAQ,Sangli,4500,3500,4000,Maharashtra,Other
2025-03-22,Wheat,1,Nagpur,FAQ,Savner,2449,2300,2400,Maharashtra,Other
2025-03-23,Wheat,1,Nanded,FAQ,Kandhar,3000,2400,2800,Maharashtra,Other
2025-03-24,Wheat,1,Yavatmal,FAQ,"Mahesh Krushi Utpanna Bazar, Digras",2600,2300,2495,Maharashtra,Other
2025-03-24,Wheat,1,Thane,FAQ,Palghar,3170,3170,3170,Maharashtra,Other
2025-03-24,Wheat,1,Nanded,FAQ,Nanded,2855,2500,2800,Maharashtra,Sharbati
2025-03-24,Wheat,1,Chattrapati Sambhajinagar,FAQ,Lasur Station,2850,2400,2650,Maharashtra,Other
2025-03-24,Wheat,1,Nandurbar,FAQ,Shahada,2752,2411,2620,Maharashtra,Other
2025-03-24,Wheat,1,Buldhana,FAQ,Malkapur,3000,2440,2580,Maharashtra,Other
2025-03-24,Wheat,1,Buldhana,FAQ,Shegaon,3100,2500,2800,Maharashtra,Other
2025-03-24,Wheat,1,Beed,Non-FAQ,Gevrai,2200,2200,2200,Maharashtra,Other
2025-03-24,Wheat,1,Wardha,FAQ,Sindi(Selu),2800,2460,2680,Maharashtra,Other
2025-03-24,Wheat,1,Beed,Non-FAQ,Majalgaon,2210,2025,2150,Maharashtra,Other
2025-03-24,Wheat,1,Ahmednagar,FAQ,Shevgaon,2550,2300,2550,Maharashtra,Maharashtra 2189
2025-03-24,Wheat,1,Buldhana,FAQ,Deoulgaon Raja,2800,2400,2600,Maharashtra,Other
2025-03-24,Wheat,1,Sholapur,FAQ,Barshi(Vairag),2900,2400,2500,Maharashtra,Other
2025-03-24,Wheat,1,Nagpur,FAQ,Nagpur,2540,2400,2505,Maharashtra,Other
2025-03-24,Wheat,1,Sholapur,FAQ,Kurdwadi(Modnimb),3200,2411,2900,Maharashtra,Other
2025-03-25,Wheat,1,Nagpur,FAQ,Nagpur,3500,3200,3425,Maharashtra,Sharbati
2025-03-25,Wheat,1,Akola,FAQ,Murtizapur,3025,2450,2740,Maharashtra,Other
2025-03-25,Wheat,1,Jalgaon,FAQ,Pachora,2950,2300,2511,Maharashtra,Other
2025-03-25,Wheat,1,Ahmednagar,FAQ,Shrirampur,2600,2400,2500,Maharashtra,Other
2025-03-25,Wheat,1,Nagpur,FAQ,Nagpur,2510,2400,2482,Maharashtra,Other
2025-03-25,Wheat,1,Jalgaon,FAQ,Jalgaon(Masawat),2835,2700,2765,Maharashtra,147 Average
2025-03-25,Wheat,1,Parbhani,FAQ,Purna,3100,2575,2750,Maharashtra,Maharashtra 2189
2025-03-25,Wheat,1,Parbhani,FAQ,Pathari,2651,2278,2501,Maharashtra,Other
2025-03-25,Wheat,1,Sangli,FAQ,Sangli,4500,3500,4000,Maharashtra,Other
2025-03-25,Wheat,1,Parbhani,FAQ,Jintur,3000,2600,2600,Maharashtra,Other
2025-03-25,Wheat,1,Nanded,FAQ,Nanded,2950,2300,2700,Maharashtra,Sharbati
2025-03-25,Wheat,1,Nashik,FAQ,Lasalgaon,3070,2400,2690,Maharashtra,Maharashtra 2189
2025-03-25,Wheat,1,Yavatmal,FAQ,"Mahesh Krushi Utpanna Bazar, Digras",2700,1800,2543,Maharashtra,Other
2025-03-25,Wheat,1,Ahmednagar,FAQ,Om Chaitanya Multistate Agro Purpose CoOp Society ,3000,2500,2500,Maharashtra,Other
2025-03-25,Wheat,1,Chattrapati Sambhajinagar,FAQ,Sillod,2550,2400,2500,Maharashtra,Other
2025-03-25,Wheat,1,Buldhana,FAQ,Chikali,2800,2300,2550,Maharashtra,Other
2025-03-25,Wheat,1,Chattrapati Sambhajinagar,FAQ,Paithan,2725,2490,2620,Maharashtra,Bansi
2025-03-25,Wheat,1,Buldhana,FAQ,Khamgaon,2550,2300,2425,Maharashtra,Other
2025-03-25,Wheat,1,Thane,FAQ,Ulhasnagar,3200,3000,3100,Maharashtra,Other
2025-03-25,Wheat,1,Vashim,FAQ,Karanja,2620,2530,2575,Maharashtra,Other
2025-03-25,Wheat,1,Dhule,FAQ,Shirpur,2800,2661,2700,Maharashtra,Other
2025-03-25,Wheat,1,Bhandara,FAQ,Bhandara,2600,2600,2600,Maharashtra,Maharashtra 2189
2025-03-25,Wheat,1,Dhule,Non-FAQ,Dhule,2274,2060,2100,Maharashtra,Other
2025-03-25,Wheat,1,Dharashiv(Usmanabad),FAQ,Tuljapur,2700,2400,2600,Maharashtra,Other
2025-03-25,Wheat,1,Buldhana,FAQ,Jalgaon Jamod(Aasalgaon),3000,2600,2800,Maharashtra,Maharashtra 2189
2025-03-25,Wheat,1,Wardha,FAQ,Ashti(Karanja),2585,2450,2530,Maharashtra,Other
2025-03-25,Wheat,1,Nashik,FAQ,Nandgaon,3250,2300,2550,Maharashtra,Maharashtra 2189
2025-03-26,Wheat,1,Bhandara,FAQ,Tumsar,2451,2329,2430,Maharashtra,Other
2025-03-26,Wheat,1,Nanded,FAQ,Loha,3181,2850,3050,Maharashtra,Other
2025-03-26,Wheat,1,Jalgaon,FAQ,Jalgaon,2600,2510,2600,Maharashtra,147 Average
2025-03-26,Wheat,1,Parbhani,FAQ,Gangakhed,3000,2500,2800,Maharashtra,Other
2025-03-26,Wheat,1,Ahmednagar,FAQ,Rahata,2621,2560,2600,Maharashtra,Other
2025-03-26,Wheat,1,Ahmednagar,FAQ,Shevgaon,2600,2400,2600,Maharashtra,Maharashtra 2189
2025-03-27,Wheat,1,Buldhana,Non-FAQ,Shegaon,2250,2250,2250,Maharashtra,Other
2025-03-27,Wheat,1,Dhule,FAQ,Dondaicha,2667,2275,2500,Maharashtra,Other
2025-03-27,Wheat,1,Mumbai,FAQ,Mumbai,6000,3000,4500,Maharashtra,Other
2025-03-27,Wheat,1,Dharashiv(Usmanabad),FAQ,Tuljapur,2700,2400,2600,Maharashtra,Other
2025-03-27,Wheat,1,Nagpur,FAQ,Katol,2580,2341,2500,Maharashtra,Other
2025-03-27,Wheat,1,Yavatmal,FAQ,"Mahesh Krushi Utpanna Bazar, Digras",2600,2200,2558,Maharashtra,Other
2025-03-27,Wheat,1,Nagpur,FAQ,Umared,2800,2400,2650,Maharashtra,Other
2025-03-27,Wheat,1,Nanded,FAQ,Nanded,2960,2425,2700,Maharashtra,Sharbati
2025-03-27,Wheat,1,Thane,FAQ,Palghar,3170,3170,3170,Maharashtra,Other
2025-03-27,Wheat,1,Nashik,Non-FAQ,Satana,2250,2025,2200,Maharashtra,Other
2025-03-27,Wheat,1,Thane,FAQ,Vasai,3960,3250,3425,Maharashtra,Other
2025-03-27,Wheat,1,Sholapur,FAQ,Kurdwadi,2901,2275,2400,Maharashtra,Other
2025-03-27,Wheat,1,Vashim,FAQ,Karanja,2590,2500,2550,Maharashtra,Other
2025-03-27,Wheat,1,Nashik,FAQ,Satana,2900,2501,2771,Maharashtra,Other
2025-03-27,Wheat,1,Buldhana,FAQ,Deoulgaon Raja,2776,2400,2600,Maharashtra,Other
2025-03-27,Wheat,1,Chattrapati Sambhajinagar,FAQ,Paithan,2756,2450,2650,Maharashtra,Bansi
2025-03-28,Wheat,1,Jalana,Non-FAQ,Jafrabad,2200,2000,2100,Maharashtra,Other
2025-03-28,Wheat,1,Chattrapati Sambhajinagar,FAQ,Paithan,2871,2650,2700,Maharashtra,Bansi
2025-03-28,Wheat,1,Buldhana,FAQ,Deoulgaon Raja,2711,2400,2500,Maharashtra,Other
2025-03-28,Wheat,1,Dharashiv(Usmanabad),FAQ,Tuljapur,2700,2400,2600,Maharashtra,Other
2025-03-28,Wheat,1,Ahmednagar,FAQ,Rahuri,3625,2400,3000,Maharashtra,Other
2025-03-28,Wheat,1,Nashik,FAQ,Nandgaon,2775,2775,2775,Maharashtra,Maharashtra 2189
2025-03-28,Wheat,1,Wardha,FAQ,Sindi(Selu),2600,2400,2500,Maharashtra,Other
2025-03-28,Wheat,1,Jalgaon,FAQ,Pachora,2751,2300,2511,Maharashtra,Other
2025-03-28,Wheat,1,Sangli,FAQ,Tasgaon,3120,2860,2950,Maharashtra,Other
2025-03-29,Wheat,1,Jalana,FAQ,Partur,2550,2475,2500,Maharashtra,Maharashtra 2189
2025-03-29,Wheat,1,Sangli,FAQ,Sangli,4500,3500,4000,Maharashtra,Other
2025-03-29,Wheat,1,Amarawati,FAQ,Achalpur,2650,2400,2525,Maharashtra,Other
2025-03-29,Wheat,1,Jalgaon,FAQ,Jalgaon(Masawat),2755,2600,2675,Maharashtra,147 Average
2025-03-29,Wheat,1,Dharashiv(Usmanabad),FAQ,Paranda,2700,2500,2550,Maharashtra,Other
2025-03-29,Wheat,1,Chattrapati Sambhajinagar,FAQ,Chattrapati Sambhajinagar,2716,2401,2558,Maharashtra,Other
2025-03-29,Wheat,1,Parbhani,FAQ,Gangakhed,2800,2500,2800,Maharashtra,Other
2025-03-29,Wheat,1,Yavatmal,FAQ,Kisan Market Yard,2600,2200,2413,Maharashtra,Other
2025-03-29,Wheat,1,Sholapur,FAQ,Solapur,4050,2490,3330,Maharashtra,Sharbati
2025-03-30,Wheat,1,Parbhani,FAQ,Parbhani,2800,2600,2700,Maharashtra,Other
2025-03-31,Wheat,1,Nagpur,FAQ,Nagpur,2528,2350,2483,Maharashtra,Other
2025-03-31,Wheat,1,Chattrapati Sambhajinagar,FAQ,Sillod,2500,2400,2500,Maharashtra,Other
2025-03-31,Wheat,1,Beed,FAQ,Kada,3000,2700,2800,Maharashtra,Maharashtra 2189
2025-04-25,Wheat,1,Chattrapati Sambhajinagar,FAQ,Kannad,2807,2500,2653,Maharashtra,Other
2025-04-25,Wheat,1,Ahmednagar,FAQ,Rahuri,2600,2400,2500,Maharashtra,Other
2025-11-01,Wheat,1,Akola,FAQ,Akola APMC,2575,2445,2535,Maharashtra,Other
2025-11-01,Wheat,1,Chattrapati Sambhajinagar,FAQ,Chattrapati Sambhajinagar APMC,2751,2500,2626,Maharashtra,Other
2025-11-01,Wheat,1,Buldhana,Non-FAQ,Malkapur APMC,2400,2400,2400,Maharashtra,Other
2025-11-01,Wheat,1,Ahmednagar,FAQ,Jamkhed APMC,2650,2450,2550,Maharashtra,Other
2025-11-01,Wheat,1,Ahmednagar,FAQ,Rahata APMC,2745,2500,2625,Maharashtra,Other
2025-11-01,Wheat,1,Ahmednagar,FAQ,Karjat(Rashin) APMC,2600,2600,2600,Maharashtra,Other
2025-11-01,Wheat,1,Nashik,FAQ,Lasalgaon(Niphad) APMC,2600,2525,2525,Maharashtra,Maharashtra 2189
2025-11-01,Wheat,1,Sholapur,FAQ,Dudhani APMC,2540,2540,2540,Maharashtra,Maharashtra 2189
2025-11-01,Wheat,1,Pune,FAQ,Indapur(Nimgaon Ketki) APMC,2700,2700,2700,Maharashtra,Maharashtra 2189
2025-11-01,Wheat,1,Thane,FAQ,Ulhasnagar APMC,3600,3200,3400,Maharashtra,Other
2025-11-01,Wheat,1,Jalgaon,FAQ,Raver APMC,2600,2481,2541,Maharashtra,Other
2025-11-01,Wheat,1,Akola,FAQ,Murtizapur APMC,2485,2430,2460,Maharashtra,Other
2025-11-01,Wheat,1,Amarawati,Non-FAQ,Dharni APMC,2400,2300,2350,Maharashtra,Other
2025-11-01,Wheat,1,Bhandara,FAQ,Tumsar APMC,2451,2451,2451,Maharashtra,Other
2025-11-01,Wheat,1,Buldhana,Non-FAQ,Khamgaon APMC,2375,2275,2325,Maharashtra,Other
2025-11-01,Wheat,1,Nashik,FAQ,Manmad APMC,2571,2425,2480,Maharashtra,Other
2025-11-01,Wheat,1,Vashim,FAQ,Washim(Ansing) APMC,2650,2450,2550,Maharashtra,Maharashtra 2189
2025-11-02,Wheat,1,Ahmednagar,FAQ,Shevgaon APMC,2650,2500,2650,Maharashtra,Maharashtra 2189
2025-11-02,Wheat,1,Pune,FAQ,Dound APMC,2800,2500,2550,Maharashtra,Maharashtra 2189
2025-11-03,Wheat,1,Sholapur,FAQ,Barshi(Vairag) APMC,2560,2500,2550,Maharashtra,Other
2025-11-03,Wheat,1,Nashik,FAQ,Lasalgaon(Niphad) APMC,2911,2537,2540,Maharashtra,Maharashtra 2189
2025-11-03,Wheat,1,Thane,FAQ,Ulhasnagar APMC,3200,2800,3000,Maharashtra,Other
2025-11-03,Wheat,1,Nashik,FAQ,Malegaon APMC,2871,2425,2600,Maharashtra,Other
2025-11-03,Wheat,1,Mumbai,FAQ,Mumbai APMC,5800,3000,4400,Maharashtra,Other
2025-11-03,Wheat,1,Ahmednagar,FAQ,Shrirampur APMC,2700,2425,2600,Maharashtra,Other
2025-11-03,Wheat,1,Wardha,Non-FAQ,Sindi(Selu) APMC,2420,2150,2375,Maharashtra,Other
2025-11-03,Wheat,1,Ahmednagar,Non-FAQ,Shrirampur(Belapur) APMC,2400,2400,2400,Maharashtra,Other
2025-11-03,Wheat,1,Wardha,Non-FAQ,Hinganghat APMC,2420,2100,2270,Maharashtra,Other
2025-11-03,Wheat,1,Beed,FAQ,Gevrai APMC,2600,2425,2500,Maharashtra,Other
2025-11-03,Wheat,1,Beed,FAQ,Majalgaon APMC,2771,2430,2500,Maharashtra,Other
2025-11-03,Wheat,1,Jalgaon,FAQ,Chalisgaon APMC,2650,2425,2473,Maharashtra,Other
2025-11-03,Wheat,1,Sholapur,FAQ,Karmala APMC,2711,2700,2700,Maharashtra,Other
2025-11-03,Wheat,1,Amarawati,FAQ,Amarawati APMC,3000,2500,2750,Maharashtra,Other
2025-11-03,Wheat,1,Buldhana,Non-FAQ,Nandura APMC,2400,2200,2400,Maharashtra,Other
2025-11-03,Wheat,1,Nandurbar,FAQ,Shahada APMC,2616,2450,2525,Maharashtra,Other
2025-11-03,Wheat,1,Jalgaon,FAQ,Amalner APMC,2701,2450,2701,Maharashtra,Other
2025-11-04,Wheat,1,Ahmednagar,FAQ,Rahuri(Vambori) APMC,2800,2501,2600,Maharashtra,Other
2025-11-04,Wheat,1,Ahmednagar,FAQ,Rahata APMC,2570,2475,2525,Maharashtra,Other
2025-11-04,Wheat,1,Chattrapati Sambhajinagar,FAQ,Chattrapati Sambhajinagar APMC,2800,2500,2650,Maharashtra,Other
2025-11-04,Wheat,1,Amarawati,FAQ,Chandur Bazar APMC,2500,2500,2500,Maharashtra,Other
2025-11-05,Wheat,1,Nashik,FAQ,Yeola APMC,2640,2450,2500,Maharashtra,Maharashtra 2189
2025-11-06,Wheat,1,Sangli,FAQ,Tasgaon APMC,3620,3150,3430,Maharashtra,Other
2025-11-06,Wheat,1,Nanded,FAQ,Loha APMC,3200,2500,2900,Maharashtra,Other
2025-11-06,Wheat,1,Pune,FAQ,Dound APMC,2737,2450,2650,Maharashtra,Maharashtra 2189
2025-11-06,Wheat,1,Buldhana,Non-FAQ,Sindkhed Raja APMC,2200,2000,2100,Maharashtra,Maharashtra 2189
2025-11-06,Wheat,1,Amarawati,Non-FAQ,Morshi APMC,2420,2200,2310,Maharashtra,Other
2025-11-07,Wheat,1,Dhule,Non-FAQ,Dhule APMC,2274,2215,2250,Maharashtra,Other
2025-11-07,Wheat,1,Chattrapati Sambhajinagar,FAQ,Sillod APMC,2550,2440,2500,Maharashtra,Other
2025-11-07,Wheat,1,Dhule,FAQ,Dhule APMC,2750,2500,2600,Maharashtra,Other
2025-11-07,Wheat,1,Yavatmal,FAQ,Pusad APMC,3150,2600,2891,Maharashtra,Other
2025-11-07,Wheat,1,Nagpur,FAQ,Nagpur APMC,2696,2550,2659,Maharashtra,Other
2025-11-07,Wheat,1,Pune,FAQ,Pune APMC,5000,4500,4750,Maharashtra,Sharbati
2025-11-07,Wheat,1,Jalgaon,FAQ,Pachora APMC,2691,2425,2511,Maharashtra,Other
2025-11-07,Wheat,1,Sholapur,FAQ,Karmala APMC,2811,2811,2811,Maharashtra,Other
2025-11-07,Wheat,1,Buldhana,Non-FAQ,Sindkhed Raja APMC,2200,2000,2100,Maharashtra,Maharashtra 2189
2025-11-07,Wheat,1,Vashim,FAQ,Washim(Ansing) APMC,2650,2450,2550,Maharashtra,Maharashtra 2189
2025-11-07,Wheat,1,Thane,FAQ,Ulhasnagar APMC,3600,3200,3400,Maharashtra,Other
2025-11-08,Wheat,1,Satara,FAQ,Vaduj APMC,3000,2700,2900,Maharashtra,Maharashtra 2189
2025-11-08,Wheat,1,Jalgaon,Non-FAQ,Parola APMC,2420,2400,2400,Maharashtra,Kalyan
2025-11-08,Wheat,1,Amarawati,FAQ,Amarawati APMC,3000,2500,2750,Maharashtra,Other
2025-11-08,Wheat,1,Parbhani,FAQ,Selu APMC,2600,2600,2600,Maharashtra,Other
2025-11-08,Wheat,1,Nagpur,FAQ,Savner APMC,2773,2500,2700,Maharashtra,Other
2025-11-08,Wheat,1,Yavatmal,FAQ,Pusad APMC,2902,2621,2791,Maharashtra,Other
2025-11-08,Wheat,1,Chattrapati Sambhajinagar,Non-FAQ,Chattrapati Sambhajinagar APMC,2400,2400,2400,Maharashtra,Other
2025-11-08,Wheat,1,Chattrapati Sambhajinagar,FAQ,Chattrapati Sambhajinagar APMC,2851,2450,2650,Maharashtra,Other
2025-11-08,Wheat,1,Akola,FAQ,Akola APMC,2775,2475,2600,Maharashtra,Other
2025-11-08,Wheat,1,Latur,Non-FAQ,Latur(Murud) APMC,2400,2000,2200,Maharashtra,Maharashtra 2189
2025-11-08,Wheat,1,Jalgaon,Non-FAQ,Pachora APMC,2400,2290,2351,Maharashtra,Other
2025-11-10,Wheat,1,Nagpur,FAQ,Nagpur APMC,2666,2548,2636,Maharashtra,Other
2025-11-10,Wheat,1,Thane,FAQ,Palghar APMC,3323,3323,3323,Maharashtra,Other
2025-11-10,Wheat,1,Jalgaon,Non-FAQ,Pachora APMC,2400,2151,2231,Maharashtra,Other
2025-11-10,Wheat,1,Akola,FAQ,Akola APMC,2675,2450,2550,Maharashtra,Other
2025-11-10,Wheat,1,Ahmednagar,FAQ,Shevgaon(Bodhegaon) APMC,2600,2500,2500,Maharashtra,Maharashtra 2189
2025-11-10,Wheat,1,Nagpur,FAQ,Nagpur APMC,3500,3200,3425,Maharashtra,Sharbati
2025-11-10,Wheat,1,Vashim,FAQ,Karanja APMC,2600,2480,2520,Maharashtra,Other
2025-11-10,Wheat,1,Nashik,FAQ,Nandgaon APMC,2656,2450,2550,Maharashtra,Maharashtra 2189
2025-11-10,Wheat,1,Dharashiv(Usmanabad),Non-FAQ,Murum APMC,2251,2251,2251,Maharashtra,Bansi
2025-11-10,Wheat,1,Sholapur,FAQ,Dudhani APMC,2645,2645,2645,Maharashtra,Maharashtra 2189
2025-11-10,Wheat,1,Ahmednagar,FAQ,Rahata APMC,2511,2511,2511,Maharashtra,Other
2025-11-11,Wheat,1,Buldhana,Non-FAQ,Chikali APMC,2400,1800,2100,Maharashtra,Other
2025-11-11,Wheat,1,Buldhana,FAQ,Malkapur APMC,2585,2500,2500,Maharashtra,Other
2025-11-11,Wheat,1,Sangli,FAQ,Sangli APMC,4000,3000,3500,Maharashtra,Other
2025-11-11,Wheat,1,Dhule,FAQ,Dhule APMC,2800,2500,2650,Maharashtra,Other
2025-11-11,Wheat,1,Chattrapati Sambhajinagar,FAQ,Sillod APMC,2560,2440,2500,Maharashtra,Other
2025-11-11,Wheat,1,Nagpur,FAQ,Nagpur APMC,2658,2526,2625,Maharashtra,Other
2025-11-11,Wheat,1,Jalana,FAQ,Bhokardan(Pimpalgaon Renu) APMC,2550,2425,2500,Maharashtra,Other
2025-11-11,Wheat,1,Sholapur,Non-FAQ,Karmala APMC,2400,2100,2351,Maharashtra,Other
2025-11-11,Wheat,1,Parbhani,FAQ,Gangakhed APMC,2600,2550,2550,Maharashtra,Other
2025-11-11,Wheat,1,Nashik,Non-FAQ,Lasalgaon(Niphad) APMC,2375,2375,2375,Maharashtra,Maharashtra 2189
2025-11-11,Wheat,1,Latur,Non-FAQ,Aurad Shahajani APMC,2350,2350,2350,Maharashtra,Maharashtra 2189
2025-11-11,Wheat,1,Ahmednagar,Non-FAQ,Jamkhed APMC,2400,2200,2300,Maharashtra,Other
2025-11-12,Wheat,1,Amarawati,FAQ,Chandur Bazar APMC,2600,2570,2570,Maharashtra,Other
2025-11-12,Wheat,1,Ahmednagar,FAQ,Kopargaon APMC,2875,2475,2700,Maharashtra,Other
2025-11-12,Wheat,1,Ahmednagar,FAQ,Rahuri(Vambori) APMC,2550,2550,2550,Maharashtra,Other
2025-11-12,Wheat,1,Jalana,Non-FAQ,Partur APMC,2400,2200,2300,Maharashtra,Maharashtra 2189
2025-11-12,Wheat,1,Amarawati,Non-FAQ,Chandur Bazar APMC,2420,2300,2420,Maharashtra,Other
2025-11-13,Wheat,1,Buldhana,Non-FAQ,Chikali APMC,2300,2050,2175,Maharashtra,Other
2025-11-13,Wheat,1,Nashik,FAQ,Malegaon APMC,2776,2426,2525,Maharashtra,Other
2025-11-13,Wheat,1,Sholapur,FAQ,Solapur APMC,3825,2670,3350,Maharashtra,Sharbati
2025-11-13,Wheat,1,Amarawati,FAQ,Amarawati APMC,3000,2550,2775,Maharashtra,Other
2025-11-13,Wheat,1,Ahmednagar,FAQ,Shevgaon(Bodhegaon) APMC,2600,2500,2600,Maharashtra,Maharashtra 2189
2025-11-13,Wheat,1,Ahmednagar,Non-FAQ,Jamkhed APMC,2400,2200,2300,Maharashtra,Other
2025-11-13,Wheat,1,Nagpur,FAQ,Nagpur APMC,2622,2492,2587,Maharashtra,Other
2025-11-13,Wheat,1,Jalana,FAQ,Jalana APMC,2700,2475,2600,Maharashtra,Other
2025-11-13,Wheat,1,Sholapur,FAQ,Dudhani APMC,2720,2720,2720,Maharashtra,Maharashtra 2189
2025-11-13,Wheat,1,Nashik,FAQ,Satana APMC,2900,2475,2630,Maharashtra,Other
2025-11-13,Wheat,1,Wardha,Non-FAQ,Hinganghat APMC,2420,2100,2250,Maharashtra,Other
2025-11-13,Wheat,1,Beed,FAQ,Majalgaon APMC,2900,2450,2600,Maharashtra,Other
2025-11-13,Wheat,1,Akola,FAQ,Murtizapur APMC,2550,2430,2490,Maharashtra,Other
2025-11-13,Wheat,1,Chattrapati Sambhajinagar,Non-FAQ,Chattrapati Sambhajinagar APMC,2391,2300,2346,Maharashtra,Other
2025-11-13,Wheat,1,Thane,FAQ,Ulhasnagar APMC,3500,3000,3250,Maharashtra,Other
2025-11-14,Wheat,1,Nagpur,FAQ,Nagpur APMC,2604,2545,2581,Maharashtra,Other
2025-11-14,Wheat,1,Akola,FAQ,Akola APMC,2725,2440,2600,Maharashtra,Other
2025-11-14,Wheat,1,Thane,FAQ,Ulhasnagar APMC,3500,3000,3250,Maharashtra,Other
2025-11-14,Wheat,1,Wardha,Non-FAQ,Hinganghat APMC,2420,2100,2200,Maharashtra,Other
2025-11-14,Wheat,1,Chattrapati Sambhajinagar,FAQ,Chattrapati Sambhajinagar APMC,2851,2601,2726,Maharashtra,Other
2025-11-14,Wheat,1,Akola,FAQ,Murtizapur APMC,2525,2430,2480,Maharashtra,Other
2025-11-14,Wheat,1,Ahmednagar,Non-FAQ,Jamkhed APMC,2400,2200,2300,Maharashtra,Other
2025-11-14,Wheat,1,Yavatmal,FAQ,Yeotmal APMC,2505,2505,2505,Maharashtra,Other
2025-11-14,Wheat,1,Buldhana,FAQ,Mehekar APMC,2800,2500,2650,Maharashtra,Other
2025-11-14,Wheat,1,Jalgaon,FAQ,Pachora APMC,2700,2425,2551,Maharashtra,Other
2025-11-14,Wheat,1,Jalana,FAQ,Jalana APMC,2750,2500,2600,Maharashtra,Other
2025-11-14,Wheat,1,Dharashiv(Usmanabad),Non-FAQ,Paranda APMC,2300,2300,2300,Maharashtra,Other
2025-11-14,Wheat,1,Buldhana,FAQ,Deoulgaon Raja APMC,2653,2450,2522,Maharashtra,Other
2025-11-14,Wheat,1,Dharashiv(Usmanabad),FAQ,Umarga APMC,3000,3000,3000,Maharashtra,Maharashtra 2189
2025-11-14,Wheat,1,Nashik,FAQ,Devala APMC,2930,2515,2610,Maharashtra,Maharashtra 2189
2025-11-14,Wheat,1,Sangli,FAQ,Sangli APMC,4000,3200,3600,Maharashtra,Other
2025-11-15,Wheat,1,Chattrapati Sambhajinagar,FAQ,Chattrapati Sambhajinagar APMC,2810,2701,2756,Maharashtra,Other
2025-11-15,Wheat,1,Amarawati,FAQ,Amarawati APMC,3000,2500,2750,Maharashtra,Other
2025-11-15,Wheat,1,Ahmednagar,FAQ,Kopargaon APMC,2486,2425,2470,Maharashtra,Other
2025-11-15,Wheat,1,Wardha,FAQ,Sindi(Selu) APMC,2500,2450,2470,Maharashtra,Other
2025-11-15,Wheat,1,Dharashiv(Usmanabad),Non-FAQ,Murum APMC,2300,2300,2300,Maharashtra,Bansi
2025-11-16,Wheat,1,Pune,FAQ,Dound APMC,2900,2500,2600,Maharashtra,Maharashtra 2189
2025-11-17,Wheat,1,Vashim,FAQ,Washim APMC,2590,2450,2500,Maharashtra,Maharashtra 2189
2025-11-17,Wheat,1,Dhule,Non-FAQ,Dhule APMC,2272,2201,2240,Maharashtra,Other
2025-11-17,Wheat,1,Sholapur,Non-FAQ,Karmala APMC,2400,1851,2300,Maharashtra,Other
2025-11-17,Wheat,1,Sangli,FAQ,Sangli APMC,4000,3200,3600,Maharashtra,Other
2025-11-17,Wheat,1,Ahmednagar,FAQ,Kopargaon APMC,2770,2425,2590,Maharashtra,Other
2025-11-17,Wheat,1,Hingoli,Non-FAQ,Hingoli APMC,2400,2000,2200,Maharashtra,Sharbati
2025-11-17,Wheat,1,Nagpur,FAQ,Katol APMC,2500,2481,2490,Maharashtra,Other
2025-11-18,Wheat,1,Nashik,FAQ,Lasalgaon(Niphad) APMC,2700,2476,2581,Maharashtra,Maharashtra 2189
2025-11-18,Wheat,1,Jalana,FAQ,Jalana APMC,2725,2500,2575,Maharashtra,Other
2025-11-18,Wheat,1,Jalgaon,FAQ,Amalner APMC,2525,2450,2525,Maharashtra,Other
2025-11-18,Wheat,1,Jalgaon,FAQ,Jalgaon APMC,2500,2500,2500,Maharashtra,147 Average
2025-11-18,Wheat,1,Nashik,Non-FAQ,Satana APMC,2361,2361,2361,Maharashtra,Other
2025-11-18,Wheat,1,Thane,FAQ,Palghar APMC,3400,3400,3400,Maharashtra,Other
2025-11-18,Wheat,1,Jalgaon,Non-FAQ,Pachora APMC,2400,2000,2200,Maharashtra,Other
2025-11-18,Wheat,1,Akola,FAQ,Akola APMC,2590,2460,2535,Maharashtra,Other
2025-11-18,Wheat,1,Beed,FAQ,Beed APMC,2871,2491,2637,Maharashtra,Other
2025-11-19,Wheat,1,Nagpur,FAQ,Nagpur APMC,2600,2498,2574,Maharashtra,Sharbati
2025-11-19,Wheat,1,Nashik,FAQ,Nandgaon APMC,2600,2540,2550,Maharashtra,Maharashtra 2189
2025-11-19,Wheat,1,Nashik,Non-FAQ,Malegaon APMC,2423,2121,2400,Maharashtra,Other
2025-11-19,Wheat,1,Nashik,FAQ,Satana APMC,3131,2525,2850,Maharashtra,Other
2025-11-19,Wheat,1,Sholapur,FAQ,Karmala APMC,2811,2700,2700,Maharashtra,Other
2025-11-19,Wheat,1,Jalgaon,FAQ,Raver APMC,2600,2600,2600,Maharashtra,Other
2025-11-19,Wheat,1,Buldhana,Non-FAQ,Deoulgaon Raja APMC,2401,2300,2401,Maharashtra,Other
2025-11-19,Wheat,1,Ahmednagar,FAQ,Rahuri(Vambori) APMC,2751,2550,2650,Maharashtra,Other
2025-11-20,Wheat,1,Thane,FAQ,Kalyan APMC,4000,3300,3650,Maharashtra,Sharbati
2025-11-20,Wheat,1,Ahmednagar,FAQ,Jamkhed APMC,2700,2500,2600,Maharashtra,Other
2025-11-20,Wheat,1,Yavatmal,FAQ,Yeotmal APMC,2565,2565,2565,Maharashtra,Other
2025-11-20,Wheat,1,Nashik,FAQ,Lasalgaon(Niphad) APMC,2571,2526,2550,Maharashtra,Maharashtra 2189
2025-11-20,Wheat,1,Bhandara,Non-FAQ,Bhandara APMC,2300,2300,2300,Maharashtra,Maharashtra 2189
2025-11-20,Wheat,1,Nashik,Non-FAQ,Satana APMC,2199,2199,2199,Maharashtra,Other
2025-11-20,Wheat,1,Sangli,FAQ,Sangli APMC,4000,3000,3500,Maharashtra,Other
2025-11-20,Wheat,1,Nagpur,FAQ,Savner APMC,2500,2460,2480,Maharashtra,Other
2025-11-21,Wheat,1,Latur,Non-FAQ,Aurad Shahajani APMC,2424,2351,2400,Maharashtra,Maharashtra 2189
2025-11-21,Wheat,1,Buldhana,Non-FAQ,Sindkhed Raja APMC,2200,2000,2100,Maharashtra,Maharashtra 2189
2025-11-21,Wheat,1,Sholapur,FAQ,Dudhani APMC,2650,2570,2650,Maharashtra,Maharashtra 2189
2025-11-21,Wheat,1,Nagpur,FAQ,Nagpur APMC,3500,3200,3425,Maharashtra,Sharbati
2025-11-21,Wheat,1,Chattrapati Sambhajinagar,FAQ,Paithan APMC,2866,2500,2651,Maharashtra,Bansi
2025-11-21,Wheat,1,Buldhana,FAQ,Lonar APMC,2450,2425,2437,Maharashtra,Other
2025-11-21,Wheat,1,Thane,FAQ,Ulhasnagar APMC,3400,3200,3300,Maharashtra,Other
2025-11-21,Wheat,1,Mumbai,FAQ,Mumbai APMC,5800,3000,4400,Maharashtra,Other
2025-11-21,Wheat,1,Beed,FAQ,Beed APMC,3101,2450,2768,Maharashtra,Other
2025-11-21,Wheat,1,Dhule,FAQ,Dhule APMC,2525,2500,2500,Maharashtra,Other
2025-11-21,Wheat,1,Sholapur,FAQ,Solapur APMC,3840,2670,3380,Maharashtra,Sharbati
2025-11-21,Wheat,1,Buldhana,FAQ,Deoulgaon Raja APMC,2456,2456,2456,Maharashtra,Other
2025-11-21,Wheat,1,Buldhana,Non-FAQ,Chikali APMC,2400,2000,2200,Maharashtra,Other
2025-11-22,Wheat,1,Ahmednagar,FAQ,Jamkhed APMC,2700,2500,2600,Maharashtra,Other
2025-11-22,Wheat,1,Akola,FAQ,Akola APMC,2615,2460,2540,Maharashtra,Other
2025-11-22,Wheat,1,Buldhana,FAQ,Deoulgaon Raja APMC,2430,2430,2430,Maharashtra,Other
2025-11-22,Wheat,1,Sholapur,FAQ,Solapur APMC,3850,2665,3375,Maharashtra,Sharbati
2025-11-22,Wheat,1,Satara,FAQ,Vaduj APMC,3000,2700,2900,Maharashtra,Maharashtra 2189
2025-11-22,Wheat,1,Dharashiv(Usmanabad),FAQ,Tuljapur APMC,2700,2430,2625,Maharashtra,Other
2025-11-22,Wheat,1,Ahmednagar,FAQ,Rahuri(Vambori) APMC,2722,2431,2563,Maharashtra,Other
2025-11-22,Wheat,1,Buldhana,Non-FAQ,Deoulgaon Raja APMC,2400,2400,2400,Maharashtra,Other
2025-11-22,Wheat,1,Akola,FAQ,Murtizapur APMC,2500,2430,2465,Maharashtra,Other
2025-11-22,Wheat,1,Buldhana,Non-FAQ,Sindkhed Raja APMC,2200,2000,2100,Maharashtra,Maharashtra 2189
2025-11-23,Wheat,1,Amarawati,FAQ,Varud APMC,2625,2500,2575,Maharashtra,Other
2025-11-24,Wheat,1,Nashik,FAQ,Lasalgaon(Niphad) APMC,2641,2481,2500,Maharashtra,Maharashtra 2189
2025-11-24,Wheat,1,Beed,FAQ,Majalgaon APMC,3000,2480,2650,Maharashtra,Other
2025-11-24,Wheat,1,Beed,FAQ,Beed APMC,3000,2450,2669,Maharashtra,Other
2025-11-24,Wheat,1,Nashik,FAQ,Satana APMC,2971,2575,2850,Maharashtra,Other
2025-11-24,Wheat,1,Nashik,Non-FAQ,Satana APMC,2361,2361,2361,Maharashtra,Other
2025-11-24,Wheat,1,Jalgaon,FAQ,Raver APMC,2551,2551,2551,Maharashtra,Other
2025-11-24,Wheat,1,Buldhana,Non-FAQ,Deoulgaon Raja APMC,2400,2254,2400,Maharashtra,Other
2025-11-25,Wheat,1,Vashim,FAQ,Mangrulpeer APMC,2745,2550,2650,Maharashtra,Kalyan
2025-11-25,Wheat,1,Buldhana,FAQ,Lonar APMC,2500,2425,2462,Maharashtra,Other
2025-11-25,Wheat,1,Nagpur,FAQ,Savner APMC,2585,2585,2585,Maharashtra,Other
2025-11-25,Wheat,1,Yavatmal,FAQ,Yeotmal APMC,2550,2550,2550,Maharashtra,Other
2025-11-25,Wheat,1,Sangli,FAQ,Sangli APMC,4000,3000,3500,Maharashtra,Other
2025-11-25,Wheat,1,Akola,FAQ,Akola APMC,2700,2460,2590,Maharashtra,Other
2025-11-25,Wheat,1,Thane,FAQ,Palghar APMC,3300,3300,3300,Maharashtra,Other
2025-11-25,Wheat,1,Latur,Non-FAQ,Latur(Murud) APMC,2400,2000,2200,Maharashtra,Maharashtra 2189
2025-11-25,Wheat,1,Sholapur,FAQ,Dudhani APMC,3230,3000,3230,Maharashtra,Maharashtra 2189
2025-11-25,Wheat,1,Sholapur,Non-FAQ,Karmala APMC,1951,1951,1951,Maharashtra,Other
2025-11-25,Wheat,1,Jalgaon,Non-FAQ,Pachora APMC,2400,2000,2200,Maharashtra,Other
2025-11-26,Wheat,1,Ahmednagar,Non-FAQ,Rahuri(Vambori) APMC,2301,2301,2301,Maharashtra,Other
2025-11-26,Wheat,1,Buldhana,Non-FAQ,Chikali APMC,2300,2000,2150,Maharashtra,Other
2025-11-26,Wheat,1,Nanded,FAQ,Nanded APMC,2800,2800,2800,Maharashtra,Sharbati
2025-11-26,Wheat,1,Vashim,FAQ,Mangrulpeer APMC,3055,2540,2600,Maharashtra,Kalyan
2025-11-26,Wheat,1,Amarawati,FAQ,Amarawati APMC,3000,2500,2750,Maharashtra,Other
2025-11-26,Wheat,1,Ahmednagar,FAQ,Newasa APMC,2700,2700,2700,Maharashtra,Maharashtra 2189
2025-11-26,Wheat,1,Chattrapati Sambhajinagar,FAQ,Paithan APMC,2870,2511,2631,Maharashtra,Bansi
2025-11-26,Wheat,1,Sholapur,FAQ,Dudhani APMC,2500,2500,2500,Maharashtra,Maharashtra 2189
2025-11-27,Wheat,1,Jalgaon,FAQ,Pachora APMC,2600,2425,2511,Maharashtra,Other
2025-11-27,Wheat,1,Ahmednagar,Non-FAQ,Jamkhed APMC,2400,2200,2300,Maharashtra,Other
2025-11-27,Wheat,1,Nagpur,FAQ,Nagpur APMC,3500,3200,3425,Maharashtra,Sharbati
2025-11-27,Wheat,1,Sholapur,FAQ,Akluj APMC,2600,2600,2600,Maharashtra,Other
2025-11-27,Wheat,1,Ahmednagar,FAQ,Kopargaon APMC,2600,2425,2550,Maharashtra,Other
2025-11-27,Wheat,1,Ahmednagar,Non-FAQ,Rahuri(Vambori) APMC,2350,2350,2350,Maharashtra,Other
2025-11-27,Wheat,1,Latur,FAQ,Ahmedpur APMC,2800,2751,2776,Maharashtra,Other
2025-11-27,Wheat,1,Vashim,FAQ,Washim APMC,2600,2425,2500,Maharashtra,Maharashtra 2189
2025-11-28,Wheat,1,Jalgaon,FAQ,Amalner APMC,2571,2450,2571,Maharashtra,Other
2025-11-28,Wheat,1,Amarawati,Non-FAQ,Chandur Bazar APMC,2400,2350,2400,Maharashtra,Other
2025-11-28,Wheat,1,Bhandara,FAQ,Bhandara APMC,2800,2800,2800,Maharashtra,Maharashtra 2189
2025-11-28,Wheat,1,Ahmednagar,FAQ,Shevgaon(Bodhegaon) APMC,2600,2500,2500,Maharashtra,Maharashtra 2189
2025-11-28,Wheat,1,Wardha,FAQ,Wardha APMC,2585,2550,2565,Maharashtra,Other
2025-11-28,Wheat,1,Nagpur,FAQ,Nagpur APMC,2570,2426,2527,Maharashtra,Other
2025-11-28,Wheat,1,Yavatmal,FAQ,Yeotmal APMC,2550,2540,2545,Maharashtra,Other
2025-11-28,Wheat,1,Buldhana,FAQ,Malkapur APMC,3030,2425,2500,Maharashtra,Other
2025-11-28,Wheat,1,Akola,FAQ,Murtizapur APMC,2580,2435,2510,Maharashtra,Other
2025-11-28,Wheat,1,Ahmednagar,FAQ,Rahuri APMC,2600,2500,2550,Maharashtra,Other
2025-11-28,Wheat,1,Vashim,Non-FAQ,Mangrulpeer APMC,2195,2195,2195,Maharashtra,Other
2025-11-29,Wheat,1,Chattrapati Sambhajinagar,Non-FAQ,Chattrapati Sambhajinagar APMC,2400,2400,2400,Maharashtra,Other
2025-11-29,Wheat,1,Chattrapati Sambhajinagar,FAQ,Chattrapati Sambhajinagar APMC,2800,2550,2675,Maharashtra,Other
2025-11-29,Wheat,1,Pune,FAQ,Pune APMC,5600,4000,4800,Maharashtra,Sharbati
2025-11-29,Wheat,1,Buldhana,FAQ,Malkapur APMC,2770,2545,2600,Maharashtra,Other
2025-11-29,Wheat,1,Amarawati,FAQ,Achalpur APMC,2550,2500,2525,Maharashtra,Other
2025-11-30,Wheat,1,Chattrapati Sambhajinagar,FAQ,Paithan APMC,2730,2510,2680,Maharashtra,Bansi
2026-04-01,Wheat,1,Thane,FAQ,Kalyan APMC,3200,2800,3000,Maharashtra,Sharbati
2026-04-01,Wheat,1,Ahilyanagar,Local,"Omchatinya Multi State Agro Purpose Co-Op Society, Dist Ahilyanagar",2300,2300,2300,Maharashtra,Other
2026-04-01,Wheat,1,Nanded,Non-FAQ,Mudkhed APMC,2440,2440,2440,Maharashtra,Other
2026-04-01,Wheat,1,Beed,Non-FAQ,Vadvani APMC,2580,1800,2400,Maharashtra,Other
2026-04-01,Wheat,1,Ahilyanagar,Non-FAQ,Rahuri(Vambori) APMC,2158,2050,2091,Maharashtra,Other
2026-04-01,Wheat,1,Wardha,Non-FAQ,Wardha APMC,2390,2200,2300,Maharashtra,Other
2026-04-01,Wheat,1,Parbhani,Non-FAQ,Jintur APMC,2100,2025,2025,Maharashtra,Other
2026-04-01,Wheat,1,Ahilyanagar,Non-FAQ,Shrirampur APMC,2300,2100,2200,Maharashtra,Other
2026-04-01,Wheat,1,Beed,Non-FAQ,Beed APMC,2400,2018,2254,Maharashtra,Other
2026-04-01,Wheat,1,Nandurbar,Non-FAQ,Taloda APMC,2384,2126,2300,Maharashtra,Other
2026-04-01,Wheat,1,Parbhani,FAQ,Gangakhed APMC,2700,2600,2600,Maharashtra,Other
2026-04-01,Wheat,1,Jalgaon,Non-FAQ,Raver APMC,2400,2190,2190,Maharashtra,Other
2026-04-01,Wheat,1,Ahmednagar,Non-FAQ,Shevgaon(Bodhegaon) APMC,2300,2000,2000,Maharashtra,Maharashtra 2189
2026-04-01,Wheat,1,Ahmednagar,Non-FAQ,Rahuri(Vambori) APMC,2158,2050,2091,Maharashtra,Other
2026-04-01,Wheat,1,Ahmednagar,Non-FAQ,Shrirampur(Belapur) APMC,2100,2100,2100,Maharashtra,Other
2026-04-01,Wheat,1,Ahmednagar,Local,Om Chaitanya Multistate Agro Purpose CoOp Society  APMC,2300,2300,2300,Maharashtra,Other
2026-04-01,Wheat,1,Ahilyanagar,Non-FAQ,Shevgaon APMC,2300,2000,2000,Maharashtra,Maharashtra 2189
2026-04-01,Wheat,1,Latur,Non-FAQ,Aurad Shahajani APMC,2424,2000,2300,Maharashtra,Maharashtra 2189
2026-04-01,Wheat,1,Mumbai,FAQ,Mumbai APMC,5600,2900,4250,Maharashtra,Other
2026-04-02,Wheat,1,Pune,FAQ,Pune APMC,4700,4000,4350,Maharashtra,Sharbati
2026-04-02,Wheat,1,Ahilyanagar,Non-FAQ,Kopargaon APMC,2126,2080,2109,Maharashtra,Other
2026-04-02,Wheat,1,Buldhana,Local,"Bsk Krishi Bazar Private Limited, Mehkar, Dist Buldhana",2100,2040,2060,Maharashtra,Other
2026-04-02,Wheat,1,Jalgaon,Non-FAQ,Raver APMC,2211,2200,2200,Maharashtra,Other
2026-04-02,Wheat,1,Solapur,FAQ,Kurdwadi(Modnimb) APMC,2900,2585,2700,Maharashtra,Other
2026-04-02,Wheat,1,Pune,Non-FAQ,Baramati APMC,2500,2250,2300,Maharashtra,Maharashtra 2189
2026-04-02,Wheat,1,Sholapur,Non-FAQ,Dudhani APMC,2500,2115,2221,Maharashtra,Maharashtra 2189
2026-04-02,Wheat,1,Latur,Non-FAQ,Latur(Murud) APMC,2584,2000,2111,Maharashtra,Maharashtra 2189
2026-04-02,Wheat,1,Nashik,Non-FAQ,Lasalgaon(Niphad) APMC,2165,1800,2165,Maharashtra,Maharashtra 2189
2026-04-02,Wheat,1,Jalgaon,Non-FAQ,Jalgaon(Masawat) APMC,2550,2550,2550,Maharashtra,147 Average
2026-04-02,Wheat,1,Ahmednagar,Non-FAQ,Rahuri APMC,2200,2000,2100,Maharashtra,Other
2026-04-02,Wheat,1,Dharashiv(Usmanabad),Non-FAQ,Tuljapur APMC,2400,2100,2325,Maharashtra,Other
2026-04-02,Wheat,1,Ahmednagar,Non-FAQ,Karjat(Rashin) APMC,2200,2200,2200,Maharashtra,Other
2026-04-03,Wheat,1,Nagpur,Non-FAQ,Katol APMC,2400,2141,2350,Maharashtra,Other
2026-04-03,Wheat,1,Buldhana,Local,"Bsk Krishi Bazar Private Limited, Mehkar, Dist Buldhana",2120,2070,2100,Maharashtra,Other
2026-04-03,Wheat,1,Pune,FAQ,Pune APMC,4700,4000,4350,Maharashtra,Sharbati
2026-04-03,Wheat,1,Solapur,FAQ,Barshi APMC,2700,2700,2700,Maharashtra,Other
2026-04-03,Wheat,1,Parbhani,Non-FAQ,Jintur APMC,2100,2100,2100,Maharashtra,Other
2026-04-03,Wheat,1,Ahmednagar,Local,Om Chaitanya Multistate Agro Purpose CoOp Society  APMC,2300,2200,2200,Maharashtra,Other
2026-04-03,Wheat,1,Solapur,FAQ,Solapur APMC,3775,2600,3270,Maharashtra,Sharbati
2026-04-03,Wheat,1,Yavatmal,Local,Kisan Market Yard APMC,2235,2105,2179,Maharashtra,Other
2026-04-03,Wheat,1,Ahmednagar,Non-FAQ,Rahuri APMC,2300,2100,2200,Maharashtra,Other
2026-04-04,Wheat,1,Hingoli,Non-FAQ,Hingoli(Kanegoan Naka) APMC,2200,1800,2000,Maharashtra,Other
2026-04-04,Wheat,1,Wardha,Non-FAQ,Pulgaon APMC,2275,2125,2250,Maharashtra,Other
2026-04-04,Wheat,1,Ahilyanagar,Non-FAQ,Kopargaon APMC,2451,2001,2250,Maharashtra,Other
2026-04-04,Wheat,1,Dharashiv,Non-FAQ,Murum APMC,2500,1800,2141,Maharashtra,Bansi
2026-04-04,Wheat,1,Ahilyanagar,Non-FAQ,Rahuri(Vambori) APMC,2325,2085,2302,Maharashtra,Other
2026-04-04,Wheat,1,Chattrapati Sambhajinagar,Non-FAQ,Chattrapati Sambhajinagar APMC,2500,1811,2156,Maharashtra,Other
2026-04-04,Wheat,1,Jalgaon,Non-FAQ,Jalgaon(Masawat) APMC,2250,2250,2250,Maharashtra,147 Average
2026-04-04,Wheat,1,Dhule,Non-FAQ,Dhule APMC,2485,2155,2255,Maharashtra,Other
2026-04-04,Wheat,1,Solapur,Non-FAQ,Dudhani APMC,2250,2190,2214,Maharashtra,Maharashtra 2189
2026-04-04,Wheat,1,Buldhana,Local,"Bsk Krishi Bazar Private Limited, Mehkar, Dist Buldhana",2120,1950,2075,Maharashtra,Other
2026-04-04,Wheat,1,Thane,FAQ,Palghar APMC,3425,3425,3425,Maharashtra,Other
2026-04-04,Wheat,1,Buldhana,Non-FAQ,Chikali APMC,2410,1720,2065,Maharashtra,Other
2026-04-04,Wheat,1,Ahmednagar,Non-FAQ,Rahuri(Vambori) APMC,2325,2085,2302,Maharashtra,Other
2026-04-04,Wheat,1,Jalana,FAQ,Jalana APMC,2817,2817,2817,Maharashtra,Other
2026-04-04,Wheat,1,Palghar,FAQ,Palghar APMC,3425,3425,3425,Maharashtra,Other
2026-04-04,Wheat,1,Vashim,Non-FAQ,Washim APMC,2350,2150,2250,Maharashtra,Maharashtra 2189
2026-04-04,Wheat,1,Jalna,FAQ,Jalana APMC,2817,2817,2817,Maharashtra,Other
2026-04-04,Wheat,1,Sholapur,FAQ,Solapur APMC,3770,2605,3265,Maharashtra,Sharbati
2026-04-05,Wheat,1,Ahilyanagar,Non-FAQ,Rahuri APMC,2325,1850,2100,Maharashtra,Other
2026-04-05,Wheat,1,Ahmednagar,Non-FAQ,Karjat(Rashin) APMC,2300,2300,2300,Maharashtra,Other
2026-04-05,Wheat,1,Chattrapati Sambhajinagar,FAQ,Paithan APMC,2700,2700,2700,Maharashtra,Bansi
2026-04-05,Wheat,1,Pune,Non-FAQ,Shirur APMC,2500,2100,2100,Maharashtra,Other
2026-04-05,Wheat,1,Ahilyanagar,FAQ,Newasa APMC,2600,2600,2600,Maharashtra,Maharashtra 2189
2026-04-06,Wheat,1,Nashik,FAQ,Lasalgaon(Niphad) APMC,2600,2600,2600,Maharashtra,Maharashtra 2189
2026-04-06,Wheat,1,Dharashiv,FAQ,Kalamb (Dharashiv) APMC,2851,2851,2851,Maharashtra,Maharashtra 2189
2026-04-06,Wheat,1,Dharashiv(Usmanabad),Non-FAQ,Kalamb (Dharashiv) APMC,2100,1800,2100,Maharashtra,Maharashtra 2189
2026-04-06,Wheat,1,Solapur,Non-FAQ,Dudhani APMC,2300,2000,2221,Maharashtra,Maharashtra 2189
2026-04-06,Wheat,1,Nashik,Non-FAQ,Lasalgaon APMC,2580,2000,2261,Maharashtra,Maharashtra 2189
2026-04-06,Wheat,1,Dhule,Non-FAQ,Sakri APMC,2160,2050,2151,Maharashtra,Other
2026-04-06,Wheat,1,Kolhapur,FAQ,Kolhapur(Laxmipuri) APMC,4500,2900,3700,Maharashtra,Other
2026-04-06,Wheat,1,Solapur,FAQ,Kurdwadi APMC,2700,2700,2700,Maharashtra,Other
2026-04-06,Wheat,1,Ahilyanagar,Non-FAQ,Ahilyanagar APMC,2350,2100,2225,Maharashtra,Other
2026-04-06,Wheat,1,Nandurbar,Non-FAQ,Taloda APMC,2422,2200,2370,Maharashtra,Other
2026-04-06,Wheat,1,Jalgaon,Non-FAQ,Raver APMC,2221,2135,2196,Maharashtra,Other
2026-04-06,Wheat,1,Buldhana,Non-FAQ,Mehekar APMC,2400,2000,2300,Maharashtra,Other
2026-04-06,Wheat,1,Parbhani,Non-FAQ,Sonpeth APMC,2299,2025,2200,Maharashtra,Other
2026-04-06,Wheat,1,Nagpur,Non-FAQ,Katol APMC,2250,2151,2200,Maharashtra,Other
2026-04-06,Wheat,1,Solapur,FAQ,Kurdwadi(Modnimb) APMC,2900,2585,2700,Maharashtra,Other
2026-04-06,Wheat,1,Solapur,Non-FAQ,Akluj APMC,2200,2200,2200,Maharashtra,Other
2026-04-06,Wheat,1,Solapur,Non-FAQ,Karmala APMC,2475,2000,2151,Maharashtra,Other
2026-04-06,Wheat,1,Ahmednagar,Non-FAQ,Ahmednagar APMC,2350,2100,2225,Maharashtra,Other
2026-04-06,Wheat,1,Dhule,Local,Keshranand Cotex  APMC,2700,2300,2500,Maharashtra,Other
2026-04-06,Wheat,1,Ahmednagar,Non-FAQ,Shrirampur APMC,2200,2000,2100,Maharashtra,Other
2026-04-06,Wheat,1,Vashim,Non-FAQ,Karanja APMC,2300,2150,2250,Maharashtra,Other
2026-04-06,Wheat,1,Ahilyanagar,Non-FAQ,Shevgaon(Bodhegaon) APMC,2200,2000,2000,Maharashtra,Maharashtra 2189
2026-04-06,Wheat,1,Dharashiv(Usmanabad),Non-FAQ,Murum APMC,2000,2000,2000,Maharashtra,Bansi
2026-04-06,Wheat,1,Dharashiv(Usmanabad),Non-FAQ,Tuljapur APMC,2400,2100,2200,Maharashtra,Other
2026-04-06,Wheat,1,Nagpur,Non-FAQ,Nagpur APMC,2200,2050,2162,Maharashtra,Other
2026-04-06,Wheat,1,Jalgaon,Non-FAQ,Amalner APMC,2300,2200,2300,Maharashtra,Other
2026-04-06,Wheat,1,Amarawati,Non-FAQ,Morshi APMC,2400,2200,2300,Maharashtra,Other
2026-04-06,Wheat,1,Ahilyanagar,Local,"Omchatinya Multi State Agro Purpose Co-Op Society, Dist Ahilyanagar",2200,2200,2200,Maharashtra,Other
2026-04-06,Wheat,1,Nashik,Non-FAQ,Malegaon APMC,2583,1201,2201,Maharashtra,Other
2026-04-06,Wheat,1,Solapur,Non-FAQ,Barshi APMC,2150,2150,2150,Maharashtra,Other
2026-04-07,Wheat,1,Ahilyanagar,Non-FAQ,Rahuri APMC,2300,2000,2150,Maharashtra,Other
2026-04-07,Wheat,1,Parbhani,Non-FAQ,Jintur APMC,2101,2101,2101,Maharashtra,Other
2026-04-07,Wheat,1,Dhule,Non-FAQ,Dhule APMC,2520,2130,2375,Maharashtra,Other
2026-04-07,Wheat,1,Nashik,Non-FAQ,Manmad APMC,2386,1942,2150,Maharashtra,Other
2026-04-07,Wheat,1,Amarawati,Non-FAQ,Anajngaon APMC,2500,2000,2300,Maharashtra,Other
2026-04-07,Wheat,1,Nashik,Non-FAQ,Lasalgaon(Vinchur) APMC,2501,2000,2300,Maharashtra,Other
2026-04-07,Wheat,1,Nagpur,Non-FAQ,Kalmeshwar APMC,2070,1900,2000,Maharashtra,Other
2026-04-07,Wheat,1,Nashik,Non-FAQ,Nandgaon APMC,2584,2143,2150,Maharashtra,Maharashtra 2189
2026-04-07,Wheat,1,Solapur,FAQ,Karmala APMC,2600,2600,2600,Maharashtra,Other
2026-04-07,Wheat,1,Mumbai,FAQ,Mumbai APMC,5600,2900,4250,Maharashtra,Other
2026-04-07,Wheat,1,Beed,Non-FAQ,Beed APMC,2401,2070,2238,Maharashtra,Other
2026-04-07,Wheat,1,Nashik,Non-FAQ,Sinner APMC,2345,2100,2250,Maharashtra,Other
2026-04-07,Wheat,1,Akola,FAQ,Akola APMC,2780,2600,2650,Maharashtra,Other
2026-04-07,Wheat,1,Nandurbar,Non-FAQ,Nandurbar APMC,2544,1711,2125,Maharashtra,Other
2026-04-07,Wheat,1,Buldhana,Non-FAQ,Mehekar APMC,2400,2000,2300,Maharashtra,Other
2026-04-07,Wheat,1,Solapur,Non-FAQ,Barshi APMC,2200,2175,2200,Maharashtra,Other
2026-04-07,Wheat,1,Sholapur,Non-FAQ,Barshi APMC,2200,2175,2200,Maharashtra,Other
2026-04-07,Wheat,1,Jalgaon,Non-FAQ,Chopada APMC,2361,1811,2151,Maharashtra,Other
2026-04-07,Wheat,1,Ahilyanagar,Non-FAQ,Karjat(Rashin) APMC,2400,2000,2300,Maharashtra,Other
2026-04-07,Wheat,1,Ahmednagar,Non-FAQ,Kopargaon APMC,2500,2350,2401,Maharashtra,Other
2026-04-07,Wheat,1,Bhandara,Non-FAQ,Bhandara APMC,2300,2250,2290,Maharashtra,Maharashtra 2189
2026-04-07,Wheat,1,Dharashiv(Usmanabad),Non-FAQ,Murum APMC,2151,2151,2151,Maharashtra,Bansi
2026-04-07,Wheat,1,Ahmednagar,Non-FAQ,Shrirampur APMC,2400,2000,2200,Maharashtra,Other
2026-04-07,Wheat,1,Ahmednagar,Non-FAQ,Karjat(Rashin) APMC,2400,2000,2300,Maharashtra,Other
2026-04-07,Wheat,1,Sholapur,FAQ,Karmala APMC,2600,2600,2600,Maharashtra,Other
2026-04-07,Wheat,1,Sholapur,Non-FAQ,Dudhani APMC,2300,2215,2241,Maharashtra,Maharashtra 2189
2026-04-07,Wheat,1,Vashim,Non-FAQ,Washim(Ansing) APMC,2250,2050,2150,Maharashtra,Maharashtra 2189
2026-04-07,Wheat,1,Sholapur,Non-FAQ,Karmala APMC,2500,1800,2300,Maharashtra,Other
2026-04-07,Wheat,1,Ahmednagar,Local,Om Chaitanya Multistate Agro Purpose CoOp Society  APMC,2200,2100,2100,Maharashtra,Other
2026-04-07,Wheat,1,Buldhana,Non-FAQ,Jalgaon Jamod(Aasalgaon) APMC,2300,2100,2200,Maharashtra,Maharashtra 2189
2026-04-07,Wheat,1,Wardha,Non-FAQ,Ashti(Karanja) APMC,2160,2000,2050,Maharashtra,Other
2026-04-07,Wheat,1,Dharashiv,FAQ,Murum APMC,2800,2800,2800,Maharashtra,Bansi
2026-04-08,Wheat,1,Jalgaon,Non-FAQ,Amalner APMC,2425,2125,2425,Maharashtra,Other
2026-04-08,Wheat,1,Solapur,Non-FAQ,Karmala APMC,2551,2111,2400,Maharashtra,Other
2026-04-08,Wheat,1,Sholapur,FAQ,Solapur APMC,3775,2615,3255,Maharashtra,Sharbati
2026-04-08,Wheat,1,Nashik,Non-FAQ,Lasalgaon APMC,2580,2002,2271,Maharashtra,Maharashtra 2189
2026-04-08,Wheat,1,Jalna,FAQ,Jalana APMC,2600,2600,2600,Maharashtra,Other
2026-04-08,Wheat,1,Nashik,Non-FAQ,Nandgaon APMC,2571,2080,2250,Maharashtra,Maharashtra 2189
2026-04-08,Wheat,1,Latur,Non-FAQ,Latur(Murud) APMC,2584,2300,2551,Maharashtra,Maharashtra 2189
2026-04-08,Wheat,1,Palghar,FAQ,Ulhasnagar APMC,3200,3000,3100,Maharashtra,Other
2026-04-08,Wheat,1,Nagpur,Non-FAQ,Nagpur APMC,2216,2050,2174,Maharashtra,Other
2026-04-08,Wheat,1,Ahmednagar,Non-FAQ,Shevgaon APMC,2300,2000,2000,Maharashtra,Maharashtra 2189
2026-04-08,Wheat,1,Ahilyanagar,Non-FAQ,Ahilyanagar APMC,2350,2100,2225,Maharashtra,Other
2026-04-08,Wheat,1,Amarawati,Non-FAQ,Amarawati APMC,2400,2100,2250,Maharashtra,Other
2026-04-08,Wheat,1,Buldhana,Local,BSK Krishi Bazar Private Ltd APMC,2120,2050,2099,Maharashtra,Other
2026-04-08,Wheat,1,Ahilyanagar,Non-FAQ,Shrirampur APMC,2400,2100,2300,Maharashtra,Other
2026-04-08,Wheat,1,Jalgaon,Non-FAQ,Jalgaon(Masawat) APMC,2200,2200,2200,Maharashtra,147 Average
2026-04-08,Wheat,1,Dharashiv(Usmanabad),Non-FAQ,Tuljapur APMC,2500,2100,2400,Maharashtra,Other
2026-04-08,Wheat,1,Wardha,Non-FAQ,Pulgaon APMC,2190,1930,2160,Maharashtra,Other
2026-04-08,Wheat,1,Yavatmal,Non-FAQ,Babhulgaon APMC,2280,2001,2151,Maharashtra,Other
2026-04-08,Wheat,1,Washim,Local,"Krushna Krishi Bazar, Washim",2250,2000,2085,Maharashtra,Other
2026-04-08,Wheat,1,Jalgaon,Non-FAQ,Pachora APMC,2580,1900,2300,Maharashtra,Other
2026-04-08,Wheat,1,Amarawati,Non-FAQ,Chandur Railway APMC,2200,2150,2175,Maharashtra,Other
2026-04-08,Wheat,1,Nagpur,FAQ,Savner APMC,2790,2585,2600,Maharashtra,Other
2026-04-08,Wheat,1,Buldhana,FAQ,Malkapur APMC,2900,2900,2900,Maharashtra,Other
2026-04-08,Wheat,1,Beed,Non-FAQ,Gevrai APMC,2450,2050,2300,Maharashtra,Other
2026-04-08,Wheat,1,Jalana,Non-FAQ,Jalana APMC,2325,2000,2325,Maharashtra,Other
2026-04-08,Wheat,1,Thane,FAQ,Palghar APMC,3220,3220,3220,Maharashtra,Other
2026-04-08,Wheat,1,Nashik,Non-FAQ,Sinner APMC,2540,2080,2300,Maharashtra,Other
2026-04-09,Wheat,1,Nashik,Non-FAQ,Lasalgaon(Vinchur) APMC,2500,2000,2250,Maharashtra,Other
2026-04-09,Wheat,1,Thane,FAQ,Kalyan APMC,3200,2800,3000,Maharashtra,Sharbati
2026-04-09,Wheat,1,Yavatmal,Non-FAQ,Umarked(Danki) APMC,2500,2300,2400,Maharashtra,Other
2026-04-09,Wheat,1,Solapur,FAQ,Dudhani APMC,2900,2609,2900,Maharashtra,Maharashtra 2189
2026-04-09,Wheat,1,Dharashiv(Usmanabad),Non-FAQ,Tuljapur APMC,2200,2100,2150,Maharashtra,Other
2026-04-09,Wheat,1,Amarawati,Non-FAQ,Morshi APMC,2350,2250,2300,Maharashtra,Other
2026-04-09,Wheat,1,Dharashiv,Non-FAQ,Tuljapur APMC,2200,2100,2150,Maharashtra,Other
2026-04-09,Wheat,1,Nandurbar,Non-FAQ,Nandurbar APMC,2430,1800,2250,Maharashtra,Other
2026-04-09,Wheat,1,Dharashiv(Usmanabad),Non-FAQ,Umarga APMC,2200,2000,2100,Maharashtra,Maharashtra 2189
2026-04-09,Wheat,1,Dhule,Non-FAQ,Dhule APMC,2555,2300,2405,Maharashtra,Other
2026-04-09,Wheat,1,Sholapur,Non-FAQ,Dudhani APMC,2380,2210,2261,Maharashtra,Maharashtra 2189
2026-04-09,Wheat,1,Vashim,Non-FAQ,Karanja APMC,2350,2150,2260,Maharashtra,Other
2026-04-09,Wheat,1,Nanded,Non-FAQ,Loha APMC,2350,2100,2217,Maharashtra,Other
2026-04-09,Wheat,1,Nashik,FAQ,Lasalgaon APMC,2755,2585,2585,Maharashtra,Maharashtra 2189
2026-04-09,Wheat,1,Nashik,Non-FAQ,Malegaon APMC,2512,1200,2180,Maharashtra,Other
2026-04-09,Wheat,1,Yavatmal,Non-FAQ,Kalamb APMC,2250,2200,2225,Maharashtra,Other
2026-04-09,Wheat,1,Wardha,Non-FAQ,Pulgaon APMC,2265,2075,2240,Maharashtra,Other
2026-04-09,Wheat,1,Buldhana,Non-FAQ,Deoulgaon Raja APMC,2150,1000,2000,Maharashtra,Other
2026-04-09,Wheat,1,Ahilyanagar,Non-FAQ,Shevgaon(Bodhegaon) APMC,2200,2100,2100,Maharashtra,Maharashtra 2189
2026-04-09,Wheat,1,Jalgaon,Non-FAQ,Jalgaon(Masawat) APMC,2300,2300,2300,Maharashtra,147 Average
2026-04-09,Wheat,1,Pune,FAQ,Shirur APMC,2600,2600,2600,Maharashtra,Other
2026-04-09,Wheat,1,Pune,Non-FAQ,Shirur APMC,2200,2200,2200,Maharashtra,Other
2026-04-09,Wheat,1,Yavatmal,Local,Shekari Krushi Khajgi Bazar APMC,2041,1890,1950,Maharashtra,Other
2026-04-09,Wheat,1,Nashik,Non-FAQ,Devala APMC,2505,2105,2200,Maharashtra,Maharashtra 2189
2026-04-09,Wheat,1,Yavatmal,Non-FAQ,Yavatmal APMC,2270,1800,2035,Maharashtra,Other
2026-04-09,Wheat,1,Nashik,Non-FAQ,Yeola APMC,2287,2065,2175,Maharashtra,Maharashtra 2189
2026-04-09,Wheat,1,Nashik,Non-FAQ,Manmad APMC,2451,1740,2451,Maharashtra,Other
2026-04-09,Wheat,1,Latur,Non-FAQ,Aurad Shahajani APMC,2584,2050,2500,Maharashtra,Maharashtra 2189
2026-04-09,Wheat,1,Dhule,Local,"Keshranand Cottex Pvt Agro, Dondicha, Dist Dhule",2800,1900,2350,Maharashtra,Other
2026-04-10,Wheat,1,Ahmednagar,Non-FAQ,Rahata APMC,2500,2001,2300,Maharashtra,Other
2026-04-10,Wheat,1,Palghar,FAQ,Palghar APMC,3105,3105,3105,Maharashtra,Other
2026-04-10,Wheat,1,Washim,Non-FAQ,Washim(Ansing) APMC,2200,2050,2150,Maharashtra,Maharashtra 2189
2026-04-10,Wheat,1,Latur,FAQ,Aurad Shahajani APMC,2801,2585,2700,Maharashtra,Maharashtra 2189
2026-04-10,Wheat,1,Jalna,Non-FAQ,Jafrabad APMC,2100,1900,2000,Maharashtra,Other
2026-04-10,Wheat,1,Chattrapati Sambhajinagar,Non-FAQ,Kannad APMC,2350,2150,2250,Maharashtra,Other
2026-04-10,Wheat,1,Chattrapati Sambhajinagar,Non-FAQ,Paithan APMC,2550,1900,2380,Maharashtra,Bansi
2026-04-10,Wheat,1,Solapur,FAQ,Barshi APMC,2700,2600,2650,Maharashtra,Other
2026-04-10,Wheat,1,Buldhana,Non-FAQ,Khamgaon APMC,2125,1675,1900,Maharashtra,Other
2026-04-10,Wheat,1,Nashik,Non-FAQ,Lasalgaon APMC,2570,2000,2200,Maharashtra,Maharashtra 2189
2026-04-10,Wheat,1,Jalana,FAQ,Jalana APMC,2701,2701,2701,Maharashtra,Other
2026-04-10,Wheat,1,Nashik,Non-FAQ,Manmad APMC,2512,2020,2202,Maharashtra,Other
2026-04-10,Wheat,1,Buldhana,Non-FAQ,Shegaon APMC,2400,1925,2210,Maharashtra,Other
2026-04-10,Wheat,1,Jalana,Non-FAQ,Partur APMC,2400,2000,2161,Maharashtra,Maharashtra 2189
2026-04-10,Wheat,1,Vashim,Non-FAQ,Washim APMC,2270,2150,2200,Maharashtra,Maharashtra 2189
2026-04-10,Wheat,1,Ahilyanagar,Non-FAQ,Shevgaon APMC,2400,2000,2000,Maharashtra,Maharashtra 2189
2026-04-10,Wheat,1,Washim,Local,"Krushna Krishi Bazar, Washim",2300,2000,2103,Maharashtra,Other
2026-04-10,Wheat,1,Buldhana,FAQ,Deoulgaon Raja APMC,2700,2700,2700,Maharashtra,Other
2026-04-10,Wheat,1,Parbhani,Non-FAQ,Jintur APMC,2165,2165,2165,Maharashtra,Other
2026-04-10,Wheat,1,Parbhani,Non-FAQ,Tadkalas APMC,2200,2200,2200,Maharashtra,Other
2026-04-10,Wheat,1,Buldhana,Non-FAQ,Malkapur APMC,2250,2120,2200,Maharashtra,Other
2026-04-10,Wheat,1,Ahilyanagar,Non-FAQ,Rahuri APMC,2300,2050,2175,Maharashtra,Other
2026-04-10,Wheat,1,Jalgaon,Non-FAQ,Jalgaon(Masawat) APMC,2300,2300,2300,Maharashtra,147 Average
2026-04-10,Wheat,1,Parbhani,FAQ,Gangakhed APMC,2800,2700,2700,Maharashtra,Other
2026-04-11,Wheat,1,Sholapur,Non-FAQ,Akluj APMC,2200,2200,2200,Maharashtra,Other
2026-04-11,Wheat,1,Yavatmal,Non-FAQ,Umarked(Danki) APMC,2500,2300,2400,Maharashtra,Other
2026-04-11,Wheat,1,Amarawati,Non-FAQ,Anajngaon APMC,2500,1900,2400,Maharashtra,Other
2026-04-11,Wheat,1,Jalna,Non-FAQ,Bhokardan APMC,2150,2000,2100,Maharashtra,Other
2026-04-11,Wheat,1,Ahmednagar,Non-FAQ,Rahuri(Vambori) APMC,2355,2097,2154,Maharashtra,Other
2026-04-11,Wheat,1,Beed,Non-FAQ,Beed APMC,2400,2063,2272,Maharashtra,Other
2026-04-11,Wheat,1,Ahmednagar,Non-FAQ,Jamkhed APMC,2500,2200,2350,Maharashtra,Other
2026-04-11,Wheat,1,Jalna,Non-FAQ,Jalana APMC,2300,2000,2300,Maharashtra,Other
2026-04-11,Wheat,1,Jalgaon,Non-FAQ,Pachora APMC,2461,1950,2251,Maharashtra,Other
2026-04-11,Wheat,1,Jalana,Non-FAQ,Jalana APMC,2300,2000,2300,Maharashtra,Other
2026-04-11,Wheat,1,Dharashiv,Non-FAQ,Murum APMC,2161,2126,2144,Maharashtra,Bansi
2026-04-11,Wheat,1,Akola,Non-FAQ,Akola APMC,2525,2000,2390,Maharashtra,Other
2026-04-11,Wheat,1,Wardha,Non-FAQ,Sindi APMC,2000,1900,1950,Maharashtra,Other
2026-04-11,Wheat,1,Solapur,Non-FAQ,Akluj APMC,2200,2200,2200,Maharashtra,Other
2026-04-11,Wheat,1,Nashik,Non-FAQ,Malegaon APMC,2560,1899,2225,Maharashtra,Other
2026-04-11,Wheat,1,Solapur,FAQ,Barshi APMC,2700,2675,2675,Maharashtra,Other
2026-04-11,Wheat,1,Solapur,Non-FAQ,Barshi(Vairag) APMC,2550,2550,2550,Maharashtra,Other
2026-04-11,Wheat,1,Bhandara,Non-FAQ,Bhandara APMC,2350,2080,2260,Maharashtra,Maharashtra 2189
2026-04-11,Wheat,1,Dharashiv(Usmanabad),Non-FAQ,Murum APMC,2161,2126,2144,Maharashtra,Bansi
2026-04-11,Wheat,1,Latur,Non-FAQ,Aurad Shahajani APMC,2070,2000,2035,Maharashtra,Maharashtra 2189
2026-04-11,Wheat,1,Vashim,Non-FAQ,Washim APMC,2260,2055,2150,Maharashtra,Maharashtra 2189
2026-04-12,Wheat,1,Wardha,Non-FAQ,Ashti(Karanja) APMC,2350,2000,2150,Maharashtra,Other
2026-04-12,Wheat,1,Ahmednagar,Non-FAQ,Rahuri APMC,2181,1900,2040,Maharashtra,Other
2026-04-12,Wheat,1,Akola,Non-FAQ,Balapur APMC,2550,2000,2250,Maharashtra,Other
2026-04-12,Wheat,1,Bhandara,Non-FAQ,Tumsar APMC,2400,2176,2235,Maharashtra,Other
2026-04-13,Wheat,1,Latur,Non-FAQ,Ausa APMC,2101,1901,2021,Maharashtra,Maharashtra 2189
2026-04-13,Wheat,1,Jalgaon,Non-FAQ,Chalisgaon APMC,2530,1800,2251,Maharashtra,Other
2026-04-13,Wheat,1,Nanded,FAQ,Loha APMC,2671,2630,2630,Maharashtra,Other
2026-04-13,Wheat,1,Pune,Non-FAQ,Baramati APMC,2550,2290,2400,Maharashtra,Maharashtra 2189
2026-04-13,Wheat,1,Ahilyanagar,Non-FAQ,Shevgaon APMC,2400,2000,2000,Maharashtra,Maharashtra 2189
2026-04-13,Wheat,1,Yavatmal,Local,"Kisan Market Yard, Tal Pusad, Dist Yeotmal",2255,1900,2067,Maharashtra,Other
2026-04-13,Wheat,1,Ahilyanagar,Non-FAQ,Shevgaon(Bodhegaon) APMC,2200,2100,2100,Maharashtra,Maharashtra 2189
2026-04-13,Wheat,1,Pune,Non-FAQ,Baramati APMC,2350,1900,2300,Maharashtra,Kalyan
2026-04-13,Wheat,1,Buldhana,Non-FAQ,Shegaon APMC,2070,1720,1855,Maharashtra,Other
2026-04-13,Wheat,1,Pune,FAQ,Pune APMC,5200,4200,4700,Maharashtra,Sharbati
2026-04-13,Wheat,1,Nashik,Non-FAQ,Devala APMC,2500,2100,2450,Maharashtra,Maharashtra 2189
2026-04-13,Wheat,1,Akola,FAQ,Akola APMC,3100,2800,3000,Maharashtra,Sharbati
2026-04-13,Wheat,1,Mumbai,FAQ,Mumbai APMC,5000,2900,3950,Maharashtra,Other
2026-04-13,Wheat,1,Jalana,Non-FAQ,Jalana APMC,2300,2100,2300,Maharashtra,Other
2026-04-13,Wheat,1,Sholapur,Non-FAQ,Kurdwadi(Modnimb) APMC,2550,2151,2300,Maharashtra,Other
2026-04-13,Wheat,1,Thane,FAQ,Palghar APMC,3245,3245,3245,Maharashtra,Other
2026-04-13,Wheat,1,Chattrapati Sambhajinagar,Non-FAQ,Sillod APMC,2200,2100,2200,Maharashtra,Other
2026-04-13,Wheat,1,Buldhana,FAQ,Deoulgaon Raja APMC,2700,2700,2700,Maharashtra,Other
2026-04-13,Wheat,1,Beed,FAQ,Majalgaon APMC,3326,2600,2800,Maharashtra,Other
2026-04-13,Wheat,1,Dharashiv,FAQ,Murum APMC,2891,2891,2891,Maharashtra,Bansi
2026-04-13,Wheat,1,Dhule,Non-FAQ,Dondaicha APMC,2541,1800,2400,Maharashtra,Other
2026-04-13,Wheat,1,Ahmednagar,Non-FAQ,Shevgaon APMC,2400,2000,2000,Maharashtra,Maharashtra 2189
2026-04-13,Wheat,1,Wardha,Non-FAQ,Ashti(Karanja) APMC,2350,2000,2200,Maharashtra,Other
2026-04-13,Wheat,1,Dhule,Non-FAQ,Sakri APMC,2400,2081,2250,Maharashtra,Other
2026-04-14,Wheat,1,Ahilyanagar,Non-FAQ,Rahuri(Vambori) APMC,2116,2100,2103,Maharashtra,Other
2026-04-14,Wheat,1,Thane,FAQ,Palghar APMC,3105,3105,3105,Maharashtra,Other
2026-04-14,Wheat,1,Ahmednagar,Local,Om Chaitanya Multistate Agro Purpose CoOp Society  APMC,2200,2200,2200,Maharashtra,Other
2026-04-14,Wheat,1,Palghar,FAQ,Palghar APMC,3105,3105,3105,Maharashtra,Other
2026-04-14,Wheat,1,Ahilyanagar,Non-FAQ,Karjat APMC,2400,2200,2300,Maharashtra,Other
2026-04-14,Wheat,1,Ahmednagar,Non-FAQ,Rahata APMC,2350,2050,2200,Maharashtra,Other
2026-04-15,Wheat,1,Yavatmal,Local,Shekari Krushi Khajgi Bazar APMC,2125,1841,2000,Maharashtra,Other
2026-04-15,Wheat,1,Solapur,FAQ,Karmala APMC,2651,2651,2651,Maharashtra,Other
2026-04-15,Wheat,1,Palghar,FAQ,Ulhasnagar APMC,3500,3000,3250,Maharashtra,Other
2026-04-15,Wheat,1,Washim,Non-FAQ,Manora APMC,2201,2050,2125,Maharashtra,Other
2026-04-15,Wheat,1,Chattrapati Sambhajinagar,Non-FAQ,Sillod APMC,2250,2000,2200,Maharashtra,Other
2026-04-15,Wheat,1,Nashik,Non-FAQ,Manmad APMC,2511,1951,2206,Maharashtra,Other
2026-04-15,Wheat,1,Ahmednagar,Non-FAQ,Rahuri APMC,2350,2100,2225,Maharashtra,Other
2026-04-15,Wheat,1,Thane,FAQ,Kalyan APMC,3400,3000,3200,Maharashtra,Sharbati
2026-04-15,Wheat,1,Bhandara,Non-FAQ,Tumsar APMC,2237,2205,2231,Maharashtra,Other
2026-04-15,Wheat,1,Jalna,Non-FAQ,Partur APMC,2584,2180,2361,Maharashtra,Maharashtra 2189
2026-04-15,Wheat,1,Palghar,FAQ,Palghar APMC,3060,3060,3060,Maharashtra,Other
2026-04-15,Wheat,1,Latur,FAQ,Aurad Shahajani APMC,3000,2585,2800,Maharashtra,Maharashtra 2189
2026-04-15,Wheat,1,Vashim,Non-FAQ,Malegaon(Vashim) APMC,2300,2000,2200,Maharashtra,Other
2026-04-15,Wheat,1,Ahilyanagar,Non-FAQ,Rahuri(Vambori) APMC,2486,2108,2192,Maharashtra,Other
2026-04-15,Wheat,1,Buldhana,Local,BSK Krishi Bazar Private Ltd APMC,2150,2080,2125,Maharashtra,Other
2026-04-15,Wheat,1,Jalgaon,FAQ,Pachora APMC,2670,2585,2621,Maharashtra,Other
2026-04-15,Wheat,1,Ahilyanagar,Local,"Omchatinya Multi State Agro Purpose Co-Op Society, Dist Ahilyanagar",2400,2200,2200,Maharashtra,Other
2026-04-15,Wheat,1,Pune,FAQ,Pune APMC,5300,4200,4750,Maharashtra,Sharbati
2026-04-15,Wheat,1,Dhule,Non-FAQ,Shirpur APMC,2486,1650,2335,Maharashtra,Other
2026-04-15,Wheat,1,Dharashiv,FAQ,Kalamb (Dharashiv) APMC,2826,2826,2826,Maharashtra,Maharashtra 2189
2026-04-15,Wheat,1,Sholapur,Non-FAQ,Kurdwadi APMC,2500,2500,2500,Maharashtra,Other
2026-04-15,Wheat,1,Vashim,Non-FAQ,Mangrulpeer APMC,2400,1900,2250,Maharashtra,Kalyan
2026-04-15,Wheat,1,Washim,Non-FAQ,Mangrulpeer APMC,2400,1900,2250,Maharashtra,Kalyan
2026-04-15,Wheat,1,Jalna,FAQ,Jalana APMC,2625,2625,2625,Maharashtra,Other
2026-04-15,Wheat,1,Dharashiv(Usmanabad),Non-FAQ,Tuljapur APMC,2200,2100,2150,Maharashtra,Other
2026-04-15,Wheat,1,Chattrapati Sambhajinagar,Non-FAQ,Chattrapati Sambhajinagar APMC,2460,1935,2198,Maharashtra,Other
2026-04-15,Wheat,1,Beed,FAQ,Majalgaon APMC,3225,2600,2700,Maharashtra,Other
2026-04-15,Wheat,1,Dhule,Non-FAQ,Dhule APMC,2570,2100,2300,Maharashtra,Other
2026-04-15,Wheat,1,Nandurbar,Non-FAQ,Dhadgaon APMC,2200,2050,2100,Maharashtra,Other
2026-04-15,Wheat,1,Solapur,Non-FAQ,Barshi(Vairag) APMC,2225,2225,2225,Maharashtra,Other
2026-04-15,Wheat,1,Yavatmal,Local,"Mahesh Krushi Utpanna Bazar, Digras, Dist Yeotmal",2150,1700,2042,Maharashtra,Other
2026-04-15,Wheat,1,Akola,FAQ,Akola APMC,2895,2600,2680,Maharashtra,Other
2026-04-16,Wheat,1,Buldhana,Non-FAQ,Malkapur APMC,2275,2070,2200,Maharashtra,Other
2026-04-16,Wheat,1,Buldhana,FAQ,Malkapur APMC,2775,2775,2775,Maharashtra,Other
2026-04-16,Wheat,1,Dhule,FAQ,Dhule APMC,2620,2585,2600,Maharashtra,Other
2026-04-16,Wheat,1,Ahilyanagar,Non-FAQ,Rahuri APMC,2300,2100,2200,Maharashtra,Other
2026-04-16,Wheat,1,Dhule,Non-FAQ,Shirpur APMC,2431,2200,2325,Maharashtra,Other
2026-04-16,Wheat,1,Mumbai,FAQ,Mumbai APMC,5000,2900,3950,Maharashtra,Other
2026-04-16,Wheat,1,Yavatmal,Non-FAQ,Digras APMC,2550,2130,2485,Maharashtra,Other
2026-04-16,Wheat,1,Nashik,Non-FAQ,Lasalgaon APMC,2580,1700,2200,Maharashtra,Maharashtra 2189
2026-04-16,Wheat,1,Jalgaon,Non-FAQ,Chopada APMC,2285,1891,2190,Maharashtra,Other
2026-04-16,Wheat,1,Amarawati,Non-FAQ,Morshi APMC,2350,2250,2300,Maharashtra,Other
2026-04-16,Wheat,1,Beed,FAQ,Majalgaon APMC,3251,2612,2861,Maharashtra,Other
2026-04-16,Wheat,1,Nashik,Non-FAQ,Devala APMC,2405,2175,2400,Maharashtra,Maharashtra 2189
2026-04-16,Wheat,1,Nandurbar,Non-FAQ,Shahada APMC,2584,2100,2371,Maharashtra,Other
2026-04-16,Wheat,1,Vashim,Non-FAQ,Mangrulpeer APMC,2520,1900,2250,Maharashtra,Sharbati
2026-04-16,Wheat,1,Nashik,Non-FAQ,Yeola APMC,2400,2151,2250,Maharashtra,Maharashtra 2189
2026-04-16,Wheat,1,Ahmednagar,Non-FAQ,Jamkhed APMC,2400,2200,2300,Maharashtra,Other
2026-04-16,Wheat,1,Solapur,Non-FAQ,Dudhani APMC,2550,2200,2280,Maharashtra,Maharashtra 2189
2026-04-16,Wheat,1,Thane,FAQ,Ulhasnagar APMC,3400,3000,3200,Maharashtra,Other
2026-04-16,Wheat,1,Parbhani,Non-FAQ,Selu APMC,2100,2100,2100,Maharashtra,Other
2026-04-16,Wheat,1,Vashim,Non-FAQ,Malegaon(Vashim) APMC,2400,2100,2200,Maharashtra,Other
2026-04-16,Wheat,1,Amarawati,Non-FAQ,Chandur Bazar APMC,2580,2250,2460,Maharashtra,Other
2026-04-16,Wheat,1,Nashik,Non-FAQ,Malegaon APMC,2583,1851,2245,Maharashtra,Other
2026-04-16,Wheat,1,Jalana,Non-FAQ,Jalana APMC,2550,2050,2300,Maharashtra,Other
2026-04-16,Wheat,1,Sholapur,FAQ,Barshi APMC,2700,2600,2650,Maharashtra,Other
2026-04-16,Wheat,1,Nanded,Non-FAQ,Himayatnagar APMC,2200,2000,2100,Maharashtra,Other
2026-04-16,Wheat,1,Sholapur,Non-FAQ,Karmala APMC,2530,2051,2200,Maharashtra,Other
2026-04-16,Wheat,1,Wardha,Non-FAQ,Ashti APMC,2205,1500,1900,Maharashtra,Other
2026-04-17,Wheat,1,Ahmednagar,Non-FAQ,Shevgaon(Bodhegaon) APMC,2300,2000,2000,Maharashtra,Maharashtra 2189
2026-04-17,Wheat,1,Ahmednagar,Non-FAQ,Kopargaon APMC,2311,2100,2226,Maharashtra,Other
2026-04-17,Wheat,1,Vashim,Non-FAQ,Karanja APMC,2440,2220,2330,Maharashtra,Other
2026-04-17,Wheat,1,Nagpur,Non-FAQ,Kalmeshwar APMC,2305,2000,2100,Maharashtra,Other
2026-04-17,Wheat,1,Ahmednagar,Non-FAQ,Rahuri APMC,2300,2100,2200,Maharashtra,Other
2026-04-17,Wheat,1,Sholapur,Non-FAQ,Karmala APMC,2551,2000,2151,Maharashtra,Other
2026-04-17,Wheat,1,Thane,FAQ,Ulhasnagar APMC,3400,3000,3200,Maharashtra,Other
2026-04-17,Wheat,1,Jalgaon,Non-FAQ,Jalgaon APMC,2125,2125,2125,Maharashtra,147 Average
2026-04-17,Wheat,1,Dhule,Non-FAQ,Dhule APMC,2584,2100,2350,Maharashtra,Other
2026-04-17,Wheat,1,Jalna,Non-FAQ,Mantha APMC,2584,2100,2450,Maharashtra,Other
2026-04-17,Wheat,1,Pune,FAQ,Pune APMC,5200,4200,4700,Maharashtra,Sharbati
2026-04-17,Wheat,1,Chattrapati Sambhajinagar,Non-FAQ,Vaijpur APMC,2290,1980,2235,Maharashtra,Other
2026-04-17,Wheat,1,Buldhana,Local,BSK Krishi Bazar Private Ltd APMC,2170,1850,2123,Maharashtra,Other
2026-04-17,Wheat,1,Wardha,Non-FAQ,Pulgaon APMC,2380,2180,2200,Maharashtra,Other
2026-04-17,Wheat,1,Nandurbar,Non-FAQ,Shahada APMC,2534,2025,2300,Maharashtra,Other
2026-04-17,Wheat,1,Buldhana,FAQ,Malkapur APMC,2700,2700,2700,Maharashtra,Other
2026-04-17,Wheat,1,Wardha,Non-FAQ,Hinganghat APMC,2250,1950,2100,Maharashtra,Other
2026-04-17,Wheat,1,Akola,Non-FAQ,Akola APMC,2575,2140,2300,Maharashtra,Other
2026-04-17,Wheat,1,Wardha,Non-FAQ,Wardha APMC,2350,2275,2300,Maharashtra,Other
2026-04-17,Wheat,1,Chattrapati Sambhajinagar,Non-FAQ,Lasur Station APMC,2450,2050,2200,Maharashtra,Other
2026-04-17,Wheat,1,Palghar,FAQ,Ulhasnagar APMC,3400,3000,3200,Maharashtra,Other
2026-04-17,Wheat,1,Dharashiv,Non-FAQ,Paranda APMC,2320,2320,2320,Maharashtra,Other
2026-04-17,Wheat,1,Nashik,Non-FAQ,Devala APMC,2425,2235,2300,Maharashtra,Maharashtra 2189
2026-04-17,Wheat,1,Nashik,Non-FAQ,Manmad APMC,2441,2100,2172,Maharashtra,Other
2026-04-17,Wheat,1,Nashik,FAQ,Lasalgaon APMC,2600,2585,2585,Maharashtra,Maharashtra 2189
2026-04-18,Wheat,1,Jalna,Non-FAQ,Jalana APMC,2330,2100,2330,Maharashtra,Other
2026-04-18,Wheat,1,Akola,Non-FAQ,Akola APMC,2500,2005,2430,Maharashtra,Other
2026-04-18,Wheat,1,Nagpur,Non-FAQ,Umared APMC,2550,2000,2275,Maharashtra,Other
2026-04-18,Wheat,1,Washim,Non-FAQ,Karanja APMC,2415,2200,2300,Maharashtra,Other
2026-04-18,Wheat,1,Sangli,FAQ,Sangli APMC,4500,3000,3750,Maharashtra,Other
2026-04-18,Wheat,1,Amarawati,Non-FAQ,Achalpur APMC,2500,2200,2350,Maharashtra,Other
2026-04-18,Wheat,1,Jalgaon,Non-FAQ,Raver APMC,2531,1900,2286,Maharashtra,Other
2026-04-18,Wheat,1,Washim,Non-FAQ,Washim APMC,2350,2145,2250,Maharashtra,Maharashtra 2189
2026-04-18,Wheat,1,Chattrapati Sambhajinagar,Non-FAQ,Chattrapati Sambhajinagar APMC,2580,1900,2300,Maharashtra,Other
2026-04-18,Wheat,1,Ahmednagar,Non-FAQ,Jamkhed APMC,2400,2200,2300,Maharashtra,Other
2026-04-18,Wheat,1,Ahilyanagar,Non-FAQ,Kopargaon APMC,2439,2132,2300,Maharashtra,Other
2026-04-18,Wheat,1,Buldhana,Non-FAQ,Khamgaon APMC,2190,1800,1995,Maharashtra,Other
2026-04-18,Wheat,1,Chattrapati Sambhajinagar,Non-FAQ,Gangapur APMC,2390,2000,2161,Maharashtra,Other
2026-04-18,Wheat,1,Sholapur,FAQ,Solapur APMC,3835,2600,3310,Maharashtra,Sharbati
2026-04-18,Wheat,1,Ahilyanagar,Non-FAQ,Shevgaon(Bodhegaon) APMC,2200,2100,2100,Maharashtra,Maharashtra 2189
2026-04-19,Wheat,1,Ahmednagar,Non-FAQ,Rahuri APMC,2211,2100,2155,Maharashtra,Other
2026-04-19,Wheat,1,Solapur,Non-FAQ,Mangal Wedha APMC,2400,1870,2200,Maharashtra,Other
2026-04-19,Wheat,1,Jalana,Non-FAQ,Partur APMC,2501,2200,2400,Maharashtra,Maharashtra 2189
2026-04-19,Wheat,1,Chattrapati Sambhajinagar,Non-FAQ,Paithan APMC,2536,2000,2320,Maharashtra,Bansi
2026-04-20,Wheat,1,Nagpur,Non-FAQ,Kalmeshwar APMC,2520,2000,2300,Maharashtra,Other
2026-04-20,Wheat,1,Chattrapati Sambhajinagar,Non-FAQ,Gangapur APMC,2365,2196,2225,Maharashtra,Other
2026-04-20,Wheat,1,Wardha,Non-FAQ,Sindi APMC,1975,1900,1950,Maharashtra,Other
2026-04-20,Wheat,1,Beed,Non-FAQ,Parali Vaijyanath APMC,2500,2000,2300,Maharashtra,Other
2026-04-20,Wheat,1,Jalgaon,Non-FAQ,Jalgaon APMC,2340,2340,2340,Maharashtra,147 Average
2026-04-20,Wheat,1,Nagpur,Non-FAQ,Savner APMC,2190,2100,2150,Maharashtra,Other
2026-04-20,Wheat,1,Yavatmal,Local,"Shekari Krushi Khajgi Bazar, Arni, Dist Yavatmal",2160,1830,2000,Maharashtra,Other
2026-04-20,Wheat,1,Beed,Non-FAQ,Kada APMC,2300,30,2200,Maharashtra,Other
2026-04-20,Wheat,1,Akola,Non-FAQ,Akola APMC,2480,2000,2275,Maharashtra,Other
2026-04-20,Wheat,1,Jalgaon,Non-FAQ,Chopada APMC,2341,1791,2335,Maharashtra,Other
2026-04-20,Wheat,1,Washim,Non-FAQ,Washim APMC,2370,2055,2150,Maharashtra,Maharashtra 2189
2026-04-20,Wheat,1,Nanded,Non-FAQ,Himayatnagar APMC,2200,2000,2100,Maharashtra,Other
2026-04-20,Wheat,1,Ahmednagar,Local,Om Chaitanya Multistate Agro Purpose CoOp Society  APMC,2000,2000,2000,Maharashtra,Other
2026-04-20,Wheat,1,Ahilyanagar,Non-FAQ,Shrirampur APMC,2350,2000,2200,Maharashtra,Other
2026-04-20,Wheat,1,Buldhana,Non-FAQ,Shegaon APMC,2000,1600,1830,Maharashtra,Other
2026-04-20,Wheat,1,Ahmednagar,Non-FAQ,Rahuri APMC,2300,2000,2150,Maharashtra,Other
2026-04-20,Wheat,1,Ahmednagar,Non-FAQ,Shrirampur APMC,2350,2000,2200,Maharashtra,Other
2026-04-20,Wheat,1,Ahmednagar,Non-FAQ,Kopargaon APMC,2400,2100,2250,Maharashtra,Other
2026-04-20,Wheat,1,Yavatmal,Local,Shekari Krushi Khajgi Bazar APMC,2160,1830,2000,Maharashtra,Other
2026-04-20,Wheat,1,Buldhana,Local,BSK Krishi Bazar Private Ltd APMC,2145,2020,2131,Maharashtra,Other
2026-04-20,Wheat,1,Ahmednagar,Non-FAQ,Shevgaon APMC,2400,2050,2050,Maharashtra,Maharashtra 2189
2026-04-20,Wheat,1,Sholapur,Non-FAQ,Barshi APMC,2250,2200,2200,Maharashtra,Other
2026-04-20,Wheat,1,Nashik,Non-FAQ,Nandgaon APMC,2499,2199,2250,Maharashtra,Maharashtra 2189
2026-04-21,Wheat,1,Yavatmal,Local,"Shekari Krushi Khajgi Bazar, Arni, Dist Yavatmal",2130,1676,1950,Maharashtra,Other
2026-04-21,Wheat,1,Sangli,FAQ,Sangli APMC,4000,3000,3500,Maharashtra,Other
2026-04-21,Wheat,1,Dhule,Non-FAQ,Sakri APMC,2351,2100,2325,Maharashtra,Other
2026-04-21,Wheat,1,Pune,Non-FAQ,Shirur APMC,2400,2050,2200,Maharashtra,Other
2026-04-21,Wheat,1,Ahmednagar,Non-FAQ,Shrirampur APMC,2200,2050,2150,Maharashtra,Other
2026-04-21,Wheat,1,Nandurbar,Non-FAQ,Nandurbar APMC,2480,2000,2225,Maharashtra,Other
2026-04-21,Wheat,1,Ahilyanagar,Non-FAQ,Shevgaon APMC,2400,2100,2400,Maharashtra,Maharashtra 2189
2026-04-21,Wheat,1,Vashim,Non-FAQ,Manora APMC,2221,2051,2136,Maharashtra,Other
2026-04-21,Wheat,1,Yavatmal,Local,"Kisan Market Yard, Tal Pusad, Dist Yeotmal",2235,2000,2227,Maharashtra,Other
2026-04-21,Wheat,1,Dharashiv(Usmanabad),Non-FAQ,Kalamb (Dharashiv) APMC,2200,2000,2200,Maharashtra,Maharashtra 2189
2026-04-21,Wheat,1,Solapur,FAQ,Solapur APMC,3855,2610,3325,Maharashtra,Sharbati
2026-04-21,Wheat,1,Buldhana,Non-FAQ,Deoulgaon Raja APMC,2350,1500,2150,Maharashtra,Other
2026-04-21,Wheat,1,Akola,Non-FAQ,Akola APMC,2500,1900,2300,Maharashtra,Other
2026-04-21,Wheat,1,Yavatmal,Local,"Mahesh Krushi Utpanna Bazar, Digras APMC",2300,2025,2112,Maharashtra,Other
2026-04-21,Wheat,1,Beed,FAQ,Majalgaon APMC,3026,2611,2850,Maharashtra,Other
2026-04-21,Wheat,1,Jalna,Non-FAQ,Bhokardan(Pimpalgaon Renu) APMC,2150,2000,2100,Maharashtra,Other
2026-04-21,Wheat,1,Nashik,Non-FAQ,Manmad APMC,2519,2060,2519,Maharashtra,Other
2026-04-21,Wheat,1,Washim,Non-FAQ,Manora APMC,2221,2051,2136,Maharashtra,Other
2026-04-21,Wheat,1,Nanded,Non-FAQ,Himalyatnagar APMC,2200,2000,2100,Maharashtra,Other
2026-04-21,Wheat,1,Buldhana,Non-FAQ,Lonar APMC,2250,1900,2075,Maharashtra,Other
2026-04-21,Wheat,1,Sangli,FAQ,Tasgaon APMC,4000,3800,3900,Maharashtra,Other
2026-04-21,Wheat,1,Jalgaon,Non-FAQ,Raver APMC,2271,2030,2191,Maharashtra,Other
2026-04-21,Wheat,1,Buldhana,FAQ,Malkapur APMC,2740,2740,2740,Maharashtra,Other
2026-04-21,Wheat,1,Wardha,Non-FAQ,Ashti APMC,2225,1500,1800,Maharashtra,Other
2026-04-21,Wheat,1,Dharashiv,Non-FAQ,Tuljapur APMC,2500,2100,2400,Maharashtra,Other
2026-04-21,Wheat,1,Yavatmal,Non-FAQ,Vani APMC,2095,2095,2095,Maharashtra,Other
2026-04-21,Wheat,1,Sholapur,Non-FAQ,Barshi APMC,2200,2200,2200,Maharashtra,Other
2026-04-22,Wheat,1,Thane,FAQ,Kalyan APMC,3400,3000,3200,Maharashtra,Sharbati
2026-04-22,Wheat,1,Ahmednagar,Non-FAQ,Kopargaon APMC,2451,2211,2327,Maharashtra,Other
2026-04-22,Wheat,1,Ahmednagar,FAQ,Pathardi APMC,2800,2590,2650,Maharashtra,Maharashtra 2189
2026-04-22,Wheat,1,Yavatmal,Local,Shekari Krushi Khajgi Bazar APMC,2127,1937,2000,Maharashtra,Other
2026-04-22,Wheat,1,Vashim,Non-FAQ,Karanja APMC,2450,2230,2325,Maharashtra,Other
2026-04-22,Wheat,1,Solapur,Non-FAQ,Barshi APMC,2500,2500,2500,Maharashtra,Other
2026-04-22,Wheat,1,Jalna,FAQ,Jalana APMC,2692,2692,2692,Maharashtra,Other
2026-04-22,Wheat,1,Ahmednagar,Non-FAQ,Karjat APMC,2400,2200,2300,Maharashtra,Other
2026-04-22,Wheat,1,Solapur,FAQ,Barshi APMC,2800,2800,2800,Maharashtra,Other
2026-04-22,Wheat,1,Sholapur,FAQ,Solapur APMC,3865,2600,3330,Maharashtra,Sharbati
2026-04-22,Wheat,1,Nandurbar,Non-FAQ,Nandurbar APMC,2575,1950,2250,Maharashtra,Other
2026-04-22,Wheat,1,Yavatmal,Local,"Mahesh Krushi Utpanna Bazar, Digras, Dist Yeotmal",2250,1800,2133,Maharashtra,Other
2026-04-22,Wheat,1,Vashim,Non-FAQ,Malegaon(Vashim) APMC,2400,2000,2200,Maharashtra,Other
2026-04-22,Wheat,1,Nagpur,FAQ,Nagpur APMC,3500,3200,3425,Maharashtra,Sharbati
2026-04-22,Wheat,1,Buldhana,Non-FAQ,Shegaon APMC,2550,1650,1850,Maharashtra,Other
2026-04-22,Wheat,1,Hingoli,FAQ,Hingoli APMC,3040,2600,2820,Maharashtra,Sharbati
2026-04-22,Wheat,1,Pune,FAQ,Pune APMC,5800,4500,5150,Maharashtra,Sharbati
2026-04-22,Wheat,1,Beed,FAQ,Majalgaon APMC,3075,2675,2811,Maharashtra,Other
2026-04-22,Wheat,1,Nagpur,Non-FAQ,Savner APMC,2400,2130,2300,Maharashtra,Other
2026-04-22,Wheat,1,Buldhana,Non-FAQ,Buldhana APMC,2400,1800,2100,Maharashtra,Other
2026-04-22,Wheat,1,Nagpur,Non-FAQ,Katol APMC,2280,2175,2200,Maharashtra,Other
2026-04-22,Wheat,1,Parbhani,FAQ,Gangakhed APMC,2750,2600,2600,Maharashtra,Other
2026-04-22,Wheat,1,Akola,Non-FAQ,Akola APMC,2515,2200,2370,Maharashtra,Other
2026-04-22,Wheat,1,Ahilyanagar,Non-FAQ,Karjat APMC,2400,2200,2300,Maharashtra,Other
2026-04-22,Wheat,1,Yavatmal,Local,"Mahesh Krushi Utpanna Bazar, Digras APMC",2250,1800,2133,Maharashtra,Other
2026-04-22,Wheat,1,Jalgaon,Non-FAQ,Jalgaon APMC,2211,2211,2211,Maharashtra,147 Average
2026-04-22,Wheat,1,Latur,FAQ,Nilanga APMC,3100,2585,2600,Maharashtra,Maharashtra 2189
2026-04-22,Wheat,1,Ahilyanagar,FAQ,Pathardi APMC,2800,2590,2650,Maharashtra,Maharashtra 2189
2026-04-22,Wheat,1,Nandurbar,Non-FAQ,Taloda APMC,2425,2200,2375,Maharashtra,Other
2026-04-23,Wheat,1,Dhule,Non-FAQ,Shirpur APMC,2526,1800,2386,Maharashtra,Other
2026-04-23,Wheat,1,Ahilyanagar,Non-FAQ,Shrirampur(Belapur) APMC,2200,2100,2150,Maharashtra,Other
2026-04-23,Wheat,1,Ahmednagar,Non-FAQ,Shrirampur APMC,2350,2000,2200,Maharashtra,Other
2026-04-23,Wheat,1,Ahmednagar,Non-FAQ,Shrirampur(Belapur) APMC,2200,2100,2150,Maharashtra,Other
2026-04-23,Wheat,1,Vashim,Non-FAQ,Mangrulpeer APMC,2415,2200,2300,Maharashtra,Kalyan
2026-04-23,Wheat,1,Wardha,Non-FAQ,Hinganghat APMC,2335,1900,2140,Maharashtra,Other
2026-04-23,Wheat,1,Jalgaon,Non-FAQ,Amalner APMC,2448,2200,2448,Maharashtra,Other
2026-04-23,Wheat,1,Dhule,Non-FAQ,Dondaicha APMC,2515,1800,2400,Maharashtra,Other
2026-04-23,Wheat,1,Chattrapati Sambhajinagar,Non-FAQ,Sillod APMC,2200,2050,2150,Maharashtra,Other
2026-04-23,Wheat,1,Amarawati,Non-FAQ,Achalpur APMC,2500,2100,2300,Maharashtra,Other
2026-04-23,Wheat,1,Buldhana,Non-FAQ,Khamgaon APMC,2275,2100,2188,Maharashtra,Other
2026-04-23,Wheat,1,Sangli,FAQ,Sangli APMC,4000,2800,3400,Maharashtra,Other
2026-04-23,Wheat,1,Nashik,Non-FAQ,Satana APMC,2570,2141,2320,Maharashtra,Other
2026-04-23,Wheat,1,Buldhana,Non-FAQ,Lonar APMC,2175,2050,2112,Maharashtra,Other
2026-04-23,Wheat,1,Nashik,Non-FAQ,Manmad APMC,2450,1872,2300,Maharashtra,Other
2026-04-23,Wheat,1,Washim,Non-FAQ,Manora APMC,2326,2200,2263,Maharashtra,Other
2026-04-23,Wheat,1,Nanded,FAQ,Nanded APMC,2660,2660,2660,Maharashtra,Sharbati
2026-04-23,Wheat,1,Nashik,Non-FAQ,Devala APMC,2485,2160,2400,Maharashtra,Maharashtra 2189
2026-04-23,Wheat,1,Ahmednagar,Non-FAQ,Rahuri APMC,2300,2050,2175,Maharashtra,Other
2026-04-23,Wheat,1,Solapur,Non-FAQ,Dudhani APMC,2400,2000,2244,Maharashtra,Maharashtra 2189
2026-04-23,Wheat,1,Jalgaon,Non-FAQ,Chopada APMC,2451,2251,2311,Maharashtra,Other
2026-04-23,Wheat,1,Nashik,Non-FAQ,Yeola APMC,2414,2101,2330,Maharashtra,Maharashtra 2189
2026-04-23,Wheat,1,Latur,Non-FAQ,Latur(Murud) APMC,2451,2000,2150,Maharashtra,Maharashtra 2189
2026-04-23,Wheat,1,Nagpur,FAQ,Umared APMC,3000,2600,2800,Maharashtra,Other
2026-04-23,Wheat,1,Nagpur,Non-FAQ,Umared APMC,2570,1900,2250,Maharashtra,Other
2026-04-23,Wheat,1,Nagpur,Non-FAQ,Savner APMC,2400,2011,2300,Maharashtra,Other
2026-04-23,Wheat,1,Dhule,Non-FAQ,Dhule APMC,2584,2100,2400,Maharashtra,Other
2026-04-23,Wheat,1,Chattrapati Sambhajinagar,Non-FAQ,Chattrapati Sambhajinagar APMC,2580,2075,2363,Maharashtra,Other
2026-04-23,Wheat,1,Jalna,Non-FAQ,Jalana APMC,2325,2100,2325,Maharashtra,Other
2026-04-23,Wheat,1,Thane,FAQ,Kalyan APMC,3400,3000,3200,Maharashtra,Sharbati
2026-04-23,Wheat,1,Yavatmal,Local,"Mahesh Krushi Utpanna Bazar, Digras, Dist Yeotmal",2300,1900,2122,Maharashtra,Other
2026-04-23,Wheat,1,Nagpur,Non-FAQ,Katol APMC,2451,2226,2380,Maharashtra,Other
2026-04-24,Wheat,1,Nashik,Non-FAQ,Lasalgaon(Vinchur) APMC,2451,2000,2300,Maharashtra,Other
2026-04-24,Wheat,1,Buldhana,Non-FAQ,Shegaon APMC,1975,1850,1910,Maharashtra,Other
2026-04-24,Wheat,1,Solapur,FAQ,Barshi APMC,3200,3200,3200,Maharashtra,Other
2026-04-24,Wheat,1,Buldhana,Non-FAQ,Malkapur APMC,2305,2160,2250,Maharashtra,Other
2026-04-24,Wheat,1,Ahilyanagar,Non-FAQ,Rahuri APMC,2260,2000,2130,Maharashtra,Other
2026-04-24,Wheat,1,Nagpur,Non-FAQ,Katol APMC,2326,2150,2250,Maharashtra,Other
2026-04-24,Wheat,1,Wardha,Non-FAQ,Ashti(Karanja) APMC,2350,2200,2280,Maharashtra,Other
2026-04-24,Wheat,1,Nashik,Non-FAQ,Manmad APMC,2446,2280,2350,Maharashtra,Other
2026-04-24,Wheat,1,Buldhana,Non-FAQ,Jalgaon Jamod(Aasalgaon) APMC,2400,2200,2300,Maharashtra,Maharashtra 2189
2026-04-24,Wheat,1,Washim,Non-FAQ,Manora APMC,2356,2356,2356,Maharashtra,Other
2026-04-24,Wheat,1,Jalgaon,Non-FAQ,Amalner APMC,2400,2250,2400,Maharashtra,Other
2026-04-24,Wheat,1,Nashik,Non-FAQ,Yeola APMC,2411,2000,2320,Maharashtra,Maharashtra 2189
2026-04-24,Wheat,1,Nandurbar,Non-FAQ,Shahada APMC,2522,2300,2384,Maharashtra,Other
2026-04-24,Wheat,1,Ahilyanagar,Non-FAQ,Shevgaon(Bodhegaon) APMC,2100,2000,2000,Maharashtra,Maharashtra 2189
2026-04-24,Wheat,1,Parbhani,Non-FAQ,Tadkalas APMC,2250,2100,2200,Maharashtra,Other
2026-04-24,Wheat,1,Thane,FAQ,Kalyan APMC,3400,3000,3200,Maharashtra,Sharbati
2026-04-24,Wheat,1,Akola,Non-FAQ,Akola APMC,2500,2100,2300,Maharashtra,Other
2026-04-24,Wheat,1,Yavatmal,Local,"Mahesh Krushi Utpanna Bazar, Digras, Dist Yeotmal",2300,1900,2185,Maharashtra,Other
2026-04-24,Wheat,1,Amarawati,Non-FAQ,Amarawati APMC,2500,2100,2300,Maharashtra,Other
2026-04-24,Wheat,1,Jalgaon,Non-FAQ,Pachora APMC,2451,2000,2251,Maharashtra,Other
2026-04-24,Wheat,1,Palghar,FAQ,Ulhasnagar APMC,3400,3000,3200,Maharashtra,Other
2026-04-24,Wheat,1,Palghar,FAQ,Palghar APMC,3170,3170,3170,Maharashtra,Other
2026-04-24,Wheat,1,Thane,FAQ,Ulhasnagar APMC,3400,3000,3200,Maharashtra,Other
2026-04-25,Wheat,1,Chattrapati Sambhajinagar,Non-FAQ,Sillod(Bharadi) APMC,2250,2250,2250,Maharashtra,Other
2026-04-25,Wheat,1,Ahilyanagar,Non-FAQ,Rahuri APMC,2400,2150,2275,Maharashtra,Other
2026-04-25,Wheat,1,Ahmednagar,Non-FAQ,Rahuri APMC,2400,2150,2275,Maharashtra,Other
2026-04-25,Wheat,1,Solapur,FAQ,Solapur APMC,3895,2605,3355,Maharashtra,Sharbati
2026-04-25,Wheat,1,Jalana,FAQ,Jalana APMC,2600,2600,2600,Maharashtra,Other
2026-04-25,Wheat,1,Bhandara,Non-FAQ,Tumsar APMC,2310,2200,2271,Maharashtra,Other
2026-04-25,Wheat,1,Jalgaon,Non-FAQ,Raver APMC,2240,1951,2011,Maharashtra,Other
2026-04-25,Wheat,1,Beed,FAQ,Majalgaon APMC,3100,2670,2800,Maharashtra,Other
2026-04-25,Wheat,1,Akola,Non-FAQ,Murtizapur APMC,2400,2000,2200,Maharashtra,Other
2026-04-25,Wheat,1,Ahmednagar,Non-FAQ,Shevgaon APMC,2400,2200,2400,Maharashtra,Maharashtra 2189
2026-04-25,Wheat,1,Dhule,Non-FAQ,Dhule APMC,2500,2100,2380,Maharashtra,Other
2026-04-25,Wheat,1,Jalgaon,Non-FAQ,Pachora APMC,2500,2100,2300,Maharashtra,Other
2026-04-25,Wheat,1,Nagpur,FAQ,Nagpur APMC,3500,3200,3425,Maharashtra,Sharbati
2026-04-26,Wheat,1,Wardha,Non-FAQ,Ashti(Karanja) APMC,2350,2200,2260,Maharashtra,Other
2026-04-27,Wheat,1,Yavatmal,Non-FAQ,Vani APMC,2075,2075,2075,Maharashtra,Other
2026-04-27,Wheat,1,Nagpur,Non-FAQ,Nagpur APMC,2438,2240,2388,Maharashtra,Other
2026-04-27,Wheat,1,Ahilyanagar,Non-FAQ,Shevgaon APMC,2400,2100,2400,Maharashtra,Maharashtra 2189
2026-04-27,Wheat,1,Nashik,Non-FAQ,Malegaon APMC,2580,1812,2324,Maharashtra,Other
2026-04-27,Wheat,1,Ahilyanagar,Non-FAQ,Jamkhed APMC,2400,2200,2300,Maharashtra,Other
2026-04-27,Wheat,1,Beed,Non-FAQ,Beed APMC,2400,1951,2300,Maharashtra,Other
2026-04-27,Wheat,1,Nashik,Non-FAQ,Devala APMC,2300,2250,2260,Maharashtra,Maharashtra 2189
2026-04-27,Wheat,1,Palghar,FAQ,Palghar APMC,3100,3100,3100,Maharashtra,Other
2026-04-27,Wheat,1,Buldhana,FAQ,Malkapur APMC,3050,3050,3050,Maharashtra,Other
2026-04-27,Wheat,1,Akola,FAQ,Akola APMC,3500,2750,3300,Maharashtra,Sharbati
2026-04-27,Wheat,1,Chattrapati Sambhajinagar,Non-FAQ,Lasur Station APMC,2500,2100,2300,Maharashtra,Other
2026-04-27,Wheat,1,Dharashiv(Usmanabad),Non-FAQ,Tuljapur APMC,2300,2000,2150,Maharashtra,Other
2026-04-27,Wheat,1,Jalana,Non-FAQ,Partur APMC,2300,2180,2260,Maharashtra,Maharashtra 2189
2026-04-27,Wheat,1,Buldhana,Local,"Bsk Krishi Bazar Private Limited, Mehkar, Dist Buldhana",2220,2000,2196,Maharashtra,Other
2026-04-27,Wheat,1,Wardha,Non-FAQ,Wardha APMC,2440,2365,2400,Maharashtra,Other
2026-04-27,Wheat,1,Pune,FAQ,Baramati APMC,2900,2590,2700,Maharashtra,Maharashtra 2189
2026-04-28,Wheat,1,Solapur,FAQ,Solapur APMC,3910,2610,3375,Maharashtra,Sharbati
2026-04-28,Wheat,1,Nagpur,Non-FAQ,Savner APMC,2319,2200,2275,Maharashtra,Other
2026-04-28,Wheat,1,Ahilyanagar,Non-FAQ,Shrirampur APMC,2400,2050,2300,Maharashtra,Other
2026-04-28,Wheat,1,Thane,FAQ,Ulhasnagar APMC,3200,2800,3000,Maharashtra,Other
2026-04-28,Wheat,1,Chattrapati Sambhajinagar,Non-FAQ,Chattrapati Sambhajinagar APMC,2434,1500,1967,Maharashtra,Other
2026-04-28,Wheat,1,Yavatmal,Local,"Mahesh Krushi Utpanna Bazar, Digras APMC",2300,2100,2241,Maharashtra,Other
2026-04-28,Wheat,1,Wardha,Non-FAQ,Ashti APMC,2300,1500,1900,Maharashtra,Other
2026-04-28,Wheat,1,Buldhana,Local,BSK Krishi Bazar Private Ltd APMC,2200,2075,2187,Maharashtra,Other
2026-04-28,Wheat,1,Mumbai,FAQ,Mumbai APMC,5000,2900,3950,Maharashtra,Other
2026-04-28,Wheat,1,Ahilyanagar,Non-FAQ,Rahuri APMC,2350,2100,2225,Maharashtra,Other
2026-04-28,Wheat,1,Solapur,Non-FAQ,Dudhani APMC,2460,2000,2235,Maharashtra,Maharashtra 2189
2026-04-28,Wheat,1,Akola,Non-FAQ,Akola APMC,2500,1925,2360,Maharashtra,Other
2026-04-28,Wheat,1,Palghar,FAQ,Ulhasnagar APMC,3200,2800,3000,Maharashtra,Other
2026-04-28,Wheat,1,Yavatmal,Non-FAQ,Babhulgaon APMC,2390,2201,2301,Maharashtra,Other
2026-04-28,Wheat,1,Ahmednagar,FAQ,Newasa APMC,2600,2600,2600,Maharashtra,Maharashtra 2189
2026-04-28,Wheat,1,Sholapur,FAQ,Dudhani APMC,2755,2755,2755,Maharashtra,Maharashtra 2189
2026-04-28,Wheat,1,Thane,FAQ,Kalyan APMC,3400,3000,3200,Maharashtra,Sharbati
2026-04-28,Wheat,1,Nandurbar,Non-FAQ,Shahada APMC,2584,2290,2380,Maharashtra,Other
2026-04-28,Wheat,1,Yavatmal,Non-FAQ,Digras APMC,2385,2275,2315,Maharashtra,Other
2026-04-28,Wheat,1,Yavatmal,Local,"Mahesh Krushi Utpanna Bazar, Digras, Dist Yeotmal",2300,2100,2241,Maharashtra,Other
2026-04-28,Wheat,1,Dhule,FAQ,Dhule APMC,2610,2586,2601,Maharashtra,Other
2026-04-28,Wheat,1,Dhule,Non-FAQ,Dondaicha(Sindhkheda) APMC,2450,2271,2360,Maharashtra,Other
2026-04-29,Wheat,1,Vashim,Non-FAQ,Washim APMC,2321,2105,2250,Maharashtra,Maharashtra 2189
2026-04-29,Wheat,1,Beed,Non-FAQ,Gevrai APMC,2550,2150,2400,Maharashtra,Other
2026-04-29,Wheat,1,Chattrapati Sambhajinagar,Non-FAQ,Chattrapati Sambhajinagar APMC,2550,1700,2125,Maharashtra,Other
2026-04-29,Wheat,1,Nanded,Non-FAQ,Loha APMC,2351,2025,2200,Maharashtra,Other
2026-04-29,Wheat,1,Solapur,Non-FAQ,Karmala APMC,2500,2300,2350,Maharashtra,Other
2026-04-29,Wheat,1,Buldhana,Non-FAQ,Nandura APMC,2500,2150,2500,Maharashtra,Other
2026-04-29,Wheat,1,Chattrapati Sambhajinagar,Non-FAQ,Kannad APMC,2500,2200,2350,Maharashtra,Other
2026-04-29,Wheat,1,Dharashiv,Non-FAQ,Paranda APMC,2410,2300,2300,Maharashtra,Other
2026-04-29,Wheat,1,Jalana,FAQ,Jalana APMC,2700,2700,2700,Maharashtra,Other
2026-04-29,Wheat,1,Nashik,Non-FAQ,Lasalgaon(Vinchur) APMC,2455,2300,2350,Maharashtra,Other
2026-04-29,Wheat,1,Ahilyanagar,Non-FAQ,Rahuri(Vambori) APMC,2250,2250,2250,Maharashtra,Other
2026-04-29,Wheat,1,Wardha,Non-FAQ,Sindi(Selu) APMC,2400,2200,2350,Maharashtra,Other
2026-04-29,Wheat,1,Thane,FAQ,Ulhasnagar APMC,3400,3000,3200,Maharashtra,Other
2026-04-29,Wheat,1,Buldhana,Non-FAQ,Khamgaon APMC,2325,1750,2038,Maharashtra,Other
2026-04-29,Wheat,1,Solapur,FAQ,Barshi APMC,3000,2800,2800,Maharashtra,Other
2026-04-29,Wheat,1,Ahilyanagar,Non-FAQ,Kopargaon APMC,2451,2321,2411,Maharashtra,Other
2026-04-29,Wheat,1,Washim,Local,"Krushna Krishi Bazar, Washim",2400,2000,2329,Maharashtra,Other
2026-04-29,Wheat,1,Nagpur,FAQ,Nagpur APMC,3500,3200,3425,Maharashtra,Sharbati
2026-04-29,Wheat,1,Nashik,Non-FAQ,Lasalgaon(Niphad) APMC,2350,2050,2331,Maharashtra,Maharashtra 2189
2026-04-29,Wheat,1,Solapur,Non-FAQ,Dudhani APMC,2410,2410,2410,Maharashtra,Maharashtra 2189
2026-04-29,Wheat,1,Yavatmal,Non-FAQ,Yavatmal APMC,2425,1900,2162,Maharashtra,Other
2026-04-29,Wheat,1,Chattrapati Sambhajinagar,Non-FAQ,Sillod APMC,2200,2000,2100,Maharashtra,Other
2026-04-29,Wheat,1,Latur,Non-FAQ,Aurad Shahajani APMC,2150,2000,2075,Maharashtra,Maharashtra 2189
2026-04-29,Wheat,1,Chattrapati Sambhajinagar,Non-FAQ,Vaijpur APMC,2580,2325,2530,Maharashtra,Other
2026-04-29,Wheat,1,Jalna,Non-FAQ,Jalana APMC,2325,2000,2325,Maharashtra,Other
2026-04-29,Wheat,1,Ahilyanagar,Local,"Omchatinya Multi State Agro Purpose Co-Op Society, Dist Ahilyanagar",2600,2350,2350,Maharashtra,Other
2026-04-29,Wheat,1,Mumbai,FAQ,Mumbai APMC,5000,2900,3950,Maharashtra,Other
2026-04-29,Wheat,1,Buldhana,Non-FAQ,Malkapur APMC,2575,2005,2335,Maharashtra,Other
2026-04-29,Wheat,1,Parbhani,Non-FAQ,Jintur APMC,2175,2175,2175,Maharashtra,Other
2026-04-30,Wheat,1,Chattrapati Sambhajinagar,Non-FAQ,Gangapur APMC,2548,2245,2400,Maharashtra,Other
2026-04-30,Wheat,1,Nashik,Non-FAQ,Lasalgaon(Niphad) APMC,2471,2000,2360,Maharashtra,Maharashtra 2189
2026-04-30,Wheat,1,Yavatmal,Local,Shekari Krushi Khajgi Bazar APMC,2250,2050,2100,Maharashtra,Other
2026-04-30,Wheat,1,Ahmednagar,Non-FAQ,Rahuri(Vambori) APMC,2533,2251,2301,Maharashtra,Other
2026-04-30,Wheat,1,Sholapur,FAQ,Solapur APMC,3920,2605,3385,Maharashtra,Sharbati
2026-04-30,Wheat,1,Ahmednagar,Non-FAQ,Karjat APMC,2400,2200,2300,Maharashtra,Other
2026-04-30,Wheat,1,Wardha,Non-FAQ,Pulgaon APMC,2345,2345,2345,Maharashtra,Other
2026-04-30,Wheat,1,Jalna,Non-FAQ,Jalana APMC,2550,2000,2350,Maharashtra,Other
2026-04-30,Wheat,1,Beed,Non-FAQ,Gevrai APMC,2500,2100,2350,Maharashtra,Other
2026-04-30,Wheat,1,Dhule,Non-FAQ,Dhule APMC,2555,2200,2350,Maharashtra,Other
2026-04-30,Wheat,1,Solapur,FAQ,Barshi APMC,2800,2800,2800,Maharashtra,Other
2026-04-30,Wheat,1,Solapur,Non-FAQ,Karmala APMC,2351,2200,2300,Maharashtra,Other
2026-04-30,Wheat,1,Chattrapati Sambhajinagar,Non-FAQ,Chattrapati Sambhajinagar APMC,2455,2200,2328,Maharashtra,Other
2026-04-30,Wheat,1,Dharashiv,Non-FAQ,Tuljapur APMC,2300,2200,2250,Maharashtra,Other
2026-04-30,Wheat,1,Buldhana,FAQ,Malkapur APMC,2675,2675,2675,Maharashtra,Other
2026-04-30,Wheat,1,Chattrapati Sambhajinagar,Non-FAQ,Sillod APMC,2300,2150,2250,Maharashtra,Other
2026-04-30,Wheat,1,Amarawati,Non-FAQ,Amarawati APMC,2500,2100,2300,Maharashtra,Other
2026-05-01,Wheat,1,Akola,Non-FAQ,Patur APMC,2350,1900,2240,Maharashtra,Maharashtra 2189
2026-05-02,Wheat,1,Buldhana,Local,"Bsk Krishi Bazar Private Limited, Mehkar, Dist Buldhana",2250,2100,2217,Maharashtra,Other
2026-05-02,Wheat,1,Bhandara,Non-FAQ,Tumsar APMC,2328,2288,2300,Maharashtra,Other
2026-05-02,Wheat,1,Latur,Non-FAQ,Aurad Shahajani APMC,2320,1900,2110,Maharashtra,Maharashtra 2189
2026-05-02,Wheat,1,Ahmednagar,Non-FAQ,Kopargaon APMC,2440,2188,2352,Maharashtra,Other
2026-05-02,Wheat,1,Vashim,Non-FAQ,Karanja APMC,2510,2375,2450,Maharashtra,Other
2026-05-02,Wheat,1,Solapur,Non-FAQ,Dudhani APMC,2425,2300,2375,Maharashtra,Maharashtra 2189
2026-05-02,Wheat,1,Jalana,Non-FAQ,Bhokardan APMC,2150,2000,2100,Maharashtra,Other
2026-05-02,Wheat,1,Ahmednagar,Non-FAQ,Jamkhed APMC,2400,2200,2300,Maharashtra,Other
2026-05-02,Wheat,1,Solapur,FAQ,SHRI.SIDDHESHWAR  APMC,3925,2600,3390,Maharashtra,Sharbati
2026-05-02,Wheat,1,Akola,FAQ,Akola APMC,3500,3000,3300,Maharashtra,Sharbati
2026-05-02,Wheat,1,Ahmednagar,Non-FAQ,Shevgaon APMC,2400,2100,2400,Maharashtra,Maharashtra 2189
2026-05-02,Wheat,1,Buldhana,Local,BSK Krishi Bazar Private Ltd APMC,2250,2100,2217,Maharashtra,Other
2026-05-03,Wheat,1,Chattrapati Sambhajinagar,Non-FAQ,Sillod APMC,2310,2150,2250,Maharashtra,Other
2026-05-03,Wheat,1,Ahmednagar,Non-FAQ,Shevgaon APMC,2500,2200,2500,Maharashtra,Maharashtra 2189
2026-05-03,Wheat,1,Ahilyanagar,Local,"Omchatinya Multi State Agro Purpose Co-Op Society, Dist Ahilyanagar",2400,2250,2300,Maharashtra,Other
2026-05-03,Wheat,1,Nagpur,Non-FAQ,Katol APMC,2350,2200,2300,Maharashtra,Other
2026-05-03,Wheat,1,Amarawati,Non-FAQ,Dharni APMC,2200,2100,2150,Maharashtra,Other
2026-05-03,Wheat,1,Satara,Non-FAQ,Phaltan APMC,2570,2200,2450,Maharashtra,Other
2026-05-03,Wheat,1,Chattrapati Sambhajinagar,Non-FAQ,Paithan APMC,2541,2041,2400,Maharashtra,Bansi
2026-05-03,Wheat,1,Chattrapati Sambhajinagar,Non-FAQ,Kannad APMC,2550,2300,2425,Maharashtra,Other
2026-05-04,Wheat,1,Dharashiv(Usmanabad),Non-FAQ,Murum APMC,1900,1900,1900,Maharashtra,Bansi
2026-05-04,Wheat,1,Dhule,Local,Keshranand Cotex  APMC,2271,2125,2198,Maharashtra,Other
2026-05-04,Wheat,1,Jalgaon,Non-FAQ,Pachora APMC,2400,1950,2200,Maharashtra,Other
2026-05-04,Wheat,1,Ahmednagar,Non-FAQ,Shrirampur APMC,2400,2200,2300,Maharashtra,Other
2026-05-04,Wheat,1,Ahmednagar,Non-FAQ,Shevgaon(Bodhegaon) APMC,2300,2100,2100,Maharashtra,Maharashtra 2189
2026-05-04,Wheat,1,Dharashiv(Usmanabad),FAQ,Kalamb (Dharashiv) APMC,4400,4400,4400,Maharashtra,Bansi
2026-05-04,Wheat,1,Yavatmal,Local,"Mahesh Krushi Utpanna Bazar, Digras APMC",2300,1900,2231,Maharashtra,Other
2026-05-04,Wheat,1,Vashim,Non-FAQ,Manora APMC,2331,2251,2291,Maharashtra,Other
2026-05-04,Wheat,1,Buldhana,Local,"Bsk Krishi Bazar Private Limited, Mehkar, Dist Buldhana",2230,2000,2186,Maharashtra,Other
2026-05-04,Wheat,1,Nashik,Non-FAQ,Nandgaon APMC,2512,2399,2450,Maharashtra,Maharashtra 2189
2026-05-04,Wheat,1,Latur,FAQ,Aurad Shahajani APMC,2700,2585,2600,Maharashtra,Maharashtra 2189
2026-05-04,Wheat,1,Pune,FAQ,Baramati APMC,3000,2590,2800,Maharashtra,Maharashtra 2189
2026-05-04,Wheat,1,Solapur,FAQ,SHRI.SIDDHESHWAR  APMC,3935,2610,3395,Maharashtra,Sharbati
2026-05-04,Wheat,1,Yavatmal,Local,"Shekari Krushi Khajgi Bazar, Arni, Dist Yavatmal",2150,1936,2050,Maharashtra,Other
2026-05-04,Wheat,1,Washim,Non-FAQ,Washim(Ansing) APMC,2350,2150,2250,Maharashtra,Maharashtra 2189
2026-05-04,Wheat,1,Nashik,Non-FAQ,Devala APMC,2425,2200,2300,Maharashtra,Maharashtra 2189
2026-05-05,Wheat,1,Ahmednagar,FAQ,Newasa APMC,2600,2600,2600,Maharashtra,Maharashtra 2189
2026-05-05,Wheat,1,Dharashiv,FAQ,Murum APMC,2650,2650,2650,Maharashtra,Bansi
2026-05-05,Wheat,1,Vashim,Non-FAQ,Karanja APMC,2405,2300,2370,Maharashtra,Other
2026-05-05,Wheat,1,Sholapur,Non-FAQ,Dudhani APMC,2500,1900,2385,Maharashtra,Maharashtra 2189
2026-05-05,Wheat,1,Jalana,Non-FAQ,Partur APMC,2431,2000,2300,Maharashtra,Maharashtra 2189
2026-05-05,Wheat,1,Dharashiv(Usmanabad),Non-FAQ,Paranda APMC,2300,2150,2200,Maharashtra,Other
2026-05-05,Wheat,1,Nashik,Non-FAQ,Lasalgaon(Niphad) APMC,2454,2100,2411,Maharashtra,Maharashtra 2189
2026-05-05,Wheat,1,Parbhani,Non-FAQ,Purna APMC,2110,2110,2110,Maharashtra,Maharashtra 2189
2026-05-05,Wheat,1,Nashik,Non-FAQ,Devala APMC,2300,2200,2270,Maharashtra,Maharashtra 2189
2026-05-05,Wheat,1,Jalgaon,Non-FAQ,Chopada APMC,2041,1517,1999,Maharashtra,Other
2026-05-05,Wheat,1,Jalgaon,Non-FAQ,Pachora APMC,2411,1850,2121,Maharashtra,Other
2026-05-05,Wheat,1,Jalna,Non-FAQ,Partur APMC,2431,2000,2300,Maharashtra,Maharashtra 2189
2026-05-05,Wheat,1,Dharashiv,Non-FAQ,Kalamb (Dharashiv) APMC,2350,1800,2350,Maharashtra,Maharashtra 2189
2026-05-06,Wheat,1,Dharashiv(Usmanabad),Non-FAQ,Kalamb (Dharashiv) APMC,2300,1800,2300,Maharashtra,Maharashtra 2189
2026-05-06,Wheat,1,Dharashiv(Usmanabad),FAQ,Kalamb (Dharashiv) APMC,2701,2701,2701,Maharashtra,Maharashtra 2189
2026-05-06,Wheat,1,Sholapur,FAQ,Solapur APMC,3955,2610,3410,Maharashtra,Sharbati
2026-05-06,Wheat,1,Ahilyanagar,FAQ,Newasa APMC,2600,2600,2600,Maharashtra,Maharashtra 2189
2026-05-06,Wheat,1,Dharashiv,Non-FAQ,Kalamb (Dharashiv) APMC,2300,1800,2300,Maharashtra,Maharashtra 2189
2026-05-06,Wheat,1,Nagpur,Non-FAQ,Kalmeshwar APMC,2274,2000,2100,Maharashtra,Other
2026-05-06,Wheat,1,Buldhana,Non-FAQ,Nandura APMC,2450,2050,2450,Maharashtra,Other
2026-05-06,Wheat,1,Chattrapati Sambhajinagar,Non-FAQ,Vaijpur APMC,2425,1900,2350,Maharashtra,Other
2026-05-06,Wheat,1,Yavatmal,Local,"Mahesh Krushi Utpanna Bazar, Digras APMC",2400,2225,2362,Maharashtra,Other
2026-05-06,Wheat,1,Washim,Local,"Krushna Krishi Bazar, Washim",2600,2200,2453,Maharashtra,Other
2026-05-06,Wheat,1,Ahmednagar,Non-FAQ,Shrirampur APMC,2500,2300,2400,Maharashtra,Other
2026-05-06,Wheat,1,Jalgaon,Non-FAQ,Pachora APMC,2400,1900,2151,Maharashtra,Other
2026-05-06,Wheat,1,Dharashiv,FAQ,Kalamb (Dharashiv) APMC,2701,2701,2701,Maharashtra,Maharashtra 2189
2026-05-06,Wheat,1,Buldhana,Local,BSK Krishi Bazar Private Ltd APMC,2250,1900,2217,Maharashtra,Other
2026-05-06,Wheat,1,Nashik,Non-FAQ,Yeola APMC,2450,2350,2411,Maharashtra,Maharashtra 2189
2026-05-06,Wheat,1,Nashik,Non-FAQ,Devala APMC,2425,2205,2260,Maharashtra,Maharashtra 2189
2026-05-06,Wheat,1,Buldhana,Local,"Bsk Krishi Bazar Private Limited, Mehkar, Dist Buldhana",2250,1900,2217,Maharashtra,Other
2026-05-06,Wheat,1,Jalgaon,Non-FAQ,Chopada APMC,2505,2201,2400,Maharashtra,Other
2026-05-06,Wheat,1,Yavatmal,Non-FAQ,Yeotmal APMC,2415,2000,2208,Maharashtra,Other
2026-05-06,Wheat,1,Nashik,Non-FAQ,Nandgaon APMC,2436,2400,2436,Maharashtra,Maharashtra 2189
2026-05-07,Wheat,1,Jalana,Non-FAQ,Jalana APMC,2475,2200,2325,Maharashtra,Other
2026-05-07,Wheat,1,Nashik,Non-FAQ,Yeola APMC,2550,2299,2410,Maharashtra,Maharashtra 2189
2026-05-07,Wheat,1,Ahmednagar,Non-FAQ,Rahata APMC,2400,2300,2350,Maharashtra,Other
2026-05-07,Wheat,1,Dharashiv(Usmanabad),FAQ,Umarga APMC,2600,2600,2600,Maharashtra,Maharashtra 2189
2026-05-07,Wheat,1,Ahmednagar,Non-FAQ,Rahuri(Vambori) APMC,2399,2270,2351,Maharashtra,Other
2026-05-07,Wheat,1,Dharashiv,Non-FAQ,Umarga APMC,2300,1900,2000,Maharashtra,Maharashtra 2189
2026-05-07,Wheat,1,Ahilyanagar,Non-FAQ,Shevgaon(Bodhegaon) APMC,2300,2000,2000,Maharashtra,Maharashtra 2189
2026-05-07,Wheat,1,Sholapur,FAQ,Kurdwadi(Modnimb) APMC,2951,2600,2800,Maharashtra,Other
2026-05-07,Wheat,1,Vashim,Non-FAQ,Manora APMC,2360,2200,2280,Maharashtra,Other
2026-05-08,Wheat,1,Chattrapati Sambhajinagar,Non-FAQ,Paithan APMC,2431,2000,2340,Maharashtra,Bansi
2026-05-08,Wheat,1,Latur,Non-FAQ,Aurad Shahajani APMC,2320,2126,2223,Maharashtra,Maharashtra 2189
2026-05-08,Wheat,1,Ahmednagar,Non-FAQ,Shevgaon(Bodhegaon) APMC,2400,2300,2300,Maharashtra,Maharashtra 2189
2026-05-08,Wheat,1,Sholapur,FAQ,Solapur APMC,3975,2600,3425,Maharashtra,Sharbati
2026-05-08,Wheat,1,Yavatmal,Non-FAQ,Yeotmal APMC,2440,2250,2345,Maharashtra,Other
2026-05-08,Wheat,1,Nanded,Non-FAQ,Nanded APMC,2545,2200,2375,Maharashtra,Sharbati
2026-05-09,Wheat,1,Nagpur,FAQ,Umared APMC,3000,2600,2800,Maharashtra,Other
2026-05-09,Wheat,1,Ahilyanagar,Non-FAQ,Rahuri(Vambori) APMC,2380,2285,2307,Maharashtra,Other
2026-05-09,Wheat,1,Yavatmal,Local,Kisan Market Yard APMC,2320,2195,2269,Maharashtra,Other
2026-05-09,Wheat,1,Nagpur,Non-FAQ,Nagpur APMC,2374,2200,2330,Maharashtra,Other
2026-05-09,Wheat,1,Dharashiv(Usmanabad),Non-FAQ,Tuljapur APMC,2500,2200,2400,Maharashtra,Other
2026-05-09,Wheat,1,Nagpur,Non-FAQ,Umared APMC,2300,2000,2150,Maharashtra,Other
2026-05-09,Wheat,1,Sholapur,FAQ,Solapur APMC,3985,2605,3430,Maharashtra,Sharbati
2026-05-09,Wheat,1,Ahmednagar,Non-FAQ,Kopargaon APMC,2476,2323,2360,Maharashtra,Other
2026-05-09,Wheat,1,Ahilyanagar,Non-FAQ,Shevgaon(Bodhegaon) APMC,2400,2200,2200,Maharashtra,Maharashtra 2189
2026-05-09,Wheat,1,Latur,FAQ,Ahmedpur APMC,2700,2585,2642,Maharashtra,Other
2026-05-09,Wheat,1,Beed,FAQ,Majalgaon APMC,2651,2591,2610,Maharashtra,Other
2026-05-09,Wheat,1,Beed,Non-FAQ,Gevrai APMC,2400,2150,2250,Maharashtra,Other
2026-05-11,Wheat,1,Ahmednagar,Non-FAQ,Shevgaon APMC,2400,2200,2400,Maharashtra,Maharashtra 2189
2026-05-11,Wheat,1,Dharashiv(Usmanabad),Non-FAQ,Umarga APMC,2500,2390,2400,Maharashtra,Maharashtra 2189
2026-05-11,Wheat,1,Dharashiv(Usmanabad),Non-FAQ,Tuljapur APMC,2350,2300,2300,Maharashtra,Other
2026-05-11,Wheat,1,Ahmednagar,Non-FAQ,Jamkhed APMC,2400,2200,2300,Maharashtra,Other
2026-05-11,Wheat,1,Jalgaon,Non-FAQ,Chopada APMC,2551,2201,2482,Maharashtra,Other
2026-05-11,Wheat,1,Nanded,Non-FAQ,Nanded APMC,2475,2200,2350,Maharashtra,Sharbati
2026-05-11,Wheat,1,Yavatmal,Non-FAQ,Umarked(Danki) APMC,2450,2250,2400,Maharashtra,Other
2026-05-11,Wheat,1,Nashik,FAQ,Satana APMC,2755,2755,2755,Maharashtra,Other
2026-05-11,Wheat,1,Jalgaon,Non-FAQ,APMC CHOPADA,2551,2201,2482,Maharashtra,Other
2026-05-11,Wheat,1,Nanded,Non-FAQ,Loha APMC,2451,2100,2251,Maharashtra,Other
2026-05-11,Wheat,1,Ahilyanagar,Non-FAQ,Ahilyanagar APMC,2400,2100,2250,Maharashtra,Other
2026-05-11,Wheat,1,Wardha,Non-FAQ,Ashti(Karanja) APMC,2350,2100,2200,Maharashtra,Other
2026-05-11,Wheat,1,Pune,Non-FAQ,Indapur APMC,2550,1800,2500,Maharashtra,Other
2026-05-11,Wheat,1,Dhule,Non-FAQ,Sakri APMC,2312,2175,2226,Maharashtra,Other
2026-05-11,Wheat,1,Solapur,Non-FAQ,Kurdwadi(Modnimb) APMC,2500,2051,2300,Maharashtra,Other
2026-05-11,Wheat,1,Yavatmal,Non-FAQ,Pandhakawada APMC,2155,1800,2000,Maharashtra,Other
2026-05-11,Wheat,1,Chattrapati Sambhajinagar,Non-FAQ,Chattrapati Sambhajinagar APMC,2500,2000,2250,Maharashtra,Other
2026-05-11,Wheat,1,Latur,Non-FAQ,Ausa APMC,2501,2101,2204,Maharashtra,Maharashtra 2189
2026-05-11,Wheat,1,Yavatmal,Non-FAQ,Yavatmal APMC,2350,2000,2175,Maharashtra,Other
2026-05-11,Wheat,1,Yavatmal,Non-FAQ,Umarkhed APMC,2500,2300,2400,Maharashtra,Other
2026-05-11,Wheat,1,Buldhana,Non-FAQ,Khamgaon APMC,2310,2150,2230,Maharashtra,Other
2026-05-11,Wheat,1,Yavatmal,Non-FAQ,Vani APMC,2230,2120,2200,Maharashtra,Other
2026-05-11,Wheat,1,Latur,Non-FAQ,Aurad Shahajani APMC,2250,2200,2225,Maharashtra,Maharashtra 2189
2026-05-11,Wheat,1,Ahilyanagar,Non-FAQ,Shevgaon APMC,2400,2200,2400,Maharashtra,Maharashtra 2189
2026-05-12,Wheat,1,Nashik,Non-FAQ,Lasalgaon(Vinchur) APMC,2381,2000,2350,Maharashtra,Other
2026-05-12,Wheat,1,Amarawati,Non-FAQ,Anajngaon APMC,2300,1900,2200,Maharashtra,Other
2026-05-12,Wheat,1,Chattrapati Sambhajinagar,Non-FAQ,Paithan APMC,2431,1900,2300,Maharashtra,Bansi
2026-05-12,Wheat,1,Nagpur,Non-FAQ,Katol APMC,2335,2311,2320,Maharashtra,Other
2026-05-12,Wheat,1,Latur,Non-FAQ,Latur(Murud) APMC,2151,2001,2075,Maharashtra,Maharashtra 2189
2026-05-12,Wheat,1,Thane,FAQ,Palghar APMC,3300,3300,3300,Maharashtra,Other
2026-05-12,Wheat,1,Jalna,Non-FAQ,Partur APMC,2440,2250,2381,Maharashtra,Maharashtra 2189
2026-05-12,Wheat,1,Yavatmal,Local,"Mahesh Krushi Utpanna Bazar, Digras APMC",2500,2000,2209,Maharashtra,Other
2026-05-12,Wheat,1,Nandurbar,Non-FAQ,Shahada APMC,2584,2199,2400,Maharashtra,Other
2026-05-12,Wheat,1,Nagpur,Non-FAQ,Kalmeshwar APMC,2480,2000,2200,Maharashtra,Other
2026-05-12,Wheat,1,Buldhana,FAQ,Krushi Utpanna Bazar Samiti Shegaon,2600,2600,2600,Maharashtra,Other
2026-05-12,Wheat,1,Buldhana,Non-FAQ,Nandura APMC,2311,2190,2311,Maharashtra,Other
2026-05-12,Wheat,1,Ahilyanagar,Non-FAQ,Kopargaon APMC,2435,2350,2414,Maharashtra,Other
2026-05-12,Wheat,1,Buldhana,Non-FAQ,Khamgaon APMC,2285,2025,2155,Maharashtra,Other
2026-05-12,Wheat,1,Buldhana,Local,BSK Krishi Bazar Private Ltd APMC,2270,2195,2258,Maharashtra,Other
2026-05-12,Wheat,1,Yavatmal,Non-FAQ,Yavatmal APMC,2410,2200,2305,Maharashtra,Other
2026-05-13,Wheat,1,Buldhana,Non-FAQ,Lonar APMC,2400,2100,2250,Maharashtra,Other
2026-05-13,Wheat,1,Nashik,Non-FAQ,Devala APMC,2330,2285,2310,Maharashtra,Maharashtra 2189
2026-05-13,Wheat,1,Nashik,Non-FAQ,Lasalgaon(Niphad) APMC,2400,2250,2315,Maharashtra,Maharashtra 2189
2026-05-13,Wheat,1,Nashik,Non-FAQ,Nandgaon APMC,2410,2379,2410,Maharashtra,Maharashtra 2189
2026-05-13,Wheat,1,Pune,Non-FAQ,Shirur APMC,2450,2150,2250,Maharashtra,Other
2026-05-13,Wheat,1,Wardha,Non-FAQ,Sindi APMC,2265,2000,2130,Maharashtra,Other
2026-05-13,Wheat,1,Wardha,Non-FAQ,Sindi(Selu) APMC,2410,2300,2380,Maharashtra,Other
2026-05-13,Wheat,1,Solapur,Non-FAQ,Karmala APMC,2425,2200,2300,Maharashtra,Other
2026-05-13,Wheat,1,Nandurbar,Non-FAQ,Shahada APMC,2525,2300,2400,Maharashtra,Other
2026-05-13,Wheat,1,Wardha,Non-FAQ,Ashti(Karanja) APMC,2325,2000,2100,Maharashtra,Other
2026-05-13,Wheat,1,Palghar,FAQ,Kalyan APMC,3600,2800,3200,Maharashtra,Sharbati
2026-05-13,Wheat,1,Ahilyanagar,Non-FAQ,Shevgaon APMC,2400,2200,2400,Maharashtra,Maharashtra 2189
2026-05-13,Wheat,1,Jalgaon,Non-FAQ,APMC CHOPADA,2552,2111,2425,Maharashtra,Other
2026-05-13,Wheat,1,Washim,Non-FAQ,Karanja APMC,2420,2350,2380,Maharashtra,Other
2026-05-13,Wheat,1,Ahilyanagar,FAQ,Newasa APMC,2600,2600,2600,Maharashtra,Maharashtra 2189
2026-05-13,Wheat,1,Beed,Non-FAQ,Vadvani APMC,2300,1900,2150,Maharashtra,Other
2026-05-13,Wheat,1,Dharashiv(Usmanabad),Non-FAQ,Tuljapur APMC,2500,2200,2400,Maharashtra,Other
2026-05-13,Wheat,1,Nashik,Non-FAQ,Malegaon APMC,2506,1851,2151,Maharashtra,Other
2026-05-13,Wheat,1,Ahmednagar,Non-FAQ,Kopargaon APMC,2419,2350,2411,Maharashtra,Other
2026-05-13,Wheat,1,Vashim,Non-FAQ,Karanja APMC,2420,2350,2380,Maharashtra,Other
2026-05-13,Wheat,1,Kolhapur,FAQ,Kolhapur(Laxmipuri) APMC,5900,4000,4950,Maharashtra,Other
2026-05-13,Wheat,1,Buldhana,Non-FAQ,Mehekar APMC,2500,2000,2300,Maharashtra,Other
2026-05-13,Wheat,1,Dhule,FAQ,Dhule APMC,2675,2586,2610,Maharashtra,Other
2026-05-13,Wheat,1,Ahmednagar,Local,Om Chaitanya Multistate Agro Purpose CoOp Society  APMC,2400,2300,2300,Maharashtra,Other
2026-05-14,Wheat,1,Nashik,Non-FAQ,Devala APMC,2350,2325,2350,Maharashtra,Maharashtra 2189
2026-05-14,Wheat,1,Chattrapati Sambhajinagar,Non-FAQ,Paithan APMC,2300,2100,2200,Maharashtra,Bansi
2026-05-14,Wheat,1,Bhandara,Non-FAQ,Bhandara APMC,2500,2200,2300,Maharashtra,Maharashtra 2189
2026-05-14,Wheat,1,Buldhana,Non-FAQ,Chikali APMC,2380,1720,2050,Maharashtra,Other
2026-05-14,Wheat,1,Nashik,Non-FAQ,Nandgaon APMC,2480,2366,2366,Maharashtra,Maharashtra 2189
2026-05-14,Wheat,1,Dharashiv,Non-FAQ,Tuljapur APMC,2500,2200,2400,Maharashtra,Other
2026-05-14,Wheat,1,Buldhana,Non-FAQ,Deoulgaon Raja APMC,2357,2151,2275,Maharashtra,Other
2026-05-14,Wheat,1,Latur,Non-FAQ,Ahmedpur APMC,2450,2100,2334,Maharashtra,Other
2026-05-14,Wheat,1,Beed,Non-FAQ,Majalgaon APMC,2500,2200,2350,Maharashtra,Other
2026-05-14,Wheat,1,Chattrapati Sambhajinagar,Non-FAQ,Chattrapati Sambhajinagar APMC,2500,2275,2388,Maharashtra,Other
2026-05-14,Wheat,1,Nagpur,Non-FAQ,Katol APMC,2360,2280,2300,Maharashtra,Other
2026-05-14,Wheat,1,Washim,Non-FAQ,Manora APMC,2301,2280,2295,Maharashtra,Other
2026-05-14,Wheat,1,Nanded,Non-FAQ,Loha APMC,2270,2100,2251,Maharashtra,Other
2026-05-14,Wheat,1,Solapur,FAQ,Solapur APMC,3995,2610,3460,Maharashtra,Sharbati
2026-05-14,Wheat,1,Amarawati,Non-FAQ,Dhamngaon-Railway APMC,2350,2230,2250,Maharashtra,Other
2026-05-14,Wheat,1,Beed,Non-FAQ,Gevrai APMC,2350,2150,2250,Maharashtra,Other
2026-05-14,Wheat,1,Chattrapati Sambhajinagar,Non-FAQ,Sillod APMC,2350,2200,2300,Maharashtra,Other
2026-05-14,Wheat,1,Yavatmal,Local,"Shekari Krushi Khajgi Bazar, Arni, Dist Yavatmal",2100,1900,2000,Maharashtra,Other
2026-05-14,Wheat,1,Buldhana,Local,"Bsk Krishi Bazar Private Limited, Mehkar, Dist Buldhana",2250,2100,2210,Maharashtra,Other
2026-05-14,Wheat,1,Chattrapati Sambhajinagar,Non-FAQ,Agricultural Produce Market Committee Sillod,2350,2200,2300,Maharashtra,Other
2026-05-14,Wheat,1,Amarawati,Non-FAQ,Achalpur APMC,2525,2200,2375,Maharashtra,Other
2026-05-14,Wheat,1,Buldhana,Non-FAQ,Malkapur APMC,2340,2215,2300,Maharashtra,Other
2026-05-14,Wheat,1,Buldhana,Non-FAQ,Krushi Utpanna Bazar Samiti Shegaon,2100,1600,1930,Maharashtra,Other
2026-05-14,Wheat,1,Solapur,Non-FAQ,Karmala APMC,2400,2300,2380,Maharashtra,Other
2026-05-14,Wheat,1,Ahilyanagar,Non-FAQ,Rahata APMC,2500,2200,2300,Maharashtra,Other
2026-05-14,Wheat,1,Yavatmal,Non-FAQ,Digras APMC,2480,2320,2415,Maharashtra,Other
2026-05-14,Wheat,1,Nashik,Non-FAQ,Malegaon APMC,2551,1951,2151,Maharashtra,Other
2026-05-14,Wheat,1,Beed,Non-FAQ,Parali Vaijyanath APMC,2200,2200,2200,Maharashtra,Other
2026-05-14,Wheat,1,Wardha,Non-FAQ,Ashti APMC,2370,2000,2200,Maharashtra,Other
2026-05-14,Wheat,1,Akola,Non-FAQ,Akola APMC,2555,2200,2465,Maharashtra,Other
2026-05-15,Wheat,1,Beed,Non-FAQ,Kaij APMC,2400,2100,2251,Maharashtra,Other
2026-05-15,Wheat,1,Dharashiv,FAQ,Murum APMC,3101,3101,3101,Maharashtra,Bansi
2026-05-15,Wheat,1,Buldhana,Non-FAQ,Deoulgaon Raja APMC,2325,1700,2250,Maharashtra,Other
2026-05-15,Wheat,1,Ahilyanagar,Non-FAQ,Jamkhed APMC,2500,2200,2350,Maharashtra,Other
2026-05-15,Wheat,1,Mumbai,FAQ,Mumbai APMC,5600,2900,4250,Maharashtra,Other
2026-05-15,Wheat,1,Nashik,Non-FAQ,Nandgaon APMC,2447,2330,2350,Maharashtra,Maharashtra 2189
2026-05-15,Wheat,1,Yavatmal,Non-FAQ,Pandhakawada APMC,2095,1800,1950,Maharashtra,Other
2026-05-15,Wheat,1,Ahilyanagar,Non-FAQ,Karjat APMC,2400,2200,2300,Maharashtra,Other
2026-05-15,Wheat,1,Yavatmal,Non-FAQ,Umarkhed APMC,2450,2250,2350,Maharashtra,Other
2026-05-15,Wheat,1,Nagpur,Non-FAQ,Savner APMC,2584,2125,2400,Maharashtra,Other
2026-05-15,Wheat,1,Nanded,Non-FAQ,Loha APMC,2500,2100,2270,Maharashtra,Other
2026-05-15,Wheat,1,Latur,FAQ,Ahmedpur APMC,2792,2585,2688,Maharashtra,Other
2026-05-15,Wheat,1,Nanded,Non-FAQ,Bhokar APMC,2230,2000,2070,Maharashtra,Other
2026-05-15,Wheat,1,Buldhana,Local,"Bsk Krishi Bazar Private Limited, Mehkar, Dist Buldhana",2250,2100,2245,Maharashtra,Other
2026-05-15,Wheat,1,Sangli,FAQ,Sangli APMC,4000,2900,3450,Maharashtra,Other
2026-05-15,Wheat,1,Yavatmal,Local,"Shekari Krushi Khajgi Bazar, Arni, Dist Yavatmal",2170,1950,2000,Maharashtra,Other
2026-05-15,Wheat,1,Buldhana,Non-FAQ,Khamgaon APMC,2300,2100,2200,Maharashtra,Other
2026-05-16,Wheat,1,Dhule,Non-FAQ,Dhule APMC,2330,2200,2275,Maharashtra,Other
2026-05-16,Wheat,1,Solapur,FAQ,Solapur APMC,4000,2600,3470,Maharashtra,Sharbati
2026-05-16,Wheat,1,Washim,Non-FAQ,Washim(Ansing) APMC,2250,2150,2200,Maharashtra,Maharashtra 2189
2026-05-16,Wheat,1,Washim,Non-FAQ,Washim APMC,2370,2105,2250,Maharashtra,Maharashtra 2189
2026-05-16,Wheat,1,Solapur,Non-FAQ,Dudhani APMC,2410,2350,2389,Maharashtra,Maharashtra 2189
2026-05-16,Wheat,1,Ahilyanagar,Non-FAQ,Rahata APMC,2526,2250,2380,Maharashtra,Other
2026-05-16,Wheat,1,Ahilyanagar,Non-FAQ,Rahuri(Vambori) APMC,2375,2251,2317,Maharashtra,Other
2026-05-16,Wheat,1,Amarawati,Non-FAQ,Dhamngaon-Railway APMC,2370,2270,2330,Maharashtra,Other
2026-05-17,Wheat,1,Nagpur,Non-FAQ,Agriculture Produce Market Committee Katol,2340,2276,2300,Maharashtra,Other
2026-05-17,Wheat,1,Chattrapati Sambhajinagar,Non-FAQ,Sillod APMC,2300,2200,2250,Maharashtra,Other
2026-05-17,Wheat,1,Chattrapati Sambhajinagar,Non-FAQ,Agricultural Produce Market Committee Sillod,2300,2200,2250,Maharashtra,Other
2026-05-18,Wheat,1,Amarawati,Non-FAQ,Amarawati APMC,2550,2250,2400,Maharashtra,Other
2026-05-18,Wheat,1,Nanded,FAQ,Loha APMC,2700,2600,2600,Maharashtra,Other
2026-05-18,Wheat,1,Wardha,Non-FAQ,Wardha APMC,2485,2425,2450,Maharashtra,Other
2026-05-18,Wheat,1,Beed,FAQ,Majalgaon APMC,3000,2655,2701,Maharashtra,Other
2026-05-18,Wheat,1,Ahilyanagar,Non-FAQ,Jamkhed APMC,2500,2200,2350,Maharashtra,Other
2026-05-18,Wheat,1,Beed,Non-FAQ,Kille Dharur APMC,2350,2000,2350,Maharashtra,Other
2026-05-18,Wheat,1,Sangli,FAQ,Sangli APMC,4000,2800,3400,Maharashtra,Other
2026-05-18,Wheat,1,Nashik,Non-FAQ,Lasalgaon(Vinchur) APMC,2401,2300,2370,Maharashtra,Other
2026-05-18,Wheat,1,Solapur,FAQ,Kurdwadi(Modnimb) APMC,2800,2600,2700,Maharashtra,Other
2026-05-18,Wheat,1,Mumbai,FAQ,Mumbai APMC,5000,2900,3950,Maharashtra,Other
2026-05-18,Wheat,1,Amarawati,Non-FAQ,Dhamngaon-Railway APMC,2390,2200,2300,Maharashtra,Other
2026-05-18,Wheat,1,Wardha,Non-FAQ,Ashti APMC,2420,2000,2200,Maharashtra,Other
2026-05-18,Wheat,1,Nashik,Non-FAQ,Yeola APMC,2400,2251,2380,Maharashtra,Maharashtra 2189
2026-05-18,Wheat,1,Palghar,FAQ,Palghar APMC,3170,3170,3170,Maharashtra,Other
2026-05-18,Wheat,1,Yavatmal,Non-FAQ,Babhulgaon APMC,2375,2201,2251,Maharashtra,Other
2026-05-18,Wheat,1,Buldhana,Non-FAQ,Krushi Utpanna Bazar Samiti Shegaon,2130,2130,2130,Maharashtra,Other
2026-05-18,Wheat,1,Buldhana,Non-FAQ,Nandura APMC,2410,2001,2410,Maharashtra,Other
2026-05-18,Wheat,1,Amarawati,Non-FAQ,Chandur Bazar APMC,2550,2250,2363,Maharashtra,Other
2026-05-18,Wheat,1,Pune,FAQ,Baramati APMC,2785,2590,2700,Maharashtra,Maharashtra 2189
2026-05-18,Wheat,1,Nashik,Non-FAQ,Devala APMC,2560,2325,2400,Maharashtra,Maharashtra 2189
2026-05-18,Wheat,1,Nashik,Non-FAQ,Lasalgaon(Niphad) APMC,2350,2000,2325,Maharashtra,Maharashtra 2189
2026-05-18,Wheat,1,Ahilyanagar,Non-FAQ,Shevgaon(Bodhegaon) APMC,2450,2250,2450,Maharashtra,Maharashtra 2189
2026-05-18,Wheat,1,Solapur,FAQ,Mangal Wedha APMC,3300,3300,3300,Maharashtra,Other
2026-05-18,Wheat,1,Nandurbar,Non-FAQ,Shahada APMC,2584,2180,2425,Maharashtra,Other
2026-05-18,Wheat,1,Jalgaon,Non-FAQ,Chopada APMC,2351,2222,2299,Maharashtra,Other
2026-05-19,Wheat,1,Jalgaon,Non-FAQ,Parola APMC,2285,2285,2285,Maharashtra,Kalyan
2026-05-19,Wheat,1,Wardha,Non-FAQ,Ashti(Karanja) APMC,2345,2000,2150,Maharashtra,Other
2026-05-19,Wheat,1,Nashik,Non-FAQ,Satana APMC,2461,2200,2380,Maharashtra,Other
2026-05-19,Wheat,1,Amarawati,Non-FAQ,Achalpur APMC,2525,2150,2275,Maharashtra,Other
2026-05-19,Wheat,1,Yavatmal,Non-FAQ,Vani APMC,2240,2240,2240,Maharashtra,Other
2026-05-19,Wheat,1,Jalgaon,Non-FAQ,Jalgaon(Masawat) APMC,2250,2250,2250,Maharashtra,147 Average
2026-05-19,Wheat,1,Dharashiv,FAQ,Kalamb (Dharashiv) APMC,3071,3071,3071,Maharashtra,Maharashtra 2189
2026-05-19,Wheat,1,Bhandara,Non-FAQ,Bhandara APMC,2390,2350,2370,Maharashtra,Maharashtra 2189
2026-05-19,Wheat,1,Nashik,Non-FAQ,Lasalgaon(Niphad) APMC,2461,1900,2375,Maharashtra,Maharashtra 2189
2026-05-19,Wheat,1,Nashik,FAQ,Lasalgaon APMC,2710,2585,2600,Maharashtra,Maharashtra 2189
2026-05-19,Wheat,1,Buldhana,Local,"Bsk Krishi Bazar Private Limited, Mehkar, Dist Buldhana",2200,2100,2190,Maharashtra,Other
2026-05-19,Wheat,1,Chattrapati Sambhajinagar,Non-FAQ,Gangapur APMC,2340,2111,2300,Maharashtra,Other
2026-05-19,Wheat,1,Ahilyanagar,Non-FAQ,Karjat(Rashin) APMC,2400,2300,2300,Maharashtra,Other
2026-05-19,Wheat,1,Jalgaon,FAQ,Chopada APMC,2687,2687,2687,Maharashtra,Other
2026-05-19,Wheat,1,Jalgaon,Non-FAQ,APMC CHOPADA,2451,2200,2451,Maharashtra,Other
2026-05-19,Wheat,1,Akola,Non-FAQ,Murtizapur APMC,2480,2000,2240,Maharashtra,Other
2026-05-19,Wheat,1,Ahilyanagar,Non-FAQ,Ahilyanagar APMC,2400,2100,2250,Maharashtra,Other
2026-05-19,Wheat,1,Washim,Non-FAQ,Malegaon(Vashim) APMC,2400,2000,2300,Maharashtra,Other
2026-05-19,Wheat,1,Nagpur,Non-FAQ,Nagpur APMC,2426,2200,2369,Maharashtra,Other
2026-05-19,Wheat,1,Sangli,FAQ,Sangli APMC,4000,3000,3500,Maharashtra,Other
2026-05-19,Wheat,1,Kolhapur,FAQ,Kolhapur(Laxmipuri) APMC,4150,2975,3562,Maharashtra,Other
2026-05-19,Wheat,1,Buldhana,Non-FAQ,Deoulgaon Raja APMC,2350,1701,2150,Maharashtra,Other
2026-05-19,Wheat,1,Jalgaon,Non-FAQ,Chopada APMC,2451,2200,2451,Maharashtra,Other
2026-05-20,Wheat,1,Ahilyanagar,Non-FAQ,Karjat(Rashin) APMC,2400,2200,2300,Maharashtra,Other
2026-05-20,Wheat,1,Palghar,FAQ,Ulhasnagar APMC,3200,3000,3100,Maharashtra,Other
2026-05-20,Wheat,1,Dhule,Non-FAQ,Shirpur APMC,2400,2200,2325,Maharashtra,Other
2026-05-20,Wheat,1,Yavatmal,Non-FAQ,Vani APMC,2105,1995,2000,Maharashtra,Other
2026-05-20,Wheat,1,Buldhana,Local,"Bsk Krishi Bazar Private Limited, Mehkar, Dist Buldhana",2200,2150,2180,Maharashtra,Other
2026-05-20,Wheat,1,Nashik,Non-FAQ,Nandgaon APMC,2491,2340,2450,Maharashtra,Maharashtra 2189
2026-05-20,Wheat,1,Dharashiv,Non-FAQ,Murum APMC,2191,2191,2191,Maharashtra,Bansi
2026-05-20,Wheat,1,Nandurbar,Non-FAQ,Nandurbar APMC,2491,2251,2375,Maharashtra,Other
2026-05-20,Wheat,1,Dharashiv,FAQ,Umarga APMC,2701,2701,2701,Maharashtra,Maharashtra 2189
2026-05-20,Wheat,1,Wardha,Non-FAQ,Hinganghat APMC,2400,2000,2200,Maharashtra,Other
2026-05-20,Wheat,1,Dhule,Non-FAQ,Dhule APMC,2526,2100,2350,Maharashtra,Other
2026-05-20,Wheat,1,Beed,Non-FAQ,Vadvani APMC,2300,2150,2250,Maharashtra,Other
2026-05-20,Wheat,1,Beed,FAQ,Vadvani APMC,2700,2700,2700,Maharashtra,Other
2026-05-20,Wheat,1,Palghar,FAQ,Palghar APMC,3320,3320,3320,Maharashtra,Other
2026-05-20,Wheat,1,Buldhana,Non-FAQ,Chikali APMC,2300,1600,1950,Maharashtra,Other
2026-05-20,Wheat,1,Yavatmal,Non-FAQ,Umarked(Danki) APMC,2500,2300,2400,Maharashtra,Other
2026-05-20,Wheat,1,Yavatmal,Non-FAQ,Umarkhed APMC,2500,2300,2400,Maharashtra,Other
2026-05-20,Wheat,1,Nanded,Non-FAQ,Umari APMC,2050,2000,2000,Maharashtra,Other
2026-05-20,Wheat,1,Ahilyanagar,Non-FAQ,Rahuri(Vambori) APMC,2350,2309,2329,Maharashtra,Other
2026-05-20,Wheat,1,Akola,Non-FAQ,Murtizapur APMC,2435,2000,2220,Maharashtra,Other
2026-05-20,Wheat,1,Nanded,Non-FAQ,Bhokar APMC,2300,2000,2150,Maharashtra,Other
2026-05-21,Wheat,1,Jalgaon,Non-FAQ,Pachora APMC,2290,2000,2100,Maharashtra,Other
2026-05-21,Wheat,1,Jalgaon,Non-FAQ,Chopada APMC,2521,2200,2472,Maharashtra,Other
2026-05-21,Wheat,1,Jalgaon,Non-FAQ,Parola APMC,2317,2100,2250,Maharashtra,Kalyan
2026-05-21,Wheat,1,Ahilyanagar,Non-FAQ,Shrirampur APMC,2350,2250,2300,Maharashtra,Other
2026-05-21,Wheat,1,Washim,Non-FAQ,Mangrulpeer APMC,2500,1950,2350,Maharashtra,Kalyan
2026-05-22,Wheat,1,Buldhana,Non-FAQ,Chikali APMC,2350,1750,2050,Maharashtra,Other
2026-05-22,Wheat,1,Buldhana,FAQ,Malkapur APMC,2670,2670,2670,Maharashtra,Other
2026-05-22,Wheat,1,Amarawati,Non-FAQ,Nandgaon Khandeshwar APMC,2350,2180,2265,Maharashtra,Other
2026-05-22,Wheat,1,Nagpur,Non-FAQ,Agriculture Produce Market Committee Katol,2311,2260,2285,Maharashtra,Other
2026-05-22,Wheat,1,Jalgaon,Non-FAQ,Chopada APMC,2436,2211,2383,Maharashtra,Other
2026-05-22,Wheat,1,Solapur,FAQ,Solapur APMC,3990,2595,3495,Maharashtra,Sharbati
2026-05-22,Wheat,1,Parbhani,Non-FAQ,Sonpeth APMC,2380,2252,2346,Maharashtra,Other
2026-05-22,Wheat,1,Amarawati,Non-FAQ,Achalpur APMC,2550,2100,2275,Maharashtra,Other
2026-05-22,Wheat,1,Washim,Non-FAQ,Karanja APMC,2405,2220,2235,Maharashtra,Other
2026-05-22,Wheat,1,Nanded,Non-FAQ,Umari APMC,2050,2000,2000,Maharashtra,Other
2026-05-22,Wheat,1,Buldhana,Non-FAQ,Lonar APMC,2350,2100,2225,Maharashtra,Other
2026-05-22,Wheat,1,Wardha,Non-FAQ,Sindi APMC,2275,2100,2150,Maharashtra,Other
2026-05-22,Wheat,1,Buldhana,Non-FAQ,Shegaon APMC,2190,2000,2100,Maharashtra,Other
2026-05-22,Wheat,1,Nanded,Non-FAQ,Bhokar APMC,2240,2000,2120,Maharashtra,Other
2026-05-22,Wheat,1,Solapur,Non-FAQ,Karmala APMC,2500,2300,2351,Maharashtra,Other
2026-05-22,Wheat,1,Palghar,FAQ,Ulhasnagar APMC,3200,3000,3100,Maharashtra,Other
2026-05-23,Wheat,1,Dhule,Non-FAQ,Sakri APMC,2200,2200,2200,Maharashtra,Other
2026-05-23,Wheat,1,Chattrapati Sambhajinagar,Non-FAQ,Paithan APMC,2419,2000,2200,Maharashtra,Bansi
2026-05-23,Wheat,1,Satara,FAQ,Vaduj APMC,3000,2800,2900,Maharashtra,Maharashtra 2189
2026-05-23,Wheat,1,Buldhana,Non-FAQ,Chikali APMC,2401,2100,2250,Maharashtra,Other
2026-05-23,Wheat,1,Nagpur,Non-FAQ,Nagpur APMC,2460,2200,2395,Maharashtra,Other
2026-05-23,Wheat,1,Sangli,FAQ,Sangli APMC,4000,3000,3500,Maharashtra,Other
2026-05-23,Wheat,1,Beed,FAQ,Majalgaon APMC,2970,2671,2731,Maharashtra,Other
2026-05-23,Wheat,1,Nagpur,FAQ,Umared APMC,3000,2600,2800,Maharashtra,Other
2026-05-23,Wheat,1,Chattrapati Sambhajinagar,Non-FAQ,Chattrapati Sambhajinagar APMC,2580,2300,2550,Maharashtra,Other
2026-05-23,Wheat,1,Jalgaon,Non-FAQ,Amalner APMC,2425,2350,2425,Maharashtra,Other
2026-05-23,Wheat,1,Jalna,Non-FAQ,Bhokardan APMC,2200,2100,2150,Maharashtra,Other
2026-05-25,Wheat,1,Yavatmal,Non-FAQ,Umarkhed APMC,2400,2250,2300,Maharashtra,Other
2026-05-25,Wheat,1,Dhule,Non-FAQ,Shirpur APMC,2401,2200,2300,Maharashtra,Other
2026-05-25,Wheat,1,Buldhana,Non-FAQ,Malkapur APMC,2525,2170,2355,Maharashtra,Other
2026-05-25,Wheat,1,Dharashiv,Non-FAQ,Paranda APMC,2150,2150,2150,Maharashtra,Other
2026-05-25,Wheat,1,Parbhani,Non-FAQ,Pathari APMC,2471,2200,2300,Maharashtra,Other
2026-05-25,Wheat,1,Amarawati,Non-FAQ,Nandgaon Khandeshwar APMC,2320,2160,2240,Maharashtra,Other
2026-05-25,Wheat,1,Jalgaon,Non-FAQ,Chopada APMC,2451,2001,2300,Maharashtra,Other
2026-05-25,Wheat,1,Ahilyanagar,Non-FAQ,Jamkhed APMC,2500,2300,2400,Maharashtra,Other
2026-05-25,Wheat,1,Yavatmal,Non-FAQ,Pandhakawada APMC,2185,1800,2000,Maharashtra,Other
2026-05-25,Wheat,1,Mumbai,FAQ,Mumbai APMC,5000,2900,3950,Maharashtra,Other
2026-05-25,Wheat,1,Nashik,Non-FAQ,Lasalgaon(Niphad) APMC,2400,2200,2360,Maharashtra,Maharashtra 2189
2026-05-25,Wheat,1,Latur,Non-FAQ,Ausa APMC,2275,2201,2238,Maharashtra,Maharashtra 2189
2026-05-25,Wheat,1,Solapur,Non-FAQ,Barshi(Vairag) APMC,2381,1850,2344,Maharashtra,Other
2026-05-25,Wheat,1,Jalgaon,Non-FAQ,Amalner APMC,2440,2355,2440,Maharashtra,Other
2026-05-25,Wheat,1,Latur,FAQ,Ahmedpur APMC,2700,2585,2642,Maharashtra,Other
2026-05-25,Wheat,1,Chattrapati Sambhajinagar,Non-FAQ,Chattrapati Sambhajinagar APMC,2550,2000,2275,Maharashtra,Other
2026-05-26,Wheat,1,Jalgaon,Non-FAQ,Chopada APMC,2500,2232,2442,Maharashtra,Other
2026-05-26,Wheat,1,Yavatmal,Local,"Shekari Krushi Khajgi Bazar, Arni, Dist Yavatmal",2300,2100,2200,Maharashtra,Other
2026-05-26,Wheat,1,Nagpur,Non-FAQ,Agriculture Produce Market Committee Katol,2290,2211,2255,Maharashtra,Other
2026-05-26,Wheat,1,Parbhani,FAQ,Gangakhed APMC,2700,2650,2650,Maharashtra,Other
2026-05-26,Wheat,1,Mumbai,FAQ,Mumbai APMC,5000,2900,3950,Maharashtra,Other
2026-05-26,Wheat,1,Kolhapur,FAQ,Kolhapur(Laxmipuri) APMC,4000,2900,3450,Maharashtra,Other
2026-05-26,Wheat,1,Latur,Non-FAQ,Ausa APMC,2211,2151,2173,Maharashtra,Maharashtra 2189
2026-05-26,Wheat,1,Chattrapati Sambhajinagar,Non-FAQ,Agricultural Produce Market Committee Sillod,2320,2200,2300,Maharashtra,Other
2026-05-26,Wheat,1,Yavatmal,Local,"Mahesh Krushi Utpanna Bazar, Digras, Dist Yeotmal",2375,2100,2265,Maharashtra,Other
2026-05-26,Wheat,1,Buldhana,Non-FAQ,Khamgaon APMC,2260,2150,2205,Maharashtra,Other
2026-05-26,Wheat,1,Solapur,FAQ,Barshi APMC,2800,2800,2800,Maharashtra,Other
2026-05-26,Wheat,1,Nandurbar,Non-FAQ,Navapur APMC,2500,2000,2329,Maharashtra,Other
2026-05-26,Wheat,1,Nandurbar,Non-FAQ,Nandurbar APMC,2477,1800,2125,Maharashtra,Other
2026-05-26,Wheat,1,Jalgaon,Non-FAQ,APMC CHOPADA,2500,2232,2442,Maharashtra,Other
2026-05-26,Wheat,1,Nashik,Non-FAQ,Lasalgaon(Vinchur) APMC,2480,2150,2350,Maharashtra,Other
2026-05-26,Wheat,1,Amarawati,Non-FAQ,Chandur Bazar APMC,2550,2250,2360,Maharashtra,Other
2026-05-26,Wheat,1,Nagpur,Non-FAQ,Savner APMC,2236,2160,2200,Maharashtra,Other
2026-05-26,Wheat,1,Nagpur,Non-FAQ,Kalmeshwar APMC,2300,2000,2150,Maharashtra,Other
2026-05-26,Wheat,1,Solapur,FAQ,Solapur APMC,3990,2610,3490,Maharashtra,Sharbati
2026-05-27,Wheat,1,Yavatmal,Local,"Mahesh Krushi Utpanna Bazar, Digras, Dist Yeotmal",2375,2200,2269,Maharashtra,Other
2026-05-27,Wheat,1,Washim,Local,"Krushna Krishi Bazar, Washim",2600,2200,2414,Maharashtra,Other
2026-05-27,Wheat,1,Dhule,Non-FAQ,Dhule APMC,2500,2150,2350,Maharashtra,Other
2026-05-27,Wheat,1,Wardha,Non-FAQ,Ashti(Karanja) APMC,2285,2000,2150,Maharashtra,Other
2026-05-27,Wheat,1,Buldhana,Non-FAQ,Mehekar APMC,2300,2000,2150,Maharashtra,Other
2026-05-27,Wheat,1,Dharashiv,Non-FAQ,Murum APMC,2500,2210,2355,Maharashtra,Bansi
2026-05-27,Wheat,1,Ahilyanagar,FAQ,Pathardi APMC,3000,2586,2750,Maharashtra,Maharashtra 2189
2026-05-27,Wheat,1,Beed,Non-FAQ,Vadvani APMC,2300,2150,2225,Maharashtra,Other
2026-05-27,Wheat,1,Nashik,Non-FAQ,Lasalgaon(Vinchur) APMC,2525,2000,2350,Maharashtra,Other
2026-05-27,Wheat,1,Dhule,Non-FAQ,Shirpur APMC,2431,2361,2401,Maharashtra,Other
2026-05-27,Wheat,1,Chattrapati Sambhajinagar,Non-FAQ,Paithan APMC,2391,2100,2200,Maharashtra,Bansi
2026-05-27,Wheat,1,Wardha,Non-FAQ,Sindi(Selu) APMC,2425,2275,2350,Maharashtra,Other
2026-05-27,Wheat,1,Yavatmal,Non-FAQ,Vani APMC,2050,2010,2030,Maharashtra,Other
2026-05-27,Wheat,1,Chattrapati Sambhajinagar,Non-FAQ,Chattrapati Sambhajinagar APMC,2562,2200,2381,Maharashtra,Other
2026-05-27,Wheat,1,Beed,FAQ,Majalgaon APMC,2750,2597,2671,Maharashtra,Other
2026-05-27,Wheat,1,Yavatmal,Non-FAQ,Digras APMC,2335,2180,2285,Maharashtra,Other
2026-05-27,Wheat,1,Beed,Non-FAQ,Beed APMC,2402,2000,2353,Maharashtra,Other
2026-05-27,Wheat,1,Jalna,Non-FAQ,Jalana APMC,2475,2100,2325,Maharashtra,Other
2026-05-28,Wheat,1,Pune,FAQ,Baramati APMC,2800,2590,2750,Maharashtra,Maharashtra 2189
2026-05-28,Wheat,1,Jalgaon,Non-FAQ,Parola APMC,2315,2200,2200,Maharashtra,Kalyan
2026-05-28,Wheat,1,Ahilyanagar,Non-FAQ,Ahilyanagar APMC,2400,2100,2250,Maharashtra,Other
2026-05-29,Wheat,1,Solapur,FAQ,Karmala APMC,2600,2600,2600,Maharashtra,Other
2026-05-29,Wheat,1,Nashik,Non-FAQ,Lasalgaon(Niphad) APMC,2396,2000,2361,Maharashtra,Maharashtra 2189
2026-05-29,Wheat,1,Chattrapati Sambhajinagar,Non-FAQ,Paithan APMC,2450,2100,2200,Maharashtra,Bansi
2026-05-29,Wheat,1,Washim,Non-FAQ,Washim(Ansing) APMC,2200,2100,2150,Maharashtra,Maharashtra 2189
2026-05-29,Wheat,1,Jalgaon,Non-FAQ,Parola APMC,2296,2000,2255,Maharashtra,Kalyan
2026-05-29,Wheat,1,Beed,Non-FAQ,Gevrai APMC,2350,2200,2300,Maharashtra,Other
2026-05-29,Wheat,1,Nanded,Non-FAQ,Loha APMC,2300,2126,2201,Maharashtra,Other
2026-05-29,Wheat,1,Chattrapati Sambhajinagar,Non-FAQ,Lasur Station APMC,2425,1950,2300,Maharashtra,Other
2026-05-29,Wheat,1,Parbhani,Non-FAQ,Jintur APMC,2280,2235,2235,Maharashtra,Other
2026-05-29,Wheat,1,Buldhana,Local,"Bsk Krishi Bazar Private Limited, Mehkar, Dist Buldhana",2121,2121,2121,Maharashtra,Other
2026-05-29,Wheat,1,Ahilyanagar,Local,"Omchatinya Multi State Agro Purpose Co-Op Society, Dist Ahilyanagar",2600,2400,2500,Maharashtra,Other
2026-05-29,Wheat,1,Buldhana,Non-FAQ,Krushi Utpanna Bazar Samiti Shegaon,2150,1905,2060,Maharashtra,Other
2026-05-29,Wheat,1,Beed,Non-FAQ,Beed APMC,2432,1950,2346,Maharashtra,Other
2026-05-29,Wheat,1,Nagpur,Non-FAQ,Agriculture Produce Market Committee Katol,2285,2200,2250,Maharashtra,Other
2026-05-29,Wheat,1,Yavatmal,Non-FAQ,Umarkhed APMC,2400,2300,2350,Maharashtra,Other
2026-05-30,Wheat,1,Mumbai,FAQ,Mumbai APMC,5000,2900,3950,Maharashtra,Other
2026-05-30,Wheat,1,Dharashiv,Non-FAQ,Tuljapur APMC,2500,2200,2300,Maharashtra,Other
2026-05-30,Wheat,1,Akola,Non-FAQ,Akola APMC,2470,2150,2300,Maharashtra,Other
2026-05-30,Wheat,1,Yavatmal,Non-FAQ,Pandhakawada APMC,2145,1800,2000,Maharashtra,Other
2026-05-30,Wheat,1,Yavatmal,Non-FAQ,Umarkhed APMC,2500,2300,2400,Maharashtra,Other
2026-05-30,Wheat,1,Washim,Non-FAQ,Malegaon(Vashim) APMC,2500,2100,2300,Maharashtra,Other
2026-05-30,Wheat,1,Nagpur,Non-FAQ,Nagpur APMC,2425,2200,2368,Maharashtra,Other
2026-05-31,Wheat,1,Latur,Non-FAQ,Ausa APMC,2311,2050,2164,Maharashtra,Maharashtra 2189
2026-05-31,Wheat,1,Palghar,FAQ,Ulhasnagar APMC,3400,3000,3200,Maharashtra,Other
2026-06-01,Wheat,1,Pune,Non-FAQ,Baramati APMC,2400,1900,2350,Maharashtra,Kalyan
2026-06-01,Wheat,1,Jalgaon,Non-FAQ,Pachora APMC,2300,1800,2100,Maharashtra,Other
2026-06-01,Wheat,1,Nashik,Non-FAQ,Devala APMC,2350,2265,2320,Maharashtra,Maharashtra 2189
2026-06-01,Wheat,1,Nagpur,Non-FAQ,Nagpur APMC,2425,2200,2368,Maharashtra,Other
2026-06-01,Wheat,1,Nashik,Non-FAQ,Manmad APMC,2455,2252,2337,Maharashtra,Other
2026-06-01,Wheat,1,Washim,Non-FAQ,Karanja APMC,2375,2185,2295,Maharashtra,Other
2026-06-01,Wheat,1,Buldhana,Non-FAQ,Shegaon APMC,2175,1900,2060,Maharashtra,Other
2026-06-01,Wheat,1,Yavatmal,Local,"Mahesh Krushi Utpanna Bazar, Digras, Dist Yeotmal",2300,2200,2260,Maharashtra,Other
2026-06-02,Wheat,1,Chattrapati Sambhajinagar,Non-FAQ,Chattrapati Sambhajinagar APMC,2550,1500,2025,Maharashtra,Other
2026-06-02,Wheat,1,Nashik,Non-FAQ,Devala APMC,2365,2300,2350,Maharashtra,Maharashtra 2189
2026-06-02,Wheat,1,Chattrapati Sambhajinagar,Non-FAQ,Gangapur APMC,2358,2332,2335,Maharashtra,Other
2026-06-02,Wheat,1,Dharashiv,Non-FAQ,Tuljapur APMC,2500,2200,2300,Maharashtra,Other
2026-06-02,Wheat,1,Nagpur,Non-FAQ,Katol APMC,2240,2200,2200,Maharashtra,Other
2026-06-02,Wheat,1,Latur,Non-FAQ,Aurad Shahajani APMC,2250,2000,2125,Maharashtra,Maharashtra 2189
2026-06-02,Wheat,1,Nashik,FAQ,Lasalgaon APMC,2679,2585,2605,Maharashtra,Maharashtra 2189
2026-06-02,Wheat,1,Mumbai,FAQ,Mumbai APMC,5000,2900,3950,Maharashtra,Other
2026-06-02,Wheat,1,Wardha,Non-FAQ,Ashti APMC,2200,2000,2100,Maharashtra,Other
2026-06-02,Wheat,1,Wardha,Non-FAQ,Ashti(Karanja) APMC,2260,2000,2100,Maharashtra,Other
2026-06-02,Wheat,1,Bhandara,Non-FAQ,Bhandara APMC,2250,2250,2250,Maharashtra,Maharashtra 2189
2026-06-02,Wheat,1,Solapur,Non-FAQ,Karmala APMC,2451,2011,2351,Maharashtra,Other
2026-06-02,Wheat,1,Jalgaon,Non-FAQ,APMC CHOPADA,2412,2261,2352,Maharashtra,Other
2026-06-03,Wheat,1,Nagpur,Non-FAQ,Agriculture Produce Market Committee Katol,2257,2150,2200,Maharashtra,Other
2026-06-03,Wheat,1,Buldhana,Local,"Bsk Krishi Bazar Private Limited, Mehkar, Dist Buldhana",2200,2050,2160,Maharashtra,Other
2026-06-03,Wheat,1,Yavatmal,Non-FAQ,Vani APMC,2155,2155,2155,Maharashtra,Other
2026-06-03,Wheat,1,Yavatmal,Non-FAQ,Umarkhed APMC,2400,2200,2300,Maharashtra,Other
2026-06-03,Wheat,1,Beed,Non-FAQ,Vadvani APMC,2375,2100,2300,Maharashtra,Other
2026-06-03,Wheat,1,Jalna,Non-FAQ,Jalana APMC,2400,2000,2325,Maharashtra,Other
2026-06-03,Wheat,1,Buldhana,Non-FAQ,Nandura APMC,2300,2000,2300,Maharashtra,Other
2026-06-03,Wheat,1,Yavatmal,Non-FAQ,Yavatmal APMC,2270,2100,2185,Maharashtra,Other
2026-06-03,Wheat,1,Ahilyanagar,Non-FAQ,Shrirampur APMC,2500,2200,2400,Maharashtra,Other
2026-06-03,Wheat,1,Buldhana,Non-FAQ,Malkapur APMC,2310,2180,2300,Maharashtra,Other
2026-06-03,Wheat,1,Jalgaon,Non-FAQ,Pachora APMC,2370,2000,2211,Maharashtra,Other
2026-06-04,Wheat,1,Parbhani,Non-FAQ,Pathari APMC,2431,2150,2250,Maharashtra,Other
2026-06-04,Wheat,1,Nagpur,Non-FAQ,Savner APMC,2250,2175,2225,Maharashtra,Other
2026-06-04,Wheat,1,Ahilyanagar,Non-FAQ,Rahuri APMC,2300,2000,2150,Maharashtra,Other
2026-06-04,Wheat,1,Sangli,FAQ,Sangli APMC,4000,2800,3400,Maharashtra,Other
2026-06-04,Wheat,1,Nashik,Non-FAQ,Satana APMC,2425,2200,2365,Maharashtra,Other
2026-06-04,Wheat,1,Solapur,Non-FAQ,Karmala APMC,2411,2111,2370,Maharashtra,Other
2026-06-04,Wheat,1,Buldhana,Non-FAQ,Chikali APMC,2300,2050,2175,Maharashtra,Other
2026-06-04,Wheat,1,Amarawati,Non-FAQ,Amarawati APMC,2350,2150,2250,Maharashtra,Other
2026-06-04,Wheat,1,Jalgaon,Non-FAQ,Amalner APMC,2351,2250,2351,Maharashtra,Other
2026-06-04,Wheat,1,Yavatmal,Non-FAQ,Umarkhed APMC,2400,2200,2300,Maharashtra,Other
2026-06-04,Wheat,1,Latur,Non-FAQ,Aurad Shahajani APMC,2200,2150,2175,Maharashtra,Maharashtra 2189
2026-06-04,Wheat,1,Pune,FAQ,Baramati APMC,2736,2590,2700,Maharashtra,Maharashtra 2189
2026-06-04,Wheat,1,Dhule,Non-FAQ,Sakri APMC,2386,2150,2300,Maharashtra,Other
2026-06-04,Wheat,1,Chattrapati Sambhajinagar,Non-FAQ,Kannad APMC,2401,2001,2201,Maharashtra,Other
2026-06-04,Wheat,1,Solapur,Non-FAQ,Dudhani APMC,2400,2300,2341,Maharashtra,Maharashtra 2189
2026-06-05,Wheat,1,Wardha,Non-FAQ,Sindi(Selu) APMC,2350,2250,2260,Maharashtra,Other
2026-06-05,Wheat,1,Chattrapati Sambhajinagar,Non-FAQ,Chattrapati Sambhajinagar APMC,2584,2200,2416,Maharashtra,Other
2026-06-05,Wheat,1,Nashik,Non-FAQ,Lasalgaon APMC,2580,1800,2439,Maharashtra,Maharashtra 2189
2026-06-05,Wheat,1,Nashik,Non-FAQ,Satana APMC,2551,2026,2410,Maharashtra,Other
2026-06-05,Wheat,1,Nashik,Non-FAQ,Devala APMC,2360,2300,2340,Maharashtra,Maharashtra 2189
2026-06-05,Wheat,1,Chattrapati Sambhajinagar,Non-FAQ,Gangapur APMC,2343,2317,2335,Maharashtra,Other
2026-06-05,Wheat,1,Chattrapati Sambhajinagar,Non-FAQ,Kannad APMC,2420,2027,2223,Maharashtra,Other
2026-06-05,Wheat,1,Ahilyanagar,Non-FAQ,Karjat APMC,2500,2200,2300,Maharashtra,Other
2026-06-05,Wheat,1,Nanded,Non-FAQ,Bhokar APMC,2120,2000,2015,Maharashtra,Other
2026-06-05,Wheat,1,Dhule,Non-FAQ,Dondaicha APMC,2445,1800,2400,Maharashtra,Other
2026-06-05,Wheat,1,Solapur,Non-FAQ,Karmala APMC,2425,2200,2300,Maharashtra,Other
2026-06-05,Wheat,1,Parbhani,FAQ,Gangakhed APMC,2750,2700,2700,Maharashtra,Other
2026-06-05,Wheat,1,Yavatmal,Non-FAQ,Umarked(Danki) APMC,2400,2200,2300,Maharashtra,Other
2026-06-05,Wheat,1,Amarawati,Non-FAQ,Varud(Rajura Bazar) APMC,2250,2100,2165,Maharashtra,Other
2026-06-06,Wheat,1,Dhule,Non-FAQ,Sakri APMC,2260,2050,2260,Maharashtra,Other
2026-06-06,Wheat,1,Jalna,Non-FAQ,Partur APMC,2345,2250,2300,Maharashtra,Maharashtra 2189
2026-06-06,Wheat,1,Amarawati,Non-FAQ,Amarawati APMC,2350,2100,2225,Maharashtra,Other
2026-06-06,Wheat,1,Solapur,Non-FAQ,Dudhani APMC,2350,2200,2321,Maharashtra,Maharashtra 2189
2026-06-06,Wheat,1,Jalgaon,Non-FAQ,Raver APMC,2250,2250,2250,Maharashtra,Other
2026-06-06,Wheat,1,Ahilyanagar,Non-FAQ,Kopargaon APMC,2323,2200,2290,Maharashtra,Other
2026-06-06,Wheat,1,Amarawati,Non-FAQ,Anajngaon APMC,2500,2100,2300,Maharashtra,Other
2026-06-06,Wheat,1,Nagpur,Non-FAQ,Umared APMC,2325,2150,2240,Maharashtra,Other
2026-06-06,Wheat,1,Beed,Non-FAQ,Majalgaon APMC,2411,2000,2261,Maharashtra,Other
2026-06-06,Wheat,1,Ahilyanagar,Non-FAQ,Shevgaon(Bodhegaon) APMC,2350,2200,2200,Maharashtra,Maharashtra 2189
2026-06-06,Wheat,1,Nanded,Non-FAQ,Bhokar APMC,2100,2000,2050,Maharashtra,Other
2026-06-06,Wheat,1,Amarawati,Non-FAQ,Nandgaon Khandeshwar APMC,2200,2130,2165,Maharashtra,Other
2026-06-06,Wheat,1,Jalna,Non-FAQ,Jalana APMC,2411,2200,2325,Maharashtra,Other
2026-06-06,Wheat,1,Washim,Non-FAQ,Karanja APMC,2350,2200,2285,Maharashtra,Other
2026-06-07,Wheat,1,Ahilyanagar,Non-FAQ,Rahuri APMC,2250,2000,2175,Maharashtra,Other
2026-06-07,Wheat,1,Chattrapati Sambhajinagar,Non-FAQ,Sillod APMC,2350,2200,2300,Maharashtra,Other
2026-06-07,Wheat,1,Pune,Non-FAQ,Shirur APMC,2500,2200,2250,Maharashtra,Other
2026-06-08,Wheat,1,Amarawati,Non-FAQ,Amarawati APMC,2350,2150,2250,Maharashtra,Other
2026-06-08,Wheat,1,Jalgaon,Non-FAQ,Amalner APMC,2359,2125,2359,Maharashtra,Other
2026-06-08,Wheat,1,Dharashiv,Non-FAQ,Paranda APMC,2550,2200,2200,Maharashtra,Other
2026-06-08,Wheat,1,Ahilyanagar,Non-FAQ,Kopargaon APMC,2382,2309,2350,Maharashtra,Other
2026-06-08,Wheat,1,Amarawati,Non-FAQ,Dhamngaon-Railway APMC,2350,2220,2300,Maharashtra,Other
2026-06-08,Wheat,1,Buldhana,FAQ,Malkapur APMC,2590,2590,2590,Maharashtra,Other
2026-06-08,Wheat,1,Jalna,Non-FAQ,Jalana APMC,2441,2100,2325,Maharashtra,Other
2026-06-08,Wheat,1,Jalgaon,Non-FAQ,APMC CHOPADA,2382,2200,2341,Maharashtra,Other
2026-06-08,Wheat,1,Akola,Non-FAQ,Akola APMC,2440,2050,2275,Maharashtra,Other
2026-06-08,Wheat,1,Buldhana,Non-FAQ,Khamgaon APMC,2275,2050,2162,Maharashtra,Other
2026-06-08,Wheat,1,Solapur,Non-FAQ,Mangal Wedha APMC,2410,2410,2410,Maharashtra,Other
2026-06-08,Wheat,1,Wardha,Non-FAQ,Sindi APMC,2225,2100,2100,Maharashtra,Other
2026-06-08,Wheat,1,Nashik,FAQ,Lasalgaon APMC,2700,2585,2605,Maharashtra,Maharashtra 2189
2026-06-08,Wheat,1,Latur,Non-FAQ,Ausa APMC,2401,2150,2213,Maharashtra,Maharashtra 2189
2026-06-08,Wheat,1,Buldhana,FAQ,Deoulgaon Raja APMC,2800,2800,2800,Maharashtra,Other
2026-06-08,Wheat,1,Solapur,Non-FAQ,Kurdwadi(Modnimb) APMC,2500,2201,2350,Maharashtra,Other
2026-06-08,Wheat,1,Jalgaon,Non-FAQ,Chopada APMC,2382,2200,2341,Maharashtra,Other
2026-06-08,Wheat,1,Nagpur,Non-FAQ,Savner APMC,2300,2226,2270,Maharashtra,Other
2026-06-08,Wheat,1,Nashik,Non-FAQ,Lasalgaon APMC,2580,2000,2470,Maharashtra,Maharashtra 2189
2026-06-08,Wheat,1,Nashik,Non-FAQ,Devala APMC,2500,2230,2355,Maharashtra,Maharashtra 2189
2026-06-08,Wheat,1,Nashik,Non-FAQ,Lasalgaon(Niphad) APMC,2341,1751,2315,Maharashtra,Maharashtra 2189
2026-06-08,Wheat,1,Nashik,Non-FAQ,Nandgaon APMC,2500,2316,2350,Maharashtra,Maharashtra 2189
2026-06-08,Wheat,1,Beed,Non-FAQ,Gevrai APMC,2370,2150,2250,Maharashtra,Other
2026-06-09,Wheat,1,Ahilyanagar,Local,"Omchatinya Multi State Agro Purpose Co-Op Society, Dist Ahilyanagar",2425,2300,2400,Maharashtra,Other
2026-06-09,Wheat,1,Ahilyanagar,Non-FAQ,Karjat APMC,2500,2200,2400,Maharashtra,Other
2026-06-09,Wheat,1,Dhule,Non-FAQ,Shirpur APMC,2405,2350,2375,Maharashtra,Other
2026-06-09,Wheat,1,Buldhana,Non-FAQ,Khamgaon APMC,2325,2000,2162,Maharashtra,Other
2026-06-09,Wheat,1,Washim,Non-FAQ,Karanja APMC,2340,2190,2290,Maharashtra,Other
2026-06-09,Wheat,1,Beed,Non-FAQ,Kille Dharur APMC,2160,2120,2120,Maharashtra,Other
2026-06-09,Wheat,1,Dharashiv,Non-FAQ,Kalamb (Dharashiv) APMC,2301,1900,2211,Maharashtra,Maharashtra 2189
2026-06-09,Wheat,1,Nagpur,Non-FAQ,Katol APMC,2272,2255,2260,Maharashtra,Other
2026-06-09,Wheat,1,Solapur,Non-FAQ,Karmala APMC,2400,2300,2375,Maharashtra,Other
2026-06-09,Wheat,1,Wardha,Non-FAQ,Ashti(Karanja) APMC,2260,2000,2100,Maharashtra,Other
2026-06-09,Wheat,1,Akola,Non-FAQ,Akola APMC,2485,2180,2270,Maharashtra,Other
2026-06-09,Wheat,1,Washim,Local,"Krushna Krishi Bazar, Washim",2400,2000,2245,Maharashtra,Other
2026-06-09,Wheat,1,Buldhana,Non-FAQ,Krushi Utpanna Bazar Samiti Shegaon,2250,2000,2120,Maharashtra,Other
2026-06-09,Wheat,1,Washim,Non-FAQ,Mangrulpeer APMC,2400,2200,2240,Maharashtra,Other
2026-06-09,Wheat,1,Nagpur,Non-FAQ,Savner APMC,2330,2225,2280,Maharashtra,Other
2026-06-09,Wheat,1,Jalna,Non-FAQ,Bhokardan(Pimpalgaon Renu) APMC,2200,2100,2150,Maharashtra,Other
2026-06-09,Wheat,1,Buldhana,Local,"Bsk Krishi Bazar Private Limited, Mehkar, Dist Buldhana",2250,2171,2210,Maharashtra,Other
2026-06-09,Wheat,1,Buldhana,FAQ,Malkapur APMC,2655,2655,2655,Maharashtra,Other
2026-06-09,Wheat,1,Wardha,Non-FAQ,APMC SINDI BRANCH SELOO,2240,2050,2100,Maharashtra,Other
2026-06-09,Wheat,1,Ahilyanagar,Non-FAQ,Kopargaon APMC,2381,2260,2340,Maharashtra,Other
2026-06-09,Wheat,1,Sangli,FAQ,Sangli APMC,4000,3000,3500,Maharashtra,Other
2026-06-09,Wheat,1,Ahilyanagar,Non-FAQ,Rahuri(Vambori) APMC,2451,2226,2290,Maharashtra,Other
2026-06-09,Wheat,1,Ahilyanagar,Non-FAQ,Rahuri APMC,2275,2100,2185,Maharashtra,Other
2026-06-09,Wheat,1,Nashik,Non-FAQ,Malegaon APMC,2580,1700,2350,Maharashtra,Other
2026-06-09,Wheat,1,Solapur,FAQ,Barshi APMC,2850,2600,2600,Maharashtra,Other
2026-06-09,Wheat,1,Nagpur,Non-FAQ,Nagpur APMC,2402,2200,2351,Maharashtra,Other
2026-06-09,Wheat,1,Akola,Non-FAQ,Murtizapur APMC,2345,2000,2175,Maharashtra,Other
2026-06-09,Wheat,1,Jalgaon,Non-FAQ,APMC CHOPADA,2451,2151,2321,Maharashtra,Other
2026-06-09,Wheat,1,Jalgaon,Non-FAQ,Pachora APMC,2300,2000,2151,Maharashtra,Other
2026-06-09,Wheat,1,Buldhana,Non-FAQ,Chikali APMC,2300,2000,2150,Maharashtra,Other
2026-06-09,Wheat,1,Dhule,Non-FAQ,Dondaicha APMC,2457,2000,2400,Maharashtra,Other
2026-06-09,Wheat,1,Wardha,Non-FAQ,Hinganghat APMC,2315,1900,2100,Maharashtra,Other
2026-06-10,Wheat,1,Jalgaon,Non-FAQ,APMC PACHORA,2470,2135,2311,Maharashtra,Other
2026-06-10,Wheat,1,Nashik,Non-FAQ,Malegaon APMC,2584,1500,2425,Maharashtra,Other
2026-06-10,Wheat,1,Kolhapur,FAQ,Kolhapur(Laxmipuri) APMC,4100,2900,3500,Maharashtra,Other
2026-06-10,Wheat,1,Chattrapati Sambhajinagar,Non-FAQ,Vaijpur APMC,2400,2200,2350,Maharashtra,Other
2026-06-10,Wheat,1,Ahilyanagar,Non-FAQ,Kopargaon APMC,2350,2300,2331,Maharashtra,Other
2026-06-10,Wheat,1,Wardha,Non-FAQ,Ashti APMC,2160,2000,2050,Maharashtra,Other
2026-06-10,Wheat,1,Nashik,Non-FAQ,Devala APMC,2435,2290,2320,Maharashtra,Maharashtra 2189
2026-06-10,Wheat,1,Dharashiv,Non-FAQ,Umarga APMC,2400,2200,2200,Maharashtra,Maharashtra 2189
2026-06-10,Wheat,1,Nashik,Non-FAQ,Lasalgaon APMC,2580,1800,2441,Maharashtra,Maharashtra 2189
2026-06-10,Wheat,1,Wardha,Non-FAQ,Sindi(Selu) APMC,2350,2250,2300,Maharashtra,Other
2026-06-10,Wheat,1,Dhule,Non-FAQ,Dondaicha APMC,2458,2000,2400,Maharashtra,Other
2026-06-10,Wheat,1,Jalgaon,Non-FAQ,Chopada APMC,2501,2285,2351,Maharashtra,Other
2026-06-10,Wheat,1,Yavatmal,Non-FAQ,Umarkhed APMC,2400,2250,2350,Maharashtra,Other
2026-06-10,Wheat,1,Palghar,FAQ,Ulhasnagar APMC,3600,3200,3400,Maharashtra,Other
2026-06-10,Wheat,1,Yavatmal,Local,"Kisan Market Yard, Tal Pusad, Dist Yeotmal",2290,2100,2273,Maharashtra,Other
2026-06-10,Wheat,1,Washim,Non-FAQ,Washim APMC,2325,2105,2250,Maharashtra,Maharashtra 2189
2026-06-10,Wheat,1,Latur,Non-FAQ,Aurad Shahajani APMC,2100,1900,2000,Maharashtra,Maharashtra 2189
2026-06-10,Wheat,1,Akola,Non-FAQ,Akola APMC,2400,2000,2285,Maharashtra,Other
2026-06-10,Wheat,1,Washim,Non-FAQ,Karanja APMC,2315,2200,2295,Maharashtra,Other
2026-06-10,Wheat,1,Beed,Non-FAQ,Beed APMC,2503,2051,2287,Maharashtra,Other
2026-06-10,Wheat,1,Nandurbar,Non-FAQ,Navapur APMC,2200,2200,2200,Maharashtra,Other
2026-06-10,Wheat,1,Amarawati,Non-FAQ,Dhamngaon-Railway APMC,2300,2200,2250,Maharashtra,Other
2026-06-10,Wheat,1,Jalna,Non-FAQ,Jalana APMC,2375,2000,2311,Maharashtra,Other
2026-06-10,Wheat,1,Buldhana,Non-FAQ,Krushi Utpanna Bazar Samiti Shegaon,2250,1800,2115,Maharashtra,Other
2026-06-10,Wheat,1,Dhule,Non-FAQ,Sakri APMC,2280,2251,2260,Maharashtra,Other
2026-06-10,Wheat,1,Wardha,Non-FAQ,Hinganghat APMC,2325,1800,2100,Maharashtra,Other
2026-06-10,Wheat,1,Nagpur,Non-FAQ,Kalmeshwar APMC,2310,2000,2150,Maharashtra,Other
2026-06-10,Wheat,1,Nashik,FAQ,Satana APMC,2806,2806,2806,Maharashtra,Other
2026-06-10,Wheat,1,Yavatmal,Local,KISAN MARKET YARD,2290,2100,2273,Maharashtra,Other
2026-06-10,Wheat,1,Solapur,Non-FAQ,Barshi(Vairag) APMC,2290,2150,2276,Maharashtra,Other
2026-06-10,Wheat,1,Nanded,Non-FAQ,Loha APMC,2181,2111,2151,Maharashtra,Other
2026-06-10,Wheat,1,Nagpur,Non-FAQ,Savner APMC,2365,2240,2320,Maharashtra,Other
2026-06-10,Wheat,1,Yavatmal,Non-FAQ,Digras APMC,2305,2175,2285,Maharashtra,Other
2026-06-10,Wheat,1,Buldhana,Non-FAQ,Malkapur APMC,2310,2200,2300,Maharashtra,Other
2026-06-10,Wheat,1,Jalgaon,Non-FAQ,Chalisgaon APMC,2500,2150,2300,Maharashtra,Other
2026-06-11,Wheat,1,Yavatmal,Local,KISAN MARKET YARD,2295,2100,2277,Maharashtra,Other
2026-06-11,Wheat,1,Nashik,Non-FAQ,Nandgaon APMC,2558,2331,2450,Maharashtra,Maharashtra 2189
2026-06-11,Wheat,1,Jalgaon,Non-FAQ,Dharangaon APMC,2400,1900,2350,Maharashtra,Other
2026-06-11,Wheat,1,Nagpur,FAQ,Umared APMC,3000,2600,2800,Maharashtra,Other
2026-06-11,Wheat,1,Jalgaon,Non-FAQ,Chopada APMC,2485,2025,2332,Maharashtra,Other
2026-06-11,Wheat,1,Yavatmal,Local,"Mahesh Krushi Utpanna Bazar, Digras, Dist Yeotmal",2300,2125,2231,Maharashtra,Other
2026-06-11,Wheat,1,Amarawati,Non-FAQ,Dhamngaon-Railway APMC,2340,2190,2270,Maharashtra,Other
2026-06-11,Wheat,1,Latur,Non-FAQ,Aurad Shahajani APMC,2400,2400,2400,Maharashtra,Maharashtra 2189
2026-06-11,Wheat,1,Nandurbar,Non-FAQ,Nandurbar APMC,2465,1900,2175,Maharashtra,Other
2026-06-11,Wheat,1,Buldhana,Non-FAQ,Malkapur APMC,2450,2250,2300,Maharashtra,Other
2026-06-11,Wheat,1,Wardha,Non-FAQ,Wardha APMC,2405,2275,2315,Maharashtra,Other
2026-06-11,Wheat,1,Wardha,Non-FAQ,APMC SINDI BRANCH SELOO,2340,2200,2250,Maharashtra,Other
2026-06-11,Wheat,1,Yavatmal,Non-FAQ,Yavatmal APMC,2280,2100,2190,Maharashtra,Other
2026-06-11,Wheat,1,Nashik,FAQ,Satana APMC,2600,2600,2600,Maharashtra,Other
2026-06-11,Wheat,1,Solapur,FAQ,Solapur APMC,3995,2610,3500,Maharashtra,Sharbati
2026-06-11,Wheat,1,Yavatmal,Local,"Kisan Market Yard, Tal Pusad, Dist Yeotmal",2295,2100,2277,Maharashtra,Other
2026-06-11,Wheat,1,Nashik,Non-FAQ,Satana APMC,2550,1900,2328,Maharashtra,Other
2026-06-11,Wheat,1,Parbhani,Non-FAQ,Pathari APMC,2300,2200,2200,Maharashtra,Other
2026-06-11,Wheat,1,Buldhana,Non-FAQ,Mehekar APMC,2300,2000,2150,Maharashtra,Other
2026-06-11,Wheat,1,Parbhani,Non-FAQ,Jintur APMC,2200,2200,2200,Maharashtra,Other
2026-06-11,Wheat,1,Chattrapati Sambhajinagar,Non-FAQ,Gangapur APMC,2400,2311,2330,Maharashtra,Other
2026-06-11,Wheat,1,Chattrapati Sambhajinagar,Non-FAQ,Agricultural Produce Market Committee Sillod,2330,2200,2300,Maharashtra,Other
2026-06-11,Wheat,1,Nagpur,Non-FAQ,Kalmeshwar APMC,2230,2000,2100,Maharashtra,Other
2026-06-11,Wheat,1,Chattrapati Sambhajinagar,Non-FAQ,Vaijpur APMC,2390,2295,2360,Maharashtra,Other
2026-06-11,Wheat,1,Nashik,Non-FAQ,Malegaon APMC,2575,1600,2451,Maharashtra,Other
2026-06-11,Wheat,1,Nanded,Non-FAQ,Mudkhed APMC,2330,2330,2330,Maharashtra,Other
2026-06-11,Wheat,1,Buldhana,Non-FAQ,Chikali APMC,2350,2000,2175,Maharashtra,Other
2026-06-11,Wheat,1,Solapur,Non-FAQ,Barshi APMC,2250,2250,2250,Maharashtra,Other
2026-06-11,Wheat,1,Solapur,Non-FAQ,Karmala APMC,2500,2100,2300,Maharashtra,Other
2026-06-11,Wheat,1,Dharashiv,Non-FAQ,Paranda APMC,2175,2175,2175,Maharashtra,Other
2026-06-11,Wheat,1,Amarawati,Non-FAQ,Nandgaon Khandeshwar APMC,2200,2050,2125,Maharashtra,Other
2026-06-11,Wheat,1,Nagpur,Non-FAQ,Savner APMC,2260,2240,2250,Maharashtra,Other
2026-06-12,Wheat,1,Nandurbar,Non-FAQ,Shahada APMC,2551,2100,2391,Maharashtra,Other
2026-06-12,Wheat,1,Wardha,Non-FAQ,Sindi APMC,2255,1900,2100,Maharashtra,Other
2026-06-12,Wheat,1,Wardha,Non-FAQ,APMC SINDI BRANCH SELOO,2330,2200,2300,Maharashtra,Other
2026-06-12,Wheat,1,Nashik,Non-FAQ,Manmad APMC,2476,2240,2323,Maharashtra,Other
2026-06-12,Wheat,1,Solapur,FAQ,Solapur APMC,4000,2610,3505,Maharashtra,Sharbati
2026-06-12,Wheat,1,Buldhana,Non-FAQ,Chikali APMC,2300,2000,2150,Maharashtra,Other
2026-06-12,Wheat,1,Solapur,Non-FAQ,Karmala APMC,2400,2000,2300,Maharashtra,Other
2026-06-12,Wheat,1,Chattrapati Sambhajinagar,Non-FAQ,Agricultural Produce Market Committee Sillod,2300,2200,2250,Maharashtra,Other
2026-06-12,Wheat,1,Chattrapati Sambhajinagar,Non-FAQ,Kannad APMC,2350,2000,2175,Maharashtra,Other
2026-06-12,Wheat,1,Beed,Non-FAQ,Kille Dharur APMC,2300,2190,2250,Maharashtra,Other
2026-06-12,Wheat,1,Beed,FAQ,Majalgaon APMC,2700,2590,2631,Maharashtra,Other
2026-06-12,Wheat,1,Yavatmal,Non-FAQ,Umarked(Danki) APMC,2400,2200,2300,Maharashtra,Other
2026-06-12,Wheat,1,Beed,Non-FAQ,Beed APMC,2385,2180,2274,Maharashtra,Other
2026-06-12,Wheat,1,Wardha,Non-FAQ,Wardha APMC,2395,2325,2350,Maharashtra,Other
2026-06-12,Wheat,1,Ahilyanagar,Non-FAQ,Rahuri(Vambori) APMC,2250,2250,2250,Maharashtra,Other
2026-06-12,Wheat,1,Jalgaon,Non-FAQ,Amalner APMC,2383,2231,2383,Maharashtra,Other
2026-06-12,Wheat,1,Akola,Non-FAQ,Murtizapur APMC,2345,2000,2175,Maharashtra,Other
2026-06-12,Wheat,1,Ahilyanagar,Local,"Omchatinya Multi State Agro Purpose Co-Op Society, Dist Ahilyanagar",2400,2250,2300,Maharashtra,Other
2026-06-12,Wheat,1,Washim,Non-FAQ,Washim APMC,2351,2075,2150,Maharashtra,Maharashtra 2189
2026-06-12,Wheat,1,Dhule,Non-FAQ,Dhule APMC,2370,2150,2245,Maharashtra,Other
2026-06-12,Wheat,1,Nashik,Non-FAQ,Lasalgaon APMC,2452,1800,2373,Maharashtra,Maharashtra 2189
2026-06-12,Wheat,1,Amarawati,Non-FAQ,Achalpur APMC,2550,2050,2250,Maharashtra,Other
2026-06-12,Wheat,1,Nagpur,Non-FAQ,Savner APMC,2340,2200,2300,Maharashtra,Other
2026-06-12,Wheat,1,Buldhana,Non-FAQ,Malkapur APMC,2448,2230,2300,Maharashtra,Other
2026-06-12,Wheat,1,Parbhani,Non-FAQ,Sailu APMC,2250,2250,2250,Maharashtra,Other
2026-06-12,Wheat,1,Dhule,Non-FAQ,Shirpur APMC,2421,2301,2374,Maharashtra,Other
2026-06-12,Wheat,1,Ahilyanagar,Non-FAQ,Rahata APMC,2425,2200,2315,Maharashtra,Other
2026-06-12,Wheat,1,Mumbai,FAQ,Mumbai APMC,5000,2900,3950,Maharashtra,Other
2026-06-12,Wheat,1,Buldhana,Non-FAQ,Mehekar APMC,2350,2000,2150,Maharashtra,Other
2026-06-12,Wheat,1,Nashik,Non-FAQ,Lasalgaon(Vinchur) APMC,2411,2300,2350,Maharashtra,Other
2026-06-12,Wheat,1,Buldhana,Non-FAQ,Buldhana APMC,2100,1800,1950,Maharashtra,Other
2026-06-13,Wheat,1,Solapur,FAQ,Solapur APMC,3990,2605,3510,Maharashtra,Sharbati
2026-06-13,Wheat,1,Ahilyanagar,FAQ,Pathardi APMC,2800,2585,2600,Maharashtra,Maharashtra 2189
2026-06-13,Wheat,1,Bhandara,Non-FAQ,Tumsar APMC,2294,2250,2280,Maharashtra,Other
2026-06-13,Wheat,1,Washim,Non-FAQ,Washim(Ansing) APMC,2100,2050,2080,Maharashtra,Maharashtra 2189
2026-06-13,Wheat,1,Buldhana,Non-FAQ,Nandura APMC,2321,2100,2321,Maharashtra,Other
2026-06-13,Wheat,1,Sangli,FAQ,Sangli APMC,4000,2900,3450,Maharashtra,Other
2026-06-13,Wheat,1,Wardha,Non-FAQ,Hinganghat APMC,2350,2000,2200,Maharashtra,Other
2026-06-13,Wheat,1,Beed,Non-FAQ,Gevrai APMC,2320,2200,2250,Maharashtra,Other
2026-06-13,Wheat,1,Jalna,Non-FAQ,Jalana APMC,2400,2150,2325,Maharashtra,Other
2026-06-13,Wheat,1,Amarawati,Non-FAQ,Amarawati APMC,2350,2150,2250,Maharashtra,Other
2026-06-13,Wheat,1,Buldhana,Non-FAQ,Chikali APMC,2350,1950,2150,Maharashtra,Other
2026-06-13,Wheat,1,Nagpur,FAQ,Umared APMC,3000,2600,2800,Maharashtra,Other
2026-06-13,Wheat,1,Amarawati,Non-FAQ,Achalpur APMC,2550,2050,2250,Maharashtra,Other
2026-06-13,Wheat,1,Amarawati,Non-FAQ,Chandur Railway APMC,2175,2125,2175,Maharashtra,Other
2026-06-13,Wheat,1,Ahilyanagar,Local,"Omchatinya Multi State Agro Purpose Co-Op Society, Dist Ahilyanagar",2200,2200,2200,Maharashtra,Other
2026-06-13,Wheat,1,Ahilyanagar,Non-FAQ,Jamkhed APMC,2500,2200,2350,Maharashtra,Other
2026-06-14,Wheat,1,Nagpur,Non-FAQ,Agriculture Produce Market Committee Katol,2400,2200,2300,Maharashtra,Other
2026-06-14,Wheat,1,Bhandara,Non-FAQ,Tumsar APMC,2301,2294,2300,Maharashtra,Other
2026-06-14,Wheat,1,Akola,Non-FAQ,Balapur APMC,2500,2100,2150,Maharashtra,Other
2026-06-15,Wheat,1,Dhule,Non-FAQ,Dondaicha APMC,2496,2251,2453,Maharashtra,Other
2026-06-15,Wheat,1,Nagpur,Non-FAQ,Nagpur APMC,2372,2200,2329,Maharashtra,Other
2026-06-15,Wheat,1,Dharashiv,Non-FAQ,Paranda APMC,2250,2250,2250,Maharashtra,Other
2026-06-15,Wheat,1,Amarawati,Non-FAQ,Chandur Bazar APMC,2450,2050,2240,Maharashtra,Other
2026-06-15,Wheat,1,Ahilyanagar,Non-FAQ,Ahilyanagar APMC,2400,2200,2300,Maharashtra,Other
2026-06-15,Wheat,1,Nandurbar,Non-FAQ,Navapur APMC,2300,2300,2300,Maharashtra,Other
2026-06-15,Wheat,1,Akola,Non-FAQ,Murtizapur APMC,2340,2000,2170,Maharashtra,Other
2026-06-15,Wheat,1,Ahilyanagar,Non-FAQ,Kopargaon APMC,2355,2270,2299,Maharashtra,Other
2026-06-15,Wheat,1,Jalgaon,Non-FAQ,Chalisgaon APMC,2321,2000,2200,Maharashtra,Other
2026-06-15,Wheat,1,Yavatmal,Non-FAQ,Pandhakawada APMC,2175,2000,2100,Maharashtra,Other
2026-06-15,Wheat,1,Nagpur,Non-FAQ,Savner APMC,2250,2200,2230,Maharashtra,Other
2026-06-15,Wheat,1,Nagpur,Non-FAQ,Agriculture Produce Market Committee Katol,2274,2225,2250,Maharashtra,Other
2026-06-15,Wheat,1,Chattrapati Sambhajinagar,Non-FAQ,Lasur Station APMC,2375,1550,2300,Maharashtra,Other
2026-06-15,Wheat,1,Yavatmal,Local,"Shekari Krushi Khajgi Bazar, Arni, Dist Yavatmal",2225,2025,2125,Maharashtra,Other
2026-06-15,Wheat,1,Buldhana,Non-FAQ,Mehekar APMC,2400,2000,2250,Maharashtra,Other
2026-06-15,Wheat,1,Washim,Non-FAQ,Karanja APMC,2380,2315,2340,Maharashtra,Other
2026-06-15,Wheat,1,Ahilyanagar,Non-FAQ,Rahata APMC,2400,2330,2365,Maharashtra,Other
2026-06-15,Wheat,1,Wardha,Non-FAQ,Wardha APMC,2390,2285,2300,Maharashtra,Other
2026-06-15,Wheat,1,Beed,Non-FAQ,Beed APMC,2400,2000,2300,Maharashtra,Other
2026-06-15,Wheat,1,Washim,Non-FAQ,Washim APMC,2340,2055,2250,Maharashtra,Maharashtra 2189
2026-06-15,Wheat,1,Nashik,Non-FAQ,Lasalgaon APMC,2580,2280,2445,Maharashtra,Maharashtra 2189
2026-06-15,Wheat,1,Washim,Non-FAQ,Washim(Ansing) APMC,2150,2050,2100,Maharashtra,Maharashtra 2189
2026-06-15,Wheat,1,Buldhana,Non-FAQ,Shegaon APMC,2150,1850,2000,Maharashtra,Other
2026-06-15,Wheat,1,Pune,FAQ,Baramati APMC,2611,2590,2600,Maharashtra,Maharashtra 2189
2026-06-15,Wheat,1,Jalgaon,Non-FAQ,Pachora APMC,2200,1900,2100,Maharashtra,Other
2026-06-15,Wheat,1,Buldhana,Non-FAQ,Krushi Utpanna Bazar Samiti Shegaon,2150,1850,2000,Maharashtra,Other
2026-06-15,Wheat,1,Wardha,Non-FAQ,Ashti APMC,2170,2000,2100,Maharashtra,Other
2026-06-15,Wheat,1,Pune,Non-FAQ,Baramati APMC,2400,2000,2390,Maharashtra,Kalyan
2026-06-15,Wheat,1,Yavatmal,Local,KISAN MARKET YARD,2285,2100,2279,Maharashtra,Other
2026-06-15,Wheat,1,Buldhana,Non-FAQ,Malkapur APMC,2550,2150,2325,Maharashtra,Other
2026-06-15,Wheat,1,Latur,Non-FAQ,Ausa APMC,2101,2101,2101,Maharashtra,Maharashtra 2189
2026-06-15,Wheat,1,Jalgaon,Non-FAQ,APMC PACHORA,2200,1900,2100,Maharashtra,Other
2026-06-16,Wheat,1,Chattrapati Sambhajinagar,Non-FAQ,Sillod APMC,2350,2200,2300,Maharashtra,Other
2026-06-16,Wheat,1,Jalgaon,Non-FAQ,Chopada APMC,2526,2145,2351,Maharashtra,Other
2026-06-16,Wheat,1,Nashik,Non-FAQ,Satana APMC,2550,2261,2482,Maharashtra,Other
2026-06-16,Wheat,1,Latur,FAQ,Ahmedpur APMC,2700,2585,2642,Maharashtra,Other
2026-06-16,Wheat,1,Nagpur,Non-FAQ,Agriculture Produce Market Committee Katol,2351,2160,2300,Maharashtra,Other
2026-06-16,Wheat,1,Ahilyanagar,Non-FAQ,Rahuri(Vambori) APMC,2307,2275,2295,Maharashtra,Other
2026-06-16,Wheat,1,Chattrapati Sambhajinagar,Non-FAQ,Gangapur APMC,2400,2330,2360,Maharashtra,Other
2026-06-16,Wheat,1,Buldhana,Non-FAQ,Shegaon APMC,2500,2000,2175,Maharashtra,Other
2026-06-16,Wheat,1,Jalna,Non-FAQ,Jalana APMC,2450,2200,2325,Maharashtra,Other
2026-06-16,Wheat,1,Nashik,Non-FAQ,Lasalgaon(Vinchur) APMC,2412,2300,2350,Maharashtra,Other
2026-06-16,Wheat,1,Buldhana,Non-FAQ,Malkapur APMC,2395,2050,2300,Maharashtra,Other
2026-06-16,Wheat,1,Chattrapati Sambhajinagar,Non-FAQ,Vaijpur APMC,2490,2300,2415,Maharashtra,Other
2026-06-16,Wheat,1,Pune,Non-FAQ,Shirur APMC,2500,2000,2400,Maharashtra,Other
2026-06-16,Wheat,1,Nanded,Non-FAQ,Bhokar APMC,2160,2000,2080,Maharashtra,Other
2026-06-16,Wheat,1,Parbhani,Non-FAQ,Jintur APMC,2500,2100,2200,Maharashtra,Other
2026-06-16,Wheat,1,Washim,Non-FAQ,Karanja APMC,2375,2290,2345,Maharashtra,Other
2026-06-16,Wheat,1,Ahilyanagar,Non-FAQ,Jamkhed APMC,2500,2100,2300,Maharashtra,Other
2026-06-16,Wheat,1,Nashik,FAQ,Satana APMC,2712,2712,2712,Maharashtra,Other
2026-06-16,Wheat,1,Buldhana,Local,"Bsk Krishi Bazar Private Limited, Mehkar, Dist Buldhana",2260,2150,2250,Maharashtra,Other
2026-06-16,Wheat,1,Akola,Non-FAQ,Akola APMC,2355,2190,2330,Maharashtra,Other
2026-06-16,Wheat,1,Jalna,Non-FAQ,Bhokardan(Pimpalgaon Renu) APMC,2250,2100,2200,Maharashtra,Other
2026-06-16,Wheat,1,Washim,Local,"Krushna Krishi Bazar, Washim",2400,2000,2255,Maharashtra,Other
2026-06-16,Wheat,1,Yavatmal,Local,"Shekari Krushi Khajgi Bazar, Arni, Dist Yavatmal",2260,1966,2100,Maharashtra,Other
2026-06-16,Wheat,1,Nashik,Non-FAQ,Devala APMC,2385,2345,2385,Maharashtra,Maharashtra 2189
2026-06-16,Wheat,1,Latur,Non-FAQ,Aurad Shahajani APMC,2100,2100,2100,Maharashtra,Maharashtra 2189
2026-06-16,Wheat,1,Latur,Non-FAQ,Latur(Murud) APMC,2400,2000,2101,Maharashtra,Maharashtra 2189
2026-06-16,Wheat,1,Jalgaon,Non-FAQ,Parola APMC,2300,2125,2200,Maharashtra,Kalyan
2026-06-16,Wheat,1,Beed,Non-FAQ,Beed APMC,2400,2082,2319,Maharashtra,Other
2026-06-16,Wheat,1,Pune,FAQ,Shirur APMC,2600,2600,2600,Maharashtra,Other
2026-06-16,Wheat,1,Dhule,Non-FAQ,Dondaicha APMC,2476,2100,2451,Maharashtra,Other
2026-06-16,Wheat,1,Yavatmal,Non-FAQ,Pandhakawada APMC,2245,2000,2150,Maharashtra,Other
2026-06-16,Wheat,1,Kolhapur,FAQ,Kolhapur(Laxmipuri) APMC,4200,3000,3600,Maharashtra,Other
2026-06-16,Wheat,1,Jalgaon,Non-FAQ,Chalisgaon APMC,2270,2150,2201,Maharashtra,Other
2026-06-16,Wheat,1,Parbhani,Non-FAQ,Parbhani APMC,2500,1800,2350,Maharashtra,Maharashtra 2189
2026-06-16,Wheat,1,Buldhana,Non-FAQ,Chikali APMC,2250,1950,2100,Maharashtra,Other
2026-06-16,Wheat,1,Ahilyanagar,Non-FAQ,Kopargaon APMC,2375,2270,2343,Maharashtra,Other
2026-06-16,Wheat,1,Dhule,Non-FAQ,Dhule APMC,2526,2220,2351,Maharashtra,Other
2026-06-16,Wheat,1,Buldhana,Non-FAQ,Nandura APMC,2380,2150,2380,Maharashtra,Other
2026-06-16,Wheat,1,Dharashiv,Non-FAQ,Tuljapur APMC,2500,2200,2350,Maharashtra,Other
2026-06-16,Wheat,1,Sangli,FAQ,Sangli APMC,4000,2900,3450,Maharashtra,Other
2026-06-16,Wheat,1,Yavatmal,Non-FAQ,Babhulgaon APMC,2300,2101,2201,Maharashtra,Other
2026-06-16,Wheat,1,Buldhana,Non-FAQ,Deoulgaon Raja APMC,2375,1600,2200,Maharashtra,Other
2026-06-16,Wheat,1,Parbhani,FAQ,Gangakhed APMC,2700,2650,2650,Maharashtra,Other
2026-06-16,Wheat,1,Amarawati,Non-FAQ,Dhamngaon-Railway APMC,2275,2100,2200,Maharashtra,Other
2026-06-17,Wheat,1,Wardha,Non-FAQ,Wardha APMC,2430,2375,2400,Maharashtra,Other
2026-06-17,Wheat,1,Buldhana,Non-FAQ,Krushi Utpanna Bazar Samiti Shegaon,2250,2100,2180,Maharashtra,Other
2026-06-17,Wheat,1,Solapur,Non-FAQ,Barshi APMC,2300,2300,2300,Maharashtra,Other
2026-06-17,Wheat,1,Beed,Non-FAQ,Gevrai APMC,2400,2300,2300,Maharashtra,Other
2026-06-17,Wheat,1,Ahilyanagar,Non-FAQ,Shrirampur(Belapur) APMC,2200,2200,2200,Maharashtra,Other
2026-06-17,Wheat,1,Yavatmal,Non-FAQ,Umarked(Danki) APMC,2400,2200,2300,Maharashtra,Other
2026-06-17,Wheat,1,Nandurbar,Non-FAQ,Shahada APMC,2580,2325,2461,Maharashtra,Other
2026-06-17,Wheat,1,Ahilyanagar,Non-FAQ,Karjat APMC,2300,2300,2300,Maharashtra,Other
2026-06-17,Wheat,1,Nashik,Non-FAQ,Lasalgaon APMC,2540,2300,2451,Maharashtra,Maharashtra 2189
2026-06-17,Wheat,1,Washim,Non-FAQ,Karanja APMC,2375,2285,2325,Maharashtra,Other
2026-06-17,Wheat,1,Chattrapati Sambhajinagar,Non-FAQ,Vaijpur APMC,2500,2130,2430,Maharashtra,Other
2026-06-17,Wheat,1,Chattrapati Sambhajinagar,Non-FAQ,Lasur Station APMC,2360,1501,2325,Maharashtra,Other
2026-06-17,Wheat,1,Solapur,Non-FAQ,Kurdwadi APMC,2350,2150,2150,Maharashtra,Other
2026-06-17,Wheat,1,Nagpur,Non-FAQ,Savner APMC,2230,2200,2220,Maharashtra,Other
2026-06-17,Wheat,1,Solapur,FAQ,Solapur APMC,3990,2600,3520,Maharashtra,Sharbati
2026-06-17,Wheat,1,Nashik,Non-FAQ,Nandgaon APMC,2533,2340,2450,Maharashtra,Maharashtra 2189
2026-06-17,Wheat,1,Jalgaon,Non-FAQ,APMC CHOPADA,2541,2152,2311,Maharashtra,Other
2026-06-17,Wheat,1,Solapur,FAQ,Barshi APMC,3000,2700,2700,Maharashtra,Other
2026-06-17,Wheat,1,Buldhana,Non-FAQ,Deoulgaon Raja APMC,2200,1800,2050,Maharashtra,Other
2026-06-17,Wheat,1,Ahilyanagar,Non-FAQ,Ahilyanagar APMC,2400,2000,2200,Maharashtra,Other
2026-06-17,Wheat,1,Amarawati,Non-FAQ,Amarawati APMC,2400,2150,2275,Maharashtra,Other
2026-06-17,Wheat,1,Nagpur,Non-FAQ,Katol APMC,2307,2245,2270,Maharashtra,Other
2026-06-17,Wheat,1,Ahilyanagar,Non-FAQ,Shevgaon APMC,2350,2200,2350,Maharashtra,Maharashtra 2189
2026-06-17,Wheat,1,Amarawati,Non-FAQ,Dharni APMC,2200,2100,2150,Maharashtra,Other
2026-06-17,Wheat,1,Dharashiv,Non-FAQ,Kalamb (Dharashiv) APMC,2200,2100,2200,Maharashtra,Maharashtra 2189
2026-06-17,Wheat,1,Dharashiv,FAQ,Kalamb (Dharashiv) APMC,2630,2630,2630,Maharashtra,Maharashtra 2189
2026-06-17,Wheat,1,Beed,FAQ,Majalgaon APMC,2611,2591,2600,Maharashtra,Other
2026-06-18,Wheat,1,Chattrapati Sambhajinagar,Non-FAQ,Kannad APMC,2400,2175,2280,Maharashtra,Other
2026-06-18,Wheat,1,Solapur,FAQ,Karmala APMC,2711,2711,2711,Maharashtra,Other
2026-06-18,Wheat,1,Jalna,Non-FAQ,Partur APMC,2246,2100,2146,Maharashtra,Maharashtra 2189
2026-06-18,Wheat,1,Buldhana,Non-FAQ,Mehekar APMC,2400,2000,2250,Maharashtra,Other
2026-06-18,Wheat,1,Ahilyanagar,Non-FAQ,Karjat APMC,2500,2000,2250,Maharashtra,Other
2026-06-18,Wheat,1,Dharashiv,Non-FAQ,Paranda APMC,2200,2200,2200,Maharashtra,Other
2026-06-18,Wheat,1,Washim,Non-FAQ,Manora APMC,2350,2300,2325,Maharashtra,Other
2026-06-18,Wheat,1,Nagpur,Non-FAQ,Katol APMC,2345,2300,2320,Maharashtra,Other
2026-06-18,Wheat,1,Latur,Non-FAQ,Ahmedpur APMC,2502,2160,2287,Maharashtra,Other
2026-06-18,Wheat,1,Solapur,FAQ,Solapur APMC,3995,2605,3525,Maharashtra,Sharbati
2026-06-18,Wheat,1,Solapur,Non-FAQ,Barshi(Vairag) APMC,2301,2201,2250,Maharashtra,Other
2026-06-18,Wheat,1,Washim,Non-FAQ,Mangrulpeer APMC,2450,2200,2325,Maharashtra,Other
2026-06-18,Wheat,1,Ahilyanagar,Non-FAQ,Rahuri(Vambori) APMC,2451,2326,2420,Maharashtra,Other
2026-06-18,Wheat,1,Chattrapati Sambhajinagar,Non-FAQ,Sillod APMC,2300,2200,2300,Maharashtra,Other
2026-06-18,Wheat,1,Washim,Non-FAQ,Karanja APMC,2395,2240,2335,Maharashtra,Other
2026-06-18,Wheat,1,Nandurbar,Non-FAQ,Shahada APMC,2584,2361,2451,Maharashtra,Other
2026-06-18,Wheat,1,Solapur,Non-FAQ,Karmala APMC,2550,2350,2411,Maharashtra,Other
2026-06-18,Wheat,1,Chattrapati Sambhajinagar,Non-FAQ,Agricultural Produce Market Committee Sillod,2300,2200,2300,Maharashtra,Other
2026-06-18,Wheat,1,Solapur,Non-FAQ,Barshi APMC,2500,2261,2261,Maharashtra,Other
2026-06-18,Wheat,1,Pune,Non-FAQ,Shirur APMC,2500,2000,2350,Maharashtra,Other
2026-06-18,Wheat,1,Nashik,Non-FAQ,Manmad APMC,2460,2262,2330,Maharashtra,Other
2026-06-18,Wheat,1,Palghar,FAQ,Palghar APMC,3220,3220,3220,Maharashtra,Other
2026-06-18,Wheat,1,Palghar,FAQ,Ulhasnagar APMC,3400,3000,3200,Maharashtra,Other
2026-06-18,Wheat,1,Amarawati,Non-FAQ,Nandgaon Khandeshwar APMC,2250,2100,2175,Maharashtra,Other
2026-06-18,Wheat,1,Dhule,Non-FAQ,Dhule APMC,2375,2161,2236,Maharashtra,Other
2026-06-18,Wheat,1,Wardha,Non-FAQ,APMC SINDI BRANCH SELOO,2360,2200,2300,Maharashtra,Other
2026-06-18,Wheat,1,Nashik,Non-FAQ,Malegaon APMC,2580,1835,2400,Maharashtra,Other
2026-06-19,Wheat,1,Dharashiv,Non-FAQ,Kalamb (Dharashiv) APMC,2200,2000,2200,Maharashtra,Maharashtra 2189
2026-06-19,Wheat,1,Nanded,Non-FAQ,Mudkhed APMC,2330,2330,2330,Maharashtra,Other
2026-06-19,Wheat,1,Ahilyanagar,Non-FAQ,Karjat(Rashin) APMC,2400,2250,2300,Maharashtra,Other
2026-06-19,Wheat,1,Nanded,Non-FAQ,Kandhar APMC,2400,2000,2340,Maharashtra,Other
2026-06-19,Wheat,1,Jalgaon,Non-FAQ,Amalner APMC,2395,2346,2395,Maharashtra,Other
2026-06-19,Wheat,1,Buldhana,Non-FAQ,Lonar APMC,2350,2200,2275,Maharashtra,Other
2026-06-19,Wheat,1,Ahilyanagar,Non-FAQ,Karjat APMC,2500,2300,2400,Maharashtra,Other
2026-06-19,Wheat,1,Solapur,Non-FAQ,Barshi(Vairag) APMC,2500,2230,2400,Maharashtra,Other
2026-06-19,Wheat,1,Nashik,Non-FAQ,Devala APMC,2375,2345,2370,Maharashtra,Maharashtra 2189
2026-06-19,Wheat,1,Nashik,Non-FAQ,Yeola APMC,2489,2300,2375,Maharashtra,Maharashtra 2189
2026-06-19,Wheat,1,Amarawati,Non-FAQ,Nandgaon Khandeshwar APMC,2230,2100,2165,Maharashtra,Other
2026-06-19,Wheat,1,Solapur,Non-FAQ,Barshi APMC,2200,2200,2200,Maharashtra,Other
2026-06-19,Wheat,1,Ahilyanagar,Non-FAQ,Shrirampur(Belapur) APMC,2200,2100,2150,Maharashtra,Other
2026-06-20,Wheat,1,Bhandara,Non-FAQ,Tumsar APMC,2327,2305,2316,Maharashtra,Other
2026-06-20,Wheat,1,Ahilyanagar,Non-FAQ,Shevgaon(Bodhegaon) APMC,2300,2200,2200,Maharashtra,Maharashtra 2189
2026-06-20,Wheat,1,Wardha,Non-FAQ,Sindi(Selu) APMC,2355,2250,2270,Maharashtra,Other
2026-06-20,Wheat,1,Chattrapati Sambhajinagar,Non-FAQ,Sillod(Bharadi) APMC,2375,2375,2375,Maharashtra,Other
2026-06-20,Wheat,1,Ahilyanagar,Non-FAQ,Kopargaon APMC,2488,2376,2426,Maharashtra,Other
2026-06-21,Wheat,1,Pune,Non-FAQ,Indapur(Bhigwan) APMC,2550,1500,2200,Maharashtra,Other
2026-06-21,Wheat,1,Pune,Non-FAQ,Dound APMC,2500,2000,2300,Maharashtra,Maharashtra 2189
2026-06-21,Wheat,1,Beed,Non-FAQ,Kada APMC,2350,2000,2250,Maharashtra,Other
2026-06-22,Wheat,1,Akola,Non-FAQ,Murtizapur APMC,2415,2000,2210,Maharashtra,Other
2026-06-22,Wheat,1,Beed,Non-FAQ,Kille Dharur APMC,2290,2210,2290,Maharashtra,Other
2026-06-22,Wheat,1,Dhule,Non-FAQ,Dondaicha APMC,2530,2200,2485,Maharashtra,Other
2026-06-22,Wheat,1,Washim,Non-FAQ,Manora APMC,2376,2330,2353,Maharashtra,Other
2026-06-22,Wheat,1,Dharashiv,FAQ,Kalamb (Dharashiv) APMC,2800,2800,2800,Maharashtra,Maharashtra 2189
2026-06-22,Wheat,1,Latur,Non-FAQ,Chakur APMC,2250,2250,2250,Maharashtra,Other
2026-06-22,Wheat,1,Ahilyanagar,Non-FAQ,Shevgaon APMC,2400,2300,2400,Maharashtra,Maharashtra 2189
2026-06-22,Wheat,1,Jalgaon,Non-FAQ,Pachora APMC,2330,2111,2211,Maharashtra,Other
2026-06-22,Wheat,1,Nandurbar,Non-FAQ,Shahada APMC,2572,2200,2460,Maharashtra,Other
2026-06-23,Wheat,1,Nandurbar,Non-FAQ,Navapur APMC,2400,2300,2336,Maharashtra,Other
2026-06-23,Wheat,1,Amarawati,Non-FAQ,Amarawati APMC,2400,2200,2300,Maharashtra,Other
2026-06-23,Wheat,1,Nandurbar,Non-FAQ,Shahada APMC,2557,2411,2470,Maharashtra,Other
2026-06-23,Wheat,1,Mumbai,FAQ,Mumbai APMC,5500,2800,4150,Maharashtra,Other
2026-06-23,Wheat,1,Amarawati,Non-FAQ,Chandur Bazar APMC,2450,2050,2200,Maharashtra,Other
2026-06-23,Wheat,1,Dhule,Non-FAQ,Dhule APMC,2371,2100,2300,Maharashtra,Other
2026-06-23,Wheat,1,Wardha,Non-FAQ,Ashti(Karanja) APMC,2360,2000,2100,Maharashtra,Other
2026-06-23,Wheat,1,Jalgaon,Non-FAQ,APMC CHOPADA,2325,2152,2152,Maharashtra,Other
2026-06-23,Wheat,1,Dhule,Non-FAQ,Sakri APMC,2360,2271,2271,Maharashtra,Other
2026-06-23,Wheat,1,Jalgaon,Non-FAQ,Parola APMC,2300,2000,2250,Maharashtra,Kalyan
2026-06-23,Wheat,1,Dhule,Non-FAQ,Dondaicha APMC,2541,2100,2486,Maharashtra,Other
2026-06-23,Wheat,1,Jalna,Non-FAQ,Ambad (Vadigodri) APMC,2580,1500,2341,Maharashtra,Other
2026-06-23,Wheat,1,Amarawati,Non-FAQ,Achalpur APMC,2550,2200,2325,Maharashtra,Other
2026-06-23,Wheat,1,Beed,Non-FAQ,Majalgaon APMC,2311,2281,2300,Maharashtra,Other
2026-06-23,Wheat,1,Latur,Non-FAQ,Ausa APMC,2151,2100,2127,Maharashtra,Maharashtra 2189
2026-06-23,Wheat,1,Nashik,Non-FAQ,Nandgaon APMC,2513,2491,2500,Maharashtra,Maharashtra 2189
2026-06-23,Wheat,1,Chattrapati Sambhajinagar,Non-FAQ,Agricultural Produce Market Committee Sillod,2390,2200,2300,Maharashtra,Other
2026-06-23,Wheat,1,Nashik,Non-FAQ,Sinner APMC,2515,2370,2400,Maharashtra,Other
2026-06-24,Wheat,1,Nanded,Non-FAQ,Bhokar APMC,2150,2100,2125,Maharashtra,Other
2026-06-24,Wheat,1,Buldhana,Non-FAQ,Khamgaon APMC,2350,2150,2250,Maharashtra,Other
2026-06-24,Wheat,1,Wardha,Non-FAQ,Ashti(Karanja) APMC,2340,2000,2150,Maharashtra,Other
2026-06-24,Wheat,1,Chattrapati Sambhajinagar,Non-FAQ,Kannad APMC,2525,2351,2438,Maharashtra,Other
2026-06-24,Wheat,1,Chattrapati Sambhajinagar,Non-FAQ,Vaijpur APMC,2540,2115,2500,Maharashtra,Other
2026-06-24,Wheat,1,Ahilyanagar,Local,"Omchatinya Multi State Agro Purpose Co-Op Society, Dist Ahilyanagar",2400,2350,2350,Maharashtra,Other
2026-06-24,Wheat,1,Beed,Non-FAQ,Gevrai APMC,2400,2350,2400,Maharashtra,Other
2026-06-24,Wheat,1,Dharashiv,Non-FAQ,Kalamb (Dharashiv) APMC,2325,1900,2200,Maharashtra,Maharashtra 2189
2026-06-24,Wheat,1,Ahilyanagar,Non-FAQ,Karjat APMC,2500,2200,2300,Maharashtra,Other
2026-06-24,Wheat,1,Nashik,Non-FAQ,Yeola APMC,2550,2497,2500,Maharashtra,Maharashtra 2189
2026-06-24,Wheat,1,Ahilyanagar,Non-FAQ,Shrirampur APMC,2300,2100,2200,Maharashtra,Other
2026-06-24,Wheat,1,Buldhana,Non-FAQ,Lonar APMC,2424,2200,2312,Maharashtra,Other
2026-06-24,Wheat,1,Dharashiv,Non-FAQ,Umarga APMC,1800,1800,1800,Maharashtra,Maharashtra 2189
2026-06-24,Wheat,1,Nagpur,Non-FAQ,Savner APMC,2260,2258,2260,Maharashtra,Other
2026-06-24,Wheat,1,Yavatmal,Local,"Mahesh Krushi Utpanna Bazar, Digras, Dist Yeotmal",2325,2300,2318,Maharashtra,Other
2026-06-24,Wheat,1,Nashik,Non-FAQ,Devala APMC,2425,2424,2425,Maharashtra,Maharashtra 2189
2026-06-24,Wheat,1,Chattrapati Sambhajinagar,Non-FAQ,Chattrapati Sambhajinagar APMC,2572,2320,2446,Maharashtra,Other
2026-06-24,Wheat,1,Dhule,Non-FAQ,Sakri APMC,2371,2371,2371,Maharashtra,Other
2026-06-24,Wheat,1,Solapur,Non-FAQ,Akluj APMC,2400,2300,2360,Maharashtra,Other
2026-06-24,Wheat,1,Jalna,Non-FAQ,Jalana APMC,2561,2200,2425,Maharashtra,Other
2026-06-25,Wheat,1,Chattrapati Sambhajinagar,Non-FAQ,Chattrapati Sambhajinagar APMC,2580,2341,2520,Maharashtra,Other
2026-06-25,Wheat,1,Pune,Non-FAQ,Shirur APMC,2500,2200,2300,Maharashtra,Other
2026-06-25,Wheat,1,Buldhana,Non-FAQ,Mehekar APMC,2400,2000,2350,Maharashtra,Other
2026-06-25,Wheat,1,Nanded,Non-FAQ,Kandhar APMC,2400,2000,2350,Maharashtra,Other
2026-06-25,Wheat,1,Buldhana,Non-FAQ,Deoulgaon Raja APMC,2500,2200,2350,Maharashtra,Other
2026-06-25,Wheat,1,Washim,Non-FAQ,Manora APMC,2436,2435,2435,Maharashtra,Other
2026-06-25,Wheat,1,Ahilyanagar,Non-FAQ,Jamkhed APMC,2500,2300,2400,Maharashtra,Other
2026-06-25,Wheat,1,Yavatmal,Local,KISAN MARKET YARD,2415,2300,2381,Maharashtra,Other
2026-06-25,Wheat,1,Nagpur,Non-FAQ,Savner APMC,2225,2225,2225,Maharashtra,Other
2026-06-25,Wheat,1,Yavatmal,Local,"Mahesh Krushi Utpanna Bazar, Digras, Dist Yeotmal",2275,2275,2275,Maharashtra,Other
2026-06-25,Wheat,1,Amarawati,Non-FAQ,Amarawati APMC,2400,2150,2275,Maharashtra,Other
2026-06-25,Wheat,1,Dharashiv,Non-FAQ,Umarga APMC,2050,2050,2050,Maharashtra,Maharashtra 2189
2026-06-25,Wheat,1,Bhandara,Non-FAQ,Bhandara APMC,2250,2200,2245,Maharashtra,Maharashtra 2189
2026-06-25,Wheat,1,Nashik,FAQ,Lasalgaon APMC,2661,2585,2622,Maharashtra,Maharashtra 2189
2026-06-25,Wheat,1,Buldhana,Non-FAQ,Chikali APMC,2400,2200,2300,Maharashtra,Other
2026-06-26,Wheat,1,Jalna,Non-FAQ,Jafrabad APMC,2200,2000,2100,Maharashtra,Other
2026-06-27,Wheat,1,Buldhana,Non-FAQ,Malkapur APMC,2551,2400,2470,Maharashtra,Other
2026-06-27,Wheat,1,Chattrapati Sambhajinagar,Non-FAQ,Gangapur APMC,2568,2527,2568,Maharashtra,Other
2026-06-27,Wheat,1,Jalna,Non-FAQ,Bhokardan APMC,2300,2100,2200,Maharashtra,Other
2026-06-27,Wheat,1,Chattrapati Sambhajinagar,Non-FAQ,Kannad APMC,2451,2400,2425,Maharashtra,Other
2026-06-27,Wheat,1,Ahilyanagar,Non-FAQ,Rahuri(Vambori) APMC,2394,2394,2394,Maharashtra,Other
2026-06-27,Wheat,1,Chattrapati Sambhajinagar,Non-FAQ,Chattrapati Sambhajinagar APMC,2510,2400,2455,Maharashtra,Other
2026-06-27,Wheat,1,Nanded,Non-FAQ,Loha APMC,2351,1951,2202,Maharashtra,Other
2026-06-27,Wheat,1,Buldhana,Non-FAQ,Deoulgaon Raja APMC,2511,2300,2300,Maharashtra,Other
2026-06-27,Wheat,1,Amarawati,Non-FAQ,Anajngaon APMC,2400,2000,2200,Maharashtra,Other
2026-06-28,Wheat,1,Palghar,FAQ,Ulhasnagar APMC,3600,3200,3400,Maharashtra,Other
2026-06-28,Wheat,1,Bhandara,Non-FAQ,Tumsar APMC,2410,2390,2394,Maharashtra,Other
2026-06-29,Wheat,1,Dhule,Non-FAQ,Dhule APMC,2531,2326,2444,Maharashtra,Other
2026-06-29,Wheat,1,Akola,Non-FAQ,Akola APMC,2430,2350,2385,Maharashtra,Other
2026-06-29,Wheat,1,Pune,Non-FAQ,Baramati APMC,2580,1800,2550,Maharashtra,Kalyan
2026-06-29,Wheat,1,Wardha,Non-FAQ,Ashti(Karanja) APMC,2450,2100,2250,Maharashtra,Other
2026-06-29,Wheat,1,Solapur,Non-FAQ,Karmala APMC,2555,2350,2451,Maharashtra,Other
2026-06-29,Wheat,1,Nashik,Non-FAQ,Malegaon APMC,2582,1700,2525,Maharashtra,Other
2026-06-29,Wheat,1,Dhule,Non-FAQ,Dondaicha APMC,2570,2200,2542,Maharashtra,Other
2026-06-29,Wheat,1,Buldhana,Non-FAQ,Khamgaon APMC,2425,2250,2338,Maharashtra,Other
2026-06-29,Wheat,1,Solapur,FAQ,Mangal Wedha APMC,3000,2700,2830,Maharashtra,Other
2026-06-29,Wheat,1,Nashik,FAQ,Satana APMC,2800,2800,2800,Maharashtra,Other
2026-06-29,Wheat,1,Palghar,FAQ,Palghar APMC,3200,3200,3200,Maharashtra,Other
2026-06-29,Wheat,1,Solapur,Non-FAQ,Barshi(Vairag) APMC,2465,2451,2452,Maharashtra,Other
2026-06-29,Wheat,1,Washim,Local,"Krushna Krishi Bazar, Washim",2600,2200,2417,Maharashtra,Other
2026-06-29,Wheat,1,Parbhani,Non-FAQ,Manwat APMC,2531,2275,2475,Maharashtra,Other
2026-06-29,Wheat,1,Dhule,FAQ,Shirpur APMC,2611,2611,2611,Maharashtra,Other
2026-06-29,Wheat,1,Buldhana,Non-FAQ,Deoulgaon Raja APMC,2100,2100,2100,Maharashtra,Other
2026-06-29,Wheat,1,Parbhani,Non-FAQ,Gangakhed APMC,2400,2250,2250,Maharashtra,Other
2026-06-30,Wheat,1,Jalgaon,Non-FAQ,APMC PACHORA,2460,2150,2271,Maharashtra,Other
2026-06-30,Wheat,1,Amarawati,Non-FAQ,Nandgaon Khandeshwar APMC,2430,2250,2340,Maharashtra,Other
2026-06-30,Wheat,1,Kolhapur,FAQ,Kolhapur(Laxmipuri) APMC,4100,2900,3500,Maharashtra,Other
2026-06-30,Wheat,1,Washim,Non-FAQ,Manora APMC,2500,2450,2475,Maharashtra,Other
2026-06-30,Wheat,1,Dhule,FAQ,Dondaicha APMC,2599,2591,2598,Maharashtra,Other
2026-06-30,Wheat,1,Pune,Non-FAQ,Shirur APMC,2500,2100,2350,Maharashtra,Other
2026-06-30,Wheat,1,Buldhana,Non-FAQ,Mehekar APMC,2350,2000,2250,Maharashtra,Other
2026-06-30,Wheat,1,Nashik,Non-FAQ,Malegaon APMC,2583,2151,2521,Maharashtra,Other
2026-06-30,Wheat,1,Yavatmal,Local,"Mahesh Krushi Utpanna Bazar, Digras, Dist Yeotmal",2400,2350,2386,Maharashtra,Other
2026-06-30,Wheat,1,Jalgaon,Non-FAQ,Amalner APMC,2467,2300,2467,Maharashtra,Other
2026-06-30,Wheat,1,Nashik,FAQ,Satana APMC,2802,2802,2802,Maharashtra,Other
2026-06-30,Wheat,1,Jalgaon,Non-FAQ,APMC CHOPADA,2490,2112,2251,Maharashtra,Other
2026-06-30,Wheat,1,Ahilyanagar,Non-FAQ,Kopargaon APMC,2580,2479,2533,Maharashtra,Other
2026-06-30,Wheat,1,Akola,Non-FAQ,Telhara APMC,2450,2305,2410,Maharashtra,Other
2026-06-30,Wheat,1,Buldhana,Non-FAQ,Malkapur APMC,2530,2400,2500,Maharashtra,Other
2026-06-30,Wheat,1,Nashik,Non-FAQ,Sinner APMC,2550,2485,2500,Maharashtra,Other
2026-06-30,Wheat,1,Amarawati,Non-FAQ,Dhamngaon-Railway APMC,2470,2400,2440,Maharashtra,Other
2026-06-30,Wheat,1,Buldhana,Non-FAQ,Khamgaon APMC,2425,2250,2338,Maharashtra,Other
2026-06-30,Wheat,1,Nashik,Non-FAQ,Manmad APMC,2580,2375,2473,Maharashtra,Other
2026-06-30,Wheat,1,Chattrapati Sambhajinagar,Non-FAQ,Kannad APMC,2450,2300,2375,Maharashtra,Other
2026-07-01,Wheat,1,Ahilyanagar,Non-FAQ,Shevgaon APMC,2450,2350,2450,Maharashtra,Maharashtra 2189
2026-07-01,Wheat,1,Amarawati,Non-FAQ,Nandgaon Khandeshwar APMC,2421,2240,2330,Maharashtra,Other
2026-07-01,Wheat,1,Nashik,Non-FAQ,Devala APMC,2495,2375,2480,Maharashtra,Maharashtra 2189
2026-07-01,Wheat,1,Nagpur,Non-FAQ,Agriculture Produce Market Committee Katol,2440,2440,2440,Maharashtra,Other
2026-07-01,Wheat,1,Nandurbar,Non-FAQ,Shahada APMC,2584,2450,2540,Maharashtra,Other
2026-07-01,Wheat,1,Wardha,Non-FAQ,Wardha APMC,2550,2450,2500,Maharashtra,Other
2026-07-01,Wheat,1,Hingoli,Non-FAQ,Hingoli APMC,2520,2200,2360,Maharashtra,Sharbati
2026-07-01,Wheat,1,Hingoli,FAQ,Akhadabalapur APMC,5800,2600,2700,Maharashtra,Maharashtra 2189
2026-07-01,Wheat,1,Ahilyanagar,FAQ,Pathardi APMC,2800,2585,2650,Maharashtra,Maharashtra 2189
2026-07-01,Wheat,1,Solapur,Non-FAQ,Dudhani APMC,2500,2155,2419,Maharashtra,Maharashtra 2189
2026-07-01,Wheat,1,Dhule,Non-FAQ,Dondaicha APMC,2579,2200,2542,Maharashtra,Other
2026-07-01,Wheat,1,Jalna,Non-FAQ,Jalana APMC,2550,2200,2550,Maharashtra,Other
2026-07-01,Wheat,1,Washim,Non-FAQ,Washim APMC,2450,2130,2300,Maharashtra,Maharashtra 2189
2026-07-01,Wheat,1,Beed,Non-FAQ,Vadvani APMC,2400,2200,2351,Maharashtra,Other
2026-07-01,Wheat,1,Dhule,FAQ,Dondaicha APMC,2621,2586,2595,Maharashtra,Other
2026-07-01,Wheat,1,Solapur,Non-FAQ,Barshi(Vairag) APMC,2451,2400,2400,Maharashtra,Other
2026-07-01,Wheat,1,Dhule,Non-FAQ,Dondaicha (Sindhkheda) APMC,2360,2275,2300,Maharashtra,Other
2026-07-01,Wheat,1,Ahilyanagar,Non-FAQ,Shevgaon(Bodhegaon) APMC,2500,2300,2300,Maharashtra,Maharashtra 2189
2026-07-01,Wheat,1,Chattrapati Sambhajinagar,FAQ,Vaijpur APMC,2655,2600,2640,Maharashtra,Other
2026-07-01,Wheat,1,Ahilyanagar,Non-FAQ,Shrirampur APMC,2511,2200,2400,Maharashtra,Other
2026-07-01,Wheat,1,Yavatmal,Non-FAQ,Digras APMC,2520,2490,2505,Maharashtra,Other
2026-07-01,Wheat,1,Beed,Non-FAQ,Kada APMC,2400,2050,2350,Maharashtra,Other
2026-07-01,Wheat,1,Ahilyanagar,Non-FAQ,Ahilyanagar APMC,2400,2200,2300,Maharashtra,Other
2026-07-01,Wheat,1,Pune,FAQ,Nira(Saswad) APMC,3100,2590,2750,Maharashtra,Other
2026-07-01,Wheat,1,Amarawati,Non-FAQ,Achalpur APMC,2550,2200,2375,Maharashtra,Other
2026-07-01,Wheat,1,Yavatmal,Non-FAQ,Umarkhed APMC,2350,2200,2300,Maharashtra,Other
2026-07-01,Wheat,1,Buldhana,Non-FAQ,Nandura APMC,2530,2235,2530,Maharashtra,Other
2026-07-01,Wheat,1,Parbhani,FAQ,Gangakhed APMC,2800,2700,2700,Maharashtra,Other
2026-07-01,Wheat,1,Nandurbar,Non-FAQ,Navapur APMC,2300,2200,2236,Maharashtra,Other
2026-07-01,Wheat,1,Dharashiv,Non-FAQ,Paranda APMC,2250,2250,2250,Maharashtra,Other
2026-07-02,Wheat,1,Nashik,FAQ,Sinner APMC,2595,2595,2595,Maharashtra,Other
2026-07-02,Wheat,1,Akola,Non-FAQ,Akot APMC,2505,2395,2500,Maharashtra,147 Average
2026-07-02,Wheat,1,Nagpur,Non-FAQ,Savner APMC,2400,2380,2390,Maharashtra,Other
2026-07-02,Wheat,1,Buldhana,Non-FAQ,Malkapur APMC,2510,2460,2500,Maharashtra,Other
2026-07-02,Wheat,1,Washim,Non-FAQ,Karanja APMC,2565,2495,2525,Maharashtra,Other
2026-07-02,Wheat,1,Chattrapati Sambhajinagar,Non-FAQ,Chattrapati Sambhajinagar APMC,2584,2470,2527,Maharashtra,Other
2026-07-02,Wheat,1,Jalna,Non-FAQ,Jalana APMC,2550,2300,2550,Maharashtra,Other
2026-07-02,Wheat,1,Jalna,FAQ,Jalana APMC,2675,2675,2675,Maharashtra,Other
2026-07-02,Wheat,1,Kolhapur,FAQ,Kolhapur(Laxmipuri) APMC,4200,2800,3500,Maharashtra,Other
2026-07-02,Wheat,1,Palghar,FAQ,Ulhasnagar APMC,3400,3000,3200,Maharashtra,Other
2026-07-02,Wheat,1,Akola,Non-FAQ,Telhara APMC,2460,2375,2410,Maharashtra,Other
2026-07-02,Wheat,1,Solapur,Non-FAQ,Karmala APMC,2580,2566,2566,Maharashtra,Other
2026-07-02,Wheat,1,Ahilyanagar,FAQ,Kopargaon APMC,2660,2585,2585,Maharashtra,Other
2026-07-02,Wheat,1,Ahilyanagar,Non-FAQ,Rahuri APMC,2450,2200,2375,Maharashtra,Other
2026-07-02,Wheat,1,Dhule,FAQ,Shirpur APMC,2585,2585,2585,Maharashtra,Other
2026-07-02,Wheat,1,Nagpur,Non-FAQ,Umared APMC,2450,2250,2300,Maharashtra,Other
2026-07-02,Wheat,1,Wardha,Non-FAQ,APMC SINDI BRANCH SELOO,2500,2200,2370,Maharashtra,Other
2026-07-02,Wheat,1,Nagpur,Non-FAQ,Agriculture Produce Market Committee Katol,2441,2441,2441,Maharashtra,Other
2026-07-02,Wheat,1,Nandurbar,Non-FAQ,Shahada APMC,2584,2350,2475,Maharashtra,Other
2026-07-02,Wheat,1,Akola,FAQ,Akola APMC,3500,2950,3125,Maharashtra,Sharbati
2026-07-02,Wheat,1,Palghar,FAQ,Kalyan APMC,3500,3000,3250,Maharashtra,Sharbati
2026-07-02,Wheat,1,Nashik,Non-FAQ,Devala APMC,2490,2450,2485,Maharashtra,Maharashtra 2189
2026-07-02,Wheat,1,Solapur,Non-FAQ,Dudhani APMC,2580,2450,2508,Maharashtra,Maharashtra 2189
2026-07-02,Wheat,1,Nashik,FAQ,Yeola APMC,2661,2661,2661,Maharashtra,Maharashtra 2189
2026-07-02,Wheat,1,Ahilyanagar,Non-FAQ,Shevgaon(Bodhegaon) APMC,2300,2200,2200,Maharashtra,Maharashtra 2189
2026-07-02,Wheat,1,Nagpur,FAQ,Umared APMC,3200,2600,2850,Maharashtra,Other
2026-07-02,Wheat,1,Solapur,FAQ,SHRI.SIDDHESHWAR  APMC,4035,2620,3570,Maharashtra,Sharbati
2026-07-02,Wheat,1,Ahilyanagar,Non-FAQ,Shrirampur(Belapur) APMC,2200,2100,2150,Maharashtra,Other
2026-07-02,Wheat,1,Washim,Non-FAQ,Washim APMC,2581,2230,2450,Maharashtra,Maharashtra 2189
2026-07-02,Wheat,1,Beed,Non-FAQ,Gevrai APMC,2550,2400,2450,Maharashtra,Other
2026-07-03,Wheat,1,Nashik,FAQ,Lasalgaon(Niphad) APMC,2615,2591,2600,Maharashtra,Maharashtra 2189
2026-07-03,Wheat,1,Sangli,FAQ,Tasgaon APMC,4060,3650,3960,Maharashtra,Other
2026-07-03,Wheat,1,Jalna,Non-FAQ,Partur APMC,2500,2400,2412,Maharashtra,Maharashtra 2189
2026-07-03,Wheat,1,Jalgaon,Non-FAQ,Amalner APMC,2474,2200,2337,Maharashtra,Other
2026-07-03,Wheat,1,Akola,Non-FAQ,Murtizapur APMC,2515,2000,2260,Maharashtra,Other
2026-07-03,Wheat,1,Nanded,Non-FAQ,Bhokar APMC,2205,2150,2178,Maharashtra,Other
2026-07-03,Wheat,1,Yavatmal,Non-FAQ,Yavatmal APMC,2520,2450,2485,Maharashtra,Other
2026-07-03,Wheat,1,Buldhana,Non-FAQ,Jalgaon Jamod(Aasalgaon) APMC,2400,2200,2300,Maharashtra,Maharashtra 2189
2026-07-03,Wheat,1,Palghar,FAQ,Kalyan APMC,3500,3000,3250,Maharashtra,Sharbati
2026-07-03,Wheat,1,Nagpur,Non-FAQ,Nagpur APMC,2530,2494,2521,Maharashtra,Other
2026-07-03,Wheat,1,Jalgaon,Non-FAQ,APMC CHOPADA,2553,2411,2475,Maharashtra,Other
2026-07-03,Wheat,1,Buldhana,Non-FAQ,Lonar APMC,2424,2300,2362,Maharashtra,Other
2026-07-03,Wheat,1,Parbhani,FAQ,Gangakhed APMC,2750,2700,2700,Maharashtra,Other
2026-07-03,Wheat,1,Washim,Non-FAQ,Malegaon(Vashim) APMC,2400,2000,2250,Maharashtra,Other
2026-07-03,Wheat,1,Buldhana,FAQ,Malkapur APMC,2600,2600,2600,Maharashtra,Other
2026-07-03,Wheat,1,Buldhana,Non-FAQ,Malkapur APMC,2505,2300,2500,Maharashtra,Other
2026-07-03,Wheat,1,Nagpur,Non-FAQ,Savner APMC,2350,2350,2350,Maharashtra,Other
2026-07-03,Wheat,1,Nandurbar,Non-FAQ,Shahada APMC,2574,2261,2261,Maharashtra,Other
2026-07-03,Wheat,1,Akola,Non-FAQ,Patur APMC,2400,2000,2345,Maharashtra,Maharashtra 2189
2026-07-03,Wheat,1,Ahilyanagar,Non-FAQ,Ahilyanagar APMC,2550,2550,2550,Maharashtra,Other
2026-07-03,Wheat,1,Dharashiv,Non-FAQ,Umarga APMC,2321,2300,2310,Maharashtra,Maharashtra 2189
2026-07-03,Wheat,1,Nashik,Non-FAQ,Satana APMC,2565,2565,2565,Maharashtra,Other
2026-07-03,Wheat,1,Washim,Non-FAQ,Manora APMC,2548,2527,2537,Maharashtra,Other
2026-07-04,Wheat,1,Nagpur,Non-FAQ,Umared APMC,2450,2250,2325,Maharashtra,Other
2026-07-04,Wheat,1,Nashik,FAQ,Lasalgaon(Niphad) APMC,2620,2590,2601,Maharashtra,Maharashtra 2189
2026-07-04,Wheat,1,Buldhana,Non-FAQ,Malkapur APMC,2490,2440,2450,Maharashtra,Other
2026-07-04,Wheat,1,Ahilyanagar,Non-FAQ,Jamkhed APMC,2500,2300,2400,Maharashtra,Other
2026-07-04,Wheat,1,Chattrapati Sambhajinagar,Non-FAQ,Sillod(Bharadi) APMC,2475,2475,2475,Maharashtra,Other
2026-07-04,Wheat,1,Bhandara,Non-FAQ,Tumsar APMC,2438,2438,2438,Maharashtra,Other
2026-07-04,Wheat,1,Nashik,Non-FAQ,Lasalgaon(Niphad) APMC,2561,2500,2561,Maharashtra,Maharashtra 2189
2026-07-04,Wheat,1,Ahilyanagar,Non-FAQ,Shevgaon(Bodhegaon) APMC,2500,2500,2500,Maharashtra,Maharashtra 2189
2026-07-04,Wheat,1,Ahilyanagar,FAQ,Pathardi APMC,2800,2585,2700,Maharashtra,Maharashtra 2189
2026-07-04,Wheat,1,Nagpur,FAQ,Nagpur APMC,3500,3200,3425,Maharashtra,Sharbati
2026-07-04,Wheat,1,Solapur,FAQ,Dudhani APMC,2610,2610,2610,Maharashtra,Maharashtra 2189
2026-07-04,Wheat,1,Wardha,Non-FAQ,APMC SINDI BRANCH SELOO,2500,2200,2370,Maharashtra,Other
2026-07-04,Wheat,1,Latur,Non-FAQ,Aurad Shahajani APMC,2341,2330,2335,Maharashtra,Maharashtra 2189
2026-07-04,Wheat,1,Akola,Non-FAQ,Akola APMC,2575,2200,2485,Maharashtra,Other
2026-07-04,Wheat,1,Chattrapati Sambhajinagar,Non-FAQ,Paithan APMC,2551,2251,2375,Maharashtra,Bansi
2026-07-05,Wheat,1,Chattrapati Sambhajinagar,FAQ,Paithan APMC,2600,2600,2600,Maharashtra,Bansi
2026-07-05,Wheat,1,Latur,Non-FAQ,Ausa APMC,2401,2150,2238,Maharashtra,Maharashtra 2189
2026-07-05,Wheat,1,Chattrapati Sambhajinagar,Non-FAQ,Kannad APMC,2575,2351,2475,Maharashtra,Other
2026-07-05,Wheat,1,Akola,Non-FAQ,Balapur APMC,2375,2200,2300,Maharashtra,Other
2026-07-05,Wheat,1,Buldhana,Non-FAQ,Buldhana APMC,2300,1900,2100,Maharashtra,Other
2026-07-05,Wheat,1,Nagpur,Non-FAQ,Agriculture Produce Market Committee Katol,2481,2461,2471,Maharashtra,Other
2026-07-06,Wheat,1,Solapur,Non-FAQ,Barshi(Vairag) APMC,2491,2250,2461,Maharashtra,Other
2026-07-06,Wheat,1,Yavatmal,Local,"Mahesh Krushi Utpanna Bazar, Digras, Dist Yeotmal",2475,2150,2417,Maharashtra,Other
2026-07-06,Wheat,1,Jalgaon,Non-FAQ,Chalisgaon APMC,2380,2311,2352,Maharashtra,Other
2026-07-06,Wheat,1,Solapur,FAQ,Barshi APMC,3000,2585,2600,Maharashtra,Other
2026-07-06,Wheat,1,Nagpur,FAQ,Nagpur APMC,3500,3200,3425,Maharashtra,Sharbati
2026-07-06,Wheat,1,Parbhani,Non-FAQ,Pathari APMC,2380,2250,2250,Maharashtra,Other
2026-07-06,Wheat,1,Solapur,FAQ,Mangal Wedha APMC,2700,2700,2700,Maharashtra,Other
2026-07-06,Wheat,1,Dhule,Non-FAQ,Dondaicha (Sindhkheda) APMC,2405,2000,2222,Maharashtra,Other
2026-07-06,Wheat,1,Pune,FAQ,Baramati APMC,2800,2590,2700,Maharashtra,Maharashtra 2189
2026-07-06,Wheat,1,Latur,Non-FAQ,Aurad Shahajani APMC,2584,2361,2450,Maharashtra,Maharashtra 2189
2026-07-06,Wheat,1,Dharashiv,Non-FAQ,Tuljapur APMC,2500,2200,2350,Maharashtra,Other
2026-07-06,Wheat,1,Akola,Non-FAQ,Akot APMC,2500,2295,2500,Maharashtra,147 Average
2026-07-06,Wheat,1,Bhandara,Non-FAQ,Bhandara APMC,2250,2250,2250,Maharashtra,Maharashtra 2189
2026-07-06,Wheat,1,Beed,Non-FAQ,Beed APMC,2500,2390,2401,Maharashtra,Other
2026-07-06,Wheat,1,Dharashiv,Non-FAQ,Murum APMC,2200,2200,2200,Maharashtra,Bansi
2026-07-06,Wheat,1,Pune,Non-FAQ,Shirur APMC,2500,2200,2450,Maharashtra,Other
2026-07-06,Wheat,1,Buldhana,Non-FAQ,Mehekar APMC,2400,2000,2250,Maharashtra,Other
2026-07-06,Wheat,1,Nagpur,Non-FAQ,Nagpur APMC,2546,2410,2512,Maharashtra,Other
2026-07-06,Wheat,1,Dhule,Non-FAQ,Shirpur APMC,2580,2200,2541,Maharashtra,Other
2026-07-06,Wheat,1,Ahilyanagar,FAQ,Kopargaon APMC,2631,2587,2595,Maharashtra,Other
2026-07-06,Wheat,1,Chattrapati Sambhajinagar,Non-FAQ,Chattrapati Sambhajinagar APMC,2580,2350,2465,Maharashtra,Other
2026-07-06,Wheat,1,Jalgaon,Non-FAQ,Amalner APMC,2500,2400,2500,Maharashtra,Other
2026-07-06,Wheat,1,Buldhana,Non-FAQ,Deoulgaon Raja APMC,2553,2400,2500,Maharashtra,Other
2026-07-06,Wheat,1,Chattrapati Sambhajinagar,Non-FAQ,Agricultural Produce Market Committee Sillod,2500,2400,2450,Maharashtra,Other
2026-07-06,Wheat,1,Beed,FAQ,Gevrai APMC,2710,2710,2710,Maharashtra,Other
2026-07-06,Wheat,1,Nanded,Non-FAQ,Loha APMC,2501,2100,2251,Maharashtra,Other
2026-07-06,Wheat,1,Ahilyanagar,Non-FAQ,Karjat APMC,2500,2200,2400,Maharashtra,Other
2026-07-06,Wheat,1,Buldhana,Non-FAQ,Chikali APMC,2350,2000,2175,Maharashtra,Other
2026-07-06,Wheat,1,Beed,Non-FAQ,Kaij APMC,2370,2291,2351,Maharashtra,Other
2026-07-06,Wheat,1,Bhandara,Non-FAQ,Tumsar APMC,2446,2400,2440,Maharashtra,Other
2026-07-07,Wheat,1,Nashik,Non-FAQ,Nandgaon APMC,2560,2460,2535,Maharashtra,Maharashtra 2189
2026-07-07,Wheat,1,Nashik,Non-FAQ,Malegaon APMC,2583,2200,2564,Maharashtra,Other
2026-07-07,Wheat,1,Dhule,FAQ,Dondaicha APMC,2588,2585,2587,Maharashtra,Other
2026-07-07,Wheat,1,Ahilyanagar,Non-FAQ,Shevgaon(Bodhegaon) APMC,2500,2300,2300,Maharashtra,Maharashtra 2189
2026-07-07,Wheat,1,Akola,Non-FAQ,Akola APMC,2520,2280,2480,Maharashtra,Other
2026-07-07,Wheat,1,Washim,Non-FAQ,Mangrulpeer APMC,2525,2400,2445,Maharashtra,Other
2026-07-07,Wheat,1,Mumbai,FAQ,Mumbai APMC,5500,2800,4150,Maharashtra,Other
2026-07-07,Wheat,1,Ahilyanagar,FAQ,Rahuri(Vambori) APMC,2700,2700,2700,Maharashtra,Other
2026-07-07,Wheat,1,Beed,Non-FAQ,Beed APMC,2530,2300,2503,Maharashtra,Other
2026-07-07,Wheat,1,Chattrapati Sambhajinagar,Non-FAQ,Agricultural Produce Market Committee Sillod,2500,2350,2400,Maharashtra,Other
2026-07-07,Wheat,1,Yavatmal,Non-FAQ,Digras APMC,2535,2515,2520,Maharashtra,Other
2026-07-07,Wheat,1,Nagpur,Non-FAQ,Savner APMC,2465,2400,2440,Maharashtra,Other
2026-07-07,Wheat,1,Pune,FAQ,Shirur APMC,2650,2600,2600,Maharashtra,Other
2026-07-07,Wheat,1,Nashik,FAQ,Satana APMC,2699,2611,2620,Maharashtra,Other
2026-07-07,Wheat,1,Ahilyanagar,Non-FAQ,Rahata APMC,2470,2400,2435,Maharashtra,Other
2026-07-07,Wheat,1,Washim,Non-FAQ,Washim APMC,2500,2130,2300,Maharashtra,Maharashtra 2189
2026-07-07,Wheat,1,Ahilyanagar,Non-FAQ,Kopargaon APMC,2580,2550,2580,Maharashtra,Other
2026-07-07,Wheat,1,Solapur,Non-FAQ,Barshi APMC,2475,2475,2475,Maharashtra,Other
2026-07-07,Wheat,1,Chattrapati Sambhajinagar,Non-FAQ,Lasur Station APMC,2562,1600,2530,Maharashtra,Other
2026-07-07,Wheat,1,Amarawati,Non-FAQ,Amarawati APMC,2500,2300,2400,Maharashtra,Other
2026-07-07,Wheat,1,Chattrapati Sambhajinagar,Non-FAQ,Chattrapati Sambhajinagar APMC,2580,1900,2240,Maharashtra,Other
2026-07-07,Wheat,1,Jalgaon,Non-FAQ,Chalisgaon APMC,2371,2250,2300,Maharashtra,Other
2026-07-07,Wheat,1,Ahilyanagar,Non-FAQ,Ahilyanagar APMC,2550,2550,2550,Maharashtra,Other
2026-07-07,Wheat,1,Kolhapur,FAQ,Kolhapur(Laxmipuri) APMC,4000,2900,3400,Maharashtra,Other
2026-07-07,Wheat,1,Chattrapati Sambhajinagar,FAQ,Vaijpur APMC,2615,2600,2610,Maharashtra,Other
2026-07-07,Wheat,1,Dharashiv,Non-FAQ,Murum APMC,2300,2250,2272,Maharashtra,Bansi
2026-07-07,Wheat,1,Dhule,Non-FAQ,Dhule APMC,2575,2300,2450,Maharashtra,Other
2026-07-07,Wheat,1,Chattrapati Sambhajinagar,FAQ,Paithan APMC,2600,2600,2600,Maharashtra,Bansi
2026-07-07,Wheat,1,Yavatmal,Non-FAQ,Umarkhed APMC,2350,2200,2300,Maharashtra,Other
2026-07-07,Wheat,1,Palghar,FAQ,Kalyan APMC,3500,3000,3250,Maharashtra,Sharbati
2026-07-07,Wheat,1,Chattrapati Sambhajinagar,Non-FAQ,Vaijpur APMC,2580,2150,2550,Maharashtra,Other
2026-07-08,Wheat,1,Dhule,Non-FAQ,Dondaicha APMC,2231,2231,2231,Maharashtra,Other
2026-07-08,Wheat,1,Nagpur,Non-FAQ,Nagpur APMC,2532,2480,2519,Maharashtra,Other
2026-07-08,Wheat,1,Beed,Non-FAQ,Gevrai APMC,2575,2450,2500,Maharashtra,Other
2026-07-08,Wheat,1,Palghar,FAQ,Kalyan APMC,3500,3000,3250,Maharashtra,Sharbati
2026-07-08,Wheat,1,Buldhana,Local,"Bsk Krishi Bazar Private Limited, Mehkar, Dist Buldhana",2400,2320,2363,Maharashtra,Other
2026-07-08,Wheat,1,Jalna,FAQ,Jalana APMC,2626,2626,2626,Maharashtra,Other
2026-07-08,Wheat,1,Chattrapati Sambhajinagar,Non-FAQ,Lasur Station APMC,2536,2411,2475,Maharashtra,Other
2026-07-08,Wheat,1,Chattrapati Sambhajinagar,FAQ,Paithan APMC,2750,2750,2750,Maharashtra,Bansi
2026-07-08,Wheat,1,Amarawati,Non-FAQ,Amarawati APMC,2500,2350,2425,Maharashtra,Other
2026-07-08,Wheat,1,Jalna,Non-FAQ,Mantha APMC,2500,1925,2000,Maharashtra,Other
2026-07-08,Wheat,1,Buldhana,Non-FAQ,Khamgaon APMC,2450,2100,2275,Maharashtra,Other
2026-07-08,Wheat,1,Parbhani,Non-FAQ,Parbhani APMC,2500,2000,2350,Maharashtra,Other
2026-07-08,Wheat,1,Hingoli,Non-FAQ,Hingoli APMC,2450,1980,2215,Maharashtra,Sharbati
2026-07-08,Wheat,1,Dharashiv,FAQ,Kalamb (Dharashiv) APMC,2841,2841,2841,Maharashtra,Maharashtra 2189
2026-07-08,Wheat,1,Latur,FAQ,Ahmedpur APMC,2600,2585,2592,Maharashtra,Other
2026-07-08,Wheat,1,Yavatmal,Non-FAQ,Yavatmal APMC,2480,2400,2440,Maharashtra,Other
2026-07-08,Wheat,1,Wardha,Non-FAQ,Hinganghat APMC,2500,2000,2300,Maharashtra,Other
2026-07-08,Wheat,1,Nashik,Non-FAQ,Yeola APMC,2571,2571,2571,Maharashtra,Maharashtra 2189
2026-07-08,Wheat,1,Akola,Non-FAQ,Murtizapur APMC,2505,2000,2255,Maharashtra,Other
2026-07-08,Wheat,1,Nandurbar,Non-FAQ,APMC Nandurbar,2500,2330,2425,Maharashtra,Other
2026-07-08,Wheat,1,Nanded,Non-FAQ,Loha APMC,2340,2000,2325,Maharashtra,Other
2026-07-08,Wheat,1,Nashik,FAQ,Satana APMC,2800,2800,2800,Maharashtra,Other
2026-07-08,Wheat,1,Latur,Non-FAQ,Latur(Murud) APMC,2251,2151,2200,Maharashtra,Maharashtra 2189
2026-07-08,Wheat,1,Wardha,Non-FAQ,APMC SINDI BRANCH SELOO,2485,2200,2370,Maharashtra,Other
2026-07-09,Wheat,1,Solapur,FAQ,SHRI.SIDDHESHWAR  APMC,4070,2615,3600,Maharashtra,Sharbati
2026-07-09,Wheat,1,Parbhani,FAQ,Gangakhed APMC,2800,2700,2700,Maharashtra,Other
2026-07-09,Wheat,1,Beed,Non-FAQ,Gevrai APMC,2524,2450,2500,Maharashtra,Other
2026-07-09,Wheat,1,Beed,FAQ,Gevrai APMC,2599,2599,2599,Maharashtra,Other
2026-07-09,Wheat,1,Wardha,Non-FAQ,Wardha APMC,2575,2530,2550,Maharashtra,Other
2026-07-09,Wheat,1,Jalna,FAQ,Jalana APMC,2700,2700,2700,Maharashtra,Other
2026-07-09,Wheat,1,Solapur,Non-FAQ,Barshi(Vairag) APMC,2501,2427,2470,Maharashtra,Other
2026-07-09,Wheat,1,Nashik,FAQ,Satana APMC,3000,2770,2800,Maharashtra,Other
2026-07-09,Wheat,1,Nashik,Non-FAQ,Devala APMC,2535,2495,2515,Maharashtra,Maharashtra 2189
2026-07-09,Wheat,1,Yavatmal,Non-FAQ,Vani APMC,2380,2370,2375,Maharashtra,Other
2026-07-09,Wheat,1,Jalgaon,Non-FAQ,Chalisgaon APMC,2455,2339,2355,Maharashtra,Other
2026-07-09,Wheat,1,Latur,Non-FAQ,Aurad Shahajani APMC,2400,2391,2395,Maharashtra,Maharashtra 2189
2026-07-09,Wheat,1,Ahilyanagar,Non-FAQ,Shevgaon(Bodhegaon) APMC,2500,2400,2400,Maharashtra,Maharashtra 2189
2026-07-09,Wheat,1,Dhule,Non-FAQ,Dondaicha (Sindhkheda) APMC,2000,2000,2000,Maharashtra,Other
2026-07-09,Wheat,1,Pune,FAQ,Shirur APMC,2600,2600,2600,Maharashtra,Other
2026-07-09,Wheat,1,Nashik,Non-FAQ,Nandgaon APMC,2584,2520,2550,Maharashtra,Maharashtra 2189
2026-07-09,Wheat,1,Jalgaon,Non-FAQ,Jalgaon APMC,2550,2550,2550,Maharashtra,147 Average
2026-07-09,Wheat,1,Buldhana,Non-FAQ,Sangrampur(Varvatbakal) APMC,2450,2300,2400,Maharashtra,Other
2026-07-09,Wheat,1,Wardha,Non-FAQ,Sindi(Selu) APMC,2480,2250,2350,Maharashtra,Other
2026-07-09,Wheat,1,Latur,Non-FAQ,Ahmedpur APMC,2461,2370,2440,Maharashtra,Other
2026-07-09,Wheat,1,Nagpur,Non-FAQ,Umared APMC,2450,2300,2400,Maharashtra,Other
2026-07-09,Wheat,1,Wardha,Non-FAQ,Ashti(Karanja) APMC,2470,2100,2250,Maharashtra,Other
2026-07-09,Wheat,1,Ahilyanagar,Non-FAQ,Shrirampur(Belapur) APMC,2200,2100,2150,Maharashtra,Other
2026-07-09,Wheat,1,Ahilyanagar,Non-FAQ,Jamkhed APMC,2500,2200,2350,Maharashtra,Other
2026-07-09,Wheat,1,Washim,Non-FAQ,Karanja APMC,2530,2450,2500,Maharashtra,Other
2026-07-10,Wheat,1,Washim,Non-FAQ,Washim(Ansing) APMC,2400,2250,2350,Maharashtra,Maharashtra 2189
2026-07-10,Wheat,1,Buldhana,Non-FAQ,Krushi Utpanna Bazar Samiti Shegaon,2375,2225,2320,Maharashtra,Other
2026-07-10,Wheat,1,Jalgaon,Non-FAQ,APMC CHOPADA,2522,2475,2491,Maharashtra,Other
2026-07-10,Wheat,1,Ahilyanagar,Non-FAQ,Shevgaon(Bodhegaon) APMC,2500,2400,2400,Maharashtra,Maharashtra 2189
2026-07-10,Wheat,1,Ahilyanagar,Non-FAQ,Karjat(Rashin) APMC,2500,2200,2300,Maharashtra,Other
2026-07-10,Wheat,1,Pune,Non-FAQ,Shirur APMC,2500,2200,2450,Maharashtra,Other
2026-07-10,Wheat,1,Beed,Non-FAQ,Parali Vaijyanath APMC,2300,2200,2200,Maharashtra,Other
2026-07-10,Wheat,1,Nanded,Non-FAQ,Nanded APMC,2575,2300,2435,Maharashtra,Sharbati
2026-07-10,Wheat,1,Nagpur,FAQ,Nagpur APMC,3500,3200,3425,Maharashtra,Sharbati
2026-07-10,Wheat,1,Nagpur,Non-FAQ,Savner APMC,2480,2411,2450,Maharashtra,Other
2026-07-10,Wheat,1,Nashik,FAQ,Sinner APMC,2620,2585,2590,Maharashtra,Other
2026-07-10,Wheat,1,Kolhapur,FAQ,Kolhapur(Laxmipuri) APMC,4100,2900,3500,Maharashtra,Other
2026-07-10,Wheat,1,Solapur,FAQ,Karmala APMC,2601,2601,2601,Maharashtra,Other
2026-07-10,Wheat,1,Wardha,Non-FAQ,Wardha APMC,2565,2480,2525,Maharashtra,Other
2026-07-10,Wheat,1,Amarawati,Non-FAQ,Nandgaon Khandeshwar APMC,2445,2265,2310,Maharashtra,Other
2026-07-10,Wheat,1,Nashik,FAQ,Yeola APMC,2676,2590,2600,Maharashtra,Maharashtra 2189
2026-07-11,Wheat,1,Solapur,FAQ,SHRI.SIDDHESHWAR  APMC,4080,2610,3610,Maharashtra,Sharbati
2026-07-11,Wheat,1,Satara,FAQ,Vaduj APMC,3000,2600,2800,Maharashtra,Maharashtra 2189
2026-07-11,Wheat,1,Nagpur,FAQ,Nagpur APMC,3300,3200,3275,Maharashtra,Sharbati
2026-07-11,Wheat,1,Yavatmal,Local,KISAN MARKET YARD,2505,2300,2478,Maharashtra,Other
2026-07-11,Wheat,1,Latur,Non-FAQ,Aurad Shahajani APMC,2550,2351,2450,Maharashtra,Maharashtra 2189
2026-07-12,Wheat,1,Chattrapati Sambhajinagar,Non-FAQ,Agricultural Produce Market Committee Sillod,2500,2350,2400,Maharashtra,Other
2026-07-12,Wheat,1,Dharashiv,Non-FAQ,Bhoom APMC,2300,1800,2200,Maharashtra,Other
2026-07-12,Wheat,1,Beed,Non-FAQ,Kada APMC,2450,2150,2300,Maharashtra,Other
2026-07-13,Wheat,1,Solapur,FAQ,Dudhani APMC,2700,2700,2700,Maharashtra,Maharashtra 2189
2026-07-13,Wheat,1,Yavatmal,Non-FAQ,Yavatmal APMC,2485,2405,2445,Maharashtra,Other
2026-07-13,Wheat,1,Nandurbar,FAQ,APMC Nandurbar,2651,2651,2651,Maharashtra,Other
2026-07-13,Wheat,1,Nashik,Non-FAQ,Nandgaon APMC,2584,2400,2550,Maharashtra,Maharashtra 2189
2026-07-13,Wheat,1,Latur,Non-FAQ,Ahmedpur APMC,2500,2400,2453,Maharashtra,Other
2026-07-13,Wheat,1,Jalgaon,Non-FAQ,Chalisgaon APMC,2500,2100,2300,Maharashtra,Other
2026-07-13,Wheat,1,Bhandara,Non-FAQ,Bhandara APMC,2300,2300,2300,Maharashtra,Maharashtra 2189
2026-07-13,Wheat,1,Amarawati,Non-FAQ,Nandgaon Khandeshwar APMC,2450,2260,2355,Maharashtra,Other
2026-07-13,Wheat,1,Dharashiv,Non-FAQ,Paranda APMC,2300,2300,2300,Maharashtra,Other
2026-07-13,Wheat,1,Ahilyanagar,Non-FAQ,Jamkhed APMC,2500,2300,2400,Maharashtra,Other
2026-07-13,Wheat,1,Amarawati,Non-FAQ,Daryapur APMC,2300,2000,2250,Maharashtra,Other
2026-07-13,Wheat,1,Palghar,FAQ,Palghar APMC,3300,3300,3300,Maharashtra,Other
2026-07-13,Wheat,1,Solapur,Non-FAQ,Barshi APMC,2475,2475,2475,Maharashtra,Other
2026-07-13,Wheat,1,Yavatmal,Local,"Mahesh Krushi Utpanna Bazar, Digras, Dist Yeotmal",2550,2425,2472,Maharashtra,Other
2026-07-13,Wheat,1,Solapur,FAQ,Mangal Wedha APMC,3000,2700,2950,Maharashtra,Other
2026-07-13,Wheat,1,Jalgaon,Non-FAQ,Amalner APMC,2550,2492,2550,Maharashtra,Other
2026-07-14,Wheat,1,Nashik,Non-FAQ,Satana APMC,2200,2200,2200,Maharashtra,Other
2026-07-14,Wheat,1,Palghar,FAQ,Kalyan APMC,3500,3000,3250,Maharashtra,Sharbati
2026-07-14,Wheat,1,Jalgaon,Non-FAQ,APMC PACHORA,2515,2200,2311,Maharashtra,Other
2026-07-14,Wheat,1,Wardha,Non-FAQ,Wardha APMC,2575,2510,2550,Maharashtra,Other
2026-07-14,Wheat,1,Ahilyanagar,Non-FAQ,Ahilyanagar APMC,2550,2550,2550,Maharashtra,Other
2026-07-14,Wheat,1,Akola,Non-FAQ,Akola APMC,2500,2340,2460,Maharashtra,Other
2026-07-14,Wheat,1,Solapur,FAQ,Karmala APMC,2611,2601,2611,Maharashtra,Other
2026-07-14,Wheat,1,Ahilyanagar,Non-FAQ,Shevgaon(Bodhegaon) APMC,2500,2400,2400,Maharashtra,Maharashtra 2189
2026-07-14,Wheat,1,Nashik,Non-FAQ,Lasalgaon APMC,2580,1800,2561,Maharashtra,Maharashtra 2189
2026-07-14,Wheat,1,Amarawati,Non-FAQ,Agricultural Produce Market Committee Nandgaon Khandeshwar,2425,2375,2400,Maharashtra,Other
2026-07-14,Wheat,1,Dhule,Non-FAQ,Shirpur APMC,2567,2300,2500,Maharashtra,Other
2026-07-14,Wheat,1,Buldhana,Non-FAQ,Khamgaon APMC,2475,2300,2388,Maharashtra,Other
2026-07-14,Wheat,1,Nashik,Non-FAQ,Manmad APMC,2580,2220,2513,Maharashtra,Other
2026-07-14,Wheat,1,Dharashiv,Non-FAQ,Tuljapur APMC,2500,2200,2400,Maharashtra,Other
2026-07-14,Wheat,1,Nashik,Non-FAQ,Nandgaon APMC,2584,2490,2550,Maharashtra,Maharashtra 2189
2026-07-14,Wheat,1,Pune,FAQ,Shirur APMC,2600,2600,2600,Maharashtra,Other
2026-07-15,Wheat,1,Nandurbar,Non-FAQ,APMC Nandurbar,2539,2000,2300,Maharashtra,Other
2026-07-15,Wheat,1,Beed,Non-FAQ,Kada APMC,2450,2150,2350,Maharashtra,Other
2026-07-15,Wheat,1,Yavatmal,Non-FAQ,Vani APMC,2385,2385,2385,Maharashtra,Other
2026-07-15,Wheat,1,Solapur,Non-FAQ,Barshi(Vairag) APMC,2525,2525,2525,Maharashtra,Other
2026-07-15,Wheat,1,Nashik,Non-FAQ,Sinner APMC,2565,1500,2550,Maharashtra,Other
2026-07-15,Wheat,1,Yavatmal,Local,"Mahesh Krushi Utpanna Bazar, Digras, Dist Yeotmal",2450,2400,2430,Maharashtra,Other
2026-07-15,Wheat,1,Palghar,FAQ,Kalyan APMC,3500,2800,3150,Maharashtra,Sharbati
2026-07-15,Wheat,1,Latur,FAQ,Ahmedpur APMC,2600,2585,2592,Maharashtra,Other
2026-07-15,Wheat,1,Nashik,FAQ,Yeola APMC,2659,2592,2602,Maharashtra,Maharashtra 2189
2026-07-15,Wheat,1,Nashik,FAQ,Lasalgaon(Niphad) APMC,2661,2586,2610,Maharashtra,Maharashtra 2189
2026-07-15,Wheat,1,Ahilyanagar,Non-FAQ,Rahuri APMC,2500,2300,2400,Maharashtra,Other
2026-07-15,Wheat,1,Chattrapati Sambhajinagar,Non-FAQ,Kannad APMC,2580,2400,2500,Maharashtra,Other
2026-07-15,Wheat,1,Buldhana,Non-FAQ,Lonar APMC,2424,2300,2362,Maharashtra,Other
2026-07-15,Wheat,1,Ahilyanagar,Non-FAQ,Shevgaon(Bodhegaon) APMC,2500,2300,2300,Maharashtra,Maharashtra 2189
2026-07-15,Wheat,1,Beed,Non-FAQ,Kaij APMC,2475,2370,2400,Maharashtra,Other
2026-07-15,Wheat,1,Solapur,FAQ,SHRI.SIDDHESHWAR  APMC,4095,2615,3625,Maharashtra,Sharbati
2026-07-15,Wheat,1,Washim,Non-FAQ,Mangrulpeer APMC,2565,2500,2550,Maharashtra,Other
2026-07-15,Wheat,1,Wardha,Non-FAQ,Wardha APMC,2575,2400,2550,Maharashtra,Other
2026-07-15,Wheat,1,Jalgaon,Non-FAQ,APMC CHOPADA,2495,2461,2461,Maharashtra,Other
2026-07-15,Wheat,1,Dhule,Non-FAQ,Dondaicha APMC,2581,2251,2575,Maharashtra,Other
2026-07-15,Wheat,1,Wardha,FAQ,Wardha APMC,2590,2590,2590,Maharashtra,Other
2026-07-15,Wheat,1,Amarawati,Non-FAQ,Achalpur APMC,2500,2400,2450,Maharashtra,Other
2026-07-15,Wheat,1,Jalgaon,Non-FAQ,APMC PACHORA,2531,2190,2351,Maharashtra,Other
2026-07-15,Wheat,1,Sangli,FAQ,Tasgaon APMC,3600,2960,3380,Maharashtra,Other
2026-07-15,Wheat,1,Nanded,Non-FAQ,Bhokar APMC,2230,2230,2230,Maharashtra,Other
2026-07-15,Wheat,1,Nashik,Non-FAQ,Satana APMC,2551,1850,2350,Maharashtra,Other
2026-07-15,Wheat,1,Jalgaon,Non-FAQ,Chalisgaon APMC,2417,2396,2400,Maharashtra,Other
2026-07-15,Wheat,1,Nagpur,Non-FAQ,Agriculture Produce Market Committee Katol,2471,2457,2462,Maharashtra,Other
2026-07-15,Wheat,1,Buldhana,Non-FAQ,Buldhana APMC,2400,2000,2200,Maharashtra,Other
2026-07-15,Wheat,1,Amarawati,Non-FAQ,Chandur Bazar APMC,2500,2359,2413,Maharashtra,Other
2026-07-15,Wheat,1,Beed,Non-FAQ,Gevrai APMC,2500,2350,2400,Maharashtra,Other
2026-07-15,Wheat,1,Solapur,Non-FAQ,Karmala APMC,2576,2300,2495,Maharashtra,Other
2026-07-15,Wheat,1,Wardha,Non-FAQ,Hinganghat APMC,2525,2200,2300,Maharashtra,Other
2026-07-15,Wheat,1,Solapur,FAQ,Karmala APMC,2651,2596,2600,Maharashtra,Other
2026-07-15,Wheat,1,Akola,FAQ,Akot APMC,2665,2600,2600,Maharashtra,147 Average
2026-07-16,Wheat,1,Nashik,FAQ,Lasalgaon(Niphad) APMC,2666,2587,2600,Maharashtra,Maharashtra 2189
2026-07-16,Wheat,1,Washim,Non-FAQ,Washim APMC,2485,2240,2350,Maharashtra,Maharashtra 2189
2026-07-16,Wheat,1,Washim,Non-FAQ,Washim(Ansing) APMC,2500,2400,2450,Maharashtra,Maharashtra 2189
2026-07-16,Wheat,1,Buldhana,Non-FAQ,Deoulgaon Raja APMC,2463,2417,2450,Maharashtra,Other
2026-07-16,Wheat,1,Palghar,FAQ,Palghar APMC,3201,3201,3201,Maharashtra,Other
2026-07-16,Wheat,1,Yavatmal,Non-FAQ,Yavatmal APMC,2500,2455,2478,Maharashtra,Other
2026-07-16,Wheat,1,Amarawati,Non-FAQ,Achalpur APMC,2500,2350,2425,Maharashtra,Other
2026-07-16,Wheat,1,Beed,FAQ,Majalgaon APMC,2651,2597,2618,Maharashtra,Other
2026-07-16,Wheat,1,Washim,Non-FAQ,Karanja APMC,2550,2485,2515,Maharashtra,Other
2026-07-16,Wheat,1,Yavatmal,Non-FAQ,Digras APMC,2520,2500,2500,Maharashtra,Other
2026-07-16,Wheat,1,Amarawati,Non-FAQ,Amarawati APMC,2500,2350,2425,Maharashtra,Other
2026-07-16,Wheat,1,Nagpur,Non-FAQ,Nagpur APMC,2562,2450,2534,Maharashtra,Other
2026-07-16,Wheat,1,Parbhani,Non-FAQ,Parbhani APMC,2400,1800,2350,Maharashtra,Other
2026-07-16,Wheat,1,Buldhana,Non-FAQ,Mehekar APMC,2300,2000,2200,Maharashtra,Other
2026-07-16,Wheat,1,Chattrapati Sambhajinagar,FAQ,Paithan APMC,2600,2600,2600,Maharashtra,Bansi
2026-07-16,Wheat,1,Nashik,Non-FAQ,Lasalgaon APMC,2580,2251,2580,Maharashtra,Maharashtra 2189
2026-07-16,Wheat,1,Ahilyanagar,FAQ,Kopargaon APMC,2631,2585,2591,Maharashtra,Other
2026-07-16,Wheat,1,Wardha,Non-FAQ,Sindi(Selu) APMC,2500,2370,2450,Maharashtra,Other
2026-07-16,Wheat,1,Jalna,Non-FAQ,Jalana APMC,2550,2515,2550,Maharashtra,Other
2026-07-16,Wheat,1,Parbhani,Non-FAQ,Pathari APMC,2300,2200,2200,Maharashtra,Other
2026-07-16,Wheat,1,Buldhana,Non-FAQ,Krushi Utpanna Bazar Samiti Shegaon,2400,2325,2360,Maharashtra,Other
2026-07-16,Wheat,1,Nagpur,Non-FAQ,Agriculture Produce Market Committee Katol,2470,2430,2450,Maharashtra,Other
2026-07-16,Wheat,1,Solapur,FAQ,Karmala APMC,2625,2600,2601,Maharashtra,Other
2026-07-16,Wheat,1,Buldhana,Non-FAQ,Buldhana(Dhad) APMC,2400,2000,2200,Maharashtra,Other
2026-07-16,Wheat,1,Nagpur,FAQ,Umared APMC,3200,2600,2800,Maharashtra,Other
2026-07-16,Wheat,1,Amarawati,Non-FAQ,Agricultural Produce Market Committee Nandgaon Khandeshwar,2460,2270,2365,Maharashtra,Other
2026-07-16,Wheat,1,Nashik,Non-FAQ,Manmad APMC,2580,2501,2530,Maharashtra,Other
2026-07-16,Wheat,1,Wardha,Non-FAQ,Wardha APMC,2580,2490,2550,Maharashtra,Other
2026-07-16,Wheat,1,Pune,Non-FAQ,Dound APMC,2550,2300,2500,Maharashtra,Maharashtra 2189
2026-07-16,Wheat,1,Ahilyanagar,FAQ,Rahuri(Vambori) APMC,2721,2721,2721,Maharashtra,Other
2026-07-17,Wheat,1,Nashik,Non-FAQ,Lasalgaon(Niphad) APMC,2570,2448,2511,Maharashtra,Maharashtra 2189
2026-07-17,Wheat,1,Palghar,FAQ,Kalyan APMC,3500,2800,3150,Maharashtra,Sharbati
2026-07-17,Wheat,1,Dharashiv,Non-FAQ,Kalamb (Dharashiv) APMC,2581,2300,2450,Maharashtra,Maharashtra 2189
2026-07-17,Wheat,1,Dharashiv,FAQ,Agriculture Produce Market Committee Umarga,2750,2750,2750,Maharashtra,Maharashtra 2189
2026-07-17,Wheat,1,Nashik,FAQ,Lasalgaon APMC,2816,2585,2600,Maharashtra,Maharashtra 2189
2026-07-17,Wheat,1,Solapur,FAQ,Dudhani APMC,2840,2655,2750,Maharashtra,Maharashtra 2189
2026-07-17,Wheat,1,Yavatmal,Local,"Shekari Krushi Khajgi Bazar, Arni, Dist Yavatmal",2441,2340,2400,Maharashtra,Other
2026-07-17,Wheat,1,Chattrapati Sambhajinagar,FAQ,Vaijpur APMC,2640,2585,2600,Maharashtra,Other
2026-07-17,Wheat,1,Dharashiv,Non-FAQ,Murum APMC,2500,2371,2414,Maharashtra,Bansi
2026-07-17,Wheat,1,Buldhana,FAQ,Deoulgaon Raja APMC,2600,2600,2600,Maharashtra,Other
2026-07-17,Wheat,1,Chattrapati Sambhajinagar,FAQ,Kannad APMC,2630,2585,2600,Maharashtra,Other
2026-07-17,Wheat,1,Nanded,Non-FAQ,Kandhar APMC,2400,1900,2350,Maharashtra,Other
2026-07-17,Wheat,1,Nashik,Non-FAQ,Devala APMC,2570,2535,2550,Maharashtra,Maharashtra 2189
2026-07-17,Wheat,1,Amarawati,Non-FAQ,Agricultural Produce Market Committee Nandgaon Khandeshwar,2425,2275,2350,Maharashtra,Other
2026-07-17,Wheat,1,Chattrapati Sambhajinagar,Non-FAQ,Gangapur APMC,2565,2451,2565,Maharashtra,Other
2026-07-17,Wheat,1,Buldhana,Non-FAQ,Chikali APMC,2300,2000,2150,Maharashtra,Other
2026-07-17,Wheat,1,Solapur,FAQ,Karmala APMC,2700,2600,2650,Maharashtra,Other
2026-07-17,Wheat,1,Nashik,FAQ,Satana APMC,2886,2700,2795,Maharashtra,Other
2026-07-17,Wheat,1,Yavatmal,Non-FAQ,Yavatmal APMC,2525,2525,2525,Maharashtra,Other
2026-07-17,Wheat,1,Wardha,Non-FAQ,APMC SINDI BRANCH SELOO,2475,2370,2400,Maharashtra,Other
2026-07-17,Wheat,1,Ahilyanagar,Non-FAQ,Jamkhed APMC,2500,2200,2350,Maharashtra,Other
2026-07-17,Wheat,1,Wardha,Non-FAQ,Sindi APMC,2450,2100,2350,Maharashtra,Other
2026-07-17,Wheat,1,Chattrapati Sambhajinagar,Non-FAQ,Chattrapati Sambhajinagar APMC,2580,2466,2523,Maharashtra,Other
2026-07-17,Wheat,1,Buldhana,Non-FAQ,Lonar APMC,2424,2350,2387,Maharashtra,Other
2026-07-17,Wheat,1,Nashik,FAQ,Lasalgaon(Vinchur) APMC,2700,2585,2625,Maharashtra,Other
2026-07-17,Wheat,1,Washim,Non-FAQ,Mangrulpeer APMC,2570,2400,2425,Maharashtra,Other
2026-07-17,Wheat,1,Latur,FAQ,Ahmedpur APMC,2650,2585,2617,Maharashtra,Other
2026-07-17,Wheat,1,Jalgaon,Non-FAQ,Amalner APMC,2571,2525,2571,Maharashtra,Other
2026-07-17,Wheat,1,Buldhana,Non-FAQ,Nandura APMC,2501,2358,2501,Maharashtra,Other
2026-07-18,Wheat,1,Palghar,FAQ,Palghar APMC,3350,3350,3350,Maharashtra,Other
2026-07-18,Wheat,1,Nagpur,Non-FAQ,Umared APMC,2500,2300,2400,Maharashtra,Other
2026-07-18,Wheat,1,Solapur,Non-FAQ,Barshi APMC,2550,2500,2500,Maharashtra,Other
2026-07-18,Wheat,1,Nagpur,FAQ,Umared APMC,3200,2600,2800,Maharashtra,Other
2026-07-18,Wheat,1,Buldhana,Non-FAQ,Deoulgaon Raja APMC,2500,2000,2500,Maharashtra,Other
2026-07-18,Wheat,1,Amarawati,Non-FAQ,Chandur Railway APMC,2350,2350,2350,Maharashtra,Other
2026-07-18,Wheat,1,Nagpur,FAQ,Nagpur APMC,3500,3200,3425,Maharashtra,Sharbati
2026-07-18,Wheat,1,Dharashiv,Non-FAQ,Tuljapur APMC,2500,2200,2400,Maharashtra,Other
2026-07-18,Wheat,1,Washim,Non-FAQ,Washim(Ansing) APMC,2550,2350,2450,Maharashtra,Maharashtra 2189
2026-07-18,Wheat,1,Nanded,Non-FAQ,Loha APMC,2360,2100,2350,Maharashtra,Other
2026-07-18,Wheat,1,Bhandara,Non-FAQ,Tumsar APMC,2475,2465,2471,Maharashtra,Other
2026-07-18,Wheat,1,Ahilyanagar,Non-FAQ,Rahuri APMC,2525,2200,2350,Maharashtra,Other
2026-07-18,Wheat,1,Nashik,Non-FAQ,Malegaon APMC,2583,2150,2575,Maharashtra,Other
2026-07-19,Wheat,1,Nagpur,Non-FAQ,Agriculture Produce Market Committee Katol,2475,2450,2460,Maharashtra,Other
2026-07-20,Wheat,1,Jalna,Non-FAQ,Jalana APMC,2575,2500,2575,Maharashtra,147 Average
2026-07-20,Wheat,1,Buldhana,Local,"Bsk Krishi Bazar Private Limited, Mehkar, Dist Buldhana",2500,2300,2479,Maharashtra,Other
2026-07-20,Wheat,1,Chattrapati Sambhajinagar,FAQ,Gangapur APMC,2610,2585,2585,Maharashtra,Other
2026-07-20,Wheat,1,Palghar,FAQ,Kalyan APMC,3500,2800,3100,Maharashtra,Sharbati
2026-07-20,Wheat,1,Ahilyanagar,Non-FAQ,Shrirampur(Belapur) APMC,2300,2150,2200,Maharashtra,Other
2026-07-20,Wheat,1,Washim,Non-FAQ,Manora APMC,2565,2511,2538,Maharashtra,Other
2026-07-20,Wheat,1,Pune,Non-FAQ,Shirur APMC,2400,2400,2400,Maharashtra,Other
2026-07-20,Wheat,1,Hingoli,Non-FAQ,Hingoli APMC,2480,1951,2215,Maharashtra,Sharbati
2026-07-20,Wheat,1,Solapur,Non-FAQ,Akkalkot APMC,2300,2200,2300,Maharashtra,Other
2026-07-20,Wheat,1,Nagpur,Non-FAQ,Agriculture Produce Market Committee Katol,2515,2480,2500,Maharashtra,Other
2026-07-20,Wheat,1,Wardha,Non-FAQ,Ashti(Karanja) APMC,2430,2100,2250,Maharashtra,Other
2026-07-20,Wheat,1,Pune,FAQ,Baramati APMC,2750,2590,2700,Maharashtra,Maharashtra 2189
2026-07-20,Wheat,1,Pune,Non-FAQ,Baramati APMC,2580,2450,2550,Maharashtra,Maharashtra 2189
2026-07-20,Wheat,1,Dharashiv,Non-FAQ,Murum APMC,2361,2361,2361,Maharashtra,Bansi
2026-07-20,Wheat,1,Nashik,FAQ,Sinner APMC,2680,2585,2600,Maharashtra,Other
2026-07-21,Wheat,1,Ahilyanagar,FAQ,Rahuri(Vambori) APMC,2656,2597,2626,Maharashtra,Other
2026-07-21,Wheat,1,Mumbai,FAQ,Mumbai APMC,5500,2800,4150,Maharashtra,Other
2026-07-21,Wheat,1,Nanded,Non-FAQ,Kandhar APMC,2400,2000,2350,Maharashtra,Other
2026-07-21,Wheat,1,Pune,Non-FAQ,Shirur APMC,2500,2300,2500,Maharashtra,Other
2026-07-21,Wheat,1,Latur,Non-FAQ,Chakur APMC,2500,2500,2500,Maharashtra,Other
2026-07-21,Wheat,1,Dhule,FAQ,Dondaicha APMC,2648,2600,2642,Maharashtra,Other
2026-07-21,Wheat,1,Dhule,FAQ,Dhule APMC,2701,2586,2600,Maharashtra,Other
2026-07-21,Wheat,1,Ahilyanagar,Local,"Omchatinya Multi State Agro Purpose Co-Op Society, Dist Ahilyanagar",2100,2100,2100,Maharashtra,Other
2026-07-21,Wheat,1,Buldhana,Non-FAQ,Krushi Utpanna Bazar Samiti Shegaon,2350,2100,2305,Maharashtra,Other
2026-07-21,Wheat,1,Ahilyanagar,FAQ,Ahilyanagar APMC,2625,2625,2625,Maharashtra,Other
2026-07-21,Wheat,1,Chattrapati Sambhajinagar,Non-FAQ,Chattrapati Sambhajinagar APMC,2580,2400,2490,Maharashtra,Other
2026-07-21,Wheat,1,Chattrapati Sambhajinagar,Non-FAQ,Agricultural Produce Market Committee Sillod,2500,2400,2450,Maharashtra,Other
2026-07-21,Wheat,1,Dharashiv,Non-FAQ,Murum APMC,2371,2371,2371,Maharashtra,Bansi
2026-07-21,Wheat,1,Washim,FAQ,Karanja APMC,2600,2600,2600,Maharashtra,Other
2026-07-21,Wheat,1,Nagpur,Non-FAQ,Nagpur APMC,2584,2480,2558,Maharashtra,Other
2026-07-22,Wheat,1,Dharashiv,FAQ,Tuljapur APMC,2700,2590,2600,Maharashtra,Other
2026-07-22,Wheat,1,Chattrapati Sambhajinagar,Non-FAQ,Kannad APMC,2580,2300,2450,Maharashtra,Other
2026-07-22,Wheat,1,Nashik,Non-FAQ,Manmad APMC,2560,2560,2560,Maharashtra,Other
2026-07-22,Wheat,1,Washim,Local,"Krushna Krishi Bazar, Washim",2700,2300,2500,Maharashtra,Other
2026-07-22,Wheat,1,Chattrapati Sambhajinagar,FAQ,Gangapur APMC,2634,2600,2620,Maharashtra,Other
2026-07-22,Wheat,1,Jalna,Non-FAQ,Ambad (Vadigodri) APMC,2580,2100,2400,Maharashtra,Other
2026-07-22,Wheat,1,Jalgaon,Non-FAQ,Amalner APMC,2580,2400,2580,Maharashtra,Other
2026-07-22,Wheat,1,Nagpur,Non-FAQ,Agriculture Produce Market Committee Katol,2450,2450,2450,Maharashtra,Other
2026-07-22,Wheat,1,Dharashiv,Non-FAQ,Umarga APMC,2300,2300,2300,Maharashtra,Maharashtra 2189
2026-07-22,Wheat,1,Beed,Non-FAQ,Beed APMC,2500,2369,2477,Maharashtra,Other
2026-07-22,Wheat,1,Parbhani,Non-FAQ,Jintur APMC,2450,2450,2450,Maharashtra,Other
2026-07-22,Wheat,1,Pune,FAQ,Nira(Saswad) APMC,3200,2700,2950,Maharashtra,Other
2026-07-22,Wheat,1,Solapur,FAQ,SHRI.SIDDHESHWAR  APMC,4125,2615,3655,Maharashtra,Sharbati
2026-07-22,Wheat,1,Chattrapati Sambhajinagar,FAQ,Chattrapati Sambhajinagar APMC,3356,2600,2978,Maharashtra,Other
2026-07-23,Wheat,1,Wardha,FAQ,Wardha APMC,2625,2585,2600,Maharashtra,Other
2026-07-23,Wheat,1,Nagpur,Non-FAQ,Agriculture Produce Market Committee Katol,2535,2450,2500,Maharashtra,Other
2026-07-23,Wheat,1,Nashik,Non-FAQ,Manmad APMC,2570,2540,2550,Maharashtra,Other
2026-07-23,Wheat,1,Chattrapati Sambhajinagar,FAQ,Gangapur APMC,2665,2591,2647,Maharashtra,Other
2026-07-23,Wheat,1,Palghar,FAQ,Kalyan APMC,4000,3000,3500,Maharashtra,Sharbati
2026-07-23,Wheat,1,Jalna,FAQ,Jalana APMC,2761,2625,2761,Maharashtra,147 Average
2026-07-23,Wheat,1,Jalgaon,Non-FAQ,Amalner APMC,2582,2425,2582,Maharashtra,Other
2026-07-23,Wheat,1,Buldhana,Non-FAQ,Deoulgaon Raja APMC,2500,2299,2500,Maharashtra,Other
2026-07-23,Wheat,1,Nanded,Non-FAQ,Nanded APMC,2410,2390,2410,Maharashtra,Sharbati
2026-07-23,Wheat,1,Kolhapur,FAQ,Kolhapur(Laxmipuri) APMC,4200,2950,3575,Maharashtra,Other
2026-07-23,Wheat,1,Dhule,Non-FAQ,Dondaicha APMC,2581,2550,2581,Maharashtra,Other
2026-07-23,Wheat,1,Ahilyanagar,Non-FAQ,Karjat APMC,2500,2200,2300,Maharashtra,Other
2026-07-23,Wheat,1,Chattrapati Sambhajinagar,Non-FAQ,Kannad APMC,2580,2550,2575,Maharashtra,Other
2026-07-23,Wheat,1,Palghar,FAQ,Ulhasnagar APMC,3500,3000,3250,Maharashtra,Other
2026-07-23,Wheat,1,Amarawati,Non-FAQ,Dhamngaon-Railway APMC,2530,2400,2500,Maharashtra,Other
2026-07-24,Wheat,1,Wardha,Non-FAQ,APMC SINDI BRANCH SELOO,2584,2450,2525,Maharashtra,Other
2026-07-24,Wheat,1,Buldhana,Non-FAQ,Chikali APMC,2450,2050,2250,Maharashtra,Other
2026-07-24,Wheat,1,Yavatmal,Non-FAQ,Babhulgaon APMC,2545,2425,2500,Maharashtra,Other
2026-07-24,Wheat,1,Wardha,Non-FAQ,Ashti(Karanja) APMC,2515,2300,2400,Maharashtra,Other
2026-07-24,Wheat,1,Palghar,FAQ,Ulhasnagar APMC,3600,3000,3300,Maharashtra,Other
2026-07-24,Wheat,1,Yavatmal,FAQ,Yavatmal APMC,2620,2620,2620,Maharashtra,Other
2026-07-24,Wheat,1,Amarawati,Non-FAQ,Achalpur APMC,2550,2400,2475,Maharashtra,Other
2026-07-24,Wheat,1,Nagpur,Non-FAQ,Agriculture Produce Market Committee Katol,2536,2470,2500,Maharashtra,Other
2026-07-24,Wheat,1,Amarawati,Non-FAQ,Daryapur APMC,2302,2000,2250,Maharashtra,Other
2026-07-24,Wheat,1,Jalna,Non-FAQ,Jafrabad APMC,2400,2200,2300,Maharashtra,Other
2026-07-24,Wheat,1,Beed,Non-FAQ,Patoda APMC,2500,2200,2400,Maharashtra,Other
2026-07-24,Wheat,1,Dharashiv,Non-FAQ,Paranda APMC,2350,2350,2350,Maharashtra,Other
2026-07-24,Wheat,1,Buldhana,FAQ,Malkapur APMC,2605,2605,2605,Maharashtra,Other
2026-07-24,Wheat,1,Jalna,FAQ,Jalana APMC,2725,2630,2725,Maharashtra,147 Average
2026-07-24,Wheat,1,Nanded,Non-FAQ,Loha APMC,2425,2351,2375,Maharashtra,Other
2026-07-24,Wheat,1,Chattrapati Sambhajinagar,FAQ,Lasur Station APMC,2700,2650,2675,Maharashtra,Other
2026-07-25,Wheat,1,Solapur,FAQ,SHRI.SIDDHESHWAR  APMC,4140,2620,3675,Maharashtra,Sharbati
2026-07-25,Wheat,1,Yavatmal,Non-FAQ,Babhulgaon APMC,2550,2451,2501,Maharashtra,Other
2026-07-26,Wheat,1,Ahilyanagar,Non-FAQ,Rahuri APMC,2550,2400,2475,Maharashtra,Other
2026-07-26,Wheat,1,Nanded,Non-FAQ,Kandhar APMC,2400,1900,2320,Maharashtra,Other
2026-07-27,Wheat,1,Jalgaon,Non-FAQ,APMC PACHORA,2400,2251,2351,Maharashtra,Other
2026-07-27,Wheat,1,Buldhana,Non-FAQ,Malkapur APMC,2530,2450,2500,Maharashtra,Other
2026-07-27,Wheat,1,Nandurbar,Non-FAQ,APMC Nandurbar,2450,2450,2450,Maharashtra,Other
2026-07-27,Wheat,1,Bhandara,Non-FAQ,Tumsar APMC,2551,2551,2551,Maharashtra,Other
2026-07-27,Wheat,1,Beed,Non-FAQ,Kille Dharur APMC,2566,2425,2500,Maharashtra,Other
2026-07-27,Wheat,1,Ahilyanagar,Local,"Omchatinya Multi State Agro Purpose Co-Op Society, Dist Ahilyanagar",2500,2500,2500,Maharashtra,Other
2026-07-27,Wheat,1,Nanded,Non-FAQ,Bhokar APMC,2350,2250,2300,Maharashtra,Other
2026-07-27,Wheat,1,Akola,FAQ,Akot APMC,2600,2600,2600,Maharashtra,147 Average
2026-07-27,Wheat,1,Amarawati,Non-FAQ,Nandgaon Khandeshwar APMC,2560,2340,2450,Maharashtra,Other
2026-07-27,Wheat,1,Dharashiv,FAQ,Umarga APMC,2800,2701,2701,Maharashtra,Maharashtra 2189
2026-07-27,Wheat,1,Washim,Local,"Krushna Krishi Bazar, Washim",2700,2300,2593,Maharashtra,Other
2026-07-27,Wheat,1,Amarawati,Non-FAQ,Dharni APMC,2300,2200,2250,Maharashtra,Other
2026-07-27,Wheat,1,Latur,FAQ,Ahmedpur APMC,2600,2585,2592,Maharashtra,Other
2026-07-27,Wheat,1,Nashik,FAQ,Satana APMC,2890,2651,2715,Maharashtra,Other
2026-07-27,Wheat,1,Chattrapati Sambhajinagar,FAQ,Chattrapati Sambhajinagar APMC,2775,2609,2692,Maharashtra,Other
2026-07-27,Wheat,1,Wardha,FAQ,Hinganghat APMC,2595,2585,2590,Maharashtra,Other
2026-07-27,Wheat,1,Nashik,Non-FAQ,Satana APMC,2225,2225,2225,Maharashtra,Other
2026-07-27,Wheat,1,Wardha,Non-FAQ,Ashti(Karanja) APMC,2525,2300,2400,Maharashtra,Other
2026-07-27,Wheat,1,Nagpur,Non-FAQ,Agriculture Produce Market Committee Katol,2531,2531,2531,Maharashtra,Other
2026-07-27,Wheat,1,Beed,Non-FAQ,Gevrai APMC,2550,2550,2550,Maharashtra,Other
2026-07-27,Wheat,1,Hingoli,Non-FAQ,Hingoli APMC,2500,2045,2272,Maharashtra,Sharbati
2026-07-27,Wheat,1,Dharashiv,Non-FAQ,Tuljapur APMC,2580,2400,2500,Maharashtra,Other
2026-07-27,Wheat,1,Yavatmal,FAQ,Digras APMC,2640,2585,2595,Maharashtra,Other
2026-07-27,Wheat,1,Buldhana,FAQ,Deoulgaon Raja APMC,2751,2751,2751,Maharashtra,Other
2026-07-27,Wheat,1,Parbhani,Non-FAQ,Pathari APMC,2575,2000,2400,Maharashtra,Other
2026-07-27,Wheat,1,Palghar,FAQ,Ulhasnagar APMC,3500,3000,3250,Maharashtra,Other
2026-07-28,Wheat,1,Beed,FAQ,Majalgaon APMC,2650,2591,2611,Maharashtra,Other
2026-07-28,Wheat,1,Ahilyanagar,Non-FAQ,Karjat APMC,2300,2300,2300,Maharashtra,Other
2026-07-28,Wheat,1,Nanded,Non-FAQ,Kandhar APMC,2400,1900,2370,Maharashtra,Other
2026-07-28,Wheat,1,Dhule,Non-FAQ,Dhule APMC,2575,2500,2550,Maharashtra,Other
2026-07-28,Wheat,1,Chattrapati Sambhajinagar,Non-FAQ,Lasur Station APMC,2525,2525,2525,Maharashtra,Other
2026-07-28,Wheat,1,Kolhapur,FAQ,Kolhapur(Laxmipuri) APMC,4200,3000,3600,Maharashtra,Other
2026-07-28,Wheat,1,Chattrapati Sambhajinagar,Non-FAQ,Kannad APMC,2582,2550,2570,Maharashtra,Other
2026-07-28,Wheat,1,Amarawati,Non-FAQ,Chandur Bazar APMC,2550,2300,2400,Maharashtra,Other
2026-07-28,Wheat,1,Chattrapati Sambhajinagar,Non-FAQ,Chattrapati Sambhajinagar APMC,2550,2550,2550,Maharashtra,Other
2026-07-28,Wheat,1,Jalgaon,Non-FAQ,APMC PACHORA,2580,2200,2341,Maharashtra,Other
2026-07-28,Wheat,1,Yavatmal,Non-FAQ,Umarked(Danki) APMC,2350,2200,2300,Maharashtra,Other
2026-07-28,Wheat,1,Chattrapati Sambhajinagar,Non-FAQ,Agricultural Produce Market Committee Sillod,2560,2500,2500,Maharashtra,Other
2026-07-28,Wheat,1,Yavatmal,FAQ,Digras APMC,2685,2590,2635,Maharashtra,Other
2026-07-28,Wheat,1,Nagpur,Non-FAQ,Nagpur APMC,2584,2458,2552,Maharashtra,Other
2026-07-28,Wheat,1,Ahilyanagar,FAQ,Jamkhed APMC,2650,2600,2625,Maharashtra,Other
2026-07-28,Wheat,1,Buldhana,FAQ,Malkapur APMC,2712,2712,2712,Maharashtra,Other
2026-07-28,Wheat,1,Chattrapati Sambhajinagar,FAQ,Chattrapati Sambhajinagar APMC,2901,2625,2763,Maharashtra,Other
2026-07-28,Wheat,1,Solapur,Non-FAQ,Barshi APMC,2550,2500,2500,Maharashtra,Other
2026-07-28,Wheat,1,Dhule,Non-FAQ,Dondaicha APMC,2540,2300,2500,Maharashtra,Other
2026-07-28,Wheat,1,Nagpur,FAQ,Nagpur APMC,2654,2585,2636,Maharashtra,Other
2026-07-29,Wheat,1,Nashik,FAQ,Malegaon APMC,2774,2586,2607,Maharashtra,Other
2026-07-29,Wheat,1,Amarawati,Non-FAQ,Achalpur APMC,2550,2350,2450,Maharashtra,Other
2026-07-29,Wheat,1,Palghar,FAQ,Ulhasnagar APMC,3500,3000,3250,Maharashtra,Other
2026-07-29,Wheat,1,Dhule,FAQ,Shirpur APMC,2640,2601,2640,Maharashtra,Other
2026-07-29,Wheat,1,Nagpur,Non-FAQ,Nagpur APMC,2584,2524,2569,Maharashtra,Other
2026-07-29,Wheat,1,Amarawati,Non-FAQ,Agricultural Produce Market Committee Nandgaon Khandeshwar,2510,2350,2430,Maharashtra,Other
2026-07-29,Wheat,1,Solapur,FAQ,Barshi APMC,2800,2800,2800,Maharashtra,Other
2026-07-29,Wheat,1,Dhule,Non-FAQ,Dhule APMC,2584,2400,2550,Maharashtra,Other
2026-07-29,Wheat,1,Beed,Non-FAQ,Patoda APMC,2500,2200,2400,Maharashtra,Other
2026-07-29,Wheat,1,Mumbai,FAQ,Mumbai APMC,4800,2800,3800,Maharashtra,Other
2026-07-29,Wheat,1,Solapur,FAQ,Karmala APMC,2704,2652,2691,Maharashtra,Other
2026-07-29,Wheat,1,Sangli,FAQ,Sangli APMC,4200,3000,3600,Maharashtra,Other
2026-07-29,Wheat,1,Jalna,Non-FAQ,Jalana APMC,2575,2575,2575,Maharashtra,147 Average
2026-07-29,Wheat,1,Amarawati,Non-FAQ,Nandgaon Khandeshwar APMC,2510,2350,2430,Maharashtra,Other
2026-07-29,Wheat,1,Buldhana,Non-FAQ,Krushi Utpanna Bazar Samiti Shegaon,2400,2400,2400,Maharashtra,Other
2026-07-29,Wheat,1,Chattrapati Sambhajinagar,Non-FAQ,Agricultural Produce Market Committee Sillod,2550,2450,2500,Maharashtra,Other
2026-07-30,Wheat,1,Chattrapati Sambhajinagar,FAQ,Gangapur APMC,2667,2648,2655,Maharashtra,Other
2026-07-30,Wheat,1,Chattrapati Sambhajinagar,Non-FAQ,Chattrapati Sambhajinagar APMC,2500,2500,2500,Maharashtra,Other
2026-07-30,Wheat,1,Beed,FAQ,Gevrai APMC,2715,2585,2600,Maharashtra,Other
2026-07-30,Wheat,1,Pune,FAQ,Shirur APMC,2600,2600,2600,Maharashtra,Other
2026-07-30,Wheat,1,Nashik,Non-FAQ,Malegaon APMC,2580,2400,2570,Maharashtra,Other
2026-07-30,Wheat,1,Wardha,FAQ,Hinganghat APMC,2600,2585,2595,Maharashtra,Other
2026-07-30,Wheat,1,Mumbai,FAQ,Mumbai APMC,4800,2800,3800,Maharashtra,Other
2026-07-30,Wheat,1,Amarawati,Non-FAQ,Achalpur APMC,2550,2400,2475,Maharashtra,Other
2026-07-30,Wheat,1,Buldhana,FAQ,Malkapur APMC,2610,2610,2610,Maharashtra,Other
2026-07-30,Wheat,1,Dhule,Non-FAQ,Shirpur APMC,2576,2500,2576,Maharashtra,Other
2026-07-30,Wheat,1,Akola,FAQ,Murtizapur APMC,2635,2590,2615,Maharashtra,Other
2026-07-31,Wheat,1,Yavatmal,FAQ,Yavatmal APMC,2620,2620,2620,Maharashtra,Other
2026-07-31,Wheat,1,Mumbai,FAQ,Mumbai APMC,4800,2800,3800,Maharashtra,Other
2026-07-31,Wheat,1,Nagpur,FAQ,Nagpur APMC,3500,3200,3425,Maharashtra,Sharbati
2026-07-31,Wheat,1,Wardha,FAQ,Hinganghat APMC,2610,2585,2600,Maharashtra,Other
2026-07-31,Wheat,1,Ahilyanagar,Local,"Omchatinya Multi State Agro Purpose Co-Op Society, Dist Ahilyanagar",2500,2200,2200,Maharashtra,Other
2026-07-31,Wheat,1,Buldhana,Non-FAQ,Lonar APMC,2424,2399,2411,Maharashtra,Other
2026-07-31,Wheat,1,Ahilyanagar,Non-FAQ,Karjat(Rashin) APMC,2300,2300,2300,Maharashtra,Other
2026-07-31,Wheat,1,Beed,FAQ,Kille Dharur APMC,2650,2650,2650,Maharashtra,Other
2026-07-31,Wheat,1,Washim,FAQ,Karanja APMC,2645,2625,2625,Maharashtra,Other
2026-07-31,Wheat,1,Dhule,Non-FAQ,Dondaicha APMC,2580,2500,2500,Maharashtra,Other
2026-07-31,Wheat,1,Solapur,FAQ,Barshi APMC,2650,2600,2650,Maharashtra,Other
2026-07-31,Wheat,1,Beed,Non-FAQ,Kille Dharur APMC,2580,2501,2580,Maharashtra,Other
2026-07-31,Wheat,1,Washim,FAQ,Manora APMC,2610,2596,2600,Maharashtra,Other
2026-07-31,Wheat,1,Yavatmal,Non-FAQ,Vani APMC,2440,2440,2440,Maharashtra,Other
2026-07-31,Wheat,1,Amarawati,Non-FAQ,Chandur Bazar APMC,2550,2300,2430,Maharashtra,Other
2026-07-31,Wheat,1,Jalna,Non-FAQ,Jalana APMC,2575,2575,2575,Maharashtra,147 Average
2026-07-31,Wheat,1,Beed,FAQ,Gevrai APMC,2700,2600,2650,Maharashtra,Other
2026-08-01,Wheat,1,Yavatmal,Non-FAQ,Umarked(Danki) APMC,2300,2200,2250,Maharashtra,Other
2026-08-01,Wheat,1,Ahilyanagar,Non-FAQ,Jamkhed APMC,2500,2200,2350,Maharashtra,Other
2026-08-01,Wheat,1,Beed,FAQ,Majalgaon APMC,2681,2600,2631,Maharashtra,Other
2026-08-01,Wheat,1,Bhandara,Non-FAQ,Bhandara APMC,2400,2400,2400,Maharashtra,Maharashtra 2189
2026-08-01,Wheat,1,Ahilyanagar,FAQ,Pathardi APMC,2800,2585,2650,Maharashtra,Maharashtra 2189
2026-08-01,Wheat,1,Solapur,FAQ,Dudhani APMC,2765,2620,2661,Maharashtra,Maharashtra 2189
2026-08-01,Wheat,1,Amarawati,Non-FAQ,APMC Dhamngaon-Railway ,2570,2470,2500,Maharashtra,Other
2026-08-01,Wheat,1,Akola,Non-FAQ,Patur APMC,2500,2200,2492,Maharashtra,Maharashtra 2189
2026-08-01,Wheat,1,Latur,Non-FAQ,Aurad Shahajani APMC,2517,2450,2483,Maharashtra,Maharashtra 2189
2026-08-01,Wheat,1,Ahilyanagar,Non-FAQ,Shevgaon(Bodhegaon) ,2550,2400,2400,Maharashtra,Maharashtra 2189
2026-08-01,Wheat,1,Bhandara,Non-FAQ,APMC Bhandara ,2400,2400,2400,Maharashtra,Maharashtra 2189
2026-08-01,Wheat,1,Jalna,Non-FAQ,APMC Partur ,2500,2200,2300,Maharashtra,Maharashtra 2189
2026-08-01,Wheat,1,Satara,FAQ,APMC Vaduj ,3000,2600,2800,Maharashtra,Maharashtra 2189
2026-08-01,Wheat,1,Dharashiv,FAQ,Tuljapur APMC,2600,2585,2590,Maharashtra,Other
2026-08-01,Wheat,1,Jalna,Non-FAQ,APMC Jalana ,2539,2539,2539,Maharashtra,147 Average
2026-08-01,Wheat,1,Jalna,FAQ,Jalana APMC,2750,2640,2640,Maharashtra,147 Average
2026-08-01,Wheat,1,Nagpur,Non-FAQ,Savner APMC,2425,2409,2415,Maharashtra,Other
2026-08-01,Wheat,1,Nagpur,FAQ,APMC Umared ,3200,2600,2800,Maharashtra,Other
2026-08-01,Wheat,1,Amarawati,Non-FAQ,APMC Achalpur ,2550,2300,2475,Maharashtra,Other
2026-08-01,Wheat,1,Chattrapati Sambhajinagar,FAQ,APMC Chattrapati Sambhajinagar ,2800,2625,2712,Maharashtra,Other
2026-08-01,Wheat,1,Dharashiv,FAQ,APMC Tuljapur ,2600,2585,2590,Maharashtra,Other
2026-08-01,Wheat,1,Ahilyanagar,Non-FAQ,APMC Jamkhed ,2500,2200,2350,Maharashtra,Other
2026-08-01,Wheat,1,Jalna,FAQ,APMC Jalana ,3200,3200,3200,Maharashtra,Other
2026-08-01,Wheat,1,Akola,FAQ,Murtizapur APMC,2655,2590,2625,Maharashtra,Other
2026-08-01,Wheat,1,Amarawati,FAQ,APMC Amarawati ,2650,2585,2617,Maharashtra,Other
2026-08-01,Wheat,1,Beed,Non-FAQ,APMC Gevrai ,2575,2500,2550,Maharashtra,Other
2026-08-01,Wheat,1,Buldhana,Non-FAQ,APMC Deoulgaon Raja ,2500,2400,2500,Maharashtra,Other
2026-08-01,Wheat,1,Buldhana,Local,"Bsk Krishi Bazar Private Limited, Mehkar, Dist Buldhana",2450,2450,2450,Maharashtra,Other
2026-08-01,Wheat,1,Nagpur,FAQ,APMC Nagpur ,2668,2585,2647,Maharashtra,Other
2026-08-01,Wheat,1,Beed,FAQ,APMC Gevrai ,2800,2800,2800,Maharashtra,Other
2026-08-01,Wheat,1,Nanded,Non-FAQ,APMC Bhokar ,2390,2300,2345,Maharashtra,Other
2026-08-01,Wheat,1,Chattrapati Sambhajinagar,Non-FAQ,Sillod(Bharadi) APMC,2575,2575,2575,Maharashtra,Other
2026-08-01,Wheat,1,Jalna,Non-FAQ,APMC Ambad (Vadigodri) ,2584,2400,2500,Maharashtra,Other
2026-08-02,Wheat,1,Ahilyanagar,FAQ,Karjat APMC,2700,2700,2700,Maharashtra,Other
2026-08-02,Wheat,1,Ahilyanagar,Non-FAQ,Shevgaon APMC,2575,2500,2575,Maharashtra,Maharashtra 2189
2026-08-02,Wheat,1,Beed,Non-FAQ,Kada APMC,2500,2300,2420,Maharashtra,Other
2026-08-02,Wheat,1,Ahilyanagar,Non-FAQ,Karjat APMC,2500,2000,2000,Maharashtra,Other
2026-08-02,Wheat,1,Beed,Non-FAQ,APMC Kada ,2500,2300,2420,Maharashtra,Other
2026-08-02,Wheat,1,Bhandara,Non-FAQ,APMC Tumsar ,2580,2573,2577,Maharashtra,Other
2026-08-02,Wheat,1,Chattrapati Sambhajinagar,Non-FAQ,APMC Paithan ,2581,2001,2500,Maharashtra,Bansi
2026-08-02,Wheat,1,Chattrapati Sambhajinagar,Non-FAQ,Paithan APMC,2581,2001,2500,Maharashtra,Bansi
2026-08-02,Wheat,1,Chattrapati Sambhajinagar,Non-FAQ,APMC Kannad ,2580,2400,2525,Maharashtra,Other
2026-08-03,Wheat,1,Nashik,FAQ,Lasalgaon APMC,2845,2585,2675,Maharashtra,Maharashtra 2189
2026-08-03,Wheat,1,Hingoli,Non-FAQ,APMC Hingoli ,2500,2020,2260,Maharashtra,Sharbati
2026-08-03,Wheat,1,Amarawati,Non-FAQ,Nandgaon Khandeshwar APMC,2584,2345,2464,Maharashtra,Other
2026-08-03,Wheat,1,Beed,FAQ,Majalgaon APMC,2700,2591,2600,Maharashtra,Other
2026-08-03,Wheat,1,Washim,FAQ,Karanja APMC,2655,2585,2625,Maharashtra,Other
2026-08-03,Wheat,1,Yavatmal,Non-FAQ,Vani APMC,2445,2445,2445,Maharashtra,Other
2026-08-03,Wheat,1,Thane,FAQ,APMC Kalyan ,3600,3000,3300,Maharashtra,Sharbati
2026-08-03,Wheat,1,Ahilyanagar,FAQ,Jamkhed APMC,2650,2600,2625,Maharashtra,Other
2026-08-03,Wheat,1,Nashik,Non-FAQ,Satana APMC,2499,2499,2499,Maharashtra,Other
2026-08-03,Wheat,1,Beed,Non-FAQ,Kaij APMC,2550,2300,2521,Maharashtra,Other
2026-08-03,Wheat,1,Beed,Non-FAQ,Kille Dharur APMC,2580,2510,2526,Maharashtra,Other
2026-08-03,Wheat,1,Akola,FAQ,Murtizapur APMC,2650,2590,2620,Maharashtra,Other
2026-08-03,Wheat,1,Pune,FAQ,Baramati APMC,2875,2600,2700,Maharashtra,Maharashtra 2189
2026-08-03,Wheat,1,Buldhana,Non-FAQ,Malkapur APMC,2580,2400,2500,Maharashtra,Other
2026-08-03,Wheat,1,Nashik,FAQ,Nandgaon APMC,2775,2660,2675,Maharashtra,Maharashtra 2189
2026-08-03,Wheat,1,Washim,Non-FAQ,Washim(Ansing) APMC,2550,2350,2450,Maharashtra,Maharashtra 2189
2026-08-03,Wheat,1,Jalna,FAQ,Mantha APMC,2700,2585,2600,Maharashtra,Other
2026-08-03,Wheat,1,Nashik,Non-FAQ,Malegaon APMC,2580,2521,2560,Maharashtra,Other
2026-08-03,Wheat,1,Solapur,FAQ,Kurdwadi(Modnimb) APMC,3030,2600,2800,Maharashtra,Other
2026-08-03,Wheat,1,Amarawati,Non-FAQ,Chandur Railway APMC,2376,2375,2375,Maharashtra,Other
2026-08-03,Wheat,1,Buldhana,Non-FAQ,Sangrampur(Varvatbakal) APMC,2500,2400,2450,Maharashtra,Other
2026-08-03,Wheat,1,Wardha,Non-FAQ,Wardha APMC,2580,2550,2565,Maharashtra,Other
2026-08-03,Wheat,1,Solapur,Non-FAQ,Karmala APMC,2550,2500,2550,Maharashtra,Other
2026-08-03,Wheat,1,Palghar,FAQ,Palghar APMC,3400,3400,3400,Maharashtra,Other
2026-08-03,Wheat,1,Chattrapati Sambhajinagar,FAQ,Lasur Station APMC,2701,2630,2675,Maharashtra,Other
2026-08-03,Wheat,1,Yavatmal,Non-FAQ,Umarkhed APMC,2350,2200,2300,Maharashtra,Other
2026-08-03,Wheat,1,Parbhani,Non-FAQ,Pathari APMC,2500,2200,2200,Maharashtra,Other
2026-08-03,Wheat,1,Wardha,Non-FAQ,Hinganghat APMC,2500,2240,2300,Maharashtra,Other
2026-08-03,Wheat,1,Solapur,FAQ,Dudhani APMC,2705,2600,2637,Maharashtra,Maharashtra 2189
2026-08-03,Wheat,1,Nanded,Non-FAQ,APMC Mudkhed ,2360,2360,2360,Maharashtra,Other
2026-08-03,Wheat,1,Nashik,FAQ,Yeola APMC,2686,2627,2671,Maharashtra,Maharashtra 2189
2026-08-03,Wheat,1,Beed,Non-FAQ,APMC Beed ,2542,2320,2447,Maharashtra,Other
2026-08-03,Wheat,1,Dharashiv,FAQ,APMC Tuljapur ,2600,2585,2590,Maharashtra,Other
2026-08-03,Wheat,1,Washim,Local,"Krushna Krishi Bazar, Washim",2600,2000,2585,Maharashtra,Other
2026-08-03,Wheat,1,Nashik,Non-FAQ,APMC Satana ,2499,2499,2499,Maharashtra,Other
2026-08-03,Wheat,1,Latur,Non-FAQ,APMC Aurad Shahajani ,2500,2500,2500,Maharashtra,Maharashtra 2189
2026-08-03,Wheat,1,Latur,Non-FAQ,APMC Ausa ,2301,2301,2301,Maharashtra,Maharashtra 2189
2026-08-03,Wheat,1,Nashik,FAQ,Lasalgaon(Niphad) ,2723,2675,2700,Maharashtra,Maharashtra 2189
2026-08-03,Wheat,1,Nashik,FAQ,APMC Nandgaon ,2775,2660,2675,Maharashtra,Maharashtra 2189
2026-08-03,Wheat,1,Ahilyanagar,FAQ,APMC Shevgaon ,2650,2600,2650,Maharashtra,Maharashtra 2189
2026-08-03,Wheat,1,Nashik,FAQ,APMC Devala ,2675,2630,2640,Maharashtra,Maharashtra 2189
2026-08-03,Wheat,1,Nashik,FAQ,APMC Sinner ,2700,2585,2600,Maharashtra,Other
2026-08-03,Wheat,1,Beed,FAQ,APMC Kille Dharur ,4500,2750,2750,Maharashtra,Other
2026-08-03,Wheat,1,Buldhana,FAQ,APMC Shegaon ,2650,2650,2650,Maharashtra,Other
2026-08-03,Wheat,1,Jalna,FAQ,APMC Jalana ,2700,2650,2650,Maharashtra,Other
2026-08-03,Wheat,1,Solapur,FAQ,APMC Barshi ,2900,2600,2650,Maharashtra,Other
2026-08-03,Wheat,1,Pune,FAQ,APMC Baramati ,2700,2590,2686,Maharashtra,Kalyan
2026-08-03,Wheat,1,Wardha,Non-FAQ,APMC Wardha ,2580,2550,2565,Maharashtra,Other
2026-08-03,Wheat,1,Amarawati,Non-FAQ,APMC Chandur Bazar ,2550,2300,2410,Maharashtra,Other
2026-08-03,Wheat,1,Nagpur,FAQ,APMC Nagpur ,2665,2585,2645,Maharashtra,Other
2026-08-03,Wheat,1,Beed,Non-FAQ,APMC Parali Vaijyanath ,2425,2425,2425,Maharashtra,Other
2026-08-03,Wheat,1,Dhule,Non-FAQ,APMC Shirpur ,2400,2400,2400,Maharashtra,Other
2026-08-03,Wheat,1,Nashik,FAQ,APMC Manmad ,2657,2595,2630,Maharashtra,Other
2026-08-03,Wheat,1,Jalna,Non-FAQ,APMC Jalana ,2509,2509,2509,Maharashtra,Other
2026-08-03,Wheat,1,Wardha,Non-FAQ,APMC Hinganghat ,2500,2240,2300,Maharashtra,Other
2026-08-03,Wheat,1,Nashik,FAQ,APMC Satana ,2900,2721,2805,Maharashtra,Other
2026-08-03,Wheat,1,Beed,Non-FAQ,APMC Kille Dharur ,2580,2510,2526,Maharashtra,Other
2026-08-03,Wheat,1,Nagpur,Non-FAQ,APMC Katol ,2551,2501,2540,Maharashtra,Other
2026-08-03,Wheat,1,Yavatmal,FAQ,APMC Babhulgaon ,2635,2601,2611,Maharashtra,Other
2026-08-03,Wheat,1,Buldhana,Non-FAQ,APMC Deoulgaon Raja ,2500,2350,2500,Maharashtra,Other
2026-08-03,Wheat,1,Beed,Non-FAQ,APMC Gevrai ,2550,2450,2500,Maharashtra,Other
2026-08-03,Wheat,1,Nashik,Non-FAQ,APMC Malegaon ,2580,2521,2560,Maharashtra,Other
2026-08-04,Wheat,1,Yavatmal,Local,KISAN MARKET YARD,2605,2200,2522,Maharashtra,Other
2026-08-04,Wheat,1,Ahilyanagar,Non-FAQ,APMC Jamkhed ,2500,2300,2400,Maharashtra,Other
2026-08-04,Wheat,1,Buldhana,Non-FAQ,APMC Shegaon ,2475,2205,2365,Maharashtra,Other
2026-08-04,Wheat,1,Ahilyanagar,FAQ,APMC Rahuri ,2600,2600,2600,Maharashtra,Other
2026-08-04,Wheat,1,Beed,FAQ,APMC Kille Dharur ,2900,2631,2700,Maharashtra,Other
2026-08-04,Wheat,1,Ahilyanagar,FAQ,APMC Kopargaon ,2700,2585,2675,Maharashtra,Other
2026-08-04,Wheat,1,Washim,FAQ,APMC Mangrulpeer ,2645,2585,2585,Maharashtra,Other
2026-08-04,Wheat,1,Yavatmal,FAQ,APMC Yavatmal ,2615,2615,2615,Maharashtra,Other
2026-08-04,Wheat,1,Beed,FAQ,APMC Majalgaon ,2651,2591,2600,Maharashtra,Other
2026-08-04,Wheat,1,Jalna,Non-FAQ,APMC Ambad (Vadigodri) ,2584,2431,2500,Maharashtra,Other
2026-08-04,Wheat,1,Washim,FAQ,APMC Karanja ,2650,2625,2625,Maharashtra,Other
2026-08-04,Wheat,1,Nagpur,Non-FAQ,APMC Nagpur ,2584,2538,2561,Maharashtra,Other
2026-08-04,Wheat,1,Buldhana,Local,"Bsk Krishi Bazar Private Limited, Mehkar, Dist Buldhana",2600,2300,2580,Maharashtra,Other
2026-08-04,Wheat,1,Nagpur,Non-FAQ,APMC Savner ,2425,2425,2425,Maharashtra,Other
2026-08-04,Wheat,1,Pune,Non-FAQ,APMC Shirur ,2500,2000,2450,Maharashtra,Other
2026-08-04,Wheat,1,Nanded,Non-FAQ,APMC Bhokar ,2425,2300,2362,Maharashtra,Other
2026-08-04,Wheat,1,Mumbai,FAQ,APMC Mumbai ,4800,2800,3800,Maharashtra,Other
2026-08-04,Wheat,1,Nagpur,Non-FAQ,APMC Katol ,2550,2550,2550,Maharashtra,Other
2026-08-04,Wheat,1,Amarawati,FAQ,Nandgaon Khandeshwar APMC,2595,2585,2590,Maharashtra,Other
2026-08-04,Wheat,1,Buldhana,Non-FAQ,Chikali APMC,2450,2050,2250,Maharashtra,Other
2026-08-04,Wheat,1,Nashik,Non-FAQ,APMC Satana ,2450,2450,2450,Maharashtra,Other
2026-08-04,Wheat,1,Buldhana,Non-FAQ,Mehekar APMC,2450,2000,2250,Maharashtra,Other
2026-08-04,Wheat,1,Buldhana,Non-FAQ,Deoulgaon Raja APMC,2500,2300,2500,Maharashtra,Other
2026-08-04,Wheat,1,Palghar,FAQ,Kalyan APMC,3600,3000,3300,Maharashtra,Sharbati
2026-08-04,Wheat,1,Buldhana,Non-FAQ,Malkapur APMC,2551,2460,2500,Maharashtra,Other
2026-08-04,Wheat,1,Nanded,Non-FAQ,Nanded APMC,2570,2420,2545,Maharashtra,Sharbati
2026-08-04,Wheat,1,Nagpur,Non-FAQ,Nagpur APMC,2584,2538,2561,Maharashtra,Other
2026-08-04,Wheat,1,Nashik,FAQ,Satana APMC,2805,2716,2760,Maharashtra,Other
2026-08-04,Wheat,1,Nagpur,FAQ,Nagpur APMC,3500,3200,3425,Maharashtra,Sharbati
2026-08-04,Wheat,1,Ahilyanagar,Non-FAQ,Shevgaon APMC,2575,2500,2575,Maharashtra,Maharashtra 2189
2026-08-04,Wheat,1,Dharashiv,Non-FAQ,APMC Kalamb (Dharashiv) ,2400,2200,2400,Maharashtra,Maharashtra 2189
2026-08-04,Wheat,1,Yavatmal,FAQ,Yavatmal APMC,2615,2615,2615,Maharashtra,Other
2026-08-04,Wheat,1,Amarawati,FAQ,Agricultural Produce Market Committee Nandgaon Khandeshwar,2595,2585,2590,Maharashtra,Other
2026-08-04,Wheat,1,Dhule,Non-FAQ,Dondaicha APMC,2300,2100,2300,Maharashtra,Other
2026-08-04,Wheat,1,Thane,FAQ,APMC Kalyan ,3600,3000,3300,Maharashtra,Sharbati
2026-08-04,Wheat,1,Ahilyanagar,FAQ,Kopargaon APMC,2700,2585,2675,Maharashtra,Other
2026-08-04,Wheat,1,Nanded,Non-FAQ,APMC Nanded ,2570,2420,2545,Maharashtra,Sharbati
2026-08-05,Wheat,1,Dharashiv,Non-FAQ,Murum APMC,2420,2420,2420,Maharashtra,Bansi
2026-08-05,Wheat,1,Yavatmal,Local,"Shekari Krushi Khajgi Bazar, Arni, Dist Yavatmal",2400,1500,2350,Maharashtra,Other
2026-08-05,Wheat,1,Buldhana,Local,"Bsk Krishi Bazar Private Limited, Mehkar, Dist Buldhana",2500,2400,2477,Maharashtra,Other
2026-08-05,Wheat,1,Jalna,Non-FAQ,APMC Jalana ,2550,2550,2550,Maharashtra,Other
2026-08-05,Wheat,1,Amarawati,Non-FAQ,APMC Nandgaon Khandeshwar ,2575,2345,2460,Maharashtra,Other
2026-08-05,Wheat,1,Nashik,FAQ,Lasalgaon(Niphad) ,2746,2600,2700,Maharashtra,Maharashtra 2189
2026-08-05,Wheat,1,Solapur,Non-FAQ,APMC Dudhani ,2570,2400,2570,Maharashtra,Maharashtra 2189
2026-08-05,Wheat,1,Akola,FAQ,APMC Akola ,2685,2585,2610,Maharashtra,Other
2026-08-05,Wheat,1,Washim,FAQ,APMC Mangrulpeer ,2645,2585,2585,Maharashtra,Other
2026-08-05,Wheat,1,Dharashiv,Non-FAQ,APMC Murum ,2420,2420,2420,Maharashtra,Bansi
2026-08-05,Wheat,1,Amarawati,FAQ,Amarawati APMC,2650,2585,2617,Maharashtra,Other
2026-08-05,Wheat,1,Dhule,FAQ,Dondaicha APMC,2725,2600,2716,Maharashtra,Other
2026-08-05,Wheat,1,Jalna,Non-FAQ,Jalana APMC,2550,2550,2550,Maharashtra,Other
2026-08-05,Wheat,1,Dharashiv,FAQ,APMC Tuljapur ,2600,2585,2590,Maharashtra,Other
2026-08-05,Wheat,1,Ahilyanagar,Non-FAQ,Shrirampur(Belapur) APMC,2300,2200,2250,Maharashtra,Other
2026-08-05,Wheat,1,Latur,Non-FAQ,Chakur APMC,2550,2550,2550,Maharashtra,Other
2026-08-05,Wheat,1,Akola,Non-FAQ,Akot APMC,2500,2500,2500,Maharashtra,147 Average
2026-08-05,Wheat,1,Dhule,Non-FAQ,APMC Shirpur ,2500,2500,2500,Maharashtra,Other
2026-08-05,Wheat,1,Solapur,FAQ,APMC Karmala ,2751,2600,2700,Maharashtra,Other
2026-08-05,Wheat,1,Thane,FAQ,APMC Kalyan ,3600,3000,3300,Maharashtra,Sharbati
2026-08-05,Wheat,1,Chattrapati Sambhajinagar,FAQ,APMC Lasur Station ,2661,2640,2650,Maharashtra,Other
2026-08-05,Wheat,1,Dhule,Non-FAQ,APMC Dhule ,2584,2500,2560,Maharashtra,Other
2026-08-05,Wheat,1,Buldhana,FAQ,APMC Deoulgaon Raja ,2601,2601,2601,Maharashtra,Other
2026-08-05,Wheat,1,Buldhana,Non-FAQ,APMC Deoulgaon Raja ,2500,2301,2500,Maharashtra,Other
2026-08-05,Wheat,1,Wardha,Non-FAQ,Sindi (Selu),2580,2400,2500,Maharashtra,Other
2026-08-05,Wheat,1,Kolhapur,FAQ,Kolhapur(Laxmipuri) ,4200,3000,3600,Maharashtra,Other
2026-08-05,Wheat,1,Wardha,Non-FAQ,APMC Hinganghat ,2500,2150,2300,Maharashtra,Other
2026-08-05,Wheat,1,Hingoli,Non-FAQ,APMC Akhadabalapur ,2400,2200,2300,Maharashtra,Maharashtra 2189
2026-08-05,Wheat,1,Jalna,Non-FAQ,APMC Ambad (Vadigodri) ,2584,2250,2461,Maharashtra,Other
2026-08-05,Wheat,1,Buldhana,Non-FAQ,APMC Shegaon ,2350,2000,2225,Maharashtra,Other
2026-08-05,Wheat,1,Ahilyanagar,FAQ,APMC Shrirampur ,2700,2600,2625,Maharashtra,Other
2026-08-05,Wheat,1,Solapur,FAQ,APMC Kurdwadi ,2650,2650,2650,Maharashtra,Other
2026-08-05,Wheat,1,Chattrapati Sambhajinagar,FAQ,APMC Gangapur ,2653,2600,2650,Maharashtra,Other
2026-08-05,Wheat,1,Chattrapati Sambhajinagar,Non-FAQ,APMC Chattrapati Sambhajinagar ,2530,2210,2370,Maharashtra,Other
2026-08-05,Wheat,1,Thane,FAQ,APMC Ulhasnagar ,3400,3200,3300,Maharashtra,Other
2026-08-05,Wheat,1,Solapur,Non-FAQ,Dudhani APMC,2570,2400,2570,Maharashtra,Maharashtra 2189
2026-08-05,Wheat,1,Ahilyanagar,FAQ,Pathardi APMC,2800,2585,2650,Maharashtra,Maharashtra 2189
2026-08-05,Wheat,1,Yavatmal,FAQ,APMC Pusad ,2720,2585,2600,Maharashtra,Other
2026-08-06,Wheat,1,Ahilyanagar,Non-FAQ,APMC Jamkhed ,2500,2300,2400,Maharashtra,Other
2026-08-06,Wheat,1,Solapur,FAQ,APMC Mangal Wedha ,2800,2600,2800,Maharashtra,Other
2026-08-06,Wheat,1,Nanded,Non-FAQ,APMC Loha ,2500,2436,2460,Maharashtra,Other
2026-08-06,Wheat,1,Jalgaon,Non-FAQ,Jalgaon APMC,2505,2505,2505,Maharashtra,147 Average
2026-08-06,Wheat,1,Parbhani,FAQ,APMC Palam ,2700,2700,2700,Maharashtra,Other
2026-08-06,Wheat,1,Nagpur,Non-FAQ,APMC Katol ,2581,2570,2575,Maharashtra,Other
2026-08-06,Wheat,1,Wardha,Non-FAQ,Sindi (Selu),2580,2400,2500,Maharashtra,Other
2026-08-06,Wheat,1,Ahilyanagar,FAQ,Rahuri(Vambori) ,2770,2621,2640,Maharashtra,Other
2026-08-06,Wheat,1,Chattrapati Sambhajinagar,FAQ,APMC Chattrapati Sambhajinagar ,2739,2600,2670,Maharashtra,Other
2026-08-06,Wheat,1,Chattrapati Sambhajinagar,Non-FAQ,APMC Chattrapati Sambhajinagar ,2505,2200,2352,Maharashtra,Other
2026-08-06,Wheat,1,Buldhana,Non-FAQ,APMC Malkapur ,2580,2500,2550,Maharashtra,Other
2026-08-06,Wheat,1,Latur,Non-FAQ,APMC Aurad Shahajani ,2491,2481,2486,Maharashtra,Maharashtra 2189
2026-08-06,Wheat,1,Latur,Non-FAQ,APMC Nilanga ,2500,2200,2400,Maharashtra,Maharashtra 2189
2026-08-06,Wheat,1,Beed,FAQ,APMC Majalgaon ,2675,2600,2631,Maharashtra,Other
2026-08-06,Wheat,1,Pune,FAQ,APMC Indapur ,3051,2600,2700,Maharashtra,Maharashtra 2189
2026-08-06,Wheat,1,Dharashiv,FAQ,APMC Kalamb (Dharashiv) ,2801,2801,2801,Maharashtra,Maharashtra 2189
2026-08-06,Wheat,1,Chattrapati Sambhajinagar,Non-FAQ,APMC Kannad ,2580,2550,2565,Maharashtra,Other
2026-08-06,Wheat,1,Beed,FAQ,Ambejogai APMC,2800,2800,2800,Maharashtra,Red
2026-08-06,Wheat,1,Washim,Local,"Krushna Krishi Bazar, Washim",2650,2000,2609,Maharashtra,Other
2026-08-06,Wheat,1,Buldhana,FAQ,APMC Khamgaon ,2600,2600,2600,Maharashtra,Other
2026-08-06,Wheat,1,Nanded,FAQ,Nanded APMC,2700,2615,2615,Maharashtra,Sharbati
2026-08-06,Wheat,1,Nandurbar,FAQ,APMC Nandurbar ,2750,2600,2675,Maharashtra,Other
2026-08-06,Wheat,1,Ahilyanagar,Non-FAQ,Shrirampur(Belapur) ,2300,2200,2250,Maharashtra,Other
2026-08-06,Wheat,1,Mumbai,FAQ,APMC Mumbai ,4600,2900,3750,Maharashtra,Other
2026-08-06,Wheat,1,Latur,Non-FAQ,Ausa APMC,2501,2350,2451,Maharashtra,Maharashtra 2189
2026-08-06,Wheat,1,Beed,FAQ,APMC Ambejogai ,2800,2800,2800,Maharashtra,Red
2026-08-06,Wheat,1,Nashik,FAQ,Lasalgaon APMC,2751,2585,2691,Maharashtra,Maharashtra 2189
2026-08-06,Wheat,1,Dharashiv,FAQ,Agriculture Produce Market Committee Umarga,2702,2702,2702,Maharashtra,Maharashtra 2189
2026-08-06,Wheat,1,Washim,Non-FAQ,Washim APMC,2575,2315,2450,Maharashtra,Maharashtra 2189
2026-08-06,Wheat,1,Dhule,FAQ,APMC Shirpur ,2670,2670,2670,Maharashtra,Other
2026-08-06,Wheat,1,Akola,Non-FAQ,APMC Telhara ,2570,2400,2540,Maharashtra,Other
2026-08-06,Wheat,1,Nashik,FAQ,Lasalgaon(Niphad) APMC,2749,2680,2710,Maharashtra,Maharashtra 2189
2026-08-07,Wheat,1,Amarawati,Non-FAQ,APMC Dhamngaon-Railway ,2500,2410,2490,Maharashtra,Other
2026-08-07,Wheat,1,Beed,FAQ,APMC Gevrai ,2705,2585,2600,Maharashtra,Other
2026-08-07,Wheat,1,Solapur,Non-FAQ,APMC Karmala ,2551,2500,2551,Maharashtra,Other
2026-08-07,Wheat,1,Amarawati,Non-FAQ,APMC Chandur Bazar ,2550,2300,2460,Maharashtra,Other
2026-08-07,Wheat,1,Akola,FAQ,APMC Akola ,2735,2595,2600,Maharashtra,Other
2026-08-07,Wheat,1,Buldhana,Non-FAQ,Khamgaon APMC,2575,2450,2512,Maharashtra,Other
2026-08-07,Wheat,1,Nagpur,FAQ,Agriculture Produce Market Committee Katol,2610,2610,2610,Maharashtra,Other
2026-08-07,Wheat,1,Beed,FAQ,Ambejogai APMC,3000,3000,3000,Maharashtra,Red
2026-08-07,Wheat,1,Ahilyanagar,FAQ,Jamkhed APMC,2750,2600,2675,Maharashtra,Other
2026-08-07,Wheat,1,Buldhana,Non-FAQ,Krushi Utpanna Bazar Samiti Shegaon,2550,2225,2435,Maharashtra,Other
2026-08-07,Wheat,1,Washim,FAQ,Karanja APMC,2655,2615,2615,Maharashtra,Other
2026-08-07,Wheat,1,Jalgaon,Non-FAQ,Jalgaon APMC,2550,2550,2550,Maharashtra,147 Average
2026-08-07,Wheat,1,Beed,Non-FAQ,Beed APMC,2545,2320,2450,Maharashtra,Other
2026-08-07,Wheat,1,Bhandara,Non-FAQ,APMC Bhandara ,2450,2450,2450,Maharashtra,Maharashtra 2189
2026-08-07,Wheat,1,Kolhapur,FAQ,Kolhapur(Laxmipuri) APMC,4200,3100,3650,Maharashtra,Other
2026-08-07,Wheat,1,Jalna,Non-FAQ,Partur APMC,2515,2150,2490,Maharashtra,Maharashtra 2189
2026-08-07,Wheat,1,Yavatmal,Local,"Shekari Krushi Khajgi Bazar, Arni, Dist Yavatmal",2500,2450,2481,Maharashtra,Other
2026-08-07,Wheat,1,Jalgaon,FAQ,APMC Chopda ,2631,2631,2631,Maharashtra,Other
2026-08-07,Wheat,1,Buldhana,FAQ,APMC Deoulgaon Raja ,2671,2671,2671,Maharashtra,Other
2026-08-07,Wheat,1,Ahilyanagar,FAQ,APMC Rahata ,2715,2715,2715,Maharashtra,Other
2026-08-07,Wheat,1,Nashik,FAQ,Lasalgaon(Niphad) ,2721,2672,2696,Maharashtra,Maharashtra 2189
2026-08-07,Wheat,1,Ahilyanagar,FAQ,Rahuri(Vambori) ,2630,2630,2630,Maharashtra,Other
2026-08-07,Wheat,1,Washim,Non-FAQ,Washim(Ansing) ,2560,2350,2450,Maharashtra,Maharashtra 2189
2026-08-07,Wheat,1,Buldhana,Non-FAQ,APMC Shegaon ,2550,2225,2435,Maharashtra,Other
2026-08-07,Wheat,1,Solapur,FAQ,APMC Dudhani ,2640,2590,2612,Maharashtra,Maharashtra 2189
2026-08-07,Wheat,1,Nashik,FAQ,Lasalgaon(Niphad) APMC,2721,2672,2696,Maharashtra,Maharashtra 2189
2026-08-07,Wheat,1,Latur,FAQ,Aurad Shahajani APMC,2750,2585,2613,Maharashtra,Maharashtra 2189
2026-08-07,Wheat,1,Bhandara,Non-FAQ,Bhandara APMC,2450,2450,2450,Maharashtra,Maharashtra 2189
2026-08-07,Wheat,1,Ahilyanagar,Non-FAQ,APMC Jamkhed ,2500,2300,2400,Maharashtra,Other
2026-08-07,Wheat,1,Nashik,FAQ,Devala APMC,2675,2665,2675,Maharashtra,Maharashtra 2189
2026-08-08,Wheat,1,Chattrapati Sambhajinagar,FAQ,APMC Paithan ,2700,2700,2700,Maharashtra,Bansi
2026-08-08,Wheat,1,Ahilyanagar,Non-FAQ,APMC Pathardi ,2580,2000,2250,Maharashtra,Maharashtra 2189
2026-08-08,Wheat,1,Parbhani,FAQ,Gangakhed APMC,2750,2700,2700,Maharashtra,Other
2026-08-08,Wheat,1,Ahilyanagar,FAQ,Shevgaon(Bodhegaon) ,2700,2600,2600,Maharashtra,Maharashtra 2189
2026-08-08,Wheat,1,Chattrapati Sambhajinagar,Non-FAQ,APMC Chattrapati Sambhajinagar ,2551,2550,2550,Maharashtra,Other
2026-08-08,Wheat,1,Nanded,FAQ,APMC Loha ,2875,2600,2600,Maharashtra,Other
2026-08-08,Wheat,1,Yavatmal,Non-FAQ,Umarked(Danki) ,2350,2200,2300,Maharashtra,Other
2026-08-08,Wheat,1,Jalna,Non-FAQ,APMC BHOKARDAN ,2550,2490,2500,Maharashtra,Other
2026-08-08,Wheat,1,Nashik,FAQ,Lasalgaon(Niphad) ,2721,2690,2701,Maharashtra,Maharashtra 2189
2026-08-08,Wheat,1,Solapur,Non-FAQ,Dudhani APMC,2550,2350,2453,Maharashtra,Maharashtra 2189
2026-08-08,Wheat,1,Buldhana,Non-FAQ,APMC Malkapur ,2570,2510,2550,Maharashtra,Other
2026-08-08,Wheat,1,Nanded,Non-FAQ,APMC Bhokar ,2370,2250,2310,Maharashtra,Other
2026-08-08,Wheat,1,Yavatmal,Local,"Shekari Krushi Khajgi Bazar, Arni, Dist Yavatmal",2415,2200,2400,Maharashtra,Other
2026-08-08,Wheat,1,Amarawati,Non-FAQ,Anajngaon APMC,2580,2300,2525,Maharashtra,Other
2026-08-08,Wheat,1,Wardha,Non-FAQ,Sindi (Selu),2580,2400,2500,Maharashtra,Other
2026-08-08,Wheat,1,Latur,Non-FAQ,Nilanga APMC,2400,2200,2300,Maharashtra,Maharashtra 2189
2026-08-08,Wheat,1,Chattrapati Sambhajinagar,Non-FAQ,Chattrapati Sambhajinagar APMC,2551,2550,2550,Maharashtra,Other
2026-08-08,Wheat,1,Buldhana,FAQ,APMC Shegaon ,2600,2600,2600,Maharashtra,Other
2026-08-08,Wheat,1,Mumbai,FAQ,Mumbai APMC,4600,2900,3750,Maharashtra,Other
2026-08-08,Wheat,1,Solapur,FAQ,Barshi APMC,2600,2600,2600,Maharashtra,Other
2026-08-08,Wheat,1,Mumbai,FAQ,APMC Mumbai ,4600,2900,3750,Maharashtra,Other
2026-08-08,Wheat,1,Nashik,Non-FAQ,APMC Malegaon ,2580,1800,2560,Maharashtra,Other
2026-08-08,Wheat,1,Nagpur,FAQ,APMC Nagpur ,2646,2585,2630,Maharashtra,Other
2026-08-08,Wheat,1,Ahilyanagar,Non-FAQ,Jamkhed APMC,2500,2200,2350,Maharashtra,Other
2026-08-08,Wheat,1,Amarawati,Non-FAQ,APMC Dhamngaon-Railway ,2580,2450,2550,Maharashtra,Other
2026-08-08,Wheat,1,Chattrapati Sambhajinagar,FAQ,APMC Gangapur ,2663,2650,2655,Maharashtra,Other
2026-08-08,Wheat,1,Ahilyanagar,FAQ,APMC Rahuri ,2625,2585,2605,Maharashtra,Other
2026-08-08,Wheat,1,Nagpur,Non-FAQ,APMC Nagpur ,2584,2526,2569,Maharashtra,Other
2026-08-08,Wheat,1,Beed,Non-FAQ,APMC Gevrai ,2550,2500,2510,Maharashtra,Other
2026-08-08,Wheat,1,Latur,Non-FAQ,APMC Nilanga ,2400,2200,2300,Maharashtra,Maharashtra 2189
2026-08-08,Wheat,1,Buldhana,Non-FAQ,Buldhana(Dhad) APMC,2400,1800,2100,Maharashtra,Other
2026-08-08,Wheat,1,Buldhana,Non-FAQ,Deoulgaon Raja APMC,2500,2250,2500,Maharashtra,Other
2026-08-08,Wheat,1,Solapur,Non-FAQ,APMC Dudhani ,2550,2350,2453,Maharashtra,Maharashtra 2189
2026-08-08,Wheat,1,Parbhani,FAQ,APMC Gangakhed ,2750,2700,2700,Maharashtra,Other
2026-08-08,Wheat,1,Parbhani,Non-FAQ,Bori APMC,2500,2105,2400,Maharashtra,Other
2026-08-08,Wheat,1,Bhandara,Non-FAQ,APMC Tumsar ,2558,2558,2558,Maharashtra,Other
2026-08-09,Wheat,1,Pune,Non-FAQ,APMC Dound ,2550,2550,2550,Maharashtra,Maharashtra 2189
2026-08-09,Wheat,1,Akola,FAQ,Balapur APMC,2600,2585,2590,Maharashtra,Other
2026-08-09,Wheat,1,Yavatmal,FAQ,Digras APMC,2625,2585,2595,Maharashtra,Other
2026-08-09,Wheat,1,Beed,Non-FAQ,Kada APMC,2550,2200,2350,Maharashtra,Other
2026-08-09,Wheat,1,Chattrapati Sambhajinagar,Non-FAQ,APMC Sillod ,2580,2500,2550,Maharashtra,Other
2026-08-09,Wheat,1,Satara,FAQ,APMC Phaltan ,2825,2600,2750,Maharashtra,Other
2026-08-10,Wheat,1,Latur,Non-FAQ,Latur(Murud) APMC,2501,2200,2400,Maharashtra,Maharashtra 2189
2026-08-10,Wheat,1,Pune,FAQ,APMC Indapur ,2900,2900,2900,Maharashtra,Maharashtra 2189
2026-08-10,Wheat,1,Nandurbar,FAQ,APMC Nandurbar,2725,2590,2650,Maharashtra,Other
2026-08-10,Wheat,1,Beed,Non-FAQ,APMC Kille Dharur ,2500,2401,2401,Maharashtra,Other
2026-08-10,Wheat,1,Nagpur,FAQ,Nagpur APMC,3500,3200,3425,Maharashtra,Sharbati
2026-08-10,Wheat,1,Washim,Local,"Krushna Krishi Bazar, Washim",2600,2000,2584,Maharashtra,Other
2026-08-10,Wheat,1,Jalgaon,Non-FAQ,APMC Pachora ,2580,2151,2321,Maharashtra,Other
2026-08-10,Wheat,1,Chattrapati Sambhajinagar,Non-FAQ,APMC Sillod ,2580,2500,2550,Maharashtra,Other
2026-08-10,Wheat,1,Palghar,FAQ,APMC Palghar ,3320,3320,3320,Maharashtra,Other
2026-08-10,Wheat,1,Solapur,FAQ,Kurdwadi(Modnimb) ,3000,2590,2800,Maharashtra,Other
2026-08-10,Wheat,1,Buldhana,Non-FAQ,Malkapur APMC,2580,2440,2500,Maharashtra,Other
2026-08-10,Wheat,1,Solapur,FAQ,APMC Dudhani ,2630,2610,2621,Maharashtra,Maharashtra 2189
2026-08-10,Wheat,1,Bhandara,Non-FAQ,Bhandara APMC,2450,2400,2410,Maharashtra,Maharashtra 2189
2026-08-10,Wheat,1,Nashik,FAQ,Satana APMC,2862,2711,2790,Maharashtra,Other
2026-08-10,Wheat,1,Pune,Non-FAQ,APMC Baramati ,2580,2011,2500,Maharashtra,Kalyan
2026-08-10,Wheat,1,Palghar,FAQ,Palghar APMC,3320,3320,3320,Maharashtra,Other
2026-08-10,Wheat,1,Amarawati,Non-FAQ,APMC Chandur Bazar ,2580,2300,2400,Maharashtra,Other
2026-08-10,Wheat,1,Chattrapati Sambhajinagar,FAQ,APMC Gangapur ,2673,2585,2600,Maharashtra,Other
2026-08-10,Wheat,1,Ahilyanagar,FAQ,Rahata APMC,2700,2700,2700,Maharashtra,Other
2026-08-10,Wheat,1,Buldhana,Non-FAQ,Lonar APMC,2424,2300,2362,Maharashtra,Other
2026-08-10,Wheat,1,Latur,Non-FAQ,Ausa APMC,2352,2352,2352,Maharashtra,Maharashtra 2189
2026-08-10,Wheat,1,Yavatmal,FAQ,Yavatmal APMC,2600,2600,2600,Maharashtra,Other
2026-08-10,Wheat,1,Dhule,FAQ,Dondaicha (Sindhkheda) APMC,2600,2600,2600,Maharashtra,Other
2026-08-10,Wheat,1,Nanded,Non-FAQ,APMC Kandhar ,2450,2000,2380,Maharashtra,Other
2026-08-10,Wheat,1,Beed,Non-FAQ,APMC Beed ,2500,2200,2400,Maharashtra,Other
2026-08-10,Wheat,1,Yavatmal,Non-FAQ,Vani APMC,2450,2450,2450,Maharashtra,Other
2026-08-10,Wheat,1,Washim,FAQ,APMC Manora ,2630,2620,2625,Maharashtra,Other
2026-08-10,Wheat,1,Latur,Non-FAQ,Nilanga APMC,2450,2000,2300,Maharashtra,Maharashtra 2189
2026-08-10,Wheat,1,Washim,Non-FAQ,Washim(Ansing) ,2580,2350,2450,Maharashtra,Maharashtra 2189
2026-08-10,Wheat,1,Pune,Non-FAQ,APMC Baramati ,2580,2450,2500,Maharashtra,Maharashtra 2189
2026-08-10,Wheat,1,Dhule,FAQ,APMC Shirpur ,2722,2697,2722,Maharashtra,Other
2026-08-10,Wheat,1,Washim,Non-FAQ,APMC Mangrulpeer ,2575,2450,2510,Maharashtra,Other
2026-08-10,Wheat,1,Buldhana,Non-FAQ,Khamgaon APMC,2575,2375,2450,Maharashtra,Other
2026-08-10,Wheat,1,Nanded,FAQ,APMC Loha ,2665,2600,2600,Maharashtra,Other
2026-08-10,Wheat,1,Pune,Non-FAQ,Indapur APMC,2500,2100,2500,Maharashtra,Other
2026-08-10,Wheat,1,Chattrapati Sambhajinagar,FAQ,Gangapur APMC,2673,2585,2600,Maharashtra,Other
2026-08-10,Wheat,1,Washim,Non-FAQ,Mangrulpeer APMC,2575,2450,2510,Maharashtra,Other
2026-08-10,Wheat,1,Washim,FAQ,Manora APMC,2630,2620,2625,Maharashtra,Other
2026-08-10,Wheat,1,Latur,Non-FAQ,APMC Ahmedpur ,2570,2500,2554,Maharashtra,Other
2026-08-10,Wheat,1,Jalna,Non-FAQ,APMC Mantha ,2584,2400,2550,Maharashtra,Other
2026-08-10,Wheat,1,Yavatmal,Non-FAQ,Umarked(Danki) ,2350,2200,2300,Maharashtra,Other
2026-08-10,Wheat,1,Yavatmal,Local,"Mahesh Krushi Utpanna Bazar, Digras, Dist Yeotmal",2600,1700,2377,Maharashtra,Other
2026-08-10,Wheat,1,Nanded,Non-FAQ,APMC Loha ,2475,2400,2421,Maharashtra,Other
2026-08-10,Wheat,1,Amarawati,Non-FAQ,APMC Daryapur ,2450,2400,2425,Maharashtra,Other
2026-08-10,Wheat,1,Buldhana,FAQ,APMC Deoulgaon Raja ,2601,2601,2601,Maharashtra,Other
2026-08-10,Wheat,1,Nanded,Non-FAQ,APMC Bhokar ,2375,2200,2288,Maharashtra,Other
2026-08-10,Wheat,1,Ahilyanagar,Non-FAQ,Shrirampur(Belapur) APMC,2300,2200,2250,Maharashtra,Other
2026-08-10,Wheat,1,Buldhana,FAQ,APMC Shegaon ,2625,2625,2625,Maharashtra,Other
2026-08-10,Wheat,1,Dharashiv,Non-FAQ,APMC Paranda ,2350,2350,2350,Maharashtra,Other
2026-08-10,Wheat,1,Nandurbar,FAQ,APMC Nandurbar ,2729,2729,2729,Maharashtra,Other
2026-08-10,Wheat,1,Nandurbar,FAQ,APMC Shahada ,2793,2741,2772,Maharashtra,Other
2026-08-10,Wheat,1,Wardha,FAQ,Hinganghat APMC,2615,2585,2600,Maharashtra,Other
2026-08-10,Wheat,1,Solapur,FAQ,APMC Solapur ,4200,2630,3720,Maharashtra,Sharbati
2026-08-10,Wheat,1,Buldhana,Non-FAQ,Krushi Utpanna Bazar Samiti Shegaon,2550,2325,2460,Maharashtra,Other
2026-08-10,Wheat,1,Nashik,Non-FAQ,APMC Manmad ,2584,2571,2571,Maharashtra,Other
2026-08-10,Wheat,1,Solapur,FAQ,Kurdwadi(Modnimb) APMC,3000,2590,2800,Maharashtra,Other
2026-08-10,Wheat,1,Beed,FAQ,APMC Gevrai ,2700,2600,2650,Maharashtra,Other
2026-08-10,Wheat,1,Palghar,FAQ,Ulhasnagar APMC,3400,3000,3200,Maharashtra,Other
2026-08-10,Wheat,1,Buldhana,Non-FAQ,APMC Khamgaon ,2575,2375,2450,Maharashtra,Other
2026-08-10,Wheat,1,Dhule,FAQ,Dondaicha (Sindhkheda) ,2600,2600,2600,Maharashtra,Other
2026-08-11,Wheat,1,Nashik,FAQ,APMC Devala ,2685,2650,2675,Maharashtra,Maharashtra 2189
2026-08-11,Wheat,1,Beed,FAQ,APMC Kada ,2900,2700,2800,Maharashtra,Other
2026-08-11,Wheat,1,Nagpur,FAQ,Nagpur APMC,3500,3200,3425,Maharashtra,Sharbati
2026-08-11,Wheat,1,Nagpur,FAQ,APMC Nagpur ,2640,2585,2626,Maharashtra,Other
2026-08-11,Wheat,1,Jalgaon,Non-FAQ,APMC Chalisgaon ,2575,2400,2431,Maharashtra,Other
2026-08-11,Wheat,1,Pune,Non-FAQ,APMC Shirur ,2500,2400,2500,Maharashtra,Other
2026-08-11,Wheat,1,Wardha,FAQ,Wardha APMC,2725,2665,2700,Maharashtra,Other
2026-08-11,Wheat,1,Nandurbar,FAQ,Shahada APMC,2785,2600,2750,Maharashtra,Other
2026-08-11,Wheat,1,Jalna,Non-FAQ,Bhokardan(Pimpalgaon Renu) APMC,2300,2200,2250,Maharashtra,Other
2026-08-11,Wheat,1,Amarawati,Non-FAQ,Achalpur APMC,2550,2400,2475,Maharashtra,Other
2026-08-11,Wheat,1,Akola,FAQ,Akola APMC,2625,2585,2600,Maharashtra,Other
2026-08-11,Wheat,1,Ahilyanagar,FAQ,Rahata APMC,2700,2700,2700,Maharashtra,Other
2026-08-11,Wheat,1,Wardha,FAQ,Ashti(Karanja) APMC,2635,2585,2600,Maharashtra,Other
2026-08-11,Wheat,1,Dhule,FAQ,Shirpur APMC,2721,2671,2721,Maharashtra,Other
2026-08-11,Wheat,1,Latur,Non-FAQ,Ahmedpur APMC,2566,2500,2551,Maharashtra,Other
2026-08-11,Wheat,1,Washim,FAQ,Karanja APMC,2670,2585,2625,Maharashtra,Other
2026-08-11,Wheat,1,Nagpur,Non-FAQ,Agriculture Produce Market Committee Katol,2570,2550,2560,Maharashtra,Other
2026-08-11,Wheat,1,Nashik,FAQ,Lasalgaon(Niphad) ,2750,2700,2715,Maharashtra,Maharashtra 2189
2026-08-11,Wheat,1,Ahilyanagar,Non-FAQ,Shrirampur(Belapur) APMC,2400,2300,2350,Maharashtra,Other
2026-08-11,Wheat,1,Nandurbar,FAQ,APMC Nandurbar,2685,2620,2650,Maharashtra,Other
2026-08-11,Wheat,1,Ahilyanagar,FAQ,APMC Ahilyanagar ,2800,2600,2700,Maharashtra,Other
2026-08-11,Wheat,1,Solapur,FAQ,APMC Solapur ,4205,2635,3725,Maharashtra,Sharbati
2026-08-11,Wheat,1,Beed,FAQ,APMC Majalgaon ,2651,2588,2597,Maharashtra,Other
2026-08-11,Wheat,1,Akola,FAQ,Akot APMC,2600,2600,2600,Maharashtra,147 Average
2026-08-11,Wheat,1,Jalgaon,FAQ,APMC PACHORA,2613,2585,2600,Maharashtra,Other
2026-08-11,Wheat,1,Chattrapati Sambhajinagar,Non-FAQ,APMC Sillod ,2570,2450,2500,Maharashtra,Other
2026-08-11,Wheat,1,Washim,Local,"Krushna Krishi Bazar, Washim",2600,2000,2455,Maharashtra,Other
2026-08-11,Wheat,1,Ahilyanagar,FAQ,APMC Jamkhed ,2700,2600,2650,Maharashtra,Other
2026-08-11,Wheat,1,Dhule,FAQ,APMC Shirpur ,2721,2671,2721,Maharashtra,Other
2026-08-11,Wheat,1,Dhule,Non-FAQ,APMC Shirpur ,2526,2526,2526,Maharashtra,Other
2026-08-11,Wheat,1,Latur,Non-FAQ,APMC Ahmedpur ,2566,2500,2551,Maharashtra,Other
2026-08-11,Wheat,1,Nashik,FAQ,APMC Sinner ,2695,2605,2650,Maharashtra,Other
2026-08-11,Wheat,1,Yavatmal,FAQ,APMC Yavatmal ,2615,2595,2605,Maharashtra,Other
2026-08-11,Wheat,1,Ahilyanagar,FAQ,Rahuri(Vambori) APMC,2726,2600,2651,Maharashtra,Other
2026-08-11,Wheat,1,Parbhani,Non-FAQ,APMC Parbhani ,2500,2000,2300,Maharashtra,Other
2026-08-11,Wheat,1,Amarawati,FAQ,Amarawati APMC,2700,2585,2642,Maharashtra,Other
2026-08-11,Wheat,1,Jalgaon,Non-FAQ,APMC Parola ,2500,2450,2500,Maharashtra,Kalyan
2026-08-11,Wheat,1,Jalna,Non-FAQ,APMC Jalana ,2550,2550,2550,Maharashtra,Other
2026-08-11,Wheat,1,Jalna,FAQ,Jalana APMC,2825,2630,2630,Maharashtra,Other
2026-08-11,Wheat,1,Latur,Non-FAQ,Latur(Murud) ,2584,2200,2400,Maharashtra,Maharashtra 2189
2026-08-11,Wheat,1,Nandurbar,FAQ,APMC Shahada ,2785,2600,2750,Maharashtra,Other
2026-08-12,Wheat,1,Ahilyanagar,FAQ,Pathardi APMC,2800,2585,2690,Maharashtra,Maharashtra 2189
2026-08-12,Wheat,1,Ahilyanagar,FAQ,Rahuri(Vambori) ,2700,2610,2650,Maharashtra,Other
2026-08-12,Wheat,1,Nashik,FAQ,Lasalgaon APMC,2735,2645,2685,Maharashtra,Maharashtra 2189
2026-08-12,Wheat,1,Ahilyanagar,FAQ,Shevgaon APMC,2700,2600,2600,Maharashtra,Maharashtra 2189
2026-08-12,Wheat,1,Pune,FAQ,Nira(Saswad) ,3200,2600,2900,Maharashtra,Other
2026-08-12,Wheat,1,Nagpur,Non-FAQ,APMC Nagpur ,2584,2550,2575,Maharashtra,Other
2026-08-12,Wheat,1,Nashik,FAQ,APMC Satana ,2825,2717,2780,Maharashtra,Other
2026-08-12,Wheat,1,Palghar,FAQ,Kalyan APMC,3600,3000,3300,Maharashtra,Sharbati
2026-08-12,Wheat,1,Nagpur,FAQ,Nagpur APMC,3300,3200,3275,Maharashtra,Sharbati
2026-08-12,Wheat,1,Chattrapati Sambhajinagar,FAQ,APMC Vaijpur ,2760,2585,2700,Maharashtra,Other
2026-08-12,Wheat,1,Yavatmal,Non-FAQ,APMC Digras ,2575,2340,2435,Maharashtra,Other
2026-08-12,Wheat,1,Dhule,FAQ,APMC Shirpur ,2680,2592,2625,Maharashtra,Other
2026-08-12,Wheat,1,Palghar,FAQ,APMC Palghar ,3450,3450,3450,Maharashtra,Other
2026-08-12,Wheat,1,Solapur,FAQ,APMC Solapur ,4210,2630,3730,Maharashtra,Sharbati
2026-08-12,Wheat,1,Ahilyanagar,FAQ,APMC Kopargaon ,2826,2675,2713,Maharashtra,Other
2026-08-12,Wheat,1,Buldhana,Non-FAQ,Mehekar APMC,2500,2000,2300,Maharashtra,Other
2026-08-12,Wheat,1,Buldhana,Non-FAQ,APMC Mehekar ,2500,2000,2300,Maharashtra,Other
2026-08-12,Wheat,1,Mumbai,FAQ,Mumbai APMC,4600,2900,3750,Maharashtra,Other
2026-08-12,Wheat,1,Nashik,Non-FAQ,Manmad APMC,2584,2521,2521,Maharashtra,Other
2026-08-12,Wheat,1,Ahilyanagar,FAQ,Rahuri(Vambori) APMC,2700,2610,2650,Maharashtra,Other
2026-08-12,Wheat,1,Yavatmal,Non-FAQ,Vani APMC,2200,2200,2200,Maharashtra,Other
2026-08-12,Wheat,1,Buldhana,FAQ,Malkapur APMC,2655,2605,2625,Maharashtra,Other
2026-08-12,Wheat,1,Chattrapati Sambhajinagar,FAQ,Chattrapati Sambhajinagar APMC,2861,2600,2730,Maharashtra,Other
2026-08-12,Wheat,1,Yavatmal,FAQ,APMC Yavatmal ,2600,2600,2600,Maharashtra,Other
2026-08-12,Wheat,1,Nagpur,Non-FAQ,Nagpur APMC,2584,2550,2575,Maharashtra,Other
2026-08-12,Wheat,1,Dhule,Non-FAQ,Dondaicha APMC,2500,2000,2200,Maharashtra,Other
2026-08-12,Wheat,1,Pune,Non-FAQ,APMC Shirur ,2581,2550,2581,Maharashtra,Other
2026-08-12,Wheat,1,Buldhana,Non-FAQ,APMC Deoulgaon Raja ,2525,2500,2525,Maharashtra,Other
2026-08-12,Wheat,1,Dhule,FAQ,APMC Dondaicha ,2735,2596,2715,Maharashtra,Other
2026-08-12,Wheat,1,Wardha,FAQ,Wardha APMC,2700,2650,2675,Maharashtra,Other
2026-08-13,Wheat,1,Nashik,Non-FAQ,Lasalgaon APMC,2400,2000,2400,Maharashtra,Maharashtra 2189
2026-08-13,Wheat,1,Washim,Non-FAQ,Washim(Ansing) APMC,2570,2350,2450,Maharashtra,Maharashtra 2189
2026-08-13,Wheat,1,Nagpur,FAQ,Nagpur APMC,3300,3200,3275,Maharashtra,Sharbati
2026-08-13,Wheat,1,Nanded,FAQ,Nanded APMC,2610,2590,2590,Maharashtra,Sharbati
2026-08-13,Wheat,1,Yavatmal,Local,"Shekari Krushi Khajgi Bazar, Arni, Dist Yavatmal",2570,2412,2500,Maharashtra,Other
2026-08-13,Wheat,1,Ahilyanagar,Non-FAQ,Shrirampur(Belapur) APMC,2300,2200,2250,Maharashtra,Other
2026-08-13,Wheat,1,Ahilyanagar,FAQ,Ahilyanagar APMC,2750,2650,2700,Maharashtra,Other
2026-08-13,Wheat,1,Beed,Non-FAQ,APMC Beed ,2580,2300,2454,Maharashtra,Other
2026-08-13,Wheat,1,Washim,Non-FAQ,APMC Malegaon(Washim) ,2500,2000,2300,Maharashtra,Other
2026-08-13,Wheat,1,Wardha,Non-FAQ,Sindi (Selu),2580,2400,2500,Maharashtra,Other
2026-08-13,Wheat,1,Jalgaon,FAQ,APMC Pachora ,2624,2585,2600,Maharashtra,Other
2026-08-13,Wheat,1,Jalgaon,Non-FAQ,APMC Pachora ,2580,2563,2575,Maharashtra,Other
2026-08-13,Wheat,1,Ahilyanagar,FAQ,APMC Shrirampur ,2675,2600,2650,Maharashtra,Other
2026-08-13,Wheat,1,Nagpur,FAQ,APMC Katol ,2600,2600,2600,Maharashtra,Other
2026-08-13,Wheat,1,Dhule,Non-FAQ,APMC Shirpur ,2401,2401,2401,Maharashtra,Other
2026-08-13,Wheat,1,Latur,Non-FAQ,Nilanga APMC,2450,2200,2300,Maharashtra,Maharashtra 2189
2026-08-13,Wheat,1,Ahilyanagar,FAQ,APMC Kopargaon ,2709,2601,2660,Maharashtra,Other
2026-08-13,Wheat,1,Mumbai,FAQ,APMC Mumbai ,4600,2900,3750,Maharashtra,Other
2026-08-13,Wheat,1,Kolhapur,FAQ,Kolhapur(Laxmipuri) ,4250,3000,3625,Maharashtra,Other
2026-08-13,Wheat,1,Nagpur,FAQ,APMC Nagpur ,2630,2585,2618,Maharashtra,Other
2026-08-13,Wheat,1,Buldhana,FAQ,APMC Malkapur ,2640,2600,2610,Maharashtra,Other
2026-08-13,Wheat,1,Solapur,Non-FAQ,APMC Barshi ,2550,2550,2550,Maharashtra,Other
2026-08-13,Wheat,1,Dharashiv,FAQ,Kalamb (Dharashiv) APMC,2630,2630,2630,Maharashtra,Maharashtra 2189
2026-08-13,Wheat,1,Solapur,FAQ,APMC Solapur ,4215,2635,3735,Maharashtra,Sharbati
2026-08-13,Wheat,1,Ahilyanagar,Non-FAQ,Jamkhed APMC,2500,2300,2400,Maharashtra,Other
2026-08-13,Wheat,1,Yavatmal,Non-FAQ,Digras APMC,2550,2550,2550,Maharashtra,Other
2026-08-13,Wheat,1,Nashik,FAQ,Satana APMC,2727,2660,2695,Maharashtra,Other
2026-08-13,Wheat,1,Pune,Non-FAQ,APMC Baramati ,2580,2317,2500,Maharashtra,Kalyan
2026-08-13,Wheat,1,Dharashiv,Non-FAQ,Tuljapur APMC,2580,2400,2500,Maharashtra,Other
2026-08-13,Wheat,1,Parbhani,Non-FAQ,Parbhani APMC,2500,2200,2300,Maharashtra,Other
2026-08-13,Wheat,1,Jalgaon,FAQ,APMC CHOPADA,2741,2591,2741,Maharashtra,Other
2026-08-13,Wheat,1,Dhule,Non-FAQ,Sakri APMC,2490,2490,2490,Maharashtra,Other
2026-08-13,Wheat,1,Ahilyanagar,FAQ,Rahata APMC,2798,2600,2675,Maharashtra,Other
2026-08-13,Wheat,1,Buldhana,FAQ,Deoulgaon Raja APMC,2671,2671,2671,Maharashtra,Other
2026-08-13,Wheat,1,Chattrapati Sambhajinagar,FAQ,APMC Vaijpur ,2745,2645,2710,Maharashtra,Other
2026-08-13,Wheat,1,Beed,FAQ,Gevrai APMC,2687,2600,2650,Maharashtra,Other
2026-08-13,Wheat,1,Nashik,Non-FAQ,Malegaon APMC,2580,1851,2575,Maharashtra,Other
2026-08-13,Wheat,1,Buldhana,Local,"Bsk Krishi Bazar Private Limited, Mehkar, Dist Buldhana",2650,2500,2630,Maharashtra,Other
2026-08-13,Wheat,1,Solapur,FAQ,Barshi APMC,3000,2800,2800,Maharashtra,Other
2026-08-13,Wheat,1,Buldhana,Non-FAQ,Krushi Utpanna Bazar Samiti Shegaon,2375,2375,2375,Maharashtra,Other
2026-08-13,Wheat,1,Solapur,FAQ,Karmala APMC,2675,2600,2650,Maharashtra,Other
2026-08-13,Wheat,1,Nagpur,FAQ,APMC Nagpur ,3300,3200,3275,Maharashtra,Sharbati
2026-08-13,Wheat,1,Parbhani,FAQ,APMC Manwat ,2670,2650,2660,Maharashtra,Other
2026-08-13,Wheat,1,Beed,FAQ,APMC Kada ,3000,2600,2850,Maharashtra,Other
2026-08-14,Wheat,1,Solapur,FAQ,Barshi(Vairag) ,2625,2600,2600,Maharashtra,Other
2026-08-14,Wheat,1,Beed,Non-FAQ,Kille Dharur APMC,2570,2410,2551,Maharashtra,Other
2026-08-14,Wheat,1,Chattrapati Sambhajinagar,FAQ,Gangapur APMC,2675,2634,2634,Maharashtra,Other
2026-08-14,Wheat,1,Nagpur,FAQ,APMC Katol ,2590,2585,2590,Maharashtra,Other
2026-08-14,Wheat,1,Washim,Local,"Krushna Krishi Bazar, Washim",2650,2000,2604,Maharashtra,Other
2026-08-14,Wheat,1,Nandurbar,FAQ,Shahada APMC,2851,2640,2705,Maharashtra,Other
2026-08-14,Wheat,1,Amarawati,FAQ,Amarawati APMC,2700,2586,2643,Maharashtra,Other
2026-08-14,Wheat,1,Buldhana,Non-FAQ,APMC Lonar ,2424,2350,2387,Maharashtra,Other
2026-08-14,Wheat,1,Beed,Non-FAQ,APMC Gevrai ,2500,2500,2500,Maharashtra,Other
2026-08-14,Wheat,1,Solapur,FAQ,Barshi(Vairag) APMC,2625,2600,2600,Maharashtra,Other
2026-08-14,Wheat,1,Beed,FAQ,APMC Majalgaon ,2700,2600,2631,Maharashtra,Other
2026-08-14,Wheat,1,Nagpur,FAQ,APMC Nagpur ,2634,2585,2621,Maharashtra,Other
2026-08-14,Wheat,1,Parbhani,FAQ,APMC Gangakhed ,2700,2650,2650,Maharashtra,Other
2026-08-14,Wheat,1,Beed,Non-FAQ,Beed APMC,2550,2360,2456,Maharashtra,Other
2026-08-14,Wheat,1,Buldhana,Non-FAQ,APMC Mehekar ,2500,2000,2300,Maharashtra,Other
2026-08-14,Wheat,1,Nagpur,FAQ,APMC Nagpur ,3500,3200,3425,Maharashtra,Sharbati
2026-08-14,Wheat,1,Nashik,FAQ,APMC Yeola ,2800,2652,2700,Maharashtra,Maharashtra 2189
2026-08-14,Wheat,1,Akola,Non-FAQ,Patur APMC,2548,2200,2548,Maharashtra,Maharashtra 2189
2026-08-14,Wheat,1,Dharashiv,Non-FAQ,Murum APMC,2500,2317,2394,Maharashtra,Bansi
2026-08-14,Wheat,1,Chattrapati Sambhajinagar,Non-FAQ,APMC Sillod ,2550,2470,2500,Maharashtra,Other
2026-08-14,Wheat,1,Jalgaon,Non-FAQ,APMC Parola ,2526,2211,2450,Maharashtra,Kalyan
2026-08-14,Wheat,1,Dharashiv,FAQ,Kalamb (Dharashiv) APMC,2700,2700,2700,Maharashtra,Maharashtra 2189
2026-08-14,Wheat,1,Chattrapati Sambhajinagar,FAQ,APMC Gangapur ,2675,2634,2634,Maharashtra,Other
2026-08-14,Wheat,1,Solapur,FAQ,Karmala APMC,2700,2600,2651,Maharashtra,Other
2026-08-14,Wheat,1,Beed,FAQ,APMC Kille Dharur ,2671,2599,2600,Maharashtra,Other
2026-08-14,Wheat,1,Akola,Non-FAQ,APMC Murtizapur ,2580,2200,2390,Maharashtra,Other
2026-08-14,Wheat,1,Amarawati,Non-FAQ,APMC Achalpur ,2500,2400,2450,Maharashtra,Other
2026-08-14,Wheat,1,Parbhani,Non-FAQ,Tadkalas APMC,2550,2200,2400,Maharashtra,Other
2026-08-15,Wheat,1,Ahilyanagar,FAQ,Rahata APMC,2650,2650,2650,Maharashtra,Other
2026-08-15,Wheat,1,Ahilyanagar,FAQ,APMC Rahata ,2650,2650,2650,Maharashtra,Other
2026-08-15,Wheat,1,Chattrapati Sambhajinagar,FAQ,APMC Paithan ,2637,2616,2620,Maharashtra,Bansi
2026-08-16,Wheat,1,Akola,Non-FAQ,APMC Balapur ,2550,2450,2500,Maharashtra,Other
2026-08-16,Wheat,1,Chattrapati Sambhajinagar,Non-FAQ,APMC Kannad ,2580,2400,2525,Maharashtra,Other
2026-08-16,Wheat,1,Chattrapati Sambhajinagar,FAQ,APMC Paithan ,2732,2585,2600,Maharashtra,Bansi
2026-08-16,Wheat,1,Akola,FAQ,APMC Balapur ,2625,2585,2600,Maharashtra,Other
2026-08-17,Wheat,1,Nagpur,FAQ,APMC Nagpur ,2632,2585,2620,Maharashtra,Other
2026-08-17,Wheat,1,Ahilyanagar,FAQ,Jamkhed APMC,2650,2600,2625,Maharashtra,Other
2026-08-17,Wheat,1,Mumbai,FAQ,APMC Mumbai ,4600,2900,3750,Maharashtra,Other
2026-08-17,Wheat,1,Dhule,Non-FAQ,APMC Shirpur ,2502,2502,2502,Maharashtra,Other
2026-08-17,Wheat,1,Mumbai,FAQ,Mumbai APMC,4600,2900,3750,Maharashtra,Other
2026-08-17,Wheat,1,Nandurbar,Non-FAQ,APMC Nandurbar,2143,2143,2143,Maharashtra,Other
2026-08-17,Wheat,1,Beed,Non-FAQ,Kaij APMC,2552,2500,2512,Maharashtra,Other
2026-08-17,Wheat,1,Chattrapati Sambhajinagar,Non-FAQ,Lasur Station APMC,2001,2001,2001,Maharashtra,Other
2026-08-17,Wheat,1,Pune,Non-FAQ,Indapur APMC,2500,2251,2500,Maharashtra,Other
2026-08-17,Wheat,1,Beed,Non-FAQ,Gevrai APMC,2560,2500,2550,Maharashtra,Other
2026-08-17,Wheat,1,Solapur,FAQ,Kurdwadi(Modnimb) APMC,2700,2590,2600,Maharashtra,Other
2026-08-17,Wheat,1,Parbhani,Non-FAQ,APMC Parbhani ,2500,2100,2300,Maharashtra,Other
2026-08-17,Wheat,1,Chattrapati Sambhajinagar,Non-FAQ,APMC Lasur Station ,2001,2001,2001,Maharashtra,Other
2026-08-17,Wheat,1,Solapur,Non-FAQ,Karmala APMC,2575,2575,2575,Maharashtra,Other
2026-08-17,Wheat,1,Nandurbar,FAQ,APMC Nandurbar ,2700,2700,2700,Maharashtra,Other
2026-08-17,Wheat,1,Nashik,FAQ,Lasalgaon(Niphad) APMC,2708,2591,2690,Maharashtra,Maharashtra 2189
2026-08-17,Wheat,1,Ahilyanagar,FAQ,Shevgaon APMC,2600,2600,2600,Maharashtra,Maharashtra 2189
2026-08-17,Wheat,1,Nashik,Non-FAQ,Malegaon APMC,2580,2201,2570,Maharashtra,Other
2026-08-17,Wheat,1,Thane,FAQ,APMC Ulhasnagar ,3600,3200,3400,Maharashtra,Other
2026-08-17,Wheat,1,Dhule,Non-FAQ,Shirpur APMC,2502,2502,2502,Maharashtra,Other
2026-08-17,Wheat,1,Nagpur,FAQ,Nagpur APMC,3500,3200,3425,Maharashtra,Sharbati
2026-08-17,Wheat,1,Ahilyanagar,FAQ,APMC Jamkhed ,2650,2600,2625,Maharashtra,Other
2026-08-17,Wheat,1,Beed,Non-FAQ,APMC Patoda ,2500,2200,2400,Maharashtra,Other
2026-08-17,Wheat,1,Dhule,Non-FAQ,APMC Dondaicha ,2550,2500,2500,Maharashtra,Other
2026-08-17,Wheat,1,Buldhana,Non-FAQ,APMC Khamgaon ,2550,2350,2450,Maharashtra,Other
2026-08-18,Wheat,1,Nanded,Non-FAQ,Bhokar APMC,2400,2300,2350,Maharashtra,Other
2026-08-18,Wheat,1,Dhule,Non-FAQ,Dondaicha APMC,2551,2500,2550,Maharashtra,Other
2026-08-18,Wheat,1,Sangli,FAQ,Tasgaon APMC,3250,2780,3080,Maharashtra,Other
2026-08-18,Wheat,1,Amarawati,FAQ,Amarawati APMC,2700,2585,2642,Maharashtra,Other
2026-08-18,Wheat,1,Thane,FAQ,APMC Kalyan ,3600,3000,3300,Maharashtra,Sharbati
2026-08-18,Wheat,1,Buldhana,Non-FAQ,Mehekar APMC,2500,2000,2300,Maharashtra,Other
2026-08-18,Wheat,1,Washim,FAQ,Karanja APMC,2665,2620,2620,Maharashtra,Other
2026-08-18,Wheat,1,Jalgaon,FAQ,APMC PACHORA,2600,2585,2590,Maharashtra,Other
2026-08-18,Wheat,1,Chattrapati Sambhajinagar,FAQ,Paithan APMC,2740,2740,2740,Maharashtra,Bansi
2026-08-18,Wheat,1,Yavatmal,Non-FAQ,Yavatmal APMC,2580,2565,2575,Maharashtra,Other
2026-08-18,Wheat,1,Nagpur,Non-FAQ,Agriculture Produce Market Committee Katol,2580,2580,2580,Maharashtra,Other
2026-08-18,Wheat,1,Latur,Non-FAQ,Aurad Shahajani APMC,2531,2500,2515,Maharashtra,Maharashtra 2189
2026-08-18,Wheat,1,Bhandara,Non-FAQ,Bhandara APMC,2400,2000,2280,Maharashtra,Maharashtra 2189
2026-08-18,Wheat,1,Ahilyanagar,Non-FAQ,Karjat(Rashin) APMC,2500,2300,2400,Maharashtra,Other
2026-08-18,Wheat,1,Nashik,FAQ,Lasalgaon(Niphad) APMC,2725,2676,2700,Maharashtra,Maharashtra 2189
2026-08-18,Wheat,1,Chattrapati Sambhajinagar,Non-FAQ,Lasur Station APMC,2500,2500,2500,Maharashtra,Other
2026-08-18,Wheat,1,Ahilyanagar,Non-FAQ,Rahuri(Vambori) APMC,2570,2570,2570,Maharashtra,Other
2026-08-18,Wheat,1,Palghar,FAQ,Kalyan APMC,3600,3000,3300,Maharashtra,Sharbati
2026-08-18,Wheat,1,Amarawati,Non-FAQ,APMC Chandur Railway ,2480,2480,2480,Maharashtra,Other
2026-08-18,Wheat,1,Nagpur,Non-FAQ,APMC Savner ,2425,2425,2425,Maharashtra,Other
2026-08-18,Wheat,1,Chattrapati Sambhajinagar,Non-FAQ,APMC Lasur Station ,2500,2500,2500,Maharashtra,Other
2026-08-18,Wheat,1,Pune,Non-FAQ,APMC Shirur ,2550,2400,2500,Maharashtra,Other
2026-08-18,Wheat,1,Ahilyanagar,FAQ,APMC Rahata ,2650,2650,2650,Maharashtra,Other
2026-08-18,Wheat,1,Jalgaon,FAQ,APMC Amalner ,2612,2585,2612,Maharashtra,Other
2026-08-18,Wheat,1,Chattrapati Sambhajinagar,FAQ,APMC Gangapur ,2633,2610,2615,Maharashtra,Other
2026-08-18,Wheat,1,Amarawati,Non-FAQ,APMC Anajngaon ,2500,2200,2400,Maharashtra,Other
2026-08-18,Wheat,1,Nashik,FAQ,APMC Devala ,2705,2675,2695,Maharashtra,Maharashtra 2189
2026-08-18,Wheat,1,Yavatmal,Non-FAQ,APMC Umarkhed ,2350,2200,2300,Maharashtra,Other
2026-08-18,Wheat,1,Ahilyanagar,Non-FAQ,Shrirampur(Belapur) ,2300,2200,2250,Maharashtra,Other
2026-08-18,Wheat,1,Nashik,Non-FAQ,APMC Manmad ,2584,2570,2570,Maharashtra,Other
2026-08-18,Wheat,1,Ahilyanagar,FAQ,APMC Shrirampur ,2625,2585,2600,Maharashtra,Other
2026-08-18,Wheat,1,Dharashiv,Non-FAQ,APMC Murum ,2371,2371,2371,Maharashtra,Bansi
2026-08-18,Wheat,1,Ahilyanagar,Non-FAQ,Karjat(Rashin) ,2500,2300,2400,Maharashtra,Other
2026-08-18,Wheat,1,Nashik,FAQ,APMC Sinner ,2700,2585,2680,Maharashtra,Other
2026-08-18,Wheat,1,Thane,FAQ,APMC Ulhasnagar ,3600,3200,3400,Maharashtra,Other
2026-08-18,Wheat,1,Amarawati,Non-FAQ,APMC Achalpur ,2500,2400,2450,Maharashtra,Other
2026-08-19,Wheat,1,Ahilyanagar,FAQ,APMC Rahuri ,2650,2600,2625,Maharashtra,Other
2026-08-19,Wheat,1,Jalgaon,Non-FAQ,APMC Pachora ,2580,2255,2350,Maharashtra,Other
2026-08-19,Wheat,1,Washim,FAQ,Mangrulpeer APMC,2615,2585,2590,Maharashtra,Other
2026-08-19,Wheat,1,Yavatmal,Local,KISAN MARKET YARD,2595,2400,2579,Maharashtra,Other
2026-08-19,Wheat,1,Wardha,Non-FAQ,APMC Wardha ,2570,2570,2570,Maharashtra,Other
2026-08-19,Wheat,1,Beed,Non-FAQ,Parali Vaijyanath APMC,2400,2400,2400,Maharashtra,Other
2026-08-19,Wheat,1,Latur,Non-FAQ,Nilanga APMC,2430,2200,2300,Maharashtra,Maharashtra 2189
2026-08-19,Wheat,1,Bhandara,Non-FAQ,Tumsar APMC,2535,2535,2535,Maharashtra,Other
2026-08-19,Wheat,1,Dhule,Non-FAQ,Shirpur APMC,2400,2400,2400,Maharashtra,Other
2026-08-19,Wheat,1,Wardha,FAQ,Wardha APMC,2700,2600,2650,Maharashtra,Other
2026-08-19,Wheat,1,Sangli,FAQ,APMC Sangli ,4000,2800,3400,Maharashtra,Other
2026-08-19,Wheat,1,Hingoli,Non-FAQ,APMC Hingoli ,2500,2050,2275,Maharashtra,Sharbati
2026-08-19,Wheat,1,Chattrapati Sambhajinagar,FAQ,APMC Gangapur ,2630,2613,2613,Maharashtra,Other
2026-08-19,Wheat,1,Nagpur,Non-FAQ,APMC Nagpur ,2584,2538,2572,Maharashtra,Other
2026-08-19,Wheat,1,Beed,FAQ,Gevrai APMC,2800,2650,2700,Maharashtra,Other
2026-08-19,Wheat,1,Nagpur,Non-FAQ,Agriculture Produce Market Committee Katol,2580,2580,2580,Maharashtra,Other
2026-08-19,Wheat,1,Beed,FAQ,APMC Gevrai ,2800,2650,2700,Maharashtra,Other
2026-08-19,Wheat,1,Amarawati,FAQ,Amarawati APMC,2700,2585,2642,Maharashtra,Other
2026-08-19,Wheat,1,Nagpur,Non-FAQ,APMC Katol ,2580,2580,2580,Maharashtra,Other
2026-08-19,Wheat,1,Latur,Non-FAQ,APMC Nilanga ,2430,2200,2300,Maharashtra,Maharashtra 2189
2026-08-19,Wheat,1,Chattrapati Sambhajinagar,FAQ,APMC Paithan ,2680,2585,2611,Maharashtra,Bansi
2026-08-19,Wheat,1,Akola,FAQ,Murtizapur APMC,2645,2590,2620,Maharashtra,Other
2026-08-19,Wheat,1,Amarawati,Non-FAQ,APMC Dhamngaon-Railway ,2500,2400,2490,Maharashtra,Other
2026-08-19,Wheat,1,Beed,FAQ,APMC Majalgaon ,2625,2592,2601,Maharashtra,Other
2026-08-19,Wheat,1,Beed,FAQ,Majalgaon APMC,2625,2592,2601,Maharashtra,Other
2026-08-19,Wheat,1,Amarawati,Non-FAQ,Dhamngaon-Railway APMC,2500,2400,2490,Maharashtra,Other
2026-08-19,Wheat,1,Pune,FAQ,Nira(Saswad) APMC,3300,2800,3050,Maharashtra,Other
2026-08-20,Wheat,1,Parbhani,Non-FAQ,APMC Parbhani ,2450,2100,2350,Maharashtra,Other
2026-08-20,Wheat,1,Yavatmal,Non-FAQ,Vani APMC,2540,2525,2530,Maharashtra,Other
2026-08-20,Wheat,1,Jalna,FAQ,APMC Jalana ,2671,2595,2595,Maharashtra,Other
2026-08-20,Wheat,1,Buldhana,Non-FAQ,APMC Chikali ,2450,2050,2250,Maharashtra,Other
2026-08-20,Wheat,1,Chattrapati Sambhajinagar,Non-FAQ,Lasur Station APMC,2000,2000,2000,Maharashtra,Other
2026-08-20,Wheat,1,Nanded,Non-FAQ,APMC Loha ,2550,2200,2461,Maharashtra,Other
2026-08-20,Wheat,1,Nagpur,FAQ,APMC Nagpur ,2626,2585,2615,Maharashtra,Other
2026-08-20,Wheat,1,Nagpur,Non-FAQ,APMC Nagpur ,2584,2518,2567,Maharashtra,Other
2026-08-20,Wheat,1,Chattrapati Sambhajinagar,Non-FAQ,APMC Chattrapati Sambhajinagar ,2581,2475,2528,Maharashtra,Other
2026-08-20,Wheat,1,Nanded,Non-FAQ,Bhokar APMC,2380,2100,2240,Maharashtra,Other
2026-08-20,Wheat,1,Amarawati,Non-FAQ,Chandur Bazar APMC,2550,2350,2400,Maharashtra,Other
2026-08-20,Wheat,1,Kolhapur,FAQ,Kolhapur(Laxmipuri) APMC,4000,3100,3550,Maharashtra,Other
2026-08-20,Wheat,1,Washim,FAQ,APMC Manora ,2620,2590,2605,Maharashtra,Other
2026-08-20,Wheat,1,Buldhana,Non-FAQ,Motala APMC,2150,1800,2000,Maharashtra,Other
2026-08-20,Wheat,1,Pune,FAQ,APMC Shirur ,2800,2800,2800,Maharashtra,Other
2026-08-20,Wheat,1,Chattrapati Sambhajinagar,FAQ,APMC Gangapur ,2633,2613,2623,Maharashtra,Other
2026-08-20,Wheat,1,Chattrapati Sambhajinagar,FAQ,Paithan APMC,2725,2585,2615,Maharashtra,Bansi
2026-08-20,Wheat,1,Ahilyanagar,Non-FAQ,Shrirampur(Belapur) APMC,2400,2300,2350,Maharashtra,Other
2026-08-20,Wheat,1,Nanded,Non-FAQ,Kandhar APMC,2400,1900,2390,Maharashtra,Other
2026-08-20,Wheat,1,Buldhana,Non-FAQ,APMC Motala ,2150,1800,2000,Maharashtra,Other
2026-08-20,Wheat,1,Amarawati,FAQ,APMC Chandur Bazar ,2650,2650,2650,Maharashtra,Other
2026-08-20,Wheat,1,Buldhana,Non-FAQ,APMC Malkapur ,2400,2400,2400,Maharashtra,Other
2026-08-20,Wheat,1,Beed,Non-FAQ,Beed APMC,2551,2300,2414,Maharashtra,Other
2026-08-20,Wheat,1,Yavatmal,Local,"Mahesh Krushi Utpanna Bazar, Digras, Dist Yeotmal",2600,2550,2580,Maharashtra,Other
2026-08-20,Wheat,1,Ahilyanagar,FAQ,APMC Shrigonda ,2700,2600,2650,Maharashtra,Other
2026-08-20,Wheat,1,Dhule,Non-FAQ,APMC Dondaicha ,2550,2400,2485,Maharashtra,Other
2026-08-20,Wheat,1,Pune,Non-FAQ,APMC Shirur ,2550,2400,2500,Maharashtra,Other
2026-08-20,Wheat,1,Wardha,FAQ,APMC Wardha ,2690,2600,2650,Maharashtra,Other
2026-08-20,Wheat,1,Chattrapati Sambhajinagar,Non-FAQ,APMC Lasur Station ,2000,2000,2000,Maharashtra,Other
2026-08-20,Wheat,1,Amarawati,Non-FAQ,APMC Dhamngaon-Railway ,2500,2400,2490,Maharashtra,Other
2026-08-20,Wheat,1,Washim,Non-FAQ,Washim(Ansing) ,2550,2350,2450,Maharashtra,Maharashtra 2189
2026-08-20,Wheat,1,Latur,Non-FAQ,Aurad Shahajani APMC,2530,2225,2377,Maharashtra,Maharashtra 2189
2026-08-20,Wheat,1,Washim,Non-FAQ,APMC Washim ,2550,2380,2450,Maharashtra,Maharashtra 2189
2026-08-20,Wheat,1,Washim,FAQ,Washim APMC,2625,2585,2600,Maharashtra,Maharashtra 2189
2026-08-20,Wheat,1,Ahilyanagar,FAQ,Rahuri(Vambori) ,2675,2600,2622,Maharashtra,Other
2026-08-20,Wheat,1,Washim,FAQ,APMC Washim ,2625,2585,2600,Maharashtra,Maharashtra 2189
2026-08-20,Wheat,1,Kolhapur,FAQ,Kolhapur(Laxmipuri) ,4000,3100,3550,Maharashtra,Other
2026-08-20,Wheat,1,Ahilyanagar,FAQ,Shevgaon(Bodhegaon) APMC,2700,2600,2600,Maharashtra,Maharashtra 2189
2026-08-20,Wheat,1,Dhule,FAQ,APMC Sakri ,2621,2621,2621,Maharashtra,Other
2026-08-20,Wheat,1,Nashik,FAQ,Nandgaon APMC,2749,2600,2650,Maharashtra,Maharashtra 2189
2026-08-20,Wheat,1,Parbhani,FAQ,APMC Gangakhed ,2750,2700,2700,Maharashtra,Other
2026-08-20,Wheat,1,Solapur,FAQ,Karmala APMC,2702,2651,2675,Maharashtra,Other
2026-08-20,Wheat,1,Wardha,Non-FAQ,APMC Wardha ,2570,2570,2570,Maharashtra,Other
2026-08-20,Wheat,1,Yavatmal,FAQ,APMC Aarni ,2650,2585,2590,Maharashtra,Maharashtra 2189
2026-08-20,Wheat,1,Palghar,FAQ,Palghar APMC,3600,3600,3600,Maharashtra,Other
2026-08-20,Wheat,1,Yavatmal,Local,"Shekari Krushi Khajgi Bazar, Arni, Dist Yavatmal",2525,2476,2500,Maharashtra,Other
2026-08-20,Wheat,1,Palghar,FAQ,APMC Palghar ,3600,3600,3600,Maharashtra,Other
2026-08-20,Wheat,1,Nashik,FAQ,APMC Yeola ,2799,2650,2750,Maharashtra,Maharashtra 2189
2026-08-20,Wheat,1,Ahilyanagar,Non-FAQ,Karjat(Rashin) ,2500,2200,2350,Maharashtra,Other
2026-08-20,Wheat,1,Beed,Non-FAQ,APMC Gevrai ,2500,2400,2450,Maharashtra,Other
2026-08-21,Wheat,1,Jalgaon,FAQ,APMC Amalner ,2670,2585,2670,Maharashtra,Other
2026-08-21,Wheat,1,Ahilyanagar,FAQ,Rahuri APMC,2650,2600,2625,Maharashtra,Other
2026-08-21,Wheat,1,Nagpur,Non-FAQ,Nagpur APMC,2584,2560,2578,Maharashtra,Other
2026-08-21,Wheat,1,Nandurbar,FAQ,APMC Shahada ,2771,2625,2700,Maharashtra,Other
2026-08-21,Wheat,1,Yavatmal,FAQ,APMC Yavatmal ,2605,2590,2597,Maharashtra,Other
2026-08-21,Wheat,1,Jalna,FAQ,APMC Jalana ,2650,2600,2600,Maharashtra,Other
2026-08-21,Wheat,1,Buldhana,Non-FAQ,APMC Mehekar ,2500,2000,2300,Maharashtra,Other
2026-08-21,Wheat,1,Amarawati,Non-FAQ,Dhamngaon-Railway APMC,2500,2400,2490,Maharashtra,Other
2026-08-21,Wheat,1,Solapur,FAQ,APMC Karmala ,2700,2650,2670,Maharashtra,Other
2026-08-21,Wheat,1,Jalgaon,Non-FAQ,APMC Pachora ,2580,2500,2540,Maharashtra,Other
2026-08-21,Wheat,1,Wardha,FAQ,Wardha APMC,2675,2655,2665,Maharashtra,Other
2026-08-21,Wheat,1,Pune,FAQ,Shirur APMC,2800,2700,2750,Maharashtra,Other
2026-08-21,Wheat,1,Nagpur,FAQ,APMC Nagpur ,3500,3200,3425,Maharashtra,Sharbati
2026-08-21,Wheat,1,Nagpur,FAQ,Nagpur APMC,2632,2585,2620,Maharashtra,Other
2026-08-21,Wheat,1,Parbhani,Non-FAQ,Parbhani APMC,2500,2100,2300,Maharashtra,Other
2026-08-21,Wheat,1,Buldhana,Non-FAQ,Mehekar APMC,2500,2000,2300,Maharashtra,Other
2026-08-21,Wheat,1,Jalgaon,FAQ,APMC Pachora ,2601,2585,2590,Maharashtra,Other
2026-08-21,Wheat,1,Amarawati,FAQ,Amarawati APMC,2700,2585,2642,Maharashtra,Other
2026-08-21,Wheat,1,Jalgaon,FAQ,Amalner APMC,2670,2585,2670,Maharashtra,Other
2026-08-21,Wheat,1,Ahilyanagar,FAQ,Jamkhed APMC,2650,2600,2625,Maharashtra,Other
2026-08-21,Wheat,1,Nanded,Non-FAQ,Mudkhed APMC,2340,2340,2340,Maharashtra,Other
2026-08-21,Wheat,1,Dhule,FAQ,Dondaicha APMC,2725,2600,2700,Maharashtra,Other
2026-08-21,Wheat,1,Amarawati,Non-FAQ,Agricultural Produce Market Committee Nandgaon Khandeshwar,2575,2345,2460,Maharashtra,Other
2026-08-21,Wheat,1,Jalgaon,Non-FAQ,APMC Chopda ,2581,2581,2581,Maharashtra,Other
2026-08-21,Wheat,1,Jalna,Non-FAQ,Jafrabad APMC,2400,2200,2300,Maharashtra,Other
2026-08-21,Wheat,1,Solapur,Non-FAQ,Dudhani APMC,2550,2550,2550,Maharashtra,Maharashtra 2189
2026-08-21,Wheat,1,Bhandara,Non-FAQ,APMC Bhandara ,2400,2400,2400,Maharashtra,Maharashtra 2189
2026-08-21,Wheat,1,Yavatmal,FAQ,Digras APMC,2670,2585,2615,Maharashtra,Other
2026-08-21,Wheat,1,Yavatmal,Local,"Mahesh Krushi Utpanna Bazar, Digras, Dist Yeotmal",2600,2550,2583,Maharashtra,Other
2026-08-21,Wheat,1,Nashik,FAQ,APMC Manmad ,2731,2629,2635,Maharashtra,Other
2026-08-21,Wheat,1,Amarawati,Non-FAQ,APMC Chandur Railway ,2525,2450,2500,Maharashtra,Other
2026-08-21,Wheat,1,Buldhana,Non-FAQ,Jalgaon Jamod(Aasalgaon) APMC,2500,2200,2400,Maharashtra,Maharashtra 2189
2026-08-21,Wheat,1,Ahilyanagar,Non-FAQ,Shevgaon(Bodhegaon) APMC,2500,2400,2500,Maharashtra,Maharashtra 2189
2026-08-21,Wheat,1,Jalna,Non-FAQ,APMC Jafrabad,2400,2200,2300,Maharashtra,Other
2026-08-21,Wheat,1,Yavatmal,FAQ,APMC Digras ,2670,2585,2615,Maharashtra,Other
2026-08-21,Wheat,1,Dharashiv,FAQ,APMC Kalamb (Dharashiv) ,2601,2601,2601,Maharashtra,Maharashtra 2189
2026-08-21,Wheat,1,Nashik,FAQ,Devala APMC,2720,2600,2630,Maharashtra,Maharashtra 2189
2026-08-21,Wheat,1,Washim,Non-FAQ,APMC Washim ,2580,2400,2450,Maharashtra,Maharashtra 2189
2026-08-21,Wheat,1,Ahilyanagar,FAQ,APMC Kopargaon ,2665,2585,2635,Maharashtra,Other
2026-08-21,Wheat,1,Washim,FAQ,APMC Washim ,2600,2585,2590,Maharashtra,Maharashtra 2189
2026-08-21,Wheat,1,Beed,Non-FAQ,APMC Kille Dharur ,2551,2491,2491,Maharashtra,Other
2026-08-21,Wheat,1,Beed,FAQ,APMC Majalgaon ,2611,2591,2601,Maharashtra,Other
2026-08-21,Wheat,1,Wardha,Non-FAQ,APMC Hinganghat ,2580,2250,2420,Maharashtra,Other
2026-08-21,Wheat,1,Washim,FAQ,Washim APMC,2600,2585,2590,Maharashtra,Maharashtra 2189
2026-08-21,Wheat,1,Beed,Non-FAQ,APMC Parali Vaijyanath ,2400,2400,2400,Maharashtra,Other
2026-08-21,Wheat,1,Nashik,Non-FAQ,APMC Lasalgaon ,2500,2300,2400,Maharashtra,Maharashtra 2189
2026-08-21,Wheat,1,Buldhana,Non-FAQ,APMC Lonar ,2420,2350,2385,Maharashtra,Other
2026-08-21,Wheat,1,Latur,Non-FAQ,APMC Aurad Shahajani ,2584,2230,2400,Maharashtra,Maharashtra 2189
2026-08-21,Wheat,1,Solapur,Non-FAQ,APMC Dudhani ,2550,2550,2550,Maharashtra,Maharashtra 2189
2026-08-21,Wheat,1,Nashik,FAQ,APMC Yeola ,2750,2649,2700,Maharashtra,Maharashtra 2189
2026-08-22,Wheat,1,Nagpur,FAQ,Nagpur APMC,3500,3200,3425,Maharashtra,Sharbati
2026-08-22,Wheat,1,Nagpur,Non-FAQ,Nagpur APMC,2584,2540,2573,Maharashtra,Other
2026-08-22,Wheat,1,Solapur,FAQ,Dudhani APMC,2715,2600,2645,Maharashtra,Maharashtra 2189
2026-08-22,Wheat,1,Chattrapati Sambhajinagar,FAQ,Chattrapati Sambhajinagar APMC,2801,2585,2693,Maharashtra,Other
2026-08-22,Wheat,1,Chattrapati Sambhajinagar,FAQ,APMC Paithan ,2740,2585,2600,Maharashtra,Bansi
2026-08-22,Wheat,1,Latur,Non-FAQ,APMC Aurad Shahajani ,2518,2200,2359,Maharashtra,Maharashtra 2189
2026-08-22,Wheat,1,Solapur,FAQ,Akluj APMC,2600,2600,2600,Maharashtra,Other
2026-08-22,Wheat,1,Buldhana,FAQ,APMC Malkapur ,2630,2630,2630,Maharashtra,Other
2026-08-22,Wheat,1,Buldhana,Non-FAQ,APMC Khamgaon ,2575,2100,2338,Maharashtra,Other
2026-08-22,Wheat,1,Amarawati,Non-FAQ,APMC Achalpur ,2550,2400,2475,Maharashtra,Other
2026-08-22,Wheat,1,Solapur,FAQ,APMC Solapur ,4090,2640,3710,Maharashtra,Sharbati
2026-08-22,Wheat,1,Akola,FAQ,Akola APMC,2950,2590,2615,Maharashtra,Other
2026-08-22,Wheat,1,Jalna,FAQ,APMC Jalana ,2672,2672,2672,Maharashtra,Other
2026-08-22,Wheat,1,Nanded,Non-FAQ,APMC Bhokar ,2375,2300,2338,Maharashtra,Other
2026-08-22,Wheat,1,Akola,Non-FAQ,Telhara APMC,2580,2400,2480,Maharashtra,Other
2026-08-22,Wheat,1,Ahilyanagar,FAQ,Shevgaon(Bodhegaon) APMC,2700,2600,2600,Maharashtra,Maharashtra 2189
2026-08-22,Wheat,1,Ahilyanagar,Non-FAQ,Shevgaon APMC,2550,2550,2550,Maharashtra,Maharashtra 2189
2026-08-22,Wheat,1,Wardha,Non-FAQ,APMC SINDI BRANCH SELOO,2580,2400,2500,Maharashtra,Other
2026-08-22,Wheat,1,Ahilyanagar,FAQ,Rahata APMC,2700,2700,2700,Maharashtra,Other
2026-08-22,Wheat,1,Jalna,Non-FAQ,Jalana APMC,2580,2400,2580,Maharashtra,Other
2026-08-22,Wheat,1,Sangli,FAQ,APMC Sangli ,4500,3000,3750,Maharashtra,Other
2026-08-22,Wheat,1,Nashik,Non-FAQ,Malegaon APMC,2584,1900,2580,Maharashtra,Other
2026-08-22,Wheat,1,Jalgaon,Non-FAQ,Amalner APMC,2580,2400,2580,Maharashtra,Other
2026-08-22,Wheat,1,Nanded,Non-FAQ,Bhokar APMC,2375,2300,2338,Maharashtra,Other
2026-08-22,Wheat,1,Latur,Non-FAQ,Aurad Shahajani APMC,2518,2200,2359,Maharashtra,Maharashtra 2189
2026-08-22,Wheat,1,Chattrapati Sambhajinagar,FAQ,Gangapur APMC,2625,2612,2622,Maharashtra,Other
2026-08-22,Wheat,1,Ahilyanagar,FAQ,Shevgaon APMC,2650,2650,2650,Maharashtra,Maharashtra 2189
2026-08-22,Wheat,1,Wardha,FAQ,APMC Hinganghat ,2610,2585,2600,Maharashtra,Other
2026-08-22,Wheat,1,Washim,Non-FAQ,Washim APMC,2580,2325,2450,Maharashtra,Maharashtra 2189
2026-08-23,Wheat,1,Jalgaon,Non-FAQ,APMC Parola ,2550,2400,2400,Maharashtra,Kalyan
2026-08-23,Wheat,1,Chattrapati Sambhajinagar,FAQ,Paithan APMC,2876,2606,2626,Maharashtra,Bansi
2026-08-23,Wheat,1,Pune,FAQ,APMC Dound ,2650,2600,2600,Maharashtra,Maharashtra 2189
2026-08-23,Wheat,1,Pune,Non-FAQ,APMC Dound ,2000,2000,2000,Maharashtra,Maharashtra 2189
2026-08-24,Wheat,1,Nandurbar,FAQ,APMC Shahada ,2761,2585,2761,Maharashtra,Other
2026-08-24,Wheat,1,Yavatmal,FAQ,APMC Yavatmal ,2605,2605,2605,Maharashtra,Other
2026-08-24,Wheat,1,Parbhani,Non-FAQ,APMC Parbhani ,2500,2200,2350,Maharashtra,Other
2026-08-24,Wheat,1,Amarawati,Non-FAQ,APMC Morshi ,2550,2200,2375,Maharashtra,Other
2026-08-24,Wheat,1,Pune,FAQ,Indapur APMC,2751,2600,2700,Maharashtra,Maharashtra 2189
2026-08-24,Wheat,1,Dharashiv,FAQ,Kalamb (Dharashiv) APMC,2700,2700,2700,Maharashtra,Maharashtra 2189
2026-08-24,Wheat,1,Solapur,FAQ,APMC Solapur ,4185,2635,3700,Maharashtra,Sharbati
2026-08-24,Wheat,1,Dharashiv,Non-FAQ,APMC Paranda ,2400,2400,2400,Maharashtra,Other
2026-08-24,Wheat,1,Ahilyanagar,FAQ,APMC Kopargaon ,2661,2600,2644,Maharashtra,Other
2026-08-24,Wheat,1,Nashik,FAQ,Lasalgaon(Niphad) APMC,2780,2780,2780,Maharashtra,Maharashtra 2189
2026-08-24,Wheat,1,Nagpur,FAQ,APMC Katol ,2655,2655,2655,Maharashtra,Other
2026-08-24,Wheat,1,Wardha,Non-FAQ,APMC Samudrapur ,2450,2350,2350,Maharashtra,Other
2026-08-24,Wheat,1,Parbhani,Non-FAQ,APMC Tadkalas ,2400,2150,2200,Maharashtra,Other
2026-08-24,Wheat,1,Yavatmal,Local,KISAN MARKET YARD,2595,2460,2563,Maharashtra,Other
2026-08-24,Wheat,1,Solapur,Non-FAQ,APMC Kurdwadi ,2500,2100,2300,Maharashtra,Other
2026-08-24,Wheat,1,Akola,FAQ,APMC Akola ,2630,2590,2600,Maharashtra,Other
2026-08-24,Wheat,1,Solapur,FAQ,Kurdwadi(Modnimb) ,2600,2600,2600,Maharashtra,Other
2026-08-24,Wheat,1,Nashik,FAQ,APMC Sinner ,2725,2595,2650,Maharashtra,Other
2026-08-24,Wheat,1,Nashik,Non-FAQ,APMC Malegaon ,2580,2300,2570,Maharashtra,Other
2026-08-24,Wheat,1,Beed,FAQ,APMC Gevrai ,2650,2600,2610,Maharashtra,Other
2026-08-24,Wheat,1,Bhandara,Non-FAQ,APMC Bhandara ,2450,2400,2425,Maharashtra,Maharashtra 2189
2026-08-24,Wheat,1,Yavatmal,FAQ,APMC Aarni ,2640,2590,2600,Maharashtra,Maharashtra 2189
2026-08-24,Wheat,1,Nashik,FAQ,APMC Devala ,2710,2645,2660,Maharashtra,Maharashtra 2189
2026-08-24,Wheat,1,Nagpur,Non-FAQ,APMC Savner ,2510,2472,2490,Maharashtra,Other
2026-08-24,Wheat,1,Nashik,Non-FAQ,Lasalgaon(Niphad) ,2400,2400,2400,Maharashtra,Maharashtra 2189
2026-08-24,Wheat,1,Dhule,Non-FAQ,APMC Sakri ,2451,2451,2451,Maharashtra,Other
2026-08-24,Wheat,1,Beed,FAQ,APMC Majalgaon ,2600,2588,2591,Maharashtra,Other
2026-08-24,Wheat,1,Wardha,FAQ,APMC Hinganghat ,2610,2585,2600,Maharashtra,Other
2026-08-24,Wheat,1,Wardha,FAQ,APMC Wardha ,2675,2640,2650,Maharashtra,Other
2026-08-24,Wheat,1,Chattrapati Sambhajinagar,FAQ,APMC Sillod ,2670,2585,2600,Maharashtra,Other
2026-08-24,Wheat,1,Amarawati,Non-FAQ,APMC Chandur Bazar ,2550,2300,2450,Maharashtra,Other
2026-08-25,Wheat,1,Amarawati,Non-FAQ,APMC Dhamngaon-Railway ,2500,2400,2410,Maharashtra,Other
2026-08-25,Wheat,1,Parbhani,Non-FAQ,APMC Tadkalas ,2400,2150,2200,Maharashtra,Other
2026-08-25,Wheat,1,Amarawati,Non-FAQ,APMC Chandur Railway ,2525,2200,2400,Maharashtra,Other
2026-08-25,Wheat,1,Buldhana,Non-FAQ,APMC Shegaon ,2505,2400,2485,Maharashtra,Other
2026-08-25,Wheat,1,Chattrapati Sambhajinagar,FAQ,Paithan APMC,2720,2600,2625,Maharashtra,Bansi
2026-08-25,Wheat,1,Ahilyanagar,Non-FAQ,APMC Shevgaon ,2550,2550,2550,Maharashtra,Maharashtra 2189
2026-08-25,Wheat,1,Ahilyanagar,FAQ,APMC Rahuri ,2600,2600,2600,Maharashtra,Other
2026-08-25,Wheat,1,Washim,Non-FAQ,APMC Washim ,2580,2320,2450,Maharashtra,Maharashtra 2189
2026-08-25,Wheat,1,Jalgaon,Non-FAQ,APMC Parola ,2550,2200,2400,Maharashtra,Kalyan
2026-08-25,Wheat,1,Buldhana,Local,"Bsk Krishi Bazar Private Limited, Mehkar, Dist Buldhana",2600,2300,2569,Maharashtra,Other
2026-08-25,Wheat,1,Jalgaon,Non-FAQ,APMC Pachora ,2580,2501,2551,Maharashtra,Other
2026-08-25,Wheat,1,Nashik,FAQ,Lasalgaon(Niphad) APMC,2759,2687,2700,Maharashtra,Maharashtra 2189
2026-08-25,Wheat,1,Washim,FAQ,APMC Karanja ,2685,2595,2635,Maharashtra,Other
2026-08-25,Wheat,1,Mumbai,FAQ,APMC Mumbai ,4600,2900,3750,Maharashtra,Other
2026-08-25,Wheat,1,Nagpur,Non-FAQ,APMC Savner ,2540,2501,2540,Maharashtra,Other
2026-08-25,Wheat,1,Chattrapati Sambhajinagar,FAQ,APMC Vaijpur ,2715,2590,2685,Maharashtra,Other
2026-08-25,Wheat,1,Nagpur,FAQ,APMC Nagpur ,2635,2585,2622,Maharashtra,Other
2026-08-25,Wheat,1,Parbhani,Non-FAQ,APMC Parbhani ,2575,2300,2500,Maharashtra,Other
2026-08-25,Wheat,1,Yavatmal,FAQ,APMC Yavatmal ,2635,2635,2635,Maharashtra,Other
2026-08-25,Wheat,1,Dhule,Non-FAQ,APMC Dondaicha ,2500,2000,2400,Maharashtra,Other
2026-08-25,Wheat,1,Solapur,FAQ,APMC Karmala ,2712,2600,2675,Maharashtra,Other
2026-08-25,Wheat,1,Jalgaon,FAQ,APMC Pachora ,2639,2585,2611,Maharashtra,Other
2026-08-25,Wheat,1,Nashik,FAQ,APMC Sinner ,2665,2585,2600,Maharashtra,Other
2026-08-25,Wheat,1,Sangli,FAQ,APMC Sangli ,4200,3000,3600,Maharashtra,Other
2026-08-25,Wheat,1,Amarawati,Non-FAQ,APMC Achalpur ,2550,2350,2450,Maharashtra,Other
2026-08-25,Wheat,1,Solapur,Non-FAQ,APMC Karmala ,2500,2400,2401,Maharashtra,Other
2026-08-25,Wheat,1,Chattrapati Sambhajinagar,FAQ,APMC Paithan ,2720,2600,2625,Maharashtra,Bansi
2026-08-26,Wheat,1,Jalna,FAQ,APMC Ghansawangi ,2700,2600,2650,Maharashtra,Maharashtra 2189
2026-08-26,Wheat,1,Palghar,FAQ,Kalyan APMC,3600,3200,3400,Maharashtra,Sharbati
2026-08-26,Wheat,1,Buldhana,Local,"Maharaja Agresen Pvt Krushi Utappan Bazar Samati, Dist Buldhana",2600,2350,2497,Maharashtra,Other
2026-08-27,Wheat,1,Pune,Non-FAQ,APMC Shirur ,2500,2300,2300,Maharashtra,Other
2026-08-27,Wheat,1,Thane,FAQ,APMC Ulhasnagar ,3800,3200,3500,Maharashtra,Other
2026-08-27,Wheat,1,Dhule,Non-FAQ,APMC Shirpur ,2501,2501,2501,Maharashtra,Other
2026-08-27,Wheat,1,Parbhani,Non-FAQ,APMC Parbhani ,2500,2300,2350,Maharashtra,Other
2026-08-27,Wheat,1,Ahilyanagar,Non-FAQ,APMC Jamkhed ,2550,2400,2475,Maharashtra,Other
2026-08-27,Wheat,1,Chattrapati Sambhajinagar,FAQ,APMC Lasur Station ,2690,2640,2670,Maharashtra,Other
2026-08-27,Wheat,1,Ahilyanagar,Non-FAQ,APMC Karjat ,2500,2200,2300,Maharashtra,Other
2026-08-27,Wheat,1,Nashik,FAQ,Lasalgaon(Niphad) APMC,2650,2600,2600,Maharashtra,Maharashtra 2189
2026-08-27,Wheat,1,Pune,Non-FAQ,APMC Baramati ,2580,2211,2500,Maharashtra,Kalyan
2026-08-27,Wheat,1,Washim,Non-FAQ,Washim APMC,2550,2350,2450,Maharashtra,Maharashtra 2189
2026-08-27,Wheat,1,Pune,FAQ,APMC Baramati ,2690,2590,2600,Maharashtra,Kalyan
2026-08-27,Wheat,1,Nashik,FAQ,APMC Nandgaon ,2729,2600,2650,Maharashtra,Maharashtra 2189
2026-08-27,Wheat,1,Nashik,Non-FAQ,APMC Lasalgaon ,2580,2200,2400,Maharashtra,Maharashtra 2189
2026-08-27,Wheat,1,Nashik,FAQ,Lasalgaon(Niphad) ,2650,2600,2600,Maharashtra,Maharashtra 2189
2026-08-27,Wheat,1,Nagpur,FAQ,Nagpur APMC,3500,3200,3425,Maharashtra,Sharbati
2026-08-27,Wheat,1,Sangli,FAQ,APMC Sangli ,4000,3000,3500,Maharashtra,Other
2026-08-27,Wheat,1,Buldhana,FAQ,APMC Deoulgaon Raja ,2600,2600,2600,Maharashtra,Other
2026-08-27,Wheat,1,Solapur,FAQ,APMC Karmala ,2751,2625,2650,Maharashtra,Other
2026-08-27,Wheat,1,Solapur,Non-FAQ,APMC Karmala ,2551,2500,2500,Maharashtra,Other
2026-08-27,Wheat,1,Bhandara,Non-FAQ,APMC Tumsar ,2571,2571,2571,Maharashtra,Other
2026-08-27,Wheat,1,Buldhana,Non-FAQ,APMC Mehekar ,2500,2000,2300,Maharashtra,Other
2026-08-27,Wheat,1,Buldhana,Local,"Maharaja Agresen Pvt Krushi Utappan Bazar Samati, Dist Buldhana",2550,2300,2472,Maharashtra,Other
2026-08-27,Wheat,1,Chattrapati Sambhajinagar,Non-FAQ,APMC Lasur Station ,2100,2100,2100,Maharashtra,Other
2026-08-27,Wheat,1,Jalgaon,Non-FAQ,APMC Pachora ,2580,2519,2551,Maharashtra,Other
2026-08-27,Wheat,1,Buldhana,Non-FAQ,APMC Deoulgaon Raja ,2550,2450,2550,Maharashtra,Other
2026-08-27,Wheat,1,Palghar,FAQ,APMC Palghar ,3400,3400,3400,Maharashtra,Other
2026-08-27,Wheat,1,Jalgaon,FAQ,APMC Pachora ,2618,2585,2600,Maharashtra,Other
2026-08-27,Wheat,1,Solapur,FAQ,Kurdwadi(Modnimb) ,2900,2585,2700,Maharashtra,Other
2026-08-27,Wheat,1,Solapur,FAQ,APMC Mangal Wedha ,2700,2700,2700,Maharashtra,Other
2026-08-27,Wheat,1,Dhule,Non-FAQ,APMC Dondaicha ,2580,1911,2500,Maharashtra,Other
2026-08-27,Wheat,1,Nagpur,Non-FAQ,APMC Umared ,2550,2500,2525,Maharashtra,Other
2026-08-27,Wheat,1,Nagpur,FAQ,APMC Nagpur ,3500,3200,3425,Maharashtra,Sharbati
2026-08-28,Wheat,1,Solapur,FAQ,APMC Karmala ,2650,2650,2650,Maharashtra,Other
2026-08-28,Wheat,1,Solapur,FAQ,APMC Dudhani ,2680,2600,2643,Maharashtra,Maharashtra 2189
2026-08-28,Wheat,1,Amarawati,FAQ,Varud(Rajura Bazar) ,2680,2630,2650,Maharashtra,Other
2026-08-28,Wheat,1,Solapur,FAQ,APMC Solapur ,4175,2640,3690,Maharashtra,Sharbati
2026-08-28,Wheat,1,Beed,Non-FAQ,APMC Kille Dharur ,2571,2400,2570,Maharashtra,Other
2026-08-28,Wheat,1,Beed,Non-FAQ,Kille Dharur APMC,2571,2400,2570,Maharashtra,Other
2026-08-28,Wheat,1,Nanded,Non-FAQ,APMC Kandhar ,2450,2000,2390,Maharashtra,Other
2026-08-28,Wheat,1,Washim,Local,"Krushna Krishi Bazar, Washim",2600,2000,2538,Maharashtra,Other
2026-08-29,Wheat,1,Jalgaon,FAQ,Amalner APMC,2673,2673,2673,Maharashtra,Other
2026-08-29,Wheat,1,Ahilyanagar,Non-FAQ,Karjat(Rashin) APMC,2500,2300,2400,Maharashtra,Other
2026-08-29,Wheat,1,Buldhana,Non-FAQ,Deoulgaon Raja APMC,2500,1700,2500,Maharashtra,Other
2026-08-29,Wheat,1,Chattrapati Sambhajinagar,Non-FAQ,APMC Kannad ,2575,2451,2513,Maharashtra,Other
2026-08-29,Wheat,1,Nashik,Non-FAQ,APMC Malegaon ,2480,2000,2450,Maharashtra,Other
2026-08-29,Wheat,1,Ahilyanagar,FAQ,APMC Pathardi ,3000,2585,2800,Maharashtra,Maharashtra 2189
2026-08-29,Wheat,1,Ahilyanagar,Non-FAQ,APMC Shevgaon ,2550,2550,2550,Maharashtra,Maharashtra 2189
2026-08-29,Wheat,1,Ahilyanagar,FAQ,Shevgaon(Bodhegaon) ,2700,2650,2650,Maharashtra,Maharashtra 2189
2026-08-29,Wheat,1,Akola,FAQ,APMC Akot ,2625,2600,2600,Maharashtra,147 Average
2026-08-29,Wheat,1,Akola,FAQ,Akola APMC,2700,2585,2620,Maharashtra,Other
2026-08-29,Wheat,1,Jalgaon,Non-FAQ,APMC PACHORA,2580,2500,2551,Maharashtra,Other
2026-08-29,Wheat,1,Ahilyanagar,FAQ,Shevgaon(Bodhegaon) APMC,2700,2650,2650,Maharashtra,Maharashtra 2189
2026-08-29,Wheat,1,Jalgaon,FAQ,APMC PACHORA,2613,2585,2600,Maharashtra,Other
2026-08-29,Wheat,1,Jalna,Non-FAQ,Jalana APMC,2350,2350,2350,Maharashtra,Other
2026-08-29,Wheat,1,Ahilyanagar,Non-FAQ,Shevgaon APMC,2550,2550,2550,Maharashtra,Maharashtra 2189
2026-08-29,Wheat,1,Buldhana,Non-FAQ,Chikali APMC,2450,2000,2225,Maharashtra,Other
2026-08-29,Wheat,1,Buldhana,Non-FAQ,Khamgaon APMC,2570,2450,2510,Maharashtra,Other
2026-08-29,Wheat,1,Ahilyanagar,FAQ,Kopargaon APMC,2680,2640,2675,Maharashtra,Other
2026-08-29,Wheat,1,Wardha,Non-FAQ,APMC Sindi ,2580,2450,2500,Maharashtra,Other
2026-08-29,Wheat,1,Jalna,FAQ,APMC Jalana ,2700,2625,2625,Maharashtra,Other
2026-08-29,Wheat,1,Akola,FAQ,APMC Akola ,2700,2585,2620,Maharashtra,Other
2026-08-29,Wheat,1,Wardha,Non-FAQ,APMC Hinganghat ,2580,2300,2400,Maharashtra,Other
2026-08-29,Wheat,1,Beed,Non-FAQ,APMC Beed ,2520,2410,2470,Maharashtra,Other
2026-08-29,Wheat,1,Ahilyanagar,FAQ,APMC Karjat ,2700,2700,2700,Maharashtra,Other
2026-08-29,Wheat,1,Akola,FAQ,APMC Murtizapur ,2665,2590,2630,Maharashtra,Other
2026-08-29,Wheat,1,Washim,Non-FAQ,Washim APMC,2580,2390,2450,Maharashtra,Maharashtra 2189
2026-08-29,Wheat,1,Satara,FAQ,Vaduj APMC,3000,2600,2800,Maharashtra,Maharashtra 2189
2026-08-29,Wheat,1,Akola,FAQ,Akot APMC,2625,2600,2600,Maharashtra,147 Average
2026-08-29,Wheat,1,Yavatmal,Local,KISAN MARKET YARD,2605,2505,2566,Maharashtra,Other
2026-08-30,Wheat,1,Latur,FAQ,APMC Ausa ,3011,3011,3011,Maharashtra,Maharashtra 2189
2026-08-30,Wheat,1,Buldhana,Non-FAQ,APMC Buldhana ,2400,2000,2200,Maharashtra,Other
2026-08-30,Wheat,1,Ahilyanagar,Non-FAQ,Shevgaon APMC,2500,2500,2500,Maharashtra,Maharashtra 2189
2026-08-30,Wheat,1,Latur,FAQ,Ausa APMC,3011,3011,3011,Maharashtra,Maharashtra 2189
2026-08-30,Wheat,1,Thane,FAQ,APMC Kalyan ,3600,3200,3400,Maharashtra,Sharbati
2026-08-31,Wheat,1,Jalgaon,FAQ,APMC Jalgaon ,2675,2675,2675,Maharashtra,147 Average
2026-08-31,Wheat,1,Jalna,FAQ,APMC Jalana ,2770,2650,2650,Maharashtra,Other
2026-08-31,Wheat,1,Buldhana,Non-FAQ,APMC Shegaon ,2490,2305,2400,Maharashtra,Other
2026-08-31,Wheat,1,Chattrapati Sambhajinagar,Non-FAQ,APMC Gangapur ,1500,1500,1500,Maharashtra,Other
2026-08-31,Wheat,1,Ahilyanagar,Local,"Omchatinya Multi State Agro Purpose Co-Op Society, Dist Ahilyanagar",2550,2550,2550,Maharashtra,Other
2026-08-31,Wheat,1,Nanded,FAQ,Nanded APMC,2745,2585,2655,Maharashtra,Sharbati
2026-08-31,Wheat,1,Nagpur,FAQ,Agriculture Produce Market Committee Katol,2680,2680,2680,Maharashtra,Other
2026-08-31,Wheat,1,Ahilyanagar,FAQ,Rahata APMC,2730,2730,2730,Maharashtra,Other
2026-08-31,Wheat,1,Buldhana,Local,"Bsk Krishi Bazar Private Limited, Mehkar, Dist Buldhana",2570,2400,2510,Maharashtra,Other
2026-08-31,Wheat,1,Buldhana,FAQ,Deoulgaon Raja APMC,2600,2600,2600,Maharashtra,Other
2026-08-31,Wheat,1,Nashik,FAQ,Malegaon APMC,2941,2642,2772,Maharashtra,Other
2026-08-31,Wheat,1,Amarawati,FAQ,Amarawati APMC,2700,2585,2642,Maharashtra,Other
2026-08-31,Wheat,1,Jalgaon,Non-FAQ,APMC Amalner ,2580,2395,2580,Maharashtra,Other
2026-08-31,Wheat,1,Nagpur,Non-FAQ,APMC Savner ,2555,2500,2540,Maharashtra,Other
2026-08-31,Wheat,1,Solapur,FAQ,Kurdwadi(Modnimb) ,2900,2671,2800,Maharashtra,Other
2026-08-31,Wheat,1,Nandurbar,FAQ,APMC Shahada ,2775,2585,2685,Maharashtra,Other
2026-08-31,Wheat,1,Washim,Non-FAQ,Washim(Ansing) APMC,2580,2350,2450,Maharashtra,Maharashtra 2189
2026-08-31,Wheat,1,Dhule,FAQ,APMC Shirpur ,2812,2770,2812,Maharashtra,Other
2026-08-31,Wheat,1,Latur,Non-FAQ,Aurad Shahajani APMC,2530,2530,2530,Maharashtra,Maharashtra 2189
2026-08-31,Wheat,1,Nanded,Non-FAQ,APMC Loha ,2500,2489,2500,Maharashtra,Other
2026-08-31,Wheat,1,Latur,Non-FAQ,Nilanga APMC,2400,2000,2250,Maharashtra,Maharashtra 2189
2026-08-31,Wheat,1,Nanded,Non-FAQ,APMC Bhokar ,2400,2200,2300,Maharashtra,Other
2026-08-31,Wheat,1,Amarawati,FAQ,APMC Chandur Bazar ,2710,2600,2650,Maharashtra,Other
2026-08-31,Wheat,1,Nashik,Non-FAQ,APMC Manmad ,2584,2040,2040,Maharashtra,Other
2026-08-31,Wheat,1,Kolhapur,FAQ,Kolhapur(Laxmipuri) ,4250,3050,3650,Maharashtra,Other
2026-08-31,Wheat,1,Yavatmal,FAQ,APMC Digras ,2680,2670,2670,Maharashtra,Other
2026-08-31,Wheat,1,Jalna,Non-FAQ,APMC Jalana ,2500,2500,2500,Maharashtra,Other
2026-08-31,Wheat,1,Dhule,Non-FAQ,Dondaicha (Sindhkheda) ,2548,2548,2548,Maharashtra,Other
2026-08-31,Wheat,1,Nashik,FAQ,APMC Malegaon ,2941,2642,2772,Maharashtra,Other
2026-08-31,Wheat,1,Jalgaon,Non-FAQ,APMC Chopda ,2552,2552,2552,Maharashtra,Other
2026-08-31,Wheat,1,Jalgaon,FAQ,Jalgaon APMC,2675,2675,2675,Maharashtra,147 Average
2026-08-31,Wheat,1,Akola,FAQ,Akot APMC,2620,2600,2600,Maharashtra,147 Average
2026-08-31,Wheat,1,Buldhana,FAQ,APMC Deoulgaon Raja ,2600,2600,2600,Maharashtra,Other
2026-08-31,Wheat,1,Latur,Non-FAQ,APMC Aurad Shahajani ,2530,2530,2530,Maharashtra,Maharashtra 2189
2026-08-31,Wheat,1,Ahilyanagar,FAQ,Shevgaon(Bodhegaon) ,2700,2625,2625,Maharashtra,Maharashtra 2189
2026-08-31,Wheat,1,Nashik,FAQ,Lasalgaon(Niphad) ,2780,2600,2712,Maharashtra,Maharashtra 2189
2026-08-31,Wheat,1,Dharashiv,FAQ,APMC Kalamb (Dharashiv) ,2601,2601,2601,Maharashtra,Maharashtra 2189
2026-08-31,Wheat,1,Washim,Non-FAQ,APMC Washim ,2580,2330,2450,Maharashtra,Maharashtra 2189
2026-08-31,Wheat,1,Hingoli,FAQ,APMC Akhadabalapur ,2700,2600,2650,Maharashtra,Maharashtra 2189
2026-08-31,Wheat,1,Latur,Non-FAQ,Ausa APMC,2401,2401,2401,Maharashtra,Maharashtra 2189
2026-09-01,Wheat,1,Nashik,Non-FAQ,Satana APMC,2201,2201,2201,Maharashtra,Other
2026-09-01,Wheat,1,Nanded,Non-FAQ,Bhokar APMC,2370,2330,2350,Maharashtra,Other
2026-09-01,Wheat,1,Nashik,FAQ,Sinner APMC,2700,2585,2690,Maharashtra,Other
2026-09-01,Wheat,1,Latur,Non-FAQ,Aurad Shahajani APMC,2584,2500,2540,Maharashtra,Maharashtra 2189
2026-09-01,Wheat,1,Latur,FAQ,Aurad Shahajani APMC,2640,2585,2600,Maharashtra,Maharashtra 2189
2026-09-01,Wheat,1,Nashik,FAQ,APMC Lasalgaon ,2842,2700,2786,Maharashtra,Maharashtra 2189
2026-09-01,Wheat,1,Washim,FAQ,APMC Washim ,2660,2585,2600,Maharashtra,Maharashtra 2189
2026-09-01,Wheat,1,Buldhana,Non-FAQ,Krushi Utpanna Bazar Samiti Shegaon,2540,2190,2440,Maharashtra,Other
2026-09-01,Wheat,1,Nashik,FAQ,Nandgaon APMC,2800,2640,2650,Maharashtra,Maharashtra 2189
2026-09-01,Wheat,1,Akola,FAQ,Akola APMC,2745,2585,2670,Maharashtra,Other
2026-09-01,Wheat,1,Washim,FAQ,Washim APMC,2660,2585,2600,Maharashtra,Maharashtra 2189
2026-09-01,Wheat,1,Nashik,FAQ,Satana APMC,2875,2750,2827,Maharashtra,Other
2026-09-01,Wheat,1,Chattrapati Sambhajinagar,Non-FAQ,Chattrapati Sambhajinagar APMC,2550,2400,2475,Maharashtra,Other
2026-09-01,Wheat,1,Nagpur,FAQ,Agriculture Produce Market Committee Katol,2650,2650,2650,Maharashtra,Other
2026-09-01,Wheat,1,Palghar,FAQ,Palghar APMC,3300,3300,3300,Maharashtra,Other
2026-09-01,Wheat,1,Buldhana,Non-FAQ,Mehekar APMC,2500,2000,2300,Maharashtra,Other
2026-09-01,Wheat,1,Akola,FAQ,Telhara APMC,2640,2585,2590,Maharashtra,Other
2026-09-01,Wheat,1,Wardha,FAQ,Wardha APMC,2735,2665,2700,Maharashtra,Other
2026-09-01,Wheat,1,Nanded,FAQ,APMC Nanded ,2800,2645,2725,Maharashtra,Sharbati
2026-09-01,Wheat,1,Ahilyanagar,FAQ,Ahilyanagar APMC,2800,2700,2750,Maharashtra,Other
2026-09-01,Wheat,1,Jalgaon,Non-FAQ,Jalgaon APMC,2575,2575,2575,Maharashtra,Maharashtra 2189
2026-09-01,Wheat,1,Jalgaon,Non-FAQ,APMC Pachora ,2580,2350,2451,Maharashtra,Other
2026-09-01,Wheat,1,Beed,FAQ,Majalgaon APMC,2750,2600,2651,Maharashtra,Other
2026-09-01,Wheat,1,Beed,Non-FAQ,APMC Kaij ,2576,2401,2481,Maharashtra,Other
2026-09-01,Wheat,1,Ahilyanagar,Non-FAQ,APMC Karjat ,2500,2200,2300,Maharashtra,Other
2026-09-01,Wheat,1,Nashik,Non-FAQ,APMC Malegaon ,2584,2280,2568,Maharashtra,Other
2026-09-01,Wheat,1,Pune,Non-FAQ,APMC Shirur ,2550,2200,2500,Maharashtra,Other
2026-09-01,Wheat,1,Ahilyanagar,Local,"Omchatinya Multi State Agro Purpose Co-Op Society, Dist Ahilyanagar",2600,2550,2550,Maharashtra,Other
2026-09-01,Wheat,1,Yavatmal,Local,"Mahesh Krushi Utpanna Bazar, Digras, Dist Yeotmal",2675,2550,2618,Maharashtra,Other
2026-09-01,Wheat,1,Ahilyanagar,FAQ,APMC Ahilyanagar ,2800,2700,2750,Maharashtra,Other
2026-09-01,Wheat,1,Washim,Non-FAQ,APMC Malegaon(Washim) ,2500,2000,2300,Maharashtra,Other
2026-09-01,Wheat,1,Ahilyanagar,Non-FAQ,Karjat(Rashin) ,2500,2200,2300,Maharashtra,Other
2026-09-01,Wheat,1,Ahilyanagar,FAQ,APMC Kopargaon ,2715,2585,2645,Maharashtra,Other
2026-09-01,Wheat,1,Parbhani,FAQ,APMC Gangakhed ,2750,2700,2700,Maharashtra,Other
2026-09-01,Wheat,1,Parbhani,Non-FAQ,APMC Parbhani ,2500,2100,2300,Maharashtra,Other
2026-09-01,Wheat,1,Nashik,FAQ,APMC Satana ,2875,2750,2827,Maharashtra,Other
2026-09-01,Wheat,1,Nashik,FAQ,APMC Manmad ,2721,2630,2640,Maharashtra,Other
2026-09-01,Wheat,1,Wardha,FAQ,APMC Wardha ,2735,2665,2700,Maharashtra,Other
2026-09-01,Wheat,1,Chattrapati Sambhajinagar,FAQ,APMC Sillod ,2640,2585,2600,Maharashtra,Other
2026-09-01,Wheat,1,Wardha,Non-FAQ,APMC Hinganghat ,2580,2250,2400,Maharashtra,Other
2026-09-01,Wheat,1,Buldhana,Non-FAQ,APMC Khamgaon ,2580,2400,2490,Maharashtra,Other
2026-09-01,Wheat,1,Dhule,FAQ,APMC Dondaicha ,2755,2635,2740,Maharashtra,Other
2026-09-01,Wheat,1,Dhule,Non-FAQ,APMC Dondaicha ,2500,2300,2401,Maharashtra,Other
2026-09-01,Wheat,1,Mumbai,FAQ,APMC Mumbai ,5500,2900,4200,Maharashtra,Other
2026-09-01,Wheat,1,Buldhana,Non-FAQ,APMC Deoulgaon Raja ,2575,1500,2550,Maharashtra,Other
2026-09-02,Wheat,1,Chattrapati Sambhajinagar,FAQ,APMC Paithan ,2772,2650,2700,Maharashtra,Bansi
2026-09-02,Wheat,1,Washim,FAQ,APMC Karanja ,2815,2670,2755,Maharashtra,Other
2026-09-02,Wheat,1,Beed,Non-FAQ,Kaij APMC,2570,2521,2550,Maharashtra,Other
2026-09-02,Wheat,1,Buldhana,Non-FAQ,Chikali APMC,2400,2000,2200,Maharashtra,Other
2026-09-02,Wheat,1,Solapur,FAQ,Barshi(Vairag) APMC,2811,2811,2811,Maharashtra,Other
2026-09-02,Wheat,1,Jalna,FAQ,APMC Ghansawangi ,2750,2600,2650,Maharashtra,Maharashtra 2189
2026-09-02,Wheat,1,Amarawati,FAQ,Amarawati APMC,2700,2585,2642,Maharashtra,Other
2026-09-02,Wheat,1,Nashik,FAQ,Lasalgaon(Niphad) ,2775,2661,2671,Maharashtra,Maharashtra 2189
2026-09-02,Wheat,1,Solapur,Non-FAQ,APMC Dudhani ,2540,2540,2540,Maharashtra,Maharashtra 2189
2026-09-02,Wheat,1,Jalna,Non-FAQ,APMC Partur ,2580,2400,2440,Maharashtra,Maharashtra 2189
2026-09-02,Wheat,1,Jalgaon,FAQ,Jalgaon APMC,2600,2600,2600,Maharashtra,147 Average
2026-09-02,Wheat,1,Beed,Non-FAQ,APMC Gevrai ,2550,2500,2510,Maharashtra,Other
2026-09-02,Wheat,1,Jalna,FAQ,APMC Jalana ,2861,2650,2750,Maharashtra,Other
2026-09-02,Wheat,1,Yavatmal,Non-FAQ,Umarkhed APMC,2350,2200,2300,Maharashtra,Other
2026-09-02,Wheat,1,Buldhana,FAQ,Krushi Utpanna Bazar Samiti Shegaon,2700,2600,2650,Maharashtra,Other
2026-09-02,Wheat,1,Amarawati,FAQ,APMC Amarawati ,2700,2585,2642,Maharashtra,Other
2026-09-02,Wheat,1,Ahilyanagar,FAQ,Karjat(Rashin) ,2700,2600,2600,Maharashtra,Other
2026-09-02,Wheat,1,Nashik,FAQ,Lasalgaon(Niphad) APMC,2775,2661,2671,Maharashtra,Maharashtra 2189
2026-09-02,Wheat,1,Nanded,Non-FAQ,Mudkhed APMC,2340,2340,2340,Maharashtra,Other
2026-09-02,Wheat,1,Latur,Non-FAQ,Ahmedpur APMC,2560,2550,2555,Maharashtra,Other
2026-09-02,Wheat,1,Ahilyanagar,FAQ,APMC Karjat ,2800,2600,2600,Maharashtra,Other
2026-09-02,Wheat,1,Amarawati,FAQ,APMC Achalpur ,2650,2585,2600,Maharashtra,Other
2026-09-02,Wheat,1,Chattrapati Sambhajinagar,Non-FAQ,Chattrapati Sambhajinagar APMC,2535,2535,2535,Maharashtra,Other
2026-09-02,Wheat,1,Ahilyanagar,Local,"Omchatinya Multi State Agro Purpose Co-Op Society, Dist Ahilyanagar",2550,2550,2550,Maharashtra,Other
2026-09-02,Wheat,1,Dharashiv,Non-FAQ,APMC Tuljapur ,2570,2400,2525,Maharashtra,Other
2026-09-02,Wheat,1,Nagpur,Non-FAQ,Savner APMC,2574,2527,2574,Maharashtra,Other
2026-09-02,Wheat,1,Akola,FAQ,Murtizapur APMC,2700,2590,2645,Maharashtra,Other
2026-09-02,Wheat,1,Hingoli,Non-FAQ,APMC Jawala-Bajar ,2300,2200,2250,Maharashtra,Other
2026-09-02,Wheat,1,Yavatmal,FAQ,Digras APMC,2790,2750,2775,Maharashtra,Other
2026-09-02,Wheat,1,Pune,Non-FAQ,APMC Shirur ,2550,2200,2500,Maharashtra,Other
2026-09-02,Wheat,1,Parbhani,Non-FAQ,Parbhani APMC,2550,2200,2300,Maharashtra,Other
2026-09-02,Wheat,1,Ahilyanagar,FAQ,Rahuri(Vambori) ,2750,2616,2652,Maharashtra,Other
2026-09-02,Wheat,1,Solapur,FAQ,Kurdwadi APMC,3000,3000,3000,Maharashtra,Other
2026-09-02,Wheat,1,Yavatmal,FAQ,APMC Digras ,2790,2750,2775,Maharashtra,Other
2026-09-02,Wheat,1,Amarawati,FAQ,APMC Nandgaon Khandeshwar ,2640,2585,2600,Maharashtra,Other
2026-09-02,Wheat,1,Buldhana,Non-FAQ,Khamgaon APMC,2580,2400,2490,Maharashtra,Other
2026-09-02,Wheat,1,Nagpur,FAQ,Agriculture Produce Market Committee Katol,2620,2620,2620,Maharashtra,Other
2026-09-02,Wheat,1,Ahilyanagar,FAQ,APMC Kopargaon ,2740,2698,2718,Maharashtra,Other
2026-09-02,Wheat,1,Jalgaon,Non-FAQ,APMC CHOPADA,2535,2535,2535,Maharashtra,Other
2026-09-02,Wheat,1,Ahilyanagar,FAQ,Karjat APMC,2800,2600,2600,Maharashtra,Other
2026-09-02,Wheat,1,Jalgaon,Non-FAQ,APMC PACHORA,2580,2551,2571,Maharashtra,Other
2026-09-02,Wheat,1,Nashik,FAQ,Sinner APMC,2790,2700,2710,Maharashtra,Other
2026-09-02,Wheat,1,Nandurbar,FAQ,APMC Nandurbar,2775,2625,2775,Maharashtra,Other
2026-09-02,Wheat,1,Wardha,FAQ,Hinganghat APMC,2695,2585,2630,Maharashtra,Other
2026-09-02,Wheat,1,Nanded,Non-FAQ,Bhokar APMC,2450,2300,2375,Maharashtra,Other
2026-09-02,Wheat,1,Chattrapati Sambhajinagar,FAQ,APMC Lasur Station ,2838,2625,2700,Maharashtra,Other
2026-09-02,Wheat,1,Nanded,Non-FAQ,APMC Loha ,2561,2200,2421,Maharashtra,Other
2026-09-02,Wheat,1,Jalgaon,FAQ,APMC CHOPADA,2711,2675,2675,Maharashtra,Other
2026-09-02,Wheat,1,Washim,FAQ,APMC Mangrulpeer ,2720,2585,2610,Maharashtra,Other
2026-09-03,Wheat,1,Nandurbar,FAQ,APMC Shahada ,2918,2590,2900,Maharashtra,Other
2026-09-03,Wheat,1,Ahilyanagar,FAQ,Shevgaon(Bodhegaon) ,2725,2600,2725,Maharashtra,Maharashtra 2189
2026-09-03,Wheat,1,Wardha,Non-FAQ,Sindi (Selu),2580,2400,2500,Maharashtra,Other
2026-09-03,Wheat,1,Nagpur,FAQ,APMC Katol ,2650,2650,2650,Maharashtra,Other
2026-09-03,Wheat,1,Solapur,Non-FAQ,APMC Dudhani ,2550,2550,2550,Maharashtra,Maharashtra 2189
2026-09-03,Wheat,1,Yavatmal,FAQ,APMC Aarni ,2789,2590,2600,Maharashtra,Maharashtra 2189
2026-09-03,Wheat,1,Amarawati,FAQ,APMC Nandgaon Khandeshwar ,2600,2585,2590,Maharashtra,Other
2026-09-03,Wheat,1,Buldhana,Non-FAQ,APMC Khamgaon ,2575,2525,2550,Maharashtra,Other
2026-09-03,Wheat,1,Pune,FAQ,APMC Dound ,2751,2600,2600,Maharashtra,Maharashtra 2189
2026-09-03,Wheat,1,Chattrapati Sambhajinagar,FAQ,APMC Sillod ,2650,2585,2600,Maharashtra,Other
2026-09-03,Wheat,1,Jalgaon,Non-FAQ,APMC Parola ,2550,2550,2550,Maharashtra,Kalyan
2026-09-03,Wheat,1,Sangli,FAQ,APMC Sangli ,4200,3000,3600,Maharashtra,Other
2026-09-03,Wheat,1,Jalgaon,Non-FAQ,APMC Pachora ,2580,2451,2511,Maharashtra,Other
2026-09-03,Wheat,1,Wardha,FAQ,APMC Wardha ,2715,2650,2690,Maharashtra,Other
2026-09-03,Wheat,1,Amarawati,FAQ,APMC Chandur Bazar ,2700,2590,2650,Maharashtra,Other
2026-09-03,Wheat,1,Nashik,FAQ,APMC Devala ,2950,2625,2800,Maharashtra,Maharashtra 2189
2026-09-03,Wheat,1,Buldhana,Non-FAQ,APMC Shegaon ,2500,2200,2430,Maharashtra,Other
2026-09-03,Wheat,1,Jalgaon,Non-FAQ,APMC Chopda ,2501,2501,2501,Maharashtra,Other
2026-09-03,Wheat,1,Solapur,FAQ,APMC Karmala ,2727,2600,2651,Maharashtra,Other
2026-09-03,Wheat,1,Yavatmal,Local,"Shekari Krushi Khajgi Bazar, Arni, Dist Yavatmal",2551,2551,2551,Maharashtra,Other
2026-09-04,Wheat,1,Washim,Non-FAQ,Washim(Ansing) ,2580,2450,2500,Maharashtra,Maharashtra 2189
2026-09-04,Wheat,1,Nashik,FAQ,APMC Devala ,2925,2650,2925,Maharashtra,Maharashtra 2189
2026-09-04,Wheat,1,Dhule,FAQ,APMC Dhule ,2801,2600,2750,Maharashtra,Other
2026-09-04,Wheat,1,Jalgaon,Non-FAQ,APMC Parola ,2500,2100,2100,Maharashtra,Kalyan
2026-09-04,Wheat,1,Buldhana,FAQ,APMC Lonar ,2710,2650,2680,Maharashtra,Other
2026-09-04,Wheat,1,Jalgaon,FAQ,APMC Amalner ,2668,2650,2668,Maharashtra,Other
2026-09-04,Wheat,1,Jalgaon,FAQ,APMC Chopda ,2600,2600,2600,Maharashtra,Other
2026-09-04,Wheat,1,Jalna,Non-FAQ,APMC Jafrabad,2400,2200,2300,Maharashtra,Other
2026-09-05,Wheat,1,Nagpur,FAQ,APMC Nagpur ,3500,3200,3425,Maharashtra,Sharbati
2026-09-06,Wheat,1,Akola,Non-FAQ,APMC Balapur ,2500,2500,2500,Maharashtra,Other
2026-09-07,Wheat,1,Beed,FAQ,APMC Gevrai ,2890,2670,2700,Maharashtra,Other
2026-09-07,Wheat,1,Yavatmal,FAQ,APMC Aarni ,2793,2590,2600,Maharashtra,Maharashtra 2189
2026-09-07,Wheat,1,Nashik,FAQ,APMC Lasalgaon ,3001,2700,2811,Maharashtra,Maharashtra 2189
2026-09-07,Wheat,1,Latur,Non-FAQ,Latur(Murud) ,2500,2300,2400,Maharashtra,Maharashtra 2189
2026-09-07,Wheat,1,Kolhapur,FAQ,Kolhapur(Laxmipuri) ,4100,3000,3550,Maharashtra,Other
2026-09-07,Wheat,1,Ahilyanagar,Non-FAQ,APMC Rahuri ,2500,2500,2500,Maharashtra,Other
2026-09-07,Wheat,1,Nashik,FAQ,APMC Manmad ,3002,2650,2677,Maharashtra,Other
2026-09-07,Wheat,1,Pune,Non-FAQ,APMC Baramati ,2580,2100,2500,Maharashtra,Kalyan
2026-09-07,Wheat,1,Pune,FAQ,APMC Baramati ,2700,2585,2650,Maharashtra,Kalyan
2026-09-07,Wheat,1,Nashik,FAQ,APMC Yeola ,2900,2700,2751,Maharashtra,Maharashtra 2189
2026-09-07,Wheat,1,Solapur,FAQ,APMC Dudhani ,2655,2655,2655,Maharashtra,Maharashtra 2189
2026-09-07,Wheat,1,Jalgaon,Non-FAQ,APMC Jalgaon ,2575,2575,2575,Maharashtra,147 Average
2026-09-07,Wheat,1,Bhandara,Non-FAQ,APMC Bhandara ,2500,2500,2500,Maharashtra,Maharashtra 2189
2026-09-07,Wheat,1,Yavatmal,FAQ,APMC Digras ,2820,2740,2785,Maharashtra,Other
2026-09-07,Wheat,1,Latur,Non-FAQ,APMC Ausa ,2451,2451,2451,Maharashtra,Maharashtra 2189
2026-09-07,Wheat,1,Yavatmal,Local,"Mahesh Krushi Utpanna Bazar, Digras, Dist Yeotmal",2700,2675,2689,Maharashtra,Other
2026-09-07,Wheat,1,Dharashiv,FAQ,APMC Tuljapur ,2700,2590,2600,Maharashtra,Other
2026-09-07,Wheat,1,Solapur,FAQ,Barshi(Vairag) ,2651,2651,2651,Maharashtra,Other
2026-09-07,Wheat,1,Buldhana,FAQ,APMC Khamgaon ,2600,2600,2600,Maharashtra,Other
2026-09-07,Wheat,1,Nashik,FAQ,APMC Satana ,3000,2885,2915,Maharashtra,Other
2026-09-07,Wheat,1,Jalgaon,FAQ,APMC Chalisgaon ,2671,2597,2612,Maharashtra,Other
2026-09-07,Wheat,1,Pune,Non-FAQ,APMC Shirur ,2500,2400,2500,Maharashtra,Other
2026-09-07,Wheat,1,Beed,Non-FAQ,APMC Beed ,2500,2300,2406,Maharashtra,Other
2026-09-07,Wheat,1,Ahilyanagar,Non-FAQ,APMC Jamkhed ,2550,2400,2475,Maharashtra,Other
2026-09-07,Wheat,1,Amarawati,FAQ,APMC Morshi ,2740,2585,2663,Maharashtra,Other
2026-09-07,Wheat,1,Chattrapati Sambhajinagar,FAQ,APMC Sillod ,2700,2590,2650,Maharashtra,Other
2026-09-08,Wheat,1,Jalgaon,FAQ,APMC Dharangaon ,2736,2636,2711,Maharashtra,Other
2026-09-08,Wheat,1,Jalgaon,FAQ,APMC Chalisgaon ,2751,2600,2626,Maharashtra,Other
2026-09-08,Wheat,1,Jalgaon,Non-FAQ,APMC Pachora ,2399,2335,2375,Maharashtra,Other
2026-09-08,Wheat,1,Amarawati,FAQ,APMC Nandgaon Khandeshwar ,2670,2585,2600,Maharashtra,Other
2026-09-08,Wheat,1,Buldhana,FAQ,APMC Deoulgaon Raja ,2611,2600,2600,Maharashtra,Other
2026-09-08,Wheat,1,Sangli,FAQ,APMC Tasgaon ,4200,3950,4060,Maharashtra,Other
2026-09-08,Wheat,1,Jalna,Non-FAQ,Bhokardan(Pimpalgaon Renu) ,2400,2200,2300,Maharashtra,Other
2026-09-08,Wheat,1,Buldhana,Local,"Bsk Krishi Bazar Private Limited, Mehkar, Dist Buldhana",2650,2650,2650,Maharashtra,Other
2026-09-08,Wheat,1,Yavatmal,Local,"Mahesh Krushi Utpanna Bazar, Digras, Dist Yeotmal",2705,2675,2697,Maharashtra,Other
2026-09-08,Wheat,1,Ahilyanagar,Local,"Omchatinya Multi State Agro Purpose Co-Op Society, Dist Ahilyanagar",2600,2600,2600,Maharashtra,Other
2026-09-08,Wheat,1,Nashik,FAQ,APMC Manmad ,2813,2672,2690,Maharashtra,Other
2026-09-08,Wheat,1,Nashik,Non-FAQ,APMC Malegaon ,2580,2270,2578,Maharashtra,Other
2026-09-08,Wheat,1,Buldhana,Non-FAQ,APMC Mehekar ,2580,2200,2400,Maharashtra,Other
2026-09-08,Wheat,1,Nashik,FAQ,APMC Nandgaon ,2852,2585,2650,Maharashtra,Maharashtra 2189
2026-09-08,Wheat,1,Nashik,FAQ,APMC Sinner ,2785,2715,2750,Maharashtra,Other
2026-09-08,Wheat,1,Kolhapur,FAQ,Kolhapur(Laxmipuri) ,4050,3050,3550,Maharashtra,Other
2026-09-08,Wheat,1,Ahilyanagar,Non-FAQ,Shrirampur(Belapur) ,2300,2200,2250,Maharashtra,Other
2026-09-08,Wheat,1,Ahilyanagar,FAQ,APMC Kopargaon ,2839,2585,2700,Maharashtra,Other
2026-09-08,Wheat,1,Solapur,FAQ,APMC Dudhani ,2600,2600,2600,Maharashtra,Maharashtra 2189
2026-09-08,Wheat,1,Amarawati,Non-FAQ,APMC Anajngaon ,2580,2400,2450,Maharashtra,Other
2026-09-08,Wheat,1,Chattrapati Sambhajinagar,Non-FAQ,APMC Lasur Station ,2200,2200,2200,Maharashtra,Other
2026-09-08,Wheat,1,Akola,FAQ,APMC Telhara ,2650,2585,2600,Maharashtra,Other
2026-09-08,Wheat,1,Nagpur,FAQ,APMC Savner ,2585,2585,2585,Maharashtra,Other
2026-09-08,Wheat,1,Chattrapati Sambhajinagar,FAQ,APMC Gangapur ,2754,2720,2741,Maharashtra,Other
2026-09-08,Wheat,1,Akola,FAQ,APMC Akot ,2675,2590,2600,Maharashtra,147 Average
2026-09-08,Wheat,1,Buldhana,FAQ,APMC Khamgaon ,2625,2600,2612,Maharashtra,Other
2026-09-08,Wheat,1,Pune,FAQ,APMC Shirur ,2725,2725,2725,Maharashtra,Other
2026-09-08,Wheat,1,Dharashiv,Non-FAQ,APMC Kalamb (Dharashiv) ,2551,2400,2551,Maharashtra,Maharashtra 2189
2026-09-08,Wheat,1,Dharashiv,FAQ,APMC Tuljapur ,2700,2595,2600,Maharashtra,Other
2026-09-08,Wheat,1,Wardha,Non-FAQ,APMC Hinganghat ,2580,2550,2560,Maharashtra,Other
2026-09-08,Wheat,1,Akola,FAQ,APMC Akola ,2765,2590,2600,Maharashtra,Other
2026-09-08,Wheat,1,Mumbai,FAQ,APMC Mumbai ,5500,2900,4200,Maharashtra,Other
2026-09-08,Wheat,1,Buldhana,Local,"Maharaja Agresen Pvt Krushi Utappan Bazar Samati, Dist Buldhana",2600,2400,2557,Maharashtra,Other
2026-09-09,Wheat,1,Buldhana,FAQ,APMC Deoulgaon Raja ,2600,2600,2600,Maharashtra,Other
2026-09-09,Wheat,1,Nagpur,FAQ,APMC Nagpur ,2750,2586,2709,Maharashtra,Other
2026-09-09,Wheat,1,Buldhana,Non-FAQ,APMC Malkapur ,2580,2580,2580,Maharashtra,Other
2026-09-09,Wheat,1,Beed,Non-FAQ,APMC Patoda ,2500,2200,2400,Maharashtra,Other
2026-09-09,Wheat,1,Nashik,Non-FAQ,APMC Malegaon ,2584,2100,2580,Maharashtra,Other
2026-09-09,Wheat,1,Solapur,FAQ,APMC Karmala ,2699,2600,2600,Maharashtra,Other
2026-09-09,Wheat,1,Buldhana,Non-FAQ,APMC Deoulgaon Raja ,2000,2000,2000,Maharashtra,Other
2026-09-09,Wheat,1,Buldhana,Local,"Bsk Krishi Bazar Private Limited, Mehkar, Dist Buldhana",2600,2400,2560,Maharashtra,Other
2026-09-09,Wheat,1,Ahilyanagar,FAQ,APMC Karjat ,2800,2800,2800,Maharashtra,Other
2026-09-09,Wheat,1,Buldhana,FAQ,APMC Shegaon ,2650,2590,2620,Maharashtra,Other
2026-09-09,Wheat,1,Buldhana,Non-FAQ,APMC Shegaon ,2580,2525,2565,Maharashtra,Other
2026-09-09,Wheat,1,Amarawati,FAQ,APMC Amarawati ,2700,2585,2642,Maharashtra,Other
2026-09-09,Wheat,1,Yavatmal,Local,"Shekari Krushi Khajgi Bazar, Arni, Dist Yavatmal",2500,2500,2500,Maharashtra,Other
2026-09-09,Wheat,1,Washim,FAQ,APMC Mangrulpeer ,2730,2650,2690,Maharashtra,Other
2026-09-09,Wheat,1,Chattrapati Sambhajinagar,FAQ,APMC Paithan ,2890,2651,2671,Maharashtra,Bansi
2026-09-09,Wheat,1,Bhandara,FAQ,APMC Tumsar ,2651,2640,2642,Maharashtra,Other
2026-09-09,Wheat,1,Solapur,FAQ,APMC Dudhani ,2645,2645,2645,Maharashtra,Maharashtra 2189
