Arrival_Date,Commodity,Commodity_Code,District,Grade,Market,Max_Price,Min_Price,Modal_Price,State,Variety
2004-01-01,Onion,23,Jalgaon,FAQ,Jalgaon,900,300,550,Maharashtra,Red
2004-01-01,Onion,23,Ahmednagar,FAQ,Ahmednagar,990,400,695,Maharashtra,Other
2004-01-01,Onion,23,Nashik,FAQ,Nasik,1111,461,850,Maharashtra,Other
2004-01-01,Onion,23,Nashik,FAQ,Pimpalgaon,900,660,821,Maharashtra,Red
2004-01-01,Onion,23,Nashik,FAQ,Malegaon,842,401,750,Maharashtra,Red
2004-01-02,Onion,23,Sangli,FAQ,Sangli,950,200,575,Maharashtra,Other
2004-01-02,Onion,23,Nashik,FAQ,Chandvad,751,351,700,Maharashtra,Other
2004-01-02,Onion,23,Nashik,FAQ,Pimpalgaon,839,490,741,Maharashtra,Red
2004-01-03,Onion,23,Ahmednagar,FAQ,Ahmednagar,925,310,615,Maharashtra,Other
2004-01-05,Onion,23,Nashik,FAQ,Malegaon,841,211,735,Maharashtra,Red
2004-01-05,Onion,23,Pune,FAQ,Pune,850,400,620,Maharashtra,Other
2004-01-05,Onion,23,Nashik,FAQ,Nasik,951,531,800,Maharashtra,Other
2004-01-06,Onion,23,Sholapur,FAQ,Pandharpur,870,295,700,Maharashtra,Other
2004-01-06,Onion,23,Sangli,FAQ,Sangli,950,200,575,Maharashtra,Other
2004-01-06,Onion,23,Nashik,FAQ,Nasik,850,500,750,Maharashtra,Other
2004-01-07,Onion,23,Kolhapur,FAQ,Kolhapur,1050,250,550,Maharashtra,Other
2004-01-07,Onion,23,Dhule,FAQ,Dhule,955,250,820,Maharashtra,Red
2004-01-07,Onion,23,Nashik,FAQ,Malegaon,1001,311,875,Maharashtra,Red
2004-01-07,Onion,23,Pune,FAQ,Pune,950,400,670,Maharashtra,Other
2004-01-07,Onion,23,Nashik,FAQ,Yeola,845,400,800,Maharashtra,Red
2004-01-08,Onion,23,Pune,FAQ,Pune,1000,500,750,Maharashtra,Other
2004-01-08,Onion,23,Nashik,FAQ,Nasik,1100,521,800,Maharashtra,Other
2004-01-08,Onion,23,Nashik,FAQ,Chandvad,905,400,875,Maharashtra,Other
2004-01-09,Onion,23,Jalgaon,FAQ,Jalgaon,1000,250,550,Maharashtra,Red
2004-01-09,Onion,23,Pune,FAQ,Pune,1000,500,750,Maharashtra,Other
2004-01-09,Onion,23,Nashik,FAQ,Lasalgaon,971,501,930,Maharashtra,Red
2004-01-09,Onion,23,Nashik,FAQ,Pimpalgaon,1179,650,901,Maharashtra,Red
2004-01-10,Onion,23,Nagpur,FAQ,Nagpur,950,900,925,Maharashtra,Red
2004-01-10,Onion,23,Nashik,FAQ,Nasik,925,501,800,Maharashtra,Other
2004-01-10,Onion,23,Sholapur,FAQ,Pandharpur,830,395,740,Maharashtra,Other
2004-01-11,Onion,23,Pune,FAQ,Khed,980,500,800,Maharashtra,Other
2004-01-11,Onion,23,Pune,FAQ,Pune,1050,500,770,Maharashtra,Other
2004-01-12,Onion,23,Dhule,FAQ,Dhule,770,250,700,Maharashtra,Other
2004-01-12,Onion,23,Mumbai,FAQ,Mumbai,1100,800,950,Maharashtra,Other
2004-01-12,Onion,23,Ahmednagar,FAQ,Ahmednagar,1025,374,700,Maharashtra,Other
2004-01-12,Onion,23,Nagpur,FAQ,Nagpur,825,750,780,Maharashtra,Other
2004-01-12,Onion,23,Satara,FAQ,Lonand,1001,500,900,Maharashtra,Other
2004-01-12,Onion,23,Pune,FAQ,Pune,1050,500,770,Maharashtra,Other
2004-01-12,Onion,23,Nashik,FAQ,Malegaon,1051,300,865,Maharashtra,Red
2004-01-13,Onion,23,Nashik,FAQ,Chandvad,955,400,911,Maharashtra,Other
2004-01-13,Onion,23,Nagpur,FAQ,Nagpur,950,900,925,Maharashtra,Red
2004-01-13,Onion,23,Nashik,FAQ,Lasalgaon,988,651,951,Maharashtra,Red
2004-01-13,Onion,23,Jalgaon,FAQ,Jalgaon,900,300,500,Maharashtra,Red
2004-01-14,Onion,23,Mumbai,FAQ,Mumbai,1000,700,850,Maharashtra,Other
2004-01-14,Onion,23,Nashik,FAQ,Chandvad,951,400,900,Maharashtra,Other
2004-01-14,Onion,23,Nagpur,FAQ,Nagpur,950,900,925,Maharashtra,Red
2004-01-14,Onion,23,Nashik,FAQ,Manmad,939,471,860,Maharashtra,Other
2004-01-14,Onion,23,Kolhapur,FAQ,Kolhapur,950,300,500,Maharashtra,Other
2004-01-14,Onion,23,Nagpur,FAQ,Nagpur,800,750,775,Maharashtra,Other
2004-01-15,Onion,23,Nashik,FAQ,Nasik,1001,441,850,Maharashtra,Other
2004-01-15,Onion,23,Satara,FAQ,Lonand,980,650,880,Maharashtra,Other
2004-01-16,Onion,23,Sholapur,FAQ,Pandharpur,851,380,700,Maharashtra,Other
2004-01-17,Onion,23,Sholapur,FAQ,Pandharpur,825,440,740,Maharashtra,Other
2004-01-17,Onion,23,Ahmednagar,FAQ,Ahmednagar,970,330,650,Maharashtra,Other
2004-01-17,Onion,23,Mumbai,FAQ,Mumbai,1050,800,925,Maharashtra,Other
2004-01-19,Onion,23,Dhule,FAQ,Dhule,750,250,650,Maharashtra,Other
2004-01-19,Onion,23,Kolhapur,FAQ,Kolhapur,1000,300,550,Maharashtra,Other
2004-01-20,Onion,23,Nashik,FAQ,Manmad,900,460,850,Maharashtra,Other
2004-01-20,Onion,23,Kolhapur,FAQ,Kolhapur,1000,300,550,Maharashtra,Other
2004-01-20,Onion,23,Dhule,FAQ,Dhule,760,200,650,Maharashtra,Other
2004-01-21,Onion,23,Dhule,FAQ,Dhule,715,200,640,Maharashtra,Other
2004-01-21,Onion,23,Pune,FAQ,Khed,900,500,750,Maharashtra,Other
2004-01-21,Onion,23,Mumbai,FAQ,Mumbai,980,880,930,Maharashtra,Other
2004-01-21,Onion,23,Chandrapur,FAQ,Chandrapur,850,650,750,Maharashtra,Other
2004-01-22,Onion,23,Mumbai,FAQ,Mumbai,900,700,800,Maharashtra,Other
2004-01-22,Onion,23,Ahmednagar,FAQ,Ahmednagar,910,300,605,Maharashtra,Other
2004-01-22,Onion,23,Nagpur,FAQ,Nagpur,750,725,740,Maharashtra,Other
2004-01-24,Onion,23,Jalgaon,FAQ,Jalgaon,960,400,600,Maharashtra,Red
2004-01-25,Onion,23,Pune,FAQ,Khed,880,600,750,Maharashtra,Other
2004-01-27,Onion,23,Nashik,FAQ,Nasik,1000,425,825,Maharashtra,Other
2004-01-27,Onion,23,Nashik,FAQ,Pimpalgaon,775,635,725,Maharashtra,Other
2004-01-27,Onion,23,Nashik,FAQ,Lasalgaon,771,361,731,Maharashtra,Red
2004-01-28,Onion,23,Nagpur,FAQ,Nagpur,850,750,800,Maharashtra,Red
2004-01-28,Onion,23,Dhule,FAQ,Dhule,565,200,500,Maharashtra,Other
2004-01-28,Onion,23,Chandrapur,FAQ,Chandrapur,850,650,750,Maharashtra,Other
2004-01-29,Onion,23,Ahmednagar,FAQ,Ahmednagar,800,280,540,Maharashtra,Other
2004-01-29,Onion,23,Kolhapur,FAQ,Kolhapur,900,300,500,Maharashtra,Other
2004-01-29,Onion,23,Jalgaon,FAQ,Jalgaon,700,300,425,Maharashtra,Red
2004-01-30,Onion,23,Nashik,FAQ,Manmad,710,580,610,Maharashtra,Red
2004-01-30,Onion,23,Sholapur,FAQ,Pandharpur,800,300,700,Maharashtra,Other
2004-01-31,Onion,23,Ahmednagar,FAQ,Ahmednagar,850,250,550,Maharashtra,Other
2004-02-03,Onion,23,Jalgaon,FAQ,Jalgaon,800,300,500,Maharashtra,Red
2004-02-03,Onion,23,Nashik,FAQ,Pimpalgaon,896,677,835,Maharashtra,Other
2004-02-04,Onion,23,Dhule,FAQ,Dhule,565,150,500,Maharashtra,Other
2004-02-04,Onion,23,Nashik,FAQ,Manmad,880,450,835,Maharashtra,Red
2004-02-04,Onion,23,Dhule,FAQ,Dhule,860,150,700,Maharashtra,Red
2004-02-04,Onion,23,Pune,FAQ,Khed,1000,500,750,Maharashtra,Other
2004-02-04,Onion,23,Kolhapur,FAQ,Kolhapur,875,200,400,Maharashtra,Other
2004-02-04,Onion,23,Nashik,FAQ,Nasik,950,500,800,Maharashtra,Other
2004-02-04,Onion,23,Ahmednagar,FAQ,Sangamner,1000,400,700,Maharashtra,Other
2004-02-05,Onion,23,Nashik,FAQ,Pimpalgaon,889,672,835,Maharashtra,Other
2004-02-05,Onion,23,Nashik,FAQ,Malegaon,855,211,810,Maharashtra,Red
2004-02-05,Onion,23,Nashik,FAQ,Nasik,925,451,825,Maharashtra,Other
2004-02-05,Onion,23,Mumbai,FAQ,Mumbai,1050,800,925,Maharashtra,Other
2004-02-06,Onion,23,Chandrapur,FAQ,Chandrapur,725,550,600,Maharashtra,Other
2004-02-07,Onion,23,Kolhapur,FAQ,Kolhapur,1000,300,500,Maharashtra,Other
2004-02-07,Onion,23,Chandrapur,FAQ,Chandrapur,700,550,625,Maharashtra,Other
2004-02-09,Onion,23,Kolhapur,FAQ,Kolhapur,950,300,450,Maharashtra,Other
2004-02-09,Onion,23,Nashik,FAQ,Yeola,808,400,780,Maharashtra,Red
2004-02-09,Onion,23,Ahmednagar,FAQ,Ahmednagar,1050,350,700,Maharashtra,Other
2004-02-10,Onion,23,Kolhapur,FAQ,Kolhapur,900,400,500,Maharashtra,Other
2004-02-10,Onion,23,Nagpur,FAQ,Nagpur,950,925,937,Maharashtra,Red
2004-02-11,Onion,23,Sholapur,FAQ,Pandharpur,851,360,800,Maharashtra,Other
2004-02-11,Onion,23,Ahmednagar,FAQ,Sangamner,1051,400,725,Maharashtra,Other
2004-02-12,Onion,23,Nashik,FAQ,Yeola,787,400,675,Maharashtra,Red
2004-02-12,Onion,23,Dhule,FAQ,Dhule,795,200,700,Maharashtra,Red
2004-02-12,Onion,23,Nagpur,FAQ,Nagpur,900,850,875,Maharashtra,Red
2004-02-13,Onion,23,Kolhapur,FAQ,Kolhapur,800,300,400,Maharashtra,Other
2004-02-13,Onion,23,Dhule,FAQ,Dhule,595,200,595,Maharashtra,Other
2004-02-15,Onion,23,Pune,FAQ,Khed,800,450,650,Maharashtra,Other
2004-02-16,Onion,23,Ahmednagar,FAQ,Ahmednagar,700,200,450,Maharashtra,Other
2004-02-16,Onion,23,Sholapur,FAQ,Pandharpur,800,460,700,Maharashtra,Other
2004-02-16,Onion,23,Sangli,FAQ,Sangli,800,200,500,Maharashtra,Other
2004-02-17,Onion,23,Kolhapur,FAQ,Kolhapur,700,300,400,Maharashtra,Other
2004-02-17,Onion,23,Chattrapati Sambhajinagar,FAQ,Chattrapati Sambhajinagar,550,300,350,Maharashtra,Other
2004-02-17,Onion,23,Sangli,FAQ,Sangli,675,200,435,Maharashtra,Other
2004-02-18,Onion,23,Pune,FAQ,Khed,800,500,650,Maharashtra,Other
2004-02-19,Onion,23,Ahmednagar,FAQ,Ahmednagar,755,200,475,Maharashtra,Other
2004-02-19,Onion,23,Kolhapur,FAQ,Kolhapur,700,200,400,Maharashtra,Other
2004-02-19,Onion,23,Nashik,FAQ,Manmad,825,459,776,Maharashtra,Red
2004-02-20,Onion,23,Buldhana,FAQ,Malkapur,705,325,575,Maharashtra,Red
2004-02-20,Onion,23,Pune,FAQ,Pune,750,500,620,Maharashtra,Other
2004-02-21,Onion,23,Nagpur,FAQ,Nagpur,500,475,485,Maharashtra,Other
2004-02-21,Onion,23,Chattrapati Sambhajinagar,FAQ,Chattrapati Sambhajinagar,550,300,350,Maharashtra,Other
2004-02-21,Onion,23,Nashik,FAQ,Yeola,660,325,600,Maharashtra,Red
2004-02-23,Onion,23,Chandrapur,FAQ,Chandrapur,650,450,550,Maharashtra,Other
2004-02-23,Onion,23,Dhule,FAQ,Dhule,421,100,370,Maharashtra,Other
2004-02-23,Onion,23,Ahmednagar,FAQ,Ahmednagar,625,150,385,Maharashtra,Other
2004-02-24,Onion,23,Nashik,FAQ,Nasik,750,400,625,Maharashtra,Other
2004-02-24,Onion,23,Nagpur,FAQ,Nagpur,700,625,650,Maharashtra,Red
2004-02-25,Onion,23,Dhule,FAQ,Dhule,520,100,450,Maharashtra,Red
2004-02-25,Onion,23,Nashik,FAQ,Yeola,537,250,515,Maharashtra,Red
2004-02-25,Onion,23,Chandrapur,FAQ,Chandrapur,650,450,500,Maharashtra,Other
2004-02-26,Onion,23,Nashik,FAQ,Nasik,661,250,550,Maharashtra,Other
2004-02-26,Onion,23,Ahmednagar,FAQ,Ahmednagar,550,150,350,Maharashtra,Other
2004-02-27,Onion,23,Nashik,FAQ,Yeola,459,170,390,Maharashtra,Red
2004-02-28,Onion,23,Sholapur,FAQ,Pandharpur,650,200,600,Maharashtra,Other
2004-02-29,Onion,23,Nagpur,FAQ,Nagpur,400,375,385,Maharashtra,Other
2004-02-29,Onion,23,Nagpur,FAQ,Nagpur,550,475,512,Maharashtra,Red
2004-03-01,Onion,23,Nashik,FAQ,Malegaon,451,100,411,Maharashtra,Red
2004-03-03,Onion,23,Mumbai,FAQ,Mumbai,550,350,450,Maharashtra,Other
2004-03-03,Onion,23,Nashik,FAQ,Malegaon,500,201,425,Maharashtra,Red
2004-03-03,Onion,23,Kolhapur,FAQ,Kolhapur,500,150,350,Maharashtra,Other
2004-03-03,Onion,23,Dhule,FAQ,Dhule,460,100,380,Maharashtra,Red
2004-03-03,Onion,23,Nashik,FAQ,Nasik,450,250,400,Maharashtra,Other
2004-03-03,Onion,23,Nashik,FAQ,Manmad,456,338,419,Maharashtra,Red
2004-03-04,Onion,23,Nashik,FAQ,Manmad,427,125,413,Maharashtra,Other
2004-03-05,Onion,23,Nashik,FAQ,Pimpalgaon,641,368,445,Maharashtra,Other
2004-03-08,Onion,23,Nashik,FAQ,Manmad,499,225,449,Maharashtra,Other
2004-03-08,Onion,23,Nagpur,FAQ,Nagpur,575,500,535,Maharashtra,Red
2004-03-08,Onion,23,Sholapur,FAQ,Pandharpur,575,230,565,Maharashtra,Other
2004-03-08,Onion,23,Nashik,FAQ,Lasalgaon,518,290,465,Maharashtra,Other
2004-03-09,Onion,23,Sholapur,FAQ,Pandharpur,610,250,550,Maharashtra,Other
2004-03-09,Onion,23,Nashik,FAQ,Manmad,525,345,484,Maharashtra,Other
2004-03-09,Onion,23,Nashik,FAQ,Lasalgaon,490,300,465,Maharashtra,Red
2004-03-09,Onion,23,Nashik,FAQ,Manmad,484,370,473,Maharashtra,Red
2004-03-10,Onion,23,Nagpur,FAQ,Nagpur,450,425,435,Maharashtra,Other
2004-03-10,Onion,23,Nagpur,FAQ,Nagpur,575,500,537,Maharashtra,Red
2004-03-10,Onion,23,Chattrapati Sambhajinagar,FAQ,Chattrapati Sambhajinagar,400,250,275,Maharashtra,Other
2004-03-11,Onion,23,Chattrapati Sambhajinagar,FAQ,Chattrapati Sambhajinagar,450,200,250,Maharashtra,Other
2004-03-11,Onion,23,Mumbai,FAQ,Mumbai,550,450,500,Maharashtra,Other
2004-03-11,Onion,23,Nashik,FAQ,Nasik,611,251,550,Maharashtra,Other
2004-03-11,Onion,23,Nagpur,FAQ,Nagpur,575,500,535,Maharashtra,Red
2004-03-13,Onion,23,Nashik,FAQ,Nasik,581,285,500,Maharashtra,Other
2004-03-13,Onion,23,Sholapur,FAQ,Pandharpur,601,180,475,Maharashtra,Other
2004-03-14,Onion,23,Pune,FAQ,Pune,530,380,450,Maharashtra,Other
2004-03-14,Onion,23,Pune,FAQ,Manchar,525,100,313,Maharashtra,Other
2004-03-15,Onion,23,Mumbai,FAQ,Mumbai,560,450,505,Maharashtra,Other
2004-03-15,Onion,23,Chattrapati Sambhajinagar,FAQ,Chattrapati Sambhajinagar,450,200,250,Maharashtra,Other
2004-03-15,Onion,23,Dhule,FAQ,Dhule,340,100,270,Maharashtra,Other
2004-03-16,Onion,23,Nashik,FAQ,Nasik,500,250,470,Maharashtra,Other
2004-03-16,Onion,23,Nashik,FAQ,Lasalgaon,380,311,341,Maharashtra,Red
2004-03-16,Onion,23,Dhule,FAQ,Dhule,305,100,305,Maharashtra,Other
2004-03-16,Onion,23,Nagpur,FAQ,Nagpur,460,415,437,Maharashtra,Other
2004-03-16,Onion,23,Pune,FAQ,Pune,500,350,420,Maharashtra,Other
2004-03-17,Onion,23,Jalgaon,FAQ,Jalgaon,500,250,400,Maharashtra,Red
2004-03-18,Onion,23,Sangli,FAQ,Sangli,485,150,317,Maharashtra,Other
2004-03-18,Onion,23,Nashik,FAQ,Yeola,315,150,270,Maharashtra,Other
2004-03-18,Onion,23,Pune,FAQ,Manchar,350,100,255,Maharashtra,Other
2004-03-18,Onion,23,Ahmednagar,FAQ,Ahmednagar,400,100,250,Maharashtra,Other
2004-03-19,Onion,23,Nashik,FAQ,Malegaon,340,101,276,Maharashtra,Red
2004-03-19,Onion,23,Mumbai,FAQ,Mumbai,450,350,400,Maharashtra,Other
2004-03-19,Onion,23,Dhule,FAQ,Dhule,300,100,250,Maharashtra,Other
2004-03-20,Onion,23,Sholapur,FAQ,Pandharpur,550,150,300,Maharashtra,Other
2004-03-21,Onion,23,Pune,FAQ,Pune,420,300,360,Maharashtra,Other
2004-03-22,Onion,23,Nashik,FAQ,Manmad,400,153,339,Maharashtra,Other
2004-03-22,Onion,23,Nashik,FAQ,Lasalgaon,383,200,335,Maharashtra,Other
2004-03-23,Onion,23,Sholapur,FAQ,Pandharpur,600,120,425,Maharashtra,Other
2004-03-24,Onion,23,Pune,FAQ,Pune,450,320,380,Maharashtra,Other
2004-03-24,Onion,23,Mumbai,FAQ,Mumbai,520,400,460,Maharashtra,Other
2004-03-24,Onion,23,Jalgaon,FAQ,Jalgaon,350,175,270,Maharashtra,Red
2004-03-24,Onion,23,Chattrapati Sambhajinagar,FAQ,Chattrapati Sambhajinagar,250,150,175,Maharashtra,Other
2004-03-25,Onion,23,Sangli,FAQ,Sangli,490,150,370,Maharashtra,Other
2004-03-25,Onion,23,Chattrapati Sambhajinagar,FAQ,Chattrapati Sambhajinagar,250,150,175,Maharashtra,Other
2004-03-25,Onion,23,Satara,FAQ,Lonand,450,200,380,Maharashtra,Other
2004-03-26,Onion,23,Dhule,FAQ,Dhule,275,100,240,Maharashtra,Other
2004-03-27,Onion,23,Sholapur,FAQ,Pandharpur,570,100,450,Maharashtra,Other
2004-03-28,Onion,23,Chattrapati Sambhajinagar,FAQ,Chattrapati Sambhajinagar,300,150,225,Maharashtra,Other
2004-03-29,Onion,23,Mumbai,FAQ,Mumbai,500,350,425,Maharashtra,Other
2004-03-29,Onion,23,Nashik,FAQ,Nasik,425,198,380,Maharashtra,Other
2004-03-29,Onion,23,Jalgaon,FAQ,Jalgaon,300,200,250,Maharashtra,Red
2004-03-30,Onion,23,Sholapur,FAQ,Pandharpur,410,180,350,Maharashtra,Other
2004-03-31,Onion,23,Pune,FAQ,Khed,450,200,325,Maharashtra,Other
2004-04-01,Onion,23,Nashik,FAQ,Yeola,338,150,305,Maharashtra,Other
2004-04-01,Onion,23,Ahmednagar,FAQ,Ahmednagar,450,150,300,Maharashtra,Other
2004-04-01,Onion,23,Chattrapati Sambhajinagar,FAQ,Chattrapati Sambhajinagar,350,150,175,Maharashtra,Other
2004-04-05,Onion,23,Jalgaon,FAQ,Jalgaon,335,200,310,Maharashtra,Red
2004-04-06,Onion,23,Pune,FAQ,Manchar,355,305,330,Maharashtra,Other
2004-04-06,Onion,23,Nashik,FAQ,Nasik,375,180,325,Maharashtra,Other
2004-04-07,Onion,23,Nashik,FAQ,Malegaon,351,151,285,Maharashtra,Red
2004-04-07,Onion,23,Dhule,FAQ,Dhule,330,100,270,Maharashtra,Red
2004-04-07,Onion,23,Nashik,FAQ,Manmad,367,288,325,Maharashtra,Other
2004-04-07,Onion,23,Nashik,FAQ,Pimpalgaon,355,230,300,Maharashtra,Other
2004-04-07,Onion,23,Nashik,FAQ,Lasalgaon,390,151,321,Maharashtra,Other
2004-04-07,Onion,23,Dhule,FAQ,Dhule,285,100,240,Maharashtra,Other
2004-04-07,Onion,23,Ahmednagar,FAQ,Sangamner,451,100,276,Maharashtra,Other
2004-04-07,Onion,23,Sholapur,FAQ,Pandharpur,480,100,330,Maharashtra,Other
2004-04-08,Onion,23,Nashik,FAQ,Chandvad,325,150,300,Maharashtra,Other
2004-04-08,Onion,23,Ahmednagar,FAQ,Ahmednagar,410,125,265,Maharashtra,Other
2004-04-08,Onion,23,Nashik,FAQ,Manmad,359,200,295,Maharashtra,Other
2004-04-08,Onion,23,Chattrapati Sambhajinagar,FAQ,Chattrapati Sambhajinagar,350,125,175,Maharashtra,Other
2004-04-08,Onion,23,Sholapur,FAQ,Pandharpur,530,150,420,Maharashtra,Other
2004-04-08,Onion,23,Jalgaon,FAQ,Jalgaon,300,150,250,Maharashtra,Red
2004-04-09,Onion,23,Nashik,FAQ,Chandvad,325,150,300,Maharashtra,Other
2004-04-09,Onion,23,Jalgaon,FAQ,Jalgaon,300,140,250,Maharashtra,Red
2004-04-09,Onion,23,Sangli,FAQ,Sangli,400,100,250,Maharashtra,Other
2004-04-10,Onion,23,Nashik,FAQ,Chandvad,325,150,300,Maharashtra,Other
2004-04-11,Onion,23,Pune,FAQ,Pune,430,250,340,Maharashtra,Other
2004-04-11,Onion,23,Ahmednagar,FAQ,Ahmednagar,400,100,250,Maharashtra,Other
2004-04-12,Onion,23,Chattrapati Sambhajinagar,FAQ,Chattrapati Sambhajinagar,300,150,175,Maharashtra,Other
2004-04-12,Onion,23,Nashik,FAQ,Yeola,303,150,275,Maharashtra,Other
2004-04-12,Onion,23,Dhule,FAQ,Dhule,205,50,160,Maharashtra,Other
2004-04-13,Onion,23,Nashik,FAQ,Chandvad,325,150,300,Maharashtra,Other
2004-04-13,Onion,23,Pune,FAQ,Pune,450,250,350,Maharashtra,Other
2004-04-13,Onion,23,Nashik,FAQ,Lasalgaon,399,151,311,Maharashtra,Other
2004-04-14,Onion,23,Nashik,FAQ,Lasalgaon,341,125,251,Maharashtra,Other
2004-04-15,Onion,23,Nashik,FAQ,Lasalgaon,390,132,325,Maharashtra,Other
2004-04-15,Onion,23,Nashik,FAQ,Pimpalgaon,341,211,290,Maharashtra,Other
2004-04-15,Onion,23,Chattrapati Sambhajinagar,FAQ,Chattrapati Sambhajinagar,300,150,175,Maharashtra,Other
2004-04-15,Onion,23,Buldhana,FAQ,Malkapur,271,50,230,Maharashtra,Red
2004-04-15,Onion,23,Nagpur,FAQ,Nagpur,275,225,240,Maharashtra,Other
2004-04-16,Onion,23,Sholapur,FAQ,Pandharpur,450,102,430,Maharashtra,Other
2004-04-16,Onion,23,Nashik,FAQ,Pimpalgaon,342,200,305,Maharashtra,Other
2004-04-16,Onion,23,Nashik,FAQ,Yeola,296,150,270,Maharashtra,Other
2004-04-16,Onion,23,Sangli,FAQ,Sangli,425,100,260,Maharashtra,Other
2004-04-17,Onion,23,Mumbai,FAQ,Mumbai,400,300,350,Maharashtra,Other
2004-04-17,Onion,23,Pune,FAQ,Manchar,340,280,320,Maharashtra,Other
2004-04-19,Onion,23,Pune,FAQ,Pune,380,250,310,Maharashtra,Other
2004-04-20,Onion,23,Nashik,FAQ,Chandvad,280,100,250,Maharashtra,Other
2004-04-20,Onion,23,Chattrapati Sambhajinagar,FAQ,Chattrapati Sambhajinagar,250,150,175,Maharashtra,Other
2004-04-21,Onion,23,Nashik,FAQ,Nasik,350,140,275,Maharashtra,Other
2004-04-21,Onion,23,Nashik,FAQ,Manmad,329,151,275,Maharashtra,Other
2004-04-21,Onion,23,Dhule,FAQ,Dhule,225,50,170,Maharashtra,Other
2004-04-21,Onion,23,Nashik,FAQ,Chandvad,272,100,240,Maharashtra,Other
2004-04-21,Onion,23,Pune,FAQ,Pune,420,300,360,Maharashtra,Other
2004-04-21,Onion,23,Nashik,FAQ,Lasalgaon,364,105,251,Maharashtra,Other
2004-04-21,Onion,23,Jalgaon,FAQ,Jalgaon,200,125,175,Maharashtra,Other
2004-04-22,Onion,23,Nashik,FAQ,Pimpalgaon,363,180,280,Maharashtra,Other
2004-04-22,Onion,23,Ahmednagar,FAQ,Sangamner,411,100,260,Maharashtra,Other
2004-04-23,Onion,23,Dhule,FAQ,Dhule,240,50,170,Maharashtra,Other
2004-04-23,Onion,23,Jalgaon,FAQ,Jalgaon,270,125,200,Maharashtra,Red
2004-04-23,Onion,23,Nashik,FAQ,Yeola,265,150,225,Maharashtra,Other
2004-04-24,Onion,23,Chattrapati Sambhajinagar,FAQ,Chattrapati Sambhajinagar,300,150,175,Maharashtra,Other
2004-04-27,Onion,23,Nashik,FAQ,Lasalgaon,377,131,275,Maharashtra,Other
2004-04-27,Onion,23,Dhule,FAQ,Dhule,265,100,210,Maharashtra,Other
2004-04-28,Onion,23,Sholapur,FAQ,Pandharpur,450,230,400,Maharashtra,Other
2004-04-28,Onion,23,Pune,FAQ,Pune,420,250,330,Maharashtra,Other
2004-04-29,Onion,23,Kolhapur,FAQ,Kolhapur,450,100,300,Maharashtra,Other
2004-04-30,Onion,23,Nashik,FAQ,Chandvad,331,100,270,Maharashtra,Other
2004-04-30,Onion,23,Dhule,FAQ,Dhule,240,50,200,Maharashtra,Other
2004-04-30,Onion,23,Sangli,FAQ,Sangli,500,100,275,Maharashtra,Other
2004-04-30,Onion,23,Sholapur,FAQ,Pandharpur,500,125,425,Maharashtra,Other
2004-04-30,Onion,23,Nagpur,FAQ,Nagpur,325,300,312,Maharashtra,Red
2004-04-30,Onion,23,Pune,FAQ,Manchar,381,100,241,Maharashtra,Other
2004-05-03,Onion,23,Nashik,FAQ,Yeola,310,150,260,Maharashtra,Other
2004-05-04,Onion,23,Nagpur,FAQ,Nagpur,337,275,300,Maharashtra,Red
2004-05-05,Onion,23,Nashik,FAQ,Yeola,317,150,280,Maharashtra,Other
2004-05-06,Onion,23,Ahmednagar,FAQ,Ahmednagar,380,120,250,Maharashtra,Other
2004-05-06,Onion,23,Nashik,FAQ,Lasalgaon,403,145,291,Maharashtra,Other
2004-05-06,Onion,23,Nagpur,FAQ,Nagpur,275,250,265,Maharashtra,Other
2004-05-06,Onion,23,Nashik,FAQ,Yeola,311,150,275,Maharashtra,Other
2004-05-06,Onion,23,Kolhapur,FAQ,Kolhapur,500,150,300,Maharashtra,Other
2004-05-06,Onion,23,Nashik,FAQ,Malegaon,331,101,285,Maharashtra,Other
2004-05-06,Onion,23,Pune,FAQ,Pune,420,200,310,Maharashtra,Other
2004-05-07,Onion,23,Nagpur,FAQ,Nagpur,275,250,262,Maharashtra,Other
2004-05-07,Onion,23,Pune,FAQ,Pune,380,200,290,Maharashtra,Other
2004-05-09,Onion,23,Pune,FAQ,Pune,400,200,300,Maharashtra,Other
2004-05-10,Onion,23,Nashik,FAQ,Manmad,341,131,289,Maharashtra,Other
2004-05-10,Onion,23,Nashik,FAQ,Nasik,351,131,280,Maharashtra,Other
2004-05-10,Onion,23,Sangli,FAQ,Sangli,425,100,263,Maharashtra,Other
2004-05-10,Onion,23,Sholapur,FAQ,Pandharpur,487,255,400,Maharashtra,Other
2004-05-10,Onion,23,Chattrapati Sambhajinagar,FAQ,Chattrapati Sambhajinagar,175,100,140,Maharashtra,Other
2004-05-10,Onion,23,Nashik,FAQ,Lasalgaon,375,101,285,Maharashtra,Other
2004-05-11,Onion,23,Kolhapur,FAQ,Kolhapur,475,100,300,Maharashtra,Other
2004-05-11,Onion,23,Nagpur,FAQ,Nagpur,325,275,300,Maharashtra,Red
2004-05-11,Onion,23,Nashik,FAQ,Chandvad,320,100,260,Maharashtra,Other
2004-05-12,Onion,23,Kolhapur,FAQ,Kolhapur,500,100,270,Maharashtra,Other
2004-05-13,Onion,23,Sholapur,FAQ,Pandharpur,480,125,400,Maharashtra,Other
2004-05-13,Onion,23,Nashik,FAQ,Manmad,399,131,331,Maharashtra,Other
2004-05-14,Onion,23,Jalgaon,FAQ,Jalgaon,350,150,300,Maharashtra,Other
2004-05-15,Onion,23,Sholapur,FAQ,Pandharpur,500,100,250,Maharashtra,Other
2004-05-15,Onion,23,Nashik,FAQ,Yeola,345,155,280,Maharashtra,Other
2004-05-16,Onion,23,Pune,FAQ,Khed,401,175,275,Maharashtra,Other
2004-05-17,Onion,23,Sholapur,FAQ,Pandharpur,540,100,470,Maharashtra,Other
2004-05-18,Onion,23,Pune,FAQ,Pune,520,250,380,Maharashtra,Other
2004-05-18,Onion,23,Nagpur,FAQ,Nagpur,310,280,295,Maharashtra,Other
2004-05-19,Onion,23,Jalgaon,FAQ,Jalgaon,375,150,250,Maharashtra,Red
2004-05-20,Onion,23,Jalgaon,FAQ,Jalgaon,325,150,225,Maharashtra,Red
2004-05-21,Onion,23,Nashik,FAQ,Lasalgaon,436,125,325,Maharashtra,Other
2004-05-21,Onion,23,Pune,FAQ,Pune,470,250,360,Maharashtra,Other
2004-05-22,Onion,23,Nashik,FAQ,Yeola,335,150,280,Maharashtra,Other
2004-05-22,Onion,23,Nashik,FAQ,Chandvad,316,100,265,Maharashtra,Other
2004-05-22,Onion,23,Sangli,FAQ,Sangli,500,100,300,Maharashtra,Other
2004-05-22,Onion,23,Mumbai,FAQ,Mumbai,450,250,350,Maharashtra,Other
2004-05-23,Onion,23,Nagpur,FAQ,Nagpur,262,225,250,Maharashtra,Other
2004-05-24,Onion,23,Satara,FAQ,Lonand,411,150,360,Maharashtra,Other
2004-05-25,Onion,23,Nagpur,FAQ,Nagpur,300,250,275,Maharashtra,Red
2004-05-27,Onion,23,Nashik,FAQ,Lasalgaon,441,119,341,Maharashtra,Other
2004-05-27,Onion,23,Nagpur,FAQ,Nagpur,275,250,262,Maharashtra,Other
2004-05-27,Onion,23,Nashik,FAQ,Chandvad,338,150,275,Maharashtra,Other
2004-05-28,Onion,23,Sholapur,FAQ,Pandharpur,520,160,400,Maharashtra,Other
2004-05-28,Onion,23,Nashik,FAQ,Chandvad,368,100,270,Maharashtra,Other
2004-05-29,Onion,23,Nashik,FAQ,Yeola,359,175,300,Maharashtra,Other
2004-05-29,Onion,23,Sangli,FAQ,Sangli,450,150,300,Maharashtra,Other
2004-05-29,Onion,23,Sholapur,FAQ,Pandharpur,530,125,475,Maharashtra,Other
2004-05-30,Onion,23,Pune,FAQ,Khed,451,201,351,Maharashtra,Other
2004-05-31,Onion,23,Nagpur,FAQ,Nagpur,312,275,300,Maharashtra,Other
2004-05-31,Onion,23,Jalgaon,FAQ,Jalgaon,350,125,275,Maharashtra,Red
2004-05-31,Onion,23,Nashik,FAQ,Nasik,430,121,325,Maharashtra,Other
2004-06-01,Onion,23,Nashik,FAQ,Nasik,450,175,350,Maharashtra,Other
2004-06-02,Onion,23,Ahmednagar,FAQ,Sangamner,551,100,325,Maharashtra,Other
2004-06-03,Onion,23,Nashik,FAQ,Yeola,431,175,360,Maharashtra,Other
2004-06-03,Onion,23,Nashik,FAQ,Malegaon,500,221,335,Maharashtra,Red
2004-06-04,Onion,23,Nashik,FAQ,Chandvad,450,150,300,Maharashtra,Other
2004-06-04,Onion,23,Nashik,FAQ,Lasalgaon,472,151,421,Maharashtra,Other
2004-06-04,Onion,23,Nashik,FAQ,Malegaon,451,201,375,Maharashtra,Red
2004-06-05,Onion,23,Nashik,FAQ,Chandvad,451,150,325,Maharashtra,Other
2004-06-05,Onion,23,Ahmednagar,FAQ,Ahmednagar,475,125,300,Maharashtra,Other
2004-06-05,Onion,23,Mumbai,FAQ,Mumbai,550,400,475,Maharashtra,Other
2004-06-07,Onion,23,Pune,FAQ,Pune,550,350,450,Maharashtra,Other
2004-06-07,Onion,23,Nashik,FAQ,Malegaon,480,101,350,Maharashtra,Red
2004-06-08,Onion,23,Nashik,FAQ,Malegaon,471,201,275,Maharashtra,Red
2004-06-08,Onion,23,Nagpur,FAQ,Nagpur,425,375,400,Maharashtra,Red
2004-06-08,Onion,23,Nashik,FAQ,Lasalgaon,520,131,425,Maharashtra,Other
2004-06-09,Onion,23,Jalgaon,FAQ,Jalgaon,450,175,300,Maharashtra,Red
2004-06-09,Onion,23,Pune,FAQ,Khed,500,200,450,Maharashtra,Other
2004-06-10,Onion,23,Nashik,FAQ,Lasalgaon,485,151,425,Maharashtra,Other
2004-06-10,Onion,23,Sholapur,FAQ,Pandharpur,600,125,465,Maharashtra,Other
2004-06-11,Onion,23,Ahmednagar,FAQ,Sangamner,550,100,325,Maharashtra,Other
2004-06-11,Onion,23,Nashik,FAQ,Lasalgaon,462,111,371,Maharashtra,Other
2004-06-11,Onion,23,Jalgaon,FAQ,Jalgaon,500,150,250,Maharashtra,Red
2004-06-11,Onion,23,Nashik,FAQ,Malegaon,451,101,295,Maharashtra,Other
2004-06-12,Onion,23,Sholapur,FAQ,Pandharpur,600,600,600,Maharashtra,Other
2004-06-12,Onion,23,Nashik,FAQ,Nasik,450,150,350,Maharashtra,Other
2004-06-12,Onion,23,Sangli,FAQ,Sangli,565,100,335,Maharashtra,Other
2004-06-14,Onion,23,Nashik,FAQ,Pimpalgaon,448,200,360,Maharashtra,Other
2004-06-14,Onion,23,Sholapur,FAQ,Pandharpur,550,125,450,Maharashtra,Other
2004-06-14,Onion,23,Kolhapur,FAQ,Kolhapur,510,150,300,Maharashtra,Other
2004-06-14,Onion,23,Pune,FAQ,Pune,520,350,430,Maharashtra,Other
2004-06-14,Onion,23,Nashik,FAQ,Lasalgaon,440,130,381,Maharashtra,Other
2004-06-15,Onion,23,Jalgaon,FAQ,Jalgaon,475,250,325,Maharashtra,Red
2004-06-15,Onion,23,Nagpur,FAQ,Nagpur,375,300,335,Maharashtra,Red
2004-06-16,Onion,23,Nashik,FAQ,Manmad,439,100,404,Maharashtra,Other
2004-06-16,Onion,23,Pune,FAQ,Pune,530,300,410,Maharashtra,Other
2004-06-16,Onion,23,Nashik,FAQ,Chandvad,364,151,300,Maharashtra,Other
2004-06-16,Onion,23,Ahmednagar,FAQ,Sangamner,1400,1400,1400,Maharashtra,Other
2004-06-16,Onion,23,Pune,FAQ,Khed,500,200,450,Maharashtra,Other
2004-06-17,Onion,23,Nagpur,FAQ,Nagpur,375,300,365,Maharashtra,Red
2004-06-17,Onion,23,Pune,FAQ,Pune,520,350,430,Maharashtra,Other
2004-06-18,Onion,23,Nashik,FAQ,Nasik,400,101,300,Maharashtra,Other
2004-06-19,Onion,23,Chattrapati Sambhajinagar,FAQ,Chattrapati Sambhajinagar,250,150,175,Maharashtra,Other
2004-06-19,Onion,23,Nashik,FAQ,Nasik,300,150,220,Maharashtra,Other
2004-06-21,Onion,23,Nashik,FAQ,Malegaon,435,101,390,Maharashtra,Other
2004-06-21,Onion,23,Mumbai,FAQ,Mumbai,570,400,485,Maharashtra,Other
2004-06-21,Onion,23,Nagpur,FAQ,Nagpur,400,375,385,Maharashtra,Red
2004-06-22,Onion,23,Kolhapur,FAQ,Kolhapur,530,100,280,Maharashtra,Other
2004-06-23,Onion,23,Sholapur,FAQ,Pandharpur,570,150,550,Maharashtra,Other
2004-06-23,Onion,23,Nagpur,FAQ,Nagpur,425,350,400,Maharashtra,Red
2004-06-23,Onion,23,Nashik,FAQ,Lasalgaon,427,122,341,Maharashtra,Other
2004-06-24,Onion,23,Kolhapur,FAQ,Kolhapur,550,100,300,Maharashtra,Other
2004-06-25,Onion,23,Jalgaon,FAQ,Jalgaon,410,125,300,Maharashtra,Red
2004-06-25,Onion,23,Nashik,FAQ,Malegaon,415,111,325,Maharashtra,Other
2004-06-25,Onion,23,Nashik,FAQ,Lasalgaon,434,126,361,Maharashtra,Other
2004-06-26,Onion,23,Chattrapati Sambhajinagar,FAQ,Chattrapati Sambhajinagar,300,150,175,Maharashtra,Other
2004-06-26,Onion,23,Sangli,FAQ,Sangli,500,125,313,Maharashtra,Other
2004-06-26,Onion,23,Ahmednagar,FAQ,Ahmednagar,500,110,305,Maharashtra,Other
2004-06-26,Onion,23,Nashik,FAQ,Nasik,425,200,350,Maharashtra,Other
2004-06-26,Onion,23,Mumbai,FAQ,Mumbai,550,400,475,Maharashtra,Other
2004-06-27,Onion,23,Nagpur,FAQ,Nagpur,425,350,395,Maharashtra,Red
2004-06-28,Onion,23,Kolhapur,FAQ,Kolhapur,525,100,270,Maharashtra,Other
2004-06-28,Onion,23,Chattrapati Sambhajinagar,FAQ,Chattrapati Sambhajinagar,300,175,200,Maharashtra,Other
2004-06-28,Onion,23,Nagpur,FAQ,Nagpur,425,350,395,Maharashtra,Red
2004-06-29,Onion,23,Nagpur,FAQ,Nagpur,450,400,425,Maharashtra,Other
2004-06-30,Onion,23,Nashik,FAQ,Manmad,421,117,350,Maharashtra,Other
2004-06-30,Onion,23,Nagpur,FAQ,Nagpur,425,400,412,Maharashtra,Other
2004-07-01,Onion,23,Sholapur,FAQ,Pandharpur,530,300,440,Maharashtra,Other
2004-07-01,Onion,23,Nashik,FAQ,Nasik,451,210,315,Maharashtra,Other
2004-07-01,Onion,23,Pune,FAQ,Manchar,451,100,276,Maharashtra,Other
2004-07-01,Onion,23,Pune,FAQ,Pune,520,250,380,Maharashtra,Other
2004-07-03,Onion,23,Nashik,FAQ,Yeola,400,175,360,Maharashtra,Other
2004-07-03,Onion,23,Nashik,FAQ,Chandvad,401,200,350,Maharashtra,Other
2004-07-04,Onion,23,Nagpur,FAQ,Nagpur,425,400,412,Maharashtra,Other
2004-07-04,Onion,23,Pune,FAQ,Khed,450,200,350,Maharashtra,Other
2004-07-05,Onion,23,Nashik,FAQ,Nasik,451,200,375,Maharashtra,Other
2004-07-05,Onion,23,Sholapur,FAQ,Pandharpur,400,400,400,Maharashtra,Other
2004-07-06,Onion,23,Pune,FAQ,Pune,480,350,410,Maharashtra,Other
2004-07-07,Onion,23,Nashik,FAQ,Manmad,424,155,391,Maharashtra,Other
2004-07-07,Onion,23,Pune,FAQ,Khed,450,200,360,Maharashtra,Other
2004-07-07,Onion,23,Jalgaon,FAQ,Jalgaon,400,160,300,Maharashtra,Red
2004-07-08,Onion,23,Nagpur,FAQ,Nagpur,400,375,385,Maharashtra,Other
2004-07-08,Onion,23,Kolhapur,FAQ,Kolhapur,500,100,270,Maharashtra,Other
2004-07-08,Onion,23,Mumbai,FAQ,Mumbai,530,400,465,Maharashtra,Other
2004-07-09,Onion,23,Nagpur,FAQ,Nagpur,400,375,385,Maharashtra,Other
2004-07-09,Onion,23,Buldhana,FAQ,Malkapur,320,100,210,Maharashtra,Other
2004-07-09,Onion,23,Nashik,FAQ,Chandvad,410,200,365,Maharashtra,Other
2004-07-10,Onion,23,Jalgaon,FAQ,Jalgaon,400,150,300,Maharashtra,Red
2004-07-10,Onion,23,Ahmednagar,FAQ,Ahmednagar,415,100,255,Maharashtra,Other
2004-07-11,Onion,23,Pune,FAQ,Khed,525,200,401,Maharashtra,Other
2004-07-12,Onion,23,Nashik,FAQ,Yeola,366,150,335,Maharashtra,Other
2004-07-12,Onion,23,Nashik,FAQ,Pimpalgaon,441,251,360,Maharashtra,Other
2004-07-13,Onion,23,Chattrapati Sambhajinagar,FAQ,Chattrapati Sambhajinagar,300,175,200,Maharashtra,Other
2004-07-13,Onion,23,Mumbai,FAQ,Mumbai,510,400,455,Maharashtra,Other
2004-07-13,Onion,23,Nagpur,FAQ,Nagpur,375,350,365,Maharashtra,Other
2004-07-14,Onion,23,Nashik,FAQ,Pimpalgaon,424,260,360,Maharashtra,Other
2004-07-14,Onion,23,Nashik,FAQ,Manmad,393,183,379,Maharashtra,Other
2004-07-15,Onion,23,Buldhana,FAQ,Malkapur,330,145,225,Maharashtra,Other
2004-07-15,Onion,23,Chattrapati Sambhajinagar,FAQ,Chattrapati Sambhajinagar,275,175,200,Maharashtra,Other
2004-07-16,Onion,23,Mumbai,FAQ,Mumbai,500,380,440,Maharashtra,Other
2004-07-16,Onion,23,Jalgaon,FAQ,Jalgaon,400,150,300,Maharashtra,Red
2004-07-17,Onion,23,Jalgaon,FAQ,Jalgaon,410,125,300,Maharashtra,Red
2004-07-18,Onion,23,Nagpur,FAQ,Nagpur,400,375,385,Maharashtra,Other
2004-07-18,Onion,23,Pune,FAQ,Pune,480,300,390,Maharashtra,Other
2004-07-18,Onion,23,Nagpur,FAQ,Nagpur,425,400,412,Maharashtra,Red
2004-07-18,Onion,23,Pune,FAQ,Manchar,455,100,278,Maharashtra,Other
2004-07-19,Onion,23,Ahmednagar,FAQ,Ahmednagar,400,90,245,Maharashtra,Other
2004-07-19,Onion,23,Nashik,FAQ,Manmad,395,151,380,Maharashtra,Other
2004-07-19,Onion,23,Nashik,FAQ,Pimpalgaon,425,270,365,Maharashtra,Other
2004-07-19,Onion,23,Chandrapur,FAQ,Chandrapur,425,250,350,Maharashtra,Other
2004-07-19,Onion,23,Pune,FAQ,Pune,450,300,370,Maharashtra,Other
2004-07-19,Onion,23,Nagpur,FAQ,Nagpur,425,400,412,Maharashtra,Red
2004-07-20,Onion,23,Nashik,FAQ,Lasalgaon,417,196,355,Maharashtra,Other
2004-07-20,Onion,23,Chattrapati Sambhajinagar,FAQ,Chattrapati Sambhajinagar,275,150,170,Maharashtra,Other
2004-07-20,Onion,23,Nashik,FAQ,Manmad,405,167,351,Maharashtra,Other
2004-07-20,Onion,23,Mumbai,FAQ,Mumbai,500,390,445,Maharashtra,Other
2004-07-21,Onion,23,Nashik,FAQ,Manmad,420,109,375,Maharashtra,Other
2004-07-21,Onion,23,Chattrapati Sambhajinagar,FAQ,Chattrapati Sambhajinagar,275,150,190,Maharashtra,Other
2004-07-21,Onion,23,Mumbai,FAQ,Mumbai,530,400,465,Maharashtra,Other
2004-07-22,Onion,23,Sholapur,FAQ,Pandharpur,350,182,300,Maharashtra,Other
2004-07-22,Onion,23,Nashik,FAQ,Manmad,407,196,375,Maharashtra,Other
2004-07-22,Onion,23,Satara,FAQ,Lonand,400,200,350,Maharashtra,Other
2004-07-22,Onion,23,Chandrapur,FAQ,Chandrapur,425,275,375,Maharashtra,Other
2004-07-22,Onion,23,Pune,FAQ,Manchar,445,100,273,Maharashtra,Other
2004-07-23,Onion,23,Mumbai,FAQ,Mumbai,500,320,410,Maharashtra,Other
2004-07-23,Onion,23,Buldhana,FAQ,Malkapur,325,140,225,Maharashtra,Other
2004-07-24,Onion,23,Chattrapati Sambhajinagar,FAQ,Chattrapati Sambhajinagar,250,175,200,Maharashtra,Other
2004-07-25,Onion,23,Nagpur,FAQ,Nagpur,400,375,385,Maharashtra,Red
2004-07-27,Onion,23,Pune,FAQ,Pune,450,350,400,Maharashtra,Other
2004-07-27,Onion,23,Sholapur,FAQ,Barshi,460,125,320,Maharashtra,Other
2004-07-27,Onion,23,Chandrapur,FAQ,Chandrapur,425,250,350,Maharashtra,Other
2004-07-28,Onion,23,Chattrapati Sambhajinagar,FAQ,Chattrapati Sambhajinagar,300,175,200,Maharashtra,Other
2004-07-28,Onion,23,Nashik,FAQ,Pimpalgaon,437,290,380,Maharashtra,Other
2004-07-29,Onion,23,Chattrapati Sambhajinagar,FAQ,Chattrapati Sambhajinagar,300,175,190,Maharashtra,Other
2004-07-29,Onion,23,Nashik,FAQ,Yeola,415,200,380,Maharashtra,Other
2004-07-29,Onion,23,Ahmednagar,FAQ,Ahmednagar,425,125,275,Maharashtra,Other
2004-07-29,Onion,23,Nashik,FAQ,Lasalgaon,451,231,415,Maharashtra,Other
2004-07-30,Onion,23,Nashik,FAQ,Pimpalgaon,444,300,400,Maharashtra,Other
2004-07-31,Onion,23,Kolhapur,FAQ,Kolhapur,500,100,300,Maharashtra,Other
2004-07-31,Onion,23,Chattrapati Sambhajinagar,FAQ,Chattrapati Sambhajinagar,275,175,200,Maharashtra,Other
2004-07-31,Onion,23,Sangli,FAQ,Sangli,450,100,275,Maharashtra,Other
2004-08-01,Onion,23,Nagpur,FAQ,Nagpur,425,400,412,Maharashtra,Other
2004-08-01,Onion,23,Pune,FAQ,Manchar,501,125,313,Maharashtra,Other
2004-08-02,Onion,23,Nashik,FAQ,Nasik,401,280,380,Maharashtra,Other
2004-08-02,Onion,23,Nagpur,FAQ,Nagpur,450,425,435,Maharashtra,Red
2004-08-02,Onion,23,Chattrapati Sambhajinagar,FAQ,Chattrapati Sambhajinagar,250,150,175,Maharashtra,Other
2004-08-02,Onion,23,Nashik,FAQ,Manmad,390,251,370,Maharashtra,Other
2004-08-03,Onion,23,Nashik,FAQ,Nasik,425,250,375,Maharashtra,Other
2004-08-03,Onion,23,Nagpur,FAQ,Nagpur,475,450,465,Maharashtra,Other
2004-08-03,Onion,23,Mumbai,FAQ,Mumbai,550,400,475,Maharashtra,Other
2004-08-03,Onion,23,Nashik,FAQ,Chandvad,413,200,375,Maharashtra,Other
2004-08-03,Onion,23,Nashik,FAQ,Manmad,434,261,410,Maharashtra,Other
2004-08-04,Onion,23,Nashik,FAQ,Lasalgaon,451,311,415,Maharashtra,Other
2004-08-04,Onion,23,Nashik,FAQ,Malegaon,465,151,365,Maharashtra,Other
2004-08-04,Onion,23,Nagpur,FAQ,Nagpur,475,450,465,Maharashtra,Other
2004-08-04,Onion,23,Sangli,FAQ,Sangli,450,150,300,Maharashtra,Other
2004-08-04,Onion,23,Nagpur,FAQ,Nagpur,450,425,435,Maharashtra,Red
2004-08-05,Onion,23,Nagpur,FAQ,Nagpur,475,450,465,Maharashtra,Other
2004-08-05,Onion,23,Nagpur,FAQ,Nagpur,450,425,435,Maharashtra,Red
2004-08-05,Onion,23,Nashik,FAQ,Yeola,435,200,410,Maharashtra,Other
2004-08-06,Onion,23,Nashik,FAQ,Manmad,437,378,411,Maharashtra,Other
2004-08-07,Onion,23,Kolhapur,FAQ,Kolhapur,600,150,320,Maharashtra,Other
2004-08-07,Onion,23,Ahmednagar,FAQ,Ahmednagar,450,100,275,Maharashtra,Other
2004-08-08,Onion,23,Nagpur,FAQ,Nagpur,450,425,435,Maharashtra,Red
2004-08-09,Onion,23,Nashik,FAQ,Nasik,450,250,385,Maharashtra,Other
2004-08-09,Onion,23,Pune,FAQ,Pune,500,350,420,Maharashtra,Other
2004-08-09,Onion,23,Ahmednagar,FAQ,Ahmednagar,425,115,270,Maharashtra,Other
2004-08-10,Onion,23,Nashik,FAQ,Pimpalgaon,430,300,385,Maharashtra,Other
2004-08-11,Onion,23,Sangli,FAQ,Sangli,525,100,360,Maharashtra,Other
2004-08-11,Onion,23,Pune,FAQ,Pune,500,350,420,Maharashtra,Other
2004-08-11,Onion,23,Nagpur,FAQ,Nagpur,450,425,435,Maharashtra,Red
2004-08-11,Onion,23,Jalgaon,FAQ,Jalgaon,400,150,300,Maharashtra,Red
2004-08-12,Onion,23,Nagpur,FAQ,Nagpur,450,425,435,Maharashtra,Red
2004-08-12,Onion,23,Nashik,FAQ,Lasalgaon,440,240,385,Maharashtra,Other
2004-08-12,Onion,23,Nashik,FAQ,Pimpalgaon,442,315,385,Maharashtra,Other
2004-08-13,Onion,23,Nashik,FAQ,Pimpalgaon,451,300,380,Maharashtra,Other
2004-08-13,Onion,23,Nashik,FAQ,Lasalgaon,457,181,385,Maharashtra,Other
2004-08-14,Onion,23,Nashik,FAQ,Yeola,376,175,360,Maharashtra,Other
2004-08-15,Onion,23,Nagpur,FAQ,Nagpur,500,450,475,Maharashtra,Other
2004-08-15,Onion,23,Nagpur,FAQ,Nagpur,450,400,425,Maharashtra,Red
2004-08-16,Onion,23,Nagpur,FAQ,Nagpur,475,450,465,Maharashtra,Other
2004-08-16,Onion,23,Ahmednagar,FAQ,Ahmednagar,460,140,300,Maharashtra,Other
2004-08-16,Onion,23,Pune,FAQ,Pune,480,250,360,Maharashtra,Other
2004-08-17,Onion,23,Sholapur,FAQ,Pandharpur,470,125,400,Maharashtra,Other
2004-08-18,Onion,23,Pune,FAQ,Khed,400,200,320,Maharashtra,Other
2004-08-18,Onion,23,Nagpur,FAQ,Nagpur,450,425,435,Maharashtra,Red
2004-08-18,Onion,23,Chattrapati Sambhajinagar,FAQ,Chattrapati Sambhajinagar,350,200,250,Maharashtra,Other
2004-08-18,Onion,23,Nashik,FAQ,Yeola,432,200,400,Maharashtra,Other
2004-08-19,Onion,23,Kolhapur,FAQ,Kolhapur,600,100,300,Maharashtra,Other
2004-08-19,Onion,23,Chandrapur,FAQ,Chandrapur,525,325,450,Maharashtra,Other
2004-08-19,Onion,23,Buldhana,FAQ,Malkapur,351,200,300,Maharashtra,Other
2004-08-21,Onion,23,Nashik,FAQ,Chandvad,455,200,400,Maharashtra,Other
2004-08-23,Onion,23,Nashik,FAQ,Sinner,423,150,375,Maharashtra,Other
2004-08-23,Onion,23,Nashik,FAQ,Yeola,411,200,380,Maharashtra,Other
2004-08-23,Onion,23,Chandrapur,FAQ,Chandrapur,500,350,450,Maharashtra,Other
2004-08-23,Onion,23,Kolhapur,FAQ,Kolhapur,550,400,500,Maharashtra,Other
2004-08-24,Onion,23,Nashik,FAQ,Chandvad,427,200,400,Maharashtra,Other
2004-08-25,Onion,23,Chattrapati Sambhajinagar,FAQ,Chattrapati Sambhajinagar,300,200,250,Maharashtra,Other
2004-08-25,Onion,23,Nagpur,FAQ,Nagpur,500,450,475,Maharashtra,Red
2004-08-26,Onion,23,Kolhapur,FAQ,Kolhapur,600,400,500,Maharashtra,Other
2004-08-26,Onion,23,Nashik,FAQ,Lasalgaon,433,330,405,Maharashtra,Other
2004-08-27,Onion,23,Nashik,FAQ,Pimpalgaon,465,300,415,Maharashtra,Other
2004-08-27,Onion,23,Nashik,FAQ,Chandvad,455,200,400,Maharashtra,Other
2004-08-27,Onion,23,Nashik,FAQ,Manmad,460,225,417,Maharashtra,Other
2004-08-28,Onion,23,Nashik,FAQ,Yeola,405,200,375,Maharashtra,Other
2004-08-28,Onion,23,Sholapur,FAQ,Pandharpur,500,375,490,Maharashtra,Other
2004-08-28,Onion,23,Sangli,FAQ,Sangli,500,100,300,Maharashtra,Other
2004-08-30,Onion,23,Nashik,FAQ,Nasik,415,200,380,Maharashtra,Other
2004-08-30,Onion,23,Nagpur,FAQ,Nagpur,500,475,485,Maharashtra,Other
2004-08-31,Onion,23,Nashik,FAQ,Manmad,444,121,416,Maharashtra,Other
2004-08-31,Onion,23,Nashik,FAQ,Nasik,450,200,350,Maharashtra,Other
2004-08-31,Onion,23,Kolhapur,FAQ,Kolhapur,500,100,270,Maharashtra,Other
2004-08-31,Onion,23,Nagpur,FAQ,Nagpur,500,450,475,Maharashtra,Red
2004-09-01,Onion,23,Nagpur,FAQ,Nagpur,550,525,535,Maharashtra,Other
2004-09-01,Onion,23,Ahmednagar,FAQ,Sangamner,501,100,300,Maharashtra,Other
2004-09-01,Onion,23,Pune,FAQ,Pune,470,280,370,Maharashtra,Other
2004-09-01,Onion,23,Mumbai,FAQ,Mumbai,520,400,460,Maharashtra,Other
2004-09-01,Onion,23,Nashik,FAQ,Pimpalgaon,490,325,400,Maharashtra,Other
2004-09-01,Onion,23,Nagpur,FAQ,Nagpur,450,400,425,Maharashtra,Red
2004-09-02,Onion,23,Satara,FAQ,Lonand,331,100,250,Maharashtra,Red
2004-09-02,Onion,23,Nashik,FAQ,Malegaon,425,100,355,Maharashtra,Other
2004-09-02,Onion,23,Nagpur,FAQ,Nagpur,450,400,425,Maharashtra,Red
2004-09-03,Onion,23,Ahmednagar,FAQ,Sangamner,572,100,336,Maharashtra,Other
2004-09-03,Onion,23,Nashik,FAQ,Malegaon,485,101,375,Maharashtra,Other
2004-09-03,Onion,23,Nashik,FAQ,Sinner,420,150,375,Maharashtra,Other
2004-09-03,Onion,23,Mumbai,FAQ,Mumbai,520,400,460,Maharashtra,Other
2004-09-04,Onion,23,Nashik,FAQ,Yeola,406,150,380,Maharashtra,Other
2004-09-05,Onion,23,Chattrapati Sambhajinagar,FAQ,Chattrapati Sambhajinagar,300,200,250,Maharashtra,Other
2004-09-06,Onion,23,Satara,FAQ,Lonand,600,250,425,Maharashtra,Other
2004-09-06,Onion,23,Sangli,FAQ,Sangli,525,100,315,Maharashtra,Other
2004-09-06,Onion,23,Chandrapur,FAQ,Chandrapur,550,450,500,Maharashtra,Other
2004-09-06,Onion,23,Nashik,FAQ,Nasik,425,250,350,Maharashtra,Other
2004-09-06,Onion,23,Pune,FAQ,Pune,500,280,390,Maharashtra,Other
2004-09-07,Onion,23,Nashik,FAQ,Nasik,400,225,330,Maharashtra,Other
2004-09-08,Onion,23,Kolhapur,FAQ,Kolhapur,560,100,300,Maharashtra,Other
2004-09-08,Onion,23,Nashik,FAQ,Sinner,431,200,390,Maharashtra,Other
2004-09-08,Onion,23,Nashik,FAQ,Yeola,430,225,400,Maharashtra,Other
2004-09-08,Onion,23,Chattrapati Sambhajinagar,FAQ,Chattrapati Sambhajinagar,300,200,250,Maharashtra,Other
2004-09-08,Onion,23,Sholapur,FAQ,Pandharpur,350,350,350,Maharashtra,Other
2004-09-09,Onion,23,Sholapur,FAQ,Pandharpur,300,300,300,Maharashtra,Other
2004-09-09,Onion,23,Ahmednagar,FAQ,Sangamner,569,100,334,Maharashtra,Other
2004-09-09,Onion,23,Nashik,FAQ,Nasik,450,230,350,Maharashtra,Other
2004-09-09,Onion,23,Nashik,FAQ,Manmad,476,175,455,Maharashtra,Other
2004-09-09,Onion,23,Nashik,FAQ,Lasalgaon,509,225,435,Maharashtra,Other
2004-09-10,Onion,23,Nashik,FAQ,Yeola,421,200,380,Maharashtra,Other
2004-09-10,Onion,23,Buldhana,FAQ,Malkapur,440,150,390,Maharashtra,Other
2004-09-10,Onion,23,Nashik,FAQ,Lasalgaon,455,355,410,Maharashtra,Other
2004-09-10,Onion,23,Nashik,FAQ,Chandvad,425,225,400,Maharashtra,Other
2004-09-10,Onion,23,Nashik,FAQ,Pimpalgaon,500,345,430,Maharashtra,Other
2004-09-11,Onion,23,Nashik,FAQ,Nasik,425,200,360,Maharashtra,Other
2004-09-11,Onion,23,Sholapur,FAQ,Pandharpur,410,130,400,Maharashtra,Other
2004-09-13,Onion,23,Nagpur,FAQ,Nagpur,550,500,525,Maharashtra,Other
2004-09-13,Onion,23,Satara,FAQ,Lonand,615,150,425,Maharashtra,Red
2004-09-14,Onion,23,Mumbai,FAQ,Mumbai,520,400,460,Maharashtra,Other
2004-09-14,Onion,23,Nagpur,FAQ,Nagpur,550,500,525,Maharashtra,Other
2004-09-14,Onion,23,Vashim,FAQ,Mangrulpeer,700,600,650,Maharashtra,Other
2004-09-15,Onion,23,Nagpur,FAQ,Nagpur,550,475,500,Maharashtra,Other
2004-09-16,Onion,23,Ahmednagar,FAQ,Ahmednagar,425,125,275,Maharashtra,Other
2004-09-16,Onion,23,Sholapur,FAQ,Pandharpur,480,480,480,Maharashtra,Other
2004-09-16,Onion,23,Satara,FAQ,Lonand,551,250,450,Maharashtra,Red
2004-09-16,Onion,23,Nashik,FAQ,Pimpalgaon,465,300,395,Maharashtra,Other
2004-09-16,Onion,23,Nagpur,FAQ,Nagpur,500,450,475,Maharashtra,Red
2004-09-18,Onion,23,Pune,FAQ,Khed,451,200,350,Maharashtra,Other
2004-09-19,Onion,23,Nagpur,FAQ,Nagpur,500,450,475,Maharashtra,Red
2004-09-20,Onion,23,Satara,FAQ,Lonand,595,225,425,Maharashtra,Other
2004-09-21,Onion,23,Chandrapur,FAQ,Chandrapur,550,350,450,Maharashtra,Other
2004-09-21,Onion,23,Dhule,FAQ,Dhule,450,250,370,Maharashtra,Other
2004-09-21,Onion,23,Nashik,FAQ,Lasalgaon,426,251,361,Maharashtra,Other
2004-09-21,Onion,23,Nagpur,FAQ,Nagpur,550,500,525,Maharashtra,Other
2004-09-22,Onion,23,Dhule,FAQ,Shirpur,540,190,375,Maharashtra,Other
2004-09-22,Onion,23,Nagpur,FAQ,Nagpur,550,450,500,Maharashtra,Other
2004-09-22,Onion,23,Nashik,FAQ,Manmad,409,151,375,Maharashtra,Other
2004-09-22,Onion,23,Nashik,FAQ,Yeola,380,150,340,Maharashtra,Other
2004-09-22,Onion,23,Nashik,FAQ,Pimpalgaon,451,295,370,Maharashtra,Other
2004-09-23,Onion,23,Satara,FAQ,Lonand,501,225,400,Maharashtra,Other
2004-09-23,Onion,23,Kolhapur,FAQ,Kolhapur,450,100,250,Maharashtra,Other
2004-09-23,Onion,23,Nagpur,FAQ,Nagpur,500,425,465,Maharashtra,Red
2004-09-23,Onion,23,Nagpur,FAQ,Nagpur,550,450,500,Maharashtra,Other
2004-09-24,Onion,23,Nashik,FAQ,Malegaon,425,111,350,Maharashtra,Other
2004-09-24,Onion,23,Ahmednagar,FAQ,Sangamner,471,100,285,Maharashtra,Other
2004-09-24,Onion,23,Ahmednagar,FAQ,Rahuri,501,101,351,Maharashtra,Other
2004-09-24,Onion,23,Nashik,FAQ,Kalvan,461,101,400,Maharashtra,Other
2004-09-25,Onion,23,Sholapur,FAQ,Pandharpur,400,300,400,Maharashtra,Other
2004-09-25,Onion,23,Nashik,FAQ,Chandvad,397,100,360,Maharashtra,Other
2004-09-26,Onion,23,Thane,FAQ,Vasai,700,600,650,Maharashtra,Other
2004-09-26,Onion,23,Nagpur,FAQ,Nagpur,475,425,450,Maharashtra,Other
2004-09-27,Onion,23,Pune,FAQ,Pune,500,300,400,Maharashtra,Other
2004-09-28,Onion,23,Sholapur,FAQ,Pandharpur,400,130,400,Maharashtra,Other
2004-09-29,Onion,23,Pune,FAQ,Baramati,451,100,230,Maharashtra,Other
2004-09-29,Onion,23,Nashik,FAQ,Yeola,409,150,370,Maharashtra,Other
2004-09-29,Onion,23,Kolhapur,FAQ,Kolhapur,460,200,250,Maharashtra,Other
2004-09-29,Onion,23,Jalgaon,FAQ,Jalgaon,400,250,300,Maharashtra,Red
2004-09-29,Onion,23,Nashik,FAQ,Chandvad,420,200,400,Maharashtra,Other
2004-09-29,Onion,23,Nashik,FAQ,Malegaon,470,151,395,Maharashtra,Other
2004-09-30,Onion,23,Chattrapati Sambhajinagar,FAQ,Chattrapati Sambhajinagar,300,175,200,Maharashtra,Other
2004-10-01,Onion,23,Sangli,FAQ,Sangli,495,100,297,Maharashtra,Other
2004-10-02,Onion,23,Pune,FAQ,Khed,501,200,300,Maharashtra,Other
2004-10-02,Onion,23,Chattrapati Sambhajinagar,FAQ,Chattrapati Sambhajinagar,450,200,250,Maharashtra,Other
2004-10-03,Onion,23,Chattrapati Sambhajinagar,FAQ,Chattrapati Sambhajinagar,300,150,250,Maharashtra,Other
2004-10-03,Onion,23,Thane,FAQ,Vasai,700,600,650,Maharashtra,Other
2004-10-04,Onion,23,Nashik,FAQ,Malegaon,501,111,395,Maharashtra,Other
2004-10-05,Onion,23,Sangli,FAQ,Sangli,450,100,275,Maharashtra,Other
2004-10-05,Onion,23,Nagpur,FAQ,Nagpur,450,400,425,Maharashtra,Other
2004-10-05,Onion,23,Nashik,FAQ,Sinner,435,150,375,Maharashtra,Other
2004-10-05,Onion,23,Chattrapati Sambhajinagar,FAQ,Chattrapati Sambhajinagar,300,150,175,Maharashtra,Other
2004-10-05,Onion,23,Jalgaon,FAQ,Jalgaon,425,140,300,Maharashtra,Red
2004-10-06,Onion,23,Sholapur,FAQ,Pandharpur,450,400,450,Maharashtra,Other
2004-10-06,Onion,23,Chattrapati Sambhajinagar,FAQ,Chattrapati Sambhajinagar,350,200,250,Maharashtra,Other
2004-10-06,Onion,23,Nashik,FAQ,Lasalgaon,560,180,445,Maharashtra,Other
2004-10-06,Onion,23,Nashik,FAQ,Yeola,490,250,465,Maharashtra,Other
2004-10-07,Onion,23,Nashik,FAQ,Lasalgaon,565,201,490,Maharashtra,Other
2004-10-07,Onion,23,Satara,FAQ,Lonand,501,150,360,Maharashtra,Red
2004-10-07,Onion,23,Satara,FAQ,Lonand,501,150,360,Maharashtra,Other
2004-10-07,Onion,23,Satara,FAQ,Karad,400,200,350,Maharashtra,Red
2004-10-08,Onion,23,Dhule,FAQ,Dhule,360,100,290,Maharashtra,Other
2004-10-08,Onion,23,Nashik,FAQ,Kalvan,575,181,521,Maharashtra,Other
2004-10-10,Onion,23,Satara,FAQ,Karad,600,400,550,Maharashtra,Red
2004-10-11,Onion,23,Ahmednagar,FAQ,Ahmednagar,525,225,375,Maharashtra,Other
2004-10-11,Onion,23,Satara,FAQ,Lonand,451,125,325,Maharashtra,Red
2004-10-12,Onion,23,Kolhapur,FAQ,Kolhapur,500,100,275,Maharashtra,Other
2004-10-12,Onion,23,Nashik,FAQ,Nasik,600,375,450,Maharashtra,Other
2004-10-12,Onion,23,Sholapur,FAQ,Pandharpur,250,100,150,Maharashtra,Other
2004-10-14,Onion,23,Nagpur,FAQ,Nagpur,525,475,500,Maharashtra,Red
2004-10-14,Onion,23,Ahmednagar,FAQ,Ahmednagar,780,140,460,Maharashtra,Other
2004-10-15,Onion,23,Nashik,FAQ,Yeola,669,200,620,Maharashtra,Other
2004-10-15,Onion,23,Nashik,FAQ,Pimpalgaon,741,366,680,Maharashtra,Other
2004-10-15,Onion,23,Nashik,FAQ,Manmad,625,200,580,Maharashtra,Other
2004-10-15,Onion,23,Nagpur,FAQ,Nagpur,525,475,500,Maharashtra,Red
2004-10-16,Onion,23,Nashik,FAQ,Chandvad,516,100,516,Maharashtra,Other
2004-10-18,Onion,23,Satara,FAQ,Lonand,551,250,400,Maharashtra,Red
2004-10-18,Onion,23,Ahmednagar,FAQ,Ahmednagar,550,300,425,Maharashtra,Other
2004-10-18,Onion,23,Nashik,FAQ,Nasik,725,520,645,Maharashtra,Other
2004-10-19,Onion,23,Nashik,FAQ,Malegaon,505,100,350,Maharashtra,Red
2004-10-19,Onion,23,Nashik,FAQ,Malegaon,601,110,485,Maharashtra,Other
2004-10-19,Onion,23,Nashik,FAQ,Ghoti,466,400,433,Maharashtra,Other
2004-10-20,Onion,23,Jalgaon,FAQ,Jalgaon,350,150,250,Maharashtra,Red
2004-10-21,Onion,23,Satara,FAQ,Karad,600,400,500,Maharashtra,Red
2004-10-21,Onion,23,Ahmednagar,FAQ,Ahmednagar,500,250,375,Maharashtra,Other
2004-10-21,Onion,23,Satara,FAQ,Satara,500,200,350,Maharashtra,Other
2004-10-21,Onion,23,Sholapur,FAQ,Pandharpur,350,125,200,Maharashtra,Other
2004-10-21,Onion,23,Nashik,FAQ,Manmad,621,269,557,Maharashtra,Other
2004-10-22,Onion,23,Nashik,FAQ,Pimpalgaon,654,351,560,Maharashtra,Other
2004-10-23,Onion,23,Nashik,FAQ,Yeola,505,250,460,Maharashtra,Other
2004-10-24,Onion,23,Pune,FAQ,Pune,550,350,450,Maharashtra,Other
2004-10-24,Onion,23,Satara,FAQ,Satara,500,300,400,Maharashtra,Other
2004-10-25,Onion,23,Nagpur,FAQ,Nagpur,500,475,485,Maharashtra,Other
2004-10-25,Onion,23,Mumbai,FAQ,Mumbai,600,400,500,Maharashtra,Other
2004-10-25,Onion,23,Nashik,FAQ,Pimpalgaon,666,385,575,Maharashtra,Other
2004-10-25,Onion,23,Nashik,FAQ,Sinner,574,150,525,Maharashtra,Other
2004-10-26,Onion,23,Nashik,FAQ,Lasalgaon,659,217,465,Maharashtra,Other
2004-10-26,Onion,23,Pune,FAQ,Pune,550,300,420,Maharashtra,Other
2004-10-27,Onion,23,Nashik,FAQ,Lasalgaon,646,251,451,Maharashtra,Other
2004-10-27,Onion,23,Sangli,FAQ,Sangli,450,100,275,Maharashtra,Other
2004-10-27,Onion,23,Nashik,FAQ,Lasalgaon,551,126,361,Maharashtra,Red
2004-10-27,Onion,23,Mumbai,FAQ,Mumbai,750,500,625,Maharashtra,Other
2004-10-28,Onion,23,Pune,FAQ,Manchar,551,100,326,Maharashtra,Other
2004-10-28,Onion,23,Nashik,FAQ,Yeola,455,200,390,Maharashtra,Other
2004-10-29,Onion,23,Nashik,FAQ,Yeola,451,150,400,Maharashtra,Other
2004-10-29,Onion,23,Kolhapur,FAQ,Kolhapur,550,100,250,Maharashtra,Other
2004-10-29,Onion,23,Mumbai,FAQ,Mumbai,750,500,625,Maharashtra,Other
2004-10-29,Onion,23,Nagpur,FAQ,Nagpur,550,450,500,Maharashtra,Red
2004-10-30,Onion,23,Jalgaon,FAQ,Jalgaon,425,200,280,Maharashtra,Red
2004-10-30,Onion,23,Nashik,FAQ,Yeola,450,150,375,Maharashtra,Other
2004-10-30,Onion,23,Nashik,FAQ,Ghoti,450,383,417,Maharashtra,Other
2004-10-30,Onion,23,Nashik,FAQ,Nasik,650,425,550,Maharashtra,Other
2004-11-01,Onion,23,Nashik,FAQ,Yeola,440,150,360,Maharashtra,Other
2004-11-01,Onion,23,Chattrapati Sambhajinagar,FAQ,Chattrapati Sambhajinagar,300,160,200,Maharashtra,Other
2004-11-01,Onion,23,Nashik,FAQ,Sinner,523,100,350,Maharashtra,Other
2004-11-01,Onion,23,Ahmednagar,FAQ,Ahmednagar,450,150,300,Maharashtra,Other
2004-11-01,Onion,23,Pune,FAQ,Pune,600,250,420,Maharashtra,Other
2004-11-02,Onion,23,Nashik,FAQ,Manmad,436,101,356,Maharashtra,Other
2004-11-02,Onion,23,Nashik,FAQ,Lasalgaon,581,205,360,Maharashtra,Other
2004-11-03,Onion,23,Nagpur,FAQ,Nagpur,450,400,425,Maharashtra,Red
2004-11-03,Onion,23,Thane,FAQ,Vasai,700,600,650,Maharashtra,Other
2004-11-03,Onion,23,Nashik,FAQ,Sinner,543,100,450,Maharashtra,Other
2004-11-03,Onion,23,Nashik,FAQ,Malegaon,510,101,375,Maharashtra,Red
2004-11-04,Onion,23,Chattrapati Sambhajinagar,FAQ,Chattrapati Sambhajinagar,300,150,175,Maharashtra,Other
2004-11-04,Onion,23,Satara,FAQ,Satara,500,200,350,Maharashtra,Other
2004-11-04,Onion,23,Satara,FAQ,Karad,400,100,350,Maharashtra,Red
2004-11-04,Onion,23,Nashik,FAQ,Manmad,445,100,335,Maharashtra,Other
2004-11-04,Onion,23,Nashik,FAQ,Sinner,565,100,500,Maharashtra,Other
2004-11-06,Onion,23,Nashik,FAQ,Chandvad,462,125,325,Maharashtra,Other
2004-11-06,Onion,23,Mumbai,FAQ,Mumbai,650,400,525,Maharashtra,Other
2004-11-06,Onion,23,Satara,FAQ,Karad,400,100,350,Maharashtra,Red
2004-11-06,Onion,23,Nashik,FAQ,Yeola,310,125,235,Maharashtra,Other
2004-11-08,Onion,23,Kolhapur,FAQ,Kolhapur,500,100,280,Maharashtra,Other
2004-11-09,Onion,23,Kolhapur,FAQ,Kolhapur,500,100,275,Maharashtra,Other
2004-11-10,Onion,23,Sholapur,FAQ,Pandharpur,140,140,140,Maharashtra,Other
2004-11-10,Onion,23,Nagpur,FAQ,Nagpur,575,500,545,Maharashtra,Other
2004-11-11,Onion,23,Nagpur,FAQ,Nagpur,500,400,450,Maharashtra,Other
2004-11-11,Onion,23,Mumbai,FAQ,Mumbai,650,350,500,Maharashtra,Other
2004-11-14,Onion,23,Pune,FAQ,Khed,600,250,500,Maharashtra,Other
2004-11-14,Onion,23,Thane,FAQ,Vasai,700,600,650,Maharashtra,Other
2004-11-16,Onion,23,Nashik,FAQ,Nasik,475,325,365,Maharashtra,Other
2004-11-17,Onion,23,Nashik,FAQ,Malegaon,401,101,325,Maharashtra,Red
2004-11-18,Onion,23,Jalgaon,FAQ,Jalgaon,400,150,250,Maharashtra,Red
2004-11-18,Onion,23,Buldhana,FAQ,Malkapur,427,220,350,Maharashtra,Other
2004-11-18,Onion,23,Pune,FAQ,Khed,500,300,400,Maharashtra,Other
2004-11-18,Onion,23,Sholapur,FAQ,Pandharpur,575,150,300,Maharashtra,Other
2004-11-18,Onion,23,Kolhapur,FAQ,Kolhapur,600,100,250,Maharashtra,Other
2004-11-19,Onion,23,Nashik,FAQ,Lasalgaon,459,129,261,Maharashtra,Other
2004-11-19,Onion,23,Nashik,FAQ,Yeola,339,151,250,Maharashtra,Other
2004-11-19,Onion,23,Nagpur,FAQ,Nagpur,450,375,415,Maharashtra,Red
2004-11-19,Onion,23,Nashik,FAQ,Malegaon,501,101,430,Maharashtra,Red
2004-11-19,Onion,23,Nashik,FAQ,Sinner,525,100,400,Maharashtra,Other
2004-11-19,Onion,23,Sholapur,FAQ,Pandharpur,435,165,325,Maharashtra,Other
2004-11-20,Onion,23,Nashik,FAQ,Yeola,375,140,375,Maharashtra,Other
2004-11-20,Onion,23,Chattrapati Sambhajinagar,FAQ,Chattrapati Sambhajinagar,350,170,200,Maharashtra,Other
2004-11-20,Onion,23,Pune,FAQ,Baramati,550,100,300,Maharashtra,Other
2004-11-21,Onion,23,Ahmednagar,FAQ,Rahuri,561,100,375,Maharashtra,Other
2004-11-22,Onion,23,Chattrapati Sambhajinagar,FAQ,Chattrapati Sambhajinagar,300,175,200,Maharashtra,Other
2004-11-22,Onion,23,Sangli,FAQ,Sangli,600,100,350,Maharashtra,Other
2004-11-22,Onion,23,Satara,FAQ,Lonand,511,125,410,Maharashtra,Red
2004-11-22,Onion,23,Satara,FAQ,Karad,500,300,400,Maharashtra,Red
2004-11-22,Onion,23,Pune,FAQ,Junnar,550,350,450,Maharashtra,Other
2004-11-23,Onion,23,Thane,FAQ,Vasai,700,600,650,Maharashtra,Other
2004-11-23,Onion,23,Nashik,FAQ,Lasalgaon,477,125,331,Maharashtra,Other
2004-11-23,Onion,23,Jalgaon,FAQ,Jalgaon,350,150,250,Maharashtra,Red
2004-11-24,Onion,23,Nashik,FAQ,Pimpalgaon,516,240,451,Maharashtra,Other
2004-11-24,Onion,23,Nashik,FAQ,Lasalgaon,352,100,251,Maharashtra,Other
2004-11-25,Onion,23,Nashik,FAQ,Pimpalgaon,517,201,440,Maharashtra,Other
2004-11-26,Onion,23,Jalgaon,FAQ,Jalgaon,250,100,200,Maharashtra,Red
2004-11-27,Onion,23,Chattrapati Sambhajinagar,FAQ,Chattrapati Sambhajinagar,300,150,170,Maharashtra,Other
2004-11-27,Onion,23,Nashik,FAQ,Nasik,515,250,400,Maharashtra,Other
2004-11-27,Onion,23,Nashik,FAQ,Chandvad,410,150,325,Maharashtra,Other
2004-11-27,Onion,23,Jalgaon,FAQ,Jalgaon,325,100,225,Maharashtra,Other
2004-11-29,Onion,23,Nashik,FAQ,Pimpalgaon,451,225,380,Maharashtra,Other
2004-11-29,Onion,23,Sangli,FAQ,Sangli,555,100,275,Maharashtra,Other
2004-11-30,Onion,23,Sholapur,FAQ,Pandharpur,350,100,350,Maharashtra,Other
2004-12-01,Onion,23,Ahmednagar,FAQ,Pathardi,275,100,175,Maharashtra,Other
2004-12-01,Onion,23,Pune,FAQ,Pune,550,200,370,Maharashtra,Other
2004-12-01,Onion,23,Nashik,FAQ,Ghoti,200,160,180,Maharashtra,Other
2004-12-01,Onion,23,Thane,FAQ,Vasai,600,550,575,Maharashtra,Other
2004-12-02,Onion,23,Buldhana,FAQ,Malkapur,325,150,225,Maharashtra,Other
2004-12-02,Onion,23,Nashik,FAQ,Pimpalgaon,476,180,360,Maharashtra,Other
2004-12-02,Onion,23,Pune,FAQ,Pune,600,250,420,Maharashtra,Other
2004-12-02,Onion,23,Nashik,FAQ,Lasalgaon,509,102,351,Maharashtra,Red
2004-12-02,Onion,23,Thane,FAQ,Vasai,600,500,550,Maharashtra,Other
2004-12-03,Onion,23,Nashik,FAQ,Ghoti,450,422,436,Maharashtra,Other
2004-12-03,Onion,23,Nashik,FAQ,Pimpalgaon,446,200,340,Maharashtra,Other
2004-12-03,Onion,23,Nashik,FAQ,Nasik,390,170,300,Maharashtra,Other
2004-12-03,Onion,23,Nashik,FAQ,Lasalgaon,499,105,335,Maharashtra,Other
2004-12-03,Onion,23,Nashik,FAQ,Chandvad,399,100,300,Maharashtra,Other
2004-12-04,Onion,23,Nashik,FAQ,Malegaon,341,101,225,Maharashtra,Red
2004-12-04,Onion,23,Nashik,FAQ,Chandvad,365,100,300,Maharashtra,Other
2004-12-05,Onion,23,Pune,FAQ,Pune,600,250,420,Maharashtra,Other
2004-12-06,Onion,23,Thane,FAQ,Vasai,600,550,575,Maharashtra,Other
2004-12-06,Onion,23,Sholapur,FAQ,Pandharpur,270,150,250,Maharashtra,Other
2004-12-06,Onion,23,Nashik,FAQ,Malegaon,450,101,325,Maharashtra,Red
2004-12-07,Onion,23,Jalgaon,FAQ,Jalgaon,375,150,260,Maharashtra,Red
2004-12-08,Onion,23,Jalgaon,FAQ,Jalgaon,350,150,250,Maharashtra,Red
2004-12-08,Onion,23,Mumbai,FAQ,Mumbai,650,350,500,Maharashtra,Other
2004-12-08,Onion,23,Pune,FAQ,Khed,400,200,300,Maharashtra,Other
2004-12-08,Onion,23,Nashik,FAQ,Sinner,400,100,350,Maharashtra,Other
2004-12-09,Onion,23,Nashik,FAQ,Yeola,323,165,280,Maharashtra,Red
2004-12-09,Onion,23,Nashik,FAQ,Lasalgaon,424,121,315,Maharashtra,Other
2004-12-09,Onion,23,Satara,FAQ,Karad,400,100,300,Maharashtra,Red
2004-12-09,Onion,23,Nagpur,FAQ,Nagpur,600,500,550,Maharashtra,Other
2004-12-09,Onion,23,Sholapur,FAQ,Pandharpur,300,100,170,Maharashtra,Other
2004-12-09,Onion,23,Nashik,FAQ,Pimpalgaon,455,221,361,Maharashtra,Other
2004-12-10,Onion,23,Nashik,FAQ,Yeola,317,150,275,Maharashtra,Red
2004-12-10,Onion,23,Buldhana,FAQ,Malkapur,365,181,330,Maharashtra,Other
2004-12-10,Onion,23,Nagpur,FAQ,Nagpur,600,500,550,Maharashtra,Other
2004-12-10,Onion,23,Mumbai,FAQ,Mumbai,600,350,475,Maharashtra,Other
2004-12-10,Onion,23,Nashik,FAQ,Sinner,375,100,350,Maharashtra,Other
2004-12-10,Onion,23,Pune,FAQ,Junnar,400,200,300,Maharashtra,Other
2004-12-11,Onion,23,Kolhapur,FAQ,Kolhapur,600,100,300,Maharashtra,Other
2004-12-11,Onion,23,Sangli,FAQ,Sangli,450,100,275,Maharashtra,Other
2004-12-11,Onion,23,Satara,FAQ,Karad,500,200,400,Maharashtra,Red
2004-12-11,Onion,23,Nashik,FAQ,Malegaon,401,100,259,Maharashtra,Red
2004-12-13,Onion,23,Nashik,FAQ,Malegaon,409,101,315,Maharashtra,Red
2004-12-13,Onion,23,Ahmednagar,FAQ,Ahmednagar,500,100,300,Maharashtra,Other
2004-12-13,Onion,23,Kolhapur,FAQ,Kolhapur,600,150,290,Maharashtra,Other
2004-12-13,Onion,23,Nagpur,FAQ,Nagpur,625,575,600,Maharashtra,Other
2004-12-13,Onion,23,Nashik,FAQ,Lasalgaon,417,114,315,Maharashtra,Other
2004-12-13,Onion,23,Pune,FAQ,Pune,550,150,350,Maharashtra,Other
2004-12-14,Onion,23,Nashik,FAQ,Chandvad,355,100,290,Maharashtra,Other
2004-12-14,Onion,23,Nashik,FAQ,Pimpalgaon,429,215,340,Maharashtra,Other
2004-12-15,Onion,23,Nashik,FAQ,Chandvad,363,100,275,Maharashtra,Other
2004-12-15,Onion,23,Jalgaon,FAQ,Jalgaon,315,150,240,Maharashtra,Red
2004-12-15,Onion,23,Nashik,FAQ,Malegaon,411,101,315,Maharashtra,Red
2004-12-16,Onion,23,Kolhapur,FAQ,Kolhapur,450,150,280,Maharashtra,Other
2004-12-17,Onion,23,Mumbai,FAQ,Mumbai,600,380,480,Maharashtra,Other
2004-12-17,Onion,23,Nashik,FAQ,Nandgaon,375,100,290,Maharashtra,Other
2004-12-17,Onion,23,Nagpur,FAQ,Nagpur,550,450,500,Maharashtra,Other
2004-12-17,Onion,23,Nashik,FAQ,Lasalgaon,455,101,266,Maharashtra,Red
2004-12-17,Onion,23,Ahmednagar,FAQ,Sangamner,505,100,305,Maharashtra,Other
2004-12-17,Onion,23,Buldhana,FAQ,Malkapur,325,115,225,Maharashtra,Other
2004-12-17,Onion,23,Nashik,FAQ,Lasalgaon,418,151,251,Maharashtra,Other
2004-12-19,Onion,23,Satara,FAQ,Satara,550,200,375,Maharashtra,Other
2004-12-20,Onion,23,Satara,FAQ,Satara,500,200,350,Maharashtra,Other
2004-12-20,Onion,23,Nashik,FAQ,Manmad,399,100,300,Maharashtra,Other
2004-12-20,Onion,23,Mumbai,FAQ,Mumbai,480,350,415,Maharashtra,Other
2004-12-20,Onion,23,Nagpur,FAQ,Nagpur,350,250,300,Maharashtra,Red
2004-12-21,Onion,23,Nashik,FAQ,Nasik,375,220,310,Maharashtra,Other
2004-12-21,Onion,23,Satara,FAQ,Karad,500,300,450,Maharashtra,Other
2004-12-21,Onion,23,Sangli,FAQ,Sangli,440,100,270,Maharashtra,Other
2004-12-22,Onion,23,Sangli,FAQ,Sangli,400,100,250,Maharashtra,Other
2004-12-22,Onion,23,Nagpur,FAQ,Nagpur,300,250,275,Maharashtra,Red
2004-12-23,Onion,23,Thane,FAQ,Vasai,500,400,450,Maharashtra,Other
2004-12-23,Onion,23,Pune,FAQ,Junnar,450,200,350,Maharashtra,Other
2004-12-24,Onion,23,Nagpur,FAQ,Nagpur,300,250,275,Maharashtra,Other
2004-12-24,Onion,23,Thane,FAQ,Kalyan,500,400,450,Maharashtra,Other
2004-12-24,Onion,23,Sangli,FAQ,Sangli,565,100,330,Maharashtra,Other
2004-12-25,Onion,23,Kolhapur,FAQ,Kolhapur,550,100,300,Maharashtra,Other
2004-12-26,Onion,23,Satara,FAQ,Satara,550,300,475,Maharashtra,Other
2004-12-26,Onion,23,Pune,FAQ,Junnar,475,300,400,Maharashtra,Other
2004-12-27,Onion,23,Nagpur,FAQ,Nagpur,500,400,450,Maharashtra,Other
2004-12-27,Onion,23,Satara,FAQ,Lonand,350,100,275,Maharashtra,Red
2004-12-27,Onion,23,Nashik,FAQ,Yeola,325,150,280,Maharashtra,Red
2004-12-27,Onion,23,Nashik,FAQ,Manmad,418,102,361,Maharashtra,Other
2004-12-27,Onion,23,Chattrapati Sambhajinagar,FAQ,Chattrapati Sambhajinagar,250,150,175,Maharashtra,Other
2004-12-28,Onion,23,Pune,FAQ,Pune,500,250,370,Maharashtra,Other
2004-12-28,Onion,23,Nagpur,FAQ,Nagpur,550,475,500,Maharashtra,Other
2004-12-28,Onion,23,Satara,FAQ,Satara,550,300,425,Maharashtra,Other
2004-12-28,Onion,23,Kolhapur,FAQ,Kolhapur,600,100,250,Maharashtra,Other
2004-12-28,Onion,23,Nashik,FAQ,Malegaon,412,101,330,Maharashtra,Red
2004-12-28,Onion,23,Nashik,FAQ,Nasik,461,225,350,Maharashtra,Other
2004-12-29,Onion,23,Nashik,FAQ,Lasalgaon,455,136,391,Maharashtra,Other
2004-12-29,Onion,23,Pune,FAQ,Indapur,545,100,270,Maharashtra,Other
2004-12-29,Onion,23,Nashik,FAQ,Lasalgaon,455,136,391,Maharashtra,Red
2004-12-29,Onion,23,Thane,FAQ,Vasai,500,400,450,Maharashtra,Other
2004-12-30,Onion,23,Nashik,FAQ,Nandgaon,475,125,371,Maharashtra,Other
2004-12-30,Onion,23,Nashik,FAQ,Lasalgaon,451,162,391,Maharashtra,Red
2004-12-30,Onion,23,Mumbai,FAQ,Mumbai,600,400,500,Maharashtra,Other
2004-12-30,Onion,23,Sholapur,FAQ,Pandharpur,275,130,275,Maharashtra,Other
2004-12-30,Onion,23,Nashik,FAQ,Malegaon,425,101,341,Maharashtra,Red
2004-12-31,Onion,23,Pune,FAQ,Pune,600,300,450,Maharashtra,Other
2004-12-31,Onion,23,Sholapur,FAQ,Pandharpur,320,220,250,Maharashtra,Other
2007-01-01,Onion,23,Satara,FAQ,Jawali,1100,800,950,Maharashtra,Other
2007-01-02,Onion,23,Nashik,FAQ,Malegaon,800,400,500,Maharashtra,Red
2007-01-02,Onion,23,Satara,FAQ,Satara,1100,500,800,Maharashtra,Other
2007-01-02,Onion,23,Nashik,FAQ,Yeola,901,300,675,Maharashtra,Red
2007-01-03,Onion,23,Dhule,FAQ,Shirpur,730,350,630,Maharashtra,Red
2007-01-03,Onion,23,Nashik,FAQ,Lasalgaon,845,511,671,Maharashtra,Red
2007-01-03,Onion,23,Pune,FAQ,Pune,1100,500,800,Maharashtra,Other
2007-01-03,Onion,23,Thane,FAQ,Vasai,900,800,850,Maharashtra,Other
2007-01-04,Onion,23,Satara,FAQ,Lonand,1126,275,800,Maharashtra,Other
2007-01-04,Onion,23,Mumbai,FAQ,Mumbai,1000,800,900,Maharashtra,Other
2007-01-04,Onion,23,Pune,FAQ,Khed(Chakan),850,300,600,Maharashtra,Other
2007-01-04,Onion,23,Kolhapur,FAQ,Kolhapur,1200,400,800,Maharashtra,Other
2007-01-04,Onion,23,Nashik,FAQ,Dindori(Vani),998,600,891,Maharashtra,Red
2007-01-04,Onion,23,Nashik,FAQ,Yeola,890,400,800,Maharashtra,Red
2007-01-05,Onion,23,Nashik,FAQ,Lasalgaon,1112,611,951,Maharashtra,Red
2007-01-05,Onion,23,Sholapur,FAQ,Pandharpur,901,200,800,Maharashtra,Other
2007-01-05,Onion,23,Pune,FAQ,Pune(Khadiki),900,300,600,Maharashtra,Other
2007-01-05,Onion,23,Kolhapur,FAQ,Kolhapur,1200,500,850,Maharashtra,Other
2007-01-05,Onion,23,Pune,FAQ,Pune,1200,500,850,Maharashtra,Other
2007-01-05,Onion,23,Nashik,FAQ,Devala,1101,200,825,Maharashtra,Red
2007-01-05,Onion,23,Nashik,FAQ,Dindori(Vani),1120,701,1106,Maharashtra,Red
2007-01-05,Onion,23,Nashik,FAQ,Yeola,1035,500,950,Maharashtra,Red
2007-01-06,Onion,23,Nashik,FAQ,Malegaon,1200,900,1050,Maharashtra,Red
2007-01-06,Onion,23,Nashik,FAQ,Yeola,949,400,875,Maharashtra,Red
2007-01-07,Onion,23,Pune,FAQ,Pune(Khadiki),700,400,550,Maharashtra,Other
2007-01-08,Onion,23,Satara,FAQ,Satara,1200,800,1000,Maharashtra,Other
2007-01-08,Onion,23,Nashik,FAQ,Lasalgaon,1170,673,970,Maharashtra,Red
2007-01-08,Onion,23,Nashik,FAQ,Pimpalgaon,1100,601,951,Maharashtra,Other
2007-01-08,Onion,23,Kolhapur,FAQ,Kolhapur,1300,400,850,Maharashtra,Other
2007-01-08,Onion,23,Nashik,FAQ,Lasalgaon(Niphad),1068,400,925,Maharashtra,Red
2007-01-09,Onion,23,Nashik,FAQ,Pimpalgaon,1025,500,925,Maharashtra,Other
2007-01-09,Onion,23,Pune,FAQ,Pune,1250,600,925,Maharashtra,Other
2007-01-10,Onion,23,Thane,FAQ,Bhivandi,350,300,325,Maharashtra,Other
2007-01-10,Onion,23,Nashik,FAQ,Lasalgaon,1025,558,651,Maharashtra,Red
2007-01-10,Onion,23,Thane,FAQ,Ulhasnagar,700,475,600,Maharashtra,Other
2007-01-10,Onion,23,Nashik,FAQ,Lasalgaon(Niphad),952,270,880,Maharashtra,Red
2007-01-11,Onion,23,Nashik,FAQ,Manmad,941,450,790,Maharashtra,Other
2007-01-11,Onion,23,Kolhapur,FAQ,Kolhapur,1300,600,950,Maharashtra,Other
2007-01-11,Onion,23,Jalgaon,FAQ,Jalgaon,500,450,475,Maharashtra,Other
2007-01-11,Onion,23,Buldhana,FAQ,Malkapur,865,425,650,Maharashtra,Other
2007-01-11,Onion,23,Jalgaon,FAQ,Jalgaon,780,325,550,Maharashtra,Red
2007-01-11,Onion,23,Pune,FAQ,Pune(Khadiki),1100,400,750,Maharashtra,Other
2007-01-11,Onion,23,Nashik,FAQ,Yeola,776,400,675,Maharashtra,Red
2007-01-12,Onion,23,Nashik,FAQ,Pimpalgaon,961,500,775,Maharashtra,Other
2007-01-12,Onion,23,Kolhapur,FAQ,Kolhapur,1300,500,900,Maharashtra,Other
2007-01-12,Onion,23,Nashik,FAQ,Nandgaon,886,486,670,Maharashtra,Other
2007-01-13,Onion,23,Nashik,FAQ,Malegaon,1102,350,700,Maharashtra,Red
2007-01-13,Onion,23,Pune,FAQ,Baramati,1300,300,950,Maharashtra,Red
2007-01-13,Onion,23,Pune,FAQ,Pune(Khadiki),1200,400,800,Maharashtra,Other
2007-01-14,Onion,23,Pune,FAQ,Junnar(Otur),1050,600,950,Maharashtra,Other
2007-01-14,Onion,23,Pune,FAQ,Manchar,1100,1100,1100,Maharashtra,Other
2007-01-14,Onion,23,Ahmednagar,FAQ,Parner,1400,350,875,Maharashtra,Other
2007-01-15,Onion,23,Nashik,FAQ,Lasalgaon(Niphad),934,520,810,Maharashtra,Red
2007-01-15,Onion,23,Satara,FAQ,Jawali,1100,800,950,Maharashtra,Other
2007-01-15,Onion,23,Pune,FAQ,Manchar,850,850,850,Maharashtra,Other
2007-01-15,Onion,23,Mumbai,FAQ,Mumbai,1100,900,1000,Maharashtra,Other
2007-01-16,Onion,23,Dhule,FAQ,Dhule,1000,200,900,Maharashtra,Red
2007-01-16,Onion,23,Thane,FAQ,Kalyan,1100,1000,1050,Maharashtra,Other
2007-01-16,Onion,23,Thane,FAQ,Ulhasnagar,700,475,600,Maharashtra,Other
2007-01-16,Onion,23,Nashik,FAQ,Lasalgaon,1145,621,941,Maharashtra,Red
2007-01-16,Onion,23,Pune,FAQ,Khed(Chakan),1051,250,900,Maharashtra,Other
2007-01-17,Onion,23,Pune,FAQ,Khed(Chakan),1250,400,900,Maharashtra,Other
2007-01-17,Onion,23,Thane,FAQ,Bhivandi,350,300,325,Maharashtra,Other
2007-01-17,Onion,23,Nashik,FAQ,Pimpalgaon,1251,675,1051,Maharashtra,Other
2007-01-17,Onion,23,Nashik,FAQ,Devala,1200,400,1000,Maharashtra,Red
2007-01-17,Onion,23,Nashik,FAQ,Pimpalgaon Baswant(Saykheda),1211,600,1000,Maharashtra,Red
2007-01-17,Onion,23,Pune,FAQ,Indapur,1200,301,800,Maharashtra,Other
2007-01-17,Onion,23,Nagpur,FAQ,Nagpur,1025,950,987,Maharashtra,Other
2007-01-17,Onion,23,Chattrapati Sambhajinagar,FAQ,Chattrapati Sambhajinagar,1000,500,850,Maharashtra,Other
2007-01-17,Onion,23,Thane,FAQ,Kalyan,1100,1000,1050,Maharashtra,Other
2007-01-18,Onion,23,Kolhapur,FAQ,Kolhapur,1300,400,700,Maharashtra,Other
2007-01-18,Onion,23,Sholapur,FAQ,Pandharpur,1300,300,901,Maharashtra,Other
2007-01-18,Onion,23,Pune,FAQ,Khed(Chakan),1225,400,900,Maharashtra,Other
2007-01-18,Onion,23,Satara,FAQ,Satara,1200,300,750,Maharashtra,Other
2007-01-18,Onion,23,Nashik,FAQ,Dindori(Vani),1254,922,1131,Maharashtra,Red
2007-01-19,Onion,23,Nashik,FAQ,Yeola,1161,600,1000,Maharashtra,Red
2007-01-19,Onion,23,Thane,FAQ,Vasai,650,545,600,Maharashtra,Other
2007-01-19,Onion,23,Nagpur,FAQ,Nagpur,1200,1125,1162,Maharashtra,Red
2007-01-19,Onion,23,Thane,FAQ,Ulhasnagar,700,475,600,Maharashtra,Other
2007-01-20,Onion,23,Ahmednagar,FAQ,Rahuri(Vambori),1200,300,700,Maharashtra,Other
2007-01-20,Onion,23,Sholapur,FAQ,Pandharpur,1300,353,1202,Maharashtra,Other
2007-01-21,Onion,23,Ahmednagar,FAQ,Shrirampur,1100,330,830,Maharashtra,Other
2007-01-21,Onion,23,Pune,FAQ,Pune(Pimpri),800,800,800,Maharashtra,Other
2007-01-21,Onion,23,Satara,FAQ,Satara,1200,400,800,Maharashtra,Other
2007-01-22,Onion,23,Satara,FAQ,Jawali,1200,800,1000,Maharashtra,Other
2007-01-22,Onion,23,Nagpur,FAQ,Nagpur,1250,1200,1225,Maharashtra,Red
2007-01-22,Onion,23,Nashik,FAQ,Lasalgaon(Niphad),965,252,885,Maharashtra,Red
2007-01-22,Onion,23,Nagpur,FAQ,Nagpur,1250,1200,1225,Maharashtra,Other
2007-01-22,Onion,23,Sangli,FAQ,"Sangli(Phale, Bhajipura Market)",1300,340,820,Maharashtra,Other
2007-01-22,Onion,23,Jalgaon,FAQ,Jalgaon,900,450,700,Maharashtra,Red
2007-01-22,Onion,23,Nashik,FAQ,Devala,976,400,750,Maharashtra,Red
2007-01-22,Onion,23,Nashik,FAQ,Manmad,1000,525,840,Maharashtra,Other
2007-01-22,Onion,23,Nashik,FAQ,Pimpalgaon,980,700,900,Maharashtra,Other
2007-01-22,Onion,23,Nashik,FAQ,Yeola,872,300,775,Maharashtra,Red
2007-01-23,Onion,23,Nashik,FAQ,Manmad,1051,676,835,Maharashtra,Other
2007-01-23,Onion,23,Thane,FAQ,Ulhasnagar,700,475,600,Maharashtra,Other
2007-01-23,Onion,23,Nagpur,FAQ,Nagpur,1062,1000,1031,Maharashtra,Other
2007-01-23,Onion,23,Nagpur,FAQ,Nagpur,1062,1000,1031,Maharashtra,Red
2007-01-23,Onion,23,Nashik,FAQ,Satana,1011,201,951,Maharashtra,Red
2007-01-23,Onion,23,Nashik,FAQ,Malegaon,908,700,700,Maharashtra,Red
2007-01-24,Onion,23,Pune,FAQ,Pune(Khadiki),1100,300,700,Maharashtra,Other
2007-01-24,Onion,23,Kolhapur,FAQ,Kolhapur,1200,400,600,Maharashtra,Other
2007-01-25,Onion,23,Dhule,FAQ,Dhule,1100,200,950,Maharashtra,Red
2007-01-25,Onion,23,Nashik,FAQ,Yeola,961,400,900,Maharashtra,Red
2007-01-25,Onion,23,Nashik,FAQ,Pimpalgaon,1100,720,911,Maharashtra,Other
2007-01-25,Onion,23,Nagpur,FAQ,Nagpur,1125,1000,1062,Maharashtra,Other
2007-01-25,Onion,23,Nashik,FAQ,Manmad,956,576,825,Maharashtra,Other
2007-01-27,Onion,23,Kolhapur,FAQ,Kolhapur,1200,400,800,Maharashtra,Other
2007-01-27,Onion,23,Nashik,FAQ,Lasalgaon(Niphad),958,471,910,Maharashtra,Red
2007-01-28,Onion,23,Nashik,FAQ,Yeola,981,500,925,Maharashtra,Red
2007-01-28,Onion,23,Ahmednagar,FAQ,Rahuri,1275,301,525,Maharashtra,Other
2007-01-28,Onion,23,Ahmednagar,FAQ,Rahata,1200,600,1000,Maharashtra,Other
2007-01-29,Onion,23,Nashik,FAQ,Pimpalgaon,1101,700,951,Maharashtra,Other
2007-01-29,Onion,23,Nashik,FAQ,Devala,1087,861,975,Maharashtra,Red
2007-01-29,Onion,23,Satara,FAQ,Lonand,1251,550,950,Maharashtra,Other
2007-01-29,Onion,23,Nagpur,FAQ,Nagpur,1200,1125,1162,Maharashtra,Other
2007-01-29,Onion,23,Kolhapur,FAQ,Kolhapur,1200,500,850,Maharashtra,Other
2007-01-29,Onion,23,Pune,FAQ,Pune(Pimpri),1000,1000,1000,Maharashtra,Other
2007-01-30,Onion,23,Nashik,FAQ,Lasalgaon,1111,821,1031,Maharashtra,Red
2007-01-30,Onion,23,Nandurbar,FAQ,Navapur,800,700,750,Maharashtra,Other
2007-01-30,Onion,23,Nashik,FAQ,Pimpalgaon Baswant(Saykheda),1100,850,1000,Maharashtra,Red
2007-01-31,Onion,23,Pune,FAQ,Pune(Khadiki),800,300,550,Maharashtra,Other
2007-01-31,Onion,23,Satara,FAQ,Jawali,1100,600,800,Maharashtra,Other
2007-01-31,Onion,23,Nashik,FAQ,Pimpalgaon Baswant(Saykheda),1008,825,970,Maharashtra,Red
2007-01-31,Onion,23,Pune,FAQ,Pune,1100,500,800,Maharashtra,Other
2007-02-01,Onion,23,Nashik,FAQ,Dindori(Vani),1092,851,1021,Maharashtra,Red
2007-02-01,Onion,23,Nashik,FAQ,Malegaon,1026,800,900,Maharashtra,Other
2007-02-01,Onion,23,Nandurbar,FAQ,Navapur,1000,1000,1000,Maharashtra,Other
2007-02-02,Onion,23,Pune,FAQ,Pune,1200,500,850,Maharashtra,Other
2007-02-02,Onion,23,Nashik,FAQ,Lasalgaon,1200,805,1071,Maharashtra,Red
2007-02-03,Onion,23,Thane,FAQ,Vasai,600,500,550,Maharashtra,Other
2007-02-03,Onion,23,Dhule,FAQ,Shirpur,1101,1100,1101,Maharashtra,Red
2007-02-04,Onion,23,Ahmednagar,FAQ,Rahata,1350,600,1000,Maharashtra,Other
2007-02-05,Onion,23,Nashik,FAQ,Ghoti,400,400,400,Maharashtra,Other
2007-02-05,Onion,23,Sholapur,FAQ,Kurdwadi(Modnimb),1275,600,800,Maharashtra,Other
2007-02-05,Onion,23,Pune,FAQ,Pune(Khadiki),900,900,900,Maharashtra,Other
2007-02-05,Onion,23,Nashik,FAQ,Devala,1516,606,1425,Maharashtra,Red
2007-02-05,Onion,23,Mumbai,FAQ,Mumbai,1300,1000,1150,Maharashtra,Other
2007-02-05,Onion,23,Kolhapur,FAQ,Kolhapur,1300,400,750,Maharashtra,Other
2007-02-05,Onion,23,Pune,FAQ,Manchar,850,850,850,Maharashtra,Other
2007-02-06,Onion,23,Satara,FAQ,Karad,1100,800,1000,Maharashtra,Other
2007-02-06,Onion,23,Pune,FAQ,Pune(Pimpri),550,550,550,Maharashtra,Other
2007-02-06,Onion,23,Thane,FAQ,Ulhasnagar,1350,1100,1200,Maharashtra,Other
2007-02-06,Onion,23,Dhule,FAQ,Dhule,1405,300,1270,Maharashtra,Other
2007-02-06,Onion,23,Sholapur,FAQ,Barshi,1252,225,951,Maharashtra,Other
2007-02-06,Onion,23,Pune,FAQ,Pune(Khadiki),1100,500,800,Maharashtra,Other
2007-02-06,Onion,23,Satara,FAQ,Phaltan,1325,700,1050,Maharashtra,Other
2007-02-07,Onion,23,Dhule,FAQ,Shirpur,1325,850,1250,Maharashtra,Red
2007-02-07,Onion,23,Thane,FAQ,Ulhasnagar,1350,1100,1200,Maharashtra,Other
2007-02-07,Onion,23,Nashik,FAQ,Satana,1275,401,1151,Maharashtra,Red
2007-02-07,Onion,23,Sholapur,FAQ,Pandharpur,1500,350,1000,Maharashtra,Other
2007-02-07,Onion,23,Nashik,FAQ,Lasalgaon,1251,851,1001,Maharashtra,Red
2007-02-08,Onion,23,Nashik,FAQ,Satana,1111,301,1011,Maharashtra,Red
2007-02-08,Onion,23,Nagpur,FAQ,Nagpur,1300,1250,1275,Maharashtra,Other
2007-02-08,Onion,23,Pune,FAQ,Manchar,1000,800,900,Maharashtra,Other
2007-02-08,Onion,23,Nashik,FAQ,Manmad,1080,800,1020,Maharashtra,Other
2007-02-08,Onion,23,Satara,FAQ,Satara,1400,600,1000,Maharashtra,Other
2007-02-08,Onion,23,Nandurbar,FAQ,Navapur,1000,1000,1000,Maharashtra,Other
2007-02-08,Onion,23,Pune,FAQ,Pune(Pimpri),1000,400,700,Maharashtra,Other
2007-02-08,Onion,23,Nashik,FAQ,Dindori(Vani),1243,888,1100,Maharashtra,Red
2007-02-08,Onion,23,Ahmednagar,FAQ,Rahuri(Vambori),1150,300,725,Maharashtra,Other
2007-02-09,Onion,23,Sholapur,FAQ,Solapur,1130,200,550,Maharashtra,Other
2007-02-09,Onion,23,Jalgaon,FAQ,Jalgaon,1150,650,900,Maharashtra,Red
2007-02-09,Onion,23,Nashik,FAQ,Sinner,985,200,900,Maharashtra,Other
2007-02-09,Onion,23,Ahmednagar,FAQ,Rahuri,1151,300,551,Maharashtra,Other
2007-02-10,Onion,23,Dhule,FAQ,Shirpur,750,500,750,Maharashtra,Red
2007-02-10,Onion,23,Mumbai,FAQ,Mumbai,1100,800,950,Maharashtra,Other
2007-02-10,Onion,23,Ahmednagar,FAQ,Rahuri(Vambori),1025,250,637,Maharashtra,Other
2007-02-10,Onion,23,Nashik,FAQ,Lasalgaon(Niphad),1057,517,961,Maharashtra,Red
2007-02-10,Onion,23,Nandurbar,FAQ,Navapur,1100,1000,1088,Maharashtra,Other
2007-02-10,Onion,23,Satara,FAQ,Karad,1200,800,1000,Maharashtra,Other
2007-02-11,Onion,23,Beed,FAQ,Kada,1200,300,800,Maharashtra,Red
2007-02-11,Onion,23,Ahmednagar,FAQ,Rahuri,1175,301,601,Maharashtra,Other
2007-02-12,Onion,23,Kolhapur,FAQ,Kolhapur,1200,500,850,Maharashtra,Other
2007-02-12,Onion,23,Thane,FAQ,Ulhasnagar,1350,1100,1200,Maharashtra,Other
2007-02-12,Onion,23,Pune,FAQ,Khed(Chakan),1200,900,1000,Maharashtra,Other
2007-02-12,Onion,23,Sholapur,FAQ,Kurdwadi(Modnimb),1200,400,750,Maharashtra,Other
2007-02-12,Onion,23,Nashik,FAQ,Manmad,1128,762,1051,Maharashtra,Other
2007-02-12,Onion,23,Pune,FAQ,Pune(Pimpri),800,800,800,Maharashtra,Other
2007-02-12,Onion,23,Nagpur,FAQ,Nagpur,1250,1125,1187,Maharashtra,Red
2007-02-12,Onion,23,Nashik,FAQ,Dindori(Vani),1200,908,1113,Maharashtra,Red
2007-02-12,Onion,23,Nashik,FAQ,Lasalgaon,1300,951,1080,Maharashtra,Red
2007-02-12,Onion,23,Nashik,FAQ,Yeola,1090,500,1015,Maharashtra,Red
2007-02-13,Onion,23,Nashik,FAQ,Chandvad,1147,200,1025,Maharashtra,Other
2007-02-13,Onion,23,Nashik,FAQ,Manmad,1132,711,1081,Maharashtra,Other
2007-02-13,Onion,23,Jalgaon,FAQ,Jalgaon,1125,500,800,Maharashtra,Red
2007-02-13,Onion,23,Pune,FAQ,Pune(Pimpri),900,300,600,Maharashtra,Other
2007-02-14,Onion,23,Pune,FAQ,Pune,1050,500,775,Maharashtra,Other
2007-02-14,Onion,23,Mumbai,FAQ,Mumbai,1100,800,950,Maharashtra,Other
2007-02-14,Onion,23,Sholapur,FAQ,Pandharpur,1225,386,900,Maharashtra,Other
2007-02-14,Onion,23,Nagpur,FAQ,Nagpur,1250,1125,1187,Maharashtra,Red
2007-02-14,Onion,23,Pune,FAQ,Indapur,1111,400,900,Maharashtra,Other
2007-02-14,Onion,23,Thane,FAQ,Ulhasnagar,1350,1100,1200,Maharashtra,Other
2007-02-14,Onion,23,Dhule,FAQ,Dhule,870,200,725,Maharashtra,Other
2007-02-15,Onion,23,Nashik,FAQ,Chandvad,1154,200,1050,Maharashtra,Other
2007-02-16,Onion,23,Dharashiv(Usmanabad),FAQ,Dharashiv,825,825,825,Maharashtra,Other
2007-02-16,Onion,23,Ahmednagar,FAQ,Rahuri,1200,200,651,Maharashtra,Other
2007-02-16,Onion,23,Pune,FAQ,Pune,1100,500,700,Maharashtra,Other
2007-02-17,Onion,23,Pune,FAQ,Pune(Khadiki),900,400,650,Maharashtra,Other
2007-02-18,Onion,23,Pune,FAQ,Pune,1150,500,750,Maharashtra,Other
2007-02-18,Onion,23,Nashik,FAQ,Yeola,1156,700,1075,Maharashtra,Red
2007-02-19,Onion,23,Nashik,FAQ,Yeola,1089,500,1025,Maharashtra,Red
2007-02-19,Onion,23,Nashik,FAQ,Pimpalgaon Baswant(Saykheda),1130,900,1050,Maharashtra,Red
2007-02-19,Onion,23,Pune,FAQ,Pune(Khadiki),900,370,600,Maharashtra,Other
2007-02-19,Onion,23,Nashik,FAQ,Lasalgaon(Niphad),1110,800,1050,Maharashtra,Red
2007-02-19,Onion,23,Nashik,FAQ,Lasalgaon,1186,1031,1080,Maharashtra,Red
2007-02-20,Onion,23,Dhule,FAQ,Dhule,930,250,770,Maharashtra,Other
2007-02-20,Onion,23,Parbhani,FAQ,Parbhani,800,600,700,Maharashtra,Red
2007-02-20,Onion,23,Satara,FAQ,Vai,1000,800,900,Maharashtra,Other
2007-02-20,Onion,23,Nashik,FAQ,Manmad,1059,735,980,Maharashtra,Other
2007-02-20,Onion,23,Nashik,FAQ,Pimpalgaon,1106,900,1051,Maharashtra,Other
2007-02-21,Onion,23,Thane,FAQ,Ulhasnagar,1350,1100,1200,Maharashtra,Other
2007-02-21,Onion,23,Nashik,FAQ,Pimpalgaon,1049,763,951,Maharashtra,Other
2007-02-21,Onion,23,Nashik,FAQ,Lasalgaon(Niphad),999,651,950,Maharashtra,Red
2007-02-21,Onion,23,Mumbai,FAQ,Mumbai,1100,800,950,Maharashtra,Other
2007-02-21,Onion,23,Jalgaon,FAQ,Jalgaon,1125,600,850,Maharashtra,Red
2007-02-22,Onion,23,Ahmednagar,FAQ,Sangamner,1011,200,605,Maharashtra,Other
2007-02-22,Onion,23,Kolhapur,FAQ,Kolhapur,1100,500,800,Maharashtra,Other
2007-02-22,Onion,23,Pune,FAQ,Khed(Chakan),1000,700,915,Maharashtra,Other
2007-02-22,Onion,23,Pune,FAQ,Junnar,1050,600,825,Maharashtra,Other
2007-02-22,Onion,23,Pune,FAQ,Junnar(Otur),950,500,900,Maharashtra,Other
2007-02-22,Onion,23,Jalgaon,FAQ,Jalgaon,1100,500,800,Maharashtra,Red
2007-02-22,Onion,23,Ahmednagar,FAQ,Rahuri(Vambori),1000,350,650,Maharashtra,Other
2007-02-22,Onion,23,Pune,FAQ,Pune,1050,500,775,Maharashtra,Other
2007-02-23,Onion,23,Nashik,FAQ,Manmad,918,550,726,Maharashtra,Other
2007-02-23,Onion,23,Sholapur,FAQ,Pandharpur,1032,350,1000,Maharashtra,Other
2007-02-23,Onion,23,Pune,FAQ,Khed(Chakan),900,700,800,Maharashtra,Other
2007-02-23,Onion,23,Pune,FAQ,Pune,1000,500,750,Maharashtra,Other
2007-02-24,Onion,23,Dharashiv(Usmanabad),FAQ,Dharashiv,1000,1000,1000,Maharashtra,Other
2007-02-24,Onion,23,Satara,FAQ,Vai,1000,700,850,Maharashtra,Other
2007-02-24,Onion,23,Nagpur,FAQ,Nagpur,925,875,900,Maharashtra,Other
2007-02-25,Onion,23,Pune,FAQ,Junnar,720,300,500,Maharashtra,Other
2007-02-25,Onion,23,Nagpur,FAQ,Nagpur,1000,950,975,Maharashtra,Red
2007-02-26,Onion,23,Jalgaon,FAQ,Jalgaon,950,450,700,Maharashtra,Red
2007-02-26,Onion,23,Pune,FAQ,Manchar,600,500,550,Maharashtra,Other
2007-02-26,Onion,23,Nashik,FAQ,Malegaon,786,281,600,Maharashtra,Red
2007-02-26,Onion,23,Mumbai,FAQ,Mumbai,600,400,500,Maharashtra,Other
2007-02-26,Onion,23,Thane,FAQ,Vasai,650,500,550,Maharashtra,Other
2007-02-27,Onion,23,Pune,FAQ,Pune(Khadiki),700,200,450,Maharashtra,Other
2007-02-27,Onion,23,Mumbai,FAQ,Mumbai,600,400,500,Maharashtra,Other
2007-02-27,Onion,23,Thane,FAQ,Ulhasnagar,1350,1100,1200,Maharashtra,Other
2007-02-27,Onion,23,Pune,FAQ,Pune,600,300,450,Maharashtra,Other
2007-02-28,Onion,23,Nashik,FAQ,Lasalgaon(Niphad),555,260,481,Maharashtra,Other
2007-02-28,Onion,23,Chandrapur,FAQ,Chandrapur,1100,600,850,Maharashtra,Other
2007-02-28,Onion,23,Nashik,FAQ,Lasalgaon,553,400,451,Maharashtra,Other
2007-02-28,Onion,23,Nashik,FAQ,Yeola,515,300,475,Maharashtra,Red
2007-02-28,Onion,23,Nashik,FAQ,Pimpalgaon,611,411,541,Maharashtra,Other
2007-02-28,Onion,23,Pune,FAQ,Manchar,550,380,470,Maharashtra,Other
2007-03-01,Onion,23,Buldhana,FAQ,Malkapur,650,450,560,Maharashtra,Other
2007-03-01,Onion,23,Nashik,FAQ,Lasalgaon,579,200,515,Maharashtra,Other
2007-03-01,Onion,23,Nashik,FAQ,Satana,566,200,491,Maharashtra,Red
2007-03-01,Onion,23,Mumbai,FAQ,Mumbai,650,450,550,Maharashtra,Other
2007-03-02,Onion,23,Ahmednagar,FAQ,Rahata,825,400,650,Maharashtra,Other
2007-03-02,Onion,23,Dhule,FAQ,Dhule,650,200,565,Maharashtra,Other
2007-03-03,Onion,23,Nashik,FAQ,Ghoti,500,300,400,Maharashtra,Other
2007-03-03,Onion,23,Thane,FAQ,Ulhasnagar,1350,1100,1200,Maharashtra,Other
2007-03-03,Onion,23,Pune,FAQ,Pune(Khadiki),600,200,400,Maharashtra,Other
2007-03-03,Onion,23,Nandurbar,FAQ,Navapur,800,700,714,Maharashtra,Other
2007-03-03,Onion,23,Jalgaon,FAQ,Jalgaon,700,400,550,Maharashtra,Red
2007-03-03,Onion,23,Dhule,FAQ,Shirpur,630,380,630,Maharashtra,Red
2007-03-03,Onion,23,Mumbai,FAQ,Mumbai,800,600,700,Maharashtra,Other
2007-03-04,Onion,23,Satara,FAQ,Vai,500,400,450,Maharashtra,Other
2007-03-04,Onion,23,Pune,FAQ,Junnar(Otur),900,700,800,Maharashtra,Other
2007-03-04,Onion,23,Satara,FAQ,Satara,900,300,600,Maharashtra,Other
2007-03-05,Onion,23,Thane,FAQ,Ulhasnagar,1350,1100,1200,Maharashtra,Other
2007-03-05,Onion,23,Satara,FAQ,Satara,800,300,600,Maharashtra,Other
2007-03-05,Onion,23,Ratnagiri,FAQ,Ratnagiri (Nachane),1000,800,950,Maharashtra,Other
2007-03-05,Onion,23,Beed,FAQ,Kada,750,200,475,Maharashtra,Other
2007-03-05,Onion,23,Dhule,FAQ,Dhule,710,250,630,Maharashtra,Other
2007-03-05,Onion,23,Dhule,FAQ,Dhule,755,230,675,Maharashtra,Red
2007-03-05,Onion,23,Nashik,FAQ,Lasalgaon(Niphad),674,385,650,Maharashtra,Other
2007-03-05,Onion,23,Nandurbar,FAQ,Navapur,800,800,800,Maharashtra,Other
2007-03-06,Onion,23,Chandrapur,FAQ,Chandrapur,800,600,700,Maharashtra,Other
2007-03-06,Onion,23,Thane,FAQ,Vasai,700,550,650,Maharashtra,Other
2007-03-06,Onion,23,Mumbai,FAQ,Mumbai,750,600,675,Maharashtra,Other
2007-03-06,Onion,23,Ratnagiri,FAQ,Ratnagiri (Nachane),1000,800,950,Maharashtra,Other
2007-03-06,Onion,23,Nashik,FAQ,Yeola,700,400,640,Maharashtra,Red
2007-03-06,Onion,23,Nashik,FAQ,Ghoti,450,400,425,Maharashtra,Other
2007-03-06,Onion,23,Pune,FAQ,Pune(Pimpri),800,500,650,Maharashtra,Other
2007-03-07,Onion,23,Nashik,FAQ,Malegaon,755,280,600,Maharashtra,Other
2007-03-07,Onion,23,Nashik,FAQ,Manmad,759,577,669,Maharashtra,Other
2007-03-07,Onion,23,Beed,FAQ,Kada,700,200,600,Maharashtra,Other
2007-03-07,Onion,23,Jalgaon,FAQ,Jalgaon,900,600,750,Maharashtra,Red
2007-03-07,Onion,23,Nashik,FAQ,Malegaon,755,280,600,Maharashtra,Red
2007-03-08,Onion,23,Nashik,FAQ,Devala,773,300,700,Maharashtra,Other
2007-03-08,Onion,23,Dhule,FAQ,Dhule,920,200,850,Maharashtra,Other
2007-03-08,Onion,23,Chandrapur,FAQ,Chandrapur,800,600,700,Maharashtra,Other
2007-03-08,Onion,23,Nashik,FAQ,Manmad,764,681,725,Maharashtra,Other
2007-03-08,Onion,23,Thane,FAQ,Ulhasnagar,1350,1100,1200,Maharashtra,Other
2007-03-08,Onion,23,Nagpur,FAQ,Nagpur,1100,1000,1050,Maharashtra,Other
2007-03-08,Onion,23,Nashik,FAQ,Lasalgaon,761,531,700,Maharashtra,Other
2007-03-09,Onion,23,Satara,FAQ,Vai,600,400,500,Maharashtra,Other
2007-03-09,Onion,23,Pune,FAQ,Pune,780,350,565,Maharashtra,Other
2007-03-09,Onion,23,Jalgaon,FAQ,Jalgaon,650,650,650,Maharashtra,Other
2007-03-09,Onion,23,Nashik,FAQ,Devala,787,461,650,Maharashtra,Other
2007-03-09,Onion,23,Jalgaon,FAQ,Jalgaon,925,600,750,Maharashtra,Red
2007-03-10,Onion,23,Sholapur,FAQ,Pandharpur,825,280,500,Maharashtra,Other
2007-03-10,Onion,23,Jalgaon,FAQ,Jalgaon,925,600,725,Maharashtra,Red
2007-03-10,Onion,23,Mumbai,FAQ,Mumbai,800,600,700,Maharashtra,Other
2007-03-10,Onion,23,Satara,FAQ,Vai,700,500,600,Maharashtra,Other
2007-03-11,Onion,23,Pune,FAQ,Manchar,650,550,600,Maharashtra,Other
2007-03-12,Onion,23,Chattrapati Sambhajinagar,FAQ,Chattrapati Sambhajinagar,900,500,800,Maharashtra,Other
2007-03-12,Onion,23,Nashik,FAQ,Lasalgaon,733,582,621,Maharashtra,Other
2007-03-12,Onion,23,Nashik,FAQ,Yeola,688,400,625,Maharashtra,Red
2007-03-13,Onion,23,Nashik,FAQ,Devala,710,525,650,Maharashtra,Other
2007-03-13,Onion,23,Pune,FAQ,Manchar,650,350,500,Maharashtra,Other
2007-03-13,Onion,23,Satara,FAQ,Vai,700,600,650,Maharashtra,Other
2007-03-13,Onion,23,Nashik,FAQ,Lasalgaon,761,640,691,Maharashtra,Other
2007-03-13,Onion,23,Ahmednagar,FAQ,Sangamner,811,200,506,Maharashtra,Other
2007-03-13,Onion,23,Satara,FAQ,Lonand,711,250,600,Maharashtra,Other
2007-03-13,Onion,23,Sholapur,FAQ,Pandharpur,1000,200,750,Maharashtra,Other
2007-03-14,Onion,23,Nashik,FAQ,Satana,650,200,600,Maharashtra,Red
2007-03-14,Onion,23,Nashik,FAQ,Lasalgaon,670,501,600,Maharashtra,Other
2007-03-14,Onion,23,Nashik,FAQ,Manmad,716,521,651,Maharashtra,Other
2007-03-15,Onion,23,Mumbai,FAQ,Mumbai,800,600,700,Maharashtra,Other
2007-03-15,Onion,23,Nashik,FAQ,Manmad,677,575,635,Maharashtra,Other
2007-03-16,Onion,23,Kolhapur,FAQ,Kolhapur,850,300,575,Maharashtra,Other
2007-03-16,Onion,23,Pune,FAQ,Pune,750,350,550,Maharashtra,Other
2007-03-17,Onion,23,Dhule,FAQ,Dhule,750,200,700,Maharashtra,Other
2007-03-17,Onion,23,Sangli,FAQ,"Sangli(Phale, Bhajipura Market)",800,300,550,Maharashtra,Other
2007-03-17,Onion,23,Dhule,FAQ,Shirpur,701,511,511,Maharashtra,Other
2007-03-17,Onion,23,Dharashiv(Usmanabad),FAQ,Dharashiv,655,450,553,Maharashtra,Other
2007-03-18,Onion,23,Nagpur,FAQ,Nagpur,875,750,812,Maharashtra,Red
2007-03-20,Onion,23,Pune,FAQ,Manchar,600,600,600,Maharashtra,Other
2007-03-20,Onion,23,Nashik,FAQ,Satana,608,201,551,Maharashtra,Other
2007-03-20,Onion,23,Mumbai,FAQ,Mumbai,750,600,675,Maharashtra,Other
2007-03-20,Onion,23,Ahmednagar,FAQ,Rahuri(Vambori),600,300,450,Maharashtra,Other
2007-03-20,Onion,23,Thane,FAQ,Ulhasnagar,1350,1100,1200,Maharashtra,Other
2007-03-21,Onion,23,Nashik,FAQ,Lasalgaon(Niphad),623,201,550,Maharashtra,Other
2007-03-21,Onion,23,Jalgaon,FAQ,Jalgaon,750,500,625,Maharashtra,Other
2007-03-21,Onion,23,Jalgaon,FAQ,Jalgaon,785,500,675,Maharashtra,Red
2007-03-21,Onion,23,Sholapur,FAQ,Barshi,675,200,500,Maharashtra,Other
2007-03-22,Onion,23,Satara,FAQ,Lonand,675,200,500,Maharashtra,Other
2007-03-22,Onion,23,Nashik,FAQ,Lasalgaon(Niphad),595,225,550,Maharashtra,Other
2007-03-22,Onion,23,Nashik,FAQ,Lasalgaon,613,570,591,Maharashtra,Red
2007-03-22,Onion,23,Pune,FAQ,Pune,700,300,500,Maharashtra,Other
2007-03-23,Onion,23,Satara,FAQ,Vai,700,500,600,Maharashtra,Other
2007-03-24,Onion,23,Nagpur,FAQ,Nagpur,700,650,675,Maharashtra,Red
2007-03-24,Onion,23,Chandrapur,FAQ,Chandrapur,1000,600,800,Maharashtra,Other
2007-03-24,Onion,23,Dhule,FAQ,Shirpur,675,370,645,Maharashtra,Other
2007-03-24,Onion,23,Nashik,FAQ,Ghoti,470,300,385,Maharashtra,Other
2007-03-25,Onion,23,Beed,FAQ,Kada,651,200,575,Maharashtra,Other
2007-03-26,Onion,23,Nashik,FAQ,Yeola,550,300,530,Maharashtra,Red
2007-03-26,Onion,23,Satara,FAQ,Vai,700,600,650,Maharashtra,Other
2007-03-26,Onion,23,Nashik,FAQ,Devala,594,400,500,Maharashtra,Other
2007-03-26,Onion,23,Chattrapati Sambhajinagar,FAQ,Chattrapati Sambhajinagar,600,300,500,Maharashtra,Other
2007-03-26,Onion,23,Thane,FAQ,Vasai,725,550,700,Maharashtra,Other
2007-03-27,Onion,23,Sholapur,FAQ,Pandharpur,800,200,650,Maharashtra,Other
2007-03-27,Onion,23,Chattrapati Sambhajinagar,FAQ,Chattrapati Sambhajinagar,600,300,450,Maharashtra,Other
2007-03-27,Onion,23,Mumbai,FAQ,Mumbai,650,400,525,Maharashtra,Other
2007-03-28,Onion,23,Chattrapati Sambhajinagar,FAQ,Chattrapati Sambhajinagar,600,350,500,Maharashtra,Other
2007-03-29,Onion,23,Sholapur,FAQ,Pandharpur,700,250,550,Maharashtra,Other
2007-03-29,Onion,23,Thane,FAQ,Ulhasnagar,1350,1100,1200,Maharashtra,Other
2007-03-29,Onion,23,Ahmednagar,FAQ,Shrirampur,700,350,575,Maharashtra,Other
2007-03-29,Onion,23,Kolhapur,FAQ,Kolhapur,650,250,550,Maharashtra,Other
2007-03-30,Onion,23,Chandrapur,FAQ,Chandrapur,1000,600,800,Maharashtra,Other
2007-03-31,Onion,23,Sholapur,FAQ,Pandharpur,900,230,650,Maharashtra,Other
2007-04-01,Onion,23,Satara,FAQ,Satara,700,300,500,Maharashtra,Other
2007-04-02,Onion,23,Thane,FAQ,Ulhasnagar,1350,1100,1200,Maharashtra,Other
2007-04-02,Onion,23,Thane,FAQ,Vasai,700,550,650,Maharashtra,Other
2007-04-03,Onion,23,Pune,FAQ,Pune,650,300,475,Maharashtra,Other
2007-04-03,Onion,23,Ahmednagar,FAQ,Rahuri(Vambori),600,250,425,Maharashtra,Other
2007-04-03,Onion,23,Nashik,FAQ,Satana,519,215,460,Maharashtra,Other
2007-04-03,Onion,23,Jalana,FAQ,Jalana,600,301,450,Maharashtra,Red
2007-04-03,Onion,23,Pune,FAQ,Junnar(Otur),650,400,500,Maharashtra,Other
2007-04-03,Onion,23,Jalgaon,FAQ,Jalgaon,550,300,425,Maharashtra,Red
2007-04-03,Onion,23,Satara,FAQ,Phaltan,625,300,580,Maharashtra,Other
2007-04-03,Onion,23,Nashik,FAQ,Devala,535,251,475,Maharashtra,Other
2007-04-03,Onion,23,Ahmednagar,FAQ,Sangamner,676,200,438,Maharashtra,Other
2007-04-03,Onion,23,Chandrapur,FAQ,Chandrapur,1000,600,800,Maharashtra,Other
2007-04-03,Onion,23,Mumbai,FAQ,Mumbai,700,500,600,Maharashtra,Other
2007-04-04,Onion,23,Nagpur,FAQ,Nagpur,625,500,562,Maharashtra,Red
2007-04-04,Onion,23,Thane,FAQ,Ulhasnagar,1350,1100,1200,Maharashtra,Other
2007-04-04,Onion,23,Nashik,FAQ,Nandgaon,516,241,465,Maharashtra,Other
2007-04-04,Onion,23,Dharashiv(Usmanabad),FAQ,Dharashiv,750,625,688,Maharashtra,Other
2007-04-04,Onion,23,Ratnagiri,FAQ,Ratnagiri (Nachane),900,800,850,Maharashtra,Other
2007-04-05,Onion,23,Nashik,FAQ,Lasalgaon,561,370,485,Maharashtra,Other
2007-04-05,Onion,23,Satara,FAQ,Vai,600,500,550,Maharashtra,Other
2007-04-05,Onion,23,Buldhana,FAQ,Malkapur,475,325,435,Maharashtra,Other
2007-04-05,Onion,23,Nagpur,FAQ,Nagpur,625,500,562,Maharashtra,Red
2007-04-05,Onion,23,Chattrapati Sambhajinagar,FAQ,Chattrapati Sambhajinagar,600,250,525,Maharashtra,Other
2007-04-05,Onion,23,Jalgaon,FAQ,Jalgaon,500,300,400,Maharashtra,Red
2007-04-05,Onion,23,Nashik,FAQ,Yeola,470,200,450,Maharashtra,Red
2007-04-06,Onion,23,Mumbai,FAQ,Mumbai,650,500,575,Maharashtra,Other
2007-04-06,Onion,23,Sangli,FAQ,"Sangli(Phale, Bhajipura Market)",650,300,475,Maharashtra,Other
2007-04-06,Onion,23,Kolhapur,FAQ,Kolhapur,700,300,500,Maharashtra,Other
2007-04-06,Onion,23,Dharashiv(Usmanabad),FAQ,Dharashiv,640,640,640,Maharashtra,Other
2007-04-06,Onion,23,Nashik,FAQ,Dindori,577,425,551,Maharashtra,Other
2007-04-06,Onion,23,Nashik,FAQ,Pimpalgaon Baswant(Saykheda),530,400,470,Maharashtra,Other
2007-04-06,Onion,23,Jalgaon,FAQ,Jalgaon,500,350,425,Maharashtra,Red
2007-04-07,Onion,23,Jalgaon,FAQ,Jalgaon,512,350,430,Maharashtra,Red
2007-04-07,Onion,23,Dhule,FAQ,Shirpur,510,355,450,Maharashtra,Red
2007-04-07,Onion,23,Dharashiv(Usmanabad),FAQ,Dharashiv,635,625,630,Maharashtra,Other
2007-04-08,Onion,23,Pune,FAQ,Junnar(Otur),500,200,450,Maharashtra,Other
2007-04-08,Onion,23,Thane,FAQ,Vasai,700,550,652,Maharashtra,Other
2007-04-08,Onion,23,Nagpur,FAQ,Nagpur,850,750,800,Maharashtra,Other
2007-04-09,Onion,23,Nashik,FAQ,Nandgaon,422,250,370,Maharashtra,Other
2007-04-09,Onion,23,Nashik,FAQ,Pimpalgaon,451,291,411,Maharashtra,Other
2007-04-09,Onion,23,Nashik,FAQ,Manmad,445,358,401,Maharashtra,Other
2007-04-09,Onion,23,Satara,FAQ,Satara,700,300,500,Maharashtra,Other
2007-04-09,Onion,23,Thane,FAQ,Vasai,700,550,650,Maharashtra,Other
2007-04-09,Onion,23,Mumbai,FAQ,Mumbai,600,400,500,Maharashtra,Other
2007-04-09,Onion,23,Nashik,FAQ,Malegaon,430,240,400,Maharashtra,Red
2007-04-09,Onion,23,Satara,FAQ,Karad,550,400,500,Maharashtra,Other
2007-04-10,Onion,23,Nagpur,FAQ,Nagpur,575,500,537,Maharashtra,Red
2007-04-10,Onion,23,Nashik,FAQ,Dindori,524,250,480,Maharashtra,Other
2007-04-10,Onion,23,Pune,FAQ,Junnar(Otur),600,200,450,Maharashtra,Other
2007-04-10,Onion,23,Nashik,FAQ,Devala,519,350,435,Maharashtra,Other
2007-04-10,Onion,23,Pune,FAQ,Manchar,500,500,500,Maharashtra,Other
2007-04-10,Onion,23,Nashik,FAQ,Lasalgaon,541,302,461,Maharashtra,Other
2007-04-10,Onion,23,Dharashiv(Usmanabad),FAQ,Dharashiv,700,450,575,Maharashtra,Other
2007-04-11,Onion,23,Thane,FAQ,Ulhasnagar,1350,1100,1200,Maharashtra,Other
2007-04-11,Onion,23,Nashik,FAQ,Nandgaon,441,230,410,Maharashtra,Other
2007-04-11,Onion,23,Sangli,FAQ,"Sangli(Phale, Bhajipura Market)",550,200,375,Maharashtra,Other
2007-04-11,Onion,23,Dhule,FAQ,Shirpur,575,400,425,Maharashtra,Red
2007-04-11,Onion,23,Jalgaon,FAQ,Jalgaon,510,300,400,Maharashtra,Red
2007-04-11,Onion,23,Nashik,FAQ,Yeola,411,250,395,Maharashtra,Other
2007-04-12,Onion,23,Nashik,FAQ,Lasalgaon,544,331,461,Maharashtra,Other
2007-04-12,Onion,23,Pune,FAQ,Pune(Pimpri),600,400,500,Maharashtra,Other
2007-04-12,Onion,23,Nashik,FAQ,Lasalgaon(Niphad),463,266,430,Maharashtra,Other
2007-04-12,Onion,23,Nashik,FAQ,Satana,456,251,411,Maharashtra,Other
2007-04-13,Onion,23,Ahmednagar,FAQ,Rahata,555,200,450,Maharashtra,Other
2007-04-13,Onion,23,Nashik,FAQ,Nandgaon,461,200,416,Maharashtra,Other
2007-04-13,Onion,23,Pune,FAQ,Pune,500,250,375,Maharashtra,Other
2007-04-13,Onion,23,Ratnagiri,FAQ,Ratnagiri (Nachane),900,800,850,Maharashtra,Other
2007-04-13,Onion,23,Pune,FAQ,Indapur,500,200,411,Maharashtra,Other
2007-04-13,Onion,23,Sangli,FAQ,"Sangli(Phale, Bhajipura Market)",560,300,425,Maharashtra,Other
2007-04-13,Onion,23,Nashik,FAQ,Satana,450,251,411,Maharashtra,Other
2007-04-14,Onion,23,Pune,FAQ,Baramati,601,250,550,Maharashtra,Red
2007-04-14,Onion,23,Pune,FAQ,Pune(Khadiki),600,200,400,Maharashtra,Other
2007-04-14,Onion,23,Dharashiv(Usmanabad),FAQ,Dharashiv,500,500,500,Maharashtra,Other
2007-04-15,Onion,23,Nagpur,FAQ,Nagpur,550,500,525,Maharashtra,Red
2007-04-16,Onion,23,Pune,FAQ,Pune(Khadiki),600,300,450,Maharashtra,Other
2007-04-16,Onion,23,Pune,FAQ,Pune,550,300,425,Maharashtra,Other
2007-04-16,Onion,23,Chattrapati Sambhajinagar,FAQ,Chattrapati Sambhajinagar,550,350,450,Maharashtra,Other
2007-04-16,Onion,23,Jalgaon,FAQ,Jalgaon,650,550,600,Maharashtra,Other
2007-04-16,Onion,23,Chandrapur,FAQ,Chandrapur,1000,600,800,Maharashtra,Other
2007-04-16,Onion,23,Ahmednagar,FAQ,Shrirampur,555,355,455,Maharashtra,Other
2007-04-17,Onion,23,Nandurbar,FAQ,Navapur,500,400,485,Maharashtra,Other
2007-04-17,Onion,23,Nashik,FAQ,Dindori,500,304,444,Maharashtra,Other
2007-04-17,Onion,23,Pune,FAQ,Pune(Pimpri),600,400,500,Maharashtra,Other
2007-04-17,Onion,23,Pune,FAQ,Pune,550,300,425,Maharashtra,Other
2007-04-17,Onion,23,Nashik,FAQ,Nandgaon,441,271,370,Maharashtra,Other
2007-04-18,Onion,23,Ratnagiri,FAQ,Ratnagiri (Nachane),850,800,850,Maharashtra,Other
2007-04-18,Onion,23,Satara,FAQ,Karad,500,300,400,Maharashtra,Other
2007-04-18,Onion,23,Nashik,FAQ,Manmad,445,261,385,Maharashtra,Other
2007-04-18,Onion,23,Pune,FAQ,Manchar,480,480,480,Maharashtra,Other
2007-04-18,Onion,23,Nagpur,FAQ,Kalmeshwar,700,500,600,Maharashtra,Other
2007-04-18,Onion,23,Nashik,FAQ,Devala,432,200,415,Maharashtra,Other
2007-04-19,Onion,23,Ahmednagar,FAQ,Rahuri(Vambori),450,250,350,Maharashtra,Other
2007-04-19,Onion,23,Nashik,FAQ,Pimpalgaon,471,370,425,Maharashtra,Other
2007-04-19,Onion,23,Ahmednagar,FAQ,Sangamner,551,200,375,Maharashtra,Other
2007-04-19,Onion,23,Ratnagiri,FAQ,Ratnagiri (Nachane),850,800,850,Maharashtra,Other
2007-04-20,Onion,23,Nashik,FAQ,Dindori,494,256,434,Maharashtra,Other
2007-04-20,Onion,23,Chandrapur,FAQ,Chandrapur,800,600,700,Maharashtra,Other
2007-04-21,Onion,23,Parbhani,FAQ,Parbhani,600,400,500,Maharashtra,Red
2007-04-21,Onion,23,Mumbai,FAQ,Mumbai,600,400,500,Maharashtra,Other
2007-04-21,Onion,23,Sangli,FAQ,"Sangli(Phale, Bhajipura Market)",600,200,400,Maharashtra,Other
2007-04-21,Onion,23,Pune,FAQ,Pune(Pimpri),600,400,500,Maharashtra,Other
2007-04-22,Onion,23,Nashik,FAQ,Yeola,425,250,390,Maharashtra,Other
2007-04-22,Onion,23,Pune,FAQ,Manchar,430,430,430,Maharashtra,Other
2007-04-23,Onion,23,Pune,FAQ,Pune(Khadiki),600,200,400,Maharashtra,Other
2007-04-23,Onion,23,Nagpur,FAQ,Nagpur,700,650,675,Maharashtra,Other
2007-04-24,Onion,23,Ahmednagar,FAQ,Rahuri,550,200,490,Maharashtra,Other
2007-04-24,Onion,23,Nagpur,FAQ,Nagpur,525,475,500,Maharashtra,Red
2007-04-24,Onion,23,Nashik,FAQ,Lasalgaon,558,231,435,Maharashtra,Other
2007-04-24,Onion,23,Satara,FAQ,Phaltan,520,300,450,Maharashtra,Other
2007-04-24,Onion,23,Nashik,FAQ,Nandgaon,456,251,365,Maharashtra,Other
2007-04-25,Onion,23,Nashik,FAQ,Devala,480,200,400,Maharashtra,Other
2007-04-25,Onion,23,Beed,FAQ,Kada,561,200,450,Maharashtra,Other
2007-04-25,Onion,23,Nashik,FAQ,Yeola,442,250,390,Maharashtra,Other
2007-04-25,Onion,23,Dhule,FAQ,Shirpur,701,260,650,Maharashtra,Other
2007-04-25,Onion,23,Jalgaon,FAQ,Jalgaon,550,300,425,Maharashtra,Red
2007-04-26,Onion,23,Buldhana,FAQ,Malkapur,500,350,465,Maharashtra,Other
2007-04-26,Onion,23,Pune,FAQ,Junnar(Otur),550,200,500,Maharashtra,Other
2007-04-26,Onion,23,Ratnagiri,FAQ,Ratnagiri (Nachane),800,750,800,Maharashtra,Other
2007-04-26,Onion,23,Nashik,FAQ,Dindori,617,345,552,Maharashtra,Other
2007-04-27,Onion,23,Nashik,FAQ,Dindori,623,384,566,Maharashtra,Other
2007-04-27,Onion,23,Sholapur,FAQ,Pandharpur,650,200,600,Maharashtra,Other
2007-04-27,Onion,23,Satara,FAQ,Vai,500,400,450,Maharashtra,Other
2007-04-27,Onion,23,Nashik,FAQ,Devala,520,200,425,Maharashtra,Other
2007-04-27,Onion,23,Nashik,FAQ,Manmad,551,299,513,Maharashtra,Other
2007-04-27,Onion,23,Sangli,FAQ,"Sangli(Phale, Bhajipura Market)",600,300,450,Maharashtra,Other
2007-04-27,Onion,23,Nashik,FAQ,Dindori(Vani),590,400,525,Maharashtra,Other
2007-04-27,Onion,23,Thane,FAQ,Ulhasnagar,1350,1100,1200,Maharashtra,Other
2007-04-27,Onion,23,Mumbai,FAQ,Mumbai,600,400,500,Maharashtra,Other
2007-04-28,Onion,23,Parbhani,FAQ,Parbhani,500,300,400,Maharashtra,Red
2007-04-28,Onion,23,Jalgaon,FAQ,Jalgaon,525,325,425,Maharashtra,Red
2007-04-28,Onion,23,Pune,FAQ,Pune(Khadiki),600,500,550,Maharashtra,Other
2007-04-29,Onion,23,Ahmednagar,FAQ,Rahuri,660,251,525,Maharashtra,Other
2007-04-30,Onion,23,Kolhapur,FAQ,Kolhapur,700,300,550,Maharashtra,Other
2007-04-30,Onion,23,Nashik,FAQ,Yeola,511,300,480,Maharashtra,Other
2007-04-30,Onion,23,Ahmednagar,FAQ,Shrirampur,650,200,400,Maharashtra,Other
2007-04-30,Onion,23,Jalgaon,FAQ,Jalgaon,525,300,400,Maharashtra,Red
2007-04-30,Onion,23,Sangli,FAQ,"Sangli(Phale, Bhajipura Market)",650,300,475,Maharashtra,Other
2007-04-30,Onion,23,Chattrapati Sambhajinagar,FAQ,Chattrapati Sambhajinagar,400,300,350,Maharashtra,Other
2007-04-30,Onion,23,Nashik,FAQ,Lasalgaon(Niphad),575,251,515,Maharashtra,Other
2007-04-30,Onion,23,Nashik,FAQ,Manmad,541,345,506,Maharashtra,Other
2007-04-30,Onion,23,Thane,FAQ,Ulhasnagar,1350,1100,1200,Maharashtra,Other
2007-04-30,Onion,23,Nashik,FAQ,Malegaon,411,250,375,Maharashtra,Red
2007-05-01,Onion,23,Buldhana,FAQ,Nandura,460,210,375,Maharashtra,Other
2007-05-01,Onion,23,Parbhani,FAQ,Parbhani,600,400,450,Maharashtra,Red
2007-05-02,Onion,23,Pune,FAQ,Pune,650,350,500,Maharashtra,Other
2007-05-02,Onion,23,Jalgaon,FAQ,Jalgaon,425,375,400,Maharashtra,Other
2007-05-03,Onion,23,Nashik,FAQ,Devala,604,250,525,Maharashtra,Other
2007-05-03,Onion,23,Chattrapati Sambhajinagar,FAQ,Chattrapati Sambhajinagar,500,350,450,Maharashtra,Other
2007-05-03,Onion,23,Thane,FAQ,Ulhasnagar,1350,1100,1200,Maharashtra,Other
2007-05-03,Onion,23,Nashik,FAQ,Satana,580,275,530,Maharashtra,Other
2007-05-04,Onion,23,Pune,FAQ,Pune,650,350,500,Maharashtra,Other
2007-05-04,Onion,23,Mumbai,FAQ,Mumbai,650,400,575,Maharashtra,Other
2007-05-05,Onion,23,Jalana,FAQ,Jalana,600,300,400,Maharashtra,Other
2007-05-05,Onion,23,Nagpur,FAQ,Nagpur,550,500,525,Maharashtra,Red
2007-05-05,Onion,23,Nashik,FAQ,Malegaon,451,299,390,Maharashtra,Red
2007-05-05,Onion,23,Kolhapur,FAQ,Kolhapur,650,300,500,Maharashtra,Other
2007-05-06,Onion,23,Pune,FAQ,Pune,650,350,500,Maharashtra,Other
2007-05-06,Onion,23,Pune,FAQ,Junnar(Otur),600,300,500,Maharashtra,Other
2007-05-06,Onion,23,Nagpur,FAQ,Nagpur,550,500,525,Maharashtra,Other
2007-05-06,Onion,23,Nagpur,FAQ,Nagpur,550,500,525,Maharashtra,Red
2007-05-07,Onion,23,Sholapur,FAQ,Pandharpur,680,250,521,Maharashtra,Other
2007-05-07,Onion,23,Nashik,FAQ,Lasalgaon,660,301,451,Maharashtra,Red
2007-05-07,Onion,23,Nashik,FAQ,Lasalgaon(Niphad),521,260,480,Maharashtra,Other
2007-05-07,Onion,23,Satara,FAQ,Vai,700,500,600,Maharashtra,Other
2007-05-08,Onion,23,Nashik,FAQ,Lasalgaon,620,290,500,Maharashtra,Other
2007-05-08,Onion,23,Nashik,FAQ,Dindori,598,326,471,Maharashtra,Other
2007-05-08,Onion,23,Nashik,FAQ,Yeola,511,200,400,Maharashtra,Other
2007-05-08,Onion,23,Pune,FAQ,Junnar(Otur),600,300,500,Maharashtra,Other
2007-05-08,Onion,23,Nagpur,FAQ,Nagpur,500,450,475,Maharashtra,Red
2007-05-08,Onion,23,Nashik,FAQ,Devala,535,200,475,Maharashtra,Other
2007-05-08,Onion,23,Pune,FAQ,Pune(Khadiki),700,200,550,Maharashtra,Other
2007-05-09,Onion,23,Dhule,FAQ,Shirpur,475,340,430,Maharashtra,Red
2007-05-09,Onion,23,Nagpur,FAQ,Nagpur,500,450,475,Maharashtra,Other
2007-05-09,Onion,23,Beed,FAQ,Kada,625,200,525,Maharashtra,Other
2007-05-09,Onion,23,Nagpur,FAQ,Kalmeshwar,500,300,400,Maharashtra,Other
2007-05-09,Onion,23,Nashik,FAQ,Yeola,477,200,400,Maharashtra,Other
2007-05-09,Onion,23,Nashik,FAQ,Lasalgaon(Niphad),513,251,471,Maharashtra,Other
2007-05-09,Onion,23,Satara,FAQ,Vai,600,500,550,Maharashtra,Other
2007-05-10,Onion,23,Pune,FAQ,Pune(Khadiki),650,250,450,Maharashtra,Other
2007-05-10,Onion,23,Nashik,FAQ,Nasik,585,201,525,Maharashtra,Other
2007-05-10,Onion,23,Sholapur,FAQ,Pandharpur,657,252,525,Maharashtra,Other
2007-05-10,Onion,23,Nashik,FAQ,Dindori(Vani),592,311,511,Maharashtra,Other
2007-05-10,Onion,23,Nashik,FAQ,Manmad,522,200,468,Maharashtra,Other
2007-05-11,Onion,23,Nashik,FAQ,Lasalgaon,655,318,470,Maharashtra,Other
2007-05-11,Onion,23,Buldhana,FAQ,Malkapur,381,270,360,Maharashtra,Other
2007-05-11,Onion,23,Ahmednagar,FAQ,Akole,600,375,490,Maharashtra,Other
2007-05-11,Onion,23,Nashik,FAQ,Yeola,525,200,390,Maharashtra,Other
2007-05-11,Onion,23,Chandrapur,FAQ,Chandrapur,850,300,700,Maharashtra,Other
2007-05-12,Onion,23,Nashik,FAQ,Pimpalgaon Baswant(Saykheda),516,350,460,Maharashtra,Other
2007-05-12,Onion,23,Mumbai,FAQ,Mumbai,700,500,600,Maharashtra,Other
2007-05-12,Onion,23,Chandrapur,FAQ,Chandrapur,750,300,600,Maharashtra,Other
2007-05-12,Onion,23,Satara,FAQ,Vai,600,500,550,Maharashtra,Other
2007-05-13,Onion,23,Nagpur,FAQ,Nagpur,500,450,475,Maharashtra,Red
2007-05-13,Onion,23,Thane,FAQ,Vasai,700,550,650,Maharashtra,Other
2007-05-13,Onion,23,Satara,FAQ,Satara,700,500,600,Maharashtra,Other
2007-05-13,Onion,23,Dharashiv(Usmanabad),FAQ,Dharashiv,560,375,468,Maharashtra,Other
2007-05-14,Onion,23,Nashik,FAQ,Ghoti,400,400,400,Maharashtra,Other
2007-05-14,Onion,23,Nashik,FAQ,Dindori(Vani),566,300,515,Maharashtra,Other
2007-05-14,Onion,23,Thane,FAQ,Kalyan,800,700,750,Maharashtra,Other
2007-05-14,Onion,23,Satara,FAQ,Karad,700,300,500,Maharashtra,Other
2007-05-14,Onion,23,Ratnagiri,FAQ,Ratnagiri (Nachane),900,750,800,Maharashtra,Other
2007-05-15,Onion,23,Nagpur,FAQ,Nagpur,650,550,600,Maharashtra,Other
2007-05-15,Onion,23,Nashik,FAQ,Pimpalgaon Baswant(Saykheda),537,350,465,Maharashtra,Other
2007-05-15,Onion,23,Dhule,FAQ,Dhule,625,200,570,Maharashtra,Other
2007-05-15,Onion,23,Satara,FAQ,Vai,600,500,550,Maharashtra,Other
2007-05-15,Onion,23,Pune,FAQ,Pune(Pimpri),650,550,600,Maharashtra,Other
2007-05-16,Onion,23,Ahmednagar,FAQ,Newasa(Ghodegaon),615,200,550,Maharashtra,Other
2007-05-16,Onion,23,Pune,FAQ,Pune(Pimpri),650,450,550,Maharashtra,Other
2007-05-17,Onion,23,Nashik,FAQ,Lasalgaon(Niphad),539,211,440,Maharashtra,Other
2007-05-17,Onion,23,Nagpur,FAQ,Nagpur,600,525,550,Maharashtra,Other
2007-05-17,Onion,23,Satara,FAQ,Satara,700,500,600,Maharashtra,Other
2007-05-17,Onion,23,Thane,FAQ,Ulhasnagar,1350,1100,1200,Maharashtra,Other
2007-05-17,Onion,23,Ratnagiri,FAQ,Ratnagiri (Nachane),900,700,800,Maharashtra,Other
2007-05-17,Onion,23,Satara,FAQ,Lonand,625,250,525,Maharashtra,Other
2007-05-18,Onion,23,Nashik,FAQ,Pimpalgaon,535,325,441,Maharashtra,Other
2007-05-18,Onion,23,Thane,FAQ,Ulhasnagar,1350,1100,1200,Maharashtra,Other
2007-05-18,Onion,23,Nashik,FAQ,Satana,500,251,451,Maharashtra,Other
2007-05-18,Onion,23,Pune,FAQ,Pune(Khadiki),700,400,550,Maharashtra,Other
2007-05-18,Onion,23,Nagpur,FAQ,Kalmeshwar,700,500,600,Maharashtra,Other
2007-05-19,Onion,23,Nagpur,FAQ,Nagpur,500,475,487,Maharashtra,Red
2007-05-19,Onion,23,Dharashiv(Usmanabad),FAQ,Dharashiv,600,525,563,Maharashtra,Other
2007-05-19,Onion,23,Kolhapur,FAQ,Kolhapur,700,300,550,Maharashtra,Other
2007-05-19,Onion,23,Chandrapur,FAQ,Chandrapur,800,500,700,Maharashtra,Other
2007-05-19,Onion,23,Pune,FAQ,Pune(Khadiki),700,300,500,Maharashtra,Other
2007-05-19,Onion,23,Chattrapati Sambhajinagar,FAQ,Chattrapati Sambhajinagar,550,250,440,Maharashtra,Other
2007-05-20,Onion,23,Nagpur,FAQ,Nagpur,550,500,525,Maharashtra,Other
2007-05-20,Onion,23,Satara,FAQ,Vai,600,500,550,Maharashtra,Other
2007-05-20,Onion,23,Chattrapati Sambhajinagar,FAQ,Chattrapati Sambhajinagar,500,250,375,Maharashtra,Other
2007-05-20,Onion,23,Thane,FAQ,Kalyan,800,700,750,Maharashtra,Other
2007-05-21,Onion,23,Nashik,FAQ,Pimpalgaon,541,311,440,Maharashtra,Other
2007-05-21,Onion,23,Sholapur,FAQ,Pandharpur,680,270,600,Maharashtra,Other
2007-05-22,Onion,23,Nashik,FAQ,Dindori,542,339,498,Maharashtra,Other
2007-05-22,Onion,23,Mumbai,FAQ,Mumbai,600,400,500,Maharashtra,Other
2007-05-22,Onion,23,Amarawati,FAQ,Amrawati(Frui & Veg. Market),500,450,475,Maharashtra,Other
2007-05-22,Onion,23,Chattrapati Sambhajinagar,FAQ,Chattrapati Sambhajinagar,450,250,350,Maharashtra,Other
2007-05-22,Onion,23,Nagpur,FAQ,Nagpur,500,475,487,Maharashtra,Red
2007-05-22,Onion,23,Pune,FAQ,Pune(Khadiki),700,200,450,Maharashtra,Other
2007-05-22,Onion,23,Satara,FAQ,Karad,700,400,650,Maharashtra,Other
2007-05-23,Onion,23,Chandrapur,FAQ,Chandrapur,600,400,500,Maharashtra,Other
2007-05-23,Onion,23,Nagpur,FAQ,Nagpur,525,450,487,Maharashtra,Red
2007-05-24,Onion,23,Kolhapur,FAQ,Kolhapur,650,300,550,Maharashtra,Other
2007-05-25,Onion,23,Thane,FAQ,Ulhasnagar,1350,1100,1200,Maharashtra,Other
2007-05-26,Onion,23,Pune,FAQ,Pune(Khadiki),650,300,480,Maharashtra,Other
2007-05-26,Onion,23,Nashik,FAQ,Ghoti,466,388,427,Maharashtra,Other
2007-05-26,Onion,23,Satara,FAQ,Karad,700,500,600,Maharashtra,Other
2007-05-26,Onion,23,Nagpur,FAQ,Nagpur,625,600,612,Maharashtra,Other
2007-05-26,Onion,23,Satara,FAQ,Vai,650,500,575,Maharashtra,Other
2007-05-27,Onion,23,Chattrapati Sambhajinagar,FAQ,Chattrapati Sambhajinagar,450,250,350,Maharashtra,Other
2007-05-28,Onion,23,Satara,FAQ,Satara,650,300,500,Maharashtra,Other
2007-05-28,Onion,23,Jalgaon,FAQ,Jalgaon,550,300,425,Maharashtra,Red
2007-05-29,Onion,23,Pune,FAQ,Pune,650,250,450,Maharashtra,Other
2007-05-29,Onion,23,Ratnagiri,FAQ,Ratnagiri (Nachane),900,700,800,Maharashtra,Other
2007-05-29,Onion,23,Sholapur,FAQ,Pandharpur,656,280,555,Maharashtra,Other
2007-05-30,Onion,23,Dhule,FAQ,Shirpur,570,340,540,Maharashtra,Red
2007-05-30,Onion,23,Nashik,FAQ,Lasalgaon,575,251,411,Maharashtra,Other
2007-05-30,Onion,23,Chandrapur,FAQ,Chandrapur,700,500,600,Maharashtra,Other
2007-05-30,Onion,23,Dhule,FAQ,Shirpur,805,665,765,Maharashtra,Other
2007-05-31,Onion,23,Nashik,FAQ,Dindori(Vani),656,352,601,Maharashtra,Other
2007-05-31,Onion,23,Nashik,FAQ,Chandvad,606,200,525,Maharashtra,Other
2007-05-31,Onion,23,Nashik,FAQ,Pimpalgaon,661,411,575,Maharashtra,Other
2007-05-31,Onion,23,Ahmednagar,FAQ,Shrirampur,825,200,525,Maharashtra,Other
2007-05-31,Onion,23,Kolhapur,FAQ,Kolhapur,750,300,600,Maharashtra,Other
2007-06-01,Onion,23,Thane,FAQ,Kalyan,500,400,450,Maharashtra,Other
2007-06-01,Onion,23,Mumbai,FAQ,Mumbai,800,600,700,Maharashtra,Other
2007-06-01,Onion,23,Nashik,FAQ,Pimpalgaon,631,400,561,Maharashtra,Other
2007-06-01,Onion,23,Chandrapur,FAQ,Chandrapur,700,500,600,Maharashtra,Other
2007-06-01,Onion,23,Nashik,FAQ,Devala,635,200,550,Maharashtra,Other
2007-06-01,Onion,23,Nashik,FAQ,Yeola,605,250,540,Maharashtra,Other
2007-06-01,Onion,23,Nashik,FAQ,Chandvad,599,200,525,Maharashtra,Other
2007-06-02,Onion,23,Nashik,FAQ,Pimpalgaon Baswant(Saykheda),650,400,560,Maharashtra,Other
2007-06-02,Onion,23,Thane,FAQ,Kalyan,500,400,450,Maharashtra,Other
2007-06-02,Onion,23,Chattrapati Sambhajinagar,FAQ,Chattrapati Sambhajinagar,600,400,500,Maharashtra,Other
2007-06-03,Onion,23,Chattrapati Sambhajinagar,FAQ,Chattrapati Sambhajinagar,600,400,500,Maharashtra,Other
2007-06-03,Onion,23,Nagpur,FAQ,Nagpur,800,725,762,Maharashtra,Other
2007-06-03,Onion,23,Ahmednagar,FAQ,Rahata,750,200,590,Maharashtra,Other
2007-06-04,Onion,23,Thane,FAQ,Ulhasnagar,1350,1100,1200,Maharashtra,Other
2007-06-04,Onion,23,Nagpur,FAQ,Nagpur,825,750,787,Maharashtra,Other
2007-06-04,Onion,23,Satara,FAQ,Satara,750,400,650,Maharashtra,Other
2007-06-04,Onion,23,Ahmednagar,FAQ,Shrirampur,760,250,550,Maharashtra,Other
2007-06-04,Onion,23,Nashik,FAQ,Devala,724,250,650,Maharashtra,Other
2007-06-05,Onion,23,Sholapur,FAQ,Pandharpur,800,305,500,Maharashtra,Other
2007-06-05,Onion,23,Thane,FAQ,Kalyan,500,400,450,Maharashtra,Other
2007-06-05,Onion,23,Thane,FAQ,Ulhasnagar,1350,1100,1200,Maharashtra,Other
2007-06-05,Onion,23,Nashik,FAQ,Pimpalgaon,721,430,660,Maharashtra,Other
2007-06-05,Onion,23,Jalgaon,FAQ,Jalgaon,640,300,470,Maharashtra,Red
2007-06-05,Onion,23,Nagpur,FAQ,Nagpur,850,825,837,Maharashtra,Other
2007-06-06,Onion,23,Ahmednagar,FAQ,Karjat(Rashin),950,250,675,Maharashtra,Other
2007-06-06,Onion,23,Kolhapur,FAQ,Kolhapur,850,400,600,Maharashtra,Other
2007-06-06,Onion,23,Thane,FAQ,Ulhasnagar,1350,1100,1200,Maharashtra,Other
2007-06-06,Onion,23,Nashik,FAQ,Malegaon,576,275,500,Maharashtra,Red
2007-06-07,Onion,23,Chandrapur,FAQ,Chandrapur,900,700,800,Maharashtra,Other
2007-06-07,Onion,23,Dhule,FAQ,Dhule,735,500,650,Maharashtra,Other
2007-06-07,Onion,23,Nashik,FAQ,Lasalgaon(Niphad),751,370,641,Maharashtra,Other
2007-06-07,Onion,23,Nashik,FAQ,Malegaon,275,210,251,Maharashtra,Red
2007-06-07,Onion,23,Nashik,FAQ,Satana,776,251,715,Maharashtra,Other
2007-06-07,Onion,23,Nashik,FAQ,Devala,787,300,725,Maharashtra,Other
2007-06-08,Onion,23,Dhule,FAQ,Dhule,800,250,680,Maharashtra,Red
2007-06-08,Onion,23,Sholapur,FAQ,Pandharpur,1035,230,900,Maharashtra,Other
2007-06-08,Onion,23,Nashik,FAQ,Nandgaon,800,300,705,Maharashtra,Other
2007-06-08,Onion,23,Pune,FAQ,Indapur,851,300,625,Maharashtra,Other
2007-06-08,Onion,23,Thane,FAQ,Kalyan,800,700,750,Maharashtra,Other
2007-06-09,Onion,23,Dhule,FAQ,Shirpur,760,375,755,Maharashtra,Red
2007-06-09,Onion,23,Pune,FAQ,Pune(Khadiki),900,900,900,Maharashtra,Other
2007-06-09,Onion,23,Ahmednagar,FAQ,Kopargaon,925,250,850,Maharashtra,Other
2007-06-10,Onion,23,Dharashiv(Usmanabad),FAQ,Dharashiv,1000,500,750,Maharashtra,Other
2007-06-11,Onion,23,Nashik,FAQ,Dindori(Vani),799,611,750,Maharashtra,Other
2007-06-11,Onion,23,Nashik,FAQ,Lasalgaon,895,345,770,Maharashtra,Other
2007-06-11,Onion,23,Mumbai,FAQ,Mumbai,900,700,800,Maharashtra,Other
2007-06-11,Onion,23,Thane,FAQ,Kalyan,900,800,850,Maharashtra,Other
2007-06-11,Onion,23,Nashik,FAQ,Nandgaon,772,350,666,Maharashtra,Other
2007-06-11,Onion,23,Ratnagiri,FAQ,Ratnagiri (Nachane),1000,800,900,Maharashtra,Other
2007-06-11,Onion,23,Chattrapati Sambhajinagar,FAQ,Chattrapati Sambhajinagar,700,400,550,Maharashtra,Other
2007-06-12,Onion,23,Pune,FAQ,Pune(Khadiki),1000,300,900,Maharashtra,Other
2007-06-12,Onion,23,Sholapur,FAQ,Pandharpur,1010,375,825,Maharashtra,Other
2007-06-12,Onion,23,Ahmednagar,FAQ,Sangamner,1001,200,600,Maharashtra,Other
2007-06-12,Onion,23,Ahmednagar,FAQ,Rahuri,930,201,501,Maharashtra,Other
2007-06-12,Onion,23,Pune,FAQ,Pune,850,650,750,Maharashtra,Other
2007-06-12,Onion,23,Ahmednagar,FAQ,Rahata,910,305,680,Maharashtra,Other
2007-06-13,Onion,23,Ahmednagar,FAQ,Karjat(Rashin),900,200,750,Maharashtra,Other
2007-06-13,Onion,23,Nashik,FAQ,Dindori,864,671,800,Maharashtra,Other
2007-06-13,Onion,23,Sholapur,FAQ,Pandharpur,990,400,825,Maharashtra,Other
2007-06-13,Onion,23,Nashik,FAQ,Pimpalgaon Baswant(Saykheda),850,600,770,Maharashtra,Other
2007-06-13,Onion,23,Thane,FAQ,Bhivandi,350,300,325,Maharashtra,Other
2007-06-13,Onion,23,Sholapur,FAQ,Solapur,1035,200,500,Maharashtra,Other
2007-06-13,Onion,23,Thane,FAQ,Kalyan,1000,900,950,Maharashtra,Other
2007-06-14,Onion,23,Nashik,FAQ,Satana,1028,451,915,Maharashtra,Other
2007-06-14,Onion,23,Satara,FAQ,Lonand,1051,400,850,Maharashtra,Other
2007-06-14,Onion,23,Chandrapur,FAQ,Chandrapur,1000,800,900,Maharashtra,Other
2007-06-14,Onion,23,Thane,FAQ,Ulhasnagar,1350,1100,1200,Maharashtra,Other
2007-06-14,Onion,23,Ratnagiri,FAQ,Ratnagiri (Nachane),1000,800,900,Maharashtra,Other
2007-06-14,Onion,23,Dhule,FAQ,Dhule,920,250,775,Maharashtra,Red
2007-06-14,Onion,23,Mumbai,FAQ,Mumbai,1000,800,900,Maharashtra,Other
2007-06-14,Onion,23,Satara,FAQ,Vai,800,700,750,Maharashtra,Other
2007-06-14,Onion,23,Pune,FAQ,Pune(Khadiki),900,200,800,Maharashtra,Other
2007-06-14,Onion,23,Nagpur,FAQ,Kalmeshwar,1000,800,900,Maharashtra,Other
2007-06-14,Onion,23,Ahmednagar,FAQ,Sangamner,1060,200,630,Maharashtra,Other
2007-06-16,Onion,23,Parbhani,FAQ,Parbhani,700,500,600,Maharashtra,Red
2007-06-16,Onion,23,Dhule,FAQ,Shirpur,880,250,650,Maharashtra,Red
2007-06-16,Onion,23,Ratnagiri,FAQ,Ratnagiri (Nachane),1000,800,900,Maharashtra,Other
2007-06-16,Onion,23,Kolhapur,FAQ,Kolhapur,1150,700,800,Maharashtra,Other
2007-06-17,Onion,23,Ahmednagar,FAQ,Rahata,1325,800,1100,Maharashtra,Other
2007-06-18,Onion,23,Thane,FAQ,Kalyan,1000,900,950,Maharashtra,Other
2007-06-18,Onion,23,Nashik,FAQ,Devala,1011,500,925,Maharashtra,Other
2007-06-18,Onion,23,Ahmednagar,FAQ,Ahmednagar,1105,200,650,Maharashtra,Other
2007-06-18,Onion,23,Nashik,FAQ,Pimpalgaon,1001,550,901,Maharashtra,Other
2007-06-18,Onion,23,Satara,FAQ,Vai,900,700,800,Maharashtra,Other
2007-06-18,Onion,23,Thane,FAQ,Ulhasnagar,1350,1100,1200,Maharashtra,Other
2007-06-19,Onion,23,Satara,FAQ,Phaltan,1052,600,800,Maharashtra,Other
2007-06-19,Onion,23,Pune,FAQ,Pune(Khadiki),1000,700,850,Maharashtra,Other
2007-06-19,Onion,23,Sholapur,FAQ,Pandharpur,1100,420,1000,Maharashtra,Other
2007-06-19,Onion,23,Nashik,FAQ,Yeola,951,500,870,Maharashtra,Other
2007-06-19,Onion,23,Pune,FAQ,Pune(Pimpri),1600,1300,1450,Maharashtra,Other
2007-06-20,Onion,23,Beed,FAQ,Kada,1149,200,1051,Maharashtra,Other
2007-06-20,Onion,23,Nashik,FAQ,Dindori,861,688,800,Maharashtra,Other
2007-06-20,Onion,23,Satara,FAQ,Vai,1000,800,900,Maharashtra,Other
2007-06-21,Onion,23,Nashik,FAQ,Devala,965,400,875,Maharashtra,Other
2007-06-21,Onion,23,Kolhapur,FAQ,Kolhapur,1100,700,850,Maharashtra,Other
2007-06-21,Onion,23,Nashik,FAQ,Nasik,900,281,750,Maharashtra,Other
2007-06-22,Onion,23,Nashik,FAQ,Manmad,925,770,881,Maharashtra,Other
2007-06-22,Onion,23,Ahmednagar,FAQ,Rahuri,1150,201,551,Maharashtra,Other
2007-06-22,Onion,23,Satara,FAQ,Phaltan,1000,1000,1000,Maharashtra,Other
2007-06-22,Onion,23,Ahmednagar,FAQ,Rahata,1100,500,850,Maharashtra,Other
2007-06-22,Onion,23,Ahmednagar,FAQ,Sangamner,586,200,305,Maharashtra,Other
2007-06-22,Onion,23,Nashik,FAQ,Yeola,913,475,860,Maharashtra,Other
2007-06-22,Onion,23,Kolhapur,FAQ,Kolhapur,1100,500,600,Maharashtra,Other
2007-06-23,Onion,23,Ahmednagar,FAQ,Shrirampur,925,250,575,Maharashtra,Other
2007-06-23,Onion,23,Nashik,FAQ,Yeola,901,500,870,Maharashtra,Other
2007-06-24,Onion,23,Chattrapati Sambhajinagar,FAQ,Chattrapati Sambhajinagar,1000,500,750,Maharashtra,Other
2007-06-24,Onion,23,Satara,FAQ,Vai,1000,800,900,Maharashtra,Other
2007-06-25,Onion,23,Mumbai,FAQ,Mumbai,1100,800,950,Maharashtra,Other
2007-06-25,Onion,23,Satara,FAQ,Karad,1000,700,850,Maharashtra,Other
2007-06-25,Onion,23,Pune,FAQ,Pune(Khadiki),1200,700,950,Maharashtra,Other
2007-06-25,Onion,23,Satara,FAQ,Vai,900,800,850,Maharashtra,Other
2007-06-25,Onion,23,Nashik,FAQ,Devala,956,400,850,Maharashtra,Other
2007-06-25,Onion,23,Ahmednagar,FAQ,Shrirampur,1100,400,850,Maharashtra,Other
2007-06-25,Onion,23,Beed,FAQ,Kada,1211,500,1151,Maharashtra,Other
2007-06-26,Onion,23,Buldhana,FAQ,Nandura,1000,289,675,Maharashtra,Other
2007-06-26,Onion,23,Chattrapati Sambhajinagar,FAQ,Chattrapati Sambhajinagar,900,400,650,Maharashtra,Other
2007-06-26,Onion,23,Thane,FAQ,Ulhasnagar,1350,1100,1200,Maharashtra,Other
2007-06-27,Onion,23,Sholapur,FAQ,Pandharpur,1230,300,1000,Maharashtra,Other
2007-06-27,Onion,23,Beed,FAQ,Kada,1200,400,950,Maharashtra,Other
2007-06-27,Onion,23,Dhule,FAQ,Shirpur,1100,1100,1100,Maharashtra,Other
2007-06-27,Onion,23,Dhule,FAQ,Shirpur,925,840,920,Maharashtra,Red
2007-06-27,Onion,23,Jalgaon,FAQ,Jalgaon,1000,600,800,Maharashtra,Red
2007-06-28,Onion,23,Pune,FAQ,Pune(Khadiki),1100,500,800,Maharashtra,Other
2007-06-28,Onion,23,Sholapur,FAQ,Pandharpur,1350,840,1150,Maharashtra,Other
2007-06-28,Onion,23,Mumbai,FAQ,Mumbai,1100,800,950,Maharashtra,Other
2007-06-28,Onion,23,Kolhapur,FAQ,Kolhapur,1050,500,690,Maharashtra,Other
2007-06-29,Onion,23,Ahmednagar,FAQ,Rahata,1050,350,850,Maharashtra,Other
2007-06-29,Onion,23,Satara,FAQ,Vai,1100,1000,1050,Maharashtra,Other
2007-06-29,Onion,23,Nashik,FAQ,Lasalgaon,914,700,850,Maharashtra,Other
2007-06-30,Onion,23,Jalana,FAQ,Jalana,1101,500,700,Maharashtra,Other
2007-06-30,Onion,23,Dhule,FAQ,Shirpur,1025,605,920,Maharashtra,Other
2007-06-30,Onion,23,Pune,FAQ,Khed(Chakan),1025,650,900,Maharashtra,Other
2007-06-30,Onion,23,Nashik,FAQ,Ghoti,400,400,400,Maharashtra,Other
2007-06-30,Onion,23,Ahmednagar,FAQ,Shrirampur,900,400,600,Maharashtra,Other
2007-07-01,Onion,23,Ahmednagar,FAQ,Newasa(Ghodegaon),1060,200,850,Maharashtra,Red
2007-07-01,Onion,23,Pune,FAQ,Junnar(Otur),1050,600,1000,Maharashtra,Other
2007-07-01,Onion,23,Satara,FAQ,Satara,1100,800,1000,Maharashtra,Other
2007-07-01,Onion,23,Pune,FAQ,Indapur,1150,200,811,Maharashtra,Other
2007-07-01,Onion,23,Thane,FAQ,Kalyan,1100,1000,1050,Maharashtra,Other
2007-07-02,Onion,23,Nashik,FAQ,Nandgaon,900,611,875,Maharashtra,Other
2007-07-02,Onion,23,Sholapur,FAQ,Pandharpur,1061,950,1000,Maharashtra,Other
2007-07-02,Onion,23,Nagpur,FAQ,Nagpur,1000,975,987,Maharashtra,Red
2007-07-02,Onion,23,Jalgaon,FAQ,Jalgaon,950,700,825,Maharashtra,Red
2007-07-02,Onion,23,Nashik,FAQ,Dindori(Vani),960,893,921,Maharashtra,Other
2007-07-02,Onion,23,Nashik,FAQ,Nasik,940,511,825,Maharashtra,Other
2007-07-03,Onion,23,Nashik,FAQ,Yeola,931,511,900,Maharashtra,Other
2007-07-03,Onion,23,Pune,FAQ,Pune(Khadiki),800,800,800,Maharashtra,Other
2007-07-03,Onion,23,Nashik,FAQ,Lasalgaon,1011,671,951,Maharashtra,Other
2007-07-04,Onion,23,Pune,FAQ,Pune,1100,600,850,Maharashtra,Other
2007-07-04,Onion,23,Nashik,FAQ,Satana,929,401,875,Maharashtra,Other
2007-07-04,Onion,23,Nashik,FAQ,Dindori(Vani),980,839,920,Maharashtra,Other
2007-07-04,Onion,23,Chattrapati Sambhajinagar,FAQ,Chattrapati Sambhajinagar,900,500,700,Maharashtra,Other
2007-07-04,Onion,23,Nashik,FAQ,Lasalgaon,961,711,871,Maharashtra,Other
2007-07-04,Onion,23,Nagpur,FAQ,Nagpur,1050,1000,1025,Maharashtra,Red
2007-07-04,Onion,23,Nashik,FAQ,Manmad,869,549,828,Maharashtra,Other
2007-07-05,Onion,23,Thane,FAQ,Kalyan,1200,1000,1100,Maharashtra,Other
2007-07-05,Onion,23,Ahmednagar,FAQ,Shrirampur,1050,300,675,Maharashtra,Other
2007-07-05,Onion,23,Dharashiv(Usmanabad),FAQ,Dharashiv,800,500,650,Maharashtra,Other
2007-07-05,Onion,23,Mumbai,FAQ,Mumbai,1100,800,950,Maharashtra,Other
2007-07-05,Onion,23,Ahmednagar,FAQ,Rahuri(Vambori),865,500,680,Maharashtra,Other
2007-07-05,Onion,23,Nashik,FAQ,Satana,886,301,821,Maharashtra,Other
2007-07-06,Onion,23,Pune,FAQ,Pune(Khadiki),1200,1100,1150,Maharashtra,Other
2007-07-06,Onion,23,Ahmednagar,FAQ,Rahuri,1025,201,525,Maharashtra,Other
2007-07-06,Onion,23,Nagpur,FAQ,Nagpur,1062,1000,1031,Maharashtra,Other
2007-07-06,Onion,23,Dharashiv(Usmanabad),FAQ,Dharashiv,1050,800,925,Maharashtra,Other
2007-07-07,Onion,23,Sholapur,FAQ,Pandharpur,1211,903,1100,Maharashtra,Other
2007-07-07,Onion,23,Ahmednagar,FAQ,Kopargaon,950,400,850,Maharashtra,Other
2007-07-07,Onion,23,Parbhani,FAQ,Parbhani,850,650,750,Maharashtra,Red
2007-07-08,Onion,23,Nashik,FAQ,Yeola,841,651,815,Maharashtra,Other
2007-07-09,Onion,23,Nashik,FAQ,Manmad,842,571,821,Maharashtra,Other
2007-07-10,Onion,23,Nashik,FAQ,Pimpalgaon Baswant(Saykheda),857,600,835,Maharashtra,Other
2007-07-10,Onion,23,Nagpur,FAQ,Nagpur,1100,1000,1050,Maharashtra,Other
2007-07-10,Onion,23,Jalgaon,FAQ,Jalgaon,1000,700,850,Maharashtra,Red
2007-07-10,Onion,23,Ahmednagar,FAQ,Rahuri(Vambori),800,350,575,Maharashtra,Other
2007-07-10,Onion,23,Buldhana,FAQ,Nandura,875,230,635,Maharashtra,Other
2007-07-10,Onion,23,Sholapur,FAQ,Pandharpur,1175,411,1120,Maharashtra,Other
2007-07-10,Onion,23,Pune,FAQ,Pune(Pimpri),1000,1000,1000,Maharashtra,Other
2007-07-11,Onion,23,Ahmednagar,FAQ,Newasa(Ghodegaon),1000,200,900,Maharashtra,Other
2007-07-11,Onion,23,Pune,FAQ,Pune(Pimpri),1000,900,950,Maharashtra,Other
2007-07-11,Onion,23,Thane,FAQ,Ulhasnagar,1350,1100,1200,Maharashtra,Other
2007-07-11,Onion,23,Dhule,FAQ,Dhule,1020,1020,1020,Maharashtra,Other
2007-07-11,Onion,23,Mumbai,FAQ,Mumbai,1000,700,850,Maharashtra,Other
2007-07-12,Onion,23,Satara,FAQ,Satara,1100,1000,1050,Maharashtra,Other
2007-07-12,Onion,23,Dhule,FAQ,Dhule,885,300,800,Maharashtra,Red
2007-07-12,Onion,23,Satara,FAQ,Lonand,951,450,850,Maharashtra,Other
2007-07-12,Onion,23,Pune,FAQ,Pune(Khadiki),1200,1100,1150,Maharashtra,Other
2007-07-12,Onion,23,Nashik,FAQ,Yeola,849,500,825,Maharashtra,Other
2007-07-12,Onion,23,Mumbai,FAQ,Mumbai,1050,800,925,Maharashtra,Other
2007-07-13,Onion,23,Nashik,FAQ,Lasalgaon,885,700,851,Maharashtra,Other
2007-07-13,Onion,23,Pune,FAQ,Pune(Pimpri),1000,900,950,Maharashtra,Other
2007-07-14,Onion,23,Ahmednagar,FAQ,Kopargaon,1000,450,900,Maharashtra,Other
2007-07-14,Onion,23,Nashik,FAQ,Nasik,900,401,775,Maharashtra,Other
2007-07-14,Onion,23,Chandrapur,FAQ,Chandrapur,1400,700,1200,Maharashtra,Other
2007-07-14,Onion,23,Pune,FAQ,Pune(Khadiki),1100,1100,1100,Maharashtra,Other
2007-07-14,Onion,23,Pune,FAQ,Pune(Pimpri),1000,900,950,Maharashtra,Other
2007-07-14,Onion,23,Chattrapati Sambhajinagar,FAQ,Chattrapati Sambhajinagar,900,600,750,Maharashtra,Other
2007-07-15,Onion,23,Ahmednagar,FAQ,Newasa(Ghodegaon),1000,300,900,Maharashtra,Other
2007-07-15,Onion,23,Chattrapati Sambhajinagar,FAQ,Chattrapati Sambhajinagar,900,600,750,Maharashtra,Other
2007-07-15,Onion,23,Ahmednagar,FAQ,Rahata,1050,550,850,Maharashtra,Other
2007-07-16,Onion,23,Pune,FAQ,Pune(Khadiki),1050,1050,1050,Maharashtra,Other
2007-07-16,Onion,23,Chattrapati Sambhajinagar,FAQ,Chattrapati Sambhajinagar,900,600,750,Maharashtra,Other
2007-07-16,Onion,23,Nashik,FAQ,Satana,823,311,775,Maharashtra,Other
2007-07-16,Onion,23,Pune,FAQ,Pune(Pimpri),1000,950,980,Maharashtra,Other
2007-07-17,Onion,23,Sholapur,FAQ,Pandharpur,1150,500,1100,Maharashtra,Other
2007-07-17,Onion,23,Nashik,FAQ,Satana,833,301,790,Maharashtra,Other
2007-07-17,Onion,23,Parbhani,FAQ,Parbhani,1000,700,800,Maharashtra,Red
2007-07-17,Onion,23,Kolhapur,FAQ,Kolhapur,1050,600,800,Maharashtra,Other
2007-07-17,Onion,23,Satara,FAQ,Karad,1000,500,900,Maharashtra,Other
2007-07-17,Onion,23,Dhule,FAQ,Dhule,965,450,850,Maharashtra,Other
2007-07-17,Onion,23,Ahmednagar,FAQ,Rahuri(Vambori),650,531,590,Maharashtra,Other
2007-07-18,Onion,23,Thane,FAQ,Ulhasnagar,1350,1100,1200,Maharashtra,Other
2007-07-18,Onion,23,Nashik,FAQ,Devala,893,500,825,Maharashtra,Other
2007-07-18,Onion,23,Sangli,FAQ,"Sangli(Phale, Bhajipura Market)",1050,700,875,Maharashtra,Other
2007-07-18,Onion,23,Pune,FAQ,Pune,950,600,775,Maharashtra,Other
2007-07-18,Onion,23,Pune,FAQ,Indapur,1000,200,925,Maharashtra,Other
2007-07-18,Onion,23,Nashik,FAQ,Satana,834,301,775,Maharashtra,Other
2007-07-19,Onion,23,Sangli,FAQ,"Sangli(Phale, Bhajipura Market)",1050,750,900,Maharashtra,Other
2007-07-19,Onion,23,Chattrapati Sambhajinagar,FAQ,Chattrapati Sambhajinagar,700,600,650,Maharashtra,Other
2007-07-19,Onion,23,Nashik,FAQ,Dindori(Vani),890,500,871,Maharashtra,Other
2007-07-19,Onion,23,Nashik,FAQ,Yeola,830,400,810,Maharashtra,Other
2007-07-19,Onion,23,Ahmednagar,FAQ,Rahuri(Vambori),901,855,878,Maharashtra,Other
2007-07-19,Onion,23,Satara,FAQ,Satara,1100,900,1000,Maharashtra,Other
2007-07-20,Onion,23,Sangli,FAQ,"Sangli(Phale, Bhajipura Market)",1050,700,875,Maharashtra,Other
2007-07-20,Onion,23,Sholapur,FAQ,Pandharpur,1150,350,1100,Maharashtra,Other
2007-07-20,Onion,23,Satara,FAQ,Vai,1000,900,950,Maharashtra,Other
2007-07-21,Onion,23,Sholapur,FAQ,Pandharpur,1160,400,1080,Maharashtra,Other
2007-07-21,Onion,23,Parbhani,FAQ,Parbhani,800,700,750,Maharashtra,Red
2007-07-22,Onion,23,Nagpur,FAQ,Nagpur,1075,1000,1037,Maharashtra,Other
2007-07-23,Onion,23,Satara,FAQ,Jawali,1000,850,950,Maharashtra,Other
2007-07-23,Onion,23,Ahmednagar,FAQ,Shrirampur,930,600,765,Maharashtra,Other
2007-07-23,Onion,23,Satara,FAQ,Vai,1000,900,950,Maharashtra,Other
2007-07-23,Onion,23,Pune,FAQ,Pune(Khadiki),1000,1000,1000,Maharashtra,Other
2007-07-24,Onion,23,Pune,FAQ,Pune(Pimpri),1000,950,970,Maharashtra,Other
2007-07-24,Onion,23,Nagpur,FAQ,Nagpur,1050,1000,1025,Maharashtra,Other
2007-07-24,Onion,23,Jalgaon,FAQ,Jalgaon,925,600,750,Maharashtra,Red
2007-07-25,Onion,23,Nagpur,FAQ,Kalmeshwar,1100,900,1000,Maharashtra,Other
2007-07-25,Onion,23,Satara,FAQ,Satara,1050,900,1000,Maharashtra,Other
2007-07-25,Onion,23,Pune,FAQ,Pune(Khadiki),1000,1000,1000,Maharashtra,Other
2007-07-26,Onion,23,Nandurbar,FAQ,Navapur,700,700,700,Maharashtra,Other
2007-07-26,Onion,23,Satara,FAQ,Satara,1000,900,950,Maharashtra,Other
2007-07-26,Onion,23,Pune,FAQ,Pune(Pimpri),1000,900,950,Maharashtra,Other
2007-07-26,Onion,23,Kolhapur,FAQ,Kolhapur,1050,600,750,Maharashtra,Other
2007-07-26,Onion,23,Pune,FAQ,Pune,950,600,775,Maharashtra,Other
2007-07-27,Onion,23,Ahmednagar,FAQ,Akole,900,400,650,Maharashtra,Other
2007-07-27,Onion,23,Nashik,FAQ,Pimpalgaon,911,740,871,Maharashtra,Other
2007-07-28,Onion,23,Satara,FAQ,Vai,1000,800,900,Maharashtra,Other
2007-07-29,Onion,23,Beed,FAQ,Kada,1011,350,1000,Maharashtra,Other
2007-07-29,Onion,23,Ahmednagar,FAQ,Rahata,1000,500,825,Maharashtra,Other
2007-07-29,Onion,23,Pune,FAQ,Pune,1000,650,825,Maharashtra,Other
2007-07-29,Onion,23,Pune,FAQ,Indapur,975,300,851,Maharashtra,Other
2007-07-29,Onion,23,Satara,FAQ,Satara,1100,900,1000,Maharashtra,Other
2007-07-29,Onion,23,Ahmednagar,FAQ,Rahuri,965,201,501,Maharashtra,Other
2007-07-30,Onion,23,Nashik,FAQ,Lasalgaon(Niphad),1017,730,953,Maharashtra,Other
2007-07-30,Onion,23,Nashik,FAQ,Devala,1000,600,950,Maharashtra,Other
2007-07-30,Onion,23,Pune,FAQ,Pune(Khadiki),1000,800,900,Maharashtra,Other
2007-07-31,Onion,23,Jalgaon,FAQ,Jalgaon,1000,700,850,Maharashtra,Red
2007-07-31,Onion,23,Buldhana,FAQ,Nandura,945,256,775,Maharashtra,Other
2007-07-31,Onion,23,Nashik,FAQ,Nasik,951,401,850,Maharashtra,Other
2007-08-01,Onion,23,Dhule,FAQ,Dhule,850,850,850,Maharashtra,Other
2007-08-01,Onion,23,Mumbai,FAQ,Mumbai,1050,800,925,Maharashtra,Other
2007-08-01,Onion,23,Nashik,FAQ,Manmad,910,760,875,Maharashtra,Other
2007-08-01,Onion,23,Ahmednagar,FAQ,Kopargaon,1030,600,930,Maharashtra,Other
2007-08-01,Onion,23,Nashik,FAQ,Chandvad,908,200,851,Maharashtra,Other
2007-08-01,Onion,23,Thane,FAQ,Kalyan,1100,1000,1050,Maharashtra,Other
2007-08-01,Onion,23,Nashik,FAQ,Lasalgaon(Niphad),936,751,860,Maharashtra,Other
2007-08-02,Onion,23,Pune,FAQ,Junnar,1000,700,950,Maharashtra,Other
2007-08-02,Onion,23,Dhule,FAQ,Dhule,910,250,820,Maharashtra,Red
2007-08-02,Onion,23,Nashik,FAQ,Nasik,951,501,850,Maharashtra,Other
2007-08-02,Onion,23,Nashik,FAQ,Pimpalgaon,901,780,865,Maharashtra,Other
2007-08-02,Onion,23,Nashik,FAQ,Satana,899,301,821,Maharashtra,Other
2007-08-02,Onion,23,Nagpur,FAQ,Nagpur,1075,1000,1037,Maharashtra,Other
2007-08-02,Onion,23,Nagpur,FAQ,Nagpur,1025,950,987,Maharashtra,Red
2007-08-02,Onion,23,Sangli,FAQ,"Sangli(Phale, Bhajipura Market)",1050,750,900,Maharashtra,Other
2007-08-02,Onion,23,Jalana,FAQ,Jalana,1025,400,850,Maharashtra,Other
2007-08-03,Onion,23,Pune,FAQ,Indapur,1051,700,930,Maharashtra,Other
2007-08-03,Onion,23,Kolhapur,FAQ,Kolhapur,1030,500,775,Maharashtra,Other
2007-08-03,Onion,23,Nashik,FAQ,Devala,954,400,825,Maharashtra,Other
2007-08-04,Onion,23,Pune,FAQ,Pune(Pimpri),930,850,890,Maharashtra,Other
2007-08-04,Onion,23,Ahmednagar,FAQ,Shrirampur,900,300,600,Maharashtra,Other
2007-08-04,Onion,23,Pune,FAQ,Pune(Khadiki),1000,900,950,Maharashtra,Other
2007-08-04,Onion,23,Mumbai,FAQ,Mumbai,1000,800,900,Maharashtra,Other
2007-08-04,Onion,23,Jalgaon,FAQ,Jalgaon,1000,700,850,Maharashtra,Red
2007-08-04,Onion,23,Sangli,FAQ,"Sangli(Phale, Bhajipura Market)",1100,400,750,Maharashtra,Other
2007-08-05,Onion,23,Nashik,FAQ,Yeola,876,500,860,Maharashtra,Other
2007-08-05,Onion,23,Nagpur,FAQ,Nagpur,1050,1000,1025,Maharashtra,Other
2007-08-05,Onion,23,Ahmednagar,FAQ,Sangamner,1045,200,622,Maharashtra,Other
2007-08-05,Onion,23,Pune,FAQ,Junnar,1000,600,900,Maharashtra,Other
2007-08-05,Onion,23,Ahmednagar,FAQ,Newasa(Ghodegaon),1010,200,950,Maharashtra,Other
2007-08-06,Onion,23,Pune,FAQ,Pune,1050,700,875,Maharashtra,Other
2007-08-06,Onion,23,Mumbai,FAQ,Mumbai,1000,800,900,Maharashtra,Other
2007-08-06,Onion,23,Satara,FAQ,Karad,1000,700,950,Maharashtra,Other
2007-08-06,Onion,23,Nashik,FAQ,Pimpalgaon Baswant(Saykheda),892,700,850,Maharashtra,Other
2007-08-06,Onion,23,Pune,FAQ,Pune(Pimpri),1000,800,900,Maharashtra,Other
2007-08-06,Onion,23,Nagpur,FAQ,Nagpur,1050,1000,1025,Maharashtra,Other
2007-08-07,Onion,23,Nagpur,FAQ,Nagpur,1025,950,987,Maharashtra,Red
2007-08-07,Onion,23,Nashik,FAQ,Nasik,950,351,850,Maharashtra,Other
2007-08-07,Onion,23,Nashik,FAQ,Satana,999,351,890,Maharashtra,Other
2007-08-07,Onion,23,Dhule,FAQ,Dhule,800,800,800,Maharashtra,Other
2007-08-07,Onion,23,Nashik,FAQ,Pimpalgaon,935,845,911,Maharashtra,Other
2007-08-07,Onion,23,Ahmednagar,FAQ,Sangamner,1050,200,625,Maharashtra,Other
2007-08-07,Onion,23,Nashik,FAQ,Pimpalgaon Baswant(Saykheda),919,800,880,Maharashtra,Other
2007-08-07,Onion,23,Satara,FAQ,Satara,1100,900,1000,Maharashtra,Other
2007-08-08,Onion,23,Dhule,FAQ,Shirpur,1005,780,1000,Maharashtra,Red
2007-08-08,Onion,23,Ahmednagar,FAQ,Newasa(Ghodegaon),1010,200,950,Maharashtra,Other
2007-08-08,Onion,23,Nagpur,FAQ,Nagpur,1075,1000,1037,Maharashtra,Other
2007-08-09,Onion,23,Chandrapur,FAQ,Chandrapur(Ganjwad),1300,900,1050,Maharashtra,Other
2007-08-09,Onion,23,Satara,FAQ,Karad,1000,500,700,Maharashtra,Other
2007-08-09,Onion,23,Jalgaon,FAQ,Jalgaon,1050,700,875,Maharashtra,Red
2007-08-09,Onion,23,Nashik,FAQ,Sinner,1010,200,975,Maharashtra,Other
2007-08-09,Onion,23,Pune,FAQ,Pune(Pimpri),1000,500,750,Maharashtra,Other
2007-08-09,Onion,23,Pune,FAQ,Pune(Khadiki),1000,800,900,Maharashtra,Other
2007-08-09,Onion,23,Nashik,FAQ,Chandvad,987,303,905,Maharashtra,Other
2007-08-10,Onion,23,Nagpur,FAQ,Nagpur,1075,1000,1037,Maharashtra,Red
2007-08-10,Onion,23,Sholapur,FAQ,Pandharpur,1125,600,1070,Maharashtra,Other
2007-08-10,Onion,23,Nashik,FAQ,Chandvad,994,500,911,Maharashtra,Other
2007-08-11,Onion,23,Parbhani,FAQ,Parbhani,1000,700,800,Maharashtra,Red
2007-08-11,Onion,23,Dhule,FAQ,Shirpur,1051,710,890,Maharashtra,Red
2007-08-12,Onion,23,Pune,FAQ,Indapur,1051,700,850,Maharashtra,Other
2007-08-12,Onion,23,Satara,FAQ,Satara,1100,1000,1050,Maharashtra,Other
2007-08-13,Onion,23,Dhule,FAQ,Dhule,1100,400,1010,Maharashtra,Red
2007-08-13,Onion,23,Sholapur,FAQ,Pandharpur,1160,1010,1071,Maharashtra,Other
2007-08-13,Onion,23,Nashik,FAQ,Dindori(Vani),1122,1050,1082,Maharashtra,Other
2007-08-13,Onion,23,Nashik,FAQ,Pimpalgaon Baswant(Saykheda),1113,900,1040,Maharashtra,Other
2007-08-14,Onion,23,Kolhapur,FAQ,Kolhapur,1300,600,750,Maharashtra,Other
2007-08-14,Onion,23,Pune,FAQ,Pune,1200,800,1000,Maharashtra,Other
2007-08-14,Onion,23,Nashik,FAQ,Devala,1198,600,1125,Maharashtra,Other
2007-08-14,Onion,23,Nashik,FAQ,Pimpalgaon,1151,900,1075,Maharashtra,Other
2007-08-14,Onion,23,Nashik,FAQ,Lasalgaon(Niphad),1154,800,1095,Maharashtra,Other
2007-08-14,Onion,23,Chattrapati Sambhajinagar,FAQ,Chattrapati Sambhajinagar,1300,700,1000,Maharashtra,Other
2007-08-14,Onion,23,Satara,FAQ,Satara,1100,900,1000,Maharashtra,Other
2007-08-16,Onion,23,Nashik,FAQ,Pimpalgaon,1216,1025,1111,Maharashtra,Other
2007-08-16,Onion,23,Pune,FAQ,Pune(Pimpri),900,900,900,Maharashtra,Other
2007-08-16,Onion,23,Sangli,FAQ,"Sangli(Phale, Bhajipura Market)",1300,750,1025,Maharashtra,Other
2007-08-16,Onion,23,Pune,FAQ,Pune(Khadiki),1100,1100,1100,Maharashtra,Other
2007-08-16,Onion,23,Dhule,FAQ,Dhule,820,820,820,Maharashtra,Other
2007-08-17,Onion,23,Nashik,FAQ,Devala,1389,700,1250,Maharashtra,Other
2007-08-17,Onion,23,Pune,FAQ,Pune(Khadiki),1000,400,700,Maharashtra,Other
2007-08-17,Onion,23,Sholapur,FAQ,Pandharpur,1275,700,1150,Maharashtra,Other
2007-08-17,Onion,23,Chandrapur,FAQ,Chandrapur(Ganjwad),1300,700,1150,Maharashtra,Other
2007-08-17,Onion,23,Nashik,FAQ,Pimpalgaon,1311,1051,1225,Maharashtra,Other
2007-08-17,Onion,23,Thane,FAQ,Ulhasnagar,1100,1000,1050,Maharashtra,Other
2007-08-17,Onion,23,Satara,FAQ,Vai,1100,1000,1050,Maharashtra,Other
2007-08-18,Onion,23,Nagpur,FAQ,Nagpur,1625,1500,1562,Maharashtra,Other
2007-08-18,Onion,23,Nandurbar,FAQ,Navapur,1000,1000,1000,Maharashtra,Other
2007-08-19,Onion,23,Pune,FAQ,Pune(Khadiki),1200,700,950,Maharashtra,Other
2007-08-19,Onion,23,Satara,FAQ,Satara,1300,1000,1150,Maharashtra,Other
2007-08-19,Onion,23,Nagpur,FAQ,Nagpur,1625,1500,1562,Maharashtra,Other
2007-08-20,Onion,23,Nashik,FAQ,Lasalgaon(Niphad),1900,1235,1810,Maharashtra,Other
2007-08-20,Onion,23,Satara,FAQ,Vai,1200,1000,1100,Maharashtra,Other
2007-08-20,Onion,23,Pune,FAQ,Pune,1700,1000,1350,Maharashtra,Other
2007-08-20,Onion,23,Chandrapur,FAQ,Chandrapur(Ganjwad),1600,800,1450,Maharashtra,Other
2007-08-21,Onion,23,Nashik,FAQ,Chandvad,1636,801,1350,Maharashtra,Other
2007-08-21,Onion,23,Pune,FAQ,Pune(Khadiki),1400,1400,1400,Maharashtra,Other
2007-08-21,Onion,23,Pune,FAQ,Junnar(Otur),1850,700,1700,Maharashtra,Other
2007-08-21,Onion,23,Chandrapur,FAQ,Chandrapur(Ganjwad),1600,800,1400,Maharashtra,Other
2007-08-21,Onion,23,Pune,FAQ,Pune,1800,1500,1650,Maharashtra,Other
2007-08-21,Onion,23,Beed,FAQ,Kada,1725,500,1625,Maharashtra,Other
2007-08-21,Onion,23,Satara,FAQ,Phaltan,2000,1000,1400,Maharashtra,Other
2007-08-21,Onion,23,Nashik,FAQ,Devala,1590,700,1350,Maharashtra,Other
2007-08-22,Onion,23,Thane,FAQ,Bhivandi,900,700,800,Maharashtra,Other
2007-08-22,Onion,23,Satara,FAQ,Vai,1000,800,900,Maharashtra,Other
2007-08-22,Onion,23,Mumbai,FAQ,Mumbai,1650,1400,1525,Maharashtra,Other
2007-08-22,Onion,23,Nashik,FAQ,Yeola,1361,900,1300,Maharashtra,Other
2007-08-23,Onion,23,Pune,FAQ,Pune,1600,1000,1300,Maharashtra,Other
2007-08-24,Onion,23,Chandrapur,FAQ,Chandrapur(Ganjwad),1600,800,1450,Maharashtra,Other
2007-08-24,Onion,23,Pune,FAQ,Pune(Khadiki),1300,500,900,Maharashtra,Other
2007-08-24,Onion,23,Nashik,FAQ,Kalvan,1594,300,1551,Maharashtra,Other
2007-08-24,Onion,23,Mumbai,FAQ,Mumbai,1550,1350,1450,Maharashtra,Other
2007-08-25,Onion,23,Satara,FAQ,Vai,1600,1500,1550,Maharashtra,Other
2007-08-25,Onion,23,Nagpur,FAQ,Nagpur,1625,1500,1562,Maharashtra,Other
2007-08-26,Onion,23,Pune,FAQ,Junnar(Otur),1600,500,1500,Maharashtra,Other
2007-08-26,Onion,23,Nagpur,FAQ,Nagpur,1625,1500,1562,Maharashtra,Other
2007-08-26,Onion,23,Pune,FAQ,Pune,1600,800,1200,Maharashtra,Other
2007-08-27,Onion,23,Sangli,FAQ,"Sangli(Phale, Bhajipura Market)",1350,300,825,Maharashtra,Other
2007-08-27,Onion,23,Nashik,FAQ,Nasik,1452,465,1225,Maharashtra,Other
2007-08-27,Onion,23,Nashik,FAQ,Kalvan,1400,251,1250,Maharashtra,Other
2007-08-29,Onion,23,Nashik,FAQ,Lasalgaon(Niphad),1476,990,1301,Maharashtra,Other
2007-08-29,Onion,23,Mumbai,FAQ,Mumbai,1500,1300,1400,Maharashtra,Other
2007-08-29,Onion,23,Nagpur,FAQ,Nagpur,1375,1250,1312,Maharashtra,Red
2007-08-29,Onion,23,Nashik,FAQ,Nasik,1301,551,1175,Maharashtra,Other
2007-08-30,Onion,23,Nashik,FAQ,Sinner,1466,500,1400,Maharashtra,Other
2007-08-30,Onion,23,Nashik,FAQ,Yeola,1360,900,1315,Maharashtra,Other
2007-08-30,Onion,23,Satara,FAQ,Vai,1500,1200,1350,Maharashtra,Other
2007-08-30,Onion,23,Beed,FAQ,Kada,1000,300,650,Maharashtra,Other
2007-08-30,Onion,23,Nagpur,FAQ,Nagpur,1375,1250,1312,Maharashtra,Red
2007-08-30,Onion,23,Nashik,FAQ,Satana,1525,601,1400,Maharashtra,Other
2007-08-30,Onion,23,Dhule,FAQ,Dhule,1450,421,1225,Maharashtra,Red
2007-08-30,Onion,23,Nashik,FAQ,Lasalgaon(Niphad),1581,951,1410,Maharashtra,Other
2007-08-30,Onion,23,Sangli,FAQ,"Sangli(Phale, Bhajipura Market)",1500,350,925,Maharashtra,Other
2007-08-31,Onion,23,Satara,FAQ,Phaltan,1100,400,825,Maharashtra,Other
2007-08-31,Onion,23,Kolhapur,FAQ,Kolhapur,1500,600,1050,Maharashtra,Other
2007-08-31,Onion,23,Dhule,FAQ,Dhule,1405,1405,1405,Maharashtra,Other
2007-08-31,Onion,23,Nashik,FAQ,Devala,1575,700,1451,Maharashtra,Other
2007-08-31,Onion,23,Nashik,FAQ,Sinner,1551,400,1450,Maharashtra,Other
2007-09-01,Onion,23,Mumbai,FAQ,Mumbai,1600,1300,1450,Maharashtra,Other
2007-09-01,Onion,23,Pune,FAQ,Baramati,1501,500,1050,Maharashtra,Red
2007-09-01,Onion,23,Dhule,FAQ,Shirpur,1425,1425,1425,Maharashtra,Red
2007-09-01,Onion,23,Chattrapati Sambhajinagar,FAQ,Chattrapati Sambhajinagar,1300,700,1000,Maharashtra,Other
2007-09-02,Onion,23,Chattrapati Sambhajinagar,FAQ,Chattrapati Sambhajinagar,1400,700,1050,Maharashtra,Other
2007-09-03,Onion,23,Pune,FAQ,Pune,1650,700,1175,Maharashtra,Other
2007-09-04,Onion,23,Satara,FAQ,Phaltan,1520,900,1150,Maharashtra,Other
2007-09-04,Onion,23,Nashik,FAQ,Nasik,1500,575,1300,Maharashtra,Other
2007-09-05,Onion,23,Nashik,FAQ,Devala,1450,400,1325,Maharashtra,Other
2007-09-05,Onion,23,Beed,FAQ,Kada,1300,350,800,Maharashtra,Red
2007-09-05,Onion,23,Dhule,FAQ,Dhule,1470,450,1240,Maharashtra,Red
2007-09-05,Onion,23,Pune,FAQ,Pune(Khadiki),1400,1000,1200,Maharashtra,Other
2007-09-05,Onion,23,Ahmednagar,FAQ,Kopargaon,1625,700,1400,Maharashtra,Other
2007-09-06,Onion,23,Nashik,FAQ,Devala,1470,600,1300,Maharashtra,Other
2007-09-06,Onion,23,Thane,FAQ,Ulhasnagar,1200,1100,1150,Maharashtra,Other
2007-09-07,Onion,23,Dhule,FAQ,Dhule,1475,1475,1475,Maharashtra,Other
2007-09-08,Onion,23,Nashik,FAQ,Yeola,1311,900,1275,Maharashtra,Other
2007-09-09,Onion,23,Pune,FAQ,Junnar(Otur),1500,500,1200,Maharashtra,Other
2007-09-09,Onion,23,Pune,FAQ,Pune,1500,600,1050,Maharashtra,Other
2007-09-10,Onion,23,Nashik,FAQ,Nasik,1401,600,1200,Maharashtra,Other
2007-09-10,Onion,23,Pune,FAQ,Pune(Pimpri),1500,1500,1500,Maharashtra,Other
2007-09-11,Onion,23,Pune,FAQ,Junnar(Otur),1850,855,1410,Maharashtra,Other
2007-09-11,Onion,23,Nashik,FAQ,Nasik,1351,575,1150,Maharashtra,Other
2007-09-12,Onion,23,Nashik,FAQ,Dindori(Vani),1462,1016,1372,Maharashtra,Other
2007-09-12,Onion,23,Nashik,FAQ,Lasalgaon(Niphad),1394,840,1250,Maharashtra,Other
2007-09-12,Onion,23,Pune,FAQ,Indapur,1460,400,725,Maharashtra,Other
2007-09-12,Onion,23,Nashik,FAQ,Sinner,1394,300,1325,Maharashtra,Other
2007-09-12,Onion,23,Nashik,FAQ,Devala,1413,500,1325,Maharashtra,Other
2007-09-13,Onion,23,Thane,FAQ,Kalyan,1900,1800,1850,Maharashtra,Other
2007-09-13,Onion,23,Ahmednagar,FAQ,Shrirampur,1525,500,1050,Maharashtra,Other
2007-09-13,Onion,23,Nashik,FAQ,Chandvad,1392,551,1340,Maharashtra,Other
2007-09-13,Onion,23,Thane,FAQ,Ulhasnagar,1500,1250,1300,Maharashtra,Other
2007-09-13,Onion,23,Satara,FAQ,Vai,1500,1000,1250,Maharashtra,Other
2007-09-13,Onion,23,Nagpur,FAQ,Nagpur,1250,1125,1187,Maharashtra,Red
2007-09-13,Onion,23,Pune,FAQ,Pune(Khadiki),1600,1100,1350,Maharashtra,Other
2007-09-13,Onion,23,Nashik,FAQ,Devala,1388,500,1325,Maharashtra,Other
2007-09-13,Onion,23,Kolhapur,FAQ,Kolhapur,1500,500,1000,Maharashtra,Other
2007-09-13,Onion,23,Satara,FAQ,Lonand,1311,700,950,Maharashtra,Red
2007-09-13,Onion,23,Pune,FAQ,Junnar,1500,1000,1250,Maharashtra,Other
2007-09-14,Onion,23,Nashik,FAQ,Sinner,1447,400,1375,Maharashtra,Other
2007-09-14,Onion,23,Satara,FAQ,Vai,1300,1000,1150,Maharashtra,Other
2007-09-14,Onion,23,Pune,FAQ,Pune(Pimpri),1500,1400,1450,Maharashtra,Other
2007-09-14,Onion,23,Nashik,FAQ,Dindori(Vani),1467,1200,1408,Maharashtra,Other
2007-09-14,Onion,23,Satara,FAQ,Phaltan,1000,500,700,Maharashtra,Other
2007-09-14,Onion,23,Kolhapur,FAQ,Kolhapur,1500,500,700,Maharashtra,Other
2007-09-14,Onion,23,Nashik,FAQ,Lasalgaon,1391,701,1251,Maharashtra,Other
2007-09-15,Onion,23,Thane,FAQ,Kalyan,1800,1700,1750,Maharashtra,Other
2007-09-15,Onion,23,Kolhapur,FAQ,Kolhapur,1500,600,800,Maharashtra,Other
2007-09-16,Onion,23,Nagpur,FAQ,Nagpur,1450,1250,1350,Maharashtra,Red
2007-09-17,Onion,23,Pune,FAQ,Pune(Khadiki),900,500,700,Maharashtra,Other
2007-09-17,Onion,23,Nashik,FAQ,Nasik,1450,660,1250,Maharashtra,Other
2007-09-17,Onion,23,Nashik,FAQ,Yeola,1501,1000,1450,Maharashtra,Other
2007-09-17,Onion,23,Ahmednagar,FAQ,Shrirampur,1600,400,1000,Maharashtra,Other
2007-09-17,Onion,23,Mumbai,FAQ,Mumbai,1650,1450,1550,Maharashtra,Other
2007-09-17,Onion,23,Sholapur,FAQ,Pandharpur,1350,1000,1200,Maharashtra,Other
2007-09-17,Onion,23,Satara,FAQ,Karad,1200,900,1000,Maharashtra,Other
2007-09-18,Onion,23,Chandrapur,FAQ,Chandrapur(Ganjwad),1600,700,1200,Maharashtra,Other
2007-09-18,Onion,23,Satara,FAQ,Vai,1400,1000,1200,Maharashtra,Other
2007-09-18,Onion,23,Pune,FAQ,Pune(Khadiki),1700,1500,1600,Maharashtra,Other
2007-09-19,Onion,23,Nagpur,FAQ,Nagpur,1560,1375,1437,Maharashtra,Red
2007-09-19,Onion,23,Nashik,FAQ,Dindori(Vani),1784,1650,1721,Maharashtra,Other
2007-09-20,Onion,23,Pune,FAQ,Junnar,1750,1250,1500,Maharashtra,Other
2007-09-20,Onion,23,Parbhani,FAQ,Parbhani,490,350,430,Maharashtra,Other
2007-09-21,Onion,23,Thane,FAQ,Kalyan,1800,1700,1750,Maharashtra,Other
2007-09-21,Onion,23,Nashik,FAQ,Satana,1660,655,1500,Maharashtra,Other
2007-09-21,Onion,23,Nashik,FAQ,Devala,1681,500,1600,Maharashtra,Other
2007-09-21,Onion,23,Ahmednagar,FAQ,Rahata,1850,800,1550,Maharashtra,Other
2007-09-22,Onion,23,Pune,FAQ,Khed(Chakan),1900,1000,1600,Maharashtra,Other
2007-09-22,Onion,23,Satara,FAQ,Karad,1500,1300,1400,Maharashtra,Other
2007-09-22,Onion,23,Jalana,FAQ,Jalana,1800,700,1100,Maharashtra,Other
2007-09-22,Onion,23,Ahmednagar,FAQ,Kopargaon,1715,650,1550,Maharashtra,Other
2007-09-22,Onion,23,Mumbai,FAQ,Mumbai,1850,1600,1725,Maharashtra,Other
2007-09-23,Onion,23,Pune,FAQ,Junnar(Otur),1800,550,1200,Maharashtra,Other
2007-09-24,Onion,23,Ahmednagar,FAQ,Ahmednagar,1700,400,1050,Maharashtra,Other
2007-09-24,Onion,23,Nashik,FAQ,Pimpalgaon,1575,1170,1501,Maharashtra,Other
2007-09-24,Onion,23,Mumbai,FAQ,Mumbai,1750,1600,1675,Maharashtra,Other
2007-09-24,Onion,23,Chattrapati Sambhajinagar,FAQ,Chattrapati Sambhajinagar,1400,700,1050,Maharashtra,Other
2007-09-25,Onion,23,Nagpur,FAQ,Nagpur,1250,1000,1125,Maharashtra,Red
2007-09-25,Onion,23,Pune,FAQ,Pune(Khadiki),2000,1400,1700,Maharashtra,Other
2007-09-26,Onion,23,Mumbai,FAQ,Mumbai,1800,1600,1700,Maharashtra,Other
2007-09-26,Onion,23,Sholapur,FAQ,Pandharpur,1500,700,1200,Maharashtra,Other
2007-09-26,Onion,23,Nagpur,FAQ,Nagpur,1375,1125,1250,Maharashtra,Other
2007-09-27,Onion,23,Nashik,FAQ,Yeola,1671,1101,1575,Maharashtra,Other
2007-09-27,Onion,23,Pune,FAQ,Pune(Khadiki),1200,1200,1200,Maharashtra,Other
2007-09-28,Onion,23,Nashik,FAQ,Lasalgaon,1901,860,1771,Maharashtra,Other
2007-09-28,Onion,23,Nashik,FAQ,Pimpalgaon Baswant(Saykheda),1794,1550,1750,Maharashtra,Other
2007-09-28,Onion,23,Pune,FAQ,Pune(Khadiki),2000,1400,1700,Maharashtra,Other
2007-09-28,Onion,23,Nashik,FAQ,Yeola,1721,1051,1641,Maharashtra,Other
2007-09-29,Onion,23,Ahmednagar,FAQ,Kopargaon,2000,750,1750,Maharashtra,Other
2007-09-29,Onion,23,Nashik,FAQ,Yeola,1801,1200,1725,Maharashtra,Other
2007-09-30,Onion,23,Nagpur,FAQ,Nagpur,1625,1375,1500,Maharashtra,Other
2007-09-30,Onion,23,Thane,FAQ,Kalyan,2000,1900,1950,Maharashtra,Other
2007-10-01,Onion,23,Nashik,FAQ,Nasik,1900,665,1500,Maharashtra,Other
2007-10-01,Onion,23,Thane,FAQ,Kalyan,2100,2000,2050,Maharashtra,Other
2007-10-01,Onion,23,Pune,FAQ,Pune,2000,800,1400,Maharashtra,Other
2007-10-01,Onion,23,Nashik,FAQ,Satana,2000,851,1811,Maharashtra,Other
2007-10-01,Onion,23,Chandrapur,FAQ,Chandrapur(Ganjwad),1500,700,1200,Maharashtra,Other
2007-10-01,Onion,23,Nashik,FAQ,Pimpalgaon,1951,1111,1851,Maharashtra,Other
2007-10-02,Onion,23,Nashik,FAQ,Sinner,2001,500,1900,Maharashtra,Other
2007-10-02,Onion,23,Satara,FAQ,Phaltan,2000,1000,1300,Maharashtra,Other
2007-10-02,Onion,23,Chattrapati Sambhajinagar,FAQ,Chattrapati Sambhajinagar,1400,300,850,Maharashtra,Other
2007-10-02,Onion,23,Pune,FAQ,Junnar(Otur),1900,600,1200,Maharashtra,Other
2007-10-02,Onion,23,Thane,FAQ,Kalyan,2000,1900,1950,Maharashtra,Other
2007-10-03,Onion,23,Thane,FAQ,Kalyan,1800,1500,1650,Maharashtra,Other
2007-10-03,Onion,23,Nashik,FAQ,Devala,1041,400,800,Maharashtra,Red
2007-10-03,Onion,23,Nashik,FAQ,Nasik,1800,550,1450,Maharashtra,Other
2007-10-03,Onion,23,Satara,FAQ,Karad,1750,1600,1650,Maharashtra,Other
2007-10-03,Onion,23,Nashik,FAQ,Pimpalgaon,1735,1111,1651,Maharashtra,Other
2007-10-03,Onion,23,Nashik,FAQ,Sinner,1800,300,1725,Maharashtra,Other
2007-10-03,Onion,23,Ahmednagar,FAQ,Kopargaon,1950,650,1700,Maharashtra,Other
2007-10-03,Onion,23,Nashik,FAQ,Yeola,1701,1100,1575,Maharashtra,Other
2007-10-04,Onion,23,Nashik,FAQ,Yeola,1575,500,1500,Maharashtra,Other
2007-10-04,Onion,23,Satara,FAQ,Lonand,1400,600,1000,Maharashtra,Red
2007-10-04,Onion,23,Pune,FAQ,Junnar,2000,1500,1700,Maharashtra,Other
2007-10-04,Onion,23,Nashik,FAQ,Pimpalgaon,1676,1600,1651,Maharashtra,Other
2007-10-05,Onion,23,Pune,FAQ,Pune(Khadiki),1600,1600,1600,Maharashtra,Other
2007-10-06,Onion,23,Ahmednagar,FAQ,Kopargaon,1775,840,1580,Maharashtra,Other
2007-10-06,Onion,23,Parbhani,FAQ,Parbhani,800,450,750,Maharashtra,Red
2007-10-06,Onion,23,Jalana,FAQ,Jalana,2210,500,950,Maharashtra,Other
2007-10-06,Onion,23,Nashik,FAQ,Ghoti,900,900,900,Maharashtra,Other
2007-10-07,Onion,23,Nagpur,FAQ,Nagpur,1500,1125,1312,Maharashtra,Red
2007-10-07,Onion,23,Pune,FAQ,Pune(Pimpri),1600,1200,1400,Maharashtra,Other
2007-10-08,Onion,23,Nashik,FAQ,Lasalgaon,1489,602,1351,Maharashtra,Other
2007-10-08,Onion,23,Mumbai,FAQ,Mumbai,1750,1500,1675,Maharashtra,Other
2007-10-08,Onion,23,Sholapur,FAQ,Pandharpur,1200,200,780,Maharashtra,Other
2007-10-08,Onion,23,Kolhapur,FAQ,Kolhapur,1500,500,1000,Maharashtra,Other
2007-10-08,Onion,23,Nashik,FAQ,Dindori(Vani),1500,1325,1415,Maharashtra,Other
2007-10-09,Onion,23,Nashik,FAQ,Nasik,1500,400,950,Maharashtra,Other
2007-10-09,Onion,23,Nashik,FAQ,Chandvad,1551,371,1250,Maharashtra,Other
2007-10-09,Onion,23,Thane,FAQ,Kalyan,1900,1800,1850,Maharashtra,Other
2007-10-09,Onion,23,Pune,FAQ,Junnar(Otur),1800,550,1200,Maharashtra,Other
2007-10-09,Onion,23,Chattrapati Sambhajinagar,FAQ,Chattrapati Sambhajinagar,1400,500,950,Maharashtra,Other
2007-10-09,Onion,23,Mumbai,FAQ,Mumbai,1600,1100,1350,Maharashtra,Other
2007-10-10,Onion,23,Nashik,FAQ,Chandvad,1575,400,1450,Maharashtra,Other
2007-10-11,Onion,23,Satara,FAQ,Satara,1800,500,1200,Maharashtra,Other
2007-10-11,Onion,23,Chattrapati Sambhajinagar,FAQ,Chattrapati Sambhajinagar,1400,300,850,Maharashtra,Other
2007-10-11,Onion,23,Nashik,FAQ,Lasalgaon,1581,861,1451,Maharashtra,Other
2007-10-11,Onion,23,Thane,FAQ,Kalyan,1700,1600,1650,Maharashtra,Other
2007-10-12,Onion,23,Nashik,FAQ,Nasik,1500,675,1300,Maharashtra,Other
2007-10-12,Onion,23,Thane,FAQ,Vasai,1400,1100,1250,Maharashtra,Other
2007-10-12,Onion,23,Nashik,FAQ,Chandvad,1565,390,1451,Maharashtra,Other
2007-10-13,Onion,23,Nashik,FAQ,Nasik,1500,600,1350,Maharashtra,Other
2007-10-15,Onion,23,Nashik,FAQ,Lasalgaon,1427,800,1351,Maharashtra,Other
2007-10-15,Onion,23,Satara,FAQ,Karad,1600,800,1500,Maharashtra,Other
2007-10-15,Onion,23,Nashik,FAQ,Yeola,1467,900,1375,Maharashtra,Other
2007-10-15,Onion,23,Satara,FAQ,Vai,1500,1000,1250,Maharashtra,Other
2007-10-15,Onion,23,Nashik,FAQ,Devala,1495,500,1325,Maharashtra,Other
2007-10-15,Onion,23,Nashik,FAQ,Dindori(Vani),1523,1148,1461,Maharashtra,Other
2007-10-15,Onion,23,Beed,FAQ,Kada,1000,300,650,Maharashtra,Red
2007-10-16,Onion,23,Satara,FAQ,Phaltan,1800,800,1150,Maharashtra,Other
2007-10-16,Onion,23,Satara,FAQ,Vai,1500,1200,1250,Maharashtra,Other
2007-10-16,Onion,23,Satara,FAQ,Karad,1800,1300,1550,Maharashtra,Other
2007-10-18,Onion,23,Mumbai,FAQ,Mumbai,1650,1100,1375,Maharashtra,Other
2007-10-18,Onion,23,Chattrapati Sambhajinagar,FAQ,Chattrapati Sambhajinagar,1500,600,850,Maharashtra,Other
2007-10-18,Onion,23,Nashik,FAQ,Yeola,1417,900,1360,Maharashtra,Other
2007-10-18,Onion,23,Nagpur,FAQ,Nagpur,1500,1375,1437,Maharashtra,Red
2007-10-19,Onion,23,Jalgaon,FAQ,Jalgaon,1410,350,900,Maharashtra,Red
2007-10-19,Onion,23,Ahmednagar,FAQ,Rahata,1560,400,1350,Maharashtra,Other
2007-10-19,Onion,23,Nashik,FAQ,Satana,1425,500,1315,Maharashtra,Other
2007-10-19,Onion,23,Nashik,FAQ,Chandvad,1468,401,1100,Maharashtra,Other
2007-10-20,Onion,23,Nagpur,FAQ,Nagpur,1625,1500,1562,Maharashtra,Other
2007-10-20,Onion,23,Satara,FAQ,Vai,1500,1200,1350,Maharashtra,Other
2007-10-20,Onion,23,Parbhani,FAQ,Parbhani,900,700,800,Maharashtra,Red
2007-10-21,Onion,23,Nagpur,FAQ,Nagpur,1250,875,1062,Maharashtra,Red
2007-10-21,Onion,23,Pune,FAQ,Pune(Khadiki),500,500,500,Maharashtra,Other
2007-10-21,Onion,23,Satara,FAQ,Satara,1600,400,1000,Maharashtra,Other
2007-10-21,Onion,23,Pune,FAQ,Junnar,1500,1200,1290,Maharashtra,Other
2007-10-22,Onion,23,Kolhapur,FAQ,Kolhapur,1500,600,900,Maharashtra,Other
2007-10-22,Onion,23,Nagpur,FAQ,Nagpur,1500,1375,1437,Maharashtra,Other
2007-10-22,Onion,23,Satara,FAQ,Lonand,1501,700,1050,Maharashtra,Red
2007-10-22,Onion,23,Chandrapur,FAQ,Chandrapur(Ganjwad),1300,300,1050,Maharashtra,Other
2007-10-22,Onion,23,Pune,FAQ,Manchar,850,600,730,Maharashtra,Other
2007-10-23,Onion,23,Jalgaon,FAQ,Jalgaon,1325,375,850,Maharashtra,Red
2007-10-23,Onion,23,Satara,FAQ,Vai,1500,1000,1250,Maharashtra,Other
2007-10-23,Onion,23,Nashik,FAQ,Lasalgaon,1182,666,1182,Maharashtra,Red
2007-10-23,Onion,23,Pune,FAQ,Pune(Pimpri),1650,1650,1650,Maharashtra,Other
2007-10-24,Onion,23,Pune,FAQ,Pune(Pimpri),1500,1500,1500,Maharashtra,Other
2007-10-24,Onion,23,Satara,FAQ,Karad,1200,500,1000,Maharashtra,Other
2007-10-24,Onion,23,Nashik,FAQ,Dindori(Vani),1483,1200,1385,Maharashtra,Other
2007-10-24,Onion,23,Nagpur,FAQ,Nagpur,1500,1250,1375,Maharashtra,Other
2007-10-25,Onion,23,Jalana,FAQ,Jalana,600,200,400,Maharashtra,Other
2007-10-25,Onion,23,Nashik,FAQ,Yeola,1401,900,1300,Maharashtra,Other
2007-10-25,Onion,23,Pune,FAQ,Pune,1600,750,1175,Maharashtra,Other
2007-10-26,Onion,23,Nashik,FAQ,Pimpalgaon,1462,841,1251,Maharashtra,Other
2007-10-26,Onion,23,Satara,FAQ,Vai,1500,1200,1350,Maharashtra,Other
2007-10-26,Onion,23,Nashik,FAQ,Nasik,1525,980,1250,Maharashtra,Other
2007-10-27,Onion,23,Mumbai,FAQ,Mumbai,1600,1100,1350,Maharashtra,Other
2007-10-27,Onion,23,Satara,FAQ,Vai,1500,1000,1250,Maharashtra,Other
2007-10-28,Onion,23,Nagpur,FAQ,Nagpur,1250,1000,1125,Maharashtra,Red
2007-10-28,Onion,23,Pune,FAQ,Pune,1800,600,1200,Maharashtra,Other
2007-10-28,Onion,23,Chattrapati Sambhajinagar,FAQ,Chattrapati Sambhajinagar,1000,300,650,Maharashtra,Other
2007-10-28,Onion,23,Nagpur,FAQ,Nagpur,1500,1250,1375,Maharashtra,Other
2007-10-29,Onion,23,Nashik,FAQ,Satana,1461,750,1351,Maharashtra,Other
2007-10-29,Onion,23,Nagpur,FAQ,Nagpur,1250,1000,1125,Maharashtra,Red
2007-10-29,Onion,23,Nashik,FAQ,Lasalgaon,1411,571,1021,Maharashtra,Red
2007-10-29,Onion,23,Nashik,FAQ,Devala,1364,500,1250,Maharashtra,Other
2007-10-30,Onion,23,Ahmednagar,FAQ,Rahuri(Vambori),1100,300,700,Maharashtra,Other
2007-10-30,Onion,23,Pune,FAQ,Pune,1600,700,1150,Maharashtra,Other
2007-10-30,Onion,23,Nashik,FAQ,Lasalgaon,1301,930,1151,Maharashtra,Other
2007-10-30,Onion,23,Nashik,FAQ,Satana,1461,750,1351,Maharashtra,Other
2007-10-31,Onion,23,Nagpur,FAQ,Nagpur,1250,1000,1150,Maharashtra,Other
2007-10-31,Onion,23,Nashik,FAQ,Nasik,1400,660,1200,Maharashtra,Other
2007-10-31,Onion,23,Nashik,FAQ,Lasalgaon,1201,571,1125,Maharashtra,Red
2007-10-31,Onion,23,Satara,FAQ,Karad,1250,800,1000,Maharashtra,Other
2007-11-01,Onion,23,Jalgaon,FAQ,Jalgaon,900,700,800,Maharashtra,Other
2007-11-01,Onion,23,Nashik,FAQ,Satana,1451,801,1351,Maharashtra,Other
2007-11-01,Onion,23,Mumbai,FAQ,Mumbai,1400,900,1150,Maharashtra,Other
2007-11-01,Onion,23,Nashik,FAQ,Yeola,1250,800,1160,Maharashtra,Other
2007-11-01,Onion,23,Pune,FAQ,Junnar(Otur),1610,300,1500,Maharashtra,Other
2007-11-01,Onion,23,Nashik,FAQ,Satana,1136,501,1025,Maharashtra,Red
2007-11-02,Onion,23,Nashik,FAQ,Dindori(Vani),1302,1200,1200,Maharashtra,Other
2007-11-02,Onion,23,Mumbai,FAQ,Mumbai,1400,1000,1200,Maharashtra,Other
2007-11-02,Onion,23,Nashik,FAQ,Lasalgaon,1056,612,901,Maharashtra,Red
2007-11-03,Onion,23,Jalgaon,FAQ,Jalgaon,700,600,650,Maharashtra,Other
2007-11-03,Onion,23,Chattrapati Sambhajinagar,FAQ,Chattrapati Sambhajinagar,1200,400,800,Maharashtra,Other
2007-11-03,Onion,23,Ahmednagar,FAQ,Kopargaon,1250,500,850,Maharashtra,Other
2007-11-03,Onion,23,Jalgaon,FAQ,Jalgaon,850,400,625,Maharashtra,Red
2007-11-04,Onion,23,Nagpur,FAQ,Nagpur,875,750,812,Maharashtra,Red
2007-11-04,Onion,23,Ahmednagar,FAQ,Rahata,1450,400,1225,Maharashtra,Other
2007-11-05,Onion,23,Nagpur,FAQ,Nagpur,875,750,812,Maharashtra,Red
2007-11-06,Onion,23,Sholapur,FAQ,Pandharpur,1000,200,550,Maharashtra,Other
2007-11-07,Onion,23,Jalgaon,FAQ,Jalgaon,750,500,625,Maharashtra,Other
2007-11-07,Onion,23,Nagpur,FAQ,Nagpur,1000,875,937,Maharashtra,Other
2007-11-07,Onion,23,Satara,FAQ,Vai,800,700,750,Maharashtra,Other
2007-11-09,Onion,23,Satara,FAQ,Vai,800,600,700,Maharashtra,Other
2007-11-11,Onion,23,Chattrapati Sambhajinagar,FAQ,Chattrapati Sambhajinagar,1000,300,650,Maharashtra,Other
2007-11-12,Onion,23,Nandurbar,FAQ,Navapur,800,800,800,Maharashtra,Other
2007-11-12,Onion,23,Jalgaon,FAQ,Jalgaon,900,250,550,Maharashtra,Red
2007-11-12,Onion,23,Satara,FAQ,Lonand,1120,400,825,Maharashtra,Other
2007-11-13,Onion,23,Jalgaon,FAQ,Jalgaon,875,300,600,Maharashtra,Red
2007-11-13,Onion,23,Satara,FAQ,Phaltan,1152,400,850,Maharashtra,Other
2007-11-13,Onion,23,Nagpur,FAQ,Nagpur,925,750,837,Maharashtra,Red
2007-11-13,Onion,23,Satara,FAQ,Karad,1000,600,900,Maharashtra,Other
2007-11-14,Onion,23,Nashik,FAQ,Chandvad,902,400,825,Maharashtra,Other
2007-11-14,Onion,23,Nandurbar,FAQ,Navapur,500,500,500,Maharashtra,Other
2007-11-14,Onion,23,Pune,FAQ,Pune,1600,700,1050,Maharashtra,Other
2007-11-14,Onion,23,Nashik,FAQ,Nandgaon,871,301,750,Maharashtra,Other
2007-11-14,Onion,23,Pune,FAQ,Khed(Chakan),1100,500,800,Maharashtra,Other
2007-11-15,Onion,23,Dhule,FAQ,Dhule,905,200,740,Maharashtra,Other
2007-11-15,Onion,23,Nashik,FAQ,Devala,1075,400,900,Maharashtra,Red
2007-11-15,Onion,23,Nashik,FAQ,Yeola,876,400,700,Maharashtra,Red
2007-11-15,Onion,23,Nagpur,FAQ,Nagpur,1000,875,925,Maharashtra,Red
2007-11-15,Onion,23,Pune,FAQ,Pune,1600,700,1150,Maharashtra,Other
2007-11-15,Onion,23,Nashik,FAQ,Lasalgaon,1411,1201,1301,Maharashtra,Other
2007-11-16,Onion,23,Nagpur,FAQ,Nagpur,1125,950,1037,Maharashtra,Other
2007-11-16,Onion,23,Satara,FAQ,Koregaon,700,500,600,Maharashtra,Other
2007-11-16,Onion,23,Nashik,FAQ,Devala,1106,400,900,Maharashtra,Red
2007-11-16,Onion,23,Nashik,FAQ,Chandvad,966,450,850,Maharashtra,Other
2007-11-16,Onion,23,Nagpur,FAQ,Nagpur,1000,875,937,Maharashtra,Red
2007-11-16,Onion,23,Nashik,FAQ,Devala,1276,300,1050,Maharashtra,Other
2007-11-17,Onion,23,Dhule,FAQ,Shirpur,630,375,560,Maharashtra,Red
2007-11-17,Onion,23,Satara,FAQ,Karad,1100,1000,1050,Maharashtra,Other
2007-11-17,Onion,23,Parbhani,FAQ,Parbhani,700,500,600,Maharashtra,Red
2007-11-18,Onion,23,Pune,FAQ,Pune,1400,700,1050,Maharashtra,Other
2007-11-18,Onion,23,Pune,FAQ,Junnar,1100,550,800,Maharashtra,Other
2007-11-18,Onion,23,Chattrapati Sambhajinagar,FAQ,Chattrapati Sambhajinagar,900,300,600,Maharashtra,Other
2007-11-18,Onion,23,Nagpur,FAQ,Nagpur,1125,950,1037,Maharashtra,Other
2007-11-19,Onion,23,Pune,FAQ,Pune(Pimpri),1800,1800,1800,Maharashtra,Other
2007-11-19,Onion,23,Nashik,FAQ,Dindori(Vani),982,300,800,Maharashtra,Red
2007-11-19,Onion,23,Kolhapur,FAQ,Kolhapur,1200,600,800,Maharashtra,Other
2007-11-19,Onion,23,Sangli,FAQ,"Sangli(Phale, Bhajipura Market)",1125,200,662,Maharashtra,Other
2007-11-19,Onion,23,Satara,FAQ,Vai,900,700,800,Maharashtra,Other
2007-11-20,Onion,23,Jalgaon,FAQ,Jalgaon,800,280,540,Maharashtra,Red
2007-11-20,Onion,23,Satara,FAQ,Phaltan,851,400,650,Maharashtra,Other
2007-11-20,Onion,23,Jalgaon,FAQ,Jalgaon,600,300,450,Maharashtra,Other
2007-11-20,Onion,23,Pune,FAQ,Pune,1400,400,900,Maharashtra,Other
2007-11-20,Onion,23,Nagpur,FAQ,Nagpur,700,625,662,Maharashtra,Red
2007-11-20,Onion,23,Kolhapur,FAQ,Kolhapur,1100,500,800,Maharashtra,Other
2007-11-21,Onion,23,Pune,FAQ,Khed(Chakan),800,400,600,Maharashtra,Other
2007-11-21,Onion,23,Mumbai,FAQ,Mumbai,900,500,700,Maharashtra,Other
2007-11-22,Onion,23,Nashik,FAQ,Dindori(Vani),622,200,501,Maharashtra,Red
2007-11-22,Onion,23,Jalgaon,FAQ,Jalgaon,400,200,300,Maharashtra,Other
2007-11-22,Onion,23,Kolhapur,FAQ,Kolhapur,1000,500,750,Maharashtra,Other
2007-11-22,Onion,23,Nashik,FAQ,Pimpalgaon,666,351,561,Maharashtra,Red
2007-11-23,Onion,23,Nashik,FAQ,Lasalgaon,690,440,570,Maharashtra,Red
2007-11-23,Onion,23,Satara,FAQ,Vai,800,700,750,Maharashtra,Other
2007-11-23,Onion,23,Mumbai,FAQ,Mumbai,900,600,750,Maharashtra,Other
2007-11-23,Onion,23,Nashik,FAQ,Devala,961,653,800,Maharashtra,Other
2007-11-23,Onion,23,Jalgaon,FAQ,Jalgaon,480,200,340,Maharashtra,Red
2007-11-24,Onion,23,Satara,FAQ,Vai,800,600,700,Maharashtra,Other
2007-11-24,Onion,23,Dharashiv(Usmanabad),FAQ,Dharashiv,1000,400,700,Maharashtra,Other
2007-11-25,Onion,23,Chattrapati Sambhajinagar,FAQ,Chattrapati Sambhajinagar,750,250,500,Maharashtra,Other
2007-11-26,Onion,23,Nashik,FAQ,Nasik,700,325,500,Maharashtra,Other
2007-11-27,Onion,23,Nashik,FAQ,Lasalgaon,747,421,551,Maharashtra,Red
2007-11-27,Onion,23,Nashik,FAQ,Pimpalgaon,618,421,571,Maharashtra,Red
2007-11-27,Onion,23,Nashik,FAQ,Nandgaon,610,250,450,Maharashtra,Other
2007-11-27,Onion,23,Mumbai,FAQ,Mumbai,1000,800,900,Maharashtra,Other
2007-11-27,Onion,23,Satara,FAQ,Vai,700,600,650,Maharashtra,Other
2007-11-28,Onion,23,Nashik,FAQ,Nasik,700,295,550,Maharashtra,Other
2007-11-28,Onion,23,Nashik,FAQ,Lasalgaon,650,447,551,Maharashtra,Red
2007-11-28,Onion,23,Kolhapur,FAQ,Kolhapur,1000,500,600,Maharashtra,Other
2007-11-29,Onion,23,Nashik,FAQ,Chandvad,659,200,500,Maharashtra,Other
2007-11-29,Onion,23,Satara,FAQ,Vai,800,600,700,Maharashtra,Other
2007-11-29,Onion,23,Nashik,FAQ,Lasalgaon,758,451,551,Maharashtra,Red
2007-11-29,Onion,23,Dharashiv(Usmanabad),FAQ,Dharashiv,500,385,443,Maharashtra,Other
2007-11-30,Onion,23,Jalgaon,FAQ,Jalgaon,600,300,450,Maharashtra,Other
2007-11-30,Onion,23,Satara,FAQ,Koregaon,500,300,400,Maharashtra,Other
2007-12-01,Onion,23,Satara,FAQ,Vai,800,600,700,Maharashtra,Other
2007-12-01,Onion,23,Jalgaon,FAQ,Jalgaon,650,300,475,Maharashtra,Other
2007-12-03,Onion,23,Chattrapati Sambhajinagar,FAQ,Chattrapati Sambhajinagar,500,300,400,Maharashtra,Other
2007-12-03,Onion,23,Nashik,FAQ,Devala,750,300,575,Maharashtra,Red
2007-12-04,Onion,23,Nashik,FAQ,Ghoti,800,800,800,Maharashtra,Other
2007-12-04,Onion,23,Chattrapati Sambhajinagar,FAQ,Chattrapati Sambhajinagar,500,200,350,Maharashtra,Other
2007-12-04,Onion,23,Nandurbar,FAQ,Navapur,700,700,700,Maharashtra,Other
2007-12-07,Onion,23,Mumbai,FAQ,Mumbai,850,700,775,Maharashtra,Other
2007-12-08,Onion,23,Nashik,FAQ,Devala,656,300,500,Maharashtra,Red
2007-12-08,Onion,23,Pune,FAQ,Khed(Chakan),761,400,625,Maharashtra,Other
2007-12-08,Onion,23,Chattrapati Sambhajinagar,FAQ,Chattrapati Sambhajinagar,550,250,400,Maharashtra,Other
2007-12-08,Onion,23,Nashik,FAQ,Nasik,675,211,550,Maharashtra,Other
2007-12-08,Onion,23,Jalgaon,FAQ,Jalgaon,675,400,525,Maharashtra,Other
2007-12-09,Onion,23,Chattrapati Sambhajinagar,FAQ,Chattrapati Sambhajinagar,550,250,400,Maharashtra,Other
2007-12-09,Onion,23,Nagpur,FAQ,Nagpur,700,625,662,Maharashtra,Other
2007-12-10,Onion,23,Chattrapati Sambhajinagar,FAQ,Chattrapati Sambhajinagar,650,250,450,Maharashtra,Other
2007-12-10,Onion,23,Nashik,FAQ,Dindori(Vani),542,400,475,Maharashtra,Red
2007-12-10,Onion,23,Jalgaon,FAQ,Jalgaon,525,300,410,Maharashtra,Red
2007-12-11,Onion,23,Nashik,FAQ,Ghoti,800,800,800,Maharashtra,Other
2007-12-11,Onion,23,Nagpur,FAQ,Nagpur,575,375,475,Maharashtra,Red
2007-12-12,Onion,23,Kolhapur,FAQ,Kolhapur,900,400,750,Maharashtra,Other
2007-12-12,Onion,23,Jalgaon,FAQ,Jalgaon,600,400,500,Maharashtra,Other
2007-12-13,Onion,23,Chattrapati Sambhajinagar,FAQ,Chattrapati Sambhajinagar,550,250,400,Maharashtra,Other
2007-12-13,Onion,23,Jalgaon,FAQ,Jalgaon,500,250,375,Maharashtra,Red
2007-12-14,Onion,23,Jalgaon,FAQ,Jalgaon,600,400,500,Maharashtra,Other
2007-12-14,Onion,23,Jalgaon,FAQ,Jalgaon,440,200,320,Maharashtra,Red
2007-12-14,Onion,23,Nashik,FAQ,Dindori(Vani),547,400,481,Maharashtra,Red
2007-12-15,Onion,23,Kolhapur,FAQ,Kolhapur,900,400,650,Maharashtra,Other
2007-12-15,Onion,23,Jalgaon,FAQ,Jalgaon,450,250,350,Maharashtra,Red
2007-12-16,Onion,23,Pune,FAQ,Junnar(Otur),560,300,500,Maharashtra,Other
2007-12-16,Onion,23,Satara,FAQ,Vai,600,500,550,Maharashtra,Other
2007-12-17,Onion,23,Pune,FAQ,Pune(Khadiki),600,300,450,Maharashtra,Other
2007-12-17,Onion,23,Nashik,FAQ,Lasalgaon,599,380,451,Maharashtra,Red
2007-12-18,Onion,23,Chattrapati Sambhajinagar,FAQ,Chattrapati Sambhajinagar,550,250,400,Maharashtra,Other
2007-12-18,Onion,23,Mumbai,FAQ,Mumbai,700,500,600,Maharashtra,Other
2007-12-18,Onion,23,Nashik,FAQ,Ghoti,400,400,400,Maharashtra,Other
2007-12-18,Onion,23,Nashik,FAQ,Lasalgaon,599,380,451,Maharashtra,Red
2007-12-18,Onion,23,Pune,FAQ,Pune,800,400,600,Maharashtra,Other
2007-12-19,Onion,23,Pune,FAQ,Pune,750,300,525,Maharashtra,Other
2007-12-20,Onion,23,Nashik,FAQ,Yeola,411,200,365,Maharashtra,Red
2007-12-20,Onion,23,Buldhana,FAQ,Malkapur,411,320,349,Maharashtra,Other
2007-12-20,Onion,23,Satara,FAQ,Satara,800,200,500,Maharashtra,Other
2007-12-20,Onion,23,Nagpur,FAQ,Nagpur,750,500,625,Maharashtra,Other
2007-12-20,Onion,23,Satara,FAQ,Karad,700,300,550,Maharashtra,Other
2007-12-20,Onion,23,Nashik,FAQ,Lasalgaon(Niphad),430,291,410,Maharashtra,Red
2007-12-21,Onion,23,Nagpur,FAQ,Nagpur,750,500,625,Maharashtra,Other
2007-12-22,Onion,23,Jalgaon,FAQ,Jalgaon,450,250,350,Maharashtra,Red
2007-12-22,Onion,23,Dhule,FAQ,Shirpur,415,355,401,Maharashtra,Red
2007-12-23,Onion,23,Nagpur,FAQ,Nagpur,550,475,512,Maharashtra,Red
2007-12-24,Onion,23,Nagpur,FAQ,Nagpur,550,475,512,Maharashtra,Red
2007-12-24,Onion,23,Nashik,FAQ,Pimpalgaon,490,325,421,Maharashtra,Red
2007-12-24,Onion,23,Nandurbar,FAQ,Navapur,500,500,500,Maharashtra,Other
2007-12-25,Onion,23,Pune,FAQ,Junnar,700,300,500,Maharashtra,Other
2007-12-26,Onion,23,Nagpur,FAQ,Nagpur,750,600,675,Maharashtra,Other
2007-12-26,Onion,23,Nashik,FAQ,Yeola,404,200,365,Maharashtra,Red
2007-12-26,Onion,23,Pune,FAQ,Pune(Khadiki),600,200,400,Maharashtra,Other
2007-12-26,Onion,23,Mumbai,FAQ,Mumbai,700,500,600,Maharashtra,Other
2007-12-27,Onion,23,Pune,FAQ,Junnar,700,350,500,Maharashtra,Other
2007-12-27,Onion,23,Pune,FAQ,Pune(Khadiki),600,300,450,Maharashtra,Other
2007-12-27,Onion,23,Kolhapur,FAQ,Kolhapur,800,300,500,Maharashtra,Other
2007-12-27,Onion,23,Nashik,FAQ,Yeola,375,200,340,Maharashtra,Red
2007-12-27,Onion,23,Nashik,FAQ,Lasalgaon,570,300,351,Maharashtra,Red
2007-12-27,Onion,23,Thane,FAQ,Kalyan,700,600,650,Maharashtra,Other
2007-12-28,Onion,23,Thane,FAQ,Kalyan,600,500,550,Maharashtra,Other
2007-12-28,Onion,23,Kolhapur,FAQ,Kolhapur,650,200,450,Maharashtra,Other
2007-12-28,Onion,23,Satara,FAQ,Koregaon,600,350,475,Maharashtra,Other
2007-12-28,Onion,23,Satara,FAQ,Vai,600,500,550,Maharashtra,Other
2007-12-29,Onion,23,Kolhapur,FAQ,Kolhapur,650,250,450,Maharashtra,Other
2007-12-29,Onion,23,Mumbai,FAQ,Mumbai,600,400,500,Maharashtra,Other
2007-12-31,Onion,23,Nashik,FAQ,Pimpalgaon,387,225,295,Maharashtra,Red
2007-12-31,Onion,23,Satara,FAQ,Karad,700,200,500,Maharashtra,Other
2010-01-01,Onion,23,Mumbai,FAQ,Vashi New Mumbai,2050,850,1450,Maharashtra,Other
2010-01-01,Onion,23,Nashik,FAQ,Manmad,1430,750,1110,Maharashtra,Red
2010-01-01,Onion,23,Nashik,FAQ,Dindori,1855,500,1350,Maharashtra,Other
2010-01-01,Onion,23,Nashik,FAQ,Devala,1891,300,1350,Maharashtra,Red
2010-01-01,Onion,23,Nashik,FAQ,Yeola,1350,500,900,Maharashtra,Other
2010-01-02,Onion,23,Kolhapur,FAQ,Kolhapur,2500,500,1500,Maharashtra,Other
2010-01-02,Onion,23,Nashik,FAQ,Yeola,1321,400,775,Maharashtra,Red
2010-01-02,Onion,23,Sangli,FAQ,"Sangli(Phale, Bhajipura Market)",1800,200,1000,Maharashtra,Other
2010-01-02,Onion,23,Chattrapati Sambhajinagar,FAQ,Chattrapati Sambhajinagar,1450,350,900,Maharashtra,Other
2010-01-02,Onion,23,Pune,FAQ,Khed(Chakan),1800,450,1350,Maharashtra,Other
2010-01-03,Onion,23,Pune,FAQ,Pune,2000,1000,1500,Maharashtra,Other
2010-01-03,Onion,23,Ahmednagar,FAQ,Rahata,1800,800,1100,Maharashtra,Other
2010-01-03,Onion,23,Chattrapati Sambhajinagar,FAQ,Chattrapati Sambhajinagar,1500,300,900,Maharashtra,Other
2010-01-04,Onion,23,Nashik,FAQ,Dindori,1925,500,1400,Maharashtra,Other
2010-01-04,Onion,23,Nashik,FAQ,Devala,1700,300,1300,Maharashtra,Red
2010-01-04,Onion,23,Nashik,FAQ,Pimpalgaon Baswant(Saykheda),1401,700,1175,Maharashtra,Other
2010-01-04,Onion,23,Ahmednagar,FAQ,Ahmednagar,2000,200,1100,Maharashtra,Other
2010-01-04,Onion,23,Nashik,FAQ,Nasik,1900,690,1300,Maharashtra,Other
2010-01-05,Onion,23,Dharashiv(Usmanabad),FAQ,Dharashiv,1000,500,750,Maharashtra,Other
2010-01-05,Onion,23,Mumbai,FAQ,Vashi New Mumbai,1900,900,1400,Maharashtra,Other
2010-01-05,Onion,23,Nashik,FAQ,Lasalgaon(Niphad),1500,500,1225,Maharashtra,Other
2010-01-05,Onion,23,Ahmednagar,FAQ,Rahata,1700,300,1200,Maharashtra,Other
2010-01-06,Onion,23,Mumbai,FAQ,Vashi New Mumbai,2000,900,1450,Maharashtra,Other
2010-01-06,Onion,23,Sholapur,FAQ,Pandharpur,1572,300,800,Maharashtra,Other
2010-01-06,Onion,23,Ahmednagar,FAQ,Kopargaon,1405,300,900,Maharashtra,Other
2010-01-06,Onion,23,Ahmednagar,FAQ,Newasa(Ghodegaon),1900,100,1300,Maharashtra,Other
2010-01-06,Onion,23,Nashik,FAQ,Lasalgaon,1755,400,1400,Maharashtra,Other
2010-01-06,Onion,23,Nashik,FAQ,Yeola,1300,500,1000,Maharashtra,Red
2010-01-06,Onion,23,Nashik,FAQ,Pimpalgaon Baswant(Saykheda),1450,700,1200,Maharashtra,Other
2010-01-06,Onion,23,Dharashiv(Usmanabad),FAQ,Dharashiv,150,135,143,Maharashtra,Red
2010-01-06,Onion,23,Nashik,FAQ,Malegaon,1550,250,1250,Maharashtra,Red
2010-01-07,Onion,23,Thane,FAQ,Palghar,850,700,725,Maharashtra,Other
2010-01-07,Onion,23,Nashik,FAQ,Dindori(Vani),1886,600,1450,Maharashtra,Other
2010-01-07,Onion,23,Satara,FAQ,Lonand,1700,500,1350,Maharashtra,Other
2010-01-07,Onion,23,Nashik,FAQ,Malegaon,1590,265,1350,Maharashtra,Red
2010-01-07,Onion,23,Jalgaon,FAQ,Jalgaon,1450,250,700,Maharashtra,Red
2010-01-07,Onion,23,Nashik,FAQ,Manmad,1451,561,1330,Maharashtra,Red
2010-01-07,Onion,23,Ahmednagar,FAQ,Ahmednagar,1900,400,1200,Maharashtra,Other
2010-01-07,Onion,23,Mumbai,FAQ,Mumbai,2000,900,1450,Maharashtra,Other
2010-01-07,Onion,23,Nagpur,FAQ,Nagpur,1250,825,1036,Maharashtra,Red
2010-01-08,Onion,23,Mumbai,FAQ,Mumbai,2000,900,1450,Maharashtra,Other
2010-01-08,Onion,23,Chattrapati Sambhajinagar,FAQ,Gangapur,1500,150,1200,Maharashtra,Other
2010-01-08,Onion,23,Ahmednagar,FAQ,Pathardi,1500,150,1400,Maharashtra,Other
2010-01-08,Onion,23,Sholapur,FAQ,Solapur,2100,100,600,Maharashtra,Other
2010-01-08,Onion,23,Nashik,FAQ,Nandgaon,1400,300,900,Maharashtra,Other
2010-01-08,Onion,23,Nashik,FAQ,Pimpalgaon Baswant(Saykheda),1400,600,1250,Maharashtra,Other
2010-01-08,Onion,23,Chandrapur,FAQ,Chandrapur(Ganjwad),1500,1100,1400,Maharashtra,Other
2010-01-09,Onion,23,Ahmednagar,FAQ,Rahuri(Vambori),2000,100,1050,Maharashtra,Other
2010-01-09,Onion,23,Kolhapur,FAQ,Kolhapur,1700,500,1300,Maharashtra,Other
2010-01-09,Onion,23,Ahmednagar,FAQ,Kopargaon,1305,200,800,Maharashtra,Other
2010-01-09,Onion,23,Nagpur,FAQ,Nagpur,1250,1000,1125,Maharashtra,Red
2010-01-10,Onion,23,Ahmednagar,FAQ,Pathardi,1300,150,1100,Maharashtra,Other
2010-01-10,Onion,23,Satara,FAQ,Satara,1600,400,1000,Maharashtra,Other
2010-01-10,Onion,23,Pune,FAQ,Pune,1800,900,1350,Maharashtra,Other
2010-01-10,Onion,23,Ahmednagar,FAQ,Rahuri,1500,100,800,Maharashtra,Other
2010-01-11,Onion,23,Ahmednagar,FAQ,Rahuri(Vambori),1800,100,950,Maharashtra,Other
2010-01-11,Onion,23,Chandrapur,FAQ,Chandrapur(Ganjwad),1550,1000,1400,Maharashtra,Other
2010-01-11,Onion,23,Nagpur,FAQ,Nagpur,1375,1125,1250,Maharashtra,Red
2010-01-11,Onion,23,Pune,FAQ,Pune(Khadiki),1200,250,720,Maharashtra,Other
2010-01-11,Onion,23,Nashik,FAQ,Sinner,1500,100,1150,Maharashtra,Other
2010-01-11,Onion,23,Sholapur,FAQ,Kurdwadi,1400,100,800,Maharashtra,Other
2010-01-12,Onion,23,Nagpur,FAQ,Nagpur,1125,750,937,Maharashtra,Other
2010-01-12,Onion,23,Dhule,FAQ,Dhule,1050,100,750,Maharashtra,Other
2010-01-12,Onion,23,Dhule,FAQ,Dhule,1440,100,900,Maharashtra,Red
2010-01-12,Onion,23,Nashik,FAQ,Devala,1530,100,1100,Maharashtra,Red
2010-01-12,Onion,23,Mumbai,FAQ,Mumbai,1800,800,1300,Maharashtra,Other
2010-01-12,Onion,23,Nashik,FAQ,Lasalgaon(Niphad),1412,500,1070,Maharashtra,Other
2010-01-13,Onion,23,Nashik,FAQ,Malegaon,1350,250,950,Maharashtra,Red
2010-01-13,Onion,23,Kolhapur,FAQ,Kolhapur,1600,500,1300,Maharashtra,Other
2010-01-13,Onion,23,Nashik,FAQ,Lasalgaon(Niphad),1431,425,1150,Maharashtra,Other
2010-01-13,Onion,23,Nashik,FAQ,Lasalgaon,1481,481,1201,Maharashtra,Other
2010-01-13,Onion,23,Sangli,FAQ,"Sangli(Phale, Bhajipura Market)",1400,100,750,Maharashtra,Other
2010-01-13,Onion,23,Sholapur,FAQ,Barshi,1400,200,800,Maharashtra,Other
2010-01-14,Onion,23,Pune,FAQ,Pune,1600,1200,1400,Maharashtra,Other
2010-01-14,Onion,23,Mumbai,FAQ,Vashi New Mumbai,1800,800,1300,Maharashtra,Other
2010-01-14,Onion,23,Nagpur,FAQ,Nagpur,1175,1125,1150,Maharashtra,Other
2010-01-14,Onion,23,Satara,FAQ,Satara,1500,500,1000,Maharashtra,Other
2010-01-15,Onion,23,Sholapur,FAQ,Kurdwadi,1300,100,1000,Maharashtra,Other
2010-01-15,Onion,23,Thane,FAQ,Palghar,1100,900,1000,Maharashtra,Other
2010-01-15,Onion,23,Ahmednagar,FAQ,Pathardi,1500,100,1250,Maharashtra,Other
2010-01-15,Onion,23,Pune,FAQ,Pune(Khadiki),900,350,625,Maharashtra,Other
2010-01-15,Onion,23,Ahmednagar,FAQ,Rahata,1800,350,1200,Maharashtra,Other
2010-01-15,Onion,23,Nashik,FAQ,Nasik,1600,800,1300,Maharashtra,Red
2010-01-15,Onion,23,Pune,FAQ,Indapur,1200,150,900,Maharashtra,Other
2010-01-16,Onion,23,Nagpur,FAQ,Nagpur,1250,1187,1218,Maharashtra,Other
2010-01-16,Onion,23,Thane,FAQ,Kalyan,1500,1000,1250,Maharashtra,Other
2010-01-16,Onion,23,Ahmednagar,FAQ,Ahmednagar,1900,100,1000,Maharashtra,Other
2010-01-16,Onion,23,Chattrapati Sambhajinagar,FAQ,Chattrapati Sambhajinagar,1300,300,800,Maharashtra,Other
2010-01-16,Onion,23,Pune,FAQ,Pune(Khadiki),1100,300,700,Maharashtra,Other
2010-01-16,Onion,23,Mumbai,FAQ,Mumbai,1800,900,1350,Maharashtra,Other
2010-01-16,Onion,23,Satara,FAQ,Karad,1200,500,1000,Maharashtra,Other
2010-01-16,Onion,23,Thane,FAQ,Palghar,1630,1200,1415,Maharashtra,Other
2010-01-17,Onion,23,Satara,FAQ,Satara,1600,500,1000,Maharashtra,Other
2010-01-17,Onion,23,Ahmednagar,FAQ,Sangamner,1771,100,936,Maharashtra,Other
2010-01-18,Onion,23,Nagpur,FAQ,Nagpur,1625,750,1187,Maharashtra,Red
2010-01-18,Onion,23,Satara,FAQ,Lonand,1200,350,1000,Maharashtra,Red
2010-01-18,Onion,23,Thane,FAQ,Kalyan,1600,1000,1300,Maharashtra,Other
2010-01-18,Onion,23,Nashik,FAQ,Malegaon,1520,201,1350,Maharashtra,Red
2010-01-18,Onion,23,Nashik,FAQ,Sinner,1700,100,1100,Maharashtra,Other
2010-01-19,Onion,23,Mumbai,FAQ,Vashi New Mumbai,1800,900,1350,Maharashtra,Other
2010-01-19,Onion,23,Jalgaon,FAQ,Jalgaon,1400,250,700,Maharashtra,Red
2010-01-19,Onion,23,Nashik,FAQ,Manmad,1399,300,1251,Maharashtra,Red
2010-01-19,Onion,23,Nashik,FAQ,Lasalgaon(Niphad),1476,551,1250,Maharashtra,Other
2010-01-19,Onion,23,Nashik,FAQ,Devala,1451,100,1050,Maharashtra,Red
2010-01-19,Onion,23,Nashik,FAQ,Sinner,1400,100,1100,Maharashtra,Other
2010-01-19,Onion,23,Nagpur,FAQ,Nagpur,1500,1000,1250,Maharashtra,Red
2010-01-19,Onion,23,Mumbai,FAQ,Mumbai,1800,900,1350,Maharashtra,Other
2010-01-19,Onion,23,Chattrapati Sambhajinagar,FAQ,Chattrapati Sambhajinagar,1200,300,550,Maharashtra,Other
2010-01-20,Onion,23,Kolhapur,FAQ,Kolhapur,2000,500,1400,Maharashtra,Other
2010-01-20,Onion,23,Mumbai,FAQ,Mumbai,1800,900,1350,Maharashtra,Other
2010-01-20,Onion,23,Jalgaon,FAQ,Jalgaon,1450,250,700,Maharashtra,Red
2010-01-20,Onion,23,Chattrapati Sambhajinagar,FAQ,Chattrapati Sambhajinagar,850,250,550,Maharashtra,Other
2010-01-20,Onion,23,Mumbai,FAQ,Vashi New Mumbai,1800,900,1350,Maharashtra,Other
2010-01-20,Onion,23,Satara,FAQ,Karad,900,200,700,Maharashtra,Other
2010-01-20,Onion,23,Nashik,FAQ,Chandvad,1538,350,1350,Maharashtra,Other
2010-01-20,Onion,23,Nashik,FAQ,Sinner,1805,100,1200,Maharashtra,Other
2010-01-21,Onion,23,Nashik,FAQ,Lasalgaon,1675,400,1401,Maharashtra,Other
2010-01-21,Onion,23,Thane,FAQ,Kalyan,1500,1000,1250,Maharashtra,Other
2010-01-21,Onion,23,Kolhapur,FAQ,Kolhapur,2000,500,1400,Maharashtra,Other
2010-01-21,Onion,23,Nashik,FAQ,Pimpalgaon,1581,700,1325,Maharashtra,Other
2010-01-21,Onion,23,Sholapur,FAQ,Barshi,2000,100,1100,Maharashtra,Other
2010-01-21,Onion,23,Chattrapati Sambhajinagar,FAQ,Chattrapati Sambhajinagar,1050,250,600,Maharashtra,Other
2010-01-21,Onion,23,Satara,FAQ,Lonand,1856,550,1500,Maharashtra,Other
2010-01-22,Onion,23,Sholapur,FAQ,Pandharpur,1600,100,700,Maharashtra,Other
2010-01-23,Onion,23,Nashik,FAQ,Kalvan,1700,100,1200,Maharashtra,Other
2010-01-23,Onion,23,Chandrapur,FAQ,Chandrapur(Ganjwad),1500,1000,1250,Maharashtra,Other
2010-01-23,Onion,23,Thane,FAQ,Palghar,1300,1000,1150,Maharashtra,Other
2010-01-23,Onion,23,Ahmednagar,FAQ,Ahmednagar,1900,200,1100,Maharashtra,Other
2010-01-23,Onion,23,Dhule,FAQ,Shirpur,1325,250,1135,Maharashtra,Other
2010-01-24,Onion,23,Pune,FAQ,Pune(Pimpri),2000,900,1450,Maharashtra,Other
2010-01-24,Onion,23,Nagpur,FAQ,Nagpur,1575,1375,1475,Maharashtra,Red
2010-01-24,Onion,23,Pune,FAQ,Pune,1700,800,1250,Maharashtra,Other
2010-01-24,Onion,23,Chattrapati Sambhajinagar,FAQ,Chattrapati Sambhajinagar,900,300,600,Maharashtra,Other
2010-01-24,Onion,23,Satara,FAQ,Satara,1600,400,1000,Maharashtra,Other
2010-01-24,Onion,23,Pune,FAQ,Junnar,1200,550,950,Maharashtra,Other
2010-01-25,Onion,23,Nashik,FAQ,Nandgaon,1511,400,1150,Maharashtra,Other
2010-01-25,Onion,23,Jalgaon,FAQ,Jalgaon,1450,350,750,Maharashtra,Red
2010-01-25,Onion,23,Nashik,FAQ,Kalvan,1701,100,1401,Maharashtra,Other
2010-01-25,Onion,23,Thane,FAQ,Kalyan,1600,1000,1300,Maharashtra,Other
2010-01-25,Onion,23,Nagpur,FAQ,Nagpur,1575,1375,1475,Maharashtra,Red
2010-01-26,Onion,23,Amarawati,FAQ,Amrawati(Frui & Veg. Market),1200,700,950,Maharashtra,Other
2010-01-26,Onion,23,Chattrapati Sambhajinagar,FAQ,Gangapur,1800,200,1100,Maharashtra,Other
2010-01-27,Onion,23,Dhule,FAQ,Dhule,1490,100,950,Maharashtra,Red
2010-01-27,Onion,23,Pune,FAQ,Pune(Pimpri),700,600,650,Maharashtra,Other
2010-01-27,Onion,23,Chattrapati Sambhajinagar,FAQ,Chattrapati Sambhajinagar,950,250,600,Maharashtra,Other
2010-01-27,Onion,23,Satara,FAQ,Karad,1300,500,900,Maharashtra,Other
2010-01-28,Onion,23,Nashik,FAQ,Satana,1470,200,1350,Maharashtra,Red
2010-01-28,Onion,23,Thane,FAQ,Kalyan,1500,1000,1250,Maharashtra,Other
2010-01-28,Onion,23,Nashik,FAQ,Kalvan,1601,100,1355,Maharashtra,Other
2010-01-28,Onion,23,Satara,FAQ,Lonand,1500,500,1200,Maharashtra,Other
2010-01-28,Onion,23,Ahmednagar,FAQ,Rahuri(Vambori),1800,100,950,Maharashtra,Other
2010-01-28,Onion,23,Satara,FAQ,Lonand,1200,400,1000,Maharashtra,Red
2010-01-29,Onion,23,Nashik,FAQ,Pimpalgaon,1315,670,1201,Maharashtra,Other
2010-01-29,Onion,23,Nashik,FAQ,Malegaon,1335,200,1050,Maharashtra,Red
2010-01-29,Onion,23,Nashik,FAQ,Manmad,1351,600,1152,Maharashtra,Red
2010-01-29,Onion,23,Mumbai,FAQ,Vashi New Mumbai,1750,800,1275,Maharashtra,Other
2010-01-29,Onion,23,Pune,FAQ,Pune(Khadiki),1200,200,700,Maharashtra,Other
2010-01-29,Onion,23,Nashik,FAQ,Sinner,1435,100,1050,Maharashtra,Other
2010-01-29,Onion,23,Pune,FAQ,Pune(Pimpri),800,800,800,Maharashtra,Other
2010-01-30,Onion,23,Ahmednagar,FAQ,Rahuri(Vambori),1700,100,900,Maharashtra,Other
2010-01-30,Onion,23,Nashik,FAQ,Yeola,1460,500,1150,Maharashtra,Red
2010-01-30,Onion,23,Nashik,FAQ,Nasik,1551,561,1260,Maharashtra,Red
2010-01-30,Onion,23,Dharashiv(Usmanabad),FAQ,Dharashiv,1250,800,1025,Maharashtra,Other
2010-01-31,Onion,23,Pune,FAQ,Junnar,1000,500,800,Maharashtra,Other
2010-01-31,Onion,23,Beed,FAQ,Kada,1800,300,1300,Maharashtra,Red
2010-01-31,Onion,23,Pune,FAQ,Junnar(Otur),1400,250,1200,Maharashtra,Other
2010-01-31,Onion,23,Pune,FAQ,Pune(Khadiki),1000,200,600,Maharashtra,Other
2010-01-31,Onion,23,Pune,FAQ,Pune,1500,1000,1250,Maharashtra,Other
2010-01-31,Onion,23,Ahmednagar,FAQ,Newasa(Ghodegaon),1700,100,1400,Maharashtra,Other
2010-02-01,Onion,23,Pune,FAQ,Pune,1700,1000,1350,Maharashtra,Other
2010-02-01,Onion,23,Nashik,FAQ,Nasik,1600,600,1300,Maharashtra,Red
2010-02-01,Onion,23,Pune,FAQ,Baramati,1390,300,950,Maharashtra,Red
2010-02-01,Onion,23,Dhule,FAQ,Dhule,1300,100,950,Maharashtra,Other
2010-02-01,Onion,23,Nagpur,FAQ,Nagpur,1500,1375,1437,Maharashtra,Red
2010-02-01,Onion,23,Mumbai,FAQ,Vashi New Mumbai,1700,800,1250,Maharashtra,Other
2010-02-01,Onion,23,Nashik,FAQ,Manmad,1300,656,1053,Maharashtra,Red
2010-02-01,Onion,23,Nagpur,FAQ,Nagpur,1225,1175,1200,Maharashtra,Other
2010-02-01,Onion,23,Jalgaon,FAQ,Jalgaon,1300,325,750,Maharashtra,Red
2010-02-01,Onion,23,Amarawati,FAQ,Amrawati(Frui & Veg. Market),1450,600,1025,Maharashtra,Other
2010-02-02,Onion,23,Pune,FAQ,Pune(Khadiki),1200,300,750,Maharashtra,Other
2010-02-02,Onion,23,Nashik,FAQ,Satana,1420,200,1150,Maharashtra,Red
2010-02-02,Onion,23,Nagpur,FAQ,Nagpur,1500,1375,1437,Maharashtra,Red
2010-02-02,Onion,23,Nashik,FAQ,Nasik,1550,575,1300,Maharashtra,Red
2010-02-02,Onion,23,Mumbai,FAQ,Mumbai,1700,800,1250,Maharashtra,Other
2010-02-02,Onion,23,Nagpur,FAQ,Nagpur,1375,1000,1187,Maharashtra,Other
2010-02-02,Onion,23,Ahmednagar,FAQ,Sangamner,1551,100,825,Maharashtra,Other
2010-02-03,Onion,23,Sholapur,FAQ,Pandharpur,1350,150,950,Maharashtra,Other
2010-02-03,Onion,23,Dhule,FAQ,Dhule,1090,100,810,Maharashtra,Other
2010-02-03,Onion,23,Dhule,FAQ,Shirpur,1475,200,1375,Maharashtra,Other
2010-02-03,Onion,23,Nashik,FAQ,Sinner,1300,100,1050,Maharashtra,Other
2010-02-03,Onion,23,Nashik,FAQ,Pimpalgaon Baswant(Saykheda),1259,560,1125,Maharashtra,Other
2010-02-03,Onion,23,Nashik,FAQ,Malegaon,1340,500,1000,Maharashtra,Red
2010-02-03,Onion,23,Chattrapati Sambhajinagar,FAQ,Chattrapati Sambhajinagar,1150,300,725,Maharashtra,Other
2010-02-03,Onion,23,Pune,FAQ,Pune(Pimpri),850,500,670,Maharashtra,Other
2010-02-04,Onion,23,Ahmednagar,FAQ,Sangamner,1601,100,851,Maharashtra,Other
2010-02-04,Onion,23,Dhule,FAQ,Dhule,1100,200,800,Maharashtra,Other
2010-02-04,Onion,23,Ahmednagar,FAQ,Pathardi,1500,100,1300,Maharashtra,Other
2010-02-04,Onion,23,Dharashiv(Usmanabad),FAQ,Dharashiv,425,110,268,Maharashtra,Red
2010-02-04,Onion,23,Pune,FAQ,Junnar,950,500,750,Maharashtra,Other
2010-02-04,Onion,23,Satara,FAQ,Lonand,1400,500,1200,Maharashtra,Other
2010-02-04,Onion,23,Pune,FAQ,Pune,1500,900,1200,Maharashtra,Other
2010-02-04,Onion,23,Nashik,FAQ,Satana,1370,200,1170,Maharashtra,Red
2010-02-04,Onion,23,Dharashiv(Usmanabad),FAQ,Dharashiv,725,400,563,Maharashtra,Other
2010-02-04,Onion,23,Satara,FAQ,Satara,1600,1000,1400,Maharashtra,Other
2010-02-04,Onion,23,Jalgaon,FAQ,Jalgaon,1300,300,700,Maharashtra,Red
2010-02-04,Onion,23,Pune,FAQ,Pune(Pimpri),900,900,900,Maharashtra,Other
2010-02-05,Onion,23,Dharashiv(Usmanabad),FAQ,Dharashiv,1000,450,725,Maharashtra,Other
2010-02-05,Onion,23,Sholapur,FAQ,Kurdwadi,1300,100,700,Maharashtra,Other
2010-02-05,Onion,23,Nashik,FAQ,Nasik,1400,575,1175,Maharashtra,Other
2010-02-06,Onion,23,Mumbai,FAQ,Mumbai,1600,900,1250,Maharashtra,Other
2010-02-06,Onion,23,Nagpur,FAQ,Nagpur,1250,1000,1125,Maharashtra,Other
2010-02-07,Onion,23,Jalgaon,FAQ,Jalgaon,1500,250,700,Maharashtra,Red
2010-02-07,Onion,23,Nagpur,FAQ,Nagpur,1400,1200,1300,Maharashtra,Red
2010-02-08,Onion,23,Sholapur,FAQ,Solapur,1700,100,700,Maharashtra,Other
2010-02-08,Onion,23,Nashik,FAQ,Yeola,1500,500,1200,Maharashtra,Red
2010-02-08,Onion,23,Kolhapur,FAQ,Kolhapur,1500,500,1200,Maharashtra,Other
2010-02-08,Onion,23,Sholapur,FAQ,Kurdwadi,1325,100,800,Maharashtra,Other
2010-02-08,Onion,23,Thane,FAQ,Palghar,900,800,850,Maharashtra,Other
2010-02-08,Onion,23,Satara,FAQ,Karad,1200,500,900,Maharashtra,Other
2010-02-08,Onion,23,Dhule,FAQ,Dhule,1130,200,810,Maharashtra,Other
2010-02-08,Onion,23,Nashik,FAQ,Nandgaon,1200,400,1000,Maharashtra,Other
2010-02-08,Onion,23,Nashik,FAQ,Devala,1479,300,1250,Maharashtra,Red
2010-02-08,Onion,23,Nashik,FAQ,Dindori(Vani),1391,500,1200,Maharashtra,Other
2010-02-08,Onion,23,Nashik,FAQ,Lasalgaon(Niphad),1301,600,1180,Maharashtra,Other
2010-02-08,Onion,23,Ahmednagar,FAQ,Rahuri(Vambori),1600,100,850,Maharashtra,Other
2010-02-08,Onion,23,Nagpur,FAQ,Nagpur,1400,1200,1300,Maharashtra,Red
2010-02-09,Onion,23,Nagpur,FAQ,Nagpur,1400,1200,1300,Maharashtra,Red
2010-02-09,Onion,23,Satara,FAQ,Karad,1400,500,1000,Maharashtra,Other
2010-02-09,Onion,23,Kolhapur,FAQ,Kolhapur,1500,450,1200,Maharashtra,Other
2010-02-09,Onion,23,Pune,FAQ,Manchar,1200,600,900,Maharashtra,Other
2010-02-09,Onion,23,Nashik,FAQ,Sinner,1325,100,1150,Maharashtra,Other
2010-02-10,Onion,23,Nashik,FAQ,Nandgaon,1200,400,1010,Maharashtra,Other
2010-02-10,Onion,23,Nashik,FAQ,Lasalgaon,1270,401,1125,Maharashtra,Other
2010-02-10,Onion,23,Nashik,FAQ,Nasik,1300,500,1100,Maharashtra,Red
2010-02-10,Onion,23,Dhule,FAQ,Dhule,1135,200,900,Maharashtra,Other
2010-02-10,Onion,23,Sholapur,FAQ,Kurdwadi,1300,100,750,Maharashtra,Other
2010-02-10,Onion,23,Nashik,FAQ,Manmad,1131,570,950,Maharashtra,Red
2010-02-10,Onion,23,Nashik,FAQ,Dindori(Vani),1292,500,1100,Maharashtra,Other
2010-02-11,Onion,23,Satara,FAQ,Satara,1400,500,1000,Maharashtra,Other
2010-02-11,Onion,23,Sholapur,FAQ,Solapur,1500,100,650,Maharashtra,Other
2010-02-11,Onion,23,Ahmednagar,FAQ,Ahmednagar,1500,200,825,Maharashtra,Other
2010-02-11,Onion,23,Satara,FAQ,Karad,1300,700,1000,Maharashtra,Other
2010-02-11,Onion,23,Nashik,FAQ,Kalvan,1451,300,1125,Maharashtra,Other
2010-02-12,Onion,23,Pune,FAQ,Pune(Pimpri),800,800,800,Maharashtra,Other
2010-02-13,Onion,23,Nashik,FAQ,Nasik,1300,561,1100,Maharashtra,Other
2010-02-13,Onion,23,Kolhapur,FAQ,Kolhapur,1400,500,1100,Maharashtra,Other
2010-02-13,Onion,23,Dhule,FAQ,Shirpur,1300,325,1175,Maharashtra,Other
2010-02-13,Onion,23,Mumbai,FAQ,Mumbai,1400,700,1050,Maharashtra,Other
2010-02-14,Onion,23,Chattrapati Sambhajinagar,FAQ,Chattrapati Sambhajinagar,1300,400,850,Maharashtra,Other
2010-02-15,Onion,23,Kolhapur,FAQ,Kolhapur,1300,250,700,Maharashtra,Other
2010-02-15,Onion,23,Ahmednagar,FAQ,Ahmednagar,1400,200,800,Maharashtra,Other
2010-02-15,Onion,23,Nashik,FAQ,Lasalgaon,1200,400,1000,Maharashtra,Other
2010-02-15,Onion,23,Ahmednagar,FAQ,Shrirampur,1450,200,950,Maharashtra,Other
2010-02-15,Onion,23,Amarawati,FAQ,Amrawati(Frui & Veg. Market),1200,600,900,Maharashtra,Other
2010-02-15,Onion,23,Pune,FAQ,Pune(Pimpri),700,500,600,Maharashtra,Other
2010-02-16,Onion,23,Chattrapati Sambhajinagar,FAQ,Chattrapati Sambhajinagar,1150,450,800,Maharashtra,Other
2010-02-16,Onion,23,Nagpur,FAQ,Nagpur,1250,1000,1125,Maharashtra,Red
2010-02-16,Onion,23,Dhule,FAQ,Dhule,950,100,800,Maharashtra,Other
2010-02-16,Onion,23,Nashik,FAQ,Lasalgaon(Niphad),1044,400,935,Maharashtra,Other
2010-02-16,Onion,23,Dhule,FAQ,Dhule,1055,100,850,Maharashtra,Red
2010-02-16,Onion,23,Nashik,FAQ,Yeola,1100,500,950,Maharashtra,Red
2010-02-17,Onion,23,Nashik,FAQ,Lasalgaon(Niphad),1040,400,920,Maharashtra,Other
2010-02-17,Onion,23,Nashik,FAQ,Lasalgaon,980,301,831,Maharashtra,Other
2010-02-17,Onion,23,Sholapur,FAQ,Pandharpur,1375,100,800,Maharashtra,Other
2010-02-17,Onion,23,Ahmednagar,FAQ,Kopargaon,1300,200,1000,Maharashtra,Other
2010-02-17,Onion,23,Nashik,FAQ,Pimpalgaon Baswant(Saykheda),1063,500,970,Maharashtra,Other
2010-02-17,Onion,23,Dhule,FAQ,Shirpur,1375,225,930,Maharashtra,Other
2010-02-17,Onion,23,Nashik,FAQ,Nandgaon,922,561,851,Maharashtra,Other
2010-02-17,Onion,23,Jalgaon,FAQ,Jalgaon,1200,400,700,Maharashtra,Red
2010-02-18,Onion,23,Nagpur,FAQ,Nagpur,1125,750,937,Maharashtra,Red
2010-02-18,Onion,23,Nashik,FAQ,Lasalgaon(Niphad),1040,400,920,Maharashtra,Other
2010-02-18,Onion,23,Nashik,FAQ,Lasalgaon,1100,352,925,Maharashtra,Other
2010-02-18,Onion,23,Ahmednagar,FAQ,Sangamner,1200,100,650,Maharashtra,Other
2010-02-18,Onion,23,Ahmednagar,FAQ,Shrirampur,1405,200,900,Maharashtra,Other
2010-02-20,Onion,23,Nagpur,FAQ,Nagpur,1125,500,812,Maharashtra,Red
2010-02-20,Onion,23,Nashik,FAQ,Yeola,950,400,850,Maharashtra,Red
2010-02-20,Onion,23,Pune,FAQ,Baramati,1000,200,750,Maharashtra,Red
2010-02-20,Onion,23,Nashik,FAQ,Kalvan,852,200,700,Maharashtra,Other
2010-02-21,Onion,23,Nashik,FAQ,Sinner,891,100,675,Maharashtra,Other
2010-02-21,Onion,23,Ahmednagar,FAQ,Newasa(Ghodegaon),925,100,750,Maharashtra,Other
2010-02-21,Onion,23,Satara,FAQ,Karad,1000,300,700,Maharashtra,Other
2010-02-22,Onion,23,Pune,FAQ,Pune(Khadiki),900,200,550,Maharashtra,Other
2010-02-22,Onion,23,Nashik,FAQ,Dindori(Vani),960,300,750,Maharashtra,Other
2010-02-22,Onion,23,Satara,FAQ,Lonand,700,200,550,Maharashtra,Red
2010-02-22,Onion,23,Nagpur,FAQ,Nagpur,1000,875,937,Maharashtra,Red
2010-02-22,Onion,23,Nashik,FAQ,Sinner,900,100,725,Maharashtra,Other
2010-02-22,Onion,23,Satara,FAQ,Karad,1100,500,800,Maharashtra,Other
2010-02-22,Onion,23,Ahmednagar,FAQ,Shrirampur,1000,150,800,Maharashtra,Other
2010-02-22,Onion,23,Satara,FAQ,Satara,1000,500,750,Maharashtra,Other
2010-02-23,Onion,23,Ahmednagar,FAQ,Sangamner,961,100,531,Maharashtra,Other
2010-02-23,Onion,23,Nashik,FAQ,Nandgaon,740,301,650,Maharashtra,Other
2010-02-23,Onion,23,Sholapur,FAQ,Barshi,1200,100,786,Maharashtra,Other
2010-02-23,Onion,23,Mumbai,FAQ,Mumbai,1100,600,850,Maharashtra,Other
2010-02-23,Onion,23,Nashik,FAQ,Yeola,762,400,700,Maharashtra,Red
2010-02-23,Onion,23,Mumbai,FAQ,Vashi New Mumbai,1100,600,850,Maharashtra,Other
2010-02-23,Onion,23,Nagpur,FAQ,Nagpur,875,750,812,Maharashtra,Other
2010-02-23,Onion,23,Nashik,FAQ,Pimpalgaon,901,511,651,Maharashtra,Other
2010-02-23,Onion,23,Jalgaon,FAQ,Jalgaon,900,250,650,Maharashtra,Red
2010-02-24,Onion,23,Beed,FAQ,Kada,775,100,650,Maharashtra,Red
2010-02-24,Onion,23,Chattrapati Sambhajinagar,FAQ,Chattrapati Sambhajinagar,850,250,550,Maharashtra,Other
2010-02-24,Onion,23,Satara,FAQ,Karad,700,400,550,Maharashtra,Other
2010-02-24,Onion,23,Nashik,FAQ,Nasik,900,361,700,Maharashtra,Red
2010-02-24,Onion,23,Pune,FAQ,Pune(Pimpri),800,400,600,Maharashtra,Other
2010-02-24,Onion,23,Nashik,FAQ,Chandvad,725,150,600,Maharashtra,Other
2010-02-25,Onion,23,Kolhapur,FAQ,Kolhapur,800,400,600,Maharashtra,Other
2010-02-25,Onion,23,Nashik,FAQ,Pimpalgaon,804,500,625,Maharashtra,Other
2010-02-25,Onion,23,Mumbai,FAQ,Vashi New Mumbai,900,700,800,Maharashtra,Other
2010-02-25,Onion,23,Pune,FAQ,Pune(Khadiki),800,200,500,Maharashtra,Other
2010-02-25,Onion,23,Buldhana,FAQ,Malkapur,725,500,600,Maharashtra,Other
2010-02-25,Onion,23,Satara,FAQ,Lonand,711,250,650,Maharashtra,Other
2010-02-25,Onion,23,Ahmednagar,FAQ,Rahuri(Vambori),750,100,425,Maharashtra,Other
2010-02-26,Onion,23,Mumbai,FAQ,Mumbai,800,650,725,Maharashtra,Other
2010-02-26,Onion,23,Nashik,FAQ,Pimpalgaon Baswant(Saykheda),701,550,640,Maharashtra,Other
2010-02-28,Onion,23,Pune,FAQ,Pune(Pimpri),600,400,500,Maharashtra,Other
2010-02-28,Onion,23,Ahmednagar,FAQ,Akole,800,200,476,Maharashtra,Other
2010-03-01,Onion,23,Nashik,FAQ,Sinner,900,100,700,Maharashtra,Other
2010-03-01,Onion,23,Satara,FAQ,Karad,600,500,550,Maharashtra,Other
2010-03-02,Onion,23,Ahmednagar,FAQ,Sangamner,851,100,475,Maharashtra,Other
2010-03-02,Onion,23,Satara,FAQ,Phaltan,771,300,500,Maharashtra,Other
2010-03-02,Onion,23,Nashik,FAQ,Nashik(Devlali),755,361,650,Maharashtra,Red
2010-03-02,Onion,23,Pune,FAQ,Pune(Khadiki),500,200,350,Maharashtra,Other
2010-03-02,Onion,23,Satara,FAQ,Karad,700,300,500,Maharashtra,Other
2010-03-02,Onion,23,Nashik,FAQ,Sinner,675,100,600,Maharashtra,Other
2010-03-02,Onion,23,Mumbai,FAQ,Mumbai,900,700,800,Maharashtra,Other
2010-03-02,Onion,23,Mumbai,FAQ,Vashi New Mumbai,900,700,800,Maharashtra,Other
2010-03-03,Onion,23,Nashik,FAQ,Sinner,1001,100,650,Maharashtra,Other
2010-03-03,Onion,23,Nashik,FAQ,Devala,774,250,650,Maharashtra,Red
2010-03-03,Onion,23,Nashik,FAQ,Lasalgaon(Niphad),790,451,730,Maharashtra,Other
2010-03-04,Onion,23,Ahmednagar,FAQ,Shrirampur,800,100,500,Maharashtra,Other
2010-03-04,Onion,23,Mumbai,FAQ,Vashi New Mumbai,850,650,750,Maharashtra,Other
2010-03-04,Onion,23,Dharashiv(Usmanabad),FAQ,Dharashiv,270,110,190,Maharashtra,Red
2010-03-04,Onion,23,Nashik,FAQ,Devala,850,500,750,Maharashtra,Other
2010-03-04,Onion,23,Jalgaon,FAQ,Jalgaon,750,300,575,Maharashtra,Red
2010-03-05,Onion,23,Nashik,FAQ,Nasik,900,400,600,Maharashtra,Other
2010-03-05,Onion,23,Nashik,FAQ,Kalvan,917,499,800,Maharashtra,Other
2010-03-05,Onion,23,Amarawati,FAQ,Amrawati(Frui & Veg. Market),900,600,750,Maharashtra,Other
2010-03-05,Onion,23,Mumbai,FAQ,Vashi New Mumbai,900,700,800,Maharashtra,Other
2010-03-05,Onion,23,Dhule,FAQ,Dhule,800,100,690,Maharashtra,Other
2010-03-05,Onion,23,Nashik,FAQ,Devala,881,200,650,Maharashtra,Other
2010-03-05,Onion,23,Ahmednagar,FAQ,Rahuri,1000,200,600,Maharashtra,Other
2010-03-06,Onion,23,Satara,FAQ,Satara,800,500,650,Maharashtra,Other
2010-03-06,Onion,23,Pune,FAQ,Pune(Khadiki),800,200,500,Maharashtra,Other
2010-03-06,Onion,23,Nashik,FAQ,Nasik,850,411,700,Maharashtra,Other
2010-03-06,Onion,23,Nashik,FAQ,Chandvad,865,100,750,Maharashtra,Red
2010-03-06,Onion,23,Kolhapur,FAQ,Kolhapur(Malkapur),600,600,600,Maharashtra,Other
2010-03-06,Onion,23,Sholapur,FAQ,Pandharpur,800,200,725,Maharashtra,Other
2010-03-06,Onion,23,Chattrapati Sambhajinagar,FAQ,Chattrapati Sambhajinagar,900,400,650,Maharashtra,Other
2010-03-07,Onion,23,Thane,FAQ,Palghar,700,600,650,Maharashtra,Other
2010-03-07,Onion,23,Pune,FAQ,Pune(Khadiki),850,200,520,Maharashtra,Other
2010-03-07,Onion,23,Chattrapati Sambhajinagar,FAQ,Chattrapati Sambhajinagar,800,400,600,Maharashtra,Other
2010-03-08,Onion,23,Chattrapati Sambhajinagar,FAQ,Chattrapati Sambhajinagar,800,300,550,Maharashtra,Other
2010-03-08,Onion,23,Dhule,FAQ,Dhule,855,100,720,Maharashtra,Red
2010-03-08,Onion,23,Nashik,FAQ,Devala,912,100,775,Maharashtra,Other
2010-03-08,Onion,23,Kolhapur,FAQ,Kolhapur,900,400,750,Maharashtra,Other
2010-03-08,Onion,23,Nashik,FAQ,Dindori(Vani),777,300,700,Maharashtra,Other
2010-03-08,Onion,23,Nashik,FAQ,Devala,846,100,700,Maharashtra,Red
2010-03-09,Onion,23,Nashik,FAQ,Nasik,800,500,700,Maharashtra,Other
2010-03-09,Onion,23,Ahmednagar,FAQ,Rahata,825,125,575,Maharashtra,Other
2010-03-09,Onion,23,Dhule,FAQ,Dhule,770,100,635,Maharashtra,Red
2010-03-09,Onion,23,Nagpur,FAQ,Nagpur,950,800,875,Maharashtra,Red
2010-03-09,Onion,23,Nashik,FAQ,Lasalgaon,751,200,631,Maharashtra,Red
2010-03-09,Onion,23,Nashik,FAQ,Lasalgaon(Niphad),692,325,570,Maharashtra,Other
2010-03-09,Onion,23,Nagpur,FAQ,Nagpur,900,750,825,Maharashtra,Other
2010-03-09,Onion,23,Nashik,FAQ,Satana,750,200,655,Maharashtra,Red
2010-03-09,Onion,23,Nashik,FAQ,Malegaon,670,201,550,Maharashtra,Red
2010-03-09,Onion,23,Nashik,FAQ,Pimpalgaon Baswant(Saykheda),700,200,575,Maharashtra,Other
2010-03-09,Onion,23,Nashik,FAQ,Sinner,700,100,600,Maharashtra,Other
2010-03-09,Onion,23,Nashik,FAQ,Chandvad,668,100,550,Maharashtra,Red
2010-03-09,Onion,23,Nashik,FAQ,Devala,888,300,650,Maharashtra,Other
2010-03-09,Onion,23,Nashik,FAQ,Satana,875,350,745,Maharashtra,Other
2010-03-10,Onion,23,Nashik,FAQ,Lasalgaon,690,200,611,Maharashtra,Red
2010-03-10,Onion,23,Nashik,FAQ,Pimpalgaon Baswant(Saykheda),676,350,580,Maharashtra,Other
2010-03-10,Onion,23,Nashik,FAQ,Sinner,900,100,650,Maharashtra,Other
2010-03-10,Onion,23,Sholapur,FAQ,Pandharpur,825,150,811,Maharashtra,Other
2010-03-10,Onion,23,Pune,FAQ,Pune(Pimpri),800,600,700,Maharashtra,Other
2010-03-10,Onion,23,Nashik,FAQ,Chandvad,713,100,580,Maharashtra,Red
2010-03-10,Onion,23,Ahmednagar,FAQ,Newasa(Ghodegaon),850,100,650,Maharashtra,Other
2010-03-10,Onion,23,Dharashiv(Usmanabad),FAQ,Dharashiv,1000,450,725,Maharashtra,Other
2010-03-11,Onion,23,Chattrapati Sambhajinagar,FAQ,Chattrapati Sambhajinagar,700,300,500,Maharashtra,Other
2010-03-11,Onion,23,Satara,FAQ,Lonand,725,300,650,Maharashtra,Other
2010-03-11,Onion,23,Nashik,FAQ,Nasik,751,300,600,Maharashtra,Other
2010-03-11,Onion,23,Dharashiv(Usmanabad),FAQ,Dharashiv,1000,550,775,Maharashtra,Other
2010-03-11,Onion,23,Nashik,FAQ,Devala,873,150,651,Maharashtra,Other
2010-03-11,Onion,23,Nashik,FAQ,Lasalgaon,724,200,651,Maharashtra,Red
2010-03-11,Onion,23,Ahmednagar,FAQ,Ahmednagar,850,150,500,Maharashtra,Other
2010-03-12,Onion,23,Nashik,FAQ,Devala,650,100,575,Maharashtra,Red
2010-03-12,Onion,23,Kolhapur,FAQ,Kolhapur,800,400,700,Maharashtra,Other
2010-03-12,Onion,23,Nashik,FAQ,Kalvan,861,200,725,Maharashtra,Other
2010-03-13,Onion,23,Dhule,FAQ,Dhule,645,100,540,Maharashtra,Other
2010-03-13,Onion,23,Dhule,FAQ,Shirpur,700,101,525,Maharashtra,Other
2010-03-13,Onion,23,Nashik,FAQ,Lasalgaon(Niphad),600,370,540,Maharashtra,Other
2010-03-13,Onion,23,Nashik,FAQ,Pimpalgaon Baswant(Saykheda),713,400,580,Maharashtra,Other
2010-03-13,Onion,23,Dharashiv(Usmanabad),FAQ,Dharashiv,650,650,650,Maharashtra,Other
2010-03-14,Onion,23,Beed,FAQ,Kada,750,100,550,Maharashtra,Other
2010-03-14,Onion,23,Ahmednagar,FAQ,Rahuri,700,100,400,Maharashtra,Other
2010-03-15,Onion,23,Pune,FAQ,Pune(Khadiki),600,300,450,Maharashtra,Other
2010-03-15,Onion,23,Nashik,FAQ,Sinner,700,100,550,Maharashtra,Other
2010-03-15,Onion,23,Sholapur,FAQ,Kurdwadi,590,100,350,Maharashtra,Other
2010-03-15,Onion,23,Chattrapati Sambhajinagar,FAQ,Chattrapati Sambhajinagar,700,300,500,Maharashtra,Other
2010-03-15,Onion,23,Nagpur,FAQ,Nagpur,600,500,550,Maharashtra,Red
2010-03-16,Onion,23,Nashik,FAQ,Pimpalgaon,700,300,551,Maharashtra,Other
2010-03-16,Onion,23,Nagpur,FAQ,Nagpur,700,375,537,Maharashtra,Red
2010-03-17,Onion,23,Nashik,FAQ,Sinner,700,100,500,Maharashtra,Other
2010-03-17,Onion,23,Nashik,FAQ,Satana,670,200,595,Maharashtra,Red
2010-03-17,Onion,23,Dhule,FAQ,Dhule,650,100,555,Maharashtra,Other
2010-03-17,Onion,23,Pune,FAQ,Pune,650,550,600,Maharashtra,Other
2010-03-17,Onion,23,Nashik,FAQ,Dindori,635,275,615,Maharashtra,Other
2010-03-17,Onion,23,Nashik,FAQ,Devala,656,200,575,Maharashtra,Other
2010-03-17,Onion,23,Nashik,FAQ,Dindori(Vani),740,300,650,Maharashtra,Other
2010-03-17,Onion,23,Nashik,FAQ,Yeola,613,300,550,Maharashtra,Red
2010-03-17,Onion,23,Nashik,FAQ,Nandgaon,700,300,580,Maharashtra,Other
2010-03-17,Onion,23,Jalgaon,FAQ,Jalgaon,700,325,550,Maharashtra,Red
2010-03-17,Onion,23,Nagpur,FAQ,Nagpur,875,500,687,Maharashtra,Other
2010-03-17,Onion,23,Nashik,FAQ,Lasalgaon,620,201,511,Maharashtra,Red
2010-03-17,Onion,23,Kolhapur,FAQ,Kolhapur,700,300,600,Maharashtra,Other
2010-03-18,Onion,23,Satara,FAQ,Satara,700,300,500,Maharashtra,Other
2010-03-18,Onion,23,Mumbai,FAQ,Vashi New Mumbai,850,600,725,Maharashtra,Other
2010-03-18,Onion,23,Pune,FAQ,Junnar,750,400,550,Maharashtra,Other
2010-03-18,Onion,23,Nashik,FAQ,Lasalgaon(Niphad),552,250,480,Maharashtra,Other
2010-03-18,Onion,23,Satara,FAQ,Lonand,635,300,575,Maharashtra,Other
2010-03-18,Onion,23,Nagpur,FAQ,Nagpur,875,500,687,Maharashtra,Other
2010-03-18,Onion,23,Ahmednagar,FAQ,Rahuri(Vambori),700,100,400,Maharashtra,Other
2010-03-18,Onion,23,Kolhapur,FAQ,Kolhapur,700,250,600,Maharashtra,Other
2010-03-18,Onion,23,Sholapur,FAQ,Solapur,730,100,350,Maharashtra,Other
2010-03-19,Onion,23,Dharashiv(Usmanabad),FAQ,Dharashiv,200,100,150,Maharashtra,Red
2010-03-19,Onion,23,Nashik,FAQ,Lasalgaon,554,200,451,Maharashtra,Red
2010-03-19,Onion,23,Sholapur,FAQ,Kurdwadi,700,100,400,Maharashtra,Other
2010-03-19,Onion,23,Amarawati,FAQ,Amrawati(Frui & Veg. Market),800,500,650,Maharashtra,Other
2010-03-20,Onion,23,Pune,FAQ,Pune(Pimpri),600,600,600,Maharashtra,Other
2010-03-20,Onion,23,Mumbai,FAQ,Vashi New Mumbai,750,500,660,Maharashtra,Other
2010-03-20,Onion,23,Dhule,FAQ,Dhule,655,100,570,Maharashtra,Other
2010-03-20,Onion,23,Amarawati,FAQ,Amrawati(Frui & Veg. Market),800,500,650,Maharashtra,Other
2010-03-20,Onion,23,Parbhani,FAQ,Parbhani,800,700,750,Maharashtra,Red
2010-03-21,Onion,23,Chattrapati Sambhajinagar,FAQ,Chattrapati Sambhajinagar,650,150,450,Maharashtra,Other
2010-03-21,Onion,23,Satara,FAQ,Satara,600,400,500,Maharashtra,Other
2010-03-21,Onion,23,Pune,FAQ,Pune(Khadiki),700,200,450,Maharashtra,Other
2010-03-21,Onion,23,Nagpur,FAQ,Nagpur,750,625,687,Maharashtra,Red
2010-03-21,Onion,23,Amarawati,FAQ,Amrawati(Frui & Veg. Market),850,600,725,Maharashtra,Other
2010-03-22,Onion,23,Nashik,FAQ,Devala,675,200,550,Maharashtra,Other
2010-03-22,Onion,23,Nashik,FAQ,Lasalgaon(Niphad),639,261,565,Maharashtra,Other
2010-03-22,Onion,23,Ahmednagar,FAQ,Akole,800,150,675,Maharashtra,Other
2010-03-22,Onion,23,Pune,FAQ,Pune,700,550,625,Maharashtra,Other
2010-03-22,Onion,23,Nashik,FAQ,Sinner,811,100,550,Maharashtra,Other
2010-03-22,Onion,23,Nashik,FAQ,Kalvan,770,100,451,Maharashtra,Other
2010-03-22,Onion,23,Ahmednagar,FAQ,Rahuri(Vambori),905,100,500,Maharashtra,Other
2010-03-22,Onion,23,Satara,FAQ,Lonand,675,250,600,Maharashtra,Other
2010-03-22,Onion,23,Nashik,FAQ,Dindori(Vani),695,300,600,Maharashtra,Other
2010-03-22,Onion,23,Nashik,FAQ,Yeola,631,300,575,Maharashtra,Red
2010-03-22,Onion,23,Nashik,FAQ,Nandgaon,621,250,550,Maharashtra,Other
2010-03-23,Onion,23,Sholapur,FAQ,Pandharpur,719,170,605,Maharashtra,Other
2010-03-23,Onion,23,Chattrapati Sambhajinagar,FAQ,Chattrapati Sambhajinagar,650,250,450,Maharashtra,Other
2010-03-23,Onion,23,Jalgaon,FAQ,Jalgaon,600,300,500,Maharashtra,Red
2010-03-23,Onion,23,Nashik,FAQ,Chandvad,551,100,500,Maharashtra,Red
2010-03-23,Onion,23,Nashik,FAQ,Yeola,571,300,475,Maharashtra,Red
2010-03-23,Onion,23,Nashik,FAQ,Nandgaon,651,211,500,Maharashtra,Other
2010-03-23,Onion,23,Kolhapur,FAQ,Kolhapur,750,300,600,Maharashtra,Other
2010-03-23,Onion,23,Satara,FAQ,Phaltan,685,200,450,Maharashtra,Other
2010-03-23,Onion,23,Nashik,FAQ,Satana,650,150,550,Maharashtra,Red
2010-03-24,Onion,23,Pune,FAQ,Baramati,611,200,500,Maharashtra,Red
2010-03-24,Onion,23,Nagpur,FAQ,Nagpur,650,600,625,Maharashtra,Red
2010-03-24,Onion,23,Nashik,FAQ,Dindori(Vani),687,300,550,Maharashtra,Other
2010-03-24,Onion,23,Jalgaon,FAQ,Jalgaon,650,300,500,Maharashtra,Red
2010-03-24,Onion,23,Nashik,FAQ,Sinner,751,100,550,Maharashtra,Other
2010-03-24,Onion,23,Beed,FAQ,Kada,800,150,650,Maharashtra,Other
2010-03-25,Onion,23,Jalgaon,FAQ,Jalgaon,600,250,500,Maharashtra,Red
2010-03-25,Onion,23,Mumbai,FAQ,Mumbai,750,500,660,Maharashtra,Other
2010-03-25,Onion,23,Dhule,FAQ,Dhule,625,100,500,Maharashtra,Other
2010-03-25,Onion,23,Dhule,FAQ,Dhule,600,100,480,Maharashtra,Red
2010-03-25,Onion,23,Sholapur,FAQ,Kurdwadi,600,100,400,Maharashtra,Other
2010-03-26,Onion,23,Mumbai,FAQ,Mumbai,750,500,660,Maharashtra,Other
2010-03-26,Onion,23,Nashik,FAQ,Nashik(Devlali),600,225,490,Maharashtra,Other
2010-03-26,Onion,23,Nashik,FAQ,Lasalgaon,792,225,630,Maharashtra,Red
2010-03-26,Onion,23,Jalgaon,FAQ,Jalgaon,600,250,500,Maharashtra,Red
2010-03-26,Onion,23,Mumbai,FAQ,Vashi New Mumbai,750,500,660,Maharashtra,Other
2010-03-26,Onion,23,Sholapur,FAQ,Pandharpur,630,100,550,Maharashtra,Other
2010-03-26,Onion,23,Ahmednagar,FAQ,Rahuri,650,100,375,Maharashtra,Other
2010-03-27,Onion,23,Kolhapur,FAQ,Kolhapur,700,300,600,Maharashtra,Other
2010-03-28,Onion,23,Ahmednagar,FAQ,Newasa(Ghodegaon),675,100,550,Maharashtra,Other
2010-03-28,Onion,23,Satara,FAQ,Satara,700,300,500,Maharashtra,Other
2010-03-29,Onion,23,Beed,FAQ,Kada,700,100,600,Maharashtra,Other
2010-03-29,Onion,23,Pune,FAQ,Pune(Khadiki),650,300,470,Maharashtra,Other
2010-03-29,Onion,23,Mumbai,FAQ,Vashi New Mumbai,750,550,665,Maharashtra,Other
2010-03-29,Onion,23,Dhule,FAQ,Dhule,635,100,510,Maharashtra,Red
2010-03-29,Onion,23,Jalgaon,FAQ,Jalgaon,625,250,500,Maharashtra,Red
2010-03-29,Onion,23,Mumbai,FAQ,Mumbai,750,550,665,Maharashtra,Other
2010-03-30,Onion,23,Nagpur,FAQ,Nagpur,625,450,537,Maharashtra,Red
2010-03-30,Onion,23,Jalgaon,FAQ,Jalgaon,585,250,500,Maharashtra,Red
2010-03-30,Onion,23,Nagpur,FAQ,Nagpur,775,550,662,Maharashtra,Other
2010-03-31,Onion,23,Mumbai,FAQ,Mumbai,850,500,800,Maharashtra,Other
2010-03-31,Onion,23,Nagpur,FAQ,Nagpur,750,575,662,Maharashtra,Other
2010-04-01,Onion,23,Pune,FAQ,Pune(Khadiki),700,400,550,Maharashtra,Other
2010-04-01,Onion,23,Kolhapur,FAQ,Kolhapur,800,300,600,Maharashtra,Other
2010-04-01,Onion,23,Nashik,FAQ,Nasik,650,290,550,Maharashtra,Other
2010-04-01,Onion,23,Mumbai,FAQ,Vashi New Mumbai,850,600,750,Maharashtra,Other
2010-04-01,Onion,23,Dharashiv(Usmanabad),FAQ,Dharashiv,270,140,205,Maharashtra,Red
2010-04-01,Onion,23,Nashik,FAQ,Dindori,741,387,633,Maharashtra,Other
2010-04-01,Onion,23,Pune,FAQ,Junnar(Otur),800,100,600,Maharashtra,Other
2010-04-02,Onion,23,Pune,FAQ,Pune(Pimpri),650,650,650,Maharashtra,Other
2010-04-02,Onion,23,Pune,FAQ,Pune(Khadiki),700,400,550,Maharashtra,Other
2010-04-02,Onion,23,Ahmednagar,FAQ,Newasa,715,150,575,Maharashtra,Other
2010-04-03,Onion,23,Dharashiv(Usmanabad),FAQ,Dharashiv,270,270,270,Maharashtra,Red
2010-04-03,Onion,23,Mumbai,FAQ,Vashi New Mumbai,800,600,750,Maharashtra,Other
2010-04-03,Onion,23,Pune,FAQ,Pune(Pimpri),700,600,650,Maharashtra,Other
2010-04-03,Onion,23,Nagpur,FAQ,Nagpur,600,575,587,Maharashtra,Red
2010-04-03,Onion,23,Nashik,FAQ,Nasik,750,500,600,Maharashtra,Other
2010-04-04,Onion,23,Nashik,FAQ,Sinner,611,100,500,Maharashtra,Other
2010-04-04,Onion,23,Pune,FAQ,Manchar,550,300,430,Maharashtra,Other
2010-04-04,Onion,23,Nagpur,FAQ,Nagpur,750,550,650,Maharashtra,Red
2010-04-05,Onion,23,Amarawati,FAQ,Amrawati(Frui & Veg. Market),750,400,575,Maharashtra,Other
2010-04-05,Onion,23,Jalgaon,FAQ,Jalgaon,575,200,500,Maharashtra,Other
2010-04-05,Onion,23,Nashik,FAQ,Malegaon,731,151,620,Maharashtra,Red
2010-04-06,Onion,23,Nashik,FAQ,Pimpalgaon Baswant(Saykheda),700,450,600,Maharashtra,Other
2010-04-06,Onion,23,Mumbai,FAQ,Vashi New Mumbai,750,550,650,Maharashtra,Other
2010-04-07,Onion,23,Kolhapur,FAQ,Kolhapur,700,300,600,Maharashtra,Other
2010-04-07,Onion,23,Beed,FAQ,Kada,700,100,600,Maharashtra,Other
2010-04-07,Onion,23,Pune,FAQ,Pune,700,550,625,Maharashtra,Other
2010-04-07,Onion,23,Jalgaon,FAQ,Jalgaon,625,200,500,Maharashtra,Red
2010-04-08,Onion,23,Nashik,FAQ,Devala,425,125,300,Maharashtra,Red
2010-04-08,Onion,23,Nashik,FAQ,Lasalgaon(Niphad),621,225,515,Maharashtra,Other
2010-04-08,Onion,23,Nagpur,FAQ,Nagpur,700,650,675,Maharashtra,Other
2010-04-08,Onion,23,Nashik,FAQ,Chandvad,651,100,550,Maharashtra,Other
2010-04-09,Onion,23,Satara,FAQ,Phaltan,500,200,300,Maharashtra,Other
2010-04-09,Onion,23,Pune,FAQ,Pune(Pimpri),650,350,500,Maharashtra,Other
2010-04-09,Onion,23,Nashik,FAQ,Dindori,622,315,490,Maharashtra,Other
2010-04-09,Onion,23,Mumbai,FAQ,Mumbai,700,500,650,Maharashtra,Other
2010-04-09,Onion,23,Pune,FAQ,Manchar,650,400,525,Maharashtra,Other
2010-04-09,Onion,23,Pune,FAQ,Pune,650,500,575,Maharashtra,Other
2010-04-09,Onion,23,Mumbai,FAQ,Vashi New Mumbai,700,500,650,Maharashtra,Other
2010-04-09,Onion,23,Jalgaon,FAQ,Jalgaon,550,300,450,Maharashtra,Red
2010-04-10,Onion,23,Nagpur,FAQ,Nagpur,750,650,700,Maharashtra,Other
2010-04-10,Onion,23,Nashik,FAQ,Nasik,650,300,550,Maharashtra,Other
2010-04-10,Onion,23,Kolhapur,FAQ,Kolhapur,650,300,600,Maharashtra,Other
2010-04-11,Onion,23,Ahmednagar,FAQ,Sangamner,701,100,401,Maharashtra,Other
2010-04-11,Onion,23,Pune,FAQ,Pune(Khadiki),700,250,470,Maharashtra,Other
2010-04-12,Onion,23,Jalgaon,FAQ,Jalgaon,500,300,400,Maharashtra,Red
2010-04-12,Onion,23,Pune,FAQ,Pune,620,500,560,Maharashtra,Other
2010-04-12,Onion,23,Pune,FAQ,Pune(Pimpri),600,400,500,Maharashtra,Other
2010-04-12,Onion,23,Nagpur,FAQ,Nagpur,600,450,525,Maharashtra,Other
2010-04-12,Onion,23,Chattrapati Sambhajinagar,FAQ,Chattrapati Sambhajinagar,750,300,525,Maharashtra,Other
2010-04-12,Onion,23,Satara,FAQ,Karad,900,600,750,Maharashtra,Other
2010-04-13,Onion,23,Dharashiv(Usmanabad),FAQ,Dharashiv,230,100,165,Maharashtra,Red
2010-04-13,Onion,23,Ahmednagar,FAQ,Pathardi,705,140,587,Maharashtra,Other
2010-04-13,Onion,23,Dhule,FAQ,Dhule,460,100,350,Maharashtra,Other
2010-04-13,Onion,23,Nagpur,FAQ,Nagpur,550,400,475,Maharashtra,Red
2010-04-13,Onion,23,Kolhapur,FAQ,Kolhapur,650,250,600,Maharashtra,Other
2010-04-14,Onion,23,Mumbai,FAQ,Mumbai,700,500,650,Maharashtra,Other
2010-04-14,Onion,23,Pune,FAQ,Pune,650,500,575,Maharashtra,Other
2010-04-14,Onion,23,Nashik,FAQ,Dindori,761,370,586,Maharashtra,Other
2010-04-14,Onion,23,Dharashiv(Usmanabad),FAQ,Dharashiv,200,180,190,Maharashtra,Red
2010-04-15,Onion,23,Pune,FAQ,Manchar,650,250,450,Maharashtra,Other
2010-04-15,Onion,23,Nashik,FAQ,Devala,560,275,500,Maharashtra,Other
2010-04-16,Onion,23,Dharashiv(Usmanabad),FAQ,Dharashiv,400,300,350,Maharashtra,Other
2010-04-16,Onion,23,Ahmednagar,FAQ,Rahata,565,175,425,Maharashtra,Other
2010-04-16,Onion,23,Ahmednagar,FAQ,Rahuri,600,100,350,Maharashtra,Other
2010-04-16,Onion,23,Mumbai,FAQ,Mumbai,700,500,650,Maharashtra,Other
2010-04-17,Onion,23,Nagpur,FAQ,Nagpur,475,400,437,Maharashtra,Other
2010-04-17,Onion,23,Kolhapur,FAQ,Kolhapur,600,300,500,Maharashtra,Other
2010-04-17,Onion,23,Dhule,FAQ,Dhule,515,100,415,Maharashtra,Other
2010-04-17,Onion,23,Nashik,FAQ,Kalvan,522,100,451,Maharashtra,Other
2010-04-17,Onion,23,Nashik,FAQ,Yeola,476,250,425,Maharashtra,Other
2010-04-17,Onion,23,Satara,FAQ,Karad,700,300,500,Maharashtra,Other
2010-04-18,Onion,23,Ahmednagar,FAQ,Akole,675,100,361,Maharashtra,Other
2010-04-18,Onion,23,Ahmednagar,FAQ,Rahata,600,150,450,Maharashtra,Other
2010-04-18,Onion,23,Nashik,FAQ,Pimpalgaon Baswant(Saykheda),500,375,425,Maharashtra,Other
2010-04-18,Onion,23,Dharashiv(Usmanabad),FAQ,Dharashiv,500,200,350,Maharashtra,Other
2010-04-19,Onion,23,Nashik,FAQ,Manmad,529,301,460,Maharashtra,Red
2010-04-19,Onion,23,Pune,FAQ,Pune(Pimpri),600,250,425,Maharashtra,Other
2010-04-19,Onion,23,Ahmednagar,FAQ,Ahmednagar,600,100,350,Maharashtra,Other
2010-04-19,Onion,23,Pune,FAQ,Pune(Khadiki),650,350,500,Maharashtra,Other
2010-04-20,Onion,23,Nashik,FAQ,Manmad,497,202,461,Maharashtra,Red
2010-04-20,Onion,23,Pune,FAQ,Pune(Khadiki),600,250,420,Maharashtra,Other
2010-04-20,Onion,23,Nashik,FAQ,Satana,595,150,475,Maharashtra,Red
2010-04-20,Onion,23,Pune,FAQ,Pune(Pimpri),600,600,600,Maharashtra,Other
2010-04-21,Onion,23,Chattrapati Sambhajinagar,FAQ,Chattrapati Sambhajinagar,700,200,450,Maharashtra,Other
2010-04-21,Onion,23,Nashik,FAQ,Lasalgaon,600,275,525,Maharashtra,Other
2010-04-21,Onion,23,Pune,FAQ,Pune(Khadiki),600,200,400,Maharashtra,Other
2010-04-21,Onion,23,Mumbai,FAQ,Vashi New Mumbai,650,450,600,Maharashtra,Other
2010-04-22,Onion,23,Nagpur,FAQ,Kalmeshwar,600,400,500,Maharashtra,Other
2010-04-22,Onion,23,Nashik,FAQ,Satana,620,250,540,Maharashtra,Other
2010-04-22,Onion,23,Satara,FAQ,Satara,600,300,450,Maharashtra,Other
2010-04-22,Onion,23,Mumbai,FAQ,Vashi New Mumbai,650,450,500,Maharashtra,Other
2010-04-22,Onion,23,Nashik,FAQ,Dindori(Vani),625,300,510,Maharashtra,Other
2010-04-22,Onion,23,Nashik,FAQ,Nasik,575,200,400,Maharashtra,Other
2010-04-22,Onion,23,Nashik,FAQ,Yeola,479,270,425,Maharashtra,Other
2010-04-23,Onion,23,Nashik,FAQ,Chandvad,575,100,500,Maharashtra,Other
2010-04-23,Onion,23,Nagpur,FAQ,Kalmeshwar,600,400,500,Maharashtra,Other
2010-04-23,Onion,23,Mumbai,FAQ,Mumbai,650,400,550,Maharashtra,Other
2010-04-23,Onion,23,Mumbai,FAQ,Vashi New Mumbai,650,400,550,Maharashtra,Other
2010-04-24,Onion,23,Pune,FAQ,Baramati,450,100,300,Maharashtra,Red
2010-04-24,Onion,23,Kolhapur,FAQ,Kolhapur,600,300,500,Maharashtra,Other
2010-04-24,Onion,23,Parbhani,FAQ,Parbhani,700,600,650,Maharashtra,Red
2010-04-24,Onion,23,Ahmednagar,FAQ,Kopargaon,600,100,350,Maharashtra,Other
2010-04-24,Onion,23,Dharashiv(Usmanabad),FAQ,Dharashiv,410,200,305,Maharashtra,Other
2010-04-24,Onion,23,Pune,FAQ,Pune(Khadiki),500,200,370,Maharashtra,Other
2010-04-24,Onion,23,Dhule,FAQ,Dhule,460,100,350,Maharashtra,Other
2010-04-24,Onion,23,Kolhapur,FAQ,Kolhapur(Malkapur),600,600,600,Maharashtra,Other
2010-04-24,Onion,23,Nashik,FAQ,Kalvan,510,100,451,Maharashtra,Other
2010-04-25,Onion,23,Satara,FAQ,Satara,600,300,450,Maharashtra,Other
2010-04-25,Onion,23,Ahmednagar,FAQ,Akole,675,100,344,Maharashtra,Other
2010-04-25,Onion,23,Ahmednagar,FAQ,Rahata,625,150,450,Maharashtra,Other
2010-04-25,Onion,23,Nagpur,FAQ,Nagpur,500,400,450,Maharashtra,Other
2010-04-25,Onion,23,Pune,FAQ,Pune(Pimpri),700,550,600,Maharashtra,Other
2010-04-25,Onion,23,Ahmednagar,FAQ,Sangamner,700,100,400,Maharashtra,Other
2010-04-26,Onion,23,Nashik,FAQ,Dindori(Vani),682,300,601,Maharashtra,Other
2010-04-26,Onion,23,Nashik,FAQ,Devala,598,150,450,Maharashtra,Other
2010-04-26,Onion,23,Nashik,FAQ,Dindori,632,277,484,Maharashtra,Other
2010-04-26,Onion,23,Mumbai,FAQ,Vashi New Mumbai,700,500,650,Maharashtra,Other
2010-04-26,Onion,23,Pune,FAQ,Pune(Pimpri),580,580,580,Maharashtra,Other
2010-04-27,Onion,23,Kolhapur,FAQ,Kolhapur,650,300,500,Maharashtra,Other
2010-04-27,Onion,23,Nashik,FAQ,Devala,600,100,500,Maharashtra,Other
2010-04-27,Onion,23,Nagpur,FAQ,Nagpur,500,425,462,Maharashtra,Red
2010-04-27,Onion,23,Chattrapati Sambhajinagar,FAQ,Chattrapati Sambhajinagar,600,200,400,Maharashtra,Other
2010-04-27,Onion,23,Ahmednagar,FAQ,Pathardi,800,104,655,Maharashtra,Other
2010-04-28,Onion,23,Jalgaon,FAQ,Jalgaon,510,250,450,Maharashtra,Red
2010-04-28,Onion,23,Sholapur,FAQ,Pandharpur,651,150,400,Maharashtra,Other
2010-04-28,Onion,23,Nashik,FAQ,Dindori(Vani),700,350,580,Maharashtra,Other
2010-04-28,Onion,23,Sholapur,FAQ,Kurdwadi,451,100,300,Maharashtra,Other
2010-04-29,Onion,23,Nagpur,FAQ,Nagpur,450,350,400,Maharashtra,Other
2010-04-29,Onion,23,Nashik,FAQ,Lasalgaon,636,251,525,Maharashtra,Other
2010-04-29,Onion,23,Chattrapati Sambhajinagar,FAQ,Chattrapati Sambhajinagar,700,300,500,Maharashtra,Other
2010-04-29,Onion,23,Pune,FAQ,Manchar,600,450,530,Maharashtra,Other
2010-04-29,Onion,23,Jalgaon,FAQ,Jalgaon,500,200,350,Maharashtra,Red
2010-04-29,Onion,23,Nashik,FAQ,Manmad,550,351,470,Maharashtra,Other
2010-04-29,Onion,23,Nashik,FAQ,Malegaon,523,100,400,Maharashtra,Red
2010-04-29,Onion,23,Kolhapur,FAQ,Kolhapur,650,300,600,Maharashtra,Other
2010-04-29,Onion,23,Mumbai,FAQ,Vashi New Mumbai,700,500,650,Maharashtra,Other
2010-04-30,Onion,23,Nashik,FAQ,Chandvad,575,100,500,Maharashtra,Other
2010-04-30,Onion,23,Nashik,FAQ,Nasik,550,200,400,Maharashtra,Other
2010-04-30,Onion,23,Nashik,FAQ,Devala,600,200,450,Maharashtra,Other
2010-04-30,Onion,23,Ahmednagar,FAQ,Newasa,675,100,550,Maharashtra,Other
2010-04-30,Onion,23,Nashik,FAQ,Yeola,525,300,440,Maharashtra,Other
2010-04-30,Onion,23,Sholapur,FAQ,Pandharpur,631,100,375,Maharashtra,Other
2010-04-30,Onion,23,Nashik,FAQ,Kalvan,625,300,551,Maharashtra,Other
2010-05-01,Onion,23,Pune,FAQ,Pune(Khadiki),600,600,600,Maharashtra,Other
2010-05-01,Onion,23,Dhule,FAQ,Shirpur,450,100,350,Maharashtra,Other
2010-05-02,Onion,23,Nashik,FAQ,Sinner,551,100,450,Maharashtra,Other
2010-05-02,Onion,23,Ahmednagar,FAQ,Newasa(Ghodegaon),620,100,525,Maharashtra,Other
2010-05-02,Onion,23,Nagpur,FAQ,Nagpur,450,400,425,Maharashtra,Other
2010-05-02,Onion,23,Dharashiv(Usmanabad),FAQ,Dharashiv,550,550,550,Maharashtra,Other
2010-05-03,Onion,23,Nagpur,FAQ,Nagpur,500,450,475,Maharashtra,Red
2010-05-04,Onion,23,Dhule,FAQ,Dhule,475,100,400,Maharashtra,Other
2010-05-04,Onion,23,Kolhapur,FAQ,Kolhapur,750,300,550,Maharashtra,Other
2010-05-04,Onion,23,Ahmednagar,FAQ,Ahmednagar,675,100,400,Maharashtra,Other
2010-05-04,Onion,23,Sangli,FAQ,"Sangli(Phale, Bhajipura Market)",700,150,425,Maharashtra,Other
2010-05-05,Onion,23,Ahmednagar,FAQ,Pathardi,700,140,500,Maharashtra,Other
2010-05-05,Onion,23,Jalgaon,FAQ,Jalgaon,525,225,375,Maharashtra,Red
2010-05-06,Onion,23,Nashik,FAQ,Malegaon,530,115,400,Maharashtra,Other
2010-05-06,Onion,23,Pune,FAQ,Pune(Pimpri),600,200,400,Maharashtra,Other
2010-05-06,Onion,23,Nagpur,FAQ,Kalmeshwar,600,400,500,Maharashtra,Other
2010-05-06,Onion,23,Ahmednagar,FAQ,Akole,675,100,330,Maharashtra,Other
2010-05-06,Onion,23,Sangli,FAQ,"Sangli(Phale, Bhajipura Market)",700,200,450,Maharashtra,Other
2010-05-06,Onion,23,Satara,FAQ,Karad,600,400,500,Maharashtra,Other
2010-05-06,Onion,23,Pune,FAQ,Manchar,630,100,400,Maharashtra,Other
2010-05-07,Onion,23,Sangli,FAQ,"Sangli(Phale, Bhajipura Market)",650,200,425,Maharashtra,Other
2010-05-07,Onion,23,Nashik,FAQ,Kalvan,651,200,551,Maharashtra,Other
2010-05-07,Onion,23,Pune,FAQ,Pune,650,500,575,Maharashtra,Other
2010-05-07,Onion,23,Dhule,FAQ,Dhule,440,100,350,Maharashtra,Other
2010-05-07,Onion,23,Nashik,FAQ,Nashik(Devlali),475,200,425,Maharashtra,Other
2010-05-07,Onion,23,Nashik,FAQ,Sinner,651,100,425,Maharashtra,Other
2010-05-07,Onion,23,Nashik,FAQ,Pimpalgaon,639,300,511,Maharashtra,Other
2010-05-08,Onion,23,Kolhapur,FAQ,Kolhapur(Malkapur),600,600,600,Maharashtra,Other
2010-05-08,Onion,23,Nashik,FAQ,Pimpalgaon Baswant(Saykheda),568,300,440,Maharashtra,Other
2010-05-08,Onion,23,Chattrapati Sambhajinagar,FAQ,Chattrapati Sambhajinagar,600,200,400,Maharashtra,Other
2010-05-09,Onion,23,Pune,FAQ,Pune(Khadiki),800,300,550,Maharashtra,Other
2010-05-09,Onion,23,Kolhapur,FAQ,Kolhapur(Malkapur),920,500,700,Maharashtra,Other
2010-05-10,Onion,23,Nashik,FAQ,Satana,610,200,561,Maharashtra,Other
2010-05-10,Onion,23,Ahmednagar,FAQ,Ahmednagar,665,100,350,Maharashtra,Other
2010-05-10,Onion,23,Kolhapur,FAQ,Kolhapur,700,300,500,Maharashtra,Other
2010-05-10,Onion,23,Chattrapati Sambhajinagar,FAQ,Chattrapati Sambhajinagar,500,300,400,Maharashtra,Other
2010-05-11,Onion,23,Nagpur,FAQ,Nagpur,500,400,450,Maharashtra,Other
2010-05-11,Onion,23,Dharashiv(Usmanabad),FAQ,Dharashiv,400,300,350,Maharashtra,Other
2010-05-11,Onion,23,Satara,FAQ,Satara,650,400,525,Maharashtra,Other
2010-05-11,Onion,23,Nashik,FAQ,Dindori,740,300,578,Maharashtra,Other
2010-05-11,Onion,23,Mumbai,FAQ,Mumbai,700,450,550,Maharashtra,Other
2010-05-11,Onion,23,Nashik,FAQ,Yeola,485,250,400,Maharashtra,Other
2010-05-11,Onion,23,Chattrapati Sambhajinagar,FAQ,Chattrapati Sambhajinagar,650,150,400,Maharashtra,Other
2010-05-11,Onion,23,Ahmednagar,FAQ,Sangamner,700,100,400,Maharashtra,Other
2010-05-11,Onion,23,Ahmednagar,FAQ,Rahata,600,175,425,Maharashtra,Other
2010-05-11,Onion,23,Nashik,FAQ,Satana,615,200,540,Maharashtra,Other
2010-05-11,Onion,23,Nagpur,FAQ,Nagpur,475,400,437,Maharashtra,Red
2010-05-12,Onion,23,Nagpur,FAQ,Nagpur,450,350,400,Maharashtra,Red
2010-05-12,Onion,23,Pune,FAQ,Pune(Pimpri),650,600,625,Maharashtra,Other
2010-05-12,Onion,23,Nagpur,FAQ,Kalmeshwar,600,400,500,Maharashtra,Other
2010-05-13,Onion,23,Nashik,FAQ,Kalvan,661,200,571,Maharashtra,Other
2010-05-13,Onion,23,Nashik,FAQ,Manmad,559,250,460,Maharashtra,Other
2010-05-13,Onion,23,Nashik,FAQ,Lasalgaon,680,251,501,Maharashtra,Other
2010-05-13,Onion,23,Mumbai,FAQ,Vashi New Mumbai,700,500,600,Maharashtra,Other
2010-05-13,Onion,23,Ahmednagar,FAQ,Akole,701,100,312,Maharashtra,Other
2010-05-14,Onion,23,Mumbai,FAQ,Vashi New Mumbai,700,650,675,Maharashtra,Other
2010-05-14,Onion,23,Nashik,FAQ,Malegaon,575,151,460,Maharashtra,Other
2010-05-14,Onion,23,Kolhapur,FAQ,Kolhapur,700,300,600,Maharashtra,Other
2010-05-15,Onion,23,Kolhapur,FAQ,Kolhapur,700,300,600,Maharashtra,Other
2010-05-15,Onion,23,Thane,FAQ,Palghar,600,600,600,Maharashtra,Other
2010-05-15,Onion,23,Kolhapur,FAQ,Kolhapur(Malkapur),500,500,500,Maharashtra,Other
2010-05-15,Onion,23,Chattrapati Sambhajinagar,FAQ,Chattrapati Sambhajinagar,600,200,400,Maharashtra,Other
2010-05-15,Onion,23,Satara,FAQ,Koregaon,450,300,375,Maharashtra,Other
2010-05-16,Onion,23,Chattrapati Sambhajinagar,FAQ,Chattrapati Sambhajinagar,700,200,450,Maharashtra,Other
2010-05-16,Onion,23,Ahmednagar,FAQ,Rahata,800,250,550,Maharashtra,Other
2010-05-17,Onion,23,Jalgaon,FAQ,Jalgaon,575,250,400,Maharashtra,Red
2010-05-17,Onion,23,Satara,FAQ,Lonand,670,200,500,Maharashtra,Other
2010-05-17,Onion,23,Chattrapati Sambhajinagar,FAQ,Chattrapati Sambhajinagar,600,200,400,Maharashtra,Other
2010-05-17,Onion,23,Nashik,FAQ,Lasalgaon(Niphad),670,261,525,Maharashtra,Other
2010-05-17,Onion,23,Kolhapur,FAQ,Kolhapur,700,300,600,Maharashtra,Other
2010-05-17,Onion,23,Mumbai,FAQ,Vashi New Mumbai,750,700,725,Maharashtra,Other
2010-05-17,Onion,23,Nashik,FAQ,Manmad,625,350,510,Maharashtra,Other
2010-05-18,Onion,23,Nagpur,FAQ,Nagpur,500,475,487,Maharashtra,Red
2010-05-18,Onion,23,Nashik,FAQ,Nashik(Devlali),475,271,411,Maharashtra,Other
2010-05-18,Onion,23,Satara,FAQ,Karad,750,400,550,Maharashtra,Other
2010-05-18,Onion,23,Nashik,FAQ,Sinner,751,100,550,Maharashtra,Other
2010-05-18,Onion,23,Mumbai,FAQ,Mumbai,750,550,700,Maharashtra,Other
2010-05-19,Onion,23,Pune,FAQ,Pune(Khadiki),600,300,450,Maharashtra,Other
2010-05-19,Onion,23,Chattrapati Sambhajinagar,FAQ,Lasur Station,800,100,425,Maharashtra,Other
2010-05-19,Onion,23,Kolhapur,FAQ,Kolhapur,800,300,650,Maharashtra,Other
2010-05-19,Onion,23,Nashik,FAQ,Satana,730,205,631,Maharashtra,Other
2010-05-19,Onion,23,Nashik,FAQ,Sinner,800,100,500,Maharashtra,Other
2010-05-19,Onion,23,Dhule,FAQ,Dhule,640,100,550,Maharashtra,Red
2010-05-19,Onion,23,Thane,FAQ,Palghar,600,600,600,Maharashtra,Other
2010-05-20,Onion,23,Nashik,FAQ,Devala,591,101,450,Maharashtra,Other
2010-05-20,Onion,23,Pune,FAQ,Pune(Khadiki),500,400,450,Maharashtra,Other
2010-05-20,Onion,23,Nashik,FAQ,Dindori(Vani),710,300,650,Maharashtra,Other
2010-05-21,Onion,23,Nashik,FAQ,Satana,690,200,595,Maharashtra,Other
2010-05-21,Onion,23,Nashik,FAQ,Dindori,741,341,557,Maharashtra,Other
2010-05-21,Onion,23,Ahmednagar,FAQ,Rahuri,800,100,450,Maharashtra,Other
2010-05-21,Onion,23,Pune,FAQ,Pune,720,500,610,Maharashtra,Other
2010-05-21,Onion,23,Sangli,FAQ,"Sangli(Phale, Bhajipura Market)",850,200,525,Maharashtra,Other
2010-05-22,Onion,23,Nashik,FAQ,Pimpalgaon Baswant(Saykheda),607,400,575,Maharashtra,Other
2010-05-22,Onion,23,Kolhapur,FAQ,Kolhapur(Malkapur),500,500,500,Maharashtra,Other
2010-05-22,Onion,23,Jalgaon,FAQ,Jalgaon,500,225,400,Maharashtra,Red
2010-05-22,Onion,23,Nagpur,FAQ,Nagpur,500,450,475,Maharashtra,Other
2010-05-22,Onion,23,Nashik,FAQ,Nasik,700,285,575,Maharashtra,Other
2010-05-22,Onion,23,Mumbai,FAQ,Mumbai,750,550,600,Maharashtra,Other
2010-05-23,Onion,23,Pune,FAQ,Pune(Khadiki),500,250,350,Maharashtra,Other
2010-05-24,Onion,23,Satara,FAQ,Karad,800,300,550,Maharashtra,Other
2010-05-24,Onion,23,Dhule,FAQ,Dhule,565,100,425,Maharashtra,Other
2010-05-24,Onion,23,Nashik,FAQ,Dindori,665,350,490,Maharashtra,Other
2010-05-24,Onion,23,Sangli,FAQ,"Sangli(Phale, Bhajipura Market)",840,200,520,Maharashtra,Other
2010-05-25,Onion,23,Pune,FAQ,Pune(Pimpri),300,300,300,Maharashtra,Other
2010-05-25,Onion,23,Nashik,FAQ,Nashik(Devlali),475,241,450,Maharashtra,Other
2010-05-25,Onion,23,Nashik,FAQ,Devala,648,100,545,Maharashtra,Other
2010-05-25,Onion,23,Nagpur,FAQ,Nagpur,550,450,500,Maharashtra,Red
2010-05-25,Onion,23,Jalgaon,FAQ,Jalgaon,500,225,400,Maharashtra,Red
2010-05-25,Onion,23,Nashik,FAQ,Dindori(Vani),714,300,601,Maharashtra,Other
2010-05-26,Onion,23,Nashik,FAQ,Lasalgaon,775,200,601,Maharashtra,Other
2010-05-26,Onion,23,Nashik,FAQ,Devala,666,150,575,Maharashtra,Other
2010-05-26,Onion,23,Kolhapur,FAQ,Kolhapur,800,300,600,Maharashtra,Other
2010-05-26,Onion,23,Dhule,FAQ,Dhule,580,100,450,Maharashtra,Red
2010-05-27,Onion,23,Dhule,FAQ,Dhule,610,100,450,Maharashtra,Other
2010-05-27,Onion,23,Jalgaon,FAQ,Jalgaon,525,250,400,Maharashtra,Red
2010-05-27,Onion,23,Mumbai,FAQ,Mumbai,800,600,650,Maharashtra,Other
2010-05-27,Onion,23,Nashik,FAQ,Dindori,759,300,597,Maharashtra,Other
2010-05-28,Onion,23,Sangli,FAQ,"Sangli(Phale, Bhajipura Market)",920,200,560,Maharashtra,Other
2010-05-28,Onion,23,Nashik,FAQ,Dindori,771,400,649,Maharashtra,Other
2010-05-29,Onion,23,Sholapur,FAQ,Pandharpur,815,140,525,Maharashtra,Other
2010-05-29,Onion,23,Nashik,FAQ,Lasalgaon(Niphad),658,300,600,Maharashtra,Other
2010-05-29,Onion,23,Pune,FAQ,Pune(Khadiki),700,500,600,Maharashtra,Other
2010-05-29,Onion,23,Nashik,FAQ,Yeola,585,300,490,Maharashtra,Other
2010-05-29,Onion,23,Dhule,FAQ,Shirpur,555,101,535,Maharashtra,Other
2010-05-30,Onion,23,Thane,FAQ,Palghar,500,500,500,Maharashtra,Other
2010-05-30,Onion,23,Pune,FAQ,Manchar,620,200,410,Maharashtra,Other
2010-05-30,Onion,23,Beed,FAQ,Kada,750,100,500,Maharashtra,Other
2010-05-31,Onion,23,Nashik,FAQ,Devala,671,204,600,Maharashtra,Other
2010-05-31,Onion,23,Nashik,FAQ,Kalvan,775,200,611,Maharashtra,Other
2010-06-01,Onion,23,Nagpur,FAQ,Nagpur,550,400,475,Maharashtra,Red
2010-06-01,Onion,23,Nashik,FAQ,Lasalgaon,732,172,575,Maharashtra,Other
2010-06-01,Onion,23,Nashik,FAQ,Chandvad,735,151,620,Maharashtra,Other
2010-06-01,Onion,23,Chattrapati Sambhajinagar,FAQ,Chattrapati Sambhajinagar,400,100,350,Maharashtra,Other
2010-06-01,Onion,23,Dhule,FAQ,Dhule,580,100,400,Maharashtra,Red
2010-06-01,Onion,23,Sangli,FAQ,"Sangli(Phale, Bhajipura Market)",850,150,500,Maharashtra,Other
2010-06-01,Onion,23,Nashik,FAQ,Nasik,700,300,600,Maharashtra,Other
2010-06-01,Onion,23,Nashik,FAQ,Kalvan,781,200,600,Maharashtra,Other
2010-06-02,Onion,23,Ahmednagar,FAQ,Parner,800,150,475,Maharashtra,Other
2010-06-02,Onion,23,Nashik,FAQ,Sinner,750,100,525,Maharashtra,Other
2010-06-02,Onion,23,Jalgaon,FAQ,Jalgaon,500,250,425,Maharashtra,Red
2010-06-02,Onion,23,Ahmednagar,FAQ,Newasa(Ghodegaon),890,100,650,Maharashtra,Other
2010-06-02,Onion,23,Chattrapati Sambhajinagar,FAQ,Chattrapati Sambhajinagar,425,125,275,Maharashtra,Other
2010-06-02,Onion,23,Nashik,FAQ,Pimpalgaon Baswant(Saykheda),646,400,585,Maharashtra,Other
2010-06-02,Onion,23,Nashik,FAQ,Chandvad,735,200,600,Maharashtra,Other
2010-06-02,Onion,23,Pune,FAQ,Baramati,800,200,550,Maharashtra,Red
2010-06-02,Onion,23,Nashik,FAQ,Pimpalgaon,748,300,621,Maharashtra,Other
2010-06-03,Onion,23,Mumbai,FAQ,Mumbai,900,600,750,Maharashtra,Other
2010-06-03,Onion,23,Dhule,FAQ,Dhule,600,100,440,Maharashtra,Red
2010-06-03,Onion,23,Satara,FAQ,Lonand,711,250,575,Maharashtra,Other
2010-06-03,Onion,23,Dhule,FAQ,Dhule,515,100,400,Maharashtra,Other
2010-06-03,Onion,23,Nashik,FAQ,Lasalgaon,782,190,591,Maharashtra,Other
2010-06-03,Onion,23,Nashik,FAQ,Yeola,625,300,525,Maharashtra,Other
2010-06-03,Onion,23,Nashik,FAQ,Nasik,700,300,600,Maharashtra,Other
2010-06-03,Onion,23,Nashik,FAQ,Pimpalgaon,748,300,621,Maharashtra,Other
2010-06-04,Onion,23,Nashik,FAQ,Malegaon,651,142,550,Maharashtra,Other
2010-06-04,Onion,23,Nashik,FAQ,Dindori(Vani),780,300,700,Maharashtra,Other
2010-06-04,Onion,23,Nashik,FAQ,Pimpalgaon,763,311,625,Maharashtra,Other
2010-06-04,Onion,23,Dharashiv(Usmanabad),FAQ,Dharashiv,710,350,530,Maharashtra,Other
2010-06-04,Onion,23,Mumbai,FAQ,Mumbai,900,600,800,Maharashtra,Other
2010-06-04,Onion,23,Nashik,FAQ,Lasalgaon,773,190,611,Maharashtra,Other
2010-06-04,Onion,23,Chattrapati Sambhajinagar,FAQ,Gangapur,725,150,450,Maharashtra,Other
2010-06-04,Onion,23,Nashik,FAQ,Yeola,639,300,535,Maharashtra,Other
2010-06-05,Onion,23,Nashik,FAQ,Pimpalgaon Baswant(Saykheda),667,400,590,Maharashtra,Other
2010-06-05,Onion,23,Chattrapati Sambhajinagar,FAQ,Chattrapati Sambhajinagar,450,200,325,Maharashtra,Other
2010-06-05,Onion,23,Nagpur,FAQ,Nagpur,550,450,500,Maharashtra,Red
2010-06-05,Onion,23,Nashik,FAQ,Kalvan,625,101,525,Maharashtra,Other
2010-06-05,Onion,23,Pune,FAQ,Baramati,700,400,500,Maharashtra,Red
2010-06-05,Onion,23,Jalgaon,FAQ,Jalgaon,625,250,450,Maharashtra,Red
2010-06-05,Onion,23,Satara,FAQ,Karad,800,500,650,Maharashtra,Other
2010-06-06,Onion,23,Pune,FAQ,Pune(Pimpri),600,500,550,Maharashtra,Other
2010-06-06,Onion,23,Ahmednagar,FAQ,Parner,850,200,525,Maharashtra,Other
2010-06-06,Onion,23,Ahmednagar,FAQ,Sangamner,900,100,500,Maharashtra,Other
2010-06-06,Onion,23,Satara,FAQ,Satara,800,500,650,Maharashtra,Other
2010-06-06,Onion,23,Pune,FAQ,Pune(Khadiki),800,400,600,Maharashtra,Other
2010-06-06,Onion,23,Nagpur,FAQ,Nagpur,575,400,487,Maharashtra,Red
2010-06-07,Onion,23,Satara,FAQ,Lonand,560,250,500,Maharashtra,Other
2010-06-07,Onion,23,Jalgaon,FAQ,Jalgaon,600,200,400,Maharashtra,Red
2010-06-07,Onion,23,Nashik,FAQ,Pimpalgaon Baswant(Saykheda),640,400,580,Maharashtra,Other
2010-06-08,Onion,23,Nashik,FAQ,Pimpalgaon Baswant(Saykheda),678,400,590,Maharashtra,Other
2010-06-08,Onion,23,Thane,FAQ,Kalyan,800,700,750,Maharashtra,Other
2010-06-08,Onion,23,Nashik,FAQ,Nandgaon,661,150,550,Maharashtra,Other
2010-06-08,Onion,23,Kolhapur,FAQ,Kolhapur,850,300,700,Maharashtra,Other
2010-06-08,Onion,23,Pune,FAQ,Manchar,670,200,440,Maharashtra,Other
2010-06-08,Onion,23,Nashik,FAQ,Lasalgaon,790,301,575,Maharashtra,Other
2010-06-08,Onion,23,Nagpur,FAQ,Nagpur,550,400,475,Maharashtra,Red
2010-06-08,Onion,23,Dharashiv(Usmanabad),FAQ,Dharashiv,335,140,238,Maharashtra,Red
2010-06-08,Onion,23,Ahmednagar,FAQ,Sangamner,875,100,488,Maharashtra,Other
2010-06-09,Onion,23,Chattrapati Sambhajinagar,FAQ,Chattrapati Sambhajinagar,600,200,400,Maharashtra,Other
2010-06-09,Onion,23,Dhule,FAQ,Dhule,635,300,490,Maharashtra,Other
2010-06-09,Onion,23,Kolhapur,FAQ,Kolhapur,920,300,750,Maharashtra,Other
2010-06-09,Onion,23,Nashik,FAQ,Chandvad,675,200,450,Maharashtra,Other
2010-06-09,Onion,23,Satara,FAQ,Phaltan,750,200,475,Maharashtra,Other
2010-06-10,Onion,23,Nashik,FAQ,Kalvan,751,125,661,Maharashtra,Other
2010-06-10,Onion,23,Pune,FAQ,Pune(Khadiki),700,200,450,Maharashtra,Other
2010-06-10,Onion,23,Jalgaon,FAQ,Jalgaon,750,300,500,Maharashtra,Red
2010-06-11,Onion,23,Nashik,FAQ,Kalvan,800,100,721,Maharashtra,Other
2010-06-11,Onion,23,Dhule,FAQ,Dhule,615,100,410,Maharashtra,Red
2010-06-11,Onion,23,Ahmednagar,FAQ,Pathardi,700,150,600,Maharashtra,Other
2010-06-11,Onion,23,Pune,FAQ,Pune(Pimpri),700,700,700,Maharashtra,Other
2010-06-11,Onion,23,Mumbai,FAQ,Vashi New Mumbai,950,600,750,Maharashtra,Other
2010-06-11,Onion,23,Jalgaon,FAQ,Jalgaon,700,325,525,Maharashtra,Red
2010-06-11,Onion,23,Pune,FAQ,Manchar,720,350,530,Maharashtra,Other
2010-06-11,Onion,23,Sangli,FAQ,"Sangli(Phale, Bhajipura Market)",900,200,550,Maharashtra,Other
2010-06-12,Onion,23,Dhule,FAQ,Dhule,615,100,410,Maharashtra,Red
2010-06-12,Onion,23,Parbhani,FAQ,Parbhani,600,350,450,Maharashtra,Red
2010-06-12,Onion,23,Thane,FAQ,Kalyan,700,300,450,Maharashtra,Other
2010-06-13,Onion,23,Beed,FAQ,Kada,900,100,550,Maharashtra,Other
2010-06-13,Onion,23,Nagpur,FAQ,Nagpur,700,625,662,Maharashtra,Other
2010-06-14,Onion,23,Ahmednagar,FAQ,Ahmednagar,930,100,515,Maharashtra,Other
2010-06-14,Onion,23,Sholapur,FAQ,Kurdwadi,700,200,450,Maharashtra,Other
2010-06-14,Onion,23,Nashik,FAQ,Yeola,651,300,525,Maharashtra,Other
2010-06-14,Onion,23,Thane,FAQ,Kalyan,800,600,700,Maharashtra,Other
2010-06-14,Onion,23,Nashik,FAQ,Dindori,795,400,600,Maharashtra,Other
2010-06-14,Onion,23,Chattrapati Sambhajinagar,FAQ,Chattrapati Sambhajinagar,500,200,350,Maharashtra,Other
2010-06-15,Onion,23,Nashik,FAQ,Kalvan,791,231,721,Maharashtra,Other
2010-06-15,Onion,23,Nashik,FAQ,Yeola,690,300,600,Maharashtra,Other
2010-06-15,Onion,23,Mumbai,FAQ,Vashi New Mumbai,900,650,750,Maharashtra,Other
2010-06-15,Onion,23,Pune,FAQ,Pune(Khadiki),850,700,775,Maharashtra,Other
2010-06-15,Onion,23,Jalgaon,FAQ,Jalgaon,725,325,600,Maharashtra,Red
2010-06-15,Onion,23,Satara,FAQ,Karad,800,400,600,Maharashtra,Other
2010-06-15,Onion,23,Nashik,FAQ,Lasalgaon(Niphad),686,250,590,Maharashtra,Other
2010-06-15,Onion,23,Dhule,FAQ,Dhule,615,200,480,Maharashtra,Other
2010-06-16,Onion,23,Mumbai,FAQ,Mumbai,900,600,650,Maharashtra,Other
2010-06-16,Onion,23,Dhule,FAQ,Dhule,630,100,430,Maharashtra,Red
2010-06-16,Onion,23,Chattrapati Sambhajinagar,FAQ,Chattrapati Sambhajinagar,700,200,450,Maharashtra,Other
2010-06-16,Onion,23,Nashik,FAQ,Nasik,731,300,575,Maharashtra,Other
2010-06-16,Onion,23,Nagpur,FAQ,Nagpur,750,500,625,Maharashtra,Other
2010-06-16,Onion,23,Kolhapur,FAQ,Kolhapur,1000,300,700,Maharashtra,Other
2010-06-16,Onion,23,Nashik,FAQ,Chandvad,758,182,600,Maharashtra,Other
2010-06-17,Onion,23,Nashik,FAQ,Devala,774,200,650,Maharashtra,Other
2010-06-17,Onion,23,Nashik,FAQ,Lasalgaon(Niphad),768,261,600,Maharashtra,Other
2010-06-17,Onion,23,Ahmednagar,FAQ,Akole,1001,100,538,Maharashtra,Other
2010-06-17,Onion,23,Thane,FAQ,Kalyan,750,200,550,Maharashtra,Other
2010-06-17,Onion,23,Ahmednagar,FAQ,Ahmednagar,1000,200,600,Maharashtra,Other
2010-06-17,Onion,23,Pune,FAQ,Pune(Pimpri),700,700,700,Maharashtra,Other
2010-06-18,Onion,23,Dharashiv(Usmanabad),FAQ,Dharashiv,270,110,190,Maharashtra,Red
2010-06-18,Onion,23,Sangli,FAQ,"Sangli(Phale, Bhajipura Market)",900,300,600,Maharashtra,Other
2010-06-18,Onion,23,Jalgaon,FAQ,Jalgaon,750,300,525,Maharashtra,Red
2010-06-18,Onion,23,Ahmednagar,FAQ,Rahuri,1000,100,550,Maharashtra,Other
2010-06-19,Onion,23,Nagpur,FAQ,Nagpur,675,550,612,Maharashtra,Other
2010-06-19,Onion,23,Ahmednagar,FAQ,Rahuri(Vambori),1100,100,600,Maharashtra,Other
2010-06-19,Onion,23,Mumbai,FAQ,Vashi New Mumbai,900,600,650,Maharashtra,Other
2010-06-19,Onion,23,Kolhapur,FAQ,Kolhapur,900,500,750,Maharashtra,Other
2010-06-20,Onion,23,Ahmednagar,FAQ,Akole,900,100,439,Maharashtra,Other
2010-06-20,Onion,23,Nagpur,FAQ,Nagpur,625,550,587,Maharashtra,Red
2010-06-20,Onion,23,Satara,FAQ,Satara,850,500,675,Maharashtra,Other
2010-06-21,Onion,23,Nagpur,FAQ,Nagpur,675,600,637,Maharashtra,Other
2010-06-21,Onion,23,Chattrapati Sambhajinagar,FAQ,Chattrapati Sambhajinagar,650,150,400,Maharashtra,Other
2010-06-21,Onion,23,Jalgaon,FAQ,Jalgaon,750,300,525,Maharashtra,Red
2010-06-22,Onion,23,Ahmednagar,FAQ,Sangamner,925,100,512,Maharashtra,Other
2010-06-22,Onion,23,Nagpur,FAQ,Nagpur,675,550,612,Maharashtra,Red
2010-06-22,Onion,23,Pune,FAQ,Pune(Khadiki),900,200,550,Maharashtra,Other
2010-06-22,Onion,23,Pune,FAQ,Pune(Pimpri),900,900,900,Maharashtra,Other
2010-06-22,Onion,23,Dhule,FAQ,Dhule,660,100,450,Maharashtra,Red
2010-06-22,Onion,23,Mumbai,FAQ,Mumbai,900,600,700,Maharashtra,Other
2010-06-22,Onion,23,Dhule,FAQ,Dhule,690,200,500,Maharashtra,Other
2010-06-23,Onion,23,Chattrapati Sambhajinagar,FAQ,Chattrapati Sambhajinagar,600,200,400,Maharashtra,Other
2010-06-23,Onion,23,Chattrapati Sambhajinagar,FAQ,Lasur Station,850,100,500,Maharashtra,Other
2010-06-23,Onion,23,Beed,FAQ,Kada,800,200,550,Maharashtra,Other
2010-06-23,Onion,23,Mumbai,FAQ,Mumbai,850,550,650,Maharashtra,Other
2010-06-24,Onion,23,Pune,FAQ,Pune(Pimpri),700,700,700,Maharashtra,Other
2010-06-24,Onion,23,Nashik,FAQ,Nasik,775,350,575,Maharashtra,Other
2010-06-24,Onion,23,Pune,FAQ,Pune(Khadiki),900,500,700,Maharashtra,Other
2010-06-24,Onion,23,Dhule,FAQ,Dhule,705,100,550,Maharashtra,Red
2010-06-24,Onion,23,Thane,FAQ,Palghar,650,650,650,Maharashtra,Other
2010-06-24,Onion,23,Sangli,FAQ,"Sangli(Phale, Bhajipura Market)",800,200,500,Maharashtra,Other
2010-06-24,Onion,23,Pune,FAQ,Junnar(Otur),900,200,550,Maharashtra,Other
2010-06-24,Onion,23,Ahmednagar,FAQ,Akole,900,100,466,Maharashtra,Other
2010-06-24,Onion,23,Sholapur,FAQ,Barshi,700,200,600,Maharashtra,Other
2010-06-24,Onion,23,Satara,FAQ,Satara,850,500,675,Maharashtra,Other
2010-06-26,Onion,23,Kolhapur,FAQ,Kolhapur,900,300,650,Maharashtra,Other
2010-06-26,Onion,23,Nashik,FAQ,Nasik,700,275,550,Maharashtra,Other
2010-06-27,Onion,23,Thane,FAQ,Palghar,649,649,649,Maharashtra,Other
2010-06-27,Onion,23,Satara,FAQ,Satara,850,400,625,Maharashtra,Other
2010-06-28,Onion,23,Sholapur,FAQ,Kurdwadi,700,100,450,Maharashtra,Other
2010-06-29,Onion,23,Satara,FAQ,Karad,850,300,600,Maharashtra,Other
2010-06-29,Onion,23,Mumbai,FAQ,Mumbai,900,700,750,Maharashtra,Other
2010-06-29,Onion,23,Nagpur,FAQ,Nagpur,700,600,650,Maharashtra,Other
2010-06-29,Onion,23,Dhule,FAQ,Dhule,735,100,555,Maharashtra,Red
2010-06-30,Onion,23,Mumbai,FAQ,Mumbai,900,650,700,Maharashtra,Other
2010-06-30,Onion,23,Nashik,FAQ,Nasik,725,241,575,Maharashtra,Other
2010-06-30,Onion,23,Mumbai,FAQ,Vashi New Mumbai,900,650,700,Maharashtra,Other
2010-07-01,Onion,23,Nashik,FAQ,Yeola,701,300,610,Maharashtra,Other
2010-07-01,Onion,23,Nashik,FAQ,Nandgaon,752,201,675,Maharashtra,Other
2010-07-01,Onion,23,Kolhapur,FAQ,Kolhapur,900,300,700,Maharashtra,Other
2010-07-01,Onion,23,Sholapur,FAQ,Barshi,600,150,450,Maharashtra,Other
2010-07-01,Onion,23,Ahmednagar,FAQ,Ahmednagar,960,100,530,Maharashtra,Other
2010-07-02,Onion,23,Nashik,FAQ,Nashik(Devlali),711,375,650,Maharashtra,Other
2010-07-02,Onion,23,Sangli,FAQ,"Sangli(Phale, Bhajipura Market)",950,300,625,Maharashtra,Other
2010-07-02,Onion,23,Nashik,FAQ,Devala,709,125,650,Maharashtra,Other
2010-07-03,Onion,23,Mumbai,FAQ,Mumbai,950,700,750,Maharashtra,Other
2010-07-03,Onion,23,Kolhapur,FAQ,Kolhapur,900,300,700,Maharashtra,Other
2010-07-03,Onion,23,Chattrapati Sambhajinagar,FAQ,Chattrapati Sambhajinagar,700,200,450,Maharashtra,Other
2010-07-04,Onion,23,Ahmednagar,FAQ,Newasa(Ghodegaon),850,100,650,Maharashtra,Other
2010-07-04,Onion,23,Thane,FAQ,Palghar,713,713,713,Maharashtra,Other
2010-07-04,Onion,23,Pune,FAQ,Junnar,800,500,600,Maharashtra,Other
2010-07-04,Onion,23,Satara,FAQ,Satara,850,400,625,Maharashtra,Other
2010-07-05,Onion,23,Nashik,FAQ,Sinner,900,100,525,Maharashtra,Other
2010-07-05,Onion,23,Chattrapati Sambhajinagar,FAQ,Chattrapati Sambhajinagar,600,350,475,Maharashtra,Other
2010-07-05,Onion,23,Satara,FAQ,Karad,850,500,700,Maharashtra,Other
2010-07-05,Onion,23,Nashik,FAQ,Nasik,750,245,600,Maharashtra,Other
2010-07-05,Onion,23,Nashik,FAQ,Manmad,785,201,615,Maharashtra,Other
2010-07-06,Onion,23,Jalgaon,FAQ,Jalgaon,750,325,600,Maharashtra,Red
2010-07-06,Onion,23,Nashik,FAQ,Yeola,700,350,600,Maharashtra,Other
2010-07-06,Onion,23,Mumbai,FAQ,Vashi New Mumbai,900,700,800,Maharashtra,Other
2010-07-06,Onion,23,Thane,FAQ,Kalyan,800,500,650,Maharashtra,Other
2010-07-06,Onion,23,Nashik,FAQ,Dindori,683,400,628,Maharashtra,Other
2010-07-06,Onion,23,Nashik,FAQ,Nandgaon,712,251,550,Maharashtra,Other
2010-07-06,Onion,23,Pune,FAQ,Pune(Khadiki),850,800,825,Maharashtra,Other
2010-07-06,Onion,23,Mumbai,FAQ,Mumbai,900,700,800,Maharashtra,Other
2010-07-06,Onion,23,Nashik,FAQ,Nasik,725,350,600,Maharashtra,Other
2010-07-07,Onion,23,Nashik,FAQ,Lasalgaon,768,200,591,Maharashtra,Other
2010-07-07,Onion,23,Pune,FAQ,Manchar,550,350,450,Maharashtra,Other
2010-07-07,Onion,23,Nashik,FAQ,Yeola,638,300,570,Maharashtra,Other
2010-07-07,Onion,23,Nashik,FAQ,Chandvad,761,150,650,Maharashtra,Other
2010-07-08,Onion,23,Nashik,FAQ,Lasalgaon(Niphad),700,275,625,Maharashtra,Other
2010-07-08,Onion,23,Ahmednagar,FAQ,Ahmednagar,940,100,520,Maharashtra,Other
2010-07-08,Onion,23,Nagpur,FAQ,Nagpur,700,625,662,Maharashtra,Other
2010-07-08,Onion,23,Nashik,FAQ,Lasalgaon,801,201,631,Maharashtra,Other
2010-07-09,Onion,23,Nashik,FAQ,Pimpalgaon Baswant(Saykheda),757,400,640,Maharashtra,Other
2010-07-09,Onion,23,Nashik,FAQ,Nandgaon,721,200,600,Maharashtra,Other
2010-07-09,Onion,23,Pune,FAQ,Pune(Khadiki),550,300,420,Maharashtra,Other
2010-07-10,Onion,23,Thane,FAQ,Palghar,550,550,550,Maharashtra,Other
2010-07-10,Onion,23,Pune,FAQ,Pune(Khadiki),850,550,700,Maharashtra,Other
2010-07-10,Onion,23,Nagpur,FAQ,Nagpur,700,500,600,Maharashtra,Red
2010-07-10,Onion,23,Satara,FAQ,Karad,900,500,700,Maharashtra,Other
2010-07-10,Onion,23,Nashik,FAQ,Yeola,750,300,660,Maharashtra,Other
2010-07-10,Onion,23,Kolhapur,FAQ,Kolhapur,950,350,750,Maharashtra,Other
2010-07-10,Onion,23,Ahmednagar,FAQ,Rahuri(Vambori),850,100,450,Maharashtra,Other
2010-07-10,Onion,23,Nashik,FAQ,Chandvad,789,300,650,Maharashtra,Other
2010-07-11,Onion,23,Pune,FAQ,Pune(Khadiki),850,300,570,Maharashtra,Other
2010-07-11,Onion,23,Ahmednagar,FAQ,Rahata,900,140,600,Maharashtra,Other
2010-07-11,Onion,23,Pune,FAQ,Manchar,860,350,600,Maharashtra,Other
2010-07-12,Onion,23,Nashik,FAQ,Lasalgaon(Niphad),701,260,620,Maharashtra,Other
2010-07-12,Onion,23,Thane,FAQ,Palghar,734,160,447,Maharashtra,Other
2010-07-12,Onion,23,Nashik,FAQ,Dindori,696,663,675,Maharashtra,Other
2010-07-12,Onion,23,Nashik,FAQ,Manmad,820,241,670,Maharashtra,Other
2010-07-12,Onion,23,Thane,FAQ,Kalyan,800,200,500,Maharashtra,Other
2010-07-13,Onion,23,Thane,FAQ,Kalyan,700,500,600,Maharashtra,Other
2010-07-13,Onion,23,Nashik,FAQ,Manmad,757,325,650,Maharashtra,Other
2010-07-13,Onion,23,Kolhapur,FAQ,Kolhapur,850,300,700,Maharashtra,Other
2010-07-13,Onion,23,Nashik,FAQ,Pimpalgaon,771,315,625,Maharashtra,Other
2010-07-13,Onion,23,Satara,FAQ,Karad,800,400,600,Maharashtra,Other
2010-07-13,Onion,23,Sangli,FAQ,"Sangli(Phale, Bhajipura Market)",975,250,612,Maharashtra,Other
2010-07-14,Onion,23,Nashik,FAQ,Devala,738,125,670,Maharashtra,Other
2010-07-14,Onion,23,Nashik,FAQ,Chandvad,767,200,675,Maharashtra,Other
2010-07-14,Onion,23,Nashik,FAQ,Dindori(Vani),761,300,670,Maharashtra,Other
2010-07-14,Onion,23,Satara,FAQ,Karad,850,200,500,Maharashtra,Other
2010-07-14,Onion,23,Nashik,FAQ,Malegaon,751,300,625,Maharashtra,Other
2010-07-14,Onion,23,Ahmednagar,FAQ,Parner,850,200,525,Maharashtra,Other
2010-07-15,Onion,23,Chattrapati Sambhajinagar,FAQ,Chattrapati Sambhajinagar,750,250,500,Maharashtra,Other
2010-07-15,Onion,23,Nagpur,FAQ,Nagpur,750,600,675,Maharashtra,Red
2010-07-15,Onion,23,Pune,FAQ,Junnar,900,350,700,Maharashtra,Other
2010-07-16,Onion,23,Nashik,FAQ,Sinner,925,100,600,Maharashtra,Other
2010-07-16,Onion,23,Pune,FAQ,Pune,900,650,775,Maharashtra,Other
2010-07-16,Onion,23,Ahmednagar,FAQ,Rahuri,900,100,500,Maharashtra,Other
2010-07-16,Onion,23,Nashik,FAQ,Yeola,851,350,635,Maharashtra,Other
2010-07-17,Onion,23,Nashik,FAQ,Chandvad,798,200,675,Maharashtra,Other
2010-07-17,Onion,23,Nagpur,FAQ,Nagpur,800,650,725,Maharashtra,Other
2010-07-17,Onion,23,Nashik,FAQ,Lasalgaon(Niphad),720,251,645,Maharashtra,Other
2010-07-17,Onion,23,Chandrapur,FAQ,Chandrapur(Ganjwad),700,400,600,Maharashtra,Other
2010-07-18,Onion,23,Nagpur,FAQ,Nagpur,800,650,725,Maharashtra,Other
2010-07-18,Onion,23,Chattrapati Sambhajinagar,FAQ,Lasur Station,900,150,500,Maharashtra,Other
2010-07-19,Onion,23,Jalgaon,FAQ,Jalgaon,700,300,525,Maharashtra,Red
2010-07-19,Onion,23,Nashik,FAQ,Kalvan,766,300,652,Maharashtra,Other
2010-07-19,Onion,23,Nashik,FAQ,Dindori,700,545,650,Maharashtra,Other
2010-07-20,Onion,23,Nashik,FAQ,Chandvad,739,250,650,Maharashtra,Other
2010-07-20,Onion,23,Nashik,FAQ,Lasalgaon,805,200,641,Maharashtra,Other
2010-07-20,Onion,23,Satara,FAQ,Phaltan,875,200,500,Maharashtra,Other
2010-07-20,Onion,23,Nashik,FAQ,Pimpalgaon Baswant(Saykheda),700,400,640,Maharashtra,Other
2010-07-21,Onion,23,Kolhapur,FAQ,Kolhapur,900,300,700,Maharashtra,Other
2010-07-21,Onion,23,Thane,FAQ,Kalyan,700,400,550,Maharashtra,Other
2010-07-21,Onion,23,Ahmednagar,FAQ,Kopargaon,900,200,725,Maharashtra,Other
2010-07-21,Onion,23,Nagpur,FAQ,Nagpur,750,675,712,Maharashtra,Red
2010-07-21,Onion,23,Nagpur,FAQ,Nagpur,875,700,787,Maharashtra,Other
2010-07-21,Onion,23,Beed,FAQ,Kada,875,100,675,Maharashtra,Other
2010-07-21,Onion,23,Pune,FAQ,Pune,900,650,775,Maharashtra,Other
2010-07-21,Onion,23,Dharashiv(Usmanabad),FAQ,Dharashiv,800,800,800,Maharashtra,Other
2010-07-21,Onion,23,Chattrapati Sambhajinagar,FAQ,Lasur Station,950,150,600,Maharashtra,Other
2010-07-22,Onion,23,Nashik,FAQ,Dindori(Vani),752,300,670,Maharashtra,Other
2010-07-22,Onion,23,Ahmednagar,FAQ,Akole,975,100,572,Maharashtra,Other
2010-07-22,Onion,23,Nashik,FAQ,Chandvad,739,250,650,Maharashtra,Other
2010-07-22,Onion,23,Thane,FAQ,Kalyan,700,500,600,Maharashtra,Other
2010-07-22,Onion,23,Nashik,FAQ,Manmad,741,351,651,Maharashtra,Other
2010-07-22,Onion,23,Mumbai,FAQ,Mumbai,900,600,750,Maharashtra,Other
2010-07-22,Onion,23,Nashik,FAQ,Nandgaon,840,200,575,Maharashtra,Other
2010-07-23,Onion,23,Mumbai,FAQ,Mumbai,900,700,750,Maharashtra,Other
2010-07-23,Onion,23,Nashik,FAQ,Nasik,750,245,600,Maharashtra,Other
2010-07-23,Onion,23,Ahmednagar,FAQ,Pathardi,800,310,700,Maharashtra,Other
2010-07-23,Onion,23,Nashik,FAQ,Yeola,712,302,645,Maharashtra,Other
2010-07-23,Onion,23,Sholapur,FAQ,Solapur,1000,100,450,Maharashtra,Other
2010-07-23,Onion,23,Nashik,FAQ,Pimpalgaon Baswant(Saykheda),701,400,640,Maharashtra,Other
2010-07-23,Onion,23,Nashik,FAQ,Dindori(Vani),790,300,690,Maharashtra,Other
2010-07-24,Onion,23,Dharashiv(Usmanabad),FAQ,Dharashiv,300,220,260,Maharashtra,Red
2010-07-24,Onion,23,Chandrapur,FAQ,Chandrapur(Ganjwad),700,500,600,Maharashtra,Other
2010-07-24,Onion,23,Pune,FAQ,Pune(Khadiki),200,200,200,Maharashtra,Other
2010-07-24,Onion,23,Nashik,FAQ,Pimpalgaon Baswant(Saykheda),747,400,640,Maharashtra,Other
2010-07-24,Onion,23,Dharashiv(Usmanabad),FAQ,Dharashiv,600,600,600,Maharashtra,Other
2010-07-25,Onion,23,Satara,FAQ,Satara,850,400,625,Maharashtra,Other
2010-07-25,Onion,23,Nagpur,FAQ,Nagpur,950,875,912,Maharashtra,Other
2010-07-25,Onion,23,Ahmednagar,FAQ,Newasa(Ghodegaon),900,100,650,Maharashtra,Other
2010-07-25,Onion,23,Ahmednagar,FAQ,Pathardi,800,150,766,Maharashtra,Red
2010-07-26,Onion,23,Pune,FAQ,Pune(Khadiki),800,250,520,Maharashtra,Other
2010-07-26,Onion,23,Nashik,FAQ,Dindori(Vani),827,400,725,Maharashtra,Other
2010-07-26,Onion,23,Nashik,FAQ,Yeola,784,300,650,Maharashtra,Other
2010-07-26,Onion,23,Kolhapur,FAQ,Kolhapur,950,300,700,Maharashtra,Other
2010-07-27,Onion,23,Nashik,FAQ,Manmad,838,261,675,Maharashtra,Other
2010-07-27,Onion,23,Ahmednagar,FAQ,Sangamner,911,100,506,Maharashtra,Other
2010-07-27,Onion,23,Jalgaon,FAQ,Jalgaon,710,350,550,Maharashtra,Red
2010-07-27,Onion,23,Kolhapur,FAQ,Kolhapur,900,300,700,Maharashtra,Other
2010-07-27,Onion,23,Nagpur,FAQ,Nagpur,950,875,912,Maharashtra,Other
2010-07-27,Onion,23,Sangli,FAQ,"Sangli(Phale, Bhajipura Market)",900,300,600,Maharashtra,Other
2010-07-27,Onion,23,Nashik,FAQ,Chandvad,800,400,700,Maharashtra,Other
2010-07-27,Onion,23,Dhule,FAQ,Dhule,905,200,600,Maharashtra,Other
2010-07-27,Onion,23,Nashik,FAQ,Lasalgaon,819,200,721,Maharashtra,Other
2010-07-28,Onion,23,Nagpur,FAQ,Nagpur,825,500,662,Maharashtra,Red
2010-07-28,Onion,23,Nashik,FAQ,Lasalgaon(Niphad),771,250,680,Maharashtra,Other
2010-07-28,Onion,23,Dhule,FAQ,Shirpur,710,400,560,Maharashtra,Red
2010-07-28,Onion,23,Nashik,FAQ,Nandgaon,811,300,721,Maharashtra,Other
2010-07-28,Onion,23,Pune,FAQ,Indapur,850,225,650,Maharashtra,Other
2010-07-28,Onion,23,Dhule,FAQ,Dhule,790,105,580,Maharashtra,Red
2010-07-28,Onion,23,Nashik,FAQ,Sinner,1051,100,675,Maharashtra,Other
2010-07-29,Onion,23,Nashik,FAQ,Yeola,790,275,720,Maharashtra,Other
2010-07-29,Onion,23,Nashik,FAQ,Malegaon,815,250,725,Maharashtra,Other
2010-07-29,Onion,23,Satara,FAQ,Lonand,800,350,650,Maharashtra,Other
2010-07-29,Onion,23,Nashik,FAQ,Pimpalgaon,881,400,721,Maharashtra,Other
2010-07-29,Onion,23,Nashik,FAQ,Sinner,800,100,700,Maharashtra,Other
2010-07-29,Onion,23,Nashik,FAQ,Nasik,765,275,625,Maharashtra,Other
2010-07-29,Onion,23,Satara,FAQ,Satara,850,500,650,Maharashtra,Other
2010-07-29,Onion,23,Kolhapur,FAQ,Kolhapur,900,350,700,Maharashtra,Other
2010-07-29,Onion,23,Pune,FAQ,Junnar(Otur),950,100,900,Maharashtra,Other
2010-07-30,Onion,23,Ahmednagar,FAQ,Rahuri,850,100,475,Maharashtra,Other
2010-07-30,Onion,23,Dharashiv(Usmanabad),FAQ,Dharashiv,775,400,588,Maharashtra,Other
2010-07-30,Onion,23,Chattrapati Sambhajinagar,FAQ,Gangapur,1005,200,575,Maharashtra,Other
2010-07-30,Onion,23,Nashik,FAQ,Nasik,800,350,650,Maharashtra,Other
2010-07-30,Onion,23,Nashik,FAQ,Dindori(Vani),828,400,755,Maharashtra,Other
2010-07-31,Onion,23,Nashik,FAQ,Nasik,825,300,650,Maharashtra,Other
2010-07-31,Onion,23,Pune,FAQ,Baramati,951,200,750,Maharashtra,Red
2010-07-31,Onion,23,Ahmednagar,FAQ,Kopargaon,1050,200,800,Maharashtra,Other
2010-07-31,Onion,23,Jalgaon,FAQ,Jalgaon,875,300,550,Maharashtra,Red
2010-07-31,Onion,23,Kolhapur,FAQ,Kolhapur(Malkapur),800,500,600,Maharashtra,Other
2010-08-01,Onion,23,Pune,FAQ,Pune(Pimpri),750,750,750,Maharashtra,Other
2010-08-01,Onion,23,Pune,FAQ,Pune,1000,700,850,Maharashtra,Other
2010-08-01,Onion,23,Ahmednagar,FAQ,Pathardi,800,140,645,Maharashtra,Red
2010-08-01,Onion,23,Ahmednagar,FAQ,Rahuri,1000,100,550,Maharashtra,Other
2010-08-01,Onion,23,Nagpur,FAQ,Nagpur,1050,875,962,Maharashtra,Other
2010-08-02,Onion,23,Nashik,FAQ,Devala,861,150,810,Maharashtra,Other
2010-08-02,Onion,23,Nagpur,FAQ,Nagpur,800,650,725,Maharashtra,Red
2010-08-02,Onion,23,Nashik,FAQ,Pimpalgaon Baswant(Saykheda),800,500,750,Maharashtra,Other
2010-08-02,Onion,23,Sholapur,FAQ,Barshi,1011,150,1000,Maharashtra,Other
2010-08-02,Onion,23,Nashik,FAQ,Manmad,827,370,748,Maharashtra,Other
2010-08-03,Onion,23,Ahmednagar,FAQ,Sangamner,921,100,511,Maharashtra,Other
2010-08-03,Onion,23,Nashik,FAQ,Lasalgaon(Niphad),800,300,730,Maharashtra,Other
2010-08-03,Onion,23,Chandrapur,FAQ,Chandrapur(Ganjwad),1120,950,1000,Maharashtra,Other
2010-08-04,Onion,23,Dhule,FAQ,Shirpur,705,250,625,Maharashtra,Other
2010-08-04,Onion,23,Nashik,FAQ,Yeola,812,350,720,Maharashtra,Other
2010-08-04,Onion,23,Nashik,FAQ,Dindori(Vani),799,400,740,Maharashtra,Other
2010-08-04,Onion,23,Pune,FAQ,Pune,1000,700,850,Maharashtra,Other
2010-08-04,Onion,23,Pune,FAQ,Manchar,650,300,480,Maharashtra,Other
2010-08-04,Onion,23,Chattrapati Sambhajinagar,FAQ,Chattrapati Sambhajinagar,800,300,550,Maharashtra,Other
2010-08-04,Onion,23,Nagpur,FAQ,Nagpur,850,700,775,Maharashtra,Red
2010-08-04,Onion,23,Nashik,FAQ,Nasik,850,341,700,Maharashtra,Other
2010-08-04,Onion,23,Dharashiv(Usmanabad),FAQ,Dharashiv,750,750,750,Maharashtra,Other
2010-08-04,Onion,23,Nashik,FAQ,Chandvad,824,400,700,Maharashtra,Other
2010-08-05,Onion,23,Ahmednagar,FAQ,Sangamner,951,100,526,Maharashtra,Other
2010-08-05,Onion,23,Chandrapur,FAQ,Chandrapur(Ganjwad),1125,850,1100,Maharashtra,Other
2010-08-05,Onion,23,Sangli,FAQ,"Sangli(Phale, Bhajipura Market)",950,500,725,Maharashtra,Other
2010-08-05,Onion,23,Kolhapur,FAQ,Kolhapur,1000,300,700,Maharashtra,Other
2010-08-05,Onion,23,Pune,FAQ,Pune(Khadiki),1000,1000,1000,Maharashtra,Other
2010-08-05,Onion,23,Sholapur,FAQ,Pandharpur,850,110,750,Maharashtra,Red
2010-08-05,Onion,23,Ahmednagar,FAQ,Akole,1001,200,644,Maharashtra,Other
2010-08-05,Onion,23,Nagpur,FAQ,Nagpur,1062,875,968,Maharashtra,Other
2010-08-05,Onion,23,Parbhani,FAQ,Parbhani,700,500,600,Maharashtra,Red
2010-08-05,Onion,23,Nagpur,FAQ,Nagpur,850,750,800,Maharashtra,Red
2010-08-06,Onion,23,Nashik,FAQ,Nasik,835,311,700,Maharashtra,Other
2010-08-06,Onion,23,Nashik,FAQ,Kalvan,831,200,771,Maharashtra,Other
2010-08-06,Onion,23,Nashik,FAQ,Nandgaon,866,250,700,Maharashtra,Other
2010-08-06,Onion,23,Ahmednagar,FAQ,Ahmednagar,960,100,530,Maharashtra,Other
2010-08-06,Onion,23,Mumbai,FAQ,Mumbai,1000,750,800,Maharashtra,Other
2010-08-06,Onion,23,Nashik,FAQ,Devala,800,100,720,Maharashtra,Other
2010-08-07,Onion,23,Nashik,FAQ,Chandvad,800,300,760,Maharashtra,Other
2010-08-07,Onion,23,Jalgaon,FAQ,Jalgaon,860,275,600,Maharashtra,Red
2010-08-07,Onion,23,Chattrapati Sambhajinagar,FAQ,Chattrapati Sambhajinagar,800,200,500,Maharashtra,Other
2010-08-08,Onion,23,Nagpur,FAQ,Nagpur,1000,850,925,Maharashtra,Other
2010-08-08,Onion,23,Pune,FAQ,Pune(Khadiki),850,300,575,Maharashtra,Other
2010-08-08,Onion,23,Ahmednagar,FAQ,Parner,955,200,580,Maharashtra,Other
2010-08-08,Onion,23,Pune,FAQ,Pune(Pimpri),800,700,750,Maharashtra,Other
2010-08-09,Onion,23,Pune,FAQ,Pune(Khadiki),850,200,520,Maharashtra,Other
2010-08-09,Onion,23,Nashik,FAQ,Nasik,865,311,725,Maharashtra,Other
2010-08-09,Onion,23,Ahmednagar,FAQ,Ahmednagar,1010,200,610,Maharashtra,Other
2010-08-09,Onion,23,Nagpur,FAQ,Nagpur,850,650,750,Maharashtra,Red
2010-08-09,Onion,23,Kolhapur,FAQ,Kolhapur,1000,400,700,Maharashtra,Other
2010-08-09,Onion,23,Sangli,FAQ,"Sangli(Phale, Bhajipura Market)",1020,500,760,Maharashtra,Other
2010-08-09,Onion,23,Nashik,FAQ,Sinner,1000,150,700,Maharashtra,Other
2010-08-09,Onion,23,Ahmednagar,FAQ,Shrirampur,1025,250,700,Maharashtra,Other
2010-08-10,Onion,23,Satara,FAQ,Karad,900,700,800,Maharashtra,Other
2010-08-10,Onion,23,Nashik,FAQ,Manmad,848,300,800,Maharashtra,Other
2010-08-10,Onion,23,Nashik,FAQ,Kalvan,862,300,800,Maharashtra,Other
2010-08-10,Onion,23,Ahmednagar,FAQ,Rahuri,900,100,500,Maharashtra,Other
2010-08-10,Onion,23,Chattrapati Sambhajinagar,FAQ,Gangapur,1000,400,675,Maharashtra,Other
2010-08-11,Onion,23,Satara,FAQ,Karad,900,600,750,Maharashtra,Other
2010-08-11,Onion,23,Nashik,FAQ,Pimpalgaon Baswant(Saykheda),811,451,745,Maharashtra,Other
2010-08-11,Onion,23,Nashik,FAQ,Devala,860,151,770,Maharashtra,Other
2010-08-11,Onion,23,Mumbai,FAQ,Mumbai,1000,700,850,Maharashtra,Other
2010-08-12,Onion,23,Sholapur,FAQ,Pandharpur,960,150,600,Maharashtra,Red
2010-08-12,Onion,23,Nashik,FAQ,Nasik,825,330,700,Maharashtra,Other
2010-08-12,Onion,23,Satara,FAQ,Karad,1000,500,750,Maharashtra,Other
2010-08-12,Onion,23,Pune,FAQ,Pune(Khadiki),900,600,750,Maharashtra,Other
2010-08-12,Onion,23,Nashik,FAQ,Lasalgaon,885,200,780,Maharashtra,Other
2010-08-12,Onion,23,Mumbai,FAQ,Mumbai,1050,750,800,Maharashtra,Other
2010-08-13,Onion,23,Jalgaon,FAQ,Jalgaon,825,325,600,Maharashtra,Red
2010-08-13,Onion,23,Nashik,FAQ,Satana,915,300,845,Maharashtra,Other
2010-08-13,Onion,23,Nashik,FAQ,Nasik,900,400,725,Maharashtra,Other
2010-08-13,Onion,23,Dhule,FAQ,Sakri,830,650,750,Maharashtra,Red
2010-08-13,Onion,23,Nashik,FAQ,Kalvan,870,300,825,Maharashtra,Other
2010-08-13,Onion,23,Sholapur,FAQ,Kurdwadi,801,200,600,Maharashtra,Other
2010-08-13,Onion,23,Buldhana,FAQ,Malkapur,792,400,716,Maharashtra,Other
2010-08-13,Onion,23,Nashik,FAQ,Devala,869,230,811,Maharashtra,Other
2010-08-14,Onion,23,Ahmednagar,FAQ,Rahuri(Vambori),1100,150,600,Maharashtra,Other
2010-08-14,Onion,23,Ahmednagar,FAQ,Kopargaon,1225,300,850,Maharashtra,Other
2010-08-14,Onion,23,Mumbai,FAQ,Mumbai,1100,750,900,Maharashtra,Other
2010-08-14,Onion,23,Nashik,FAQ,Chandvad,999,450,850,Maharashtra,Other
2010-08-14,Onion,23,Nagpur,FAQ,Nagpur,1125,950,1037,Maharashtra,Other
2010-08-14,Onion,23,Kolhapur,FAQ,Kolhapur,1120,300,700,Maharashtra,Other
2010-08-16,Onion,23,Chandrapur,FAQ,Chandrapur(Ganjwad),1150,700,1100,Maharashtra,Other
2010-08-16,Onion,23,Nashik,FAQ,Yeola,1021,400,940,Maharashtra,Other
2010-08-16,Onion,23,Nagpur,FAQ,Nagpur,1050,750,900,Maharashtra,Other
2010-08-16,Onion,23,Mumbai,FAQ,Mumbai,1200,800,900,Maharashtra,Other
2010-08-16,Onion,23,Nashik,FAQ,Lasalgaon,1013,200,931,Maharashtra,Other
2010-08-16,Onion,23,Ahmednagar,FAQ,Rahuri(Vambori),1100,150,650,Maharashtra,Other
2010-08-16,Onion,23,Sholapur,FAQ,Kurdwadi,915,100,600,Maharashtra,Other
2010-08-16,Onion,23,Nashik,FAQ,Sinner,1301,100,875,Maharashtra,Other
2010-08-16,Onion,23,Ahmednagar,FAQ,Kopargaon,1200,400,900,Maharashtra,Other
2010-08-16,Onion,23,Ahmednagar,FAQ,Shrirampur,1225,300,850,Maharashtra,Other
2010-08-17,Onion,23,Nashik,FAQ,Satana,970,300,890,Maharashtra,Other
2010-08-17,Onion,23,Sangli,FAQ,"Sangli(Phale, Bhajipura Market)",1200,600,900,Maharashtra,Other
2010-08-17,Onion,23,Ahmednagar,FAQ,Sangamner,1301,100,701,Maharashtra,Other
2010-08-18,Onion,23,Nagpur,FAQ,Nagpur,1000,750,875,Maharashtra,Red
2010-08-18,Onion,23,Sholapur,FAQ,Kurdwadi,1025,200,650,Maharashtra,Other
2010-08-18,Onion,23,Pune,FAQ,Indapur,1100,160,700,Maharashtra,Red
2010-08-18,Onion,23,Nashik,FAQ,Devala,951,160,851,Maharashtra,Other
2010-08-18,Onion,23,Pune,FAQ,Pune,1200,750,975,Maharashtra,Other
2010-08-18,Onion,23,Sangli,FAQ,"Sangli(Phale, Bhajipura Market)",1210,500,855,Maharashtra,Other
2010-08-18,Onion,23,Nashik,FAQ,Manmad,966,270,800,Maharashtra,Other
2010-08-18,Onion,23,Nashik,FAQ,Nasik,1000,400,850,Maharashtra,Other
2010-08-18,Onion,23,Chattrapati Sambhajinagar,FAQ,Chattrapati Sambhajinagar,900,400,650,Maharashtra,Other
2010-08-19,Onion,23,Chandrapur,FAQ,Chandrapur(Ganjwad),1150,700,1100,Maharashtra,Other
2010-08-19,Onion,23,Ahmednagar,FAQ,Ahmednagar,1050,200,625,Maharashtra,Other
2010-08-19,Onion,23,Satara,FAQ,Lonand,950,450,755,Maharashtra,Other
2010-08-19,Onion,23,Satara,FAQ,Karad,850,500,650,Maharashtra,Other
2010-08-19,Onion,23,Nagpur,FAQ,Nagpur,1200,950,1075,Maharashtra,Other
2010-08-20,Onion,23,Buldhana,FAQ,Malkapur,1025,700,900,Maharashtra,Other
2010-08-20,Onion,23,Nashik,FAQ,Yeola,913,400,830,Maharashtra,Other
2010-08-20,Onion,23,Nashik,FAQ,Satana,890,200,780,Maharashtra,Other
2010-08-21,Onion,23,Dhule,FAQ,Sakri,865,750,801,Maharashtra,Red
2010-08-21,Onion,23,Satara,FAQ,Karad,1000,700,800,Maharashtra,Other
2010-08-21,Onion,23,Ahmednagar,FAQ,Rahuri(Vambori),1000,100,500,Maharashtra,Other
2010-08-21,Onion,23,Jalgaon,FAQ,Jalgaon,900,400,650,Maharashtra,Red
2010-08-21,Onion,23,Kolhapur,FAQ,Kolhapur(Malkapur),700,600,650,Maharashtra,Other
2010-08-22,Onion,23,Ahmednagar,FAQ,Newasa(Ghodegaon),1200,100,900,Maharashtra,Other
2010-08-22,Onion,23,Nagpur,FAQ,Nagpur,1250,875,1062,Maharashtra,Other
2010-08-23,Onion,23,Nashik,FAQ,Lasalgaon,955,261,825,Maharashtra,Other
2010-08-23,Onion,23,Dhule,FAQ,Sakri,865,730,780,Maharashtra,Red
2010-08-23,Onion,23,Chattrapati Sambhajinagar,FAQ,Chattrapati Sambhajinagar,1000,500,750,Maharashtra,Other
2010-08-23,Onion,23,Pune,FAQ,Pune,1100,850,975,Maharashtra,Other
2010-08-23,Onion,23,Nashik,FAQ,Manmad,964,290,871,Maharashtra,Other
2010-08-23,Onion,23,Nagpur,FAQ,Nagpur,1000,375,687,Maharashtra,Red
2010-08-23,Onion,23,Nashik,FAQ,Kalvan,931,200,850,Maharashtra,Other
2010-08-23,Onion,23,Nagpur,FAQ,Nagpur,1250,875,1062,Maharashtra,Other
2010-08-24,Onion,23,Satara,FAQ,Phaltan,1070,150,550,Maharashtra,Other
2010-08-24,Onion,23,Chattrapati Sambhajinagar,FAQ,Chattrapati Sambhajinagar,900,400,650,Maharashtra,Other
2010-08-24,Onion,23,Pune,FAQ,Pune(Khadiki),1100,300,700,Maharashtra,Other
2010-08-25,Onion,23,Chandrapur,FAQ,Chandrapur(Ganjwad),1225,700,1200,Maharashtra,Other
2010-08-25,Onion,23,Nashik,FAQ,Manmad,1000,265,900,Maharashtra,Other
2010-08-25,Onion,23,Nashik,FAQ,Yeola,986,300,925,Maharashtra,Other
2010-08-25,Onion,23,Dhule,FAQ,Sakri,885,700,795,Maharashtra,Red
2010-08-25,Onion,23,Sholapur,FAQ,Kurdwadi,851,200,600,Maharashtra,Other
2010-08-25,Onion,23,Pune,FAQ,Baramati,1000,300,800,Maharashtra,Red
2010-08-26,Onion,23,Pune,FAQ,Junnar,1100,450,850,Maharashtra,Other
2010-08-26,Onion,23,Kolhapur,FAQ,Kolhapur,1300,500,800,Maharashtra,Other
2010-08-26,Onion,23,Ahmednagar,FAQ,Shrirampur,1250,300,875,Maharashtra,Other
2010-08-26,Onion,23,Nashik,FAQ,Yeola,1085,400,950,Maharashtra,Other
2010-08-26,Onion,23,Nashik,FAQ,Nandgaon,1090,200,950,Maharashtra,Other
2010-08-26,Onion,23,Satara,FAQ,Satara,1200,600,900,Maharashtra,Other
2010-08-26,Onion,23,Dhule,FAQ,Dhule,1025,100,870,Maharashtra,Red
2010-08-26,Onion,23,Satara,FAQ,Lonand,1005,300,800,Maharashtra,Other
2010-08-26,Onion,23,Satara,FAQ,Karad,1000,500,750,Maharashtra,Other
2010-08-27,Onion,23,Dhule,FAQ,Dhule,1050,100,880,Maharashtra,Red
2010-08-27,Onion,23,Pune,FAQ,Pune(Pimpri),1000,950,970,Maharashtra,Other
2010-08-27,Onion,23,Nashik,FAQ,Chandvad,1100,500,1000,Maharashtra,Other
2010-08-27,Onion,23,Thane,FAQ,Kalyan,800,700,750,Maharashtra,Other
2010-08-27,Onion,23,Nashik,FAQ,Manmad,1135,473,1000,Maharashtra,Other
2010-08-28,Onion,23,Ahmednagar,FAQ,Rahuri(Vambori),1500,100,800,Maharashtra,Other
2010-08-28,Onion,23,Nashik,FAQ,Yeola,1200,500,1000,Maharashtra,Other
2010-08-28,Onion,23,Nashik,FAQ,Nasik,1050,400,850,Maharashtra,Other
2010-08-28,Onion,23,Ahmednagar,FAQ,Ahmednagar,1450,300,900,Maharashtra,Other
2010-08-28,Onion,23,Ahmednagar,FAQ,Kopargaon,1600,600,1250,Maharashtra,Other
2010-08-28,Onion,23,Sangli,FAQ,"Sangli(Phale, Bhajipura Market)",1400,600,1000,Maharashtra,Other
2010-08-29,Onion,23,Pune,FAQ,Junnar,1500,400,900,Maharashtra,Other
2010-08-29,Onion,23,Satara,FAQ,Satara,1300,700,1000,Maharashtra,Other
2010-08-29,Onion,23,Nashik,FAQ,Sinner,1086,100,975,Maharashtra,Other
2010-08-30,Onion,23,Jalgaon,FAQ,Jalgaon,1100,375,800,Maharashtra,Red
2010-08-30,Onion,23,Pune,FAQ,Pune,1300,850,1075,Maharashtra,Other
2010-08-30,Onion,23,Nashik,FAQ,Devala,1162,250,950,Maharashtra,Other
2010-08-30,Onion,23,Ahmednagar,FAQ,Kopargaon,1200,300,1100,Maharashtra,Other
2010-08-30,Onion,23,Nashik,FAQ,Satana,1140,300,1020,Maharashtra,Other
2010-08-30,Onion,23,Pune,FAQ,Pune(Pimpri),1000,1000,1000,Maharashtra,Other
2010-08-30,Onion,23,Pune,FAQ,Baramati,1161,311,900,Maharashtra,Red
2010-08-30,Onion,23,Sholapur,FAQ,Pandharpur,1300,100,850,Maharashtra,Red
2010-08-30,Onion,23,Nashik,FAQ,Sinner,1651,150,1025,Maharashtra,Other
2010-08-30,Onion,23,Thane,FAQ,Kalyan,1000,600,800,Maharashtra,Other
2010-08-31,Onion,23,Jalgaon,FAQ,Jalgaon,1100,600,850,Maharashtra,Red
2010-08-31,Onion,23,Pune,FAQ,Pune(Khadiki),1300,700,1000,Maharashtra,Other
2010-08-31,Onion,23,Satara,FAQ,Karad,1000,500,750,Maharashtra,Other
2010-09-01,Onion,23,Ahmednagar,FAQ,Kopargaon,1500,400,1050,Maharashtra,Other
2010-09-01,Onion,23,Nashik,FAQ,Manmad,1183,460,1000,Maharashtra,Other
2010-09-01,Onion,23,Dhule,FAQ,Shirpur,930,100,550,Maharashtra,Red
2010-09-01,Onion,23,Chattrapati Sambhajinagar,FAQ,Lasur Station,1560,100,900,Maharashtra,Other
2010-09-01,Onion,23,Dharashiv(Usmanabad),FAQ,Dharashiv,1200,1200,1200,Maharashtra,Other
2010-09-01,Onion,23,Mumbai,FAQ,Vashi New Mumbai,1300,1000,1150,Maharashtra,Other
2010-09-01,Onion,23,Nashik,FAQ,Pimpalgaon Baswant(Saykheda),1091,600,1025,Maharashtra,Other
2010-09-02,Onion,23,Satara,FAQ,Satara,1300,700,1000,Maharashtra,Other
2010-09-02,Onion,23,Ahmednagar,FAQ,Shrirampur,1500,400,1150,Maharashtra,Other
2010-09-02,Onion,23,Nashik,FAQ,Manmad,1199,301,1006,Maharashtra,Other
2010-09-03,Onion,23,Mumbai,FAQ,Vashi New Mumbai,1250,950,1100,Maharashtra,Other
2010-09-03,Onion,23,Thane,FAQ,Bhivandi,1450,1300,1375,Maharashtra,Other
2010-09-03,Onion,23,Ahmednagar,FAQ,Newasa,1425,100,1000,Maharashtra,Other
2010-09-03,Onion,23,Sholapur,FAQ,Solapur,1450,100,650,Maharashtra,Other
2010-09-03,Onion,23,Sholapur,FAQ,Kurdwadi,1210,300,800,Maharashtra,Other
2010-09-04,Onion,23,Nashik,FAQ,Nasik,1200,525,950,Maharashtra,Other
2010-09-04,Onion,23,Mumbai,FAQ,Vashi New Mumbai,1250,900,1000,Maharashtra,Other
2010-09-04,Onion,23,Pune,FAQ,Baramati,1375,300,1000,Maharashtra,Red
2010-09-04,Onion,23,Dharashiv(Usmanabad),FAQ,Dharashiv,525,190,358,Maharashtra,Red
2010-09-04,Onion,23,Dharashiv(Usmanabad),FAQ,Dharashiv,1125,1125,1125,Maharashtra,Other
2010-09-05,Onion,23,Pune,FAQ,Junnar,1300,500,950,Maharashtra,Other
2010-09-05,Onion,23,Pune,FAQ,Pune,1300,900,1100,Maharashtra,Other
2010-09-05,Onion,23,Ahmednagar,FAQ,Pathardi,1250,140,988,Maharashtra,Red
2010-09-05,Onion,23,Ahmednagar,FAQ,Parner,1300,400,850,Maharashtra,Other
2010-09-05,Onion,23,Satara,FAQ,Satara,1400,600,1000,Maharashtra,Other
2010-09-05,Onion,23,Satara,FAQ,Karad,1000,500,750,Maharashtra,Other
2010-09-05,Onion,23,Ahmednagar,FAQ,Newasa(Ghodegaon),1450,100,950,Maharashtra,Other
2010-09-06,Onion,23,Nashik,FAQ,Kalvan,1200,300,1051,Maharashtra,Other
2010-09-06,Onion,23,Nashik,FAQ,Nasik,1200,511,1000,Maharashtra,Other
2010-09-06,Onion,23,Sangli,FAQ,"Sangli(Phale, Bhajipura Market)",1300,500,900,Maharashtra,Other
2010-09-06,Onion,23,Satara,FAQ,Satara,1300,1000,1150,Maharashtra,Other
2010-09-06,Onion,23,Nashik,FAQ,Devala,1160,325,1025,Maharashtra,Other
2010-09-06,Onion,23,Thane,FAQ,Bhivandi,1400,1200,1300,Maharashtra,Other
2010-09-07,Onion,23,Ahmednagar,FAQ,Sangamner,1400,100,750,Maharashtra,Other
2010-09-07,Onion,23,Ahmednagar,FAQ,Rahata,1400,350,1050,Maharashtra,Other
2010-09-07,Onion,23,Chattrapati Sambhajinagar,FAQ,Gangapur,1300,600,875,Maharashtra,Other
2010-09-07,Onion,23,Dharashiv(Usmanabad),FAQ,Dharashiv,1200,550,850,Maharashtra,Other
2010-09-07,Onion,23,Nashik,FAQ,Nashik(Devlali),1151,825,1051,Maharashtra,Other
2010-09-07,Onion,23,Nagpur,FAQ,Nagpur,1200,1100,1150,Maharashtra,Red
2010-09-08,Onion,23,Thane,FAQ,Bhivandi,1500,1350,1425,Maharashtra,Other
2010-09-08,Onion,23,Pune,FAQ,Pune(Khadiki),1200,500,850,Maharashtra,Other
2010-09-08,Onion,23,Sangli,FAQ,"Sangli(Phale, Bhajipura Market)",1350,500,925,Maharashtra,Other
2010-09-08,Onion,23,Ahmednagar,FAQ,Parner,1500,400,950,Maharashtra,Other
2010-09-08,Onion,23,Pune,FAQ,Pune(Pimpri),1200,1000,1100,Maharashtra,Other
2010-09-08,Onion,23,Nagpur,FAQ,Nagpur,1325,500,912,Maharashtra,Red
2010-09-09,Onion,23,Nashik,FAQ,Kalvan,1351,400,1251,Maharashtra,Other
2010-09-09,Onion,23,Dhule,FAQ,Dhule,1270,150,1020,Maharashtra,Red
2010-09-09,Onion,23,Nashik,FAQ,Dindori(Vani),1268,400,1050,Maharashtra,Other
2010-09-09,Onion,23,Sholapur,FAQ,Pandharpur,1500,270,1300,Maharashtra,Red
2010-09-09,Onion,23,Mumbai,FAQ,Mumbai,1300,1000,1100,Maharashtra,Other
2010-09-09,Onion,23,Nashik,FAQ,Satana,1185,350,1060,Maharashtra,Other
2010-09-09,Onion,23,Nashik,FAQ,Nasik,1125,500,950,Maharashtra,Other
2010-09-10,Onion,23,Nashik,FAQ,Devala,1341,300,1150,Maharashtra,Other
2010-09-10,Onion,23,Pune,FAQ,Pune(Khadiki),1100,900,1000,Maharashtra,Other
2010-09-10,Onion,23,Pune,FAQ,Pune(Pimpri),1200,700,950,Maharashtra,Other
2010-09-10,Onion,23,Nashik,FAQ,Nasik,1150,450,1000,Maharashtra,Other
2010-09-10,Onion,23,Ahmednagar,FAQ,Rahuri,1700,100,700,Maharashtra,Other
2010-09-11,Onion,23,Pune,FAQ,Baramati,1400,600,1170,Maharashtra,Red
2010-09-11,Onion,23,Ahmednagar,FAQ,Sangamner,1500,100,800,Maharashtra,Other
2010-09-12,Onion,23,Ahmednagar,FAQ,Sangamner,1651,100,875,Maharashtra,Other
2010-09-12,Onion,23,Ahmednagar,FAQ,Rahata,1550,300,1200,Maharashtra,Other
2010-09-12,Onion,23,Ahmednagar,FAQ,Newasa(Ghodegaon),1700,100,1000,Maharashtra,Other
2010-09-12,Onion,23,Chattrapati Sambhajinagar,FAQ,Lasur Station,1600,200,950,Maharashtra,Other
2010-09-12,Onion,23,Satara,FAQ,Satara,1400,600,1000,Maharashtra,Other
2010-09-12,Onion,23,Ahmednagar,FAQ,Rahuri,1400,100,750,Maharashtra,Other
2010-09-13,Onion,23,Chattrapati Sambhajinagar,FAQ,Chattrapati Sambhajinagar,1300,500,900,Maharashtra,Other
2010-09-13,Onion,23,Nashik,FAQ,Yeola,1351,500,1200,Maharashtra,Other
2010-09-13,Onion,23,Nashik,FAQ,Nasik,1400,611,1100,Maharashtra,Other
2010-09-13,Onion,23,Ahmednagar,FAQ,Shrirampur,1700,500,1300,Maharashtra,Other
2010-09-13,Onion,23,Mumbai,FAQ,Mumbai,1650,950,1300,Maharashtra,Other
2010-09-13,Onion,23,Sangli,FAQ,"Sangli(Phale, Bhajipura Market)",1600,300,950,Maharashtra,Other
2010-09-13,Onion,23,Nashik,FAQ,Nandgaon,1378,400,1125,Maharashtra,Other
2010-09-13,Onion,23,Nagpur,FAQ,Nagpur,1375,875,1125,Maharashtra,Red
2010-09-14,Onion,23,Pune,FAQ,Pune(Pimpri),1200,1000,1100,Maharashtra,Other
2010-09-14,Onion,23,Mumbai,FAQ,Vashi New Mumbai,1500,1200,1300,Maharashtra,Other
2010-09-15,Onion,23,Dhule,FAQ,Dhule,1825,800,1025,Maharashtra,Other
2010-09-15,Onion,23,Pune,FAQ,Pune,1600,1100,1350,Maharashtra,Other
2010-09-15,Onion,23,Sholapur,FAQ,Kurdwadi,1271,300,900,Maharashtra,Other
2010-09-15,Onion,23,Pune,FAQ,Baramati,1515,300,1001,Maharashtra,Red
2010-09-15,Onion,23,Ahmednagar,FAQ,Newasa(Ghodegaon),1850,400,1500,Maharashtra,Other
2010-09-15,Onion,23,Nashik,FAQ,Satana,1500,450,1390,Maharashtra,Other
2010-09-15,Onion,23,Mumbai,FAQ,Mumbai,1600,1200,1300,Maharashtra,Other
2010-09-15,Onion,23,Sholapur,FAQ,Solapur,2650,125,750,Maharashtra,Other
2010-09-15,Onion,23,Nashik,FAQ,Yeola,1522,551,1350,Maharashtra,Other
2010-09-15,Onion,23,Nagpur,FAQ,Nagpur,2000,1250,1625,Maharashtra,Other
2010-09-16,Onion,23,Ahmednagar,FAQ,Sangamner,2100,100,1100,Maharashtra,Other
2010-09-16,Onion,23,Dhule,FAQ,Dhule,1300,1300,1300,Maharashtra,Other
2010-09-16,Onion,23,Dhule,FAQ,Dhule,1545,200,1250,Maharashtra,Red
2010-09-16,Onion,23,Nashik,FAQ,Manmad,1525,791,1350,Maharashtra,Other
2010-09-16,Onion,23,Dharashiv(Usmanabad),FAQ,Dharashiv,525,250,388,Maharashtra,Red
2010-09-16,Onion,23,Nagpur,FAQ,Nagpur,1562,1250,1406,Maharashtra,Red
2010-09-16,Onion,23,Sangli,FAQ,"Sangli(Phale, Bhajipura Market)",2000,500,1250,Maharashtra,Other
2010-09-16,Onion,23,Nashik,FAQ,Lasalgaon(Niphad),1571,300,1411,Maharashtra,Other
2010-09-17,Onion,23,Sholapur,FAQ,Solapur,2000,100,775,Maharashtra,Other
2010-09-17,Onion,23,Nashik,FAQ,Dindori(Vani),1572,500,1411,Maharashtra,Other
2010-09-18,Onion,23,Nashik,FAQ,Yeola,1701,700,1435,Maharashtra,Other
2010-09-18,Onion,23,Nashik,FAQ,Lasalgaon(Niphad),1500,400,1351,Maharashtra,Other
2010-09-19,Onion,23,Chattrapati Sambhajinagar,FAQ,Chattrapati Sambhajinagar,1500,600,1050,Maharashtra,Other
2010-09-19,Onion,23,Pune,FAQ,Junnar,1700,1200,1500,Maharashtra,Other
2010-09-20,Onion,23,Nashik,FAQ,Yeola,1587,555,1380,Maharashtra,Other
2010-09-20,Onion,23,Nashik,FAQ,Lasalgaon(Niphad),1595,351,1370,Maharashtra,Other
2010-09-20,Onion,23,Nashik,FAQ,Sinner,1801,200,1500,Maharashtra,Other
2010-09-20,Onion,23,Sangli,FAQ,"Sangli(Phale, Bhajipura Market)",1850,500,1175,Maharashtra,Other
2010-09-20,Onion,23,Chandrapur,FAQ,Chandrapur(Ganjwad),1800,1500,1550,Maharashtra,Other
2010-09-20,Onion,23,Nashik,FAQ,Lasalgaon,1675,280,1431,Maharashtra,Other
2010-09-20,Onion,23,Dhule,FAQ,Sakri,1600,1460,1530,Maharashtra,Red
2010-09-21,Onion,23,Chattrapati Sambhajinagar,FAQ,Chattrapati Sambhajinagar,1600,800,1200,Maharashtra,Other
2010-09-21,Onion,23,Ahmednagar,FAQ,Rahuri,1850,100,900,Maharashtra,Other
2010-09-21,Onion,23,Nashik,FAQ,Devala,1590,900,1420,Maharashtra,Other
2010-09-21,Onion,23,Nashik,FAQ,Satana,1675,500,1515,Maharashtra,Red
2010-09-21,Onion,23,Pune,FAQ,Pune,1700,1000,1350,Maharashtra,Other
2010-09-21,Onion,23,Sholapur,FAQ,Solapur,2025,200,800,Maharashtra,Other
2010-09-21,Onion,23,Nashik,FAQ,Nandgaon,1625,500,1450,Maharashtra,Other
2010-09-21,Onion,23,Dharashiv(Usmanabad),FAQ,Dharashiv,550,350,450,Maharashtra,Red
2010-09-21,Onion,23,Nagpur,FAQ,Nagpur,1700,1250,1475,Maharashtra,Red
2010-09-22,Onion,23,Ahmednagar,FAQ,Kopargaon,1700,500,1300,Maharashtra,Other
2010-09-22,Onion,23,Pune,FAQ,Pune(Pimpri),1400,1200,1300,Maharashtra,Other
2010-09-22,Onion,23,Thane,FAQ,Bhivandi,1450,1370,1410,Maharashtra,Other
2010-09-22,Onion,23,Nagpur,FAQ,Nagpur,1700,1000,1350,Maharashtra,Red
2010-09-23,Onion,23,Nashik,FAQ,Yeola,1571,500,1380,Maharashtra,Other
2010-09-23,Onion,23,Nashik,FAQ,Sinner,1624,100,1550,Maharashtra,Other
2010-09-23,Onion,23,Ahmednagar,FAQ,Akole,1900,300,1375,Maharashtra,Other
2010-09-23,Onion,23,Thane,FAQ,Bhivandi,1500,1380,1440,Maharashtra,Other
2010-09-23,Onion,23,Nashik,FAQ,Manmad,1615,600,1450,Maharashtra,Other
2010-09-23,Onion,23,Satara,FAQ,Lonand,1805,1000,1500,Maharashtra,Other
2010-09-24,Onion,23,Nashik,FAQ,Manmad,1609,460,1400,Maharashtra,Other
2010-09-25,Onion,23,Sangli,FAQ,"Sangli(Phale, Bhajipura Market)",1800,500,1150,Maharashtra,Other
2010-09-25,Onion,23,Dharashiv(Usmanabad),FAQ,Dharashiv,325,325,325,Maharashtra,Red
2010-09-25,Onion,23,Dhule,FAQ,Sakri,1500,910,1245,Maharashtra,Red
2010-09-25,Onion,23,Nagpur,FAQ,Nagpur,1687,1250,1468,Maharashtra,Red
2010-09-26,Onion,23,Ahmednagar,FAQ,Parner,1800,500,1100,Maharashtra,Other
2010-09-26,Onion,23,Beed,FAQ,Kada,1800,150,1600,Maharashtra,Other
2010-09-26,Onion,23,Ahmednagar,FAQ,Rahuri,1700,100,900,Maharashtra,Other
2010-09-26,Onion,23,Nagpur,FAQ,Nagpur,1625,1500,1562,Maharashtra,Red
2010-09-27,Onion,23,Chattrapati Sambhajinagar,FAQ,Chattrapati Sambhajinagar,1600,800,1200,Maharashtra,Other
2010-09-27,Onion,23,Nashik,FAQ,Sinner,1901,250,1550,Maharashtra,Other
2010-09-27,Onion,23,Satara,FAQ,Karad,1800,900,1350,Maharashtra,Other
2010-09-27,Onion,23,Thane,FAQ,Bhivandi,1400,1300,1350,Maharashtra,Other
2010-09-27,Onion,23,Sholapur,FAQ,Pandharpur,1825,250,1100,Maharashtra,Red
2010-09-27,Onion,23,Jalgaon,FAQ,Jalgaon,1750,800,1200,Maharashtra,Red
2010-09-27,Onion,23,Nashik,FAQ,Pimpalgaon Baswant(Saykheda),1681,851,1570,Maharashtra,Other
2010-09-28,Onion,23,Nashik,FAQ,Sinner,1717,200,1600,Maharashtra,Other
2010-09-28,Onion,23,Parbhani,FAQ,Parbhani,1200,900,1000,Maharashtra,Red
2010-09-28,Onion,23,Nashik,FAQ,Kalvan,1800,400,1700,Maharashtra,Other
2010-09-28,Onion,23,Mumbai,FAQ,Mumbai,1800,1500,1600,Maharashtra,Other
2010-09-28,Onion,23,Nashik,FAQ,Pimpalgaon Baswant(Saykheda),1798,924,1650,Maharashtra,Other
2010-09-28,Onion,23,Chattrapati Sambhajinagar,FAQ,Gangapur,1750,400,1250,Maharashtra,Other
2010-09-28,Onion,23,Dhule,FAQ,Dhule,1570,260,1340,Maharashtra,Red
2010-09-28,Onion,23,Nashik,FAQ,Devala,1725,750,1600,Maharashtra,Other
2010-09-28,Onion,23,Satara,FAQ,Karad,1100,800,950,Maharashtra,Other
2010-09-28,Onion,23,Nagpur,FAQ,Nagpur,1750,1500,1625,Maharashtra,Red
2010-09-29,Onion,23,Chattrapati Sambhajinagar,FAQ,Chattrapati Sambhajinagar,1400,400,900,Maharashtra,Other
2010-09-29,Onion,23,Satara,FAQ,Karad,1000,700,850,Maharashtra,Other
2010-09-29,Onion,23,Sholapur,FAQ,Kurdwadi,1641,300,1200,Maharashtra,Other
2010-09-29,Onion,23,Nashik,FAQ,Pimpalgaon Baswant(Saykheda),1839,925,1290,Maharashtra,Other
2010-09-29,Onion,23,Sholapur,FAQ,Solapur,2300,100,850,Maharashtra,Other
2010-09-29,Onion,23,Nashik,FAQ,Lasalgaon,1812,301,1711,Maharashtra,Other
2010-09-30,Onion,23,Ahmednagar,FAQ,Sangamner,2050,100,1075,Maharashtra,Other
2010-09-30,Onion,23,Pune,FAQ,Pune,1800,1400,1600,Maharashtra,Other
2010-09-30,Onion,23,Mumbai,FAQ,Mumbai- Fruit Market,1000,1000,1000,Maharashtra,Other
2010-09-30,Onion,23,Nashik,FAQ,Devala,1786,650,1640,Maharashtra,Other
2010-09-30,Onion,23,Jalgaon,FAQ,Chalisgaon,1300,350,700,Maharashtra,Red
2010-09-30,Onion,23,Nagpur,FAQ,Nagpur,1750,1500,1625,Maharashtra,Red
2010-09-30,Onion,23,Sholapur,FAQ,Kurdwadi(Modnimb),1571,500,1000,Maharashtra,Other
2010-10-01,Onion,23,Nashik,FAQ,Devala,1860,1860,1860,Maharashtra,Red
2010-10-01,Onion,23,Kolhapur,FAQ,Kolhapur,2000,700,1400,Maharashtra,Other
2010-10-01,Onion,23,Jalgaon,FAQ,Jalgaon,1850,800,1200,Maharashtra,Red
2010-10-01,Onion,23,Chattrapati Sambhajinagar,FAQ,Gangapur,1875,350,1300,Maharashtra,Other
2010-10-01,Onion,23,Nashik,FAQ,Nandgaon,1800,500,1600,Maharashtra,Other
2010-10-01,Onion,23,Nashik,FAQ,Manmad,1770,600,1650,Maharashtra,Other
2010-10-01,Onion,23,Satara,FAQ,Koregaon,1950,1250,1600,Maharashtra,Other
2010-10-02,Onion,23,Dharashiv(Usmanabad),FAQ,Dharashiv,825,500,663,Maharashtra,Other
2010-10-02,Onion,23,Dhule,FAQ,Shirpur,1665,270,1345,Maharashtra,Other
2010-10-02,Onion,23,Mumbai,FAQ,Mumbai- Fruit Market,1000,1000,1000,Maharashtra,Other
2010-10-03,Onion,23,Pune,FAQ,Pune,1950,1100,1700,Maharashtra,Other
2010-10-03,Onion,23,Ahmednagar,FAQ,Akole,2000,300,1452,Maharashtra,Other
2010-10-04,Onion,23,Ahmednagar,FAQ,Kopargaon,1800,500,1400,Maharashtra,Other
2010-10-04,Onion,23,Dhule,FAQ,Dhule,1680,300,1330,Maharashtra,Red
2010-10-04,Onion,23,Nashik,FAQ,Devala,1670,775,1550,Maharashtra,Other
2010-10-04,Onion,23,Nashik,FAQ,Lasalgaon(Niphad),1700,540,1550,Maharashtra,Other
2010-10-04,Onion,23,Thane,FAQ,Bhivandi,1450,1200,1325,Maharashtra,Other
2010-10-05,Onion,23,Thane,FAQ,Bhivandi,1500,1200,1350,Maharashtra,Other
2010-10-05,Onion,23,Nagpur,FAQ,Nagpur,1937,1750,1843,Maharashtra,Red
2010-10-05,Onion,23,Dhule,FAQ,Dhule,1930,750,1705,Maharashtra,Other
2010-10-05,Onion,23,Jalgaon,FAQ,Jalgaon,1600,700,1100,Maharashtra,Red
2010-10-05,Onion,23,Nashik,FAQ,Yeola,1611,500,1400,Maharashtra,Other
2010-10-06,Onion,23,Beed,FAQ,Kada,1850,200,1600,Maharashtra,Other
2010-10-06,Onion,23,Nashik,FAQ,Devala,1575,1575,1575,Maharashtra,Red
2010-10-06,Onion,23,Nashik,FAQ,Chandvad,1551,663,1375,Maharashtra,Other
2010-10-06,Onion,23,Nashik,FAQ,Devala,1566,500,1350,Maharashtra,Other
2010-10-07,Onion,23,Thane,FAQ,Bhivandi,1500,1100,1300,Maharashtra,Other
2010-10-08,Onion,23,Ahmednagar,FAQ,Newasa,1850,350,1200,Maharashtra,Other
2010-10-08,Onion,23,Ahmednagar,FAQ,Rahata,1780,350,1300,Maharashtra,Other
2010-10-08,Onion,23,Mumbai,FAQ,Mumbai,1800,1500,1600,Maharashtra,Other
2010-10-08,Onion,23,Nashik,FAQ,Lasalgaon,1614,251,1311,Maharashtra,Other
2010-10-08,Onion,23,Ahmednagar,FAQ,Pathardi,1600,340,1450,Maharashtra,Other
2010-10-08,Onion,23,Nashik,FAQ,Yeola,1541,800,1350,Maharashtra,Other
2010-10-08,Onion,23,Ahmednagar,FAQ,Rahuri,1400,100,750,Maharashtra,Red
2010-10-09,Onion,23,Nagpur,FAQ,Nagpur,1875,1750,1812,Maharashtra,Red
2010-10-09,Onion,23,Mumbai,FAQ,Mumbai,1800,1550,1600,Maharashtra,Other
2010-10-10,Onion,23,Pune,FAQ,Pune(Khadiki),1700,1000,1350,Maharashtra,Other
2010-10-10,Onion,23,Beed,FAQ,Kada,1750,150,1600,Maharashtra,Other
2010-10-11,Onion,23,Kolhapur,FAQ,Kolhapur,2000,600,1400,Maharashtra,Other
2010-10-11,Onion,23,Mumbai,FAQ,Vashi New Mumbai,1800,1400,1500,Maharashtra,Other
2010-10-11,Onion,23,Satara,FAQ,Lonand,1201,600,950,Maharashtra,Other
2010-10-11,Onion,23,Nagpur,FAQ,Nagpur,2125,1750,1937,Maharashtra,Other
2010-10-11,Onion,23,Sholapur,FAQ,Kurdwadi(Modnimb),1600,125,900,Maharashtra,Other
2010-10-11,Onion,23,Satara,FAQ,Karad,1000,700,850,Maharashtra,Other
2010-10-11,Onion,23,Jalgaon,FAQ,Jalgaon,1600,800,1200,Maharashtra,Red
2010-10-12,Onion,23,Thane,FAQ,Bhivandi,1500,1100,1300,Maharashtra,Other
2010-10-12,Onion,23,Jalgaon,FAQ,Jalgaon,1600,700,1000,Maharashtra,Red
2010-10-12,Onion,23,Nashik,FAQ,Devala,1051,991,1050,Maharashtra,Red
2010-10-12,Onion,23,Pune,FAQ,Pune,1700,1200,1450,Maharashtra,Other
2010-10-12,Onion,23,Nashik,FAQ,Lasalgaon,1525,301,1300,Maharashtra,Other
2010-10-12,Onion,23,Nashik,FAQ,Yeola,1501,600,1300,Maharashtra,Other
2010-10-12,Onion,23,Pune,FAQ,Pune(Pimpri),2000,1800,1900,Maharashtra,Other
2010-10-12,Onion,23,Nashik,FAQ,Devala,1551,450,1415,Maharashtra,Other
2010-10-13,Onion,23,Satara,FAQ,Satara,1800,400,1100,Maharashtra,Other
2010-10-13,Onion,23,Nashik,FAQ,Manmad,1550,600,1350,Maharashtra,Other
2010-10-13,Onion,23,Nashik,FAQ,Malegaon,1460,465,1311,Maharashtra,Other
2010-10-13,Onion,23,Pune,FAQ,Indapur,1600,450,1200,Maharashtra,Other
2010-10-14,Onion,23,Nashik,FAQ,Nandgaon,1528,500,1350,Maharashtra,Other
2010-10-14,Onion,23,Pune,FAQ,Junnar(Otur),1800,1200,1500,Maharashtra,Other
2010-10-14,Onion,23,Nashik,FAQ,Nasik,1650,700,1400,Maharashtra,Other
2010-10-14,Onion,23,Pune,FAQ,Pune,1750,1000,1375,Maharashtra,Other
2010-10-14,Onion,23,Nashik,FAQ,Chandvad,1570,800,1300,Maharashtra,Other
2010-10-14,Onion,23,Ahmednagar,FAQ,Sangamner,1700,100,900,Maharashtra,Other
2010-10-14,Onion,23,Nashik,FAQ,Dindori(Vani),1677,500,1510,Maharashtra,Other
2010-10-14,Onion,23,Dharashiv(Usmanabad),FAQ,Dharashiv,450,250,350,Maharashtra,Red
2010-10-15,Onion,23,Ahmednagar,FAQ,Rahata,1705,250,1350,Maharashtra,Other
2010-10-15,Onion,23,Ahmednagar,FAQ,Rahuri,1300,200,750,Maharashtra,Red
2010-10-15,Onion,23,Kolhapur,FAQ,Kolhapur,1800,500,1300,Maharashtra,Other
2010-10-15,Onion,23,Nashik,FAQ,Nasik,1651,721,1400,Maharashtra,Other
2010-10-15,Onion,23,Jalgaon,FAQ,Jalgaon,1400,600,1000,Maharashtra,Red
2010-10-16,Onion,23,Ahmednagar,FAQ,Ahmednagar,1900,500,1200,Maharashtra,Other
2010-10-16,Onion,23,Nashik,FAQ,Chandvad,1555,775,1330,Maharashtra,Other
2010-10-16,Onion,23,Sholapur,FAQ,Barshi,1825,100,1100,Maharashtra,Other
2010-10-16,Onion,23,Nagpur,FAQ,Nagpur,2000,1750,1875,Maharashtra,Other
2010-10-17,Onion,23,Chattrapati Sambhajinagar,FAQ,Chattrapati Sambhajinagar,1500,500,1000,Maharashtra,Other
2010-10-17,Onion,23,Satara,FAQ,Satara,1800,500,1150,Maharashtra,Other
2010-10-17,Onion,23,Ahmednagar,FAQ,Pathardi,1750,340,1633,Maharashtra,Red
2010-10-18,Onion,23,Thane,FAQ,Ulhasnagar,2400,2000,2100,Maharashtra,Other
2010-10-18,Onion,23,Nashik,FAQ,Lasalgaon,1651,951,1561,Maharashtra,Red
2010-10-18,Onion,23,Nashik,FAQ,Yeola,1671,600,1450,Maharashtra,Other
2010-10-18,Onion,23,Pune,FAQ,Pune,1800,800,1300,Maharashtra,Other
2010-10-19,Onion,23,Nashik,FAQ,Yeola,1517,600,1275,Maharashtra,Other
2010-10-19,Onion,23,Nashik,FAQ,Satana,1620,600,1465,Maharashtra,Other
2010-10-19,Onion,23,Satara,FAQ,Phaltan,1700,300,1250,Maharashtra,Other
2010-10-19,Onion,23,Nashik,FAQ,Devala,1531,901,1300,Maharashtra,Other
2010-10-19,Onion,23,Parbhani,FAQ,Parbhani,1200,800,1000,Maharashtra,Red
2010-10-20,Onion,23,Nashik,FAQ,Lasalgaon,1578,1268,1299,Maharashtra,Red
2010-10-20,Onion,23,Dharashiv(Usmanabad),FAQ,Dharashiv,1700,1500,1600,Maharashtra,Other
2010-10-20,Onion,23,Nashik,FAQ,Nasik,1700,700,1500,Maharashtra,Other
2010-10-20,Onion,23,Ahmednagar,FAQ,Newasa(Ghodegaon),2050,150,1350,Maharashtra,Red
2010-10-20,Onion,23,Beed,FAQ,Kada,1700,300,1450,Maharashtra,Red
2010-10-21,Onion,23,Sangli,FAQ,"Sangli(Phale, Bhajipura Market)",1800,200,1000,Maharashtra,Other
2010-10-21,Onion,23,Nashik,FAQ,Devala,1075,475,750,Maharashtra,Red
2010-10-21,Onion,23,Mumbai,FAQ,Mumbai,1800,1400,1500,Maharashtra,Other
2010-10-21,Onion,23,Ahmednagar,FAQ,Shrirampur,1900,500,1575,Maharashtra,Other
2010-10-21,Onion,23,Chandrapur,FAQ,Chandrapur(Ganjwad),1900,1500,1800,Maharashtra,Other
2010-10-21,Onion,23,Nashik,FAQ,Lasalgaon,1543,351,1350,Maharashtra,Other
2010-10-22,Onion,23,Nashik,FAQ,Satana,1565,600,1400,Maharashtra,Other
2010-10-22,Onion,23,Ahmednagar,FAQ,Pathardi,1850,424,1533,Maharashtra,Red
2010-10-22,Onion,23,Nashik,FAQ,Chandvad,1425,600,1300,Maharashtra,Other
2010-10-22,Onion,23,Chattrapati Sambhajinagar,FAQ,Gangapur,1800,400,900,Maharashtra,Other
2010-10-23,Onion,23,Nashik,FAQ,Kalvan,1571,500,1351,Maharashtra,Other
2010-10-23,Onion,23,Dharashiv(Usmanabad),FAQ,Dharashiv,1600,1600,1600,Maharashtra,Other
2010-10-23,Onion,23,Dhule,FAQ,Shirpur,700,675,700,Maharashtra,Other
2010-10-23,Onion,23,Dhule,FAQ,Sakri,1111,1111,1111,Maharashtra,Red
2010-10-24,Onion,23,Ahmednagar,FAQ,Sangamner,1771,100,936,Maharashtra,Other
2010-10-25,Onion,23,Ahmednagar,FAQ,Kopargaon,1705,500,1400,Maharashtra,Other
2010-10-25,Onion,23,Nagpur,FAQ,Nagpur,1625,1500,1562,Maharashtra,Red
2010-10-25,Onion,23,Pune,FAQ,Pune(Khadiki),1500,500,1000,Maharashtra,Other
2010-10-25,Onion,23,Ahmednagar,FAQ,Ahmednagar,2005,600,1302,Maharashtra,Other
2010-10-25,Onion,23,Thane,FAQ,Bhivandi,1400,1300,1350,Maharashtra,Other
2010-10-26,Onion,23,Nashik,FAQ,Lasalgaon,1354,700,1050,Maharashtra,Red
2010-10-26,Onion,23,Nashik,FAQ,Lasalgaon(Niphad),1495,425,1321,Maharashtra,Other
2010-10-26,Onion,23,Satara,FAQ,Satara,2000,500,1250,Maharashtra,Other
2010-10-26,Onion,23,Ahmednagar,FAQ,Rahuri,1900,100,1000,Maharashtra,Other
2010-10-26,Onion,23,Ahmednagar,FAQ,Ahmednagar,2005,600,1302,Maharashtra,Other
2010-10-26,Onion,23,Thane,FAQ,Bhivandi,1400,1300,1350,Maharashtra,Other
2010-10-26,Onion,23,Mumbai,FAQ,Vashi New Mumbai,1800,1400,1500,Maharashtra,Other
2010-10-26,Onion,23,Chattrapati Sambhajinagar,FAQ,Chattrapati Sambhajinagar,1600,600,1100,Maharashtra,Other
2010-10-26,Onion,23,Ahmednagar,FAQ,Pathardi,1800,340,1504,Maharashtra,Other
2010-10-26,Onion,23,Pune,FAQ,Pune,1800,700,1250,Maharashtra,Other
2010-10-26,Onion,23,Ahmednagar,FAQ,Sangamner,1803,100,950,Maharashtra,Other
2010-10-27,Onion,23,Ahmednagar,FAQ,Parner,1850,850,1350,Maharashtra,Other
2010-10-27,Onion,23,Chattrapati Sambhajinagar,FAQ,Lasur Station,1825,500,1450,Maharashtra,Other
2010-10-27,Onion,23,Nashik,FAQ,Pimpalgaon Baswant(Saykheda),1551,670,1250,Maharashtra,Other
2010-10-27,Onion,23,Sholapur,FAQ,Pandharpur,1810,600,1400,Maharashtra,Red
2010-10-27,Onion,23,Nashik,FAQ,Lasalgaon(Niphad),1546,500,1340,Maharashtra,Other
2010-10-27,Onion,23,Nashik,FAQ,Satana,1685,600,1450,Maharashtra,Other
2010-10-27,Onion,23,Nashik,FAQ,Malegaon,1000,250,700,Maharashtra,Red
2010-10-28,Onion,23,Pune,FAQ,Pune(Pimpri),1600,1600,1600,Maharashtra,Other
2010-10-28,Onion,23,Dhule,FAQ,Dhule,1600,200,1220,Maharashtra,Red
2010-10-28,Onion,23,Nashik,FAQ,Lasalgaon,1481,300,1151,Maharashtra,Red
2010-10-28,Onion,23,Thane,FAQ,Bhivandi,1500,1380,1440,Maharashtra,Other
2010-10-29,Onion,23,Nashik,FAQ,Yeola,1652,700,1450,Maharashtra,Other
2010-10-29,Onion,23,Pune,FAQ,Pune(Khadiki),1500,1000,1100,Maharashtra,Other
2010-10-29,Onion,23,Nashik,FAQ,Satana,1800,650,1550,Maharashtra,Other
2010-10-29,Onion,23,Mumbai,FAQ,Mumbai,1900,1450,1600,Maharashtra,Other
2010-10-29,Onion,23,Sholapur,FAQ,Kurdwadi,1800,200,1200,Maharashtra,Other
2010-10-29,Onion,23,Ahmednagar,FAQ,Newasa,1850,300,1400,Maharashtra,Red
2010-10-30,Onion,23,Nagpur,FAQ,Nagpur,1875,1625,1750,Maharashtra,Other
2010-10-30,Onion,23,Ahmednagar,FAQ,Kopargaon,2010,500,1500,Maharashtra,Other
2010-10-31,Onion,23,Pune,FAQ,Pune(Khadiki),1700,750,1220,Maharashtra,Other
2010-10-31,Onion,23,Ahmednagar,FAQ,Rahata,2000,450,1500,Maharashtra,Other
2010-11-01,Onion,23,Satara,FAQ,Karad,1000,400,800,Maharashtra,Other
2010-11-01,Onion,23,Pune,FAQ,Pune(Khadiki),3000,1500,2250,Maharashtra,Other
2010-11-01,Onion,23,Nashik,FAQ,Devala,1400,750,1000,Maharashtra,Red
2010-11-02,Onion,23,Jalgaon,FAQ,Jalgaon,1500,550,1000,Maharashtra,Red
2010-11-02,Onion,23,Satara,FAQ,Lonand,1281,500,1000,Maharashtra,Other
2010-11-02,Onion,23,Pune,FAQ,Pune,2000,1000,1500,Maharashtra,Other
2010-11-02,Onion,23,Dharashiv(Usmanabad),FAQ,Dharashiv,500,250,375,Maharashtra,Red
2010-11-03,Onion,23,Ahmednagar,FAQ,Newasa(Ghodegaon),2500,200,1450,Maharashtra,Other
2010-11-03,Onion,23,Dharashiv(Usmanabad),FAQ,Dharashiv,440,180,310,Maharashtra,Red
2010-11-03,Onion,23,Jalgaon,FAQ,Jalgaon,1400,500,900,Maharashtra,Red
2010-11-04,Onion,23,Satara,FAQ,Lonand,1300,500,1000,Maharashtra,Other
2010-11-04,Onion,23,Satara,FAQ,Satara,2000,1000,1500,Maharashtra,Other
2010-11-04,Onion,23,Ahmednagar,FAQ,Akole,2105,300,1398,Maharashtra,Other
2010-11-04,Onion,23,Nashik,FAQ,Nasik,1800,1000,1650,Maharashtra,Other
2010-11-05,Onion,23,Satara,FAQ,Koregaon,1000,900,950,Maharashtra,Other
2010-11-07,Onion,23,Dharashiv(Usmanabad),FAQ,Dharashiv,290,125,208,Maharashtra,Red
2010-11-07,Onion,23,Satara,FAQ,Satara,2000,400,1200,Maharashtra,Other
2010-11-07,Onion,23,Ahmednagar,FAQ,Parner,2600,800,1700,Maharashtra,Other
2010-11-08,Onion,23,Pune,FAQ,Baramati,1900,400,1000,Maharashtra,Red
2010-11-08,Onion,23,Chattrapati Sambhajinagar,FAQ,Chattrapati Sambhajinagar,1100,300,700,Maharashtra,Other
2010-11-08,Onion,23,Dhule,FAQ,Dhule,2180,500,1650,Maharashtra,Other
2010-11-08,Onion,23,Nashik,FAQ,Nasik,1900,700,1500,Maharashtra,Red
2010-11-08,Onion,23,Ahmednagar,FAQ,Ahmednagar,3000,500,1750,Maharashtra,Other
2010-11-09,Onion,23,Ahmednagar,FAQ,Pathardi,3100,500,2900,Maharashtra,Red
2010-11-09,Onion,23,Ahmednagar,FAQ,Sangamner,3051,100,1575,Maharashtra,Other
2010-11-10,Onion,23,Sholapur,FAQ,Solapur,3800,100,1000,Maharashtra,Other
2010-11-10,Onion,23,Jalgaon,FAQ,Jalgaon,2150,650,1300,Maharashtra,Red
2010-11-10,Onion,23,Mumbai,FAQ,Mumbai,3300,1800,2700,Maharashtra,Other
2010-11-10,Onion,23,Ahmednagar,FAQ,Newasa(Ghodegaon),4000,200,2400,Maharashtra,Red
2010-11-11,Onion,23,Jalgaon,FAQ,Jalgaon,2000,650,1350,Maharashtra,Other
2010-11-11,Onion,23,Nashik,FAQ,Dindori(Vani),2652,100,2300,Maharashtra,Other
2010-11-11,Onion,23,Nashik,FAQ,Nandgaon,1781,500,1500,Maharashtra,Red
2010-11-11,Onion,23,Satara,FAQ,Lonand,2100,700,1800,Maharashtra,Other
2010-11-12,Onion,23,Nashik,FAQ,Sinner,2551,100,1500,Maharashtra,Other
2010-11-12,Onion,23,Dhule,FAQ,Dhule,2250,400,1750,Maharashtra,Other
2010-11-12,Onion,23,Nashik,FAQ,Pimpalgaon Baswant(Saykheda),1498,200,751,Maharashtra,Other
2010-11-12,Onion,23,Nashik,FAQ,Devala,1951,775,1600,Maharashtra,Red
2010-11-12,Onion,23,Nashik,FAQ,Yeola,2496,900,2200,Maharashtra,Other
2010-11-12,Onion,23,Nashik,FAQ,Nandgaon,1700,400,1000,Maharashtra,Red
2010-11-12,Onion,23,Kolhapur,FAQ,Kolhapur,3600,600,2200,Maharashtra,Other
2010-11-12,Onion,23,Nashik,FAQ,Kalvan,2701,500,2451,Maharashtra,Other
2010-11-13,Onion,23,Nashik,FAQ,Nandgaon,1846,900,1400,Maharashtra,Other
2010-11-13,Onion,23,Nagpur,FAQ,Nagpur,2375,2000,2187,Maharashtra,Other
2010-11-13,Onion,23,Nashik,FAQ,Lasalgaon(Niphad),2351,801,2225,Maharashtra,Other
2010-11-13,Onion,23,Mumbai,FAQ,Mumbai,2900,1800,2500,Maharashtra,Other
2010-11-14,Onion,23,Ahmednagar,FAQ,Rahata,3100,700,1850,Maharashtra,Other
2010-11-15,Onion,23,Sholapur,FAQ,Solapur,3800,100,1000,Maharashtra,Other
2010-11-15,Onion,23,Nashik,FAQ,Devala,1925,400,1400,Maharashtra,Red
2010-11-15,Onion,23,Nashik,FAQ,Nandgaon,2100,900,1800,Maharashtra,Other
2010-11-15,Onion,23,Chattrapati Sambhajinagar,FAQ,Chattrapati Sambhajinagar,2500,500,1500,Maharashtra,Other
2010-11-15,Onion,23,Nashik,FAQ,Nandgaon,1724,500,850,Maharashtra,Red
2010-11-15,Onion,23,Nashik,FAQ,Sinner,2629,200,1500,Maharashtra,Other
2010-11-15,Onion,23,Nashik,FAQ,Lasalgaon(Niphad),2804,770,2690,Maharashtra,Other
2010-11-15,Onion,23,Ahmednagar,FAQ,Ahmednagar,3350,650,2000,Maharashtra,Other
2010-11-15,Onion,23,Nashik,FAQ,Devala,3081,1400,2800,Maharashtra,Other
2010-11-16,Onion,23,Mumbai,FAQ,Mumbai,3200,1850,2500,Maharashtra,Other
2010-11-16,Onion,23,Nashik,FAQ,Nandgaon,3000,901,2783,Maharashtra,Other
2010-11-16,Onion,23,Nagpur,FAQ,Nagpur,2000,1625,1812,Maharashtra,Other
2010-11-16,Onion,23,Parbhani,FAQ,Parbhani,1800,1500,1600,Maharashtra,Red
2010-11-17,Onion,23,Sholapur,FAQ,Kurdwadi,1300,200,900,Maharashtra,Other
2010-11-17,Onion,23,Nashik,FAQ,Devala,2661,500,1650,Maharashtra,Red
2010-11-17,Onion,23,Nashik,FAQ,Devala,3180,1000,2651,Maharashtra,Other
2010-11-18,Onion,23,Nashik,FAQ,Satana,2215,200,1458,Maharashtra,Red
2010-11-18,Onion,23,Pune,FAQ,Pune,3200,1000,2100,Maharashtra,Other
2010-11-18,Onion,23,Nagpur,FAQ,Nagpur,1875,1625,1750,Maharashtra,Red
2010-11-19,Onion,23,Ahmednagar,FAQ,Rahuri,2100,100,1100,Maharashtra,Red
2010-11-19,Onion,23,Nashik,FAQ,Devala,2300,700,1600,Maharashtra,Red
2010-11-19,Onion,23,Nashik,FAQ,Lasalgaon,3211,600,2500,Maharashtra,Other
2010-11-19,Onion,23,Nashik,FAQ,Manmad,1920,551,1350,Maharashtra,Red
2010-11-19,Onion,23,Ahmednagar,FAQ,Pathardi,2500,340,2000,Maharashtra,Red
2010-11-19,Onion,23,Ahmednagar,FAQ,Rahuri,3300,200,1750,Maharashtra,Other
2010-11-20,Onion,23,Nashik,FAQ,Devala,2500,500,1300,Maharashtra,Red
2010-11-20,Onion,23,Nashik,FAQ,Lasalgaon(Niphad),2003,451,1667,Maharashtra,Other
2010-11-20,Onion,23,Nashik,FAQ,Pimpalgaon Baswant(Saykheda),1786,200,1175,Maharashtra,Other
2010-11-20,Onion,23,Mumbai,FAQ,Mumbai,3200,1500,2200,Maharashtra,Other
2010-11-20,Onion,23,Jalgaon,FAQ,Jalgaon,2100,400,1300,Maharashtra,Red
2010-11-21,Onion,23,Dharashiv(Usmanabad),FAQ,Dharashiv,1600,800,1200,Maharashtra,Other
2010-11-21,Onion,23,Ahmednagar,FAQ,Pathardi,2700,340,2300,Maharashtra,Red
2010-11-21,Onion,23,Pune,FAQ,Pune(Khadiki),400,400,400,Maharashtra,Other
2010-11-21,Onion,23,Pune,FAQ,Junnar,3400,2000,2500,Maharashtra,Other
2010-11-22,Onion,23,Nashik,FAQ,Sinner,2700,100,1200,Maharashtra,Other
2010-11-22,Onion,23,Sangli,FAQ,"Sangli(Phale, Bhajipura Market)",2500,500,1500,Maharashtra,Other
2010-11-22,Onion,23,Kolhapur,FAQ,Kolhapur,2600,500,2200,Maharashtra,Other
2010-11-22,Onion,23,Nashik,FAQ,Lasalgaon,2900,200,1600,Maharashtra,Red
2010-11-22,Onion,23,Jalgaon,FAQ,Jalgaon,1750,400,1300,Maharashtra,Red
2010-11-23,Onion,23,Nagpur,FAQ,Nagpur,2125,1875,2000,Maharashtra,Other
2010-11-23,Onion,23,Ahmednagar,FAQ,Rahata,3500,600,2200,Maharashtra,Other
2010-11-23,Onion,23,Nagpur,FAQ,Nagpur,2000,1875,1937,Maharashtra,Red
2010-11-23,Onion,23,Ahmednagar,FAQ,Rahuri,2500,100,1300,Maharashtra,Red
2010-11-23,Onion,23,Chattrapati Sambhajinagar,FAQ,Chattrapati Sambhajinagar,1150,250,700,Maharashtra,Other
2010-11-23,Onion,23,Nashik,FAQ,Nasik,2700,1100,2000,Maharashtra,Other
2010-11-23,Onion,23,Nashik,FAQ,Devala,2751,400,1600,Maharashtra,Red
2010-11-24,Onion,23,Chandrapur,FAQ,Chandrapur(Ganjwad),2000,1000,1900,Maharashtra,Other
2010-11-24,Onion,23,Nashik,FAQ,Nasik,1700,400,1300,Maharashtra,Other
2010-11-24,Onion,23,Nashik,FAQ,Nandgaon,1761,1761,1761,Maharashtra,Other
2010-11-24,Onion,23,Dharashiv(Usmanabad),FAQ,Dharashiv,1500,525,1013,Maharashtra,Other
2010-11-24,Onion,23,Nashik,FAQ,Lasalgaon,3468,1012,3000,Maharashtra,Other
2010-11-25,Onion,23,Nashik,FAQ,Devala,3926,1200,3000,Maharashtra,Other
2010-11-25,Onion,23,Chandrapur,FAQ,Chandrapur(Ganjwad),2100,1000,2000,Maharashtra,Other
2010-11-25,Onion,23,Nashik,FAQ,Manmad,1800,300,1200,Maharashtra,Red
2010-11-25,Onion,23,Mumbai,FAQ,Vashi New Mumbai,3700,1500,2500,Maharashtra,Other
2010-11-25,Onion,23,Chattrapati Sambhajinagar,FAQ,Chattrapati Sambhajinagar,2000,400,1200,Maharashtra,Other
2010-11-25,Onion,23,Satara,FAQ,Satara,3000,400,1700,Maharashtra,Other
2010-11-25,Onion,23,Pune,FAQ,Pune,3700,1000,2350,Maharashtra,Other
2010-11-25,Onion,23,Ahmednagar,FAQ,Akole,4000,300,1900,Maharashtra,Other
2010-11-25,Onion,23,Nashik,FAQ,Satana,3750,1200,3350,Maharashtra,Other
2010-11-25,Onion,23,Jalgaon,FAQ,Jalgaon,1800,400,1000,Maharashtra,Red
2010-11-26,Onion,23,Nashik,FAQ,Nandgaon,3131,928,1041,Maharashtra,Other
2010-11-26,Onion,23,Nashik,FAQ,Devala,3891,1151,3400,Maharashtra,Other
2010-11-26,Onion,23,Dharashiv(Usmanabad),FAQ,Dharashiv,290,240,265,Maharashtra,Red
2010-11-27,Onion,23,Dharashiv(Usmanabad),FAQ,Dharashiv,1650,800,1225,Maharashtra,Other
2010-11-27,Onion,23,Nashik,FAQ,Lasalgaon(Niphad),1461,401,1070,Maharashtra,Red
2010-11-27,Onion,23,Pune,FAQ,Pune(Khadiki),900,900,900,Maharashtra,Other
2010-11-27,Onion,23,Kolhapur,FAQ,Kolhapur,3600,500,1800,Maharashtra,Other
2010-11-28,Onion,23,Pune,FAQ,Junnar,3000,2000,2500,Maharashtra,Other
2010-11-28,Onion,23,Pune,FAQ,Manchar,1600,800,1200,Maharashtra,Other
2010-11-28,Onion,23,Nagpur,FAQ,Nagpur,2375,1750,2062,Maharashtra,Red
2010-11-28,Onion,23,Ahmednagar,FAQ,Parner,3850,1000,2425,Maharashtra,Other
2010-11-28,Onion,23,Nagpur,FAQ,Nagpur,2500,2000,2250,Maharashtra,Other
2010-11-28,Onion,23,Ahmednagar,FAQ,Rahata,4000,500,2500,Maharashtra,Other
2010-11-29,Onion,23,Chattrapati Sambhajinagar,FAQ,Chattrapati Sambhajinagar,1900,300,1100,Maharashtra,Other
2010-11-29,Onion,23,Nashik,FAQ,Kalvan,3600,751,3251,Maharashtra,Other
2010-11-29,Onion,23,Nashik,FAQ,Devala,2750,300,1900,Maharashtra,Red
2010-11-29,Onion,23,Nashik,FAQ,Nandgaon,1551,111,800,Maharashtra,Other
2010-11-29,Onion,23,Nashik,FAQ,Yeola,1723,400,1000,Maharashtra,Red
2010-11-29,Onion,23,Pune,FAQ,Manchar,1001,201,601,Maharashtra,Other
2010-11-30,Onion,23,Dhule,FAQ,Dhule,2450,400,1650,Maharashtra,Other
2010-11-30,Onion,23,Nashik,FAQ,Chandvad,2025,600,1350,Maharashtra,Other
2010-11-30,Onion,23,Jalgaon,FAQ,Jalgaon,1500,300,1000,Maharashtra,Red
2010-11-30,Onion,23,Mumbai,FAQ,Mumbai,3800,1600,2800,Maharashtra,Other
2010-11-30,Onion,23,Nashik,FAQ,Lasalgaon,3041,1151,2701,Maharashtra,Other
2010-11-30,Onion,23,Nagpur,FAQ,Nagpur,2125,2000,2062,Maharashtra,Red
2010-11-30,Onion,23,Nashik,FAQ,Pimpalgaon,3403,500,2651,Maharashtra,Other
2010-11-30,Onion,23,Nashik,FAQ,Sinner,1411,100,700,Maharashtra,Other
2010-12-01,Onion,23,Nashik,FAQ,Chandvad,2036,100,1000,Maharashtra,Other
2010-12-01,Onion,23,Nashik,FAQ,Nandgaon,1574,350,1000,Maharashtra,Other
2010-12-01,Onion,23,Dharashiv(Usmanabad),FAQ,Dharashiv,500,200,350,Maharashtra,Red
2010-12-01,Onion,23,Jalgaon,FAQ,Jalgaon,1500,500,1100,Maharashtra,Red
2010-12-01,Onion,23,Ahmednagar,FAQ,Parner,3800,900,2350,Maharashtra,Other
2010-12-01,Onion,23,Ahmednagar,FAQ,Newasa(Ghodegaon),3100,300,1500,Maharashtra,Red
2010-12-01,Onion,23,Chattrapati Sambhajinagar,FAQ,Chattrapati Sambhajinagar,1600,400,1000,Maharashtra,Other
2010-12-01,Onion,23,Thane,FAQ,Bhivandi,5000,4000,4500,Maharashtra,Other
2010-12-02,Onion,23,Nashik,FAQ,Manmad,1400,500,851,Maharashtra,Red
2010-12-02,Onion,23,Nashik,FAQ,Lasalgaon,2900,1100,2100,Maharashtra,Other
2010-12-02,Onion,23,Nashik,FAQ,Devala,2600,570,1600,Maharashtra,Red
2010-12-02,Onion,23,Nashik,FAQ,Yeola,1600,500,1300,Maharashtra,Red
2010-12-02,Onion,23,Mumbai,FAQ,Vashi New Mumbai,3500,1500,2400,Maharashtra,Other
2010-12-02,Onion,23,Dharashiv(Usmanabad),FAQ,Dharashiv,400,250,325,Maharashtra,Red
2010-12-02,Onion,23,Dhule,FAQ,Dhule,2110,500,1390,Maharashtra,Other
2010-12-02,Onion,23,Nashik,FAQ,Nandgaon,1628,500,1150,Maharashtra,Other
2010-12-02,Onion,23,Nashik,FAQ,Sinner,1500,100,1000,Maharashtra,Other
2010-12-02,Onion,23,Ahmednagar,FAQ,Ahmednagar,3500,1300,2100,Maharashtra,Other
2010-12-03,Onion,23,Nashik,FAQ,Kalvan,3361,712,3051,Maharashtra,Other
2010-12-03,Onion,23,Sholapur,FAQ,Barshi,1900,180,1000,Maharashtra,Other
2010-12-03,Onion,23,Nashik,FAQ,Yeola,1550,500,1100,Maharashtra,Red
2010-12-03,Onion,23,Nashik,FAQ,Lasalgaon,2890,201,1251,Maharashtra,Red
2010-12-03,Onion,23,Jalgaon,FAQ,Jalgaon,1600,400,1000,Maharashtra,Red
2010-12-04,Onion,23,Ahmednagar,FAQ,Ahmednagar,3500,1400,2100,Maharashtra,Other
2010-12-04,Onion,23,Mumbai,FAQ,Mumbai,3300,1000,2150,Maharashtra,Other
2010-12-04,Onion,23,Chattrapati Sambhajinagar,FAQ,Chattrapati Sambhajinagar,1600,300,950,Maharashtra,Other
2010-12-04,Onion,23,Dhule,FAQ,Shirpur,1425,300,1100,Maharashtra,Red
2010-12-05,Onion,23,Ahmednagar,FAQ,Pathardi,1950,500,1650,Maharashtra,Red
2010-12-05,Onion,23,Ahmednagar,FAQ,Rahuri,2000,100,1050,Maharashtra,Other
2010-12-05,Onion,23,Pune,FAQ,Pune,3500,1500,2500,Maharashtra,Other
2010-12-06,Onion,23,Nashik,FAQ,Devala,3150,1010,1800,Maharashtra,Other
2010-12-06,Onion,23,Nashik,FAQ,Lasalgaon(Niphad),1751,300,1340,Maharashtra,Red
2010-12-07,Onion,23,Pune,FAQ,Pune,3800,1500,2650,Maharashtra,Other
2010-12-07,Onion,23,Nashik,FAQ,Lasalgaon(Niphad),1851,400,1300,Maharashtra,Red
2010-12-07,Onion,23,Nashik,FAQ,Devala,2900,500,1700,Maharashtra,Red
2010-12-07,Onion,23,Nashik,FAQ,Devala,3651,1000,2800,Maharashtra,Other
2010-12-08,Onion,23,Kolhapur,FAQ,Kolhapur,4200,800,2800,Maharashtra,Other
2010-12-08,Onion,23,Nashik,FAQ,Nasik,2300,601,1600,Maharashtra,Other
2010-12-08,Onion,23,Nashik,FAQ,Devala,2750,300,1500,Maharashtra,Red
2010-12-08,Onion,23,Ahmednagar,FAQ,Parner,4000,1000,2500,Maharashtra,Other
2010-12-08,Onion,23,Thane,FAQ,Vasai,3800,2700,3200,Maharashtra,Other
2010-12-08,Onion,23,Nashik,FAQ,Chandvad,2000,500,1400,Maharashtra,Other
2010-12-08,Onion,23,Pune,FAQ,Pune(Khadiki),1000,1000,1000,Maharashtra,Other
2010-12-09,Onion,23,Nashik,FAQ,Lasalgaon(Niphad),1810,300,1201,Maharashtra,Red
2010-12-09,Onion,23,Nashik,FAQ,Kalvan,2800,500,1700,Maharashtra,Red
2010-12-09,Onion,23,Nagpur,FAQ,Nagpur,2875,1500,2178,Maharashtra,Other
2010-12-09,Onion,23,Mumbai,FAQ,Vashi New Mumbai,3500,1500,2800,Maharashtra,Other
2010-12-09,Onion,23,Jalgaon,FAQ,Jalgaon,2200,600,1500,Maharashtra,Red
2010-12-09,Onion,23,Sangli,FAQ,"Sangli(Phale, Bhajipura Market)",3500,500,2000,Maharashtra,Other
2010-12-10,Onion,23,Ahmednagar,FAQ,Rahuri,2500,100,1300,Maharashtra,Red
2010-12-10,Onion,23,Kolhapur,FAQ,Kolhapur,4000,600,3000,Maharashtra,Other
2010-12-11,Onion,23,Jalgaon,FAQ,Jalgaon,2100,600,1400,Maharashtra,Red
2010-12-11,Onion,23,Mumbai,FAQ,Mumbai,3700,1400,2500,Maharashtra,Other
2010-12-11,Onion,23,Kolhapur,FAQ,Kolhapur,4000,700,3000,Maharashtra,Other
2010-12-12,Onion,23,Chattrapati Sambhajinagar,FAQ,Chattrapati Sambhajinagar,1400,200,800,Maharashtra,Other
2010-12-12,Onion,23,Nagpur,FAQ,Nagpur,2875,2250,2562,Maharashtra,Other
2010-12-12,Onion,23,Nashik,FAQ,Sinner,1560,100,800,Maharashtra,Other
2010-12-13,Onion,23,Nashik,FAQ,Kalvan,3001,500,2251,Maharashtra,Red
2010-12-13,Onion,23,Nashik,FAQ,Nasik,2300,850,1700,Maharashtra,Other
2010-12-13,Onion,23,Ahmednagar,FAQ,Rahuri(Vambori),4500,100,2300,Maharashtra,Other
2010-12-13,Onion,23,Nashik,FAQ,Malegaon,3000,350,1400,Maharashtra,Red
2010-12-13,Onion,23,Nashik,FAQ,Dindori(Vani),3267,500,2100,Maharashtra,Other
2010-12-13,Onion,23,Sholapur,FAQ,Barshi,2750,370,1200,Maharashtra,Other
2010-12-13,Onion,23,Jalgaon,FAQ,Jalgaon,2350,500,1500,Maharashtra,Red
2010-12-13,Onion,23,Pune,FAQ,Pune(Pimpri),3600,1200,2400,Maharashtra,Other
2010-12-13,Onion,23,Kolhapur,FAQ,Kolhapur,4000,700,2500,Maharashtra,Other
2010-12-13,Onion,23,Nashik,FAQ,Pimpalgaon Baswant(Saykheda),1975,200,1100,Maharashtra,Other
2010-12-13,Onion,23,Nagpur,FAQ,Nagpur,2500,1750,2125,Maharashtra,Red
2010-12-14,Onion,23,Mumbai,FAQ,Vashi New Mumbai,3700,1500,2600,Maharashtra,Other
2010-12-14,Onion,23,Sangli,FAQ,"Sangli(Phale, Bhajipura Market)",4000,900,2450,Maharashtra,Other
2010-12-14,Onion,23,Nashik,FAQ,Manmad,2500,700,1800,Maharashtra,Red
2010-12-14,Onion,23,Nashik,FAQ,Pimpalgaon Baswant(Saykheda),2225,300,1225,Maharashtra,Other
2010-12-14,Onion,23,Nashik,FAQ,Kalvan,3352,500,2425,Maharashtra,Red
2010-12-15,Onion,23,Pune,FAQ,Pune,5250,2500,3950,Maharashtra,Other
2010-12-15,Onion,23,Satara,FAQ,Karad,2000,1600,1800,Maharashtra,Other
2010-12-15,Onion,23,Kolhapur,FAQ,Kolhapur,4700,700,2700,Maharashtra,Other
2010-12-15,Onion,23,Sangli,FAQ,"Sangli(Phale, Bhajipura Market)",4500,900,2700,Maharashtra,Other
2010-12-15,Onion,23,Chattrapati Sambhajinagar,FAQ,Chattrapati Sambhajinagar,1900,500,1200,Maharashtra,Other
2010-12-15,Onion,23,Nagpur,FAQ,Nagpur,4500,2000,3250,Maharashtra,Other
2010-12-15,Onion,23,Nashik,FAQ,Lasalgaon(Niphad),2752,400,1570,Maharashtra,Red
2010-12-15,Onion,23,Nashik,FAQ,Nasik,3500,1300,2500,Maharashtra,Other
2010-12-15,Onion,23,Nashik,FAQ,Satana,4600,1050,3475,Maharashtra,Other
2010-12-16,Onion,23,Dhule,FAQ,Dhule,4400,900,3000,Maharashtra,Other
2010-12-16,Onion,23,Mumbai,FAQ,Vashi New Mumbai,4500,2100,3300,Maharashtra,Other
2010-12-16,Onion,23,Nashik,FAQ,Lasalgaon,3700,301,1801,Maharashtra,Red
2010-12-16,Onion,23,Sangli,FAQ,"Sangli(Phale, Bhajipura Market)",4500,800,2650,Maharashtra,Other
2010-12-16,Onion,23,Nagpur,FAQ,Nagpur,4750,2000,3375,Maharashtra,Other
2010-12-16,Onion,23,Nashik,FAQ,Devala,4551,4001,4551,Maharashtra,Other
2010-12-16,Onion,23,Pune,FAQ,Pune,5500,2000,3750,Maharashtra,Other
2010-12-17,Onion,23,Dhule,FAQ,Dhule,4000,1000,2800,Maharashtra,Other
2010-12-17,Onion,23,Nashik,FAQ,Nasik,3500,741,2200,Maharashtra,Other
2010-12-17,Onion,23,Nashik,FAQ,Pimpalgaon Baswant(Saykheda),3462,900,1550,Maharashtra,Other
2010-12-18,Onion,23,Pune,FAQ,Pune(Khadiki),3000,1500,2250,Maharashtra,Other
2010-12-18,Onion,23,Nashik,FAQ,Lasalgaon(Niphad),3781,800,2101,Maharashtra,Red
2010-12-19,Onion,23,Ahmednagar,FAQ,Pathardi,5500,500,3488,Maharashtra,Other
2010-12-19,Onion,23,Ahmednagar,FAQ,Sangamner,5000,2000,3500,Maharashtra,Other
2010-12-19,Onion,23,Satara,FAQ,Satara,4000,1000,2500,Maharashtra,Other
2010-12-19,Onion,23,Nagpur,FAQ,Nagpur,4500,3000,3750,Maharashtra,Other
2010-12-20,Onion,23,Ahmednagar,FAQ,Shrirampur,5400,1250,3400,Maharashtra,Other
2010-12-20,Onion,23,Nashik,FAQ,Lasalgaon,6299,401,3800,Maharashtra,Red
2010-12-20,Onion,23,Nashik,FAQ,Sinner,5000,300,2500,Maharashtra,Other
2010-12-20,Onion,23,Nashik,FAQ,Yeola,5300,1000,4000,Maharashtra,Red
2010-12-20,Onion,23,Ahmednagar,FAQ,Ahmednagar,7500,1000,4250,Maharashtra,Other
2010-12-21,Onion,23,Ahmednagar,FAQ,Rahuri,6600,500,3550,Maharashtra,Red
2010-12-21,Onion,23,Jalgaon,FAQ,Jalgaon,4000,500,2500,Maharashtra,Red
2010-12-21,Onion,23,Nashik,FAQ,Nandgaon,4801,800,2500,Maharashtra,Other
2010-12-21,Onion,23,Parbhani,FAQ,Parbhani,5000,2500,4000,Maharashtra,Red
2010-12-21,Onion,23,Nashik,FAQ,Sinner,3680,500,2000,Maharashtra,Other
2010-12-21,Onion,23,Dhule,FAQ,Dhule,4000,700,3600,Maharashtra,Other
2010-12-21,Onion,23,Sangli,FAQ,"Sangli(Phale, Bhajipura Market)",7000,2000,4500,Maharashtra,Other
2010-12-22,Onion,23,Sholapur,FAQ,Kurdwadi,4200,400,2000,Maharashtra,Other
2010-12-22,Onion,23,Satara,FAQ,Satara,6500,5000,5750,Maharashtra,Other
2010-12-22,Onion,23,Beed,FAQ,Kada,5500,500,3500,Maharashtra,Other
2010-12-22,Onion,23,Ahmednagar,FAQ,Parner,5000,1500,3250,Maharashtra,Other
2010-12-22,Onion,23,Thane,FAQ,Kalyan,5500,4500,5000,Maharashtra,Other
2010-12-22,Onion,23,Nagpur,FAQ,Nagpur,4375,2375,3375,Maharashtra,Red
2010-12-22,Onion,23,Nashik,FAQ,Satana,4400,500,2800,Maharashtra,Red
2010-12-22,Onion,23,Dhule,FAQ,Shirpur,3900,300,2550,Maharashtra,Red
2010-12-22,Onion,23,Nashik,FAQ,Chandvad,3852,200,2200,Maharashtra,Other
2010-12-22,Onion,23,Sholapur,FAQ,Solapur,5200,100,1500,Maharashtra,Other
2010-12-22,Onion,23,Jalgaon,FAQ,Jalgaon,3500,600,2500,Maharashtra,Red
2010-12-23,Onion,23,Nashik,FAQ,Lasalgaon(Niphad),2800,600,1700,Maharashtra,Red
2010-12-23,Onion,23,Mumbai,FAQ,Vashi New Mumbai,4500,2500,3500,Maharashtra,Other
2010-12-23,Onion,23,Nashik,FAQ,Satana,3450,500,2050,Maharashtra,Red
2010-12-23,Onion,23,Nashik,FAQ,Satana,4500,1000,3500,Maharashtra,Other
2010-12-23,Onion,23,Pune,FAQ,Khed(Chakan),5000,900,3000,Maharashtra,Other
2010-12-23,Onion,23,Thane,FAQ,Kalyan,4000,3500,3750,Maharashtra,Other
2010-12-23,Onion,23,Satara,FAQ,Lonand,4000,2000,3000,Maharashtra,Other
2010-12-23,Onion,23,Kolhapur,FAQ,Kolhapur,4500,500,3000,Maharashtra,Other
2010-12-23,Onion,23,Dhule,FAQ,Sakri,2500,700,1900,Maharashtra,Red
2010-12-23,Onion,23,Jalgaon,FAQ,Bodwad(Varangaon),2000,700,1000,Maharashtra,Other
2010-12-23,Onion,23,Nashik,FAQ,Nandgaon,3000,500,1600,Maharashtra,Other
2010-12-23,Onion,23,Sholapur,FAQ,Pandharpur,4600,500,2500,Maharashtra,Red
2010-12-24,Onion,23,Sholapur,FAQ,Pandharpur,3900,100,1500,Maharashtra,Red
2010-12-24,Onion,23,Nashik,FAQ,Lasalgaon(Niphad),2500,555,1551,Maharashtra,Red
2010-12-24,Onion,23,Jalgaon,FAQ,Jalgaon,1900,400,1400,Maharashtra,Other
2010-12-24,Onion,23,Nashik,FAQ,Chandvad,3551,200,2500,Maharashtra,Other
2010-12-24,Onion,23,Jalgaon,FAQ,Jalgaon,2000,300,1500,Maharashtra,Red
2010-12-24,Onion,23,Nashik,FAQ,Satana,3350,500,2840,Maharashtra,Red
2010-12-24,Onion,23,Nashik,FAQ,Kalvan,3600,300,2300,Maharashtra,Red
2010-12-24,Onion,23,Pune,FAQ,Pune,4000,1500,2750,Maharashtra,Other
2010-12-25,Onion,23,Nashik,FAQ,Yeola,3000,500,1500,Maharashtra,Red
2010-12-25,Onion,23,Nagpur,FAQ,Nagpur,3000,2000,2500,Maharashtra,Red
2010-12-25,Onion,23,Thane,FAQ,Palghar,1200,1200,1200,Maharashtra,Other
2010-12-25,Onion,23,Thane,FAQ,Kalyan,5000,1200,3100,Maharashtra,Other
2010-12-26,Onion,23,Nagpur,FAQ,Nagpur,3000,2000,2500,Maharashtra,Red
2010-12-26,Onion,23,Pune,FAQ,Indapur,3200,450,2700,Maharashtra,Other
2010-12-27,Onion,23,Sholapur,FAQ,Kurdwadi,4500,200,2400,Maharashtra,Other
2010-12-27,Onion,23,Satara,FAQ,Lonand,5000,1000,3500,Maharashtra,Other
2010-12-27,Onion,23,Nashik,FAQ,Lasalgaon(Niphad),3501,700,2250,Maharashtra,Red
2010-12-27,Onion,23,Nashik,FAQ,Devala,4401,500,3200,Maharashtra,Red
2010-12-27,Onion,23,Nashik,FAQ,Nasik,3200,900,2700,Maharashtra,Other
2010-12-27,Onion,23,Nashik,FAQ,Pimpalgaon,3822,1000,2111,Maharashtra,Other
2010-12-27,Onion,23,Pune,FAQ,Pune,5500,2000,3750,Maharashtra,Other
2010-12-27,Onion,23,Ahmednagar,FAQ,Ahmednagar,6500,1000,3750,Maharashtra,Other
2010-12-28,Onion,23,Dharashiv(Usmanabad),FAQ,Dharashiv,575,575,575,Maharashtra,Red
2010-12-28,Onion,23,Ahmednagar,FAQ,Sangamner,5100,200,2651,Maharashtra,Other
2010-12-28,Onion,23,Dhule,FAQ,Dhule,4000,400,3000,Maharashtra,Red
2010-12-28,Onion,23,Pune,FAQ,Pune(Khadiki),3500,800,2150,Maharashtra,Other
2010-12-28,Onion,23,Nashik,FAQ,Nasik,3500,971,2800,Maharashtra,Other
2010-12-28,Onion,23,Nashik,FAQ,Sinner,3300,500,2000,Maharashtra,Other
2010-12-28,Onion,23,Nashik,FAQ,Lasalgaon,4201,500,2401,Maharashtra,Red
2010-12-28,Onion,23,Dharashiv(Usmanabad),FAQ,Dharashiv,2700,1125,1913,Maharashtra,Other
2010-12-29,Onion,23,Nashik,FAQ,Manmad,3000,700,2000,Maharashtra,Red
2010-12-29,Onion,23,Pune,FAQ,Pune(Khadiki),3500,1000,2250,Maharashtra,Other
2010-12-29,Onion,23,Nashik,FAQ,Satana,4500,1000,3100,Maharashtra,Red
2010-12-29,Onion,23,Dhule,FAQ,Shirpur,3300,400,2850,Maharashtra,Red
2010-12-29,Onion,23,Sholapur,FAQ,Solapur,6300,100,1350,Maharashtra,Other
2010-12-29,Onion,23,Dhule,FAQ,Dhule,3350,900,2750,Maharashtra,Other
2010-12-29,Onion,23,Pune,FAQ,Pune,5500,2000,3750,Maharashtra,Other
2010-12-29,Onion,23,Nashik,FAQ,Dindori(Vani),4600,1000,3300,Maharashtra,Other
2010-12-30,Onion,23,Dhule,FAQ,Sakri,2525,725,1500,Maharashtra,Red
2010-12-30,Onion,23,Nashik,FAQ,Chandvad,4242,500,2700,Maharashtra,Other
2010-12-30,Onion,23,Dhule,FAQ,Dhule,3350,700,2870,Maharashtra,Other
2010-12-30,Onion,23,Nashik,FAQ,Pimpalgaon,4100,1100,2400,Maharashtra,Other
2010-12-30,Onion,23,Satara,FAQ,Satara,4000,1000,2500,Maharashtra,Other
2010-12-30,Onion,23,Pune,FAQ,Pune(Khadiki),3000,1200,2100,Maharashtra,Other
2010-12-30,Onion,23,Nashik,FAQ,Satana,4500,1000,3000,Maharashtra,Red
2010-12-30,Onion,23,Nashik,FAQ,Lasalgaon,5000,325,2901,Maharashtra,Other
2010-12-31,Onion,23,Sholapur,FAQ,Solapur,6500,200,1600,Maharashtra,Other
2010-12-31,Onion,23,Sholapur,FAQ,Barshi,6300,500,1900,Maharashtra,Other
2010-12-31,Onion,23,Nashik,FAQ,Manmad,4000,615,2600,Maharashtra,Red
2015-01-01,Onion,23,Nashik,FAQ,Pimpalgaon,1588,500,1200,Maharashtra,Other
2015-01-01,Onion,23,Nashik,FAQ,Manmad,1398,600,1230,Maharashtra,Red
2015-01-01,Onion,23,Buldhana,FAQ,Malkapur,1475,800,1200,Maharashtra,Other
2015-01-02,Onion,23,Chandrapur,FAQ,Chandrapur(Ganjwad),2000,800,1400,Maharashtra,Other
2015-01-02,Onion,23,Nashik,FAQ,Sinner,1700,100,1300,Maharashtra,Other
2015-01-02,Onion,23,Ahmednagar,FAQ,Rahuri,1400,200,800,Maharashtra,Other
2015-01-02,Onion,23,Ahmednagar,FAQ,Shrirampur,1400,300,1100,Maharashtra,Other
2015-01-03,Onion,23,Chandrapur,FAQ,Chandrapur(Ganjwad),2000,800,1400,Maharashtra,Other
2015-01-03,Onion,23,Nashik,FAQ,Yeola,1450,300,1175,Maharashtra,Red
2015-01-03,Onion,23,Pune,FAQ,Baramati,1700,300,1100,Maharashtra,Red
2015-01-04,Onion,23,Chattrapati Sambhajinagar,FAQ,Lasur Station,1525,150,700,Maharashtra,Other
2015-01-05,Onion,23,Chattrapati Sambhajinagar,FAQ,Chattrapati Sambhajinagar,1500,600,1050,Maharashtra,Other
2015-01-05,Onion,23,Ahmednagar,FAQ,Rahuri(Vambori),1800,200,1200,Maharashtra,Other
2015-01-06,Onion,23,Nashik,FAQ,Pimpalgaon,1602,500,1170,Maharashtra,Other
2015-01-06,Onion,23,Dhule,FAQ,Dhule,1200,300,1050,Maharashtra,Other
2015-01-07,Onion,23,Nashik,FAQ,Nasik,1625,200,1350,Maharashtra,Other
2015-01-08,Onion,23,Chattrapati Sambhajinagar,FAQ,Vaijpur,1600,200,1075,Maharashtra,Red
2015-01-08,Onion,23,Nashik,FAQ,Nasik,1425,200,1250,Maharashtra,Other
2015-01-09,Onion,23,Buldhana,FAQ,Malkapur,1025,425,700,Maharashtra,Other
2015-01-10,Onion,23,Dhule,FAQ,Dhule,1300,300,1000,Maharashtra,Other
2015-01-10,Onion,23,Nashik,FAQ,Malegaon,1350,400,1025,Maharashtra,Red
2015-01-11,Onion,23,Ahmednagar,FAQ,Rahuri,1600,100,800,Maharashtra,Other
2015-01-11,Onion,23,Ahmednagar,FAQ,Sangamner,1711,500,1105,Maharashtra,Red
2015-01-11,Onion,23,Ahmednagar,FAQ,Parner,1750,500,1125,Maharashtra,Red
2015-01-12,Onion,23,Dhule,FAQ,Dhule,1250,100,950,Maharashtra,Red
2015-01-13,Onion,23,Dhule,FAQ,Dhule,1200,100,900,Maharashtra,Red
2015-01-13,Onion,23,Dhule,FAQ,Dhule,1000,200,800,Maharashtra,Other
2015-01-14,Onion,23,Chattrapati Sambhajinagar,FAQ,Chattrapati Sambhajinagar,1300,500,900,Maharashtra,Other
2015-01-15,Onion,23,Ahmednagar,FAQ,Rahuri(Vambori),1800,100,1200,Maharashtra,Other
2015-01-15,Onion,23,Dhule,FAQ,Dhule,1330,200,1000,Maharashtra,Other
2015-01-19,Onion,23,Chattrapati Sambhajinagar,FAQ,Vaijpur,1600,200,1000,Maharashtra,Red
2015-01-20,Onion,23,Dhule,FAQ,Dhule,1300,100,1080,Maharashtra,Red
2015-01-20,Onion,23,Ahmednagar,FAQ,Rahata,1800,300,1050,Maharashtra,Other
2015-01-21,Onion,23,Nashik,FAQ,Yeola,1384,400,1175,Maharashtra,Red
2015-01-21,Onion,23,Nashik,FAQ,Manmad,1410,499,1250,Maharashtra,Red
2015-01-22,Onion,23,Nashik,FAQ,Yeola,1249,350,1100,Maharashtra,Red
2015-01-22,Onion,23,Dhule,FAQ,Dhule,1305,100,1020,Maharashtra,Red
2015-01-22,Onion,23,Nashik,FAQ,Pimpalgaon,1575,550,1201,Maharashtra,Other
2015-01-22,Onion,23,Nashik,FAQ,Manmad,1469,500,1230,Maharashtra,Red
2015-01-23,Onion,23,Nashik,FAQ,Manmad,1436,300,1250,Maharashtra,Red
2015-01-23,Onion,23,Nashik,FAQ,Pimpalgaon,1503,500,1211,Maharashtra,Other
2015-01-23,Onion,23,Pune,FAQ,Indapur,1400,250,1175,Maharashtra,Other
2015-01-23,Onion,23,Dhule,FAQ,Dhule,1350,100,1080,Maharashtra,Red
2015-01-23,Onion,23,Dharashiv(Usmanabad),FAQ,Dharashiv,1500,800,1150,Maharashtra,Red
2015-01-23,Onion,23,Nashik,FAQ,Yeola,1316,400,1150,Maharashtra,Red
2015-01-23,Onion,23,Dhule,FAQ,Dhule,1200,100,900,Maharashtra,Other
2015-01-24,Onion,23,Ahmednagar,FAQ,Rahuri(Vambori),1800,100,1100,Maharashtra,Other
2015-01-24,Onion,23,Dharashiv(Usmanabad),FAQ,Dharashiv,1000,900,950,Maharashtra,Red
2015-01-24,Onion,23,Nashik,FAQ,Pimpalgaon Baswant(Saykheda),1377,400,1050,Maharashtra,Red
2015-01-24,Onion,23,Chandrapur,FAQ,Chandrapur(Ganjwad),1400,1000,1200,Maharashtra,Other
2015-01-25,Onion,23,Ahmednagar,FAQ,Shrirampur,1625,200,1150,Maharashtra,Other
2015-01-25,Onion,23,Pune,FAQ,Junnar,1600,1000,1300,Maharashtra,Other
2015-01-27,Onion,23,Amarawati,FAQ,Amarawati,1100,800,1050,Maharashtra,Red
2015-01-27,Onion,23,Ahmednagar,FAQ,Pathardi,1500,150,800,Maharashtra,Red
2015-01-28,Onion,23,Nashik,FAQ,Chandvad,1460,150,1250,Maharashtra,Red
2015-01-28,Onion,23,Chandrapur,FAQ,Chandrapur(Ganjwad),1500,1000,1200,Maharashtra,Other
2015-01-28,Onion,23,Nashik,FAQ,Sinner,1661,200,1250,Maharashtra,Other
2015-01-29,Onion,23,Nashik,FAQ,Pimpalgaon,1517,500,1300,Maharashtra,Other
2015-01-30,Onion,23,Nashik,FAQ,Yeola,1525,400,1415,Maharashtra,Red
2015-01-30,Onion,23,Ahmednagar,FAQ,Rahata,1900,400,1350,Maharashtra,Other
2015-01-31,Onion,23,Chattrapati Sambhajinagar,FAQ,Chattrapati Sambhajinagar,1400,500,950,Maharashtra,Other
2015-01-31,Onion,23,Chandrapur,FAQ,Chandrapur(Ganjwad),1600,1000,1400,Maharashtra,Other
2015-01-31,Onion,23,Nashik,FAQ,Chandvad,1350,100,1200,Maharashtra,Red
2015-01-31,Onion,23,Amarawati,FAQ,Amarawati,1400,1200,1350,Maharashtra,Other
2015-02-01,Onion,23,Chattrapati Sambhajinagar,FAQ,Chattrapati Sambhajinagar,1300,500,900,Maharashtra,Other
2015-02-01,Onion,23,Chattrapati Sambhajinagar,FAQ,Lasur Station,1705,200,1100,Maharashtra,Other
2015-02-02,Onion,23,Ahmednagar,FAQ,Newasa(Ghodegaon),2200,300,1700,Maharashtra,Red
2015-02-02,Onion,23,Nashik,FAQ,Lasalgaon(Niphad),1626,540,1500,Maharashtra,Red
2015-02-02,Onion,23,Nashik,FAQ,Nasik,1800,500,1500,Maharashtra,Other
2015-02-02,Onion,23,Chattrapati Sambhajinagar,FAQ,Vaijpur,2100,400,1350,Maharashtra,Red
2015-02-02,Onion,23,Dhule,FAQ,Dhule,1500,400,1200,Maharashtra,Other
2015-02-03,Onion,23,Nashik,FAQ,Nasik,1751,600,1500,Maharashtra,Other
2015-02-03,Onion,23,Nashik,FAQ,Manmad,1561,400,1440,Maharashtra,Red
2015-02-03,Onion,23,Nashik,FAQ,Pimpalgaon,1688,600,1411,Maharashtra,Other
2015-02-03,Onion,23,Nashik,FAQ,Malegaon,1645,650,1325,Maharashtra,Red
2015-02-03,Onion,23,Amarawati,FAQ,Amarawati,1500,1200,1480,Maharashtra,Other
2015-02-03,Onion,23,Ahmednagar,FAQ,Sangamner,2261,500,1380,Maharashtra,Red
2015-02-04,Onion,23,Nashik,FAQ,Sinner,2151,300,1450,Maharashtra,Other
2015-02-04,Onion,23,Ahmednagar,FAQ,Parner,2100,700,1400,Maharashtra,Red
2015-02-04,Onion,23,Nashik,FAQ,Yeola,1662,500,1525,Maharashtra,Red
2015-02-05,Onion,23,Nashik,FAQ,Chandvad,1579,200,1400,Maharashtra,Red
2015-02-05,Onion,23,Nashik,FAQ,Sinner,1670,200,1350,Maharashtra,Other
2015-02-06,Onion,23,Nashik,FAQ,Pimpalgaon Baswant(Saykheda),1701,400,1350,Maharashtra,Red
2015-02-06,Onion,23,Ahmednagar,FAQ,Parner,2000,700,1350,Maharashtra,Red
2015-02-06,Onion,23,Nashik,FAQ,Sinner,1851,200,1400,Maharashtra,Other
2015-02-07,Onion,23,Chattrapati Sambhajinagar,FAQ,Chattrapati Sambhajinagar,1600,500,1050,Maharashtra,Other
2015-02-07,Onion,23,Nashik,FAQ,Chandvad,1589,100,1400,Maharashtra,Red
2015-02-07,Onion,23,Ahmednagar,FAQ,Newasa(Ghodegaon),2000,300,1600,Maharashtra,Red
2015-02-07,Onion,23,Amarawati,FAQ,Amarawati,1600,1300,1590,Maharashtra,Other
2015-02-07,Onion,23,Chandrapur,FAQ,Chandrapur(Ganjwad),1600,1000,1300,Maharashtra,Other
2015-02-08,Onion,23,Chattrapati Sambhajinagar,FAQ,Lasur Station,1700,250,1150,Maharashtra,Other
2015-02-08,Onion,23,Pune,FAQ,Junnar,1600,1400,1500,Maharashtra,Other
2015-02-09,Onion,23,Nashik,FAQ,Sinner,1751,200,1400,Maharashtra,Other
2015-02-09,Onion,23,Nashik,FAQ,Pimpalgaon Baswant(Saykheda),1495,400,1100,Maharashtra,Red
2015-02-10,Onion,23,Chattrapati Sambhajinagar,FAQ,Chattrapati Sambhajinagar,1700,600,1150,Maharashtra,Other
2015-02-10,Onion,23,Nashik,FAQ,Pimpalgaon Baswant(Saykheda),1509,500,1200,Maharashtra,Red
2015-02-10,Onion,23,Ahmednagar,FAQ,Rahata,2000,450,1450,Maharashtra,Other
2015-02-10,Onion,23,Ahmednagar,FAQ,Pathardi,1700,100,1000,Maharashtra,Red
2015-02-11,Onion,23,Nashik,FAQ,Pimpalgaon Baswant(Saykheda),1621,700,1425,Maharashtra,Red
2015-02-11,Onion,23,Dhule,FAQ,Dhule,1530,500,1250,Maharashtra,Other
2015-02-13,Onion,23,Amarawati,FAQ,Amarawati,1500,1000,1460,Maharashtra,Other
2015-02-13,Onion,23,Nashik,FAQ,Pimpalgaon,1685,600,1321,Maharashtra,Other
2015-02-14,Onion,23,Nashik,FAQ,Yeola,1611,500,1475,Maharashtra,Red
2015-02-14,Onion,23,Ahmednagar,FAQ,Newasa(Ghodegaon),2000,300,1600,Maharashtra,Red
2015-02-14,Onion,23,Nashik,FAQ,Lasalgaon(Niphad),1584,700,1480,Maharashtra,Red
2015-02-15,Onion,23,Ahmednagar,FAQ,Parner,1800,700,1250,Maharashtra,Red
2015-02-15,Onion,23,Chattrapati Sambhajinagar,FAQ,Chattrapati Sambhajinagar,1700,500,1100,Maharashtra,Other
2015-02-15,Onion,23,Chattrapati Sambhajinagar,FAQ,Lasur Station,1850,300,1200,Maharashtra,Other
2015-02-16,Onion,23,Nashik,FAQ,Lasalgaon(Niphad),1551,700,1450,Maharashtra,Red
2015-02-16,Onion,23,Amarawati,FAQ,Amarawati,1600,1000,1590,Maharashtra,Other
2015-02-16,Onion,23,Nashik,FAQ,Pimpalgaon,1680,700,1551,Maharashtra,Other
2015-02-18,Onion,23,Dhule,FAQ,Dhule,1500,500,1300,Maharashtra,Other
2015-02-18,Onion,23,Amarawati,FAQ,Amarawati,1400,1200,1350,Maharashtra,Red
2015-02-21,Onion,23,Nashik,FAQ,Yeola,1430,500,1250,Maharashtra,Red
2015-02-22,Onion,23,Chattrapati Sambhajinagar,FAQ,Chattrapati Sambhajinagar,1600,700,1150,Maharashtra,Other
2015-02-23,Onion,23,Nashik,FAQ,Pimpalgaon,1501,800,1311,Maharashtra,Other
2015-02-23,Onion,23,Chattrapati Sambhajinagar,FAQ,Chattrapati Sambhajinagar,1500,800,1150,Maharashtra,Other
2015-02-23,Onion,23,Chandrapur,FAQ,Chandrapur(Ganjwad),1500,1000,1200,Maharashtra,Other
2015-02-23,Onion,23,Nashik,FAQ,Lasalgaon(Niphad),1380,600,1175,Maharashtra,Red
2015-02-24,Onion,23,Nashik,FAQ,Malegaon,1381,400,1250,Maharashtra,Red
2015-02-25,Onion,23,Nashik,FAQ,Chandvad,1476,500,1300,Maharashtra,Red
2015-02-25,Onion,23,Pune,FAQ,Indapur,1705,605,1550,Maharashtra,Other
2015-02-25,Onion,23,Ahmednagar,FAQ,Shrirampur,1700,300,1350,Maharashtra,Other
2015-02-26,Onion,23,Chattrapati Sambhajinagar,FAQ,Vaijpur,1800,400,1250,Maharashtra,Red
2015-02-26,Onion,23,Nashik,FAQ,Lasalgaon(Niphad),1332,551,1125,Maharashtra,Red
2015-02-27,Onion,23,Ahmednagar,FAQ,Parner,1510,500,1025,Maharashtra,Red
2015-02-28,Onion,23,Ahmednagar,FAQ,Rahuri(Vambori),1600,300,1000,Maharashtra,Other
2015-02-28,Onion,23,Nashik,FAQ,Yeola,1330,351,1125,Maharashtra,Red
2015-02-28,Onion,23,Nashik,FAQ,Chandvad,1413,151,1100,Maharashtra,Red
2015-03-02,Onion,23,Chattrapati Sambhajinagar,FAQ,Chattrapati Sambhajinagar,1500,1000,1250,Maharashtra,Other
2015-03-03,Onion,23,Dhule,FAQ,Dhule,1500,500,1300,Maharashtra,Other
2015-03-03,Onion,23,Ahmednagar,FAQ,Rahuri,1650,150,900,Maharashtra,Other
2015-03-03,Onion,23,Nashik,FAQ,Nasik,1600,400,1400,Maharashtra,Other
2015-03-03,Onion,23,Nashik,FAQ,Chandvad,1374,500,1150,Maharashtra,Red
2015-03-04,Onion,23,Dhule,FAQ,Dhule,1530,200,1205,Maharashtra,Red
2015-03-04,Onion,23,Chattrapati Sambhajinagar,FAQ,Chattrapati Sambhajinagar,1600,900,1250,Maharashtra,Other
2015-03-05,Onion,23,Ahmednagar,FAQ,Sangamner,1851,500,1175,Maharashtra,Other
2015-03-05,Onion,23,Ahmednagar,FAQ,Rahuri(Vambori),1600,300,1100,Maharashtra,Other
2015-03-06,Onion,23,Ahmednagar,FAQ,Parner,1600,500,1050,Maharashtra,Other
2015-03-07,Onion,23,Dhule,FAQ,Dhule,1425,300,1100,Maharashtra,Other
2015-03-07,Onion,23,Dhule,FAQ,Dhule,1530,200,1205,Maharashtra,Red
2015-03-07,Onion,23,Amarawati,FAQ,Amarawati,1800,1500,1750,Maharashtra,Other
2015-03-08,Onion,23,Pune,FAQ,Junnar,1500,600,1000,Maharashtra,Other
2015-03-09,Onion,23,Amarawati,FAQ,Amarawati,1800,1500,1750,Maharashtra,Other
2015-03-09,Onion,23,Chattrapati Sambhajinagar,FAQ,Chattrapati Sambhajinagar,1600,800,1200,Maharashtra,Other
2015-03-09,Onion,23,Chattrapati Sambhajinagar,FAQ,Vaijpur,1525,400,1150,Maharashtra,Red
2015-03-09,Onion,23,Amarawati,FAQ,Amarawati,1600,1400,1550,Maharashtra,Red
2015-03-10,Onion,23,Nashik,FAQ,Pimpalgaon Baswant(Saykheda),1477,500,1200,Maharashtra,Red
2015-03-10,Onion,23,Nashik,FAQ,Devala,1439,651,1350,Maharashtra,Other
2015-03-11,Onion,23,Nashik,FAQ,Sinner,1600,200,1300,Maharashtra,Other
2015-03-11,Onion,23,Dhule,FAQ,Dhule,1600,300,1325,Maharashtra,Red
2015-03-12,Onion,23,Chattrapati Sambhajinagar,FAQ,Vaijpur,1600,400,1250,Maharashtra,Red
2015-03-12,Onion,23,Nashik,FAQ,Chandvad,1485,400,1250,Maharashtra,Red
2015-03-12,Onion,23,Chattrapati Sambhajinagar,FAQ,Chattrapati Sambhajinagar,1500,500,1000,Maharashtra,Other
2015-03-12,Onion,23,Nashik,FAQ,Yeola,1425,351,1325,Maharashtra,Red
2015-03-13,Onion,23,Dhule,FAQ,Dhule,1435,500,1250,Maharashtra,Other
2015-03-13,Onion,23,Nashik,FAQ,Malegaon,1375,600,1140,Maharashtra,Red
2015-03-13,Onion,23,Nashik,FAQ,Satana,1455,850,1050,Maharashtra,Red
2015-03-13,Onion,23,Ahmednagar,FAQ,Shrirampur,1700,200,1300,Maharashtra,Other
2015-03-13,Onion,23,Ahmednagar,FAQ,Rahata,1700,500,1250,Maharashtra,Other
2015-03-14,Onion,23,Nashik,FAQ,Chandvad,1499,200,1280,Maharashtra,Red
2015-03-14,Onion,23,Chattrapati Sambhajinagar,FAQ,Chattrapati Sambhajinagar,1400,600,1000,Maharashtra,Other
2015-03-15,Onion,23,Pune,FAQ,Junnar,1500,1000,1200,Maharashtra,Other
2015-03-15,Onion,23,Ahmednagar,FAQ,Rahata,1630,500,1250,Maharashtra,Other
2015-03-15,Onion,23,Ahmednagar,FAQ,Sangamner,1701,500,1101,Maharashtra,Other
2015-03-15,Onion,23,Ahmednagar,FAQ,Parner,1630,500,1065,Maharashtra,Red
2015-03-16,Onion,23,Chattrapati Sambhajinagar,FAQ,Vaijpur,1600,400,1250,Maharashtra,Red
2015-03-17,Onion,23,Ahmednagar,FAQ,Sangamner,1701,500,1100,Maharashtra,Other
2015-03-17,Onion,23,Nashik,FAQ,Pimpalgaon Baswant(Saykheda),1367,500,1075,Maharashtra,Red
2015-03-17,Onion,23,Nashik,FAQ,Pimpalgaon,1499,500,1201,Maharashtra,Other
2015-03-18,Onion,23,Nashik,FAQ,Yeola,1286,300,1125,Maharashtra,Red
2015-03-18,Onion,23,Chandrapur,FAQ,Chandrapur(Ganjwad),1500,850,1200,Maharashtra,Other
2015-03-18,Onion,23,Nashik,FAQ,Pimpalgaon Baswant(Saykheda),1336,500,950,Maharashtra,Red
2015-03-19,Onion,23,Ahmednagar,FAQ,Sangamner,1200,500,750,Maharashtra,Other
2015-03-19,Onion,23,Nashik,FAQ,Manmad,1286,455,1100,Maharashtra,Red
2015-03-20,Onion,23,Pune,FAQ,Indapur,1250,200,1050,Maharashtra,Other
2015-03-22,Onion,23,Ahmednagar,FAQ,Parner,1200,500,850,Maharashtra,Red
2015-03-23,Onion,23,Nashik,FAQ,Pimpalgaon Baswant(Saykheda),1000,500,600,Maharashtra,Red
2015-03-23,Onion,23,Nashik,FAQ,Manmad,1049,230,825,Maharashtra,Red
2015-03-23,Onion,23,Nashik,FAQ,Sinner,1155,100,800,Maharashtra,Other
2015-03-24,Onion,23,Chandrapur,FAQ,Chandrapur(Ganjwad),1400,1200,1300,Maharashtra,Other
2015-03-24,Onion,23,Ahmednagar,FAQ,Pathardi,1000,100,600,Maharashtra,Red
2015-03-24,Onion,23,Nashik,FAQ,Sinner,1025,200,850,Maharashtra,Other
2015-03-25,Onion,23,Nashik,FAQ,Pimpalgaon Baswant(Saykheda),1200,500,800,Maharashtra,Red
2015-03-26,Onion,23,Nashik,FAQ,Chandvad,1230,200,900,Maharashtra,Red
2015-03-27,Onion,23,Nashik,FAQ,Sinner,1305,200,1050,Maharashtra,Other
2015-03-27,Onion,23,Ahmednagar,FAQ,Rahuri,1300,100,700,Maharashtra,Other
2015-03-29,Onion,23,Chattrapati Sambhajinagar,FAQ,Lasur Station,1200,200,700,Maharashtra,Other
2015-04-01,Onion,23,Nashik,FAQ,Sinner,1351,100,800,Maharashtra,Other
2015-04-05,Onion,23,Pune,FAQ,Indapur,1150,100,800,Maharashtra,Other
2015-04-06,Onion,23,Chattrapati Sambhajinagar,FAQ,Chattrapati Sambhajinagar,1000,600,800,Maharashtra,Other
2015-04-06,Onion,23,Nashik,FAQ,Manmad,1234,300,1081,Maharashtra,Red
2015-04-06,Onion,23,Nashik,FAQ,Devala,1200,475,1050,Maharashtra,Other
2015-04-07,Onion,23,Nashik,FAQ,Devala,1275,500,1100,Maharashtra,Other
2015-04-07,Onion,23,Nashik,FAQ,Chandvad,1301,200,1000,Maharashtra,Red
2015-04-07,Onion,23,Nashik,FAQ,Manmad,1379,500,1150,Maharashtra,Red
2015-04-08,Onion,23,Nashik,FAQ,Chandvad,1317,200,1000,Maharashtra,Other
2015-04-09,Onion,23,Nashik,FAQ,Chandvad,1241,200,1000,Maharashtra,Red
2015-04-10,Onion,23,Nashik,FAQ,Yeola,1335,300,1050,Maharashtra,Other
2015-04-10,Onion,23,Chattrapati Sambhajinagar,FAQ,Gangapur,1250,450,950,Maharashtra,Red
2015-04-10,Onion,23,Nashik,FAQ,Pimpalgaon Baswant(Saykheda),1253,400,800,Maharashtra,Other
2015-04-10,Onion,23,Nashik,FAQ,Manmad,1341,500,1095,Maharashtra,Other
2015-04-11,Onion,23,Nashik,FAQ,Yeola,1322,300,1050,Maharashtra,Other
2015-04-12,Onion,23,Ahmednagar,FAQ,Parner,1400,500,950,Maharashtra,Other
2015-04-12,Onion,23,Pune,FAQ,Junnar,1350,1000,1250,Maharashtra,Other
2015-04-12,Onion,23,Ahmednagar,FAQ,Sangamner,1451,300,876,Maharashtra,Other
2015-04-13,Onion,23,Nashik,FAQ,Manmad,915,200,820,Maharashtra,Red
2015-04-13,Onion,23,Nashik,FAQ,Sinner,1360,100,850,Maharashtra,Other
2015-04-13,Onion,23,Nashik,FAQ,Malegaon,1109,425,1030,Maharashtra,Other
2015-04-13,Onion,23,Ahmednagar,FAQ,Rahuri(Vambori),1500,100,800,Maharashtra,Other
2015-04-14,Onion,23,Chattrapati Sambhajinagar,FAQ,Gangapur,1250,450,950,Maharashtra,Red
2015-04-15,Onion,23,Nashik,FAQ,Chandvad,1422,500,1100,Maharashtra,Other
2015-04-15,Onion,23,Ahmednagar,FAQ,Shrirampur,1450,200,1050,Maharashtra,Other
2015-04-16,Onion,23,Chattrapati Sambhajinagar,FAQ,Chattrapati Sambhajinagar,1000,600,800,Maharashtra,Other
2015-04-16,Onion,23,Nashik,FAQ,Chandvad,1262,400,1020,Maharashtra,Other
2015-04-16,Onion,23,Nashik,FAQ,Manmad,1041,300,880,Maharashtra,Red
2015-04-16,Onion,23,Nashik,FAQ,Pimpalgaon,1521,400,951,Maharashtra,Other
2015-04-17,Onion,23,Ahmednagar,FAQ,Rahata,1500,200,950,Maharashtra,Other
2015-04-17,Onion,23,Dhule,FAQ,Dhule,1300,500,1100,Maharashtra,Other
2015-04-18,Onion,23,Chattrapati Sambhajinagar,FAQ,Chattrapati Sambhajinagar,1200,500,850,Maharashtra,Other
2015-04-19,Onion,23,Chattrapati Sambhajinagar,FAQ,Lasur Station,1235,200,700,Maharashtra,Other
2015-04-19,Onion,23,Ahmednagar,FAQ,Sangamner,1411,300,855,Maharashtra,Other
2015-04-19,Onion,23,Ahmednagar,FAQ,Parner,1410,500,955,Maharashtra,Other
2015-04-19,Onion,23,Ahmednagar,FAQ,Shrirampur,1400,200,1050,Maharashtra,Other
2015-04-20,Onion,23,Nashik,FAQ,Sinner,1150,100,850,Maharashtra,Other
2015-04-20,Onion,23,Nashik,FAQ,Pimpalgaon,1565,501,1011,Maharashtra,Other
2015-04-20,Onion,23,Nashik,FAQ,Yeola,1281,300,1025,Maharashtra,Other
2015-04-20,Onion,23,Nashik,FAQ,Malegaon,1200,400,950,Maharashtra,Other
2015-04-21,Onion,23,Ahmednagar,FAQ,Sangamner,1401,300,850,Maharashtra,Other
2015-04-22,Onion,23,Dhule,FAQ,Dhule,1100,500,950,Maharashtra,Other
2015-04-22,Onion,23,Pune,FAQ,Baramati,1400,400,1150,Maharashtra,Red
2015-04-22,Onion,23,Pune,FAQ,Indapur,1000,200,800,Maharashtra,Other
2015-04-22,Onion,23,Nashik,FAQ,Yeola,1202,470,950,Maharashtra,Other
2015-04-23,Onion,23,Nashik,FAQ,Devala,1224,650,1000,Maharashtra,Other
2015-04-23,Onion,23,Dhule,FAQ,Dhule,1200,500,950,Maharashtra,Other
2015-04-23,Onion,23,Nashik,FAQ,Malegaon,1301,700,1050,Maharashtra,Other
2015-04-23,Onion,23,Chattrapati Sambhajinagar,FAQ,Vaijpur,1300,200,850,Maharashtra,Other
2015-04-24,Onion,23,Nashik,FAQ,Pimpalgaon Baswant(Saykheda),1197,300,750,Maharashtra,Other
2015-04-25,Onion,23,Ahmednagar,FAQ,Rahuri(Vambori),1500,100,1000,Maharashtra,Other
2015-04-27,Onion,23,Chattrapati Sambhajinagar,FAQ,Vaijpur,1200,200,710,Maharashtra,Red
2015-04-28,Onion,23,Ahmednagar,FAQ,Rahata,1500,200,950,Maharashtra,Other
2015-04-28,Onion,23,Ahmednagar,FAQ,Rahuri,1400,100,700,Maharashtra,Other
2015-04-29,Onion,23,Nashik,FAQ,Manmad,1408,290,1100,Maharashtra,Other
2015-04-30,Onion,23,Nashik,FAQ,Sinner,1199,100,800,Maharashtra,Other
2015-04-30,Onion,23,Buldhana,FAQ,Malkapur,975,450,670,Maharashtra,Other
2015-05-01,Onion,23,Chattrapati Sambhajinagar,FAQ,Gangapur,1300,200,900,Maharashtra,Other
2015-05-02,Onion,23,Ahmednagar,FAQ,Rahuri(Vambori),1400,100,800,Maharashtra,Other
2015-05-02,Onion,23,Chattrapati Sambhajinagar,FAQ,Chattrapati Sambhajinagar,1100,300,700,Maharashtra,Other
2015-05-04,Onion,23,Pune,FAQ,Baramati,1521,500,1200,Maharashtra,Red
2015-05-04,Onion,23,Nashik,FAQ,Pimpalgaon,1930,600,1251,Maharashtra,Other
2015-05-05,Onion,23,Nashik,FAQ,Pimpalgaon,1781,600,1200,Maharashtra,Other
2015-05-06,Onion,23,Chattrapati Sambhajinagar,FAQ,Chattrapati Sambhajinagar,900,300,600,Maharashtra,Other
2015-05-06,Onion,23,Pune,FAQ,Indapur,1300,200,900,Maharashtra,Other
2015-05-08,Onion,23,Dharashiv(Usmanabad),FAQ,Dharashiv,1600,900,1250,Maharashtra,Red
2015-05-08,Onion,23,Pune,FAQ,Indapur,1300,200,800,Maharashtra,Other
2015-05-08,Onion,23,Dhule,FAQ,Dhule,1200,500,1020,Maharashtra,Other
2015-05-08,Onion,23,Nashik,FAQ,Malegaon,1351,350,1025,Maharashtra,Red
2015-05-09,Onion,23,Chattrapati Sambhajinagar,FAQ,Chattrapati Sambhajinagar,1500,500,1000,Maharashtra,Other
2015-05-09,Onion,23,Pune,FAQ,Baramati,1630,500,1200,Maharashtra,Red
2015-05-10,Onion,23,Ahmednagar,FAQ,Shrirampur,1650,100,1150,Maharashtra,Other
2015-05-10,Onion,23,Ahmednagar,FAQ,Rahuri,1600,100,800,Maharashtra,Other
2015-05-11,Onion,23,Nashik,FAQ,Sinner,1300,200,850,Maharashtra,Other
2015-05-11,Onion,23,Nashik,FAQ,Pimpalgaon Baswant(Saykheda),1425,300,800,Maharashtra,Other
2015-05-12,Onion,23,Dhule,FAQ,Dhule,1200,400,1050,Maharashtra,Other
2015-05-12,Onion,23,Nashik,FAQ,Chandvad,1580,200,1100,Maharashtra,Other
2015-05-13,Onion,23,Nashik,FAQ,Pimpalgaon,2000,500,1050,Maharashtra,Other
2015-05-14,Onion,23,Dharashiv(Usmanabad),FAQ,Dharashiv,1500,1200,1400,Maharashtra,Red
2015-05-15,Onion,23,Nashik,FAQ,Pimpalgaon Baswant(Saykheda),1481,300,850,Maharashtra,Other
2015-05-15,Onion,23,Nashik,FAQ,Sinner,1751,200,950,Maharashtra,Other
2015-05-15,Onion,23,Nashik,FAQ,Manmad,1488,500,1050,Maharashtra,Other
2015-05-15,Onion,23,Ahmednagar,FAQ,Shrirampur,1500,100,1150,Maharashtra,Other
2015-05-16,Onion,23,Nashik,FAQ,Pimpalgaon,2005,500,1150,Maharashtra,Other
2015-05-16,Onion,23,Nashik,FAQ,Chandvad,1575,200,1100,Maharashtra,Other
2015-05-19,Onion,23,Ahmednagar,FAQ,Sangamner,2051,500,1125,Maharashtra,Other
2015-05-19,Onion,23,Nashik,FAQ,Yeola,1440,300,1050,Maharashtra,Other
2015-05-20,Onion,23,Beed,FAQ,Kada,1700,100,1400,Maharashtra,Other
2015-05-21,Onion,23,Chattrapati Sambhajinagar,FAQ,Vaijpur,1650,200,900,Maharashtra,Red
2015-05-21,Onion,23,Pune,FAQ,Junnar,2000,1000,1500,Maharashtra,Other
2015-05-21,Onion,23,Nashik,FAQ,Yeola,1475,300,1000,Maharashtra,Other
2015-05-21,Onion,23,Chattrapati Sambhajinagar,FAQ,Chattrapati Sambhajinagar,1400,300,850,Maharashtra,Other
2015-05-21,Onion,23,Nashik,FAQ,Manmad,1496,500,1150,Maharashtra,Other
2015-05-21,Onion,23,Nashik,FAQ,Pimpalgaon,1911,550,1110,Maharashtra,Other
2015-05-22,Onion,23,Ahmednagar,FAQ,Parner,1800,500,1150,Maharashtra,Red
2015-05-22,Onion,23,Nashik,FAQ,Chandvad,1575,200,1100,Maharashtra,Other
2015-05-22,Onion,23,Ahmednagar,FAQ,Rahuri,1700,100,900,Maharashtra,Other
2015-05-22,Onion,23,Nashik,FAQ,Pimpalgaon,1944,500,1105,Maharashtra,Other
2015-05-24,Onion,23,Ahmednagar,FAQ,Shrirampur,2100,300,1450,Maharashtra,Other
2015-05-24,Onion,23,Ahmednagar,FAQ,Sangamner,2000,500,1250,Maharashtra,Other
2015-05-24,Onion,23,Ahmednagar,FAQ,Rahata,2000,400,1350,Maharashtra,Other
2015-05-24,Onion,23,Dharashiv(Usmanabad),FAQ,Dharashiv,1700,500,1100,Maharashtra,Red
2015-05-25,Onion,23,Nashik,FAQ,Yeola,1695,400,1200,Maharashtra,Other
2015-05-26,Onion,23,Nashik,FAQ,Sinner,1270,100,850,Maharashtra,Other
2015-05-26,Onion,23,Ahmednagar,FAQ,Sangamner,2000,500,1250,Maharashtra,Other
2015-05-26,Onion,23,Ahmednagar,FAQ,Rahuri,1800,200,1000,Maharashtra,Other
2015-05-27,Onion,23,Ahmednagar,FAQ,Shrirampur,2100,200,1450,Maharashtra,Other
2015-05-27,Onion,23,Nashik,FAQ,Manmad,1700,500,1250,Maharashtra,Other
2015-05-27,Onion,23,Nashik,FAQ,Sinner,2100,150,1300,Maharashtra,Other
2015-05-28,Onion,23,Pune,FAQ,Junnar,2000,1000,1500,Maharashtra,Other
2015-05-29,Onion,23,Nashik,FAQ,Malegaon,1700,555,1275,Maharashtra,Other
2015-05-29,Onion,23,Buldhana,FAQ,Malkapur,1530,875,1240,Maharashtra,Local
2015-05-29,Onion,23,Chattrapati Sambhajinagar,FAQ,Gangapur,1810,400,1000,Maharashtra,Red
2015-05-31,Onion,23,Beed,FAQ,Kada,2500,100,1600,Maharashtra,Other
2015-05-31,Onion,23,Ahmednagar,FAQ,Parner,2400,800,1600,Maharashtra,Other
2015-05-31,Onion,23,Ahmednagar,FAQ,Shrirampur,2500,300,1750,Maharashtra,Other
2015-06-01,Onion,23,Nashik,FAQ,Yeola,1951,450,1300,Maharashtra,Other
2015-06-01,Onion,23,Chattrapati Sambhajinagar,FAQ,Chattrapati Sambhajinagar,1600,500,1050,Maharashtra,Other
2015-06-02,Onion,23,Nashik,FAQ,Pimpalgaon Baswant(Saykheda),1776,500,1100,Maharashtra,Other
2015-06-02,Onion,23,Nashik,FAQ,Chandvad,1800,300,1250,Maharashtra,Other
2015-06-02,Onion,23,Ahmednagar,FAQ,Pathardi,1800,200,1000,Maharashtra,Red
2015-06-02,Onion,23,Nashik,FAQ,Manmad,1850,500,1275,Maharashtra,Other
2015-06-02,Onion,23,Nashik,FAQ,Sinner,1599,515,1200,Maharashtra,Other
2015-06-03,Onion,23,Chattrapati Sambhajinagar,FAQ,Chattrapati Sambhajinagar,1600,400,1400,Maharashtra,Other
2015-06-04,Onion,23,Buldhana,FAQ,Malkapur,1925,675,1250,Maharashtra,Local
2015-06-04,Onion,23,Pune,FAQ,Junnar,2100,1200,1600,Maharashtra,Other
2015-06-05,Onion,23,Nashik,FAQ,Yeola,2001,400,1500,Maharashtra,Other
2015-06-05,Onion,23,Chandrapur,FAQ,Chandrapur,1800,1200,1500,Maharashtra,Other
2015-06-05,Onion,23,Nashik,FAQ,Pimpalgaon,2232,700,1251,Maharashtra,Other
2015-06-06,Onion,23,Nashik,FAQ,Pimpalgaon Baswant(Saykheda),1970,700,1200,Maharashtra,Other
2015-06-07,Onion,23,Ahmednagar,FAQ,Rahuri,2400,200,1300,Maharashtra,Other
2015-06-07,Onion,23,Pune,FAQ,Junnar,2500,1500,2000,Maharashtra,Other
2015-06-08,Onion,23,Nashik,FAQ,Pimpalgaon,2326,600,1351,Maharashtra,Other
2015-06-08,Onion,23,Nashik,FAQ,Malegaon,1937,560,1437,Maharashtra,Other
2015-06-09,Onion,23,Chandrapur,FAQ,Chandrapur(Ganjwad),1800,1200,1400,Maharashtra,Other
2015-06-09,Onion,23,Ahmednagar,FAQ,Rahuri,2700,200,1450,Maharashtra,Other
2015-06-10,Onion,23,Nashik,FAQ,Malegaon,2001,700,1540,Maharashtra,Other
2015-06-11,Onion,23,Nashik,FAQ,Pimpalgaon,2184,900,1400,Maharashtra,Other
2015-06-11,Onion,23,Nashik,FAQ,Sinner,1920,200,1400,Maharashtra,Other
2015-06-11,Onion,23,Nashik,FAQ,Chandvad,1863,452,1500,Maharashtra,Other
2015-06-12,Onion,23,Nashik,FAQ,Pimpalgaon,2131,600,1400,Maharashtra,Other
2015-06-12,Onion,23,Nashik,FAQ,Yeola,1911,611,1501,Maharashtra,Other
2015-06-13,Onion,23,Nashik,FAQ,Pimpalgaon Baswant(Saykheda),1861,600,1150,Maharashtra,Other
2015-06-14,Onion,23,Ahmednagar,FAQ,Pathardi,1433,300,1000,Maharashtra,Red
2015-06-15,Onion,23,Nashik,FAQ,Sinner,2151,200,1500,Maharashtra,Other
2015-06-15,Onion,23,Nashik,FAQ,Pimpalgaon,2115,700,1201,Maharashtra,Other
2015-06-15,Onion,23,Nashik,FAQ,Yeola,2000,700,1500,Maharashtra,Other
2015-06-16,Onion,23,Nashik,FAQ,Satana,2180,850,1550,Maharashtra,Other
2015-06-16,Onion,23,Ahmednagar,FAQ,Sangamner,2351,500,1425,Maharashtra,Other
2015-06-17,Onion,23,Pune,FAQ,Indapur,1800,1000,1600,Maharashtra,Other
2015-06-19,Onion,23,Ahmednagar,FAQ,Parner,2200,800,1650,Maharashtra,Other
2015-06-19,Onion,23,Chandrapur,FAQ,Chandrapur(Ganjwad),1900,1500,1700,Maharashtra,Other
2015-06-19,Onion,23,Nashik,FAQ,Satana,1990,850,1450,Maharashtra,Other
2015-06-19,Onion,23,Nashik,FAQ,Pimpalgaon Baswant(Saykheda),2051,600,1200,Maharashtra,Other
2015-06-19,Onion,23,Nashik,FAQ,Malegaon,1860,475,1560,Maharashtra,Other
2015-06-19,Onion,23,Ahmednagar,FAQ,Rahuri,2200,200,1125,Maharashtra,Other
2015-06-19,Onion,23,Nashik,FAQ,Yeola,1971,660,1550,Maharashtra,Other
2015-06-21,Onion,23,Ahmednagar,FAQ,Shrirampur,2100,300,1650,Maharashtra,Other
2015-06-21,Onion,23,Ahmednagar,FAQ,Rahuri,2200,200,1100,Maharashtra,Other
2015-06-21,Onion,23,Pune,FAQ,Indapur,1700,600,1550,Maharashtra,Other
2015-06-22,Onion,23,Nashik,FAQ,Yeola,1779,500,1450,Maharashtra,Other
2015-06-23,Onion,23,Nashik,FAQ,Satana,1940,825,1425,Maharashtra,Other
2015-06-23,Onion,23,Nashik,FAQ,Malegaon,1798,545,1550,Maharashtra,Other
2015-06-24,Onion,23,Nashik,FAQ,Pimpalgaon,1952,700,1250,Maharashtra,Other
2015-06-25,Onion,23,Ahmednagar,FAQ,Sangamner,2261,500,1381,Maharashtra,Other
2015-06-25,Onion,23,Nashik,FAQ,Chandvad,1775,251,1425,Maharashtra,Other
2015-06-26,Onion,23,Buldhana,FAQ,Malkapur,1700,900,1575,Maharashtra,Local
2015-06-26,Onion,23,Nashik,FAQ,Sinner,2077,200,1400,Maharashtra,Other
2015-06-27,Onion,23,Nashik,FAQ,Yeola,1742,600,1425,Maharashtra,Other
2015-06-29,Onion,23,Nashik,FAQ,Manmad,1751,400,1440,Maharashtra,Other
2015-06-30,Onion,23,Nashik,FAQ,Manmad,1775,700,1440,Maharashtra,Other
2015-06-30,Onion,23,Nashik,FAQ,Pimpalgaon Baswant(Saykheda),1726,500,1200,Maharashtra,Other
2015-06-30,Onion,23,Chattrapati Sambhajinagar,FAQ,Chattrapati Sambhajinagar,1600,400,1000,Maharashtra,Other
2015-07-01,Onion,23,Pune,FAQ,Baramati,2100,600,1750,Maharashtra,Red
2015-07-01,Onion,23,Nashik,FAQ,Satana,1785,750,1375,Maharashtra,Other
2015-07-02,Onion,23,Nashik,FAQ,Malegaon,1755,425,1475,Maharashtra,Other
2015-07-02,Onion,23,Nashik,FAQ,Chandvad,1725,300,1525,Maharashtra,Other
2015-07-03,Onion,23,Nashik,FAQ,Manmad,1819,600,1450,Maharashtra,Other
2015-07-03,Onion,23,Pune,FAQ,Indapur,1600,500,1000,Maharashtra,Other
2015-07-03,Onion,23,Ahmednagar,FAQ,Pathardi,1944,300,1155,Maharashtra,Red
2015-07-03,Onion,23,Nashik,FAQ,Sinner,2100,300,1450,Maharashtra,Other
2015-07-03,Onion,23,Nashik,FAQ,Yeola,1791,500,1500,Maharashtra,Other
2015-07-05,Onion,23,Chattrapati Sambhajinagar,FAQ,Chattrapati Sambhajinagar,1600,800,1200,Maharashtra,Other
2015-07-05,Onion,23,Ahmednagar,FAQ,Rahata,2100,500,1200,Maharashtra,Other
2015-07-06,Onion,23,Nashik,FAQ,Sinner,2051,200,1450,Maharashtra,Other
2015-07-07,Onion,23,Nashik,FAQ,Manmad,1801,561,1501,Maharashtra,Other
2015-07-07,Onion,23,Nashik,FAQ,Chandvad,1852,450,1650,Maharashtra,Other
2015-07-07,Onion,23,Nashik,FAQ,Yeola,1955,600,1700,Maharashtra,Other
2015-07-07,Onion,23,Nashik,FAQ,Pimpalgaon,2122,800,1311,Maharashtra,Other
2015-07-07,Onion,23,Nashik,FAQ,Pimpalgaon Baswant(Saykheda),1889,600,1400,Maharashtra,Other
2015-07-08,Onion,23,Chandrapur,FAQ,Chandrapur(Ganjwad),1600,1200,1400,Maharashtra,Other
2015-07-08,Onion,23,Nashik,FAQ,Satana,1895,850,1475,Maharashtra,Other
2015-07-09,Onion,23,Ahmednagar,FAQ,Rahuri(Vambori),2200,500,1500,Maharashtra,Other
2015-07-09,Onion,23,Nashik,FAQ,Pimpalgaon,2100,750,1350,Maharashtra,Other
2015-07-10,Onion,23,Nashik,FAQ,Sinner,2411,200,1550,Maharashtra,Other
2015-07-10,Onion,23,Chattrapati Sambhajinagar,FAQ,Gangapur,2000,500,975,Maharashtra,Red
2015-07-11,Onion,23,Nashik,FAQ,Chandvad,1992,650,1700,Maharashtra,Other
2015-07-11,Onion,23,Pune,FAQ,Baramati,2360,700,2000,Maharashtra,Red
2015-07-13,Onion,23,Nashik,FAQ,Satana,2390,900,1750,Maharashtra,Other
2015-07-13,Onion,23,Nashik,FAQ,Pimpalgaon Baswant(Saykheda),2020,700,1500,Maharashtra,Other
2015-07-14,Onion,23,Nashik,FAQ,Pimpalgaon,2505,800,1450,Maharashtra,Other
2015-07-14,Onion,23,Nashik,FAQ,Chandvad,2175,600,1875,Maharashtra,Other
2015-07-14,Onion,23,Ahmednagar,FAQ,Pathardi,2600,400,1700,Maharashtra,Red
2015-07-14,Onion,23,Nashik,FAQ,Satana,2350,950,1850,Maharashtra,Other
2015-07-15,Onion,23,Ahmednagar,FAQ,Shrirampur,2550,500,1850,Maharashtra,Other
2015-07-15,Onion,23,Ahmednagar,FAQ,Newasa(Ghodegaon),2500,300,1800,Maharashtra,Other
2015-07-15,Onion,23,Nashik,FAQ,Pimpalgaon,2453,800,1500,Maharashtra,Other
2015-07-15,Onion,23,Chattrapati Sambhajinagar,FAQ,Lasur Station,2700,500,1800,Maharashtra,Other
2015-07-16,Onion,23,Ahmednagar,FAQ,Sangamner,2551,500,1526,Maharashtra,Other
2015-07-17,Onion,23,Nashik,FAQ,Sinner,2611,400,1900,Maharashtra,Other
2015-07-17,Onion,23,Nashik,FAQ,Pimpalgaon,2344,800,1451,Maharashtra,Other
2015-07-17,Onion,23,Chandrapur,FAQ,Chandrapur(Ganjwad),2000,1500,1800,Maharashtra,Other
2015-07-18,Onion,23,Ahmednagar,FAQ,Rahuri(Vambori),2200,500,1500,Maharashtra,Other
2015-07-20,Onion,23,Chattrapati Sambhajinagar,FAQ,Chattrapati Sambhajinagar,2300,1000,1650,Maharashtra,Other
2015-07-20,Onion,23,Nashik,FAQ,Satana,2525,950,2050,Maharashtra,Other
2015-07-21,Onion,23,Nashik,FAQ,Yeola,2717,800,2350,Maharashtra,Other
2015-07-21,Onion,23,Nashik,FAQ,Manmad,2601,1000,2451,Maharashtra,Other
2015-07-21,Onion,23,Chattrapati Sambhajinagar,FAQ,Chattrapati Sambhajinagar,2200,900,1550,Maharashtra,Other
2015-07-22,Onion,23,Nashik,FAQ,Yeola,2911,1400,2700,Maharashtra,Other
2015-07-22,Onion,23,Nashik,FAQ,Malegaon,2751,1400,2550,Maharashtra,Other
2015-07-23,Onion,23,Nashik,FAQ,Malegaon,2680,900,2375,Maharashtra,Other
2015-07-23,Onion,23,Nashik,FAQ,Sinner,2860,500,2600,Maharashtra,Other
2015-07-23,Onion,23,Nashik,FAQ,Pimpalgaon,2999,1200,2101,Maharashtra,Other
2015-07-23,Onion,23,Ahmednagar,FAQ,Rahuri(Vambori),3000,500,2200,Maharashtra,Other
2015-07-23,Onion,23,Chandrapur,FAQ,Chandrapur(Ganjwad),3000,2200,2600,Maharashtra,Other
2015-07-24,Onion,23,Ahmednagar,FAQ,Parner,3100,1200,2650,Maharashtra,Other
2015-07-24,Onion,23,Ahmednagar,FAQ,Rahata,3500,1050,2450,Maharashtra,Other
2015-07-24,Onion,23,Nashik,FAQ,Pimpalgaon Baswant(Saykheda),2676,1500,2350,Maharashtra,Other
2015-07-24,Onion,23,Nashik,FAQ,Satana,2830,1150,2350,Maharashtra,Other
2015-07-25,Onion,23,Nashik,FAQ,Pimpalgaon Baswant(Saykheda),2851,1500,2400,Maharashtra,Other
2015-07-25,Onion,23,Chandrapur,FAQ,Chandrapur(Ganjwad),3200,2600,3000,Maharashtra,Other
2015-07-26,Onion,23,Chattrapati Sambhajinagar,FAQ,Lasur Station,3100,500,2200,Maharashtra,Other
2015-07-26,Onion,23,Ahmednagar,FAQ,Shrirampur,3400,800,2650,Maharashtra,Other
2015-07-26,Onion,23,Ahmednagar,FAQ,Rahuri,3240,300,1406,Maharashtra,Other
2015-07-26,Onion,23,Ahmednagar,FAQ,Rahata,3500,1050,2450,Maharashtra,Other
2015-07-26,Onion,23,Ahmednagar,FAQ,Parner,3500,1500,2800,Maharashtra,Other
2015-07-28,Onion,23,Nashik,FAQ,Manmad,3931,1500,3700,Maharashtra,Other
2015-07-28,Onion,23,Nashik,FAQ,Pimpalgaon Baswant(Saykheda),4000,2000,3200,Maharashtra,Other
2015-07-28,Onion,23,Nashik,FAQ,Malegaon,3801,1500,3450,Maharashtra,Other
2015-07-28,Onion,23,Nashik,FAQ,Sinner,3700,500,3500,Maharashtra,Other
2015-07-28,Onion,23,Ahmednagar,FAQ,Rahata,4500,1200,3000,Maharashtra,Other
2015-07-28,Onion,23,Ahmednagar,FAQ,Sangamner,4311,1000,2661,Maharashtra,Other
2015-07-28,Onion,23,Chandrapur,FAQ,Chandrapur(Ganjwad),3500,2500,3000,Maharashtra,Other
2015-07-28,Onion,23,Nashik,FAQ,Chandvad,4100,1080,3350,Maharashtra,Other
2015-07-29,Onion,23,Chandrapur,FAQ,Chandrapur(Ganjwad),3500,2500,3000,Maharashtra,Other
2015-07-29,Onion,23,Nashik,FAQ,Pimpalgaon Baswant(Saykheda),3651,1500,3200,Maharashtra,Other
2015-07-29,Onion,23,Nashik,FAQ,Sinner,4051,500,3500,Maharashtra,Other
2015-07-30,Onion,23,Buldhana,FAQ,Malkapur,3360,1800,3000,Maharashtra,Local
2015-07-30,Onion,23,Nashik,FAQ,Satana,3475,1850,2850,Maharashtra,Other
2015-07-30,Onion,23,Chattrapati Sambhajinagar,FAQ,Chattrapati Sambhajinagar,3500,1000,2250,Maharashtra,Other
2015-07-31,Onion,23,Nashik,FAQ,Sinner,3800,1000,3200,Maharashtra,Other
2015-07-31,Onion,23,Nashik,FAQ,Satana,3670,1850,3050,Maharashtra,Other
2015-07-31,Onion,23,Chattrapati Sambhajinagar,FAQ,Gangapur,3350,1000,1550,Maharashtra,Red
2015-07-31,Onion,23,Chandrapur,FAQ,Chandrapur(Ganjwad),3500,2500,3000,Maharashtra,Other
2015-08-01,Onion,23,Chattrapati Sambhajinagar,FAQ,Chattrapati Sambhajinagar,3200,1000,2200,Maharashtra,Other
2015-08-01,Onion,23,Nashik,FAQ,Pimpalgaon Baswant(Saykheda),3400,1500,2900,Maharashtra,Other
2015-08-01,Onion,23,Ahmednagar,FAQ,Rahuri(Vambori),3600,1000,2800,Maharashtra,Other
2015-08-02,Onion,23,Chattrapati Sambhajinagar,FAQ,Chattrapati Sambhajinagar,2800,2000,2400,Maharashtra,Other
2015-08-02,Onion,23,Nagpur,FAQ,Ramtek,3000,2800,2900,Maharashtra,Other
2015-08-04,Onion,23,Ahmednagar,FAQ,Rahuri,4300,500,2410,Maharashtra,Other
2015-08-04,Onion,23,Nashik,FAQ,Malegaon,3799,1525,3350,Maharashtra,Other
2015-08-04,Onion,23,Nashik,FAQ,Pimpalgaon Baswant(Saykheda),4000,2500,3350,Maharashtra,Other
2015-08-04,Onion,23,Nashik,FAQ,Sinner,3861,1500,3500,Maharashtra,Other
2015-08-05,Onion,23,Nashik,FAQ,Malegaon,4062,1414,3550,Maharashtra,Other
2015-08-05,Onion,23,Nashik,FAQ,Pimpalgaon,4016,1500,3551,Maharashtra,Other
2015-08-05,Onion,23,Nashik,FAQ,Yeola,4126,1500,3500,Maharashtra,Other
2015-08-05,Onion,23,Pune,FAQ,Baramati,4001,800,3700,Maharashtra,Red
2015-08-06,Onion,23,Nashik,FAQ,Satana,3740,1850,3150,Maharashtra,Other
2015-08-06,Onion,23,Ahmednagar,FAQ,Rahuri(Vambori),3600,1000,2800,Maharashtra,Other
2015-08-07,Onion,23,Nashik,FAQ,Pimpalgaon Baswant(Saykheda),3650,1500,3151,Maharashtra,Other
2015-08-08,Onion,23,Ahmednagar,FAQ,Rahuri(Vambori),4000,2000,3300,Maharashtra,Other
2015-08-08,Onion,23,Chattrapati Sambhajinagar,FAQ,Chattrapati Sambhajinagar,3600,1500,2550,Maharashtra,Other
2015-08-09,Onion,23,Ahmednagar,FAQ,Rahata,4000,1000,3150,Maharashtra,Other
2015-08-09,Onion,23,Ahmednagar,FAQ,Rahuri,4120,600,2375,Maharashtra,Other
2015-08-09,Onion,23,Nagpur,FAQ,Ramtek,3500,3000,3200,Maharashtra,Other
2015-08-10,Onion,23,Nashik,FAQ,Yeola,4018,1401,3300,Maharashtra,Other
2015-08-10,Onion,23,Pune,FAQ,Baramati,4300,1950,4000,Maharashtra,Red
2015-08-12,Onion,23,Ahmednagar,FAQ,Shrirampur,4100,1200,3250,Maharashtra,Other
2015-08-12,Onion,23,Nashik,FAQ,Sinner,4000,400,3200,Maharashtra,Other
2015-08-12,Onion,23,Nashik,FAQ,Pimpalgaon Baswant(Saykheda),3838,1500,3250,Maharashtra,Other
2015-08-13,Onion,23,Ahmednagar,FAQ,Sangamner,4375,1000,2688,Maharashtra,Other
2015-08-13,Onion,23,Nashik,FAQ,Satana,4200,2050,3350,Maharashtra,Other
2015-08-13,Onion,23,Nashik,FAQ,Sinner,4003,1000,3400,Maharashtra,Other
2015-08-14,Onion,23,Ahmednagar,FAQ,Parner,4575,2500,3800,Maharashtra,Other
2015-08-15,Onion,23,Ahmednagar,FAQ,Newasa(Ghodegaon),4500,800,3500,Maharashtra,Other
2015-08-16,Onion,23,Nagpur,FAQ,Ramtek,4000,3000,3500,Maharashtra,Other
2015-08-17,Onion,23,Nashik,FAQ,Satana,4880,2150,3750,Maharashtra,Other
2015-08-17,Onion,23,Nashik,FAQ,Pimpalgaon,4830,2500,4450,Maharashtra,Other
2015-08-18,Onion,23,Nashik,FAQ,Sinner,4650,3000,4300,Maharashtra,Other
2015-08-19,Onion,23,Nashik,FAQ,Manmad,5142,2000,4400,Maharashtra,Other
2015-08-20,Onion,23,Nashik,FAQ,Yeola,5700,1700,4900,Maharashtra,Other
2015-08-20,Onion,23,Chattrapati Sambhajinagar,FAQ,Vaijpur,6000,1000,4500,Maharashtra,Other
2015-08-20,Onion,23,Nashik,FAQ,Chandvad,5501,2401,5300,Maharashtra,Other
2015-08-21,Onion,23,Ahmednagar,FAQ,Pathardi,4600,500,4300,Maharashtra,Red
2015-08-21,Onion,23,Nashik,FAQ,Pimpalgaon Baswant(Saykheda),6100,2500,5200,Maharashtra,Other
2015-08-21,Onion,23,Ahmednagar,FAQ,Rahata,6500,2500,4900,Maharashtra,Other
2015-08-22,Onion,23,Chattrapati Sambhajinagar,FAQ,Chattrapati Sambhajinagar,5300,2000,3650,Maharashtra,Other
2015-08-22,Onion,23,Nashik,FAQ,Pimpalgaon Baswant(Saykheda),6151,2500,5200,Maharashtra,Other
2015-08-22,Onion,23,Ahmednagar,FAQ,Rahuri(Vambori),6600,2000,5000,Maharashtra,Other
2015-08-23,Onion,23,Nagpur,FAQ,Ramtek,4500,3500,4000,Maharashtra,Other
2015-08-23,Onion,23,Ahmednagar,FAQ,Parner,7000,3000,5850,Maharashtra,Other
2015-08-25,Onion,23,Ahmednagar,FAQ,Rahata,6000,2000,4400,Maharashtra,Other
2015-08-26,Onion,23,Chattrapati Sambhajinagar,FAQ,Chattrapati Sambhajinagar,5000,2500,3750,Maharashtra,Other
2015-08-26,Onion,23,Ahmednagar,FAQ,Newasa(Ghodegaon),6500,1500,5000,Maharashtra,Other
2015-08-26,Onion,23,Ahmednagar,FAQ,Shrirampur,6000,2000,4900,Maharashtra,Other
2015-08-27,Onion,23,Chandrapur,FAQ,Chandrapur(Ganjwad),5300,4200,4700,Maharashtra,Other
2015-08-28,Onion,23,Nashik,FAQ,Malegaon,6000,1300,4325,Maharashtra,Other
2015-08-29,Onion,23,Pune,FAQ,Baramati,6000,1650,5300,Maharashtra,Red
2015-08-29,Onion,23,Nagpur,FAQ,Ramtek,4000,3500,3700,Maharashtra,Other
2015-08-29,Onion,23,Ahmednagar,FAQ,Newasa(Ghodegaon),6000,1500,4500,Maharashtra,Other
2015-08-30,Onion,23,Chattrapati Sambhajinagar,FAQ,Lasur Station,5000,100,4000,Maharashtra,Other
2015-08-30,Onion,23,Ahmednagar,FAQ,Rahata,6300,2000,4400,Maharashtra,Other
2015-08-31,Onion,23,Nashik,FAQ,Yeola,5726,2100,4450,Maharashtra,Other
2015-08-31,Onion,23,Nashik,FAQ,Satana,5370,2475,4750,Maharashtra,Other
2015-08-31,Onion,23,Nashik,FAQ,Manmad,5341,2100,4851,Maharashtra,Other
2015-08-31,Onion,23,Nashik,FAQ,Pimpalgaon,5460,2600,4701,Maharashtra,Other
2015-09-01,Onion,23,Nashik,FAQ,Satana,5300,2400,4750,Maharashtra,Other
2015-09-01,Onion,23,Nashik,FAQ,Sinner,4100,1000,4000,Maharashtra,Other
2015-09-02,Onion,23,Chandrapur,FAQ,Chandrapur(Ganjwad),4500,3500,4000,Maharashtra,Other
2015-09-02,Onion,23,Nashik,FAQ,Satana,5185,2350,4700,Maharashtra,Other
2015-09-02,Onion,23,Nashik,FAQ,Lasalgaon(Niphad),4499,2501,4200,Maharashtra,Other
2015-09-02,Onion,23,Nashik,FAQ,Malegaon,4600,1365,3725,Maharashtra,Other
2015-09-02,Onion,23,Nashik,FAQ,Pimpalgaon,5122,2100,4450,Maharashtra,Other
2015-09-02,Onion,23,Nashik,FAQ,Manmad,4511,2301,4000,Maharashtra,Other
2015-09-02,Onion,23,Pune,FAQ,Baramati,5501,1650,4200,Maharashtra,Red
2015-09-02,Onion,23,Nashik,FAQ,Yeola,5326,1600,4300,Maharashtra,Other
2015-09-03,Onion,23,Nagpur,FAQ,Ramtek,3500,3000,3200,Maharashtra,Other
2015-09-03,Onion,23,Chattrapati Sambhajinagar,FAQ,Chattrapati Sambhajinagar,4500,2500,3500,Maharashtra,Other
2015-09-03,Onion,23,Ahmednagar,FAQ,Sangamner,5151,1500,3326,Maharashtra,Other
2015-09-04,Onion,23,Nashik,FAQ,Pimpalgaon,2581,1400,1990,Maharashtra,Pole
2015-09-05,Onion,23,Amarawati,FAQ,Amarawati,5100,4000,4120,Maharashtra,White
2015-09-05,Onion,23,Ahmednagar,FAQ,Rahuri(Vambori),5000,1000,4500,Maharashtra,Other
2015-09-06,Onion,23,Chattrapati Sambhajinagar,FAQ,Lasur Station,4400,1000,3250,Maharashtra,Other
2015-09-06,Onion,23,Ahmednagar,FAQ,Parner,4800,3000,4300,Maharashtra,Other
2015-09-06,Onion,23,Nagpur,FAQ,Nagpur,4000,2200,3550,Maharashtra,White
2015-09-07,Onion,23,Nashik,FAQ,Satana,5310,2450,4750,Maharashtra,Other
2015-09-07,Onion,23,Nashik,FAQ,Malegaon,4754,1755,3975,Maharashtra,Other
2015-09-08,Onion,23,Nashik,FAQ,Sinner,5100,2400,4500,Maharashtra,Other
2015-09-08,Onion,23,Chandrapur,FAQ,Chandrapur(Ganjwad),4700,3400,4200,Maharashtra,Other
2015-09-08,Onion,23,Nagpur,FAQ,Nagpur,4300,2500,3850,Maharashtra,White
2015-09-09,Onion,23,Chattrapati Sambhajinagar,FAQ,Chattrapati Sambhajinagar,4500,3000,3750,Maharashtra,Other
2015-09-09,Onion,23,Chandrapur,FAQ,Chandrapur(Ganjwad),5000,3500,4200,Maharashtra,Other
2015-09-09,Onion,23,Ahmednagar,FAQ,Shrirampur,6100,2000,5150,Maharashtra,Other
2015-09-09,Onion,23,Nashik,FAQ,Chandvad,5229,2553,5100,Maharashtra,Other
2015-09-09,Onion,23,Nashik,FAQ,Pimpalgaon Baswant(Saykheda),5601,2000,4850,Maharashtra,Other
2015-09-09,Onion,23,Nashik,FAQ,Manmad,5300,2931,4816,Maharashtra,Other
2015-09-10,Onion,23,Ahmednagar,FAQ,Rahuri(Vambori),6000,2000,4500,Maharashtra,Other
2015-09-11,Onion,23,Nashik,FAQ,Chandvad,5151,2500,4500,Maharashtra,Other
2015-09-11,Onion,23,Chandrapur,FAQ,Chandrapur(Ganjwad),5000,3500,4200,Maharashtra,Other
2015-09-12,Onion,23,Ahmednagar,FAQ,Pathardi,3600,500,2200,Maharashtra,Red
2015-09-13,Onion,23,Ahmednagar,FAQ,Parner,5600,3000,4500,Maharashtra,Other
2015-09-13,Onion,23,Chandrapur,FAQ,Chandrapur(Ganjwad),5000,3500,4200,Maharashtra,Other
2015-09-13,Onion,23,Ahmednagar,FAQ,Rahata,6000,1800,4400,Maharashtra,Other
2015-09-14,Onion,23,Nashik,FAQ,Satana,4950,2350,4425,Maharashtra,Other
2015-09-14,Onion,23,Ahmednagar,FAQ,Rahuri(Vambori),5500,2000,4500,Maharashtra,Other
2015-09-15,Onion,23,Nagpur,FAQ,Ramtek,4000,3000,3500,Maharashtra,Other
2015-09-15,Onion,23,Chandrapur,FAQ,Chandrapur(Ganjwad),5000,3500,4200,Maharashtra,Other
2015-09-15,Onion,23,Nashik,FAQ,Pimpalgaon Baswant(Saykheda),4770,3000,4081,Maharashtra,Other
2015-09-15,Onion,23,Nashik,FAQ,Nandgaon,4965,1800,4475,Maharashtra,Other
2015-09-15,Onion,23,Nashik,FAQ,Pimpalgaon,4001,1811,3900,Maharashtra,Pole
2015-09-16,Onion,23,Nashik,FAQ,Yeola,4901,2350,4200,Maharashtra,Other
2015-09-16,Onion,23,Pune,FAQ,Indapur,3600,1600,3000,Maharashtra,Other
2015-09-16,Onion,23,Nashik,FAQ,Malegaon,4700,1760,4155,Maharashtra,Other
2015-09-18,Onion,23,Ahmednagar,FAQ,Parner,4500,2000,3400,Maharashtra,Other
2015-09-18,Onion,23,Nashik,FAQ,Sinner,4652,1500,4100,Maharashtra,Other
2015-09-18,Onion,23,Nashik,FAQ,Pimpalgaon Baswant(Saykheda),4402,3000,3900,Maharashtra,Other
2015-09-19,Onion,23,Chattrapati Sambhajinagar,FAQ,Chattrapati Sambhajinagar,3500,1000,2250,Maharashtra,Other
2015-09-20,Onion,23,Chattrapati Sambhajinagar,FAQ,Lasur Station,4000,1000,3500,Maharashtra,Other
2015-09-21,Onion,23,Chattrapati Sambhajinagar,FAQ,Chattrapati Sambhajinagar,3800,1200,2500,Maharashtra,Other
2015-09-22,Onion,23,Nashik,FAQ,Nandgaon,4135,900,3755,Maharashtra,Other
2015-09-22,Onion,23,Nashik,FAQ,Pimpalgaon Baswant(Saykheda),4141,2000,3450,Maharashtra,Other
2015-09-23,Onion,23,Nashik,FAQ,Nandgaon,3955,680,3675,Maharashtra,Other
2015-09-23,Onion,23,Nashik,FAQ,Sinner,4000,1000,3500,Maharashtra,Other
2015-09-23,Onion,23,Nashik,FAQ,Malegaon,3783,1000,3250,Maharashtra,Other
2015-09-23,Onion,23,Chattrapati Sambhajinagar,FAQ,Chattrapati Sambhajinagar,3000,1000,2000,Maharashtra,Other
2015-09-23,Onion,23,Ahmednagar,FAQ,Shrirampur,4300,1200,3400,Maharashtra,Other
2015-09-23,Onion,23,Nashik,FAQ,Pimpalgaon,3911,2500,3551,Maharashtra,Other
2015-09-24,Onion,23,Chattrapati Sambhajinagar,FAQ,Chattrapati Sambhajinagar,3000,1300,2150,Maharashtra,Other
2015-09-24,Onion,23,Nagpur,FAQ,Ramtek,4000,3000,3500,Maharashtra,Other
2015-09-24,Onion,23,Nashik,FAQ,Pimpalgaon,4052,2000,3501,Maharashtra,Other
2015-09-24,Onion,23,Ahmednagar,FAQ,Sangamner,3550,1500,2525,Maharashtra,Red
2015-09-24,Onion,23,Nashik,FAQ,Manmad,3940,1872,3600,Maharashtra,Other
2015-09-25,Onion,23,Ahmednagar,FAQ,Parner,3100,1000,2000,Maharashtra,Other
2015-09-26,Onion,23,Nashik,FAQ,Pimpalgaon Baswant(Saykheda),3100,1500,2700,Maharashtra,Red
2015-09-27,Onion,23,Ahmednagar,FAQ,Parner,3700,1500,2500,Maharashtra,Other
2015-09-27,Onion,23,Pune,FAQ,Indapur,3000,150,1800,Maharashtra,Other
2015-09-27,Onion,23,Chattrapati Sambhajinagar,FAQ,Chattrapati Sambhajinagar,2800,800,1800,Maharashtra,Other
2015-09-28,Onion,23,Ahmednagar,FAQ,Rahuri(Vambori),4500,500,3000,Maharashtra,Other
2015-09-28,Onion,23,Nashik,FAQ,Sinner,4300,500,3000,Maharashtra,Other
2015-09-28,Onion,23,Nashik,FAQ,Satana,4045,2150,3450,Maharashtra,Other
2015-09-28,Onion,23,Nashik,FAQ,Pimpalgaon Baswant(Saykheda),4030,1300,3461,Maharashtra,Other
2015-09-29,Onion,23,Nashik,FAQ,Pimpalgaon Baswant(Saykheda),2399,1001,1150,Maharashtra,Red
2015-09-29,Onion,23,Nashik,FAQ,Chandvad,3551,1751,3351,Maharashtra,Other
2015-09-29,Onion,23,Nashik,FAQ,Pimpalgaon Baswant(Saykheda),3951,2451,3500,Maharashtra,Other
2015-09-29,Onion,23,Nashik,FAQ,Malegaon,3281,705,2760,Maharashtra,Red
2015-09-29,Onion,23,Chattrapati Sambhajinagar,FAQ,Chattrapati Sambhajinagar,2500,600,1550,Maharashtra,Other
2015-09-29,Onion,23,Nashik,FAQ,Pimpalgaon,4100,2000,3600,Maharashtra,Other
2015-09-30,Onion,23,Nashik,FAQ,Malegaon,3601,505,3025,Maharashtra,Red
2015-09-30,Onion,23,Nashik,FAQ,Pimpalgaon Baswant(Saykheda),3715,1705,3200,Maharashtra,Other
2015-09-30,Onion,23,Nashik,FAQ,Satana,4400,2250,3650,Maharashtra,Other
2015-09-30,Onion,23,Nashik,FAQ,Manmad,3700,1200,3300,Maharashtra,Other
2015-09-30,Onion,23,Nagpur,FAQ,Nagpur,3400,2100,3075,Maharashtra,White
2015-09-30,Onion,23,Ahmednagar,FAQ,Parner,4100,1500,2600,Maharashtra,Other
2015-10-01,Onion,23,Chattrapati Sambhajinagar,FAQ,Chattrapati Sambhajinagar,3000,1000,2000,Maharashtra,Other
2015-10-01,Onion,23,Nagpur,FAQ,Ramtek,4000,3000,3500,Maharashtra,Other
2015-10-02,Onion,23,Nashik,FAQ,Pimpalgaon,4061,2311,3451,Maharashtra,Other
2015-10-03,Onion,23,Nashik,FAQ,Chandvad,3536,1000,3300,Maharashtra,Other
2015-10-03,Onion,23,Ahmednagar,FAQ,Rahuri(Vambori),4500,500,3100,Maharashtra,Other
2015-10-03,Onion,23,Chattrapati Sambhajinagar,FAQ,Chattrapati Sambhajinagar,3000,700,1850,Maharashtra,Other
2015-10-03,Onion,23,Nashik,FAQ,Pimpalgaon Baswant(Saykheda),3852,2300,3291,Maharashtra,Other
2015-10-03,Onion,23,Nashik,FAQ,Pimpalgaon,3453,1500,2751,Maharashtra,Pole
2015-10-04,Onion,23,Nagpur,FAQ,Nagpur,3600,2200,3250,Maharashtra,White
2015-10-05,Onion,23,Nashik,FAQ,Malegaon,4000,700,3375,Maharashtra,Other
2015-10-05,Onion,23,Beed,FAQ,Kada,5100,100,2750,Maharashtra,Other
2015-10-05,Onion,23,Nashik,FAQ,Pimpalgaon,4200,2500,3551,Maharashtra,Other
2015-10-05,Onion,23,Nashik,FAQ,Nandgaon,3335,1355,2100,Maharashtra,Red
2015-10-05,Onion,23,Nashik,FAQ,Satana,4300,2250,3750,Maharashtra,Other
2015-10-06,Onion,23,Nashik,FAQ,Pimpalgaon,4401,1500,3611,Maharashtra,Other
2015-10-06,Onion,23,Nashik,FAQ,Lasalgaon(Niphad),3651,2631,3600,Maharashtra,Other
2015-10-06,Onion,23,Nashik,FAQ,Pimpalgaon Baswant(Saykheda),3532,1000,2000,Maharashtra,Red
2015-10-06,Onion,23,Nagpur,FAQ,Ramtek,4000,3000,3500,Maharashtra,Other
2015-10-06,Onion,23,Nashik,FAQ,Chandvad,3678,900,3350,Maharashtra,Other
2015-10-06,Onion,23,Nashik,FAQ,Yeola,3400,1500,3200,Maharashtra,Other
2015-10-06,Onion,23,Nashik,FAQ,Malegaon,3850,620,3275,Maharashtra,Other
2015-10-07,Onion,23,Nashik,FAQ,Nandgaon,3900,1400,3650,Maharashtra,Other
2015-10-07,Onion,23,Nashik,FAQ,Pimpalgaon,3731,1100,3311,Maharashtra,Pole
2015-10-07,Onion,23,Chattrapati Sambhajinagar,FAQ,Chattrapati Sambhajinagar,3800,1000,2400,Maharashtra,Other
2015-10-08,Onion,23,Nashik,FAQ,Chandvad,3381,1300,3200,Maharashtra,Red
2015-10-08,Onion,23,Nashik,FAQ,Lasalgaon(Niphad),3699,1900,3580,Maharashtra,Other
2015-10-08,Onion,23,Ahmednagar,FAQ,Rahuri(Vambori),4500,500,3200,Maharashtra,Other
2015-10-08,Onion,23,Chandrapur,FAQ,Chandrapur(Ganjwad),2800,1200,2300,Maharashtra,Other
2015-10-08,Onion,23,Nashik,FAQ,Sinner,3525,500,3000,Maharashtra,Other
2015-10-09,Onion,23,Nashik,FAQ,Nandgaon,3880,1700,3505,Maharashtra,Other
2015-10-09,Onion,23,Nashik,FAQ,Pimpalgaon,3880,1961,3451,Maharashtra,Other
2015-10-09,Onion,23,Nashik,FAQ,Satana,4070,2150,3350,Maharashtra,Other
2015-10-11,Onion,23,Ahmednagar,FAQ,Sangamner,4101,1500,3300,Maharashtra,Red
2015-10-11,Onion,23,Pune,FAQ,Indapur,3000,300,1850,Maharashtra,Other
2015-10-11,Onion,23,Ahmednagar,FAQ,Shrirampur,4200,1000,3450,Maharashtra,Other
2015-10-11,Onion,23,Ahmednagar,FAQ,Parner,2800,1100,2200,Maharashtra,Red
2015-10-11,Onion,23,Nagpur,FAQ,Nagpur,3600,2000,3200,Maharashtra,White
2015-10-12,Onion,23,Ahmednagar,FAQ,Newasa(Ghodegaon),4000,1000,3000,Maharashtra,Red
2015-10-13,Onion,23,Nashik,FAQ,Nandgaon,3320,1485,2850,Maharashtra,Other
2015-10-13,Onion,23,Nagpur,FAQ,Ramtek,3500,3000,3000,Maharashtra,Other
2015-10-13,Onion,23,Dharashiv(Usmanabad),FAQ,Dharashiv,3000,1300,2150,Maharashtra,Red
2015-10-14,Onion,23,Nashik,FAQ,Sinner,3700,300,2100,Maharashtra,Other
2015-10-14,Onion,23,Ahmednagar,FAQ,Parner,3100,1000,2400,Maharashtra,Other
2015-10-14,Onion,23,Nashik,FAQ,Malegaon,2665,405,2250,Maharashtra,Red
2015-10-14,Onion,23,Pune,FAQ,Indapur,2800,200,1950,Maharashtra,Other
2015-10-15,Onion,23,Nashik,FAQ,Pimpalgaon,3352,1500,2851,Maharashtra,Other
2015-10-15,Onion,23,Dharashiv(Usmanabad),FAQ,Dharashiv,3000,1300,2150,Maharashtra,Red
2015-10-15,Onion,23,Buldhana,FAQ,Malkapur,2050,1500,1800,Maharashtra,Local
2015-10-15,Onion,23,Nashik,FAQ,Nandgaon,2780,1125,2365,Maharashtra,Red
2015-10-15,Onion,23,Ahmednagar,FAQ,Rahuri(Vambori),3000,200,2000,Maharashtra,Other
2015-10-16,Onion,23,Pune,FAQ,Indapur,2225,200,1650,Maharashtra,Other
2015-10-16,Onion,23,Nashik,FAQ,Nandgaon,2265,460,2000,Maharashtra,Other
2015-10-16,Onion,23,Nashik,FAQ,Nandgaon,2400,445,1800,Maharashtra,Red
2015-10-16,Onion,23,Nashik,FAQ,Pimpalgaon,2911,1250,2151,Maharashtra,Pole
2015-10-17,Onion,23,Nashik,FAQ,Pimpalgaon,2900,1300,2100,Maharashtra,Pole
2015-10-17,Onion,23,Nashik,FAQ,Pimpalgaon Baswant(Saykheda),2101,500,1691,Maharashtra,Other
2015-10-17,Onion,23,Nashik,FAQ,Pimpalgaon,2881,1700,2251,Maharashtra,Other
2015-10-17,Onion,23,Amarawati,FAQ,Amarawati,2300,1000,1340,Maharashtra,White
2015-10-17,Onion,23,Nashik,FAQ,Chandvad,2430,601,2000,Maharashtra,Pole
2015-10-18,Onion,23,Ahmednagar,FAQ,Shrirampur,4000,1000,3100,Maharashtra,Other
2015-10-18,Onion,23,Ahmednagar,FAQ,Rahata,3000,700,2100,Maharashtra,Other
2015-10-19,Onion,23,Chattrapati Sambhajinagar,FAQ,Vaijpur,4200,1000,3000,Maharashtra,Other
2015-10-19,Onion,23,Chattrapati Sambhajinagar,FAQ,Chattrapati Sambhajinagar,2200,500,1350,Maharashtra,Other
2015-10-19,Onion,23,Nashik,FAQ,Lasalgaon(Niphad),1500,511,1251,Maharashtra,Other
2015-10-20,Onion,23,Nashik,FAQ,Pimpalgaon Baswant(Saykheda),1700,500,1301,Maharashtra,Red
2015-10-20,Onion,23,Dharashiv(Usmanabad),FAQ,Dharashiv,2300,1850,2000,Maharashtra,Red
2015-10-20,Onion,23,Nashik,FAQ,Manmad,2581,1501,2481,Maharashtra,Other
2015-10-20,Onion,23,Nashik,FAQ,Chandvad,2401,2401,2401,Maharashtra,Other
2015-10-20,Onion,23,Ahmednagar,FAQ,Rahata,3100,700,2100,Maharashtra,Other
2015-10-20,Onion,23,Nashik,FAQ,Satana,2860,900,2150,Maharashtra,Red
2015-10-20,Onion,23,Amarawati,FAQ,Amarawati,2200,1200,1480,Maharashtra,White
2015-10-21,Onion,23,Dharashiv(Usmanabad),FAQ,Dharashiv,2300,1250,1775,Maharashtra,Red
2015-10-21,Onion,23,Nashik,FAQ,Pimpalgaon,3267,1551,2451,Maharashtra,Pole
2015-10-21,Onion,23,Chattrapati Sambhajinagar,FAQ,Chattrapati Sambhajinagar,2100,300,1200,Maharashtra,Other
2015-10-21,Onion,23,Amarawati,FAQ,Amarawati,2200,1200,1520,Maharashtra,White
2015-10-21,Onion,23,Ahmednagar,FAQ,Parner,2600,1000,1900,Maharashtra,Red
2015-10-21,Onion,23,Nashik,FAQ,Yeola,3396,1100,2500,Maharashtra,Other
2015-10-22,Onion,23,Nashik,FAQ,Malegaon,5101,785,2475,Maharashtra,Red
2015-10-22,Onion,23,Dharashiv(Usmanabad),FAQ,Dharashiv,1600,1100,1350,Maharashtra,Red
2015-10-22,Onion,23,Nashik,FAQ,Manmad,3151,2200,2600,Maharashtra,Red
2015-10-23,Onion,23,Buldhana,FAQ,Malkapur,2765,1100,1875,Maharashtra,Local
2015-10-23,Onion,23,Nashik,FAQ,Pimpalgaon,3453,1451,2651,Maharashtra,Pole
2015-10-23,Onion,23,Nashik,FAQ,Nandgaon,2840,300,2545,Maharashtra,Red
2015-10-23,Onion,23,Nashik,FAQ,Manmad,3038,1555,2700,Maharashtra,Red
2015-10-24,Onion,23,Nashik,FAQ,Pimpalgaon Baswant(Saykheda),3101,1025,2500,Maharashtra,Red
2015-10-25,Onion,23,Pune,FAQ,Indapur,2500,200,1500,Maharashtra,Other
2015-10-25,Onion,23,Ahmednagar,FAQ,Parner,3500,1000,2400,Maharashtra,Red
2015-10-26,Onion,23,Nashik,FAQ,Malegaon,3450,777,3050,Maharashtra,Red
2015-10-26,Onion,23,Nashik,FAQ,Manmad,3425,1500,3210,Maharashtra,Red
2015-10-26,Onion,23,Nashik,FAQ,Nandgaon,3210,805,2925,Maharashtra,Red
2015-10-26,Onion,23,Nashik,FAQ,Pimpalgaon,3801,1600,3151,Maharashtra,Pole
2015-10-27,Onion,23,Chattrapati Sambhajinagar,FAQ,Chattrapati Sambhajinagar,2800,300,1550,Maharashtra,Other
2015-10-27,Onion,23,Nashik,FAQ,Chandvad,3500,1200,3150,Maharashtra,Pole
2015-10-27,Onion,23,Nashik,FAQ,Pimpalgaon Baswant(Saykheda),3500,500,2000,Maharashtra,Red
2015-10-27,Onion,23,Ahmednagar,FAQ,Sangamner,4800,1000,3250,Maharashtra,Red
2015-10-27,Onion,23,Chandrapur,FAQ,Chandrapur(Ganjwad),2500,1000,1800,Maharashtra,Other
2015-10-28,Onion,23,Nagpur,FAQ,Nagpur,3000,1200,2550,Maharashtra,White
2015-10-28,Onion,23,Ahmednagar,FAQ,Newasa(Ghodegaon),4100,1000,3500,Maharashtra,Red
2015-10-28,Onion,23,Nashik,FAQ,Nandgaon,3255,910,2805,Maharashtra,Red
2015-10-28,Onion,23,Nashik,FAQ,Pimpalgaon,3870,2381,3680,Maharashtra,Other
2015-10-29,Onion,23,Nashik,FAQ,Yeola,4101,1700,3500,Maharashtra,Other
2015-10-29,Onion,23,Nashik,FAQ,Pimpalgaon,3551,1651,2651,Maharashtra,Pole
2015-10-29,Onion,23,Nagpur,FAQ,Nagpur,3000,1200,2550,Maharashtra,White
2015-10-30,Onion,23,Ahmednagar,FAQ,Parner,2700,900,2000,Maharashtra,Red
2015-10-30,Onion,23,Nashik,FAQ,Yeola,3826,1400,3100,Maharashtra,Other
2015-10-30,Onion,23,Nashik,FAQ,Satana,4365,1800,3250,Maharashtra,Other
2015-10-30,Onion,23,Nashik,FAQ,Pimpalgaon,3981,2100,3601,Maharashtra,Other
2015-10-30,Onion,23,Nashik,FAQ,Pimpalgaon Baswant(Saykheda),2200,500,1451,Maharashtra,Red
2015-10-31,Onion,23,Nashik,FAQ,Nandgaon,1360,1145,1251,Maharashtra,Red
2015-10-31,Onion,23,Nashik,FAQ,Pimpalgaon Baswant(Saykheda),2525,500,1701,Maharashtra,Red
2015-11-01,Onion,23,Ahmednagar,FAQ,Parner,2500,800,1500,Maharashtra,Red
2015-11-01,Onion,23,Pune,FAQ,Indapur,2500,100,1400,Maharashtra,Other
2015-11-01,Onion,23,Ahmednagar,FAQ,Sangamner,4000,1000,2950,Maharashtra,Red
2015-11-02,Onion,23,Chattrapati Sambhajinagar,FAQ,Vaijpur,2500,900,1500,Maharashtra,Red
2015-11-02,Onion,23,Nashik,FAQ,Satana,4390,1750,3150,Maharashtra,Other
2015-11-02,Onion,23,Nashik,FAQ,Nandgaon,2175,700,1775,Maharashtra,Red
2015-11-02,Onion,23,Nashik,FAQ,Yeola,4326,1701,3851,Maharashtra,Other
2015-11-02,Onion,23,Nashik,FAQ,Pimpalgaon Baswant(Saykheda),2612,300,1175,Maharashtra,Red
2015-11-02,Onion,23,Nashik,FAQ,Manmad,2350,1000,1500,Maharashtra,Red
2015-11-02,Onion,23,Chattrapati Sambhajinagar,FAQ,Chattrapati Sambhajinagar,2500,600,1550,Maharashtra,Other
2015-11-03,Onion,23,Ahmednagar,FAQ,Pathardi,2200,1000,1670,Maharashtra,Red
2015-11-03,Onion,23,Nashik,FAQ,Satana,4380,1750,3150,Maharashtra,Other
2015-11-03,Onion,23,Nashik,FAQ,Nandgaon,2250,900,1755,Maharashtra,Red
2015-11-03,Onion,23,Nashik,FAQ,Pimpalgaon Baswant(Saykheda),2200,300,1300,Maharashtra,Red
2015-11-03,Onion,23,Nashik,FAQ,Pimpalgaon Baswant(Saykheda),2500,1000,2100,Maharashtra,Other
2015-11-03,Onion,23,Nashik,FAQ,Pimpalgaon,3300,2600,3240,Maharashtra,Other
2015-11-03,Onion,23,Ahmednagar,FAQ,Rahata,3100,700,2000,Maharashtra,Other
2015-11-04,Onion,23,Nagpur,FAQ,Nagpur,1800,1000,1600,Maharashtra,White
2015-11-04,Onion,23,Chattrapati Sambhajinagar,FAQ,Chattrapati Sambhajinagar,2600,800,1700,Maharashtra,Other
2015-11-04,Onion,23,Ahmednagar,FAQ,Shrirampur,4700,1000,3550,Maharashtra,Other
2015-11-04,Onion,23,Nashik,FAQ,Nandgaon,2280,760,1750,Maharashtra,Red
2015-11-04,Onion,23,Nandurbar,FAQ,Navapur,2000,2000,2000,Maharashtra,Other
2015-11-04,Onion,23,Nashik,FAQ,Sinner,3100,200,1900,Maharashtra,Other
2015-11-04,Onion,23,Ahmednagar,FAQ,Parner,2600,1000,1850,Maharashtra,Red
2015-11-04,Onion,23,Nashik,FAQ,Yeola,4032,1826,3700,Maharashtra,Other
2015-11-05,Onion,23,Chattrapati Sambhajinagar,FAQ,Chattrapati Sambhajinagar,2200,600,1400,Maharashtra,Other
2015-11-05,Onion,23,Pune,FAQ,Baramati,2500,500,1600,Maharashtra,Red
2015-11-05,Onion,23,Ahmednagar,FAQ,Sangamner,3551,1000,2950,Maharashtra,Red
2015-11-06,Onion,23,Nashik,FAQ,Manmad,2360,850,1900,Maharashtra,Red
2015-11-06,Onion,23,Nashik,FAQ,Malegaon,2580,610,1875,Maharashtra,Red
2015-11-06,Onion,23,Pune,FAQ,Indapur,2500,200,1000,Maharashtra,Other
2015-11-06,Onion,23,Nashik,FAQ,Sinner,2811,300,1700,Maharashtra,Other
2015-11-07,Onion,23,Nagpur,FAQ,Nagpur,1800,1000,1600,Maharashtra,White
2015-11-07,Onion,23,Pune,FAQ,Indapur,2750,200,1500,Maharashtra,Other
2015-11-08,Onion,23,Nagpur,FAQ,Nagpur,1800,1200,1650,Maharashtra,White
2015-11-08,Onion,23,Chattrapati Sambhajinagar,FAQ,Chattrapati Sambhajinagar,2200,1000,1600,Maharashtra,Other
2015-11-10,Onion,23,Nagpur,FAQ,Ramtek,3200,3000,3100,Maharashtra,Other
2015-11-14,Onion,23,Nandurbar,FAQ,Navapur,2500,2500,2500,Maharashtra,Other
2015-11-14,Onion,23,Pune,FAQ,Baramati,3000,600,2475,Maharashtra,Red
2015-11-14,Onion,23,Ahmednagar,FAQ,Pathardi,4000,1000,1900,Maharashtra,Red
2015-11-14,Onion,23,Ahmednagar,FAQ,Newasa(Ghodegaon),4000,500,3400,Maharashtra,Red
2015-11-16,Onion,23,Nashik,FAQ,Malegaon,2782,905,2050,Maharashtra,Red
2015-11-16,Onion,23,Nashik,FAQ,Sinner,3501,200,2200,Maharashtra,Other
2015-11-17,Onion,23,Nashik,FAQ,Pimpalgaon Baswant(Saykheda),2501,500,1711,Maharashtra,Red
2015-11-17,Onion,23,Nashik,FAQ,Lasalgaon(Niphad),2291,1182,1848,Maharashtra,Red
2015-11-18,Onion,23,Nashik,FAQ,Manmad,2627,1200,2100,Maharashtra,Red
2015-11-18,Onion,23,Pune,FAQ,Indapur,2500,200,1500,Maharashtra,Other
2015-11-18,Onion,23,Nashik,FAQ,Sinner,3000,200,2300,Maharashtra,Other
2015-11-18,Onion,23,Pune,FAQ,Baramati,4500,600,2300,Maharashtra,Red
2015-11-18,Onion,23,Nashik,FAQ,Malegaon,2700,765,1955,Maharashtra,Red
2015-11-19,Onion,23,Dharashiv(Usmanabad),FAQ,Paranda,3800,300,2000,Maharashtra,Other
2015-11-19,Onion,23,Nagpur,FAQ,Nagpur,2100,1700,2000,Maharashtra,White
2015-11-20,Onion,23,Nashik,FAQ,Yeola,2301,701,1700,Maharashtra,Red
2015-11-20,Onion,23,Nashik,FAQ,Chandvad,2041,800,1650,Maharashtra,Pole
2015-11-21,Onion,23,Ahmednagar,FAQ,Newasa(Ghodegaon),2500,300,1800,Maharashtra,Red
2015-11-21,Onion,23,Nashik,FAQ,Lasalgaon(Niphad),1680,700,1521,Maharashtra,Red
2015-11-21,Onion,23,Pune,FAQ,Baramati,2600,500,1800,Maharashtra,Red
2015-11-21,Onion,23,Dharashiv(Usmanabad),FAQ,Paranda,2600,300,1200,Maharashtra,Other
2015-11-22,Onion,23,Ahmednagar,FAQ,Rahata,2700,600,1900,Maharashtra,Other
2015-11-22,Onion,23,Nagpur,FAQ,Ramtek,3200,3000,3100,Maharashtra,Other
2015-11-23,Onion,23,Nashik,FAQ,Pimpalgaon Baswant(Saykheda),1930,500,1411,Maharashtra,Red
2015-11-23,Onion,23,Nashik,FAQ,Malegaon,2430,500,1725,Maharashtra,Red
2015-11-23,Onion,23,Nashik,FAQ,Sinner,2511,200,1500,Maharashtra,Other
2015-11-24,Onion,23,Dharashiv(Usmanabad),FAQ,Paranda,3000,400,1500,Maharashtra,Other
2015-11-24,Onion,23,Nashik,FAQ,Nasik,1700,400,1000,Maharashtra,Pole
2015-11-24,Onion,23,Nashik,FAQ,Pimpalgaon,2576,500,1711,Maharashtra,Pole
2015-11-24,Onion,23,Ahmednagar,FAQ,Rahata,2500,600,1200,Maharashtra,Other
2015-11-24,Onion,23,Ahmednagar,FAQ,Pathardi,2200,500,1500,Maharashtra,Red
2015-11-25,Onion,23,Ahmednagar,FAQ,Shrirampur,2500,300,1450,Maharashtra,Other
2015-11-25,Onion,23,Nashik,FAQ,Sinner,2611,251,1500,Maharashtra,Other
2015-11-25,Onion,23,Amarawati,FAQ,Amarawati,2400,1400,1900,Maharashtra,White
2015-11-26,Onion,23,Nashik,FAQ,Manmad,2013,900,1600,Maharashtra,Red
2015-11-26,Onion,23,Nashik,FAQ,Chandvad,2270,900,1525,Maharashtra,Pole
2015-11-26,Onion,23,Dharashiv(Usmanabad),FAQ,Paranda,3500,250,2200,Maharashtra,Other
2015-11-26,Onion,23,Nashik,FAQ,Malegaon,2388,650,1675,Maharashtra,Red
2015-11-26,Onion,23,Nashik,FAQ,Nasik,1800,400,1000,Maharashtra,Pole
2015-11-26,Onion,23,Ahmednagar,FAQ,Rahuri(Vambori),2500,200,1400,Maharashtra,Other
2015-11-28,Onion,23,Nashik,FAQ,Pimpalgaon Baswant(Saykheda),1665,401,1291,Maharashtra,Red
2015-11-28,Onion,23,Amarawati,FAQ,Amarawati,2200,1500,1850,Maharashtra,Red
2015-11-28,Onion,23,Nashik,FAQ,Malegaon,2100,600,1431,Maharashtra,Red
2015-11-29,Onion,23,Ahmednagar,FAQ,Parner,2500,500,1700,Maharashtra,Red
2015-11-29,Onion,23,Pune,FAQ,Indapur,2100,50,800,Maharashtra,Other
2015-11-30,Onion,23,Nagpur,FAQ,Nagpur,1700,1200,1575,Maharashtra,White
2015-11-30,Onion,23,Chandrapur,FAQ,Chandrapur(Ganjwad),2000,1000,1500,Maharashtra,Other
2015-11-30,Onion,23,Ahmednagar,FAQ,Newasa(Ghodegaon),2700,300,1800,Maharashtra,Red
2015-11-30,Onion,23,Nashik,FAQ,Pimpalgaon Baswant(Saykheda),1700,400,1300,Maharashtra,Red
2015-11-30,Onion,23,Nashik,FAQ,Yeola,2062,800,1550,Maharashtra,Red
2015-12-01,Onion,23,Nashik,FAQ,Pimpalgaon Baswant(Saykheda),1700,500,1300,Maharashtra,Red
2015-12-01,Onion,23,Nashik,FAQ,Manmad,1334,600,1150,Maharashtra,Red
2015-12-01,Onion,23,Nashik,FAQ,Sinner,1751,500,1400,Maharashtra,Other
2015-12-01,Onion,23,Nashik,FAQ,Malegaon,2005,505,1255,Maharashtra,Red
2015-12-01,Onion,23,Ahmednagar,FAQ,Rahata,2700,600,1900,Maharashtra,Other
2015-12-02,Onion,23,Nashik,FAQ,Nandgaon,1895,700,1410,Maharashtra,Red
2015-12-02,Onion,23,Ahmednagar,FAQ,Newasa(Ghodegaon),2300,200,1500,Maharashtra,Red
2015-12-03,Onion,23,Buldhana,FAQ,Malkapur,1375,950,1200,Maharashtra,Local
2015-12-03,Onion,23,Nagpur,FAQ,Nagpur,1700,1100,1550,Maharashtra,White
2015-12-03,Onion,23,Nandurbar,FAQ,Navapur,1500,1500,1500,Maharashtra,Other
2015-12-03,Onion,23,Nashik,FAQ,Nasik,1600,800,1050,Maharashtra,Pole
2015-12-04,Onion,23,Buldhana,FAQ,Malkapur,1320,700,1200,Maharashtra,Local
2015-12-05,Onion,23,Nashik,FAQ,Pimpalgaon Baswant(Saykheda),1290,300,900,Maharashtra,Red
2015-12-05,Onion,23,Nagpur,FAQ,Nagpur,1700,1100,1550,Maharashtra,White
2015-12-05,Onion,23,Nandurbar,FAQ,Navapur,1600,1500,1577,Maharashtra,Other
2015-12-05,Onion,23,Nashik,FAQ,Chandvad,1535,600,1100,Maharashtra,Pole
2015-12-05,Onion,23,Nashik,FAQ,Lasalgaon(Niphad),1111,500,870,Maharashtra,Red
2015-12-06,Onion,23,Chandrapur,FAQ,Chandrapur(Ganjwad),1800,1000,1400,Maharashtra,Other
2015-12-06,Onion,23,Pune,FAQ,Indapur,1500,100,600,Maharashtra,Other
2015-12-06,Onion,23,Ahmednagar,FAQ,Rahuri,2000,200,1110,Maharashtra,Other
2015-12-06,Onion,23,Chattrapati Sambhajinagar,FAQ,Chattrapati Sambhajinagar,1300,500,900,Maharashtra,Other
2015-12-07,Onion,23,Ahmednagar,FAQ,Newasa(Ghodegaon),2200,200,1500,Maharashtra,Red
2015-12-08,Onion,23,Nashik,FAQ,Pimpalgaon Baswant(Saykheda),1201,400,850,Maharashtra,Red
2015-12-08,Onion,23,Chattrapati Sambhajinagar,FAQ,Chattrapati Sambhajinagar,1400,300,450,Maharashtra,Other
2015-12-09,Onion,23,Ahmednagar,FAQ,Shrirampur,1800,850,1350,Maharashtra,Red
2015-12-09,Onion,23,Nashik,FAQ,Nandgaon,1415,500,1111,Maharashtra,Red
2015-12-09,Onion,23,Nashik,FAQ,Satana,1550,300,1050,Maharashtra,Red
2015-12-10,Onion,23,Dharashiv(Usmanabad),FAQ,Dharashiv,2000,850,1425,Maharashtra,Red
2015-12-10,Onion,23,Nashik,FAQ,Pimpalgaon,1547,400,1011,Maharashtra,Pole
2015-12-10,Onion,23,Nashik,FAQ,Lasalgaon(Niphad),1212,700,1000,Maharashtra,Red
2015-12-10,Onion,23,Nashik,FAQ,Nasik,1350,400,1000,Maharashtra,Pole
2015-12-10,Onion,23,Chandrapur,FAQ,Chandrapur(Ganjwad),2000,1000,1500,Maharashtra,Other
2015-12-10,Onion,23,Nandurbar,FAQ,Navapur,1500,1000,1250,Maharashtra,Other
2015-12-11,Onion,23,Ahmednagar,FAQ,Parner,1700,500,1450,Maharashtra,Red
2015-12-11,Onion,23,Nashik,FAQ,Sinner,1531,100,850,Maharashtra,Other
2015-12-11,Onion,23,Nashik,FAQ,Nasik,1300,200,950,Maharashtra,Pole
2015-12-11,Onion,23,Buldhana,FAQ,Malkapur,1270,700,1050,Maharashtra,Local
2015-12-11,Onion,23,Ahmednagar,FAQ,Rahuri,1800,200,1050,Maharashtra,Other
2015-12-12,Onion,23,Nagpur,FAQ,Nagpur,1600,1100,1475,Maharashtra,White
2015-12-12,Onion,23,Chandrapur,FAQ,Chandrapur(Ganjwad),1800,1000,1400,Maharashtra,Other
2015-12-13,Onion,23,Ahmednagar,FAQ,Rahata,2000,500,1400,Maharashtra,Other
2015-12-13,Onion,23,Nagpur,FAQ,Ramtek,2400,2000,2200,Maharashtra,Other
2015-12-13,Onion,23,Ahmednagar,FAQ,Shrigonda,1751,400,1500,Maharashtra,Other
2015-12-14,Onion,23,Nagpur,FAQ,Nagpur,1800,1100,1625,Maharashtra,White
2015-12-14,Onion,23,Nashik,FAQ,Pimpalgaon,1613,300,1100,Maharashtra,Pole
2015-12-14,Onion,23,Nashik,FAQ,Yeola,1481,700,1125,Maharashtra,Red
2015-12-14,Onion,23,Chandrapur,FAQ,Chandrapur(Ganjwad),1800,1000,1500,Maharashtra,Other
2015-12-14,Onion,23,Nashik,FAQ,Pimpalgaon Baswant(Saykheda),1256,400,950,Maharashtra,Red
2015-12-15,Onion,23,Nashik,FAQ,Pimpalgaon Baswant(Saykheda),1255,350,900,Maharashtra,Red
2015-12-15,Onion,23,Ahmednagar,FAQ,Rahuri,1850,200,1125,Maharashtra,Other
2015-12-15,Onion,23,Nashik,FAQ,Chandvad,1451,500,1000,Maharashtra,Red
2015-12-15,Onion,23,Ahmednagar,FAQ,Shrigonda,1750,200,1000,Maharashtra,Red
2015-12-16,Onion,23,Nashik,FAQ,Chandvad,1261,500,900,Maharashtra,Pole
2015-12-16,Onion,23,Ahmednagar,FAQ,Parner,1800,500,1400,Maharashtra,Red
2015-12-16,Onion,23,Nashik,FAQ,Pimpalgaon Baswant(Saykheda),1200,400,850,Maharashtra,Red
2015-12-16,Onion,23,Amarawati,FAQ,Amarawati,2000,1000,1500,Maharashtra,Red
2015-12-16,Onion,23,Nashik,FAQ,Pimpalgaon,1589,350,901,Maharashtra,Pole
2015-12-16,Onion,23,Nashik,FAQ,Sinner,1400,100,900,Maharashtra,Other
2015-12-17,Onion,23,Chattrapati Sambhajinagar,FAQ,Vaijpur,1850,500,1100,Maharashtra,Red
2015-12-17,Onion,23,Chattrapati Sambhajinagar,FAQ,Chattrapati Sambhajinagar,1500,300,900,Maharashtra,Other
2015-12-18,Onion,23,Dharashiv(Usmanabad),FAQ,Paranda,1700,300,1000,Maharashtra,Other
2015-12-18,Onion,23,Nashik,FAQ,Nasik,1350,700,1100,Maharashtra,Pole
2015-12-18,Onion,23,Nashik,FAQ,Yeola,1326,633,1021,Maharashtra,Red
2015-12-19,Onion,23,Dharashiv(Usmanabad),FAQ,Paranda,1800,150,900,Maharashtra,Other
2015-12-20,Onion,23,Chattrapati Sambhajinagar,FAQ,Chattrapati Sambhajinagar,1600,400,1000,Maharashtra,Other
2015-12-20,Onion,23,Ahmednagar,FAQ,Shrirampur,1800,300,1350,Maharashtra,Red
2015-12-21,Onion,23,Nandurbar,FAQ,Navapur,1400,1400,1400,Maharashtra,Other
2015-12-21,Onion,23,Ahmednagar,FAQ,Newasa(Ghodegaon),1800,200,1400,Maharashtra,Red
2015-12-22,Onion,23,Ahmednagar,FAQ,Shrigonda,1600,200,1300,Maharashtra,Red
2015-12-22,Onion,23,Buldhana,FAQ,Nandura,1600,905,1600,Maharashtra,Other
2015-12-22,Onion,23,Nashik,FAQ,Chandvad,1300,550,1050,Maharashtra,Pole
2015-12-22,Onion,23,Nashik,FAQ,Pimpalgaon,1475,400,911,Maharashtra,Pole
2015-12-22,Onion,23,Amarawati,FAQ,Amarawati,2200,1500,1850,Maharashtra,Red
2015-12-22,Onion,23,Nashik,FAQ,Nasik,1450,725,1150,Maharashtra,Pole
2015-12-22,Onion,23,Nashik,FAQ,Lasalgaon(Niphad),1200,500,1000,Maharashtra,Red
2015-12-22,Onion,23,Nashik,FAQ,Malegaon,1600,700,1075,Maharashtra,Red
2015-12-23,Onion,23,Pune,FAQ,Indapur,1250,100,850,Maharashtra,Other
2015-12-23,Onion,23,Dharashiv(Usmanabad),FAQ,Paranda,1450,200,1000,Maharashtra,Other
2015-12-23,Onion,23,Nashik,FAQ,Nasik,1500,600,1200,Maharashtra,Pole
2015-12-23,Onion,23,Dharashiv(Usmanabad),FAQ,Dharashiv,1400,1300,1350,Maharashtra,Red
2015-12-24,Onion,23,Dharashiv(Usmanabad),FAQ,Dharashiv,1650,800,1225,Maharashtra,Red
2015-12-24,Onion,23,Nashik,FAQ,Nasik,1400,700,1100,Maharashtra,Pole
2015-12-24,Onion,23,Chandrapur,FAQ,Chandrapur(Ganjwad),2000,1200,1600,Maharashtra,Other
2015-12-24,Onion,23,Nashik,FAQ,Lasalgaon(Niphad),1212,600,1051,Maharashtra,Red
2015-12-25,Onion,23,Nashik,FAQ,Nasik,1500,650,1200,Maharashtra,Pole
2015-12-25,Onion,23,Ahmednagar,FAQ,Pathardi,1800,300,1000,Maharashtra,Red
2015-12-27,Onion,23,Nandurbar,FAQ,Navapur,1200,1200,1200,Maharashtra,Other
2015-12-27,Onion,23,Ahmednagar,FAQ,Rahuri,1900,200,1175,Maharashtra,Other
2015-12-27,Onion,23,Chattrapati Sambhajinagar,FAQ,Lasur Station,1725,200,900,Maharashtra,Other
2015-12-27,Onion,23,Pune,FAQ,Indapur,1500,100,810,Maharashtra,Other
2015-12-28,Onion,23,Nashik,FAQ,Nandgaon,1585,700,1325,Maharashtra,Red
2015-12-28,Onion,23,Nashik,FAQ,Malegaon,1501,310,1250,Maharashtra,Red
2015-12-28,Onion,23,Nagpur,FAQ,Nagpur,1900,1200,1725,Maharashtra,White
2015-12-29,Onion,23,Nashik,FAQ,Lasalgaon(Niphad),1451,851,1250,Maharashtra,Red
2015-12-29,Onion,23,Dharashiv(Usmanabad),FAQ,Paranda,1700,100,800,Maharashtra,Other
2015-12-29,Onion,23,Ahmednagar,FAQ,Pathardi,2050,200,1655,Maharashtra,Red
2015-12-30,Onion,23,Nashik,FAQ,Malegaon,1700,400,1275,Maharashtra,Red
2015-12-30,Onion,23,Nashik,FAQ,Manmad,1591,600,1250,Maharashtra,Red
2015-12-30,Onion,23,Nashik,FAQ,Chandvad,1551,600,1360,Maharashtra,Pole
2015-12-30,Onion,23,Nashik,FAQ,Pimpalgaon,1640,500,1200,Maharashtra,Pole
2015-12-31,Onion,23,Nashik,FAQ,Manmad,1556,600,1231,Maharashtra,Red
2015-12-31,Onion,23,Chattrapati Sambhajinagar,FAQ,Chattrapati Sambhajinagar,1800,600,1200,Maharashtra,Other
2015-12-31,Onion,23,Nagpur,FAQ,Nagpur,1800,1200,1650,Maharashtra,White
