Arrival_Date,Commodity,Commodity_Code,District,Grade,Market,Max_Price,Min_Price,Modal_Price,State,Variety
2004-01-01,Rice,3,Nagpur,FAQ,Nagpur,1200,1050,1175,Maharashtra,1009 Kar
2004-01-01,Rice,3,Nagpur,FAQ,Nagpur,900,800,850,Maharashtra,Other
2004-01-02,Rice,3,Sholapur,FAQ,Solapur,1750,800,1200,Maharashtra,Other
2004-01-05,Rice,3,Pune,FAQ,Pune,2200,2000,2100,Maharashtra,1009 Kar
2004-01-07,Rice,3,Nagpur,FAQ,Nagpur,1200,1050,1175,Maharashtra,1009 Kar
2004-01-07,Rice,3,Sholapur,FAQ,Solapur,1750,800,1200,Maharashtra,Other
2004-01-08,Rice,3,Amarawati,FAQ,Achalpur,1250,870,1060,Maharashtra,1009 Kar
2004-01-10,Rice,3,Pune,FAQ,Pune,2000,1825,1907,Maharashtra,1009 Kar
2004-01-12,Rice,3,Gondiya,FAQ,Arjuni,900,800,850,Maharashtra,1009 Kar
2004-01-13,Rice,3,Pune,FAQ,Pune,1750,1600,1675,Maharashtra,1009 Kar
2004-01-13,Rice,3,Gondiya,FAQ,Arjuni,900,800,850,Maharashtra,1009 Kar
2004-01-13,Rice,3,Sholapur,FAQ,Solapur,1750,800,1200,Maharashtra,Other
2004-01-15,Rice,3,Pune,FAQ,Pune,1950,1700,1825,Maharashtra,1009 Kar
2004-01-17,Rice,3,Nagpur,FAQ,Nagpur,900,800,850,Maharashtra,Other
2004-01-18,Rice,3,Gondiya,FAQ,Arjuni,900,800,850,Maharashtra,1009 Kar
2004-01-19,Rice,3,Kolhapur,FAQ,Kolhapur,4000,1400,2700,Maharashtra,Other
2004-01-19,Rice,3,Nagpur,FAQ,Nagpur,1200,1050,1175,Maharashtra,1009 Kar
2004-01-21,Rice,3,Pune,FAQ,Pune,1775,1550,1662,Maharashtra,1009 Kar
2004-01-22,Rice,3,Sangli,FAQ,Sangli,3500,875,2300,Maharashtra,1009 Kar
2004-01-23,Rice,3,Nashik,FAQ,Lasalgaon,920,920,920,Maharashtra,Other
2004-01-23,Rice,3,Sholapur,FAQ,Solapur,1750,800,1200,Maharashtra,Other
2004-01-28,Rice,3,Gondiya,FAQ,Arjuni,900,800,850,Maharashtra,1009 Kar
2004-01-30,Rice,3,Nagpur,FAQ,Nagpur,1200,1050,1175,Maharashtra,1009 Kar
2004-01-30,Rice,3,Kolhapur,FAQ,Kolhapur,4000,1400,2700,Maharashtra,Other
2004-02-02,Rice,3,Pune,FAQ,Pune,1750,1625,1687,Maharashtra,1009 Kar
2004-02-03,Rice,3,Sangli,FAQ,Sangli,3500,850,2400,Maharashtra,Other
2004-02-03,Rice,3,Nagpur,FAQ,Nagpur,1200,1050,1175,Maharashtra,1009 Kar
2004-02-05,Rice,3,Kolhapur,FAQ,Kolhapur,4000,1400,2700,Maharashtra,Other
2004-02-05,Rice,3,Nagpur,FAQ,Nagpur,1200,1050,1175,Maharashtra,1009 Kar
2004-02-06,Rice,3,Nagpur,FAQ,Nagpur,900,800,850,Maharashtra,Other
2004-02-07,Rice,3,Bhandara,FAQ,Tumsar,1100,950,1020,Maharashtra,HMT Sona Best
2004-02-08,Rice,3,Bhandara,FAQ,Tumsar,1100,950,1030,Maharashtra,HMT Sona Best
2004-02-09,Rice,3,Sholapur,FAQ,Solapur,1750,850,1200,Maharashtra,Other
2004-02-10,Rice,3,Nagpur,FAQ,Nagpur,900,800,850,Maharashtra,Other
2004-02-10,Rice,3,Nagpur,FAQ,Nagpur,1200,1050,1175,Maharashtra,1009 Kar
2004-02-10,Rice,3,Kolhapur,FAQ,Kolhapur,4000,1400,2700,Maharashtra,Other
2004-02-11,Rice,3,Nagpur,FAQ,Nagpur,900,800,850,Maharashtra,Other
2004-02-12,Rice,3,Kolhapur,FAQ,Kolhapur,4000,1400,2700,Maharashtra,Other
2004-02-13,Rice,3,Nagpur,FAQ,Nagpur,1200,1050,1175,Maharashtra,1009 Kar
2004-02-13,Rice,3,Pune,FAQ,Pune,1950,1800,1875,Maharashtra,1009 Kar
2004-02-13,Rice,3,Sangli,FAQ,Sangli,3900,850,2400,Maharashtra,1009 Kar
2004-02-14,Rice,3,Pune,FAQ,Pune,1950,1800,1875,Maharashtra,1009 Kar
2004-02-14,Rice,3,Nagpur,FAQ,Nagpur,900,800,850,Maharashtra,Other
2004-02-20,Rice,3,Nanded,FAQ,Bhokar,860,835,845,Maharashtra,1009 Kar
2004-02-20,Rice,3,Sholapur,FAQ,Solapur,1750,800,1250,Maharashtra,Other
2004-02-21,Rice,3,Sholapur,FAQ,Solapur,1750,850,1200,Maharashtra,Other
2004-02-23,Rice,3,Pune,FAQ,Pune,1675,1500,1587,Maharashtra,1009 Kar
2004-02-24,Rice,3,Pune,FAQ,Pune,1675,1500,1587,Maharashtra,1009 Kar
2004-02-24,Rice,3,Nagpur,FAQ,Nagpur,1200,1050,1175,Maharashtra,1009 Kar
2004-02-25,Rice,3,Nagpur,FAQ,Nagpur,900,800,850,Maharashtra,Other
2004-02-26,Rice,3,Sangli,FAQ,Sangli,3900,825,2200,Maharashtra,1009 Kar
2004-02-26,Rice,3,Sholapur,FAQ,Solapur,1750,850,1200,Maharashtra,Other
2004-02-26,Rice,3,Kolhapur,FAQ,Kolhapur,4000,1400,2700,Maharashtra,Other
2004-02-27,Rice,3,Nagpur,FAQ,Nagpur,1200,1050,1175,Maharashtra,1009 Kar
2004-02-28,Rice,3,Pune,FAQ,Pune,1050,950,1000,Maharashtra,1009 Kar
2004-03-01,Rice,3,Sholapur,FAQ,Solapur,1760,800,1200,Maharashtra,Other
2004-03-03,Rice,3,Nagpur,FAQ,Nagpur,900,800,850,Maharashtra,Other
2004-03-04,Rice,3,Nagpur,FAQ,Nagpur,1200,1050,1175,Maharashtra,1009 Kar
2004-03-09,Rice,3,Nagpur,FAQ,Nagpur,900,800,850,Maharashtra,Other
2004-03-10,Rice,3,Sholapur,FAQ,Solapur,1700,850,1200,Maharashtra,Other
2004-03-12,Rice,3,Sangli,FAQ,Sangli,4500,750,2450,Maharashtra,1009 Kar
2004-03-12,Rice,3,Sholapur,FAQ,Solapur,1700,850,1200,Maharashtra,Other
2004-03-13,Rice,3,Pune,FAQ,Pune,1675,1550,1612,Maharashtra,1009 Kar
2004-03-16,Rice,3,Nanded,FAQ,Bhokar,800,755,755,Maharashtra,1009 Kar
2004-03-18,Rice,3,Amarawati,FAQ,Achalpur,1350,875,1112,Maharashtra,1009 Kar
2004-03-19,Rice,3,Nagpur,FAQ,Nagpur,900,800,850,Maharashtra,Other
2004-03-23,Rice,3,Sholapur,FAQ,Solapur,1700,800,1200,Maharashtra,Other
2004-03-23,Rice,3,Pune,FAQ,Pune,1675,1600,1637,Maharashtra,1009 Kar
2004-03-23,Rice,3,Nanded,FAQ,Bhokar,810,801,801,Maharashtra,1009 Kar
2004-03-25,Rice,3,Pune,FAQ,Pune,1950,1600,1775,Maharashtra,1009 Kar
2004-03-25,Rice,3,Bhandara,FAQ,Tumsar,1015,900,980,Maharashtra,HMT Sona Best
2004-03-27,Rice,3,Pune,FAQ,Pune,1950,1650,1800,Maharashtra,1009 Kar
2004-04-05,Rice,3,Sangli,FAQ,Sangli,3500,850,2400,Maharashtra,1009 Kar
2004-04-07,Rice,3,Nagpur,FAQ,Nagpur,900,800,850,Maharashtra,Other
2004-04-09,Rice,3,Sholapur,FAQ,Solapur,1750,850,1200,Maharashtra,Other
2004-04-09,Rice,3,Pune,FAQ,Pune,2000,1650,1850,Maharashtra,1009 Kar
2004-04-12,Rice,3,Pune,FAQ,Pune,1650,1575,1615,Maharashtra,1009 Kar
2004-04-13,Rice,3,Nanded,FAQ,Bhokar,860,860,860,Maharashtra,1009 Kar
2004-04-14,Rice,3,Nanded,FAQ,Bhokar,825,825,825,Maharashtra,1009 Kar
2004-04-15,Rice,3,Amarawati,FAQ,Achalpur,1350,800,1075,Maharashtra,1009 Kar
2004-04-17,Rice,3,Sholapur,FAQ,Solapur,1750,850,1200,Maharashtra,Other
2004-04-21,Rice,3,Nanded,FAQ,Bhokar,875,875,875,Maharashtra,1009 Kar
2004-04-21,Rice,3,Pune,FAQ,Pune,1850,1650,1750,Maharashtra,1009 Kar
2004-04-23,Rice,3,Nanded,FAQ,Bhokar,885,885,885,Maharashtra,1009 Kar
2004-04-23,Rice,3,Kolhapur,FAQ,Kolhapur,4000,1400,2700,Maharashtra,Other
2004-04-23,Rice,3,Sholapur,FAQ,Solapur,1750,850,1200,Maharashtra,Other
2004-04-24,Rice,3,Bhandara,FAQ,Tumsar,1050,850,950,Maharashtra,HMT Sona Best
2004-04-28,Rice,3,Kolhapur,FAQ,Kolhapur,4000,1400,2700,Maharashtra,Other
2004-04-30,Rice,3,Sholapur,FAQ,Solapur,1750,850,1200,Maharashtra,Other
2004-05-04,Rice,3,Nagpur,FAQ,Nagpur,1200,1050,1100,Maharashtra,1009 Kar
2004-05-05,Rice,3,Kolhapur,FAQ,Kolhapur,4000,1400,2700,Maharashtra,Other
2004-05-05,Rice,3,Sangli,FAQ,Sangli,3900,825,2400,Maharashtra,1009 Kar
2004-05-06,Rice,3,Kolhapur,FAQ,Kolhapur,4000,1400,2700,Maharashtra,Other
2004-05-06,Rice,3,Pune,FAQ,Pune,1600,1500,1550,Maharashtra,1009 Kar
2004-05-08,Rice,3,Sangli,FAQ,Sangli,4500,750,2400,Maharashtra,1009 Kar
2004-05-11,Rice,3,Pune,FAQ,Pune,2000,1600,1800,Maharashtra,1009 Kar
2004-05-14,Rice,3,Sangli,FAQ,Sangli,3500,750,2200,Maharashtra,1009 Kar
2004-05-14,Rice,3,Nagpur,FAQ,Nagpur,1200,1050,1100,Maharashtra,Other
2004-05-17,Rice,3,Sholapur,FAQ,Solapur,1700,850,1200,Maharashtra,Other
2004-05-17,Rice,3,Bhandara,FAQ,Tumsar,1125,950,1050,Maharashtra,HMT Sona Best
2004-05-17,Rice,3,Pune,FAQ,Pune,1700,1600,1650,Maharashtra,1009 Kar
2004-05-20,Rice,3,Nagpur,FAQ,Nagpur,1200,1050,1100,Maharashtra,Other
2004-05-23,Rice,3,Bhandara,FAQ,Tumsar,1120,1000,1060,Maharashtra,HMT Sona Best
2004-05-24,Rice,3,Sangli,FAQ,Sangli,3900,850,2400,Maharashtra,1009 Kar
2004-05-24,Rice,3,Nanded,FAQ,Bhokar,1040,1040,1040,Maharashtra,1009 Kar
2004-05-25,Rice,3,Kolhapur,FAQ,Kolhapur,4000,1400,2700,Maharashtra,Other
2004-05-26,Rice,3,Pune,FAQ,Pune,1750,1675,1700,Maharashtra,1009 Kar
2004-05-26,Rice,3,Nanded,FAQ,Bhokar,830,830,830,Maharashtra,1009 Kar
2004-05-27,Rice,3,Nagpur,FAQ,Nagpur,1200,1050,1100,Maharashtra,Other
2004-05-28,Rice,3,Sholapur,FAQ,Solapur,1700,850,1200,Maharashtra,Other
2004-05-28,Rice,3,Amarawati,FAQ,Achalpur,1350,850,1100,Maharashtra,1009 Kar
2004-05-29,Rice,3,Pune,FAQ,Pune,1750,1675,1712,Maharashtra,1009 Kar
2004-05-31,Rice,3,Nagpur,FAQ,Nagpur,1200,1050,1100,Maharashtra,Other
2004-06-02,Rice,3,Sholapur,FAQ,Solapur,1700,850,1200,Maharashtra,Other
2004-06-03,Rice,3,Gondiya,FAQ,Arjuni,900,800,850,Maharashtra,1009 Kar
2004-06-05,Rice,3,Gondiya,FAQ,Arjuni,900,800,850,Maharashtra,1009 Kar
2004-06-06,Rice,3,Nagpur,FAQ,Nagpur,1200,1050,1125,Maharashtra,Other
2004-06-07,Rice,3,Pune,FAQ,Pune,1675,1575,1625,Maharashtra,1009 Kar
2004-06-09,Rice,3,Nashik,FAQ,Lasalgaon,761,761,761,Maharashtra,Other
2004-06-12,Rice,3,Gondiya,FAQ,Arjuni,900,800,850,Maharashtra,1009 Kar
2004-06-14,Rice,3,Nagpur,FAQ,Nagpur,1200,1050,1150,Maharashtra,Other
2004-06-14,Rice,3,Pune,FAQ,Pune,2000,1700,1850,Maharashtra,1009 Kar
2004-06-15,Rice,3,Nagpur,FAQ,Nagpur,1200,1050,1125,Maharashtra,Other
2004-06-16,Rice,3,Gondiya,FAQ,Arjuni,900,800,850,Maharashtra,1009 Kar
2004-06-16,Rice,3,Nanded,FAQ,Bhokar,1060,930,930,Maharashtra,1009 Kar
2004-06-19,Rice,3,Sholapur,FAQ,Solapur,1750,860,1200,Maharashtra,Other
2004-06-20,Rice,3,Nagpur,FAQ,Nagpur,1200,1050,1125,Maharashtra,Other
2004-06-21,Rice,3,Gondiya,FAQ,Arjuni,900,800,850,Maharashtra,1009 Kar
2004-06-21,Rice,3,Kolhapur,FAQ,Kolhapur,4000,1400,2700,Maharashtra,Other
2004-06-21,Rice,3,Nanded,FAQ,Bhokar,1100,881,881,Maharashtra,1009 Kar
2004-06-24,Rice,3,Pune,FAQ,Pune,1950,1500,1925,Maharashtra,1009 Kar
2004-06-24,Rice,3,Sholapur,FAQ,Solapur,1750,860,1200,Maharashtra,Other
2004-06-24,Rice,3,Sangli,FAQ,Sangli,3900,900,2100,Maharashtra,1009 Kar
2004-06-24,Rice,3,Nagpur,FAQ,Nagpur,1200,1050,1125,Maharashtra,Other
2004-06-25,Rice,3,Gadchiroli,FAQ,Gandchiroli,1100,1000,1050,Maharashtra,Other
2004-06-25,Rice,3,Kolhapur,FAQ,Kolhapur,4500,1300,2900,Maharashtra,Other
2004-06-26,Rice,3,Pune,FAQ,Pune,1950,1500,1725,Maharashtra,1009 Kar
2004-06-28,Rice,3,Bhandara,FAQ,Tumsar,1125,1050,1080,Maharashtra,HMT Sona Best
2004-06-29,Rice,3,Sholapur,FAQ,Solapur,1750,850,1200,Maharashtra,Other
2004-07-02,Rice,3,Kolhapur,FAQ,Kolhapur,4000,1300,2650,Maharashtra,Other
2004-07-05,Rice,3,Pune,FAQ,Pune,2000,1700,1850,Maharashtra,1009 Kar
2004-07-06,Rice,3,Gondiya,FAQ,Arjuni,900,800,850,Maharashtra,1009 Kar
2004-07-06,Rice,3,Pune,FAQ,Pune,2000,1700,1850,Maharashtra,1009 Kar
2004-07-07,Rice,3,Gondiya,FAQ,Arjuni,900,800,850,Maharashtra,1009 Kar
2004-07-07,Rice,3,Sholapur,FAQ,Solapur,1700,850,1200,Maharashtra,Other
2004-07-07,Rice,3,Gondiya,FAQ,Arjuni,500,500,500,Maharashtra,Other
2004-07-09,Rice,3,Gondiya,FAQ,Arjuni,900,800,850,Maharashtra,1009 Kar
2004-07-10,Rice,3,Kolhapur,FAQ,Kolhapur,4500,1300,2900,Maharashtra,Other
2004-07-12,Rice,3,Sangli,FAQ,Sangli,4500,850,2400,Maharashtra,1009 Kar
2004-07-12,Rice,3,Pune,FAQ,Pune,1775,1575,1675,Maharashtra,1009 Kar
2004-07-14,Rice,3,Gondiya,FAQ,Arjuni,900,800,850,Maharashtra,1009 Kar
2004-07-15,Rice,3,Sholapur,FAQ,Pandharpur,851,840,846,Maharashtra,1009 Kar
2004-07-15,Rice,3,Gondiya,FAQ,Arjuni,900,800,850,Maharashtra,1009 Kar
2004-07-15,Rice,3,Nagpur,FAQ,Nagpur,1200,1100,1150,Maharashtra,Other
2004-07-17,Rice,3,Sholapur,FAQ,Solapur,1750,850,1200,Maharashtra,Other
2004-07-19,Rice,3,Bhandara,FAQ,Tumsar,1125,1100,1110,Maharashtra,HMT Sona Best
2004-07-21,Rice,3,Sholapur,FAQ,Solapur,1750,860,1200,Maharashtra,Other
2004-07-22,Rice,3,Amarawati,FAQ,Achalpur,1450,900,1175,Maharashtra,1009 Kar
2004-07-22,Rice,3,Kolhapur,FAQ,Kolhapur,4500,1300,2900,Maharashtra,Other
2004-07-22,Rice,3,Gondiya,FAQ,Arjuni,900,800,850,Maharashtra,1009 Kar
2004-07-23,Rice,3,Sangli,FAQ,Sangli,3900,900,2100,Maharashtra,1009 Kar
2004-07-24,Rice,3,Kolhapur,FAQ,Kolhapur,4500,1300,2900,Maharashtra,Other
2004-07-26,Rice,3,Gondiya,FAQ,Arjuni,550,500,500,Maharashtra,Other
2004-07-27,Rice,3,Nagpur,FAQ,Nagpur,1250,1100,1175,Maharashtra,Other
2004-07-27,Rice,3,Kolhapur,FAQ,Kolhapur,4500,1300,2900,Maharashtra,Other
2004-07-28,Rice,3,Bhandara,FAQ,Tumsar,1190,1125,1175,Maharashtra,HMT Sona Best
2004-07-29,Rice,3,Amarawati,FAQ,Achalpur,1400,850,1125,Maharashtra,1009 Kar
2004-07-29,Rice,3,Pune,FAQ,Pune,2000,1500,1750,Maharashtra,1009 Kar
2004-07-30,Rice,3,Nagpur,FAQ,Nagpur,1250,1100,1175,Maharashtra,Other
2004-07-30,Rice,3,Pune,FAQ,Pune,2000,1600,1800,Maharashtra,1009 Kar
2004-08-01,Rice,3,Nagpur,FAQ,Nagpur,1250,1100,1175,Maharashtra,Other
2004-08-02,Rice,3,Nanded,FAQ,Bhokar,920,856,871,Maharashtra,1009 Kar
2004-08-02,Rice,3,Sholapur,FAQ,Solapur,1700,850,1200,Maharashtra,Other
2004-08-03,Rice,3,Kolhapur,FAQ,Kolhapur,4500,1300,2900,Maharashtra,Other
2004-08-04,Rice,3,Pune,FAQ,Pune,2000,1800,1900,Maharashtra,1009 Kar
2004-08-05,Rice,3,Sholapur,FAQ,Solapur,1700,860,1200,Maharashtra,Other
2004-08-08,Rice,3,Gondiya,FAQ,Arjuni,900,800,850,Maharashtra,1009 Kar
2004-08-09,Rice,3,Nagpur,FAQ,Nagpur,1300,1150,1225,Maharashtra,Other
2004-08-09,Rice,3,Gondiya,FAQ,Arjuni,900,800,850,Maharashtra,1009 Kar
2004-08-10,Rice,3,Pune,FAQ,Pune,1700,1600,1650,Maharashtra,1009 Kar
2004-08-11,Rice,3,Pune,FAQ,Pune,1750,1600,1650,Maharashtra,1009 Kar
2004-08-11,Rice,3,Sholapur,FAQ,Solapur,1700,860,1200,Maharashtra,Other
2004-08-12,Rice,3,Gondiya,FAQ,Arjuni,900,800,850,Maharashtra,1009 Kar
2004-08-12,Rice,3,Pune,FAQ,Pune,1750,1600,1700,Maharashtra,1009 Kar
2004-08-13,Rice,3,Nanded,FAQ,Bhokar,901,876,900,Maharashtra,1009 Kar
2004-08-14,Rice,3,Gondiya,FAQ,Arjuni,900,800,850,Maharashtra,1009 Kar
2004-08-16,Rice,3,Kolhapur,FAQ,Kolhapur,4500,1400,2900,Maharashtra,Other
2004-08-16,Rice,3,Mumbai,FAQ,Mumbai,5001,901,2951,Maharashtra,1009 Kar
2004-08-20,Rice,3,Sholapur,FAQ,Solapur,1700,870,1200,Maharashtra,Other
2004-08-21,Rice,3,Mumbai,FAQ,Mumbai,5001,1015,3008,Maharashtra,1009 Kar
2004-08-23,Rice,3,Sholapur,FAQ,Solapur,1700,875,1200,Maharashtra,Other
2004-08-23,Rice,3,Sangli,FAQ,Sangli,3900,875,2100,Maharashtra,1009 Kar
2004-08-24,Rice,3,Sholapur,FAQ,Solapur,1700,875,1200,Maharashtra,Other
2004-08-27,Rice,3,Pune,FAQ,Pune,2100,1650,1900,Maharashtra,1009 Kar
2004-08-27,Rice,3,Sholapur,FAQ,Solapur,1725,900,1200,Maharashtra,Other
2004-08-27,Rice,3,Nanded,FAQ,Bhokar,1173,1151,1151,Maharashtra,1009 Kar
2004-08-28,Rice,3,Nanded,FAQ,Bhokar,891,865,880,Maharashtra,1009 Kar
2004-08-31,Rice,3,Sangli,FAQ,Sangli,3500,750,2100,Maharashtra,1009 Kar
2004-09-02,Rice,3,Gondiya,FAQ,Arjuni,900,800,850,Maharashtra,1009 Kar
2004-09-02,Rice,3,Pune,FAQ,Pune,2200,1800,2000,Maharashtra,1009 Kar
2004-09-02,Rice,3,Sangli,FAQ,Sangli,4500,750,2400,Maharashtra,1009 Kar
2004-09-02,Rice,3,Nashik,FAQ,Satana,1501,1501,1501,Maharashtra,Other
2004-09-06,Rice,3,Nanded,FAQ,Bhokar,1320,1320,1320,Maharashtra,1009 Kar
2004-09-07,Rice,3,Sholapur,FAQ,Solapur,1750,900,1200,Maharashtra,Other
2004-09-07,Rice,3,Nanded,FAQ,Bhokar,1151,881,890,Maharashtra,1009 Kar
2004-09-08,Rice,3,Gondiya,FAQ,Arjuni,900,800,850,Maharashtra,1009 Kar
2004-09-08,Rice,3,Kolhapur,FAQ,Kolhapur,4800,1300,2900,Maharashtra,Other
2004-09-08,Rice,3,Mumbai,FAQ,Mumbai,5001,1000,3000,Maharashtra,1009 Kar
2004-09-08,Rice,3,Sholapur,FAQ,Solapur,1750,875,1200,Maharashtra,Other
2004-09-11,Rice,3,Kolhapur,FAQ,Kolhapur,4800,1300,2900,Maharashtra,Other
2004-09-11,Rice,3,Nanded,FAQ,Bhokar,1161,871,871,Maharashtra,1009 Kar
2004-09-12,Rice,3,Nagpur,FAQ,Nagpur,1300,1150,1225,Maharashtra,Other
2004-09-14,Rice,3,Pune,FAQ,Pune,2200,1900,2050,Maharashtra,1009 Kar
2004-09-14,Rice,3,Sholapur,FAQ,Solapur,1750,900,1200,Maharashtra,Other
2004-09-14,Rice,3,Mumbai,FAQ,Mumbai,5001,1000,3000,Maharashtra,1009 Kar
2004-09-15,Rice,3,Sholapur,FAQ,Solapur,1750,900,1200,Maharashtra,Other
2004-09-15,Rice,3,Kolhapur,FAQ,Kolhapur,4800,1300,2900,Maharashtra,Other
2004-09-16,Rice,3,Pune,FAQ,Pune,2100,1800,1950,Maharashtra,1009 Kar
2004-09-16,Rice,3,Amarawati,FAQ,Achalpur,1450,780,1115,Maharashtra,1009 Kar
2004-09-16,Rice,3,Raigad,FAQ,Panvel,1565,935,1250,Maharashtra,1009 Kar
2004-09-17,Rice,3,Pune,FAQ,Pune,2100,1900,2000,Maharashtra,1009 Kar
2004-09-17,Rice,3,Raigad,FAQ,Panvel,1565,935,1250,Maharashtra,1009 Kar
2004-09-18,Rice,3,Gondiya,FAQ,Arjuni,900,800,850,Maharashtra,1009 Kar
2004-09-19,Rice,3,Gondiya,FAQ,Arjuni,900,800,850,Maharashtra,1009 Kar
2004-09-20,Rice,3,Gondiya,FAQ,Arjuni,900,800,850,Maharashtra,1009 Kar
2004-09-20,Rice,3,Sholapur,FAQ,Solapur,1750,900,1200,Maharashtra,Other
2004-09-21,Rice,3,Nanded,FAQ,Bhokar,1200,1200,1200,Maharashtra,1009 Kar
2004-09-21,Rice,3,Sholapur,FAQ,Solapur,1750,900,1200,Maharashtra,Other
2004-09-21,Rice,3,Mumbai,FAQ,Mumbai,5001,1000,3000,Maharashtra,1009 Kar
2004-09-21,Rice,3,Gondiya,FAQ,Arjuni,900,800,850,Maharashtra,1009 Kar
2004-09-23,Rice,3,Pune,FAQ,Pune,1900,1700,1800,Maharashtra,1009 Kar
2004-09-23,Rice,3,Gondiya,FAQ,Arjuni,900,800,850,Maharashtra,1009 Kar
2004-09-24,Rice,3,Pune,FAQ,Pune,1950,1650,1800,Maharashtra,1009 Kar
2004-09-25,Rice,3,Kolhapur,FAQ,Kolhapur,4800,1300,2900,Maharashtra,Other
2004-09-27,Rice,3,Sholapur,FAQ,Solapur,1750,880,1200,Maharashtra,Other
2004-09-27,Rice,3,Gondiya,FAQ,Arjuni,900,800,850,Maharashtra,1009 Kar
2004-10-01,Rice,3,Nashik,FAQ,Satana,1206,700,1101,Maharashtra,Other
2004-10-01,Rice,3,Sholapur,FAQ,Solapur,1750,900,1200,Maharashtra,Other
2004-10-01,Rice,3,Thane,FAQ,Vasai,1400,1100,1250,Maharashtra,1009 Kar
2004-10-02,Rice,3,Thane,FAQ,Vasai,1400,1100,1250,Maharashtra,1009 Kar
2004-10-02,Rice,3,Kolhapur,FAQ,Kolhapur,4800,1300,2900,Maharashtra,Other
2004-10-02,Rice,3,Nanded,FAQ,Bhokar,1171,925,925,Maharashtra,1009 Kar
2004-10-06,Rice,3,Mumbai,FAQ,Mumbai,5000,1000,3000,Maharashtra,1009 Kar
2004-10-07,Rice,3,Kolhapur,FAQ,Kolhapur,4800,1300,2900,Maharashtra,Other
2004-10-08,Rice,3,Gondiya,FAQ,Arjuni,900,800,850,Maharashtra,1009 Kar
2004-10-08,Rice,3,Sholapur,FAQ,Solapur,1700,900,1200,Maharashtra,Other
2004-10-10,Rice,3,Satara,FAQ,Satara,850,800,825,Maharashtra,1009 Kar
2004-10-11,Rice,3,Kolhapur,FAQ,Kolhapur,4800,1300,2900,Maharashtra,Other
2004-10-12,Rice,3,Pune,FAQ,Pune,2000,1700,1850,Maharashtra,1009 Kar
2004-10-12,Rice,3,Nanded,FAQ,Bhokar,1215,1115,1170,Maharashtra,1009 Kar
2004-10-12,Rice,3,Kolhapur,FAQ,Kolhapur,4800,1300,2900,Maharashtra,Other
2004-10-12,Rice,3,Raigad,FAQ,Panvel,1610,910,1260,Maharashtra,Other
2004-10-14,Rice,3,Bhandara,FAQ,Tumsar,1330,1280,1310,Maharashtra,HMT Sona Best
2004-10-15,Rice,3,Sangli,FAQ,Sangli,3900,700,2300,Maharashtra,1009 Kar
2004-10-15,Rice,3,Kolhapur,FAQ,Kolhapur,4800,1300,2900,Maharashtra,Other
2004-10-17,Rice,3,Bhandara,FAQ,Tumsar,1300,1200,1250,Maharashtra,HMT Sona Best
2004-10-18,Rice,3,Mumbai,FAQ,Mumbai,5001,1000,3000,Maharashtra,1009 Kar
2004-10-19,Rice,3,Mumbai,FAQ,Mumbai,5001,1000,3000,Maharashtra,1009 Kar
2004-10-19,Rice,3,Sangli,FAQ,Sangli,3500,750,2300,Maharashtra,1009 Kar
2004-10-19,Rice,3,Pune,FAQ,Pune,2200,1600,1900,Maharashtra,1009 Kar
2004-10-19,Rice,3,Sholapur,FAQ,Solapur,1700,900,1200,Maharashtra,Other
2004-10-19,Rice,3,Raigad,FAQ,Panvel,1625,915,1270,Maharashtra,1009 Kar
2004-10-20,Rice,3,Sholapur,FAQ,Solapur,1700,900,1200,Maharashtra,Other
2004-10-20,Rice,3,Bhandara,FAQ,Tumsar,1325,1250,1275,Maharashtra,Other
2004-10-20,Rice,3,Mumbai,FAQ,Mumbai,5001,1000,3000,Maharashtra,1009 Kar
2004-10-20,Rice,3,Gondiya,FAQ,Arjuni,900,800,850,Maharashtra,1009 Kar
2004-10-20,Rice,3,Bhandara,FAQ,Tumsar,1325,1250,1275,Maharashtra,HMT Sona Best
2004-10-21,Rice,3,Mumbai,FAQ,Mumbai,5001,1000,3000,Maharashtra,1009 Kar
2004-10-21,Rice,3,Raigad,FAQ,Panvel,1625,915,1270,Maharashtra,1009 Kar
2004-10-21,Rice,3,Kolhapur,FAQ,Kolhapur,4800,1300,2900,Maharashtra,Other
2004-10-23,Rice,3,Kolhapur,FAQ,Kolhapur,4800,1300,2900,Maharashtra,Other
2004-10-23,Rice,3,Bhandara,FAQ,Tumsar,1325,1325,1325,Maharashtra,HMT Sona Best
2004-10-23,Rice,3,Nanded,FAQ,Bhokar,1185,1100,1175,Maharashtra,1009 Kar
2004-10-23,Rice,3,Bhandara,FAQ,Tumsar,1325,1325,1325,Maharashtra,Other
2004-10-25,Rice,3,Bhandara,FAQ,Tumsar,1210,1210,1210,Maharashtra,HMT Sona Best
2004-10-26,Rice,3,Sholapur,FAQ,Solapur,1700,900,1200,Maharashtra,Other
2004-10-26,Rice,3,Kolhapur,FAQ,Kolhapur,4000,1300,2600,Maharashtra,Other
2004-10-27,Rice,3,Kolhapur,FAQ,Kolhapur,2600,1200,1800,Maharashtra,Other
2004-10-27,Rice,3,Sholapur,FAQ,Solapur,1700,900,1200,Maharashtra,Other
2004-10-27,Rice,3,Nanded,FAQ,Bhokar,1140,900,1066,Maharashtra,1009 Kar
2004-10-28,Rice,3,Nagpur,FAQ,Nagpur,1450,1150,1300,Maharashtra,Other
2004-10-28,Rice,3,Bhandara,FAQ,Tumsar,1300,1125,1240,Maharashtra,HMT Sona Best
2004-10-29,Rice,3,Pune,FAQ,Pune,2000,1900,1950,Maharashtra,1009 Kar
2004-10-29,Rice,3,Nagpur,FAQ,Nagpur,1450,1150,1300,Maharashtra,Other
2004-10-29,Rice,3,Kolhapur,FAQ,Kolhapur,2600,1200,1800,Maharashtra,Other
2004-10-30,Rice,3,Bhandara,FAQ,Tumsar,1300,1250,1280,Maharashtra,HMT Sona Best
2004-10-31,Rice,3,Bhandara,FAQ,Tumsar,1360,1190,1250,Maharashtra,HMT Sona Best
2004-10-31,Rice,3,Bhandara,FAQ,Tumsar,1360,1190,1250,Maharashtra,Other
2004-11-01,Rice,3,Nagpur,FAQ,Nagpur,1450,1150,1300,Maharashtra,Other
2004-11-01,Rice,3,Bhandara,FAQ,Tumsar,1275,1200,1245,Maharashtra,HMT Sona Best
2004-11-02,Rice,3,Nagpur,FAQ,Nagpur,1450,1150,1300,Maharashtra,Other
2004-11-02,Rice,3,Thane,FAQ,Vasai,1500,1200,1350,Maharashtra,1009 Kar
2004-11-02,Rice,3,Sangli,FAQ,Sangli,3500,750,2100,Maharashtra,1009 Kar
2004-11-03,Rice,3,Thane,FAQ,Vasai,1500,1200,1350,Maharashtra,1009 Kar
2004-11-04,Rice,3,Sangli,FAQ,Sangli,3500,750,2100,Maharashtra,1009 Kar
2004-11-04,Rice,3,Raigad,FAQ,Panvel,1625,925,1275,Maharashtra,1009 Kar
2004-11-04,Rice,3,Bhandara,FAQ,Tumsar,1280,1220,1250,Maharashtra,HMT Sona Best
2004-11-05,Rice,3,Mumbai,FAQ,Mumbai,5301,1000,3150,Maharashtra,1009 Kar
2004-11-09,Rice,3,Pune,FAQ,Pune,2200,1900,2100,Maharashtra,1009 Kar
2004-11-10,Rice,3,Sholapur,FAQ,Solapur,1750,900,1200,Maharashtra,Other
2004-11-13,Rice,3,Thane,FAQ,Vasai,1500,1200,1350,Maharashtra,1009 Kar
2004-11-13,Rice,3,Mumbai,FAQ,Mumbai,5301,951,3126,Maharashtra,1009 Kar
2004-11-15,Rice,3,Mumbai,FAQ,Mumbai,5301,1000,3150,Maharashtra,1009 Kar
2004-11-17,Rice,3,Sangli,FAQ,Sangli,3500,700,2300,Maharashtra,1009 Kar
2004-11-17,Rice,3,Sholapur,FAQ,Solapur,1750,900,1200,Maharashtra,Other
2004-11-17,Rice,3,Bhandara,FAQ,Tumsar,1210,1210,1210,Maharashtra,Other
2004-11-18,Rice,3,Pune,FAQ,Nira,1451,870,1160,Maharashtra,1009 Kar
2004-11-19,Rice,3,Kolhapur,FAQ,Kolhapur,4000,1500,2800,Maharashtra,Other
2004-11-20,Rice,3,Nashik,FAQ,Kalvan,375,375,375,Maharashtra,1009 Kar
2004-11-20,Rice,3,Nagpur,FAQ,Nagpur,1425,1150,1300,Maharashtra,Other
2004-11-22,Rice,3,Nagpur,FAQ,Nagpur,1425,1150,1300,Maharashtra,Other
2004-11-22,Rice,3,Nashik,FAQ,Kalvan,400,400,400,Maharashtra,1009 Kar
2004-11-22,Rice,3,Bhandara,FAQ,Tumsar,1280,1280,1280,Maharashtra,HMT Sona Best
2004-11-23,Rice,3,Nanded,FAQ,Bhokar,1375,1335,1345,Maharashtra,1009 Kar
2004-11-23,Rice,3,Nagpur,FAQ,Nagpur,1425,1150,1300,Maharashtra,Other
2004-11-23,Rice,3,Gondiya,FAQ,Arjuni,900,800,850,Maharashtra,1009 Kar
2004-11-23,Rice,3,Sholapur,FAQ,Barshi,1421,750,811,Maharashtra,1009 Kar
2004-11-25,Rice,3,Sangli,FAQ,Sangli,3500,750,2400,Maharashtra,1009 Kar
2004-11-25,Rice,3,Bhandara,FAQ,Tumsar,1315,1280,1300,Maharashtra,HMT Sona Best
2004-11-26,Rice,3,Nanded,FAQ,Bhokar,1343,1185,1320,Maharashtra,1009 Kar
2004-11-26,Rice,3,Sangli,FAQ,Sangli,3500,850,2300,Maharashtra,1009 Kar
2004-11-26,Rice,3,Mumbai,FAQ,Mumbai,5101,1000,3050,Maharashtra,1009 Kar
2004-11-26,Rice,3,Gondiya,FAQ,Arjuni,900,800,850,Maharashtra,1009 Kar
2004-11-27,Rice,3,Kolhapur,FAQ,Kolhapur,4000,1400,2800,Maharashtra,Other
2004-11-27,Rice,3,Sangli,FAQ,Sangli,3500,700,2200,Maharashtra,1009 Kar
2004-11-27,Rice,3,Mumbai,FAQ,Mumbai,5101,1000,3050,Maharashtra,1009 Kar
2004-11-30,Rice,3,Gondiya,FAQ,Arjuni,900,800,850,Maharashtra,1009 Kar
2004-12-02,Rice,3,Sholapur,FAQ,Solapur,1750,900,1250,Maharashtra,Other
2004-12-02,Rice,3,Raigad,FAQ,Panvel,1625,925,1275,Maharashtra,1009 Kar
2004-12-02,Rice,3,Bhandara,FAQ,Tumsar,1360,1200,1280,Maharashtra,HMT Sona Best
2004-12-03,Rice,3,Mumbai,FAQ,Mumbai,4501,950,2725,Maharashtra,1009 Kar
2004-12-04,Rice,3,Sholapur,FAQ,Solapur,1750,900,1250,Maharashtra,Other
2004-12-06,Rice,3,Thane,FAQ,Vasai,1381,949,1100,Maharashtra,1009 Kar
2004-12-06,Rice,3,Ahmednagar,FAQ,Akole,1450,1050,1250,Maharashtra,1009 Kar
2004-12-08,Rice,3,Pune,FAQ,Pune,2000,1700,1850,Maharashtra,1009 Kar
2004-12-08,Rice,3,Kolhapur,FAQ,Kolhapur,5500,1500,2800,Maharashtra,Other
2004-12-08,Rice,3,Sholapur,FAQ,Solapur,1700,925,1250,Maharashtra,Other
2004-12-09,Rice,3,Kolhapur,FAQ,Kolhapur,4000,1500,2800,Maharashtra,Other
2004-12-09,Rice,3,Amarawati,FAQ,Achalpur,1525,750,1137,Maharashtra,1009 Kar
2004-12-09,Rice,3,Nagpur,FAQ,Nagpur,1400,1150,1275,Maharashtra,Other
2004-12-09,Rice,3,Satara,FAQ,Satara,4250,1350,1800,Maharashtra,Other
2004-12-10,Rice,3,Raigad,FAQ,Panvel,1625,925,1280,Maharashtra,1009 Kar
2004-12-10,Rice,3,Kolhapur,FAQ,Kolhapur,4000,1500,2800,Maharashtra,Other
2004-12-10,Rice,3,Sholapur,FAQ,Solapur,1725,925,1250,Maharashtra,Other
2004-12-11,Rice,3,Nanded,FAQ,Bhokar,1278,1263,1266,Maharashtra,1009 Kar
2004-12-12,Rice,3,Satara,FAQ,Satara,4200,1300,2750,Maharashtra,Other
2004-12-13,Rice,3,Raigad,FAQ,Panvel,1625,925,1280,Maharashtra,1009 Kar
2004-12-13,Rice,3,Nanded,FAQ,Bhokar,1291,1246,1280,Maharashtra,1009 Kar
2004-12-13,Rice,3,Kolhapur,FAQ,Kolhapur,850,800,825,Maharashtra,1009 Kar
2004-12-13,Rice,3,Kolhapur,FAQ,Kolhapur,4000,1500,2750,Maharashtra,Other
2004-12-13,Rice,3,Nashik,FAQ,Satana,1252,1252,1252,Maharashtra,Other
2004-12-14,Rice,3,Gondiya,FAQ,Arjuni,900,800,850,Maharashtra,1009 Kar
2004-12-14,Rice,3,Pune,FAQ,Pune,2200,1600,1900,Maharashtra,1009 Kar
2004-12-14,Rice,3,Sholapur,FAQ,Solapur,1700,900,1250,Maharashtra,Other
2004-12-15,Rice,3,Nanded,FAQ,Hadgaon,1000,850,900,Maharashtra,1009 Kar
2004-12-16,Rice,3,Nagpur,FAQ,Nagpur,1375,1175,1275,Maharashtra,Other
2004-12-17,Rice,3,Kolhapur,FAQ,Kolhapur,950,850,900,Maharashtra,1009 Kar
2004-12-17,Rice,3,Pune,FAQ,Pune,2100,1900,2000,Maharashtra,1009 Kar
2004-12-17,Rice,3,Sholapur,FAQ,Solapur,1700,900,1250,Maharashtra,Other
2004-12-18,Rice,3,Pune,FAQ,Pune,2100,1900,2000,Maharashtra,1009 Kar
2004-12-20,Rice,3,Kolhapur,FAQ,Kolhapur,5000,1350,2900,Maharashtra,Other
2004-12-20,Rice,3,Mumbai,FAQ,Mumbai,5501,950,3225,Maharashtra,1009 Kar
2004-12-20,Rice,3,Bhandara,FAQ,Tumsar,1245,1175,1210,Maharashtra,HMT Sona Best
2004-12-20,Rice,3,Raigad,FAQ,Panvel,1625,925,1280,Maharashtra,1009 Kar
2004-12-21,Rice,3,Mumbai,FAQ,Mumbai,5501,950,3225,Maharashtra,1009 Kar
2004-12-21,Rice,3,Sholapur,FAQ,Solapur,1700,900,1250,Maharashtra,Other
2004-12-21,Rice,3,Sangli,FAQ,Sangli,3500,850,2300,Maharashtra,1009 Kar
2004-12-22,Rice,3,Kolhapur,FAQ,Kolhapur,5000,1350,3000,Maharashtra,Other
2004-12-22,Rice,3,Sangli,FAQ,Sangli,3500,750,2100,Maharashtra,1009 Kar
2004-12-23,Rice,3,Thane,FAQ,Kalyan,1050,925,988,Maharashtra,Other
2004-12-23,Rice,3,Pune,FAQ,Nira,1325,800,1062,Maharashtra,1009 Kar
2004-12-23,Rice,3,Bhandara,FAQ,Tumsar,1260,1220,1240,Maharashtra,HMT Sona Best
2004-12-24,Rice,3,Raigad,FAQ,Panvel,1625,925,1275,Maharashtra,1009 Kar
2004-12-24,Rice,3,Nagpur,FAQ,Nagpur,1375,1150,1275,Maharashtra,Other
2004-12-25,Rice,3,Nagpur,FAQ,Nagpur,1375,1150,1275,Maharashtra,Other
2004-12-25,Rice,3,Kolhapur,FAQ,Kolhapur,5000,1500,3000,Maharashtra,Other
2004-12-25,Rice,3,Sholapur,FAQ,Solapur,1750,900,1250,Maharashtra,Other
2004-12-26,Rice,3,Gondiya,FAQ,Arjuni,900,800,850,Maharashtra,1009 Kar
2004-12-27,Rice,3,Nagpur,FAQ,Nagpur,1375,1175,1275,Maharashtra,Other
2004-12-27,Rice,3,Yavatmal,FAQ,Digras,800,765,785,Maharashtra,1009 Kar
2004-12-27,Rice,3,Dhule,FAQ,Shirpur,601,601,601,Maharashtra,1009 Kar
2004-12-28,Rice,3,Sangli,FAQ,Sangli,3500,750,2400,Maharashtra,1009 Kar
2004-12-28,Rice,3,Bhandara,FAQ,Bhandara,1200,1130,1195,Maharashtra,Other
2004-12-29,Rice,3,Bhandara,FAQ,Tumsar,1295,1200,1260,Maharashtra,Other
2004-12-30,Rice,3,Pune,FAQ,Nira,1300,900,1100,Maharashtra,1009 Kar
2004-12-31,Rice,3,Nagpur,FAQ,Nagpur,1350,1175,1275,Maharashtra,Other
2005-01-03,Rice,3,Kolhapur,FAQ,Kolhapur,4000,1300,2650,Maharashtra,Other
2005-01-04,Rice,3,Nagpur,FAQ,Nagpur,1350,1175,1250,Maharashtra,Other
2005-01-04,Rice,3,Mumbai,FAQ,Mumbai,4500,900,2700,Maharashtra,1009 Kar
2005-01-05,Rice,3,Bhandara,FAQ,Tumsar,1251,1190,1230,Maharashtra,HMT Sona Best
2005-01-05,Rice,3,Gondiya,FAQ,Arjuni,900,800,850,Maharashtra,1009 Kar
2005-01-05,Rice,3,Pune,FAQ,Pune,2200,2000,2100,Maharashtra,1009 Kar
2005-01-05,Rice,3,Gondiya,FAQ,Arjuni,550,500,500,Maharashtra,Other
2005-01-06,Rice,3,Nagpur,FAQ,Nagpur,1350,1175,1275,Maharashtra,Other
2005-01-07,Rice,3,Nagpur,FAQ,Nagpur,1350,1175,1275,Maharashtra,Other
2005-01-07,Rice,3,Sholapur,FAQ,Solapur,1750,924,1200,Maharashtra,Other
2005-01-08,Rice,3,Nagpur,FAQ,Nagpur,1350,1150,1250,Maharashtra,Other
2005-01-10,Rice,3,Kolhapur,FAQ,Kolhapur,6000,1300,2800,Maharashtra,Other
2005-01-10,Rice,3,Bhandara,FAQ,Tumsar,1245,1100,1210,Maharashtra,HMT Sona Best
2005-01-11,Rice,3,Mumbai,FAQ,Mumbai,5300,900,3100,Maharashtra,1009 Kar
2005-01-11,Rice,3,Gondiya,FAQ,Arjuni,900,800,850,Maharashtra,1009 Kar
2005-01-12,Rice,3,Kolhapur,FAQ,Kolhapur,6000,1300,3600,Maharashtra,Other
2005-01-12,Rice,3,Thane,FAQ,Kalyan,1050,950,1000,Maharashtra,Other
2005-01-12,Rice,3,Nashik,FAQ,Satana,1101,1100,1100,Maharashtra,Other
2005-01-13,Rice,3,Thane,FAQ,Kalyan,1170,980,1075,Maharashtra,Other
2005-01-14,Rice,3,Kolhapur,FAQ,Jaysingpur,1440,1089,1335,Maharashtra,1009 Kar
2005-01-19,Rice,3,Thane,FAQ,Ulhasnagar,1200,1100,1150,Maharashtra,Other
2005-01-19,Rice,3,Thane,FAQ,Vasai,1400,1200,1300,Maharashtra,1009 Kar
2005-01-20,Rice,3,Mumbai,FAQ,Mumbai,5501,950,3225,Maharashtra,1009 Kar
2005-01-20,Rice,3,Kolhapur,FAQ,Kolhapur,5000,1400,2800,Maharashtra,Other
2005-01-20,Rice,3,Amarawati,FAQ,Achalpur,1350,850,1150,Maharashtra,1009 Kar
2005-01-20,Rice,3,Pune,FAQ,Pune,2200,1800,2000,Maharashtra,1009 Kar
2005-01-20,Rice,3,Thane,FAQ,Ulhasnagar,1200,1100,1150,Maharashtra,Other
2005-01-21,Rice,3,Pune,FAQ,Pune,2200,1800,2000,Maharashtra,1009 Kar
2005-01-22,Rice,3,Thane,FAQ,Vasai,1400,1030,1200,Maharashtra,1009 Kar
2005-01-22,Rice,3,Bhandara,FAQ,Tumsar,1235,1180,1210,Maharashtra,HMT Sona Best
2005-01-22,Rice,3,Sholapur,FAQ,Solapur,1725,925,1225,Maharashtra,Other
2005-01-24,Rice,3,Bhandara,FAQ,Tumsar,1290,1185,1255,Maharashtra,HMT Sona Best
2005-01-24,Rice,3,Thane,FAQ,Vasai,1450,1250,1300,Maharashtra,1009 Kar
2005-01-25,Rice,3,Kolhapur,FAQ,Kolhapur,5000,1400,2800,Maharashtra,Other
2005-01-27,Rice,3,Raigad,FAQ,Panvel,1750,1050,1400,Maharashtra,1009 Kar
2005-01-27,Rice,3,Thane,FAQ,Kalyan,1050,950,1000,Maharashtra,Other
2005-01-27,Rice,3,Pune,FAQ,Pune,1000,950,975,Maharashtra,1009 Kar
2005-01-28,Rice,3,Amarawati,FAQ,Achalpur,1550,850,1200,Maharashtra,1009 Kar
2005-01-29,Rice,3,Pune,FAQ,Pune,2200,1800,2000,Maharashtra,1009 Kar
2005-01-29,Rice,3,Sholapur,FAQ,Solapur,1725,950,1225,Maharashtra,Other
2005-01-30,Rice,3,Thane,FAQ,Ulhasnagar,2500,1800,2200,Maharashtra,Other
2005-01-31,Rice,3,Pune,FAQ,Indapur,800,800,800,Maharashtra,1009 Kar
2005-02-01,Rice,3,Pune,FAQ,Pune,1100,1000,1050,Maharashtra,1009 Kar
2005-02-01,Rice,3,Raigad,FAQ,Panvel,1750,1050,1400,Maharashtra,1009 Kar
2005-02-02,Rice,3,Nagpur,FAQ,Nagpur,1350,1175,1250,Maharashtra,Other
2005-02-02,Rice,3,Pune,FAQ,Pune,2200,1800,2000,Maharashtra,1009 Kar
2005-02-02,Rice,3,Thane,FAQ,Vasai,1430,1040,1200,Maharashtra,1009 Kar
2005-02-02,Rice,3,Kolhapur,FAQ,Kolhapur,5500,1300,2800,Maharashtra,Other
2005-02-03,Rice,3,Mumbai,FAQ,Mumbai,5301,900,3100,Maharashtra,1009 Kar
2005-02-03,Rice,3,Kolhapur,FAQ,Kolhapur,5000,1400,2800,Maharashtra,Other
2005-02-04,Rice,3,Mumbai,FAQ,Mumbai,5301,900,3100,Maharashtra,1009 Kar
2005-02-04,Rice,3,Raigad,FAQ,Panvel,1750,1050,1400,Maharashtra,1009 Kar
2005-02-04,Rice,3,Sangli,FAQ,Sangli,4500,850,2400,Maharashtra,1009 Kar
2005-02-04,Rice,3,Kolhapur,FAQ,Kolhapur,5000,1400,2800,Maharashtra,Other
2005-02-05,Rice,3,Sangli,FAQ,Sangli,3500,700,2400,Maharashtra,1009 Kar
2005-02-05,Rice,3,Nagpur,FAQ,Nagpur,1350,1175,1250,Maharashtra,1009 Kar
2005-02-07,Rice,3,Nagpur,FAQ,Nagpur,1350,1175,1250,Maharashtra,Other
2005-02-07,Rice,3,Bhandara,FAQ,Tumsar,1200,1105,1150,Maharashtra,HMT Sona Best
2005-02-08,Rice,3,Mumbai,FAQ,Mumbai,5301,900,3100,Maharashtra,1009 Kar
2005-02-09,Rice,3,Bhandara,FAQ,Tumsar,1321,1190,1280,Maharashtra,HMT Sona Best
2005-02-09,Rice,3,Mumbai,FAQ,Mumbai,5300,900,3100,Maharashtra,1009 Kar
2005-02-09,Rice,3,Kolhapur,FAQ,Kolhapur,5000,1400,2800,Maharashtra,Other
2005-02-10,Rice,3,Sholapur,FAQ,Solapur,1725,950,1225,Maharashtra,Other
2005-02-10,Rice,3,Kolhapur,FAQ,Kolhapur,5000,1400,2800,Maharashtra,Other
2005-02-11,Rice,3,Sholapur,FAQ,Solapur,1725,950,1200,Maharashtra,Other
2005-02-11,Rice,3,Kolhapur,FAQ,Kolhapur,5000,1400,2800,Maharashtra,Other
2005-02-12,Rice,3,Ahmednagar,FAQ,Rahuri,790,790,790,Maharashtra,1009 Kar
2005-02-12,Rice,3,Thane,FAQ,Ulhasnagar,2400,1600,2100,Maharashtra,Other
2005-02-14,Rice,3,Sangli,FAQ,Sangli,3500,750,2300,Maharashtra,1009 Kar
2005-02-14,Rice,3,Kolhapur,FAQ,Kolhapur,5000,1400,3200,Maharashtra,Other
2005-02-14,Rice,3,Bhandara,FAQ,Tumsar,1250,1210,1235,Maharashtra,HMT Sona Best
2005-02-15,Rice,3,Kolhapur,FAQ,Kolhapur,5000,1400,3200,Maharashtra,Other
2005-02-15,Rice,3,Nagpur,FAQ,Nagpur,1325,1200,1250,Maharashtra,Other
2005-02-16,Rice,3,Kolhapur,FAQ,Kolhapur,5000,1400,2800,Maharashtra,Other
2005-02-16,Rice,3,Raigad,FAQ,Alibagh,1250,1000,1125,Maharashtra,Other
2005-02-16,Rice,3,Sholapur,FAQ,Solapur,1725,950,1200,Maharashtra,Other
2005-02-17,Rice,3,Ahmednagar,FAQ,Karjat,1480,940,1200,Maharashtra,1009 Kar
2005-02-17,Rice,3,Pune,FAQ,Pune,2200,1800,2000,Maharashtra,1009 Kar
2005-02-17,Rice,3,Mumbai,FAQ,Mumbai,5301,900,3100,Maharashtra,1009 Kar
2005-02-17,Rice,3,Sangli,FAQ,Sangli,3500,750,2400,Maharashtra,1009 Kar
2005-02-18,Rice,3,Raigad,FAQ,Alibagh,1250,1000,1125,Maharashtra,Other
2005-02-23,Rice,3,Mumbai,FAQ,Mumbai,5301,1000,3150,Maharashtra,1009 Kar
2005-02-23,Rice,3,Thane,FAQ,Kalyan,1050,980,1015,Maharashtra,Other
2005-02-23,Rice,3,Raigad,FAQ,Alibagh,1250,1000,1125,Maharashtra,Other
2005-02-24,Rice,3,Kolhapur,FAQ,Kolhapur,5000,1400,3200,Maharashtra,Other
2005-02-24,Rice,3,Bhandara,FAQ,Tumsar,1322,1150,1250,Maharashtra,Other
2005-02-25,Rice,3,Thane,FAQ,Kalyan,1125,980,1053,Maharashtra,Other
2005-02-28,Rice,3,Thane,FAQ,Kalyan,1125,980,1053,Maharashtra,Other
2005-02-28,Rice,3,Nagpur,FAQ,Nagpur,1350,1175,1250,Maharashtra,Other
2005-03-01,Rice,3,Pune,FAQ,Pune,2200,1800,2000,Maharashtra,1009 Kar
2005-03-01,Rice,3,Sholapur,FAQ,Solapur,1725,950,1225,Maharashtra,Other
2005-03-02,Rice,3,Thane,FAQ,Kalyan,1125,980,1052,Maharashtra,Other
2005-03-02,Rice,3,Gondiya,FAQ,Arjuni,900,800,850,Maharashtra,1009 Kar
2005-03-03,Rice,3,Kolhapur,FAQ,Kolhapur,5000,1400,3200,Maharashtra,Other
2005-03-03,Rice,3,Nagpur,FAQ,Nagpur,1350,1200,1275,Maharashtra,Other
2005-03-04,Rice,3,Nagpur,FAQ,Nagpur,1350,1175,1250,Maharashtra,Other
2005-03-04,Rice,3,Raigad,FAQ,Alibagh,1250,1000,1125,Maharashtra,Other
2005-03-05,Rice,3,Sholapur,FAQ,Solapur,1700,950,1200,Maharashtra,Other
2005-03-07,Rice,3,Mumbai,FAQ,Mumbai,5301,1000,3150,Maharashtra,1009 Kar
2005-03-07,Rice,3,Bhandara,FAQ,Tumsar,1270,1100,1240,Maharashtra,HMT Sona Best
2005-03-08,Rice,3,Gondiya,FAQ,Arjuni,900,800,850,Maharashtra,1009 Kar
2005-03-09,Rice,3,Mumbai,FAQ,Mumbai,5301,1000,3150,Maharashtra,1009 Kar
2005-03-09,Rice,3,Kolhapur,FAQ,Kolhapur,5000,1400,3200,Maharashtra,Other
2005-03-10,Rice,3,Raigad,FAQ,Alibagh,1000,900,950,Maharashtra,1009 Kar
2005-03-11,Rice,3,Nagpur,FAQ,Nagpur,1350,1175,1250,Maharashtra,Other
2005-03-11,Rice,3,Sangli,FAQ,Sangli,4500,800,2400,Maharashtra,1009 Kar
2005-03-11,Rice,3,Sholapur,FAQ,Solapur,1700,900,1200,Maharashtra,Other
2005-03-11,Rice,3,Raigad,FAQ,Alibagh,1500,1300,1400,Maharashtra,Other
2005-03-13,Rice,3,Thane,FAQ,Vasai,1465,1045,1200,Maharashtra,1009 Kar
2005-03-14,Rice,3,Kolhapur,FAQ,Kolhapur,5000,1400,2800,Maharashtra,Other
2005-03-14,Rice,3,Raigad,FAQ,Alibagh,1000,900,950,Maharashtra,1009 Kar
2005-03-14,Rice,3,Raigad,FAQ,Alibagh,1500,1300,1400,Maharashtra,Other
2005-03-15,Rice,3,Sholapur,FAQ,Solapur,1725,950,1200,Maharashtra,Other
2005-03-15,Rice,3,Nagpur,FAQ,Nagpur,1350,1175,1250,Maharashtra,Other
2005-03-16,Rice,3,Sangli,FAQ,Sangli,3500,850,2200,Maharashtra,1009 Kar
2005-03-16,Rice,3,Thane,FAQ,Vasai,1411,1162,1200,Maharashtra,1009 Kar
2005-03-18,Rice,3,Sholapur,FAQ,Solapur,1700,900,1200,Maharashtra,Other
2005-03-18,Rice,3,Thane,FAQ,Vasai,1551,1041,1500,Maharashtra,1009 Kar
2005-03-19,Rice,3,Thane,FAQ,Vasai,1500,910,1400,Maharashtra,1009 Kar
2005-03-19,Rice,3,Ahmednagar,FAQ,Karjat,1400,950,1278,Maharashtra,1009 Kar
2005-03-20,Rice,3,Bhandara,FAQ,Tumsar,1280,1120,1260,Maharashtra,HMT Sona Best
2005-03-21,Rice,3,Nagpur,FAQ,Nagpur,1350,1175,1250,Maharashtra,Other
2005-03-21,Rice,3,Raigad,FAQ,Alibagh,1000,900,950,Maharashtra,1009 Kar
2005-03-21,Rice,3,Kolhapur,FAQ,Kolhapur,4500,1350,2800,Maharashtra,Other
2005-03-22,Rice,3,Raigad,FAQ,Alibagh,1500,1300,1400,Maharashtra,Other
2005-03-22,Rice,3,Thane,FAQ,Kalyan,1050,970,1010,Maharashtra,Other
2005-03-22,Rice,3,Ahmednagar,FAQ,Karjat,1350,950,1175,Maharashtra,1009 Kar
2005-03-22,Rice,3,Raigad,FAQ,Alibagh,1000,900,950,Maharashtra,1009 Kar
2005-03-24,Rice,3,Raigad,FAQ,Panvel,1575,1035,1305,Maharashtra,1009 Kar
2005-03-24,Rice,3,Bhandara,FAQ,Tumsar,1290,1135,1210,Maharashtra,HMT Sona Best
2005-03-24,Rice,3,Ahmednagar,FAQ,Karjat,1450,1100,1385,Maharashtra,1009 Kar
2005-03-28,Rice,3,Raigad,FAQ,Alibagh,1500,1300,1400,Maharashtra,Other
2005-03-28,Rice,3,Kolhapur,FAQ,Kolhapur,5200,1400,3400,Maharashtra,Other
2005-03-28,Rice,3,Pune,FAQ,Pune,2100,1800,1950,Maharashtra,1009 Kar
2005-03-28,Rice,3,Thane,FAQ,Vasai,1400,1035,1200,Maharashtra,1009 Kar
2005-03-28,Rice,3,Nagpur,FAQ,Nagpur,1350,1175,1250,Maharashtra,Other
2005-03-29,Rice,3,Thane,FAQ,Vasai,1525,1125,1300,Maharashtra,1009 Kar
2005-03-29,Rice,3,Raigad,FAQ,Panvel,1575,1035,1305,Maharashtra,1009 Kar
2005-03-29,Rice,3,Sangli,FAQ,Sangli,3500,825,2300,Maharashtra,1009 Kar
2005-03-29,Rice,3,Raigad,FAQ,Alibagh,1000,900,950,Maharashtra,1009 Kar
2005-03-30,Rice,3,Ahmednagar,FAQ,Karjat,1450,1050,1250,Maharashtra,1009 Kar
2005-03-30,Rice,3,Nagpur,FAQ,Nagpur,1350,1175,1250,Maharashtra,Other
2005-03-31,Rice,3,Raigad,FAQ,Panvel,1575,1035,1305,Maharashtra,1009 Kar
2005-04-01,Rice,3,Thane,FAQ,Bhivandi,1050,1025,1025,Maharashtra,1009 Kar
2005-04-03,Rice,3,Pune,FAQ,Pune,2200,1900,2050,Maharashtra,1009 Kar
2005-04-04,Rice,3,Mumbai,FAQ,Mumbai,5301,950,3125,Maharashtra,1009 Kar
2005-04-04,Rice,3,Thane,FAQ,Kalyan,1050,980,1015,Maharashtra,Other
2005-04-04,Rice,3,Sholapur,FAQ,Solapur,1700,850,1200,Maharashtra,Other
2005-04-06,Rice,3,Nagpur,FAQ,Nagpur,1350,1175,1250,Maharashtra,Other
2005-04-06,Rice,3,Raigad,FAQ,Alibagh,1500,1300,1400,Maharashtra,Other
2005-04-07,Rice,3,Ahmednagar,FAQ,Karjat,1250,950,1140,Maharashtra,1009 Kar
2005-04-08,Rice,3,Mumbai,FAQ,Mumbai,5301,1000,3150,Maharashtra,1009 Kar
2005-04-08,Rice,3,Raigad,FAQ,Alibagh,1500,1300,1400,Maharashtra,Other
2005-04-08,Rice,3,Thane,FAQ,Bhivandi,1050,1025,1025,Maharashtra,1009 Kar
2005-04-09,Rice,3,Nagpur,FAQ,Nagpur,1350,1175,1250,Maharashtra,Other
2005-04-09,Rice,3,Thane,FAQ,Vasai,1441,1021,1300,Maharashtra,1009 Kar
2005-04-09,Rice,3,Pune,FAQ,Pune,2400,2000,2200,Maharashtra,1009 Kar
2005-04-11,Rice,3,Mumbai,FAQ,Mumbai,5301,1000,3150,Maharashtra,1009 Kar
2005-04-11,Rice,3,Pune,FAQ,Pune,2100,1900,2000,Maharashtra,1009 Kar
2005-04-11,Rice,3,Bhandara,FAQ,Tumsar,1290,1200,1245,Maharashtra,HMT Sona Best
2005-04-12,Rice,3,Sangli,FAQ,Sangli,4000,800,2500,Maharashtra,1009 Kar
2005-04-12,Rice,3,Raigad,FAQ,Alibagh,1500,1300,1400,Maharashtra,Other
2005-04-13,Rice,3,Sholapur,FAQ,Solapur,1700,850,1200,Maharashtra,Other
2005-04-13,Rice,3,Nagpur,FAQ,Nagpur,1350,1175,1250,Maharashtra,Other
2005-04-15,Rice,3,Sholapur,FAQ,Solapur,1700,850,1200,Maharashtra,Other
2005-04-16,Rice,3,Kolhapur,FAQ,Kolhapur,5000,1400,2800,Maharashtra,Other
2005-04-18,Rice,3,Nanded,FAQ,Bhokar,850,850,850,Maharashtra,1009 Kar
2005-04-20,Rice,3,Pune,FAQ,Pune,2100,1800,1950,Maharashtra,1009 Kar
2005-04-20,Rice,3,Ahmednagar,FAQ,Karjat,1100,900,1075,Maharashtra,1009 Kar
2005-04-20,Rice,3,Kolhapur,FAQ,Kolhapur,5000,1400,3200,Maharashtra,Other
2005-04-20,Rice,3,Bhandara,FAQ,Tumsar,1250,1200,1225,Maharashtra,HMT Sona Best
2005-04-21,Rice,3,Thane,FAQ,Vasai,1300,955,1200,Maharashtra,1009 Kar
2005-04-21,Rice,3,Nagpur,FAQ,Nagpur,1400,1175,1300,Maharashtra,Other
2005-04-21,Rice,3,Sholapur,FAQ,Solapur,1725,850,1200,Maharashtra,Other
2005-04-21,Rice,3,Pune,FAQ,Pune,2200,1800,2000,Maharashtra,1009 Kar
2005-04-21,Rice,3,Raigad,FAQ,Alibagh,1000,850,900,Maharashtra,1009 Kar
2005-04-22,Rice,3,Raigad,FAQ,Alibagh,1700,1500,1600,Maharashtra,Other
2005-04-23,Rice,3,Kolhapur,FAQ,Kolhapur,5000,1400,2800,Maharashtra,Other
2005-04-23,Rice,3,Mumbai,FAQ,Mumbai,5301,1000,3150,Maharashtra,1009 Kar
2005-04-25,Rice,3,Bhandara,FAQ,Tumsar,1260,1150,1205,Maharashtra,HMT Sona Best
2005-04-25,Rice,3,Sangli,FAQ,Sangli,3500,700,2400,Maharashtra,1009 Kar
2005-04-25,Rice,3,Raigad,FAQ,Alibagh,1000,850,900,Maharashtra,1009 Kar
2005-04-26,Rice,3,Kolhapur,FAQ,Kolhapur,5000,1400,3200,Maharashtra,Other
2005-04-27,Rice,3,Kolhapur,FAQ,Kolhapur,5000,1400,3200,Maharashtra,Other
2005-04-27,Rice,3,Gondiya,FAQ,Arjuni,830,830,830,Maharashtra,1009 Kar
2005-04-27,Rice,3,Mumbai,FAQ,Mumbai,5301,1000,3150,Maharashtra,1009 Kar
2005-04-28,Rice,3,Raigad,FAQ,Alibagh,1000,850,900,Maharashtra,1009 Kar
2005-04-28,Rice,3,Pune,FAQ,Pune,2200,1800,2000,Maharashtra,1009 Kar
2005-04-28,Rice,3,Sholapur,FAQ,Solapur,1725,850,1225,Maharashtra,Other
2005-04-28,Rice,3,Nagpur,FAQ,Nagpur,1400,1175,1300,Maharashtra,Other
2005-04-28,Rice,3,Kolhapur,FAQ,Kolhapur,5000,1500,3250,Maharashtra,Other
2005-04-29,Rice,3,Sangli,FAQ,Sangli,3500,750,2400,Maharashtra,1009 Kar
2005-05-02,Rice,3,Sholapur,FAQ,Solapur,1700,850,1225,Maharashtra,Other
2005-05-02,Rice,3,Ahmednagar,FAQ,Karjat,1350,950,1240,Maharashtra,1009 Kar
2005-05-02,Rice,3,Kolhapur,FAQ,Kolhapur,5000,1600,2800,Maharashtra,Other
2005-05-04,Rice,3,Pune,FAQ,Pune,2300,1950,2125,Maharashtra,1009 Kar
2005-05-05,Rice,3,Satara,FAQ,Satara,850,800,825,Maharashtra,Other
2005-05-05,Rice,3,Raigad,FAQ,Alibagh,1000,850,900,Maharashtra,1009 Kar
2005-05-05,Rice,3,Raigad,FAQ,Panvel,1555,1035,1295,Maharashtra,1009 Kar
2005-05-07,Rice,3,Raigad,FAQ,Alibagh,1000,850,900,Maharashtra,1009 Kar
2005-05-08,Rice,3,Bhandara,FAQ,Tumsar,1350,1200,1290,Maharashtra,Other
2005-05-08,Rice,3,Bhandara,FAQ,Tumsar,1350,1200,1290,Maharashtra,HMT Sona Best
2005-05-08,Rice,3,Satara,FAQ,Satara,850,800,825,Maharashtra,Other
2005-05-09,Rice,3,Thane,FAQ,Vasai,1425,1070,1400,Maharashtra,1009 Kar
2005-05-10,Rice,3,Pune,FAQ,Pune,3600,1100,2350,Maharashtra,1009 Kar
2005-05-10,Rice,3,Thane,FAQ,Vasai,1571,1235,1500,Maharashtra,1009 Kar
2005-05-11,Rice,3,Nagpur,FAQ,Nagpur,1450,1200,1325,Maharashtra,Other
2005-05-11,Rice,3,Ahmednagar,FAQ,Karjat,1500,1000,1250,Maharashtra,1009 Kar
2005-05-12,Rice,3,Gondiya,FAQ,Arjuni,830,830,830,Maharashtra,1009 Kar
2005-05-12,Rice,3,Mumbai,FAQ,Mumbai,5301,951,3125,Maharashtra,1009 Kar
2005-05-13,Rice,3,Mumbai,FAQ,Mumbai,5301,951,3125,Maharashtra,1009 Kar
2005-05-13,Rice,3,Thane,FAQ,Kalyan,1100,950,1025,Maharashtra,Other
2005-05-13,Rice,3,Nanded,FAQ,Bhokar,805,805,805,Maharashtra,1009 Kar
2005-05-14,Rice,3,Sholapur,FAQ,Solapur,1725,850,1200,Maharashtra,Other
2005-05-14,Rice,3,Thane,FAQ,Vasai,1490,1160,1400,Maharashtra,1009 Kar
2005-05-15,Rice,3,Gondiya,FAQ,Arjuni,850,850,850,Maharashtra,1009 Kar
2005-05-16,Rice,3,Kolhapur,FAQ,Kolhapur,5500,1400,3800,Maharashtra,Other
2005-05-16,Rice,3,Sangli,FAQ,Sangli,3500,750,2100,Maharashtra,1009 Kar
2005-05-16,Rice,3,Nanded,FAQ,Bhokar,950,851,881,Maharashtra,1009 Kar
2005-05-17,Rice,3,Vashim,FAQ,Mangrulpeer,930,930,930,Maharashtra,1009 Kar
2005-05-17,Rice,3,Thane,FAQ,Kalyan,1100,950,1000,Maharashtra,Other
2005-05-17,Rice,3,Nanded,FAQ,Bhokar,945,850,850,Maharashtra,1009 Kar
2005-05-18,Rice,3,Nagpur,FAQ,Nagpur,1475,1200,1325,Maharashtra,Other
2005-05-18,Rice,3,Kolhapur,FAQ,Kolhapur,6000,1400,3900,Maharashtra,Other
2005-05-20,Rice,3,Nanded,FAQ,Bhokar,840,840,840,Maharashtra,1009 Kar
2005-05-20,Rice,3,Thane,FAQ,Bhivandi,1050,1025,1035,Maharashtra,1009 Kar
2005-05-21,Rice,3,Bhandara,FAQ,Tumsar,1350,1250,1300,Maharashtra,HMT Sona Best
2005-05-22,Rice,3,Thane,FAQ,Vasai,1325,1045,1300,Maharashtra,1009 Kar
2005-05-25,Rice,3,Bhandara,FAQ,Tumsar,950,850,900,Maharashtra,HMT Sona Best
2005-05-26,Rice,3,Pune,FAQ,Pune,4800,850,2825,Maharashtra,1009 Kar
2005-05-26,Rice,3,Sholapur,FAQ,Solapur,1725,850,1200,Maharashtra,Other
2005-05-27,Rice,3,Kolhapur,FAQ,Kolhapur,2800,1600,2300,Maharashtra,Other
2005-05-27,Rice,3,Thane,FAQ,Kalyan,1050,980,1015,Maharashtra,Other
2005-05-27,Rice,3,Sangli,FAQ,Sangli,3500,700,2400,Maharashtra,1009 Kar
2005-05-27,Rice,3,Sholapur,FAQ,Solapur,1725,850,1200,Maharashtra,Other
2005-05-27,Rice,3,Pune,FAQ,Pune,5000,875,2937,Maharashtra,1009 Kar
2005-05-28,Rice,3,Bhandara,FAQ,Tumsar,1340,1150,1250,Maharashtra,HMT Sona Best
2005-05-30,Rice,3,Sholapur,FAQ,Solapur,1725,850,1200,Maharashtra,Other
2005-05-30,Rice,3,Gondiya,FAQ,Arjuni,830,830,830,Maharashtra,1009 Kar
2005-06-01,Rice,3,Gondiya,FAQ,Arjuni,830,830,830,Maharashtra,1009 Kar
2005-06-01,Rice,3,Sholapur,FAQ,Solapur,1750,850,1200,Maharashtra,Other
2005-06-01,Rice,3,Kolhapur,FAQ,Kolhapur,4000,1500,3000,Maharashtra,Other
2005-06-01,Rice,3,Thane,FAQ,Vasai,1315,1001,1300,Maharashtra,1009 Kar
2005-06-01,Rice,3,Raigad,FAQ,Alibagh,1000,850,900,Maharashtra,1009 Kar
2005-06-01,Rice,3,Bhandara,FAQ,Tumsar,1350,1150,1250,Maharashtra,HMT Sona Best
2005-06-02,Rice,3,Nagpur,FAQ,Nagpur,1000,875,925,Maharashtra,Other
2005-06-02,Rice,3,Ahmednagar,FAQ,Karjat,1300,950,1200,Maharashtra,1009 Kar
2005-06-02,Rice,3,Satara,FAQ,Satara,900,875,890,Maharashtra,Other
2005-06-02,Rice,3,Raigad,FAQ,Panvel,1550,1020,1285,Maharashtra,1009 Kar
2005-06-02,Rice,3,Thane,FAQ,Bhivandi,1450,1200,1325,Maharashtra,1009 Kar
2005-06-02,Rice,3,Pune,FAQ,Nira,1625,651,1138,Maharashtra,1009 Kar
2005-06-03,Rice,3,Sholapur,FAQ,Solapur,1750,850,1225,Maharashtra,Other
2005-06-04,Rice,3,Nagpur,FAQ,Nagpur,1600,1375,1500,Maharashtra,Other
2005-06-04,Rice,3,Gondiya,FAQ,Arjuni,850,850,850,Maharashtra,1009 Kar
2005-06-05,Rice,3,Bhandara,FAQ,Tumsar,1350,1270,1310,Maharashtra,Other
2005-06-05,Rice,3,Thane,FAQ,Vasai,1475,1040,1400,Maharashtra,1009 Kar
2005-06-06,Rice,3,Thane,FAQ,Vasai,1591,1040,1500,Maharashtra,1009 Kar
2005-06-07,Rice,3,Nanded,FAQ,Bhokar,825,820,820,Maharashtra,1009 Kar
2005-06-07,Rice,3,Raigad,FAQ,Alibagh,1700,1500,1600,Maharashtra,Other
2005-06-07,Rice,3,Ahmednagar,FAQ,Karjat,1400,950,1140,Maharashtra,1009 Kar
2005-06-08,Rice,3,Sholapur,FAQ,Solapur,1750,850,1225,Maharashtra,Other
2005-06-09,Rice,3,Bhandara,FAQ,Tumsar,1250,1021,1135,Maharashtra,Other
2005-06-09,Rice,3,Raigad,FAQ,Panvel,1565,1025,1295,Maharashtra,1009 Kar
2005-06-09,Rice,3,Thane,FAQ,Vasai,1441,1040,1400,Maharashtra,1009 Kar
2005-06-09,Rice,3,Gondiya,FAQ,Arjuni,830,830,830,Maharashtra,1009 Kar
2005-06-11,Rice,3,Thane,FAQ,Kalyan,1050,980,1015,Maharashtra,Other
2005-06-11,Rice,3,Mumbai,FAQ,Mumbai,5801,1000,3400,Maharashtra,1009 Kar
2005-06-12,Rice,3,Bhandara,FAQ,Tumsar,1350,1100,1225,Maharashtra,HMT Sona Best
2005-06-13,Rice,3,Gondiya,FAQ,Arjuni,830,830,830,Maharashtra,1009 Kar
2005-06-13,Rice,3,Pune,FAQ,Nira,1400,900,1150,Maharashtra,1009 Kar
2005-06-13,Rice,3,Nagpur,FAQ,Nagpur,1600,1375,1500,Maharashtra,Other
2005-06-13,Rice,3,Bhandara,FAQ,Tumsar,1450,1450,1450,Maharashtra,Other
2005-06-14,Rice,3,Sangli,FAQ,Sangli,3500,750,2100,Maharashtra,1009 Kar
2005-06-14,Rice,3,Ahmednagar,FAQ,Karjat,1200,1000,1050,Maharashtra,1009 Kar
2005-06-15,Rice,3,Pune,FAQ,Pune,4500,900,2700,Maharashtra,1009 Kar
2005-06-16,Rice,3,Sholapur,FAQ,Solapur,1750,850,1225,Maharashtra,Other
2005-06-17,Rice,3,Nagpur,FAQ,Nagpur,1675,1375,1500,Maharashtra,Other
2005-06-17,Rice,3,Amarawati,FAQ,Achalpur,1600,1100,1350,Maharashtra,1009 Kar
2005-06-18,Rice,3,Nagpur,FAQ,Nagpur,1625,1375,1500,Maharashtra,Other
2005-06-18,Rice,3,Pune,FAQ,Pune,4500,850,2675,Maharashtra,1009 Kar
2005-06-18,Rice,3,Sangli,FAQ,Sangli,3500,750,2400,Maharashtra,1009 Kar
2005-06-18,Rice,3,Bhandara,FAQ,Tumsar,1451,1451,1451,Maharashtra,HMT Sona Best
2005-06-21,Rice,3,Mumbai,FAQ,Mumbai,5850,1000,3425,Maharashtra,1009 Kar
2005-06-21,Rice,3,Kolhapur,FAQ,Kolhapur,3100,1500,2200,Maharashtra,Other
2005-06-22,Rice,3,Thane,FAQ,Ulhasnagar,2300,1800,2000,Maharashtra,Other
2005-06-23,Rice,3,Gondiya,FAQ,Arjuni,850,850,850,Maharashtra,1009 Kar
2005-06-23,Rice,3,Bhandara,FAQ,Tumsar,1450,1450,1450,Maharashtra,Other
2005-06-23,Rice,3,Sholapur,FAQ,Solapur,1750,850,1225,Maharashtra,Other
2005-06-24,Rice,3,Mumbai,FAQ,Mumbai,5850,1000,3425,Maharashtra,1009 Kar
2005-06-24,Rice,3,Nagpur,FAQ,Nagpur,1650,1375,1500,Maharashtra,Other
2005-06-24,Rice,3,Pune,FAQ,Pune,4500,850,2675,Maharashtra,1009 Kar
2005-06-25,Rice,3,Ahmednagar,FAQ,Karjat,1380,940,1120,Maharashtra,1009 Kar
2005-06-26,Rice,3,Gondiya,FAQ,Arjuni,850,850,850,Maharashtra,1009 Kar
2005-06-27,Rice,3,Ahmednagar,FAQ,Karjat,1400,940,1120,Maharashtra,1009 Kar
2005-06-27,Rice,3,Sangli,FAQ,Sangli,3500,750,2400,Maharashtra,1009 Kar
2005-06-27,Rice,3,Nanded,FAQ,Bhokar,920,760,830,Maharashtra,1009 Kar
2005-06-28,Rice,3,Thane,FAQ,Vasai,1541,1000,1500,Maharashtra,1009 Kar
2005-06-29,Rice,3,Pune,FAQ,Nira,1500,1300,1400,Maharashtra,1009 Kar
2005-06-29,Rice,3,Thane,FAQ,Ulhasnagar,2300,1800,2000,Maharashtra,Other
2005-06-30,Rice,3,Mumbai,FAQ,Mumbai,5801,1000,3400,Maharashtra,1009 Kar
2005-06-30,Rice,3,Bhandara,FAQ,Tumsar,1275,1275,1275,Maharashtra,HMT Sona Best
2005-06-30,Rice,3,Amarawati,FAQ,Achalpur,1600,900,1250,Maharashtra,1009 Kar
2005-07-01,Rice,3,Nagpur,FAQ,Nagpur,1650,1400,1475,Maharashtra,Other
2005-07-01,Rice,3,Ahmednagar,FAQ,Karjat,1350,920,1110,Maharashtra,1009 Kar
2005-07-02,Rice,3,Mumbai,FAQ,Mumbai,5801,1000,3400,Maharashtra,1009 Kar
2005-07-02,Rice,3,Ahmednagar,FAQ,Karjat,1380,940,1120,Maharashtra,1009 Kar
2005-07-02,Rice,3,Thane,FAQ,Vasai,1450,1030,1250,Maharashtra,1009 Kar
2005-07-03,Rice,3,Satara,FAQ,Satara,850,800,825,Maharashtra,Other
2005-07-04,Rice,3,Pune,FAQ,Pune,4500,800,2650,Maharashtra,1009 Kar
2005-07-04,Rice,3,Thane,FAQ,Ulhasnagar,2300,1800,2000,Maharashtra,Other
2005-07-04,Rice,3,Thane,FAQ,Vasai,1435,1080,1100,Maharashtra,1009 Kar
2005-07-05,Rice,3,Sholapur,FAQ,Solapur,1775,850,1250,Maharashtra,Other
2005-07-06,Rice,3,Raigad,FAQ,Panvel,1550,1020,1285,Maharashtra,1009 Kar
2005-07-06,Rice,3,Thane,FAQ,Ulhasnagar,2300,1800,2000,Maharashtra,Other
2005-07-06,Rice,3,Kolhapur,FAQ,Kolhapur,4200,1500,3000,Maharashtra,Other
2005-07-07,Rice,3,Bhandara,FAQ,Tumsar,1491,1450,1470,Maharashtra,HMT Sona Best
2005-07-07,Rice,3,Thane,FAQ,Vasai,1641,925,1500,Maharashtra,1009 Kar
2005-07-07,Rice,3,Raigad,FAQ,Alibagh,1000,850,900,Maharashtra,1009 Kar
2005-07-07,Rice,3,Nagpur,FAQ,Nagpur,1650,1400,1525,Maharashtra,Other
2005-07-08,Rice,3,Thane,FAQ,Kalyan,1040,940,990,Maharashtra,1009 Kar
2005-07-08,Rice,3,Sangli,FAQ,Sangli,4000,750,2400,Maharashtra,1009 Kar
2005-07-08,Rice,3,Raigad,FAQ,Alibagh,1000,850,900,Maharashtra,1009 Kar
2005-07-09,Rice,3,Nagpur,FAQ,Nagpur,1650,1400,1525,Maharashtra,Other
2005-07-10,Rice,3,Raigad,FAQ,Alibagh,1500,900,1200,Maharashtra,Other
2005-07-10,Rice,3,Bhandara,FAQ,Tumsar,1462,1425,1440,Maharashtra,HMT Sona Best
2005-07-11,Rice,3,Raigad,FAQ,Alibagh,1500,900,1200,Maharashtra,Other
2005-07-11,Rice,3,Sholapur,FAQ,Solapur,1775,850,1250,Maharashtra,Other
2005-07-11,Rice,3,Nagpur,FAQ,Nagpur,1650,1400,1525,Maharashtra,Other
2005-07-12,Rice,3,Raigad,FAQ,Alibagh,1000,850,900,Maharashtra,1009 Kar
2005-07-12,Rice,3,Thane,FAQ,Vasai,1400,1031,1200,Maharashtra,1009 Kar
2005-07-12,Rice,3,Nagpur,FAQ,Nagpur,1650,1400,1525,Maharashtra,Other
2005-07-12,Rice,3,Nanded,FAQ,Bhokar,790,790,790,Maharashtra,1009 Kar
2005-07-13,Rice,3,Nagpur,FAQ,Nagpur,1650,1400,1525,Maharashtra,Other
2005-07-13,Rice,3,Ahmednagar,FAQ,Karjat,1400,950,1150,Maharashtra,1009 Kar
2005-07-14,Rice,3,Raigad,FAQ,Panvel,1550,1020,1285,Maharashtra,1009 Kar
2005-07-14,Rice,3,Sangli,FAQ,Sangli,4300,750,2450,Maharashtra,1009 Kar
2005-07-14,Rice,3,Thane,FAQ,Ulhasnagar,2300,1800,2000,Maharashtra,Other
2005-07-14,Rice,3,Gondiya,FAQ,Arjuni,850,850,850,Maharashtra,1009 Kar
2005-07-14,Rice,3,Bhandara,FAQ,Bhandara,1025,1025,1025,Maharashtra,Other
2005-07-15,Rice,3,Bhandara,FAQ,Bhandara,1296,1221,1290,Maharashtra,1009 Kar
2005-07-15,Rice,3,Kolhapur,FAQ,Kolhapur,4500,1400,2500,Maharashtra,Other
2005-07-15,Rice,3,Ahmednagar,FAQ,Karjat,1400,950,1150,Maharashtra,1009 Kar
2005-07-16,Rice,3,Mumbai,FAQ,Mumbai,5801,1000,3400,Maharashtra,1009 Kar
2005-07-16,Rice,3,Bhandara,FAQ,Bhandara,1470,1240,1350,Maharashtra,1009 Kar
2005-07-16,Rice,3,Raigad,FAQ,Alibagh,1150,950,1050,Maharashtra,Other
2005-07-16,Rice,3,Kolhapur,FAQ,Kolhapur,4500,1400,2200,Maharashtra,Other
2005-07-16,Rice,3,Nanded,FAQ,Bhokar,770,770,770,Maharashtra,1009 Kar
2005-07-18,Rice,3,Kolhapur,FAQ,Kolhapur,4500,1400,2200,Maharashtra,Other
2005-07-18,Rice,3,Raigad,FAQ,Alibagh,1150,1000,1050,Maharashtra,1009 Kar
2005-07-19,Rice,3,Kolhapur,FAQ,Kolhapur,3500,1250,2500,Maharashtra,Other
2005-07-19,Rice,3,Sangli,FAQ,Sangli,4300,800,2450,Maharashtra,1009 Kar
2005-07-20,Rice,3,Kolhapur,FAQ,Kolhapur,3500,1250,2500,Maharashtra,Other
2005-07-22,Rice,3,Nanded,FAQ,Bhokar,750,750,750,Maharashtra,1009 Kar
2005-07-22,Rice,3,Bhandara,FAQ,Bhandara,1380,1325,1325,Maharashtra,1009 Kar
2005-07-23,Rice,3,Raigad,FAQ,Alibagh,1150,1000,1050,Maharashtra,1009 Kar
2005-07-23,Rice,3,Thane,FAQ,Vasai,1400,1041,1200,Maharashtra,1009 Kar
2005-07-23,Rice,3,Bhandara,FAQ,Tumsar,1455,1455,1455,Maharashtra,Other
2005-07-25,Rice,3,Thane,FAQ,Vasai,1620,1013,1400,Maharashtra,1009 Kar
2005-07-25,Rice,3,Nashik,FAQ,Satana,1300,1300,1300,Maharashtra,Other
2005-07-25,Rice,3,Thane,FAQ,Kalyan,1070,960,1015,Maharashtra,Other
2005-07-26,Rice,3,Thane,FAQ,Kalyan,1070,960,1015,Maharashtra,Other
2005-07-26,Rice,3,Kolhapur,FAQ,Kolhapur,4000,1400,2500,Maharashtra,Other
2005-07-26,Rice,3,Nagpur,FAQ,Nagpur,1600,1400,1500,Maharashtra,Other
2005-07-29,Rice,3,Pune,FAQ,Pune,4500,750,2625,Maharashtra,1009 Kar
2005-07-29,Rice,3,Raigad,FAQ,Alibagh,1150,950,1050,Maharashtra,Other
2005-07-29,Rice,3,Thane,FAQ,Vasai,1400,1005,1250,Maharashtra,1009 Kar
2005-07-30,Rice,3,Pune,FAQ,Pune,4500,750,2625,Maharashtra,1009 Kar
2005-07-31,Rice,3,Gondiya,FAQ,Arjuni,850,850,850,Maharashtra,1009 Kar
2005-07-31,Rice,3,Satara,FAQ,Satara,850,800,825,Maharashtra,Other
2005-08-01,Rice,3,Ahmednagar,FAQ,Karjat,1400,950,1150,Maharashtra,1009 Kar
2005-08-03,Rice,3,Sholapur,FAQ,Solapur,1775,850,1225,Maharashtra,Other
2005-08-04,Rice,3,Nagpur,FAQ,Nagpur,1600,1425,1535,Maharashtra,Other
2005-08-05,Rice,3,Gondiya,FAQ,Arjuni,830,830,830,Maharashtra,1009 Kar
2005-08-05,Rice,3,Pune,FAQ,Pune,4800,850,2825,Maharashtra,1009 Kar
2005-08-05,Rice,3,Nagpur,FAQ,Nagpur,1600,1425,1510,Maharashtra,Other
2005-08-06,Rice,3,Raigad,FAQ,Alibagh,1150,1000,1050,Maharashtra,1009 Kar
2005-08-08,Rice,3,Ahmednagar,FAQ,Karjat,1400,950,1150,Maharashtra,1009 Kar
2005-08-08,Rice,3,Bhandara,FAQ,Tumsar,1475,1350,1410,Maharashtra,HMT Sona Best
2005-08-08,Rice,3,Raigad,FAQ,Alibagh,1150,950,1050,Maharashtra,Other
2005-08-08,Rice,3,Raigad,FAQ,Alibagh,1150,1000,1050,Maharashtra,1009 Kar
2005-08-09,Rice,3,Kolhapur,FAQ,Kolhapur,4500,1800,2800,Maharashtra,Other
2005-08-09,Rice,3,Sholapur,FAQ,Solapur,1775,850,1225,Maharashtra,Other
2005-08-09,Rice,3,Nagpur,FAQ,Nagpur,1550,1300,1425,Maharashtra,Other
2005-08-09,Rice,3,Sholapur,FAQ,Barshi,1185,1185,1185,Maharashtra,1009 Kar
2005-08-10,Rice,3,Thane,FAQ,Ulhasnagar,2300,1800,2000,Maharashtra,Other
2005-08-10,Rice,3,Raigad,FAQ,Alibagh,1150,1000,1050,Maharashtra,1009 Kar
2005-08-11,Rice,3,Sangli,FAQ,Sangli,4500,750,2550,Maharashtra,1009 Kar
2005-08-11,Rice,3,Raigad,FAQ,Alibagh,1150,950,1050,Maharashtra,Other
2005-08-12,Rice,3,Sangli,FAQ,Sangli,4000,850,2450,Maharashtra,1009 Kar
2005-08-12,Rice,3,Ahmednagar,FAQ,Akole,1500,1000,1225,Maharashtra,1009 Kar
2005-08-12,Rice,3,Sholapur,FAQ,Solapur,1750,900,1225,Maharashtra,Other
2005-08-12,Rice,3,Raigad,FAQ,Alibagh,1150,1000,1050,Maharashtra,1009 Kar
2005-08-13,Rice,3,Sangli,FAQ,Sangli,4500,800,2550,Maharashtra,1009 Kar
2005-08-13,Rice,3,Raigad,FAQ,Alibagh,1150,950,1050,Maharashtra,Other
2005-08-15,Rice,3,Thane,FAQ,Vasai,1575,1130,1500,Maharashtra,1009 Kar
2005-08-17,Rice,3,Ahmednagar,FAQ,Karjat,1400,940,1150,Maharashtra,1009 Kar
2005-08-17,Rice,3,Bhandara,FAQ,Tumsar,1350,1300,1325,Maharashtra,HMT Sona Best
2005-08-17,Rice,3,Nanded,FAQ,Bhokar,887,887,887,Maharashtra,1009 Kar
2005-08-17,Rice,3,Bhandara,FAQ,Tumsar,1350,1300,1325,Maharashtra,Other
2005-08-18,Rice,3,Pune,FAQ,Pune,4800,800,2800,Maharashtra,1009 Kar
2005-08-18,Rice,3,Gondiya,FAQ,Arjuni,830,830,830,Maharashtra,1009 Kar
2005-08-18,Rice,3,Bhandara,FAQ,Tumsar,1301,1241,1271,Maharashtra,HMT Sona Best
2005-08-18,Rice,3,Kolhapur,FAQ,Jaysingpur,1485,1435,1435,Maharashtra,1009 Kar
2005-08-19,Rice,3,Pune,FAQ,Pune,4800,800,2800,Maharashtra,1009 Kar
2005-08-20,Rice,3,Raigad,FAQ,Alibagh,1150,950,1050,Maharashtra,Other
2005-08-20,Rice,3,Bhandara,FAQ,Tumsar,1300,1300,1300,Maharashtra,Other
2005-08-21,Rice,3,Raigad,FAQ,Alibagh,1150,950,1050,Maharashtra,Other
2005-08-22,Rice,3,Ahmednagar,FAQ,Karjat,1100,950,1050,Maharashtra,1009 Kar
2005-08-22,Rice,3,Bhandara,FAQ,Bhandara,1001,1001,1001,Maharashtra,1009 Kar
2005-08-23,Rice,3,Sangli,FAQ,Sangli,4000,750,2400,Maharashtra,1009 Kar
2005-08-23,Rice,3,Nagpur,FAQ,Nagpur,1550,1375,1450,Maharashtra,Other
2005-08-24,Rice,3,Sangli,FAQ,Sangli,4500,800,2500,Maharashtra,1009 Kar
2005-08-25,Rice,3,Sholapur,FAQ,Solapur,1750,900,1250,Maharashtra,Other
2005-08-25,Rice,3,Sangli,FAQ,Sangli,4000,750,2400,Maharashtra,1009 Kar
2005-08-26,Rice,3,Gondiya,FAQ,Arjuni,830,830,830,Maharashtra,1009 Kar
2005-08-27,Rice,3,Gondiya,FAQ,Arjuni,850,850,850,Maharashtra,Other
2005-08-27,Rice,3,Sangli,FAQ,Sangli,4000,750,2400,Maharashtra,1009 Kar
2005-08-28,Rice,3,Bhandara,FAQ,Tumsar,1301,1230,1265,Maharashtra,Other
2005-08-28,Rice,3,Raigad,FAQ,Alibagh,1150,950,1050,Maharashtra,Other
2005-08-29,Rice,3,Bhandara,FAQ,Tumsar,1350,1235,1310,Maharashtra,HMT Sona Best
2005-08-30,Rice,3,Amarawati,FAQ,Achalpur,1500,780,1140,Maharashtra,1009 Kar
2005-08-30,Rice,3,Raigad,FAQ,Alibagh,1150,950,1050,Maharashtra,Other
2005-08-31,Rice,3,Ahmednagar,FAQ,Karjat,1400,950,1150,Maharashtra,1009 Kar
2005-08-31,Rice,3,Bhandara,FAQ,Tumsar,1300,1300,1300,Maharashtra,Other
2005-09-01,Rice,3,Gondiya,FAQ,Arjuni,850,850,850,Maharashtra,1009 Kar
2005-09-01,Rice,3,Nagpur,FAQ,Nagpur,1600,1375,1500,Maharashtra,Other
2005-09-01,Rice,3,Kolhapur,FAQ,Kolhapur,3400,1550,2200,Maharashtra,Other
2005-09-02,Rice,3,Raigad,FAQ,Alibagh,1150,950,1050,Maharashtra,Other
2005-09-02,Rice,3,Kolhapur,FAQ,Jaysingpur,1580,1320,1350,Maharashtra,1009 Kar
2005-09-02,Rice,3,Nagpur,FAQ,Nagpur,1600,1375,1500,Maharashtra,Other
2005-09-03,Rice,3,Nagpur,FAQ,Nagpur,1600,1375,1500,Maharashtra,Other
2005-09-05,Rice,3,Ahmednagar,FAQ,Karjat,1250,950,1185,Maharashtra,1009 Kar
2005-09-07,Rice,3,Gondiya,FAQ,Arjuni,850,850,850,Maharashtra,1009 Kar
2005-09-08,Rice,3,Sholapur,FAQ,Solapur,865,865,865,Maharashtra,1009 Kar
2005-09-08,Rice,3,Amarawati,FAQ,Achalpur,1400,750,1175,Maharashtra,1009 Kar
2005-09-10,Rice,3,Kolhapur,FAQ,Kolhapur,4500,1800,3200,Maharashtra,Other
2005-09-12,Rice,3,Sholapur,FAQ,Solapur,1750,900,1250,Maharashtra,Other
2005-09-12,Rice,3,Sangli,FAQ,Sangli,4000,700,2250,Maharashtra,1009 Kar
2005-09-12,Rice,3,Raigad,FAQ,Alibagh,1150,950,1050,Maharashtra,Other
2005-09-13,Rice,3,Raigad,FAQ,Alibagh,1150,950,1050,Maharashtra,Other
2005-09-15,Rice,3,Sangli,FAQ,Sangli,4500,800,2400,Maharashtra,1009 Kar
2005-09-17,Rice,3,Bhandara,FAQ,Tumsar,1325,1325,1325,Maharashtra,HMT Sona Best
2005-09-19,Rice,3,Mumbai,FAQ,Mumbai,5801,1000,3400,Maharashtra,1009 Kar
2005-09-19,Rice,3,Nanded,FAQ,Bhokar,1115,1115,1115,Maharashtra,1009 Kar
2005-09-20,Rice,3,Mumbai,FAQ,Mumbai,5801,1025,3413,Maharashtra,1009 Kar
2005-09-21,Rice,3,Nagpur,FAQ,Nagpur,1600,1400,1500,Maharashtra,Other
2005-09-21,Rice,3,Nanded,FAQ,Bhokar,750,750,750,Maharashtra,1009 Kar
2005-09-22,Rice,3,Pune,FAQ,Pune,5000,850,2925,Maharashtra,1009 Kar
2005-09-22,Rice,3,Pune,FAQ,Nira,1570,800,1185,Maharashtra,1009 Kar
2005-09-22,Rice,3,Raigad,FAQ,Alibagh,1150,950,1050,Maharashtra,Other
2005-09-22,Rice,3,Nagpur,FAQ,Nagpur,1600,1400,1500,Maharashtra,Other
2005-09-23,Rice,3,Pune,FAQ,Pune,5000,875,2937,Maharashtra,1009 Kar
2005-09-23,Rice,3,Sangli,FAQ,Sangli,4000,750,2200,Maharashtra,1009 Kar
2005-09-24,Rice,3,Kolhapur,FAQ,Kolhapur,4500,1800,3000,Maharashtra,Other
2005-09-26,Rice,3,Bhandara,FAQ,Bhandara,1485,1325,1381,Maharashtra,Other
2005-09-26,Rice,3,Ahmednagar,FAQ,Karjat,1450,1000,1300,Maharashtra,1009 Kar
2005-09-27,Rice,3,Bhandara,FAQ,Tumsar,1421,1421,1421,Maharashtra,HMT Sona Best
2005-09-27,Rice,3,Sangli,FAQ,Sangli,4000,800,2200,Maharashtra,1009 Kar
2005-09-29,Rice,3,Nagpur,FAQ,Nagpur,1600,1400,1500,Maharashtra,Other
2005-09-29,Rice,3,Bhandara,FAQ,Tumsar,1421,1275,1375,Maharashtra,HMT Sona Best
2005-09-30,Rice,3,Sholapur,FAQ,Solapur,1775,900,1250,Maharashtra,Other
2005-09-30,Rice,3,Kolhapur,FAQ,Kolhapur,4500,1800,3000,Maharashtra,Other
2005-09-30,Rice,3,Nagpur,FAQ,Nagpur,1600,1400,1500,Maharashtra,Other
2005-10-01,Rice,3,Bhandara,FAQ,Tumsar,1375,1200,1287,Maharashtra,HMT Sona Best
2005-10-03,Rice,3,Kolhapur,FAQ,Kolhapur,4500,1800,3000,Maharashtra,Other
2005-10-04,Rice,3,Kolhapur,FAQ,Kolhapur,4500,1800,3000,Maharashtra,Other
2005-10-05,Rice,3,Nagpur,FAQ,Nagpur,1600,1420,1510,Maharashtra,Other
2005-10-05,Rice,3,Raigad,FAQ,Panvel,1650,1020,1335,Maharashtra,1009 Kar
2005-10-05,Rice,3,Nanded,FAQ,Bhokar,1125,1120,1120,Maharashtra,1009 Kar
2005-10-05,Rice,3,Raigad,FAQ,Alibagh,1150,1000,1050,Maharashtra,1009 Kar
2005-10-06,Rice,3,Kolhapur,FAQ,Kolhapur,4500,1800,3000,Maharashtra,Other
2005-10-06,Rice,3,Ahmednagar,FAQ,Karjat,1450,900,1100,Maharashtra,1009 Kar
2005-10-06,Rice,3,Thane,FAQ,Vasai,1685,1000,1500,Maharashtra,1009 Kar
2005-10-06,Rice,3,Bhandara,FAQ,Bhandara,1415,1210,1335,Maharashtra,Other
2005-10-06,Rice,3,Raigad,FAQ,Panvel,1650,1020,1335,Maharashtra,1009 Kar
2005-10-06,Rice,3,Bhandara,FAQ,Tumsar,1350,1250,1300,Maharashtra,Other
2005-10-07,Rice,3,Thane,FAQ,Vasai,1560,1050,1400,Maharashtra,1009 Kar
2005-10-07,Rice,3,Kolhapur,FAQ,Kolhapur,3000,1300,2100,Maharashtra,Other
2005-10-08,Rice,3,Nanded,FAQ,Bhokar,1475,825,1040,Maharashtra,1009 Kar
2005-10-09,Rice,3,Bhandara,FAQ,Tumsar,1275,1275,1275,Maharashtra,HMT Sona Best
2005-10-10,Rice,3,Sangli,FAQ,Sangli,4500,750,2300,Maharashtra,Other
2005-10-10,Rice,3,Sholapur,FAQ,Solapur,1750,900,1250,Maharashtra,Other
2005-10-10,Rice,3,Raigad,FAQ,Alibagh,1150,1000,1050,Maharashtra,1009 Kar
2005-10-11,Rice,3,Thane,FAQ,Ulhasnagar,2200,1800,2000,Maharashtra,Other
2005-10-11,Rice,3,Ahmednagar,FAQ,Karjat,1450,900,1125,Maharashtra,1009 Kar
2005-10-11,Rice,3,Nagpur,FAQ,Nagpur,1525,1350,1450,Maharashtra,Other
2005-10-13,Rice,3,Sholapur,FAQ,Solapur,1750,900,1200,Maharashtra,Other
2005-10-13,Rice,3,Raigad,FAQ,Panvel,1600,1000,1300,Maharashtra,1009 Kar
2005-10-13,Rice,3,Nagpur,FAQ,Nagpur,1525,1375,1450,Maharashtra,Other
2005-10-13,Rice,3,Mumbai,FAQ,Mumbai,5651,950,3300,Maharashtra,1009 Kar
2005-10-14,Rice,3,Raigad,FAQ,Alibagh,1150,1000,1050,Maharashtra,1009 Kar
2005-10-14,Rice,3,Sholapur,FAQ,Solapur,1750,900,1250,Maharashtra,Other
2005-10-14,Rice,3,Amarawati,FAQ,Achalpur,1100,750,925,Maharashtra,1009 Kar
2005-10-14,Rice,3,Thane,FAQ,Vasai,1650,1011,1500,Maharashtra,1009 Kar
2005-10-15,Rice,3,Bhandara,FAQ,Tumsar,1250,1200,1225,Maharashtra,HMT Sona Best
2005-10-15,Rice,3,Raigad,FAQ,Panvel,1600,1000,1300,Maharashtra,1009 Kar
2005-10-17,Rice,3,Chandrapur,FAQ,Varora,675,675,675,Maharashtra,1009 Kar
2005-10-17,Rice,3,Mumbai,FAQ,Mumbai,5651,950,3300,Maharashtra,1009 Kar
2005-10-18,Rice,3,Amarawati,FAQ,Achalpur,1000,700,850,Maharashtra,1009 Kar
2005-10-18,Rice,3,Nagpur,FAQ,Nagpur,1525,1375,1450,Maharashtra,Other
2005-10-18,Rice,3,Ahmednagar,FAQ,Karjat,1400,900,1100,Maharashtra,1009 Kar
2005-10-18,Rice,3,Nanded,FAQ,Bhokar,1103,1050,1085,Maharashtra,1009 Kar
2005-10-19,Rice,3,Thane,FAQ,Ulhasnagar,2200,1800,2000,Maharashtra,Other
2005-10-19,Rice,3,Nagpur,FAQ,Nagpur,1525,1400,1462,Maharashtra,Other
2005-10-19,Rice,3,Raigad,FAQ,Alibagh,1150,1000,1050,Maharashtra,1009 Kar
2005-10-19,Rice,3,Nanded,FAQ,Bhokar,1150,1096,1116,Maharashtra,1009 Kar
2005-10-20,Rice,3,Mumbai,FAQ,Mumbai,5651,950,3300,Maharashtra,1009 Kar
2005-10-20,Rice,3,Bhandara,FAQ,Tumsar,1330,1301,1315,Maharashtra,Other
2005-10-20,Rice,3,Raigad,FAQ,Alibagh,1150,1000,1050,Maharashtra,1009 Kar
2005-10-20,Rice,3,Satara,FAQ,Satara,950,850,900,Maharashtra,Other
2005-10-20,Rice,3,Bhandara,FAQ,Bhandara,1430,1300,1390,Maharashtra,Other
2005-10-21,Rice,3,Sholapur,FAQ,Solapur,1775,900,1225,Maharashtra,Other
2005-10-21,Rice,3,Ratnagiri,FAQ,Ratnagiri (Nachane),1400,800,1000,Maharashtra,1009 Kar
2005-10-22,Rice,3,Bhandara,FAQ,Bhandara,1457,1235,1375,Maharashtra,Other
2005-10-22,Rice,3,Pune,FAQ,Pune,4500,800,2650,Maharashtra,1009 Kar
2005-10-22,Rice,3,Raigad,FAQ,Alibagh,1150,950,1050,Maharashtra,Other
2005-10-22,Rice,3,Bhandara,FAQ,Tumsar,1340,1275,1310,Maharashtra,HMT Sona Best
2005-10-22,Rice,3,Raigad,FAQ,Alibagh,1150,1000,1050,Maharashtra,1009 Kar
2005-10-23,Rice,3,Bhandara,FAQ,Tumsar,1340,1275,1310,Maharashtra,HMT Sona Best
2005-10-24,Rice,3,Gondiya,FAQ,Arjuni,850,850,850,Maharashtra,1009 Kar
2005-10-25,Rice,3,Sangli,FAQ,Sangli,4100,750,2000,Maharashtra,Other
2005-10-25,Rice,3,Bhandara,FAQ,Bhandara,1351,1201,1285,Maharashtra,Other
2005-10-27,Rice,3,Ratnagiri,FAQ,Ratnagiri (Nachane),1400,800,1000,Maharashtra,1009 Kar
2005-10-27,Rice,3,Bhandara,FAQ,Tumsar,1315,1190,1250,Maharashtra,Other
2005-10-27,Rice,3,Sangli,FAQ,Sangli,4300,800,2100,Maharashtra,Other
2005-10-28,Rice,3,Gondiya,FAQ,Arjuni,850,850,850,Maharashtra,1009 Kar
2005-10-29,Rice,3,Raigad,FAQ,Alibagh,1150,950,1050,Maharashtra,Other
2005-11-05,Rice,3,Bhandara,FAQ,Bhandara,1160,945,1151,Maharashtra,Other
2005-11-06,Rice,3,Gondiya,FAQ,Arjuni,850,850,850,Maharashtra,1009 Kar
2005-11-07,Rice,3,Pune,FAQ,Pune,3500,750,2125,Maharashtra,1009 Kar
2005-11-07,Rice,3,Sholapur,FAQ,Solapur,1775,900,1250,Maharashtra,Other
2005-11-08,Rice,3,Ahmednagar,FAQ,Karjat,1400,850,1100,Maharashtra,1009 Kar
2005-11-08,Rice,3,Kolhapur,FAQ,Kolhapur,4500,2000,3000,Maharashtra,Other
2005-11-08,Rice,3,Gondiya,FAQ,Arjuni,850,850,850,Maharashtra,1009 Kar
2005-11-09,Rice,3,Sangli,FAQ,Sangli,4000,750,2200,Maharashtra,Other
2005-11-09,Rice,3,Kolhapur,FAQ,Kolhapur,4500,2000,3000,Maharashtra,Other
2005-11-09,Rice,3,Bhandara,FAQ,Tumsar,1391,1391,1391,Maharashtra,HMT Sona Best
2005-11-10,Rice,3,Nagpur,FAQ,Nagpur,1525,1400,1462,Maharashtra,Other
2005-11-10,Rice,3,Bhandara,FAQ,Tumsar,1300,1300,1300,Maharashtra,HMT Sona Best
2005-11-10,Rice,3,Bhandara,FAQ,Tumsar,1300,1300,1300,Maharashtra,Other
2005-11-12,Rice,3,Sangli,FAQ,Sangli,4000,850,2400,Maharashtra,Other
2005-11-13,Rice,3,Gondiya,FAQ,Arjuni,850,850,850,Maharashtra,1009 Kar
2005-11-15,Rice,3,Sholapur,FAQ,Solapur,1760,900,1250,Maharashtra,Other
2005-11-17,Rice,3,Ahmednagar,FAQ,Karjat,1450,850,1150,Maharashtra,1009 Kar
2005-11-17,Rice,3,Raigad,FAQ,Alibagh,1150,950,1050,Maharashtra,Other
2005-11-17,Rice,3,Satara,FAQ,Satara,4250,1350,2700,Maharashtra,Other
2005-11-17,Rice,3,Ratnagiri,FAQ,Ratnagiri (Nachane),1500,900,1000,Maharashtra,1009 Kar
2005-11-17,Rice,3,Gondiya,FAQ,Arjuni,500,500,500,Maharashtra,Other
2005-11-17,Rice,3,Bhandara,FAQ,Tumsar,1300,1300,1300,Maharashtra,Other
2005-11-18,Rice,3,Thane,FAQ,Vasai,1450,1041,1400,Maharashtra,1009 Kar
2005-11-18,Rice,3,Sholapur,FAQ,Solapur,1775,850,1250,Maharashtra,Other
2005-11-18,Rice,3,Thane,FAQ,Ulhasnagar,2500,1800,2200,Maharashtra,Other
2005-11-18,Rice,3,Kolhapur,FAQ,Kolhapur,4000,1400,2500,Maharashtra,Other
2005-11-19,Rice,3,Thane,FAQ,Vasai,1665,1050,1500,Maharashtra,1009 Kar
2005-11-21,Rice,3,Gondiya,FAQ,Arjuni,850,850,850,Maharashtra,1009 Kar
2005-11-23,Rice,3,Mumbai,FAQ,Mumbai,4201,901,2551,Maharashtra,1009 Kar
2005-11-24,Rice,3,Satara,FAQ,Satara,4250,1350,2700,Maharashtra,Other
2005-11-25,Rice,3,Kolhapur,FAQ,Kolhapur,2500,1800,2000,Maharashtra,Other
2005-11-26,Rice,3,Sangli,FAQ,Sangli,4000,750,2450,Maharashtra,Other
2005-11-27,Rice,3,Bhandara,FAQ,Tumsar,1100,1050,1075,Maharashtra,HMT Sona Best
2005-11-28,Rice,3,Bhandara,FAQ,Tumsar,1190,1011,1100,Maharashtra,HMT Sona Best
2005-11-28,Rice,3,Ahmednagar,FAQ,Karjat,1400,850,1150,Maharashtra,1009 Kar
2005-11-28,Rice,3,Sangli,FAQ,Sangli,4000,750,2400,Maharashtra,Other
2005-11-30,Rice,3,Gondiya,FAQ,Arjuni,850,850,850,Maharashtra,1009 Kar
2005-11-30,Rice,3,Bhandara,FAQ,Tumsar,1371,1200,1285,Maharashtra,HMT Sona Best
2005-12-01,Rice,3,Ratnagiri,FAQ,Ratnagiri (Nachane),2000,1000,1400,Maharashtra,1009 Kar
2005-12-01,Rice,3,Nashik,FAQ,Kalvan,1351,1351,1351,Maharashtra,1009 Kar
2005-12-01,Rice,3,Raigad,FAQ,Alibagh,960,900,925,Maharashtra,1009 Kar
2005-12-01,Rice,3,Ahmednagar,FAQ,Karjat,1400,850,1100,Maharashtra,1009 Kar
2005-12-01,Rice,3,Raigad,FAQ,Pen,1400,1100,1200,Maharashtra,Other
2005-12-01,Rice,3,Thane,FAQ,Kalyan,1050,970,1010,Maharashtra,Other
2005-12-01,Rice,3,Raigad,FAQ,Alibagh,1700,1600,1650,Maharashtra,Other
2005-12-02,Rice,3,Thane,FAQ,Kalyan,1050,970,1010,Maharashtra,Other
2005-12-02,Rice,3,Nanded,FAQ,Bhokar,1062,950,1050,Maharashtra,1009 Kar
2005-12-03,Rice,3,Gondiya,FAQ,Arjuni,850,850,850,Maharashtra,1009 Kar
2005-12-03,Rice,3,Nagpur,FAQ,Nagpur,1500,1400,1450,Maharashtra,Other
2005-12-03,Rice,3,Ratnagiri,FAQ,Ratnagiri (Nachane),2200,1000,1300,Maharashtra,1009 Kar
2005-12-03,Rice,3,Raigad,FAQ,Pen,1450,1130,1250,Maharashtra,Other
2005-12-06,Rice,3,Kolhapur,FAQ,Kolhapur,4000,1600,3000,Maharashtra,Other
2005-12-06,Rice,3,Ratnagiri,FAQ,Ratnagiri (Nachane),2000,1000,1300,Maharashtra,1009 Kar
2005-12-07,Rice,3,Kolhapur,FAQ,Kolhapur,3500,1800,2200,Maharashtra,Other
2005-12-08,Rice,3,Kolhapur,FAQ,Kolhapur,3000,1700,2200,Maharashtra,Other
2005-12-09,Rice,3,Thane,FAQ,Kalyan,1050,980,1015,Maharashtra,Other
2005-12-09,Rice,3,Raigad,FAQ,Pen,1480,1120,1260,Maharashtra,Other
2005-12-10,Rice,3,Thane,FAQ,Kalyan,1050,980,1015,Maharashtra,Other
2005-12-10,Rice,3,Nagpur,FAQ,Nagpur,1500,1350,1425,Maharashtra,Other
2005-12-10,Rice,3,Raigad,FAQ,Pen,1470,1120,1270,Maharashtra,Other
2005-12-12,Rice,3,Kolhapur,FAQ,Kolhapur,4200,1800,2500,Maharashtra,Other
2005-12-12,Rice,3,Raigad,FAQ,Pen,1430,1130,1250,Maharashtra,Other
2005-12-13,Rice,3,Bhandara,FAQ,Bhandara,1400,1000,1000,Maharashtra,1009 Kar
2005-12-13,Rice,3,Nanded,FAQ,Bhokar,1067,1004,1025,Maharashtra,1009 Kar
2005-12-13,Rice,3,Ahmednagar,FAQ,Karjat,1400,850,1100,Maharashtra,1009 Kar
2005-12-13,Rice,3,Nagpur,FAQ,Nagpur,1500,1350,1425,Maharashtra,Other
2005-12-14,Rice,3,Raigad,FAQ,Alibagh,960,900,925,Maharashtra,1009 Kar
2005-12-14,Rice,3,Sholapur,FAQ,Solapur,1800,850,1275,Maharashtra,Other
2005-12-14,Rice,3,Kolhapur,FAQ,Kolhapur,4000,1800,2500,Maharashtra,Other
2005-12-14,Rice,3,Pune,FAQ,Pune,4500,850,2675,Maharashtra,1009 Kar
2005-12-15,Rice,3,Sholapur,FAQ,Solapur,1800,850,1275,Maharashtra,Other
2005-12-17,Rice,3,Bhandara,FAQ,Bhandara,1021,913,1021,Maharashtra,1009 Kar
2005-12-17,Rice,3,Raigad,FAQ,Pen,1480,1140,1270,Maharashtra,Other
2005-12-17,Rice,3,Mumbai,FAQ,Mumbai,3400,850,2125,Maharashtra,1009 Kar
2005-12-18,Rice,3,Bhandara,FAQ,Tumsar,1400,1295,1350,Maharashtra,Other
2005-12-19,Rice,3,Sangli,FAQ,Sangli,4000,750,2400,Maharashtra,Other
2005-12-19,Rice,3,Raigad,FAQ,Pen,1460,1130,1260,Maharashtra,Other
2005-12-20,Rice,3,Raigad,FAQ,Alibagh,1700,1600,1650,Maharashtra,Other
2005-12-20,Rice,3,Raigad,FAQ,Pen,1430,1100,1250,Maharashtra,Other
2005-12-21,Rice,3,Thane,FAQ,Kalyan,1080,1000,1040,Maharashtra,Other
2005-12-22,Rice,3,Sholapur,FAQ,Solapur,1800,850,1270,Maharashtra,Other
2005-12-22,Rice,3,Raigad,FAQ,Alibagh,960,900,925,Maharashtra,1009 Kar
2005-12-22,Rice,3,Mumbai,FAQ,Mumbai,3400,850,2125,Maharashtra,1009 Kar
2005-12-22,Rice,3,Kolhapur,FAQ,Kolhapur,3500,1800,2500,Maharashtra,Other
2005-12-23,Rice,3,Kolhapur,FAQ,Kolhapur,3500,1600,2500,Maharashtra,Other
2005-12-23,Rice,3,Ahmednagar,FAQ,Karjat,1400,850,1100,Maharashtra,1009 Kar
2005-12-23,Rice,3,Raigad,FAQ,Panvel,1600,1000,1300,Maharashtra,1009 Kar
2005-12-23,Rice,3,Nanded,FAQ,Bhokar,1095,1000,1065,Maharashtra,1009 Kar
2005-12-24,Rice,3,Sangli,FAQ,Sangli,4000,900,2400,Maharashtra,Other
2005-12-26,Rice,3,Raigad,FAQ,Alibagh,1700,1600,1650,Maharashtra,Other
2005-12-26,Rice,3,Kolhapur,FAQ,Kolhapur,750,700,725,Maharashtra,Other
2005-12-26,Rice,3,Raigad,FAQ,Alibagh,960,900,925,Maharashtra,1009 Kar
2005-12-26,Rice,3,Ratnagiri,FAQ,Ratnagiri (Nachane),2200,1100,1100,Maharashtra,1009 Kar
2005-12-27,Rice,3,Kolhapur,FAQ,Kolhapur,3800,1800,2200,Maharashtra,Other
2005-12-28,Rice,3,Bhandara,FAQ,Tumsar,1200,1180,1190,Maharashtra,Other
2005-12-29,Rice,3,Nagpur,FAQ,Nagpur,1375,1100,1250,Maharashtra,Other
2005-12-29,Rice,3,Raigad,FAQ,Pen,1480,1130,1270,Maharashtra,Other
2005-12-29,Rice,3,Raigad,FAQ,Alibagh,1700,1600,1650,Maharashtra,Other
2005-12-29,Rice,3,Pune,FAQ,Indapur,851,851,851,Maharashtra,1009 Kar
2005-12-30,Rice,3,Kolhapur,FAQ,Kolhapur,4000,1400,2000,Maharashtra,Other
2005-12-30,Rice,3,Ratnagiri,FAQ,Ratnagiri (Nachane),2200,1100,1300,Maharashtra,1009 Kar
2005-12-31,Rice,3,Gondiya,FAQ,Arjuni,850,850,850,Maharashtra,1009 Kar
2005-12-31,Rice,3,Kolhapur,FAQ,Kolhapur,4000,1800,3000,Maharashtra,Other
2005-12-31,Rice,3,Bhandara,FAQ,Tumsar,1225,1075,1150,Maharashtra,Other
2005-12-31,Rice,3,Thane,FAQ,Kalyan,1070,1020,1045,Maharashtra,Other
2006-01-01,Rice,3,Raigad,FAQ,Alibagh,960,900,925,Maharashtra,1009 Kar
2006-01-02,Rice,3,Bhandara,FAQ,Tumsar,1205,1025,1115,Maharashtra,Other
2006-01-02,Rice,3,Raigad,FAQ,Pen,1280,970,1050,Maharashtra,Other
2006-01-02,Rice,3,Nagpur,FAQ,Nagpur,1350,1100,1225,Maharashtra,Other
2006-01-02,Rice,3,Nanded,FAQ,Bhokar,1090,1081,1081,Maharashtra,1009 Kar
2006-01-03,Rice,3,Thane,FAQ,Kalyan,1070,1020,1045,Maharashtra,Other
2006-01-03,Rice,3,Raigad,FAQ,Pen,1490,1120,1270,Maharashtra,Other
2006-01-03,Rice,3,Bhandara,FAQ,Bhandara,1165,975,1011,Maharashtra,1009 Kar
2006-01-03,Rice,3,Ahmednagar,FAQ,Karjat,1400,960,1295,Maharashtra,1009 Kar
2006-01-03,Rice,3,Sangli,FAQ,Sangli,4000,750,2400,Maharashtra,Other
2006-01-03,Rice,3,Raigad,FAQ,Alibagh,960,900,925,Maharashtra,1009 Kar
2006-01-04,Rice,3,Bhandara,FAQ,Tumsar,1281,1142,1211,Maharashtra,Other
2006-01-04,Rice,3,Ratnagiri,FAQ,Ratnagiri (Nachane),2200,1100,1300,Maharashtra,1009 Kar
2006-01-05,Rice,3,Thane,FAQ,Kalyan,1080,1000,1040,Maharashtra,Other
2006-01-05,Rice,3,Raigad,FAQ,Panvel,1600,1000,1300,Maharashtra,1009 Kar
2006-01-05,Rice,3,Thane,FAQ,Vasai,1425,1051,1200,Maharashtra,1009 Kar
2006-01-05,Rice,3,Sangli,FAQ,Sangli,4000,750,2400,Maharashtra,Other
2006-01-06,Rice,3,Nanded,FAQ,Bhokar,1120,1000,1090,Maharashtra,1009 Kar
2006-01-06,Rice,3,Ratnagiri,FAQ,Ratnagiri (Nachane),2200,1100,1300,Maharashtra,1009 Kar
2006-01-06,Rice,3,Raigad,FAQ,Pen,1400,1120,1250,Maharashtra,Other
2006-01-06,Rice,3,Raigad,FAQ,Panvel,1600,1000,1300,Maharashtra,1009 Kar
2006-01-07,Rice,3,Raigad,FAQ,Pen,1440,1140,1250,Maharashtra,Other
2006-01-09,Rice,3,Nanded,FAQ,Bhokar,1154,1150,1150,Maharashtra,1009 Kar
2006-01-09,Rice,3,Thane,FAQ,Vasai,1550,1030,1500,Maharashtra,1009 Kar
2006-01-09,Rice,3,Kolhapur,FAQ,Kolhapur,4000,1800,2500,Maharashtra,Other
2006-01-09,Rice,3,Ahmednagar,FAQ,Karjat,1400,850,1100,Maharashtra,1009 Kar
2006-01-09,Rice,3,Ratnagiri,FAQ,Ratnagiri (Nachane),2200,1100,1300,Maharashtra,1009 Kar
2006-01-10,Rice,3,Raigad,FAQ,Alibagh,960,900,925,Maharashtra,1009 Kar
2006-01-10,Rice,3,Raigad,FAQ,Alibagh,1700,1600,1650,Maharashtra,Other
2006-01-11,Rice,3,Raigad,FAQ,Pen,1400,1100,1220,Maharashtra,Other
2006-01-11,Rice,3,Thane,FAQ,Kalyan,1100,1050,1075,Maharashtra,Other
2006-01-12,Rice,3,Sholapur,FAQ,Solapur,1800,850,1275,Maharashtra,Other
2006-01-13,Rice,3,Ahmednagar,FAQ,Karjat,1300,950,1250,Maharashtra,1009 Kar
2006-01-13,Rice,3,Thane,FAQ,Kalyan,1100,1050,1075,Maharashtra,Other
2006-01-14,Rice,3,Thane,FAQ,Vasai,1651,1035,1500,Maharashtra,1009 Kar
2006-01-14,Rice,3,Ahmednagar,FAQ,Karjat,1350,950,1280,Maharashtra,1009 Kar
2006-01-15,Rice,3,Pune,FAQ,Indapur,951,951,951,Maharashtra,1009 Kar
2006-01-16,Rice,3,Amarawati,FAQ,Achalpur,1450,900,1175,Maharashtra,1009 Kar
2006-01-16,Rice,3,Sangli,FAQ,Sangli,4000,950,2400,Maharashtra,1009 Kar
2006-01-16,Rice,3,Ahmednagar,FAQ,Karjat,1200,950,1150,Maharashtra,1009 Kar
2006-01-16,Rice,3,Kolhapur,FAQ,Kolhapur,3800,1700,2900,Maharashtra,Other
2006-01-16,Rice,3,Sholapur,FAQ,Solapur,1800,850,1275,Maharashtra,Other
2006-01-17,Rice,3,Thane,FAQ,Vasai,1445,950,1300,Maharashtra,1009 Kar
2006-01-17,Rice,3,Raigad,FAQ,Pen,1400,1100,1260,Maharashtra,Other
2006-01-17,Rice,3,Raigad,FAQ,Alibagh,960,900,925,Maharashtra,1009 Kar
2006-01-18,Rice,3,Ahmednagar,FAQ,Karjat,1320,1000,1285,Maharashtra,1009 Kar
2006-01-18,Rice,3,Kolhapur,FAQ,Kolhapur,3900,1700,2950,Maharashtra,Other
2006-01-18,Rice,3,Thane,FAQ,Kalyan,1100,1000,1050,Maharashtra,Other
2006-01-18,Rice,3,Nagpur,FAQ,Nagpur,1350,1150,1250,Maharashtra,Other
2006-01-18,Rice,3,Nanded,FAQ,Bhokar,1145,1136,1136,Maharashtra,1009 Kar
2006-01-18,Rice,3,Sholapur,FAQ,Solapur,1810,850,1275,Maharashtra,Other
2006-01-18,Rice,3,Raigad,FAQ,Alibagh,960,900,925,Maharashtra,1009 Kar
2006-01-19,Rice,3,Raigad,FAQ,Alibagh,960,900,925,Maharashtra,1009 Kar
2006-01-19,Rice,3,Nandurbar,FAQ,Nandurbar,1380,1380,1380,Maharashtra,1009 Kar
2006-01-19,Rice,3,Pune,FAQ,Nira,1475,1151,1310,Maharashtra,1009 Kar
2006-01-19,Rice,3,Sholapur,FAQ,Solapur,1810,850,1275,Maharashtra,Other
2006-01-20,Rice,3,Sangli,FAQ,Sangli,4000,800,2400,Maharashtra,Other
2006-01-20,Rice,3,Nagpur,FAQ,Nagpur,1350,1150,1250,Maharashtra,Other
2006-01-20,Rice,3,Nanded,FAQ,Bhokar,1132,1091,1091,Maharashtra,1009 Kar
2006-01-20,Rice,3,Pune,FAQ,Pune,4800,950,2875,Maharashtra,1009 Kar
2006-01-20,Rice,3,Raigad,FAQ,Alibagh,1700,1600,1650,Maharashtra,Other
2006-01-20,Rice,3,Ahmednagar,FAQ,Akole,1250,950,1100,Maharashtra,1009 Kar
2006-01-21,Rice,3,Ahmednagar,FAQ,Karjat,1350,1000,1250,Maharashtra,1009 Kar
2006-01-22,Rice,3,Nagpur,FAQ,Umared,1200,900,1150,Maharashtra,1009 Kar
2006-01-23,Rice,3,Thane,FAQ,Ulhasnagar,2100,1800,1950,Maharashtra,Other
2006-01-23,Rice,3,Kolhapur,FAQ,Kolhapur,3500,1800,2800,Maharashtra,Other
2006-01-24,Rice,3,Raigad,FAQ,Alibagh,1700,1600,1650,Maharashtra,Other
2006-01-25,Rice,3,Ahmednagar,FAQ,Karjat,1350,1100,1280,Maharashtra,1009 Kar
2006-01-27,Rice,3,Kolhapur,FAQ,Kolhapur,2800,1900,2350,Maharashtra,Other
2006-01-27,Rice,3,Ratnagiri,FAQ,Ratnagiri (Nachane),2800,1100,1300,Maharashtra,1009 Kar
2006-01-27,Rice,3,Nandurbar,FAQ,Nandurbar,950,950,950,Maharashtra,1009 Kar
2006-01-28,Rice,3,Nagpur,FAQ,Nagpur,1350,1150,1250,Maharashtra,Other
2006-01-28,Rice,3,Pune,FAQ,Pune,5000,900,2950,Maharashtra,1009 Kar
2006-01-29,Rice,3,Pune,FAQ,Indapur(Bhigwan),900,900,900,Maharashtra,1009 Kar
2006-01-30,Rice,3,Nashik,FAQ,Kalvan,500,500,500,Maharashtra,1009 Kar
2006-01-30,Rice,3,Nagpur,FAQ,Nagpur,1350,1150,1250,Maharashtra,Other
2006-01-31,Rice,3,Raigad,FAQ,Alibagh,1700,1600,1650,Maharashtra,Other
2006-02-01,Rice,3,Nagpur,FAQ,Nagpur,1350,1150,1250,Maharashtra,Other
2006-02-02,Rice,3,Ratnagiri,FAQ,Ratnagiri (Nachane),2800,1000,1300,Maharashtra,1009 Kar
2006-02-02,Rice,3,Raigad,FAQ,Pen,1400,1120,1250,Maharashtra,Other
2006-02-02,Rice,3,Sangli,FAQ,Sangli,4000,800,2400,Maharashtra,Other
2006-02-03,Rice,3,Ahmednagar,FAQ,Karjat,1400,900,1100,Maharashtra,1009 Kar
2006-02-03,Rice,3,Nagpur,FAQ,Nagpur,1350,1150,1250,Maharashtra,Other
2006-02-04,Rice,3,Nagpur,FAQ,Nagpur,1350,1150,1250,Maharashtra,Other
2006-02-04,Rice,3,Pune,FAQ,Pune,4500,900,2700,Maharashtra,1009 Kar
2006-02-04,Rice,3,Ahmednagar,FAQ,Karjat,1450,900,1120,Maharashtra,1009 Kar
2006-02-06,Rice,3,Bhandara,FAQ,Tumsar,1265,1125,1195,Maharashtra,Other
2006-02-06,Rice,3,Raigad,FAQ,Alibagh,960,900,925,Maharashtra,1009 Kar
2006-02-07,Rice,3,Raigad,FAQ,Mangaon,1700,900,1450,Maharashtra,Other
2006-02-07,Rice,3,Pune,FAQ,Indapur(Bhigwan),825,825,825,Maharashtra,1009 Kar
2006-02-08,Rice,3,Gondiya,FAQ,Arjuni,850,850,850,Maharashtra,Other
2006-02-08,Rice,3,Sangli,FAQ,Sangli,4000,750,2400,Maharashtra,1009 Kar
2006-02-09,Rice,3,Ahmednagar,FAQ,Karjat,1500,900,1150,Maharashtra,1009 Kar
2006-02-09,Rice,3,Nagpur,FAQ,Nagpur,1350,1150,1250,Maharashtra,Other
2006-02-10,Rice,3,Ratnagiri,FAQ,Ratnagiri (Nachane),2800,950,1300,Maharashtra,1009 Kar
2006-02-10,Rice,3,Ahmednagar,FAQ,Karjat,1500,900,1150,Maharashtra,1009 Kar
2006-02-11,Rice,3,Bhandara,FAQ,Tumsar,1215,1070,1145,Maharashtra,Other
2006-02-11,Rice,3,Sholapur,FAQ,Solapur,1800,900,1280,Maharashtra,Other
2006-02-12,Rice,3,Bhandara,FAQ,Tumsar,1230,1080,1155,Maharashtra,Other
2006-02-13,Rice,3,Sholapur,FAQ,Solapur,1800,900,1275,Maharashtra,Other
2006-02-13,Rice,3,Ratnagiri,FAQ,Ratnagiri (Nachane),2800,950,1300,Maharashtra,1009 Kar
2006-02-14,Rice,3,Nanded,FAQ,Bhokar,1130,1130,1130,Maharashtra,1009 Kar
2006-02-14,Rice,3,Nagpur,FAQ,Nagpur,1350,1150,1250,Maharashtra,Other
2006-02-14,Rice,3,Sangli,FAQ,Sangli,3900,900,2300,Maharashtra,Other
2006-02-15,Rice,3,Kolhapur,FAQ,Kolhapur,2700,1700,2200,Maharashtra,Other
2006-02-16,Rice,3,Raigad,FAQ,Panvel,1600,1000,1300,Maharashtra,1009 Kar
2006-02-17,Rice,3,Kolhapur,FAQ,Kolhapur,2500,1400,1950,Maharashtra,Other
2006-02-18,Rice,3,Sholapur,FAQ,Solapur,1800,880,1275,Maharashtra,Other
2006-02-18,Rice,3,Raigad,FAQ,Mangaon,1500,1000,1250,Maharashtra,Other
2006-02-19,Rice,3,Thane,FAQ,Palghar,1525,930,1227,Maharashtra,1009 Kar
2006-02-20,Rice,3,Kolhapur,FAQ,Kolhapur,3000,1800,2400,Maharashtra,Other
2006-02-20,Rice,3,Nanded,FAQ,Bhokar,1212,1125,1125,Maharashtra,1009 Kar
2006-02-20,Rice,3,Raigad,FAQ,Alibagh,960,900,925,Maharashtra,1009 Kar
2006-02-21,Rice,3,Sangli,FAQ,Sangli,4000,750,2400,Maharashtra,Other
2006-02-21,Rice,3,Sholapur,FAQ,Solapur,1825,835,1280,Maharashtra,Other
2006-02-21,Rice,3,Raigad,FAQ,Alibagh,960,900,925,Maharashtra,1009 Kar
2006-02-22,Rice,3,Gondiya,FAQ,Arjuni,850,850,850,Maharashtra,Other
2006-02-22,Rice,3,Ratnagiri,FAQ,Ratnagiri (Nachane),2800,950,1300,Maharashtra,1009 Kar
2006-02-23,Rice,3,Raigad,FAQ,Alibagh,1700,1600,1650,Maharashtra,Other
2006-02-23,Rice,3,Ahmednagar,FAQ,Karjat,1600,900,1150,Maharashtra,1009 Kar
2006-02-23,Rice,3,Kolhapur,FAQ,Kolhapur(Laxmipuri),1500,950,1250,Maharashtra,1009 Kar
2006-02-24,Rice,3,Raigad,FAQ,Mangaon,1500,1050,1250,Maharashtra,Other
2006-02-24,Rice,3,Ratnagiri,FAQ,Ratnagiri (Nachane),2800,950,1100,Maharashtra,1009 Kar
2006-02-24,Rice,3,Nagpur,FAQ,Nagpur,1350,1150,1250,Maharashtra,Other
2006-02-24,Rice,3,Thane,FAQ,Vasai,1475,965,1400,Maharashtra,1009 Kar
2006-02-24,Rice,3,Raigad,FAQ,Alibagh,960,900,925,Maharashtra,1009 Kar
2006-02-25,Rice,3,Sangli,FAQ,Sangli,4000,800,2400,Maharashtra,Other
2006-02-25,Rice,3,Raigad,FAQ,Mangaon,1500,1000,1250,Maharashtra,Other
2006-02-25,Rice,3,Kolhapur,FAQ,Kolhapur(Laxmipuri),1450,800,1200,Maharashtra,1009 Kar
2006-02-25,Rice,3,Thane,FAQ,Palghar,1535,881,1208,Maharashtra,1009 Kar
2006-02-27,Rice,3,Ahmednagar,FAQ,Karjat,1600,900,1150,Maharashtra,1009 Kar
2006-02-27,Rice,3,Ratnagiri,FAQ,Ratnagiri (Nachane),2800,950,1300,Maharashtra,1009 Kar
2006-02-27,Rice,3,Raigad,FAQ,Khalapur (Shil-Phata),1400,900,1075,Maharashtra,1009 Kar
2006-02-28,Rice,3,Kolhapur,FAQ,Kolhapur,3200,2000,2600,Maharashtra,Other
2006-02-28,Rice,3,Gadchiroli,FAQ,Aheri,750,750,750,Maharashtra,Other
2006-03-01,Rice,3,Thane,FAQ,Palghar,1471,1030,1250,Maharashtra,1009 Kar
2006-03-01,Rice,3,Thane,FAQ,Vasai,1130,970,1000,Maharashtra,1009 Kar
2006-03-01,Rice,3,Mumbai,FAQ,Mumbai,5801,1085,3443,Maharashtra,1009 Kar
2006-03-01,Rice,3,Bhandara,FAQ,Tumsar,1280,1165,1220,Maharashtra,Other
2006-03-02,Rice,3,Nagpur,FAQ,Nagpur,1025,950,1000,Maharashtra,Other
2006-03-02,Rice,3,Kolhapur,FAQ,Kolhapur(Laxmipuri),1400,800,1100,Maharashtra,1009 Kar
2006-03-02,Rice,3,Raigad,FAQ,Alibagh,1700,1600,1650,Maharashtra,Other
2006-03-02,Rice,3,Ratnagiri,FAQ,Ratnagiri (Nachane),2800,950,1300,Maharashtra,1009 Kar
2006-03-03,Rice,3,Pune,FAQ,Pune,4500,1000,2750,Maharashtra,1009 Kar
2006-03-03,Rice,3,Ahmednagar,FAQ,Karjat,1200,900,1000,Maharashtra,1009 Kar
2006-03-03,Rice,3,Ratnagiri,FAQ,Ratnagiri (Nachane),2800,950,1300,Maharashtra,1009 Kar
2006-03-03,Rice,3,Raigad,FAQ,Mangaon,1500,1000,1250,Maharashtra,Other
2006-03-04,Rice,3,Sangli,FAQ,Sangli,4000,950,2300,Maharashtra,Other
2006-03-04,Rice,3,Raigad,FAQ,Alibagh,960,900,925,Maharashtra,1009 Kar
2006-03-04,Rice,3,Raigad,FAQ,Alibagh,1700,1600,1650,Maharashtra,Other
2006-03-05,Rice,3,Bhandara,FAQ,Tumsar,1300,1175,1200,Maharashtra,Other
2006-03-07,Rice,3,Ratnagiri,FAQ,Ratnagiri (Nachane),2800,950,1300,Maharashtra,1009 Kar
2006-03-07,Rice,3,Raigad,FAQ,Mangaon,1600,1000,1250,Maharashtra,Other
2006-03-07,Rice,3,Gadchiroli,FAQ,Aheri,750,750,750,Maharashtra,Other
2006-03-07,Rice,3,Kolhapur,FAQ,Kolhapur(Laxmipuri),1600,800,1200,Maharashtra,1009 Kar
2006-03-08,Rice,3,Kolhapur,FAQ,Kolhapur(Laxmipuri),1450,800,1150,Maharashtra,1009 Kar
2006-03-08,Rice,3,Sholapur,FAQ,Solapur,1800,830,1260,Maharashtra,Other
2006-03-08,Rice,3,Nagpur,FAQ,Nagpur,1350,1150,1250,Maharashtra,Other
2006-03-08,Rice,3,Thane,FAQ,Palghar,1811,822,1317,Maharashtra,1009 Kar
2006-03-08,Rice,3,Thane,FAQ,Kalyan,1125,1050,1087,Maharashtra,Other
2006-03-09,Rice,3,Raigad,FAQ,Mangaon,1650,1000,1250,Maharashtra,Other
2006-03-09,Rice,3,Nashik,FAQ,Kalvan,1700,1600,1700,Maharashtra,1009 Kar
2006-03-09,Rice,3,Raigad,FAQ,Alibagh,1700,1600,1650,Maharashtra,Other
2006-03-09,Rice,3,Ahmednagar,FAQ,Karjat,1500,900,1100,Maharashtra,1009 Kar
2006-03-10,Rice,3,Nagpur,FAQ,Nagpur,1350,1150,1250,Maharashtra,Other
2006-03-10,Rice,3,Ahmednagar,FAQ,Karjat,1550,900,1150,Maharashtra,1009 Kar
2006-03-10,Rice,3,Raigad,FAQ,Alibagh,960,900,925,Maharashtra,1009 Kar
2006-03-10,Rice,3,Gondiya,FAQ,Arjuni,830,830,830,Maharashtra,Other
2006-03-11,Rice,3,Thane,FAQ,Kalyan,1125,1050,1087,Maharashtra,Other
2006-03-11,Rice,3,Raigad,FAQ,Pen,1450,1130,1250,Maharashtra,Other
2006-03-11,Rice,3,Gondiya,FAQ,Arjuni,850,850,850,Maharashtra,Other
2006-03-11,Rice,3,Sangli,FAQ,Sangli,4000,800,2400,Maharashtra,Other
2006-03-11,Rice,3,Sholapur,FAQ,Solapur,1800,830,1260,Maharashtra,Other
2006-03-12,Rice,3,Thane,FAQ,Palghar,1505,1000,1252,Maharashtra,1009 Kar
2006-03-13,Rice,3,Nagpur,FAQ,Nagpur,1350,1150,1250,Maharashtra,Other
2006-03-13,Rice,3,Raigad,FAQ,Alibagh,1700,1600,1650,Maharashtra,Other
2006-03-13,Rice,3,Sangli,FAQ,Sangli,3800,900,2300,Maharashtra,Other
2006-03-14,Rice,3,Sholapur,FAQ,Solapur,1825,850,1275,Maharashtra,Other
2006-03-14,Rice,3,Kolhapur,FAQ,Kolhapur(Laxmipuri),1500,800,1150,Maharashtra,1009 Kar
2006-03-14,Rice,3,Raigad,FAQ,Alibagh,1700,1600,1650,Maharashtra,Other
2006-03-14,Rice,3,Ahmednagar,FAQ,Karjat,1600,900,1150,Maharashtra,1009 Kar
2006-03-14,Rice,3,Thane,FAQ,Palghar,2400,931,1665,Maharashtra,1009 Kar
2006-03-14,Rice,3,Pune,FAQ,Pune,4550,1000,2575,Maharashtra,1009 Kar
2006-03-16,Rice,3,Sangli,FAQ,Sangli,3700,900,2250,Maharashtra,Other
2006-03-16,Rice,3,Raigad,FAQ,Alibagh,960,900,925,Maharashtra,1009 Kar
2006-03-16,Rice,3,Kolhapur,FAQ,Kolhapur(Laxmipuri),1800,1000,1450,Maharashtra,1009 Kar
2006-03-17,Rice,3,Raigad,FAQ,Alibagh,960,900,925,Maharashtra,1009 Kar
2006-03-17,Rice,3,Raigad,FAQ,Mangaon,1650,1000,1400,Maharashtra,Other
2006-03-17,Rice,3,Buldhana,FAQ,Malkapur,1351,1351,1351,Maharashtra,Other
2006-03-17,Rice,3,Kolhapur,FAQ,Kolhapur(Laxmipuri),1800,1000,1300,Maharashtra,1009 Kar
2006-03-18,Rice,3,Raigad,FAQ,Mangaon,1650,1000,1450,Maharashtra,Other
2006-03-18,Rice,3,Gondiya,FAQ,Arjuni,850,850,850,Maharashtra,Other
2006-03-20,Rice,3,Chandrapur,FAQ,Varora,1100,700,1000,Maharashtra,1009 Kar
2006-03-20,Rice,3,Raigad,FAQ,Mangaon,1700,1000,1350,Maharashtra,Other
2006-03-20,Rice,3,Thane,FAQ,Vasai,1400,950,1200,Maharashtra,1009 Kar
2006-03-20,Rice,3,Ratnagiri,FAQ,Ratnagiri (Nachane),2800,950,1300,Maharashtra,1009 Kar
2006-03-20,Rice,3,Pune,FAQ,Pune,5000,1000,3000,Maharashtra,1009 Kar
2006-03-21,Rice,3,Chandrapur,FAQ,Varora,1100,690,1000,Maharashtra,1009 Kar
2006-03-21,Rice,3,Kolhapur,FAQ,Kolhapur(Laxmipuri),1600,900,1250,Maharashtra,1009 Kar
2006-03-22,Rice,3,Sangli,FAQ,Sangli,3800,950,2200,Maharashtra,Other
2006-03-22,Rice,3,Ahmednagar,FAQ,Karjat,1600,900,1150,Maharashtra,1009 Kar
2006-03-22,Rice,3,Mumbai,FAQ,Mumbai,5801,1085,3443,Maharashtra,1009 Kar
2006-03-23,Rice,3,Raigad,FAQ,Panvel,1600,1000,1300,Maharashtra,1009 Kar
2006-03-23,Rice,3,Nashik,FAQ,Kalvan,1511,1511,1511,Maharashtra,1009 Kar
2006-03-23,Rice,3,Nagpur,FAQ,Nagpur,1350,1150,1250,Maharashtra,Other
2006-03-24,Rice,3,Ahmednagar,FAQ,Akole,1600,900,1300,Maharashtra,1009 Kar
2006-03-24,Rice,3,Ahmednagar,FAQ,Karjat,1600,900,1150,Maharashtra,1009 Kar
2006-03-24,Rice,3,Raigad,FAQ,Pen,1450,1160,1250,Maharashtra,Other
2006-03-24,Rice,3,Pune,FAQ,Pune,5000,1050,3025,Maharashtra,1009 Kar
2006-03-25,Rice,3,Sangli,FAQ,Sangli,3800,750,2250,Maharashtra,Other
2006-03-25,Rice,3,Sholapur,FAQ,Solapur,1800,830,1260,Maharashtra,Other
2006-03-27,Rice,3,Sholapur,FAQ,Solapur,1897,825,1260,Maharashtra,Other
2006-03-27,Rice,3,Ratnagiri,FAQ,Ratnagiri (Nachane),2800,950,1300,Maharashtra,1009 Kar
2006-03-28,Rice,3,Raigad,FAQ,Mangaon,1500,1000,1250,Maharashtra,Other
2006-03-28,Rice,3,Nagpur,FAQ,Nagpur,1350,1150,1250,Maharashtra,Other
2006-03-28,Rice,3,Sholapur,FAQ,Solapur,1825,800,1260,Maharashtra,Other
2006-03-28,Rice,3,Ratnagiri,FAQ,Ratnagiri (Nachane),2800,950,1300,Maharashtra,1009 Kar
2006-03-29,Rice,3,Raigad,FAQ,Panvel,1600,1000,1300,Maharashtra,1009 Kar
2006-03-29,Rice,3,Kolhapur,FAQ,Kolhapur(Laxmipuri),1600,900,1250,Maharashtra,1009 Kar
2006-03-31,Rice,3,Raigad,FAQ,Mangaon,1700,1000,1450,Maharashtra,Other
2006-03-31,Rice,3,Sangli,FAQ,Sangli,4000,750,2350,Maharashtra,Other
2006-03-31,Rice,3,Gadchiroli,FAQ,Aheri,750,750,750,Maharashtra,Other
2006-04-01,Rice,3,Sangli,FAQ,Sangli,4000,750,2350,Maharashtra,Other
2006-04-01,Rice,3,Raigad,FAQ,Pen,1470,1140,1260,Maharashtra,Other
2006-04-01,Rice,3,Nagpur,FAQ,Nagpur,1350,1150,1250,Maharashtra,Other
2006-04-04,Rice,3,Raigad,FAQ,Alibagh,960,900,925,Maharashtra,1009 Kar
2006-04-04,Rice,3,Raigad,FAQ,Mangaon,1750,1050,1500,Maharashtra,Other
2006-04-04,Rice,3,Sholapur,FAQ,Solapur,1850,850,1280,Maharashtra,Other
2006-04-04,Rice,3,Gadchiroli,FAQ,Aheri,750,750,750,Maharashtra,Other
2006-04-04,Rice,3,Sangli,FAQ,Sangli,4000,800,2350,Maharashtra,Other
2006-04-04,Rice,3,Raigad,FAQ,Alibagh,1700,1600,1650,Maharashtra,Other
2006-04-05,Rice,3,Raigad,FAQ,Mangaon,1700,1050,1450,Maharashtra,Other
2006-04-05,Rice,3,Mumbai,FAQ,Mumbai,5801,1050,3426,Maharashtra,1009 Kar
2006-04-05,Rice,3,Gadchiroli,FAQ,Aheri,750,750,750,Maharashtra,Other
2006-04-06,Rice,3,Thane,FAQ,Palghar,1361,798,1080,Maharashtra,1009 Kar
2006-04-06,Rice,3,Gondiya,FAQ,Arjuni,550,550,550,Maharashtra,Other
2006-04-07,Rice,3,Raigad,FAQ,Alibagh,1700,1600,1650,Maharashtra,Other
2006-04-07,Rice,3,Kolhapur,FAQ,Kolhapur(Laxmipuri),1600,900,1250,Maharashtra,1009 Kar
2006-04-07,Rice,3,Ahmednagar,FAQ,Karjat,1300,950,1250,Maharashtra,1009 Kar
2006-04-07,Rice,3,Raigad,FAQ,Panvel,1600,1000,1300,Maharashtra,1009 Kar
2006-04-08,Rice,3,Jalgaon,FAQ,Jalgaon,811,811,811,Maharashtra,Other
2006-04-09,Rice,3,Thane,FAQ,Palghar,1330,949,1140,Maharashtra,1009 Kar
2006-04-09,Rice,3,Thane,FAQ,Vasai,1500,1050,1400,Maharashtra,1009 Kar
2006-04-09,Rice,3,Gondiya,FAQ,Arjuni,850,850,850,Maharashtra,Other
2006-04-10,Rice,3,Raigad,FAQ,Panvel,1600,1000,1300,Maharashtra,1009 Kar
2006-04-10,Rice,3,Gondiya,FAQ,Arjuni,850,850,850,Maharashtra,Other
2006-04-10,Rice,3,Sholapur,FAQ,Solapur,1850,875,1280,Maharashtra,Other
2006-04-10,Rice,3,Mumbai,FAQ,Mumbai,5501,1001,3251,Maharashtra,1009 Kar
2006-04-10,Rice,3,Raigad,FAQ,Mangaon,1600,950,1400,Maharashtra,Other
2006-04-12,Rice,3,Ahmednagar,FAQ,Karjat,1550,900,1100,Maharashtra,1009 Kar
2006-04-12,Rice,3,Mumbai,FAQ,Mumbai,5501,1001,3251,Maharashtra,1009 Kar
2006-04-12,Rice,3,Raigad,FAQ,Alibagh,960,900,925,Maharashtra,1009 Kar
2006-04-13,Rice,3,Ratnagiri,FAQ,Ratnagiri (Nachane),2800,950,1300,Maharashtra,1009 Kar
2006-04-13,Rice,3,Amarawati,FAQ,Achalpur,1200,800,1000,Maharashtra,1009 Kar
2006-04-14,Rice,3,Thane,FAQ,Kalyan,1100,1000,1050,Maharashtra,Other
2006-04-14,Rice,3,Gondiya,FAQ,Arjuni,850,850,850,Maharashtra,1009 Kar
2006-04-15,Rice,3,Sangli,FAQ,Sangli,4000,800,2350,Maharashtra,Other
2006-04-17,Rice,3,Kolhapur,FAQ,Kolhapur(Laxmipuri),1650,1000,1250,Maharashtra,1009 Kar
2006-04-17,Rice,3,Thane,FAQ,Vasai,1475,1025,1200,Maharashtra,1009 Kar
2006-04-17,Rice,3,Sangli,FAQ,Sangli,4000,800,2350,Maharashtra,Other
2006-04-18,Rice,3,Raigad,FAQ,Alibagh,1700,1600,1650,Maharashtra,Other
2006-04-18,Rice,3,Raigad,FAQ,Mangaon,1650,950,1250,Maharashtra,Other
2006-04-18,Rice,3,Thane,FAQ,Vasai,1625,1050,1350,Maharashtra,1009 Kar
2006-04-19,Rice,3,Raigad,FAQ,Mangaon,1550,950,1250,Maharashtra,Other
2006-04-19,Rice,3,Raigad,FAQ,Alibagh,960,900,925,Maharashtra,1009 Kar
2006-04-19,Rice,3,Nagpur,FAQ,Nagpur,1350,1150,1250,Maharashtra,Other
2006-04-19,Rice,3,Pune,FAQ,Pune,4000,1050,2525,Maharashtra,1009 Kar
2006-04-20,Rice,3,Thane,FAQ,Vasai,1600,1051,1350,Maharashtra,1009 Kar
2006-04-20,Rice,3,Ahmednagar,FAQ,Karjat,1100,950,1100,Maharashtra,1009 Kar
2006-04-20,Rice,3,Raigad,FAQ,Pen,1460,1130,1240,Maharashtra,Other
2006-04-21,Rice,3,Pune,FAQ,Pune,4200,1050,2625,Maharashtra,1009 Kar
2006-04-21,Rice,3,Raigad,FAQ,Panvel,1600,1000,1300,Maharashtra,1009 Kar
2006-04-21,Rice,3,Gondiya,FAQ,Arjuni,830,830,830,Maharashtra,Other
2006-04-22,Rice,3,Thane,FAQ,Kalyan,1150,1050,1100,Maharashtra,Other
2006-04-22,Rice,3,Nagpur,FAQ,Nagpur,1350,1150,1250,Maharashtra,Other
2006-04-22,Rice,3,Thane,FAQ,Vasai,1311,934,1200,Maharashtra,1009 Kar
2006-04-22,Rice,3,Gondiya,FAQ,Arjuni,850,850,850,Maharashtra,Other
2006-04-23,Rice,3,Thane,FAQ,Vasai,1354,1051,1250,Maharashtra,1009 Kar
2006-04-24,Rice,3,Raigad,FAQ,Panvel,1600,1000,1300,Maharashtra,1009 Kar
2006-04-24,Rice,3,Ahmednagar,FAQ,Karjat,1250,950,1185,Maharashtra,1009 Kar
2006-04-25,Rice,3,Ahmednagar,FAQ,Karjat,1550,900,1100,Maharashtra,1009 Kar
2006-04-26,Rice,3,Sholapur,FAQ,Solapur,1850,880,1275,Maharashtra,Other
2006-04-27,Rice,3,Amarawati,FAQ,Achalpur,1200,800,1000,Maharashtra,1009 Kar
2006-04-27,Rice,3,Thane,FAQ,Kalyan,1150,1050,1100,Maharashtra,Other
2006-04-27,Rice,3,Raigad,FAQ,Alibagh,960,900,925,Maharashtra,1009 Kar
2006-04-27,Rice,3,Ahmednagar,FAQ,Karjat,1600,900,1150,Maharashtra,1009 Kar
2006-04-27,Rice,3,Nagpur,FAQ,Umared,1250,1000,1150,Maharashtra,1009 Kar
2006-04-28,Rice,3,Thane,FAQ,Vasai,1485,970,1250,Maharashtra,1009 Kar
2006-04-28,Rice,3,Raigad,FAQ,Alibagh,960,900,925,Maharashtra,1009 Kar
2006-04-28,Rice,3,Kolhapur,FAQ,Kolhapur(Laxmipuri),1700,975,1250,Maharashtra,1009 Kar
2006-04-29,Rice,3,Ahmednagar,FAQ,Karjat,1350,950,1200,Maharashtra,1009 Kar
2006-04-29,Rice,3,Gondiya,FAQ,Arjuni,850,850,850,Maharashtra,Other
2006-04-29,Rice,3,Kolhapur,FAQ,Kolhapur(Laxmipuri),1700,950,1275,Maharashtra,1009 Kar
2006-05-02,Rice,3,Raigad,FAQ,Pen,1470,1140,1270,Maharashtra,Other
2006-05-02,Rice,3,Nandurbar,FAQ,Nandurbar,850,850,850,Maharashtra,1009 Kar
2006-05-02,Rice,3,Ahmednagar,FAQ,Karjat,1400,1000,1250,Maharashtra,1009 Kar
2006-05-03,Rice,3,Raigad,FAQ,Pen,1450,1120,1250,Maharashtra,Other
2006-05-04,Rice,3,Nagpur,FAQ,Umared,1300,1000,1150,Maharashtra,1009 Kar
2006-05-04,Rice,3,Sholapur,FAQ,Solapur,1860,850,1275,Maharashtra,Other
2006-05-04,Rice,3,Raigad,FAQ,Panvel,1600,1000,1300,Maharashtra,1009 Kar
2006-05-05,Rice,3,Kolhapur,FAQ,Kolhapur,1800,1025,1275,Maharashtra,1009 Kar
2006-05-05,Rice,3,Raigad,FAQ,Panvel,1600,1000,1300,Maharashtra,1009 Kar
2006-05-06,Rice,3,Kolhapur,FAQ,Kolhapur,1750,1000,1250,Maharashtra,1009 Kar
2006-05-06,Rice,3,Pune,FAQ,Pune,4500,2000,4000,Maharashtra,1009 Kar
2006-05-06,Rice,3,Thane,FAQ,Vasai,1500,975,1250,Maharashtra,1009 Kar
2006-05-08,Rice,3,Ratnagiri,FAQ,Ratnagiri (Nachane),2800,950,1300,Maharashtra,1009 Kar
2006-05-08,Rice,3,Mumbai,FAQ,Mumbai,3600,1051,2325,Maharashtra,1009 Kar
2006-05-08,Rice,3,Kolhapur,FAQ,Kolhapur,1750,1000,1250,Maharashtra,1009 Kar
2006-05-08,Rice,3,Gadchiroli,FAQ,Aheri,750,750,750,Maharashtra,Other
2006-05-10,Rice,3,Sholapur,FAQ,Solapur,1870,875,1275,Maharashtra,Other
2006-05-11,Rice,3,Sangli,FAQ,Sangli,4000,800,2400,Maharashtra,Other
2006-05-11,Rice,3,Gondiya,FAQ,Arjuni,850,850,850,Maharashtra,Other
2006-05-12,Rice,3,Raigad,FAQ,Panvel,1600,1000,1300,Maharashtra,1009 Kar
2006-05-12,Rice,3,Thane,FAQ,Vasai,1550,951,1275,Maharashtra,1009 Kar
2006-05-13,Rice,3,Mumbai,FAQ,Mumbai,5801,1085,3443,Maharashtra,1009 Kar
2006-05-13,Rice,3,Kolhapur,FAQ,Kolhapur(Laxmipuri),1600,975,1250,Maharashtra,1009 Kar
2006-05-15,Rice,3,Sangli,FAQ,Sangli,4000,800,2400,Maharashtra,Other
2006-05-15,Rice,3,Raigad,FAQ,Alibagh,1700,1600,1650,Maharashtra,Other
2006-05-15,Rice,3,Thane,FAQ,Vasai,1450,1050,1200,Maharashtra,1009 Kar
2006-05-16,Rice,3,Gondiya,FAQ,Arjuni,830,830,830,Maharashtra,Other
2006-05-16,Rice,3,Nagpur,FAQ,Nagpur,1420,1160,1320,Maharashtra,Other
2006-05-17,Rice,3,Gondiya,FAQ,Arjuni,830,830,830,Maharashtra,Other
2006-05-17,Rice,3,Raigad,FAQ,Panvel,1700,1000,1350,Maharashtra,1009 Kar
2006-05-17,Rice,3,Nagpur,FAQ,Nagpur,1350,1150,1250,Maharashtra,Other
2006-05-17,Rice,3,Nanded,FAQ,Bhokar,900,900,900,Maharashtra,1009 Kar
2006-05-18,Rice,3,Pune,FAQ,Pune,3500,1100,2300,Maharashtra,1009 Kar
2006-05-18,Rice,3,Sholapur,FAQ,Solapur,1850,875,1270,Maharashtra,Other
2006-05-18,Rice,3,Nandurbar,FAQ,Nandurbar,800,800,800,Maharashtra,1009 Kar
2006-05-18,Rice,3,Ratnagiri,FAQ,Ratnagiri (Nachane),2800,950,1300,Maharashtra,1009 Kar
2006-05-19,Rice,3,Raigad,FAQ,Pen,1450,1100,1250,Maharashtra,Other
2006-05-19,Rice,3,Sangli,FAQ,Sangli,4000,800,2400,Maharashtra,Other
2006-05-19,Rice,3,Mumbai,FAQ,Mumbai,3400,1050,2225,Maharashtra,1009 Kar
2006-05-19,Rice,3,Kolhapur,FAQ,Kolhapur(Laxmipuri),1500,1000,1250,Maharashtra,1009 Kar
2006-05-19,Rice,3,Sholapur,FAQ,Solapur,1850,870,1275,Maharashtra,Other
2006-05-20,Rice,3,Gondiya,FAQ,Arjuni,500,500,500,Maharashtra,Other
2006-05-20,Rice,3,Raigad,FAQ,Panvel,1700,1000,1350,Maharashtra,1009 Kar
2006-05-21,Rice,3,Gondiya,FAQ,Arjuni,850,850,850,Maharashtra,Other
2006-05-22,Rice,3,Raigad,FAQ,Mangaon,1650,1000,1350,Maharashtra,Other
2006-05-22,Rice,3,Raigad,FAQ,Alibagh,1700,1600,1650,Maharashtra,Other
2006-05-22,Rice,3,Pune,FAQ,Pune,4500,1000,2750,Maharashtra,1009 Kar
2006-05-22,Rice,3,Raigad,FAQ,Alibagh,960,900,925,Maharashtra,1009 Kar
2006-05-22,Rice,3,Thane,FAQ,Vasai,1420,1025,1200,Maharashtra,1009 Kar
2006-05-22,Rice,3,Kolhapur,FAQ,Kolhapur(Laxmipuri),1500,950,1250,Maharashtra,1009 Kar
2006-05-23,Rice,3,Gondiya,FAQ,Arjuni,550,550,550,Maharashtra,Other
2006-05-23,Rice,3,Thane,FAQ,Vasai,1530,1020,1200,Maharashtra,1009 Kar
2006-05-23,Rice,3,Sangli,FAQ,Sangli,4000,800,3700,Maharashtra,1009 Kar
2006-05-23,Rice,3,Ahmednagar,FAQ,Karjat,1350,1000,1280,Maharashtra,1009 Kar
2006-05-23,Rice,3,Raigad,FAQ,Alibagh,960,900,925,Maharashtra,1009 Kar
2006-05-23,Rice,3,Raigad,FAQ,Alibagh,1700,1600,1650,Maharashtra,Other
2006-05-24,Rice,3,Raigad,FAQ,Panvel,1700,1000,1350,Maharashtra,1009 Kar
2006-05-24,Rice,3,Pune,FAQ,Pune,4500,950,2725,Maharashtra,1009 Kar
2006-05-25,Rice,3,Pune,FAQ,Pune,4000,1000,2500,Maharashtra,1009 Kar
2006-05-25,Rice,3,Mumbai,FAQ,Mumbai,3500,975,2237,Maharashtra,1009 Kar
2006-05-25,Rice,3,Amarawati,FAQ,Achalpur,1200,900,1050,Maharashtra,1009 Kar
2006-05-26,Rice,3,Raigad,FAQ,Panvel,1700,1000,1350,Maharashtra,1009 Kar
2006-05-26,Rice,3,Raigad,FAQ,Mangaon,1750,1050,1550,Maharashtra,Other
2006-05-26,Rice,3,Pune,FAQ,Pune,4500,1000,2750,Maharashtra,1009 Kar
2006-05-27,Rice,3,Gondiya,FAQ,Arjuni,850,850,850,Maharashtra,Other
2006-05-27,Rice,3,Thane,FAQ,Vasai,1325,953,1200,Maharashtra,1009 Kar
2006-05-28,Rice,3,Gondiya,FAQ,Arjuni,850,850,850,Maharashtra,Other
2006-05-29,Rice,3,Kolhapur,FAQ,Kolhapur,1450,925,1225,Maharashtra,1009 Kar
2006-05-29,Rice,3,Raigad,FAQ,Alibagh,1700,1600,1650,Maharashtra,Other
2006-05-30,Rice,3,Thane,FAQ,Kalyan,1250,1150,1200,Maharashtra,Other
2006-05-30,Rice,3,Sangli,FAQ,Sangli,4000,800,2700,Maharashtra,Other
2006-05-31,Rice,3,Sangli,FAQ,Sangli,4000,800,2700,Maharashtra,Other
2006-05-31,Rice,3,Kolhapur,FAQ,Kolhapur,1450,900,1250,Maharashtra,1009 Kar
2006-05-31,Rice,3,Mumbai,FAQ,Mumbai,3500,985,2242,Maharashtra,1009 Kar
2006-06-01,Rice,3,Raigad,FAQ,Khalapur (Shil-Phata),1100,1000,1060,Maharashtra,1009 Kar
2006-06-01,Rice,3,Mumbai,FAQ,Mumbai,3500,985,2242,Maharashtra,1009 Kar
2006-06-01,Rice,3,Ratnagiri,FAQ,Ratnagiri (Nachane),2800,950,1300,Maharashtra,1009 Kar
2006-06-03,Rice,3,Raigad,FAQ,Pen,1490,1120,1270,Maharashtra,Other
2006-06-03,Rice,3,Kolhapur,FAQ,Kolhapur,1450,900,1250,Maharashtra,1009 Kar
2006-06-03,Rice,3,Thane,FAQ,Vasai,1450,1050,1230,Maharashtra,1009 Kar
2006-06-05,Rice,3,Pune,FAQ,Pune,3500,1100,2300,Maharashtra,1009 Kar
2006-06-06,Rice,3,Ratnagiri,FAQ,Ratnagiri (Nachane),2800,950,1300,Maharashtra,1009 Kar
2006-06-06,Rice,3,Raigad,FAQ,Mangaon,1700,1050,1450,Maharashtra,Other
2006-06-06,Rice,3,Thane,FAQ,Vasai,1681,1025,1250,Maharashtra,1009 Kar
2006-06-06,Rice,3,Nandurbar,FAQ,Shahada,4000,800,3300,Maharashtra,Other
2006-06-07,Rice,3,Nandurbar,FAQ,Shahada,4000,700,3600,Maharashtra,Other
2006-06-08,Rice,3,Ratnagiri,FAQ,Ratnagiri (Nachane),2800,950,1300,Maharashtra,1009 Kar
2006-06-08,Rice,3,Sholapur,FAQ,Solapur,1870,875,1275,Maharashtra,Other
2006-06-08,Rice,3,Nandurbar,FAQ,Shahada,4000,800,3100,Maharashtra,1009 Kar
2006-06-10,Rice,3,Mumbai,FAQ,Mumbai,3500,975,2237,Maharashtra,1009 Kar
2006-06-10,Rice,3,Sholapur,FAQ,Solapur,1870,875,1275,Maharashtra,Other
2006-06-10,Rice,3,Pune,FAQ,Pune,4000,1100,2550,Maharashtra,1009 Kar
2006-06-10,Rice,3,Thane,FAQ,Kalyan,1340,1120,1230,Maharashtra,Other
2006-06-12,Rice,3,Nagpur,FAQ,Nagpur,1450,1300,1375,Maharashtra,Other
2006-06-13,Rice,3,Mumbai,FAQ,Mumbai,3500,1050,2275,Maharashtra,1009 Kar
2006-06-13,Rice,3,Thane,FAQ,Ulhasnagar,2400,1600,2100,Maharashtra,Other
2006-06-13,Rice,3,Ahmednagar,FAQ,Karjat,1550,900,1150,Maharashtra,1009 Kar
2006-06-13,Rice,3,Sholapur,FAQ,Solapur,1875,880,1280,Maharashtra,Other
2006-06-13,Rice,3,Pune,FAQ,Pune,4500,900,2700,Maharashtra,1009 Kar
2006-06-13,Rice,3,Nashik,FAQ,Lasalgaon,1000,1000,1000,Maharashtra,Other
2006-06-14,Rice,3,Ratnagiri,FAQ,Ratnagiri (Nachane),2800,950,1300,Maharashtra,1009 Kar
2006-06-14,Rice,3,Gondiya,FAQ,Arjuni,850,850,850,Maharashtra,Other
2006-06-14,Rice,3,Raigad,FAQ,Alibagh,1000,900,950,Maharashtra,Other
2006-06-15,Rice,3,Sholapur,FAQ,Solapur,1870,875,1280,Maharashtra,Other
2006-06-15,Rice,3,Raigad,FAQ,Alibagh,1000,900,950,Maharashtra,Other
2006-06-16,Rice,3,Raigad,FAQ,Alibagh,1000,900,950,Maharashtra,Other
2006-06-16,Rice,3,Thane,FAQ,Ulhasnagar,2400,1600,2100,Maharashtra,Other
2006-06-16,Rice,3,Raigad,FAQ,Mangaon,1650,950,1250,Maharashtra,Other
2006-06-17,Rice,3,Bhandara,FAQ,Tumsar,1050,950,1000,Maharashtra,Other
2006-06-17,Rice,3,Nagpur,FAQ,Nagpur,1450,1325,1400,Maharashtra,Other
2006-06-17,Rice,3,Ratnagiri,FAQ,Ratnagiri (Nachane),2800,950,1300,Maharashtra,1009 Kar
2006-06-17,Rice,3,Gondiya,FAQ,Arjuni,850,850,850,Maharashtra,Other
2006-06-17,Rice,3,Raigad,FAQ,Pen,1430,1100,1250,Maharashtra,Other
2006-06-17,Rice,3,Gadchiroli,FAQ,Aheri,750,750,750,Maharashtra,Other
2006-06-19,Rice,3,Gadchiroli,FAQ,Aheri,750,750,750,Maharashtra,1009 Kar
2006-06-19,Rice,3,Raigad,FAQ,Pen,1480,1120,1270,Maharashtra,Other
2006-06-20,Rice,3,Thane,FAQ,Palghar,1591,1095,1343,Maharashtra,1009 Kar
2006-06-20,Rice,3,Sangli,FAQ,Sangli,3700,800,2800,Maharashtra,Other
2006-06-21,Rice,3,Thane,FAQ,Vasai,1561,1025,1350,Maharashtra,1009 Kar
2006-06-22,Rice,3,Bhandara,FAQ,Bhandara,1325,1100,1250,Maharashtra,Other
2006-06-22,Rice,3,Raigad,FAQ,Alibagh,1000,900,950,Maharashtra,Other
2006-06-22,Rice,3,Mumbai,FAQ,Mumbai,3500,1051,2275,Maharashtra,1009 Kar
2006-06-22,Rice,3,Bhandara,FAQ,Tumsar,1301,1301,1301,Maharashtra,Other
2006-06-23,Rice,3,Raigad,FAQ,Panvel,1700,1000,1350,Maharashtra,1009 Kar
2006-06-23,Rice,3,Bhandara,FAQ,Bhandara,1250,1250,1250,Maharashtra,Other
2006-06-24,Rice,3,Sholapur,FAQ,Solapur,1850,875,1275,Maharashtra,Other
2006-06-24,Rice,3,Bhandara,FAQ,Tumsar,1280,1280,1280,Maharashtra,Other
2006-06-24,Rice,3,Pune,FAQ,Pune,5000,1000,3000,Maharashtra,1009 Kar
2006-06-24,Rice,3,Bhandara,FAQ,Bhandara,1360,1340,1340,Maharashtra,Other
2006-06-26,Rice,3,Thane,FAQ,Palghar,1007,991,999,Maharashtra,1009 Kar
2006-06-26,Rice,3,Sholapur,FAQ,Solapur,1860,875,1280,Maharashtra,Other
2006-06-27,Rice,3,Raigad,FAQ,Panvel,1700,1000,1350,Maharashtra,1009 Kar
2006-06-27,Rice,3,Raigad,FAQ,Pen,1460,1120,1250,Maharashtra,Other
2006-06-28,Rice,3,Gadchiroli,FAQ,Aheri,750,750,750,Maharashtra,1009 Kar
2006-06-28,Rice,3,Sangli,FAQ,Sangli,3900,900,2700,Maharashtra,Other
2006-06-28,Rice,3,Raigad,FAQ,Pen,1460,1100,1260,Maharashtra,Other
2006-06-29,Rice,3,Kolhapur,FAQ,Kolhapur,1400,950,1250,Maharashtra,1009 Kar
2006-06-30,Rice,3,Sangli,FAQ,Sangli,3600,700,2400,Maharashtra,Other
2006-06-30,Rice,3,Gondiya,FAQ,Arjuni,830,830,830,Maharashtra,Other
2006-07-01,Rice,3,Thane,FAQ,Ulhasnagar,2400,1600,2100,Maharashtra,Other
2006-07-02,Rice,3,Bhandara,FAQ,Tumsar,1288,1175,1240,Maharashtra,Other
2006-07-03,Rice,3,Sholapur,FAQ,Solapur,1890,875,1275,Maharashtra,Other
2006-07-03,Rice,3,Gondiya,FAQ,Arjuni,850,850,850,Maharashtra,Other
2006-07-04,Rice,3,Ahmednagar,FAQ,Karjat,1500,1000,1300,Maharashtra,1009 Kar
2006-07-04,Rice,3,Raigad,FAQ,Alibagh,1000,900,950,Maharashtra,1009 Kar
2006-07-05,Rice,3,Mumbai,FAQ,Mumbai,3500,1050,2275,Maharashtra,1009 Kar
2006-07-05,Rice,3,Thane,FAQ,Palghar,1161,1131,1146,Maharashtra,1009 Kar
2006-07-09,Rice,3,Thane,FAQ,Kalyan,1130,1050,1090,Maharashtra,Other
2006-07-10,Rice,3,Gadchiroli,FAQ,Aheri,750,750,750,Maharashtra,Other
2006-07-10,Rice,3,Kolhapur,FAQ,Kolhapur(Laxmipuri),1375,950,1250,Maharashtra,1009 Kar
2006-07-10,Rice,3,Mumbai,FAQ,Mumbai,3501,1050,2275,Maharashtra,1009 Kar
2006-07-11,Rice,3,Kolhapur,FAQ,Kolhapur,1375,950,1250,Maharashtra,1009 Kar
2006-07-11,Rice,3,Kolhapur,FAQ,Kolhapur(Laxmipuri),1375,950,1250,Maharashtra,1009 Kar
2006-07-11,Rice,3,Sangli,FAQ,Sangli,3800,850,2300,Maharashtra,Other
2006-07-11,Rice,3,Raigad,FAQ,Alibagh,1000,900,950,Maharashtra,Other
2006-07-12,Rice,3,Sholapur,FAQ,Solapur,1870,850,1275,Maharashtra,Other
2006-07-12,Rice,3,Pune,FAQ,Pune,4000,950,2475,Maharashtra,1009 Kar
2006-07-13,Rice,3,Bhandara,FAQ,Tumsar,1201,1201,1201,Maharashtra,Other
2006-07-14,Rice,3,Sangli,FAQ,Sangli,4000,700,2400,Maharashtra,Other
2006-07-14,Rice,3,Pune,FAQ,Pune,5000,1000,3000,Maharashtra,1009 Kar
2006-07-14,Rice,3,Gadchiroli,FAQ,Aheri,750,750,750,Maharashtra,Other
2006-07-15,Rice,3,Thane,FAQ,Vasai,1601,1025,1300,Maharashtra,1009 Kar
2006-07-15,Rice,3,Raigad,FAQ,Alibagh,1000,900,950,Maharashtra,Other
2006-07-15,Rice,3,Nagpur,FAQ,Nagpur,1450,930,1225,Maharashtra,1009 Kar
2006-07-15,Rice,3,Raigad,FAQ,Pen,1420,1100,1250,Maharashtra,Other
2006-07-17,Rice,3,Ahmednagar,FAQ,Karjat,1500,900,1100,Maharashtra,1009 Kar
2006-07-17,Rice,3,Bhandara,FAQ,Bhandara,1255,930,1050,Maharashtra,Other
2006-07-17,Rice,3,Kolhapur,FAQ,Kolhapur(Laxmipuri),1400,1000,1250,Maharashtra,1009 Kar
2006-07-18,Rice,3,Kolhapur,FAQ,Kolhapur(Laxmipuri),1500,1000,1225,Maharashtra,1009 Kar
2006-07-20,Rice,3,Raigad,FAQ,Pen,1440,1100,1220,Maharashtra,Other
2006-07-20,Rice,3,Amarawati,FAQ,Achalpur,1200,900,1050,Maharashtra,1009 Kar
2006-07-20,Rice,3,Pune,FAQ,Pune,4000,1000,2500,Maharashtra,1009 Kar
2006-07-21,Rice,3,Sholapur,FAQ,Solapur,1860,880,1280,Maharashtra,Other
2006-07-21,Rice,3,Sangli,FAQ,Sangli,4000,700,2400,Maharashtra,Other
2006-07-21,Rice,3,Kolhapur,FAQ,Kolhapur(Laxmipuri),1500,1025,1250,Maharashtra,1009 Kar
2006-07-21,Rice,3,Mumbai,FAQ,Mumbai,3700,985,2343,Maharashtra,1009 Kar
2006-07-21,Rice,3,Pune,FAQ,Pune,3675,1025,2350,Maharashtra,1009 Kar
2006-07-25,Rice,3,Bhandara,FAQ,Bhandara,1350,1330,1340,Maharashtra,Other
2006-07-25,Rice,3,Sholapur,FAQ,Solapur,1880,900,1275,Maharashtra,Other
2006-07-25,Rice,3,Nagpur,FAQ,Nagpur,1450,940,1200,Maharashtra,1009 Kar
2006-07-25,Rice,3,Mumbai,FAQ,Mumbai,3500,975,2237,Maharashtra,1009 Kar
2006-07-25,Rice,3,Pune,FAQ,Pune,4500,1000,2750,Maharashtra,1009 Kar
2006-07-26,Rice,3,Sholapur,FAQ,Solapur,1885,900,1280,Maharashtra,Other
2006-07-26,Rice,3,Kolhapur,FAQ,Kolhapur(Laxmipuri),1550,950,1250,Maharashtra,1009 Kar
2006-07-26,Rice,3,Nagpur,FAQ,Nagpur,1450,940,1200,Maharashtra,1009 Kar
2006-07-27,Rice,3,Kolhapur,FAQ,Kolhapur(Laxmipuri),1500,975,1200,Maharashtra,1009 Kar
2006-07-27,Rice,3,Sholapur,FAQ,Solapur,1880,900,1280,Maharashtra,Other
2006-07-27,Rice,3,Bhandara,FAQ,Tumsar,1350,1250,1300,Maharashtra,Other
2006-07-27,Rice,3,Mumbai,FAQ,Mumbai,3500,975,2237,Maharashtra,1009 Kar
2006-07-27,Rice,3,Ahmednagar,FAQ,Karjat,1500,900,1150,Maharashtra,1009 Kar
2006-07-28,Rice,3,Sangli,FAQ,Sangli,3900,700,2300,Maharashtra,Other
2006-07-28,Rice,3,Raigad,FAQ,Panvel,1700,1000,1350,Maharashtra,1009 Kar
2006-07-30,Rice,3,Thane,FAQ,Kalyan,1050,1000,1025,Maharashtra,Other
2006-07-31,Rice,3,Bhandara,FAQ,Tumsar,1320,1275,1300,Maharashtra,Other
2006-07-31,Rice,3,Pune,FAQ,Pune,3900,985,2437,Maharashtra,1009 Kar
2006-07-31,Rice,3,Raigad,FAQ,Alibagh,1000,900,950,Maharashtra,Other
2006-07-31,Rice,3,Mumbai,FAQ,Mumbai,3500,975,2237,Maharashtra,1009 Kar
2006-08-01,Rice,3,Kolhapur,FAQ,Kolhapur(Laxmipuri),1600,950,1250,Maharashtra,1009 Kar
2006-08-01,Rice,3,Sangli,FAQ,Sangli,4000,700,2400,Maharashtra,Other
2006-08-02,Rice,3,Raigad,FAQ,Pen,1480,1100,1260,Maharashtra,Other
2006-08-02,Rice,3,Thane,FAQ,Bhivandi,1800,1250,1525,Maharashtra,1009 Kar
2006-08-02,Rice,3,Gadchiroli,FAQ,Aheri,800,800,800,Maharashtra,Other
2006-08-03,Rice,3,Thane,FAQ,Kalyan,1050,1000,1025,Maharashtra,Other
2006-08-03,Rice,3,Thane,FAQ,Vasai,1430,947,1200,Maharashtra,1009 Kar
2006-08-03,Rice,3,Nagpur,FAQ,Nagpur,1450,940,1200,Maharashtra,1009 Kar
2006-08-03,Rice,3,Raigad,FAQ,Pen,1480,1100,1260,Maharashtra,Other
2006-08-05,Rice,3,Raigad,FAQ,Pen,1160,950,1000,Maharashtra,Other
2006-08-05,Rice,3,Sangli,FAQ,Sangli,3900,900,2400,Maharashtra,Other
2006-08-05,Rice,3,Bhandara,FAQ,Tumsar,1340,1126,1290,Maharashtra,Other
2006-08-05,Rice,3,Thane,FAQ,Kalyan,1050,1000,1025,Maharashtra,Other
2006-08-06,Rice,3,Thane,FAQ,Vasai,1430,980,1250,Maharashtra,1009 Kar
2006-08-06,Rice,3,Thane,FAQ,Kalyan,1050,1000,1025,Maharashtra,Other
2006-08-07,Rice,3,Pune,FAQ,Pune,4000,1050,2525,Maharashtra,1009 Kar
2006-08-07,Rice,3,Nagpur,FAQ,Nagpur,1450,950,1200,Maharashtra,1009 Kar
2006-08-07,Rice,3,Sangli,FAQ,Sangli,4000,700,2400,Maharashtra,Other
2006-08-07,Rice,3,Bhandara,FAQ,Bhandara,1300,1120,1200,Maharashtra,Other
2006-08-07,Rice,3,Kolhapur,FAQ,Kolhapur(Laxmipuri),1500,1000,1250,Maharashtra,1009 Kar
2006-08-08,Rice,3,Raigad,FAQ,Panvel,1800,1050,1425,Maharashtra,1009 Kar
2006-08-09,Rice,3,Ahmednagar,FAQ,Karjat,1500,900,1100,Maharashtra,1009 Kar
2006-08-09,Rice,3,Thane,FAQ,Vasai,1450,1020,1220,Maharashtra,1009 Kar
2006-08-09,Rice,3,Gondiya,FAQ,Arjuni,830,830,830,Maharashtra,Other
2006-08-10,Rice,3,Gondiya,FAQ,Arjuni,830,830,830,Maharashtra,Other
2006-08-10,Rice,3,Gadchiroli,FAQ,Aheri,800,800,800,Maharashtra,Other
2006-08-10,Rice,3,Raigad,FAQ,Pen,1160,950,1020,Maharashtra,Other
2006-08-10,Rice,3,Kolhapur,FAQ,Kolhapur(Laxmipuri),1500,1000,1225,Maharashtra,1009 Kar
2006-08-11,Rice,3,Kolhapur,FAQ,Kolhapur(Laxmipuri),1450,975,1200,Maharashtra,1009 Kar
2006-08-11,Rice,3,Mumbai,FAQ,Mumbai,3600,975,2287,Maharashtra,1009 Kar
2006-08-11,Rice,3,Sholapur,FAQ,Solapur,1875,880,1290,Maharashtra,Other
2006-08-12,Rice,3,Kolhapur,FAQ,Kolhapur(Laxmipuri),1400,950,1200,Maharashtra,1009 Kar
2006-08-12,Rice,3,Mumbai,FAQ,Mumbai,3600,975,2287,Maharashtra,1009 Kar
2006-08-12,Rice,3,Nagpur,FAQ,Nagpur,1450,950,1200,Maharashtra,1009 Kar
2006-08-14,Rice,3,Sangli,FAQ,Sangli,4000,700,2400,Maharashtra,Other
2006-08-14,Rice,3,Bhandara,FAQ,Tumsar,1260,1235,1235,Maharashtra,Other
2006-08-16,Rice,3,Nagpur,FAQ,Nagpur,1450,950,1200,Maharashtra,1009 Kar
2006-08-17,Rice,3,Raigad,FAQ,Pen,1460,1100,1260,Maharashtra,Other
2006-08-18,Rice,3,Kolhapur,FAQ,Kolhapur(Laxmipuri),1550,1000,1225,Maharashtra,1009 Kar
2006-08-18,Rice,3,Bhandara,FAQ,Tumsar,1402,1200,1360,Maharashtra,Other
2006-08-19,Rice,3,Bhandara,FAQ,Bhandara,1335,1200,1300,Maharashtra,Other
2006-08-19,Rice,3,Nagpur,FAQ,Nagpur,1450,950,1200,Maharashtra,1009 Kar
2006-08-21,Rice,3,Raigad,FAQ,Mangaon,1800,1200,1500,Maharashtra,Other
2006-08-21,Rice,3,Kolhapur,FAQ,Kolhapur(Laxmipuri),1500,975,1225,Maharashtra,1009 Kar
2006-08-21,Rice,3,Ahmednagar,FAQ,Karjat,1550,900,1100,Maharashtra,1009 Kar
2006-08-22,Rice,3,Gadchiroli,FAQ,Aheri,800,800,800,Maharashtra,Other
2006-08-23,Rice,3,Sholapur,FAQ,Solapur,1880,880,1300,Maharashtra,Other
2006-08-23,Rice,3,Nagpur,FAQ,Nagpur,1450,950,1200,Maharashtra,1009 Kar
2006-08-24,Rice,3,Raigad,FAQ,Pen,1460,1100,1250,Maharashtra,Other
2006-08-24,Rice,3,Sholapur,FAQ,Solapur,1870,875,1300,Maharashtra,Other
2006-08-25,Rice,3,Ahmednagar,FAQ,Karjat,1550,900,1100,Maharashtra,1009 Kar
2006-08-25,Rice,3,Pune,FAQ,Pune,4500,1000,2750,Maharashtra,1009 Kar
2006-08-25,Rice,3,Raigad,FAQ,Pen,1470,1100,1260,Maharashtra,Other
2006-08-25,Rice,3,Ahmednagar,FAQ,Akole,1425,1100,1265,Maharashtra,1009 Kar
2006-08-26,Rice,3,Ahmednagar,FAQ,Karjat,1500,900,1100,Maharashtra,1009 Kar
2006-08-26,Rice,3,Sangli,FAQ,Sangli,3800,950,2300,Maharashtra,Other
2006-08-28,Rice,3,Mumbai,FAQ,Mumbai,3800,1000,2400,Maharashtra,1009 Kar
2006-08-29,Rice,3,Raigad,FAQ,Panvel,1700,1000,1350,Maharashtra,1009 Kar
2006-08-30,Rice,3,Gadchiroli,FAQ,Aheri,800,800,800,Maharashtra,Other
2006-08-30,Rice,3,Bhandara,FAQ,Tumsar,1302,1280,1290,Maharashtra,Other
2006-08-31,Rice,3,Bhandara,FAQ,Bhandara,1190,1100,1160,Maharashtra,Other
2006-08-31,Rice,3,Mumbai,FAQ,Mumbai,3800,975,2387,Maharashtra,1009 Kar
2006-09-01,Rice,3,Gadchiroli,FAQ,Aheri,1200,1200,1200,Maharashtra,Other
2006-09-01,Rice,3,Pune,FAQ,Pune,4500,1000,2750,Maharashtra,1009 Kar
2006-09-01,Rice,3,Mumbai,FAQ,Mumbai,3800,975,2387,Maharashtra,1009 Kar
2006-09-01,Rice,3,Gondiya,FAQ,Arjuni,850,850,850,Maharashtra,Other
2006-09-04,Rice,3,Mumbai,FAQ,Mumbai,3800,975,2387,Maharashtra,1009 Kar
2006-09-04,Rice,3,Bhandara,FAQ,Bhandara,1370,1080,1270,Maharashtra,Other
2006-09-05,Rice,3,Thane,FAQ,Palghar,1601,925,1263,Maharashtra,1009 Kar
2006-09-05,Rice,3,Raigad,FAQ,Pen,1460,1100,1260,Maharashtra,Other
2006-09-05,Rice,3,Sangli,FAQ,Sangli,4000,800,2400,Maharashtra,Other
2006-09-06,Rice,3,Raigad,FAQ,Pen,1190,950,1040,Maharashtra,Other
2006-09-06,Rice,3,Bhandara,FAQ,Tumsar,1401,1300,1360,Maharashtra,Other
2006-09-07,Rice,3,Mumbai,FAQ,Mumbai,3900,1100,2500,Maharashtra,1009 Kar
2006-09-07,Rice,3,Amarawati,FAQ,Achalpur,1300,950,1125,Maharashtra,1009 Kar
2006-09-07,Rice,3,Thane,FAQ,Palghar,1295,1100,1197,Maharashtra,1009 Kar
2006-09-07,Rice,3,Thane,FAQ,Kalyan,1050,950,1000,Maharashtra,Other
2006-09-07,Rice,3,Pune,FAQ,Pune,4500,1000,2750,Maharashtra,1009 Kar
2006-09-07,Rice,3,Thane,FAQ,Bhivandi,1800,1250,1525,Maharashtra,1009 Kar
2006-09-07,Rice,3,Raigad,FAQ,Pen,1450,1100,1270,Maharashtra,Other
2006-09-08,Rice,3,Thane,FAQ,Vasai,1551,989,1200,Maharashtra,1009 Kar
2006-09-08,Rice,3,Nagpur,FAQ,Nagpur,1450,950,1200,Maharashtra,1009 Kar
2006-09-09,Rice,3,Ahmednagar,FAQ,Karjat,1500,900,1100,Maharashtra,1009 Kar
2006-09-10,Rice,3,Thane,FAQ,Vasai,1600,1016,1250,Maharashtra,1009 Kar
2006-09-11,Rice,3,Gondiya,FAQ,Arjuni,850,850,850,Maharashtra,1009 Kar
2006-09-11,Rice,3,Nashik,FAQ,Lasalgaon,1101,1101,1101,Maharashtra,Other
2006-09-11,Rice,3,Kolhapur,FAQ,Kolhapur(Laxmipuri),1575,1000,1250,Maharashtra,1009 Kar
2006-09-12,Rice,3,Raigad,FAQ,Pen,1480,1100,1270,Maharashtra,Other
2006-09-12,Rice,3,Sholapur,FAQ,Barshi,1675,1675,1675,Maharashtra,1009 Kar
2006-09-12,Rice,3,Bhandara,FAQ,Bhandara,1350,1275,1315,Maharashtra,Other
2006-09-12,Rice,3,Kolhapur,FAQ,Kolhapur(Laxmipuri),1650,1000,1250,Maharashtra,1009 Kar
2006-09-13,Rice,3,Thane,FAQ,Vasai,1600,1015,1250,Maharashtra,1009 Kar
2006-09-13,Rice,3,Bhandara,FAQ,Tumsar,1452,1380,1410,Maharashtra,Other
2006-09-13,Rice,3,Raigad,FAQ,Pen,1480,1100,1270,Maharashtra,Other
2006-09-13,Rice,3,Thane,FAQ,Bhivandi,1800,1250,1525,Maharashtra,1009 Kar
2006-09-14,Rice,3,Raigad,FAQ,Pen,1170,950,1040,Maharashtra,Other
2006-09-14,Rice,3,Nagpur,FAQ,Nagpur,1450,950,1200,Maharashtra,1009 Kar
2006-09-15,Rice,3,Sangli,FAQ,Sangli,4500,800,2500,Maharashtra,Other
2006-09-15,Rice,3,Ahmednagar,FAQ,Karjat,1500,900,1100,Maharashtra,1009 Kar
2006-09-15,Rice,3,Gadchiroli,FAQ,Aheri,500,500,500,Maharashtra,Other
2006-09-16,Rice,3,Sangli,FAQ,Sangli,4000,800,2400,Maharashtra,Other
2006-09-16,Rice,3,Sholapur,FAQ,Solapur,1900,925,1290,Maharashtra,Other
2006-09-17,Rice,3,Thane,FAQ,Kalyan,1000,950,975,Maharashtra,Other
2006-09-17,Rice,3,Thane,FAQ,Vasai,1511,1050,1250,Maharashtra,1009 Kar
2006-09-18,Rice,3,Sangli,FAQ,Sangli,4000,800,2400,Maharashtra,Other
2006-09-18,Rice,3,Mumbai,FAQ,Mumbai,3600,1100,2350,Maharashtra,1009 Kar
2006-09-18,Rice,3,Bhandara,FAQ,Tumsar,1460,1350,1400,Maharashtra,Other
2006-09-18,Rice,3,Bhandara,FAQ,Bhandara,1285,1110,1200,Maharashtra,Other
2006-09-18,Rice,3,Gadchiroli,FAQ,Aheri,500,500,500,Maharashtra,Other
2006-09-19,Rice,3,Bhandara,FAQ,Bhandara,1215,1090,1180,Maharashtra,Other
2006-09-19,Rice,3,Pune,FAQ,Pune,4500,1000,2750,Maharashtra,1009 Kar
2006-09-19,Rice,3,Thane,FAQ,Palghar,1096,1076,1086,Maharashtra,1009 Kar
2006-09-19,Rice,3,Gondiya,FAQ,Arjuni,550,550,550,Maharashtra,Other
2006-09-20,Rice,3,Thane,FAQ,Vasai,1561,1041,1250,Maharashtra,1009 Kar
2006-09-20,Rice,3,Gadchiroli,FAQ,Aheri,1200,1200,1200,Maharashtra,Other
2006-09-20,Rice,3,Gondiya,FAQ,Arjuni,600,600,600,Maharashtra,Other
2006-09-21,Rice,3,Ahmednagar,FAQ,Karjat,1500,900,1100,Maharashtra,1009 Kar
2006-09-21,Rice,3,Bhandara,FAQ,Tumsar,1465,1380,1420,Maharashtra,Other
2006-09-21,Rice,3,Gondiya,FAQ,Arjuni,850,850,850,Maharashtra,Other
2006-09-21,Rice,3,Raigad,FAQ,Pen,1460,1100,1250,Maharashtra,Other
2006-09-22,Rice,3,Sangli,FAQ,Sangli,4000,825,2500,Maharashtra,Other
2006-09-23,Rice,3,Mumbai,FAQ,Mumbai,3800,1000,2400,Maharashtra,1009 Kar
2006-09-23,Rice,3,Bhandara,FAQ,Tumsar,1450,1331,1380,Maharashtra,Other
2006-09-25,Rice,3,Pune,FAQ,Pune,4500,1000,2750,Maharashtra,1009 Kar
2006-09-25,Rice,3,Nagpur,FAQ,Nagpur,1450,980,1200,Maharashtra,1009 Kar
2006-09-26,Rice,3,Pune,FAQ,Pune,5000,1000,4587,Maharashtra,1009 Kar
2006-09-26,Rice,3,Thane,FAQ,Kalyan,1050,950,1000,Maharashtra,Other
2006-09-26,Rice,3,Nagpur,FAQ,Nagpur,1450,980,1200,Maharashtra,1009 Kar
2006-09-27,Rice,3,Pune,FAQ,Nira,1700,1000,1350,Maharashtra,1009 Kar
2006-09-29,Rice,3,Mumbai,FAQ,Mumbai,3800,1000,2400,Maharashtra,1009 Kar
2006-09-29,Rice,3,Sholapur,FAQ,Solapur,1850,900,1300,Maharashtra,Other
2006-09-29,Rice,3,Sangli,FAQ,Sangli,4000,800,2400,Maharashtra,Other
2006-09-30,Rice,3,Sangli,FAQ,Sangli,4200,850,2500,Maharashtra,Other
2006-10-02,Rice,3,Pune,FAQ,Pune,4100,1100,2600,Maharashtra,1009 Kar
2006-10-02,Rice,3,Thane,FAQ,Kalyan,1020,850,985,Maharashtra,Other
2006-10-03,Rice,3,Raigad,FAQ,Panvel,1700,1000,1350,Maharashtra,1009 Kar
2006-10-03,Rice,3,Ahmednagar,FAQ,Karjat,1500,900,1100,Maharashtra,1009 Kar
2006-10-04,Rice,3,Thane,FAQ,Kalyan,1050,950,1000,Maharashtra,Other
2006-10-04,Rice,3,Sholapur,FAQ,Solapur,1860,900,1300,Maharashtra,Other
2006-10-04,Rice,3,Raigad,FAQ,Pen,1180,950,1040,Maharashtra,Other
2006-10-04,Rice,3,Mumbai,FAQ,Mumbai,3800,1000,2400,Maharashtra,1009 Kar
2006-10-04,Rice,3,Nanded,FAQ,Bhokar,1150,1150,1150,Maharashtra,1009 Kar
2006-10-05,Rice,3,Mumbai,FAQ,Mumbai,3800,1000,2400,Maharashtra,1009 Kar
2006-10-06,Rice,3,Nandurbar,FAQ,Nandurbar,940,940,940,Maharashtra,1009 Kar
2006-10-06,Rice,3,Thane,FAQ,Kalyan,1020,950,985,Maharashtra,Other
2006-10-06,Rice,3,Ahmednagar,FAQ,Karjat,1500,900,1100,Maharashtra,1009 Kar
2006-10-07,Rice,3,Raigad,FAQ,Panvel,1700,1010,1350,Maharashtra,1009 Kar
2006-10-07,Rice,3,Kolhapur,FAQ,Kolhapur(Laxmipuri),1500,950,1250,Maharashtra,1009 Kar
2006-10-07,Rice,3,Nagpur,FAQ,Nagpur,1450,980,1200,Maharashtra,1009 Kar
2006-10-07,Rice,3,Thane,FAQ,Vasai,1450,1025,1200,Maharashtra,1009 Kar
2006-10-09,Rice,3,Kolhapur,FAQ,Kolhapur(Laxmipuri),1600,950,1250,Maharashtra,1009 Kar
2006-10-09,Rice,3,Pune,FAQ,Pune,3700,1000,2350,Maharashtra,1009 Kar
2006-10-09,Rice,3,Sangli,FAQ,Sangli,4000,800,2400,Maharashtra,Other
2006-10-10,Rice,3,Raigad,FAQ,Panvel,1700,1010,1350,Maharashtra,1009 Kar
2006-10-10,Rice,3,Nanded,FAQ,Bhokar,1126,1105,1110,Maharashtra,1009 Kar
2006-10-10,Rice,3,Mumbai,FAQ,Mumbai,3800,1000,2400,Maharashtra,1009 Kar
2006-10-11,Rice,3,Thane,FAQ,Bhivandi,1800,1250,1525,Maharashtra,1009 Kar
2006-10-11,Rice,3,Thane,FAQ,Vasai,1450,952,1250,Maharashtra,1009 Kar
2006-10-12,Rice,3,Nagpur,FAQ,Mandhal,1075,1025,1051,Maharashtra,1009 Kar
2006-10-12,Rice,3,Gondiya,FAQ,Arjuni,600,600,600,Maharashtra,Other
2006-10-13,Rice,3,Nanded,FAQ,Bhokar,1127,1000,1110,Maharashtra,1009 Kar
2006-10-13,Rice,3,Sangli,FAQ,Sangli,3800,850,2400,Maharashtra,Other
2006-10-14,Rice,3,Sholapur,FAQ,Solapur,1860,890,1300,Maharashtra,Other
2006-10-14,Rice,3,Nagpur,FAQ,Nagpur,1450,980,1200,Maharashtra,1009 Kar
2006-10-14,Rice,3,Nanded,FAQ,Bhokar,1126,1071,1095,Maharashtra,1009 Kar
2006-10-14,Rice,3,Thane,FAQ,Kalyan,1050,950,1000,Maharashtra,Other
2006-10-17,Rice,3,Thane,FAQ,Kalyan,1050,950,1000,Maharashtra,Other
2006-10-17,Rice,3,Thane,FAQ,Vasai,1460,1025,1300,Maharashtra,1009 Kar
2006-10-17,Rice,3,Sholapur,FAQ,Solapur,1880,900,1320,Maharashtra,Other
2006-10-17,Rice,3,Nanded,FAQ,Bhokar,900,880,900,Maharashtra,1009 Kar
2006-10-18,Rice,3,Pune,FAQ,Pune,3800,1050,2425,Maharashtra,1009 Kar
2006-10-18,Rice,3,Bhandara,FAQ,Tumsar,1371,1021,1190,Maharashtra,Other
2006-10-18,Rice,3,Nagpur,FAQ,Nagpur,1450,980,1200,Maharashtra,1009 Kar
2006-10-18,Rice,3,Thane,FAQ,Bhivandi,1800,1250,1525,Maharashtra,1009 Kar
2006-10-19,Rice,3,Gadchiroli,FAQ,Aheri,800,800,800,Maharashtra,Other
2006-10-19,Rice,3,Pune,FAQ,Pune,3800,1050,2425,Maharashtra,1009 Kar
2006-10-19,Rice,3,Sholapur,FAQ,Solapur,1865,880,1310,Maharashtra,Other
2006-10-19,Rice,3,Mumbai,FAQ,Mumbai,3800,1000,2400,Maharashtra,1009 Kar
2006-10-19,Rice,3,Raigad,FAQ,Khalapur (Shil-Phata),1250,1200,1225,Maharashtra,1009 Kar
2006-10-20,Rice,3,Gadchiroli,FAQ,Aheri,800,800,800,Maharashtra,Other
2006-10-20,Rice,3,Bhandara,FAQ,Bhandara,1125,1050,1100,Maharashtra,Other
2006-10-22,Rice,3,Thane,FAQ,Vasai,1525,1020,1225,Maharashtra,1009 Kar
2006-10-23,Rice,3,Pune,FAQ,Pune,4200,1100,2650,Maharashtra,1009 Kar
2006-10-23,Rice,3,Thane,FAQ,Palghar,1200,920,1060,Maharashtra,1009 Kar
2006-10-24,Rice,3,Thane,FAQ,Palghar,2050,931,1490,Maharashtra,1009 Kar
2006-10-24,Rice,3,Nanded,FAQ,Bhokar,1160,1010,1070,Maharashtra,1009 Kar
2006-10-25,Rice,3,Thane,FAQ,Vasai,1450,1025,1320,Maharashtra,1009 Kar
2006-10-25,Rice,3,Thane,FAQ,Kalyan,1025,950,987,Maharashtra,Other
2006-10-26,Rice,3,Jalgaon,FAQ,Chalisgaon,1100,800,950,Maharashtra,1009 Kar
2006-10-26,Rice,3,Thane,FAQ,Bhivandi,1800,1250,1525,Maharashtra,1009 Kar
2006-10-26,Rice,3,Gondiya,FAQ,Arjuni,850,850,850,Maharashtra,1009 Kar
2006-10-26,Rice,3,Pune,FAQ,Pune,3501,851,2176,Maharashtra,1009 Kar
2006-10-26,Rice,3,Mumbai,FAQ,Mumbai,3900,950,2425,Maharashtra,1009 Kar
2006-10-27,Rice,3,Raigad,FAQ,Mangaon,1500,1100,1250,Maharashtra,Other
2006-10-27,Rice,3,Raigad,FAQ,Khalapur (Shil-Phata),1155,1135,1140,Maharashtra,1009 Kar
2006-10-27,Rice,3,Kolhapur,FAQ,Kolhapur(Laxmipuri),1500,900,1200,Maharashtra,1009 Kar
2006-10-29,Rice,3,Bhandara,FAQ,Tumsar,1375,1025,1350,Maharashtra,Other
2006-10-30,Rice,3,Bhandara,FAQ,Bhandara,1200,1200,1200,Maharashtra,Other
2006-10-30,Rice,3,Pune,FAQ,Pune,4200,1100,2650,Maharashtra,1009 Kar
2006-10-31,Rice,3,Sholapur,FAQ,Solapur,1850,880,1300,Maharashtra,Other
2006-11-01,Rice,3,Ratnagiri,FAQ,Ratnagiri (Nachane),2800,950,1300,Maharashtra,1009 Kar
2006-11-01,Rice,3,Thane,FAQ,Kalyan,1025,950,987,Maharashtra,Other
2006-11-02,Rice,3,Amarawati,FAQ,Achalpur,1500,1100,1300,Maharashtra,1009 Kar
2006-11-02,Rice,3,Pune,FAQ,Pune,4500,1000,2750,Maharashtra,1009 Kar
2006-11-02,Rice,3,Ratnagiri,FAQ,Ratnagiri (Nachane),2800,950,1300,Maharashtra,1009 Kar
2006-11-03,Rice,3,Ahmednagar,FAQ,Karjat,1500,900,1100,Maharashtra,1009 Kar
2006-11-03,Rice,3,Pune,FAQ,Pune,4000,950,2475,Maharashtra,1009 Kar
2006-11-03,Rice,3,Bhandara,FAQ,Bhandara,1250,1250,1250,Maharashtra,Other
2006-11-03,Rice,3,Thane,FAQ,Palghar,1671,1000,1335,Maharashtra,1009 Kar
2006-11-04,Rice,3,Pune,FAQ,Pune,4200,1050,2625,Maharashtra,1009 Kar
2006-11-04,Rice,3,Mumbai,FAQ,Mumbai,3900,950,2425,Maharashtra,1009 Kar
2006-11-04,Rice,3,Nagpur,FAQ,Nagpur,1450,980,1200,Maharashtra,1009 Kar
2006-11-06,Rice,3,Thane,FAQ,Palghar,1605,1051,1328,Maharashtra,1009 Kar
2006-11-06,Rice,3,Ahmednagar,FAQ,Karjat,1600,900,1150,Maharashtra,1009 Kar
2006-11-06,Rice,3,Sholapur,FAQ,Solapur,1850,900,1320,Maharashtra,Other
2006-11-06,Rice,3,Bhandara,FAQ,Tumsar,1100,800,1015,Maharashtra,Other
2006-11-06,Rice,3,Kolhapur,FAQ,Kolhapur(Laxmipuri),1400,900,1250,Maharashtra,1009 Kar
2006-11-06,Rice,3,Sangli,FAQ,Sangli,4000,800,2500,Maharashtra,Other
2006-11-07,Rice,3,Raigad,FAQ,Khalapur (Shil-Phata),1190,1180,1185,Maharashtra,1009 Kar
2006-11-07,Rice,3,Thane,FAQ,Kalyan,1100,980,1040,Maharashtra,Other
2006-11-08,Rice,3,Pune,FAQ,Pune,4500,1150,2825,Maharashtra,1009 Kar
2006-11-08,Rice,3,Kolhapur,FAQ,Kolhapur(Laxmipuri),1650,1000,1200,Maharashtra,1009 Kar
2006-11-08,Rice,3,Thane,FAQ,Bhivandi,1800,1250,1525,Maharashtra,1009 Kar
2006-11-08,Rice,3,Sholapur,FAQ,Solapur,1850,900,1320,Maharashtra,Other
2006-11-09,Rice,3,Nagpur,FAQ,Nagpur,1450,980,1200,Maharashtra,1009 Kar
2006-11-09,Rice,3,Bhandara,FAQ,Tumsar,1100,1100,1100,Maharashtra,Other
2006-11-09,Rice,3,Raigad,FAQ,Pen,1250,950,1020,Maharashtra,Other
2006-11-09,Rice,3,Raigad,FAQ,Panvel,1750,1030,1350,Maharashtra,1009 Kar
2006-11-10,Rice,3,Thane,FAQ,Vasai,1540,1025,1250,Maharashtra,1009 Kar
2006-11-12,Rice,3,Nagpur,FAQ,Umared,1400,1100,1300,Maharashtra,1009 Kar
2006-11-12,Rice,3,Nagpur,FAQ,Mandhal,1301,1125,1200,Maharashtra,1009 Kar
2006-11-13,Rice,3,Thane,FAQ,Kalyan,1100,980,1000,Maharashtra,Other
2006-11-13,Rice,3,Pune,FAQ,Pune,4500,1000,2750,Maharashtra,1009 Kar
2006-11-13,Rice,3,Sholapur,FAQ,Solapur,1850,900,1320,Maharashtra,Other
2006-11-14,Rice,3,Bhandara,FAQ,Bhandara,1320,1275,1280,Maharashtra,Other
2006-11-14,Rice,3,Mumbai,FAQ,Mumbai,4400,1050,2725,Maharashtra,1009 Kar
2006-11-14,Rice,3,Raigad,FAQ,Pen,1260,950,1030,Maharashtra,Other
2006-11-15,Rice,3,Thane,FAQ,Vasai,1450,1020,1250,Maharashtra,1009 Kar
2006-11-15,Rice,3,Mumbai,FAQ,Mumbai,4400,1050,2725,Maharashtra,1009 Kar
2006-11-16,Rice,3,Nagpur,FAQ,Mandhal,1330,1111,1125,Maharashtra,1009 Kar
2006-11-16,Rice,3,Kolhapur,FAQ,Kolhapur(Laxmipuri),1700,975,1250,Maharashtra,1009 Kar
2006-11-16,Rice,3,Sangli,FAQ,Sangli,4000,800,2400,Maharashtra,Other
2006-11-16,Rice,3,Bhandara,FAQ,Bhandara,1355,1200,1300,Maharashtra,Other
2006-11-17,Rice,3,Sholapur,FAQ,Solapur,1860,900,1325,Maharashtra,Other
2006-11-17,Rice,3,Raigad,FAQ,Panvel,1750,1030,1350,Maharashtra,1009 Kar
2006-11-17,Rice,3,Thane,FAQ,Kalyan,1150,980,1065,Maharashtra,Other
2006-11-17,Rice,3,Pune,FAQ,Pune,4300,1050,2675,Maharashtra,1009 Kar
2006-11-17,Rice,3,Gondiya,FAQ,Arjuni,650,650,650,Maharashtra,Other
2006-11-18,Rice,3,Mumbai,FAQ,Mumbai,4400,1050,2725,Maharashtra,1009 Kar
2006-11-19,Rice,3,Nagpur,FAQ,Umared,1400,1100,1300,Maharashtra,1009 Kar
2006-11-20,Rice,3,Nanded,FAQ,Bhokar,1226,1185,1221,Maharashtra,1009 Kar
2006-11-20,Rice,3,Thane,FAQ,Kalyan,1100,950,1060,Maharashtra,Other
2006-11-20,Rice,3,Gondiya,FAQ,Arjuni,650,650,650,Maharashtra,Other
2006-11-20,Rice,3,Gadchiroli,FAQ,Aheri,800,800,800,Maharashtra,1009 Kar
2006-11-20,Rice,3,Pune,FAQ,Pune,4500,1000,2750,Maharashtra,1009 Kar
2006-11-20,Rice,3,Mumbai,FAQ,Mumbai,4500,1050,2775,Maharashtra,1009 Kar
2006-11-20,Rice,3,Raigad,FAQ,Mangaon,1450,1050,1200,Maharashtra,Other
2006-11-21,Rice,3,Ahmednagar,FAQ,Karjat,1600,900,1100,Maharashtra,1009 Kar
2006-11-21,Rice,3,Nanded,FAQ,Bhokar,1363,1175,1320,Maharashtra,1009 Kar
2006-11-21,Rice,3,Raigad,FAQ,Pen,1490,1100,1270,Maharashtra,Other
2006-11-21,Rice,3,Kolhapur,FAQ,Kolhapur(Laxmipuri),1800,1000,1250,Maharashtra,1009 Kar
2006-11-21,Rice,3,Sangli,FAQ,Sangli,3800,800,2250,Maharashtra,Other
2006-11-22,Rice,3,Sholapur,FAQ,Solapur,1875,890,1325,Maharashtra,Other
2006-11-22,Rice,3,Thane,FAQ,Bhivandi,1800,1250,1525,Maharashtra,1009 Kar
2006-11-22,Rice,3,Gadchiroli,FAQ,Aheri,800,800,800,Maharashtra,Other
2006-11-24,Rice,3,Sangli,FAQ,Sangli,4000,800,2400,Maharashtra,Other
2006-11-24,Rice,3,Raigad,FAQ,Mangaon,1500,1050,1200,Maharashtra,Other
2006-11-25,Rice,3,Thane,FAQ,Vasai,1630,1015,1350,Maharashtra,1009 Kar
2006-11-25,Rice,3,Thane,FAQ,Kalyan,1150,980,1065,Maharashtra,Other
2006-11-28,Rice,3,Sholapur,FAQ,Solapur,1850,880,1310,Maharashtra,Other
2006-11-29,Rice,3,Nagpur,FAQ,Nagpur,1450,980,1200,Maharashtra,1009 Kar
2006-11-30,Rice,3,Raigad,FAQ,Panvel,1700,1030,1350,Maharashtra,1009 Kar
2006-12-04,Rice,3,Ratnagiri,FAQ,Ratnagiri (Nachane),2800,950,1300,Maharashtra,1009 Kar
2006-12-05,Rice,3,Sholapur,FAQ,Solapur,1850,900,1310,Maharashtra,Other
2006-12-06,Rice,3,Bhandara,FAQ,Tumsar,1443,1443,1443,Maharashtra,Other
2006-12-07,Rice,3,Sholapur,FAQ,Solapur,1850,890,1320,Maharashtra,Other
2006-12-07,Rice,3,Bhandara,FAQ,Bhandara,1455,1025,1200,Maharashtra,Other
2006-12-07,Rice,3,Gondiya,FAQ,Arjuni,650,650,650,Maharashtra,Other
2006-12-08,Rice,3,Thane,FAQ,Kalyan,1150,1000,1075,Maharashtra,Other
2006-12-08,Rice,3,Thane,FAQ,Vasai,1600,1011,1350,Maharashtra,1009 Kar
2006-12-08,Rice,3,Thane,FAQ,Ulhasnagar,2500,1700,2250,Maharashtra,Other
2006-12-09,Rice,3,Ahmednagar,FAQ,Karjat,1500,1200,1320,Maharashtra,1009 Kar
2006-12-11,Rice,3,Ratnagiri,FAQ,Ratnagiri (Nachane),2800,950,1300,Maharashtra,1009 Kar
2006-12-11,Rice,3,Raigad,FAQ,Pen,1500,1120,1300,Maharashtra,Other
2006-12-12,Rice,3,Ahmednagar,FAQ,Karjat,1520,1200,1320,Maharashtra,1009 Kar
2006-12-12,Rice,3,Bhandara,FAQ,Bhandara,1160,1160,1160,Maharashtra,Other
2006-12-12,Rice,3,Gondiya,FAQ,Arjuni,650,650,650,Maharashtra,Other
2006-12-12,Rice,3,Pune,FAQ,Pune,4250,1000,2625,Maharashtra,1009 Kar
2006-12-13,Rice,3,Ratnagiri,FAQ,Ratnagiri (Nachane),2800,950,1300,Maharashtra,1009 Kar
2006-12-13,Rice,3,Thane,FAQ,Kalyan,1200,1050,1125,Maharashtra,Other
2006-12-14,Rice,3,Amarawati,FAQ,Achalpur,1600,1100,1350,Maharashtra,1009 Kar
2006-12-14,Rice,3,Gadchiroli,FAQ,Aheri,800,800,800,Maharashtra,1009 Kar
2006-12-14,Rice,3,Thane,FAQ,Palghar,1665,996,1330,Maharashtra,1009 Kar
2006-12-14,Rice,3,Nagpur,FAQ,Mandhal,1050,1000,1025,Maharashtra,1009 Kar
2006-12-14,Rice,3,Kolhapur,FAQ,Kolhapur(Laxmipuri),1700,975,1225,Maharashtra,1009 Kar
2006-12-14,Rice,3,Nagpur,FAQ,Umared,1300,1000,1200,Maharashtra,1009 Kar
2006-12-15,Rice,3,Vashim,FAQ,Mangrulpeer,850,850,850,Maharashtra,1009 Kar
2006-12-15,Rice,3,Pune,FAQ,Pune,4500,1000,2750,Maharashtra,1009 Kar
2006-12-15,Rice,3,Raigad,FAQ,Mangaon,1600,1050,1200,Maharashtra,Other
2006-12-15,Rice,3,Sholapur,FAQ,Solapur,1870,900,1325,Maharashtra,Other
2006-12-15,Rice,3,Bhandara,FAQ,Bhandara,1480,1000,1250,Maharashtra,Other
2006-12-16,Rice,3,Sholapur,FAQ,Solapur,1850,900,1320,Maharashtra,Other
2006-12-16,Rice,3,Bhandara,FAQ,Tumsar,1250,1175,1210,Maharashtra,Other
2006-12-17,Rice,3,Pune,FAQ,Indapur(Bhigwan),851,851,851,Maharashtra,1009 Kar
2006-12-18,Rice,3,Raigad,FAQ,Pen,1500,1120,1320,Maharashtra,Other
2006-12-18,Rice,3,Gondiya,FAQ,Arjuni,650,650,650,Maharashtra,Other
2006-12-18,Rice,3,Satara,FAQ,Jawali,2000,1000,1500,Maharashtra,1009 Kar
2006-12-19,Rice,3,Thane,FAQ,Ulhasnagar,2500,1700,2250,Maharashtra,Other
2006-12-19,Rice,3,Raigad,FAQ,Pen,1270,950,1050,Maharashtra,Other
2006-12-19,Rice,3,Kolhapur,FAQ,Kolhapur(Laxmipuri),1600,875,1150,Maharashtra,1009 Kar
2006-12-20,Rice,3,Gadchiroli,FAQ,Aheri,800,800,800,Maharashtra,Other
2006-12-20,Rice,3,Gondiya,FAQ,Arjuni,850,850,850,Maharashtra,1009 Kar
2006-12-22,Rice,3,Sangli,FAQ,Sangli,4000,800,2500,Maharashtra,Other
2006-12-22,Rice,3,Thane,FAQ,Palghar,1540,1100,1320,Maharashtra,1009 Kar
2006-12-23,Rice,3,Kolhapur,FAQ,Kolhapur(Laxmipuri),1600,925,1175,Maharashtra,1009 Kar
2006-12-23,Rice,3,Sangli,FAQ,Sangli,3800,900,2300,Maharashtra,Other
2006-12-23,Rice,3,Thane,FAQ,Palghar,1751,1000,1375,Maharashtra,1009 Kar
2006-12-23,Rice,3,Bhandara,FAQ,Bhandara,1360,1360,1360,Maharashtra,Other
2006-12-23,Rice,3,Bhandara,FAQ,Tumsar,1311,1311,1311,Maharashtra,Other
2006-12-24,Rice,3,Nagpur,FAQ,Umared,1400,1100,1300,Maharashtra,1009 Kar
2006-12-24,Rice,3,Bhandara,FAQ,Tumsar,1271,1271,1271,Maharashtra,Other
2006-12-27,Rice,3,Pune,FAQ,Pune,4400,1100,2750,Maharashtra,1009 Kar
2006-12-28,Rice,3,Bhandara,FAQ,Bhandara,1370,1200,1280,Maharashtra,Other
2006-12-28,Rice,3,Kolhapur,FAQ,Kolhapur(Laxmipuri),1700,950,1200,Maharashtra,1009 Kar
2006-12-28,Rice,3,Thane,FAQ,Ulhasnagar,2500,1700,2250,Maharashtra,Other
2006-12-28,Rice,3,Sangli,FAQ,Sangli,3800,800,2300,Maharashtra,Other
2006-12-29,Rice,3,Gadchiroli,FAQ,Aheri,800,800,800,Maharashtra,Other
2006-12-29,Rice,3,Sangli,FAQ,Sangli,4000,800,2400,Maharashtra,Other
2006-12-29,Rice,3,Thane,FAQ,Ulhasnagar,2500,1700,2250,Maharashtra,Other
2006-12-30,Rice,3,Raigad,FAQ,Panvel,1700,1050,1400,Maharashtra,1009 Kar
2006-12-30,Rice,3,Ratnagiri,FAQ,Ratnagiri (Nachane),2800,950,1300,Maharashtra,1009 Kar
2006-12-30,Rice,3,Gondiya,FAQ,Arjuni,850,850,850,Maharashtra,1009 Kar
2011-01-01,Rice,3,Sangli,FAQ,Sangli,5200,1300,3250,Maharashtra,Other
2011-01-01,Rice,3,Satara,FAQ,Karad,250,100,150,Maharashtra,1009 Kar
2011-01-01,Rice,3,Raigad,FAQ,Karjat(Raigad),4400,1600,2600,Maharashtra,Other
2011-01-03,Rice,3,Pune,FAQ,Pune,7500,1750,4625,Maharashtra,1009 Kar
2011-01-03,Rice,3,Nashik,FAQ,Ghoti,2018,2018,2018,Maharashtra,Other
2011-01-03,Rice,3,Thane,FAQ,Vasai,3600,1700,2550,Maharashtra,1009 Kar
2011-01-03,Rice,3,Thane,FAQ,Bhivandi,3500,1400,2450,Maharashtra,1009 Kar
2011-01-04,Rice,3,Raigad,FAQ,Alibagh,1600,1400,1500,Maharashtra,Other
2011-01-05,Rice,3,Mumbai,FAQ,Mumbai,7200,4600,5785,Maharashtra,Other
2011-01-05,Rice,3,Sholapur,FAQ,Solapur,3675,1350,2580,Maharashtra,Other
2011-01-05,Rice,3,Pune,FAQ,Pune,9000,1700,5350,Maharashtra,1009 Kar
2011-01-05,Rice,3,Kolhapur,FAQ,Kolhapur(Laxmipuri),4900,1300,2100,Maharashtra,1009 Kar
2011-01-05,Rice,3,Raigad,FAQ,Pen,3550,2550,3280,Maharashtra,Other
2011-01-05,Rice,3,Thane,FAQ,Vasai,3600,1700,2200,Maharashtra,1009 Kar
2011-01-06,Rice,3,Bhandara,FAQ,Bhandara,1010,1010,1010,Maharashtra,Other
2011-01-07,Rice,3,Sholapur,FAQ,Solapur,3675,1360,2580,Maharashtra,Other
2011-01-07,Rice,3,Thane,FAQ,Kalyan,1800,1480,1640,Maharashtra,Other
2011-01-07,Rice,3,Mumbai,FAQ,Mumbai,3450,1600,2525,Maharashtra,1009 Kar
2011-01-08,Rice,3,Sangli,FAQ,Sangli,5800,1400,3300,Maharashtra,Other
2011-01-08,Rice,3,Kolhapur,FAQ,Kolhapur(Laxmipuri),5200,1200,2100,Maharashtra,1009 Kar
2011-01-09,Rice,3,Bhandara,FAQ,Tumsar,2230,1750,1990,Maharashtra,Other
2011-01-09,Rice,3,Nandurbar,FAQ,Navapur,900,900,900,Maharashtra,1009 Kar
2011-01-10,Rice,3,Thane,FAQ,Kalyan,1800,1400,1600,Maharashtra,Other
2011-01-10,Rice,3,Mumbai,FAQ,Mumbai,7200,4600,5785,Maharashtra,Other
2011-01-10,Rice,3,Raigad,FAQ,Pen,3550,2550,3280,Maharashtra,Other
2011-01-10,Rice,3,Nashik,FAQ,Ghoti,2025,2025,2025,Maharashtra,Other
2011-01-11,Rice,3,Bhandara,FAQ,Bhandara,2290,2000,2250,Maharashtra,Other
2011-01-11,Rice,3,Pune,FAQ,Pune,7000,1800,4400,Maharashtra,1009 Kar
2011-01-11,Rice,3,Raigad,FAQ,Pen,3550,2550,3280,Maharashtra,1009 Kar
2011-01-12,Rice,3,Raigad,FAQ,Pen,3550,2550,3280,Maharashtra,Other
2011-01-12,Rice,3,Amarawati,FAQ,Achalpur,1600,1200,1400,Maharashtra,1009 Kar
2011-01-12,Rice,3,Mumbai,FAQ,Mumbai,7200,4600,5785,Maharashtra,Other
2011-01-13,Rice,3,Raigad,FAQ,Karjat(Raigad),4400,1600,2800,Maharashtra,Other
2011-01-13,Rice,3,Pune,FAQ,Pune,8500,1700,5100,Maharashtra,1009 Kar
2011-01-14,Rice,3,Thane,FAQ,Kalyan,1800,1400,1600,Maharashtra,Other
2011-01-14,Rice,3,Mumbai,FAQ,Mumbai,7200,4600,5785,Maharashtra,Other
2011-01-14,Rice,3,Amarawati,FAQ,Achalpur,1400,1000,1200,Maharashtra,1009 Kar
2011-01-15,Rice,3,Thane,FAQ,Vasai,3400,1700,2300,Maharashtra,1009 Kar
2011-01-16,Rice,3,Thane,FAQ,Vasai,3500,1500,2500,Maharashtra,1009 Kar
2011-01-16,Rice,3,Amarawati,FAQ,Achalpur,1500,1200,1350,Maharashtra,1009 Kar
2011-01-17,Rice,3,Pune,FAQ,Pune,7500,1750,4625,Maharashtra,1009 Kar
2011-01-17,Rice,3,Raigad,FAQ,Mangaon,3000,1800,2500,Maharashtra,Other
2011-01-17,Rice,3,Raigad,FAQ,Pen,3550,2550,3280,Maharashtra,Other
2011-01-17,Rice,3,Amarawati,FAQ,Achalpur,1500,1200,1350,Maharashtra,1009 Kar
2011-01-18,Rice,3,Sholapur,FAQ,Solapur,3690,1360,2620,Maharashtra,Other
2011-01-18,Rice,3,Raigad,FAQ,Mangaon,3000,1800,2500,Maharashtra,Other
2011-01-19,Rice,3,Thane,FAQ,Vasai,3500,1600,2500,Maharashtra,1009 Kar
2011-01-20,Rice,3,Bhandara,FAQ,Bhandara,1710,1100,1405,Maharashtra,Other
2011-01-20,Rice,3,Sholapur,FAQ,Solapur,3680,1350,2600,Maharashtra,Other
2011-01-20,Rice,3,Sangli,FAQ,Sangli,5200,1300,3250,Maharashtra,Other
2011-01-20,Rice,3,Nashik,FAQ,Ghoti,2025,2025,2025,Maharashtra,Other
2011-01-21,Rice,3,Kolhapur,FAQ,Kolhapur(Laxmipuri),5700,1500,2200,Maharashtra,1009 Kar
2011-01-21,Rice,3,Sangli,FAQ,Sangli,5200,1350,3275,Maharashtra,Other
2011-01-21,Rice,3,Thane,FAQ,Vasai,3500,1600,2500,Maharashtra,1009 Kar
2011-01-21,Rice,3,Bhandara,FAQ,Bhandara,2200,2020,2090,Maharashtra,Other
2011-01-22,Rice,3,Kolhapur,FAQ,Kolhapur(Laxmipuri),6000,1600,2300,Maharashtra,1009 Kar
2011-01-22,Rice,3,Sholapur,FAQ,Solapur,3690,1360,2600,Maharashtra,Other
2011-01-23,Rice,3,Pune,FAQ,Indapur(Bhigwan),1050,1000,1000,Maharashtra,1009 Kar
2011-01-24,Rice,3,Satara,FAQ,Karad,200,100,150,Maharashtra,1009 Kar
2011-01-25,Rice,3,Raigad,FAQ,Pen,3550,2550,3280,Maharashtra,1009 Kar
2011-01-27,Rice,3,Mumbai,FAQ,Mumbai,7450,4700,5954,Maharashtra,Other
2011-01-27,Rice,3,Kolhapur,FAQ,Kolhapur(Laxmipuri),5500,1600,2100,Maharashtra,1009 Kar
2011-01-27,Rice,3,Raigad,FAQ,Alibagh,1600,1400,1500,Maharashtra,Other
2011-01-27,Rice,3,Nashik,FAQ,Suragana,1200,1200,1200,Maharashtra,1009 Kar
2011-01-28,Rice,3,Nagpur,FAQ,Nagpur,2300,1400,1850,Maharashtra,1009 Kar
2011-01-29,Rice,3,Raigad,FAQ,Pen,3550,2550,3280,Maharashtra,Other
2011-01-29,Rice,3,Sangli,FAQ,Sangli,5000,1300,3150,Maharashtra,Other
2011-01-29,Rice,3,Mumbai,FAQ,Mumbai,7450,4700,5954,Maharashtra,Other
2011-01-29,Rice,3,Satara,FAQ,Karad,200,100,150,Maharashtra,1009 Kar
2011-01-29,Rice,3,Bhandara,FAQ,Bhandara,1620,1400,1455,Maharashtra,Other
2011-01-30,Rice,3,Thane,FAQ,Palghar,2305,1560,1930,Maharashtra,1009 Kar
2011-01-31,Rice,3,Pune,FAQ,Pune,8000,1700,4850,Maharashtra,1009 Kar
2011-01-31,Rice,3,Sangli,FAQ,Sangli,5000,1350,3175,Maharashtra,Other
2011-02-01,Rice,3,Thane,FAQ,Vasai,3500,1500,2500,Maharashtra,1009 Kar
2011-02-01,Rice,3,Raigad,FAQ,Karjat(Raigad),4400,1600,2800,Maharashtra,Other
2011-02-01,Rice,3,Thane,FAQ,Kalyan,2000,1600,1800,Maharashtra,Other
2011-02-02,Rice,3,Kolhapur,FAQ,Kolhapur(Laxmipuri),5700,1600,2000,Maharashtra,1009 Kar
2011-02-02,Rice,3,Sangli,FAQ,Sangli,5000,1300,3150,Maharashtra,Other
2011-02-03,Rice,3,Nashik,FAQ,Ghoti,2025,2000,2012,Maharashtra,1009 Kar
2011-02-03,Rice,3,Nagpur,FAQ,Nagpur,2300,1400,1850,Maharashtra,1009 Kar
2011-02-03,Rice,3,Raigad,FAQ,Pen,3550,2550,3260,Maharashtra,Other
2011-02-03,Rice,3,Mumbai,FAQ,Mumbai,7500,4700,5978,Maharashtra,Other
2011-02-03,Rice,3,Pune,FAQ,Pune,7000,1800,4400,Maharashtra,1009 Kar
2011-02-04,Rice,3,Kolhapur,FAQ,Kolhapur(Laxmipuri),5700,1700,2100,Maharashtra,1009 Kar
2011-02-04,Rice,3,Nagpur,FAQ,Nagpur,2300,1400,1850,Maharashtra,1009 Kar
2011-02-04,Rice,3,Raigad,FAQ,Mangaon,1700,1200,1450,Maharashtra,Other
2011-02-04,Rice,3,Amarawati,FAQ,Achalpur,1800,1300,1550,Maharashtra,1009 Kar
2011-02-04,Rice,3,Raigad,FAQ,Alibagh,1600,1400,1500,Maharashtra,Other
2011-02-05,Rice,3,Sangli,FAQ,Sangli,5000,1300,3150,Maharashtra,Other
2011-02-05,Rice,3,Thane,FAQ,Palghar,1965,1885,1925,Maharashtra,1009 Kar
2011-02-05,Rice,3,Raigad,FAQ,Alibagh,1600,1400,1500,Maharashtra,Other
2011-02-05,Rice,3,Bhandara,FAQ,Bhandara,2280,1830,2050,Maharashtra,Other
2011-02-05,Rice,3,Mumbai,FAQ,Mumbai,7500,4700,5978,Maharashtra,Other
2011-02-06,Rice,3,Amarawati,FAQ,Achalpur,1800,1300,1550,Maharashtra,1009 Kar
2011-02-07,Rice,3,Raigad,FAQ,Alibagh,1600,1400,1500,Maharashtra,Other
2011-02-08,Rice,3,Kolhapur,FAQ,Kolhapur(Laxmipuri),5900,1700,2100,Maharashtra,1009 Kar
2011-02-08,Rice,3,Amarawati,FAQ,Achalpur,1800,1300,1550,Maharashtra,1009 Kar
2011-02-08,Rice,3,Raigad,FAQ,Mangaon,1000,800,900,Maharashtra,Other
2011-02-08,Rice,3,Nashik,FAQ,Suragana,1300,1300,1300,Maharashtra,1009 Kar
2011-02-08,Rice,3,Bhandara,FAQ,Bhandara,1600,1600,1600,Maharashtra,Other
2011-02-09,Rice,3,Raigad,FAQ,Mangaon,3000,1800,2500,Maharashtra,Other
2011-02-09,Rice,3,Nashik,FAQ,Suragana,1200,1100,1150,Maharashtra,1009 Kar
2011-02-09,Rice,3,Thane,FAQ,Vasai,3300,1800,2500,Maharashtra,1009 Kar
2011-02-10,Rice,3,Thane,FAQ,Vasai,3100,1400,2800,Maharashtra,1009 Kar
2011-02-10,Rice,3,Raigad,FAQ,Karjat(Raigad),4400,1600,3000,Maharashtra,Other
2011-02-11,Rice,3,Nashik,FAQ,Ghoti,2025,2025,2025,Maharashtra,Other
2011-02-11,Rice,3,Thane,FAQ,Palghar,3375,1740,2557,Maharashtra,1009 Kar
2011-02-11,Rice,3,Mumbai,FAQ,Mumbai,7200,4800,5880,Maharashtra,Other
2011-02-12,Rice,3,Sangli,FAQ,Sangli,5200,1300,3250,Maharashtra,Other
2011-02-13,Rice,3,Amarawati,FAQ,Achalpur,1325,1250,1275,Maharashtra,1009 Kar
2011-02-14,Rice,3,Raigad,FAQ,Mangaon,3000,1800,2500,Maharashtra,Other
2011-02-14,Rice,3,Raigad,FAQ,Pen,3550,2550,3270,Maharashtra,Other
2011-02-14,Rice,3,Kolhapur,FAQ,Kolhapur(Laxmipuri),5900,1600,2200,Maharashtra,1009 Kar
2011-02-14,Rice,3,Raigad,FAQ,Karjat(Raigad),4400,1600,2800,Maharashtra,Other
2011-02-14,Rice,3,Thane,FAQ,Vasai,3400,1400,2400,Maharashtra,1009 Kar
2011-02-14,Rice,3,Raigad,FAQ,Alibagh,1600,1400,1500,Maharashtra,Other
2011-02-15,Rice,3,Mumbai,FAQ,Mumbai,7200,4800,5880,Maharashtra,Other
2011-02-15,Rice,3,Raigad,FAQ,Pen,3180,2150,2570,Maharashtra,Other
2011-02-16,Rice,3,Thane,FAQ,Palghar,2200,1550,1875,Maharashtra,1009 Kar
2011-02-16,Rice,3,Kolhapur,FAQ,Kolhapur(Laxmipuri),5900,1700,2300,Maharashtra,1009 Kar
2011-02-17,Rice,3,Raigad,FAQ,Karjat(Raigad),4400,1600,2800,Maharashtra,Other
2011-02-17,Rice,3,Thane,FAQ,Vasai,2800,1400,2100,Maharashtra,1009 Kar
2011-02-18,Rice,3,Mumbai,FAQ,Mumbai,7200,4800,5880,Maharashtra,Other
2011-02-18,Rice,3,Sangli,FAQ,Sangli,5000,1400,3200,Maharashtra,Other
2011-02-18,Rice,3,Pune,FAQ,Pune,10000,1700,5850,Maharashtra,1009 Kar
2011-02-18,Rice,3,Nagpur,FAQ,Nagpur,2300,1400,1850,Maharashtra,1009 Kar
2011-02-21,Rice,3,Pune,FAQ,Indapur,1200,1200,1200,Maharashtra,1009 Kar
2011-02-21,Rice,3,Vashim,FAQ,Mangrulpeer,2415,2351,2415,Maharashtra,1009 Kar
2011-02-21,Rice,3,Mumbai,FAQ,Mumbai,3500,1550,2525,Maharashtra,1009 Kar
2011-02-21,Rice,3,Sholapur,FAQ,Solapur,3710,1360,2590,Maharashtra,Other
2011-02-21,Rice,3,Nagpur,FAQ,Nagpur,2300,1400,1850,Maharashtra,1009 Kar
2011-02-22,Rice,3,Nagpur,FAQ,Nagpur,2300,1400,1850,Maharashtra,1009 Kar
2011-02-22,Rice,3,Sangli,FAQ,Sangli,5000,1300,3150,Maharashtra,Other
2011-02-23,Rice,3,Bhandara,FAQ,Tumsar,1125,910,1015,Maharashtra,Other
2011-02-24,Rice,3,Sangli,FAQ,Sangli,5000,1300,3150,Maharashtra,Other
2011-02-25,Rice,3,Raigad,FAQ,Pen,3550,2550,2580,Maharashtra,Other
2011-02-25,Rice,3,Bhandara,FAQ,Bhandara,1700,1200,1460,Maharashtra,Other
2011-02-28,Rice,3,Thane,FAQ,Ulhasnagar,3500,3000,3200,Maharashtra,1009 Kar
2011-02-28,Rice,3,Nashik,FAQ,Ghoti,2025,2025,2025,Maharashtra,Other
2011-03-01,Rice,3,Nagpur,FAQ,Nagpur,2300,1400,1850,Maharashtra,1009 Kar
2011-03-01,Rice,3,Mumbai,FAQ,Mumbai,7400,5100,6125,Maharashtra,Other
2011-03-01,Rice,3,Nashik,FAQ,Suragana,1600,1100,1400,Maharashtra,1009 Kar
2011-03-01,Rice,3,Pune,FAQ,Pune,7500,1700,4600,Maharashtra,1009 Kar
2011-03-01,Rice,3,Sholapur,FAQ,Solapur,3710,1350,2580,Maharashtra,Other
2011-03-01,Rice,3,Nashik,FAQ,Ghoti,2025,2025,2025,Maharashtra,Other
2011-03-03,Rice,3,Raigad,FAQ,Alibagh,1600,1400,1500,Maharashtra,Other
2011-03-05,Rice,3,Sholapur,FAQ,Solapur,3720,1360,2500,Maharashtra,Other
2011-03-05,Rice,3,Raigad,FAQ,Pen,3550,2550,3290,Maharashtra,Other
2011-03-05,Rice,3,Pune,FAQ,Pune,7500,1700,4600,Maharashtra,1009 Kar
2011-03-05,Rice,3,Bhandara,FAQ,Tumsar,2300,1860,2080,Maharashtra,Other
2011-03-05,Rice,3,Raigad,FAQ,Alibagh,1600,1400,1500,Maharashtra,Other
2011-03-07,Rice,3,Bhandara,FAQ,Tumsar,2250,1625,1935,Maharashtra,Other
2011-03-09,Rice,3,Sholapur,FAQ,Solapur,3720,1350,2580,Maharashtra,Other
2011-03-09,Rice,3,Raigad,FAQ,Mangaon,3000,1800,2500,Maharashtra,Other
2011-03-10,Rice,3,Nashik,FAQ,Suragana,1500,1200,1500,Maharashtra,1009 Kar
2011-03-10,Rice,3,Raigad,FAQ,Karjat(Raigad),4400,1600,2800,Maharashtra,Other
2011-03-11,Rice,3,Nagpur,FAQ,Nagpur,2300,1400,1850,Maharashtra,1009 Kar
2011-03-11,Rice,3,Sholapur,FAQ,Solapur,3710,1360,2580,Maharashtra,Other
2011-03-11,Rice,3,Nandurbar,FAQ,Navapur,1200,1200,1200,Maharashtra,1009 Kar
2011-03-12,Rice,3,Amarawati,FAQ,Achalpur,1400,1200,1300,Maharashtra,1009 Kar
2011-03-12,Rice,3,Bhandara,FAQ,Bhandara,1750,1550,1635,Maharashtra,Other
2011-03-14,Rice,3,Nagpur,FAQ,Nagpur,2300,1400,1850,Maharashtra,1009 Kar
2011-03-14,Rice,3,Raigad,FAQ,Karjat(Raigad),4400,1600,2800,Maharashtra,Other
2011-03-15,Rice,3,Raigad,FAQ,Pen,3550,2550,3270,Maharashtra,Other
2011-03-15,Rice,3,Nagpur,FAQ,Umared,2500,1400,2300,Maharashtra,1009 Kar
2011-03-16,Rice,3,Raigad,FAQ,Pen,3550,2550,3270,Maharashtra,Other
2011-03-16,Rice,3,Sholapur,FAQ,Solapur,3725,1350,2600,Maharashtra,Other
2011-03-16,Rice,3,Amarawati,FAQ,Achalpur,1400,1200,1300,Maharashtra,1009 Kar
2011-03-16,Rice,3,Nagpur,FAQ,Nagpur,2300,1400,1850,Maharashtra,1009 Kar
2011-03-17,Rice,3,Amarawati,FAQ,Achalpur,1400,1200,1300,Maharashtra,1009 Kar
2011-03-17,Rice,3,Jalgaon,FAQ,Chalisgaon,1250,1100,1175,Maharashtra,1009 Kar
2011-03-17,Rice,3,Raigad,FAQ,Mangaon,3000,1800,2800,Maharashtra,Other
2011-03-17,Rice,3,Sangli,FAQ,Sangli,5000,1300,3150,Maharashtra,Other
2011-03-18,Rice,3,Nagpur,FAQ,Nagpur,2300,1400,1850,Maharashtra,1009 Kar
2011-03-18,Rice,3,Mumbai,FAQ,Mumbai,7200,5200,6125,Maharashtra,Other
2011-03-19,Rice,3,Mumbai,FAQ,Mumbai,7200,5200,6125,Maharashtra,Other
2011-03-19,Rice,3,Sangli,FAQ,Sangli,5200,1300,3250,Maharashtra,Other
2011-03-21,Rice,3,Amarawati,FAQ,Achalpur,1500,1200,1350,Maharashtra,1009 Kar
2011-03-21,Rice,3,Bhandara,FAQ,Bhandara,2150,1900,1930,Maharashtra,Other
2011-03-22,Rice,3,Amarawati,FAQ,Achalpur,1500,1200,1350,Maharashtra,1009 Kar
2011-03-22,Rice,3,Kolhapur,FAQ,Kolhapur(Laxmipuri),5800,1600,2100,Maharashtra,1009 Kar
2011-03-22,Rice,3,Nashik,FAQ,Ghoti,2025,2025,2025,Maharashtra,Other
2011-03-23,Rice,3,Amarawati,FAQ,Achalpur,1500,1200,1350,Maharashtra,1009 Kar
2011-03-24,Rice,3,Bhandara,FAQ,Tumsar,2000,1900,1950,Maharashtra,Other
2011-03-24,Rice,3,Nagpur,FAQ,Nagpur,2300,1400,1850,Maharashtra,1009 Kar
2011-03-24,Rice,3,Pune,FAQ,Pune,7500,1900,4700,Maharashtra,1009 Kar
2011-03-25,Rice,3,Kolhapur,FAQ,Kolhapur(Laxmipuri),5800,1500,2200,Maharashtra,1009 Kar
2011-03-26,Rice,3,Sholapur,FAQ,Solapur,3725,1360,2590,Maharashtra,Other
2011-03-28,Rice,3,Sangli,FAQ,Sangli,5000,1300,3150,Maharashtra,Other
2011-03-29,Rice,3,Sholapur,FAQ,Solapur,3720,1360,2590,Maharashtra,Other
2011-03-31,Rice,3,Sholapur,FAQ,Solapur,3725,1370,2600,Maharashtra,Other
2011-03-31,Rice,3,Bhandara,FAQ,Bhandara,2200,1700,2055,Maharashtra,Other
2011-04-02,Rice,3,Thane,FAQ,Kalyan,1700,1600,1650,Maharashtra,Other
2011-04-02,Rice,3,Mumbai,FAQ,Mumbai,7200,5300,6125,Maharashtra,Other
2011-04-03,Rice,3,Pune,FAQ,Indapur(Bhigwan),1175,1025,1050,Maharashtra,1009 Kar
2011-04-05,Rice,3,Nagpur,FAQ,Nagpur,2300,1400,1850,Maharashtra,1009 Kar
2011-04-05,Rice,3,Bhandara,FAQ,Bhandara,2250,1160,1700,Maharashtra,1009 Kar
2011-04-06,Rice,3,Kolhapur,FAQ,Kolhapur(Laxmipuri),6000,1600,2100,Maharashtra,1009 Kar
2011-04-06,Rice,3,Raigad,FAQ,Pen,3550,2550,3260,Maharashtra,Other
2011-04-07,Rice,3,Nagpur,FAQ,Umared,2500,1400,2460,Maharashtra,1009 Kar
2011-04-07,Rice,3,Kolhapur,FAQ,Kolhapur(Laxmipuri),5900,1600,2000,Maharashtra,1009 Kar
2011-04-07,Rice,3,Sholapur,FAQ,Solapur,3730,1350,2580,Maharashtra,Other
2011-04-08,Rice,3,Pune,FAQ,Pune,8500,1700,5100,Maharashtra,1009 Kar
2011-04-08,Rice,3,Mumbai,FAQ,Mumbai,7200,5300,6125,Maharashtra,Other
2011-04-09,Rice,3,Kolhapur,FAQ,Kolhapur(Laxmipuri),6000,1500,2100,Maharashtra,1009 Kar
2011-04-10,Rice,3,Amarawati,FAQ,Achalpur,1500,1300,1400,Maharashtra,1009 Kar
2011-04-11,Rice,3,Pune,FAQ,Pune,7000,1700,4350,Maharashtra,1009 Kar
2011-04-11,Rice,3,Bhandara,FAQ,Bhandara,2350,1700,2110,Maharashtra,Other
2011-04-11,Rice,3,Nashik,FAQ,Ghoti,2025,2025,2025,Maharashtra,Other
2011-04-11,Rice,3,Raigad,FAQ,Pen,3550,2550,3290,Maharashtra,Other
2011-04-12,Rice,3,Sholapur,FAQ,Solapur,3730,1360,2620,Maharashtra,Other
2011-04-13,Rice,3,Mumbai,FAQ,Mumbai,7300,5200,6125,Maharashtra,Other
2011-04-13,Rice,3,Pune,FAQ,Pune,7000,1850,4425,Maharashtra,1009 Kar
2011-04-14,Rice,3,Amarawati,FAQ,Achalpur,1400,1200,1300,Maharashtra,1009 Kar
2011-04-15,Rice,3,Pune,FAQ,Pune,7500,1700,4600,Maharashtra,1009 Kar
2011-04-15,Rice,3,Thane,FAQ,Palghar,2831,1800,2315,Maharashtra,1009 Kar
2011-04-15,Rice,3,Nagpur,FAQ,Nagpur,2300,1400,1850,Maharashtra,1009 Kar
2011-04-15,Rice,3,Mumbai,FAQ,Mumbai,7300,5200,6125,Maharashtra,Other
2011-04-17,Rice,3,Amarawati,FAQ,Achalpur,1500,1300,1400,Maharashtra,1009 Kar
2011-04-17,Rice,3,Thane,FAQ,Palghar,2301,1900,2100,Maharashtra,1009 Kar
2011-04-18,Rice,3,Thane,FAQ,Ulhasnagar,3000,2500,2700,Maharashtra,1009 Kar
2011-04-18,Rice,3,Amarawati,FAQ,Achalpur,1500,1300,1400,Maharashtra,1009 Kar
2011-04-19,Rice,3,Nagpur,FAQ,Umared,2400,1400,2390,Maharashtra,1009 Kar
2011-04-19,Rice,3,Raigad,FAQ,Pen,3570,2550,3280,Maharashtra,Other
2011-04-19,Rice,3,Sholapur,FAQ,Solapur,3720,1370,2590,Maharashtra,Other
2011-04-21,Rice,3,Mumbai,FAQ,Mumbai,7300,5200,6125,Maharashtra,Other
2011-04-23,Rice,3,Nagpur,FAQ,Umared,2800,1200,2550,Maharashtra,1009 Kar
2011-04-23,Rice,3,Bhandara,FAQ,Bhandara,2210,1960,2035,Maharashtra,Other
2011-04-24,Rice,3,Bhandara,FAQ,Tumsar,2225,1725,1975,Maharashtra,Other
2011-04-25,Rice,3,Thane,FAQ,Palghar,2375,2160,2267,Maharashtra,1009 Kar
2011-04-25,Rice,3,Mumbai,FAQ,Mumbai,3900,1600,2750,Maharashtra,1009 Kar
2011-04-26,Rice,3,Nagpur,FAQ,Umared,2800,1200,2680,Maharashtra,1009 Kar
2011-04-26,Rice,3,Pune,FAQ,Pune,8000,1600,4800,Maharashtra,1009 Kar
2011-04-26,Rice,3,Mumbai,FAQ,Mumbai,7300,5200,6125,Maharashtra,Other
2011-04-26,Rice,3,Raigad,FAQ,Mangaon,3200,1800,2800,Maharashtra,Other
2011-04-26,Rice,3,Raigad,FAQ,Karjat(Raigad),4000,1600,2800,Maharashtra,1009 Kar
2011-04-27,Rice,3,Nashik,FAQ,Ghoti,2025,2025,2025,Maharashtra,Other
2011-04-27,Rice,3,Raigad,FAQ,Karjat(Raigad),4400,1600,2600,Maharashtra,Other
2011-04-29,Rice,3,Raigad,FAQ,Pen,3550,2550,3270,Maharashtra,Other
2011-04-29,Rice,3,Kolhapur,FAQ,Kolhapur(Laxmipuri),7000,1900,2500,Maharashtra,1009 Kar
2011-04-30,Rice,3,Raigad,FAQ,Mangaon,3000,1800,2800,Maharashtra,Other
2011-04-30,Rice,3,Bhandara,FAQ,Tumsar,2170,1600,1890,Maharashtra,Other
2011-05-01,Rice,3,Amarawati,FAQ,Achalpur,1400,1200,1300,Maharashtra,1009 Kar
2011-05-03,Rice,3,Raigad,FAQ,Karjat(Raigad),4400,1600,2600,Maharashtra,Other
2011-05-03,Rice,3,Nagpur,FAQ,Nagpur,2300,1500,1900,Maharashtra,1009 Kar
2011-05-03,Rice,3,Sangli,FAQ,Sangli,5000,1300,3150,Maharashtra,Other
2011-05-04,Rice,3,Raigad,FAQ,Karjat(Raigad),4400,1600,2650,Maharashtra,Other
2011-05-04,Rice,3,Mumbai,FAQ,Mumbai,8000,5300,6517,Maharashtra,Other
2011-05-05,Rice,3,Raigad,FAQ,Mangaon,3000,1800,2500,Maharashtra,Other
2011-05-05,Rice,3,Mumbai,FAQ,Mumbai,4000,1600,2800,Maharashtra,1009 Kar
2011-05-07,Rice,3,Pune,FAQ,Pune,7500,1850,4675,Maharashtra,1009 Kar
2011-05-07,Rice,3,Mumbai,FAQ,Mumbai,4000,1600,2800,Maharashtra,1009 Kar
2011-05-09,Rice,3,Bhandara,FAQ,Bhandara,2400,2000,2080,Maharashtra,Other
2011-05-09,Rice,3,Amarawati,FAQ,Achalpur,1600,1200,1400,Maharashtra,1009 Kar
2011-05-09,Rice,3,Nashik,FAQ,Ghoti,2025,2025,2025,Maharashtra,Other
2011-05-09,Rice,3,Raigad,FAQ,Mangaon,3000,1800,2500,Maharashtra,Other
2011-05-09,Rice,3,Raigad,FAQ,Pen,3570,2550,3290,Maharashtra,Other
2011-05-10,Rice,3,Raigad,FAQ,Mangaon,3000,1800,2500,Maharashtra,Other
2011-05-11,Rice,3,Mumbai,FAQ,Mumbai,4000,1600,2800,Maharashtra,1009 Kar
2011-05-12,Rice,3,Mumbai,FAQ,Mumbai,4000,1600,2800,Maharashtra,1009 Kar
2011-05-12,Rice,3,Raigad,FAQ,Alibagh,1600,1400,1500,Maharashtra,Other
2011-05-12,Rice,3,Bhandara,FAQ,Bhandara,2030,2030,2030,Maharashtra,Other
2011-05-12,Rice,3,Kolhapur,FAQ,Kolhapur(Laxmipuri),7200,1800,2300,Maharashtra,1009 Kar
2011-05-12,Rice,3,Mumbai,FAQ,Mumbai,8000,5300,6517,Maharashtra,Other
2011-05-13,Rice,3,Pune,FAQ,Pune,8000,1500,4750,Maharashtra,1009 Kar
2011-05-13,Rice,3,Thane,FAQ,Palghar,1821,1821,1821,Maharashtra,1009 Kar
2011-05-13,Rice,3,Nagpur,FAQ,Nagpur,2300,1500,1850,Maharashtra,1009 Kar
2011-05-14,Rice,3,Thane,FAQ,Palghar,2801,1690,2246,Maharashtra,1009 Kar
2011-05-14,Rice,3,Mumbai,FAQ,Mumbai,4000,1600,2800,Maharashtra,1009 Kar
2011-05-14,Rice,3,Nagpur,FAQ,Nagpur,2300,1500,1850,Maharashtra,1009 Kar
2011-05-16,Rice,3,Mumbai,FAQ,Mumbai,8000,5200,6468,Maharashtra,Other
2011-05-16,Rice,3,Kolhapur,FAQ,Kolhapur(Laxmipuri),7000,1900,2400,Maharashtra,1009 Kar
2011-05-16,Rice,3,Raigad,FAQ,Karjat(Raigad),4000,1600,2400,Maharashtra,Other
2011-05-18,Rice,3,Mumbai,FAQ,Mumbai,4100,1600,2850,Maharashtra,1009 Kar
2011-05-18,Rice,3,Raigad,FAQ,Mangaon,3500,1800,2500,Maharashtra,Other
2011-05-18,Rice,3,Raigad,FAQ,Karjat(Raigad),4400,1600,2800,Maharashtra,Other
2011-05-19,Rice,3,Sholapur,FAQ,Solapur,3725,1380,2600,Maharashtra,Other
2011-05-19,Rice,3,Pune,FAQ,Pune,8500,1600,5050,Maharashtra,1009 Kar
2011-05-20,Rice,3,Raigad,FAQ,Karjat(Raigad),4400,1600,2600,Maharashtra,Other
2011-05-20,Rice,3,Thane,FAQ,Vasai,2300,1200,1700,Maharashtra,1009 Kar
2011-05-20,Rice,3,Raigad,FAQ,Mangaon,3500,1800,2500,Maharashtra,Other
2011-05-21,Rice,3,Thane,FAQ,Vasai,2500,1200,1800,Maharashtra,1009 Kar
2011-05-21,Rice,3,Mumbai,FAQ,Mumbai,8000,5200,6468,Maharashtra,Other
2011-05-21,Rice,3,Thane,FAQ,Palghar,3006,1790,2398,Maharashtra,1009 Kar
2011-05-23,Rice,3,Bhandara,FAQ,Tumsar,2180,1900,2040,Maharashtra,Other
2011-05-23,Rice,3,Pune,FAQ,Pune,8000,1750,4875,Maharashtra,1009 Kar
2011-05-23,Rice,3,Amarawati,FAQ,Achalpur,1350,1300,1325,Maharashtra,1009 Kar
2011-05-23,Rice,3,Thane,FAQ,Ulhasnagar,2500,1500,2000,Maharashtra,1009 Kar
2011-05-23,Rice,3,Thane,FAQ,Palghar,1746,1549,1647,Maharashtra,1009 Kar
2011-05-24,Rice,3,Kolhapur,FAQ,Kolhapur(Laxmipuri),7000,1800,2500,Maharashtra,1009 Kar
2011-05-24,Rice,3,Pune,FAQ,Pune,8000,1750,4775,Maharashtra,1009 Kar
2011-05-25,Rice,3,Sholapur,FAQ,Solapur,3725,1370,2560,Maharashtra,Other
2011-05-26,Rice,3,Pune,FAQ,Pune,7000,1700,4350,Maharashtra,1009 Kar
2011-05-27,Rice,3,Kolhapur,FAQ,Kolhapur(Laxmipuri),7500,1800,2300,Maharashtra,1009 Kar
2011-05-28,Rice,3,Kolhapur,FAQ,Kolhapur(Laxmipuri),7200,1900,2300,Maharashtra,1009 Kar
2011-05-28,Rice,3,Satara,FAQ,Karad,200,100,150,Maharashtra,1009 Kar
2011-05-28,Rice,3,Mumbai,FAQ,Mumbai,8000,5200,6468,Maharashtra,Other
2011-05-28,Rice,3,Bhandara,FAQ,Bhandara,2390,1800,2160,Maharashtra,Other
2011-05-28,Rice,3,Sangli,FAQ,Sangli,5000,1300,3150,Maharashtra,Other
2011-05-30,Rice,3,Pune,FAQ,Pune,8000,1700,4850,Maharashtra,1009 Kar
2011-05-30,Rice,3,Raigad,FAQ,Alibagh,1600,1400,1500,Maharashtra,Other
2011-05-30,Rice,3,Thane,FAQ,Palghar,1758,1650,1704,Maharashtra,1009 Kar
2011-05-31,Rice,3,Thane,FAQ,Palghar,2161,1401,1781,Maharashtra,1009 Kar
2011-06-01,Rice,3,Bhandara,FAQ,Tumsar,2350,1800,2075,Maharashtra,Other
2011-06-01,Rice,3,Kolhapur,FAQ,Kolhapur(Laxmipuri),7000,1800,2400,Maharashtra,1009 Kar
2011-06-01,Rice,3,Mumbai,FAQ,Mumbai,4200,1651,2925,Maharashtra,1009 Kar
2011-06-02,Rice,3,Vashim,FAQ,Mangrulpeer,951,951,951,Maharashtra,1009 Kar
2011-06-02,Rice,3,Raigad,FAQ,Karjat(Raigad),4400,1600,2600,Maharashtra,Other
2011-06-03,Rice,3,Bhandara,FAQ,Bhandara,1200,1200,1200,Maharashtra,Other
2011-06-04,Rice,3,Satara,FAQ,Karad,200,100,150,Maharashtra,1009 Kar
2011-06-04,Rice,3,Raigad,FAQ,Karjat(Raigad),4400,1600,2600,Maharashtra,Other
2011-06-06,Rice,3,Nashik,FAQ,Ghoti,2025,2025,2025,Maharashtra,Other
2011-06-07,Rice,3,Thane,FAQ,Palghar,2365,1600,1982,Maharashtra,1009 Kar
2011-06-07,Rice,3,Mumbai,FAQ,Mumbai,8000,5300,6783,Maharashtra,Other
2011-06-08,Rice,3,Sholapur,FAQ,Solapur,3720,1350,2550,Maharashtra,Other
2011-06-08,Rice,3,Mumbai,FAQ,Mumbai,8000,5300,6783,Maharashtra,Other
2011-06-08,Rice,3,Sangli,FAQ,Sangli,5000,1300,3150,Maharashtra,Other
2011-06-09,Rice,3,Sholapur,FAQ,Solapur,3730,1360,2560,Maharashtra,Other
2011-06-10,Rice,3,Thane,FAQ,Palghar,1820,1538,1679,Maharashtra,1009 Kar
2011-06-11,Rice,3,Thane,FAQ,Vasai,2600,1300,1900,Maharashtra,1009 Kar
2011-06-11,Rice,3,Bhandara,FAQ,Bhandara,1760,1200,1560,Maharashtra,Other
2011-06-13,Rice,3,Amarawati,FAQ,Achalpur,1400,1200,1300,Maharashtra,1009 Kar
2011-06-13,Rice,3,Thane,FAQ,Ulhasnagar,2500,2000,2200,Maharashtra,1009 Kar
2011-06-14,Rice,3,Thane,FAQ,Palghar,2110,1555,1832,Maharashtra,1009 Kar
2011-06-14,Rice,3,Sholapur,FAQ,Solapur,3750,1370,2590,Maharashtra,Other
2011-06-14,Rice,3,Raigad,FAQ,Alibagh,1600,1400,1500,Maharashtra,Other
2011-06-14,Rice,3,Pune,FAQ,Pune,7200,1650,4425,Maharashtra,1009 Kar
2011-06-15,Rice,3,Bhandara,FAQ,Tumsar,1000,1000,1000,Maharashtra,Other
2011-06-16,Rice,3,Bhandara,FAQ,Bhandara,2170,1810,2105,Maharashtra,Other
2011-06-16,Rice,3,Kolhapur,FAQ,Kolhapur(Laxmipuri),7000,1800,2100,Maharashtra,1009 Kar
2011-06-16,Rice,3,Nashik,FAQ,Ghoti,2025,2025,2025,Maharashtra,Other
2011-06-17,Rice,3,Amarawati,FAQ,Achalpur,1400,1000,1200,Maharashtra,1009 Kar
2011-06-17,Rice,3,Raigad,FAQ,Alibagh,1600,1400,1500,Maharashtra,Other
2011-06-17,Rice,3,Thane,FAQ,Kalyan,1800,1700,1750,Maharashtra,Other
2011-06-17,Rice,3,Nagpur,FAQ,Nagpur,2500,1500,2000,Maharashtra,1009 Kar
2011-06-17,Rice,3,Thane,FAQ,Palghar,2200,1500,1850,Maharashtra,1009 Kar
2011-06-17,Rice,3,Sholapur,FAQ,Solapur,3750,1370,2600,Maharashtra,Other
2011-06-18,Rice,3,Mumbai,FAQ,Mumbai,4300,1650,2975,Maharashtra,1009 Kar
2011-06-18,Rice,3,Raigad,FAQ,Karjat(Raigad),4000,1600,2600,Maharashtra,Other
2011-06-18,Rice,3,Sholapur,FAQ,Solapur,3750,1365,2610,Maharashtra,Other
2011-06-18,Rice,3,Sangli,FAQ,Sangli,5200,1300,3250,Maharashtra,Other
2011-06-20,Rice,3,Kolhapur,FAQ,Kolhapur(Laxmipuri),5400,1500,2000,Maharashtra,1009 Kar
2011-06-20,Rice,3,Mumbai,FAQ,Mumbai,8000,5200,6732,Maharashtra,Other
2011-06-21,Rice,3,Sholapur,FAQ,Solapur,3760,1360,2620,Maharashtra,Other
2011-06-21,Rice,3,Thane,FAQ,Vasai,3175,1150,2460,Maharashtra,1009 Kar
2011-06-22,Rice,3,Raigad,FAQ,Alibagh,1600,1400,1500,Maharashtra,Other
2011-06-22,Rice,3,Nashik,FAQ,Ghoti,2000,1800,1900,Maharashtra,1009 Kar
2011-06-22,Rice,3,Thane,FAQ,Vasai,3210,1230,2540,Maharashtra,1009 Kar
2011-06-23,Rice,3,Raigad,FAQ,Mangaon,3000,1800,2800,Maharashtra,Other
2011-06-24,Rice,3,Thane,FAQ,Kalyan,1900,1800,1850,Maharashtra,Other
2011-06-24,Rice,3,Thane,FAQ,Palghar,1950,1500,1725,Maharashtra,1009 Kar
2011-06-24,Rice,3,Sholapur,FAQ,Solapur,3740,1360,2610,Maharashtra,Other
2011-06-25,Rice,3,Nagpur,FAQ,Nagpur,2550,1525,2037,Maharashtra,1009 Kar
2011-06-25,Rice,3,Raigad,FAQ,Karjat(Raigad),4000,1600,2200,Maharashtra,Other
2011-06-25,Rice,3,Kolhapur,FAQ,Kolhapur(Laxmipuri),4800,1500,1900,Maharashtra,1009 Kar
2011-06-26,Rice,3,Raigad,FAQ,Mangaon,3000,1800,2800,Maharashtra,Other
2011-06-27,Rice,3,Sholapur,FAQ,Solapur,3740,1360,2610,Maharashtra,Other
2011-06-27,Rice,3,Raigad,FAQ,Alibagh,1600,1400,1500,Maharashtra,Other
2011-06-28,Rice,3,Sholapur,FAQ,Solapur,3750,1360,2620,Maharashtra,Other
2011-06-28,Rice,3,Pune,FAQ,Pune,6988,1700,4300,Maharashtra,1009 Kar
2011-06-28,Rice,3,Thane,FAQ,Palghar,3025,1535,2280,Maharashtra,1009 Kar
2011-06-28,Rice,3,Raigad,FAQ,Mangaon,3000,1800,2800,Maharashtra,Other
2011-06-28,Rice,3,Thane,FAQ,Vasai,3150,1100,2500,Maharashtra,1009 Kar
2011-06-29,Rice,3,Mumbai,FAQ,Mumbai,8000,5200,6732,Maharashtra,Other
2011-06-29,Rice,3,Kolhapur,FAQ,Kolhapur(Laxmipuri),4800,1500,1900,Maharashtra,1009 Kar
2011-06-29,Rice,3,Raigad,FAQ,Mangaon,3000,1800,2800,Maharashtra,Other
2011-06-29,Rice,3,Thane,FAQ,Vasai,3050,1100,1980,Maharashtra,1009 Kar
2011-06-29,Rice,3,Thane,FAQ,Palghar,2060,2050,2055,Maharashtra,1009 Kar
2011-06-29,Rice,3,Vashim,FAQ,Mangrulpeer,976,975,976,Maharashtra,1009 Kar
2011-06-30,Rice,3,Sholapur,FAQ,Solapur,3750,1360,2600,Maharashtra,Other
2011-06-30,Rice,3,Bhandara,FAQ,Tumsar,2200,1885,2040,Maharashtra,Other
2011-06-30,Rice,3,Pune,FAQ,Pune,9000,1500,5250,Maharashtra,1009 Kar
2011-06-30,Rice,3,Bhandara,FAQ,Bhandara,2070,2000,2015,Maharashtra,Other
2011-07-01,Rice,3,Thane,FAQ,Palghar,1955,1459,1707,Maharashtra,1009 Kar
2011-07-01,Rice,3,Kolhapur,FAQ,Kolhapur(Laxmipuri),6500,1500,2100,Maharashtra,1009 Kar
2011-07-02,Rice,3,Mumbai,FAQ,Mumbai,8000,5200,6732,Maharashtra,Other
2011-07-02,Rice,3,Mumbai,FAQ,Mumbai,4300,1650,2975,Maharashtra,1009 Kar
2011-07-03,Rice,3,Thane,FAQ,Palghar,2215,2054,2134,Maharashtra,1009 Kar
2011-07-04,Rice,3,Bhandara,FAQ,Tumsar,1275,1200,1235,Maharashtra,Other
2011-07-04,Rice,3,Thane,FAQ,Palghar,3150,1790,2470,Maharashtra,1009 Kar
2011-07-04,Rice,3,Raigad,FAQ,Mangaon,3000,1800,2800,Maharashtra,Other
2011-07-04,Rice,3,Nashik,FAQ,Ghoti,2025,2025,2025,Maharashtra,1009 Kar
2011-07-06,Rice,3,Kolhapur,FAQ,Kolhapur(Laxmipuri),7000,1500,2000,Maharashtra,1009 Kar
2011-07-06,Rice,3,Nagpur,FAQ,Nagpur,2550,1570,2050,Maharashtra,1009 Kar
2011-07-06,Rice,3,Mumbai,FAQ,Mumbai,4300,1650,2975,Maharashtra,1009 Kar
2011-07-06,Rice,3,Nashik,FAQ,Ghoti,2025,2025,2025,Maharashtra,Other
2011-07-07,Rice,3,Nagpur,FAQ,Nagpur,2550,1570,2060,Maharashtra,1009 Kar
2011-07-07,Rice,3,Pune,FAQ,Pune,8000,1600,4900,Maharashtra,1009 Kar
2011-07-07,Rice,3,Raigad,FAQ,Pen,3570,2550,3270,Maharashtra,Other
2011-07-07,Rice,3,Thane,FAQ,Palghar,1480,1460,1470,Maharashtra,1009 Kar
2011-07-07,Rice,3,Bhandara,FAQ,Bhandara,2400,2000,2055,Maharashtra,Other
2011-07-08,Rice,3,Mumbai,FAQ,Mumbai,4300,1650,2975,Maharashtra,1009 Kar
2011-07-08,Rice,3,Thane,FAQ,Palghar,2050,1341,1695,Maharashtra,1009 Kar
2011-07-08,Rice,3,Sholapur,FAQ,Solapur,3740,1360,2620,Maharashtra,Other
2011-07-08,Rice,3,Raigad,FAQ,Pen,3580,2550,3260,Maharashtra,Other
2011-07-09,Rice,3,Sangli,FAQ,Sangli,5000,1300,3150,Maharashtra,Other
2011-07-09,Rice,3,Raigad,FAQ,Karjat(Raigad),4000,1600,2400,Maharashtra,Other
2011-07-09,Rice,3,Bhandara,FAQ,Tumsar,2560,2400,2480,Maharashtra,Other
2011-07-10,Rice,3,Thane,FAQ,Palghar,2275,1470,1872,Maharashtra,1009 Kar
2011-07-10,Rice,3,Bhandara,FAQ,Tumsar,1245,1245,1245,Maharashtra,Other
2011-07-11,Rice,3,Thane,FAQ,Ulhasnagar,3000,2000,2500,Maharashtra,1009 Kar
2011-07-12,Rice,3,Sangli,FAQ,Sangli,5200,1300,3250,Maharashtra,Other
2011-07-13,Rice,3,Raigad,FAQ,Mangaon,3000,1800,2800,Maharashtra,Other
2011-07-13,Rice,3,Vashim,FAQ,Mangrulpeer,900,900,900,Maharashtra,1009 Kar
2011-07-13,Rice,3,Sholapur,FAQ,Solapur,3750,1360,2620,Maharashtra,Other
2011-07-14,Rice,3,Raigad,FAQ,Pen,3580,2550,3280,Maharashtra,Other
2011-07-14,Rice,3,Nagpur,FAQ,Nagpur,2550,1570,2060,Maharashtra,1009 Kar
2011-07-14,Rice,3,Raigad,FAQ,Karjat(Raigad),4000,1600,2400,Maharashtra,Other
2011-07-14,Rice,3,Thane,FAQ,Palghar,2780,1710,2248,Maharashtra,1009 Kar
2011-07-15,Rice,3,Raigad,FAQ,Karjat(Raigad),4000,1600,2400,Maharashtra,Other
2011-07-16,Rice,3,Mumbai,FAQ,Mumbai,4300,1650,2975,Maharashtra,1009 Kar
2011-07-18,Rice,3,Bhandara,FAQ,Tumsar,1050,1000,1025,Maharashtra,Other
2011-07-19,Rice,3,Raigad,FAQ,Pen,3580,2550,3290,Maharashtra,Other
2011-07-20,Rice,3,Thane,FAQ,Vasai,3140,1240,2500,Maharashtra,1009 Kar
2011-07-20,Rice,3,Pune,FAQ,Pune,8500,1600,5050,Maharashtra,1009 Kar
2011-07-20,Rice,3,Nagpur,FAQ,Nagpur,2560,1560,2060,Maharashtra,1009 Kar
2011-07-20,Rice,3,Raigad,FAQ,Mangaon,3000,1800,2500,Maharashtra,Other
2011-07-21,Rice,3,Sangli,FAQ,Sangli,5200,1300,3250,Maharashtra,Other
2011-07-21,Rice,3,Mumbai,FAQ,Mumbai,8000,5200,6732,Maharashtra,Other
2011-07-22,Rice,3,Raigad,FAQ,Karjat(Raigad),4000,1600,2200,Maharashtra,Other
2011-07-22,Rice,3,Mumbai,FAQ,Mumbai,4300,1650,2975,Maharashtra,1009 Kar
2011-07-23,Rice,3,Nagpur,FAQ,Nagpur,2560,1550,2055,Maharashtra,1009 Kar
2011-07-25,Rice,3,Sholapur,FAQ,Solapur,3760,1360,2610,Maharashtra,Other
2011-07-25,Rice,3,Thane,FAQ,Ulhasnagar,3000,2500,2700,Maharashtra,1009 Kar
2011-07-26,Rice,3,Sangli,FAQ,Sangli,5200,1350,3275,Maharashtra,Other
2011-07-26,Rice,3,Kolhapur,FAQ,Kolhapur(Laxmipuri),5400,1600,1900,Maharashtra,1009 Kar
2011-07-26,Rice,3,Mumbai,FAQ,Mumbai,8000,5200,6732,Maharashtra,Other
2011-07-26,Rice,3,Nandurbar,FAQ,Nandurbar,780,780,780,Maharashtra,1009 Kar
2011-07-26,Rice,3,Nagpur,FAQ,Nagpur,2560,1560,2060,Maharashtra,1009 Kar
2011-07-26,Rice,3,Raigad,FAQ,Mangaon,3000,1800,2800,Maharashtra,Other
2011-07-27,Rice,3,Raigad,FAQ,Karjat(Raigad),4000,1600,2400,Maharashtra,Other
2011-07-27,Rice,3,Kolhapur,FAQ,Kolhapur(Laxmipuri),5400,1600,2100,Maharashtra,1009 Kar
2011-07-28,Rice,3,Nashik,FAQ,Ghoti,2025,2025,2025,Maharashtra,Other
2011-07-29,Rice,3,Pune,FAQ,Pune,10000,1500,5750,Maharashtra,1009 Kar
2011-07-30,Rice,3,Bhandara,FAQ,Tumsar,1200,1100,1150,Maharashtra,Other
2011-07-30,Rice,3,Nagpur,FAQ,Nagpur,2560,1550,2060,Maharashtra,1009 Kar
2011-07-31,Rice,3,Bhandara,FAQ,Tumsar,2800,1660,2230,Maharashtra,Other
2011-07-31,Rice,3,Thane,FAQ,Palghar,2545,1420,1982,Maharashtra,1009 Kar
2011-08-01,Rice,3,Raigad,FAQ,Karjat(Raigad),4000,1600,2200,Maharashtra,Other
2011-08-01,Rice,3,Sholapur,FAQ,Solapur,3760,1350,2610,Maharashtra,Other
2011-08-01,Rice,3,Pune,FAQ,Pune,8000,1650,4825,Maharashtra,1009 Kar
2011-08-01,Rice,3,Nagpur,FAQ,Nagpur,2560,1560,2060,Maharashtra,1009 Kar
2011-08-01,Rice,3,Sangli,FAQ,Sangli,5000,1300,3150,Maharashtra,Other
2011-08-01,Rice,3,Mumbai,FAQ,Mumbai,4500,1600,3050,Maharashtra,1009 Kar
2011-08-02,Rice,3,Raigad,FAQ,Karjat(Raigad),4000,1600,2200,Maharashtra,Other
2011-08-02,Rice,3,Nagpur,FAQ,Nagpur,2560,1560,2060,Maharashtra,1009 Kar
2011-08-03,Rice,3,Nagpur,FAQ,Nagpur,2560,1560,2060,Maharashtra,1009 Kar
2011-08-03,Rice,3,Sangli,FAQ,Sangli,5000,1300,3150,Maharashtra,Other
2011-08-03,Rice,3,Kolhapur,FAQ,Kolhapur(Laxmipuri),5200,1500,2000,Maharashtra,1009 Kar
2011-08-04,Rice,3,Raigad,FAQ,Pen,3570,2550,3280,Maharashtra,Other
2011-08-04,Rice,3,Thane,FAQ,Palghar,3250,1465,2357,Maharashtra,1009 Kar
2011-08-05,Rice,3,Mumbai,FAQ,Mumbai,8500,5300,6762,Maharashtra,Other
2011-08-05,Rice,3,Thane,FAQ,Kalyan,2100,1900,2000,Maharashtra,Other
2011-08-05,Rice,3,Nashik,FAQ,Ghoti,2025,2025,2025,Maharashtra,Other
2011-08-06,Rice,3,Mumbai,FAQ,Mumbai,8500,5300,6762,Maharashtra,Other
2011-08-06,Rice,3,Pune,FAQ,Pune,8500,1650,5075,Maharashtra,1009 Kar
2011-08-08,Rice,3,Kolhapur,FAQ,Kolhapur(Laxmipuri),4900,1500,2000,Maharashtra,1009 Kar
2011-08-08,Rice,3,Raigad,FAQ,Roha,1100,900,1000,Maharashtra,Other
2011-08-10,Rice,3,Raigad,FAQ,Pen,3580,2550,3290,Maharashtra,Other
2011-08-11,Rice,3,Pune,FAQ,Pune,7000,1750,4375,Maharashtra,1009 Kar
2011-08-12,Rice,3,Thane,FAQ,Palghar,2870,2050,2460,Maharashtra,1009 Kar
2011-08-12,Rice,3,Raigad,FAQ,Karjat(Raigad),4000,1600,2200,Maharashtra,Other
2011-08-14,Rice,3,Thane,FAQ,Palghar,2560,1999,2279,Maharashtra,1009 Kar
2011-08-16,Rice,3,Mumbai,FAQ,Mumbai,8500,5200,6713,Maharashtra,Other
2011-08-16,Rice,3,Pune,FAQ,Pune,8000,1600,4800,Maharashtra,1009 Kar
2011-08-16,Rice,3,Sholapur,FAQ,Solapur,3750,1360,2625,Maharashtra,Other
2011-08-17,Rice,3,Raigad,FAQ,Karjat(Raigad),4000,1600,2200,Maharashtra,Other
2011-08-18,Rice,3,Thane,FAQ,Palghar,1910,1910,1910,Maharashtra,1009 Kar
2011-08-18,Rice,3,Nagpur,FAQ,Umared,2600,1600,2400,Maharashtra,1009 Kar
2011-08-19,Rice,3,Sangli,FAQ,Sangli,5000,1300,3150,Maharashtra,Other
2011-08-19,Rice,3,Raigad,FAQ,Karjat(Raigad),4000,1600,2200,Maharashtra,Other
2011-08-20,Rice,3,Raigad,FAQ,Karjat(Raigad),4000,1600,2200,Maharashtra,Other
2011-08-20,Rice,3,Bhandara,FAQ,Bhandara,1700,1700,1700,Maharashtra,Other
2011-08-23,Rice,3,Kolhapur,FAQ,Kolhapur(Laxmipuri),4500,1500,2200,Maharashtra,1009 Kar
2011-08-24,Rice,3,Sholapur,FAQ,Solapur,3750,1360,2590,Maharashtra,Other
2011-08-24,Rice,3,Raigad,FAQ,Alibagh,1700,1500,1600,Maharashtra,Other
2011-08-24,Rice,3,Mumbai,FAQ,Mumbai,4400,1600,3000,Maharashtra,1009 Kar
2011-08-24,Rice,3,Bhandara,FAQ,Tumsar,2630,2350,2490,Maharashtra,Other
2011-08-25,Rice,3,Thane,FAQ,Bhivandi,2500,1200,1900,Maharashtra,1009 Kar
2011-08-25,Rice,3,Raigad,FAQ,Alibagh,1700,1500,1600,Maharashtra,Other
2011-08-25,Rice,3,Nagpur,FAQ,Umared,2450,1700,2380,Maharashtra,1009 Kar
2011-08-25,Rice,3,Raigad,FAQ,Alibagh,1500,1250,1400,Maharashtra,1009 Kar
2011-08-26,Rice,3,Raigad,FAQ,Alibagh,1500,1250,1400,Maharashtra,1009 Kar
2011-08-26,Rice,3,Bhandara,FAQ,Bhandara,2540,2200,2380,Maharashtra,Other
2011-08-26,Rice,3,Mumbai,FAQ,Mumbai,4200,1600,2900,Maharashtra,1009 Kar
2011-08-27,Rice,3,Kolhapur,FAQ,Kolhapur(Laxmipuri),4700,1500,2100,Maharashtra,1009 Kar
2011-08-27,Rice,3,Bhandara,FAQ,Bhandara,2600,2000,2200,Maharashtra,Other
2011-08-29,Rice,3,Raigad,FAQ,Alibagh,1700,1500,1600,Maharashtra,Other
2011-08-30,Rice,3,Sangli,FAQ,Sangli,5200,1300,3250,Maharashtra,Other
2011-08-30,Rice,3,Raigad,FAQ,Alibagh,1500,1250,1400,Maharashtra,1009 Kar
2011-08-30,Rice,3,Sholapur,FAQ,Solapur,3750,1350,2610,Maharashtra,Other
2011-09-02,Rice,3,Nagpur,FAQ,Nagpur,2675,1525,2100,Maharashtra,1009 Kar
2011-09-03,Rice,3,Raigad,FAQ,Alibagh,1500,1250,1400,Maharashtra,1009 Kar
2011-09-03,Rice,3,Mumbai,FAQ,Mumbai,2866,2291,2476,Maharashtra,1009 Kar
2011-09-03,Rice,3,Bhandara,FAQ,Bhandara,1400,800,990,Maharashtra,Other
2011-09-03,Rice,3,Nagpur,FAQ,Nagpur,2675,1525,2100,Maharashtra,1009 Kar
2011-09-05,Rice,3,Mumbai,FAQ,Mumbai,8400,5200,6528,Maharashtra,Other
2011-09-05,Rice,3,Sangli,FAQ,Sangli,5200,1300,3250,Maharashtra,Other
2011-09-07,Rice,3,Pune,FAQ,Pune,7500,1750,4625,Maharashtra,1009 Kar
2011-09-07,Rice,3,Sangli,FAQ,Sangli,5000,1350,3175,Maharashtra,Other
2011-09-07,Rice,3,Thane,FAQ,Palghar,2100,1975,2037,Maharashtra,1009 Kar
2011-09-07,Rice,3,Mumbai,FAQ,Mumbai,8400,5200,6528,Maharashtra,Other
2011-09-08,Rice,3,Thane,FAQ,Palghar,3024,1722,2373,Maharashtra,1009 Kar
2011-09-08,Rice,3,Bhandara,FAQ,Tumsar,1700,1700,1700,Maharashtra,Other
2011-09-09,Rice,3,Raigad,FAQ,Karjat(Raigad),4000,1600,2200,Maharashtra,1009 Kar
2011-09-09,Rice,3,Pune,FAQ,Pune,8500,1600,4800,Maharashtra,1009 Kar
2011-09-11,Rice,3,Bhandara,FAQ,Tumsar,1000,1000,1000,Maharashtra,Other
2011-09-12,Rice,3,Pune,FAQ,Pune,8500,1500,5000,Maharashtra,1009 Kar
2011-09-12,Rice,3,Bhandara,FAQ,Tumsar,2100,2100,2100,Maharashtra,Other
2011-09-13,Rice,3,Kolhapur,FAQ,Kolhapur(Laxmipuri),4500,1500,2000,Maharashtra,1009 Kar
2011-09-14,Rice,3,Mumbai,FAQ,Mumbai,4200,1600,2900,Maharashtra,1009 Kar
2011-09-14,Rice,3,Nagpur,FAQ,Nagpur,2675,1530,2102,Maharashtra,1009 Kar
2011-09-15,Rice,3,Raigad,FAQ,Alibagh,1700,1500,1600,Maharashtra,Other
2011-09-15,Rice,3,Mumbai,FAQ,Mumbai,8400,5200,6528,Maharashtra,Other
2011-09-16,Rice,3,Thane,FAQ,Vasai,3100,1300,2600,Maharashtra,1009 Kar
2011-09-16,Rice,3,Raigad,FAQ,Pen,3580,2550,3280,Maharashtra,Other
2011-09-17,Rice,3,Mumbai,FAQ,Mumbai,8400,5200,6528,Maharashtra,1009 Kar
2011-09-18,Rice,3,Bhandara,FAQ,Tumsar,2750,1630,2190,Maharashtra,Other
2011-09-19,Rice,3,Bhandara,FAQ,Tumsar,2600,1600,2100,Maharashtra,Other
2011-09-19,Rice,3,Thane,FAQ,Ulhasnagar,2500,2000,2200,Maharashtra,1009 Kar
2011-09-20,Rice,3,Raigad,FAQ,Alibagh,1500,1250,1400,Maharashtra,1009 Kar
2011-09-20,Rice,3,Sangli,FAQ,Sangli,5000,1300,3150,Maharashtra,Other
2011-09-20,Rice,3,Mumbai,FAQ,Mumbai,4300,1600,2975,Maharashtra,1009 Kar
2011-09-20,Rice,3,Raigad,FAQ,Karjat(Raigad),4200,1600,2100,Maharashtra,Other
2011-09-20,Rice,3,Nagpur,FAQ,Nagpur,2675,1550,2100,Maharashtra,1009 Kar
2011-09-21,Rice,3,Sholapur,FAQ,Solapur,3940,1360,2720,Maharashtra,Other
2011-09-21,Rice,3,Thane,FAQ,Vasai,3200,1300,2600,Maharashtra,1009 Kar
2011-09-21,Rice,3,Nashik,FAQ,Ghoti,2000,1800,1900,Maharashtra,Other
2011-09-22,Rice,3,Sholapur,FAQ,Solapur,3950,1350,2730,Maharashtra,Other
2011-09-22,Rice,3,Kolhapur,FAQ,Kolhapur(Laxmipuri),4000,1600,2000,Maharashtra,1009 Kar
2011-09-23,Rice,3,Nagpur,FAQ,Nagpur,2675,1550,2100,Maharashtra,1009 Kar
2011-09-23,Rice,3,Raigad,FAQ,Alibagh,1700,1500,1600,Maharashtra,Other
2011-09-23,Rice,3,Bhandara,FAQ,Bhandara,2700,2040,2350,Maharashtra,Other
2011-09-25,Rice,3,Thane,FAQ,Palghar,2384,2043,2213,Maharashtra,1009 Kar
2011-09-26,Rice,3,Kolhapur,FAQ,Kolhapur(Laxmipuri),3900,1500,2100,Maharashtra,1009 Kar
2011-09-26,Rice,3,Mumbai,FAQ,Mumbai,4300,1600,2900,Maharashtra,1009 Kar
2011-09-27,Rice,3,Thane,FAQ,Palghar,2775,1501,2138,Maharashtra,1009 Kar
2011-09-27,Rice,3,Sholapur,FAQ,Solapur,4000,1350,2760,Maharashtra,Other
2011-09-27,Rice,3,Thane,FAQ,Vasai,3100,1300,2800,Maharashtra,1009 Kar
2011-09-28,Rice,3,Thane,FAQ,Palghar,2211,2000,2105,Maharashtra,1009 Kar
2011-09-28,Rice,3,Mumbai,FAQ,Mumbai,8500,5300,6624,Maharashtra,Other
2011-09-28,Rice,3,Mumbai,FAQ,Mumbai,4300,1600,2800,Maharashtra,1009 Kar
2011-09-30,Rice,3,Mumbai,FAQ,Mumbai,4300,1600,2800,Maharashtra,1009 Kar
2011-09-30,Rice,3,Bhandara,FAQ,Bhandara,2680,1950,2180,Maharashtra,Other
2011-09-30,Rice,3,Thane,FAQ,Vasai,3100,1300,2800,Maharashtra,1009 Kar
2011-10-01,Rice,3,Bhandara,FAQ,Bhandara,2610,2000,2200,Maharashtra,Other
2011-10-01,Rice,3,Thane,FAQ,Palghar,2257,1275,1766,Maharashtra,1009 Kar
2011-10-03,Rice,3,Raigad,FAQ,Khalapur (Shil-Phata),2900,2400,2650,Maharashtra,Other
2011-10-03,Rice,3,Thane,FAQ,Ulhasnagar,3000,2500,2700,Maharashtra,1009 Kar
2011-10-03,Rice,3,Sholapur,FAQ,Solapur,4000,1360,2750,Maharashtra,Other
2011-10-04,Rice,3,Nashik,FAQ,Ghoti,1800,1800,1800,Maharashtra,Other
2011-10-04,Rice,3,Nagpur,FAQ,Nagpur,2675,1550,2120,Maharashtra,1009 Kar
2011-10-05,Rice,3,Mumbai,FAQ,Mumbai,4300,1600,2950,Maharashtra,1009 Kar
2011-10-06,Rice,3,Thane,FAQ,Palghar,2259,1850,2054,Maharashtra,1009 Kar
2011-10-06,Rice,3,Raigad,FAQ,Karjat(Raigad),4000,1600,2400,Maharashtra,Other
2011-10-07,Rice,3,Kolhapur,FAQ,Kolhapur(Laxmipuri),4500,1500,2100,Maharashtra,1009 Kar
2011-10-07,Rice,3,Sangli,FAQ,Sangli,5000,1400,3200,Maharashtra,Other
2011-10-08,Rice,3,Kolhapur,FAQ,Kolhapur(Laxmipuri),3900,1500,2100,Maharashtra,1009 Kar
2011-10-08,Rice,3,Raigad,FAQ,Karjat(Raigad),4000,1600,2200,Maharashtra,Other
2011-10-09,Rice,3,Thane,FAQ,Palghar,2700,1606,2153,Maharashtra,1009 Kar
2011-10-10,Rice,3,Pune,FAQ,Pune,7500,1850,4675,Maharashtra,1009 Kar
2011-10-10,Rice,3,Mumbai,FAQ,Mumbai,4300,1600,2950,Maharashtra,1009 Kar
2011-10-10,Rice,3,Thane,FAQ,Ulhasnagar,3000,2500,2700,Maharashtra,1009 Kar
2011-10-10,Rice,3,Nagpur,FAQ,Nagpur,2675,1550,2112,Maharashtra,1009 Kar
2011-10-12,Rice,3,Raigad,FAQ,Pen,3280,2150,2580,Maharashtra,Other
2011-10-12,Rice,3,Amarawati,FAQ,Achalpur,1300,1100,1200,Maharashtra,1009 Kar
2011-10-12,Rice,3,Pune,FAQ,Pune,9500,1500,5500,Maharashtra,1009 Kar
2011-10-12,Rice,3,Jalgaon,FAQ,Chalisgaon,1125,1050,1100,Maharashtra,1009 Kar
2011-10-14,Rice,3,Raigad,FAQ,Alibagh,1700,1500,1600,Maharashtra,Other
2011-10-14,Rice,3,Bhandara,FAQ,Bhandara,1750,1150,1520,Maharashtra,Other
2011-10-15,Rice,3,Thane,FAQ,Palghar,3650,1893,2771,Maharashtra,1009 Kar
2011-10-15,Rice,3,Raigad,FAQ,Pen,3280,2150,2580,Maharashtra,Other
2011-10-18,Rice,3,Mumbai,FAQ,Mumbai,8000,5000,6240,Maharashtra,Other
2011-10-18,Rice,3,Raigad,FAQ,Pen,3580,2550,3290,Maharashtra,Other
2011-10-19,Rice,3,Raigad,FAQ,Pen,3580,2550,3270,Maharashtra,Other
2011-10-19,Rice,3,Mumbai,FAQ,Mumbai,4200,1500,2850,Maharashtra,1009 Kar
2011-10-19,Rice,3,Nagpur,FAQ,Nagpur,2675,1550,2112,Maharashtra,1009 Kar
2011-10-20,Rice,3,Jalgaon,FAQ,Chalisgaon,1100,950,1025,Maharashtra,1009 Kar
2011-10-20,Rice,3,Mumbai,FAQ,Mumbai,4200,1500,2850,Maharashtra,1009 Kar
2011-10-20,Rice,3,Nagpur,FAQ,Umared,2500,1400,2380,Maharashtra,1009 Kar
2011-10-20,Rice,3,Mumbai,FAQ,Mumbai,8000,5000,6240,Maharashtra,Other
2011-10-21,Rice,3,Amarawati,FAQ,Achalpur,1200,1000,1100,Maharashtra,1009 Kar
2011-10-21,Rice,3,Nandurbar,FAQ,Navapur,1200,1200,1200,Maharashtra,1009 Kar
2011-10-22,Rice,3,Nagpur,FAQ,Nagpur,2675,1575,2125,Maharashtra,1009 Kar
2011-10-22,Rice,3,Pune,FAQ,Pune,7500,1900,4700,Maharashtra,1009 Kar
2011-10-24,Rice,3,Sholapur,FAQ,Solapur,4000,1360,2750,Maharashtra,Other
2011-10-24,Rice,3,Thane,FAQ,Vasai,2960,1400,2600,Maharashtra,1009 Kar
2011-10-24,Rice,3,Thane,FAQ,Ulhasnagar,3000,2500,2700,Maharashtra,1009 Kar
2011-10-27,Rice,3,Pune,FAQ,Pune,8500,1600,5050,Maharashtra,1009 Kar
2011-10-28,Rice,3,Nandurbar,FAQ,Navapur,1300,1300,1300,Maharashtra,1009 Kar
2011-10-29,Rice,3,Raigad,FAQ,Karjat(Raigad),4000,1600,2400,Maharashtra,Other
2011-10-29,Rice,3,Sholapur,FAQ,Solapur,3990,1360,2740,Maharashtra,Other
2011-10-29,Rice,3,Raigad,FAQ,Pen,3580,2550,3280,Maharashtra,Other
2011-10-29,Rice,3,Bhandara,FAQ,Tumsar,2300,1750,2025,Maharashtra,Other
2011-10-30,Rice,3,Bhandara,FAQ,Tumsar,2500,1670,2085,Maharashtra,Other
2011-10-31,Rice,3,Kolhapur,FAQ,Kolhapur(Laxmipuri),4000,1700,2100,Maharashtra,1009 Kar
2011-10-31,Rice,3,Amarawati,FAQ,Achalpur,1250,1200,1225,Maharashtra,1009 Kar
2011-11-01,Rice,3,Mumbai,FAQ,Mumbai,4200,1500,2850,Maharashtra,1009 Kar
2011-11-01,Rice,3,Raigad,FAQ,Pen,3590,2550,3280,Maharashtra,Other
2011-11-01,Rice,3,Amarawati,FAQ,Achalpur,1250,1100,1175,Maharashtra,1009 Kar
2011-11-02,Rice,3,Raigad,FAQ,Pen,3590,2550,3280,Maharashtra,Other
2011-11-02,Rice,3,Raigad,FAQ,Khalapur (Shil-Phata),2500,1800,2100,Maharashtra,1009 Kar
2011-11-02,Rice,3,Nagpur,FAQ,Nagpur,2675,1550,2125,Maharashtra,1009 Kar
2011-11-02,Rice,3,Pune,FAQ,Pune,10000,1700,5850,Maharashtra,1009 Kar
2011-11-03,Rice,3,Thane,FAQ,Kalyan,1850,1600,1725,Maharashtra,Other
2011-11-03,Rice,3,Sholapur,FAQ,Solapur,3990,1360,2730,Maharashtra,Other
2011-11-03,Rice,3,Thane,FAQ,Palghar,2005,2005,2005,Maharashtra,1009 Kar
2011-11-03,Rice,3,Raigad,FAQ,Pen,3590,2550,3280,Maharashtra,Other
2011-11-04,Rice,3,Pune,FAQ,Pune,7000,1800,4400,Maharashtra,1009 Kar
2011-11-04,Rice,3,Mumbai,FAQ,Mumbai,8000,5000,6240,Maharashtra,Other
2011-11-04,Rice,3,Nandurbar,FAQ,Navapur,1200,1200,1200,Maharashtra,1009 Kar
2011-11-04,Rice,3,Amarawati,FAQ,Achalpur,1000,1000,1000,Maharashtra,1009 Kar
2011-11-05,Rice,3,Pune,FAQ,Pune,8000,1700,4850,Maharashtra,1009 Kar
2011-11-05,Rice,3,Raigad,FAQ,Karjat(Raigad),4000,1600,2200,Maharashtra,Other
2011-11-05,Rice,3,Thane,FAQ,Palghar,2390,1312,1851,Maharashtra,1009 Kar
2011-11-05,Rice,3,Nandurbar,FAQ,Navapur,1250,1250,1250,Maharashtra,1009 Kar
2011-11-06,Rice,3,Bhandara,FAQ,Tumsar,2550,1830,2190,Maharashtra,Other
2011-11-07,Rice,3,Mumbai,FAQ,Mumbai,4200,1500,2850,Maharashtra,1009 Kar
2011-11-07,Rice,3,Bhandara,FAQ,Tumsar,1260,1250,1255,Maharashtra,Other
2011-11-08,Rice,3,Mumbai,FAQ,Mumbai,8000,5000,6240,Maharashtra,Other
2011-11-08,Rice,3,Kolhapur,FAQ,Kolhapur(Laxmipuri),6300,1450,2200,Maharashtra,1009 Kar
2011-11-08,Rice,3,Amarawati,FAQ,Achalpur,1000,1000,1000,Maharashtra,1009 Kar
2011-11-10,Rice,3,Bhandara,FAQ,Tumsar,1320,1200,1260,Maharashtra,Other
2011-11-10,Rice,3,Pune,FAQ,Pune,7500,1600,4550,Maharashtra,1009 Kar
2011-11-10,Rice,3,Thane,FAQ,Palghar,3531,1881,2706,Maharashtra,1009 Kar
2011-11-11,Rice,3,Kolhapur,FAQ,Kolhapur(Laxmipuri),6300,1450,2100,Maharashtra,1009 Kar
2011-11-12,Rice,3,Sholapur,FAQ,Solapur,3980,1350,2730,Maharashtra,Other
2011-11-13,Rice,3,Bhandara,FAQ,Tumsar,2500,1995,2250,Maharashtra,Other
2011-11-14,Rice,3,Pune,FAQ,Pune,6500,1700,4100,Maharashtra,1009 Kar
2011-11-15,Rice,3,Mumbai,FAQ,Mumbai,8000,5000,6240,Maharashtra,Other
2011-11-17,Rice,3,Bhandara,FAQ,Tumsar,950,950,950,Maharashtra,Other
2011-11-19,Rice,3,Bhandara,FAQ,Tumsar,1800,1800,1800,Maharashtra,Other
2011-11-19,Rice,3,Kolhapur,FAQ,Kolhapur(Laxmipuri),3600,1500,2600,Maharashtra,1009 Kar
2011-11-19,Rice,3,Raigad,FAQ,Pen,3590,2550,3280,Maharashtra,Other
2011-11-21,Rice,3,Raigad,FAQ,Pen,3590,2550,3280,Maharashtra,Other
2011-11-22,Rice,3,Mumbai,FAQ,Mumbai,7000,5000,5760,Maharashtra,Other
2011-11-22,Rice,3,Raigad,FAQ,Pen,2580,1550,1960,Maharashtra,Other
2011-11-23,Rice,3,Mumbai,FAQ,Mumbai,2700,2195,2447,Maharashtra,1009 Kar
2011-11-24,Rice,3,Bhandara,FAQ,Tumsar,1270,1240,1255,Maharashtra,Other
2011-11-24,Rice,3,Thane,FAQ,Bhivandi,3700,1700,2700,Maharashtra,1009 Kar
2011-11-24,Rice,3,Pune,FAQ,Pune,7000,1750,4375,Maharashtra,1009 Kar
2011-11-24,Rice,3,Mumbai,FAQ,Mumbai,4000,1375,2687,Maharashtra,1009 Kar
2011-11-26,Rice,3,Nagpur,FAQ,Nagpur,2675,1600,2150,Maharashtra,1009 Kar
2011-11-26,Rice,3,Mumbai,FAQ,Mumbai,7000,5000,5760,Maharashtra,Other
2011-11-26,Rice,3,Nagpur,FAQ,Umared,2500,1400,2425,Maharashtra,1009 Kar
2011-11-27,Rice,3,Nashik,FAQ,Sinner,1800,1800,1800,Maharashtra,1009 Kar
2011-11-28,Rice,3,Sangli,FAQ,Sangli,5200,1350,3275,Maharashtra,Other
2011-11-28,Rice,3,Nandurbar,FAQ,Nandurbar,1955,1955,1955,Maharashtra,1009 Kar
2011-11-28,Rice,3,Mumbai,FAQ,Mumbai,4000,1375,2687,Maharashtra,1009 Kar
2011-11-28,Rice,3,Bhandara,FAQ,Tumsar,2281,2281,2281,Maharashtra,Other
2011-11-29,Rice,3,Ahmednagar,FAQ,Karjat,3600,1600,2200,Maharashtra,Other
2011-11-29,Rice,3,Mumbai,FAQ,Mumbai,7000,5000,5760,Maharashtra,Other
2011-11-30,Rice,3,Mumbai,FAQ,Mumbai- Fruit Market,4000,1375,2687,Maharashtra,1009 Kar
2011-11-30,Rice,3,Pune,FAQ,Pune,7000,1900,4450,Maharashtra,1009 Kar
2011-12-01,Rice,3,Thane,FAQ,Bhivandi,3600,1500,2550,Maharashtra,1009 Kar
2011-12-01,Rice,3,Ahmednagar,FAQ,Karjat,4000,1600,2200,Maharashtra,Other
2011-12-02,Rice,3,Raigad,FAQ,Pen,3590,2550,3290,Maharashtra,Other
2011-12-02,Rice,3,Raigad,FAQ,Mangaon,3000,1800,2500,Maharashtra,Other
2011-12-02,Rice,3,Mumbai,FAQ,Mumbai,7000,5000,5760,Maharashtra,Other
2011-12-03,Rice,3,Raigad,FAQ,Pen,3590,2550,3290,Maharashtra,Other
2011-12-03,Rice,3,Pune,FAQ,Pune,7000,1800,4400,Maharashtra,1009 Kar
2011-12-03,Rice,3,Kolhapur,FAQ,Kolhapur(Laxmipuri),3600,1500,2500,Maharashtra,1009 Kar
2011-12-03,Rice,3,Thane,FAQ,Palghar,2225,1280,1752,Maharashtra,1009 Kar
2011-12-05,Rice,3,Mumbai,FAQ,Mumbai,4000,1375,2687,Maharashtra,1009 Kar
2011-12-05,Rice,3,Kolhapur,FAQ,Kolhapur(Laxmipuri),3500,2200,2700,Maharashtra,1009 Kar
2011-12-05,Rice,3,Sholapur,FAQ,Solapur,3990,1360,2775,Maharashtra,Other
2011-12-05,Rice,3,Thane,FAQ,Bhivandi,4000,1800,2900,Maharashtra,1009 Kar
2011-12-05,Rice,3,Sangli,FAQ,Sangli,5000,1300,3150,Maharashtra,Other
2011-12-06,Rice,3,Raigad,FAQ,Mangaon,3000,1900,2900,Maharashtra,Other
2011-12-06,Rice,3,Mumbai,FAQ,Mumbai,4000,1370,2685,Maharashtra,1009 Kar
2011-12-06,Rice,3,Thane,FAQ,Palghar,2273,1995,2134,Maharashtra,1009 Kar
2011-12-07,Rice,3,Raigad,FAQ,Mangaon,3000,1900,2900,Maharashtra,Other
2011-12-08,Rice,3,Thane,FAQ,Bhivandi,4200,1800,3000,Maharashtra,1009 Kar
2011-12-08,Rice,3,Nashik,FAQ,Ghoti,1800,1800,1800,Maharashtra,Other
2011-12-08,Rice,3,Raigad,FAQ,Mangaon,3000,1900,2900,Maharashtra,Other
2011-12-09,Rice,3,Ahmednagar,FAQ,Karjat,3600,1600,1950,Maharashtra,Other
2011-12-09,Rice,3,Nandurbar,FAQ,Navapur,1300,1300,1300,Maharashtra,1009 Kar
2011-12-09,Rice,3,Raigad,FAQ,Khalapur (Shil-Phata),2500,2200,2350,Maharashtra,Other
2011-12-09,Rice,3,Raigad,FAQ,Mangaon,3000,1900,2900,Maharashtra,Other
2011-12-10,Rice,3,Thane,FAQ,Palghar,2075,2050,2062,Maharashtra,1009 Kar
2011-12-10,Rice,3,Kolhapur,FAQ,Kolhapur(Laxmipuri),3300,2000,2600,Maharashtra,1009 Kar
2011-12-11,Rice,3,Nandurbar,FAQ,Navapur,1700,1700,1700,Maharashtra,1009 Kar
2011-12-12,Rice,3,Mumbai,FAQ,Mumbai,4000,1375,2687,Maharashtra,1009 Kar
2011-12-13,Rice,3,Mumbai,FAQ,Mumbai,7000,5000,5760,Maharashtra,Other
2011-12-13,Rice,3,Jalgaon,FAQ,Chalisgaon,1000,900,950,Maharashtra,1009 Kar
2011-12-13,Rice,3,Nashik,FAQ,Suragana,1200,1200,1200,Maharashtra,1009 Kar
2011-12-14,Rice,3,Vashim,FAQ,Mangrulpeer,970,900,970,Maharashtra,1009 Kar
2011-12-14,Rice,3,Sangli,FAQ,Sangli,5000,1450,3225,Maharashtra,Other
2011-12-15,Rice,3,Pune,FAQ,Pune,7000,1850,4425,Maharashtra,1009 Kar
2011-12-15,Rice,3,Gadchiroli,FAQ,Aheri,1400,1400,1400,Maharashtra,Other
2011-12-16,Rice,3,Nagpur,FAQ,Nagpur,2675,1600,2140,Maharashtra,1009 Kar
2011-12-16,Rice,3,Raigad,FAQ,Mangaon,3000,1900,2800,Maharashtra,Other
2011-12-17,Rice,3,Thane,FAQ,Kalyan,1900,1600,1750,Maharashtra,Other
2011-12-19,Rice,3,Pune,FAQ,Pune,6500,1800,4150,Maharashtra,1009 Kar
2011-12-19,Rice,3,Sholapur,FAQ,Solapur,3990,1370,2770,Maharashtra,Other
2011-12-20,Rice,3,Mumbai,FAQ,Mumbai,7000,5000,5760,Maharashtra,Other
2011-12-21,Rice,3,Raigad,FAQ,Mangaon,3200,1800,2800,Maharashtra,Other
2011-12-21,Rice,3,Pune,FAQ,Pune,6500,1450,3975,Maharashtra,1009 Kar
2011-12-22,Rice,3,Thane,FAQ,Ulhasnagar,2500,2000,2300,Maharashtra,1009 Kar
2011-12-22,Rice,3,Pune,FAQ,Indapur,1000,1000,1000,Maharashtra,1009 Kar
2011-12-22,Rice,3,Nagpur,FAQ,Umared,2400,1300,2355,Maharashtra,1009 Kar
2011-12-23,Rice,3,Raigad,FAQ,Pen,3620,2550,3350,Maharashtra,Other
2011-12-23,Rice,3,Nashik,FAQ,Ghoti,2025,2025,2025,Maharashtra,Other
2011-12-23,Rice,3,Ahmednagar,FAQ,Karjat,4000,1600,2400,Maharashtra,Other
2011-12-23,Rice,3,Mumbai,FAQ,Mumbai,4000,1375,2687,Maharashtra,1009 Kar
2011-12-24,Rice,3,Nagpur,FAQ,Umared,2500,1300,2390,Maharashtra,1009 Kar
2011-12-24,Rice,3,Pune,FAQ,Pune,7000,1600,4300,Maharashtra,1009 Kar
2011-12-25,Rice,3,Nandurbar,FAQ,Navapur,1600,1600,1600,Maharashtra,1009 Kar
2011-12-26,Rice,3,Raigad,FAQ,Mangaon,3200,1800,2800,Maharashtra,Other
2011-12-26,Rice,3,Sangli,FAQ,Sangli,5000,1300,3150,Maharashtra,Other
2011-12-26,Rice,3,Nagpur,FAQ,Nagpur,2650,1600,2125,Maharashtra,1009 Kar
2011-12-27,Rice,3,Pune,FAQ,Pune,6000,1600,3800,Maharashtra,1009 Kar
2011-12-28,Rice,3,Bhandara,FAQ,Tumsar,2255,1700,1975,Maharashtra,Other
2011-12-28,Rice,3,Vashim,FAQ,Mangrulpeer,971,971,971,Maharashtra,1009 Kar
2011-12-29,Rice,3,Mumbai,FAQ,Mumbai,4000,1375,2687,Maharashtra,1009 Kar
2011-12-29,Rice,3,Nandurbar,FAQ,Navapur,1300,1300,1300,Maharashtra,1009 Kar
2011-12-29,Rice,3,Raigad,FAQ,Alibagh,1700,1500,1600,Maharashtra,Other
2011-12-30,Rice,3,Mumbai,FAQ,Mumbai,7000,5000,5760,Maharashtra,Other
2011-12-30,Rice,3,Nagpur,FAQ,Nagpur,2400,1400,1900,Maharashtra,1009 Kar
2011-12-30,Rice,3,Kolhapur,FAQ,Kolhapur(Laxmipuri),2600,1800,2200,Maharashtra,1009 Kar
2011-12-31,Rice,3,Mumbai,FAQ,Mumbai,7000,5000,5760,Maharashtra,Other
2012-01-02,Rice,3,Nandurbar,FAQ,Navapur,1200,1200,1200,Maharashtra,1009 Kar
2012-01-02,Rice,3,Mumbai,FAQ,Mumbai,7000,5000,5760,Maharashtra,Other
2012-01-02,Rice,3,Bhandara,FAQ,Bhandara,2100,2100,2100,Maharashtra,Other
2012-01-02,Rice,3,Mumbai,FAQ,Mumbai,4000,1375,2687,Maharashtra,1009 Kar
2012-01-03,Rice,3,Ahmednagar,FAQ,Karjat,4000,1600,2400,Maharashtra,Other
2012-01-03,Rice,3,Thane,FAQ,Palghar,2113,1700,1906,Maharashtra,1009 Kar
2012-01-04,Rice,3,Vashim,FAQ,Mangrulpeer,975,975,975,Maharashtra,1009 Kar
2012-01-04,Rice,3,Raigad,FAQ,Alibagh,1700,1500,1600,Maharashtra,Other
2012-01-05,Rice,3,Thane,FAQ,Palghar,2875,1185,2030,Maharashtra,1009 Kar
2012-01-05,Rice,3,Sangli,FAQ,Sangli,5000,1300,3150,Maharashtra,Other
2012-01-06,Rice,3,Thane,FAQ,Palghar,2400,1975,2188,Maharashtra,1009 Kar
2012-01-06,Rice,3,Pune,FAQ,Pune,7000,1700,4350,Maharashtra,1009 Kar
2012-01-06,Rice,3,Sholapur,FAQ,Solapur,4000,1380,2800,Maharashtra,Other
2012-01-07,Rice,3,Pune,FAQ,Pune,7500,1800,4650,Maharashtra,1009 Kar
2012-01-07,Rice,3,Nashik,FAQ,Ghoti,2000,2000,2000,Maharashtra,Other
2012-01-09,Rice,3,Thane,FAQ,Ulhasnagar,3000,2500,2700,Maharashtra,1009 Kar
2012-01-09,Rice,3,Gadchiroli,FAQ,Aheri,1000,1000,1000,Maharashtra,Other
2012-01-10,Rice,3,Nashik,FAQ,Suragana,1500,1400,1400,Maharashtra,1009 Kar
2012-01-10,Rice,3,Pune,FAQ,Pune,7000,1400,4200,Maharashtra,1009 Kar
2012-01-10,Rice,3,Nashik,FAQ,Ghoti,2025,2025,2025,Maharashtra,Other
2012-01-10,Rice,3,Kolhapur,FAQ,Kolhapur(Laxmipuri),3500,1450,2400,Maharashtra,1009 Kar
2012-01-11,Rice,3,Sholapur,FAQ,Solapur,3990,1375,2800,Maharashtra,Other
2012-01-11,Rice,3,Raigad,FAQ,Alibagh,1700,1500,1600,Maharashtra,Other
2012-01-11,Rice,3,Mumbai,FAQ,Mumbai,4000,1375,2687,Maharashtra,1009 Kar
2012-01-11,Rice,3,Raigad,FAQ,Pen,3590,2550,3330,Maharashtra,Other
2012-01-11,Rice,3,Raigad,FAQ,Mangaon,3000,1800,2500,Maharashtra,Other
2012-01-12,Rice,3,Pune,FAQ,Pune,7000,1750,4375,Maharashtra,1009 Kar
2012-01-12,Rice,3,Bhandara,FAQ,Tumsar,2271,1811,2040,Maharashtra,Other
2012-01-12,Rice,3,Raigad,FAQ,Pen,3590,2550,3330,Maharashtra,Other
2012-01-12,Rice,3,Mumbai,FAQ,Mumbai,7000,5000,5760,Maharashtra,Other
2012-01-13,Rice,3,Bhandara,FAQ,Bhandara,2160,2100,2120,Maharashtra,Other
2012-01-13,Rice,3,Kolhapur,FAQ,Kolhapur(Laxmipuri),3500,1450,2400,Maharashtra,1009 Kar
2012-01-13,Rice,3,Pune,FAQ,Pune,6000,1850,3925,Maharashtra,1009 Kar
2012-01-13,Rice,3,Nashik,FAQ,Ghoti,2025,2025,2025,Maharashtra,Other
2012-01-13,Rice,3,Mumbai,FAQ,Mumbai,7000,5000,5760,Maharashtra,Other
2012-01-14,Rice,3,Bhandara,FAQ,Bhandara,1900,1900,1900,Maharashtra,Other
2012-01-16,Rice,3,Ahmednagar,FAQ,Karjat,3600,1600,2200,Maharashtra,Other
2012-01-16,Rice,3,Nagpur,FAQ,Nagpur,2425,1425,1925,Maharashtra,1009 Kar
2012-01-17,Rice,3,Raigad,FAQ,Pen,3590,2550,3320,Maharashtra,Other
2012-01-17,Rice,3,Ahmednagar,FAQ,Karjat,3600,1600,2200,Maharashtra,1009 Kar
2012-01-17,Rice,3,Pune,FAQ,Pune,7000,1800,4400,Maharashtra,1009 Kar
2012-01-18,Rice,3,Sholapur,FAQ,Solapur,4000,1375,2800,Maharashtra,Other
2012-01-18,Rice,3,Nagpur,FAQ,Nagpur,2425,1425,1925,Maharashtra,1009 Kar
2012-01-18,Rice,3,Kolhapur,FAQ,Kolhapur(Laxmipuri),3500,1450,2400,Maharashtra,1009 Kar
2012-01-19,Rice,3,Nagpur,FAQ,Nagpur,2425,1425,1925,Maharashtra,1009 Kar
2012-01-19,Rice,3,Nandurbar,FAQ,Nandurbar,2411,2411,2411,Maharashtra,1009 Kar
2012-01-19,Rice,3,Sangli,FAQ,Sangli,5200,1300,3250,Maharashtra,Other
2012-01-20,Rice,3,Sangli,FAQ,Sangli,5000,1300,3150,Maharashtra,Other
2012-01-21,Rice,3,Bhandara,FAQ,Tumsar,2250,1600,1925,Maharashtra,Other
2012-01-21,Rice,3,Sangli,FAQ,Sangli,5000,1300,3150,Maharashtra,Other
2012-01-21,Rice,3,Raigad,FAQ,Pen,3590,2550,3320,Maharashtra,Other
2012-01-21,Rice,3,Bhandara,FAQ,Bhandara,2250,2060,2200,Maharashtra,Other
2012-01-22,Rice,3,Bhandara,FAQ,Tumsar,1000,1000,1000,Maharashtra,Other
2012-01-22,Rice,3,Raigad,FAQ,Mangaon,3200,1800,2800,Maharashtra,Other
2012-01-23,Rice,3,Thane,FAQ,Ulhasnagar,3000,2500,2700,Maharashtra,1009 Kar
2012-01-23,Rice,3,Mumbai,FAQ,Mumbai,4000,1375,2687,Maharashtra,1009 Kar
2012-01-23,Rice,3,Nagpur,FAQ,Nagpur,2425,1425,1925,Maharashtra,1009 Kar
2012-01-24,Rice,3,Mumbai,FAQ,Mumbai,7000,5000,5760,Maharashtra,Other
2012-01-24,Rice,3,Bhandara,FAQ,Bhandara,1980,1920,1940,Maharashtra,Other
2012-01-24,Rice,3,Mumbai,FAQ,Mumbai,4000,1375,2687,Maharashtra,1009 Kar
2012-01-24,Rice,3,Pune,FAQ,Pune,6000,1850,3925,Maharashtra,1009 Kar
2012-01-25,Rice,3,Sholapur,FAQ,Solapur,3990,1380,2810,Maharashtra,Other
2012-01-25,Rice,3,Pune,FAQ,Pune,6500,1750,4125,Maharashtra,1009 Kar
2012-01-25,Rice,3,Thane,FAQ,Vasai,3000,1100,2000,Maharashtra,1009 Kar
2012-01-25,Rice,3,Raigad,FAQ,Mangaon,3000,1800,2800,Maharashtra,Other
2012-01-27,Rice,3,Pune,FAQ,Pune,6500,1700,4100,Maharashtra,1009 Kar
2012-01-27,Rice,3,Nagpur,FAQ,Nagpur,2475,1425,1965,Maharashtra,1009 Kar
2012-01-28,Rice,3,Kolhapur,FAQ,Kolhapur(Laxmipuri),3500,1450,2400,Maharashtra,1009 Kar
2012-01-30,Rice,3,Amarawati,FAQ,Achalpur,1300,1200,1250,Maharashtra,1009 Kar
2012-01-30,Rice,3,Ahmednagar,FAQ,Karjat,3600,1600,2200,Maharashtra,Other
2012-01-30,Rice,3,Nagpur,FAQ,Nagpur,2475,1425,1950,Maharashtra,1009 Kar
2012-01-31,Rice,3,Mumbai,FAQ,Mumbai,7000,5000,5760,Maharashtra,Other
2012-01-31,Rice,3,Nashik,FAQ,Ghoti,2025,2025,2025,Maharashtra,Other
2012-01-31,Rice,3,Thane,FAQ,Palghar,2400,2000,2200,Maharashtra,1009 Kar
2012-01-31,Rice,3,Kolhapur,FAQ,Kolhapur(Laxmipuri),3500,1450,2450,Maharashtra,1009 Kar
2012-01-31,Rice,3,Raigad,FAQ,Alibagh,1700,1500,1600,Maharashtra,Other
2012-02-01,Rice,3,Raigad,FAQ,Alibagh,1700,1500,1600,Maharashtra,Other
2012-02-01,Rice,3,Raigad,FAQ,Pen,3650,2550,2850,Maharashtra,Other
2012-02-02,Rice,3,Bhandara,FAQ,Tumsar,2260,1635,1945,Maharashtra,Other
2012-02-02,Rice,3,Pune,FAQ,Baramati,1100,1100,1100,Maharashtra,1009 Kar
2012-02-02,Rice,3,Pune,FAQ,Pune,5500,1850,3675,Maharashtra,1009 Kar
2012-02-03,Rice,3,Pune,FAQ,Pune,7000,1700,4350,Maharashtra,1009 Kar
2012-02-04,Rice,3,Raigad,FAQ,Mangaon,3000,1800,2800,Maharashtra,Other
2012-02-05,Rice,3,Bhandara,FAQ,Tumsar,2225,1680,1950,Maharashtra,Other
2012-02-06,Rice,3,Raigad,FAQ,Mangaon,3000,1800,2800,Maharashtra,Other
2012-02-06,Rice,3,Mumbai,FAQ,Mumbai,7000,5000,5760,Maharashtra,Other
2012-02-06,Rice,3,Raigad,FAQ,Pen,3590,2550,3350,Maharashtra,Other
2012-02-07,Rice,3,Ahmednagar,FAQ,Karjat,4000,1600,2200,Maharashtra,Other
2012-02-07,Rice,3,Mumbai,FAQ,Mumbai,7000,5000,5760,Maharashtra,Other
2012-02-08,Rice,3,Nagpur,FAQ,Nagpur,2475,1425,1950,Maharashtra,1009 Kar
2012-02-08,Rice,3,Amarawati,FAQ,Achalpur,1300,1200,1250,Maharashtra,1009 Kar
2012-02-09,Rice,3,Bhandara,FAQ,Tumsar,2220,1800,2000,Maharashtra,Other
2012-02-09,Rice,3,Mumbai,FAQ,Mumbai,7000,5000,5760,Maharashtra,Other
2012-02-10,Rice,3,Bhandara,FAQ,Bhandara,2110,2060,2100,Maharashtra,Other
2012-02-10,Rice,3,Mumbai,FAQ,Mumbai,7000,5000,5760,Maharashtra,Other
2012-02-11,Rice,3,Pune,FAQ,Pune,5200,1500,3350,Maharashtra,1009 Kar
2012-02-11,Rice,3,Mumbai,FAQ,Mumbai,4000,1375,2687,Maharashtra,1009 Kar
2012-02-13,Rice,3,Bhandara,FAQ,Bhandara,2000,1900,2000,Maharashtra,Other
2012-02-14,Rice,3,Mumbai,FAQ,Mumbai,4000,1375,2687,Maharashtra,1009 Kar
2012-02-15,Rice,3,Nashik,FAQ,Ghoti,2000,2000,2000,Maharashtra,Other
2012-02-15,Rice,3,Raigad,FAQ,Pen,3590,2550,3360,Maharashtra,Other
2012-02-15,Rice,3,Sangli,FAQ,Sangli,5200,1300,3250,Maharashtra,Other
2012-02-16,Rice,3,Mumbai,FAQ,Mumbai,4000,1375,2687,Maharashtra,1009 Kar
2012-02-17,Rice,3,Pune,FAQ,Pune,5200,1850,3525,Maharashtra,1009 Kar
2012-02-17,Rice,3,Raigad,FAQ,Pen,3590,2550,3360,Maharashtra,Other
2012-02-18,Rice,3,Nashik,FAQ,Ghoti,2025,2025,2025,Maharashtra,Other
2012-02-18,Rice,3,Bhandara,FAQ,Tumsar,2265,1850,2055,Maharashtra,Other
2012-02-18,Rice,3,Sangli,FAQ,Sangli,5000,1300,3150,Maharashtra,Other
2012-02-19,Rice,3,Bhandara,FAQ,Tumsar,1800,1800,1800,Maharashtra,Other
2012-02-21,Rice,3,Thane,FAQ,Vasai,2900,1100,2100,Maharashtra,1009 Kar
2012-02-21,Rice,3,Pune,FAQ,Pune,6000,1600,3800,Maharashtra,1009 Kar
2012-02-21,Rice,3,Raigad,FAQ,Mangaon,3200,1800,2800,Maharashtra,Other
2012-02-21,Rice,3,Bhandara,FAQ,Bhandara,2400,2050,2200,Maharashtra,Other
2012-02-22,Rice,3,Mumbai,FAQ,Mumbai,4000,1375,2688,Maharashtra,1009 Kar
2012-02-22,Rice,3,Thane,FAQ,Vasai,3100,1100,2000,Maharashtra,1009 Kar
2012-02-23,Rice,3,Bhandara,FAQ,Tumsar,2150,1850,2000,Maharashtra,Other
2012-02-24,Rice,3,Raigad,FAQ,Pen,3590,2550,3360,Maharashtra,Other
2012-02-24,Rice,3,Ahmednagar,FAQ,Karjat,3800,1600,2200,Maharashtra,Other
2012-02-25,Rice,3,Mumbai,FAQ,Mumbai,4000,1375,2688,Maharashtra,1009 Kar
2012-02-27,Rice,3,Amarawati,FAQ,Achalpur,1250,1200,1225,Maharashtra,1009 Kar
2012-02-27,Rice,3,Thane,FAQ,Vasai,3100,1100,2100,Maharashtra,1009 Kar
2012-02-27,Rice,3,Sangli,FAQ,Sangli,5000,1300,3150,Maharashtra,Other
2012-02-28,Rice,3,Bhandara,FAQ,Bhandara,1960,1910,1950,Maharashtra,Other
2012-02-28,Rice,3,Sangli,FAQ,Sangli,5000,1300,3150,Maharashtra,Other
2012-02-29,Rice,3,Sholapur,FAQ,Solapur,3990,1400,2840,Maharashtra,Other
2012-02-29,Rice,3,Raigad,FAQ,Pen,3590,2550,3370,Maharashtra,Other
2012-03-01,Rice,3,Ahmednagar,FAQ,Karjat,3800,1600,2200,Maharashtra,Other
2012-03-01,Rice,3,Pune,FAQ,Pune,6500,1750,4125,Maharashtra,1009 Kar
2012-03-02,Rice,3,Raigad,FAQ,Mangaon,3000,1800,2800,Maharashtra,Other
2012-03-02,Rice,3,Raigad,FAQ,Mahad,3000,2000,2500,Maharashtra,Other
2012-03-02,Rice,3,Bhandara,FAQ,Bhandara,2000,1900,1930,Maharashtra,Other
2012-03-03,Rice,3,Ahmednagar,FAQ,Karjat,3800,1600,2200,Maharashtra,Other
2012-03-03,Rice,3,Bhandara,FAQ,Tumsar,2200,1800,2000,Maharashtra,Other
2012-03-03,Rice,3,Nashik,FAQ,Ghoti,2025,2025,2025,Maharashtra,Other
2012-03-04,Rice,3,Amarawati,FAQ,Achalpur,1250,1200,1225,Maharashtra,1009 Kar
2012-03-05,Rice,3,Raigad,FAQ,Mahad,3000,2000,2500,Maharashtra,Other
2012-03-06,Rice,3,Raigad,FAQ,Mangaon,3000,1800,2800,Maharashtra,Other
2012-03-06,Rice,3,Sholapur,FAQ,Solapur,4000,1410,2850,Maharashtra,Other
2012-03-06,Rice,3,Raigad,FAQ,Mahad,3000,2000,2500,Maharashtra,Other
2012-03-06,Rice,3,Thane,FAQ,Ulhasnagar,2000,1500,1600,Maharashtra,1009 Kar
2012-03-07,Rice,3,Bhandara,FAQ,Tumsar,2290,1720,2000,Maharashtra,Other
2012-03-08,Rice,3,Pune,FAQ,Pune,8000,1600,4800,Maharashtra,1009 Kar
2012-03-09,Rice,3,Raigad,FAQ,Pen,3590,2550,3370,Maharashtra,Other
2012-03-10,Rice,3,Mumbai,FAQ,Mumbai,7000,5000,5760,Maharashtra,Other
2012-03-10,Rice,3,Bhandara,FAQ,Bhandara,2330,2110,2200,Maharashtra,Other
2012-03-10,Rice,3,Pune,FAQ,Pune,8500,1600,5050,Maharashtra,1009 Kar
2012-03-11,Rice,3,Pune,FAQ,Indapur(Bhigwan),1251,1150,1240,Maharashtra,1009 Kar
2012-03-12,Rice,3,Mumbai,FAQ,Mumbai,4000,1375,2688,Maharashtra,1009 Kar
2012-03-12,Rice,3,Pune,FAQ,Pune,7000,1750,4375,Maharashtra,1009 Kar
2012-03-12,Rice,3,Mumbai,FAQ,Mumbai,7000,5000,5760,Maharashtra,Other
2012-03-12,Rice,3,Raigad,FAQ,Mangaon,3200,1800,2500,Maharashtra,Other
2012-03-12,Rice,3,Amarawati,FAQ,Achalpur,1250,1200,1225,Maharashtra,1009 Kar
2012-03-15,Rice,3,Raigad,FAQ,Alibagh,1700,1500,1600,Maharashtra,Other
2012-03-15,Rice,3,Sholapur,FAQ,Solapur,4000,1420,2860,Maharashtra,Other
2012-03-15,Rice,3,Mumbai,FAQ,Mumbai,7000,5000,5760,Maharashtra,Other
2012-03-16,Rice,3,Raigad,FAQ,Khalapur (Shil-Phata),3500,2200,2700,Maharashtra,Other
2012-03-16,Rice,3,Bhandara,FAQ,Bhandara,2320,2150,2230,Maharashtra,Other
2012-03-16,Rice,3,Raigad,FAQ,Pen,3590,2550,3360,Maharashtra,Other
2012-03-17,Rice,3,Bhandara,FAQ,Bhandara,1190,1190,1190,Maharashtra,Other
2012-03-17,Rice,3,Bhandara,FAQ,Tumsar,2350,2000,2150,Maharashtra,Other
2012-03-17,Rice,3,Nashik,FAQ,Ghoti,2025,2025,2025,Maharashtra,Other
2012-03-19,Rice,3,Nagpur,FAQ,Nagpur,2625,1400,2012,Maharashtra,1009 Kar
2012-03-19,Rice,3,Sholapur,FAQ,Solapur,3990,1420,2860,Maharashtra,Other
2012-03-20,Rice,3,Raigad,FAQ,Pen,3590,2550,3370,Maharashtra,Other
2012-03-21,Rice,3,Mumbai,FAQ,Mumbai,7000,5000,5760,Maharashtra,Other
2012-03-21,Rice,3,Nashik,FAQ,Ghoti,2000,2000,2000,Maharashtra,Other
2012-03-21,Rice,3,Amarawati,FAQ,Achalpur,1300,1100,1200,Maharashtra,1009 Kar
2012-03-22,Rice,3,Nashik,FAQ,Ghoti,2000,2000,2000,Maharashtra,Other
2012-03-22,Rice,3,Raigad,FAQ,Alibagh,1700,1500,1600,Maharashtra,Other
2012-03-22,Rice,3,Bhandara,FAQ,Bhandara,2210,2090,2150,Maharashtra,Other
2012-03-22,Rice,3,Ahmednagar,FAQ,Karjat,3600,1600,2200,Maharashtra,Other
2012-03-22,Rice,3,Kolhapur,FAQ,Kolhapur(Laxmipuri),3600,1600,2700,Maharashtra,1009 Kar
2012-03-23,Rice,3,Ahmednagar,FAQ,Karjat,3600,1600,2200,Maharashtra,Other
2012-03-24,Rice,3,Bhandara,FAQ,Tumsar,2400,1800,2000,Maharashtra,Other
2012-03-24,Rice,3,Mumbai,FAQ,Mumbai,7000,5000,5760,Maharashtra,Other
2012-03-26,Rice,3,Raigad,FAQ,Alibagh,1700,1500,1600,Maharashtra,Other
2012-03-26,Rice,3,Nagpur,FAQ,Nagpur,2625,1400,2012,Maharashtra,1009 Kar
2012-03-27,Rice,3,Nagpur,FAQ,Nagpur,2625,1400,2012,Maharashtra,1009 Kar
2012-03-27,Rice,3,Mumbai,FAQ,Mumbai,7000,5000,5760,Maharashtra,Other
2012-03-28,Rice,3,Mumbai,FAQ,Mumbai,4000,1375,2688,Maharashtra,1009 Kar
2012-03-28,Rice,3,Sangli,FAQ,Sangli,5000,1350,3125,Maharashtra,Other
2012-03-28,Rice,3,Nagpur,FAQ,Nagpur,2625,1400,2012,Maharashtra,1009 Kar
2012-03-28,Rice,3,Amarawati,FAQ,Achalpur,1300,1200,1250,Maharashtra,1009 Kar
2012-03-28,Rice,3,Raigad,FAQ,Pen,3590,2550,3370,Maharashtra,Other
2012-03-29,Rice,3,Mumbai,FAQ,Mumbai,7000,5000,5760,Maharashtra,Other
2012-03-29,Rice,3,Bhandara,FAQ,Bhandara,2360,2150,2320,Maharashtra,Other
2012-03-29,Rice,3,Thane,FAQ,Bhivandi,2500,1800,2150,Maharashtra,1009 Kar
2012-03-29,Rice,3,Sholapur,FAQ,Solapur,4000,1410,2840,Maharashtra,Other
2012-03-29,Rice,3,Nagpur,FAQ,Nagpur,2625,1400,2012,Maharashtra,1009 Kar
2012-03-30,Rice,3,Sholapur,FAQ,Solapur,4000,1400,2858,Maharashtra,Other
2012-03-30,Rice,3,Bhandara,FAQ,Bhandara,2560,2290,2380,Maharashtra,Other
2012-03-30,Rice,3,Pune,FAQ,Pune,8100,1600,4850,Maharashtra,1009 Kar
2012-03-31,Rice,3,Mumbai,FAQ,Mumbai,7000,5000,5760,Maharashtra,Other
2012-04-02,Rice,3,Raigad,FAQ,Pen,3590,2550,3380,Maharashtra,Other
2012-04-02,Rice,3,Thane,FAQ,Bhivandi,4000,1800,2900,Maharashtra,1009 Kar
2012-04-02,Rice,3,Amarawati,FAQ,Achalpur,1300,1250,1275,Maharashtra,1009 Kar
2012-04-03,Rice,3,Raigad,FAQ,Alibagh,1700,1500,1600,Maharashtra,Other
2012-04-03,Rice,3,Sholapur,FAQ,Solapur,3980,1420,2850,Maharashtra,Other
2012-04-03,Rice,3,Bhandara,FAQ,Bhandara,2380,2250,2335,Maharashtra,Other
2012-04-03,Rice,3,Raigad,FAQ,Mangaon,3200,1800,2800,Maharashtra,Other
2012-04-04,Rice,3,Raigad,FAQ,Pen,3590,2550,3380,Maharashtra,Other
2012-04-04,Rice,3,Sangli,FAQ,Sangli,5500,1350,3425,Maharashtra,Other
2012-04-04,Rice,3,Thane,FAQ,Palghar,2385,1911,2148,Maharashtra,1009 Kar
2012-04-04,Rice,3,Sholapur,FAQ,Solapur,3990,1425,2860,Maharashtra,Other
2012-04-04,Rice,3,Amarawati,FAQ,Achalpur,1300,1200,1250,Maharashtra,1009 Kar
2012-04-07,Rice,3,Mumbai,FAQ,Mumbai,4000,1375,2688,Maharashtra,1009 Kar
2012-04-08,Rice,3,Thane,FAQ,Palghar,2385,1931,2158,Maharashtra,1009 Kar
2012-04-09,Rice,3,Amarawati,FAQ,Achalpur,1300,1200,1250,Maharashtra,1009 Kar
2012-04-09,Rice,3,Ahmednagar,FAQ,Karjat,3600,1600,2200,Maharashtra,Other
2012-04-09,Rice,3,Raigad,FAQ,Mangaon,3200,1800,2800,Maharashtra,Other
2012-04-09,Rice,3,Raigad,FAQ,Khalapur (Shil-Phata),2800,1800,2300,Maharashtra,Other
2012-04-10,Rice,3,Raigad,FAQ,Murud,1700,1500,1600,Maharashtra,Other
2012-04-10,Rice,3,Pune,FAQ,Pune,9000,1800,5400,Maharashtra,1009 Kar
2012-04-11,Rice,3,Mumbai,FAQ,Mumbai,7000,5000,5760,Maharashtra,Other
2012-04-11,Rice,3,Sangli,FAQ,Sangli,5200,1400,3300,Maharashtra,Other
2012-04-12,Rice,3,Bhandara,FAQ,Tumsar,1210,950,1080,Maharashtra,Other
2012-04-13,Rice,3,Raigad,FAQ,Khalapur (Shil-Phata),4000,2500,3500,Maharashtra,Other
2012-04-13,Rice,3,Mumbai,FAQ,Mumbai,7000,5000,5760,Maharashtra,Other
2012-04-13,Rice,3,Amarawati,FAQ,Achalpur,1300,1200,1250,Maharashtra,1009 Kar
2012-04-13,Rice,3,Raigad,FAQ,Mangaon,3200,1800,2800,Maharashtra,Other
2012-04-13,Rice,3,Kolhapur,FAQ,Kolhapur(Laxmipuri),3500,1500,2500,Maharashtra,1009 Kar
2012-04-14,Rice,3,Amarawati,FAQ,Achalpur,1300,1100,1200,Maharashtra,1009 Kar
2012-04-14,Rice,3,Mumbai,FAQ,Mumbai,7000,5000,5760,Maharashtra,Other
2012-04-16,Rice,3,Raigad,FAQ,Alibagh,1700,1500,1600,Maharashtra,Other
2012-04-16,Rice,3,Mumbai,FAQ,Mumbai,4000,1375,2687,Maharashtra,1009 Kar
2012-04-17,Rice,3,Mumbai,FAQ,Mumbai,7000,5000,5760,Maharashtra,Other
2012-04-17,Rice,3,Raigad,FAQ,Pen,3590,2550,3390,Maharashtra,Other
2012-04-18,Rice,3,Amarawati,FAQ,Achalpur,1300,1200,1250,Maharashtra,1009 Kar
2012-04-18,Rice,3,Sangli,FAQ,Sangli,5000,1300,3150,Maharashtra,Other
2012-04-18,Rice,3,Pune,FAQ,Pune,6000,1900,3950,Maharashtra,1009 Kar
2012-04-18,Rice,3,Raigad,FAQ,Pen,3590,2550,3390,Maharashtra,Other
2012-04-18,Rice,3,Nagpur,FAQ,Nagpur,3100,1400,2250,Maharashtra,1009 Kar
2012-04-19,Rice,3,Nashik,FAQ,Ghoti,2000,2000,2000,Maharashtra,Other
2012-04-19,Rice,3,Mumbai,FAQ,Mumbai,4000,1375,2687,Maharashtra,1009 Kar
2012-04-19,Rice,3,Raigad,FAQ,Alibagh,1700,1500,1600,Maharashtra,Other
2012-04-19,Rice,3,Kolhapur,FAQ,Kolhapur(Laxmipuri),3500,1500,2500,Maharashtra,1009 Kar
2012-04-19,Rice,3,Sangli,FAQ,Sangli,5200,1400,3300,Maharashtra,Other
2012-04-19,Rice,3,Pune,FAQ,Pune,7500,1850,4675,Maharashtra,1009 Kar
2012-04-19,Rice,3,Ahmednagar,FAQ,Karjat,4200,1600,2200,Maharashtra,Other
2012-04-20,Rice,3,Raigad,FAQ,Alibagh,1700,1500,1600,Maharashtra,Other
2012-04-20,Rice,3,Pune,FAQ,Pune,6200,1400,3800,Maharashtra,1009 Kar
2012-04-21,Rice,3,Sholapur,FAQ,Solapur,3990,1430,2870,Maharashtra,Other
2012-04-21,Rice,3,Mumbai,FAQ,Mumbai,7000,5000,5760,Maharashtra,Other
2012-04-23,Rice,3,Ahmednagar,FAQ,Karjat,4000,1600,2200,Maharashtra,Other
2012-04-23,Rice,3,Bhandara,FAQ,Tumsar,2545,2100,2323,Maharashtra,Other
2012-04-24,Rice,3,Raigad,FAQ,Mangaon,3200,1800,3000,Maharashtra,Other
2012-04-24,Rice,3,Sholapur,FAQ,Solapur,3980,1430,2850,Maharashtra,Other
2012-04-25,Rice,3,Raigad,FAQ,Mangaon,3200,1800,3000,Maharashtra,Other
2012-04-26,Rice,3,Nashik,FAQ,Ghoti,2025,2025,2025,Maharashtra,Other
2012-04-26,Rice,3,Sholapur,FAQ,Solapur,4000,1425,2860,Maharashtra,Other
2012-04-26,Rice,3,Pune,FAQ,Pune,8000,1500,4750,Maharashtra,1009 Kar
2012-04-26,Rice,3,Raigad,FAQ,Mangaon,3200,1800,3000,Maharashtra,Other
2012-04-26,Rice,3,Raigad,FAQ,Murud,1700,1500,1600,Maharashtra,1009 Kar
2012-04-27,Rice,3,Sholapur,FAQ,Solapur,4000,1420,2870,Maharashtra,Other
2012-04-27,Rice,3,Raigad,FAQ,Pen,3590,2550,3370,Maharashtra,Other
2012-04-27,Rice,3,Ahmednagar,FAQ,Karjat,4000,1600,2200,Maharashtra,Other
2012-04-28,Rice,3,Sangli,FAQ,Sangli,5300,1350,3325,Maharashtra,Other
2012-04-28,Rice,3,Nashik,FAQ,Ghoti,2000,2000,2000,Maharashtra,Other
2012-04-28,Rice,3,Ahmednagar,FAQ,Karjat,3600,1600,2200,Maharashtra,Other
2012-04-28,Rice,3,Mumbai,FAQ,Mumbai,7000,5000,5760,Maharashtra,Other
2012-04-30,Rice,3,Mumbai,FAQ,Mumbai,7000,5000,5760,Maharashtra,Other
2012-04-30,Rice,3,Raigad,FAQ,Mangaon,3200,1800,2500,Maharashtra,Other
2012-04-30,Rice,3,Bhandara,FAQ,Tumsar,2600,2600,2600,Maharashtra,Other
2012-05-02,Rice,3,Mumbai,FAQ,Mumbai,4200,1500,2850,Maharashtra,1009 Kar
2012-05-02,Rice,3,Nagpur,FAQ,Nagpur,3150,1450,2300,Maharashtra,1009 Kar
2012-05-02,Rice,3,Sholapur,FAQ,Solapur,4000,1425,2860,Maharashtra,Other
2012-05-02,Rice,3,Raigad,FAQ,Alibagh,1700,1500,1600,Maharashtra,Other
2012-05-02,Rice,3,Raigad,FAQ,Pen,3590,2550,3370,Maharashtra,Other
2012-05-02,Rice,3,Mumbai,FAQ,Mumbai,7000,5000,5760,Maharashtra,Other
2012-05-03,Rice,3,Pune,FAQ,Pune,8000,1750,4875,Maharashtra,1009 Kar
2012-05-03,Rice,3,Ahmednagar,FAQ,Karjat,4000,1600,2200,Maharashtra,Other
2012-05-04,Rice,3,Nashik,FAQ,Ghoti,2025,2025,2025,Maharashtra,Other
2012-05-04,Rice,3,Kolhapur,FAQ,Kolhapur(Laxmipuri),3600,1500,2500,Maharashtra,1009 Kar
2012-05-07,Rice,3,Raigad,FAQ,Mangaon,3200,1800,2800,Maharashtra,Other
2012-05-07,Rice,3,Raigad,FAQ,Murud,1700,1500,1600,Maharashtra,Other
2012-05-07,Rice,3,Ahmednagar,FAQ,Karjat,4000,1600,2200,Maharashtra,Other
2012-05-07,Rice,3,Kolhapur,FAQ,Kolhapur(Laxmipuri),3600,1500,2500,Maharashtra,1009 Kar
2012-05-08,Rice,3,Sholapur,FAQ,Solapur,3990,1460,2880,Maharashtra,Other
2012-05-09,Rice,3,Raigad,FAQ,Pen,3590,2550,3370,Maharashtra,Other
2012-05-10,Rice,3,Bhandara,FAQ,Tumsar,2025,2025,2025,Maharashtra,Other
2012-05-10,Rice,3,Nashik,FAQ,Ghoti,2025,2025,2025,Maharashtra,Other
2012-05-10,Rice,3,Pune,FAQ,Pune,8500,1650,5075,Maharashtra,1009 Kar
2012-05-10,Rice,3,Raigad,FAQ,Mangaon,3200,1800,2800,Maharashtra,Other
2012-05-10,Rice,3,Sholapur,FAQ,Solapur,4000,1475,2890,Maharashtra,Other
2012-05-11,Rice,3,Pune,FAQ,Pune,7100,1800,4450,Maharashtra,1009 Kar
2012-05-11,Rice,3,Nagpur,FAQ,Nagpur,3150,1450,2300,Maharashtra,1009 Kar
2012-05-14,Rice,3,Bhandara,FAQ,Tumsar,2750,2060,2400,Maharashtra,Other
2012-05-15,Rice,3,Sholapur,FAQ,Solapur,4000,1475,2900,Maharashtra,Other
2012-05-15,Rice,3,Thane,FAQ,Palghar,3375,1721,2548,Maharashtra,1009 Kar
2012-05-16,Rice,3,Pune,FAQ,Pune,8500,1800,5150,Maharashtra,1009 Kar
2012-05-16,Rice,3,Thane,FAQ,Palghar,2667,2508,2587,Maharashtra,1009 Kar
2012-05-16,Rice,3,Ahmednagar,FAQ,Karjat,3600,1600,2200,Maharashtra,Other
2012-05-17,Rice,3,Sholapur,FAQ,Solapur,4000,1470,2900,Maharashtra,Other
2012-05-17,Rice,3,Pune,FAQ,Pune,8500,1800,5150,Maharashtra,1009 Kar
2012-05-17,Rice,3,Raigad,FAQ,Mangaon,3200,1800,2800,Maharashtra,Other
2012-05-17,Rice,3,Nashik,FAQ,Ghoti,2200,2000,2100,Maharashtra,Other
2012-05-17,Rice,3,Mumbai,FAQ,Mumbai,4200,1500,2850,Maharashtra,1009 Kar
2012-05-17,Rice,3,Sangli,FAQ,Sangli,5000,1650,3325,Maharashtra,Other
2012-05-18,Rice,3,Thane,FAQ,Palghar,2465,1180,1822,Maharashtra,1009 Kar
2012-05-18,Rice,3,Raigad,FAQ,Mangaon,3200,1800,2800,Maharashtra,Other
2012-05-18,Rice,3,Pune,FAQ,Pune,8000,1800,4900,Maharashtra,1009 Kar
2012-05-19,Rice,3,Ahmednagar,FAQ,Karjat,3600,1600,2200,Maharashtra,Other
2012-05-19,Rice,3,Sholapur,FAQ,Solapur,4000,1470,2900,Maharashtra,Other
2012-05-19,Rice,3,Bhandara,FAQ,Tumsar,2710,2525,2600,Maharashtra,Other
2012-05-19,Rice,3,Nashik,FAQ,Ghoti,2200,2000,2100,Maharashtra,Other
2012-05-19,Rice,3,Mumbai,FAQ,Mumbai,7000,5000,5760,Maharashtra,Other
2012-05-20,Rice,3,Pune,FAQ,Indapur(Bhigwan),1201,1175,1195,Maharashtra,1009 Kar
2012-05-21,Rice,3,Sholapur,FAQ,Solapur,4000,1475,2900,Maharashtra,Other
2012-05-21,Rice,3,Mumbai,FAQ,Mumbai,7000,5000,5760,Maharashtra,Other
2012-05-21,Rice,3,Ahmednagar,FAQ,Karjat,3600,1600,2200,Maharashtra,Other
2012-05-21,Rice,3,Pune,FAQ,Pune,7500,1750,4625,Maharashtra,1009 Kar
2012-05-21,Rice,3,Bhandara,FAQ,Bhandara,2650,2400,2530,Maharashtra,Other
2012-05-23,Rice,3,Sholapur,FAQ,Solapur,4000,1480,2800,Maharashtra,Other
2012-05-23,Rice,3,Thane,FAQ,Palghar,2550,2279,2414,Maharashtra,1009 Kar
2012-05-23,Rice,3,Kolhapur,FAQ,Kolhapur(Laxmipuri),4200,1500,2800,Maharashtra,1009 Kar
2012-05-23,Rice,3,Pune,FAQ,Pune,7000,1850,4425,Maharashtra,1009 Kar
2012-05-24,Rice,3,Pune,FAQ,Pune,7000,1850,4425,Maharashtra,1009 Kar
2012-05-24,Rice,3,Nagpur,FAQ,Nagpur,3150,1450,2300,Maharashtra,1009 Kar
2012-05-24,Rice,3,Ahmednagar,FAQ,Karjat,4000,1600,2200,Maharashtra,Other
2012-05-25,Rice,3,Mumbai,FAQ,Mumbai,4200,1500,2850,Maharashtra,1009 Kar
2012-05-25,Rice,3,Pune,FAQ,Pune,8000,1700,4850,Maharashtra,1009 Kar
2012-05-26,Rice,3,Thane,FAQ,Palghar,3251,1651,2451,Maharashtra,1009 Kar
2012-05-26,Rice,3,Mumbai,FAQ,Mumbai,7000,5000,5760,Maharashtra,Other
2012-05-26,Rice,3,Sangli,FAQ,Sangli,5500,1300,3400,Maharashtra,Other
2012-05-26,Rice,3,Bhandara,FAQ,Bhandara,2750,2400,2600,Maharashtra,Other
2012-05-26,Rice,3,Mumbai,FAQ,Mumbai,4200,1500,2850,Maharashtra,1009 Kar
2012-05-27,Rice,3,Bhandara,FAQ,Tumsar,2600,2600,2600,Maharashtra,Other
2012-05-28,Rice,3,Raigad,FAQ,Pen,3590,2550,3390,Maharashtra,Other
2012-05-28,Rice,3,Raigad,FAQ,Mangaon,3200,1800,2800,Maharashtra,Other
2012-05-29,Rice,3,Kolhapur,FAQ,Kolhapur(Laxmipuri),4500,1200,2850,Maharashtra,1009 Kar
2012-05-30,Rice,3,Raigad,FAQ,Alibagh,1700,1500,1600,Maharashtra,Other
2012-05-30,Rice,3,Satara,FAQ,Karad,200,100,150,Maharashtra,1009 Kar
2012-05-30,Rice,3,Pune,FAQ,Pune,7500,1850,4675,Maharashtra,1009 Kar
2012-05-30,Rice,3,Kolhapur,FAQ,Kolhapur(Laxmipuri),4400,1150,2750,Maharashtra,1009 Kar
2012-05-30,Rice,3,Amarawati,FAQ,Achalpur,1300,1200,1250,Maharashtra,1009 Kar
2012-05-31,Rice,3,Nagpur,FAQ,Umared,2950,1400,2400,Maharashtra,1009 Kar
2012-05-31,Rice,3,Nashik,FAQ,Ghoti,2000,2000,2000,Maharashtra,Other
2012-06-01,Rice,3,Sangli,FAQ,Sangli,5000,1400,3200,Maharashtra,Other
2012-06-01,Rice,3,Raigad,FAQ,Pen,3590,2550,3390,Maharashtra,Other
2012-06-01,Rice,3,Mumbai,FAQ,Mumbai,7000,5000,5760,Maharashtra,Other
2012-06-01,Rice,3,Thane,FAQ,Palghar,1740,1740,1740,Maharashtra,1009 Kar
2012-06-04,Rice,3,Ahmednagar,FAQ,Karjat,3600,1600,2400,Maharashtra,Other
2012-06-04,Rice,3,Thane,FAQ,Ulhasnagar,3000,2500,2700,Maharashtra,1009 Kar
2012-06-05,Rice,3,Mumbai,FAQ,Mumbai,7000,5000,5760,Maharashtra,Other
2012-06-06,Rice,3,Ahmednagar,FAQ,Karjat,4000,1600,2200,Maharashtra,Other
2012-06-06,Rice,3,Nagpur,FAQ,Nagpur,3150,1625,2387,Maharashtra,1009 Kar
2012-06-06,Rice,3,Mumbai,FAQ,Mumbai,7000,5000,5760,Maharashtra,Other
2012-06-07,Rice,3,Thane,FAQ,Palghar,2400,2400,2400,Maharashtra,1009 Kar
2012-06-07,Rice,3,Amarawati,FAQ,Achalpur,1350,1300,1325,Maharashtra,1009 Kar
2012-06-08,Rice,3,Mumbai,FAQ,Mumbai,4200,1500,2850,Maharashtra,1009 Kar
2012-06-08,Rice,3,Raigad,FAQ,Mangaon,3200,1800,2800,Maharashtra,Other
2012-06-09,Rice,3,Bhandara,FAQ,Bhandara,1160,810,1055,Maharashtra,Other
2012-06-10,Rice,3,Thane,FAQ,Palghar,3307,1770,2538,Maharashtra,1009 Kar
2012-06-10,Rice,3,Pune,FAQ,Indapur(Bhigwan),1180,1100,1131,Maharashtra,1009 Kar
2012-06-11,Rice,3,Sholapur,FAQ,Solapur,4000,1450,2900,Maharashtra,Other
2012-06-11,Rice,3,Bhandara,FAQ,Bhandara,2770,2400,2660,Maharashtra,Other
2012-06-12,Rice,3,Nashik,FAQ,Ghoti,2025,2025,2025,Maharashtra,Other
2012-06-13,Rice,3,Sangli,FAQ,Sangli,5000,1300,3150,Maharashtra,Other
2012-06-13,Rice,3,Bhandara,FAQ,Tumsar,2765,1880,2300,Maharashtra,Other
2012-06-13,Rice,3,Sholapur,FAQ,Solapur,4000,1420,2890,Maharashtra,Other
2012-06-15,Rice,3,Nashik,FAQ,Ghoti,2200,2000,2100,Maharashtra,Other
2012-06-15,Rice,3,Bhandara,FAQ,Bhandara,2760,2620,2735,Maharashtra,Other
2012-06-16,Rice,3,Mumbai,FAQ,Mumbai,4200,1500,2850,Maharashtra,1009 Kar
2012-06-18,Rice,3,Raigad,FAQ,Pen,3590,2550,3400,Maharashtra,Other
2012-06-18,Rice,3,Sholapur,FAQ,Solapur,4090,1410,2900,Maharashtra,Other
2012-06-18,Rice,3,Nagpur,FAQ,Nagpur,3150,1625,2390,Maharashtra,1009 Kar
2012-06-18,Rice,3,Raigad,FAQ,Mangaon,3200,1800,2800,Maharashtra,Other
2012-06-19,Rice,3,Sholapur,FAQ,Solapur,4080,1400,2900,Maharashtra,Other
2012-06-19,Rice,3,Nagpur,FAQ,Nagpur,3150,1625,2390,Maharashtra,1009 Kar
2012-06-20,Rice,3,Nagpur,FAQ,Nagpur,3150,1625,2390,Maharashtra,1009 Kar
2012-06-20,Rice,3,Sangli,FAQ,Sangli,5000,1350,3175,Maharashtra,Other
2012-06-20,Rice,3,Nashik,FAQ,Ghoti,3000,2000,2500,Maharashtra,Other
2012-06-21,Rice,3,Raigad,FAQ,Mangaon,3200,1800,2800,Maharashtra,Other
2012-06-21,Rice,3,Sangli,FAQ,Sangli,5000,1650,3325,Maharashtra,Other
2012-06-21,Rice,3,Bhandara,FAQ,Tumsar,1300,1300,1300,Maharashtra,Other
2012-06-22,Rice,3,Bhandara,FAQ,Bhandara,3050,2420,2820,Maharashtra,Other
2012-06-22,Rice,3,Amarawati,FAQ,Achalpur,1350,1300,1325,Maharashtra,1009 Kar
2012-06-23,Rice,3,Amarawati,FAQ,Achalpur,1350,1300,1325,Maharashtra,1009 Kar
2012-06-23,Rice,3,Mumbai,FAQ,Mumbai,7000,5000,5760,Maharashtra,Other
2012-06-25,Rice,3,Mumbai,FAQ,Mumbai,7000,3700,5136,Maharashtra,Other
2012-06-25,Rice,3,Raigad,FAQ,Mangaon,3200,1800,2800,Maharashtra,Other
2012-06-25,Rice,3,Sholapur,FAQ,Solapur,4260,1475,3000,Maharashtra,Other
2012-06-26,Rice,3,Nashik,FAQ,Ghoti,3000,2000,2500,Maharashtra,Other
2012-06-26,Rice,3,Raigad,FAQ,Mangaon,3200,1800,2800,Maharashtra,Other
2012-06-27,Rice,3,Pune,FAQ,Pune,7000,1800,4400,Maharashtra,1009 Kar
2012-06-27,Rice,3,Sholapur,FAQ,Solapur,4250,1475,2970,Maharashtra,Other
2012-06-28,Rice,3,Mumbai,FAQ,Mumbai,4000,1500,2850,Maharashtra,1009 Kar
2012-06-28,Rice,3,Bhandara,FAQ,Bhandara,2990,2750,2830,Maharashtra,Other
2012-06-29,Rice,3,Pune,FAQ,Pune,7500,1900,4700,Maharashtra,1009 Kar
2012-06-30,Rice,3,Nagpur,FAQ,Nagpur,3150,1600,2375,Maharashtra,1009 Kar
2012-07-02,Rice,3,Ahmednagar,FAQ,Karjat,3600,1600,2200,Maharashtra,Other
2012-07-02,Rice,3,Bhandara,FAQ,Bhandara,2900,2400,2790,Maharashtra,Other
2012-07-02,Rice,3,Nagpur,FAQ,Nagpur,3150,1625,2390,Maharashtra,1009 Kar
2012-07-02,Rice,3,Thane,FAQ,Ulhasnagar,2500,2000,2200,Maharashtra,1009 Kar
2012-07-03,Rice,3,Bhandara,FAQ,Bhandara,1290,1290,1290,Maharashtra,Other
2012-07-04,Rice,3,Bhandara,FAQ,Tumsar,2800,2800,2800,Maharashtra,Other
2012-07-04,Rice,3,Pune,FAQ,Pune,8000,2000,5000,Maharashtra,1009 Kar
2012-07-04,Rice,3,Raigad,FAQ,Pen,3600,2550,3400,Maharashtra,Other
2012-07-04,Rice,3,Mumbai,FAQ,Mumbai,7000,3700,5136,Maharashtra,Other
2012-07-05,Rice,3,Bhandara,FAQ,Bhandara,3000,2600,2885,Maharashtra,Other
2012-07-05,Rice,3,Nagpur,FAQ,Nagpur,3150,1625,2390,Maharashtra,1009 Kar
2012-07-06,Rice,3,Kolhapur,FAQ,Kolhapur(Laxmipuri),4300,1600,2200,Maharashtra,1009 Kar
2012-07-06,Rice,3,Nashik,FAQ,Ghoti,2800,2000,2400,Maharashtra,Other
2012-07-07,Rice,3,Bhandara,FAQ,Tumsar,2750,2050,2400,Maharashtra,Other
2012-07-07,Rice,3,Nashik,FAQ,Ghoti,3000,2000,2500,Maharashtra,Other
2012-07-07,Rice,3,Pune,FAQ,Pune,8000,1800,4900,Maharashtra,1009 Kar
2012-07-10,Rice,3,Amarawati,FAQ,Achalpur,1300,1200,1250,Maharashtra,1009 Kar
2012-07-10,Rice,3,Nagpur,FAQ,Nagpur,3200,1950,2575,Maharashtra,1009 Kar
2012-07-11,Rice,3,Ahmednagar,FAQ,Karjat,3600,1600,2200,Maharashtra,Other
2012-07-11,Rice,3,Nagpur,FAQ,Nagpur,3200,1950,2575,Maharashtra,1009 Kar
2012-07-11,Rice,3,Pune,FAQ,Pune,8000,2000,5000,Maharashtra,1009 Kar
2012-07-11,Rice,3,Nashik,FAQ,Ghoti,2800,2000,2400,Maharashtra,Other
2012-07-11,Rice,3,Raigad,FAQ,Mangaon,3200,1800,2500,Maharashtra,Other
2012-07-12,Rice,3,Thane,FAQ,Palghar,2611,1581,2096,Maharashtra,1009 Kar
2012-07-12,Rice,3,Ahmednagar,FAQ,Karjat,3600,1600,2200,Maharashtra,Other
2012-07-12,Rice,3,Bhandara,FAQ,Bhandara,2900,2440,2750,Maharashtra,Other
2012-07-13,Rice,3,Thane,FAQ,Palghar,2382,1735,2058,Maharashtra,1009 Kar
2012-07-13,Rice,3,Bhandara,FAQ,Bhandara,2960,2450,2720,Maharashtra,Other
2012-07-13,Rice,3,Nagpur,FAQ,Nagpur,3200,1950,2575,Maharashtra,1009 Kar
2012-07-13,Rice,3,Sholapur,FAQ,Solapur,4300,1475,3190,Maharashtra,Other
2012-07-14,Rice,3,Mumbai,FAQ,Mumbai,7000,3700,5136,Maharashtra,Other
2012-07-16,Rice,3,Bhandara,FAQ,Bhandara,2960,2890,2935,Maharashtra,Other
2012-07-16,Rice,3,Mumbai,FAQ,Mumbai,4000,1500,2850,Maharashtra,1009 Kar
2012-07-17,Rice,3,Bhandara,FAQ,Bhandara,3030,2400,2880,Maharashtra,Other
2012-07-17,Rice,3,Sangli,FAQ,Sangli,5500,1350,3425,Maharashtra,Other
2012-07-17,Rice,3,Raigad,FAQ,Pen,3600,2550,3400,Maharashtra,Other
2012-07-18,Rice,3,Sangli,FAQ,Sangli,5500,1500,3500,Maharashtra,Other
2012-07-18,Rice,3,Sholapur,FAQ,Solapur,4290,1475,3200,Maharashtra,Other
2012-07-20,Rice,3,Raigad,FAQ,Mangaon,3200,1800,2800,Maharashtra,Other
2012-07-20,Rice,3,Nagpur,FAQ,Nagpur,3200,1950,2575,Maharashtra,1009 Kar
2012-07-20,Rice,3,Kolhapur,FAQ,Kolhapur(Laxmipuri),4200,1550,2000,Maharashtra,1009 Kar
2012-07-23,Rice,3,Mumbai,FAQ,Mumbai,7000,3700,5136,Maharashtra,Other
2012-07-23,Rice,3,Sholapur,FAQ,Solapur,4290,1480,3170,Maharashtra,Other
2012-07-24,Rice,3,Bhandara,FAQ,Bhandara,2990,2300,2500,Maharashtra,Other
2012-07-24,Rice,3,Pune,FAQ,Pune,7000,1900,4450,Maharashtra,1009 Kar
2012-07-24,Rice,3,Nagpur,FAQ,Nagpur,3200,1950,2550,Maharashtra,1009 Kar
2012-07-24,Rice,3,Sangli,FAQ,Sangli,5500,1350,3425,Maharashtra,Other
2012-07-24,Rice,3,Kolhapur,FAQ,Kolhapur(Laxmipuri),4300,1550,2000,Maharashtra,1009 Kar
2012-07-25,Rice,3,Raigad,FAQ,Pen,3700,2550,3450,Maharashtra,Other
2012-07-26,Rice,3,Ahmednagar,FAQ,Karjat,3600,1600,2000,Maharashtra,Other
2012-07-28,Rice,3,Sangli,FAQ,Sangli,5500,1350,3425,Maharashtra,Other
2012-07-30,Rice,3,Thane,FAQ,Bhivandi,2400,1100,1750,Maharashtra,1009 Kar
2012-07-31,Rice,3,Raigad,FAQ,Pen,3700,2550,3450,Maharashtra,Other
2012-07-31,Rice,3,Mumbai,FAQ,Mumbai,4300,1600,2950,Maharashtra,1009 Kar
2012-08-01,Rice,3,Pune,FAQ,Pune,7500,1950,4475,Maharashtra,1009 Kar
2012-08-01,Rice,3,Mumbai,FAQ,Mumbai,7000,4000,5280,Maharashtra,Other
2012-08-01,Rice,3,Sholapur,FAQ,Solapur,4270,1460,3130,Maharashtra,Other
2012-08-02,Rice,3,Sholapur,FAQ,Solapur,4275,1450,3125,Maharashtra,Other
2012-08-02,Rice,3,Mumbai,FAQ,Mumbai,7000,4000,5280,Maharashtra,Other
2012-08-02,Rice,3,Nashik,FAQ,Ghoti,3000,2000,2500,Maharashtra,Other
2012-08-03,Rice,3,Kolhapur,FAQ,Kolhapur(Laxmipuri),5000,1900,3000,Maharashtra,1009 Kar
2012-08-04,Rice,3,Ahmednagar,FAQ,Karjat,3600,1600,2000,Maharashtra,Other
2012-08-04,Rice,3,Kolhapur,FAQ,Kolhapur(Laxmipuri),5000,1900,3000,Maharashtra,1009 Kar
2012-08-04,Rice,3,Raigad,FAQ,Murud,1700,1500,1600,Maharashtra,Other
2012-08-04,Rice,3,Pune,FAQ,Pune,9000,1800,5400,Maharashtra,1009 Kar
2012-08-04,Rice,3,Raigad,FAQ,Alibagh,1700,1500,1600,Maharashtra,Other
2012-08-04,Rice,3,Nashik,FAQ,Ghoti,3000,2000,2500,Maharashtra,Other
2012-08-06,Rice,3,Thane,FAQ,Bhivandi,2800,1100,1950,Maharashtra,1009 Kar
2012-08-06,Rice,3,Thane,FAQ,Ulhasnagar,2500,2000,2200,Maharashtra,1009 Kar
2012-08-06,Rice,3,Sholapur,FAQ,Solapur,4240,1450,3090,Maharashtra,Other
2012-08-06,Rice,3,Mumbai,FAQ,Mumbai,4300,1600,2950,Maharashtra,1009 Kar
2012-08-07,Rice,3,Sholapur,FAQ,Solapur,4240,1460,3100,Maharashtra,Other
2012-08-07,Rice,3,Raigad,FAQ,Mangaon,3200,1800,2800,Maharashtra,Other
2012-08-07,Rice,3,Mumbai,FAQ,Mumbai,4300,1600,2950,Maharashtra,1009 Kar
2012-08-08,Rice,3,Mumbai,FAQ,Mumbai,4300,1600,2950,Maharashtra,1009 Kar
2012-08-08,Rice,3,Raigad,FAQ,Mangaon,3200,1800,2800,Maharashtra,Other
2012-08-09,Rice,3,Pune,FAQ,Pune,8500,1650,5075,Maharashtra,1009 Kar
2012-08-09,Rice,3,Thane,FAQ,Bhivandi,2800,1100,1950,Maharashtra,1009 Kar
2012-08-09,Rice,3,Mumbai,FAQ,Mumbai,4300,1600,2950,Maharashtra,1009 Kar
2012-08-09,Rice,3,Sholapur,FAQ,Barshi,1565,900,900,Maharashtra,1009 Kar
2012-08-11,Rice,3,Bhandara,FAQ,Bhandara,3050,2560,2890,Maharashtra,Other
2012-08-11,Rice,3,Nagpur,FAQ,Nagpur,3200,1950,2575,Maharashtra,1009 Kar
2012-08-11,Rice,3,Sangli,FAQ,Sangli,5500,190,3700,Maharashtra,Other
2012-08-11,Rice,3,Mumbai,FAQ,Mumbai,4300,1600,2950,Maharashtra,1009 Kar
2012-08-13,Rice,3,Raigad,FAQ,Alibagh,1700,1500,1600,Maharashtra,Other
2012-08-13,Rice,3,Thane,FAQ,Bhivandi,4000,1800,2900,Maharashtra,1009 Kar
2012-08-16,Rice,3,Raigad,FAQ,Alibagh,1700,1500,1600,Maharashtra,Other
2012-08-16,Rice,3,Mumbai,FAQ,Mumbai,4300,1600,2950,Maharashtra,1009 Kar
2012-08-16,Rice,3,Sholapur,FAQ,Solapur,4250,1450,3100,Maharashtra,Other
2012-08-16,Rice,3,Raigad,FAQ,Murud,1700,1500,1600,Maharashtra,Other
2012-08-17,Rice,3,Mumbai,FAQ,Mumbai,7000,4000,5280,Maharashtra,Other
2012-08-17,Rice,3,Sangli,FAQ,Sangli,5500,1300,3400,Maharashtra,Other
2012-08-18,Rice,3,Ahmednagar,FAQ,Karjat,3600,1600,2200,Maharashtra,Other
2012-08-18,Rice,3,Mumbai,FAQ,Mumbai,4300,1600,2950,Maharashtra,1009 Kar
2012-08-18,Rice,3,Mumbai,FAQ,Mumbai,7000,4000,5280,Maharashtra,Other
2012-08-18,Rice,3,Sholapur,FAQ,Solapur,4260,1450,3100,Maharashtra,Other
2012-08-19,Rice,3,Pune,FAQ,Indapur(Bhigwan),1412,1370,1400,Maharashtra,1009 Kar
2012-08-20,Rice,3,Pune,FAQ,Pune,8000,1600,4800,Maharashtra,1009 Kar
2012-08-21,Rice,3,Ahmednagar,FAQ,Karjat,3600,1600,2000,Maharashtra,Other
2012-08-21,Rice,3,Pune,FAQ,Pune,6500,1900,4200,Maharashtra,1009 Kar
2012-08-21,Rice,3,Sangli,FAQ,Sangli,5500,1500,3500,Maharashtra,Other
2012-08-21,Rice,3,Raigad,FAQ,Murud,1700,1500,1600,Maharashtra,Other
2012-08-22,Rice,3,Nashik,FAQ,Ghoti,2500,2000,2250,Maharashtra,Other
2012-08-22,Rice,3,Nashik,FAQ,Satana,1600,1600,1600,Maharashtra,Other
2012-08-22,Rice,3,Nagpur,FAQ,Nagpur,3200,1950,2575,Maharashtra,1009 Kar
2012-08-23,Rice,3,Thane,FAQ,Bhivandi,2800,1100,1950,Maharashtra,1009 Kar
2012-08-23,Rice,3,Pune,FAQ,Pune,7500,1950,4725,Maharashtra,1009 Kar
2012-08-23,Rice,3,Sholapur,FAQ,Solapur,4290,1460,3120,Maharashtra,Other
2012-08-24,Rice,3,Bhandara,FAQ,Bhandara,3100,2600,2905,Maharashtra,Other
2012-08-24,Rice,3,Nagpur,FAQ,Nagpur,3300,1950,2625,Maharashtra,1009 Kar
2012-08-24,Rice,3,Nashik,FAQ,Ghoti,2800,2000,2400,Maharashtra,Other
2012-08-25,Rice,3,Bhandara,FAQ,Bhandara,2100,2100,2100,Maharashtra,Other
2012-08-25,Rice,3,Ahmednagar,FAQ,Karjat,3600,1600,2000,Maharashtra,Other
2012-08-25,Rice,3,Raigad,FAQ,Alibagh,1700,1500,1600,Maharashtra,Other
2012-08-25,Rice,3,Sangli,FAQ,Sangli,5500,1850,3675,Maharashtra,Other
2012-08-25,Rice,3,Nashik,FAQ,Ghoti,2025,2025,2025,Maharashtra,Other
2012-08-27,Rice,3,Mumbai,FAQ,Mumbai,4300,1600,2950,Maharashtra,1009 Kar
2012-08-28,Rice,3,Mumbai,FAQ,Mumbai,7000,4000,5280,Maharashtra,Other
2012-08-28,Rice,3,Nashik,FAQ,Ghoti,2025,2025,2025,Maharashtra,Other
2012-08-29,Rice,3,Raigad,FAQ,Pen,3700,2550,3460,Maharashtra,Other
2012-08-29,Rice,3,Thane,FAQ,Vasai,3400,1300,2400,Maharashtra,1009 Kar
2012-08-29,Rice,3,Sholapur,FAQ,Solapur,4300,1500,3200,Maharashtra,Other
2012-08-30,Rice,3,Bhandara,FAQ,Tumsar,2950,2400,2675,Maharashtra,Other
2012-08-30,Rice,3,Sholapur,FAQ,Barshi,1551,1551,1551,Maharashtra,1009 Kar
2012-08-30,Rice,3,Kolhapur,FAQ,Kolhapur(Laxmipuri),4700,1700,3200,Maharashtra,1009 Kar
2012-08-30,Rice,3,Raigad,FAQ,Alibagh,1700,1500,1600,Maharashtra,Other
2012-08-31,Rice,3,Raigad,FAQ,Alibagh,1700,1500,1600,Maharashtra,Other
2012-08-31,Rice,3,Sangli,FAQ,Sangli,5200,1800,3500,Maharashtra,Other
2012-08-31,Rice,3,Ahmednagar,FAQ,Karjat,3600,1600,2000,Maharashtra,Other
2012-09-01,Rice,3,Kolhapur,FAQ,Kolhapur(Laxmipuri),4600,1900,3000,Maharashtra,1009 Kar
2012-09-01,Rice,3,Raigad,FAQ,Pen,3700,2550,3460,Maharashtra,Other
2012-09-01,Rice,3,Nagpur,FAQ,Nagpur,3300,1950,2625,Maharashtra,1009 Kar
2012-09-02,Rice,3,Pune,FAQ,Indapur(Bhigwan),1400,1100,1300,Maharashtra,1009 Kar
2012-09-03,Rice,3,Mumbai,FAQ,Mumbai,4300,1800,2950,Maharashtra,1009 Kar
2012-09-05,Rice,3,Sangli,FAQ,Sangli,5500,1500,3500,Maharashtra,Other
2012-09-05,Rice,3,Mumbai,FAQ,Mumbai,7000,4000,5280,Maharashtra,Other
2012-09-05,Rice,3,Nagpur,FAQ,Nagpur,3300,1900,2600,Maharashtra,1009 Kar
2012-09-05,Rice,3,Raigad,FAQ,Pen,3700,2550,3460,Maharashtra,Other
2012-09-05,Rice,3,Sholapur,FAQ,Solapur,4340,1550,3220,Maharashtra,Other
2012-09-06,Rice,3,Jalgaon,FAQ,Chalisgaon,1325,1200,1262,Maharashtra,1009 Kar
2012-09-06,Rice,3,Bhandara,FAQ,Bhandara,2980,2800,2910,Maharashtra,Other
2012-09-06,Rice,3,Raigad,FAQ,Mangaon,3200,1800,3000,Maharashtra,Other
2012-09-07,Rice,3,Sholapur,FAQ,Solapur,4360,1550,3220,Maharashtra,Other
2012-09-07,Rice,3,Nashik,FAQ,Ghoti,2025,2025,2025,Maharashtra,Other
2012-09-08,Rice,3,Bhandara,FAQ,Tumsar,3100,2060,2550,Maharashtra,Other
2012-09-10,Rice,3,Sangli,FAQ,Sangli,5500,1800,3650,Maharashtra,Other
2012-09-11,Rice,3,Raigad,FAQ,Murud,1700,1500,1600,Maharashtra,Other
2012-09-11,Rice,3,Sholapur,FAQ,Solapur,4325,1540,3200,Maharashtra,Other
2012-09-12,Rice,3,Raigad,FAQ,Mangaon,3200,1800,2500,Maharashtra,Other
2012-09-12,Rice,3,Raigad,FAQ,Murud,1700,1500,1600,Maharashtra,Other
2012-09-12,Rice,3,Sholapur,FAQ,Solapur,4320,1550,3250,Maharashtra,Other
2012-09-13,Rice,3,Raigad,FAQ,Mangaon,3200,1800,2500,Maharashtra,Other
2012-09-13,Rice,3,Bhandara,FAQ,Bhandara,2080,2000,2010,Maharashtra,Other
2012-09-13,Rice,3,Bhandara,FAQ,Tumsar,2930,2400,2665,Maharashtra,Other
2012-09-13,Rice,3,Sangli,FAQ,Sangli,5500,1800,3650,Maharashtra,Other
2012-09-14,Rice,3,Sholapur,FAQ,Solapur,4350,1560,3290,Maharashtra,Other
2012-09-14,Rice,3,Pune,FAQ,Pune,7500,1750,4625,Maharashtra,1009 Kar
2012-09-14,Rice,3,Ahmednagar,FAQ,Karjat,3600,1600,2200,Maharashtra,Other
2012-09-15,Rice,3,Mumbai,FAQ,Mumbai,2991,1940,2465,Maharashtra,1009 Kar
2012-09-15,Rice,3,Sangli,FAQ,Sangli,5500,1500,3500,Maharashtra,Other
2012-09-17,Rice,3,Thane,FAQ,Ulhasnagar,2700,2000,2200,Maharashtra,1009 Kar
2012-09-18,Rice,3,Nagpur,FAQ,Nagpur,3300,1750,2525,Maharashtra,1009 Kar
2012-09-18,Rice,3,Sholapur,FAQ,Solapur,4330,1540,3272,Maharashtra,Other
2012-09-18,Rice,3,Raigad,FAQ,Murud,1700,1500,1600,Maharashtra,Other
2012-09-18,Rice,3,Mumbai,FAQ,Mumbai,3276,1700,2488,Maharashtra,1009 Kar
2012-09-18,Rice,3,Nashik,FAQ,Ghoti,2700,2700,2700,Maharashtra,Other
2012-09-19,Rice,3,Pune,FAQ,Pune,7000,1900,4450,Maharashtra,1009 Kar
2012-09-20,Rice,3,Mumbai,FAQ,Mumbai,3195,1875,2535,Maharashtra,1009 Kar
2012-09-21,Rice,3,Sangli,FAQ,Sangli,5500,1500,3500,Maharashtra,Other
2012-09-21,Rice,3,Bhandara,FAQ,Bhandara,2300,2000,2200,Maharashtra,Other
2012-09-21,Rice,3,Nashik,FAQ,Ghoti,2800,2700,2750,Maharashtra,Other
2012-09-22,Rice,3,Bhandara,FAQ,Tumsar,3150,2625,2885,Maharashtra,Other
2012-09-22,Rice,3,Bhandara,FAQ,Bhandara,2880,2650,2790,Maharashtra,Other
2012-09-24,Rice,3,Raigad,FAQ,Alibagh,1700,1500,1600,Maharashtra,Other
2012-09-24,Rice,3,Bhandara,FAQ,Tumsar,2925,2000,2460,Maharashtra,Other
2012-09-24,Rice,3,Bhandara,FAQ,Bhandara,1800,1760,1780,Maharashtra,Other
2012-09-24,Rice,3,Thane,FAQ,Ulhasnagar,2700,2000,2500,Maharashtra,1009 Kar
2012-09-25,Rice,3,Nagpur,FAQ,Nagpur,3200,1750,2475,Maharashtra,1009 Kar
2012-09-25,Rice,3,Raigad,FAQ,Mangaon,3200,1800,2800,Maharashtra,Other
2012-09-25,Rice,3,Raigad,FAQ,Alibagh,1700,1500,1600,Maharashtra,Other
2012-09-25,Rice,3,Pune,FAQ,Pune,8500,2000,5250,Maharashtra,1009 Kar
2012-09-26,Rice,3,Bhandara,FAQ,Tumsar,2950,2600,2775,Maharashtra,Other
2012-09-27,Rice,3,Raigad,FAQ,Pen,3700,2550,3470,Maharashtra,Other
2012-09-27,Rice,3,Raigad,FAQ,Alibagh,1700,1500,1600,Maharashtra,Other
2012-09-27,Rice,3,Raigad,FAQ,Murud,1700,1500,1600,Maharashtra,Other
2012-09-27,Rice,3,Nagpur,FAQ,Umared,3200,1500,2900,Maharashtra,1009 Kar
2012-09-28,Rice,3,Raigad,FAQ,Murud,1700,1500,1600,Maharashtra,Other
2012-09-28,Rice,3,Bhandara,FAQ,Bhandara,2325,2300,2310,Maharashtra,Other
2012-09-29,Rice,3,Sangli,FAQ,Sangli,5500,1300,3400,Maharashtra,Other
2012-10-01,Rice,3,Raigad,FAQ,Murud,1700,1500,1600,Maharashtra,Other
2012-10-01,Rice,3,Kolhapur,FAQ,Kolhapur(Laxmipuri),4700,1700,3000,Maharashtra,1009 Kar
2012-10-01,Rice,3,Thane,FAQ,Palghar,2952,1933,2442,Maharashtra,1009 Kar
2012-10-02,Rice,3,Raigad,FAQ,Mangaon,3800,1800,2800,Maharashtra,Other
2012-10-02,Rice,3,Thane,FAQ,Palghar,2046,1601,1823,Maharashtra,1009 Kar
2012-10-02,Rice,3,Mumbai,FAQ,Mumbai,8000,5000,6500,Maharashtra,Other
2012-10-03,Rice,3,Sholapur,FAQ,Solapur,4350,1530,3240,Maharashtra,Other
2012-10-03,Rice,3,Thane,FAQ,Kalyan,1900,1800,1850,Maharashtra,Other
2012-10-03,Rice,3,Raigad,FAQ,Mangaon,3800,1800,2800,Maharashtra,Other
2012-10-04,Rice,3,Thane,FAQ,Palghar,3050,1851,2450,Maharashtra,1009 Kar
2012-10-04,Rice,3,Mumbai,FAQ,Mumbai,4000,1800,2900,Maharashtra,1009 Kar
2012-10-04,Rice,3,Raigad,FAQ,Murud,1700,1500,1600,Maharashtra,Other
2012-10-04,Rice,3,Mumbai,FAQ,Mumbai,8000,5000,6500,Maharashtra,Other
2012-10-04,Rice,3,Raigad,FAQ,Alibagh,1700,1500,1600,Maharashtra,Other
2012-10-06,Rice,3,Pune,FAQ,Pune,8000,1900,4950,Maharashtra,1009 Kar
2012-10-06,Rice,3,Nashik,FAQ,Ghoti,2700,2700,2700,Maharashtra,Other
2012-10-06,Rice,3,Nagpur,FAQ,Nagpur,3100,1725,2412,Maharashtra,1009 Kar
2012-10-06,Rice,3,Sholapur,FAQ,Solapur,4340,1550,3230,Maharashtra,Other
2012-10-06,Rice,3,Kolhapur,FAQ,Kolhapur(Laxmipuri),4700,1700,3000,Maharashtra,1009 Kar
2012-10-07,Rice,3,Pune,FAQ,Indapur(Bhigwan),1434,1300,1401,Maharashtra,1009 Kar
2012-10-09,Rice,3,Kolhapur,FAQ,Kolhapur(Laxmipuri),4700,1700,3000,Maharashtra,1009 Kar
2012-10-09,Rice,3,Nashik,FAQ,Ghoti,2700,2700,2700,Maharashtra,Other
2012-10-09,Rice,3,Raigad,FAQ,Alibagh,1700,1500,1600,Maharashtra,Other
2012-10-10,Rice,3,Raigad,FAQ,Alibagh,1700,1500,1600,Maharashtra,Other
2012-10-10,Rice,3,Nagpur,FAQ,Nagpur,3100,1725,2412,Maharashtra,1009 Kar
2012-10-10,Rice,3,Raigad,FAQ,Mangaon,3200,1800,2500,Maharashtra,Other
2012-10-10,Rice,3,Kolhapur,FAQ,Kolhapur(Laxmipuri),4700,1700,3000,Maharashtra,1009 Kar
2012-10-11,Rice,3,Thane,FAQ,Bhivandi,2500,1800,2150,Maharashtra,1009 Kar
2012-10-11,Rice,3,Thane,FAQ,Palghar,3011,1750,2380,Maharashtra,1009 Kar
2012-10-11,Rice,3,Raigad,FAQ,Alibagh,1700,1500,1600,Maharashtra,Other
2012-10-11,Rice,3,Pune,FAQ,Pune,9000,1800,5400,Maharashtra,1009 Kar
2012-10-12,Rice,3,Raigad,FAQ,Murud,1700,1500,1600,Maharashtra,Other
2012-10-12,Rice,3,Bhandara,FAQ,Bhandara,3060,2580,2835,Maharashtra,Other
2012-10-13,Rice,3,Nagpur,FAQ,Nagpur,3100,1725,2412,Maharashtra,1009 Kar
2012-10-13,Rice,3,Bhandara,FAQ,Bhandara,3020,2450,2685,Maharashtra,Other
2012-10-13,Rice,3,Raigad,FAQ,Pen,4050,2550,3750,Maharashtra,Other
2012-10-13,Rice,3,Raigad,FAQ,Mangaon,3200,1800,2800,Maharashtra,Other
2012-10-16,Rice,3,Pune,FAQ,Pune,7500,1850,4675,Maharashtra,1009 Kar
2012-10-16,Rice,3,Thane,FAQ,Palghar,3053,1586,2319,Maharashtra,1009 Kar
2012-10-17,Rice,3,Raigad,FAQ,Pen,4050,2550,3750,Maharashtra,Other
2012-10-17,Rice,3,Thane,FAQ,Palghar,2175,2175,2175,Maharashtra,1009 Kar
2012-10-17,Rice,3,Sholapur,FAQ,Barshi,1425,1425,1425,Maharashtra,1009 Kar
2012-10-18,Rice,3,Nashik,FAQ,Ghoti,2700,2700,2700,Maharashtra,Other
2012-10-19,Rice,3,Sangli,FAQ,Sangli,5500,1300,3400,Maharashtra,Other
2012-10-20,Rice,3,Sangli,FAQ,Sangli,5500,1300,3400,Maharashtra,Other
2012-10-20,Rice,3,Raigad,FAQ,Murud,1700,1500,1600,Maharashtra,Other
2012-10-20,Rice,3,Raigad,FAQ,Alibagh,1700,1500,1600,Maharashtra,Other
2012-10-22,Rice,3,Sholapur,FAQ,Solapur,4350,1550,3225,Maharashtra,Other
2012-10-22,Rice,3,Bhandara,FAQ,Bhandara,3060,2400,2700,Maharashtra,Other
2012-10-23,Rice,3,Raigad,FAQ,Murud,1700,1500,1600,Maharashtra,Other
2012-10-23,Rice,3,Sangli,FAQ,Sangli,5500,1800,3650,Maharashtra,Other
2012-10-23,Rice,3,Nashik,FAQ,Ghoti,2800,2700,2750,Maharashtra,Other
2012-10-23,Rice,3,Pune,FAQ,Pune,7500,2000,4750,Maharashtra,1009 Kar
2012-10-25,Rice,3,Nashik,FAQ,Devala,1251,1251,1251,Maharashtra,Other
2012-10-25,Rice,3,Nagpur,FAQ,Umared,3000,1400,2900,Maharashtra,1009 Kar
2012-10-25,Rice,3,Nagpur,FAQ,Nagpur,3100,1725,2412,Maharashtra,1009 Kar
2012-10-26,Rice,3,Mumbai,FAQ,Mumbai,3800,1800,2800,Maharashtra,1009 Kar
2012-10-27,Rice,3,Sangli,FAQ,Sangli,5500,1300,3400,Maharashtra,Other
2012-10-29,Rice,3,Raigad,FAQ,Alibagh,1700,1500,1600,Maharashtra,Other
2012-10-29,Rice,3,Kolhapur,FAQ,Kolhapur(Laxmipuri),5100,1800,3450,Maharashtra,1009 Kar
2012-10-29,Rice,3,Mumbai,FAQ,Mumbai,3800,1800,2800,Maharashtra,1009 Kar
2012-10-29,Rice,3,Thane,FAQ,Bhivandi,2500,1800,2150,Maharashtra,1009 Kar
2012-10-29,Rice,3,Nashik,FAQ,Suragana,1600,1200,1300,Maharashtra,1009 Kar
2012-10-30,Rice,3,Kolhapur,FAQ,Kolhapur(Laxmipuri),5100,1800,3450,Maharashtra,1009 Kar
2012-10-30,Rice,3,Bhandara,FAQ,Bhandara,1950,1950,1950,Maharashtra,Other
2012-10-30,Rice,3,Thane,FAQ,Kalyan,2000,1925,1950,Maharashtra,Other
2012-11-01,Rice,3,Thane,FAQ,Kalyan,2000,1925,1950,Maharashtra,Other
2012-11-01,Rice,3,Bhandara,FAQ,Bhandara,2910,2400,2750,Maharashtra,Other
2012-11-02,Rice,3,Nandurbar,FAQ,Navapur,1400,1400,1400,Maharashtra,1009 Kar
2012-11-02,Rice,3,Mumbai,FAQ,Mumbai,8000,5000,6500,Maharashtra,Other
2012-11-02,Rice,3,Pune,FAQ,Pune,8500,1850,5175,Maharashtra,1009 Kar
2012-11-03,Rice,3,Thane,FAQ,Palghar,3043,1851,2447,Maharashtra,1009 Kar
2012-11-03,Rice,3,Nashik,FAQ,Ghoti,3000,2300,2650,Maharashtra,Other
2012-11-03,Rice,3,Sholapur,FAQ,Solapur,4375,1575,3240,Maharashtra,Other
2012-11-04,Rice,3,Nandurbar,FAQ,Navapur,1400,1400,1400,Maharashtra,1009 Kar
2012-11-05,Rice,3,Mumbai,FAQ,Mumbai,8000,5000,6500,Maharashtra,Other
2012-11-05,Rice,3,Bhandara,FAQ,Tumsar,1300,1300,1300,Maharashtra,Other
2012-11-06,Rice,3,Mumbai,FAQ,Mumbai,8000,5000,6500,Maharashtra,Other
2012-11-06,Rice,3,Raigad,FAQ,Murud,1700,1500,1600,Maharashtra,Other
2012-11-07,Rice,3,Kolhapur,FAQ,Kolhapur(Laxmipuri),4500,1650,3075,Maharashtra,1009 Kar
2012-11-07,Rice,3,Pune,FAQ,Pune,8500,1800,5150,Maharashtra,1009 Kar
2012-11-07,Rice,3,Amarawati,FAQ,Achalpur,1500,1400,1450,Maharashtra,1009 Kar
2012-11-07,Rice,3,Nagpur,FAQ,Nagpur,3100,1725,2412,Maharashtra,1009 Kar
2012-11-07,Rice,3,Bhandara,FAQ,Tumsar,2860,2250,2555,Maharashtra,Other
2012-11-07,Rice,3,Sangli,FAQ,Sangli,5500,1350,3425,Maharashtra,Other
2012-11-07,Rice,3,Raigad,FAQ,Murud,1700,1500,1600,Maharashtra,Other
2012-11-08,Rice,3,Mumbai,FAQ,Mumbai,3800,1800,2800,Maharashtra,1009 Kar
2012-11-08,Rice,3,Raigad,FAQ,Pen,4050,2550,3750,Maharashtra,Other
2012-11-08,Rice,3,Raigad,FAQ,Murud,1700,1500,1600,Maharashtra,Other
2012-11-09,Rice,3,Raigad,FAQ,Murud,1700,1500,1600,Maharashtra,Other
2012-11-09,Rice,3,Nagpur,FAQ,Nagpur,3100,1725,2412,Maharashtra,1009 Kar
2012-11-09,Rice,3,Raigad,FAQ,Alibagh,1700,1500,1600,Maharashtra,Other
2012-11-10,Rice,3,Bhandara,FAQ,Tumsar,3400,2150,2775,Maharashtra,Other
2012-11-10,Rice,3,Thane,FAQ,Palghar,3577,1851,2714,Maharashtra,1009 Kar
2012-11-10,Rice,3,Bhandara,FAQ,Bhandara,3150,3080,3100,Maharashtra,Other
2012-11-11,Rice,3,Nagpur,FAQ,Nagpur,3100,1725,2412,Maharashtra,1009 Kar
2012-11-11,Rice,3,Thane,FAQ,Palghar,3300,1901,2600,Maharashtra,1009 Kar
2012-11-12,Rice,3,Raigad,FAQ,Alibagh,1700,1500,1600,Maharashtra,Other
2012-11-14,Rice,3,Mumbai,FAQ,Mumbai,8000,5000,6500,Maharashtra,Other
2012-11-15,Rice,3,Pune,FAQ,Pune,7500,1950,4725,Maharashtra,1009 Kar
2012-11-15,Rice,3,Raigad,FAQ,Alibagh,1700,1500,1600,Maharashtra,Other
2012-11-16,Rice,3,Nashik,FAQ,Ghoti,3000,2300,2650,Maharashtra,Other
2012-11-17,Rice,3,Nagpur,FAQ,Umared,3000,1400,2900,Maharashtra,1009 Kar
2012-11-19,Rice,3,Kolhapur,FAQ,Kolhapur(Laxmipuri),4800,1600,3200,Maharashtra,1009 Kar
2012-11-19,Rice,3,Raigad,FAQ,Pen,4050,2550,3750,Maharashtra,Other
2012-11-19,Rice,3,Thane,FAQ,Kalyan,3000,1900,2450,Maharashtra,Other
2012-11-19,Rice,3,Nagpur,FAQ,Nagpur,3100,1725,2412,Maharashtra,1009 Kar
2012-11-20,Rice,3,Raigad,FAQ,Khalapur (Shil-Phata),3200,2200,2800,Maharashtra,Other
2012-11-20,Rice,3,Mumbai,FAQ,Mumbai,8000,5000,6500,Maharashtra,Other
2012-11-20,Rice,3,Thane,FAQ,Palghar,2632,2411,2521,Maharashtra,1009 Kar
2012-11-21,Rice,3,Sangli,FAQ,Sangli,5100,1300,3200,Maharashtra,Other
2012-11-21,Rice,3,Pune,FAQ,Pune,8000,1600,4800,Maharashtra,1009 Kar
2012-11-21,Rice,3,Jalgaon,FAQ,Chalisgaon,1300,1200,1250,Maharashtra,1009 Kar
2012-11-22,Rice,3,Sholapur,FAQ,Solapur,4300,1630,3230,Maharashtra,Other
2012-11-22,Rice,3,Nagpur,FAQ,Umared,3000,1400,2800,Maharashtra,1009 Kar
2012-11-22,Rice,3,Sangli,FAQ,Sangli,5500,1800,3650,Maharashtra,Other
2012-11-23,Rice,3,Pune,FAQ,Pune,7500,1950,4725,Maharashtra,1009 Kar
2012-11-23,Rice,3,Thane,FAQ,Palghar,2446,2011,2228,Maharashtra,1009 Kar
2012-11-24,Rice,3,Mumbai,FAQ,Mumbai,8000,5000,6500,Maharashtra,Other
2012-11-24,Rice,3,Pune,FAQ,Pune,7500,1950,4725,Maharashtra,1009 Kar
2012-11-25,Rice,3,Nandurbar,FAQ,Navapur,1500,1200,1350,Maharashtra,1009 Kar
2012-11-26,Rice,3,Thane,FAQ,Palghar,3411,1815,2613,Maharashtra,1009 Kar
2012-11-26,Rice,3,Bhandara,FAQ,Tumsar,2050,2050,2050,Maharashtra,Other
2012-11-27,Rice,3,Sholapur,FAQ,Barshi,1331,1325,1325,Maharashtra,1009 Kar
2012-11-28,Rice,3,Sangli,FAQ,Sangli,5500,1800,3650,Maharashtra,Other
2012-11-28,Rice,3,Pune,FAQ,Pune,8000,1950,4975,Maharashtra,1009 Kar
2012-11-29,Rice,3,Pune,FAQ,Pune,7000,1950,4475,Maharashtra,1009 Kar
2012-11-29,Rice,3,Sholapur,FAQ,Solapur,4325,1630,3250,Maharashtra,Other
2012-11-30,Rice,3,Sholapur,FAQ,Solapur,4325,1630,3250,Maharashtra,Other
2012-11-30,Rice,3,Nagpur,FAQ,Nagpur,3100,1725,2412,Maharashtra,1009 Kar
2012-11-30,Rice,3,Pune,FAQ,Pune,7800,1950,4875,Maharashtra,1009 Kar
2012-12-01,Rice,3,Thane,FAQ,Palghar,2590,1841,2216,Maharashtra,1009 Kar
2012-12-01,Rice,3,Sangli,FAQ,Sangli,5500,1300,3400,Maharashtra,Other
2012-12-03,Rice,3,Raigad,FAQ,Mangaon,3500,1800,2800,Maharashtra,Other
2012-12-03,Rice,3,Mumbai,FAQ,Mumbai,4000,1900,2450,Maharashtra,1009 Kar
2012-12-04,Rice,3,Amarawati,FAQ,Achalpur,1500,1400,1450,Maharashtra,1009 Kar
2012-12-04,Rice,3,Sangli,FAQ,Sangli,5000,1300,3150,Maharashtra,Other
2012-12-05,Rice,3,Raigad,FAQ,Mangaon,3500,1800,2800,Maharashtra,Other
2012-12-05,Rice,3,Sholapur,FAQ,Solapur,4350,1620,3250,Maharashtra,Other
2012-12-05,Rice,3,Pune,FAQ,Pune,8000,2000,5000,Maharashtra,1009 Kar
2012-12-06,Rice,3,Mumbai,FAQ,Mumbai,8000,5000,6500,Maharashtra,Other
2012-12-06,Rice,3,Nagpur,FAQ,Umared,3150,1600,3000,Maharashtra,1009 Kar
2012-12-07,Rice,3,Raigad,FAQ,Mangaon,3500,1800,2800,Maharashtra,Other
2012-12-07,Rice,3,Nashik,FAQ,Ghoti,3000,2300,2650,Maharashtra,Other
2012-12-07,Rice,3,Amarawati,FAQ,Achalpur,1450,1400,1425,Maharashtra,1009 Kar
2012-12-07,Rice,3,Nagpur,FAQ,Nagpur,3100,1725,2412,Maharashtra,1009 Kar
2012-12-08,Rice,3,Amarawati,FAQ,Achalpur,1560,1460,1500,Maharashtra,1009 Kar
2012-12-08,Rice,3,Nashik,FAQ,Ghoti,2900,2500,2700,Maharashtra,Other
2012-12-08,Rice,3,Bhandara,FAQ,Bhandara,3350,3150,3270,Maharashtra,Other
2012-12-09,Rice,3,Thane,FAQ,Palghar,4280,1962,3121,Maharashtra,1009 Kar
2012-12-10,Rice,3,Amarawati,FAQ,Achalpur,1500,1500,1500,Maharashtra,1009 Kar
2012-12-10,Rice,3,Raigad,FAQ,Pen,4050,2550,3750,Maharashtra,Other
2012-12-10,Rice,3,Mumbai,FAQ,Mumbai,4100,1900,3000,Maharashtra,1009 Kar
2012-12-10,Rice,3,Nashik,FAQ,Ghoti,2900,2500,2700,Maharashtra,Other
2012-12-11,Rice,3,Raigad,FAQ,Mangaon,3500,1800,2800,Maharashtra,Other
2012-12-11,Rice,3,Kolhapur,FAQ,Kolhapur(Laxmipuri),4900,1750,3325,Maharashtra,1009 Kar
2012-12-11,Rice,3,Nagpur,FAQ,Nagpur,3100,1725,2412,Maharashtra,1009 Kar
2012-12-12,Rice,3,Kolhapur,FAQ,Kolhapur(Laxmipuri),4900,1750,3325,Maharashtra,1009 Kar
2012-12-12,Rice,3,Amarawati,FAQ,Achalpur,1500,1400,1450,Maharashtra,1009 Kar
2012-12-12,Rice,3,Raigad,FAQ,Pen,4050,2550,3750,Maharashtra,Other
2012-12-12,Rice,3,Bhandara,FAQ,Tumsar,2715,2400,2550,Maharashtra,Other
2012-12-13,Rice,3,Raigad,FAQ,Pen,4050,2550,3750,Maharashtra,Other
2012-12-14,Rice,3,Sholapur,FAQ,Barshi,1325,1325,1325,Maharashtra,1009 Kar
2012-12-14,Rice,3,Raigad,FAQ,Pen,4050,2550,3780,Maharashtra,Other
2012-12-14,Rice,3,Thane,FAQ,Palghar,3025,2041,2533,Maharashtra,1009 Kar
2012-12-14,Rice,3,Nashik,FAQ,Ghoti,2900,2500,2700,Maharashtra,Other
2012-12-15,Rice,3,Nashik,FAQ,Ghoti,3000,2300,2650,Maharashtra,Other
2012-12-15,Rice,3,Kolhapur,FAQ,Kolhapur(Laxmipuri),4900,1750,3325,Maharashtra,1009 Kar
2012-12-15,Rice,3,Sholapur,FAQ,Solapur,4300,1620,3225,Maharashtra,Other
2012-12-16,Rice,3,Thane,FAQ,Palghar,2434,1851,2142,Maharashtra,1009 Kar
2012-12-17,Rice,3,Raigad,FAQ,Murud,1700,1500,1600,Maharashtra,Other
2012-12-17,Rice,3,Bhandara,FAQ,Bhandara,3200,3200,3200,Maharashtra,Other
2012-12-17,Rice,3,Nagpur,FAQ,Nagpur,3100,1725,2412,Maharashtra,1009 Kar
2012-12-17,Rice,3,Raigad,FAQ,Alibagh,1700,1500,1600,Maharashtra,Other
2012-12-17,Rice,3,Thane,FAQ,Ulhasnagar,2000,1500,1800,Maharashtra,1009 Kar
2012-12-17,Rice,3,Nanded,FAQ,Bhokar,1780,1780,1780,Maharashtra,1009 Kar
2012-12-18,Rice,3,Bhandara,FAQ,Bhandara,3260,3260,3260,Maharashtra,Other
2012-12-19,Rice,3,Sholapur,FAQ,Solapur,4300,1630,3275,Maharashtra,Other
2012-12-19,Rice,3,Sangli,FAQ,Sangli,5500,1500,3500,Maharashtra,Other
2012-12-19,Rice,3,Pune,FAQ,Pune,7500,1950,4725,Maharashtra,1009 Kar
2012-12-19,Rice,3,Raigad,FAQ,Murud,1700,1500,1600,Maharashtra,Other
2012-12-21,Rice,3,Raigad,FAQ,Pen,4050,2550,3750,Maharashtra,Other
2012-12-21,Rice,3,Raigad,FAQ,Alibagh,1700,1500,1600,Maharashtra,Other
2012-12-21,Rice,3,Amarawati,FAQ,Achalpur,1600,1300,1475,Maharashtra,1009 Kar
2012-12-24,Rice,3,Raigad,FAQ,Mangaon,3500,1800,2800,Maharashtra,Other
2012-12-25,Rice,3,Mumbai,FAQ,Mumbai,4200,1900,3050,Maharashtra,1009 Kar
2012-12-25,Rice,3,Bhandara,FAQ,Bhandara,3260,3260,3260,Maharashtra,Other
2012-12-26,Rice,3,Mumbai,FAQ,Mumbai,4200,1900,3050,Maharashtra,1009 Kar
2012-12-26,Rice,3,Bhandara,FAQ,Tumsar,2750,2150,2450,Maharashtra,Other
2012-12-26,Rice,3,Mumbai,FAQ,Mumbai,9000,5000,7000,Maharashtra,Other
2012-12-27,Rice,3,Sangli,FAQ,Sangli,5500,1800,3650,Maharashtra,Other
2012-12-27,Rice,3,Bhandara,FAQ,Tumsar,2765,2150,2475,Maharashtra,Other
2012-12-28,Rice,3,Nashik,FAQ,Ghoti,3000,2300,2650,Maharashtra,Other
2012-12-28,Rice,3,Raigad,FAQ,Alibagh,1700,1500,1600,Maharashtra,Other
2012-12-29,Rice,3,Mumbai,FAQ,Mumbai,4200,1900,3050,Maharashtra,1009 Kar
2012-12-29,Rice,3,Bhandara,FAQ,Tumsar,1600,1600,1600,Maharashtra,Other
2012-12-29,Rice,3,Nagpur,FAQ,Nagpur,2700,1600,2150,Maharashtra,1009 Kar
2012-12-31,Rice,3,Pune,FAQ,Pune,8000,1950,4975,Maharashtra,1009 Kar
2012-12-31,Rice,3,Nashik,FAQ,Suragana,1700,1700,1700,Maharashtra,1009 Kar
2013-01-02,Rice,3,Raigad,FAQ,Alibagh,1700,1500,1600,Maharashtra,Other
2013-01-03,Rice,3,Nashik,FAQ,Ghoti,3000,2300,2650,Maharashtra,Other
2013-01-03,Rice,3,Bhandara,FAQ,Bhandara,1530,1530,1530,Maharashtra,Other
2013-01-04,Rice,3,Mumbai,FAQ,Mumbai,9000,5000,7000,Maharashtra,Other
2013-01-04,Rice,3,Mumbai,FAQ,Mumbai,4200,1900,3050,Maharashtra,1009 Kar
2013-01-05,Rice,3,Nagpur,FAQ,Nagpur,3500,1700,2600,Maharashtra,1009 Kar
2013-01-05,Rice,3,Sangli,FAQ,Sangli,5200,2000,3600,Maharashtra,Other
2013-01-05,Rice,3,Nashik,FAQ,Ghoti,3000,2300,2650,Maharashtra,Other
2013-01-05,Rice,3,Mumbai,FAQ,Mumbai,4200,1900,3050,Maharashtra,1009 Kar
2013-01-05,Rice,3,Mumbai,FAQ,Mumbai,9000,5000,7000,Maharashtra,Other
2013-01-05,Rice,3,Raigad,FAQ,Alibagh,1700,1500,1600,Maharashtra,Other
2013-01-06,Rice,3,Bhandara,FAQ,Tumsar,2800,2460,2630,Maharashtra,Other
2013-01-07,Rice,3,Bhandara,FAQ,Bhandara,3340,3340,3340,Maharashtra,Other
2013-01-07,Rice,3,Pune,FAQ,Pune,7500,2100,4800,Maharashtra,1009 Kar
2013-01-07,Rice,3,Bhandara,FAQ,Tumsar,2870,2400,2635,Maharashtra,Other
2013-01-08,Rice,3,Thane,FAQ,Palghar,1840,1820,1830,Maharashtra,1009 Kar
2013-01-09,Rice,3,Nashik,FAQ,Ghoti,3000,2300,2650,Maharashtra,Other
2013-01-09,Rice,3,Thane,FAQ,Palghar,2936,1921,2428,Maharashtra,1009 Kar
2013-01-10,Rice,3,Mumbai,FAQ,Mumbai,9000,5000,7000,Maharashtra,Other
2013-01-10,Rice,3,Sangli,FAQ,Sangli,5500,1500,3500,Maharashtra,Other
2013-01-10,Rice,3,Thane,FAQ,Palghar,2751,1165,1958,Maharashtra,1009 Kar
2013-01-11,Rice,3,Thane,FAQ,Palghar,3575,1975,2775,Maharashtra,1009 Kar
2013-01-11,Rice,3,Mumbai,FAQ,Mumbai,4200,1900,3050,Maharashtra,1009 Kar
2013-01-11,Rice,3,Nashik,FAQ,Ghoti,3400,2300,2850,Maharashtra,Other
2013-01-12,Rice,3,Sangli,FAQ,Sangli,5500,1500,3500,Maharashtra,Other
2013-01-12,Rice,3,Raigad,FAQ,Pen,4050,2550,3850,Maharashtra,Other
2013-01-12,Rice,3,Nagpur,FAQ,Nagpur,3500,1700,2600,Maharashtra,1009 Kar
2013-01-12,Rice,3,Mumbai,FAQ,Mumbai,4200,1900,3050,Maharashtra,1009 Kar
2013-01-13,Rice,3,Nashik,FAQ,Suragana,1500,1500,1500,Maharashtra,1009 Kar
2013-01-13,Rice,3,Thane,FAQ,Palghar,3100,1751,2425,Maharashtra,1009 Kar
2013-01-14,Rice,3,Pune,FAQ,Pune,8600,2000,5300,Maharashtra,1009 Kar
2013-01-14,Rice,3,Thane,FAQ,Ulhasnagar,2000,1500,1800,Maharashtra,1009 Kar
2013-01-14,Rice,3,Raigad,FAQ,Alibagh,1700,1500,1600,Maharashtra,Other
2013-01-14,Rice,3,Raigad,FAQ,Mangaon,3800,1800,3500,Maharashtra,Other
2013-01-14,Rice,3,Mumbai,FAQ,Mumbai,9000,5000,7000,Maharashtra,Other
2013-01-15,Rice,3,Raigad,FAQ,Mangaon,3500,1800,2800,Maharashtra,Other
2013-01-15,Rice,3,Mumbai,FAQ,Mumbai,4200,1900,3050,Maharashtra,1009 Kar
2013-01-16,Rice,3,Raigad,FAQ,Pen,4050,2550,3850,Maharashtra,Other
2013-01-17,Rice,3,Raigad,FAQ,Mangaon,3500,1800,2800,Maharashtra,Other
2013-01-17,Rice,3,Thane,FAQ,Palghar,2051,1980,2015,Maharashtra,1009 Kar
2013-01-17,Rice,3,Sholapur,FAQ,Barshi,911,911,911,Maharashtra,1009 Kar
2013-01-17,Rice,3,Amarawati,FAQ,Achalpur,1550,1400,1475,Maharashtra,1009 Kar
2013-01-18,Rice,3,Mumbai,FAQ,Mumbai,4200,1900,3050,Maharashtra,1009 Kar
2013-01-18,Rice,3,Raigad,FAQ,Mangaon,3500,1800,2800,Maharashtra,Other
2013-01-18,Rice,3,Thane,FAQ,Palghar,1943,1943,1943,Maharashtra,1009 Kar
2013-01-18,Rice,3,Sangli,FAQ,Sangli,5500,1500,3500,Maharashtra,Other
2013-01-19,Rice,3,Nagpur,FAQ,Nagpur,4000,1900,2950,Maharashtra,1009 Kar
2013-01-19,Rice,3,Sangli,FAQ,Sangli,5500,1500,3500,Maharashtra,Other
2013-01-19,Rice,3,Raigad,FAQ,Mangaon,3500,1800,2800,Maharashtra,Other
2013-01-19,Rice,3,Raigad,FAQ,Pen,4050,2550,3860,Maharashtra,Other
2013-01-20,Rice,3,Thane,FAQ,Palghar,1941,1941,1941,Maharashtra,1009 Kar
2013-01-21,Rice,3,Pune,FAQ,Pune,9000,1800,5400,Maharashtra,1009 Kar
2013-01-21,Rice,3,Nagpur,FAQ,Nagpur,4500,2000,3250,Maharashtra,1009 Kar
2013-01-21,Rice,3,Nashik,FAQ,Ghoti,3400,2300,2850,Maharashtra,Other
2013-01-21,Rice,3,Sholapur,FAQ,Solapur,4400,1635,3280,Maharashtra,Other
2013-01-22,Rice,3,Nashik,FAQ,Ghoti,3400,2300,2850,Maharashtra,Other
2013-01-22,Rice,3,Mumbai,FAQ,Mumbai,9000,5000,7000,Maharashtra,Other
2013-01-23,Rice,3,Nashik,FAQ,Ghoti,3400,2300,2850,Maharashtra,Other
2013-01-23,Rice,3,Raigad,FAQ,Mangaon,3500,1800,2800,Maharashtra,Other
2013-01-23,Rice,3,Mumbai,FAQ,Mumbai,4200,1900,3050,Maharashtra,1009 Kar
2013-01-24,Rice,3,Nashik,FAQ,Ghoti,3400,2300,2850,Maharashtra,Other
2013-01-24,Rice,3,Nagpur,FAQ,Nagpur,4500,2000,3250,Maharashtra,1009 Kar
2013-01-24,Rice,3,Mumbai,FAQ,Mumbai,9000,5000,7000,Maharashtra,Other
2013-01-24,Rice,3,Raigad,FAQ,Pen,4050,2550,3860,Maharashtra,Other
2013-01-24,Rice,3,Bhandara,FAQ,Tumsar,3600,3350,3475,Maharashtra,Other
2013-01-25,Rice,3,Raigad,FAQ,Mangaon,3500,1800,2800,Maharashtra,Other
2013-01-25,Rice,3,Thane,FAQ,Palghar,3000,2091,2545,Maharashtra,1009 Kar
2013-01-25,Rice,3,Nashik,FAQ,Ghoti,3400,2300,2850,Maharashtra,Other
2013-01-26,Rice,3,Amarawati,FAQ,Achalpur,1500,1400,1450,Maharashtra,1009 Kar
2013-01-26,Rice,3,Thane,FAQ,Palghar,2150,1860,2005,Maharashtra,1009 Kar
2013-01-28,Rice,3,Raigad,FAQ,Alibagh,1700,1500,1600,Maharashtra,Other
2013-01-29,Rice,3,Thane,FAQ,Palghar,3131,2191,2661,Maharashtra,1009 Kar
2013-01-29,Rice,3,Nashik,FAQ,Ghoti,3400,2300,2850,Maharashtra,Other
2013-01-29,Rice,3,Kolhapur,FAQ,Kolhapur(Laxmipuri),4400,1950,3175,Maharashtra,1009 Kar
2013-01-29,Rice,3,Raigad,FAQ,Mangaon,3500,1800,2800,Maharashtra,Other
2013-01-30,Rice,3,Nagpur,FAQ,Nagpur,4500,2000,3250,Maharashtra,1009 Kar
2013-01-30,Rice,3,Amarawati,FAQ,Achalpur,1500,1400,1450,Maharashtra,1009 Kar
2013-01-30,Rice,3,Bhandara,FAQ,Tumsar,3515,2600,3055,Maharashtra,Other
2013-01-30,Rice,3,Sholapur,FAQ,Solapur,4600,1650,3300,Maharashtra,Other
2013-01-30,Rice,3,Kolhapur,FAQ,Kolhapur(Laxmipuri),4400,1950,3175,Maharashtra,1009 Kar
2013-01-31,Rice,3,Amarawati,FAQ,Achalpur,1500,1400,1450,Maharashtra,1009 Kar
2013-02-01,Rice,3,Pune,FAQ,Pune,10000,2000,6000,Maharashtra,1009 Kar
2013-02-01,Rice,3,Raigad,FAQ,Mangaon,3500,1800,2800,Maharashtra,Other
2013-02-02,Rice,3,Pune,FAQ,Indapur(Nimgaon Ketki),1100,1100,1100,Maharashtra,1009 Kar
2013-02-03,Rice,3,Nashik,FAQ,Sinner,1500,1500,1500,Maharashtra,1009 Kar
2013-02-03,Rice,3,Thane,FAQ,Palghar,4000,3600,3800,Maharashtra,1009 Kar
2013-02-04,Rice,3,Nashik,FAQ,Ghoti,3400,2300,2850,Maharashtra,Other
2013-02-04,Rice,3,Sholapur,FAQ,Solapur,4700,1700,3350,Maharashtra,Other
2013-02-05,Rice,3,Bhandara,FAQ,Bhandara,4020,3150,3265,Maharashtra,Other
2013-02-05,Rice,3,Raigad,FAQ,Alibagh,1700,1500,1600,Maharashtra,Other
2013-02-05,Rice,3,Kolhapur,FAQ,Kolhapur(Laxmipuri),4900,1550,3425,Maharashtra,1009 Kar
2013-02-05,Rice,3,Sangli,FAQ,Sangli,5500,1700,3600,Maharashtra,Other
2013-02-05,Rice,3,Sholapur,FAQ,Solapur,4000,1700,3350,Maharashtra,Other
2013-02-06,Rice,3,Amarawati,FAQ,Achalpur,1500,1400,1450,Maharashtra,1009 Kar
2013-02-07,Rice,3,Raigad,FAQ,Pen,4050,2550,3860,Maharashtra,Other
2013-02-07,Rice,3,Raigad,FAQ,Murud,1700,1500,1600,Maharashtra,Other
2013-02-07,Rice,3,Kolhapur,FAQ,Kolhapur(Laxmipuri),4900,1950,3425,Maharashtra,1009 Kar
2013-02-07,Rice,3,Mumbai,FAQ,Mumbai,9000,6000,7500,Maharashtra,Other
2013-02-07,Rice,3,Sholapur,FAQ,Solapur,4700,1700,3350,Maharashtra,Other
2013-02-08,Rice,3,Raigad,FAQ,Pen,4050,2550,3860,Maharashtra,Other
2013-02-09,Rice,3,Thane,FAQ,Palghar,2750,1850,2300,Maharashtra,1009 Kar
2013-02-09,Rice,3,Kolhapur,FAQ,Kolhapur(Laxmipuri),4900,1950,3425,Maharashtra,1009 Kar
2013-02-09,Rice,3,Mumbai,FAQ,Mumbai,4500,2000,3250,Maharashtra,1009 Kar
2013-02-09,Rice,3,Amarawati,FAQ,Achalpur,1550,1450,1500,Maharashtra,1009 Kar
2013-02-11,Rice,3,Sangli,FAQ,Sangli,5500,1900,3700,Maharashtra,Other
2013-02-11,Rice,3,Sholapur,FAQ,Solapur,4700,1700,3350,Maharashtra,Other
2013-02-12,Rice,3,Nashik,FAQ,Ghoti,3200,2300,2650,Maharashtra,Other
2013-02-12,Rice,3,Pune,FAQ,Pune,7500,2200,4850,Maharashtra,1009 Kar
2013-02-13,Rice,3,Raigad,FAQ,Mangaon,3500,1800,2800,Maharashtra,Other
2013-02-13,Rice,3,Sangli,FAQ,Sangli,5500,1850,3675,Maharashtra,Other
2013-02-13,Rice,3,Raigad,FAQ,Pen,4050,2550,3860,Maharashtra,Other
2013-02-13,Rice,3,Thane,FAQ,Palghar,4350,1900,3125,Maharashtra,1009 Kar
2013-02-13,Rice,3,Raigad,FAQ,Alibagh,1700,1500,1600,Maharashtra,Other
2013-02-14,Rice,3,Bhandara,FAQ,Bhandara,3020,2500,2720,Maharashtra,Other
2013-02-14,Rice,3,Sholapur,FAQ,Solapur,4700,1700,3350,Maharashtra,Other
2013-02-14,Rice,3,Sholapur,FAQ,Barshi,1351,1351,1351,Maharashtra,1009 Kar
2013-02-14,Rice,3,Raigad,FAQ,Murud,1700,1500,1600,Maharashtra,Other
2013-02-15,Rice,3,Mumbai,FAQ,Mumbai,9000,6000,7500,Maharashtra,Other
2013-02-15,Rice,3,Amarawati,FAQ,Achalpur,1700,1400,1575,Maharashtra,1009 Kar
2013-02-15,Rice,3,Raigad,FAQ,Murud,1700,1500,1600,Maharashtra,Other
2013-02-16,Rice,3,Raigad,FAQ,Murud,1700,1500,1600,Maharashtra,Other
2013-02-16,Rice,3,Mumbai,FAQ,Mumbai,4500,2000,3250,Maharashtra,1009 Kar
2013-02-18,Rice,3,Amarawati,FAQ,Achalpur,1600,1400,1500,Maharashtra,1009 Kar
2013-02-18,Rice,3,Sholapur,FAQ,Solapur,4750,1700,3350,Maharashtra,Other
2013-02-18,Rice,3,Nagpur,FAQ,Nagpur,4500,1900,3200,Maharashtra,1009 Kar
2013-02-18,Rice,3,Nashik,FAQ,Ghoti,3000,2300,2650,Maharashtra,Other
2013-02-18,Rice,3,Bhandara,FAQ,Bhandara,3850,3200,3400,Maharashtra,Other
2013-02-19,Rice,3,Nashik,FAQ,Ghoti,3000,2300,2650,Maharashtra,Other
2013-02-20,Rice,3,Sangli,FAQ,Sangli,5000,1350,3175,Maharashtra,Other
2013-02-20,Rice,3,Kolhapur,FAQ,Kolhapur(Laxmipuri),4900,1950,3400,Maharashtra,1009 Kar
2013-02-21,Rice,3,Bhandara,FAQ,Tumsar,3450,3100,3275,Maharashtra,Other
2013-02-21,Rice,3,Raigad,FAQ,Mangaon,3500,1800,2800,Maharashtra,Other
2013-02-21,Rice,3,Sholapur,FAQ,Solapur,4800,1700,3350,Maharashtra,Other
2013-02-21,Rice,3,Thane,FAQ,Palghar,3580,1565,2573,Maharashtra,1009 Kar
2013-02-21,Rice,3,Mumbai,FAQ,Mumbai,9000,6000,7500,Maharashtra,Other
2013-02-22,Rice,3,Thane,FAQ,Palghar,3501,2040,2771,Maharashtra,1009 Kar
2013-02-22,Rice,3,Kolhapur,FAQ,Kolhapur(Laxmipuri),4900,1950,3400,Maharashtra,1009 Kar
2013-02-23,Rice,3,Amarawati,FAQ,Achalpur,1550,1440,1490,Maharashtra,1009 Kar
2013-02-23,Rice,3,Nagpur,FAQ,Nagpur,4500,1900,3200,Maharashtra,1009 Kar
2013-02-25,Rice,3,Mumbai,FAQ,Mumbai,4500,2000,3050,Maharashtra,1009 Kar
2013-02-25,Rice,3,Raigad,FAQ,Alibagh,1700,1500,1600,Maharashtra,Other
2013-02-26,Rice,3,Kolhapur,FAQ,Kolhapur(Laxmipuri),5000,1950,3400,Maharashtra,1009 Kar
2013-02-26,Rice,3,Raigad,FAQ,Alibagh,1700,1500,1600,Maharashtra,Other
2013-02-26,Rice,3,Raigad,FAQ,Pen,4050,2550,3860,Maharashtra,Other
2013-02-26,Rice,3,Nanded,FAQ,Bhokar,1900,1900,1900,Maharashtra,1009 Kar
2013-02-26,Rice,3,Sholapur,FAQ,Barshi(Vairag),900,900,900,Maharashtra,1009 Kar
2013-02-27,Rice,3,Mumbai,FAQ,Mumbai,4500,2000,3250,Maharashtra,1009 Kar
2013-02-27,Rice,3,Raigad,FAQ,Mangaon,3500,1800,2800,Maharashtra,Other
2013-02-27,Rice,3,Bhandara,FAQ,Tumsar,3270,2250,2760,Maharashtra,Other
2013-02-27,Rice,3,Thane,FAQ,Palghar,1931,1925,1928,Maharashtra,1009 Kar
2013-02-27,Rice,3,Sholapur,FAQ,Solapur,4800,1700,3350,Maharashtra,Other
2013-02-28,Rice,3,Nagpur,FAQ,Umared,3500,2000,3200,Maharashtra,1009 Kar
2013-02-28,Rice,3,Raigad,FAQ,Mangaon,3500,1800,2800,Maharashtra,Other
2013-03-01,Rice,3,Sholapur,FAQ,Solapur,4850,1700,3400,Maharashtra,Other
2013-03-01,Rice,3,Kolhapur,FAQ,Kolhapur(Laxmipuri),4900,1950,3400,Maharashtra,1009 Kar
2013-03-02,Rice,3,Pune,FAQ,Pune,10000,2150,6075,Maharashtra,1009 Kar
2013-03-04,Rice,3,Sholapur,FAQ,Solapur,4800,1700,3450,Maharashtra,Other
2013-03-04,Rice,3,Kolhapur,FAQ,Kolhapur(Laxmipuri),4900,1950,3400,Maharashtra,1009 Kar
2013-03-04,Rice,3,Sholapur,FAQ,Barshi,1365,1365,1365,Maharashtra,1009 Kar
2013-03-05,Rice,3,Raigad,FAQ,Alibagh,1700,1500,1600,Maharashtra,Other
2013-03-05,Rice,3,Raigad,FAQ,Mangaon,3500,1800,2800,Maharashtra,Other
2013-03-05,Rice,3,Kolhapur,FAQ,Kolhapur(Laxmipuri),4900,1950,3400,Maharashtra,1009 Kar
2013-03-06,Rice,3,Mumbai,FAQ,Mumbai,4500,2000,3250,Maharashtra,1009 Kar
2013-03-06,Rice,3,Kolhapur,FAQ,Kolhapur(Laxmipuri),4900,1950,3400,Maharashtra,1009 Kar
2013-03-06,Rice,3,Thane,FAQ,Palghar,3240,2582,2911,Maharashtra,1009 Kar
2013-03-07,Rice,3,Mumbai,FAQ,Mumbai,4500,2000,3250,Maharashtra,1009 Kar
2013-03-07,Rice,3,Bhandara,FAQ,Bhandara,2200,2200,2200,Maharashtra,Other
2013-03-07,Rice,3,Nashik,FAQ,Ghoti,3000,2300,2650,Maharashtra,Other
2013-03-08,Rice,3,Raigad,FAQ,Alibagh,1700,1500,1600,Maharashtra,Other
2013-03-08,Rice,3,Raigad,FAQ,Pen,4050,2550,3870,Maharashtra,Other
2013-03-09,Rice,3,Kolhapur,FAQ,Kolhapur(Laxmipuri),4900,1950,3400,Maharashtra,1009 Kar
2013-03-10,Rice,3,Thane,FAQ,Palghar,3950,1500,2725,Maharashtra,1009 Kar
2013-03-11,Rice,3,Mumbai,FAQ,Mumbai,9000,6000,7500,Maharashtra,Other
2013-03-11,Rice,3,Bhandara,FAQ,Bhandara,3500,3350,3370,Maharashtra,Other
2013-03-11,Rice,3,Thane,FAQ,Ulhasnagar,2500,2000,2200,Maharashtra,1009 Kar
2013-03-12,Rice,3,Mumbai,FAQ,Mumbai,4500,2000,3250,Maharashtra,1009 Kar
2013-03-12,Rice,3,Mumbai,FAQ,Mumbai,9000,6000,7500,Maharashtra,Other
2013-03-12,Rice,3,Raigad,FAQ,Pen,4050,2550,3870,Maharashtra,Other
2013-03-12,Rice,3,Thane,FAQ,Palghar,2875,1970,2423,Maharashtra,1009 Kar
2013-03-13,Rice,3,Mumbai,FAQ,Mumbai,9000,6000,7500,Maharashtra,Other
2013-03-13,Rice,3,Mumbai,FAQ,Mumbai,4500,2000,3250,Maharashtra,1009 Kar
2013-03-14,Rice,3,Bhandara,FAQ,Bhandara,3340,3270,3300,Maharashtra,Other
2013-03-14,Rice,3,Raigad,FAQ,Alibagh,1700,1500,1600,Maharashtra,Other
2013-03-14,Rice,3,Mumbai,FAQ,Mumbai,4500,2000,3250,Maharashtra,1009 Kar
2013-03-14,Rice,3,Raigad,FAQ,Murud,1700,1500,1600,Maharashtra,Other
2013-03-14,Rice,3,Raigad,FAQ,Mangaon,3200,1800,2800,Maharashtra,Other
2013-03-15,Rice,3,Mumbai,FAQ,Mumbai,4500,2000,3250,Maharashtra,1009 Kar
2013-03-16,Rice,3,Raigad,FAQ,Alibagh,1700,1500,1600,Maharashtra,Other
2013-03-16,Rice,3,Kolhapur,FAQ,Kolhapur(Laxmipuri),4700,2000,3100,Maharashtra,1009 Kar
2013-03-16,Rice,3,Raigad,FAQ,Murud,1700,1500,1600,Maharashtra,Other
2013-03-18,Rice,3,Mumbai,FAQ,Mumbai,4500,2000,3250,Maharashtra,1009 Kar
2013-03-18,Rice,3,Bhandara,FAQ,Tumsar,3350,3020,3185,Maharashtra,Other
2013-03-18,Rice,3,Sangli,FAQ,Sangli,5000,1500,3250,Maharashtra,Other
2013-03-18,Rice,3,Raigad,FAQ,Pen,4050,2550,3850,Maharashtra,Other
2013-03-18,Rice,3,Nagpur,FAQ,Nagpur,4500,1900,3200,Maharashtra,1009 Kar
2013-03-18,Rice,3,Thane,FAQ,Kalyan,2350,2300,2325,Maharashtra,Other
2013-03-18,Rice,3,Raigad,FAQ,Alibagh,1700,1500,1600,Maharashtra,Other
2013-03-18,Rice,3,Kolhapur,FAQ,Kolhapur(Laxmipuri),4700,2000,3100,Maharashtra,1009 Kar
2013-03-18,Rice,3,Raigad,FAQ,Murud,1700,1500,1600,Maharashtra,Other
2013-03-19,Rice,3,Kolhapur,FAQ,Kolhapur(Laxmipuri),4700,2000,3100,Maharashtra,1009 Kar
2013-03-19,Rice,3,Nashik,FAQ,Ghoti,3500,2400,2950,Maharashtra,Other
2013-03-20,Rice,3,Kolhapur,FAQ,Kolhapur(Laxmipuri),4700,2000,3100,Maharashtra,1009 Kar
2013-03-20,Rice,3,Raigad,FAQ,Pen,4050,2550,3870,Maharashtra,Other
2013-03-20,Rice,3,Sholapur,FAQ,Solapur,4825,1700,3500,Maharashtra,Other
2013-03-20,Rice,3,Thane,FAQ,Palghar,2145,2090,2117,Maharashtra,1009 Kar
2013-03-20,Rice,3,Pune,FAQ,Pune,7500,1800,4650,Maharashtra,1009 Kar
2013-03-21,Rice,3,Raigad,FAQ,Pen,4050,2550,3880,Maharashtra,Other
2013-03-21,Rice,3,Thane,FAQ,Palghar,3678,1872,2775,Maharashtra,1009 Kar
2013-03-21,Rice,3,Sholapur,FAQ,Solapur,4825,1700,3500,Maharashtra,Other
2013-03-21,Rice,3,Mumbai,FAQ,Mumbai,4500,2000,3250,Maharashtra,1009 Kar
2013-03-22,Rice,3,Mumbai,FAQ,Mumbai,4500,2000,3250,Maharashtra,1009 Kar
2013-03-22,Rice,3,Pune,FAQ,Pune,9500,2200,5850,Maharashtra,1009 Kar
2013-03-25,Rice,3,Ahmednagar,FAQ,Karjat,2600,1800,2200,Maharashtra,1009 Kar
2013-03-25,Rice,3,Amarawati,FAQ,Achalpur,1650,1500,1575,Maharashtra,1009 Kar
2013-03-25,Rice,3,Sangli,FAQ,Sangli,5500,1500,3500,Maharashtra,Other
2013-03-25,Rice,3,Sholapur,FAQ,Solapur,4825,1700,3500,Maharashtra,Other
2013-03-25,Rice,3,Raigad,FAQ,Pen,4050,2550,3880,Maharashtra,Other
2013-03-26,Rice,3,Mumbai,FAQ,Mumbai,4500,2000,3250,Maharashtra,1009 Kar
2013-03-26,Rice,3,Thane,FAQ,Palghar,2801,2801,2801,Maharashtra,1009 Kar
2013-03-28,Rice,3,Raigad,FAQ,Alibagh,1700,1500,1600,Maharashtra,Other
2013-03-29,Rice,3,Raigad,FAQ,Mangaon,3500,1800,3200,Maharashtra,Other
2013-03-30,Rice,3,Pune,FAQ,Pune,8000,2200,5100,Maharashtra,1009 Kar
2013-03-30,Rice,3,Mumbai,FAQ,Mumbai,9000,6000,7500,Maharashtra,Other
2013-04-01,Rice,3,Thane,FAQ,Ulhasnagar,2500,1500,2000,Maharashtra,1009 Kar
2013-04-01,Rice,3,Nashik,FAQ,Ghoti,3000,2400,2700,Maharashtra,Other
2013-04-01,Rice,3,Raigad,FAQ,Pen,4050,2550,3870,Maharashtra,Other
2013-04-01,Rice,3,Pune,FAQ,Pune,8000,2200,5100,Maharashtra,1009 Kar
2013-04-03,Rice,3,Raigad,FAQ,Murud,1700,1500,1600,Maharashtra,Other
2013-04-03,Rice,3,Sholapur,FAQ,Solapur,4900,1700,3500,Maharashtra,Other
2013-04-03,Rice,3,Thane,FAQ,Palghar,2880,1961,2420,Maharashtra,1009 Kar
2013-04-04,Rice,3,Bhandara,FAQ,Bhandara,3420,3200,3300,Maharashtra,Other
2013-04-05,Rice,3,Kolhapur,FAQ,Kolhapur(Laxmipuri),4000,1750,3150,Maharashtra,1009 Kar
2013-04-05,Rice,3,Mumbai,FAQ,Mumbai,9000,6000,7500,Maharashtra,Other
2013-04-05,Rice,3,Thane,FAQ,Palghar,3140,1911,2525,Maharashtra,1009 Kar
2013-04-05,Rice,3,Nagpur,FAQ,Nagpur,4500,1900,3200,Maharashtra,1009 Kar
2013-04-06,Rice,3,Raigad,FAQ,Murud,1700,1500,1600,Maharashtra,Other
2013-04-06,Rice,3,Mumbai,FAQ,Mumbai,4500,2000,3250,Maharashtra,1009 Kar
2013-04-08,Rice,3,Pune,FAQ,Pune,8000,2200,5100,Maharashtra,1009 Kar
2013-04-08,Rice,3,Bhandara,FAQ,Bhandara,2010,2010,2010,Maharashtra,Other
2013-04-08,Rice,3,Thane,FAQ,Kalyan,2200,2000,2100,Maharashtra,Other
2013-04-08,Rice,3,Raigad,FAQ,Murud,1700,1500,1600,Maharashtra,Other
2013-04-09,Rice,3,Nagpur,FAQ,Nagpur,4500,1900,3200,Maharashtra,1009 Kar
2013-04-09,Rice,3,Bhandara,FAQ,Bhandara,3440,3400,3425,Maharashtra,Other
2013-04-10,Rice,3,Raigad,FAQ,Murud,1700,1500,1600,Maharashtra,Other
2013-04-10,Rice,3,Kolhapur,FAQ,Kolhapur(Laxmipuri),4900,1800,3150,Maharashtra,1009 Kar
2013-04-11,Rice,3,Mumbai,FAQ,Mumbai,9000,6000,7500,Maharashtra,Other
2013-04-12,Rice,3,Kolhapur,FAQ,Kolhapur(Laxmipuri),4900,1800,3150,Maharashtra,1009 Kar
2013-04-14,Rice,3,Thane,FAQ,Palghar,2814,1975,2394,Maharashtra,1009 Kar
2013-04-15,Rice,3,Raigad,FAQ,Mangaon,1280,1100,1250,Maharashtra,Other
2013-04-15,Rice,3,Raigad,FAQ,Pen,4050,2550,3870,Maharashtra,Other
2013-04-15,Rice,3,Bhandara,FAQ,Tumsar,3000,2575,2785,Maharashtra,Other
2013-04-16,Rice,3,Raigad,FAQ,Alibagh,1700,1500,1600,Maharashtra,Other
2013-04-16,Rice,3,Sholapur,FAQ,Solapur,5150,1800,3750,Maharashtra,Other
2013-04-17,Rice,3,Nagpur,FAQ,Nagpur,4500,1900,3200,Maharashtra,1009 Kar
2013-04-17,Rice,3,Ahmednagar,FAQ,Karjat,2800,2000,2400,Maharashtra,Other
2013-04-17,Rice,3,Thane,FAQ,Kalyan,2200,2000,2100,Maharashtra,Other
2013-04-17,Rice,3,Amarawati,FAQ,Achalpur,1650,1550,1600,Maharashtra,1009 Kar
2013-04-17,Rice,3,Sholapur,FAQ,Solapur,5150,1800,3750,Maharashtra,Other
2013-04-17,Rice,3,Kolhapur,FAQ,Kolhapur(Laxmipuri),4500,1900,3800,Maharashtra,1009 Kar
2013-04-18,Rice,3,Raigad,FAQ,Mangaon,1400,1250,1350,Maharashtra,Other
2013-04-18,Rice,3,Pune,FAQ,Pune,8700,2200,5450,Maharashtra,1009 Kar
2013-04-18,Rice,3,Sholapur,FAQ,Solapur,5150,1800,3750,Maharashtra,Other
2013-04-20,Rice,3,Sholapur,FAQ,Barshi,1400,1400,1400,Maharashtra,1009 Kar
2013-04-20,Rice,3,Sangli,FAQ,Sangli,5500,1500,3500,Maharashtra,Other
2013-04-20,Rice,3,Nagpur,FAQ,Nagpur,4500,1900,3200,Maharashtra,1009 Kar
2013-04-22,Rice,3,Mumbai,FAQ,Mumbai,5000,2000,3500,Maharashtra,1009 Kar
2013-04-23,Rice,3,Bhandara,FAQ,Bhandara,2800,2600,2700,Maharashtra,Other
2013-04-23,Rice,3,Thane,FAQ,Palghar,3371,3320,3346,Maharashtra,1009 Kar
2013-04-24,Rice,3,Raigad,FAQ,Mangaon,3500,1800,2800,Maharashtra,Other
2013-04-25,Rice,3,Sholapur,FAQ,Solapur,5150,1800,3750,Maharashtra,Other
2013-04-25,Rice,3,Raigad,FAQ,Mangaon,3500,1800,2800,Maharashtra,Other
2013-04-25,Rice,3,Amarawati,FAQ,Achalpur,1680,1600,1640,Maharashtra,1009 Kar
2013-04-26,Rice,3,Sholapur,FAQ,Barshi,1425,1425,1425,Maharashtra,1009 Kar
2013-04-26,Rice,3,Sholapur,FAQ,Solapur,5150,1800,3750,Maharashtra,Other
2013-04-27,Rice,3,Thane,FAQ,Palghar,2759,2705,2732,Maharashtra,1009 Kar
2013-04-27,Rice,3,Sangli,FAQ,Sangli,5500,1500,3500,Maharashtra,Other
2013-04-27,Rice,3,Mumbai,FAQ,Mumbai,5000,2000,3500,Maharashtra,1009 Kar
2013-04-27,Rice,3,Mumbai,FAQ,Mumbai,9000,6000,7500,Maharashtra,Other
2013-04-27,Rice,3,Amarawati,FAQ,Achalpur,1680,1600,1640,Maharashtra,1009 Kar
2013-04-29,Rice,3,Amarawati,FAQ,Achalpur,1680,1600,1640,Maharashtra,1009 Kar
2013-04-29,Rice,3,Bhandara,FAQ,Bhandara,3550,3550,3550,Maharashtra,Other
2013-04-29,Rice,3,Raigad,FAQ,Mangaon,3500,1800,2800,Maharashtra,Other
2013-04-29,Rice,3,Mumbai,FAQ,Mumbai,5000,2000,3500,Maharashtra,1009 Kar
2013-04-29,Rice,3,Sholapur,FAQ,Solapur,5150,1800,3750,Maharashtra,Other
2013-04-30,Rice,3,Kolhapur,FAQ,Kolhapur(Laxmipuri),4900,2100,3500,Maharashtra,1009 Kar
2013-04-30,Rice,3,Pune,FAQ,Pune,7500,2200,4250,Maharashtra,1009 Kar
2013-04-30,Rice,3,Mumbai,FAQ,Mumbai,9000,6000,7500,Maharashtra,Other
2013-05-01,Rice,3,Raigad,FAQ,Mangaon,3500,1800,2800,Maharashtra,Other
2013-05-02,Rice,3,Raigad,FAQ,Pen,4050,2550,3870,Maharashtra,Other
2013-05-02,Rice,3,Bhandara,FAQ,Tumsar,3300,2851,3075,Maharashtra,Other
2013-05-02,Rice,3,Mumbai,FAQ,Mumbai,9000,6000,7500,Maharashtra,Other
2013-05-02,Rice,3,Sholapur,FAQ,Solapur,5200,1850,3800,Maharashtra,Other
2013-05-03,Rice,3,Raigad,FAQ,Mangaon,3500,1800,2800,Maharashtra,Other
2013-05-03,Rice,3,Thane,FAQ,Palghar,3351,2025,2688,Maharashtra,1009 Kar
2013-05-03,Rice,3,Mumbai,FAQ,Mumbai,5000,2000,3500,Maharashtra,1009 Kar
2013-05-04,Rice,3,Nagpur,FAQ,Nagpur,4500,1900,3200,Maharashtra,1009 Kar
2013-05-04,Rice,3,Raigad,FAQ,Pen,4050,2550,3870,Maharashtra,Other
2013-05-05,Rice,3,Bhandara,FAQ,Tumsar,3050,2371,2700,Maharashtra,Other
2013-05-06,Rice,3,Thane,FAQ,Palghar,3055,2756,2905,Maharashtra,1009 Kar
2013-05-06,Rice,3,Thane,FAQ,Kalyan,2100,2000,2050,Maharashtra,Other
2013-05-07,Rice,3,Raigad,FAQ,Pen,4050,2550,3870,Maharashtra,Other
2013-05-07,Rice,3,Nashik,FAQ,Ghoti,4000,2500,3250,Maharashtra,Other
2013-05-08,Rice,3,Bhandara,FAQ,Tumsar,3200,3000,3100,Maharashtra,Other
2013-05-08,Rice,3,Raigad,FAQ,Mangaon,3500,1800,2800,Maharashtra,Other
2013-05-09,Rice,3,Kolhapur,FAQ,Kolhapur(Laxmipuri),4900,2050,3475,Maharashtra,1009 Kar
2013-05-09,Rice,3,Raigad,FAQ,Pen,4050,2550,3870,Maharashtra,Other
2013-05-10,Rice,3,Raigad,FAQ,Alibagh,1700,1500,1600,Maharashtra,Other
2013-05-10,Rice,3,Sangli,FAQ,Sangli,5000,1500,3250,Maharashtra,Other
2013-05-10,Rice,3,Thane,FAQ,Palghar,1591,1591,1591,Maharashtra,1009 Kar
2013-05-13,Rice,3,Amarawati,FAQ,Achalpur,1650,1550,1600,Maharashtra,1009 Kar
2013-05-15,Rice,3,Mumbai,FAQ,Mumbai,9000,6000,7500,Maharashtra,Other
2013-05-16,Rice,3,Amarawati,FAQ,Achalpur,1700,1600,1650,Maharashtra,1009 Kar
2013-05-16,Rice,3,Jalgaon,FAQ,Chalisgaon,1500,1100,1350,Maharashtra,1009 Kar
2013-05-16,Rice,3,Bhandara,FAQ,Tumsar,3201,2545,2873,Maharashtra,Other
2013-05-17,Rice,3,Nashik,FAQ,Ghoti,4000,2600,3300,Maharashtra,Other
2013-05-17,Rice,3,Thane,FAQ,Palghar,3538,3320,3429,Maharashtra,1009 Kar
2013-05-18,Rice,3,Thane,FAQ,Palghar,3600,2115,2858,Maharashtra,1009 Kar
2013-05-20,Rice,3,Nashik,FAQ,Ghoti,4000,2600,3300,Maharashtra,Other
2013-05-20,Rice,3,Thane,FAQ,Bhivandi,4000,1800,2900,Maharashtra,1009 Kar
2013-05-20,Rice,3,Raigad,FAQ,Alibagh,1700,1500,1600,Maharashtra,Other
2013-05-21,Rice,3,Amarawati,FAQ,Achalpur,1700,1600,1650,Maharashtra,1009 Kar
2013-05-21,Rice,3,Raigad,FAQ,Mangaon,4200,1800,3000,Maharashtra,Other
2013-05-22,Rice,3,Raigad,FAQ,Pen,4050,2550,3880,Maharashtra,Other
2013-05-22,Rice,3,Mumbai,FAQ,Mumbai,4500,2200,3350,Maharashtra,1009 Kar
2013-05-23,Rice,3,Mumbai,FAQ,Mumbai,8000,4000,6000,Maharashtra,Other
2013-05-23,Rice,3,Sangli,FAQ,Sangli,7000,1500,4250,Maharashtra,Other
2013-05-24,Rice,3,Sangli,FAQ,Sangli,5500,1300,3400,Maharashtra,Other
2013-05-24,Rice,3,Mumbai,FAQ,Mumbai,4500,2200,3350,Maharashtra,1009 Kar
2013-05-24,Rice,3,Sholapur,FAQ,Solapur,5300,1900,3900,Maharashtra,Other
2013-05-24,Rice,3,Pune,FAQ,Pune,9000,1900,5450,Maharashtra,1009 Kar
2013-05-25,Rice,3,Pune,FAQ,Pune,9000,1900,5250,Maharashtra,1009 Kar
2013-05-26,Rice,3,Bhandara,FAQ,Tumsar,1300,1300,1300,Maharashtra,Other
2013-05-27,Rice,3,Sholapur,FAQ,Barshi,1475,1475,1475,Maharashtra,1009 Kar
2013-05-28,Rice,3,Mumbai,FAQ,Mumbai,4500,2200,3350,Maharashtra,1009 Kar
2013-05-28,Rice,3,Raigad,FAQ,Alibagh,1700,1500,1600,Maharashtra,Other
2013-05-28,Rice,3,Sholapur,FAQ,Solapur,5400,2000,4000,Maharashtra,Other
2013-05-29,Rice,3,Sholapur,FAQ,Barshi,1475,1475,1475,Maharashtra,1009 Kar
2013-05-29,Rice,3,Bhandara,FAQ,Tumsar,3000,2751,2875,Maharashtra,Other
2013-05-29,Rice,3,Amarawati,FAQ,Achalpur,1800,1500,1675,Maharashtra,1009 Kar
2013-05-30,Rice,3,Raigad,FAQ,Alibagh,1700,1500,1600,Maharashtra,Other
2013-05-31,Rice,3,Pune,FAQ,Pune,10000,2200,6100,Maharashtra,1009 Kar
2013-06-01,Rice,3,Amarawati,FAQ,Achalpur,1700,1500,1600,Maharashtra,1009 Kar
2013-06-01,Rice,3,Mumbai,FAQ,Mumbai,4500,2200,3350,Maharashtra,1009 Kar
2013-06-01,Rice,3,Nashik,FAQ,Ghoti,4000,2600,3300,Maharashtra,Other
2013-06-02,Rice,3,Bhandara,FAQ,Tumsar,3250,3000,3125,Maharashtra,Other
2013-06-03,Rice,3,Mumbai,FAQ,Mumbai,4500,2200,3350,Maharashtra,1009 Kar
2013-06-03,Rice,3,Sholapur,FAQ,Solapur,5325,2000,4000,Maharashtra,Other
2013-06-04,Rice,3,Mumbai,FAQ,Mumbai,4500,2200,3350,Maharashtra,1009 Kar
2013-06-04,Rice,3,Thane,FAQ,Palghar,3500,2961,3230,Maharashtra,1009 Kar
2013-06-05,Rice,3,Mumbai,FAQ,Mumbai,4500,2200,3350,Maharashtra,1009 Kar
2013-06-05,Rice,3,Nashik,FAQ,Ghoti,4000,2600,3300,Maharashtra,Other
2013-06-05,Rice,3,Sangli,FAQ,Sangli,5500,1500,3500,Maharashtra,Other
2013-06-06,Rice,3,Mumbai,FAQ,Mumbai,8000,4000,6000,Maharashtra,Other
2013-06-06,Rice,3,Mumbai,FAQ,Mumbai,4500,2200,3350,Maharashtra,1009 Kar
2013-06-06,Rice,3,Sholapur,FAQ,Solapur,5325,2000,4000,Maharashtra,Other
2013-06-06,Rice,3,Raigad,FAQ,Pen,4050,2550,3880,Maharashtra,Other
2013-06-06,Rice,3,Sangli,FAQ,Sangli,5500,1550,3535,Maharashtra,Other
2013-06-06,Rice,3,Thane,FAQ,Kalyan,2200,2000,2100,Maharashtra,Other
2013-06-06,Rice,3,Nashik,FAQ,Ghoti,3800,2400,3100,Maharashtra,Other
2013-06-08,Rice,3,Mumbai,FAQ,Mumbai,8000,4000,6000,Maharashtra,Other
2013-06-08,Rice,3,Bhandara,FAQ,Tumsar,1901,1901,1901,Maharashtra,Other
2013-06-08,Rice,3,Thane,FAQ,Kalyan,2400,2100,2250,Maharashtra,Other
2013-06-09,Rice,3,Nashik,FAQ,Sinner,1900,1800,1875,Maharashtra,1009 Kar
2013-06-10,Rice,3,Sangli,FAQ,Sangli,5000,1700,3350,Maharashtra,Other
2013-06-10,Rice,3,Mumbai,FAQ,Mumbai,4500,2200,3350,Maharashtra,1009 Kar
2013-06-13,Rice,3,Thane,FAQ,Palghar,4701,2025,3363,Maharashtra,1009 Kar
2013-06-13,Rice,3,Ahmednagar,FAQ,Karjat,2800,2000,2200,Maharashtra,Other
2013-06-13,Rice,3,Mumbai,FAQ,Mumbai,8000,4000,6000,Maharashtra,Other
2013-06-14,Rice,3,Raigad,FAQ,Mahad,3000,2000,2500,Maharashtra,Other
2013-06-14,Rice,3,Ahmednagar,FAQ,Karjat,2800,2000,2200,Maharashtra,Other
2013-06-14,Rice,3,Mumbai,FAQ,Mumbai,8000,4000,6000,Maharashtra,Other
2013-06-15,Rice,3,Mumbai,FAQ,Mumbai,5500,2300,3350,Maharashtra,1009 Kar
2013-06-17,Rice,3,Sangli,FAQ,Sangli,6500,1300,3900,Maharashtra,Other
2013-06-17,Rice,3,Raigad,FAQ,Pen,4050,2550,3880,Maharashtra,Other
2013-06-17,Rice,3,Ahmednagar,FAQ,Karjat,2800,2000,2200,Maharashtra,Other
2013-06-17,Rice,3,Nashik,FAQ,Ghoti,4200,3000,3600,Maharashtra,Other
2013-06-18,Rice,3,Amarawati,FAQ,Achalpur,1750,1500,1625,Maharashtra,1009 Kar
2013-06-18,Rice,3,Ahmednagar,FAQ,Karjat,2800,2000,2200,Maharashtra,Other
2013-06-18,Rice,3,Nashik,FAQ,Ghoti,4200,3000,3600,Maharashtra,Other
2013-06-18,Rice,3,Raigad,FAQ,Alibagh,1700,1500,1600,Maharashtra,Other
2013-06-18,Rice,3,Mumbai,FAQ,Mumbai,9000,6000,7500,Maharashtra,Other
2013-06-19,Rice,3,Kolhapur,FAQ,Kolhapur(Laxmipuri),5700,2300,4000,Maharashtra,1009 Kar
2013-06-19,Rice,3,Amarawati,FAQ,Achalpur,1750,1500,1625,Maharashtra,1009 Kar
2013-06-19,Rice,3,Sholapur,FAQ,Solapur,5360,2030,4030,Maharashtra,Other
2013-06-19,Rice,3,Ahmednagar,FAQ,Karjat,2800,2000,2200,Maharashtra,Other
2013-06-20,Rice,3,Bhandara,FAQ,Bhandara,3740,3730,3735,Maharashtra,Other
2013-06-20,Rice,3,Thane,FAQ,Palghar,2981,2115,2548,Maharashtra,1009 Kar
2013-06-20,Rice,3,Sholapur,FAQ,Solapur,5360,2030,4030,Maharashtra,Other
2013-06-21,Rice,3,Mumbai,FAQ,Mumbai,9000,6000,7500,Maharashtra,Other
2013-06-21,Rice,3,Thane,FAQ,Palghar,2401,2115,2258,Maharashtra,1009 Kar
2013-06-21,Rice,3,Bhandara,FAQ,Bhandara,3510,3350,3435,Maharashtra,Other
2013-06-22,Rice,3,Mumbai,FAQ,Mumbai,9000,6000,7500,Maharashtra,Other
2013-06-22,Rice,3,Thane,FAQ,Kalyan,2200,1900,2050,Maharashtra,Other
2013-06-22,Rice,3,Mumbai,FAQ,Mumbai,5500,2300,4700,Maharashtra,1009 Kar
2013-06-22,Rice,3,Sholapur,FAQ,Barshi,1600,1550,1550,Maharashtra,1009 Kar
2013-06-23,Rice,3,Nashik,FAQ,Ghoti,4000,3000,3500,Maharashtra,Other
2013-06-23,Rice,3,Bhandara,FAQ,Tumsar,2650,2350,2500,Maharashtra,Other
2013-06-25,Rice,3,Sangli,FAQ,Sangli,5500,1500,3500,Maharashtra,Other
2013-06-25,Rice,3,Sholapur,FAQ,Barshi,1550,1550,1550,Maharashtra,1009 Kar
2013-06-26,Rice,3,Amarawati,FAQ,Achalpur,1750,1700,1725,Maharashtra,1009 Kar
2013-06-26,Rice,3,Ahmednagar,FAQ,Karjat,3400,1800,2200,Maharashtra,Other
2013-06-27,Rice,3,Mumbai,FAQ,Mumbai,9000,6000,7500,Maharashtra,Other
2013-06-27,Rice,3,Jalgaon,FAQ,Chalisgaon,1675,1300,1500,Maharashtra,1009 Kar
2013-06-27,Rice,3,Mumbai,FAQ,Mumbai,5500,2300,4700,Maharashtra,1009 Kar
2013-06-28,Rice,3,Raigad,FAQ,Alibagh,1700,1500,1600,Maharashtra,Other
2013-06-29,Rice,3,Mumbai,FAQ,Mumbai,9000,6000,7500,Maharashtra,Other
2013-06-29,Rice,3,Sholapur,FAQ,Solapur,5350,2100,4000,Maharashtra,Other
2013-06-30,Rice,3,Bhandara,FAQ,Tumsar,2475,2350,2400,Maharashtra,Other
2013-07-01,Rice,3,Amarawati,FAQ,Achalpur,1800,1700,1750,Maharashtra,1009 Kar
2013-07-01,Rice,3,Sholapur,FAQ,Barshi,1550,1550,1550,Maharashtra,1009 Kar
2013-07-01,Rice,3,Kolhapur,FAQ,Kolhapur(Laxmipuri),6000,2300,4000,Maharashtra,1009 Kar
2013-07-01,Rice,3,Parbhani,FAQ,Gangakhed,3000,1500,2000,Maharashtra,Other
2013-07-02,Rice,3,Kolhapur,FAQ,Kolhapur(Laxmipuri),6000,2300,4000,Maharashtra,1009 Kar
2013-07-02,Rice,3,Ahmednagar,FAQ,Karjat,3000,2000,2400,Maharashtra,Other
2013-07-02,Rice,3,Nashik,FAQ,Ghoti,4000,3000,3500,Maharashtra,Other
2013-07-03,Rice,3,Nashik,FAQ,Ghoti,4000,2800,3400,Maharashtra,Other
2013-07-03,Rice,3,Nagpur,FAQ,Nagpur,4800,1900,3350,Maharashtra,1009 Kar
2013-07-03,Rice,3,Bhandara,FAQ,Tumsar,2111,2111,2111,Maharashtra,Other
2013-07-04,Rice,3,Amarawati,FAQ,Achalpur,1750,1700,1725,Maharashtra,1009 Kar
2013-07-04,Rice,3,Nagpur,FAQ,Umared,3800,2000,3350,Maharashtra,1009 Kar
2013-07-04,Rice,3,Bhandara,FAQ,Bhandara,3010,2800,2830,Maharashtra,Other
2013-07-08,Rice,3,Nanded,FAQ,Bhokar,1800,1800,1800,Maharashtra,1009 Kar
2013-07-08,Rice,3,Nandurbar,FAQ,Nandurbar,3636,3636,3636,Maharashtra,1009 Kar
2013-07-08,Rice,3,Nashik,FAQ,Ghoti,4000,2800,3400,Maharashtra,Other
2013-07-08,Rice,3,Sholapur,FAQ,Solapur,5225,2100,3950,Maharashtra,Other
2013-07-09,Rice,3,Pune,FAQ,Pune,8000,2250,5125,Maharashtra,1009 Kar
2013-07-10,Rice,3,Ahmednagar,FAQ,Karjat,3200,2000,2400,Maharashtra,Other
2013-07-11,Rice,3,Mumbai,FAQ,Mumbai,9000,6000,7500,Maharashtra,Other
2013-07-12,Rice,3,Kolhapur,FAQ,Kolhapur(Laxmipuri),6000,2400,4200,Maharashtra,1009 Kar
2013-07-13,Rice,3,Sangli,FAQ,Sangli,5500,1550,3525,Maharashtra,Other
2013-07-13,Rice,3,Kolhapur,FAQ,Kolhapur(Laxmipuri),6000,2400,4200,Maharashtra,1009 Kar
2013-07-14,Rice,3,Bhandara,FAQ,Tumsar,3251,3200,3225,Maharashtra,Other
2013-07-15,Rice,3,Kolhapur,FAQ,Kolhapur(Laxmipuri),6000,2400,4200,Maharashtra,1009 Kar
2013-07-16,Rice,3,Sangli,FAQ,Vita,1700,1500,1600,Maharashtra,1009 Kar
2013-07-16,Rice,3,Pune,FAQ,Pune,8000,2300,5150,Maharashtra,1009 Kar
2013-07-16,Rice,3,Thane,FAQ,Kalyan,2200,1900,2050,Maharashtra,Other
2013-07-17,Rice,3,Sangli,FAQ,Sangli,5500,1500,3500,Maharashtra,Other
2013-07-17,Rice,3,Kolhapur,FAQ,Kolhapur(Laxmipuri),6000,2400,4200,Maharashtra,1009 Kar
2013-07-18,Rice,3,Thane,FAQ,Bhivandi,4000,1800,2900,Maharashtra,1009 Kar
2013-07-22,Rice,3,Thane,FAQ,Bhivandi,4000,1800,2900,Maharashtra,1009 Kar
2013-07-23,Rice,3,Pune,FAQ,Pune,8500,2000,5250,Maharashtra,1009 Kar
2013-07-23,Rice,3,Thane,FAQ,Kalyan,2400,1700,2050,Maharashtra,Other
2013-07-24,Rice,3,Ahmednagar,FAQ,Karjat,3600,2000,2400,Maharashtra,1009 Kar
2013-07-24,Rice,3,Pune,FAQ,Pune,8500,2000,5250,Maharashtra,1009 Kar
2013-07-24,Rice,3,Mumbai,FAQ,Mumbai,9000,6000,7500,Maharashtra,Other
2013-07-25,Rice,3,Mumbai,FAQ,Mumbai,9000,6000,7500,Maharashtra,Other
2013-07-25,Rice,3,Nagpur,FAQ,Nagpur,4800,1900,3350,Maharashtra,1009 Kar
2013-07-26,Rice,3,Nagpur,FAQ,Nagpur,4800,1900,3350,Maharashtra,1009 Kar
2013-07-27,Rice,3,Sangli,FAQ,Sangli,5500,1500,3500,Maharashtra,Other
2013-07-29,Rice,3,Kolhapur,FAQ,Kolhapur(Laxmipuri),6000,2400,4300,Maharashtra,1009 Kar
2013-07-29,Rice,3,Mumbai,FAQ,Mumbai,9000,6000,7500,Maharashtra,Other
2013-07-29,Rice,3,Pune,FAQ,Pune,8000,2200,5100,Maharashtra,1009 Kar
2013-07-30,Rice,3,Nagpur,FAQ,Nagpur,4800,1900,3350,Maharashtra,1009 Kar
2013-07-30,Rice,3,Mumbai,FAQ,Mumbai,5500,2300,4700,Maharashtra,1009 Kar
2013-07-30,Rice,3,Thane,FAQ,Kalyan,2400,1650,2025,Maharashtra,Other
2013-08-01,Rice,3,Bhandara,FAQ,Tumsar,1911,1911,1911,Maharashtra,Other
2013-08-01,Rice,3,Pune,FAQ,Pune,8000,2250,5125,Maharashtra,1009 Kar
2013-08-02,Rice,3,Mumbai,FAQ,Mumbai,5000,2000,4500,Maharashtra,1009 Kar
2013-08-05,Rice,3,Sholapur,FAQ,Solapur,4975,2100,3900,Maharashtra,Other
2013-08-06,Rice,3,Sholapur,FAQ,Solapur,4975,2100,3900,Maharashtra,Other
2013-08-08,Rice,3,Sholapur,FAQ,Solapur,4970,2100,3910,Maharashtra,Other
2013-08-20,Rice,3,Raigad,FAQ,Mangaon,3200,1800,2800,Maharashtra,Other
2013-08-24,Rice,3,Raigad,FAQ,Alibagh,1700,1500,1600,Maharashtra,Other
2013-08-26,Rice,3,Raigad,FAQ,Pen,4050,2550,3880,Maharashtra,Other
2013-08-27,Rice,3,Sholapur,FAQ,Barshi,1600,1600,1600,Maharashtra,1009 Kar
2013-08-31,Rice,3,Sholapur,FAQ,Barshi,1600,1600,1600,Maharashtra,1009 Kar
2013-08-31,Rice,3,Nagpur,FAQ,Umared,3950,1700,3350,Maharashtra,Other
2013-09-04,Rice,3,Sangli,FAQ,Sangli,5500,1500,3500,Maharashtra,Other
2013-09-05,Rice,3,Kolhapur,FAQ,Kolhapur(Laxmipuri),5600,2200,3400,Maharashtra,1009 Kar
2013-09-05,Rice,3,Raigad,FAQ,Alibagh,1700,1500,1600,Maharashtra,Other
2013-09-10,Rice,3,Thane,FAQ,Ulhasnagar,4500,4000,4200,Maharashtra,Other
2013-09-10,Rice,3,Raigad,FAQ,Mangaon,3500,1800,2800,Maharashtra,Other
2013-09-10,Rice,3,Amarawati,FAQ,Achalpur,1700,1600,1650,Maharashtra,1009 Kar
2013-09-10,Rice,3,Sholapur,FAQ,Solapur,5000,2170,3975,Maharashtra,Other
2013-09-14,Rice,3,Sholapur,FAQ,Barshi,900,900,900,Maharashtra,1009 Kar
2013-09-14,Rice,3,Raigad,FAQ,Alibagh,1700,1500,1600,Maharashtra,Other
2013-09-14,Rice,3,Sholapur,FAQ,Solapur,5000,2170,3980,Maharashtra,Other
2013-09-16,Rice,3,Sholapur,FAQ,Barshi,1625,1625,1625,Maharashtra,1009 Kar
2013-09-17,Rice,3,Kolhapur,FAQ,Kolhapur(Laxmipuri),6000,2000,4000,Maharashtra,1009 Kar
2013-09-19,Rice,3,Bhandara,FAQ,Tumsar,3850,3100,3475,Maharashtra,Other
2013-09-19,Rice,3,Amarawati,FAQ,Achalpur,1700,1620,1660,Maharashtra,1009 Kar
2013-09-20,Rice,3,Sholapur,FAQ,Solapur,4980,2175,3975,Maharashtra,Other
2013-09-20,Rice,3,Raigad,FAQ,Pen,4050,2550,3890,Maharashtra,Other
2013-09-21,Rice,3,Raigad,FAQ,Mangaon,3500,1800,2800,Maharashtra,Other
2013-09-21,Rice,3,Kolhapur,FAQ,Kolhapur(Laxmipuri),5800,2150,4000,Maharashtra,1009 Kar
2013-09-22,Rice,3,Nashik,FAQ,Ghoti,4000,2800,3400,Maharashtra,1009 Kar
2013-09-23,Rice,3,Amarawati,FAQ,Achalpur,1700,1600,1650,Maharashtra,1009 Kar
2013-09-23,Rice,3,Raigad,FAQ,Pen,4050,2550,3880,Maharashtra,Other
2013-09-23,Rice,3,Raigad,FAQ,Mangaon,3500,1800,2800,Maharashtra,Other
2013-09-25,Rice,3,Kolhapur,FAQ,Kolhapur(Laxmipuri),5900,2250,4100,Maharashtra,1009 Kar
2013-09-26,Rice,3,Bhandara,FAQ,Tumsar,3400,2750,3075,Maharashtra,Other
2013-09-26,Rice,3,Amarawati,FAQ,Achalpur,1750,1650,1700,Maharashtra,1009 Kar
2013-09-27,Rice,3,Nashik,FAQ,Ghoti,4000,3000,3500,Maharashtra,1009 Kar
2013-09-27,Rice,3,Nandurbar,FAQ,Nandurbar,3551,3551,3551,Maharashtra,1009 Kar
2013-09-27,Rice,3,Sangli,FAQ,Sangli,5500,1500,3500,Maharashtra,Other
2013-09-30,Rice,3,Amarawati,FAQ,Achalpur,1750,1650,1700,Maharashtra,1009 Kar
2013-10-04,Rice,3,Raigad,FAQ,Mangaon,3000,1800,2800,Maharashtra,Other
2013-10-05,Rice,3,Raigad,FAQ,Pen,4050,2550,3880,Maharashtra,Other
2013-10-07,Rice,3,Sholapur,FAQ,Solapur,4901,2040,3850,Maharashtra,Other
2013-10-09,Rice,3,Amarawati,FAQ,Achalpur,1700,1650,1675,Maharashtra,1009 Kar
2013-10-09,Rice,3,Bhandara,FAQ,Tumsar,1700,1360,1500,Maharashtra,Other
2013-10-09,Rice,3,Nagpur,FAQ,Nagpur,2100,1900,2000,Maharashtra,Other
2013-10-10,Rice,3,Sholapur,FAQ,Barshi,1651,1651,1651,Maharashtra,1009 Kar
2013-10-10,Rice,3,Sholapur,FAQ,Solapur,4950,2150,4000,Maharashtra,Other
2013-10-11,Rice,3,Amarawati,FAQ,Achalpur,1700,1600,1650,Maharashtra,1009 Kar
2013-10-11,Rice,3,Sholapur,FAQ,Solapur,4900,2150,4000,Maharashtra,Other
2013-10-12,Rice,3,Nashik,FAQ,Ghoti,4000,2800,3400,Maharashtra,1009 Kar
2013-10-14,Rice,3,Sangli,FAQ,Sangli,5500,1550,3525,Maharashtra,Other
2013-10-14,Rice,3,Nagpur,FAQ,Nagpur,4500,4000,4250,Maharashtra,Other
2013-10-17,Rice,3,Nandurbar,FAQ,Nandurbar,3000,3000,3000,Maharashtra,1009 Kar
2013-10-17,Rice,3,Raigad,FAQ,Khalapur (Shil-Phata),3000,1800,2000,Maharashtra,Other
2013-10-17,Rice,3,Raigad,FAQ,Mangaon,3000,1800,2500,Maharashtra,Other
2013-10-19,Rice,3,Nashik,FAQ,Ghoti,4000,2800,3400,Maharashtra,1009 Kar
2013-10-22,Rice,3,Raigad,FAQ,Mangaon,3000,1800,2500,Maharashtra,Other
2013-10-22,Rice,3,Pune,FAQ,Pune,4200,3200,3700,Maharashtra,Other
2013-10-23,Rice,3,Raigad,FAQ,Pen,4050,2550,3880,Maharashtra,Other
2013-10-23,Rice,3,Bhandara,FAQ,Tumsar,3700,2400,3050,Maharashtra,Other
2013-10-23,Rice,3,Sholapur,FAQ,Barshi,1625,1625,1625,Maharashtra,1009 Kar
2013-10-23,Rice,3,Sholapur,FAQ,Solapur,5000,2200,4100,Maharashtra,Other
2013-10-24,Rice,3,Raigad,FAQ,Pen,4050,2550,3880,Maharashtra,Other
2013-10-25,Rice,3,Mumbai,FAQ,Mumbai,5300,2200,5100,Maharashtra,Other
2013-10-26,Rice,3,Sholapur,FAQ,Solapur,5000,2300,3800,Maharashtra,Other
2013-10-28,Rice,3,Raigad,FAQ,Pen,4050,2550,3880,Maharashtra,Other
2013-10-30,Rice,3,Nagpur,FAQ,Nagpur,2100,1900,2000,Maharashtra,Other
2013-10-31,Rice,3,Sholapur,FAQ,Solapur,5100,2125,4000,Maharashtra,Other
2013-11-01,Rice,3,Raigad,FAQ,Pen,1350,1310,1310,Maharashtra,Other
2013-11-01,Rice,3,Raigad,FAQ,Mangaon,3000,1800,2800,Maharashtra,Other
2013-11-01,Rice,3,Mumbai,FAQ,Mumbai,9200,8500,8850,Maharashtra,Other
2013-11-01,Rice,3,Bhandara,FAQ,Lakhandur,1780,1780,1780,Maharashtra,Other
2013-11-02,Rice,3,Raigad,FAQ,Mangaon,3000,1800,2500,Maharashtra,Other
2013-11-06,Rice,3,Raigad,FAQ,Pen,4050,2550,3870,Maharashtra,Other
2013-11-08,Rice,3,Sholapur,FAQ,Barshi,1575,1550,1550,Maharashtra,1009 Kar
2013-11-11,Rice,3,Raigad,FAQ,Alibagh,1700,1500,1600,Maharashtra,Other
2013-11-12,Rice,3,Mumbai,FAQ,Mumbai,5300,2200,5100,Maharashtra,Other
2013-11-13,Rice,3,Pune,FAQ,Nira(Saswad),1601,1601,1601,Maharashtra,1009 Kar
2013-11-13,Rice,3,Bhandara,FAQ,Tumsar,2800,1500,2150,Maharashtra,Other
2013-11-14,Rice,3,Nagpur,FAQ,Nagpur,2500,2200,2350,Maharashtra,Other
2013-11-14,Rice,3,Raigad,FAQ,Mangaon,3000,1800,2500,Maharashtra,Other
2013-11-15,Rice,3,Raigad,FAQ,Alibagh,1700,1500,1600,Maharashtra,Other
2013-11-16,Rice,3,Raigad,FAQ,Mangaon,3000,1800,2500,Maharashtra,Other
2013-11-16,Rice,3,Bhandara,FAQ,Tumsar,3800,2120,2960,Maharashtra,Other
2013-11-16,Rice,3,Raigad,FAQ,Alibagh,1700,1500,1600,Maharashtra,Other
2013-11-18,Rice,3,Sholapur,FAQ,Barshi,1525,1525,1525,Maharashtra,1009 Kar
2013-11-19,Rice,3,Sholapur,FAQ,Solapur,5050,2100,4000,Maharashtra,Other
2013-11-20,Rice,3,Bhandara,FAQ,Tumsar,3200,3000,3125,Maharashtra,Other
2013-11-20,Rice,3,Raigad,FAQ,Mangaon,3000,1800,2500,Maharashtra,Other
2013-11-20,Rice,3,Pune,FAQ,Pune,10500,9500,10000,Maharashtra,Other
2013-11-20,Rice,3,Nagpur,FAQ,Nagpur,2500,2200,2350,Maharashtra,Other
2013-11-20,Rice,3,Raigad,FAQ,Alibagh,1700,1500,1600,Maharashtra,Other
2013-11-20,Rice,3,Sholapur,FAQ,Barshi,950,950,950,Maharashtra,1009 Kar
2013-11-21,Rice,3,Raigad,FAQ,Mangaon,3000,1800,2500,Maharashtra,Other
2013-11-22,Rice,3,Raigad,FAQ,Mangaon,3000,1800,2800,Maharashtra,Other
2013-11-22,Rice,3,Nashik,FAQ,Ghoti,3600,3200,3400,Maharashtra,1009 Kar
2013-11-23,Rice,3,Nashik,FAQ,Ghoti,3600,3200,3400,Maharashtra,1009 Kar
2013-11-25,Rice,3,Raigad,FAQ,Pen,4050,2550,3880,Maharashtra,Other
2013-11-25,Rice,3,Bhandara,FAQ,Tumsar,3561,1631,2600,Maharashtra,Other
2013-11-26,Rice,3,Mumbai,FAQ,Mumbai,5300,2000,3650,Maharashtra,Other
2013-11-26,Rice,3,Raigad,FAQ,Alibagh,1700,1500,1600,Maharashtra,Other
2013-11-27,Rice,3,Bhandara,FAQ,Tumsar,3000,1601,2300,Maharashtra,Other
2013-11-29,Rice,3,Pune,FAQ,Pune,10000,6000,8000,Maharashtra,Other
2013-11-29,Rice,3,Sholapur,FAQ,Barshi,1525,1525,1525,Maharashtra,1009 Kar
2013-11-30,Rice,3,Nagpur,FAQ,Nagpur,4500,4200,4350,Maharashtra,Other
2013-12-02,Rice,3,Sholapur,FAQ,Solapur,5001,2080,3800,Maharashtra,Other
2013-12-02,Rice,3,Bhandara,FAQ,Tumsar,2970,1800,2385,Maharashtra,Other
2013-12-02,Rice,3,Pune,FAQ,Pune,4500,3000,3750,Maharashtra,Other
2013-12-02,Rice,3,Nagpur,FAQ,Nagpur,4500,4200,4350,Maharashtra,Other
2013-12-02,Rice,3,Raigad,FAQ,Mangaon,3200,1800,3000,Maharashtra,Other
2013-12-03,Rice,3,Raigad,FAQ,Pen,4050,2550,3880,Maharashtra,Other
2013-12-04,Rice,3,Raigad,FAQ,Alibagh,1700,1500,1600,Maharashtra,Other
2013-12-04,Rice,3,Nagpur,FAQ,Nagpur,3000,2400,2700,Maharashtra,Other
2013-12-05,Rice,3,Gadchiroli,FAQ,Aheri,4000,1750,1750,Maharashtra,Other
2013-12-06,Rice,3,Raigad,FAQ,Alibagh,1700,1500,1600,Maharashtra,Other
2013-12-08,Rice,3,Bhandara,FAQ,Tumsar,3870,1880,2875,Maharashtra,Other
2013-12-10,Rice,3,Raigad,FAQ,Pen,4050,2550,3880,Maharashtra,Other
2013-12-10,Rice,3,Raigad,FAQ,Alibagh,1700,1500,1600,Maharashtra,Other
2013-12-11,Rice,3,Raigad,FAQ,Pen,4050,2550,3880,Maharashtra,Other
2013-12-11,Rice,3,Nashik,FAQ,Ghoti,3500,3000,3250,Maharashtra,1009 Kar
2013-12-12,Rice,3,Raigad,FAQ,Alibagh,1700,1500,1600,Maharashtra,Other
2013-12-13,Rice,3,Mumbai,FAQ,Mumbai,13000,11000,12000,Maharashtra,Other
2013-12-14,Rice,3,Sholapur,FAQ,Solapur,5300,2100,4000,Maharashtra,Other
2013-12-14,Rice,3,Bhandara,FAQ,Tumsar,4065,3400,3725,Maharashtra,Other
2013-12-17,Rice,3,Sholapur,FAQ,Barshi,1550,1550,1550,Maharashtra,1009 Kar
2013-12-20,Rice,3,Kolhapur,FAQ,Kolhapur(Laxmipuri),6500,2050,4275,Maharashtra,1009 Kar
2013-12-20,Rice,3,Mumbai,FAQ,Mumbai,13500,11000,12000,Maharashtra,Other
2013-12-21,Rice,3,Raigad,FAQ,Mangaon,3500,1800,2800,Maharashtra,Other
2013-12-21,Rice,3,Raigad,FAQ,Pen,4050,2550,3880,Maharashtra,Other
2013-12-21,Rice,3,Sholapur,FAQ,Barshi,1525,1525,1525,Maharashtra,1009 Kar
2013-12-23,Rice,3,Mumbai,FAQ,Mumbai,5300,2000,5100,Maharashtra,Other
2013-12-23,Rice,3,Bhandara,FAQ,Tumsar,4000,2500,3250,Maharashtra,Other
2013-12-23,Rice,3,Sholapur,FAQ,Barshi,1575,1525,1525,Maharashtra,1009 Kar
2013-12-25,Rice,3,Sholapur,FAQ,Solapur,5500,2150,4000,Maharashtra,Other
2013-12-27,Rice,3,Kolhapur,FAQ,Kolhapur(Laxmipuri),6400,2000,4200,Maharashtra,1009 Kar
2013-12-27,Rice,3,Sholapur,FAQ,Solapur,5500,2000,4000,Maharashtra,Other
2013-12-30,Rice,3,Mumbai,FAQ,Mumbai,13500,11000,12000,Maharashtra,Other
2013-12-30,Rice,3,Kolhapur,FAQ,Kolhapur(Laxmipuri),6400,2000,4200,Maharashtra,1009 Kar
2013-12-31,Rice,3,Kolhapur,FAQ,Kolhapur(Laxmipuri),6400,2000,4200,Maharashtra,1009 Kar
2014-01-03,Rice,3,Raigad,FAQ,Pen,4050,2550,3880,Maharashtra,Other
2014-01-04,Rice,3,Kolhapur,FAQ,Kolhapur(Laxmipuri),5800,2000,3900,Maharashtra,1009 Kar
2014-01-04,Rice,3,Sangli,FAQ,Sangli,5800,1850,3825,Maharashtra,Other
2014-01-06,Rice,3,Sangli,FAQ,Islampur,2300,2250,2275,Maharashtra,Fine
2014-01-07,Rice,3,Mumbai,FAQ,Mumbai,13500,12000,12500,Maharashtra,Other
2014-01-08,Rice,3,Kolhapur,FAQ,Kolhapur(Laxmipuri),6000,1850,4000,Maharashtra,1009 Kar
2014-01-09,Rice,3,Raigad,FAQ,Mangaon,3500,1800,2800,Maharashtra,Other
2014-01-09,Rice,3,Mumbai,FAQ,Mumbai,13500,12000,12500,Maharashtra,Other
2014-01-09,Rice,3,Raigad,FAQ,Pen,4050,2550,3880,Maharashtra,Other
2014-01-10,Rice,3,Gadchiroli,FAQ,Aheri,1750,1750,1750,Maharashtra,Other
2014-01-10,Rice,3,Raigad,FAQ,Pen,4050,2550,3880,Maharashtra,Other
2014-01-11,Rice,3,Sangli,FAQ,Sangli,5500,1700,3600,Maharashtra,Other
2014-01-13,Rice,3,Bhandara,FAQ,Tumsar,3940,2300,3120,Maharashtra,Other
2014-01-14,Rice,3,Kolhapur,FAQ,Kolhapur(Laxmipuri),6000,1850,4000,Maharashtra,1009 Kar
2014-01-15,Rice,3,Raigad,FAQ,Mangaon,3500,1800,2800,Maharashtra,Other
2014-01-15,Rice,3,Sholapur,FAQ,Solapur,5600,2300,4000,Maharashtra,Other
2014-01-16,Rice,3,Raigad,FAQ,Pen,4050,2550,3880,Maharashtra,Other
2014-01-17,Rice,3,Sangli,FAQ,Islampur,2300,2250,2275,Maharashtra,Fine
2014-01-17,Rice,3,Sholapur,FAQ,Solapur,5500,2200,3800,Maharashtra,Other
2014-01-17,Rice,3,Kolhapur,FAQ,Kolhapur(Laxmipuri),5800,2050,4000,Maharashtra,1009 Kar
2014-01-18,Rice,3,Raigad,FAQ,Pen,4050,2550,3880,Maharashtra,Other
2014-01-20,Rice,3,Raigad,FAQ,Pen,4050,2550,3880,Maharashtra,Other
2014-01-20,Rice,3,Nandurbar,FAQ,Nandurbar,3665,3665,3665,Maharashtra,1009 Kar
2014-01-20,Rice,3,Kolhapur,FAQ,Kolhapur(Laxmipuri),5800,2050,4000,Maharashtra,1009 Kar
2014-01-20,Rice,3,Mumbai,FAQ,Mumbai,13500,12000,12500,Maharashtra,Other
2014-01-21,Rice,3,Sholapur,FAQ,Barshi,1575,1575,1575,Maharashtra,1009 Kar
2014-01-23,Rice,3,Raigad,FAQ,Pen,4050,2550,3880,Maharashtra,Other
2014-01-23,Rice,3,Raigad,FAQ,Mangaon,3500,2000,2800,Maharashtra,Other
2014-01-23,Rice,3,Nandurbar,FAQ,Nandurbar,3681,3250,3450,Maharashtra,1009 Kar
2014-01-24,Rice,3,Kolhapur,FAQ,Kolhapur(Laxmipuri),5400,1800,3600,Maharashtra,1009 Kar
2014-01-28,Rice,3,Sholapur,FAQ,Solapur,5800,2250,4000,Maharashtra,Other
2014-01-28,Rice,3,Kolhapur,FAQ,Kolhapur(Laxmipuri),5400,1800,3600,Maharashtra,1009 Kar
2014-01-28,Rice,3,Nandurbar,FAQ,Nandurbar,5151,5151,5151,Maharashtra,1009 Kar
2014-01-30,Rice,3,Mumbai,FAQ,Mumbai,13500,12000,12500,Maharashtra,Other
2014-01-31,Rice,3,Raigad,FAQ,Mangaon,3500,1800,1800,Maharashtra,Other
2014-01-31,Rice,3,Mumbai,FAQ,Mumbai,13500,12000,12500,Maharashtra,Other
2014-02-01,Rice,3,Mumbai,FAQ,Mumbai,5500,2200,3850,Maharashtra,Other
2014-02-03,Rice,3,Kolhapur,FAQ,Kolhapur(Laxmipuri),5400,1750,3575,Maharashtra,1009 Kar
2014-02-03,Rice,3,Sholapur,FAQ,Solapur,5800,2200,3800,Maharashtra,Other
2014-02-03,Rice,3,Raigad,FAQ,Pen,4050,2550,3880,Maharashtra,Other
2014-02-04,Rice,3,Raigad,FAQ,Pen,4050,2550,3880,Maharashtra,Other
2014-02-04,Rice,3,Raigad,FAQ,Mangaon,3500,1800,2800,Maharashtra,Other
2014-02-04,Rice,3,Mumbai,FAQ,Mumbai,5500,2200,3850,Maharashtra,Other
2014-02-05,Rice,3,Sangli,FAQ,Islampur,2400,2300,2350,Maharashtra,Fine
2014-02-05,Rice,3,Raigad,FAQ,Mangaon,3000,1800,2500,Maharashtra,Other
2014-02-06,Rice,3,Sholapur,FAQ,Solapur,5800,2280,4001,Maharashtra,Other
2014-02-10,Rice,3,Raigad,FAQ,Pen,4050,2550,3880,Maharashtra,Other
2014-02-11,Rice,3,Raigad,FAQ,Mangaon,3500,1800,2800,Maharashtra,Other
2014-02-14,Rice,3,Sholapur,FAQ,Solapur,5800,2000,3800,Maharashtra,Other
2014-02-15,Rice,3,Kolhapur,FAQ,Kolhapur(Laxmipuri),5600,1850,3725,Maharashtra,1009 Kar
2014-02-20,Rice,3,Kolhapur,FAQ,Kolhapur(Laxmipuri),5600,1850,3725,Maharashtra,1009 Kar
2014-02-21,Rice,3,Sholapur,FAQ,Barshi,1575,1575,1575,Maharashtra,1009 Kar
2014-02-22,Rice,3,Bhandara,FAQ,Tumsar,3811,2625,3200,Maharashtra,Other
2014-02-25,Rice,3,Raigad,FAQ,Pen,4050,2550,3880,Maharashtra,Other
2014-02-26,Rice,3,Raigad,FAQ,Pen,4050,2550,3880,Maharashtra,Other
2014-02-27,Rice,3,Kolhapur,FAQ,Kolhapur(Laxmipuri),5500,1870,3685,Maharashtra,1009 Kar
2014-02-28,Rice,3,Kolhapur,FAQ,Kolhapur(Laxmipuri),5500,1850,3675,Maharashtra,1009 Kar
2014-03-01,Rice,3,Sangli,FAQ,Islampur,2425,2325,2375,Maharashtra,Fine
2014-03-02,Rice,3,Sangli,FAQ,Islampur,2425,2325,2375,Maharashtra,Fine
2014-03-04,Rice,3,Raigad,FAQ,Mangaon,3500,1800,2800,Maharashtra,Other
2014-03-06,Rice,3,Sangli,FAQ,Islampur,2425,2325,2375,Maharashtra,Fine
2014-03-06,Rice,3,Raigad,FAQ,Pen,4050,2550,3880,Maharashtra,Other
2014-03-06,Rice,3,Raigad,FAQ,Mangaon,3500,1800,2800,Maharashtra,Other
2014-03-07,Rice,3,Raigad,FAQ,Mangaon,3500,1800,2800,Maharashtra,Other
2014-03-08,Rice,3,Bhandara,FAQ,Bhandara,3770,3540,3715,Maharashtra,Other
2014-03-08,Rice,3,Bhandara,FAQ,Tumsar,3800,2600,3200,Maharashtra,Other
2014-03-09,Rice,3,Sangli,FAQ,Islampur,2400,2300,2350,Maharashtra,Fine
2014-03-11,Rice,3,Raigad,FAQ,Pen,4050,2550,3880,Maharashtra,Other
2014-03-12,Rice,3,Sangli,FAQ,Islampur,2400,2300,2350,Maharashtra,Fine
2014-03-13,Rice,3,Bhandara,FAQ,Tumsar,3811,1731,2771,Maharashtra,Other
2014-03-14,Rice,3,Sangli,FAQ,Islampur,2400,2300,2350,Maharashtra,Fine
2014-03-15,Rice,3,Bhandara,FAQ,Bhandara,3800,3610,3700,Maharashtra,Other
2014-03-15,Rice,3,Sangli,FAQ,Islampur,2400,2300,2350,Maharashtra,Fine
2014-03-17,Rice,3,Sangli,FAQ,Islampur,2400,2300,2350,Maharashtra,Fine
2014-03-18,Rice,3,Sangli,FAQ,Islampur,2400,2300,2350,Maharashtra,Fine
2014-03-18,Rice,3,Raigad,FAQ,Pen,4050,2550,3880,Maharashtra,Other
2014-03-18,Rice,3,Raigad,FAQ,Mangaon,3500,1800,2800,Maharashtra,Other
2014-03-20,Rice,3,Raigad,FAQ,Pen,4050,2550,3880,Maharashtra,Other
2014-03-21,Rice,3,Sangli,FAQ,Islampur,2400,2300,2350,Maharashtra,Fine
2014-03-23,Rice,3,Sangli,FAQ,Islampur,2400,2300,2350,Maharashtra,Fine
2014-03-25,Rice,3,Sangli,FAQ,Islampur,2400,2300,2350,Maharashtra,Fine
2014-03-26,Rice,3,Raigad,FAQ,Mangaon,3500,1800,2800,Maharashtra,Other
2014-03-27,Rice,3,Bhandara,FAQ,Bhandara,4100,3650,3725,Maharashtra,Other
2014-03-28,Rice,3,Sangli,FAQ,Islampur,2420,2320,2370,Maharashtra,Fine
2014-03-29,Rice,3,Sholapur,FAQ,Solapur,5960,2200,3900,Maharashtra,Other
2014-03-31,Rice,3,Sangli,FAQ,Islampur,2420,2320,2370,Maharashtra,Fine
2014-04-02,Rice,3,Sangli,FAQ,Sangli,5500,1700,3600,Maharashtra,Other
2014-04-03,Rice,3,Nagpur,FAQ,Nagpur,2600,2000,2300,Maharashtra,Other
2014-04-05,Rice,3,Nagpur,FAQ,Nagpur,5000,4500,4750,Maharashtra,Other
2014-04-05,Rice,3,Sangli,FAQ,Sangli,5500,2000,3750,Maharashtra,Other
2014-04-09,Rice,3,Mumbai,FAQ,Mumbai,13600,13000,13300,Maharashtra,Other
2014-04-09,Rice,3,Bhandara,FAQ,Tumsar,3880,2605,3240,Maharashtra,Other
2014-04-09,Rice,3,Raigad,FAQ,Mangaon,3500,1800,2800,Maharashtra,Other
2014-04-10,Rice,3,Mumbai,FAQ,Mumbai,13600,13000,13300,Maharashtra,Other
2014-04-10,Rice,3,Raigad,FAQ,Pen,6050,3550,4050,Maharashtra,Other
2014-04-11,Rice,3,Raigad,FAQ,Mangaon,3500,1800,2800,Maharashtra,Other
2014-04-16,Rice,3,Sangli,FAQ,Sangli,5500,1500,3500,Maharashtra,Other
2014-04-17,Rice,3,Mumbai,FAQ,Mumbai,13600,13000,13300,Maharashtra,Other
2014-04-19,Rice,3,Mumbai,FAQ,Mumbai,13600,13000,13300,Maharashtra,Other
2014-04-24,Rice,3,Sholapur,FAQ,Solapur,6000,2200,3825,Maharashtra,Other
2014-04-24,Rice,3,Nagpur,FAQ,Nagpur,2600,2000,2300,Maharashtra,Other
2014-04-26,Rice,3,Sangli,FAQ,Sangli,5500,2000,3750,Maharashtra,Other
2014-04-26,Rice,3,Sholapur,FAQ,Solapur,6000,2000,3850,Maharashtra,Other
2014-04-28,Rice,3,Mumbai,FAQ,Mumbai,5500,2200,3700,Maharashtra,Other
2014-04-28,Rice,3,Bhandara,FAQ,Tumsar,4000,2625,3311,Maharashtra,Other
2014-04-29,Rice,3,Raigad,FAQ,Pen,6050,3550,4050,Maharashtra,Other
2014-05-02,Rice,3,Sholapur,FAQ,Barshi,1625,1625,1625,Maharashtra,1009 Kar
2014-05-06,Rice,3,Raigad,FAQ,Pen,6050,3550,4080,Maharashtra,Other
2014-05-07,Rice,3,Sholapur,FAQ,Solapur,5950,2200,3800,Maharashtra,Other
2014-05-09,Rice,3,Raigad,FAQ,Pen,6050,3550,4050,Maharashtra,Other
2014-05-10,Rice,3,Bhandara,FAQ,Tumsar,4000,3100,3550,Maharashtra,Other
2014-05-12,Rice,3,Raigad,FAQ,Mangaon,3500,1800,2800,Maharashtra,Other
2014-05-13,Rice,3,Sholapur,FAQ,Solapur,6000,2250,3900,Maharashtra,Other
2014-05-15,Rice,3,Sangli,FAQ,Sangli,5500,1500,3500,Maharashtra,Other
2014-05-15,Rice,3,Raigad,FAQ,Pen,6050,3550,4050,Maharashtra,Other
2014-05-16,Rice,3,Raigad,FAQ,Mangaon,3500,1800,2800,Maharashtra,Other
2014-05-20,Rice,3,Raigad,FAQ,Mangaon,3500,1300,2800,Maharashtra,Other
2014-05-20,Rice,3,Mumbai,FAQ,Mumbai,5500,2200,3850,Maharashtra,Other
2014-05-21,Rice,3,Mumbai,FAQ,Mumbai,5500,2200,3850,Maharashtra,Other
2014-05-27,Rice,3,Raigad,FAQ,Pen,6050,3550,4050,Maharashtra,Other
2014-05-31,Rice,3,Bhandara,FAQ,Tumsar,3270,2715,2990,Maharashtra,Other
2014-06-04,Rice,3,Gadchiroli,FAQ,Aheri,3800,1750,3300,Maharashtra,Other
2014-06-06,Rice,3,Raigad,FAQ,Mangaon,3500,1800,2800,Maharashtra,Other
2014-06-11,Rice,3,Gadchiroli,FAQ,Aheri,3300,2500,3000,Maharashtra,Other
2014-06-11,Rice,3,Raigad,FAQ,Mangaon,3500,1800,2800,Maharashtra,Other
2014-06-12,Rice,3,Raigad,FAQ,Mangaon,3500,1800,2800,Maharashtra,Other
2014-06-13,Rice,3,Bhandara,FAQ,Bhandara,4020,3970,4000,Maharashtra,Other
2014-06-14,Rice,3,Bhandara,FAQ,Bhandara,3950,3750,3800,Maharashtra,Other
2014-06-14,Rice,3,Sholapur,FAQ,Solapur,6000,2200,3800,Maharashtra,Other
2014-06-17,Rice,3,Kolhapur,FAQ,Kolhapur(Laxmipuri),5200,2200,3100,Maharashtra,1009 Kar
2014-06-18,Rice,3,Sangli,FAQ,Sangli,5500,1700,3600,Maharashtra,Other
2014-06-18,Rice,3,Raigad,FAQ,Pen,6050,3550,4050,Maharashtra,Other
2014-06-19,Rice,3,Sholapur,FAQ,Solapur,6000,2200,4000,Maharashtra,Other
2014-06-19,Rice,3,Kolhapur,FAQ,Kolhapur(Laxmipuri),5400,2200,3200,Maharashtra,1009 Kar
2014-06-20,Rice,3,Sholapur,FAQ,Solapur,6000,2200,4000,Maharashtra,Other
2014-06-24,Rice,3,Raigad,FAQ,Pen,6050,3550,4050,Maharashtra,Other
2014-06-25,Rice,3,Sholapur,FAQ,Solapur,6000,2210,3975,Maharashtra,Other
2014-06-25,Rice,3,Sangli,FAQ,Sangli,5500,1700,3600,Maharashtra,Other
2014-06-27,Rice,3,Sholapur,FAQ,Solapur,6000,2200,3800,Maharashtra,Other
2014-06-27,Rice,3,Sangli,FAQ,Sangli,5500,2000,3750,Maharashtra,Other
2014-06-28,Rice,3,Sangli,FAQ,Sangli,5500,1700,3600,Maharashtra,Other
2014-06-30,Rice,3,Sholapur,FAQ,Solapur,5975,2200,4000,Maharashtra,Other
2014-06-30,Rice,3,Bhandara,FAQ,Tumsar,3900,2501,3200,Maharashtra,Other
2014-07-01,Rice,3,Sangli,FAQ,Sangli,5500,1700,3600,Maharashtra,Other
2014-07-03,Rice,3,Sholapur,FAQ,Solapur,5980,2250,4000,Maharashtra,Other
2014-07-05,Rice,3,Raigad,FAQ,Mangaon,3500,1800,1800,Maharashtra,Other
2014-07-08,Rice,3,Raigad,FAQ,Pen,6050,3550,4080,Maharashtra,Other
2014-07-09,Rice,3,Bhandara,FAQ,Tumsar,2725,2411,2565,Maharashtra,Other
2014-07-10,Rice,3,Raigad,FAQ,Mangaon,3500,1800,2800,Maharashtra,Other
2014-07-10,Rice,3,Nagpur,FAQ,Ramtek,1600,1600,1600,Maharashtra,1009 Kar
2014-07-12,Rice,3,Mumbai,FAQ,Mumbai,13500,11600,12500,Maharashtra,Other
2014-07-13,Rice,3,Raigad,FAQ,Alibagh,1700,1500,1600,Maharashtra,Other
2014-07-14,Rice,3,Bhandara,FAQ,Tumsar,3441,2401,2921,Maharashtra,Other
2014-07-14,Rice,3,Kolhapur,FAQ,Kolhapur(Laxmipuri),5400,2100,3000,Maharashtra,1009 Kar
2014-07-14,Rice,3,Raigad,FAQ,Pen,6050,3550,4080,Maharashtra,Other
2014-07-15,Rice,3,Raigad,FAQ,Pen,6050,3550,4050,Maharashtra,Other
2014-07-16,Rice,3,Sholapur,FAQ,Solapur,6000,2150,4000,Maharashtra,Other
2014-07-16,Rice,3,Sangli,FAQ,Sangli,5500,1700,3600,Maharashtra,Other
2014-07-17,Rice,3,Mumbai,FAQ,Mumbai,5500,2200,3900,Maharashtra,Other
2014-07-18,Rice,3,Sholapur,FAQ,Solapur,6000,2200,4000,Maharashtra,Other
2014-07-18,Rice,3,Mumbai,FAQ,Mumbai,13500,11600,12500,Maharashtra,Other
2014-07-18,Rice,3,Raigad,FAQ,Pen,6050,3550,4050,Maharashtra,Other
2014-07-19,Rice,3,Kolhapur,FAQ,Kolhapur(Laxmipuri),5400,2100,3000,Maharashtra,1009 Kar
2014-07-21,Rice,3,Pune,FAQ,Baramati,1500,1475,1475,Maharashtra,Other
2014-07-23,Rice,3,Raigad,FAQ,Pen,6050,3550,4080,Maharashtra,Other
2014-07-24,Rice,3,Raigad,FAQ,Alibagh,1700,1500,1600,Maharashtra,Other
2014-07-24,Rice,3,Ahmednagar,FAQ,Karjat,4000,2000,3200,Maharashtra,Other
2014-07-25,Rice,3,Bhandara,FAQ,Bhandara,4360,4200,4280,Maharashtra,Other
2014-07-26,Rice,3,Sholapur,FAQ,Solapur,6000,2100,4000,Maharashtra,Other
2014-07-28,Rice,3,Bhandara,FAQ,Tumsar,3301,1700,2500,Maharashtra,Other
2014-07-28,Rice,3,Raigad,FAQ,Mangaon,3500,1800,2800,Maharashtra,Other
2014-07-29,Rice,3,Raigad,FAQ,Mangaon,3500,1800,2800,Maharashtra,Other
2014-08-01,Rice,3,Thane,FAQ,Vasai,3600,1600,2200,Maharashtra,1009 Kar
2014-08-02,Rice,3,Ahmednagar,FAQ,Karjat,4400,2000,3200,Maharashtra,Other
2014-08-02,Rice,3,Kolhapur,FAQ,Kolhapur(Laxmipuri),5400,2000,3000,Maharashtra,1009 Kar
2014-08-04,Rice,3,Kolhapur,FAQ,Kolhapur(Laxmipuri),5100,2000,2900,Maharashtra,1009 Kar
2014-08-04,Rice,3,Sholapur,FAQ,Solapur,6000,2200,4000,Maharashtra,Other
2014-08-04,Rice,3,Raigad,FAQ,Pen,6050,3550,4080,Maharashtra,Other
2014-08-05,Rice,3,Mumbai,FAQ,Mumbai,13500,10500,11750,Maharashtra,Other
2014-08-08,Rice,3,Thane,FAQ,Bhivandi,2550,1450,2000,Maharashtra,1009 Kar
2014-08-08,Rice,3,Thane,FAQ,Vasai,3500,1800,2200,Maharashtra,1009 Kar
2014-08-09,Rice,3,Raigad,FAQ,Mangaon,3500,1800,2800,Maharashtra,Other
2014-08-11,Rice,3,Raigad,FAQ,Alibagh,1700,1500,1600,Maharashtra,Other
2014-08-11,Rice,3,Ahmednagar,FAQ,Karjat,4400,2000,3000,Maharashtra,Other
2014-08-11,Rice,3,Sholapur,FAQ,Solapur,5800,2275,4000,Maharashtra,Other
2014-08-13,Rice,3,Thane,FAQ,Bhivandi,2550,1450,2000,Maharashtra,1009 Kar
2014-08-14,Rice,3,Thane,FAQ,Bhivandi,2550,1450,2000,Maharashtra,1009 Kar
2014-08-19,Rice,3,Ahmednagar,FAQ,Karjat,4800,2000,3200,Maharashtra,Other
2014-08-20,Rice,3,Raigad,FAQ,Pen,6050,3550,4080,Maharashtra,Other
2014-08-23,Rice,3,Ahmednagar,FAQ,Karjat,4600,2000,3000,Maharashtra,Other
2014-08-25,Rice,3,Sholapur,FAQ,Solapur,5650,2150,3900,Maharashtra,Other
2014-08-26,Rice,3,Sholapur,FAQ,Solapur,5650,2200,3800,Maharashtra,Other
2014-08-26,Rice,3,Raigad,FAQ,Alibagh,1700,1500,1600,Maharashtra,Other
2014-08-27,Rice,3,Bhandara,FAQ,Tumsar,1751,1500,1625,Maharashtra,Other
2014-08-28,Rice,3,Sholapur,FAQ,Solapur,5800,2200,3800,Maharashtra,Other
2014-08-30,Rice,3,Raigad,FAQ,Alibagh,1700,1500,1600,Maharashtra,Other
2014-08-30,Rice,3,Ahmednagar,FAQ,Karjat,4600,2000,3200,Maharashtra,Other
2014-09-01,Rice,3,Sholapur,FAQ,Solapur,5800,2200,3900,Maharashtra,Other
2014-09-01,Rice,3,Kolhapur,FAQ,Kolhapur(Laxmipuri),5500,2000,3000,Maharashtra,1009 Kar
2014-09-03,Rice,3,Raigad,FAQ,Mangaon,3500,1800,2800,Maharashtra,Other
2014-09-04,Rice,3,Bhandara,FAQ,Tumsar,4135,3300,3717,Maharashtra,Other
2014-09-04,Rice,3,Sholapur,FAQ,Solapur,5650,2250,4000,Maharashtra,Other
2014-09-05,Rice,3,Sholapur,FAQ,Solapur,5700,2200,3700,Maharashtra,Other
2014-09-06,Rice,3,Ahmednagar,FAQ,Karjat,4400,2000,3000,Maharashtra,Other
2014-09-09,Rice,3,Sholapur,FAQ,Solapur,5800,2150,3800,Maharashtra,Other
2014-09-10,Rice,3,Ahmednagar,FAQ,Karjat,4400,2000,3000,Maharashtra,Other
2014-09-11,Rice,3,Raigad,FAQ,Pen,6050,3550,4080,Maharashtra,Other
2014-09-11,Rice,3,Raigad,FAQ,Mangaon,3500,1800,2800,Maharashtra,Other
2014-09-12,Rice,3,Nashik,FAQ,Satana,1541,1541,1541,Maharashtra,Other
2014-09-12,Rice,3,Sholapur,FAQ,Solapur,5800,2150,3925,Maharashtra,Other
2014-09-13,Rice,3,Bhandara,FAQ,Tumsar,4351,1721,3036,Maharashtra,Other
2014-09-14,Rice,3,Bhandara,FAQ,Tumsar,4266,2000,3133,Maharashtra,Other
2014-09-14,Rice,3,Raigad,FAQ,Alibagh,1700,1500,1600,Maharashtra,Other
2014-09-15,Rice,3,Nandurbar,FAQ,Nandurbar,1625,1625,1625,Maharashtra,1009 Kar
2014-09-15,Rice,3,Thane,FAQ,Bhivandi,1640,1540,1640,Maharashtra,1009 Kar
2014-09-16,Rice,3,Kolhapur,FAQ,Kolhapur(Laxmipuri),5400,2100,3000,Maharashtra,1009 Kar
2014-09-16,Rice,3,Sholapur,FAQ,Solapur,6000,2225,3800,Maharashtra,Other
2014-09-17,Rice,3,Kolhapur,FAQ,Kolhapur(Laxmipuri),5400,1900,3000,Maharashtra,1009 Kar
2014-09-18,Rice,3,Nagpur,FAQ,Umared,4500,2000,3250,Maharashtra,Other
2014-09-18,Rice,3,Bhandara,FAQ,Bhandara,4540,4250,4455,Maharashtra,Other
2014-09-19,Rice,3,Ahmednagar,FAQ,Karjat,4400,2000,3000,Maharashtra,Other
2014-09-20,Rice,3,Raigad,FAQ,Alibagh,1700,1500,1600,Maharashtra,Other
2014-09-22,Rice,3,Nandurbar,FAQ,Nandurbar,2150,2150,2150,Maharashtra,1009 Kar
2014-09-25,Rice,3,Kolhapur,FAQ,Kolhapur(Laxmipuri),5500,1900,3000,Maharashtra,1009 Kar
2014-09-25,Rice,3,Raigad,FAQ,Pen,6050,3550,4080,Maharashtra,Other
2014-09-27,Rice,3,Bhandara,FAQ,Tumsar,4396,3000,3698,Maharashtra,Other
2014-09-29,Rice,3,Thane,FAQ,Bhivandi,2550,1500,2050,Maharashtra,1009 Kar
2014-10-01,Rice,3,Sholapur,FAQ,Solapur,5600,2100,3600,Maharashtra,Other
2014-10-04,Rice,3,Bhandara,FAQ,Tumsar,4001,2051,3026,Maharashtra,Other
2014-10-06,Rice,3,Nashik,FAQ,Sinner,1421,1421,1421,Maharashtra,1009 Kar
2014-10-06,Rice,3,Bhandara,FAQ,Tumsar,3853,1700,2776,Maharashtra,Other
2014-10-07,Rice,3,Sholapur,FAQ,Solapur,5750,2100,3800,Maharashtra,Other
2014-10-08,Rice,3,Bhandara,FAQ,Tumsar,4000,1721,2860,Maharashtra,Other
2014-10-09,Rice,3,Nagpur,FAQ,Umared,4400,2000,3200,Maharashtra,Other
2014-10-10,Rice,3,Thane,FAQ,Bhivandi,2570,1470,2070,Maharashtra,1009 Kar
2014-10-11,Rice,3,Bhandara,FAQ,Tumsar,4200,1700,2950,Maharashtra,Other
2014-10-11,Rice,3,Sholapur,FAQ,Solapur,5850,2200,3800,Maharashtra,Other
2014-10-13,Rice,3,Latur,FAQ,Ahmedpur,1600,1550,1575,Maharashtra,Other
2014-10-15,Rice,3,Thane,FAQ,Vasai,3800,1600,2400,Maharashtra,1009 Kar
2014-10-16,Rice,3,Thane,FAQ,Vasai,3800,1600,2700,Maharashtra,1009 Kar
2014-10-16,Rice,3,Ahmednagar,FAQ,Karjat,4400,2000,3000,Maharashtra,Other
2014-10-17,Rice,3,Thane,FAQ,Bhivandi,2500,1200,2200,Maharashtra,1009 Kar
2014-10-17,Rice,3,Sholapur,FAQ,Solapur,5800,2100,3800,Maharashtra,Other
2014-10-20,Rice,3,Ahmednagar,FAQ,Karjat,4400,2000,3000,Maharashtra,Other
2014-10-20,Rice,3,Raigad,FAQ,Mangaon,3500,2000,2800,Maharashtra,Other
2014-10-20,Rice,3,Thane,FAQ,Bhivandi,2070,1480,1780,Maharashtra,1009 Kar
2014-10-21,Rice,3,Ahmednagar,FAQ,Karjat,4400,2000,3000,Maharashtra,Other
2014-10-25,Rice,3,Raigad,FAQ,Alibagh,1700,1500,1600,Maharashtra,Other
2014-10-29,Rice,3,Nashik,FAQ,Devala,1511,1511,1511,Maharashtra,Other
2014-10-29,Rice,3,Ahmednagar,FAQ,Karjat,4400,2000,3000,Maharashtra,Other
2014-10-29,Rice,3,Nandurbar,FAQ,Nandurbar,2086,2086,2086,Maharashtra,1009 Kar
2014-10-30,Rice,3,Ahmednagar,FAQ,Karjat,4400,2000,3000,Maharashtra,Other
2014-10-31,Rice,3,Thane,FAQ,Bhivandi,2500,1400,2000,Maharashtra,1009 Kar
2014-11-02,Rice,3,Pune,FAQ,Indapur(Bhigwan),1466,1415,1456,Maharashtra,1009 Kar
2014-11-03,Rice,3,Thane,FAQ,Bhivandi,2500,1400,1500,Maharashtra,1009 Kar
2014-11-05,Rice,3,Bhandara,FAQ,Tumsar,4230,3400,3815,Maharashtra,Other
2014-11-06,Rice,3,Sholapur,FAQ,Solapur,5800,2150,3800,Maharashtra,Other
2014-11-11,Rice,3,Raigad,FAQ,Mangaon,3500,1800,2800,Maharashtra,Other
2014-11-12,Rice,3,Raigad,FAQ,Mangaon,3500,1900,2800,Maharashtra,Other
2014-11-12,Rice,3,Sholapur,FAQ,Solapur,5750,2150,3800,Maharashtra,Other
2014-11-14,Rice,3,Raigad,FAQ,Alibagh,1700,1500,1600,Maharashtra,Other
2014-11-17,Rice,3,Sholapur,FAQ,Solapur,5650,2100,3800,Maharashtra,Other
2014-11-19,Rice,3,Nandurbar,FAQ,Nandurbar,3000,3000,3000,Maharashtra,1009 Kar
2014-11-19,Rice,3,Bhandara,FAQ,Tumsar,4400,4100,4250,Maharashtra,Other
2014-11-19,Rice,3,Thane,FAQ,Bhivandi,2000,1500,1800,Maharashtra,1009 Kar
2014-11-19,Rice,3,Raigad,FAQ,Pen,6050,3500,4080,Maharashtra,Other
2014-11-21,Rice,3,Raigad,FAQ,Pen,6050,3550,4080,Maharashtra,Other
2014-11-26,Rice,3,Gadchiroli,FAQ,Aheri,2000,2000,2000,Maharashtra,Other
2014-11-28,Rice,3,Raigad,FAQ,Pen,6500,3500,4080,Maharashtra,Other
2014-12-02,Rice,3,Raigad,FAQ,Mangaon,3500,1800,2800,Maharashtra,Other
2014-12-02,Rice,3,Thane,FAQ,Bhivandi,2500,1400,2000,Maharashtra,1009 Kar
2014-12-03,Rice,3,Raigad,FAQ,Alibagh,1700,1500,1600,Maharashtra,Other
2014-12-04,Rice,3,Raigad,FAQ,Alibagh,1700,1500,1600,Maharashtra,Other
2014-12-04,Rice,3,Nashik,FAQ,Lasalgaon,1592,1592,1592,Maharashtra,1009 Kar
2014-12-06,Rice,3,Raigad,FAQ,Alibagh,1700,1500,1600,Maharashtra,Other
2014-12-08,Rice,3,Thane,FAQ,Bhivandi,2500,1500,2000,Maharashtra,1009 Kar
2014-12-09,Rice,3,Thane,FAQ,Bhivandi,1500,1300,1400,Maharashtra,1009 Kar
2014-12-09,Rice,3,Raigad,FAQ,Mangaon,3500,1800,2800,Maharashtra,Other
2014-12-09,Rice,3,Raigad,FAQ,Alibagh,1700,1500,1600,Maharashtra,Other
2014-12-10,Rice,3,Bhandara,FAQ,Tumsar,3500,3000,3250,Maharashtra,Other
2014-12-11,Rice,3,Ahmednagar,FAQ,Karjat,4400,2000,3000,Maharashtra,Other
2014-12-12,Rice,3,Raigad,FAQ,Pen,6500,3550,4080,Maharashtra,Other
2014-12-13,Rice,3,Ahmednagar,FAQ,Karjat,4400,2000,3000,Maharashtra,Other
2014-12-14,Rice,3,Raigad,FAQ,Alibagh,1700,1500,1600,Maharashtra,Other
2014-12-14,Rice,3,Pune,FAQ,Indapur(Bhigwan),1412,1411,1411,Maharashtra,1009 Kar
2014-12-16,Rice,3,Raigad,FAQ,Alibagh,1700,1500,1600,Maharashtra,Other
2014-12-17,Rice,3,Raigad,FAQ,Mangaon,3800,1800,3000,Maharashtra,Other
2014-12-18,Rice,3,Nandurbar,FAQ,Nandurbar,3500,3500,3500,Maharashtra,1009 Kar
2014-12-18,Rice,3,Raigad,FAQ,Alibagh,1700,1500,1600,Maharashtra,Other
2014-12-18,Rice,3,Ahmednagar,FAQ,Karjat,4400,2000,3000,Maharashtra,Other
2014-12-19,Rice,3,Bhandara,FAQ,Bhandara,4000,3450,3700,Maharashtra,Other
2014-12-20,Rice,3,Ahmednagar,FAQ,Karjat,4400,2000,3000,Maharashtra,Other
2014-12-22,Rice,3,Raigad,FAQ,Pen,6500,3550,4080,Maharashtra,Other
2014-12-23,Rice,3,Raigad,FAQ,Alibagh,1700,1500,1600,Maharashtra,Other
2014-12-23,Rice,3,Raigad,FAQ,Pen,6500,3550,4080,Maharashtra,Other
2014-12-25,Rice,3,Ahmednagar,FAQ,Karjat,4400,2000,3000,Maharashtra,Other
2014-12-26,Rice,3,Raigad,FAQ,Pen,6500,3550,4090,Maharashtra,Other
2014-12-27,Rice,3,Raigad,FAQ,Alibagh,1700,1500,1600,Maharashtra,Other
2014-12-31,Rice,3,Thane,FAQ,Bhivandi,2550,1450,2050,Maharashtra,1009 Kar
2016-01-02,Rice,3,Bhandara,FAQ,Tumsar,3500,2400,2850,Maharashtra,Other
2016-01-04,Rice,3,Bhandara,FAQ,Tumsar,3479,3200,3260,Maharashtra,Other
2016-01-04,Rice,3,Sholapur,FAQ,Solapur,5130,2120,3445,Maharashtra,Other
2016-01-04,Rice,3,Ahmednagar,FAQ,Karjat,4400,2000,3000,Maharashtra,Other
2016-01-04,Rice,3,Kolhapur,FAQ,Kolhapur(Laxmipuri),4700,2000,3000,Maharashtra,1009 Kar
2016-01-04,Rice,3,Thane,FAQ,Bhivandi,4450,2200,3300,Maharashtra,1009 Kar
2016-01-05,Rice,3,Kolhapur,FAQ,Kolhapur(Laxmipuri),4700,2000,3000,Maharashtra,1009 Kar
2016-01-05,Rice,3,Nandurbar,FAQ,Nandurbar,2000,1500,2000,Maharashtra,1009 Kar
2016-01-06,Rice,3,Thane,FAQ,Vasai,4150,1860,2680,Maharashtra,1009 Kar
2016-01-06,Rice,3,Sholapur,FAQ,Solapur,5090,2110,3430,Maharashtra,Other
2016-01-07,Rice,3,Thane,FAQ,Vasai,4120,1870,2870,Maharashtra,1009 Kar
2016-01-07,Rice,3,Raigad,FAQ,Mangaon,3800,1800,2800,Maharashtra,Other
2016-01-07,Rice,3,Thane,FAQ,Palghar,3154,2070,3001,Maharashtra,1009 Kar
2016-01-07,Rice,3,Sholapur,FAQ,Solapur,5075,2110,2430,Maharashtra,Other
2016-01-07,Rice,3,Bhandara,FAQ,Tumsar,3500,3100,3471,Maharashtra,Other
2016-01-08,Rice,3,Thane,FAQ,Palghar,4620,2962,3000,Maharashtra,1009 Kar
2016-01-08,Rice,3,Raigad,FAQ,Murud,3000,2500,2750,Maharashtra,Other
2016-01-09,Rice,3,Bhandara,FAQ,Tumsar,3481,3380,3400,Maharashtra,Other
2016-01-09,Rice,3,Kolhapur,FAQ,Kolhapur(Laxmipuri),4700,2000,3000,Maharashtra,1009 Kar
2016-01-10,Rice,3,Bhandara,FAQ,Tumsar,3481,2831,3361,Maharashtra,Other
2016-01-11,Rice,3,Thane,FAQ,Bhivandi,3250,2250,2670,Maharashtra,1009 Kar
2016-01-11,Rice,3,Thane,FAQ,Palghar,3066,1900,1943,Maharashtra,1009 Kar
2016-01-12,Rice,3,Thane,FAQ,Vasai,4260,1820,2690,Maharashtra,1009 Kar
2016-01-12,Rice,3,Ahmednagar,FAQ,Karjat,4400,2000,3000,Maharashtra,Other
2016-01-13,Rice,3,Pune,FAQ,Nira(Saswad),3700,2200,2950,Maharashtra,Other
2016-01-13,Rice,3,Bhandara,FAQ,Tumsar,3415,2531,3400,Maharashtra,Other
2016-01-15,Rice,3,Raigad,FAQ,Alibagh,4000,3500,3750,Maharashtra,Other
2016-01-15,Rice,3,Thane,FAQ,Vasai,4410,1820,2760,Maharashtra,1009 Kar
2016-01-16,Rice,3,Raigad,FAQ,Murud,3000,2500,2750,Maharashtra,Other
2016-01-16,Rice,3,Nagpur,FAQ,Umared,3500,2000,3000,Maharashtra,Other
2016-01-17,Rice,3,Pune,FAQ,Bhor,4200,3500,4000,Maharashtra,Other
2016-01-18,Rice,3,Nandurbar,FAQ,Nandurbar,3000,3000,3000,Maharashtra,1009 Kar
2016-01-18,Rice,3,Dhule,FAQ,Sakri,3100,2000,2000,Maharashtra,Other
2016-01-18,Rice,3,Bhandara,FAQ,Tumsar,3461,2461,3280,Maharashtra,Other
2016-01-19,Rice,3,Sholapur,FAQ,Solapur,5025,2110,3405,Maharashtra,Other
2016-01-20,Rice,3,Bhandara,FAQ,Tumsar,3500,2461,3351,Maharashtra,Other
2016-01-20,Rice,3,Nandurbar,FAQ,Nandurbar,3100,3100,3100,Maharashtra,1009 Kar
2016-01-20,Rice,3,Kolhapur,FAQ,Kolhapur(Laxmipuri),4700,2000,3000,Maharashtra,1009 Kar
2016-01-21,Rice,3,Raigad,FAQ,Pen,6050,3550,4080,Maharashtra,Other
2016-01-21,Rice,3,Raigad,FAQ,Murud,3000,2500,2750,Maharashtra,Other
2016-01-22,Rice,3,Raigad,FAQ,Murud,3000,2500,2750,Maharashtra,Other
2016-01-22,Rice,3,Raigad,FAQ,Alibagh,4000,3500,3750,Maharashtra,Other
2016-01-22,Rice,3,Bhandara,FAQ,Bhandara,3500,3330,3380,Maharashtra,Other
2016-01-23,Rice,3,Nagpur,FAQ,Umared,3500,2000,3000,Maharashtra,Other
2016-01-25,Rice,3,Raigad,FAQ,Murud,3000,2500,2750,Maharashtra,Other
2016-01-25,Rice,3,Raigad,FAQ,Mangaon,3500,1800,2800,Maharashtra,Other
2016-01-25,Rice,3,Thane,FAQ,Palghar,3233,1860,2628,Maharashtra,1009 Kar
2016-01-25,Rice,3,Thane,FAQ,Bhivandi,4550,2250,3550,Maharashtra,1009 Kar
2016-01-26,Rice,3,Thane,FAQ,Palghar,3304,3195,3294,Maharashtra,1009 Kar
2016-01-27,Rice,3,Thane,FAQ,Palghar,4300,2450,2700,Maharashtra,1009 Kar
2016-01-28,Rice,3,Raigad,FAQ,Pen,6050,3550,4080,Maharashtra,Other
2016-01-28,Rice,3,Thane,FAQ,Bhivandi,4500,2200,3500,Maharashtra,1009 Kar
2016-01-30,Rice,3,Thane,FAQ,Palghar,3342,3057,3100,Maharashtra,1009 Kar
2016-01-30,Rice,3,Nanded,FAQ,Bhokar,1651,1651,1651,Maharashtra,1009 Kar
2016-01-30,Rice,3,Nagpur,FAQ,Ramtek,1994,1901,1947,Maharashtra,1009 Kar
2016-01-31,Rice,3,Bhandara,FAQ,Tumsar,3431,3200,3305,Maharashtra,Other
2016-02-01,Rice,3,Raigad,FAQ,Murud,3000,2500,2750,Maharashtra,Other
2016-02-01,Rice,3,Raigad,FAQ,Alibagh,4000,3500,3750,Maharashtra,Other
2016-02-01,Rice,3,Raigad,FAQ,Mangaon,3500,1800,2800,Maharashtra,Other
2016-02-03,Rice,3,Raigad,FAQ,Mangaon,3500,1800,2800,Maharashtra,Other
2016-02-03,Rice,3,Thane,FAQ,Palghar,4251,2086,4151,Maharashtra,1009 Kar
2016-02-03,Rice,3,Sholapur,FAQ,Solapur,5075,2215,3405,Maharashtra,Other
2016-02-03,Rice,3,Bhandara,FAQ,Tumsar,3356,3200,3205,Maharashtra,Other
2016-02-03,Rice,3,Nandurbar,FAQ,Nandurbar,3200,3200,3200,Maharashtra,1009 Kar
2016-02-03,Rice,3,Pune,FAQ,Nira(Saswad),3711,2700,3255,Maharashtra,Other
2016-02-04,Rice,3,Sholapur,FAQ,Solapur,5060,2215,3400,Maharashtra,Other
2016-02-05,Rice,3,Thane,FAQ,Bhivandi,2400,2200,2350,Maharashtra,1009 Kar
2016-02-06,Rice,3,Ahmednagar,FAQ,Karjat,4400,2000,3000,Maharashtra,Other
2016-02-06,Rice,3,Nagpur,FAQ,Umared,3500,3000,3300,Maharashtra,Other
2016-02-07,Rice,3,Thane,FAQ,Palghar,2719,1959,1963,Maharashtra,1009 Kar
2016-02-08,Rice,3,Bhandara,FAQ,Bhandara,3460,3300,3345,Maharashtra,Other
2016-02-08,Rice,3,Thane,FAQ,Bhivandi,2300,1900,2050,Maharashtra,1009 Kar
2016-02-08,Rice,3,Bhandara,FAQ,Tumsar,3211,2461,2941,Maharashtra,Other
2016-02-09,Rice,3,Sholapur,FAQ,Solapur,5045,2215,3385,Maharashtra,Other
2016-02-09,Rice,3,Thane,FAQ,Vasai,3980,1790,2680,Maharashtra,1009 Kar
2016-02-09,Rice,3,Kolhapur,FAQ,Kolhapur(Laxmipuri),4700,2050,3000,Maharashtra,1009 Kar
2016-02-10,Rice,3,Bhandara,FAQ,Tumsar,3361,2475,3051,Maharashtra,Other
2016-02-10,Rice,3,Thane,FAQ,Bhivandi,2450,2050,2250,Maharashtra,1009 Kar
2016-02-10,Rice,3,Thane,FAQ,Palghar,2638,1925,1960,Maharashtra,1009 Kar
2016-02-11,Rice,3,Ahmednagar,FAQ,Karjat,4400,2000,3000,Maharashtra,Other
2016-02-11,Rice,3,Raigad,FAQ,Alibagh,4000,3500,3750,Maharashtra,Other
2016-02-11,Rice,3,Kolhapur,FAQ,Kolhapur(Laxmipuri),4700,2050,3000,Maharashtra,1009 Kar
2016-02-11,Rice,3,Thane,FAQ,Palghar,3900,2262,3045,Maharashtra,1009 Kar
2016-02-13,Rice,3,Thane,FAQ,Palghar,4042,3053,3985,Maharashtra,1009 Kar
2016-02-13,Rice,3,Bhandara,FAQ,Tumsar,3700,2461,3451,Maharashtra,Other
2016-02-13,Rice,3,Raigad,FAQ,Alibagh,4000,3500,3750,Maharashtra,Other
2016-02-14,Rice,3,Thane,FAQ,Vasai,4410,1840,2690,Maharashtra,1009 Kar
2016-02-15,Rice,3,Thane,FAQ,Ulhasnagar,3000,2000,2500,Maharashtra,Other
2016-02-15,Rice,3,Ahmednagar,FAQ,Karjat,4400,2000,3000,Maharashtra,Other
2016-02-15,Rice,3,Sholapur,FAQ,Solapur,5070,2215,3385,Maharashtra,Other
2016-02-16,Rice,3,Ahmednagar,FAQ,Karjat,4400,2000,3000,Maharashtra,Other
2016-02-16,Rice,3,Sholapur,FAQ,Solapur,5075,2210,3380,Maharashtra,Other
2016-02-16,Rice,3,Raigad,FAQ,Mangaon,3500,1800,2800,Maharashtra,Other
2016-02-17,Rice,3,Sholapur,FAQ,Solapur,5080,2215,3375,Maharashtra,Other
2016-02-17,Rice,3,Pune,FAQ,Nira(Saswad),3600,2800,3200,Maharashtra,Other
2016-02-17,Rice,3,Thane,FAQ,Bhivandi,4400,2200,3350,Maharashtra,1009 Kar
2016-02-17,Rice,3,Raigad,FAQ,Murud,4000,3000,3500,Maharashtra,Other
2016-02-18,Rice,3,Sholapur,FAQ,Solapur,5085,2220,3370,Maharashtra,Other
2016-02-18,Rice,3,Ahmednagar,FAQ,Karjat,4400,2000,3000,Maharashtra,Other
2016-02-19,Rice,3,Raigad,FAQ,Mangaon,3500,1800,1800,Maharashtra,Other
2016-02-20,Rice,3,Ahmednagar,FAQ,Karjat,4400,2000,3000,Maharashtra,Other
2016-02-20,Rice,3,Bhandara,FAQ,Tumsar,3400,2800,3351,Maharashtra,Other
2016-02-20,Rice,3,Kolhapur,FAQ,Kolhapur(Laxmipuri),4700,2050,3000,Maharashtra,1009 Kar
2016-02-22,Rice,3,Ahmednagar,FAQ,Karjat,4400,2000,3000,Maharashtra,Other
2016-02-22,Rice,3,Thane,FAQ,Bhivandi,2450,2100,2250,Maharashtra,1009 Kar
2016-02-23,Rice,3,Thane,FAQ,Palghar,3051,2009,2720,Maharashtra,1009 Kar
2016-02-23,Rice,3,Raigad,FAQ,Alibagh,4500,3500,4000,Maharashtra,Other
2016-02-24,Rice,3,Thane,FAQ,Vasai,4510,1790,2780,Maharashtra,1009 Kar
2016-02-24,Rice,3,Raigad,FAQ,Murud,3000,2500,2750,Maharashtra,Other
2016-02-24,Rice,3,Latur,FAQ,Ahmedpur,1500,1500,1500,Maharashtra,Other
2016-02-24,Rice,3,Bhandara,FAQ,Tumsar,3300,2800,3093,Maharashtra,Other
2016-02-24,Rice,3,Thane,FAQ,Bhivandi,3400,2400,2800,Maharashtra,1009 Kar
2016-02-24,Rice,3,Pune,FAQ,Nira(Saswad),3600,2800,3200,Maharashtra,Other
2016-02-24,Rice,3,Sholapur,FAQ,Solapur,5095,2220,3700,Maharashtra,Other
2016-02-25,Rice,3,Nandurbar,FAQ,Navapur,1800,1800,1800,Maharashtra,1009 Kar
2016-02-26,Rice,3,Thane,FAQ,Palghar,3851,1900,2800,Maharashtra,1009 Kar
2016-02-27,Rice,3,Kolhapur,FAQ,Kolhapur(Laxmipuri),5000,1950,3100,Maharashtra,1009 Kar
2016-02-27,Rice,3,Raigad,FAQ,Alibagh,4000,3500,3500,Maharashtra,Other
2016-02-29,Rice,3,Kolhapur,FAQ,Kolhapur(Laxmipuri),5000,1950,3100,Maharashtra,1009 Kar
2016-03-01,Rice,3,Thane,FAQ,Palghar,3177,2029,2990,Maharashtra,1009 Kar
2016-03-01,Rice,3,Nashik,FAQ,Devala,1490,1490,1490,Maharashtra,Other
2016-03-01,Rice,3,Thane,FAQ,Bhivandi,3240,2450,2850,Maharashtra,1009 Kar
2016-03-02,Rice,3,Ahmednagar,FAQ,Karjat,4400,2000,3000,Maharashtra,Other
2016-03-02,Rice,3,Kolhapur,FAQ,Kolhapur(Laxmipuri),4500,2050,3000,Maharashtra,1009 Kar
2016-03-02,Rice,3,Pune,FAQ,Nira(Saswad),3700,2800,3250,Maharashtra,Other
2016-03-02,Rice,3,Raigad,FAQ,Alibagh,4500,3500,4000,Maharashtra,Other
2016-03-02,Rice,3,Thane,FAQ,Vasai,4320,1870,2760,Maharashtra,1009 Kar
2016-03-03,Rice,3,Sholapur,FAQ,Solapur,5090,2210,3330,Maharashtra,Other
2016-03-04,Rice,3,Thane,FAQ,Bhivandi,4500,2050,3200,Maharashtra,1009 Kar
2016-03-04,Rice,3,Raigad,FAQ,Murud,3500,2500,3000,Maharashtra,Other
2016-03-04,Rice,3,Sholapur,FAQ,Solapur,5095,2215,3345,Maharashtra,Other
2016-03-06,Rice,3,Pune,FAQ,Indapur(Bhigwan),1611,1600,1601,Maharashtra,1009 Kar
2016-03-07,Rice,3,Thane,FAQ,Palghar,3145,2516,2580,Maharashtra,1009 Kar
2016-03-08,Rice,3,Raigad,FAQ,Murud,3500,2500,3000,Maharashtra,Other
2016-03-08,Rice,3,Nandurbar,FAQ,Navapur,1800,1800,1800,Maharashtra,1009 Kar
2016-03-08,Rice,3,Raigad,FAQ,Pen,6050,3550,4080,Maharashtra,Other
2016-03-09,Rice,3,Thane,FAQ,Palghar,3130,1960,3101,Maharashtra,1009 Kar
2016-03-09,Rice,3,Raigad,FAQ,Alibagh,4500,3500,4000,Maharashtra,Other
2016-03-10,Rice,3,Raigad,FAQ,Murud,3500,2500,3000,Maharashtra,Other
2016-03-10,Rice,3,Raigad,FAQ,Alibagh,4500,3500,4000,Maharashtra,Other
2016-03-10,Rice,3,Sholapur,FAQ,Solapur,5110,2215,3340,Maharashtra,Other
2016-03-12,Rice,3,Raigad,FAQ,Murud,3500,2500,3000,Maharashtra,Other
2016-03-13,Rice,3,Pune,FAQ,Indapur(Bhigwan),1611,1600,1601,Maharashtra,1009 Kar
2016-03-14,Rice,3,Thane,FAQ,Palghar,2415,2415,2415,Maharashtra,1009 Kar
2016-03-14,Rice,3,Ahmednagar,FAQ,Karjat,4400,2000,3000,Maharashtra,Other
2016-03-14,Rice,3,Bhandara,FAQ,Tumsar,3400,2411,3200,Maharashtra,Other
2016-03-15,Rice,3,Thane,FAQ,Palghar,3312,3294,3306,Maharashtra,1009 Kar
2016-03-16,Rice,3,Thane,FAQ,Palghar,4142,3118,3700,Maharashtra,1009 Kar
2016-03-16,Rice,3,Raigad,FAQ,Murud,3500,2500,3000,Maharashtra,Other
2016-03-17,Rice,3,Kolhapur,FAQ,Kolhapur(Laxmipuri),4700,2050,3100,Maharashtra,1009 Kar
2016-03-17,Rice,3,Thane,FAQ,Bhivandi,3250,2000,2550,Maharashtra,1009 Kar
2016-03-18,Rice,3,Kolhapur,FAQ,Kolhapur(Laxmipuri),4700,2050,3100,Maharashtra,1009 Kar
2016-03-18,Rice,3,Raigad,FAQ,Murud,3500,2500,3000,Maharashtra,Other
2016-03-18,Rice,3,Raigad,FAQ,Mangaon,3500,1800,2800,Maharashtra,Other
2016-03-19,Rice,3,Ahmednagar,FAQ,Karjat,4400,2000,3000,Maharashtra,Other
2016-03-19,Rice,3,Thane,FAQ,Palghar,2841,2577,2613,Maharashtra,1009 Kar
2016-03-20,Rice,3,Bhandara,FAQ,Tumsar,3400,2400,3211,Maharashtra,Other
2016-03-21,Rice,3,Pune,FAQ,Indapur,1300,1300,1300,Maharashtra,1009 Kar
2016-03-22,Rice,3,Raigad,FAQ,Alibagh,4500,3500,4000,Maharashtra,Other
2016-03-22,Rice,3,Raigad,FAQ,Murud,3500,2500,3000,Maharashtra,Other
2016-03-23,Rice,3,Kolhapur,FAQ,Kolhapur(Laxmipuri),4700,2050,3100,Maharashtra,1009 Kar
2016-03-23,Rice,3,Raigad,FAQ,Alibagh,4500,3500,4000,Maharashtra,Other
2016-03-24,Rice,3,Ahmednagar,FAQ,Karjat,4400,2000,3000,Maharashtra,Other
2016-03-24,Rice,3,Raigad,FAQ,Mangaon,3500,1800,2800,Maharashtra,Other
2016-03-24,Rice,3,Raigad,FAQ,Murud,3500,2500,3000,Maharashtra,Other
2016-03-26,Rice,3,Sholapur,FAQ,Solapur,5135,2215,3305,Maharashtra,Other
2016-03-26,Rice,3,Raigad,FAQ,Murud,3500,2500,3000,Maharashtra,Other
2016-03-28,Rice,3,Thane,FAQ,Vasai,4360,1725,2740,Maharashtra,1009 Kar
2016-03-28,Rice,3,Raigad,FAQ,Alibagh,4500,3500,4000,Maharashtra,Other
2016-03-29,Rice,3,Raigad,FAQ,Mangaon,3500,1800,2800,Maharashtra,Other
2016-03-29,Rice,3,Thane,FAQ,Palghar,4500,2895,3851,Maharashtra,1009 Kar
2016-03-30,Rice,3,Raigad,FAQ,Alibagh,4500,3500,4000,Maharashtra,Other
2016-03-31,Rice,3,Nagpur,FAQ,Umared,3500,2000,2300,Maharashtra,Other
2016-03-31,Rice,3,Raigad,FAQ,Murud,3500,2500,3000,Maharashtra,Other
2016-03-31,Rice,3,Bhandara,FAQ,Tumsar,3390,3300,3390,Maharashtra,Other
2016-04-02,Rice,3,Thane,FAQ,Bhivandi,3540,2070,2590,Maharashtra,1009 Kar
2016-04-02,Rice,3,Thane,FAQ,Palghar,3004,2996,3000,Maharashtra,1009 Kar
2016-04-02,Rice,3,Thane,FAQ,Vasai,4100,1800,2380,Maharashtra,1009 Kar
2016-04-02,Rice,3,Ahmednagar,FAQ,Karjat,4400,2000,3000,Maharashtra,Other
2016-04-03,Rice,3,Ahmednagar,FAQ,Karjat,4400,2000,3000,Maharashtra,Other
2016-04-04,Rice,3,Sholapur,FAQ,Solapur,5150,2210,3305,Maharashtra,Other
2016-04-04,Rice,3,Thane,FAQ,Bhivandi,3540,2180,3050,Maharashtra,1009 Kar
2016-04-06,Rice,3,Raigad,FAQ,Alibagh,4500,3500,4000,Maharashtra,Other
2016-04-07,Rice,3,Raigad,FAQ,Mangaon,3500,1800,2800,Maharashtra,Other
2016-04-07,Rice,3,Raigad,FAQ,Murud,3500,2500,3000,Maharashtra,Other
2016-04-08,Rice,3,Raigad,FAQ,Mangaon,3800,2000,2500,Maharashtra,Other
2016-04-08,Rice,3,Thane,FAQ,Bhivandi,3500,2190,2900,Maharashtra,1009 Kar
2016-04-08,Rice,3,Raigad,FAQ,Murud,3500,2500,3000,Maharashtra,Other
2016-04-08,Rice,3,Raigad,FAQ,Alibagh,4500,3500,4000,Maharashtra,Other
2016-04-09,Rice,3,Thane,FAQ,Bhivandi,4000,2000,3500,Maharashtra,1009 Kar
2016-04-10,Rice,3,Bhandara,FAQ,Tumsar,3500,3000,3225,Maharashtra,Other
2016-04-11,Rice,3,Thane,FAQ,Bhivandi,3480,2250,2850,Maharashtra,1009 Kar
2016-04-11,Rice,3,Thane,FAQ,Palghar,3133,2100,2820,Maharashtra,1009 Kar
2016-04-12,Rice,3,Ahmednagar,FAQ,Karjat,4400,2000,3000,Maharashtra,Other
2016-04-13,Rice,3,Sangli,FAQ,Sangli,5500,2000,4000,Maharashtra,Other
2016-04-13,Rice,3,Pune,FAQ,Nira(Saswad),3721,3000,3360,Maharashtra,Other
2016-04-13,Rice,3,Thane,FAQ,Bhivandi,2400,2200,2250,Maharashtra,1009 Kar
2016-04-14,Rice,3,Ahmednagar,FAQ,Karjat,4400,2000,3000,Maharashtra,Other
2016-04-15,Rice,3,Thane,FAQ,Palghar,3800,2815,3308,Maharashtra,1009 Kar
2016-04-15,Rice,3,Thane,FAQ,Bhivandi,3500,2100,3050,Maharashtra,1009 Kar
2016-04-16,Rice,3,Ahmednagar,FAQ,Karjat,4400,2000,3000,Maharashtra,Other
2016-04-16,Rice,3,Bhandara,FAQ,Tumsar,3471,3300,3411,Maharashtra,Other
2016-04-16,Rice,3,Raigad,FAQ,Mangaon,3500,1800,2800,Maharashtra,Other
2016-04-17,Rice,3,Thane,FAQ,Palghar,2812,2402,2607,Maharashtra,1009 Kar
2016-04-17,Rice,3,Bhandara,FAQ,Tumsar,3401,3211,3401,Maharashtra,Other
2016-04-20,Rice,3,Nashik,FAQ,Sinner,1900,1900,1900,Maharashtra,1009 Kar
2016-04-20,Rice,3,Pune,FAQ,Nira(Saswad),3600,2800,3200,Maharashtra,Other
2016-04-20,Rice,3,Sangli,FAQ,Sangli,5600,1700,4800,Maharashtra,Other
2016-04-20,Rice,3,Raigad,FAQ,Mangaon,3500,1800,2800,Maharashtra,Other
2016-04-20,Rice,3,Kolhapur,FAQ,Kolhapur(Laxmipuri),4700,2050,3500,Maharashtra,1009 Kar
2016-04-22,Rice,3,Sholapur,FAQ,Solapur,5195,2225,3285,Maharashtra,Other
2016-04-22,Rice,3,Kolhapur,FAQ,Kolhapur(Laxmipuri),4700,2050,3500,Maharashtra,1009 Kar
2016-04-22,Rice,3,Raigad,FAQ,Murud,3500,2500,3000,Maharashtra,Other
2016-04-23,Rice,3,Raigad,FAQ,Alibagh,4500,3500,4000,Maharashtra,Other
2016-04-23,Rice,3,Bhandara,FAQ,Bhandara,3600,3500,3580,Maharashtra,Other
2016-04-23,Rice,3,Raigad,FAQ,Murud,3500,2500,3000,Maharashtra,Other
2016-04-25,Rice,3,Bhandara,FAQ,Bhandara,3700,3500,3625,Maharashtra,Other
2016-04-25,Rice,3,Sangli,FAQ,Sangli,5500,1950,4800,Maharashtra,Other
2016-04-25,Rice,3,Kolhapur,FAQ,Kolhapur(Laxmipuri),4700,2050,3500,Maharashtra,1009 Kar
2016-04-25,Rice,3,Bhandara,FAQ,Tumsar,3500,2950,3125,Maharashtra,Other
2016-04-26,Rice,3,Raigad,FAQ,Alibagh,4500,3500,4000,Maharashtra,Other
2016-04-26,Rice,3,Sholapur,FAQ,Solapur,5200,2225,3270,Maharashtra,Other
2016-04-26,Rice,3,Kolhapur,FAQ,Kolhapur(Laxmipuri),4700,2300,3500,Maharashtra,1009 Kar
2016-04-28,Rice,3,Raigad,FAQ,Murud,3500,2500,3000,Maharashtra,Other
2016-04-29,Rice,3,Kolhapur,FAQ,Kolhapur(Laxmipuri),4700,2300,3500,Maharashtra,1009 Kar
2016-04-29,Rice,3,Raigad,FAQ,Alibagh,4500,3500,4000,Maharashtra,Other
2016-04-30,Rice,3,Raigad,FAQ,Murud,3500,2500,3000,Maharashtra,Other
2016-05-02,Rice,3,Sholapur,FAQ,Solapur,5200,2220,3270,Maharashtra,Other
2016-05-02,Rice,3,Raigad,FAQ,Alibagh,4500,3500,4000,Maharashtra,Other
2016-05-05,Rice,3,Kolhapur,FAQ,Kolhapur(Laxmipuri),4700,2050,3500,Maharashtra,1009 Kar
2016-05-05,Rice,3,Bhandara,FAQ,Tumsar,3521,2251,3400,Maharashtra,Other
2016-05-06,Rice,3,Raigad,FAQ,Alibagh,4500,3500,4000,Maharashtra,Other
2016-05-06,Rice,3,Bhandara,FAQ,Bhandara,3435,3435,3435,Maharashtra,Other
2016-05-07,Rice,3,Raigad,FAQ,Alibagh,4500,3500,4000,Maharashtra,Other
2016-05-07,Rice,3,Thane,FAQ,Bhivandi,4500,2180,3050,Maharashtra,1009 Kar
2016-05-07,Rice,3,Raigad,FAQ,Mangaon,3500,1800,2800,Maharashtra,Other
2016-05-09,Rice,3,Sholapur,FAQ,Solapur,5210,2225,3275,Maharashtra,Other
2016-05-10,Rice,3,Gadchiroli,FAQ,Aheri,1800,1800,1800,Maharashtra,Other
2016-05-10,Rice,3,Kolhapur,FAQ,Kolhapur(Laxmipuri),5100,2100,3600,Maharashtra,1009 Kar
2016-05-12,Rice,3,Raigad,FAQ,Alibagh,4500,3500,4000,Maharashtra,Other
2016-05-12,Rice,3,Raigad,FAQ,Khalapur (Shil-Phata),4000,1950,2800,Maharashtra,Other
2016-05-12,Rice,3,Nashik,FAQ,Sinner,1000,1000,1000,Maharashtra,1009 Kar
2016-05-13,Rice,3,Raigad,FAQ,Alibagh,4500,3500,4000,Maharashtra,Other
2016-05-13,Rice,3,Sholapur,FAQ,Solapur,5200,2210,3275,Maharashtra,Other
2016-05-13,Rice,3,Raigad,FAQ,Pen,6050,3550,4080,Maharashtra,Other
2016-05-14,Rice,3,Nagpur,FAQ,Umared,3800,2000,3300,Maharashtra,Other
2016-05-14,Rice,3,Raigad,FAQ,Alibagh,4500,3500,4000,Maharashtra,Other
2016-05-16,Rice,3,Sholapur,FAQ,Solapur,5210,2220,3265,Maharashtra,Other
2016-05-17,Rice,3,Ahmednagar,FAQ,Karjat,4400,2000,3000,Maharashtra,Other
2016-05-17,Rice,3,Thane,FAQ,Palghar,2635,1970,2294,Maharashtra,1009 Kar
2016-05-17,Rice,3,Sholapur,FAQ,Solapur,5205,2210,3260,Maharashtra,Other
2016-05-18,Rice,3,Kolhapur,FAQ,Kolhapur(Laxmipuri),5000,2100,3900,Maharashtra,1009 Kar
2016-05-18,Rice,3,Raigad,FAQ,Alibagh,4500,3500,4000,Maharashtra,Other
2016-05-19,Rice,3,Nagpur,FAQ,Umared,4000,2000,3300,Maharashtra,Other
2016-05-19,Rice,3,Raigad,FAQ,Pen,6050,3550,4080,Maharashtra,Other
2016-05-19,Rice,3,Thane,FAQ,Vasai,4680,1840,2790,Maharashtra,1009 Kar
2016-05-20,Rice,3,Raigad,FAQ,Pen,6050,3550,4080,Maharashtra,Other
2016-05-20,Rice,3,Sholapur,FAQ,Solapur,5500,2220,3290,Maharashtra,Other
2016-05-20,Rice,3,Raigad,FAQ,Khalapur (Shil-Phata),5900,2200,3200,Maharashtra,Other
2016-05-21,Rice,3,Sholapur,FAQ,Solapur,5500,2225,3280,Maharashtra,Other
2016-05-24,Rice,3,Raigad,FAQ,Alibagh,4500,3500,4000,Maharashtra,Other
2016-05-24,Rice,3,Kolhapur,FAQ,Kolhapur(Laxmipuri),4700,2100,3900,Maharashtra,1009 Kar
2016-05-24,Rice,3,Thane,FAQ,Ulhasnagar,3800,2000,3000,Maharashtra,Other
2016-05-24,Rice,3,Thane,FAQ,Bhivandi,3800,2200,3000,Maharashtra,1009 Kar
2016-05-25,Rice,3,Thane,FAQ,Bhivandi,3600,2000,2450,Maharashtra,1009 Kar
2016-05-26,Rice,3,Thane,FAQ,Vasai,4600,1870,2840,Maharashtra,1009 Kar
2016-05-26,Rice,3,Raigad,FAQ,Pen,6050,3550,4070,Maharashtra,Other
2016-05-26,Rice,3,Bhandara,FAQ,Bhandara,3640,3400,3585,Maharashtra,Other
2016-05-27,Rice,3,Sangli,FAQ,Sangli,6000,2000,4500,Maharashtra,Other
2016-05-27,Rice,3,Sholapur,FAQ,Solapur,5555,2220,3295,Maharashtra,Other
2016-05-27,Rice,3,Raigad,FAQ,Panvel,1450,1410,1430,Maharashtra,Other
2016-05-28,Rice,3,Thane,FAQ,Bhivandi,4500,3450,3560,Maharashtra,1009 Kar
2016-05-28,Rice,3,Raigad,FAQ,Alibagh,4500,3500,4000,Maharashtra,Other
2016-05-28,Rice,3,Sangli,FAQ,Sangli,5500,2000,4500,Maharashtra,Other
2016-05-29,Rice,3,Bhandara,FAQ,Tumsar,2500,2500,2500,Maharashtra,Other
2016-05-30,Rice,3,Raigad,FAQ,Murud,1450,1410,1430,Maharashtra,Other
2016-05-30,Rice,3,Raigad,FAQ,Alibagh,1450,1410,1430,Maharashtra,Other
2016-05-30,Rice,3,Bhandara,FAQ,Bhandara,3700,3400,3550,Maharashtra,Other
2016-05-31,Rice,3,Ahmednagar,FAQ,Karjat,4400,2000,3000,Maharashtra,Other
2016-05-31,Rice,3,Sholapur,FAQ,Solapur,5550,2210,3295,Maharashtra,Other
2016-05-31,Rice,3,Raigad,FAQ,Mangaon,3500,2000,2500,Maharashtra,Other
2016-05-31,Rice,3,Thane,FAQ,Ulhasnagar,5000,2000,3000,Maharashtra,Other
2016-06-01,Rice,3,Thane,FAQ,Vasai,4700,1890,2840,Maharashtra,1009 Kar
2016-06-01,Rice,3,Raigad,FAQ,Mangaon,3500,1800,2800,Maharashtra,Other
2016-06-01,Rice,3,Raigad,FAQ,Alibagh,4500,3500,4000,Maharashtra,Other
2016-06-02,Rice,3,Sholapur,FAQ,Solapur,5580,2225,3305,Maharashtra,Other
2016-06-02,Rice,3,Raigad,FAQ,Mangaon,3800,2000,2800,Maharashtra,Other
2016-06-02,Rice,3,Bhandara,FAQ,Tumsar,3500,1500,2500,Maharashtra,Other
2016-06-02,Rice,3,Thane,FAQ,Vasai,4380,1860,2780,Maharashtra,1009 Kar
2016-06-03,Rice,3,Raigad,FAQ,Alibagh,4500,3500,4000,Maharashtra,Other
2016-06-03,Rice,3,Bhandara,FAQ,Bhandara,3740,3500,3650,Maharashtra,Other
2016-06-04,Rice,3,Thane,FAQ,Ulhasnagar,4000,2000,3000,Maharashtra,Other
2016-06-04,Rice,3,Sangli,FAQ,Sangli,5500,2000,4500,Maharashtra,Other
2016-06-05,Rice,3,Pune,FAQ,Indapur(Bhigwan),1831,1780,1795,Maharashtra,1009 Kar
2016-06-06,Rice,3,Kolhapur,FAQ,Kolhapur(Laxmipuri),4900,2050,3600,Maharashtra,1009 Kar
2016-06-07,Rice,3,Kolhapur,FAQ,Kolhapur(Laxmipuri),4900,2100,3750,Maharashtra,1009 Kar
2016-06-07,Rice,3,Thane,FAQ,Vasai,4160,1980,2740,Maharashtra,1009 Kar
2016-06-07,Rice,3,Raigad,FAQ,Pen,6080,3550,4090,Maharashtra,Other
2016-06-07,Rice,3,Ahmednagar,FAQ,Karjat,4400,2000,3000,Maharashtra,Other
2016-06-07,Rice,3,Nandurbar,FAQ,Nandurbar,3000,3000,3000,Maharashtra,1009 Kar
2016-06-08,Rice,3,Pune,FAQ,Nira(Saswad),3600,3000,3300,Maharashtra,Other
2016-06-08,Rice,3,Raigad,FAQ,Mangaon,3800,1800,2800,Maharashtra,Other
2016-06-08,Rice,3,Ahmednagar,FAQ,Karjat,6000,2000,3000,Maharashtra,Other
2016-06-08,Rice,3,Thane,FAQ,Vasai,4870,1990,2940,Maharashtra,1009 Kar
2016-06-08,Rice,3,Thane,FAQ,Bhivandi,2200,1900,2050,Maharashtra,1009 Kar
2016-06-09,Rice,3,Raigad,FAQ,Khalapur (Shil-Phata),6500,2200,3200,Maharashtra,Other
2016-06-09,Rice,3,Ahmednagar,FAQ,Karjat,4400,2000,3000,Maharashtra,Other
2016-06-09,Rice,3,Raigad,FAQ,Mangaon,3800,1800,2800,Maharashtra,Other
2016-06-10,Rice,3,Raigad,FAQ,Murud,3500,2500,3000,Maharashtra,Other
2016-06-10,Rice,3,Sangli,FAQ,Sangli,6000,2000,4500,Maharashtra,Other
2016-06-10,Rice,3,Thane,FAQ,Bhivandi,2250,1900,2000,Maharashtra,1009 Kar
2016-06-11,Rice,3,Thane,FAQ,Bhivandi,2300,2100,2100,Maharashtra,1009 Kar
2016-06-11,Rice,3,Thane,FAQ,Palghar,1980,1980,1980,Maharashtra,1009 Kar
2016-06-11,Rice,3,Gadchiroli,FAQ,Aheri,3000,3000,3000,Maharashtra,Other
2016-06-12,Rice,3,Bhandara,FAQ,Tumsar,4065,3205,3485,Maharashtra,Other
2016-06-14,Rice,3,Thane,FAQ,Bhivandi,2350,2150,2250,Maharashtra,1009 Kar
2016-06-14,Rice,3,Raigad,FAQ,Murud,3500,2500,3000,Maharashtra,Other
2016-06-14,Rice,3,Raigad,FAQ,Pen,6080,3550,4090,Maharashtra,Other
2016-06-14,Rice,3,Thane,FAQ,Palghar,3120,2350,2735,Maharashtra,1009 Kar
2016-06-15,Rice,3,Nandurbar,FAQ,Nandurbar,3000,3000,3000,Maharashtra,1009 Kar
2016-06-16,Rice,3,Raigad,FAQ,Murud,3500,2500,3000,Maharashtra,Other
2016-06-16,Rice,3,Thane,FAQ,Bhivandi,2100,1800,2050,Maharashtra,1009 Kar
2016-06-16,Rice,3,Bhandara,FAQ,Tumsar,3400,3400,3400,Maharashtra,Other
2016-06-17,Rice,3,Thane,FAQ,Vasai,4740,1890,2680,Maharashtra,1009 Kar
2016-06-17,Rice,3,Sangli,FAQ,Sangli,6000,1900,4500,Maharashtra,Other
2016-06-17,Rice,3,Thane,FAQ,Palghar,4105,2100,2500,Maharashtra,1009 Kar
2016-06-17,Rice,3,Raigad,FAQ,Alibagh,4500,3500,4000,Maharashtra,Other
2016-06-18,Rice,3,Bhandara,FAQ,Tumsar,3301,3000,3150,Maharashtra,Other
2016-06-19,Rice,3,Pune,FAQ,Indapur(Bhigwan),1785,1725,1785,Maharashtra,1009 Kar
2016-06-20,Rice,3,Raigad,FAQ,Khalapur (Shil-Phata),6800,2500,3500,Maharashtra,Other
2016-06-23,Rice,3,Thane,FAQ,Palghar,4991,1894,3320,Maharashtra,1009 Kar
2016-06-23,Rice,3,Pune,FAQ,Indapur,1371,1371,1371,Maharashtra,1009 Kar
2016-06-23,Rice,3,Sholapur,FAQ,Solapur,5675,2230,3300,Maharashtra,Other
2016-06-23,Rice,3,Sangli,FAQ,Sangli,6000,2000,4500,Maharashtra,Other
2016-06-23,Rice,3,Raigad,FAQ,Murud,3500,2500,3000,Maharashtra,Other
2016-06-23,Rice,3,Ahmednagar,FAQ,Karjat,4400,2000,3000,Maharashtra,Other
2016-06-24,Rice,3,Sholapur,FAQ,Solapur,5700,2220,3305,Maharashtra,Other
2016-06-25,Rice,3,Kolhapur,FAQ,Kolhapur(Laxmipuri),4900,2050,3750,Maharashtra,1009 Kar
2016-06-25,Rice,3,Raigad,FAQ,Alibagh,4500,3500,4000,Maharashtra,Other
2016-06-27,Rice,3,Sangli,FAQ,Sangli,5500,2000,4200,Maharashtra,Other
2016-06-27,Rice,3,Raigad,FAQ,Murud,3500,2500,3000,Maharashtra,Other
2016-06-27,Rice,3,Thane,FAQ,Ulhasnagar,5000,2000,4000,Maharashtra,Other
2016-06-28,Rice,3,Raigad,FAQ,Pen,6050,3550,4080,Maharashtra,Other
2016-06-29,Rice,3,Pune,FAQ,Nira(Saswad),3200,3000,3100,Maharashtra,Other
2016-06-29,Rice,3,Sholapur,FAQ,Solapur,5700,2240,3330,Maharashtra,Other
2016-06-29,Rice,3,Thane,FAQ,Vasai,4380,2100,2650,Maharashtra,1009 Kar
2016-06-30,Rice,3,Thane,FAQ,Ulhasnagar,5000,2000,3500,Maharashtra,Other
2016-06-30,Rice,3,Raigad,FAQ,Pen,6050,3550,4080,Maharashtra,Other
2016-06-30,Rice,3,Raigad,FAQ,Mangaon,3800,1800,2800,Maharashtra,Other
2016-06-30,Rice,3,Raigad,FAQ,Murud,3500,2500,3000,Maharashtra,Other
2016-07-01,Rice,3,Raigad,FAQ,Mangaon,3500,1800,2800,Maharashtra,Other
2016-07-01,Rice,3,Raigad,FAQ,Alibagh,4500,3500,4000,Maharashtra,Other
2016-07-02,Rice,3,Thane,FAQ,Bhivandi,3500,2100,2800,Maharashtra,1009 Kar
2016-07-02,Rice,3,Bhandara,FAQ,Bhandara,3810,3800,3805,Maharashtra,Other
2016-07-02,Rice,3,Thane,FAQ,Vasai,4400,2150,2780,Maharashtra,1009 Kar
2016-07-02,Rice,3,Raigad,FAQ,Pen,6050,3550,4070,Maharashtra,Other
2016-07-02,Rice,3,Sangli,FAQ,Sangli,5500,2000,4500,Maharashtra,Other
2016-07-04,Rice,3,Bhandara,FAQ,Bhandara,4030,3250,3740,Maharashtra,Other
2016-07-04,Rice,3,Thane,FAQ,Palghar,2120,2120,2120,Maharashtra,1009 Kar
2016-07-05,Rice,3,Thane,FAQ,Bhivandi,5000,2100,3500,Maharashtra,1009 Kar
2016-07-05,Rice,3,Sholapur,FAQ,Solapur,5700,2200,3290,Maharashtra,Other
2016-07-06,Rice,3,Raigad,FAQ,Alibagh,4500,3500,4000,Maharashtra,Other
2016-07-06,Rice,3,Thane,FAQ,Palghar,3296,3296,3296,Maharashtra,1009 Kar
2016-07-06,Rice,3,Thane,FAQ,Bhivandi,3500,2000,2400,Maharashtra,1009 Kar
2016-07-07,Rice,3,Thane,FAQ,Palghar,2390,2390,2390,Maharashtra,1009 Kar
2016-07-07,Rice,3,Raigad,FAQ,Mangaon,3500,1800,2800,Maharashtra,Other
2016-07-07,Rice,3,Thane,FAQ,Bhivandi,3500,2100,2600,Maharashtra,1009 Kar
2016-07-07,Rice,3,Nagpur,FAQ,Umared,4000,2000,3500,Maharashtra,Other
2016-07-07,Rice,3,Sholapur,FAQ,Solapur,5700,2225,3300,Maharashtra,Other
2016-07-07,Rice,3,Mumbai,FAQ,Mumbai,5200,2200,3700,Maharashtra,Other
2016-07-08,Rice,3,Raigad,FAQ,Pen,6050,3550,4070,Maharashtra,Other
2016-07-11,Rice,3,Thane,FAQ,Palghar,2250,2250,2250,Maharashtra,1009 Kar
2016-07-12,Rice,3,Raigad,FAQ,Pen,6050,3550,4070,Maharashtra,Other
2016-07-12,Rice,3,Bhandara,FAQ,Bhandara,4030,3850,4000,Maharashtra,Other
2016-07-13,Rice,3,Sangli,FAQ,Sangli,6000,2000,4500,Maharashtra,Other
2016-07-13,Rice,3,Raigad,FAQ,Alibagh,4500,3500,4000,Maharashtra,Other
2016-07-14,Rice,3,Sholapur,FAQ,Solapur,5700,2220,3290,Maharashtra,Other
2016-07-14,Rice,3,Nagpur,FAQ,Umared,4000,2000,3500,Maharashtra,Other
2016-07-14,Rice,3,Raigad,FAQ,Pen,6050,3550,4080,Maharashtra,Other
2016-07-14,Rice,3,Raigad,FAQ,Alibagh,4500,3500,4000,Maharashtra,Other
2016-07-14,Rice,3,Kolhapur,FAQ,Kolhapur(Laxmipuri),5100,2250,4000,Maharashtra,1009 Kar
2016-07-14,Rice,3,Thane,FAQ,Bhivandi,4500,2500,3000,Maharashtra,1009 Kar
2016-07-15,Rice,3,Raigad,FAQ,Pen,6050,3550,4070,Maharashtra,Other
2016-07-15,Rice,3,Raigad,FAQ,Khalapur (Shil-Phata),7200,2600,3600,Maharashtra,Other
2016-07-17,Rice,3,Bhandara,FAQ,Tumsar,1821,1821,1821,Maharashtra,Other
2016-07-17,Rice,3,Ahmednagar,FAQ,Karjat,4400,2000,3000,Maharashtra,Other
2016-07-18,Rice,3,Ahmednagar,FAQ,Karjat,4400,2000,3000,Maharashtra,Other
2016-07-18,Rice,3,Thane,FAQ,Vasai,4500,2100,2840,Maharashtra,1009 Kar
2016-07-18,Rice,3,Raigad,FAQ,Murud,3500,2500,3000,Maharashtra,Other
2016-07-18,Rice,3,Raigad,FAQ,Mangaon,3800,1800,2800,Maharashtra,Other
2016-07-19,Rice,3,Thane,FAQ,Ulhasnagar,5000,2000,3500,Maharashtra,Other
2016-07-19,Rice,3,Gadchiroli,FAQ,Aheri,4000,4000,4000,Maharashtra,Other
2016-07-19,Rice,3,Kolhapur,FAQ,Kolhapur(Laxmipuri),5400,2200,3800,Maharashtra,1009 Kar
2016-07-19,Rice,3,Raigad,FAQ,Murud,3500,2500,3000,Maharashtra,Other
2016-07-20,Rice,3,Sholapur,FAQ,Solapur,5710,2210,3280,Maharashtra,Other
2016-07-21,Rice,3,Ahmednagar,FAQ,Karjat,4400,2000,3000,Maharashtra,Other
2016-07-21,Rice,3,Thane,FAQ,Palghar,3075,3075,3075,Maharashtra,1009 Kar
2016-07-21,Rice,3,Bhandara,FAQ,Bhandara,3680,3640,3655,Maharashtra,Other
2016-07-21,Rice,3,Raigad,FAQ,Alibagh,4500,3500,4000,Maharashtra,Other
2016-07-21,Rice,3,Thane,FAQ,Bhivandi,4500,2100,3000,Maharashtra,1009 Kar
2016-07-22,Rice,3,Raigad,FAQ,Alibagh,4500,3500,4000,Maharashtra,Other
2016-07-22,Rice,3,Thane,FAQ,Palghar,2200,2200,2200,Maharashtra,1009 Kar
2016-07-23,Rice,3,Raigad,FAQ,Alibagh,4500,3500,4000,Maharashtra,Other
2016-07-23,Rice,3,Bhandara,FAQ,Bhandara,3720,3720,3720,Maharashtra,Other
2016-07-23,Rice,3,Ahmednagar,FAQ,Karjat,6000,2000,3000,Maharashtra,Other
2016-07-25,Rice,3,Raigad,FAQ,Pen,6050,3550,4070,Maharashtra,Other
2016-07-25,Rice,3,Sangli,FAQ,Sangli,6000,2000,4500,Maharashtra,Other
2016-07-26,Rice,3,Sangli,FAQ,Sangli,5500,1700,4500,Maharashtra,Other
2016-07-26,Rice,3,Raigad,FAQ,Murud,4500,3500,4000,Maharashtra,Other
2016-07-26,Rice,3,Bhandara,FAQ,Tumsar,1850,1850,1850,Maharashtra,Other
2016-07-27,Rice,3,Raigad,FAQ,Murud,3500,2500,3000,Maharashtra,Other
2016-07-28,Rice,3,Raigad,FAQ,Murud,3500,2500,3000,Maharashtra,Other
2016-07-28,Rice,3,Nagpur,FAQ,Umared,3850,2000,3500,Maharashtra,Other
2016-07-30,Rice,3,Bhandara,FAQ,Tumsar,3600,3600,3600,Maharashtra,Other
2016-07-30,Rice,3,Sholapur,FAQ,Solapur,5680,2215,3260,Maharashtra,Other
2016-07-30,Rice,3,Latur,FAQ,Ahmedpur,1500,1411,1500,Maharashtra,Other
2016-08-01,Rice,3,Kolhapur,FAQ,Kolhapur(Laxmipuri),5000,2300,3500,Maharashtra,1009 Kar
2016-08-01,Rice,3,Sholapur,FAQ,Solapur,5675,2210,3260,Maharashtra,Other
2016-08-02,Rice,3,Bhandara,FAQ,Bhandara,1550,1550,1550,Maharashtra,Other
2016-08-02,Rice,3,Thane,FAQ,Ulhasnagar,5000,2000,3500,Maharashtra,Other
2016-08-02,Rice,3,Thane,FAQ,Bhivandi,3500,2100,2200,Maharashtra,1009 Kar
2016-08-02,Rice,3,Raigad,FAQ,Mangaon,3800,1900,2500,Maharashtra,Other
2016-08-02,Rice,3,Raigad,FAQ,Alibagh,4500,3500,4000,Maharashtra,Other
2016-08-02,Rice,3,Thane,FAQ,Palghar,2601,2601,2601,Maharashtra,1009 Kar
2016-08-02,Rice,3,Jalgaon,FAQ,Raver,1600,1600,1600,Maharashtra,Other
2016-08-03,Rice,3,Raigad,FAQ,Pen,6050,3550,4070,Maharashtra,Other
2016-08-04,Rice,3,Raigad,FAQ,Mangaon,3500,1800,2800,Maharashtra,Other
2016-08-04,Rice,3,Bhandara,FAQ,Bhandara,3700,3700,3700,Maharashtra,Other
2016-08-05,Rice,3,Raigad,FAQ,Murud,3500,2500,3000,Maharashtra,Other
2016-08-05,Rice,3,Akola,FAQ,Akola,5300,2450,3875,Maharashtra,1009 Kar
2016-08-05,Rice,3,Thane,FAQ,Ulhasnagar,5000,2000,3500,Maharashtra,Other
2016-08-06,Rice,3,Latur,FAQ,Ahmedpur,1380,1300,1380,Maharashtra,Other
2016-08-07,Rice,3,Thane,FAQ,Palghar,3030,3030,3030,Maharashtra,1009 Kar
2016-08-08,Rice,3,Raigad,FAQ,Pen,6050,3550,4080,Maharashtra,Other
2016-08-08,Rice,3,Raigad,FAQ,Murud,3500,2500,3000,Maharashtra,Other
2016-08-08,Rice,3,Sangli,FAQ,Sangli,5800,2000,4500,Maharashtra,Other
2016-08-08,Rice,3,Raigad,FAQ,Mangaon,3700,1900,2900,Maharashtra,Other
2016-08-08,Rice,3,Ahmednagar,FAQ,Karjat,4400,2000,3000,Maharashtra,Other
2016-08-08,Rice,3,Kolhapur,FAQ,Kolhapur(Laxmipuri),5100,2200,3400,Maharashtra,1009 Kar
2016-08-08,Rice,3,Thane,FAQ,Bhivandi,2900,2400,2700,Maharashtra,1009 Kar
2016-08-09,Rice,3,Ahmednagar,FAQ,Karjat,4400,2000,3000,Maharashtra,Other
2016-08-09,Rice,3,Bhandara,FAQ,Bhandara,3800,3590,3715,Maharashtra,Other
2016-08-09,Rice,3,Thane,FAQ,Ulhasnagar,4100,2000,3000,Maharashtra,Other
2016-08-09,Rice,3,Thane,FAQ,Bhivandi,3300,2170,2640,Maharashtra,1009 Kar
2016-08-10,Rice,3,Kolhapur,FAQ,Kolhapur(Laxmipuri),5100,2300,3400,Maharashtra,1009 Kar
2016-08-10,Rice,3,Ahmednagar,FAQ,Karjat,4400,2000,3000,Maharashtra,Other
2016-08-10,Rice,3,Thane,FAQ,Bhivandi,3300,2170,2630,Maharashtra,1009 Kar
2016-08-10,Rice,3,Raigad,FAQ,Pen,6050,3550,4070,Maharashtra,Other
2016-08-11,Rice,3,Bhandara,FAQ,Tumsar,3500,2850,2960,Maharashtra,Other
2016-08-11,Rice,3,Ahmednagar,FAQ,Karjat,6000,2000,3000,Maharashtra,Other
2016-08-11,Rice,3,Thane,FAQ,Bhivandi,3080,2170,2640,Maharashtra,1009 Kar
2016-08-11,Rice,3,Sholapur,FAQ,Solapur,5600,2215,3230,Maharashtra,Other
2016-08-12,Rice,3,Thane,FAQ,Palghar,3570,2050,2724,Maharashtra,1009 Kar
2016-08-12,Rice,3,Raigad,FAQ,Mangaon,3800,1900,2800,Maharashtra,Other
2016-08-12,Rice,3,Raigad,FAQ,Pen,6050,3550,4060,Maharashtra,Other
2016-08-12,Rice,3,Sholapur,FAQ,Solapur,5605,2210,3235,Maharashtra,Other
2016-08-12,Rice,3,Raigad,FAQ,Khalapur (Shil-Phata),7000,2500,3700,Maharashtra,Other
2016-08-13,Rice,3,Sangli,FAQ,Sangli,6000,2000,4500,Maharashtra,Other
2016-08-13,Rice,3,Sholapur,FAQ,Solapur,5610,2215,3230,Maharashtra,Other
2016-08-15,Rice,3,Ahmednagar,FAQ,Karjat,4400,2000,3000,Maharashtra,Other
2016-08-16,Rice,3,Bhandara,FAQ,Bhandara,3690,3500,3635,Maharashtra,Other
2016-08-16,Rice,3,Raigad,FAQ,Alibagh,4500,3500,4000,Maharashtra,Other
2016-08-16,Rice,3,Raigad,FAQ,Pen,6050,3550,4080,Maharashtra,Other
2016-08-17,Rice,3,Sholapur,FAQ,Solapur,5585,2210,3205,Maharashtra,Other
2016-08-17,Rice,3,Sangli,FAQ,Sangli,5500,2100,4500,Maharashtra,Other
2016-08-18,Rice,3,Thane,FAQ,Palghar,3210,2900,3200,Maharashtra,1009 Kar
2016-08-18,Rice,3,Raigad,FAQ,Murud,3500,2500,3000,Maharashtra,Other
2016-08-18,Rice,3,Thane,FAQ,Vasai,2520,2520,2520,Maharashtra,1009 Kar
2016-08-19,Rice,3,Thane,FAQ,Bhivandi,4500,2200,2400,Maharashtra,1009 Kar
2016-08-19,Rice,3,Mumbai,FAQ,Mumbai,5000,2200,3600,Maharashtra,Other
2016-08-20,Rice,3,Thane,FAQ,Palghar,4801,3550,4400,Maharashtra,1009 Kar
2016-08-20,Rice,3,Sangli,FAQ,Sangli,5500,2000,4500,Maharashtra,Other
2016-08-20,Rice,3,Raigad,FAQ,Alibagh,4500,3500,4000,Maharashtra,Other
2016-08-20,Rice,3,Raigad,FAQ,Murud,3500,2500,3000,Maharashtra,Other
2016-08-22,Rice,3,Sangli,FAQ,Sangli,6000,2000,4500,Maharashtra,Other
2016-08-22,Rice,3,Thane,FAQ,Bhivandi,2850,2400,2600,Maharashtra,1009 Kar
2016-08-22,Rice,3,Raigad,FAQ,Murud,3500,2500,3000,Maharashtra,Other
2016-08-22,Rice,3,Sholapur,FAQ,Solapur,5580,2230,3210,Maharashtra,Other
2016-08-23,Rice,3,Thane,FAQ,Palghar,3885,2801,3205,Maharashtra,1009 Kar
2016-08-23,Rice,3,Sangli,FAQ,Sangli,6000,2000,4500,Maharashtra,Other
2016-08-24,Rice,3,Sholapur,FAQ,Solapur,5565,2230,3210,Maharashtra,Other
2016-08-24,Rice,3,Thane,FAQ,Bhivandi,2800,2350,2550,Maharashtra,1009 Kar
2016-08-26,Rice,3,Thane,FAQ,Bhivandi,2650,2400,2470,Maharashtra,1009 Kar
2016-08-27,Rice,3,Thane,FAQ,Palghar,2890,1900,2366,Maharashtra,1009 Kar
2016-08-27,Rice,3,Sangli,FAQ,Sangli,5200,2000,4500,Maharashtra,Other
2016-08-27,Rice,3,Jalgaon,FAQ,Pachora,1400,1400,1400,Maharashtra,1009 Kar
2016-08-27,Rice,3,Thane,FAQ,Bhivandi,3350,2380,2600,Maharashtra,1009 Kar
2016-08-28,Rice,3,Pune,FAQ,Indapur(Bhigwan),1691,1460,1690,Maharashtra,1009 Kar
2016-08-29,Rice,3,Raigad,FAQ,Murud,3500,2500,3000,Maharashtra,Other
2016-08-30,Rice,3,Bhandara,FAQ,Tumsar,3200,1661,3200,Maharashtra,Other
2016-08-30,Rice,3,Sangli,FAQ,Sangli,5500,2000,4500,Maharashtra,Other
2016-09-01,Rice,3,Sangli,FAQ,Sangli,5500,2000,4500,Maharashtra,Other
2016-09-01,Rice,3,Kolhapur,FAQ,Kolhapur(Laxmipuri),5000,2100,3600,Maharashtra,1009 Kar
2016-09-02,Rice,3,Kolhapur,FAQ,Kolhapur(Laxmipuri),5000,2100,3600,Maharashtra,1009 Kar
2016-09-02,Rice,3,Thane,FAQ,Ulhasnagar,4000,2000,3000,Maharashtra,Other
2016-09-02,Rice,3,Thane,FAQ,Vasai,4623,1750,2680,Maharashtra,1009 Kar
2016-09-03,Rice,3,Nagpur,FAQ,Umared,3700,2000,3500,Maharashtra,Other
2016-09-03,Rice,3,Thane,FAQ,Vasai,4700,2140,2840,Maharashtra,1009 Kar
2016-09-03,Rice,3,Bhandara,FAQ,Tumsar,2411,1650,1900,Maharashtra,Other
2016-09-03,Rice,3,Raigad,FAQ,Pen,6050,3550,4080,Maharashtra,Other
2016-09-06,Rice,3,Raigad,FAQ,Alibagh,4500,3500,4000,Maharashtra,Other
2016-09-06,Rice,3,Thane,FAQ,Palghar,3850,2977,3111,Maharashtra,1009 Kar
2016-09-06,Rice,3,Bhandara,FAQ,Tumsar,2900,1701,2401,Maharashtra,Other
2016-09-07,Rice,3,Nandurbar,FAQ,Nandurbar,2500,2500,2500,Maharashtra,1009 Kar
2016-09-07,Rice,3,Raigad,FAQ,Mangaon,3800,1800,2800,Maharashtra,Other
2016-09-07,Rice,3,Raigad,FAQ,Murud,3500,2500,3000,Maharashtra,Other
2016-09-07,Rice,3,Sholapur,FAQ,Solapur,5495,2215,3275,Maharashtra,Other
2016-09-07,Rice,3,Sangli,FAQ,Sangli,5500,2000,4500,Maharashtra,Other
2016-09-07,Rice,3,Thane,FAQ,Vasai,2100,2100,2100,Maharashtra,1009 Kar
2016-09-08,Rice,3,Raigad,FAQ,Pen,6050,3550,4070,Maharashtra,Other
2016-09-08,Rice,3,Nagpur,FAQ,Umared,4000,2000,3500,Maharashtra,Other
2016-09-08,Rice,3,Thane,FAQ,Bhivandi,3500,2200,2460,Maharashtra,1009 Kar
2016-09-09,Rice,3,Raigad,FAQ,Pen,6050,3550,4080,Maharashtra,Other
2016-09-09,Rice,3,Raigad,FAQ,Alibagh,4500,3500,4000,Maharashtra,Other
2016-09-09,Rice,3,Thane,FAQ,Bhivandi,3500,2180,2400,Maharashtra,1009 Kar
2016-09-09,Rice,3,Thane,FAQ,Palghar,2575,2575,2575,Maharashtra,1009 Kar
2016-09-09,Rice,3,Sholapur,FAQ,Solapur,5500,2210,3205,Maharashtra,Other
2016-09-10,Rice,3,Sangli,FAQ,Sangli,5500,2000,4500,Maharashtra,Other
2016-09-11,Rice,3,Ahmednagar,FAQ,Karjat,4400,2000,3000,Maharashtra,Other
2016-09-12,Rice,3,Thane,FAQ,Bhivandi,3400,2200,2500,Maharashtra,1009 Kar
2016-09-12,Rice,3,Bhandara,FAQ,Tumsar,3300,2311,3200,Maharashtra,Other
2016-09-12,Rice,3,Kolhapur,FAQ,Kolhapur(Laxmipuri),4800,2100,3000,Maharashtra,1009 Kar
2016-09-13,Rice,3,Raigad,FAQ,Alibagh,4500,3500,4000,Maharashtra,Other
2016-09-14,Rice,3,Raigad,FAQ,Alibagh,4500,3500,4000,Maharashtra,Other
2016-09-14,Rice,3,Thane,FAQ,Vasai,4500,1860,2700,Maharashtra,1009 Kar
2016-09-15,Rice,3,Sangli,FAQ,Sangli,6000,2000,4500,Maharashtra,Other
2016-09-16,Rice,3,Thane,FAQ,Palghar,3202,2050,2626,Maharashtra,1009 Kar
2016-09-16,Rice,3,Kolhapur,FAQ,Kolhapur(Laxmipuri),4800,2100,3000,Maharashtra,1009 Kar
2016-09-16,Rice,3,Gadchiroli,FAQ,Aheri,1800,1800,1800,Maharashtra,Other
2016-09-16,Rice,3,Sholapur,FAQ,Solapur,5525,2220,3220,Maharashtra,Other
2016-09-16,Rice,3,Thane,FAQ,Vasai,4700,1940,2680,Maharashtra,1009 Kar
2016-09-17,Rice,3,Bhandara,FAQ,Bhandara,3800,3250,3625,Maharashtra,Other
2016-09-17,Rice,3,Sholapur,FAQ,Solapur,5535,2225,3225,Maharashtra,Other
2016-09-17,Rice,3,Jalgaon,FAQ,Pachora,1371,1371,1371,Maharashtra,1009 Kar
2016-09-18,Rice,3,Bhandara,FAQ,Tumsar,3100,1671,3100,Maharashtra,Other
2016-09-18,Rice,3,Pune,FAQ,Indapur(Bhigwan),1721,1711,1720,Maharashtra,1009 Kar
2016-09-19,Rice,3,Raigad,FAQ,Murud,3500,2500,3000,Maharashtra,Other
2016-09-19,Rice,3,Mumbai,FAQ,Mumbai,5300,2200,3700,Maharashtra,Other
2016-09-19,Rice,3,Kolhapur,FAQ,Kolhapur(Laxmipuri),4900,2100,3000,Maharashtra,1009 Kar
2016-09-19,Rice,3,Thane,FAQ,Palghar,3202,1910,2556,Maharashtra,1009 Kar
2016-09-20,Rice,3,Raigad,FAQ,Mangaon,3700,1900,2800,Maharashtra,Other
2016-09-20,Rice,3,Raigad,FAQ,Alibagh,4500,3500,4000,Maharashtra,Other
2016-09-21,Rice,3,Raigad,FAQ,Murud,3500,2500,3000,Maharashtra,Other
2016-09-21,Rice,3,Kolhapur,FAQ,Kolhapur(Laxmipuri),4900,2100,3000,Maharashtra,1009 Kar
2016-09-22,Rice,3,Nagpur,FAQ,Umared,4000,2000,3500,Maharashtra,Other
2016-09-22,Rice,3,Bhandara,FAQ,Bhandara,3660,3360,3570,Maharashtra,Other
2016-09-22,Rice,3,Sangli,FAQ,Sangli,5500,2000,4500,Maharashtra,Other
2016-09-23,Rice,3,Thane,FAQ,Bhivandi,3500,2560,3200,Maharashtra,1009 Kar
2016-09-23,Rice,3,Sholapur,FAQ,Solapur,5400,2200,3205,Maharashtra,Other
2016-09-26,Rice,3,Bhandara,FAQ,Bhandara,3680,3500,3630,Maharashtra,Other
2016-09-26,Rice,3,Thane,FAQ,Vasai,2810,2810,2810,Maharashtra,1009 Kar
2016-09-26,Rice,3,Kolhapur,FAQ,Kolhapur(Laxmipuri),5000,2100,3000,Maharashtra,1009 Kar
2016-09-26,Rice,3,Raigad,FAQ,Murud,1500,1450,1475,Maharashtra,Other
2016-09-26,Rice,3,Sangli,FAQ,Sangli,5500,2000,4500,Maharashtra,Other
2016-09-26,Rice,3,Nashik,FAQ,Lasalgaon,1851,1851,1851,Maharashtra,1009 Kar
2016-09-26,Rice,3,Jalgaon,FAQ,Pachora,1390,1361,1375,Maharashtra,1009 Kar
2016-09-26,Rice,3,Raigad,FAQ,Pen,6050,3550,4070,Maharashtra,Other
2016-09-26,Rice,3,Sholapur,FAQ,Solapur,5450,2225,3175,Maharashtra,Other
2016-09-27,Rice,3,Thane,FAQ,Bhivandi,3500,2150,2450,Maharashtra,1009 Kar
2016-09-27,Rice,3,Ahmednagar,FAQ,Karjat,4400,2000,3000,Maharashtra,Other
2016-09-27,Rice,3,Raigad,FAQ,Pen,6050,3550,4070,Maharashtra,Other
2016-09-27,Rice,3,Sholapur,FAQ,Solapur,5445,2220,3170,Maharashtra,Other
2016-09-28,Rice,3,Thane,FAQ,Bhivandi,3490,2500,3000,Maharashtra,1009 Kar
2016-09-28,Rice,3,Kolhapur,FAQ,Kolhapur(Laxmipuri),5000,2100,3000,Maharashtra,1009 Kar
2016-09-29,Rice,3,Raigad,FAQ,Pen,6050,3550,4080,Maharashtra,Other
2016-09-29,Rice,3,Jalgaon,FAQ,Raver,1300,1300,1300,Maharashtra,Other
2016-09-29,Rice,3,Mumbai,FAQ,Mumbai,5300,2200,3750,Maharashtra,Other
2016-09-30,Rice,3,Raigad,FAQ,Murud,3500,2500,3000,Maharashtra,Other
2016-09-30,Rice,3,Raigad,FAQ,Pen,6050,3550,4070,Maharashtra,Other
2016-10-01,Rice,3,Thane,FAQ,Bhivandi,3500,2260,2800,Maharashtra,1009 Kar
2016-10-01,Rice,3,Sholapur,FAQ,Solapur,5425,2205,3150,Maharashtra,Other
2016-10-02,Rice,3,Thane,FAQ,Palghar,3200,2000,3023,Maharashtra,1009 Kar
2016-10-04,Rice,3,Thane,FAQ,Bhivandi,3400,2200,2600,Maharashtra,1009 Kar
2016-10-04,Rice,3,Nashik,FAQ,Lasalgaon,1741,1600,1601,Maharashtra,1009 Kar
2016-10-04,Rice,3,Ahmednagar,FAQ,Karjat,4400,2000,3000,Maharashtra,Other
2016-10-04,Rice,3,Raigad,FAQ,Alibagh,4500,3500,4000,Maharashtra,Other
2016-10-05,Rice,3,Raigad,FAQ,Murud,3500,2500,3000,Maharashtra,Other
2016-10-06,Rice,3,Ahmednagar,FAQ,Karjat,4400,2000,3000,Maharashtra,Other
2016-10-06,Rice,3,Raigad,FAQ,Mangaon,3500,1800,2800,Maharashtra,Other
2016-10-06,Rice,3,Raigad,FAQ,Murud,3500,2500,3000,Maharashtra,Other
2016-10-07,Rice,3,Raigad,FAQ,Murud,3500,2500,3000,Maharashtra,Other
2016-10-07,Rice,3,Bhandara,FAQ,Bhandara,3900,3500,3800,Maharashtra,Other
2016-10-07,Rice,3,Thane,FAQ,Ulhasnagar,4000,2000,3000,Maharashtra,Other
2016-10-07,Rice,3,Thane,FAQ,Palghar,3850,2052,2936,Maharashtra,1009 Kar
2016-10-08,Rice,3,Raigad,FAQ,Murud,3500,2500,3000,Maharashtra,Other
2016-10-08,Rice,3,Raigad,FAQ,Pen,6050,3550,4080,Maharashtra,Other
2016-10-08,Rice,3,Sangli,FAQ,Sangli,6000,2000,4500,Maharashtra,Other
2016-10-08,Rice,3,Bhandara,FAQ,Tumsar,3400,1641,2500,Maharashtra,Other
2016-10-09,Rice,3,Ahmednagar,FAQ,Karjat,4400,2000,3000,Maharashtra,Other
2016-10-10,Rice,3,Sholapur,FAQ,Solapur,5410,2210,3115,Maharashtra,Other
2016-10-12,Rice,3,Pune,FAQ,Nira(Saswad),3000,2450,2725,Maharashtra,Other
2016-10-13,Rice,3,Thane,FAQ,Palghar,4645,2796,4551,Maharashtra,1009 Kar
2016-10-13,Rice,3,Raigad,FAQ,Pen,6050,3550,4080,Maharashtra,Other
2016-10-15,Rice,3,Sangli,FAQ,Sangli,6000,2100,4500,Maharashtra,Other
2016-10-15,Rice,3,Raigad,FAQ,Mangaon,3500,1800,2800,Maharashtra,Other
2016-10-15,Rice,3,Raigad,FAQ,Murud,3500,2500,3000,Maharashtra,Other
2016-10-18,Rice,3,Raigad,FAQ,Pen,6050,3550,4070,Maharashtra,Other
2016-10-18,Rice,3,Gadchiroli,FAQ,Aheri,4000,4000,4000,Maharashtra,Other
2016-10-19,Rice,3,Thane,FAQ,Palghar,3087,3087,3087,Maharashtra,1009 Kar
2016-10-19,Rice,3,Ahmednagar,FAQ,Karjat,4400,2000,3000,Maharashtra,Other
2016-10-19,Rice,3,Sangli,FAQ,Sangli,5500,2000,4500,Maharashtra,Other
2016-10-20,Rice,3,Ahmednagar,FAQ,Karjat,4400,2000,3000,Maharashtra,Other
2016-10-20,Rice,3,Sangli,FAQ,Sangli,6000,2000,4500,Maharashtra,Other
2016-10-21,Rice,3,Raigad,FAQ,Alibagh,4500,3500,4000,Maharashtra,Other
2016-10-21,Rice,3,Thane,FAQ,Bhivandi,3300,2500,2650,Maharashtra,1009 Kar
2016-10-23,Rice,3,Ahmednagar,FAQ,Karjat,4400,2000,3000,Maharashtra,Other
2016-10-24,Rice,3,Bhandara,FAQ,Lakhandur,1650,1650,1650,Maharashtra,Other
2016-10-25,Rice,3,Kolhapur,FAQ,Kolhapur(Laxmipuri),4850,2100,3000,Maharashtra,1009 Kar
2016-10-25,Rice,3,Sholapur,FAQ,Solapur,5305,2205,3105,Maharashtra,Other
2016-10-25,Rice,3,Raigad,FAQ,Pen,6050,3550,3550,Maharashtra,Other
2016-10-26,Rice,3,Sangli,FAQ,Sangli,5500,2000,4500,Maharashtra,Other
2016-10-26,Rice,3,Bhandara,FAQ,Lakhandur,1650,1650,1650,Maharashtra,Other
2016-10-26,Rice,3,Kolhapur,FAQ,Kolhapur(Laxmipuri),4850,2100,3000,Maharashtra,1009 Kar
2016-10-27,Rice,3,Bhandara,FAQ,Tumsar,3500,2400,3500,Maharashtra,Other
2016-10-27,Rice,3,Nagpur,FAQ,Umared,4000,2000,3500,Maharashtra,Other
2016-10-28,Rice,3,Thane,FAQ,Palghar,3225,2250,2965,Maharashtra,1009 Kar
2016-10-28,Rice,3,Bhandara,FAQ,Lakhandur,1650,1650,1650,Maharashtra,Other
2016-10-28,Rice,3,Raigad,FAQ,Alibagh,4500,3500,4000,Maharashtra,Other
2016-10-29,Rice,3,Ahmednagar,FAQ,Karjat,4400,2000,3000,Maharashtra,Other
2016-11-01,Rice,3,Sholapur,FAQ,Solapur,5250,2210,3105,Maharashtra,Other
2016-11-02,Rice,3,Pune,FAQ,Nira(Saswad),3705,3000,3352,Maharashtra,Other
2016-11-03,Rice,3,Ahmednagar,FAQ,Karjat,4400,2000,3000,Maharashtra,Other
2016-11-03,Rice,3,Kolhapur,FAQ,Kolhapur(Laxmipuri),4800,2100,3000,Maharashtra,1009 Kar
2016-11-03,Rice,3,Sangli,FAQ,Sangli,5500,2000,4500,Maharashtra,Other
2016-11-03,Rice,3,Raigad,FAQ,Alibagh,4500,3500,4000,Maharashtra,Other
2016-11-03,Rice,3,Bhandara,FAQ,Lakhandur,1625,1625,1625,Maharashtra,Other
2016-11-04,Rice,3,Sholapur,FAQ,Solapur,5250,2205,3110,Maharashtra,Other
2016-11-04,Rice,3,Thane,FAQ,Palghar,3190,3190,3190,Maharashtra,1009 Kar
2016-11-05,Rice,3,Bhandara,FAQ,Lakhandur,1625,1625,1625,Maharashtra,Other
2016-11-05,Rice,3,Thane,FAQ,Bhivandi,3400,2100,2500,Maharashtra,1009 Kar
2016-11-05,Rice,3,Nagpur,FAQ,Umared,4000,2000,3500,Maharashtra,Other
2016-11-05,Rice,3,Raigad,FAQ,Murud,3500,2500,3000,Maharashtra,Other
2016-11-06,Rice,3,Nandurbar,FAQ,Navapur,1800,1800,1800,Maharashtra,1009 Kar
2016-11-06,Rice,3,Raigad,FAQ,Mangaon,3500,1800,2800,Maharashtra,Other
2016-11-07,Rice,3,Thane,FAQ,Palghar,3190,1900,1950,Maharashtra,1009 Kar
2016-11-08,Rice,3,Sangli,FAQ,Sangli,5500,2200,4500,Maharashtra,Other
2016-11-08,Rice,3,Raigad,FAQ,Murud,3500,2500,3000,Maharashtra,Other
2016-11-08,Rice,3,Bhandara,FAQ,Lakhandur,1625,1625,1625,Maharashtra,Other
2016-11-08,Rice,3,Raigad,FAQ,Alibagh,4500,3500,4000,Maharashtra,Other
2016-11-08,Rice,3,Raigad,FAQ,Pen,6050,3550,4080,Maharashtra,Other
2016-11-08,Rice,3,Gadchiroli,FAQ,Aheri,2000,2000,2000,Maharashtra,Other
2016-11-09,Rice,3,Raigad,FAQ,Murud,3500,2500,3000,Maharashtra,Other
2016-11-10,Rice,3,Ahmednagar,FAQ,Karjat,6000,2000,3000,Maharashtra,Other
2016-11-10,Rice,3,Kolhapur,FAQ,Kolhapur(Laxmipuri),5000,2100,3000,Maharashtra,1009 Kar
2016-11-10,Rice,3,Thane,FAQ,Bhivandi,3200,2100,2400,Maharashtra,1009 Kar
2016-11-10,Rice,3,Raigad,FAQ,Alibagh,4500,3500,4000,Maharashtra,Other
2016-11-11,Rice,3,Thane,FAQ,Palghar,2050,2050,2050,Maharashtra,1009 Kar
2016-11-11,Rice,3,Kolhapur,FAQ,Kolhapur(Laxmipuri),5000,2100,3000,Maharashtra,1009 Kar
2016-11-11,Rice,3,Sangli,FAQ,Sangli,5500,2100,4500,Maharashtra,Other
2016-11-11,Rice,3,Thane,FAQ,Bhivandi,3500,2200,2450,Maharashtra,1009 Kar
2016-11-12,Rice,3,Nagpur,FAQ,Umared,4000,2000,3500,Maharashtra,Other
2016-11-15,Rice,3,Thane,FAQ,Palghar,3801,2300,3150,Maharashtra,1009 Kar
2016-11-15,Rice,3,Raigad,FAQ,Alibagh,4500,3500,4000,Maharashtra,Other
2016-11-15,Rice,3,Raigad,FAQ,Murud,3500,2500,3000,Maharashtra,Other
2016-11-15,Rice,3,Raigad,FAQ,Pen,6050,3550,4080,Maharashtra,Other
2016-11-16,Rice,3,Kolhapur,FAQ,Kolhapur(Laxmipuri),4850,2100,3000,Maharashtra,1009 Kar
2016-11-16,Rice,3,Pune,FAQ,Nira(Saswad),3500,3000,3250,Maharashtra,Other
2016-11-16,Rice,3,Bhandara,FAQ,Lakhandur,1600,1600,1600,Maharashtra,Other
2016-11-16,Rice,3,Raigad,FAQ,Alibagh,4500,3500,4000,Maharashtra,Other
2016-11-16,Rice,3,Ahmednagar,FAQ,Karjat,4400,2000,3000,Maharashtra,Other
2016-11-17,Rice,3,Kolhapur,FAQ,Kolhapur(Laxmipuri),4850,2100,3000,Maharashtra,1009 Kar
2016-11-17,Rice,3,Bhandara,FAQ,Tumsar,1600,1600,1600,Maharashtra,Other
2016-11-17,Rice,3,Raigad,FAQ,Alibagh,4500,3500,4000,Maharashtra,Other
2016-11-18,Rice,3,Thane,FAQ,Bhivandi,3400,2200,2900,Maharashtra,1009 Kar
2016-11-19,Rice,3,Sangli,FAQ,Sangli,5500,2000,4500,Maharashtra,Other
2016-11-20,Rice,3,Thane,FAQ,Palghar,4000,4000,4000,Maharashtra,1009 Kar
2016-11-21,Rice,3,Thane,FAQ,Vasai,4725,2105,2820,Maharashtra,1009 Kar
2016-11-22,Rice,3,Dhule,FAQ,Sakri,2700,2700,2700,Maharashtra,Other
2016-11-22,Rice,3,Thane,FAQ,Palghar,5033,2035,3095,Maharashtra,1009 Kar
2016-11-23,Rice,3,Raigad,FAQ,Murud,3500,2500,3000,Maharashtra,Other
2016-11-23,Rice,3,Nandurbar,FAQ,Nandurbar,3000,3000,3000,Maharashtra,1009 Kar
2016-11-23,Rice,3,Raigad,FAQ,Mangaon,3900,1800,2900,Maharashtra,Other
2016-11-23,Rice,3,Raigad,FAQ,Alibagh,4500,3500,4000,Maharashtra,Other
2016-11-24,Rice,3,Raigad,FAQ,Pen,6050,3550,4080,Maharashtra,Other
2016-11-24,Rice,3,Raigad,FAQ,Mangaon,3800,1800,2800,Maharashtra,Other
2016-11-24,Rice,3,Thane,FAQ,Vasai,4580,1930,2740,Maharashtra,1009 Kar
2016-11-25,Rice,3,Thane,FAQ,Bhivandi,2250,1950,2100,Maharashtra,1009 Kar
2016-11-25,Rice,3,Thane,FAQ,Palghar,2770,2100,2655,Maharashtra,1009 Kar
2016-11-26,Rice,3,Nagpur,FAQ,Umared,4100,2000,3500,Maharashtra,Other
2016-11-26,Rice,3,Raigad,FAQ,Alibagh,1500,1480,1490,Maharashtra,Other
2016-11-29,Rice,3,Sholapur,FAQ,Solapur,5400,2370,3150,Maharashtra,Other
2016-11-29,Rice,3,Kolhapur,FAQ,Kolhapur(Laxmipuri),5000,2100,3000,Maharashtra,1009 Kar
2016-11-30,Rice,3,Sholapur,FAQ,Solapur,5405,2375,3155,Maharashtra,Other
2016-11-30,Rice,3,Thane,FAQ,Palghar,3050,2150,2800,Maharashtra,1009 Kar
2016-11-30,Rice,3,Kolhapur,FAQ,Kolhapur(Laxmipuri),5000,2100,3000,Maharashtra,1009 Kar
2016-11-30,Rice,3,Nashik,FAQ,Sinner,1700,1700,1700,Maharashtra,1009 Kar
2016-11-30,Rice,3,Thane,FAQ,Vasai,4670,2140,2770,Maharashtra,1009 Kar
2016-12-01,Rice,3,Raigad,FAQ,Pen,6050,3550,4050,Maharashtra,Other
2016-12-01,Rice,3,Sangli,FAQ,Sangli,5500,2200,4500,Maharashtra,Other
2016-12-01,Rice,3,Thane,FAQ,Vasai,4480,1970,2690,Maharashtra,1009 Kar
2016-12-02,Rice,3,Sangli,FAQ,Sangli,5800,2000,4500,Maharashtra,Other
2016-12-02,Rice,3,Sholapur,FAQ,Solapur,5415,2385,3165,Maharashtra,Other
2016-12-03,Rice,3,Dharashiv(Usmanabad),FAQ,Umarga,1250,1250,1250,Maharashtra,Other
2016-12-03,Rice,3,Bhandara,FAQ,Tumsar,3200,3200,3200,Maharashtra,Other
2016-12-03,Rice,3,Sholapur,FAQ,Solapur,5400,2390,3160,Maharashtra,Other
2016-12-03,Rice,3,Akola,FAQ,Akola,5500,4000,4200,Maharashtra,1009 Kar
2016-12-03,Rice,3,Ahmednagar,FAQ,Karjat,6000,2000,3000,Maharashtra,Other
2016-12-05,Rice,3,Thane,FAQ,Bhivandi,2200,1800,1900,Maharashtra,1009 Kar
2016-12-05,Rice,3,Raigad,FAQ,Alibagh,4500,3500,4000,Maharashtra,Other
2016-12-05,Rice,3,Ahmednagar,FAQ,Karjat,6000,2000,3000,Maharashtra,Other
2016-12-05,Rice,3,Bhandara,FAQ,Lakhandur,1600,1600,1600,Maharashtra,Other
2016-12-06,Rice,3,Nashik,FAQ,Lasalgaon(Niphad),1276,1276,1276,Maharashtra,1009 Kar
2016-12-06,Rice,3,Thane,FAQ,Vasai,4410,2105,2780,Maharashtra,1009 Kar
2016-12-07,Rice,3,Kolhapur,FAQ,Kolhapur(Laxmipuri),5100,2100,3000,Maharashtra,1009 Kar
2016-12-07,Rice,3,Raigad,FAQ,Alibagh,4500,3500,4000,Maharashtra,Other
2016-12-07,Rice,3,Raigad,FAQ,Pen,6080,3550,4040,Maharashtra,Other
2016-12-07,Rice,3,Thane,FAQ,Bhivandi,2500,2000,2200,Maharashtra,1009 Kar
2016-12-07,Rice,3,Ahmednagar,FAQ,Karjat,4400,2000,3000,Maharashtra,Other
2016-12-08,Rice,3,Raigad,FAQ,Alibagh,4500,3500,4000,Maharashtra,Other
2016-12-08,Rice,3,Sangli,FAQ,Sangli,5500,2300,4100,Maharashtra,Other
2016-12-08,Rice,3,Bhandara,FAQ,Tumsar,3160,3160,3160,Maharashtra,Other
2016-12-08,Rice,3,Akola,FAQ,Akola,5700,4100,4900,Maharashtra,1009 Kar
2016-12-08,Rice,3,Raigad,FAQ,Pen,6050,3550,4070,Maharashtra,Other
2016-12-09,Rice,3,Sangli,FAQ,Sangli,5500,2200,3850,Maharashtra,Other
2016-12-10,Rice,3,Sholapur,FAQ,Solapur,5405,2435,3165,Maharashtra,Other
2016-12-12,Rice,3,Sholapur,FAQ,Solapur,5410,2440,3165,Maharashtra,Other
2016-12-13,Rice,3,Sangli,FAQ,Sangli,6000,2100,4350,Maharashtra,Other
2016-12-13,Rice,3,Thane,FAQ,Bhivandi,3400,2000,2700,Maharashtra,1009 Kar
2016-12-13,Rice,3,Nandurbar,FAQ,Navapur,1800,1800,1800,Maharashtra,1009 Kar
2016-12-13,Rice,3,Kolhapur,FAQ,Kolhapur(Laxmipuri),5000,2200,3000,Maharashtra,1009 Kar
2016-12-14,Rice,3,Thane,FAQ,Vasai,4680,2050,2840,Maharashtra,1009 Kar
2016-12-14,Rice,3,Bhandara,FAQ,Lakhandur,1600,1600,1600,Maharashtra,Other
2016-12-14,Rice,3,Raigad,FAQ,Murud,3500,2500,3000,Maharashtra,Other
2016-12-14,Rice,3,Raigad,FAQ,Mangaon,3900,2000,2800,Maharashtra,Other
2016-12-15,Rice,3,Raigad,FAQ,Murud,3500,2500,3000,Maharashtra,Other
2016-12-15,Rice,3,Thane,FAQ,Palghar,2100,2100,2100,Maharashtra,1009 Kar
2016-12-16,Rice,3,Thane,FAQ,Palghar,3788,3273,3489,Maharashtra,1009 Kar
2016-12-16,Rice,3,Raigad,FAQ,Mangaon,3800,2000,2800,Maharashtra,Other
2016-12-16,Rice,3,Raigad,FAQ,Murud,3500,2500,3000,Maharashtra,Other
2016-12-17,Rice,3,Akola,FAQ,Akola,5600,3500,4550,Maharashtra,1009 Kar
2016-12-17,Rice,3,Raigad,FAQ,Alibagh,4500,3500,4000,Maharashtra,Other
2016-12-17,Rice,3,Nagpur,FAQ,Umared,4200,2000,3500,Maharashtra,Other
2016-12-17,Rice,3,Raigad,FAQ,Murud,3500,2500,3000,Maharashtra,Other
2016-12-18,Rice,3,Pune,FAQ,Indapur(Bhigwan),1756,1731,1741,Maharashtra,1009 Kar
2016-12-18,Rice,3,Pune,FAQ,Bhor,4000,3500,3800,Maharashtra,Other
2016-12-19,Rice,3,Raigad,FAQ,Pen,6050,3550,4050,Maharashtra,Other
2016-12-19,Rice,3,Akola,FAQ,Akola,4200,3000,3600,Maharashtra,1009 Kar
2016-12-19,Rice,3,Raigad,FAQ,Murud,3500,2500,3000,Maharashtra,Other
2016-12-20,Rice,3,Kolhapur,FAQ,Kolhapur(Laxmipuri),5000,2200,3000,Maharashtra,1009 Kar
2016-12-20,Rice,3,Raigad,FAQ,Pen,6050,3550,4080,Maharashtra,Other
2016-12-21,Rice,3,Thane,FAQ,Bhivandi,3400,2200,2700,Maharashtra,1009 Kar
2016-12-21,Rice,3,Raigad,FAQ,Alibagh,4500,3500,4000,Maharashtra,Other
2016-12-21,Rice,3,Akola,FAQ,Akola,5600,2800,4200,Maharashtra,1009 Kar
2016-12-22,Rice,3,Ahmednagar,FAQ,Karjat,4400,2000,3000,Maharashtra,Other
2016-12-22,Rice,3,Nagpur,FAQ,Umared,4200,2000,3500,Maharashtra,Other
2016-12-22,Rice,3,Raigad,FAQ,Murud,3500,2500,3000,Maharashtra,Other
2016-12-22,Rice,3,Thane,FAQ,Bhivandi,3200,2100,2600,Maharashtra,1009 Kar
2016-12-23,Rice,3,Thane,FAQ,Vasai,4710,2105,2890,Maharashtra,1009 Kar
2016-12-23,Rice,3,Sholapur,FAQ,Solapur,5340,2410,3105,Maharashtra,Other
2016-12-24,Rice,3,Bhandara,FAQ,Lakhandur,1600,1600,1600,Maharashtra,Other
2016-12-26,Rice,3,Sangli,FAQ,Sangli,5900,2200,4500,Maharashtra,Other
2016-12-26,Rice,3,Thane,FAQ,Vasai,4410,2080,2830,Maharashtra,1009 Kar
2016-12-27,Rice,3,Raigad,FAQ,Pen,6050,3550,4080,Maharashtra,Other
2016-12-27,Rice,3,Akola,FAQ,Akola,5600,3300,4450,Maharashtra,1009 Kar
2016-12-27,Rice,3,Sangli,FAQ,Sangli,5500,2000,4500,Maharashtra,Other
2016-12-28,Rice,3,Raigad,FAQ,Pen,6050,3550,4070,Maharashtra,Other
2016-12-28,Rice,3,Thane,FAQ,Palghar,3550,3550,3550,Maharashtra,1009 Kar
2016-12-28,Rice,3,Raigad,FAQ,Murud,3500,2500,3000,Maharashtra,Other
2016-12-29,Rice,3,Kolhapur,FAQ,Kolhapur(Laxmipuri),5000,2200,3000,Maharashtra,1009 Kar
2016-12-29,Rice,3,Bhandara,FAQ,Lakhandur,1650,1650,1650,Maharashtra,Other
2016-12-29,Rice,3,Bhandara,FAQ,Tumsar,3241,2200,3241,Maharashtra,Other
2016-12-30,Rice,3,Sholapur,FAQ,Solapur,5380,2425,3135,Maharashtra,Other
2016-12-30,Rice,3,Kolhapur,FAQ,Kolhapur(Laxmipuri),5000,2200,3000,Maharashtra,1009 Kar
2016-12-30,Rice,3,Sangli,FAQ,Sangli,6300,2200,4700,Maharashtra,Other
2016-12-31,Rice,3,Raigad,FAQ,Pen,6050,3550,4080,Maharashtra,Other
2016-12-31,Rice,3,Sangli,FAQ,Sangli,6400,2100,4600,Maharashtra,Other
